timestamp_us,gyro_x,gyro_y,gyro_z,accel_x,accel_y,accel_z,motor_id,motor_command
508026682,-0.854,1.463,0.793,-0.000,0.035,1.035,2,48
508027180,-0.854,1.463,0.793,-0.000,0.035,1.035,2,48
508028711,-0.854,1.524,0.793,-0.000,0.028,1.037,2,48
508029231,-0.915,1.585,0.732,0.000,0.028,1.040,2,48
508030700,-0.854,1.341,0.732,0.004,0.029,1.033,2,48
508031216,-0.671,1.524,0.793,-0.001,0.025,1.042,2,48
508032712,-0.854,1.585,0.854,0.001,0.028,1.039,2,48
508033234,-0.915,1.585,0.732,-0.001,0.024,1.037,2,48
508034222,-0.854,1.402,0.488,0.000,0.029,1.033,2,48
508035700,-1.037,1.524,0.488,-0.001,0.031,1.037,2,48
508036216,-1.159,1.463,0.549,0.001,0.027,1.036,2,48
508037708,-1.220,1.402,0.305,-0.005,0.029,1.043,2,48
508038223,-1.159,1.524,0.732,-0.002,0.023,1.042,2,48
508039700,-0.976,1.524,0.671,0.003,0.021,1.037,2,48
508040213,-1.159,1.341,0.610,0.003,0.021,1.037,2,48
508041700,-1.341,1.585,0.610,0.004,0.024,1.039,2,48
508042212,-1.341,1.585,0.610,0.004,0.024,1.039,2,48
508043700,-0.732,1.402,0.488,0.004,0.023,1.034,2,48
508044209,-0.610,1.463,0.244,-0.002,0.028,1.041,2,48
508045700,-0.854,1.402,0.244,-0.006,0.022,1.041,2,48
508046208,-1.037,1.646,0.488,0.000,0.031,1.044,2,48
508047700,-0.976,1.707,0.305,0.001,0.027,1.036,2,48
508048209,-0.976,1.707,0.305,0.001,0.027,1.036,2,48
508049708,-0.976,1.280,0.305,-0.005,0.027,1.039,2,48
508050218,-1.220,1.341,0.488,0.001,0.024,1.042,2,48
508051700,-1.220,1.341,0.305,-0.002,0.025,1.042,2,48
508052208,-1.220,1.463,0.427,0.001,0.031,1.040,2,48
508053700,-1.159,1.768,0.305,0.001,0.023,1.045,2,48
508054213,-1.159,1.768,0.305,0.001,0.023,1.045,2,48
508055708,-1.159,1.646,0.061,0.006,0.031,1.037,2,48
508056218,-1.159,1.646,0.061,0.006,0.031,1.037,2,48
508057700,-0.915,1.402,0.061,0.001,0.023,1.039,2,48
508058208,-1.159,1.402,0.122,0.002,0.030,1.036,2,48
508059700,-0.854,1.585,0.366,-0.002,0.023,1.042,2,48
508060210,-0.976,1.707,0.305,0.000,0.024,1.040,2,48
508061701,-1.220,1.402,0.122,-0.005,0.021,1.040,2,48
508062215,-1.220,1.402,0.122,-0.005,0.021,1.040,2,48
508063700,-1.159,1.341,0.122,0.000,0.021,1.030,2,48
508064213,-1.220,1.220,0.244,-0.003,0.033,1.038,2,48
508065700,-1.098,1.280,0.000,0.005,0.028,1.036,2,48
508066209,-1.037,1.524,0.122,0.001,0.025,1.034,2,48
508067708,-1.220,1.585,0.122,0.001,0.031,1.036,2,48
508068223,-1.220,1.585,0.122,0.001,0.031,1.036,2,48
508069707,-1.159,1.524,0.122,-0.002,0.027,1.042,2,48
508070227,-1.220,1.341,0.183,0.005,0.024,1.034,2,48
508071700,-1.341,1.402,0.122,0.003,0.022,1.034,2,48
508072213,-1.463,1.341,0.061,0.000,0.021,1.042,2,48
508073700,-1.463,1.159,0.061,0.002,0.026,1.035,2,48
508074208,-1.402,1.220,0.122,-0.004,0.033,1.043,2,48
508075700,-0.976,1.463,0.122,0.005,0.031,1.034,2,48
508076209,-0.976,1.463,0.122,0.005,0.031,1.034,2,48
508077439,-1.098,1.646,0.000,0.005,0.024,1.034,2,48
508078639,-1.220,1.707,0.000,0.004,0.021,1.038,2,58
508079618,-0.976,1.463,-0.122,0.000,0.026,1.043,2,58
508080638,-1.098,1.402,-0.366,0.003,0.031,1.039,2,58
508081567,-1.280,1.280,-0.122,0.005,0.031,1.036,2,58
508082639,-1.280,1.524,0.000,0.000,0.029,1.033,2,58
508083575,-1.037,1.524,0.000,-0.014,0.026,1.036,2,58
508084640,-0.854,1.524,0.122,-0.002,0.024,1.037,2,58
508085571,-0.854,1.402,0.122,-0.001,0.032,1.034,2,58
508086640,-1.037,1.463,0.061,-0.008,0.027,1.040,2,58
508087640,-1.037,1.402,-0.061,0.000,0.024,1.032,2,58
508088172,-1.159,1.463,0.000,-0.003,0.023,1.038,2,58
508089699,-1.037,1.341,0.000,0.000,0.027,1.034,2,58
508090212,-1.037,1.341,0.000,0.000,0.027,1.034,2,58
508091699,-0.976,1.463,0.061,-0.008,0.026,1.042,2,58
508092211,-1.098,1.463,0.061,0.001,0.029,1.041,2,58
508093707,-1.159,1.524,0.183,-0.003,0.026,1.035,2,58
508094233,-1.220,1.585,0.000,-0.004,0.028,1.033,2,58
508095700,-1.220,1.463,-0.183,0.000,0.025,1.040,2,58
508096217,-1.220,1.463,-0.183,0.000,0.025,1.040,2,58
508097699,-1.098,1.463,0.122,0.004,0.029,1.036,2,58
508098216,-1.098,1.524,0.061,-0.000,0.034,1.049,2,58
508099699,-1.341,1.585,0.183,-0.010,0.030,1.039,2,58
508100212,-1.341,1.585,0.122,-0.006,0.024,1.034,2,58
508101699,-1.159,1.402,0.122,0.002,0.025,1.033,2,58
508102212,-1.159,1.402,0.122,0.002,0.025,1.033,2,58
508103699,-1.280,1.585,0.061,-0.008,0.026,1.033,2,58
508104212,-1.463,1.463,0.061,0.002,0.025,1.038,2,58
508105699,-1.220,1.341,0.244,-0.005,0.027,1.042,2,58
508106216,-0.915,1.341,0.122,0.002,0.023,1.038,2,58
508107699,-0.671,1.159,0.000,0.002,0.022,1.034,2,58
508108218,-0.732,1.341,0.122,-0.002,0.026,1.040,2,58
508109699,-1.220,1.585,0.427,-0.005,0.022,1.044,2,58
508110212,-1.220,1.585,0.427,-0.005,0.022,1.044,2,58
508111699,-1.220,1.402,0.305,0.004,0.028,1.040,2,58
508112218,-1.098,1.524,0.427,-0.001,0.030,1.033,2,58
508113707,-1.280,1.463,0.366,0.001,0.021,1.034,2,58
508114234,-1.402,1.280,0.305,0.001,0.030,1.038,2,58
508115701,-1.098,1.341,0.488,0.001,0.019,1.038,2,58
508116215,-1.098,1.341,0.488,0.001,0.019,1.038,2,58
508117707,-1.280,1.707,0.610,-0.000,0.023,1.038,2,58
508118233,-0.976,1.524,0.488,-0.000,0.023,1.041,2,58
508119699,-0.854,1.585,0.244,0.002,0.023,1.042,2,58
508120218,-0.793,1.646,0.366,-0.005,0.025,1.037,2,58
508121699,-1.159,1.402,0.427,0.001,0.030,1.033,2,58
508122212,-1.159,1.402,0.427,0.001,0.030,1.033,2,58
508123699,-1.098,1.585,0.732,-0.001,0.027,1.041,2,58
508124218,-1.098,1.585,0.732,-0.001,0.027,1.041,2,58
508125699,-0.976,1.402,0.549,0.003,0.026,1.037,2,58
508126216,-1.341,1.341,0.549,-0.000,0.026,1.042,2,58
508127453,-1.402,1.524,0.671,0.000,0.036,1.038,2,58
508128639,-1.220,1.402,0.549,-0.010,0.030,1.036,2,68
508129629,-1.280,1.463,0.305,-0.000,0.026,1.033,2,68
508130143,-1.280,1.463,0.305,-0.000,0.026,1.033,2,68
508131702,-1.098,1.220,0.488,-0.002,0.020,1.036,2,68
508132209,-1.159,1.463,0.610,-0.005,0.026,1.042,2,68
508133700,-1.037,1.524,0.793,0.000,0.029,1.032,2,68
508134214,-1.280,1.341,0.854,-0.003,0.024,1.037,2,68
508135700,-0.915,1.402,0.732,0.003,0.023,1.039,2,68
508136208,-0.915,1.402,0.732,0.003,0.023,1.039,2,68
508137700,-1.037,1.341,0.793,0.001,0.025,1.032,2,68
508138214,-0.915,1.220,0.915,-0.005,0.024,1.037,2,68
508139711,-1.098,1.524,0.793,0.003,0.029,1.041,2,68
508140238,-1.402,1.463,0.793,-0.004,0.026,1.042,2,68
508141700,-1.220,1.463,0.732,0.002,0.034,1.042,2,68
508142212,-1.220,1.585,0.732,0.003,0.026,1.045,2,68
508143700,-0.976,1.646,1.037,-0.001,0.024,1.038,2,68
508144208,-0.976,1.646,1.037,-0.001,0.024,1.038,2,68
508145708,-1.159,1.402,0.976,-0.007,0.023,1.037,2,68
508146229,-1.220,1.524,1.098,0.002,0.025,1.035,2,68
508147700,-0.976,1.341,0.915,-0.002,0.039,1.039,2,68
508148208,-1.280,1.585,0.732,0.003,0.034,1.041,2,68
508149700,-1.037,1.463,0.610,-0.001,0.031,1.031,2,68
508150215,-1.037,1.463,0.610,-0.001,0.031,1.031,2,68
508151700,-1.037,1.402,1.037,0.002,0.027,1.034,2,68
508152208,-0.915,1.524,0.915,-0.011,0.027,1.037,2,68
508153700,-1.098,1.402,0.854,-0.000,0.029,1.037,2,68
508154216,-1.220,1.341,1.037,-0.007,0.024,1.033,2,68
508155700,-1.280,1.463,0.976,-0.003,0.024,1.037,2,68
508156208,-1.280,1.463,0.976,-0.003,0.024,1.037,2,68
508157700,-1.037,1.402,0.793,-0.004,0.029,1.042,2,68
508158208,-1.037,1.402,0.793,-0.004,0.029,1.042,2,68
508159700,-0.793,1.402,1.098,0.001,0.023,1.029,2,68
508160212,-0.854,1.280,1.037,-0.006,0.022,1.041,2,68
508161708,-1.037,1.220,0.793,-0.000,0.022,1.035,2,68
508162216,-1.098,1.463,0.854,-0.003,0.033,1.034,2,68
508163700,-0.915,1.585,1.037,-0.003,0.028,1.032,2,68
508164208,-0.915,1.585,1.037,-0.003,0.028,1.032,2,68
508165700,-1.037,1.402,0.793,0.003,0.024,1.037,2,68
508166208,-1.098,1.341,0.732,0.001,0.028,1.041,2,68
508167708,-1.098,1.524,0.671,-0.004,0.029,1.029,2,68
508168216,-1.037,1.402,0.732,-0.005,0.030,1.032,2,68
508169700,-0.854,1.402,0.854,-0.005,0.024,1.039,2,68
508170208,-0.854,1.402,0.854,-0.005,0.024,1.039,2,68
508171700,-1.341,1.707,0.976,0.008,0.019,1.037,2,68
508172208,-1.341,1.707,0.976,-0.005,0.033,1.036,2,68
508173700,-1.463,1.585,0.366,-0.001,0.023,1.034,2,68
508174208,-1.037,1.159,0.366,-0.007,0.021,1.042,2,68
508175708,-1.037,1.402,0.610,0.000,0.025,1.038,2,68
508176223,-1.341,1.707,0.732,-0.007,0.022,1.045,2,68
508177467,-1.220,1.646,0.610,0.001,0.026,1.032,2,68
508178639,-1.037,1.341,0.610,-0.001,0.028,1.043,2,77
508179675,-1.037,1.463,0.671,-0.010,0.025,1.037,2,77
508180199,-0.976,1.524,0.732,-0.006,0.026,1.037,2,77
508181701,-1.037,1.707,0.732,-0.008,0.020,1.031,2,77
508182218,-0.915,1.707,0.366,0.012,0.007,1.034,2,77
508183699,-1.341,1.463,0.549,-0.026,0.037,1.034,2,77
508184218,-1.341,1.463,0.549,-0.026,0.037,1.034,2,77
508185699,-0.915,1.829,0.610,-0.006,0.036,1.039,2,77
508186216,-1.159,1.585,0.488,-0.013,0.030,1.032,2,77
508187699,-1.341,1.463,0.610,0.010,0.029,1.041,2,77
508188212,-1.098,1.341,0.610,0.018,0.032,1.033,2,77
508189699,-1.402,1.402,0.366,0.018,0.012,1.041,2,77
508190211,-1.402,1.402,0.366,0.018,0.012,1.041,2,77
508191699,-1.220,1.402,0.427,-0.004,0.023,1.036,2,77
508192218,-1.220,1.402,0.427,-0.004,0.023,1.036,2,77
508193699,-0.915,1.463,0.488,0.010,0.017,1.038,2,77
508194216,-1.159,1.646,0.610,-0.014,0.023,1.033,2,77
508195699,-0.915,1.646,0.488,-0.007,0.030,1.034,2,77
508196212,-0.793,1.646,0.610,-0.007,0.041,1.038,2,77
508197699,-1.037,1.768,0.732,-0.013,0.040,1.035,2,77
508198212,-1.037,1.768,0.732,-0.013,0.040,1.035,2,77
508199699,-1.037,1.463,0.671,-0.003,0.032,1.035,2,77
508200209,-1.524,1.220,0.427,0.010,0.025,1.029,2,77
508201699,-1.524,1.220,0.305,0.017,0.017,1.033,2,77
508202212,-1.585,1.402,0.305,0.005,0.008,1.037,2,77
508203699,-1.159,1.585,0.427,0.012,0.013,1.042,2,77
508204216,-1.159,1.585,0.427,0.012,0.013,1.042,2,77
508205699,-0.793,1.646,-0.305,0.010,0.020,1.039,2,77
508206216,-0.854,1.646,-0.183,0.003,0.036,1.035,2,77
508207699,-0.793,1.646,-0.244,-0.016,0.033,1.041,2,77
508208216,-0.976,1.585,-0.122,-0.018,0.031,1.033,2,77
508209699,-0.854,1.585,0.061,-0.027,0.042,1.045,2,77
508210212,-0.976,1.280,0.183,-0.023,0.041,1.041,2,77
508211699,-1.524,1.220,-0.061,0.001,0.028,1.038,2,77
508212216,-1.524,1.220,-0.061,0.001,0.028,1.038,2,77
508213707,-1.402,0.976,-0.061,0.011,0.020,1.041,2,77
508214226,-1.280,1.280,-0.244,-0.025,0.020,1.040,2,77
508215699,-1.220,1.280,0.000,0.022,0.024,1.054,2,77
508216212,-1.646,1.220,-0.183,0.019,0.006,1.034,2,77
508217700,-1.159,1.524,-0.183,0.023,0.017,1.048,2,77
508218218,-1.159,1.524,-0.183,0.023,0.017,1.048,2,77
508219699,-0.915,1.951,-0.366,-0.012,0.027,1.042,2,77
508220212,-0.854,2.134,-0.549,-0.016,0.012,1.042,2,77
508221699,-0.610,2.195,-0.427,-0.035,0.044,1.029,2,77
508222216,-0.549,1.524,-0.305,-0.040,0.043,1.031,2,77
508223699,-0.915,1.220,-0.488,-0.004,0.044,1.035,2,77
508224216,-0.915,1.220,-0.488,-0.004,0.044,1.035,2,77
508225699,-1.463,1.037,-0.305,-0.006,0.042,1.035,2,77
508226216,-1.463,1.037,-0.305,-0.006,0.042,1.035,2,77
508227453,-1.768,0.793,-0.244,0.008,0.026,1.035,2,77
508228638,-1.463,0.915,-0.366,0.020,0.019,1.041,2,87
508229616,-1.220,1.037,-0.244,0.037,0.008,1.036,2,87
508230638,-1.280,1.585,-0.183,0.013,0.003,1.036,2,87
508231576,-1.159,1.768,-0.183,0.001,0.010,1.040,2,87
508232638,-0.793,2.012,0.122,-0.008,0.017,1.048,2,87
508233576,-0.427,2.134,0.061,-0.017,0.036,1.042,2,87
508234638,-0.427,1.951,-0.061,-0.015,0.025,1.037,2,87
508235569,-0.488,1.768,-0.244,-0.021,0.034,1.039,2,87
508236638,-0.793,1.646,-0.183,-0.021,0.033,1.030,2,87
508237575,-0.671,1.585,0.061,-0.020,0.041,1.033,2,87
508238638,-1.037,1.037,-0.122,-0.014,0.037,1.038,2,87
508239568,-1.159,0.732,-0.366,0.000,0.042,1.032,2,87
508240638,-1.220,0.671,-0.305,0.016,0.031,1.041,2,87
508241576,-1.341,0.793,0.000,0.025,0.026,1.041,2,87
508242638,-1.280,1.098,0.061,0.034,0.019,1.036,2,87
508243572,-1.646,1.341,-0.244,0.023,0.017,1.039,2,87
508244638,-1.951,1.707,0.244,0.002,0.031,1.038,2,87
508245567,-1.402,1.646,0.122,-0.003,0.019,1.033,2,87
508246638,-1.341,1.768,0.183,-0.004,0.024,1.038,2,87
508247575,-1.159,1.707,-0.061,-0.006,0.007,1.037,2,87
508248638,-0.671,1.707,0.000,-0.018,0.018,1.030,2,87
508249566,-0.915,1.890,0.061,-0.019,0.019,1.039,2,87
508250638,-1.098,1.829,0.244,-0.022,0.032,1.046,2,87
508251575,-1.159,1.402,0.061,-0.000,0.025,1.041,2,87
508252638,-0.976,1.220,0.061,0.002,0.020,1.032,2,87
508253576,-0.854,1.159,0.183,0.002,0.022,1.039,2,87
508254638,-0.976,1.098,0.305,0.007,0.034,1.047,2,87
508255571,-1.098,1.220,0.183,0.004,0.034,1.040,2,87
508256638,-1.341,1.341,0.061,0.013,0.030,1.044,2,87
508257576,-1.463,1.402,0.061,0.004,0.037,1.033,2,87
508258638,-1.341,1.707,0.244,-0.015,0.040,1.036,2,87
508259572,-1.159,1.768,0.427,0.004,0.027,1.032,2,87
508260638,-0.854,1.890,0.488,0.011,0.027,1.032,2,87
508261568,-0.793,2.012,0.305,0.012,-0.002,1.034,2,87
508262638,-1.098,1.951,0.488,-0.000,0.021,1.037,2,87
508263576,-0.976,1.890,0.610,-0.003,0.005,1.034,2,87
508264638,-1.220,1.707,0.793,-0.007,-0.000,1.046,2,87
508265572,-0.915,1.707,0.793,0.004,0.019,1.037,2,87
508266638,-0.610,1.585,0.671,0.002,0.018,1.038,2,87
508267572,-0.610,1.402,0.854,-0.006,0.037,1.036,2,87
508268638,-0.671,1.585,0.732,0.004,0.033,1.038,2,87
508269576,-0.854,1.646,0.854,-0.006,0.052,1.032,2,87
508270638,-1.037,1.585,0.732,-0.007,0.042,1.037,2,87
508271571,-1.037,1.159,0.671,0.002,0.048,1.029,2,87
508272638,-1.098,1.280,0.732,-0.003,0.050,1.040,2,87
508273572,-1.341,1.341,0.732,0.014,0.028,1.037,2,87
508274638,-1.402,1.524,0.854,0.007,0.032,1.039,2,87
508275599,-1.524,1.341,0.915,-0.003,0.023,1.035,2,87
508276638,-1.341,1.585,0.854,0.008,0.021,1.040,2,87
508277752,-1.524,1.585,1.159,0.011,-0.003,1.040,2,87
508278294,-1.524,1.585,1.159,0.011,-0.003,1.040,2,97
508279341,-1.341,1.585,1.159,-0.005,0.002,1.034,2,97
508280638,-1.159,1.768,1.098,-0.014,0.008,1.035,2,97
508281579,-0.854,1.524,0.915,-0.020,0.025,1.041,2,97
508282640,-0.671,1.524,0.671,-0.017,0.020,1.037,2,97
508283570,-0.793,1.402,0.854,-0.030,0.047,1.031,2,97
508284640,-0.732,1.585,1.280,-0.026,0.045,1.034,2,97
508285575,-0.793,1.280,1.341,0.021,0.037,1.041,2,97
508286640,-1.341,1.220,1.037,0.006,0.039,1.036,2,97
508287574,-1.524,1.220,1.098,0.000,0.034,1.036,2,97
508288640,-1.768,1.159,1.159,0.012,0.038,1.042,2,97
508289584,-1.646,1.402,1.159,0.004,0.017,1.030,2,97
508290640,-1.463,1.585,1.098,0.020,0.015,1.037,2,97
508291574,-1.402,1.768,1.159,0.021,0.010,1.036,2,97
508292640,-1.280,1.829,1.220,-0.004,0.018,1.039,2,97
508293578,-1.098,1.829,0.976,-0.011,0.018,1.041,2,97
508294640,-1.037,1.951,1.159,-0.006,0.028,1.045,2,97
508295573,-1.159,1.707,1.098,-0.016,0.029,1.035,2,97
508296640,-0.854,1.402,1.098,-0.013,0.025,1.042,2,97
508297575,-0.732,1.585,0.976,-0.017,0.038,1.030,2,97
508298640,-0.732,1.402,1.098,-0.003,0.038,1.040,2,97
508299571,-0.671,1.220,0.915,-0.011,0.037,1.039,2,97
508300640,-0.854,1.098,0.854,-0.001,0.044,1.032,2,97
508301633,-1.037,1.220,1.098,0.012,0.036,1.042,2,97
508302156,-1.159,1.098,1.098,0.026,0.022,1.048,2,97
508303700,-0.976,1.220,1.098,0.019,0.025,1.035,2,97
508304219,-0.854,1.341,1.098,0.012,0.024,1.030,2,97
508305699,-1.037,1.524,0.854,0.000,0.016,1.039,2,97
508306216,-1.037,1.524,0.854,0.000,0.016,1.039,2,97
508307699,-1.159,1.951,1.159,-0.006,0.020,1.040,2,97
508308216,-1.159,1.951,1.159,-0.019,0.030,1.038,2,97
508309699,-1.037,1.951,1.098,-0.020,0.029,1.045,2,97
508310212,-0.793,1.768,0.976,-0.019,0.021,1.038,2,97
508311699,-0.732,1.524,0.854,0.002,0.011,1.047,2,97
508312218,-0.671,1.341,1.098,-0.005,0.021,1.037,2,97
508313699,-0.671,1.402,0.854,0.003,0.034,1.036,2,97
508314218,-0.671,1.402,0.854,0.003,0.034,1.036,2,97
508315699,-0.732,1.220,1.037,0.012,0.023,1.043,2,97
508316212,-0.793,1.280,0.854,0.022,0.027,1.044,2,97
508317699,-1.159,1.159,0.793,-0.002,0.033,1.031,2,97
508318218,-1.037,1.402,0.915,0.001,0.047,1.039,2,97
508319699,-1.159,1.707,0.793,-0.002,0.028,1.037,2,97
508320216,-1.159,1.707,0.793,-0.002,0.028,1.037,2,97
508321699,-1.098,1.524,0.610,0.006,0.028,1.036,2,97
508322218,-1.159,1.341,0.732,-0.005,0.019,1.038,2,97
508323699,-1.341,1.402,0.610,-0.010,0.021,1.033,2,97
508324209,-1.220,1.829,0.488,-0.004,0.026,1.032,2,97
508325699,-1.037,1.646,0.549,-0.000,0.016,1.042,2,97
508326216,-1.037,1.646,0.549,-0.000,0.016,1.042,2,97
508327463,-0.976,1.463,0.793,0.000,0.021,1.046,2,97
508328639,-0.732,1.524,0.793,-0.011,0.029,1.041,2,107
508329614,-0.793,1.463,0.366,-0.002,0.029,1.038,2,107
508330638,-1.037,1.341,0.122,-0.016,0.036,1.037,2,107
508331580,-0.976,1.463,0.244,0.001,0.029,1.044,2,107
508332638,-0.854,1.524,0.183,-0.009,0.037,1.032,2,107
508333637,-0.976,1.524,0.488,-0.001,0.041,1.045,2,107
508334162,-0.976,1.524,0.488,-0.001,0.041,1.045,2,107
508335701,-1.463,1.585,0.427,0.019,0.025,1.041,2,107
508336217,-1.402,1.463,0.427,0.011,0.022,1.042,2,107
508337700,-1.159,1.402,0.549,0.022,0.019,1.035,2,107
508338208,-1.159,1.341,0.488,-0.005,0.028,1.040,2,107
508339700,-1.037,1.951,0.427,0.001,0.021,1.043,2,107
508340214,-1.037,1.951,0.427,0.001,0.021,1.043,2,107
508341700,-0.854,1.585,0.000,-0.005,0.023,1.028,2,107
508342202,-0.854,1.585,0.000,-0.005,0.023,1.028,2,107
508343700,-0.671,1.524,-0.122,-0.010,0.025,1.032,2,107
508344214,-0.671,1.463,0.000,-0.016,0.034,1.036,2,107
508345700,-0.671,1.463,0.000,-0.007,0.044,1.033,2,107
508346214,-0.427,1.280,0.183,-0.000,0.035,1.042,2,107
508347701,-0.915,1.280,0.122,-0.014,0.036,1.037,2,107
508348216,-0.915,1.280,0.122,-0.014,0.036,1.037,2,107
508349700,-1.463,0.976,0.000,0.010,0.025,1.035,2,107
508350208,-1.524,0.976,0.000,0.027,0.021,1.037,2,107
508351700,-1.585,1.159,0.000,0.017,0.020,1.040,2,107
508352214,-1.280,1.220,-0.183,0.010,0.014,1.043,2,107
508353700,-0.915,1.585,-0.122,0.009,0.017,1.050,2,107
508354214,-0.915,1.585,-0.122,0.009,0.017,1.050,2,107
508355700,-0.854,1.951,-0.305,-0.012,0.026,1.038,2,107
508356214,-0.793,2.073,-0.122,-0.018,0.033,1.044,2,107
508357700,-0.671,1.524,0.000,-0.016,0.029,1.042,2,107
508358214,-0.854,1.341,-0.305,-0.025,0.039,1.037,2,107
508359700,-1.280,0.915,0.061,-0.018,0.037,1.039,2,107
508360202,-1.280,0.915,0.061,-0.018,0.037,1.039,2,107
508361700,-1.220,0.976,-0.183,0.011,0.027,1.041,2,107
508362202,-1.220,0.976,-0.183,0.011,0.027,1.041,2,107
508363700,-1.280,1.098,0.061,0.025,0.014,1.039,2,107
508364214,-1.220,1.220,0.061,0.023,0.016,1.038,2,107
508365700,-1.280,1.646,-0.061,0.007,0.009,1.042,2,107
508366214,-1.220,1.707,-0.488,0.013,0.011,1.043,2,107
508367700,-1.098,1.951,-0.305,-0.007,0.015,1.036,2,107
508368214,-1.098,1.951,-0.305,-0.007,0.015,1.036,2,107
508369700,-0.854,1.829,-0.244,-0.009,0.031,1.034,2,107
508370208,-0.976,1.829,0.183,-0.030,0.036,1.035,2,107
508371700,-0.976,1.646,0.122,-0.019,0.039,1.039,2,107
508372202,-1.098,1.524,-0.427,-0.011,0.043,1.035,2,107
508373700,-1.280,1.159,-0.122,-0.006,0.037,1.034,2,107
508374214,-1.280,1.159,-0.122,-0.006,0.037,1.034,2,107
508375700,-1.037,1.220,-0.244,0.003,0.034,1.037,2,107
508376202,-1.037,1.220,-0.244,0.003,0.034,1.037,2,107
508377453,-1.098,1.098,-0.122,0.041,0.020,1.042,2,107
508378639,-1.220,1.463,-0.488,0.023,0.014,1.038,2,116
508379625,-1.341,1.585,-0.122,0.010,0.007,1.036,2,116
508380639,-0.915,1.646,-0.427,-0.005,0.015,1.040,2,116
508381579,-0.915,1.829,-0.244,0.005,0.032,1.035,2,116
508382640,-0.793,1.707,-0.244,-0.002,0.034,1.032,2,116
508383580,-0.854,1.890,-0.183,-0.019,0.030,1.034,2,116
508384640,-1.037,2.134,0.122,-0.023,0.029,1.031,2,116
508385578,-1.159,1.707,0.000,-0.011,0.018,1.030,2,116
508386640,-1.159,1.341,-0.122,-0.021,0.031,1.036,2,116
508387574,-1.463,1.341,-0.061,-0.012,0.037,1.038,2,116
508388640,-1.037,1.280,0.305,0.010,0.025,1.035,2,116
508389575,-0.915,1.280,-0.061,0.014,0.017,1.039,2,116
508390640,-1.037,1.159,0.000,0.020,0.021,1.032,2,116
508391567,-1.098,1.341,-0.061,0.010,0.026,1.031,2,116
508392640,-1.220,1.402,0.000,0.008,0.029,1.038,2,116
508393563,-1.159,1.524,0.000,0.007,0.013,1.039,2,116
508394640,-0.976,1.585,0.061,0.006,0.027,1.040,2,116
508395567,-0.793,1.524,0.244,-0.006,0.022,1.035,2,116
508396640,-0.976,1.646,-0.061,-0.004,0.025,1.040,2,116
508397574,-0.976,1.646,0.183,-0.003,0.012,1.042,2,116
508398640,-0.976,1.829,0.061,-0.010,0.020,1.038,2,116
508399578,-1.037,1.585,0.122,-0.023,0.033,1.041,2,116
508400640,-1.098,1.402,0.366,-0.016,0.039,1.046,2,116
508401575,-0.976,1.341,0.244,0.010,0.018,1.036,2,116
508402640,-1.037,1.280,0.183,0.016,0.035,1.039,2,116
508403582,-1.098,1.280,0.244,-0.002,0.025,1.041,2,116
508404640,-1.341,1.159,0.122,-0.002,0.035,1.039,2,116
508405579,-1.159,1.159,0.366,0.019,0.017,1.038,2,116
508406640,-1.159,1.341,0.244,0.011,0.018,1.027,2,116
508407580,-0.915,1.646,0.305,0.008,0.025,1.039,2,116
508408640,-1.341,1.768,0.122,0.011,0.013,1.045,2,116
508409574,-1.280,1.707,0.305,0.002,0.022,1.042,2,116
508410640,-1.220,1.768,0.305,-0.014,0.032,1.033,2,116
508411575,-0.915,1.768,0.549,-0.021,0.036,1.039,2,116
508412640,-0.854,1.463,0.488,-0.020,0.039,1.043,2,116
508413582,-1.159,1.280,0.366,-0.009,0.029,1.035,2,116
508414640,-1.037,1.463,0.610,0.004,0.028,1.033,2,116
508415579,-1.037,1.402,0.915,0.008,0.031,1.034,2,116
508416640,-1.098,1.341,0.671,0.008,0.019,1.033,2,116
508417575,-0.976,1.220,0.427,0.004,0.016,1.042,2,116
508418640,-0.732,1.341,0.732,0.013,0.019,1.040,2,116
508419569,-0.854,1.646,0.854,0.011,0.019,1.038,2,116
508420640,-0.671,1.585,0.915,-0.004,0.020,1.041,2,116
508421582,-0.549,1.524,0.732,-0.003,0.030,1.039,2,116
508422640,-0.793,1.585,0.549,-0.009,0.042,1.040,2,116
508423574,-0.854,1.524,1.037,-0.030,0.051,1.039,2,116
508424640,-0.976,1.524,1.341,-0.009,0.033,1.031,2,116
508425757,-0.915,1.646,0.793,-0.003,0.024,1.038,2,116
508426295,-1.098,1.463,0.488,0.005,0.022,1.044,2,126
508427357,-1.280,1.402,0.976,-0.002,0.025,1.039,2,126
508428638,-1.098,1.341,0.610,0.011,0.005,1.043,2,126
508429583,-1.037,1.402,0.793,0.005,0.019,1.037,2,126
508430638,-0.854,1.646,1.037,-0.011,0.021,1.036,2,126
508431572,-1.159,1.707,1.220,0.007,0.025,1.037,2,126
508432638,-0.732,1.524,1.159,0.017,0.018,1.044,2,126
508433584,-0.549,1.524,1.037,-0.009,0.024,1.032,2,126
508434638,-0.671,1.585,1.098,-0.015,0.035,1.035,2,126
508435572,-1.341,1.402,1.280,0.001,0.047,1.032,2,126
508436638,-1.463,1.402,1.159,-0.015,0.031,1.033,2,126
508437647,-1.280,1.585,0.854,0.002,0.027,1.037,2,126
508438171,-1.402,1.341,0.854,0.010,0.018,1.037,2,126
508439700,-1.159,1.280,0.976,0.006,0.024,1.037,2,126
508440208,-1.159,1.463,1.098,0.003,0.018,1.045,2,126
508441700,-1.098,1.463,0.976,-0.001,0.026,1.034,2,126
508442214,-1.098,1.463,0.976,-0.001,0.026,1.034,2,126
508443707,-0.671,1.646,0.915,0.004,0.020,1.036,2,126
508444220,-0.671,1.646,0.915,0.004,0.020,1.036,2,126
508445701,-0.793,1.585,1.037,-0.013,0.039,1.042,2,126
508446217,-0.793,1.707,1.037,0.002,0.036,1.030,2,126
508447700,-1.098,1.524,0.732,-0.016,0.025,1.036,2,126
508448202,-1.280,1.646,0.793,-0.032,0.036,1.035,2,126
508449700,-1.341,1.524,0.793,0.021,0.036,1.035,2,126
508450214,-1.341,1.524,0.793,0.021,0.036,1.035,2,126
508451700,-1.037,1.463,0.793,-0.003,0.031,1.038,2,126
508452207,-0.976,1.159,0.793,0.024,0.020,1.036,2,126
508453700,-0.915,1.341,0.976,0.007,0.025,1.038,2,126
508454214,-1.037,1.463,0.915,-0.006,0.021,1.042,2,126
508455700,-0.976,1.524,0.915,-0.003,0.022,1.032,2,126
508456208,-0.976,1.524,0.915,-0.003,0.022,1.032,2,126
508457700,-1.220,1.524,0.915,-0.009,0.025,1.041,2,126
508458214,-1.280,1.646,0.976,-0.008,0.032,1.038,2,126
508459700,-1.159,1.524,1.159,-0.006,0.033,1.039,2,126
508460214,-1.098,1.524,1.037,-0.005,0.021,1.042,2,126
508461700,-0.671,1.646,0.976,-0.005,0.022,1.032,2,126
508462214,-0.671,1.646,0.976,-0.005,0.022,1.032,2,126
508463700,-1.159,1.463,0.732,0.004,0.017,1.041,2,126
508464214,-1.159,1.463,0.732,0.004,0.017,1.041,2,126
508465700,-1.159,1.585,0.854,-0.008,0.028,1.033,2,126
508466208,-1.098,1.341,0.732,0.022,0.030,1.047,2,126
508467700,-1.098,1.341,0.549,-0.006,0.036,1.032,2,126
508468214,-1.037,1.402,0.732,0.001,0.034,1.037,2,126
508469706,-1.159,1.463,0.610,0.011,0.023,1.037,2,126
508470218,-1.159,1.463,0.610,0.011,0.023,1.037,2,126
508471702,-1.220,1.524,0.549,-0.001,0.023,1.043,2,126
508472210,-1.159,1.585,0.732,0.012,0.032,1.034,2,126
508473707,-1.037,1.646,0.671,-0.014,0.020,1.040,2,126
508474220,-1.037,1.402,0.488,-0.016,0.026,1.042,2,126
508475701,-1.220,1.524,0.427,-0.011,0.030,1.031,2,126
508476209,-1.220,1.524,0.427,-0.011,0.030,1.031,2,126
508477450,-1.220,1.463,0.366,-0.001,0.035,1.048,2,126
508478638,-1.341,1.341,0.305,0.003,0.021,1.033,2,136
508479621,-1.463,1.098,0.305,0.024,0.024,1.033,2,136
508480638,-1.220,1.646,0.366,0.013,0.012,1.037,2,136
508481576,-0.976,1.707,0.305,0.013,0.016,1.041,2,136
508482640,-0.915,1.280,0.488,0.006,0.013,1.039,2,136
508483582,-0.854,1.341,0.488,-0.020,0.038,1.040,2,136
508484640,-1.098,1.341,0.488,-0.029,0.039,1.023,2,136
508485575,-0.915,1.585,0.305,0.001,0.040,1.042,2,136
508486640,-0.854,1.646,0.122,0.001,0.024,1.030,2,136
508487579,-0.976,1.585,0.244,-0.026,0.044,1.038,2,136
508488640,-1.463,1.402,0.427,0.011,0.023,1.033,2,136
508489575,-1.220,1.341,0.366,0.013,0.026,1.039,2,136
508490640,-1.037,1.341,0.122,0.000,0.013,1.042,2,136
508491576,-1.280,1.402,0.000,0.026,0.006,1.035,2,136
508492640,-1.524,1.341,0.122,-0.023,0.025,1.033,2,136
508493584,-1.220,1.402,0.122,-0.004,0.027,1.045,2,136
508494640,-0.793,1.524,-0.122,0.014,0.027,1.039,2,136
508495566,-0.915,1.280,0.000,-0.001,0.028,1.024,2,136
508496640,-1.159,1.646,-0.061,0.007,0.029,1.044,2,136
508497559,-1.220,1.585,0.000,-0.013,0.030,1.029,2,136
508498640,-1.159,1.280,-0.061,-0.004,0.025,1.043,2,136
508499570,-1.280,1.280,0.061,0.008,0.032,1.037,2,136
508500640,-1.159,1.280,-0.061,0.005,0.018,1.032,2,136
508501571,-1.220,1.463,0.000,-0.013,0.029,1.039,2,136
508502640,-1.098,1.463,-0.061,-0.009,0.021,1.039,2,136
508503571,-0.854,1.341,-0.122,0.010,0.025,1.029,2,136
508504640,-1.098,1.220,0.000,-0.009,0.042,1.032,2,136
508505575,-0.854,1.159,0.122,0.007,0.020,1.044,2,136
508506640,-0.854,1.280,0.000,0.011,0.025,1.038,2,136
508507563,-1.159,1.220,-0.183,-0.020,0.031,1.035,2,136
508508640,-1.402,1.341,0.061,-0.000,0.031,1.040,2,136
508509570,-1.220,1.341,-0.183,0.002,0.028,1.035,2,136
508510640,-1.159,1.402,0.000,-0.010,0.023,1.042,2,136
508511570,-1.159,1.341,-0.061,0.012,0.015,1.044,2,136
508512640,-1.037,1.402,-0.061,-0.002,0.031,1.028,2,136
508513579,-1.037,1.524,0.183,-0.001,0.032,1.040,2,136
508514640,-1.037,1.646,-0.122,0.015,0.023,1.038,2,136
508515576,-1.037,1.768,0.000,-0.003,0.022,1.031,2,136
508516640,-1.280,1.646,-0.244,0.000,0.026,1.042,2,136
508517571,-1.220,1.768,-0.305,0.002,0.023,1.031,2,136
508518640,-0.854,1.524,-0.183,-0.020,0.030,1.032,2,136
508519572,-0.915,1.341,-0.244,-0.006,0.038,1.045,2,136
508520640,-1.037,1.280,0.000,0.008,0.024,1.038,2,136
508521567,-1.159,1.402,-0.061,-0.008,0.031,1.033,2,136
508522640,-1.280,1.402,0.244,-0.005,0.030,1.042,2,136
508523571,-0.976,1.463,0.000,0.024,0.027,1.044,2,136
508524640,-1.037,1.280,0.000,-0.006,0.018,1.038,2,136
508525587,-0.915,1.402,0.122,0.022,0.014,1.040,2,136
508526640,-0.854,1.646,0.183,-0.014,0.030,1.032,2,136
508527742,-0.854,1.707,0.427,-0.020,0.030,1.029,2,136
508528286,-1.098,1.646,0.366,0.003,0.021,1.044,2,146
508529362,-1.037,1.524,0.061,-0.006,0.025,1.031,2,146
508530638,-0.732,1.402,0.244,0.006,0.026,1.033,2,146
508531575,-0.732,1.159,0.122,0.003,0.026,1.044,2,146
508532638,-0.976,1.220,0.122,0.009,0.025,1.040,2,146
508533572,-1.037,1.098,-0.061,0.004,0.024,1.044,2,146
508534638,-1.159,1.402,0.000,0.018,0.018,1.047,2,146
508535568,-1.220,1.585,0.244,-0.014,0.035,1.018,2,146
508536638,-1.098,1.646,0.366,-0.036,0.017,1.031,2,146
508537576,-0.854,1.646,0.122,-0.002,0.023,1.037,2,146
508538638,-1.220,1.646,0.000,-0.025,0.031,1.036,2,146
508539568,-1.463,1.585,0.244,0.025,0.032,1.045,2,146
508540638,-1.280,1.341,0.305,-0.006,0.026,1.027,2,146
508541576,-1.159,1.463,0.244,-0.009,0.021,1.041,2,146
508542638,-0.976,1.646,0.183,0.025,0.016,1.045,2,146
508543572,-0.976,1.524,0.122,-0.021,0.019,1.028,2,146
508544638,-0.915,1.341,0.061,0.012,0.021,1.038,2,146
508545573,-0.732,1.280,0.244,-0.010,0.023,1.035,2,146
508546638,-0.793,1.463,0.305,-0.014,0.032,1.039,2,146
508547572,-0.976,1.280,0.488,0.015,0.042,1.047,2,146
508548638,-1.280,1.402,0.305,-0.001,0.026,1.040,2,146
508549638,-1.159,1.402,0.305,-0.010,0.026,1.044,2,146
508550160,-1.098,1.280,0.305,0.024,0.028,1.044,2,146
508551703,-1.098,1.402,0.366,-0.037,0.026,1.033,2,146
508552219,-1.098,1.402,0.366,-0.037,0.026,1.033,2,146
508553700,-0.976,1.463,0.366,-0.007,0.024,1.034,2,146
508554208,-0.854,1.220,0.366,-0.017,0.022,1.042,2,146
508555700,-0.976,1.402,0.793,0.029,0.037,1.029,2,146
508556208,-0.854,1.524,0.610,-0.009,0.021,1.032,2,146
508557700,-0.915,1.341,0.854,0.027,0.026,1.040,2,146
508558209,-0.915,1.341,0.854,0.027,0.026,1.040,2,146
508559700,-1.159,1.829,0.732,-0.005,0.033,1.037,2,146
508560208,-1.463,1.646,0.976,0.009,0.029,1.032,2,146
508561700,-1.280,1.585,0.732,-0.024,0.017,1.041,2,146
508562207,-1.220,1.402,0.671,-0.007,0.028,1.039,2,146
508563700,-1.159,1.220,0.732,0.000,0.023,1.044,2,146
508564208,-1.159,1.220,0.732,0.000,0.023,1.044,2,146
508565701,-1.341,1.280,0.610,0.021,0.023,1.040,2,146
508566210,-1.341,1.280,0.610,0.021,0.023,1.040,2,146
508567700,-0.854,1.524,0.549,0.000,0.038,1.043,2,146
508568214,-1.220,1.646,0.854,0.010,0.014,1.031,2,146
508569700,-1.159,1.646,0.915,-0.030,0.031,1.028,2,146
508570209,-1.098,1.341,1.037,0.008,0.030,1.032,2,146
508571700,-1.220,1.280,0.976,0.006,0.018,1.041,2,146
508572209,-1.220,1.280,0.976,0.006,0.018,1.041,2,146
508573700,-0.915,1.402,0.488,-0.013,0.026,1.043,2,146
508574214,-0.854,1.463,0.732,0.000,0.025,1.037,2,146
508575700,-1.037,1.524,0.976,0.003,0.028,1.032,2,146
508576209,-1.159,1.585,0.915,-0.011,0.025,1.036,2,146
508577459,-1.159,1.585,0.793,-0.009,0.025,1.040,2,146
508578639,-1.220,1.280,0.915,-0.007,0.024,1.036,2,155
508579622,-0.854,1.341,0.915,-0.001,0.022,1.032,2,155
508580638,-0.976,1.524,0.793,0.001,0.031,1.043,2,155
508581636,-0.854,1.402,0.671,-0.021,0.038,1.041,2,155
508582159,-0.854,1.402,0.793,-0.002,0.025,1.026,2,155
508583700,-1.037,1.402,1.037,0.015,0.027,1.039,2,155
508584219,-1.341,1.463,0.915,-0.019,0.012,1.028,2,155
508585699,-1.463,1.402,0.854,-0.003,0.029,1.038,2,155
508586216,-1.463,1.402,0.854,-0.003,0.029,1.038,2,155
508587699,-1.341,1.585,0.915,0.004,0.031,1.046,2,155
508588212,-1.341,1.524,0.793,-0.016,0.023,1.034,2,155
508589699,-1.341,1.524,0.915,0.011,0.027,1.031,2,155
508590211,-1.402,1.524,1.280,0.006,0.023,1.034,2,155
508591699,-1.159,1.707,0.732,-0.011,0.029,1.042,2,155
508592216,-1.159,1.707,0.732,-0.011,0.029,1.042,2,155
508593699,-1.098,1.707,0.732,-0.007,0.024,1.043,2,155
508594216,-1.341,1.463,0.793,0.007,0.017,1.042,2,155
508595699,-1.280,1.463,0.732,-0.016,0.028,1.033,2,155
508596216,-1.280,1.463,0.854,0.001,0.032,1.031,2,155
508597699,-0.854,1.524,0.610,-0.010,0.036,1.037,2,155
508598216,-0.854,1.524,0.610,-0.010,0.036,1.037,2,155
508599699,-1.159,1.524,0.793,-0.006,0.036,1.042,2,155
508600218,-1.159,1.524,0.793,-0.006,0.036,1.042,2,155
508601699,-1.341,1.402,0.854,0.017,0.029,1.042,2,155
508602212,-1.220,1.646,0.671,-0.001,0.016,1.033,2,155
508603705,-1.280,1.524,0.854,0.000,0.036,1.046,2,155
508604222,-0.915,1.341,0.732,0.007,0.019,1.031,2,155
508605702,-1.280,1.402,0.793,0.002,0.031,1.047,2,155
508606219,-1.280,1.402,0.793,0.002,0.031,1.047,2,155
508607699,-0.854,1.707,0.793,0.006,0.026,1.042,2,155
508608218,-1.037,1.829,0.732,0.023,0.022,1.041,2,155
508609699,-1.037,1.646,0.671,-0.014,0.017,1.028,2,155
508610215,-0.671,1.463,0.793,-0.013,0.015,1.037,2,155
508611699,-0.671,1.341,0.427,-0.030,0.026,1.029,2,155
508612216,-0.671,1.341,0.427,-0.030,0.026,1.029,2,155
508613699,-0.976,1.707,0.610,0.004,0.023,1.050,2,155
508614218,-0.976,1.707,0.610,0.004,0.023,1.050,2,155
508615699,-0.854,1.524,0.427,0.000,0.034,1.037,2,155
508616218,-0.732,1.402,0.305,-0.005,0.021,1.031,2,155
508617700,-1.098,1.524,0.488,-0.011,0.030,1.044,2,155
508618217,-1.220,1.829,0.549,0.005,0.037,1.031,2,155
508619699,-1.037,1.829,0.549,0.004,0.012,1.042,2,155
508620218,-1.037,1.829,0.549,0.004,0.012,1.042,2,155
508621699,-1.280,1.159,0.427,-0.004,0.011,1.042,2,155
508622212,-1.220,1.280,0.305,0.003,0.046,1.050,2,155
508623699,-1.159,1.341,0.427,-0.033,0.033,1.031,2,155
508624216,-1.098,1.159,0.610,0.004,0.019,1.049,2,155
508625699,-0.793,1.341,0.183,0.005,0.012,1.030,2,155
508626216,-0.793,1.341,0.183,0.005,0.012,1.030,2,155
508627455,-0.976,1.463,0.183,-0.013,0.022,1.026,2,155
508628639,-1.037,1.463,0.244,0.017,0.028,1.049,2,165
508629622,-1.037,1.280,0.244,-0.032,0.031,1.035,2,165
508630638,-1.402,1.402,0.671,-0.026,0.033,1.042,2,165
508631583,-1.159,1.402,0.366,0.017,0.034,1.031,2,165
508632638,-1.098,1.280,-0.183,0.004,0.032,1.040,2,165
508633571,-1.220,1.220,-0.061,-0.004,0.022,1.035,2,165
508634638,-1.220,1.280,0.305,-0.002,0.036,1.035,2,165
508635579,-1.220,1.341,0.305,0.010,0.023,1.043,2,165
508636638,-1.220,1.402,0.183,-0.028,0.033,1.036,2,165
508637575,-1.463,1.524,0.427,0.023,0.027,1.043,2,165
508638638,-1.159,1.646,0.244,-0.000,0.032,1.027,2,165
508639588,-1.098,1.768,0.061,0.013,0.038,1.040,2,165
508640638,-0.976,1.585,0.061,-0.016,0.014,1.029,2,165
508641571,-0.976,1.646,0.183,0.009,0.042,1.053,2,165
508642638,-1.098,1.341,0.305,-0.026,0.030,1.041,2,165
508643580,-1.159,1.402,0.061,0.001,0.034,1.038,2,165
508644638,-1.098,1.341,-0.244,0.017,0.017,1.033,2,165
508645573,-1.341,1.463,0.000,-0.006,0.019,1.039,2,165
508646638,-0.854,1.585,0.122,-0.011,0.026,1.043,2,165
508647580,-0.854,1.707,0.122,0.004,0.027,1.037,2,165
508648638,-1.098,1.524,0.183,-0.002,0.028,1.038,2,165
508649579,-1.098,1.463,0.366,-0.014,0.028,1.030,2,165
508650638,-0.976,1.402,0.427,0.017,0.033,1.045,2,165
508651576,-1.159,1.463,0.000,-0.017,0.025,1.025,2,165
508652638,-1.037,1.341,0.061,-0.006,0.021,1.035,2,165
508653571,-1.037,1.463,0.000,0.008,0.017,1.042,2,165
508654638,-1.220,1.463,-0.122,-0.016,0.031,1.031,2,165
508655571,-1.159,1.463,0.061,-0.019,0.019,1.036,2,165
508656638,-1.341,1.341,0.244,0.008,0.041,1.036,2,165
508657576,-1.341,1.341,0.122,-0.002,0.011,1.039,2,165
508658638,-1.280,1.280,0.061,0.010,0.036,1.040,2,165
508659572,-1.585,1.280,-0.061,0.021,0.026,1.033,2,165
508660638,-1.524,1.341,-0.305,-0.003,0.033,1.047,2,165
508661579,-1.280,1.463,0.000,-0.042,0.037,1.041,2,165
508662638,-1.220,1.524,0.061,0.002,0.037,1.045,2,165
508663564,-1.280,1.524,0.000,-0.010,0.011,1.043,2,165
508664638,-1.098,1.463,0.061,0.011,0.021,1.041,2,165
508665575,-1.280,1.646,0.061,0.003,0.029,1.040,2,165
508666638,-0.976,1.585,0.305,-0.016,0.037,1.050,2,165
508667574,-0.732,1.463,0.061,-0.021,0.030,1.036,2,165
508668638,-0.854,1.402,0.061,-0.004,0.043,1.047,2,165
508669579,-0.793,1.524,-0.061,0.003,0.017,1.034,2,165
508670638,-1.098,1.402,0.061,0.015,0.030,1.036,2,165
508671572,-1.220,1.524,-0.061,0.025,0.024,1.040,2,165
508672638,-1.159,1.707,-0.122,0.004,0.021,1.029,2,165
508673580,-1.098,1.585,0.122,-0.022,0.025,1.038,2,165
508674638,-0.976,1.463,0.122,0.012,0.038,1.046,2,165
508675754,-1.220,1.280,0.122,0.002,0.022,1.033,2,165
508676295,-1.524,1.463,0.061,0.017,0.020,1.038,2,175
508677357,-1.280,1.524,0.122,0.006,0.032,1.035,2,175
508678638,-1.098,1.768,-0.061,0.007,0.009,1.030,2,175
508679571,-0.976,1.707,0.122,-0.018,0.042,1.045,2,175
508680640,-0.854,1.646,0.549,-0.014,0.035,1.045,2,175
508681579,-0.793,1.585,0.122,0.000,0.018,1.034,2,175
508682640,-0.854,1.585,0.305,0.015,0.035,1.045,2,175
508683571,-0.854,1.524,0.244,0.016,0.008,1.027,2,175
508684640,-0.976,1.585,0.305,-0.003,0.021,1.035,2,175
508685573,-1.159,1.585,0.122,-0.006,0.031,1.044,2,175
508686640,-1.220,1.646,0.549,-0.016,0.033,1.040,2,175
508687571,-1.098,1.524,0.427,0.002,0.031,1.028,2,175
508688640,-0.915,1.402,0.305,0.004,0.020,1.047,2,175
508689571,-1.159,1.524,0.366,0.017,0.016,1.037,2,175
508690640,-0.976,1.402,0.305,0.005,0.019,1.030,2,175
508691579,-1.402,1.341,0.427,-0.013,0.047,1.044,2,175
508692640,-1.159,1.463,0.488,-0.022,0.016,1.042,2,175
508693575,-0.976,1.463,0.549,-0.004,0.047,1.053,2,175
508694640,-1.037,1.463,0.366,0.013,0.041,1.048,2,175
508695579,-1.037,1.341,0.488,0.026,-0.007,1.032,2,175
508696640,-1.220,1.402,0.427,0.010,0.042,1.042,2,175
508697572,-1.280,1.646,0.915,-0.033,0.020,1.038,2,175
508698640,-0.976,1.585,1.037,0.005,0.036,1.040,2,175
508699583,-0.671,1.707,0.854,-0.019,0.025,1.027,2,175
508700640,-0.915,1.463,0.549,0.002,0.021,1.027,2,175
508701575,-0.915,1.463,0.610,0.031,0.021,1.042,2,175
508702640,-1.220,1.585,0.732,-0.028,0.039,1.029,2,175
508703578,-0.915,1.646,0.732,-0.010,0.018,1.041,2,175
508704640,-0.854,1.768,0.854,-0.008,0.048,1.043,2,175
508705572,-0.915,1.463,0.732,-0.012,0.017,1.029,2,175
508706640,-0.976,1.402,0.488,0.009,0.034,1.030,2,175
508707579,-0.854,1.402,0.610,0.015,0.043,1.027,2,175
508708640,-0.976,1.402,0.732,-0.026,0.010,1.034,2,175
508709571,-1.341,1.463,0.793,0.014,0.041,1.050,2,175
508710640,-1.098,1.402,0.488,-0.022,0.014,1.031,2,175
508711582,-1.159,1.585,0.549,0.006,0.042,1.036,2,175
508712640,-1.341,1.707,0.366,-0.004,0.022,1.037,2,175
508713570,-1.037,1.463,0.305,0.022,0.021,1.045,2,175
508714640,-1.098,1.585,0.488,0.009,0.023,1.036,2,175
508715571,-0.793,1.463,0.732,-0.004,0.040,1.038,2,175
508716640,-0.732,1.646,0.793,-0.015,0.023,1.038,2,175
508717575,-1.098,1.707,0.793,0.004,0.029,1.046,2,175
508718640,-1.037,1.463,0.488,0.023,0.009,1.038,2,175
508719571,-1.159,1.585,0.244,0.003,0.027,1.038,2,175
508720640,-0.915,1.280,0.976,0.021,0.036,1.042,2,175
508721583,-0.854,1.402,0.976,-0.027,0.022,1.027,2,175
508722640,-1.159,1.463,0.793,0.014,0.033,1.043,2,175
508723575,-1.220,1.707,0.671,0.007,0.028,1.035,2,175
508724640,-1.037,1.463,0.610,0.009,0.014,1.030,2,175
508725752,-0.976,1.402,0.915,-0.028,0.029,1.043,2,175
508726290,-0.915,1.341,0.915,0.015,0.020,1.034,2,185
508727364,-1.220,1.402,1.037,-0.008,0.024,1.042,2,185
508728638,-1.341,1.463,0.671,0.021,0.037,1.049,2,185
508729576,-1.463,1.402,0.976,0.007,0.015,1.036,2,185
508730638,-1.341,1.402,0.793,-0.024,0.041,1.042,2,185
508731575,-1.098,1.524,0.793,-0.002,0.011,1.033,2,185
508732638,-0.793,1.585,0.793,0.006,0.034,1.030,2,185
508733576,-0.671,1.585,0.793,-0.006,0.015,1.035,2,185
508734638,-1.098,1.524,0.976,0.016,0.019,1.030,2,185
508735572,-1.037,1.646,0.549,-0.027,0.032,1.035,2,185
508736638,-1.098,1.646,0.793,-0.002,0.024,1.034,2,185
508737584,-0.671,1.646,1.159,-0.000,0.038,1.040,2,185
508738638,-0.854,1.585,0.976,-0.015,0.021,1.036,2,185
508739576,-0.732,1.463,1.159,-0.000,0.041,1.037,2,185
508740638,-0.976,1.463,1.098,0.008,0.014,1.034,2,185
508741580,-1.098,1.341,0.793,-0.019,0.002,1.034,2,185
508742638,-0.976,1.463,0.854,0.013,0.047,1.044,2,185
508743572,-0.915,1.402,0.915,-0.010,0.009,1.029,2,185
508744638,-1.037,1.341,0.671,0.001,0.040,1.051,2,185
508745572,-1.159,1.402,0.549,0.025,0.020,1.036,2,185
508746638,-1.037,1.524,0.427,0.005,0.026,1.040,2,185
508747574,-1.341,1.463,0.549,-0.010,0.023,1.039,2,185
508748638,-1.037,1.280,0.549,-0.006,0.013,1.020,2,185
508749579,-1.037,1.341,0.793,-0.009,0.033,1.049,2,185
508750638,-1.098,1.220,0.671,0.021,0.007,1.019,2,185
508751572,-1.159,1.463,0.488,-0.003,0.047,1.054,2,185
508752638,-1.402,1.402,0.671,-0.022,0.009,1.035,2,185
508753576,-1.341,1.463,0.549,0.004,0.055,1.061,2,185
508754638,-0.976,1.402,0.305,-0.005,0.037,1.046,2,185
508755574,-0.976,1.402,0.671,0.014,0.009,1.039,2,185
508756638,-1.037,1.341,0.671,0.006,0.026,1.042,2,185
508757572,-1.098,1.585,0.732,-0.023,0.029,1.048,2,185
508758638,-1.037,1.524,0.732,0.020,0.026,1.036,2,185
508759575,-0.854,1.585,0.793,-0.003,0.024,1.051,2,185
508760638,-0.793,1.585,0.793,-0.009,0.012,1.036,2,185
508761571,-1.037,1.463,0.488,0.020,0.032,1.037,2,185
508762638,-1.037,1.463,0.488,-0.013,0.035,1.038,2,185
508763579,-0.915,1.463,0.244,0.012,0.014,1.036,2,185
508764638,-0.793,1.646,0.488,-0.006,0.028,1.043,2,185
508765571,-0.915,1.524,0.427,0.000,0.013,1.035,2,185
508766638,-0.854,1.646,0.427,0.024,0.039,1.038,2,185
508767572,-0.671,1.707,0.183,-0.018,0.015,1.032,2,185
508768638,-1.280,1.707,0.488,0.006,0.019,1.033,2,185
508769572,-1.220,1.524,0.427,0.005,0.026,1.041,2,185
508770638,-1.098,1.524,0.610,-0.017,0.020,1.043,2,185
508771579,-1.220,1.280,0.427,0.025,0.027,1.037,2,185
508772638,-1.159,1.341,0.305,-0.022,0.017,1.027,2,185
508773575,-1.098,1.341,0.488,0.004,0.024,1.043,2,185
508774638,-0.976,1.402,0.305,0.002,0.027,1.031,2,185
508775602,-0.793,1.402,0.366,-0.009,0.027,1.041,2,185
508776638,-1.037,1.159,0.366,0.022,0.030,1.033,2,185
508777739,-1.037,1.585,0.244,-0.015,0.033,1.038,2,185
508778283,-1.220,1.768,0.305,0.004,0.020,1.038,2,194
508779343,-1.098,1.829,0.488,-0.009,0.046,1.035,2,194
508780638,-0.915,1.646,0.305,-0.009,0.008,1.031,2,194
508781574,-0.915,1.646,0.183,0.012,0.028,1.034,2,194
508782639,-1.220,1.402,0.427,-0.018,0.027,1.036,2,194
508783579,-1.463,1.646,0.305,0.004,0.025,1.047,2,194
508784639,-1.159,1.646,0.244,-0.005,0.040,1.033,2,194
508785572,-1.220,1.585,0.122,-0.005,0.021,1.034,2,194
508786639,-1.341,1.463,0.244,0.026,0.035,1.042,2,194
508787578,-1.280,1.768,0.122,-0.017,0.025,1.039,2,194
508788639,-1.341,1.524,0.183,-0.005,0.028,1.031,2,194
508789577,-1.463,1.341,-0.244,0.009,0.023,1.035,2,194
508790639,-1.524,1.463,0.122,-0.001,0.030,1.041,2,194
508791579,-1.280,1.220,0.061,0.007,0.018,1.044,2,194
508792639,-1.098,1.341,-0.061,-0.021,0.040,1.027,2,194
508793574,-0.976,1.280,0.122,0.003,0.024,1.047,2,194
508794639,-1.098,1.463,0.183,0.000,0.026,1.036,2,194
508795584,-1.037,1.524,0.061,0.012,0.025,1.039,2,194
508796639,-1.402,1.220,-0.122,0.003,0.024,1.041,2,194
508797575,-1.220,1.341,-0.305,0.001,0.037,1.050,2,194
508798639,-1.220,1.341,0.061,0.001,0.021,1.035,2,194
508799642,-1.037,1.280,0.000,0.008,0.032,1.027,2,194
508800169,-1.280,1.402,0.000,-0.001,0.026,1.041,2,194
508801707,-1.037,1.402,0.183,0.008,0.030,1.037,2,194
508802226,-1.037,1.463,0.061,-0.014,0.023,1.031,2,194
508803701,-1.037,1.524,-0.061,-0.009,0.019,1.035,2,194
508804214,-1.037,1.524,-0.061,-0.009,0.019,1.035,2,194
508805699,-1.098,1.463,-0.061,0.002,0.004,1.029,2,194
508806211,-1.341,1.402,0.000,-0.006,0.029,1.040,2,194
508807699,-1.341,1.463,0.061,-0.003,0.018,1.033,2,194
508808211,-1.159,1.524,0.183,-0.002,0.031,1.059,2,194
508809699,-0.915,1.585,-0.183,0.001,0.034,1.049,2,194
508810215,-0.915,1.585,-0.183,0.001,0.034,1.049,2,194
508811699,-0.671,1.524,-0.122,-0.022,0.032,1.039,2,194
508812208,-0.732,1.585,-0.183,-0.000,0.035,1.037,2,194
508813699,-0.854,1.585,-0.061,-0.008,0.016,1.035,2,194
508814208,-0.671,1.463,0.183,-0.003,0.044,1.044,2,194
508815699,-0.793,1.463,-0.061,0.001,0.032,1.036,2,194
508816215,-0.793,1.463,-0.061,0.001,0.032,1.036,2,194
508817707,-1.159,1.341,0.244,0.019,0.007,1.034,2,194
508818232,-1.159,1.341,0.244,0.019,0.007,1.034,2,194
508819699,-1.098,1.280,0.183,-0.001,0.027,1.038,2,194
508820215,-0.793,1.402,0.122,0.019,0.040,1.044,2,194
508821706,-0.793,1.463,0.366,-0.022,0.013,1.037,2,194
508822227,-0.915,1.585,0.488,0.005,0.037,1.029,2,194
508823700,-1.037,1.341,0.244,0.006,0.022,1.047,2,194
508824218,-1.037,1.341,0.244,0.006,0.022,1.047,2,194
508825699,-0.976,1.402,0.305,-0.005,0.016,1.031,2,194
508826214,-0.976,1.585,0.427,-0.006,0.038,1.038,2,194
508827462,-0.976,1.585,0.305,0.000,0.004,1.030,2,194
508828640,-1.098,1.707,0.305,0.004,0.041,1.039,2,204
508829616,-1.280,1.524,0.366,0.011,0.039,1.039,2,204
508830640,-1.037,1.280,0.488,-0.026,0.018,1.035,2,204
508831580,-0.976,1.220,0.305,0.012,0.028,1.042,2,204
508832639,-0.854,1.524,0.061,-0.002,0.027,1.035,2,204
508833575,-0.915,1.646,0.183,-0.005,0.022,1.025,2,204
508834639,-1.037,1.463,0.244,0.021,0.026,1.045,2,204
508835572,-1.159,1.402,0.427,-0.024,0.012,1.042,2,204
508836639,-1.220,1.463,0.427,-0.016,0.020,1.032,2,204
508837579,-0.976,1.585,0.366,-0.003,0.023,1.042,2,204
508838639,-0.976,1.402,0.427,0.000,0.036,1.032,2,204
508839560,-1.341,1.341,0.366,-0.004,0.023,1.044,2,204
508840639,-1.280,1.524,0.427,-0.011,0.042,1.051,2,204
508841573,-1.220,1.585,0.549,-0.000,0.020,1.030,2,204
508842639,-0.976,1.768,0.427,0.010,0.034,1.039,2,204
508843577,-1.098,1.524,0.427,0.003,0.035,1.025,2,204
508844639,-1.159,1.463,0.427,-0.009,0.021,1.033,2,204
508845571,-1.159,1.220,0.610,-0.004,0.029,1.054,2,204
508846639,-1.341,1.341,0.244,0.006,0.026,1.031,2,204
508847578,-1.159,1.341,0.427,0.013,0.009,1.041,2,204
508848639,-1.159,1.463,0.549,0.001,0.037,1.038,2,204
508849568,-1.159,1.524,0.732,-0.013,0.020,1.038,2,204
508850639,-1.037,1.524,0.671,-0.004,0.029,1.034,2,204
508851576,-1.098,1.402,0.671,0.006,0.022,1.036,2,204
508852640,-0.915,1.220,0.793,-0.000,0.043,1.044,2,204
508853572,-0.976,1.280,0.549,-0.013,0.011,1.037,2,204
508854639,-0.915,1.341,0.732,0.005,0.047,1.039,2,204
508855578,-1.037,1.463,0.732,0.003,0.010,1.031,2,204
508856639,-1.220,1.524,0.793,0.004,0.029,1.035,2,204
508857571,-1.280,1.341,0.488,-0.010,0.015,1.038,2,204
508858639,-1.159,1.341,0.671,0.003,0.041,1.042,2,204
508859578,-0.976,1.402,0.488,0.003,0.010,1.029,2,204
508860639,-0.976,1.585,0.427,-0.003,0.037,1.039,2,204
508861570,-0.976,1.280,0.793,0.004,0.009,1.038,2,204
508862639,-0.976,1.829,0.610,-0.013,0.035,1.039,2,204
508863575,-1.159,1.829,0.610,-0.004,0.039,1.042,2,204
508864639,-1.280,1.524,0.671,-0.007,0.040,1.046,2,204
508865571,-1.159,1.524,0.793,0.013,0.020,1.031,2,204
508866639,-1.280,1.463,0.793,-0.002,0.030,1.048,2,204
508867577,-1.037,1.707,0.793,-0.017,0.053,1.046,2,204
508868639,-1.098,1.646,0.976,0.004,0.002,1.030,2,204
508869572,-1.341,1.707,0.793,-0.001,0.046,1.045,2,204
508870639,-0.854,1.402,0.732,-0.002,0.024,1.032,2,204
508871571,-0.793,1.341,0.915,-0.012,0.031,1.036,2,204
508872639,-0.793,1.280,0.915,-0.011,0.030,1.035,2,204
508873575,-0.732,1.585,0.793,0.014,0.039,1.040,2,204
508874668,-0.793,1.341,0.488,0.002,0.017,1.055,2,204
508875754,-0.610,1.402,0.671,-0.016,0.034,1.034,2,204
508876305,-0.976,1.524,0.854,0.001,0.034,1.030,2,214
508877377,-0.915,1.341,0.793,0.010,0.013,1.036,2,214
508878638,-0.976,1.159,0.976,-0.003,0.025,1.042,2,214
508879578,-1.037,1.280,1.159,-0.008,0.029,1.031,2,214
508880639,-1.098,1.707,0.976,0.005,0.036,1.038,2,214
508881571,-0.854,1.585,0.610,0.001,0.019,1.030,2,214
508882639,-0.976,1.524,0.732,0.009,0.019,1.025,2,214
508883633,-1.220,1.646,0.915,0.008,0.023,1.037,2,214
508884158,-1.280,1.768,0.854,-0.012,0.030,1.033,2,214
508885700,-1.159,1.463,0.915,-0.001,0.021,1.036,2,214
508886210,-1.159,1.463,0.915,-0.001,0.021,1.036,2,214
508887707,-1.341,1.585,0.671,0.004,0.028,1.044,2,214
508888231,-1.098,1.707,0.732,-0.021,0.032,1.032,2,214
508889699,-0.976,1.402,0.610,0.007,0.029,1.036,2,214
508890208,-0.915,1.402,0.549,-0.005,0.016,1.050,2,214
508891699,-1.402,1.463,0.610,0.026,0.014,1.035,2,214
508892209,-1.402,1.463,0.610,0.026,0.014,1.035,2,214
508893699,-1.280,1.524,0.732,0.000,0.032,1.042,2,214
508894216,-1.098,1.524,0.854,0.004,0.007,1.035,2,214
508895700,-1.159,1.585,0.732,-0.002,0.033,1.037,2,214
508896213,-1.220,1.585,0.854,0.015,0.034,1.047,2,214
508897699,-0.915,1.707,0.366,-0.004,0.047,1.037,2,214
508898216,-0.915,1.707,0.366,-0.004,0.047,1.037,2,214
508899699,-1.098,1.707,0.488,0.006,0.018,1.038,2,214
508900216,-1.098,1.707,0.488,0.004,0.032,1.042,2,214
508901699,-1.037,1.220,0.610,-0.005,0.017,1.025,2,214
508902216,-0.915,1.220,0.793,0.003,0.049,1.039,2,214
508903699,-1.037,1.159,0.610,0.011,0.029,1.038,2,214
508904216,-0.854,1.341,0.488,0.005,0.008,1.039,2,214
508905699,-1.280,1.524,0.732,0.003,0.015,1.026,2,214
508906216,-1.280,1.524,0.732,0.003,0.015,1.026,2,214
508907699,-1.098,1.402,0.610,-0.007,0.030,1.047,2,214
508908216,-1.280,1.463,0.427,0.019,0.007,1.024,2,214
508909699,-1.463,1.829,0.366,-0.014,0.046,1.042,2,214
508910217,-1.159,1.585,0.244,-0.006,0.032,1.046,2,214
508911699,-1.220,1.707,0.305,-0.019,0.033,1.048,2,214
508912216,-1.220,1.707,0.305,-0.019,0.033,1.048,2,214
508913699,-1.280,1.220,0.488,-0.010,0.009,1.039,2,214
508914208,-1.159,1.341,0.549,-0.019,0.065,1.053,2,214
508915699,-1.037,1.341,0.427,0.003,0.006,1.026,2,214
508916209,-1.037,1.402,0.183,0.000,0.012,1.035,2,214
508917699,-0.976,1.037,0.366,-0.017,0.020,1.027,2,214
508918216,-0.976,1.037,0.366,-0.017,0.020,1.027,2,214
508919699,-0.976,1.341,0.244,0.010,0.038,1.041,2,214
508920209,-0.976,1.341,0.244,0.010,0.038,1.041,2,214
508921699,-1.220,1.341,0.305,0.004,0.029,1.036,2,214
508922216,-0.793,1.585,0.549,-0.020,0.029,1.042,2,214
508923699,-0.854,1.585,0.549,-0.009,0.034,1.028,2,214
508924208,-1.098,1.402,0.488,0.013,0.011,1.033,2,214
508925699,-0.915,1.098,0.427,-0.027,0.019,1.023,2,214
508926216,-0.915,1.098,0.427,-0.027,0.019,1.023,2,214
508927452,-0.854,1.341,0.183,-0.000,0.021,1.042,2,214
508928638,-1.098,1.463,0.488,-0.001,0.015,1.035,2,224
508929684,-1.341,1.524,0.488,0.017,0.035,1.045,2,224
508930212,-1.037,1.524,0.366,-0.036,0.029,1.041,2,224
508931702,-0.915,1.646,0.000,0.019,0.021,1.032,2,224
508932214,-0.915,1.646,0.000,0.019,0.021,1.032,2,224
508933700,-0.854,1.159,0.244,0.009,0.023,1.039,2,224
508934210,-0.854,1.159,0.244,0.009,0.023,1.039,2,224
508935700,-0.915,1.280,-0.122,-0.010,0.034,1.038,2,224
508936209,-1.280,1.280,0.122,0.013,0.009,1.028,2,224
508937700,-1.341,1.280,0.122,0.004,0.021,1.047,2,224
508938210,-1.220,1.341,0.183,-0.028,0.046,1.030,2,224
508939700,-1.402,1.159,0.183,0.003,0.017,1.050,2,224
508940208,-1.402,1.159,0.183,0.003,0.017,1.050,2,224
508941700,-0.793,1.402,0.305,0.019,0.035,1.021,2,224
508942210,-1.220,1.646,0.244,0.001,0.007,1.037,2,224
508943708,-1.220,1.646,0.183,-0.019,0.043,1.036,2,224
508944223,-1.341,1.402,0.000,0.015,0.015,1.036,2,224
508945702,-1.341,1.646,-0.061,-0.036,0.035,1.034,2,224
508946206,-1.341,1.646,-0.061,-0.036,0.035,1.034,2,224
508947700,-1.098,1.585,0.244,0.011,0.011,1.045,2,224
508948208,-1.037,1.707,0.122,-0.010,0.029,1.047,2,224
508949700,-1.098,1.463,0.305,-0.004,0.042,1.029,2,224
508950210,-1.220,1.646,0.244,0.000,0.014,1.025,2,224
508951700,-1.341,1.585,0.061,-0.003,0.033,1.035,2,224
508952210,-1.341,1.585,0.061,-0.003,0.033,1.035,2,224
508953700,-0.732,1.890,0.183,-0.028,0.057,1.042,2,224
508954210,-0.732,1.890,0.183,-0.028,0.057,1.042,2,224
508955700,-0.732,1.585,0.183,0.010,0.004,1.037,2,224
508956215,-1.098,1.524,-0.122,-0.004,0.028,1.056,2,224
508957700,-1.159,1.463,-0.061,-0.014,0.056,1.037,2,224
508958208,-1.159,1.280,-0.122,0.014,0.009,1.020,2,224
508959700,-0.793,1.402,0.061,-0.002,0.031,1.033,2,224
508960210,-0.793,1.402,0.061,-0.002,0.031,1.033,2,224
508961700,-1.159,1.341,0.305,-0.020,0.037,1.035,2,224
508962209,-1.402,1.280,0.366,-0.000,0.054,1.033,2,224
508963700,-1.402,1.341,0.061,-0.005,0.028,1.043,2,224
508964210,-0.976,1.220,0.000,-0.002,0.007,1.041,2,224
508965700,-1.220,1.402,0.000,-0.011,0.039,1.036,2,224
508966210,-1.220,1.402,0.000,-0.011,0.039,1.036,2,224
508967700,-0.793,1.280,0.061,0.023,0.005,1.041,2,224
508968215,-0.793,1.280,0.061,0.023,0.005,1.041,2,224
508969700,-1.341,1.646,-0.061,-0.017,0.021,1.037,2,224
508970210,-1.402,1.524,0.366,0.013,0.039,1.040,2,224
508971700,-1.524,1.463,0.122,0.006,0.017,1.053,2,224
508972215,-1.402,1.402,0.000,0.001,0.044,1.028,2,224
508973700,-1.341,1.402,0.366,-0.004,0.051,1.059,2,224
508974209,-1.341,1.402,0.366,-0.004,0.051,1.059,2,224
508975700,-1.402,1.463,0.244,0.019,0.003,1.021,2,224
508976215,-1.341,1.646,0.122,0.002,0.033,1.043,2,224
508977465,-1.037,1.646,0.427,-0.031,0.050,1.045,2,224
508978639,-1.098,1.463,0.671,0.029,0.013,1.031,2,233
508979618,-1.037,1.463,0.244,-0.012,0.034,1.040,2,233
508980638,-0.915,1.159,0.610,-0.007,0.028,1.032,2,233
508981583,-0.915,1.341,0.610,0.019,0.016,1.039,2,233
508982639,-0.854,1.341,0.427,-0.007,0.034,1.043,2,233
508983571,-1.098,1.280,0.366,-0.004,0.025,1.040,2,233
508984639,-1.341,1.463,0.305,0.007,0.016,1.040,2,233
508985577,-1.341,1.280,0.244,0.005,0.015,1.034,2,233
508986639,-1.037,1.220,0.244,0.028,0.006,1.043,2,233
508987571,-0.976,1.524,0.122,0.013,0.017,1.035,2,233
508988639,-0.732,1.524,0.549,-0.027,0.022,1.041,2,233
508989583,-1.037,1.585,0.915,-0.016,0.055,1.027,2,233
508990639,-1.220,1.402,0.671,0.028,-0.001,1.032,2,233
508991574,-1.159,1.463,0.793,0.000,0.020,1.053,2,233
508992639,-0.854,1.524,0.732,0.009,0.051,1.027,2,233
508993574,-0.976,1.646,0.671,0.023,-0.004,1.035,2,233
508994639,-1.341,1.402,0.305,-0.007,0.034,1.045,2,233
508995571,-1.280,1.280,0.305,-0.020,0.046,1.027,2,233
508996639,-1.220,1.524,0.488,0.015,0.029,1.029,2,233
508997575,-1.220,1.707,0.366,-0.001,0.005,1.050,2,233
508998639,-1.402,1.463,0.488,-0.004,0.042,1.050,2,233
508999645,-0.976,1.646,0.183,0.008,0.021,1.036,2,233
509000178,-0.976,1.646,0.183,0.008,0.021,1.036,2,233
509001699,-0.976,1.341,0.549,0.004,0.027,1.020,2,233
509002216,-0.976,1.341,0.549,0.004,0.027,1.020,2,233
509003699,-1.037,1.220,0.488,-0.014,0.024,1.044,2,233
509004216,-0.854,1.524,0.732,0.000,0.042,1.028,2,233
509005699,-0.976,1.585,0.488,-0.006,0.021,1.047,2,233
509006211,-1.037,1.524,0.610,-0.003,0.031,1.059,2,233
509007699,-0.976,1.341,0.427,0.000,0.033,1.018,2,233
509008216,-0.976,1.341,0.427,0.000,0.033,1.018,2,233
509009699,-1.159,1.341,0.488,-0.001,0.021,1.072,2,233
509010209,-1.159,1.585,0.549,-0.021,0.006,1.029,2,233
509011709,-1.280,1.585,0.732,-0.002,0.042,1.005,2,233
509012229,-1.037,1.463,0.915,0.005,0.044,1.049,2,233
509013699,-1.098,1.280,0.488,-0.008,0.010,1.029,2,233
509014208,-1.098,1.280,0.488,-0.008,0.010,1.029,2,233
509015699,-1.220,1.402,0.854,0.018,0.024,1.039,2,233
509016216,-0.854,1.341,0.854,0.020,0.008,1.051,2,233
509017699,-1.220,1.402,0.549,-0.020,0.024,1.029,2,233
509018210,-1.341,1.646,0.732,-0.012,0.046,1.027,2,233
509019699,-1.037,1.707,0.732,0.003,0.013,1.041,2,233
509020208,-1.037,1.707,0.732,0.003,0.013,1.041,2,233
509021699,-1.037,1.524,1.037,-0.010,0.029,1.035,2,233
509022216,-1.037,1.524,1.037,-0.010,0.029,1.035,2,233
509023699,-1.220,1.524,0.671,0.005,0.012,1.031,2,233
509024216,-1.524,1.585,0.732,0.002,0.024,1.030,2,233
509025699,-1.280,1.463,0.610,-0.010,0.046,1.045,2,233
509026216,-0.854,1.524,0.610,0.015,0.021,1.042,2,233
509027460,-0.976,1.463,0.671,0.002,0.030,1.030,2,233
509028638,-0.915,1.646,0.915,-0.006,0.044,1.049,2,243
509029611,-0.793,1.585,1.037,0.019,0.011,1.054,2,243
509030638,-0.732,1.463,1.098,0.002,0.030,1.033,2,243
509031578,-0.854,1.402,0.976,-0.002,0.011,1.012,2,243
509032639,-0.976,1.585,0.671,-0.008,0.037,1.042,2,243
509033576,-1.037,1.707,1.037,0.002,0.020,1.055,2,243
509034639,-1.037,1.463,0.427,0.000,0.032,1.018,2,243
509035580,-0.854,1.524,0.427,-0.003,0.032,1.039,2,243
509036639,-0.732,1.829,0.915,0.003,0.021,1.056,2,243
509037575,-0.854,1.585,0.915,0.004,0.017,1.030,2,243
509038639,-1.098,1.585,0.793,-0.004,0.032,1.015,2,243
509039572,-1.037,1.463,0.427,-0.014,0.024,1.041,2,243
509040639,-1.341,1.341,0.427,0.001,0.027,1.040,2,243
509041641,-1.341,1.341,0.366,-0.008,0.024,1.029,2,243
509042167,-1.341,1.341,0.366,-0.008,0.024,1.029,2,243
509043701,-1.098,1.463,0.488,0.015,0.029,1.043,2,243
509044217,-0.793,1.402,0.488,-0.012,0.022,1.038,2,243
509045700,-0.915,1.463,0.366,-0.011,0.021,1.023,2,243
509046203,-0.854,1.585,0.488,0.003,0.017,1.032,2,243
509047700,-1.098,1.585,0.610,-0.014,0.033,1.053,2,243
509048203,-1.098,1.585,0.610,-0.014,0.033,1.053,2,243
509049700,-0.854,1.402,0.610,-0.005,0.008,1.020,2,243
509050209,-0.976,1.585,0.671,-0.012,0.049,1.051,2,243
509051700,-1.037,1.402,0.549,-0.010,0.040,1.043,2,243
509052209,-1.037,1.098,0.427,0.004,0.019,1.045,2,243
509053700,-0.915,1.463,0.671,-0.005,0.040,1.025,2,243
509054215,-0.915,1.463,0.671,-0.005,0.040,1.025,2,243
509055700,-0.976,1.220,0.732,0.013,0.013,1.053,2,243
509056215,-0.976,1.220,0.732,0.013,0.013,1.053,2,243
509057700,-1.341,1.463,0.732,-0.003,0.038,1.022,2,243
509058215,-1.341,1.463,0.549,0.011,0.021,1.041,2,243
509059700,-1.037,1.341,0.366,0.006,0.017,1.056,2,243
509060203,-0.976,1.402,0.183,-0.020,0.003,1.021,2,243
509061700,-0.854,1.646,0.610,0.004,0.032,1.041,2,243
509062209,-0.854,1.646,0.610,0.004,0.032,1.041,2,243
509063700,-1.341,1.463,0.488,-0.021,0.020,1.041,2,243
509064203,-1.280,1.220,0.549,0.002,0.030,1.014,2,243
509065700,-1.098,1.220,0.488,-0.006,0.028,1.028,2,243
509066215,-0.976,1.402,0.488,0.006,0.030,1.056,2,243
509067700,-0.976,1.220,0.610,0.002,0.021,1.031,2,243
509068203,-0.976,1.220,0.610,0.002,0.021,1.031,2,243
509069700,-0.793,1.341,0.244,0.020,0.024,1.041,2,243
509070203,-0.793,1.341,0.244,0.020,0.024,1.041,2,243
509071700,-0.915,1.402,0.427,0.000,0.032,1.045,2,243
509072209,-1.220,1.341,0.488,0.017,0.022,1.030,2,243
509073701,-0.976,1.341,0.427,0.006,0.024,1.018,2,243
509074210,-0.976,1.585,0.305,-0.014,0.025,1.040,2,243
509075700,-0.976,1.463,0.000,0.017,0.009,1.041,2,243
509076203,-0.976,1.463,0.000,0.017,0.009,1.041,2,243
509077435,-1.280,1.402,0.183,-0.016,0.017,1.021,2,243
509078639,-1.341,1.585,0.244,0.016,0.036,1.040,2,253
509079623,-1.280,1.463,0.183,0.016,0.014,1.055,2,253
509080148,-1.037,1.646,-0.122,-0.027,0.044,1.033,2,253
509081700,-1.220,1.402,0.244,0.008,0.035,1.037,2,253
509082216,-1.220,1.402,0.244,0.008,0.035,1.037,2,253
509083699,-1.098,1.707,0.000,-0.020,0.056,1.044,2,253
509084216,-1.220,1.463,0.244,0.008,0.004,1.042,2,253
509085699,-1.280,1.585,-0.061,-0.001,0.050,1.032,2,253
509086209,-1.098,1.402,-0.122,0.010,-0.001,1.040,2,253
509087699,-1.037,1.524,0.183,-0.004,0.010,1.056,2,253
509088215,-1.037,1.524,0.183,-0.004,0.010,1.056,2,253
509089699,-1.159,1.402,0.183,0.017,-0.007,1.035,2,253
509090216,-1.159,1.402,0.183,0.017,-0.007,1.035,2,253
509091699,-1.098,1.341,-0.061,-0.006,0.008,1.025,2,253
509092216,-0.915,1.524,0.122,-0.004,0.064,1.046,2,253
509093699,-0.976,1.463,0.244,0.011,0.019,1.052,2,253
509094210,-1.220,1.280,0.183,-0.019,0.043,1.027,2,253
509095699,-1.098,1.585,0.122,0.021,0.033,1.036,2,253
509096216,-1.098,1.585,0.122,0.021,0.033,1.036,2,253
509097699,-1.402,1.402,0.183,-0.026,0.041,1.045,2,253
509098216,-0.915,1.463,0.122,0.015,0.011,1.028,2,253
509099699,-0.976,1.402,0.305,0.002,0.041,1.023,2,253
509100216,-0.854,1.585,0.427,-0.007,0.011,1.037,2,253
509101699,-0.976,1.402,0.488,0.007,-0.003,1.036,2,253
509102209,-0.976,1.402,0.488,0.007,-0.003,1.036,2,253
509103699,-0.976,1.341,0.244,-0.021,0.003,1.036,2,253
509104216,-0.976,1.341,0.244,-0.021,0.003,1.036,2,253
509105699,-1.098,1.402,0.671,-0.003,0.011,1.037,2,253
509106211,-1.220,1.463,0.305,-0.008,0.045,1.053,2,253
509107699,-1.220,1.402,0.366,-0.000,0.009,1.050,2,253
509108216,-1.220,1.280,0.061,0.000,0.045,1.045,2,253
509109700,-1.098,1.341,0.000,0.020,0.028,1.038,2,253
509110211,-1.098,1.341,0.000,0.020,0.028,1.038,2,253
509111699,-1.220,1.707,0.000,-0.012,0.044,1.044,2,253
509112208,-1.524,1.768,0.305,0.024,0.026,1.039,2,253
509113699,-1.524,1.646,0.366,-0.013,0.035,1.032,2,253
509114216,-1.159,1.585,0.427,-0.011,0.011,1.013,2,253
509115699,-1.037,1.768,0.305,0.014,0.017,1.042,2,253
509116211,-1.037,1.768,0.305,0.014,0.017,1.042,2,253
509117699,-0.976,1.646,0.427,0.000,0.026,1.039,2,253
509118210,-1.098,1.402,0.183,0.021,0.028,1.020,2,253
509119699,-1.220,1.463,0.244,-0.012,0.012,1.025,2,253
509120216,-1.402,1.585,0.305,-0.008,0.028,1.031,2,253
509121699,-1.159,1.463,0.061,0.009,0.027,1.051,2,253
509122216,-1.159,1.463,0.061,0.009,0.027,1.051,2,253
509123699,-1.159,1.463,0.549,0.018,0.037,1.033,2,253
509124210,-1.159,1.463,0.549,0.018,0.037,1.033,2,253
509125699,-1.220,1.220,0.366,0.000,0.021,1.047,2,253
509126216,-1.524,1.524,0.305,0.002,0.029,1.052,2,253
509127441,-1.341,1.402,0.610,0.011,0.031,1.043,2,253
509128639,-1.220,1.585,0.305,0.004,0.034,1.037,2,263
509129613,-0.976,1.585,0.305,-0.003,0.029,1.023,2,263
509130638,-1.220,1.524,0.244,-0.016,0.021,1.026,2,263
509131576,-1.159,1.646,0.366,0.010,0.043,1.053,2,263
509132639,-0.976,1.585,0.366,-0.003,0.031,1.048,2,263
509133579,-0.915,1.768,0.305,-0.021,0.032,1.031,2,263
509134640,-0.976,1.585,0.427,-0.005,0.012,1.024,2,263
509135575,-1.159,1.646,0.366,0.020,0.030,1.026,2,263
509136639,-1.341,1.646,0.854,-0.017,0.034,1.051,2,263
509137579,-1.280,1.585,0.671,0.028,0.021,1.030,2,263
509138639,-1.280,1.524,0.427,-0.018,0.027,1.033,2,263
509139572,-1.341,1.402,0.305,-0.026,0.025,1.041,2,263
509140639,-1.098,1.341,0.488,0.020,0.018,1.035,2,263
509141579,-0.793,1.280,0.671,-0.003,0.030,1.028,2,263
509142639,-1.159,1.341,0.427,0.022,0.026,1.035,2,263
509143576,-1.280,1.280,0.488,-0.007,0.030,1.029,2,263
509144639,-1.463,1.280,0.549,0.001,0.032,1.044,2,263
509145575,-1.524,1.585,0.671,0.006,0.030,1.052,2,263
509146639,-1.280,1.524,0.732,0.013,0.027,1.045,2,263
509147572,-0.854,1.524,0.549,0.001,0.032,1.032,2,263
509148639,-1.220,1.585,0.793,0.013,0.016,1.027,2,263
509149572,-1.159,1.768,0.610,-0.002,0.033,1.041,2,263
509150639,-1.098,1.585,0.793,0.021,0.039,1.052,2,263
509151576,-1.220,1.585,0.671,-0.009,0.026,1.039,2,263
509152639,-1.159,1.402,0.549,-0.004,0.030,1.027,2,263
509153580,-1.402,1.463,0.793,0.026,0.020,1.023,2,263
509154639,-1.341,1.646,0.854,-0.006,0.021,1.031,2,263
509155580,-1.037,1.585,0.488,-0.018,0.024,1.028,2,263
509156639,-1.037,1.280,0.671,0.020,0.029,1.047,2,263
509157575,-0.976,1.341,0.549,-0.034,0.032,1.037,2,263
509158639,-0.976,1.402,0.610,0.016,0.025,1.034,2,263
509159580,-1.220,1.524,0.671,0.017,0.027,1.030,2,263
509160640,-1.402,1.341,0.610,-0.020,0.018,1.033,2,263
509161576,-1.280,1.463,0.793,0.005,0.041,1.047,2,263
509162639,-1.037,1.341,0.671,0.013,0.021,1.046,2,263
509163577,-0.976,1.280,0.671,-0.006,0.017,1.044,2,263
509164639,-0.976,1.341,0.671,0.012,0.046,1.031,2,263
509165572,-0.976,1.220,0.671,-0.009,0.011,1.035,2,263
509166639,-1.098,1.280,0.732,-0.001,0.045,1.042,2,263
509167580,-1.220,1.524,0.793,0.006,0.030,1.040,2,263
509168639,-1.037,1.159,0.732,-0.014,0.024,1.045,2,263
509169575,-1.159,1.463,0.793,0.001,0.033,1.042,2,263
509170639,-0.915,1.585,0.549,-0.019,0.023,1.029,2,263
509171653,-0.915,1.524,0.549,0.001,0.015,1.031,2,263
509172181,-0.915,1.524,0.549,0.001,0.015,1.031,2,263
509173700,-1.098,1.768,0.427,-0.023,0.027,1.035,2,263
509174210,-1.159,1.646,0.732,0.005,0.019,1.048,2,263
509175700,-0.976,1.341,0.793,0.003,0.042,1.035,2,263
509176209,-1.037,1.402,0.732,-0.026,0.007,1.025,2,263
509177449,-0.915,1.463,0.671,0.005,0.033,1.043,2,263
509178638,-0.976,1.402,0.732,-0.015,0.030,1.036,2,272
509179620,-1.159,1.463,0.915,-0.008,0.033,1.051,2,272
509180638,-0.915,1.463,0.793,0.007,0.032,1.034,2,272
509181570,-0.976,1.646,0.671,-0.004,0.039,1.042,2,272
509182639,-0.915,1.829,0.976,-0.012,0.021,1.046,2,272
509183578,-0.854,1.341,0.854,0.017,0.032,1.023,2,272
509184639,-1.159,1.402,0.610,0.002,0.025,1.037,2,272
509185571,-1.037,1.402,0.549,0.009,0.031,1.046,2,272
509186639,-0.854,1.463,0.366,-0.007,0.021,1.040,2,272
509187569,-1.220,1.280,0.366,0.017,0.037,1.040,2,272
509188639,-1.280,1.402,0.305,-0.003,0.016,1.038,2,272
509189578,-1.220,1.524,0.610,0.005,0.024,1.026,2,272
509190639,-1.098,1.098,0.244,-0.005,0.035,1.026,2,272
509191570,-1.098,1.220,0.305,-0.006,0.023,1.039,2,272
509192639,-0.915,1.220,0.305,0.021,0.027,1.042,2,272
509193573,-0.793,1.341,0.305,-0.014,0.034,1.042,2,272
509194639,-0.793,1.524,0.305,-0.013,0.026,1.053,2,272
509195572,-0.793,1.585,0.549,0.017,0.026,1.037,2,272
509196639,-1.098,1.646,0.366,0.010,0.035,1.029,2,272
509197575,-0.854,1.280,0.610,0.024,0.041,1.033,2,272
509198639,-1.037,1.463,0.244,0.008,0.018,1.035,2,272
509199567,-1.159,1.402,0.000,-0.024,0.042,1.037,2,272
509200639,-1.220,1.585,0.061,0.013,0.044,1.047,2,272
509201579,-1.280,1.707,0.305,0.001,0.020,1.041,2,272
509202639,-1.341,1.707,0.244,-0.010,0.036,1.038,2,272
509203640,-1.341,1.402,0.427,0.005,0.034,1.041,2,272
509204169,-1.098,1.220,0.549,0.005,0.034,1.041,2,272
509205699,-0.976,1.402,0.244,-0.001,0.041,1.023,2,272
509206214,-0.976,1.402,0.244,-0.001,0.041,1.023,2,272
509207699,-0.976,1.280,0.427,-0.002,0.015,1.044,2,272
509208216,-0.671,1.402,0.610,0.000,0.047,1.050,2,272
509209699,-0.976,1.646,0.488,-0.023,0.029,1.033,2,272
509210216,-1.098,1.768,0.305,-0.002,0.008,1.042,2,272
509211699,-1.159,1.341,0.366,-0.022,0.015,1.032,2,272
509212215,-1.159,1.341,0.366,-0.022,0.015,1.032,2,272
509213699,-0.915,1.402,0.427,0.011,0.021,1.027,2,272
509214217,-0.976,1.341,0.366,-0.022,0.029,1.029,2,272
509215699,-1.098,1.585,0.305,0.001,0.033,1.045,2,272
509216217,-1.341,1.768,0.305,0.003,0.026,1.029,2,272
509217699,-1.524,1.585,0.549,0.003,0.028,1.052,2,272
509218216,-1.524,1.585,0.549,0.003,0.028,1.052,2,272
509219699,-1.341,1.524,0.427,-0.014,0.026,1.030,2,272
509220215,-1.341,1.280,0.305,-0.005,0.024,1.032,2,272
509221699,-1.037,1.341,0.244,0.019,0.018,1.040,2,272
509222210,-1.037,1.341,0.366,-0.002,0.012,1.042,2,272
509223699,-0.915,1.463,0.305,0.004,0.019,1.043,2,272
509224210,-0.915,1.463,0.305,0.004,0.019,1.043,2,272
509225699,-1.037,1.402,0.366,-0.003,0.039,1.039,2,272
509226215,-1.037,1.402,0.366,-0.003,0.039,1.039,2,272
509227452,-1.037,1.402,0.305,0.020,0.024,1.050,2,272
509228638,-0.976,1.220,0.244,0.002,0.030,1.045,2,282
509229614,-1.159,1.220,0.122,-0.015,0.020,1.034,2,282
509230638,-1.159,1.280,-0.061,0.019,0.032,1.044,2,282
509231584,-0.915,1.463,0.366,-0.028,0.022,1.036,2,282
509232639,-0.915,1.463,0.305,0.014,0.048,1.048,2,282
509233573,-0.976,1.402,0.427,0.017,0.012,1.032,2,282
509234639,-0.854,1.280,0.488,-0.027,0.049,1.034,2,282
509235580,-0.793,1.402,0.427,0.007,0.026,1.052,2,282
509236639,-0.854,1.341,0.366,0.018,0.022,1.040,2,282
509237572,-0.976,1.402,0.427,-0.014,0.027,1.043,2,282
509238639,-1.341,1.585,0.366,0.012,0.020,1.043,2,282
509239580,-1.159,1.402,0.000,-0.009,0.014,1.040,2,282
509240639,-1.159,1.280,-0.061,-0.010,0.029,1.026,2,282
509241571,-1.037,1.341,0.122,-0.000,0.038,1.052,2,282
509242639,-0.732,1.280,0.061,0.007,0.010,1.035,2,282
509243587,-0.854,1.280,-0.061,-0.012,0.031,1.025,2,282
509244640,-0.732,1.585,0.305,0.023,0.030,1.039,2,282
509245570,-0.915,1.829,0.061,-0.009,0.029,1.022,2,282
509246640,-1.159,1.829,0.244,-0.003,0.036,1.042,2,282
509247575,-1.159,1.524,0.122,0.026,0.017,1.035,2,282
509248639,-0.854,1.463,0.061,-0.012,0.033,1.033,2,282
509249579,-0.915,1.463,0.000,-0.020,0.024,1.047,2,282
509250639,-0.854,1.402,0.305,0.018,0.033,1.039,2,282
509251571,-0.854,1.524,0.183,-0.002,0.027,1.033,2,282
509252639,-1.098,1.402,0.366,0.010,0.024,1.040,2,282
509253571,-1.280,1.280,0.366,-0.002,0.020,1.040,2,282
509254639,-1.280,1.402,0.183,-0.021,0.023,1.037,2,282
509255576,-1.341,1.524,0.122,0.000,0.024,1.043,2,282
509256639,-1.159,1.463,0.305,0.017,0.012,1.040,2,282
509257580,-1.280,1.524,0.183,-0.025,0.032,1.034,2,282
509258639,-0.976,1.585,0.488,0.027,0.033,1.045,2,282
509259567,-1.037,1.463,0.183,-0.015,0.028,1.034,2,282
509260639,-1.220,1.585,0.122,-0.008,0.028,1.039,2,282
509261582,-1.220,1.524,0.488,0.026,0.029,1.043,2,282
509262640,-1.037,1.646,0.244,-0.008,0.040,1.036,2,282
509263576,-0.915,1.707,0.244,-0.024,0.029,1.037,2,282
509264639,-1.098,1.585,0.488,0.027,0.032,1.040,2,282
509265580,-1.220,1.402,0.244,-0.021,0.021,1.024,2,282
509266640,-0.793,1.524,0.366,0.023,0.037,1.052,2,282
509267575,-0.976,1.524,0.122,0.000,0.026,1.037,2,282
509268639,-1.159,1.524,0.061,-0.016,0.020,1.031,2,282
509269571,-1.159,1.524,0.305,0.011,0.049,1.044,2,282
509270639,-1.159,1.585,0.305,0.008,-0.002,1.039,2,282
509271576,-1.341,1.707,0.244,-0.028,0.039,1.040,2,282
509272640,-0.915,1.402,0.305,0.017,0.011,1.051,2,282
509273579,-0.915,1.159,0.427,-0.008,0.023,1.040,2,282
509274639,-0.915,1.098,0.671,-0.009,0.042,1.038,2,282
509275597,-1.280,1.341,0.610,0.031,0.006,1.045,2,282
509276639,-1.037,1.585,0.488,-0.010,0.042,1.035,2,282
509277749,-0.793,1.524,0.488,-0.022,0.027,1.045,2,282
509278292,-0.854,1.524,0.427,0.028,0.028,1.048,2,292
509279345,-0.915,1.524,0.305,-0.001,0.023,1.030,2,292
509280638,-0.549,1.220,0.610,0.032,0.017,1.045,2,292
509281582,-0.976,1.280,0.366,0.001,0.034,1.041,2,292
509282639,-1.159,1.280,0.854,-0.038,0.011,1.032,2,292
509283575,-1.280,1.463,0.793,0.021,0.033,1.036,2,292
509284639,-1.098,1.463,0.671,0.009,0.017,1.042,2,292
509285579,-1.098,1.463,0.427,-0.038,0.028,1.042,2,292
509286639,-1.402,1.220,0.549,0.003,0.024,1.033,2,292
509287575,-1.524,1.280,0.732,-0.029,0.011,1.041,2,292
509288639,-1.341,1.280,0.793,0.004,0.035,1.039,2,292
509289579,-1.098,1.341,0.793,0.021,0.011,1.039,2,292
509290639,-1.159,1.585,0.732,-0.023,0.042,1.034,2,292
509291573,-0.976,1.707,0.671,0.006,0.002,1.041,2,292
509292639,-1.159,1.341,0.549,-0.025,0.018,1.033,2,292
509293576,-0.976,1.280,0.671,-0.004,0.052,1.031,2,292
509294639,-1.220,1.280,0.732,0.042,0.004,1.039,2,292
509295559,-1.098,1.463,0.488,-0.036,0.046,1.031,2,292
509296639,-0.976,1.768,0.976,-0.006,0.018,1.033,2,292
509297575,-1.159,1.524,1.037,0.040,0.033,1.052,2,292
509298639,-1.280,1.402,0.671,-0.038,0.030,1.028,2,292
509299582,-1.585,1.463,0.732,0.027,0.015,1.041,2,292
509300639,-1.402,1.463,0.427,-0.017,0.036,1.044,2,292
509301572,-1.524,1.646,0.427,-0.011,0.021,1.028,2,292
509302639,-1.341,1.463,0.671,0.017,0.021,1.035,2,292
509303579,-1.220,1.280,0.549,-0.018,0.038,1.043,2,292
509304639,-0.915,1.220,0.732,-0.007,0.011,1.035,2,292
509305575,-1.037,1.402,0.793,0.008,0.033,1.042,2,292
509306639,-0.915,1.646,0.366,-0.026,0.022,1.030,2,292
509307575,-1.098,1.890,0.732,0.013,0.017,1.045,2,292
509308639,-1.220,1.463,0.610,0.016,0.038,1.039,2,292
509309575,-0.915,1.463,0.610,-0.025,0.016,1.034,2,292
509310639,-0.732,1.463,0.732,0.021,0.021,1.042,2,292
509311582,-0.854,1.341,0.793,0.021,0.030,1.030,2,292
509312639,-1.037,1.402,0.488,0.029,0.033,1.032,2,292
509313575,-0.854,1.402,0.549,0.014,0.017,1.041,2,292
509314639,-1.098,1.280,0.671,-0.048,0.035,1.044,2,292
509315578,-1.159,1.220,0.732,0.017,0.025,1.028,2,292
509316639,-1.280,1.280,0.549,0.021,0.029,1.029,2,292
509317571,-1.220,1.280,0.610,-0.033,0.023,1.039,2,292
509318639,-0.915,1.220,0.793,0.014,0.031,1.026,2,292
509319581,-0.976,1.220,0.610,0.026,0.018,1.031,2,292
509320639,-1.098,1.524,0.549,0.010,0.030,1.033,2,292
509321575,-1.037,1.341,0.366,0.032,0.021,1.033,2,292
509322639,-0.915,1.585,0.549,-0.041,0.030,1.044,2,292
509323572,-0.793,1.524,0.610,0.012,0.036,1.042,2,292
509324639,-1.220,1.341,0.366,0.038,0.021,1.039,2,292
509325752,-1.402,1.707,0.427,0.009,0.048,1.036,2,292
509326294,-1.402,1.707,0.427,0.009,0.048,1.036,2,302
509327355,-1.220,1.646,0.610,0.036,0.029,1.035,2,302
509328638,-1.280,1.524,0.854,0.014,0.039,1.035,2,302
509329575,-1.341,1.402,0.671,0.020,0.028,1.024,2,302
509330638,-1.280,1.646,0.366,-0.026,0.015,1.047,2,302
509331579,-1.341,1.646,0.549,0.010,0.041,1.057,2,302
509332638,-1.646,1.341,0.610,0.003,0.004,1.031,2,302
509333572,-1.463,1.646,0.549,-0.000,0.014,1.049,2,302
509334638,-1.524,1.341,0.488,0.017,0.024,1.040,2,302
509335581,-1.463,1.341,0.488,-0.017,0.008,1.042,2,302
509336638,-1.159,1.463,0.671,-0.004,0.035,1.037,2,302
509337576,-0.976,1.646,0.427,0.026,0.014,1.047,2,302
509338638,-1.037,1.524,0.549,-0.023,0.035,1.039,2,302
509339573,-0.976,1.463,0.671,-0.002,0.017,1.036,2,302
509340638,-0.915,1.402,0.183,-0.032,0.013,1.041,2,302
509341572,-1.098,1.341,0.793,0.014,0.028,1.048,2,302
509342638,-1.098,1.280,0.732,0.013,0.022,1.031,2,302
509343572,-1.037,1.220,0.244,-0.039,0.031,1.031,2,302
509344638,-1.463,1.341,0.305,0.024,0.031,1.044,2,302
509345583,-1.159,1.402,0.427,0.005,0.026,1.042,2,302
509346638,-0.793,1.463,0.488,0.021,0.027,1.031,2,302
509347571,-0.854,1.463,0.305,0.012,0.022,1.030,2,302
509348638,-1.098,1.402,0.427,-0.031,0.019,1.050,2,302
509349563,-1.037,1.585,0.305,0.007,0.027,1.036,2,302
509350638,-0.854,1.402,0.244,0.018,0.020,1.031,2,302
509351571,-0.732,1.524,0.427,-0.021,0.020,1.051,2,302
509352638,-0.671,1.341,0.183,0.002,0.032,1.034,2,302
509353571,-0.976,1.463,0.061,0.009,0.024,1.032,2,302
509354638,-1.098,1.402,0.305,0.014,0.025,1.042,2,302
509355571,-1.098,1.585,-0.061,0.006,0.034,1.030,2,302
509356638,-1.463,1.341,0.305,-0.008,0.025,1.039,2,302
509357578,-1.280,1.280,0.305,0.027,0.028,1.048,2,302
509358638,-1.220,1.585,0.305,-0.013,0.029,1.025,2,302
509359575,-1.220,1.707,0.427,0.013,0.031,1.035,2,302
509360638,-1.463,1.524,0.183,-0.035,0.041,1.033,2,302
509361580,-1.220,1.524,0.244,0.009,0.033,1.030,2,302
509362638,-1.341,1.463,0.122,0.021,0.015,1.028,2,302
509363572,-1.280,1.585,0.061,-0.017,0.039,1.063,2,302
509364638,-1.159,1.646,0.244,0.008,0.030,1.030,2,302
509365572,-0.854,1.524,-0.061,0.012,0.018,1.026,2,302
509366638,-0.854,1.463,-0.122,-0.021,0.039,1.045,2,302
509367575,-1.098,1.585,0.244,0.025,0.028,1.031,2,302
509368638,-1.098,1.585,0.244,-0.016,0.021,1.032,2,302
509369575,-1.098,1.646,0.488,0.003,0.021,1.039,2,302
509370638,-1.402,1.707,0.305,0.022,0.030,1.048,2,302
509371580,-1.280,1.463,0.000,-0.020,0.030,1.041,2,302
509372638,-1.524,1.707,0.183,0.008,0.030,1.037,2,302
509373576,-1.402,1.585,0.305,0.003,0.028,1.020,2,302
509374638,-1.098,1.646,0.610,0.012,0.027,1.054,2,302
509375751,-1.220,1.585,0.549,-0.007,0.019,1.036,2,302
509376294,-1.341,1.707,0.427,-0.021,0.039,1.047,2,312
509377371,-1.159,1.402,0.244,0.000,0.024,1.038,2,312
509378640,-0.976,1.524,0.061,-0.008,0.016,1.028,2,312
509379579,-1.098,1.341,0.183,-0.013,0.032,1.060,2,312
509380640,-1.098,1.220,0.122,0.005,0.019,1.020,2,312
509381573,-1.159,1.280,0.244,-0.005,0.025,1.035,2,312
509382640,-0.976,1.280,0.427,0.006,0.027,1.036,2,312
509383578,-1.037,1.585,0.366,-0.014,0.030,1.022,2,312
509384640,-1.037,1.463,0.244,-0.000,0.026,1.034,2,312
509385580,-0.915,1.341,0.427,0.021,0.027,1.038,2,312
509386640,-1.037,1.646,0.244,-0.026,0.013,1.030,2,312
509387579,-1.280,1.585,0.305,0.011,0.039,1.033,2,312
509388640,-1.280,1.585,-0.122,-0.018,0.017,1.042,2,312
509389574,-1.341,1.402,0.183,0.011,0.034,1.051,2,312
509390640,-1.037,1.463,0.183,-0.017,0.025,1.023,2,312
509391583,-1.037,1.524,0.061,0.007,0.019,1.035,2,312
509392640,-0.915,1.402,0.061,-0.010,0.039,1.053,2,312
509393571,-1.037,1.280,-0.061,-0.005,0.029,1.026,2,312
509394640,-1.159,1.402,0.305,-0.010,0.026,1.059,2,312
509395583,-1.341,1.220,0.244,-0.004,0.043,1.036,2,312
509396640,-1.220,1.463,0.305,0.005,0.012,1.036,2,312
509397574,-0.732,1.585,0.427,-0.005,0.046,1.055,2,312
509398640,-0.732,1.524,0.305,-0.003,0.025,1.039,2,312
509399579,-0.793,1.463,0.366,-0.009,0.017,1.029,2,312
509400640,-1.037,1.341,0.488,0.019,0.031,1.035,2,312
509401578,-0.793,1.220,0.183,0.005,0.011,1.057,2,312
509402640,-1.037,1.402,0.183,-0.008,0.028,1.026,2,312
509403578,-0.915,1.646,0.305,-0.018,0.033,1.033,2,312
509404640,-0.976,1.585,0.183,0.018,0.027,1.057,2,312
509405574,-0.976,1.524,0.000,-0.020,0.025,1.041,2,312
509406640,-1.098,1.402,0.122,0.004,0.023,1.039,2,312
509407563,-0.976,1.463,0.305,0.009,0.027,1.043,2,312
509408640,-0.732,1.402,0.183,0.017,0.019,1.023,2,312
509409579,-0.854,1.402,0.183,0.013,0.009,1.020,2,312
509410640,-0.915,1.280,0.183,-0.017,0.042,1.049,2,312
509411567,-1.037,1.402,0.732,0.021,0.028,1.051,2,312
509412640,-1.098,1.341,0.427,0.004,0.036,1.035,2,312
509413579,-0.915,1.524,0.427,-0.013,0.011,1.024,2,312
509414640,-1.341,1.402,0.061,-0.001,0.030,1.038,2,312
509415572,-1.280,1.402,0.122,-0.009,0.036,1.031,2,312
509416640,-1.341,1.524,0.427,0.023,0.021,1.031,2,312
509417579,-1.402,1.341,0.305,-0.023,0.039,1.034,2,312
509418640,-1.220,1.524,0.427,0.011,0.020,1.048,2,312
509419578,-1.159,1.463,0.305,-0.002,0.015,1.042,2,312
509420640,-1.220,1.402,0.183,-0.026,0.041,1.036,2,312
509421581,-1.341,1.463,0.305,0.019,0.030,1.041,2,312
509422640,-0.854,1.402,0.122,-0.010,0.033,1.036,2,312
509423575,-0.976,1.280,0.183,0.004,0.020,1.038,2,312
509424640,-1.037,1.341,0.244,-0.001,0.036,1.036,2,312
509425756,-1.280,1.341,0.244,0.002,0.043,1.044,2,312
509426304,-1.220,1.098,0.244,-0.000,0.033,1.044,2,321
509427451,-1.280,1.341,0.366,-0.002,0.015,1.027,2,321
509428638,-1.341,1.463,0.854,0.004,0.033,1.051,2,321
509429600,-1.037,1.463,0.854,-0.023,0.018,1.038,2,321
509430638,-1.098,1.524,0.671,0.014,0.022,1.043,2,321
509431580,-0.915,1.463,0.671,-0.001,0.028,1.026,2,321
509432638,-0.915,1.220,0.793,-0.023,0.024,1.036,2,321
509433579,-1.037,1.341,0.610,0.020,0.032,1.062,2,321
509434638,-0.976,1.220,0.488,-0.024,0.029,1.034,2,321
509435575,-1.402,1.524,0.549,0.004,0.038,1.043,2,321
509436638,-1.280,1.341,0.488,-0.018,0.021,1.039,2,321
509437578,-1.098,1.463,0.488,0.014,0.023,1.018,2,321
509438638,-1.098,1.280,0.671,0.014,0.022,1.030,2,321
509439572,-0.976,1.463,0.366,-0.018,0.030,1.054,2,321
509440638,-0.854,1.524,0.427,0.009,0.023,1.057,2,321
509441578,-0.854,1.585,0.427,0.000,0.040,1.029,2,321
509442638,-1.037,1.524,0.793,0.026,0.028,1.050,2,321
509443580,-1.220,1.341,0.549,-0.004,0.026,1.026,2,321
509444638,-1.341,1.463,0.549,-0.000,0.022,1.041,2,321
509445581,-1.280,1.402,0.366,0.021,0.021,1.045,2,321
509446638,-1.098,1.402,0.244,-0.010,0.018,1.021,2,321
509447576,-0.976,1.280,0.610,0.022,0.040,1.034,2,321
509448638,-0.976,1.220,0.488,-0.004,0.019,1.040,2,321
509449575,-0.854,1.524,0.427,0.021,0.036,1.014,2,321
509450638,-0.915,1.402,0.488,-0.011,0.031,1.029,2,321
509451580,-1.280,1.341,0.549,-0.000,0.042,1.063,2,321
509452638,-0.915,1.402,0.488,-0.002,0.021,1.034,2,321
509453576,-1.220,1.280,0.488,-0.001,0.025,1.006,2,321
509454638,-1.159,1.524,0.854,0.003,0.014,1.039,2,321
509455575,-1.037,1.341,0.854,0.005,0.041,1.049,2,321
509456638,-1.280,1.402,0.671,0.012,0.024,1.047,2,321
509457572,-1.220,1.524,0.732,-0.001,0.022,1.037,2,321
509458638,-1.037,1.402,0.671,-0.006,0.014,1.032,2,321
509459580,-1.220,1.159,0.732,0.013,0.036,1.060,2,321
509460638,-1.220,1.341,0.488,-0.022,0.001,1.033,2,321
509461575,-1.037,1.463,0.549,0.015,0.034,1.034,2,321
509462638,-1.098,1.585,0.793,-0.014,0.023,1.067,2,321
509463580,-1.098,1.463,1.037,0.010,0.025,1.045,2,321
509464638,-1.098,1.341,0.671,-0.010,0.029,1.021,2,321
509465576,-1.220,1.341,0.366,-0.009,0.017,1.045,2,321
509466638,-0.915,1.220,0.366,0.005,0.027,1.039,2,321
509467564,-1.098,1.280,0.366,-0.020,0.027,1.021,2,321
509468638,-1.037,1.341,0.488,0.010,0.021,1.051,2,321
509469575,-1.037,1.585,0.549,-0.020,0.010,1.032,2,321
509470638,-0.854,1.463,0.366,0.014,0.034,1.048,2,321
509471578,-0.915,1.341,0.183,-0.009,0.016,1.035,2,321
509472638,-1.037,1.524,0.366,-0.011,0.030,1.029,2,321
509473572,-1.037,1.463,0.488,0.023,0.021,1.033,2,321
509474638,-1.159,1.463,0.488,-0.028,0.025,1.035,2,321
509475599,-1.159,1.402,0.610,0.022,0.036,1.043,2,321
509476638,-1.159,1.707,0.244,-0.012,0.030,1.042,2,321
509477750,-0.976,1.463,0.305,0.016,0.026,1.019,2,321
509478299,-1.098,1.402,0.366,0.004,0.029,1.034,2,331
509479369,-1.159,1.524,0.610,0.007,0.035,1.063,2,331
509480638,-1.220,1.585,0.427,0.001,0.035,1.034,2,331
509481575,-1.220,1.402,0.183,-0.008,0.029,1.023,2,331
509482640,-1.280,1.524,0.366,0.005,0.033,1.043,2,331
509483579,-1.037,1.402,0.610,-0.005,0.024,1.044,2,331
509484640,-1.159,1.280,0.549,0.002,0.029,1.052,2,331
509485574,-1.098,1.524,0.427,-0.012,0.025,1.006,2,331
509486640,-0.976,1.585,0.732,-0.009,0.021,1.032,2,331
509487574,-1.159,1.463,0.610,0.027,0.031,1.043,2,331
509488640,-1.280,1.402,0.549,-0.042,0.040,1.042,2,331
509489582,-1.280,1.402,0.366,0.019,0.019,1.055,2,331
509490640,-1.220,1.463,0.793,-0.003,0.026,1.023,2,331
509491574,-1.159,1.524,0.671,0.011,0.044,1.031,2,331
509492640,-1.098,1.280,0.549,-0.007,0.017,1.045,2,331
509493576,-0.915,1.037,0.671,0.012,0.025,1.045,2,331
509494640,-0.915,1.524,0.793,0.007,0.021,1.029,2,331
509495565,-0.976,1.402,0.793,-0.010,0.023,1.044,2,331
509496640,-0.915,1.646,0.183,-0.014,0.021,1.024,2,331
509497573,-1.098,1.341,0.366,-0.002,0.024,1.032,2,331
509498640,-1.280,1.463,0.488,0.010,0.031,1.035,2,331
509499571,-1.220,1.585,0.244,-0.009,0.020,1.047,2,331
509500640,-1.280,1.585,0.427,0.023,0.020,1.049,2,331
509501573,-1.220,1.707,0.366,-0.009,0.028,1.031,2,331
509502640,-1.646,1.646,0.305,0.002,0.026,1.044,2,331
509503570,-1.159,1.280,0.244,-0.013,0.018,1.025,2,331
509504640,-1.341,1.159,0.488,0.018,0.033,1.049,2,331
509505579,-1.585,1.402,0.366,-0.007,0.030,1.039,2,331
509506640,-1.524,1.646,0.244,-0.004,0.042,1.050,2,331
509507570,-1.220,1.524,0.427,0.006,0.027,1.046,2,331
509508640,-1.159,1.341,0.366,-0.013,0.018,1.014,2,331
509509578,-1.341,1.280,0.305,0.007,0.018,1.039,2,331
509510640,-1.037,1.402,0.183,-0.019,0.026,1.043,2,331
509511571,-1.037,1.524,0.488,0.004,0.037,1.054,2,331
509512640,-0.915,1.463,0.244,0.002,0.021,1.013,2,331
509513575,-0.915,1.463,0.366,-0.007,0.034,1.033,2,331
509514640,-0.732,1.402,0.427,0.017,0.018,1.036,2,331
509515574,-1.098,1.585,0.366,-0.025,0.016,1.037,2,331
509516640,-0.976,1.220,0.427,-0.003,0.025,1.035,2,331
509517575,-1.159,1.463,0.610,-0.002,0.020,1.015,2,331
509518640,-1.098,1.341,0.610,-0.002,0.026,1.024,2,331
509519582,-1.280,1.402,0.427,-0.008,0.023,1.039,2,331
509520640,-1.341,1.341,0.183,0.010,0.024,1.064,2,331
509521574,-1.341,1.280,0.183,-0.012,0.023,1.044,2,331
509522640,-1.037,1.402,0.488,-0.003,0.032,1.017,2,331
509523579,-0.976,1.341,0.610,0.014,0.028,1.023,2,331
509524640,-1.159,1.280,0.122,0.008,0.022,1.055,2,331
509525736,-1.098,1.341,0.183,-0.009,0.025,1.043,2,331
509526276,-1.098,1.585,0.305,-0.008,0.022,1.020,2,341
509527349,-1.098,1.463,0.000,0.025,0.035,1.032,2,341
509528638,-1.037,1.585,-0.061,-0.023,0.013,1.037,2,341
509529579,-0.976,1.402,0.244,0.018,0.046,1.052,2,341
509530638,-1.037,1.524,-0.061,-0.005,0.031,1.024,2,341
509531579,-0.854,1.402,0.183,0.022,0.014,1.025,2,341
509532638,-0.854,1.341,0.061,-0.010,0.025,1.035,2,341
509533573,-1.159,1.585,0.244,0.008,0.028,1.038,2,341
509534638,-1.037,1.463,0.122,-0.012,0.029,1.036,2,341
509535584,-1.037,1.585,0.061,-0.005,0.013,1.037,2,341
509536638,-1.159,1.707,0.244,0.008,0.032,1.047,2,341
509537571,-0.854,1.646,0.000,-0.019,0.027,1.037,2,341
509538638,-1.159,1.463,0.305,0.022,0.024,1.038,2,341
509539571,-1.037,1.463,0.488,-0.030,0.035,1.054,2,341
509540638,-0.915,1.280,0.610,0.022,0.030,1.058,2,341
509541574,-0.549,1.524,0.549,-0.023,0.023,1.013,2,341
509542638,-0.793,1.646,0.549,-0.001,0.025,1.018,2,341
509543644,-1.220,1.463,0.427,0.010,0.032,1.030,2,341
509544161,-1.098,1.341,0.427,-0.013,0.019,1.076,2,341
509545702,-1.341,1.463,0.488,-0.015,0.013,0.994,2,341
509546209,-1.341,1.463,0.488,-0.015,0.013,0.994,2,341
509547700,-1.037,1.463,0.488,0.010,0.022,1.051,2,341
509548214,-0.732,1.341,0.427,-0.015,0.018,1.066,2,341
509549700,-0.671,1.280,0.671,0.018,0.021,1.036,2,341
509550214,-0.915,1.341,0.366,-0.013,0.025,1.011,2,341
509551700,-1.280,1.402,0.122,0.020,0.029,1.045,2,341
509552208,-1.280,1.402,0.122,0.020,0.029,1.045,2,341
509553700,-0.976,1.402,0.244,0.021,0.029,1.026,2,341
509554209,-0.976,1.463,0.183,-0.024,0.031,1.022,2,341
509555700,-0.854,1.341,0.427,0.014,0.021,1.055,2,341
509556208,-0.915,1.341,0.549,0.001,0.038,1.031,2,341
509557700,-1.037,1.341,0.671,0.014,0.026,1.038,2,341
509558209,-1.037,1.341,0.671,0.014,0.026,1.038,2,341
509559700,-0.976,1.463,0.549,0.004,0.022,1.042,2,341
509560209,-0.976,1.463,0.549,0.004,0.022,1.042,2,341
509561700,-1.098,1.585,0.427,-0.002,0.026,1.032,2,341
509562207,-1.098,1.463,0.488,-0.001,0.033,1.048,2,341
509563700,-1.159,1.463,0.305,0.003,0.018,1.016,2,341
509564208,-1.098,1.524,0.183,-0.003,0.035,1.041,2,341
509565700,-0.732,1.585,0.183,-0.017,0.019,1.057,2,341
509566209,-0.732,1.585,0.183,-0.017,0.019,1.057,2,341
509567700,-1.037,1.524,0.427,-0.024,0.020,1.011,2,341
509568208,-0.976,1.220,0.488,0.022,0.025,1.048,2,341
509569700,-0.976,1.341,0.549,-0.001,0.014,1.059,2,341
509570209,-1.037,1.280,0.732,-0.009,0.035,1.045,2,341
509571700,-1.220,1.585,0.488,-0.022,0.020,1.032,2,341
509572206,-1.220,1.585,0.488,-0.022,0.020,1.032,2,341
509573700,-0.732,1.280,0.610,0.002,0.015,1.035,2,341
509574214,-0.976,1.402,0.610,-0.009,0.025,1.017,2,341
509575700,-0.915,1.280,0.549,0.020,0.021,1.042,2,341
509576209,-0.915,1.524,0.488,-0.025,0.024,1.048,2,341
509577456,-0.732,1.524,0.610,0.015,0.027,1.058,2,341
509578638,-0.793,1.402,0.488,0.009,0.019,1.026,2,351
509579612,-1.159,1.524,0.488,0.009,0.037,1.049,2,351
509580639,-1.159,1.463,0.549,-0.019,0.017,1.031,2,351
509581579,-1.220,1.463,0.305,0.033,0.032,1.033,2,351
509582640,-1.402,1.402,0.366,-0.016,0.025,1.041,2,351
509583575,-1.402,1.585,0.488,0.005,0.029,1.044,2,351
509584640,-1.098,1.463,0.549,-0.003,0.028,1.022,2,351
509585575,-1.098,1.585,0.427,0.006,0.021,1.059,2,351
509586640,-0.854,1.524,0.305,0.002,0.033,1.055,2,351
509587571,-0.976,1.646,0.793,-0.000,0.022,1.018,2,351
509588640,-1.402,1.402,0.610,-0.003,0.026,1.027,2,351
509589580,-1.280,1.768,0.610,-0.029,0.021,1.058,2,351
509590640,-1.402,1.646,0.610,0.007,0.046,1.052,2,351
509591567,-1.159,1.585,0.732,-0.015,0.012,0.999,2,351
509592640,-0.549,1.585,0.732,-0.007,0.018,1.053,2,351
509593586,-0.732,1.463,0.854,-0.005,0.029,1.043,2,351
509594640,-0.976,1.037,0.915,0.015,0.033,1.015,2,351
509595579,-0.915,1.341,0.793,-0.026,0.017,1.029,2,351
509596640,-1.098,1.646,0.854,0.021,0.027,1.084,2,351
509597570,-1.220,1.890,0.671,-0.007,0.023,1.021,2,351
509598640,-1.159,1.402,0.732,0.017,0.021,1.046,2,351
509599567,-1.159,1.463,0.610,-0.005,0.020,1.070,2,351
509600640,-1.037,1.524,0.427,0.002,0.028,1.031,2,351
509601579,-0.915,1.402,0.427,-0.015,0.039,1.004,2,351
509602640,-0.732,1.524,0.671,0.011,0.013,1.050,2,351
509603574,-0.610,1.220,0.610,0.001,0.040,1.050,2,351
509604640,-0.854,1.463,0.549,-0.021,0.022,1.004,2,351
509605571,-1.037,1.220,0.427,0.021,0.032,1.032,2,351
509606640,-1.098,1.280,0.671,0.023,0.032,1.048,2,351
509607583,-0.854,1.463,0.793,-0.008,0.033,1.022,2,351
509608640,-1.098,1.159,0.976,0.002,0.021,1.034,2,351
509609571,-0.976,1.341,0.793,-0.004,0.026,1.028,2,351
509610640,-1.098,1.463,0.549,-0.003,0.022,1.017,2,351
509611583,-1.524,1.402,0.610,-0.008,0.027,1.070,2,351
509612640,-1.098,1.524,0.427,-0.009,0.037,1.023,2,351
509613579,-1.159,1.341,0.488,0.000,0.027,1.036,2,351
509614640,-1.098,1.402,0.549,-0.008,0.016,1.052,2,351
509615577,-0.854,1.463,0.488,0.010,0.043,1.027,2,351
509616640,-0.915,1.341,0.244,-0.017,0.025,1.007,2,351
509617571,-0.793,1.220,0.366,0.010,0.026,1.080,2,351
509618640,-1.037,1.646,0.488,-0.006,0.030,1.001,2,351
509619573,-0.976,1.646,0.732,0.013,0.022,1.023,2,351
509620640,-1.159,1.341,0.610,-0.016,0.014,1.088,2,351
509621575,-1.220,1.402,0.549,0.017,0.039,1.048,2,351
509622640,-1.037,1.585,0.305,-0.014,0.023,0.992,2,351
509623577,-0.976,1.646,0.610,0.009,0.017,1.050,2,351
509624640,-0.976,1.524,0.671,-0.004,0.024,1.071,2,351
509625739,-0.976,1.585,0.549,0.019,0.034,1.014,2,351
509626282,-0.976,1.585,0.549,0.019,0.034,1.014,2,360
509627356,-1.280,1.463,0.366,-0.021,0.022,1.052,2,360
509628638,-1.402,1.220,0.732,-0.015,0.028,1.003,2,360
509629583,-1.402,1.341,0.671,0.002,0.027,1.034,2,360
509630638,-1.037,1.159,0.549,0.011,0.033,1.053,2,360
509631578,-0.854,1.524,0.549,-0.014,0.015,1.022,2,360
509632638,-0.915,1.402,0.244,-0.004,0.030,1.040,2,360
509633573,-1.159,1.402,0.183,0.011,0.028,1.051,2,360
509634638,-1.341,1.463,0.122,-0.012,0.040,1.043,2,360
509635579,-1.098,1.707,0.305,0.002,0.022,1.032,2,360
509636638,-1.220,1.402,0.183,-0.000,0.024,1.010,2,360
509637576,-1.524,1.341,0.183,-0.008,0.025,1.041,2,360
509638638,-1.280,1.159,0.366,0.005,0.042,1.078,2,360
509639575,-1.280,1.524,0.305,-0.012,0.023,1.016,2,360
509640638,-1.159,1.402,0.305,0.004,0.033,1.066,2,360
509641575,-1.402,1.341,0.488,-0.011,0.024,1.038,2,360
509642638,-1.280,1.524,0.488,0.006,0.036,1.000,2,360
509643575,-0.976,1.585,0.366,-0.021,0.006,1.058,2,360
509644638,-1.037,1.341,0.549,0.023,0.044,1.091,2,360
509645572,-0.976,1.463,0.366,-0.015,0.015,1.002,2,360
509646638,-1.037,1.524,0.305,-0.007,0.013,1.079,2,360
509647572,-0.854,1.585,0.366,-0.009,0.042,1.025,2,360
509648638,-0.976,1.524,0.732,0.008,0.026,0.997,2,360
509649572,-1.098,1.402,0.549,-0.015,0.020,1.075,2,360
509650638,-1.220,1.585,0.488,0.004,0.029,1.061,2,360
509651575,-1.098,1.341,0.305,-0.010,0.027,0.987,2,360
509652638,-1.220,1.280,0.427,0.002,0.040,1.066,2,360
509653580,-0.976,1.159,0.366,-0.001,0.026,1.011,2,360
509654638,-1.159,1.341,0.427,0.006,0.031,1.036,2,360
509655572,-1.098,1.524,0.244,-0.005,0.018,1.048,2,360
509656638,-1.159,1.463,0.244,0.010,0.042,1.051,2,360
509657574,-1.341,1.646,0.305,0.000,0.023,1.021,2,360
509658638,-1.098,1.646,0.244,0.006,0.030,1.042,2,360
509659573,-0.854,1.524,0.244,-0.002,0.030,1.038,2,360
509660638,-1.159,1.768,0.244,-0.003,0.031,1.024,2,360
509661579,-1.098,1.463,0.122,-0.005,0.028,1.038,2,360
509662638,-1.220,1.524,0.244,-0.008,0.028,1.075,2,360
509663572,-1.037,1.524,0.244,-0.012,0.036,1.022,2,360
509664638,-0.915,1.524,0.244,-0.008,0.019,1.008,2,360
509665578,-0.976,1.280,0.122,-0.001,0.033,1.060,2,360
509666638,-1.098,1.098,0.244,0.003,0.052,1.005,2,360
509667643,-0.793,1.463,0.305,-0.022,0.016,1.063,2,360
509668172,-0.793,1.463,0.305,-0.022,0.016,1.063,2,360
509669700,-0.915,1.585,0.427,-0.017,0.019,0.991,2,360
509670202,-0.732,1.524,0.366,0.016,0.024,1.056,2,360
509671700,-1.098,1.463,0.366,0.002,0.021,1.069,2,360
509672208,-1.402,1.585,0.122,0.008,0.033,0.998,2,360
509673700,-1.159,1.341,0.244,-0.009,0.021,1.082,2,360
509674208,-1.159,1.341,0.244,-0.009,0.021,1.082,2,360
509675700,-1.220,1.585,0.061,-0.012,0.019,1.004,2,360
509676208,-0.854,1.402,0.244,0.007,0.019,1.070,2,360
509677448,-1.159,1.280,0.305,0.002,0.021,1.039,2,360
509678639,-0.976,1.463,0.366,0.009,0.021,1.011,2,370
509679612,-1.220,1.463,0.305,0.008,0.034,1.046,2,370
509680638,-0.732,1.402,0.427,-0.001,0.038,1.033,2,370
509681641,-0.854,1.280,0.183,-0.013,0.004,1.031,2,370
509682172,-0.854,1.280,0.183,-0.013,0.004,1.031,2,370
509683700,-1.098,1.402,0.366,-0.001,0.028,1.041,2,370
509684217,-1.220,1.585,0.305,0.000,0.035,1.015,2,370
509685700,-1.159,1.707,0.183,-0.005,0.025,1.027,2,370
509686217,-0.793,1.646,0.305,-0.003,0.021,1.055,2,370
509687699,-1.159,1.402,0.549,-0.015,0.016,1.008,2,370
509688216,-1.159,1.402,0.549,-0.015,0.016,1.008,2,370
509689699,-1.098,1.280,0.244,-0.010,0.012,1.023,2,370
509690209,-1.098,1.341,0.488,0.001,0.032,1.018,2,370
509691705,-1.341,1.341,0.427,-0.003,0.011,1.057,2,370
509692229,-1.402,1.402,0.366,-0.005,0.041,1.043,2,370
509693701,-1.037,1.463,0.305,-0.008,0.032,1.072,2,370
509694219,-1.037,1.463,0.305,-0.008,0.032,1.072,2,370
509695699,-0.915,1.524,0.244,-0.019,0.026,0.994,2,370
509696218,-0.915,1.524,0.244,-0.019,0.026,0.994,2,370
509697699,-0.793,1.707,0.305,-0.004,0.047,1.033,2,370
509698216,-0.671,1.402,0.366,0.000,-0.000,1.007,2,370
509699699,-0.671,1.341,0.305,0.003,0.041,1.066,2,370
509700216,-0.854,1.220,0.366,0.001,0.008,1.042,2,370
509701699,-1.098,1.220,0.305,-0.012,0.011,1.053,2,370
509702212,-1.098,1.220,0.305,-0.012,0.011,1.053,2,370
509703699,-1.220,1.220,0.244,-0.001,0.009,1.011,2,370
509704218,-1.159,1.341,0.488,0.016,0.039,1.036,2,370
509705708,-1.220,1.463,0.305,-0.004,0.029,1.042,2,370
509706223,-1.159,1.463,0.366,0.016,0.033,1.037,2,370
509707700,-1.463,1.463,0.549,-0.013,0.024,1.044,2,370
509708219,-1.463,1.463,0.549,-0.013,0.024,1.044,2,370
509709699,-1.463,1.524,0.061,-0.007,0.023,1.017,2,370
509710218,-1.159,1.402,0.122,-0.002,0.035,1.071,2,370
509711699,-1.037,1.463,0.244,-0.013,0.032,1.030,2,370
509712218,-1.159,1.585,0.427,-0.002,0.025,1.017,2,370
509713699,-1.037,1.463,0.610,-0.002,0.022,1.029,2,370
509714212,-1.037,1.463,0.610,-0.002,0.022,1.029,2,370
509715699,-0.976,1.707,0.671,-0.004,0.019,1.079,2,370
509716216,-0.976,1.707,0.671,-0.004,0.019,1.079,2,370
509717699,-1.220,1.585,0.366,-0.006,0.009,1.024,2,370
509718216,-1.098,1.402,0.488,0.008,0.032,1.076,2,370
509719699,-0.793,1.341,0.610,-0.021,0.029,1.015,2,370
509720218,-0.854,1.585,0.793,0.008,0.015,1.040,2,370
509721699,-0.610,1.768,0.610,-0.003,0.018,1.009,2,370
509722216,-0.610,1.768,0.610,-0.003,0.018,1.009,2,370
509723699,-0.854,1.463,0.305,-0.007,0.020,1.049,2,370
509724212,-0.915,1.768,0.366,0.007,0.041,1.026,2,370
509725699,-0.549,1.585,0.183,-0.010,0.016,1.036,2,370
509726212,-0.854,1.524,0.366,0.015,0.036,1.046,2,370
509727454,-0.976,1.524,0.610,-0.003,0.024,1.021,2,370
509728639,-0.915,1.829,0.549,-0.008,0.037,1.030,2,380
509729622,-1.037,1.646,0.427,0.007,0.028,1.037,2,380
509730638,-1.159,1.585,0.549,-0.012,0.027,1.033,2,380
509731579,-1.037,1.585,0.549,0.004,0.020,1.046,2,380
509732638,-1.220,1.463,0.427,-0.003,0.030,1.043,2,380
509733579,-1.037,1.341,0.427,-0.008,0.028,1.020,2,380
509734638,-1.220,1.585,0.610,-0.004,0.033,1.024,2,380
509735575,-1.646,1.524,0.671,0.004,0.023,1.035,2,380
509736638,-1.159,1.341,0.549,-0.009,0.027,1.055,2,380
509737580,-1.037,1.707,0.366,0.002,0.034,1.021,2,380
509738638,-0.732,1.524,0.366,0.000,0.012,1.028,2,380
509739577,-0.976,1.585,0.366,0.000,0.028,1.055,2,380
509740638,-0.915,1.280,0.427,-0.004,0.038,1.016,2,380
509741580,-0.976,1.341,0.183,-0.007,0.024,1.060,2,380
509742638,-0.976,1.585,0.854,-0.008,0.030,1.021,2,380
509743573,-0.915,1.402,0.610,0.026,0.029,1.067,2,380
509744638,-0.793,1.646,0.488,-0.009,0.026,1.024,2,380
509745571,-0.976,1.524,0.366,0.009,0.026,1.039,2,380
509746638,-0.915,1.585,0.488,-0.005,0.023,1.049,2,380
509747568,-0.915,1.341,0.366,0.007,0.031,1.008,2,380
509748638,-0.549,1.280,0.366,0.009,0.030,1.040,2,380
509749579,-0.671,1.585,0.671,0.006,0.036,1.037,2,380
509750638,-0.915,1.768,0.732,-0.003,0.019,1.024,2,380
509751572,-1.220,1.585,0.793,0.008,0.027,1.042,2,380
509752638,-1.098,1.463,0.000,-0.002,0.031,1.032,2,380
509753563,-1.159,1.524,0.427,-0.001,0.020,1.037,2,380
509754638,-1.037,1.280,0.244,0.000,0.021,1.030,2,380
509755581,-1.402,1.341,0.305,-0.011,0.043,1.038,2,380
509756638,-1.098,1.463,0.671,0.000,0.000,1.048,2,380
509757560,-1.220,1.463,0.793,0.002,0.043,1.034,2,380
509758638,-0.976,1.524,0.671,-0.008,0.000,1.059,2,380
509759574,-1.098,1.524,0.549,0.007,0.044,1.033,2,380
509760638,-0.732,1.341,0.793,-0.013,0.012,1.037,2,380
509761579,-0.976,1.341,0.732,0.019,0.033,1.058,2,380
509762638,-1.098,1.463,0.610,0.002,0.030,1.072,2,380
509763584,-1.220,1.585,0.427,-0.004,0.032,1.038,2,380
509764638,-1.341,1.646,0.610,0.000,0.018,1.034,2,380
509765571,-1.037,1.402,0.610,-0.007,0.027,1.050,2,380
509766638,-0.915,1.524,0.671,0.005,0.014,1.009,2,380
509767580,-0.793,1.585,0.488,0.012,0.040,1.070,2,380
509768638,-1.037,1.341,0.854,0.015,0.037,1.030,2,380
509769576,-0.854,1.524,0.793,-0.006,0.017,1.054,2,380
509770638,-1.037,1.585,0.610,0.011,0.040,1.032,2,380
509771579,-0.915,1.646,0.610,-0.015,0.016,1.035,2,380
509772638,-0.976,1.524,0.427,0.019,0.037,1.037,2,380
509773575,-1.098,1.402,0.366,-0.007,0.024,1.023,2,380
509774666,-1.280,1.280,0.244,0.021,0.027,1.049,2,380
509775758,-1.220,1.280,0.183,0.003,0.025,1.030,2,380
509776300,-1.220,1.280,0.183,0.003,0.025,1.030,2,390
509777374,-1.159,1.341,0.427,-0.003,0.023,1.032,2,390
509778638,-1.341,1.280,0.427,-0.008,0.027,1.035,2,390
509779582,-1.280,1.341,0.488,-0.001,0.025,1.026,2,390
509780640,-1.341,1.463,0.488,-0.002,0.033,1.035,2,390
509781574,-1.220,1.341,0.061,-0.021,0.025,1.020,2,390
509782640,-1.220,1.402,0.488,-0.027,0.039,1.025,2,390
509783579,-1.159,1.524,0.366,0.017,0.006,1.059,2,390
509784640,-0.976,1.646,0.183,-0.018,0.030,1.023,2,390
509785571,-0.915,1.463,0.061,0.011,0.013,1.043,2,390
509786640,-0.915,1.463,0.244,-0.019,0.027,1.044,2,390
509787576,-1.220,1.341,0.183,0.006,0.003,1.035,2,390
509788640,-1.220,1.402,0.366,0.003,0.006,1.009,2,390
509789569,-1.341,1.585,0.732,0.002,0.028,1.049,2,390
509790640,-0.976,1.524,0.671,-0.003,0.014,1.041,2,390
509791576,-0.976,1.524,0.732,0.008,0.024,1.033,2,390
509792640,-0.854,1.585,0.610,-0.014,0.017,1.043,2,390
509793575,-1.037,1.524,0.366,0.017,0.032,1.039,2,390
509794640,-1.280,1.341,0.549,-0.010,0.021,1.040,2,390
509795572,-1.159,1.280,0.244,0.012,0.026,1.037,2,390
509796640,-1.341,1.159,0.244,0.008,0.027,1.041,2,390
509797579,-1.098,1.585,0.122,-0.017,0.035,1.034,2,390
509798640,-0.854,1.585,0.061,0.012,0.021,1.029,2,390
509799575,-1.098,1.402,-0.061,-0.005,0.036,1.042,2,390
509800640,-1.098,1.402,0.122,-0.003,0.020,1.030,2,390
509801571,-1.037,1.524,0.183,-0.002,0.032,1.045,2,390
509802640,-1.280,1.220,0.610,0.000,0.018,1.035,2,390
509803579,-1.098,1.220,0.549,-0.012,0.034,1.042,2,390
509804640,-0.915,1.098,0.610,0.008,0.010,1.035,2,390
509805578,-0.976,1.524,0.549,-0.016,0.045,1.035,2,390
509806640,-0.976,1.768,0.549,0.002,0.022,1.053,2,390
509807575,-1.037,1.890,0.427,-0.008,0.033,1.038,2,390
509808640,-0.976,1.646,0.244,0.010,0.009,1.056,2,390
509809575,-0.915,1.402,0.366,-0.015,0.044,1.035,2,390
509810640,-0.549,1.463,0.488,-0.017,0.037,1.035,2,390
509811575,-0.549,1.585,0.488,0.011,0.009,1.045,2,390
509812640,-0.793,1.524,0.427,-0.016,0.039,1.027,2,390
509813579,-0.732,1.524,0.244,0.002,0.005,1.032,2,390
509814640,-0.671,1.463,0.488,-0.014,0.034,1.050,2,390
509815575,-0.793,1.463,0.366,0.005,0.018,1.028,2,390
509816640,-1.280,1.341,0.122,0.010,0.021,1.018,2,390
509817579,-1.280,1.341,0.183,-0.006,0.030,1.045,2,390
509818640,-1.037,1.341,0.061,0.014,0.026,1.042,2,390
509819574,-1.463,1.463,0.183,-0.005,0.040,1.036,2,390
509820640,-1.402,1.280,0.244,0.005,0.019,1.025,2,390
509821571,-1.646,1.463,0.610,-0.008,0.037,1.040,2,390
509822640,-1.585,1.463,0.488,-0.006,0.018,1.027,2,390
509823576,-0.915,1.341,0.183,-0.003,0.010,1.021,2,390
509824640,-0.976,1.341,0.305,0.001,0.052,1.050,2,390
509825749,-1.037,1.341,0.183,-0.010,0.018,1.019,2,390
509826294,-0.854,1.280,0.122,0.010,0.035,1.039,2,399
509827374,-1.159,1.098,0.244,-0.021,0.020,1.035,2,399
509828638,-1.159,1.524,0.488,0.009,0.034,1.036,2,399
509829580,-1.280,1.585,0.427,-0.011,0.003,1.053,2,399
509830638,-0.915,1.646,0.488,0.001,0.010,1.039,2,399
509831571,-0.915,1.524,0.671,-0.002,0.026,1.035,2,399
509832638,-1.159,1.524,0.732,0.006,0.015,1.051,2,399
509833568,-1.037,1.585,0.549,-0.010,0.037,1.045,2,399
509834638,-1.341,1.585,0.305,0.012,0.025,1.039,2,399
509835575,-1.159,1.463,0.122,-0.002,0.030,1.035,2,399
509836638,-0.793,1.402,0.183,-0.021,0.033,1.041,2,399
509837575,-1.037,1.280,0.366,0.020,0.016,1.031,2,399
509838638,-0.915,1.220,0.305,-0.015,0.037,1.040,2,399
509839581,-1.280,1.402,0.427,0.019,0.011,1.041,2,399
509840638,-1.159,1.280,0.366,-0.015,0.044,1.022,2,399
509841574,-0.976,1.280,0.305,0.014,0.014,1.041,2,399
509842638,-1.037,1.463,0.183,-0.006,0.044,1.035,2,399
509843572,-0.854,1.585,0.183,-0.002,0.009,1.032,2,399
509844638,-1.220,1.402,0.488,0.003,0.004,1.039,2,399
509845568,-1.220,1.402,0.427,-0.003,0.046,1.038,2,399
509846638,-1.280,1.585,0.366,-0.005,0.018,1.042,2,399
509847578,-1.402,1.463,0.244,-0.005,0.035,1.037,2,399
509848638,-1.220,1.341,0.427,-0.003,0.022,1.023,2,399
509849572,-1.341,1.159,0.366,-0.009,0.027,1.034,2,399
509850638,-1.220,1.159,0.610,-0.019,0.022,1.049,2,399
509851575,-1.220,1.341,0.549,0.002,0.026,1.032,2,399
509852638,-0.793,1.463,0.671,-0.012,0.033,1.041,2,399
509853571,-0.915,1.707,0.488,-0.002,0.013,1.040,2,399
509854638,-0.732,1.768,0.793,0.001,0.036,1.035,2,399
509855578,-0.732,1.463,0.915,-0.005,0.014,1.047,2,399
509856638,-0.732,1.402,0.610,0.000,0.033,1.037,2,399
509857576,-1.280,1.341,0.549,0.012,0.037,1.040,2,399
509858638,-1.159,1.341,0.610,-0.007,0.016,1.033,2,399
509859580,-0.854,1.280,0.549,0.021,0.034,1.033,2,399
509860638,-0.793,1.463,0.488,-0.007,0.023,1.042,2,399
509861571,-1.220,1.463,0.427,0.018,0.023,1.044,2,399
509862638,-0.976,1.402,0.366,-0.011,0.026,1.025,2,399
509863568,-1.159,1.402,0.488,0.019,0.025,1.043,2,399
509864638,-1.037,1.402,0.671,-0.007,0.027,1.041,2,399
509865572,-1.037,1.341,0.793,-0.011,0.024,1.023,2,399
509866638,-1.159,1.098,0.915,-0.004,0.027,1.044,2,399
509867571,-1.159,1.159,0.915,-0.007,0.024,1.035,2,399
509868638,-1.341,1.341,0.854,-0.004,0.021,1.041,2,399
509869575,-1.463,1.280,0.732,-0.014,0.031,1.037,2,399
509870638,-1.037,1.463,0.671,-0.020,0.017,1.030,2,399
509871575,-0.915,1.646,0.427,0.009,0.026,1.036,2,399
509872638,-1.280,1.341,0.671,-0.017,0.022,1.048,2,399
509873575,-0.915,1.220,0.793,0.006,0.020,1.032,2,399
509874638,-1.098,1.098,0.671,-0.018,0.030,1.048,2,399
509875753,-1.159,1.280,0.366,-0.002,0.010,1.043,2,399
509876292,-1.220,1.463,0.427,-0.004,0.035,1.048,2,409
509877353,-0.915,1.463,0.488,-0.005,0.017,1.036,2,409
509878638,-0.854,1.585,0.549,-0.013,0.001,1.035,2,409
509879579,-0.915,1.890,0.671,0.017,0.042,1.036,2,409
509880640,-0.976,1.524,0.610,0.001,0.015,1.051,2,409
509881639,-0.915,1.463,0.549,0.003,0.038,1.039,2,409
509882165,-1.159,1.463,0.244,-0.006,0.028,1.037,2,409
509883700,-1.159,1.463,0.244,-0.000,0.023,1.046,2,409
509884217,-1.159,1.463,0.244,-0.000,0.023,1.046,2,409
509885700,-1.098,1.463,0.549,0.000,0.033,1.032,2,409
509886212,-1.098,1.463,0.549,0.000,0.033,1.032,2,409
509887699,-0.915,1.341,0.305,-0.012,0.018,1.031,2,409
509888211,-0.976,1.463,0.549,-0.008,0.044,1.038,2,409
509889699,-1.402,1.341,0.549,-0.006,0.017,1.030,2,409
509890218,-1.098,1.280,0.427,0.011,0.044,1.036,2,409
509891699,-1.341,1.159,0.610,0.016,0.039,1.049,2,409
509892218,-1.341,1.159,0.610,0.016,0.039,1.049,2,409
509893699,-1.220,1.707,0.549,0.009,0.028,1.044,2,409
509894216,-0.915,1.707,0.732,-0.023,0.025,1.019,2,409
509895699,-0.915,1.585,0.671,0.010,0.012,1.048,2,409
509896216,-0.854,1.585,0.610,-0.013,0.022,1.046,2,409
509897699,-1.159,1.524,0.671,-0.010,0.042,1.023,2,409
509898212,-1.159,1.524,0.671,-0.010,0.042,1.023,2,409
509899699,-0.793,1.707,0.366,-0.010,0.034,1.023,2,409
509900218,-0.793,1.707,0.366,-0.010,0.034,1.023,2,409
509901699,-0.915,1.341,0.061,-0.019,0.036,1.028,2,409
509902218,-1.280,1.402,-0.061,0.022,0.024,1.034,2,409
509903699,-1.341,1.463,0.000,-0.010,0.029,1.034,2,409
509904209,-1.159,1.524,0.183,0.020,0.021,1.037,2,409
509905701,-1.220,1.159,0.366,0.016,0.021,1.027,2,409
509906215,-1.220,1.159,0.366,0.016,0.021,1.027,2,409
509907699,-1.341,1.585,0.732,0.001,0.014,1.032,2,409
509908216,-1.524,1.585,0.671,0.002,0.049,1.044,2,409
509909699,-1.646,1.585,0.732,-0.005,0.024,1.042,2,409
509910212,-1.402,1.341,0.488,-0.001,0.030,1.034,2,409
509911699,-1.098,1.280,0.488,-0.007,0.040,1.041,2,409
509912216,-1.098,1.280,0.488,-0.007,0.040,1.041,2,409
509913699,-1.402,1.463,0.244,-0.020,0.023,1.024,2,409
509914216,-1.280,1.646,0.427,0.007,0.027,1.043,2,409
509915699,-1.037,1.585,0.549,-0.019,0.011,1.042,2,409
509916216,-0.915,1.829,0.671,0.009,0.021,1.038,2,409
509917699,-0.732,1.768,0.549,0.009,0.029,1.046,2,409
509918212,-0.854,1.768,0.427,0.009,0.029,1.046,2,409
509919699,-1.037,1.707,0.610,0.018,0.028,1.031,2,409
509920216,-1.037,1.707,0.610,0.018,0.028,1.031,2,409
509921699,-1.159,1.463,0.244,0.001,0.026,1.044,2,409
509922215,-1.159,1.402,0.305,-0.015,0.027,1.047,2,409
509923699,-0.854,1.524,0.427,0.015,0.037,1.033,2,409
509924212,-0.854,1.280,0.671,-0.007,0.016,1.035,2,409
509925699,-1.280,1.524,0.427,-0.013,0.027,1.046,2,409
509926218,-1.280,1.524,0.427,-0.013,0.027,1.046,2,409
509927472,-1.402,1.463,0.488,-0.014,0.030,1.032,2,409
509928639,-1.341,1.402,0.305,0.012,0.018,1.034,2,419
509929623,-1.524,1.646,0.366,-0.007,0.044,1.047,2,419
509930638,-1.341,1.646,0.305,0.010,0.011,1.019,2,419
509931580,-1.280,1.463,0.427,-0.003,0.043,1.042,2,419
509932638,-0.976,1.707,0.610,-0.004,0.039,1.045,2,419
509933572,-1.341,1.463,0.305,0.005,0.023,1.032,2,419
509934638,-1.402,1.463,0.488,-0.005,0.025,1.034,2,419
509935580,-1.098,1.524,0.671,0.006,0.019,1.045,2,419
509936638,-0.915,1.280,0.610,-0.019,0.021,1.041,2,419
509937575,-0.793,1.707,0.244,0.019,0.039,1.043,2,419
509938638,-0.793,1.768,0.061,0.008,0.031,1.040,2,419
509939579,-0.915,1.646,0.366,-0.010,0.017,1.045,2,419
509940638,-1.037,1.646,0.305,-0.000,0.034,1.039,2,419
509941576,-1.159,1.646,0.427,0.003,0.024,1.042,2,419
509942638,-0.732,1.646,0.366,0.003,0.027,1.047,2,419
509943573,-1.098,1.585,0.122,0.001,0.022,1.042,2,419
509944638,-1.098,1.463,-0.061,0.017,0.018,1.034,2,419
509945635,-1.159,1.341,0.305,0.023,0.030,1.037,2,419
509946157,-1.159,1.341,0.305,0.023,0.030,1.037,2,419
509947701,-0.915,1.220,0.366,0.024,0.027,1.027,2,419
509948218,-1.159,1.524,0.366,-0.014,0.036,1.043,2,419
509949700,-0.915,1.341,0.122,0.004,0.018,1.025,2,419
509950208,-1.098,1.280,0.061,-0.006,0.039,1.040,2,419
509951700,-1.098,1.159,0.061,-0.012,0.059,1.028,2,419
509952207,-1.341,1.585,0.183,-0.012,0.059,1.028,2,419
509953700,-1.098,1.463,0.122,-0.014,0.045,1.038,2,419
509954209,-1.098,1.463,0.122,-0.014,0.045,1.038,2,419
509955700,-1.098,1.463,0.488,-0.016,0.032,1.028,2,419
509956207,-0.915,1.524,0.793,0.004,0.015,1.057,2,419
509957700,-1.220,1.524,0.549,-0.016,0.026,1.021,2,419
509958214,-1.280,1.524,0.427,0.012,0.030,1.042,2,419
509959700,-0.976,1.341,0.305,0.024,0.002,1.041,2,419
509960208,-0.976,1.341,0.305,0.024,0.002,1.041,2,419
509961700,-0.854,1.402,0.305,0.008,0.015,1.045,2,419
509962209,-0.915,1.463,0.061,-0.010,0.040,1.049,2,419
509963700,-0.976,1.280,-0.061,0.019,0.011,1.045,2,419
509964208,-1.341,1.463,0.244,-0.025,0.043,1.021,2,419
509965700,-1.220,1.280,0.000,-0.025,0.042,1.052,2,419
509966214,-1.220,1.280,0.000,-0.025,0.042,1.052,2,419
509967701,-1.037,1.585,0.488,-0.005,0.032,1.008,2,419
509968215,-1.037,1.585,0.488,-0.005,0.032,1.008,2,419
509969700,-1.341,1.463,0.244,-0.004,0.051,1.039,2,419
509970208,-1.402,1.220,0.061,0.006,0.011,1.048,2,419
509971700,-1.402,1.280,0.366,-0.010,0.044,1.019,2,419
509972208,-1.220,1.220,0.244,0.009,0.003,1.041,2,419
509973700,-1.280,1.524,0.305,0.011,0.017,1.023,2,419
509974209,-1.280,1.524,0.305,0.011,0.017,1.023,2,419
509975700,-1.402,1.463,0.793,-0.000,0.014,1.042,2,419
509976214,-1.402,1.463,0.793,-0.017,0.026,1.038,2,419
509977473,-1.341,1.463,0.488,0.012,0.020,1.043,2,419
509978639,-1.037,1.646,0.427,-0.023,0.051,1.041,2,429
509979620,-1.220,1.524,0.488,-0.015,0.076,1.045,2,429
509980638,-0.976,1.402,0.427,0.001,-0.008,1.058,2,429
509981648,-0.671,1.524,0.549,0.002,0.053,1.054,2,429
509982177,-0.671,1.524,0.549,0.002,0.053,1.054,2,429
509983700,-0.976,1.341,0.549,-0.012,0.061,1.030,2,429
509984213,-0.793,1.463,0.732,0.013,0.000,1.026,2,429
509985700,-1.098,1.463,0.610,0.000,0.001,1.019,2,429
509986213,-1.037,1.524,0.549,0.000,0.001,1.019,2,429
509987709,-1.341,1.402,0.488,-0.010,0.008,1.036,2,429
509988234,-1.341,1.402,0.488,-0.010,0.008,1.036,2,429
509989699,-1.341,1.402,0.488,-0.013,0.003,1.031,2,429
509990217,-1.220,1.463,0.366,-0.002,0.056,1.024,2,429
509991699,-1.341,1.402,0.366,-0.007,0.011,1.046,2,429
509992217,-1.585,1.463,0.244,-0.005,0.051,1.025,2,429
509993699,-1.524,1.585,0.305,-0.006,0.035,1.041,2,429
509994217,-1.524,1.585,0.305,-0.006,0.035,1.041,2,429
509995699,-1.220,1.585,0.488,0.012,0.036,1.052,2,429
509996210,-1.159,1.585,0.427,-0.010,0.011,1.008,2,429
509997699,-0.976,1.768,0.488,0.001,0.038,1.072,2,429
509998209,-1.037,1.951,0.427,-0.014,0.000,1.015,2,429
509999699,-0.793,1.585,0.610,-0.021,0.036,1.056,2,429
510000217,-0.793,1.585,0.610,-0.021,0.036,1.056,2,429
510001699,-0.793,1.646,0.793,-0.007,0.021,1.040,2,429
510002210,-0.793,1.646,0.793,-0.007,0.021,1.040,2,429
510003699,-1.037,1.646,0.854,0.001,0.036,1.035,2,429
510004209,-1.037,1.463,0.488,0.010,0.018,1.051,2,429
510005707,-1.341,1.707,0.427,-0.007,0.033,1.039,2,429
510006230,-1.280,1.524,0.427,0.007,0.017,1.049,2,429
510007699,-1.037,1.524,0.183,-0.001,0.014,1.025,2,429
510008209,-1.037,1.524,0.183,-0.001,0.014,1.025,2,429
510009699,-1.280,1.524,0.549,-0.006,0.004,1.035,2,429
510010217,-1.280,1.341,0.366,0.012,0.042,1.014,2,429
510011699,-1.098,1.280,0.244,-0.002,0.015,1.043,2,429
510012212,-0.976,1.463,0.305,-0.004,0.044,1.031,2,429
510013699,-1.098,1.707,0.427,0.004,0.031,1.024,2,429
510014217,-1.098,1.707,0.427,0.004,0.031,1.024,2,429
510015699,-1.402,1.402,0.427,0.002,0.033,1.036,2,429
510016211,-1.463,1.220,0.427,0.000,-0.002,1.013,2,429
510017700,-1.341,1.463,0.366,-0.006,0.049,1.065,2,429
510018213,-1.341,1.768,0.427,-0.003,-0.011,1.037,2,429
510019699,-1.341,1.585,0.671,0.010,0.040,1.029,2,429
510020209,-1.280,1.524,0.610,-0.018,0.006,1.037,2,429
510021699,-0.793,1.463,0.671,0.004,0.009,1.049,2,429
510022217,-0.793,1.463,0.671,0.004,0.009,1.049,2,429
510023699,-1.037,1.585,0.671,-0.016,0.030,1.040,2,429
510024209,-1.037,1.585,0.488,0.004,0.038,1.049,2,429
510025699,-0.854,1.829,0.549,-0.012,0.032,1.046,2,429
510026212,-0.915,1.463,0.488,0.005,0.015,1.060,2,429
510027462,-1.037,1.402,0.549,-0.013,0.044,1.029,2,429
510028638,-1.098,1.280,0.244,0.002,0.052,1.048,2,438
510029615,-1.280,1.159,0.366,-0.004,0.006,1.030,2,438
510030638,-1.280,1.159,0.488,0.001,0.048,1.013,2,438
510031641,-1.341,1.159,0.549,-0.006,0.011,1.031,2,438
510032165,-1.585,1.402,0.244,0.003,0.048,1.031,2,438
510033702,-1.341,1.585,0.366,-0.007,0.025,1.033,2,438
510034210,-1.341,1.585,0.366,-0.007,0.025,1.033,2,438
510035700,-1.098,1.524,0.549,-0.003,0.032,1.050,2,438
510036214,-1.098,1.524,0.549,-0.003,0.032,1.050,2,438
510037700,-0.976,1.829,0.671,0.012,0.035,1.051,2,438
510038208,-0.976,1.646,0.549,-0.027,0.026,1.038,2,438
510039700,-0.915,1.646,0.732,0.010,0.028,1.042,2,438
510040208,-0.793,1.585,0.549,-0.016,0.012,1.055,2,438
510041700,-0.915,1.707,0.610,0.010,0.020,1.048,2,438
510042208,-0.915,1.707,0.610,0.010,0.020,1.048,2,438
510043700,-0.549,1.463,0.671,-0.002,0.040,1.038,2,438
510044202,-0.915,1.646,0.427,0.016,0.020,1.035,2,438
510045700,-1.280,1.585,0.488,-0.002,0.042,1.042,2,438
510046214,-1.280,1.402,0.488,0.009,0.018,1.048,2,438
510047700,-1.159,1.037,0.549,-0.017,0.008,1.021,2,438
510048208,-1.159,1.037,0.549,-0.017,0.008,1.021,2,438
510049700,-0.976,1.402,0.366,-0.007,0.020,1.030,2,438
510050214,-1.341,1.220,0.610,0.012,0.045,1.026,2,438
510051700,-1.585,1.280,0.671,0.000,0.025,1.020,2,438
510052202,-1.646,1.402,0.488,-0.006,0.038,1.038,2,438
510053701,-1.402,1.524,0.244,-0.004,0.023,1.015,2,438
510054214,-1.341,1.341,0.610,0.003,0.034,1.050,2,438
510055700,-0.976,1.646,0.488,0.008,0.035,1.042,2,438
510056214,-0.976,1.646,0.488,0.008,0.035,1.042,2,438
510057700,-1.037,1.341,0.610,0.013,0.007,1.042,2,438
510058202,-0.854,1.585,0.610,-0.000,0.031,1.037,2,438
510059700,-0.854,1.524,0.549,-0.004,0.017,1.061,2,438
510060214,-0.976,1.890,0.610,0.004,0.034,1.044,2,438
510061700,-0.610,1.585,0.366,-0.006,0.044,1.035,2,438
510062202,-0.610,1.585,0.366,-0.006,0.044,1.035,2,438
510063700,-0.854,1.707,0.732,-0.000,0.041,1.061,2,438
510064208,-0.671,1.768,0.793,-0.018,0.015,1.044,2,438
510065700,-0.915,1.585,0.610,0.010,0.039,1.037,2,438
510066202,-0.915,1.524,0.366,-0.015,0.018,1.034,2,438
510067700,-1.280,1.646,0.549,-0.017,0.021,1.031,2,438
510068208,-1.280,1.646,0.549,-0.017,0.021,1.031,2,438
510069700,-1.341,1.280,0.305,0.003,0.028,1.027,2,438
510070214,-1.341,1.280,0.305,0.003,0.028,1.027,2,438
510071700,-1.463,1.220,0.549,0.011,0.035,1.022,2,438
510072202,-1.585,1.341,0.427,-0.002,0.033,1.045,2,438
510073700,-1.524,1.402,0.488,0.003,0.026,1.012,2,438
510074213,-1.159,1.463,0.305,-0.001,0.021,1.050,2,438
510075230,-1.402,1.646,0.366,-0.012,0.040,1.040,2,438
510076393,-1.341,1.707,0.427,0.007,0.029,1.033,2,438
510077639,-1.280,1.463,0.427,-0.026,0.014,1.029,2,448
510078619,-1.280,1.585,0.610,0.020,0.035,1.037,2,448
510079641,-1.159,1.463,0.549,-0.011,0.012,1.050,2,448
510080577,-0.915,1.402,0.732,0.000,0.032,1.047,2,448
510081641,-0.732,1.280,0.610,0.001,0.026,1.057,2,448
510082640,-0.671,1.402,0.732,-0.001,0.028,1.049,2,448
510083168,-0.671,1.402,0.732,-0.001,0.028,1.049,2,448
510084706,-0.549,1.646,0.488,-0.009,0.036,1.042,2,448
510085230,-0.915,1.585,0.427,-0.003,0.015,1.043,2,448
510086700,-0.732,1.463,0.427,0.010,0.050,1.036,2,448
510087210,-1.098,1.220,0.366,-0.021,0.009,1.036,2,448
510088699,-1.646,1.280,0.183,-0.008,0.020,1.042,2,448
510089212,-1.646,1.280,0.183,-0.008,0.020,1.042,2,448
510090699,-1.585,1.402,0.366,0.000,0.020,1.017,2,448
510091211,-1.341,1.463,0.122,-0.007,0.037,1.037,2,448
510092700,-1.402,1.585,0.366,0.002,-0.006,1.021,2,448
510093207,-1.280,1.341,0.366,0.004,0.049,1.031,2,448
510094699,-1.098,1.341,0.732,0.017,0.017,1.055,2,448
510095217,-1.098,1.341,0.732,0.017,0.017,1.055,2,448
510096699,-0.976,1.341,0.488,-0.024,0.028,1.029,2,448
510097212,-0.976,1.341,0.488,-0.024,0.028,1.029,2,448
510098699,-0.854,1.524,0.427,-0.020,0.004,1.045,2,448
510099217,-0.793,1.524,0.244,0.007,0.029,1.035,2,448
510100699,-0.671,1.463,0.366,-0.012,0.016,1.033,2,448
510101216,-0.671,1.402,0.488,0.009,0.030,1.053,2,448
510102699,-0.305,1.402,0.549,0.004,0.024,1.051,2,448
510103212,-0.305,1.402,0.549,0.004,0.024,1.051,2,448
510104699,-1.159,1.402,0.366,0.014,0.019,1.060,2,448
510105209,-1.037,1.707,0.305,-0.016,0.042,1.046,2,448
510106699,-1.280,1.524,0.244,-0.009,0.015,1.037,2,448
510107212,-1.220,1.341,0.488,0.016,0.035,1.033,2,448
510108699,-0.976,1.280,0.366,0.006,0.039,1.026,2,448
510109212,-0.976,1.280,0.366,0.006,0.039,1.026,2,448
510110699,-1.159,1.280,0.061,-0.011,0.052,1.040,2,448
510111216,-1.159,1.280,0.061,-0.011,0.052,1.040,2,448
510112699,-1.402,1.341,0.244,0.004,0.040,1.028,2,448
510113209,-1.524,1.098,0.366,-0.021,0.025,1.028,2,448
510114699,-1.463,1.159,0.488,0.013,0.033,1.047,2,448
510115217,-1.463,1.280,0.305,-0.005,0.025,1.041,2,448
510116699,-0.732,1.768,0.427,0.014,0.036,1.024,2,448
510117217,-0.732,1.768,0.427,0.014,0.036,1.024,2,448
510118699,-0.854,1.402,0.244,0.003,0.038,1.047,2,448
510119212,-1.037,1.707,0.244,-0.013,0.000,1.021,2,448
510120699,-0.976,1.768,0.183,0.005,0.042,1.035,2,448
510121216,-0.732,1.341,0.122,-0.006,0.016,1.060,2,448
510122699,-1.037,1.524,0.488,-0.017,0.034,1.037,2,448
510123212,-1.037,1.524,0.488,-0.017,0.034,1.037,2,448
510124699,-1.220,1.402,0.610,0.001,0.044,1.060,2,448
510125240,-0.976,1.524,0.427,-0.012,0.021,1.048,2,448
510126492,-0.976,1.159,0.244,0.017,0.048,1.027,2,448
510127639,-1.098,1.280,0.183,-0.013,0.021,1.040,2,458
510128618,-1.220,1.402,0.244,0.007,0.041,1.024,2,458
510129640,-1.402,1.280,0.488,-0.004,0.044,1.045,2,458
510130579,-1.341,1.463,0.549,-0.006,0.020,1.037,2,458
510131640,-1.280,1.402,0.610,0.015,0.021,1.010,2,458
510132575,-1.341,1.463,0.427,-0.020,0.021,1.026,2,458
510133639,-1.220,1.524,0.305,0.009,0.023,1.042,2,458
510134575,-1.220,1.524,0.427,0.003,0.023,1.030,2,458
510135639,-1.159,1.463,0.488,-0.016,0.010,1.032,2,458
510136578,-1.159,1.585,0.366,-0.028,0.012,1.033,2,458
510137640,-0.915,1.829,0.366,0.010,0.013,1.049,2,458
510138579,-0.915,1.829,0.610,-0.013,0.018,1.047,2,458
510139640,-0.976,1.646,0.671,-0.003,0.028,1.047,2,458
510140570,-0.915,1.585,0.610,-0.007,0.036,1.046,2,458
510141640,-0.854,1.585,0.305,0.009,0.019,1.057,2,458
510142567,-0.976,1.646,0.305,-0.012,0.041,1.049,2,458
510143640,-1.159,1.402,0.305,0.011,0.052,1.041,2,458
510144574,-1.159,1.402,0.366,-0.007,0.014,1.043,2,458
510145640,-1.098,1.341,0.366,0.014,0.051,1.039,2,458
510146579,-1.402,1.220,0.305,-0.010,0.003,1.034,2,458
510147640,-1.159,1.402,0.061,0.000,0.059,1.051,2,458
510148570,-1.402,1.463,0.122,-0.002,0.015,1.036,2,458
510149639,-1.524,1.463,0.427,-0.007,0.025,1.024,2,458
510150578,-1.524,1.280,0.671,-0.002,0.018,1.041,2,458
510151640,-1.524,1.585,0.305,0.003,0.030,1.040,2,458
510152579,-1.402,1.402,0.366,-0.008,0.018,1.004,2,458
510153640,-1.220,1.402,0.305,0.016,0.033,1.032,2,458
510154574,-1.280,1.646,0.427,-0.019,0.009,1.049,2,458
510155640,-1.341,1.707,0.793,0.008,0.009,1.024,2,458
510156570,-1.037,1.463,0.549,-0.001,0.032,1.040,2,458
510157640,-0.732,1.768,0.793,0.022,0.024,1.032,2,458
510158649,-0.976,1.646,0.793,-0.000,0.002,1.035,2,458
510159177,-0.976,1.646,0.793,-0.000,0.002,1.035,2,458
510160701,-0.854,1.585,0.549,-0.002,-0.000,1.040,2,458
510161215,-0.976,1.585,0.366,0.020,0.052,1.058,2,458
510162700,-0.671,1.463,0.305,0.009,0.040,1.041,2,458
510163213,-0.671,1.463,0.305,0.009,0.040,1.041,2,458
510164700,-0.915,1.463,0.244,-0.012,0.042,1.036,2,458
510165212,-0.915,1.463,0.244,-0.012,0.042,1.036,2,458
510166700,-1.768,1.402,0.122,0.001,0.020,1.041,2,458
510167208,-1.585,1.524,0.244,0.001,0.047,1.032,2,458
510168706,-1.768,1.585,0.427,-0.000,0.017,1.021,2,458
510169218,-1.829,1.585,0.610,0.013,0.036,1.050,2,458
510170702,-1.402,1.402,0.793,0.019,0.007,1.021,2,458
510171212,-1.402,1.402,0.793,0.019,0.007,1.021,2,458
510172700,-1.098,1.524,0.549,-0.008,-0.005,1.027,2,458
510173208,-0.915,1.585,0.549,0.007,0.049,1.037,2,458
510174700,-1.037,1.707,0.732,-0.023,-0.012,1.033,2,458
510175232,-0.854,1.646,0.549,0.016,0.043,1.033,2,458
510176485,-0.976,1.707,0.549,-0.011,-0.008,1.038,2,458
510177639,-1.159,1.646,0.549,-0.005,0.017,1.045,2,468
510178616,-0.793,1.585,0.244,0.008,0.029,1.064,2,468
510179639,-0.793,1.768,0.427,-0.017,0.027,1.038,2,468
510180578,-0.671,1.585,0.305,0.013,0.020,1.028,2,468
510181641,-0.915,1.524,0.488,0.010,0.048,1.038,2,468
510182573,-0.854,1.341,0.366,-0.015,0.008,1.055,2,468
510183641,-1.220,1.402,0.305,-0.006,0.009,1.030,2,468
510184577,-1.402,1.341,0.366,-0.004,0.039,1.036,2,468
510185642,-1.220,1.341,0.427,-0.004,0.026,1.033,2,468
510186573,-1.402,1.220,0.488,0.005,0.017,1.050,2,468
510187641,-0.976,1.280,0.366,-0.015,0.047,1.028,2,468
510188574,-1.159,1.220,0.427,0.007,-0.002,1.022,2,468
510189641,-1.341,1.524,0.610,0.021,0.056,1.047,2,468
510190570,-0.915,1.585,0.549,-0.019,0.006,1.028,2,468
510191641,-1.098,1.524,0.732,-0.014,0.021,1.045,2,468
510192577,-0.976,1.402,0.488,-0.005,0.016,1.054,2,468
510193641,-0.854,1.585,0.549,0.013,0.020,1.021,2,468
510194571,-0.793,1.524,0.671,-0.013,0.008,1.023,2,468
510195642,-0.732,1.646,0.488,-0.007,0.051,1.033,2,468
510196570,-0.915,1.646,0.549,-0.001,-0.002,1.049,2,468
510197641,-0.793,1.463,0.610,-0.009,0.025,1.033,2,468
510198638,-0.671,1.402,0.671,0.014,0.025,1.046,2,468
510199167,-0.671,1.402,0.671,0.014,0.025,1.046,2,468
510200699,-0.976,1.463,0.488,-0.005,0.019,1.043,2,468
510201209,-1.159,1.341,0.183,0.003,0.050,1.037,2,468
510202699,-1.037,0.976,0.122,-0.003,-0.002,1.042,2,468
510203212,-1.098,1.220,0.305,-0.011,0.063,1.047,2,468
510204699,-1.280,1.037,0.427,0.001,0.049,1.037,2,468
510205209,-1.280,1.037,0.427,0.001,0.049,1.037,2,468
510206706,-1.646,1.098,0.488,0.012,0.009,1.030,2,468
510207225,-1.341,1.220,0.671,-0.004,0.043,1.046,2,468
510208700,-1.037,1.280,0.793,-0.021,0.000,1.004,2,468
510209210,-1.220,1.159,0.610,0.016,0.025,1.017,2,468
510210700,-0.915,1.646,0.366,0.000,0.009,1.047,2,468
510211213,-0.915,1.646,0.366,0.000,0.009,1.047,2,468
510212699,-0.793,1.707,0.610,-0.011,-0.002,1.021,2,468
510213217,-0.793,1.707,0.610,-0.011,-0.002,1.021,2,468
510214699,-0.915,1.646,0.549,0.007,-0.014,1.047,2,468
510215212,-0.854,1.463,0.488,-0.009,0.067,1.058,2,468
510216699,-0.488,1.585,0.427,-0.006,0.003,1.029,2,468
510217217,-0.671,1.707,0.305,0.013,0.048,1.041,2,468
510218699,-1.159,1.220,0.122,-0.013,0.042,1.041,2,468
510219216,-1.159,1.220,0.122,-0.013,0.042,1.041,2,468
510220699,-1.463,1.037,0.244,-0.005,0.025,1.037,2,468
510221212,-1.280,1.037,0.000,-0.004,0.044,1.052,2,468
510222699,-1.402,1.280,0.000,0.006,0.022,1.042,2,468
510223212,-1.341,1.220,0.122,0.002,0.017,1.044,2,468
510224699,-1.768,1.341,0.366,0.005,-0.009,1.024,2,468
510225239,-1.768,1.341,0.366,0.005,-0.009,1.024,2,468
510226484,-1.768,1.585,0.427,-0.015,-0.019,1.006,2,468
510227638,-1.341,1.524,0.427,0.024,0.047,1.021,2,477
510228617,-1.402,1.646,0.671,-0.021,0.010,1.054,2,477
510229639,-0.854,1.707,0.610,-0.003,0.037,1.054,2,477
510230585,-1.098,1.646,0.610,0.012,0.009,1.036,2,477
510231640,-1.037,1.829,0.671,0.002,0.044,1.032,2,477
510232571,-0.915,1.524,0.305,0.008,0.005,1.055,2,477
510233639,-0.610,1.402,0.305,-0.002,0.041,1.058,2,477
510234573,-0.549,1.220,0.122,-0.019,0.034,1.033,2,477
510235640,-0.976,1.463,0.183,-0.001,0.045,1.030,2,477
510236640,-0.915,1.585,0.183,0.004,0.045,1.058,2,477
510237165,-1.098,1.220,0.183,-0.015,0.022,1.045,2,477
510238701,-1.402,1.463,0.183,0.006,0.013,1.041,2,477
510239209,-1.402,1.463,0.183,0.006,0.013,1.041,2,477
510240700,-1.402,1.280,-0.061,0.000,0.031,1.043,2,477
510241213,-1.159,1.402,0.061,0.005,0.016,1.045,2,477
510242701,-1.585,1.585,0.488,-0.016,0.052,1.037,2,477
510243209,-1.402,1.159,0.427,-0.004,-0.018,1.012,2,477
510244700,-1.280,1.585,0.366,-0.014,-0.014,1.048,2,477
510245202,-1.280,1.585,0.366,-0.014,-0.014,1.048,2,477
510246700,-1.037,1.646,0.549,0.005,0.002,1.037,2,477
510247202,-1.037,1.646,0.549,0.005,0.002,1.037,2,477
510248700,-0.732,1.768,0.549,0.015,0.005,1.032,2,477
510249202,-1.098,1.585,0.549,-0.009,0.010,1.046,2,477
510250700,-0.732,1.707,0.488,-0.008,0.028,1.044,2,477
510251214,-0.732,1.646,0.854,0.005,0.023,1.037,2,477
510252700,-0.854,1.646,0.366,-0.008,0.061,1.042,2,477
510253213,-0.854,1.646,0.366,-0.008,0.061,1.042,2,477
510254700,-0.976,1.280,0.061,0.016,0.071,1.047,2,477
510255213,-1.159,1.159,0.183,-0.002,0.005,1.053,2,477
510256700,-1.220,1.159,0.305,0.001,0.059,1.044,2,477
510257214,-1.037,1.159,0.427,0.012,0.019,1.023,2,477
510258700,-1.098,1.402,0.183,0.000,0.047,1.037,2,477
510259213,-1.098,1.402,0.183,0.000,0.047,1.037,2,477
510260700,-1.646,1.402,0.488,0.004,0.036,1.035,2,477
510261213,-1.646,1.341,0.244,-0.015,0.000,1.042,2,477
510262700,-1.524,1.585,0.427,0.029,0.011,1.031,2,477
510263214,-1.220,1.524,0.427,-0.005,0.041,1.043,2,477
510264700,-1.037,1.463,0.732,0.023,0.020,1.030,2,477
510265202,-0.915,1.463,0.610,0.023,0.020,1.030,2,477
510266700,-0.793,1.646,0.549,-0.011,0.042,1.041,2,477
510267202,-0.793,1.646,0.549,-0.011,0.042,1.041,2,477
510268700,-0.854,1.585,0.549,-0.011,0.024,1.032,2,477
510269214,-0.793,1.890,0.610,-0.009,0.050,1.040,2,477
510270700,-0.915,1.524,0.427,-0.007,0.013,1.035,2,477
510271208,-0.854,1.463,0.366,0.011,0.053,1.059,2,477
510272700,-0.976,1.341,0.366,-0.004,0.047,1.041,2,477
510273213,-0.976,1.341,0.366,-0.004,0.047,1.041,2,477
510274727,-1.585,1.341,0.061,-0.007,0.017,1.035,2,477
510275235,-1.341,1.220,0.122,0.002,0.059,1.047,2,477
510276487,-1.280,1.159,0.183,0.000,0.006,1.036,2,477
510277639,-1.402,1.220,0.305,-0.009,0.040,1.048,2,487
510278617,-1.463,1.280,0.244,-0.018,0.034,1.034,2,487
510279640,-1.463,1.220,0.305,-0.003,0.054,1.042,2,487
510280577,-1.341,1.098,0.366,0.002,-0.007,1.026,2,487
510281641,-1.098,1.098,0.610,0.024,0.017,1.034,2,487
510282571,-1.037,1.098,0.732,-0.004,-0.001,1.044,2,487
510283641,-0.671,1.463,0.732,-0.006,0.033,1.030,2,487
510284569,-0.854,1.707,0.549,0.022,0.015,1.036,2,487
510285641,-0.915,1.829,0.427,-0.001,0.037,1.041,2,487
510286578,-0.915,1.707,0.427,-0.002,0.022,1.039,2,487
510287641,-0.976,1.585,0.610,-0.003,0.034,1.046,2,487
510288569,-0.854,1.463,0.488,-0.009,0.041,1.049,2,487
510289641,-0.976,1.280,0.183,-0.007,0.023,1.023,2,487
510290572,-1.098,1.159,0.244,0.013,0.060,1.043,2,487
510291641,-1.220,1.098,0.305,0.001,0.025,1.053,2,487
510292632,-1.341,1.159,0.305,0.010,0.022,1.023,2,487
510293157,-1.341,1.159,0.305,0.010,0.022,1.023,2,487
510294700,-1.646,1.220,0.000,-0.002,0.051,1.043,2,487
510295219,-1.707,1.220,0.366,-0.002,-0.011,1.026,2,487
510296700,-1.463,1.159,0.488,0.005,0.045,1.046,2,487
510297213,-1.402,1.280,0.366,-0.012,0.011,1.052,2,487
510298699,-1.159,1.220,0.427,-0.002,0.022,1.027,2,487
510299210,-1.037,1.646,0.305,-0.002,0.022,1.027,2,487
510300699,-1.159,1.463,0.610,0.006,0.032,1.042,2,487
510301216,-1.159,1.463,0.610,0.006,0.032,1.042,2,487
510302699,-0.915,1.463,0.854,-0.033,0.037,1.029,2,487
510303218,-0.854,1.463,0.976,0.007,0.021,1.019,2,487
510304699,-0.671,1.585,0.854,-0.005,0.020,1.032,2,487
510305209,-0.549,1.524,0.671,-0.003,0.034,1.060,2,487
510306699,-0.732,1.159,0.305,0.001,0.015,1.014,2,487
510307210,-0.732,1.159,0.305,0.001,0.015,1.014,2,487
510308705,-0.976,1.341,0.000,-0.014,0.017,1.045,2,487
510309222,-1.037,1.402,0.305,0.006,0.077,1.053,2,487
510310702,-0.976,1.159,0.183,-0.009,0.005,1.029,2,487
510311212,-1.280,1.098,0.122,-0.003,0.059,1.054,2,487
510312699,-1.524,1.037,0.427,0.010,0.003,1.008,2,487
510313217,-1.524,1.037,0.427,0.010,0.003,1.008,2,487
510314699,-1.585,1.280,0.488,-0.000,0.004,1.055,2,487
510315218,-1.585,1.280,0.488,-0.000,0.004,1.055,2,487
510316699,-1.524,1.159,0.488,0.005,0.008,1.037,2,487
510317216,-1.341,1.280,0.549,-0.018,0.026,1.019,2,487
510318699,-0.976,1.463,0.610,0.026,0.001,1.042,2,487
510319218,-0.793,1.585,0.793,-0.009,0.019,1.056,2,487
510320699,-0.366,1.646,0.549,-0.004,0.037,1.021,2,487
510321211,-0.366,1.646,0.549,-0.004,0.037,1.021,2,487
510322699,-0.366,1.890,0.427,-0.000,0.067,1.060,2,487
510323218,-0.244,1.646,0.671,-0.007,0.000,1.037,2,487
510324699,-0.427,1.463,0.671,0.010,0.057,1.019,2,487
510325234,-0.976,1.280,0.610,-0.002,0.026,1.028,2,487
510326482,-1.098,1.341,0.549,-0.008,0.054,1.051,2,487
510327639,-1.463,1.402,0.122,-0.006,0.036,1.044,2,497
510328619,-1.524,1.341,0.122,-0.013,0.045,1.046,2,497
510329640,-1.463,1.037,0.305,0.005,0.025,1.030,2,497
510330574,-1.646,1.037,0.488,0.012,-0.004,1.014,2,497
510331640,-1.646,1.037,0.366,0.004,0.053,1.050,2,497
510332578,-1.402,1.280,0.549,-0.003,0.007,1.037,2,497
510333639,-1.585,1.585,0.488,-0.015,0.020,1.042,2,497
510334572,-1.524,1.585,0.366,-0.020,0.003,1.011,2,497
510335639,-1.463,1.890,0.549,0.015,0.021,1.028,2,497
510336582,-1.098,1.829,0.671,-0.008,-0.012,1.065,2,497
510337639,-0.854,1.951,0.732,-0.021,0.037,1.045,2,497
510338571,-0.549,1.951,0.732,0.004,0.018,1.024,2,497
510339640,-0.244,1.890,0.610,-0.009,0.025,1.026,2,497
510340577,-0.793,1.707,0.366,-0.003,0.031,1.051,2,497
510341640,-0.854,1.524,0.305,-0.008,0.029,1.019,2,497
510342567,-0.793,1.463,0.366,0.005,0.059,1.032,2,497
510343640,-1.037,1.463,0.244,-0.009,0.037,1.043,2,497
510344572,-1.341,1.341,0.366,0.011,0.050,1.045,2,497
510345640,-1.707,1.463,0.549,0.001,0.016,1.036,2,497
510346570,-1.402,1.341,0.366,-0.013,0.058,1.055,2,497
510347640,-1.707,0.976,0.183,0.009,-0.015,1.012,2,497
510348577,-1.341,1.159,0.305,-0.006,0.040,1.023,2,497
510349640,-1.159,1.220,0.488,0.000,0.014,1.044,2,497
510350576,-0.915,1.402,0.732,0.001,0.013,1.051,2,497
510351639,-0.854,1.707,0.549,0.005,0.010,1.035,2,497
510352574,-0.915,1.829,0.244,-0.020,0.023,1.027,2,497
510353640,-0.671,1.829,0.366,0.005,0.011,1.056,2,497
510354574,-0.671,1.646,0.488,-0.023,0.019,1.026,2,497
510355639,-0.854,1.646,0.488,0.005,0.044,1.023,2,497
510356575,-0.732,1.646,0.854,0.002,-0.004,1.045,2,497
510357639,-0.366,1.646,0.488,-0.009,0.055,1.056,2,497
510358579,-0.671,1.585,0.549,-0.003,0.044,1.040,2,497
510359639,-1.159,1.585,0.305,-0.007,0.040,1.026,2,497
510360570,-1.159,1.585,0.061,0.006,0.055,1.059,2,497
510361639,-1.280,1.402,0.183,-0.003,0.059,1.028,2,497
510362578,-1.646,1.341,0.244,0.006,0.033,1.029,2,497
510363640,-1.707,1.220,0.305,-0.007,0.022,1.036,2,497
510364571,-1.768,1.159,0.244,-0.012,0.060,1.051,2,497
510365639,-1.707,1.098,0.244,0.008,0.006,1.035,2,497
510366579,-2.012,1.098,0.427,0.006,0.012,1.044,2,497
510367639,-1.646,1.402,0.610,-0.014,0.001,1.003,2,497
510368637,-1.463,1.524,0.732,0.017,-0.015,1.048,2,497
510369158,-1.463,1.524,0.732,0.017,-0.015,1.048,2,497
510370701,-0.732,1.768,0.610,-0.011,-0.000,1.000,2,497
510371218,-0.732,2.073,0.549,0.019,0.028,1.003,2,497
510372700,-0.732,2.012,0.732,-0.012,0.008,1.056,2,497
510373201,-0.671,1.951,0.549,-0.017,0.049,1.075,2,497
510374700,-0.305,1.585,0.366,-0.009,0.037,1.019,2,497
510375232,-0.305,1.585,0.366,-0.009,0.037,1.019,2,497
510376467,-0.854,1.768,0.366,-0.005,0.036,1.062,2,497
510377639,-1.037,1.341,0.366,-0.003,0.059,1.036,2,507
510378707,-1.220,1.402,0.122,0.000,0.044,1.029,2,507
510379231,-1.402,1.098,0.244,-0.018,0.044,1.039,2,507
510380703,-1.646,1.280,0.305,0.009,0.017,1.040,2,507
510381221,-1.646,1.280,0.305,0.009,0.017,1.040,2,507
510382699,-1.646,1.037,0.427,-0.003,0.043,1.040,2,507
510383211,-1.646,1.037,0.427,-0.003,0.043,1.040,2,507
510384699,-1.585,1.159,0.427,0.019,-0.005,1.054,2,507
510385218,-1.463,1.463,0.427,-0.014,0.013,1.054,2,507
510386699,-1.098,1.280,0.488,-0.001,-0.020,0.998,2,507
510387217,-1.220,1.585,0.610,0.026,0.016,1.026,2,507
510388699,-0.671,1.829,0.549,-0.006,0.016,1.059,2,507
510389211,-0.671,1.829,0.549,-0.006,0.016,1.059,2,507
510390699,-0.366,1.829,0.427,-0.014,0.032,1.020,2,507
510391211,-0.549,1.829,0.610,-0.006,0.044,1.055,2,507
510392699,-0.671,1.829,0.732,0.002,0.029,1.059,2,507
510393211,-0.549,1.585,0.488,-0.019,0.045,1.019,2,507
510394699,-0.854,1.402,0.549,-0.010,0.044,1.056,2,507
510395217,-0.854,1.402,0.549,-0.010,0.044,1.056,2,507
510396699,-1.341,1.341,0.122,0.007,0.029,1.019,2,507
510397210,-1.585,1.159,0.000,-0.014,0.032,1.028,2,507
510398702,-1.646,1.159,0.122,0.005,0.060,1.033,2,507
510399214,-1.951,1.037,0.183,0.002,0.006,1.039,2,507
510400699,-1.951,1.280,0.244,0.002,0.017,1.052,2,507
510401211,-1.890,1.341,0.427,-0.006,0.032,1.046,2,507
510402699,-1.524,1.646,0.488,0.018,0.005,1.047,2,507
510403217,-1.524,1.646,0.488,0.018,0.005,1.047,2,507
510404699,-0.793,1.768,0.244,-0.012,-0.005,1.020,2,507
510405212,-0.732,1.768,0.366,0.008,0.001,0.995,2,507
510406699,-0.488,1.890,0.610,-0.005,0.005,1.044,2,507
510407210,-0.061,1.829,0.610,-0.013,0.037,1.050,2,507
510408699,-0.122,1.768,0.793,-0.021,0.035,1.032,2,507
510409211,-0.122,1.768,0.793,-0.021,0.035,1.032,2,507
510410699,-0.427,1.524,0.427,-0.003,0.056,1.040,2,507
510411218,-0.732,1.341,0.488,-0.011,0.052,1.029,2,507
510412699,-0.915,1.402,0.305,0.004,0.068,1.037,2,507
510413211,-1.220,1.220,0.183,-0.012,0.024,1.040,2,507
510414699,-1.646,1.159,0.427,0.011,0.028,1.044,2,507
510415211,-1.646,1.159,0.427,0.011,0.028,1.044,2,507
510416699,-1.951,1.341,0.427,-0.009,0.027,1.028,2,507
510417217,-1.951,1.341,0.427,-0.009,0.027,1.028,2,507
510418699,-1.585,1.280,0.305,0.022,-0.011,1.038,2,507
510419217,-1.463,1.585,0.244,-0.003,0.021,1.045,2,507
510420699,-1.037,1.829,0.610,-0.009,-0.010,1.036,2,507
510421210,-0.976,1.707,0.610,0.010,-0.020,1.044,2,507
510422699,-0.488,1.646,0.610,-0.030,0.015,1.023,2,507
510423211,-0.488,1.646,0.610,-0.030,0.015,1.023,2,507
510424699,-0.305,1.524,0.549,-0.016,0.015,1.056,2,507
510425244,-0.061,1.707,0.610,-0.012,0.042,1.009,2,507
510426482,-0.305,1.768,0.488,0.000,0.062,1.018,2,507
510427639,-0.732,1.585,0.671,-0.006,0.036,1.068,2,516
510428625,-0.854,1.524,0.366,-0.009,0.043,1.019,2,516
510429638,-1.159,1.220,0.244,-0.018,0.064,1.025,2,516
510430578,-1.646,1.037,0.366,0.005,0.054,1.043,2,516
510431638,-1.707,0.671,0.305,0.000,0.028,1.048,2,516
510432578,-1.829,0.793,0.366,-0.014,0.025,1.039,2,516
510433638,-2.073,1.037,0.427,0.001,0.047,1.036,2,516
510434579,-2.378,1.280,0.488,0.006,-0.016,1.000,2,516
510435638,-1.768,1.220,0.549,-0.012,0.026,1.059,2,516
510436579,-1.646,1.402,0.244,0.001,-0.036,1.006,2,516
510437638,-1.220,1.707,0.549,0.007,0.020,1.014,2,516
510438575,-0.854,1.829,0.549,-0.001,-0.026,1.060,2,516
510439638,-0.305,1.890,0.610,-0.012,0.037,1.039,2,516
510440641,0.122,2.073,0.610,0.006,-0.021,1.021,2,516
510441167,0.000,1.951,0.793,-0.008,0.026,1.058,2,516
510442703,-0.183,1.951,0.671,0.000,0.060,1.023,2,516
510443213,-0.183,1.951,0.671,0.000,0.060,1.023,2,516
510444700,-0.366,1.463,0.122,-0.002,0.063,1.057,2,516
510445203,-0.732,1.402,-0.183,-0.008,0.054,1.028,2,516
510446700,-0.976,1.280,0.000,-0.000,0.063,1.021,2,516
510447214,-1.463,1.220,0.244,0.007,0.065,1.048,2,516
510448700,-1.585,0.854,0.366,0.007,0.049,1.039,2,516
510449203,-1.585,0.854,0.366,0.007,0.049,1.039,2,516
510450700,-2.134,0.915,0.305,0.019,-0.024,1.018,2,516
510451214,-2.134,0.915,0.305,0.019,-0.024,1.018,2,516
510452700,-2.073,1.463,0.427,0.005,-0.010,1.065,2,516
510453210,-1.768,1.585,0.488,0.003,0.003,1.019,2,516
510454700,-1.341,1.646,0.732,0.012,-0.036,1.021,2,516
510455203,-1.159,1.585,0.610,-0.007,0.010,1.052,2,516
510456700,-0.366,1.890,0.671,0.019,0.024,1.034,2,516
510457214,-0.366,1.890,0.671,0.019,0.024,1.034,2,516
510458700,0.000,1.890,0.549,-0.021,0.043,1.030,2,516
510459203,0.000,1.951,0.549,0.006,0.053,1.015,2,516
510460700,-0.244,1.768,0.488,-0.011,0.049,1.054,2,516
510461208,-0.305,1.646,0.549,-0.019,0.068,1.064,2,516
510462700,-1.098,1.280,0.305,0.002,0.063,1.021,2,516
510463203,-1.098,1.280,0.305,0.002,0.063,1.021,2,516
510464700,-1.951,0.915,0.244,-0.001,0.021,1.036,2,516
510465206,-1.951,0.915,0.244,-0.007,0.053,1.042,2,516
510466706,-2.195,1.220,0.366,0.001,0.032,1.038,2,516
510467219,-2.073,1.098,0.488,0.031,-0.012,1.012,2,516
510468702,-2.012,1.159,0.671,0.017,0.001,1.050,2,516
510469218,-1.890,1.220,0.671,-0.001,0.018,1.055,2,516
510470700,-1.463,1.707,0.793,0.014,-0.016,1.058,2,516
510471210,-1.463,1.707,0.793,0.014,-0.016,1.058,2,516
510472700,-0.671,1.768,0.732,-0.008,-0.002,1.010,2,516
510473214,-0.549,1.890,0.732,0.002,0.028,1.042,2,516
510474700,-0.122,1.768,0.793,-0.005,-0.001,1.067,2,516
510475242,0.244,1.768,0.610,-0.016,0.059,1.011,2,516
510476490,0.305,1.524,0.549,0.004,0.044,1.009,2,516
510477639,-0.305,1.341,0.366,-0.015,0.057,1.052,2,526
510478624,-0.732,1.341,0.427,0.001,0.070,1.016,2,526
510479638,-1.220,1.098,0.061,-0.019,0.060,1.027,2,526
510480640,-1.707,1.220,-0.244,0.008,0.082,1.059,2,526
510481170,-2.073,1.220,0.000,0.008,0.035,1.033,2,526
510482703,-2.134,1.463,0.244,0.003,0.057,1.034,2,526
510483221,-2.134,1.463,0.244,0.003,0.057,1.034,2,526
510484699,-2.073,1.037,0.610,0.004,-0.022,1.046,2,526
510485218,-2.073,1.037,0.610,0.004,-0.022,1.046,2,526
510486699,-1.585,1.463,0.732,-0.015,-0.016,1.021,2,526
510487216,-0.976,1.646,0.793,-0.002,-0.017,1.077,2,526
510488699,-0.976,1.646,0.732,0.004,-0.016,1.041,2,526
510489218,-0.305,2.012,0.549,-0.018,0.002,1.003,2,526
510490699,0.061,2.317,0.671,0.003,0.007,1.069,2,526
510491215,0.061,2.317,0.671,0.003,0.007,1.069,2,526
510492699,0.000,2.073,0.610,0.002,0.049,1.028,2,526
510493216,-0.122,1.768,0.305,0.006,0.066,1.059,2,526
510494699,-0.061,1.585,0.305,-0.008,0.058,1.034,2,526
510495216,-0.488,1.402,0.244,-0.001,0.079,1.041,2,526
510496699,-1.463,1.280,0.183,-0.003,0.083,1.045,2,526
510497212,-1.463,1.280,0.183,-0.003,0.083,1.045,2,526
510498699,-2.378,0.915,0.244,0.013,0.016,1.021,2,526
510499218,-2.683,1.402,0.183,-0.001,0.035,1.034,2,526
510500705,-2.256,1.463,0.305,0.007,0.032,1.040,2,526
510501229,-2.317,1.402,0.427,0.011,-0.015,1.042,2,526
510502701,-2.256,1.463,0.488,0.002,-0.006,1.043,2,526
510503218,-1.890,1.768,0.549,0.001,-0.022,1.044,2,526
510504699,-1.037,1.768,0.549,0.025,-0.035,1.044,2,526
510505211,-1.037,1.768,0.549,0.025,-0.035,1.044,2,526
510506699,-0.122,2.073,0.793,-0.028,0.015,1.000,2,526
510507212,0.183,1.951,0.488,0.000,0.025,1.027,2,526
510508700,0.305,1.951,0.305,-0.014,0.021,1.075,2,526
510509207,0.549,1.768,0.244,-0.026,0.051,1.032,2,526
510510699,0.000,1.463,0.610,-0.012,0.060,1.055,2,526
510511212,0.000,1.463,0.610,-0.012,0.060,1.055,2,526
510512699,-0.976,0.915,0.183,-0.000,0.050,1.020,2,526
510513212,-1.585,0.854,0.305,-0.012,0.060,1.012,2,526
510514700,-2.256,0.793,0.305,0.001,0.070,1.050,2,526
510515217,-2.439,1.037,0.244,0.010,0.056,1.068,2,526
510516699,-2.439,1.159,0.427,0.017,0.002,1.023,2,526
510517212,-2.439,1.159,0.427,0.017,0.002,1.023,2,526
510518699,-2.256,1.280,0.427,0.005,-0.021,1.043,2,526
510519212,-2.256,1.280,0.427,0.005,-0.021,1.043,2,526
510520699,-1.524,1.707,0.610,-0.004,-0.019,1.056,2,526
510521209,-0.732,2.317,0.427,-0.019,0.007,1.018,2,526
510522699,-0.549,1.951,0.549,0.021,-0.022,1.046,2,526
510523211,-0.305,2.256,0.427,-0.015,-0.004,1.060,2,526
510524699,0.366,1.890,0.488,0.001,0.042,1.025,2,526
510525240,0.366,1.890,0.488,0.001,0.042,1.025,2,526
510526481,0.305,1.463,0.305,-0.026,0.082,1.049,2,526
510527639,0.183,1.402,0.000,0.006,0.077,1.003,2,536
510528625,-0.244,1.159,0.183,-0.015,0.069,1.037,2,536
510529638,-0.854,1.098,0.183,-0.013,0.101,1.060,2,536
510530580,-1.585,0.793,0.427,0.022,0.058,1.044,2,536
510531638,-2.439,0.854,0.244,0.008,0.030,1.031,2,536
510532576,-2.622,1.037,0.488,0.011,0.040,1.058,2,536
510533638,-2.561,1.159,0.305,0.016,-0.009,1.034,2,536
510534572,-2.500,1.402,0.610,0.021,-0.014,1.032,2,536
510535638,-2.195,1.707,0.610,-0.001,-0.010,1.058,2,536
510536575,-1.585,1.829,0.610,0.000,-0.014,1.024,2,536
510537638,-0.671,2.256,0.915,-0.007,-0.032,1.070,2,536
510538588,-0.244,2.073,0.671,-0.024,0.004,1.006,2,536
510539638,0.000,1.890,0.549,0.003,0.008,1.040,2,536
510540560,0.244,1.829,0.854,-0.019,0.025,1.083,2,536
510541638,0.671,1.585,0.549,-0.029,0.049,1.018,2,536
510542579,0.366,1.280,0.488,0.005,0.063,1.013,2,536
510543638,0.000,1.159,0.183,-0.013,0.062,1.067,2,536
510544640,-0.610,0.976,0.122,0.007,0.088,1.030,2,536
510545158,-0.610,0.976,0.122,0.007,0.088,1.030,2,536
510546702,-1.646,0.915,-0.061,0.011,0.053,1.018,2,536
510547220,-2.134,0.976,0.122,0.009,0.069,1.037,2,536
510548700,-2.622,1.159,0.488,0.005,0.037,1.038,2,536
510549209,-2.866,1.280,0.427,0.021,0.006,1.050,2,536
510550700,-2.073,1.646,0.244,-0.007,-0.017,1.021,2,536
510551214,-2.073,1.646,0.244,-0.007,-0.017,1.021,2,536
510552700,-1.707,1.890,0.610,0.003,-0.042,1.038,2,536
510553207,-1.707,1.890,0.610,0.003,-0.042,1.038,2,536
510554700,-0.488,2.012,0.549,0.004,-0.034,1.059,2,536
510555207,0.000,1.951,0.427,-0.011,0.004,1.065,2,536
510556701,0.488,1.646,0.305,-0.032,0.000,1.025,2,536
510557215,0.793,1.707,0.183,0.004,0.048,1.030,2,536
510558700,0.244,1.646,0.305,-0.026,0.070,1.040,2,536
510559209,0.244,1.646,0.305,-0.026,0.070,1.040,2,536
510560700,-0.854,1.220,0.000,-0.002,0.079,1.023,2,536
510561209,-1.037,0.915,-0.061,-0.019,0.082,1.019,2,536
510562700,-1.402,0.854,0.244,0.002,0.084,1.049,2,536
510563214,-2.012,0.793,0.305,0.004,0.073,1.055,2,536
510564700,-2.622,0.976,0.305,0.024,0.017,1.021,2,536
510565208,-2.622,0.976,0.305,0.024,0.017,1.021,2,536
510566700,-2.683,1.220,0.549,0.000,-0.037,1.021,2,536
510567208,-2.683,1.220,0.549,0.000,-0.037,1.021,2,536
510568700,-2.134,1.768,0.610,0.006,-0.021,1.050,2,536
510569208,-1.585,2.195,0.671,-0.007,-0.021,1.022,2,536
510570700,-0.854,1.951,0.610,0.017,-0.040,1.052,2,536
510571207,-0.305,2.012,0.610,-0.011,-0.026,1.065,2,536
510572700,0.671,2.012,0.610,0.009,0.033,1.031,2,536
510573214,0.671,2.012,0.610,0.009,0.033,1.031,2,536
510574700,0.793,1.524,0.366,-0.039,0.061,1.026,2,536
510575242,0.610,1.280,0.305,-0.005,0.081,1.020,2,536
510576480,0.305,1.220,0.244,-0.003,0.098,1.030,2,536
510577639,-0.366,0.976,0.183,-0.012,0.081,1.036,2,546
510578617,-1.829,0.671,0.427,-0.006,0.075,1.039,2,546
510579638,-2.317,0.671,0.244,0.010,0.037,1.027,2,546
510580578,-2.805,0.976,-0.061,0.026,0.064,1.022,2,546
510581640,-3.110,1.280,0.000,0.014,0.004,1.042,2,546
510582579,-3.171,1.280,0.305,0.028,-0.028,1.052,2,546
510583640,-2.988,1.463,0.488,0.019,-0.027,1.013,2,546
510584579,-2.561,1.768,0.732,-0.004,-0.025,1.034,2,546
510585640,-1.341,2.317,0.854,0.015,-0.039,1.043,2,546
510586579,-0.610,2.439,0.976,-0.018,-0.029,1.034,2,546
510587640,-0.061,2.317,0.854,-0.026,0.001,1.018,2,546
510588575,0.244,1.951,0.732,-0.005,0.015,1.042,2,546
510589640,0.427,1.707,0.671,-0.033,0.035,1.072,2,546
510590571,0.366,1.463,0.488,-0.029,0.051,1.021,2,546
510591640,0.366,1.098,0.244,-0.018,0.074,1.032,2,546
510592574,-0.122,0.854,0.305,-0.005,0.092,1.048,2,546
510593640,-0.732,0.732,0.244,0.014,0.103,1.041,2,546
510594579,-1.280,0.488,0.061,0.016,0.069,1.029,2,546
510595640,-1.707,0.488,-0.122,0.021,0.047,1.037,2,546
510596579,-2.378,0.976,0.122,0.015,0.062,1.032,2,546
510597640,-2.927,1.098,0.305,0.013,0.013,1.038,2,546
510598575,-3.232,1.463,0.427,0.026,-0.016,1.050,2,546
510599640,-2.378,1.829,0.610,-0.003,-0.031,1.028,2,546
510600579,-1.768,1.890,0.488,0.014,-0.035,1.062,2,546
510601640,-1.098,2.378,0.732,0.005,-0.038,1.037,2,546
510602667,-0.427,2.439,0.488,-0.022,-0.036,1.026,2,546
510603200,-0.183,2.317,0.305,-0.021,-0.012,1.022,2,546
510604700,0.122,2.317,0.305,-0.009,0.015,1.044,2,546
510605212,0.671,2.195,0.549,-0.028,0.029,1.069,2,546
510606699,0.488,1.524,0.610,-0.005,0.064,1.019,2,546
510607216,0.488,1.524,0.610,-0.005,0.064,1.019,2,546
510608699,-0.427,1.037,0.244,-0.011,0.077,1.046,2,546
510609218,-0.854,0.732,0.305,0.015,0.118,1.040,2,546
510610699,-1.098,0.732,0.427,0.012,0.077,1.038,2,546
510611216,-1.524,0.610,0.183,0.018,0.049,1.027,2,546
510612699,-2.988,0.915,0.244,0.022,0.032,1.059,2,546
510613210,-2.988,0.915,0.244,0.022,0.032,1.059,2,546
510614699,-2.866,1.646,0.183,0.025,-0.035,1.012,2,546
510615215,-2.683,1.829,0.488,0.013,-0.020,1.044,2,546
510616699,-2.378,2.073,0.793,0.005,-0.038,1.029,2,546
510617216,-1.768,2.256,0.854,0.014,-0.026,1.056,2,546
510618699,-0.488,2.256,0.854,-0.028,-0.017,1.005,2,546
510619218,-0.488,2.256,0.854,-0.028,-0.017,1.005,2,546
510620699,0.854,1.951,0.549,-0.021,0.025,1.071,2,546
510621218,0.854,1.951,0.549,-0.021,0.025,1.071,2,546
510622699,0.427,1.220,0.061,0.004,0.071,1.031,2,546
510623210,0.061,1.159,0.305,-0.019,0.097,1.040,2,546
510624727,0.122,0.732,0.061,-0.008,0.067,1.027,2,546
510625242,-0.488,0.549,0.000,0.012,0.114,1.047,2,546
510626472,-1.159,0.549,0.122,0.010,0.071,1.042,2,546
510627638,-1.951,0.793,0.671,0.028,0.054,1.023,2,556
510628615,-2.500,1.037,0.610,0.019,0.039,1.051,2,556
510629638,-2.744,1.220,0.488,0.015,-0.004,1.035,2,556
510630575,-2.744,1.402,0.732,0.028,-0.017,1.055,2,556
510631638,-2.805,1.768,0.793,0.012,-0.040,1.025,2,556
510632575,-2.134,2.073,0.732,0.001,-0.048,1.003,2,556
510633638,-0.793,2.256,0.854,-0.021,-0.031,1.057,2,556
510634577,-0.183,2.500,0.610,-0.035,-0.013,1.026,2,556
510635638,0.061,2.317,0.671,-0.023,0.016,1.036,2,556
510636579,0.610,2.012,0.427,-0.032,0.038,1.030,2,556
510637638,0.915,1.585,0.122,-0.038,0.040,1.061,2,556
510638572,0.793,1.280,0.244,-0.017,0.078,1.040,2,556
510639638,0.122,0.732,0.244,-0.010,0.084,1.030,2,556
510640576,-0.793,0.549,0.366,0.004,0.094,1.026,2,556
510641638,-1.159,0.671,0.244,0.007,0.104,1.039,2,556
510642568,-1.768,0.549,0.427,0.015,0.059,1.049,2,556
510643638,-2.256,0.549,0.427,0.030,0.044,1.039,2,556
510644577,-2.744,0.915,0.244,0.036,0.033,1.002,2,556
510645638,-2.988,1.159,0.610,0.022,0.003,1.041,2,556
510646574,-2.988,1.585,0.732,0.022,-0.019,1.060,2,556
510647638,-2.195,2.256,0.732,0.011,-0.056,1.027,2,556
510648583,-1.524,2.378,0.610,-0.013,-0.032,1.021,2,556
510649638,-1.098,2.256,0.366,-0.009,-0.041,1.061,2,556
510650576,-0.732,2.256,0.244,-0.031,-0.007,1.062,2,556
510651638,0.000,2.317,0.305,-0.032,0.005,1.013,2,556
510652578,0.122,1.890,0.244,-0.016,0.031,1.029,2,556
510653638,0.366,1.220,0.000,-0.041,0.057,1.040,2,556
510654567,0.061,0.915,0.244,-0.003,0.088,1.029,2,556
510655638,-0.183,0.976,0.244,-0.010,0.097,1.033,2,556
510656575,-0.793,0.610,0.305,0.001,0.068,1.021,2,556
510657638,-1.341,0.427,0.305,0.015,0.077,1.029,2,556
510658572,-1.463,0.549,0.122,0.020,0.079,1.041,2,556
510659638,-2.195,0.732,0.305,0.026,0.014,1.061,2,556
510660579,-2.561,1.341,0.488,0.029,-0.003,1.009,2,556
510661638,-2.317,1.707,0.488,0.017,-0.019,1.025,2,556
510662575,-2.256,2.073,0.549,-0.000,-0.025,1.068,2,556
510663638,-1.829,2.439,0.610,0.004,-0.055,1.049,2,556
510664581,-1.524,2.744,0.854,-0.010,-0.034,1.034,2,556
510665638,-1.098,2.439,0.671,-0.026,-0.025,1.021,2,556
510666580,-0.610,1.890,0.427,0.004,-0.005,1.056,2,556
510667638,0.366,1.707,0.427,-0.041,0.019,1.022,2,556
510668576,0.549,1.463,0.244,-0.018,0.067,1.031,2,556
510669638,0.732,1.280,0.305,-0.029,0.065,1.043,2,556
510670579,0.427,0.854,0.366,-0.020,0.071,1.020,2,556
510671638,-0.305,0.732,0.122,0.001,0.086,1.031,2,556
510672640,-0.793,0.427,0.061,0.007,0.114,1.040,2,556
510673165,-1.280,0.305,0.183,0.025,0.067,1.024,2,556
510674727,-1.890,0.854,0.366,0.027,0.044,1.008,2,556
510675235,-1.890,0.854,0.366,0.027,0.044,1.008,2,556
510676460,-2.622,1.585,0.549,0.020,0.011,1.075,2,556
510677639,-2.805,1.951,0.549,0.012,-0.024,1.022,2,565
510678625,-2.683,2.073,0.671,-0.000,-0.031,1.017,2,565
510679638,-2.012,2.256,0.732,0.003,-0.030,1.035,2,565
510680583,-1.280,2.378,0.671,-0.027,-0.018,1.057,2,565
510681640,-0.183,2.256,0.549,-0.026,0.014,1.021,2,565
510682586,0.122,1.951,0.610,-0.020,0.005,1.039,2,565
510683640,0.183,1.646,0.427,-0.033,0.041,1.056,2,565
510684576,0.366,1.402,0.488,-0.043,0.057,1.033,2,565
510685640,0.000,0.976,0.122,-0.013,0.080,1.021,2,565
510686581,-0.061,0.793,0.366,-0.024,0.084,1.040,2,565
510687640,-0.915,0.305,0.183,0.018,0.077,1.026,2,565
510688575,-1.402,0.305,0.244,0.018,0.088,1.030,2,565
510689640,-1.951,0.366,0.183,0.016,0.058,1.044,2,565
510690583,-2.195,0.732,0.122,0.025,0.042,1.062,2,565
510691640,-2.622,1.280,0.366,0.039,-0.009,1.005,2,565
510692663,-2.622,1.585,0.488,0.027,0.010,1.028,2,565
510693194,-2.317,2.073,0.793,0.015,-0.044,1.054,2,565
510694700,-1.463,2.500,0.427,-0.005,-0.039,1.046,2,565
510695210,-1.463,2.500,0.427,-0.005,-0.039,1.046,2,565
510696699,-0.610,2.073,0.488,-0.006,-0.031,1.052,2,565
510697216,-0.061,2.134,0.427,-0.041,0.021,1.050,2,565
510698699,0.610,1.890,0.366,-0.048,0.015,1.041,2,565
510699216,0.488,1.463,0.183,-0.022,0.055,1.034,2,565
510700699,-0.061,0.610,-0.061,-0.027,0.067,1.040,2,565
510701216,-0.061,0.610,-0.061,-0.027,0.067,1.040,2,565
510702699,-0.793,0.000,0.122,0.005,0.107,1.038,2,565
510703212,-0.793,0.000,0.122,0.005,0.107,1.038,2,565
510704699,-1.646,0.366,0.366,0.031,0.043,1.051,2,565
510705218,-2.134,0.854,0.549,0.045,0.026,0.985,2,565
510706699,-2.439,1.159,0.549,0.042,0.026,1.030,2,565
510707218,-2.500,1.524,0.732,0.025,-0.001,1.054,2,565
510708707,-2.195,2.195,0.854,0.020,-0.014,1.033,2,565
510709233,-2.195,2.195,0.854,0.020,-0.014,1.033,2,565
510710701,-1.341,2.256,0.732,-0.006,-0.031,1.047,2,565
510711215,-1.159,2.378,0.610,-0.033,-0.022,1.049,2,565
510712699,-0.732,2.378,0.488,-0.047,0.009,1.051,2,565
510713212,-0.305,2.073,0.366,-0.035,0.025,1.022,2,565
510714699,0.061,1.463,0.366,-0.042,0.051,1.048,2,565
510715216,0.061,1.463,0.366,-0.042,0.051,1.048,2,565
510716699,-0.122,0.427,0.427,-0.014,0.088,1.039,2,565
510717216,-0.671,0.488,0.366,0.008,0.117,1.059,2,565
510718699,-1.098,0.427,0.366,0.002,0.058,1.045,2,565
510719211,-1.524,0.488,0.305,0.027,0.057,1.017,2,565
510720699,-2.256,0.915,0.244,0.028,0.039,1.059,2,565
510721216,-2.256,0.915,0.244,0.028,0.039,1.059,2,565
510722699,-2.439,1.585,0.671,0.034,0.002,1.022,2,565
510723210,-2.439,1.585,0.671,0.034,0.002,1.022,2,565
510724699,-1.585,2.378,0.549,0.013,-0.028,1.048,2,565
510725244,-1.646,2.805,0.671,-0.005,-0.039,1.046,2,565
510726489,-1.037,2.805,0.671,-0.026,-0.007,1.056,2,565
510727639,-0.732,2.622,0.610,-0.033,0.020,1.037,2,575
510728625,-0.183,1.768,0.549,-0.052,0.037,1.035,2,575
510729638,-0.183,1.220,0.305,-0.048,0.040,1.027,2,575
510730575,-0.427,1.037,0.061,-0.031,0.067,1.028,2,575
510731638,-0.427,0.793,0.122,-0.013,0.098,1.052,2,575
510732588,-0.427,0.427,0.122,-0.010,0.099,1.073,2,575
510733638,-0.915,0.244,0.244,0.014,0.046,1.009,2,575
510734568,-1.646,0.366,0.366,0.029,0.066,0.998,2,575
510735638,-2.378,0.793,0.427,0.040,0.016,1.054,2,575
510736580,-2.378,1.098,0.244,0.037,0.003,1.044,2,575
510737638,-2.195,1.585,0.610,0.026,0.010,1.017,2,575
510738562,-2.378,1.829,0.732,0.023,-0.027,1.044,2,575
510739638,-2.134,2.195,0.793,0.013,-0.031,1.048,2,575
510740583,-1.463,2.744,0.732,-0.006,-0.022,1.048,2,575
510741638,-0.610,2.805,0.732,-0.023,-0.017,1.047,2,575
510742572,-0.244,2.439,0.732,-0.032,0.020,1.035,2,575
510743638,0.183,2.012,0.366,-0.047,0.026,1.047,2,575
510744577,0.366,1.707,0.305,-0.047,0.054,1.024,2,575
510745638,0.305,1.220,0.366,-0.029,0.051,1.038,2,575
510746571,0.061,0.915,0.366,-0.028,0.105,1.057,2,575
510747638,-0.366,0.488,0.549,-0.022,0.073,1.071,2,575
510748571,-0.732,0.244,0.488,0.015,0.070,1.008,2,575
510749638,-1.585,0.305,0.488,0.033,0.071,1.036,2,575
510750572,-1.951,0.793,0.671,0.046,0.016,1.059,2,575
510751638,-2.195,0.976,0.732,0.053,0.033,1.045,2,575
510752567,-2.134,1.463,0.854,0.042,-0.006,1.017,2,575
510753638,-2.317,1.951,0.610,0.029,-0.021,1.041,2,575
510754580,-2.073,2.439,0.732,0.021,-0.045,1.039,2,575
510755638,-1.098,2.683,0.671,-0.023,-0.028,1.042,2,575
510756587,-0.671,2.561,0.427,-0.035,0.000,1.039,2,575
510757638,-0.305,2.500,0.244,-0.022,-0.006,1.035,2,575
510758580,0.488,2.317,0.122,-0.047,0.053,1.046,2,575
510759638,0.427,1.829,0.366,-0.063,0.029,1.024,2,575
510760572,0.122,1.220,0.427,-0.024,0.075,1.038,2,575
510761638,-0.244,0.732,0.427,-0.039,0.085,1.035,2,575
510762588,-0.549,0.366,0.305,0.009,0.047,1.006,2,575
510763638,-1.098,0.000,0.305,0.022,0.090,1.018,2,575
510764572,-1.585,0.061,0.671,0.039,0.047,1.028,2,575
510765638,-1.951,0.488,0.793,0.043,0.038,1.072,2,575
510766587,-2.256,1.037,0.671,0.050,0.009,1.045,2,575
510767638,-2.012,1.585,0.488,0.047,0.002,1.027,2,575
510768568,-1.951,2.134,0.488,0.032,-0.039,1.034,2,575
510769638,-1.707,2.744,0.549,-0.001,-0.050,1.028,2,575
510770648,-1.098,2.866,0.610,-0.025,-0.008,1.061,2,575
510771173,-1.098,2.866,0.610,-0.025,-0.008,1.061,2,575
510772700,0.061,2.683,0.427,-0.033,0.026,1.041,2,575
510773209,-0.061,2.500,0.610,-0.060,0.020,1.034,2,575
510774700,-0.061,1.646,0.427,-0.061,0.063,1.056,2,575
510775227,0.000,1.098,0.244,-0.039,0.035,1.006,2,575
510776460,-0.305,0.793,0.183,-0.018,0.106,1.049,2,575
510777639,-0.793,0.122,0.244,0.012,0.068,1.033,2,585
510778631,-1.220,-0.061,0.366,0.021,0.064,1.028,2,585
510779148,-1.768,0.000,0.244,0.055,0.061,1.026,2,585
510780700,-2.195,0.610,0.427,0.053,0.014,1.045,2,585
510781218,-2.378,0.976,0.610,0.045,0.017,1.057,2,585
510782699,-2.256,2.073,0.732,0.038,-0.018,1.042,2,585
510783217,-2.256,2.073,0.732,0.038,-0.018,1.042,2,585
510784699,-1.402,2.683,0.488,0.009,-0.019,1.026,2,585
510785217,-0.610,3.049,0.488,-0.021,-0.037,1.056,2,585
510786699,-0.305,2.805,0.732,-0.041,0.028,1.065,2,585
510787211,-0.061,2.378,0.488,-0.051,-0.010,1.014,2,585
510788699,0.000,1.829,0.610,-0.062,0.048,1.033,2,585
510789211,0.000,1.829,0.610,-0.062,0.048,1.033,2,585
510790716,-0.122,0.366,0.488,-0.015,0.067,1.017,2,585
510791247,-0.122,0.366,0.488,-0.015,0.067,1.017,2,585
510792219,-0.915,0.061,0.366,0.020,0.057,1.062,2,585
510793694,-1.585,0.000,0.488,0.024,0.083,1.040,2,585
510794208,-1.890,0.366,0.488,0.046,0.026,0.994,2,585
510795699,-2.195,0.976,0.549,0.050,-0.012,1.044,2,585
510796218,-2.195,0.976,0.549,0.050,-0.012,1.044,2,585
510797699,-2.012,1.951,0.488,0.036,-0.045,1.023,2,585
510798212,-2.012,1.951,0.488,0.036,-0.045,1.023,2,585
510799699,-1.524,2.500,0.427,-0.005,-0.045,1.018,2,585
510800214,-0.671,2.683,0.366,-0.003,-0.000,1.047,2,585
510801700,-0.427,2.683,0.305,-0.058,0.004,1.027,2,585
510802212,0.061,2.500,0.305,-0.054,0.021,1.066,2,585
510803699,0.183,1.646,0.427,-0.057,0.076,1.046,2,585
510804212,0.183,1.646,0.427,-0.057,0.076,1.046,2,585
510805699,-0.061,0.244,0.427,-0.017,0.070,1.033,2,585
510806216,-0.793,0.183,0.366,-0.023,0.087,1.038,2,585
510807699,-1.220,0.000,0.244,0.026,0.077,1.033,2,585
510808215,-1.585,0.061,0.488,0.022,0.062,1.059,2,585
510809709,-1.951,0.610,0.488,0.057,0.020,1.024,2,585
510810235,-1.951,0.610,0.488,0.057,0.020,1.024,2,585
510811703,-2.439,1.707,0.488,0.038,0.005,1.043,2,585
510812224,-2.256,1.951,0.488,0.057,-0.039,1.035,2,585
510813700,-1.890,2.622,0.671,0.002,-0.011,1.062,2,585
510814216,-1.524,2.927,0.366,0.000,-0.023,1.048,2,585
510815700,-0.915,3.049,0.610,-0.023,0.004,1.020,2,585
510816217,-0.488,2.927,0.427,-0.037,-0.015,1.037,2,585
510817700,0.000,2.012,0.244,-0.065,0.010,1.020,2,585
510818217,0.000,2.012,0.244,-0.065,0.010,1.020,2,585
510819701,0.244,0.793,0.671,-0.036,0.070,1.052,2,585
510820217,-0.122,0.366,0.549,-0.023,0.095,1.043,2,585
510821700,-0.610,0.244,0.488,-0.002,0.055,1.003,2,585
510822211,-1.402,0.000,0.427,0.015,0.089,1.016,2,585
510823700,-2.012,0.183,0.366,0.029,0.053,1.058,2,585
510824216,-2.012,0.183,0.366,0.029,0.053,1.058,2,585
510825700,-2.500,1.280,0.488,0.065,-0.008,1.031,2,585
510826211,-2.134,1.768,0.793,0.059,-0.017,1.063,2,585
510827446,-1.890,2.378,0.793,0.031,-0.011,1.017,2,585
510828639,-1.220,2.683,0.793,0.023,-0.054,1.037,2,595
510829638,-0.915,2.988,0.732,-0.026,-0.005,1.043,2,595
510830151,-0.854,3.232,0.549,-0.047,-0.006,1.056,2,595
510831700,-0.244,2.439,0.488,-0.059,0.020,1.040,2,595
510832216,-0.244,2.439,0.488,-0.059,0.020,1.040,2,595
510833699,0.122,1.402,0.305,-0.044,0.047,1.031,2,595
510834207,-0.305,0.732,0.366,-0.043,0.093,1.021,2,595
510835699,-0.793,0.244,0.000,-0.010,0.080,1.040,2,595
510836207,-0.976,0.000,0.061,-0.005,0.097,1.062,2,595
510837699,-1.890,0.061,0.305,0.042,0.054,1.020,2,595
510838210,-1.890,0.061,0.305,0.042,0.054,1.020,2,595
510839699,-2.134,0.732,0.610,0.050,0.032,1.068,2,595
510840206,-2.195,1.402,0.671,0.055,-0.011,1.022,2,595
510841699,-2.073,1.829,0.549,0.048,-0.017,1.050,2,595
510842207,-1.951,2.683,0.610,0.025,-0.021,1.042,2,595
510843699,-0.793,3.232,0.671,-0.004,-0.031,1.029,2,595
510844207,-0.793,3.232,0.671,-0.004,-0.031,1.029,2,595
510845699,-0.366,2.744,0.305,-0.062,0.016,1.045,2,595
510846206,-0.366,2.744,0.305,-0.062,0.016,1.045,2,595
510847699,-0.122,1.951,0.366,-0.064,0.054,1.057,2,595
510848206,0.000,1.585,0.122,-0.052,0.101,1.059,2,595
510849699,-0.061,0.610,0.244,-0.032,0.067,1.053,2,595
510850206,-0.732,0.183,0.183,-0.016,0.100,1.005,2,595
510851699,-1.585,-0.061,0.244,0.026,0.073,1.051,2,595
510852210,-1.585,-0.061,0.244,0.026,0.073,1.051,2,595
510853699,-2.378,0.671,0.427,0.062,0.051,1.046,2,595
510854207,-2.439,1.098,0.427,0.061,-0.029,1.019,2,595
510855240,-2.073,1.646,0.366,0.048,0.003,1.042,2,595
510856639,-1.951,2.439,0.244,0.046,-0.044,1.028,2,595
510857604,-1.037,3.049,0.366,-0.008,-0.036,1.062,2,595
510858639,-0.427,3.110,0.549,-0.034,0.013,1.032,2,595
510859583,-0.183,2.927,0.610,-0.038,-0.007,1.041,2,595
510860639,-0.122,2.561,0.366,-0.054,0.044,1.050,2,595
510861574,0.244,2.012,0.366,-0.075,0.037,1.063,2,595
510862639,0.244,1.524,0.549,-0.054,0.079,1.025,2,595
510863570,-0.183,0.915,0.732,-0.041,0.045,0.993,2,595
510864639,-0.976,0.061,0.488,-0.005,0.074,1.047,2,595
510865565,-1.402,-0.305,0.427,0.019,0.084,1.067,2,595
510866639,-1.951,-0.183,0.488,0.042,0.038,1.027,2,595
510867578,-2.012,0.061,0.610,0.080,0.033,1.029,2,595
510868639,-2.500,0.610,0.671,0.068,-0.003,1.030,2,595
510869578,-2.439,1.098,0.488,0.060,-0.008,1.054,2,595
510870639,-2.012,2.378,0.488,0.022,-0.031,1.036,2,595
510871578,-1.159,3.110,0.488,0.000,-0.014,1.050,2,595
510872639,-0.854,3.110,0.488,-0.020,-0.024,1.034,2,595
510873576,-0.122,3.232,0.366,-0.031,0.008,1.044,2,595
510874639,0.244,2.805,0.427,-0.055,0.011,1.039,2,595
510875751,0.244,2.500,0.610,-0.086,0.049,1.025,2,595
510876293,0.122,1.890,0.549,-0.062,0.037,1.034,2,604
510877381,0.000,1.402,0.549,-0.049,0.083,0.995,2,604
510878638,-0.732,-0.122,0.732,-0.026,0.106,1.062,2,604
510879588,-0.793,-0.305,0.488,0.021,0.052,1.035,2,604
510880639,-1.341,0.000,0.610,0.049,0.062,1.007,2,604
510881572,-1.524,0.183,0.732,0.050,0.018,1.033,2,604
510882639,-1.646,0.427,0.549,0.064,0.042,1.074,2,604
510883584,-2.195,0.915,0.488,0.063,-0.024,1.036,2,604
510884639,-2.073,2.256,0.488,0.030,-0.042,1.040,2,604
510885575,-1.707,2.805,0.366,0.016,-0.012,1.040,2,604
510886639,-1.159,2.866,0.366,-0.002,-0.036,1.029,2,604
510887572,-0.427,2.988,0.122,-0.034,0.017,1.037,2,604
510888639,-0.305,2.866,0.305,-0.068,-0.000,1.045,2,604
510889588,-0.244,2.561,0.427,-0.077,0.050,1.032,2,604
510890639,-0.183,2.073,0.610,-0.061,0.042,1.012,2,604
510891571,-0.244,1.402,0.305,-0.062,0.084,1.055,2,604
510892640,-0.854,0.183,0.427,-0.013,0.073,1.042,2,604
510893655,-1.280,0.000,0.610,0.009,0.068,1.019,2,604
510894185,-1.524,-0.305,0.671,0.034,0.053,1.035,2,604
510895700,-1.890,0.061,0.488,0.042,0.048,1.044,2,604
510896216,-2.134,0.366,0.366,0.075,0.007,1.061,2,604
510897699,-2.195,1.463,0.610,0.068,-0.039,1.014,2,604
510898208,-2.195,1.463,0.610,0.068,-0.039,1.014,2,604
510899699,-1.280,2.378,0.549,0.029,-0.042,1.061,2,604
510900207,-1.280,2.378,0.549,0.029,-0.042,1.061,2,604
510901699,-0.427,3.171,0.244,-0.029,-0.024,1.036,2,604
510902209,-0.305,3.171,0.305,-0.061,0.042,1.050,2,604
510903699,0.061,2.683,0.427,-0.061,-0.005,1.022,2,604
510904206,-0.061,2.195,0.610,-0.073,0.062,1.021,2,604
510905698,-0.427,0.793,0.549,-0.054,0.103,1.055,2,604
510906209,-0.427,0.793,0.549,-0.054,0.103,1.055,2,604
510907699,-1.280,-0.061,0.366,0.009,0.091,1.017,2,604
510908206,-1.829,-0.122,0.427,0.033,0.049,1.042,2,604
510909698,-1.890,0.183,0.427,0.046,0.065,1.053,2,604
510910209,-2.256,0.366,0.366,0.075,0.010,1.058,2,604
510911699,-2.195,1.220,0.671,0.072,-0.035,1.015,2,604
510912207,-2.195,1.220,0.671,0.072,-0.035,1.015,2,604
510913699,-1.585,2.500,0.488,0.036,-0.035,1.035,2,604
510914207,-1.585,2.500,0.488,0.036,-0.035,1.035,2,604
510915699,-0.671,3.049,0.488,-0.039,0.011,1.032,2,604
510916207,-0.488,2.927,0.244,-0.047,-0.005,1.038,2,604
510917699,-0.305,3.049,0.366,-0.072,0.027,1.025,2,604
510918207,0.061,2.561,0.549,-0.078,0.032,1.037,2,604
510919699,-0.305,1.037,0.488,-0.058,0.047,1.061,2,604
510920206,-0.305,1.037,0.488,-0.058,0.047,1.061,2,604
510921699,-0.915,0.000,0.610,-0.002,0.057,1.016,2,604
510922209,-1.159,-0.183,0.671,0.019,0.087,1.049,2,604
510923700,-1.646,-0.366,0.671,0.042,0.025,1.046,2,604
510924210,-1.829,0.000,0.854,0.066,0.050,1.054,2,604
510925700,-2.195,1.098,0.427,0.083,-0.011,1.045,2,604
510926211,-2.195,1.098,0.427,0.083,-0.011,1.045,2,604
510927453,-1.707,2.378,0.305,0.045,-0.040,1.036,2,604
510928639,-0.976,3.049,0.549,-0.000,-0.022,1.050,2,614
510929633,-0.549,3.293,0.488,-0.026,-0.002,1.036,2,614
510930148,-0.427,3.537,0.366,-0.047,0.009,1.031,2,614
510931700,-0.122,2.561,0.366,-0.074,0.050,1.023,2,614
510932217,-0.122,2.561,0.366,-0.074,0.050,1.023,2,614
510933699,-0.061,1.159,0.549,-0.048,0.080,1.053,2,614
510934207,-0.061,1.159,0.549,-0.048,0.080,1.053,2,614
510935699,-0.793,0.305,0.183,-0.008,0.073,1.019,2,614
510936214,-1.341,-0.183,0.488,0.010,0.050,1.053,2,614
510937699,-1.829,-0.244,0.549,0.030,0.047,1.050,2,614
510938207,-2.073,-0.061,0.488,0.063,0.042,1.045,2,614
510939699,-2.561,1.098,0.732,0.075,-0.016,1.047,2,614
510940207,-2.561,1.098,0.732,0.075,-0.016,1.047,2,614
510941699,-1.890,2.256,0.488,0.054,-0.032,1.027,2,614
510942207,-1.341,2.744,0.305,0.007,-0.023,1.050,2,614
510943699,-0.915,3.049,0.244,-0.019,-0.001,1.047,2,614
510944207,-0.549,2.866,0.366,-0.060,0.000,1.036,2,614
510945710,-0.122,2.500,0.549,-0.081,0.043,1.027,2,614
510946233,-0.122,2.500,0.549,-0.081,0.043,1.027,2,614
510947699,-0.427,0.976,0.366,-0.064,0.080,1.044,2,614
510948207,-0.427,0.976,0.366,-0.064,0.080,1.044,2,614
510949699,-1.037,-0.122,0.427,-0.020,0.080,1.014,2,614
510950207,-0.976,-0.244,0.610,0.025,0.047,1.047,2,614
510951699,-1.463,-0.122,0.732,0.031,0.053,1.043,2,614
510952207,-1.768,0.000,0.549,0.072,0.030,1.045,2,614
510953699,-2.073,0.854,0.427,0.080,-0.023,1.036,2,614
510954210,-2.073,0.854,0.427,0.080,-0.023,1.036,2,614
510955699,-2.012,2.439,0.366,0.052,-0.041,1.043,2,614
510956209,-1.524,2.988,0.366,0.016,-0.006,1.034,2,614
510957699,-0.976,3.293,0.488,-0.027,-0.005,1.036,2,614
510958206,-0.610,3.110,0.549,-0.044,0.027,1.058,2,614
510959699,-0.183,2.622,0.549,-0.077,0.037,1.022,2,614
510960206,-0.183,2.622,0.549,-0.077,0.037,1.022,2,614
510961699,-0.366,1.159,0.549,-0.077,0.078,1.033,2,614
510962214,-0.671,0.427,0.427,-0.051,0.066,1.037,2,614
510963699,-1.037,0.000,0.488,-0.020,0.071,1.025,2,614
510964213,-1.463,-0.305,0.305,0.021,0.058,1.021,2,614
510965699,-2.012,-0.305,0.610,0.073,0.030,1.067,2,614
510966207,-2.012,-0.305,0.610,0.073,0.030,1.067,2,614
510967699,-2.073,1.037,0.366,0.091,-0.004,1.044,2,614
510968206,-2.073,1.037,0.366,0.091,-0.004,1.044,2,614
510969699,-1.220,2.744,0.122,0.050,-0.027,1.033,2,614
510970213,-0.976,3.110,0.000,0.008,-0.027,1.024,2,614
510971699,-0.915,3.232,0.244,-0.022,-0.014,1.050,2,614
510972206,-0.732,3.293,0.061,-0.054,0.035,1.044,2,614
510973699,-0.183,2.378,0.305,-0.072,0.044,1.017,2,614
510974207,-0.183,2.378,0.305,-0.072,0.044,1.017,2,614
510975699,-0.366,1.402,0.549,-0.080,0.083,1.041,2,614
510976210,-0.671,0.671,0.610,-0.044,0.054,1.040,2,614
510977451,-0.915,0.000,0.549,-0.010,0.071,1.026,2,614
510978639,-1.585,-0.366,0.732,0.021,0.064,1.017,2,624
510979629,-1.829,-0.549,0.610,0.060,0.021,1.058,2,624
510980151,-2.012,0.000,0.427,0.060,0.021,1.058,2,624
510981701,-2.073,0.976,0.427,0.079,-0.017,1.040,2,624
510982217,-2.073,0.976,0.427,0.079,-0.017,1.040,2,624
510983700,-1.098,2.561,0.183,0.045,-0.008,1.039,2,624
510984216,-0.732,2.744,0.183,0.022,-0.030,1.028,2,624
510985700,-0.793,3.110,0.244,-0.020,0.002,1.034,2,624
510986211,-0.366,3.293,0.427,-0.054,0.006,1.042,2,624
510987700,-0.244,2.500,0.366,-0.093,0.031,1.019,2,624
510988211,-0.244,2.500,0.366,-0.093,0.031,1.019,2,624
510989700,-0.854,1.524,0.427,-0.081,0.056,1.042,2,624
510990211,-0.915,0.549,0.427,-0.044,0.093,1.042,2,624
510991700,-0.976,0.061,0.244,-0.013,0.047,1.045,2,624
510992215,-1.341,-0.427,0.305,0.027,0.069,1.044,2,624
510993700,-2.012,0.061,0.488,0.077,0.006,1.053,2,624
510994210,-2.012,0.061,0.488,0.077,0.006,1.053,2,624
510995700,-2.012,1.463,0.427,0.079,-0.024,1.044,2,624
510996216,-1.646,1.890,0.244,0.054,-0.012,1.033,2,624
510997700,-1.463,2.439,0.427,0.038,-0.029,1.048,2,624
510998216,-1.098,3.049,0.244,0.015,0.011,1.037,2,624
510999700,-0.488,3.171,0.000,-0.048,0.030,1.040,2,624
511000210,-0.488,3.171,0.000,-0.048,0.030,1.040,2,624
511001700,-0.183,2.561,0.305,-0.095,0.066,1.029,2,624
511002210,-0.183,2.561,0.305,-0.095,0.066,1.029,2,624
511003700,-0.488,1.037,0.305,-0.059,0.070,1.019,2,624
511004210,-1.159,0.122,0.610,-0.043,0.069,1.011,2,624
511005700,-1.280,-0.488,0.305,-0.008,0.053,1.053,2,624
511006211,-1.829,-0.305,0.427,0.032,0.071,1.052,2,624
511007700,-1.829,0.183,0.366,0.076,0.010,1.046,2,624
511008210,-1.829,0.183,0.366,0.076,0.010,1.046,2,624
511009700,-1.585,1.341,0.549,0.078,-0.010,1.048,2,624
511010216,-0.976,2.012,0.549,0.056,-0.027,1.045,2,624
511011700,-0.793,2.622,0.366,0.043,-0.023,1.055,2,624
511012215,-0.610,3.110,0.366,-0.012,0.006,1.045,2,624
511013700,-0.427,3.171,0.244,-0.076,0.033,1.022,2,624
511014210,-0.427,3.171,0.244,-0.076,0.033,1.022,2,624
511015700,-0.122,2.195,0.183,-0.098,0.081,1.016,2,624
511016215,-0.122,2.195,0.183,-0.098,0.081,1.016,2,624
511017700,-0.549,0.732,0.610,-0.056,0.099,1.047,2,624
511018210,-1.159,0.183,0.671,-0.031,0.061,1.033,2,624
511019700,-1.280,-0.122,0.549,0.006,0.054,1.013,2,624
511020210,-1.524,-0.366,0.488,0.046,0.024,1.046,2,624
511021700,-2.134,0.427,0.793,0.079,0.002,1.036,2,624
511022216,-2.134,0.427,0.793,0.079,0.002,1.036,2,624
511023700,-1.768,1.585,0.366,0.066,-0.007,1.045,2,624
511024211,-1.585,2.256,0.366,0.060,-0.027,1.035,2,624
511025700,-0.915,3.110,0.061,0.018,0.009,1.039,2,624
511026210,-0.610,3.476,0.244,-0.017,-0.015,1.040,2,624
511027431,-0.427,3.598,0.305,-0.053,0.027,1.042,2,624
511028638,-0.427,2.561,0.488,-0.095,0.074,1.034,2,634
511029614,-0.122,1.768,0.366,-0.100,0.063,1.019,2,634
511030638,-0.366,1.098,0.244,-0.070,0.070,1.010,2,634
511031582,-0.915,0.305,0.305,-0.045,0.071,1.027,2,634
511032639,-1.159,0.000,0.427,-0.016,0.073,1.048,2,634
511033578,-1.280,-0.122,0.732,0.021,0.056,1.046,2,634
511034639,-1.890,-0.061,0.488,0.073,0.003,1.041,2,634
511035575,-1.768,0.366,0.549,0.106,-0.013,1.045,2,634
511036639,-1.585,0.915,0.610,0.087,-0.023,1.046,2,634
511037576,-1.463,1.829,0.305,0.072,-0.023,1.053,2,634
511038639,-0.976,2.500,0.305,0.044,-0.014,1.048,2,634
511039586,-0.732,3.110,0.183,0.004,0.006,1.040,2,634
511040639,-0.549,3.354,0.244,-0.067,0.029,1.037,2,634
511041571,-0.183,2.744,0.366,-0.088,0.045,1.030,2,634
511042639,0.000,2.073,0.427,-0.101,0.074,1.013,2,634
511043575,-0.366,1.463,0.183,-0.094,0.074,1.035,2,634
511044639,-0.671,0.793,0.549,-0.068,0.086,1.038,2,634
511045579,-1.098,0.183,0.671,-0.032,0.055,1.042,2,634
511046639,-1.524,-0.244,0.793,0.000,0.045,1.011,2,634
511047588,-1.829,-0.305,0.671,0.036,0.030,1.036,2,634
511048639,-2.012,0.183,0.488,0.091,-0.007,1.051,2,634
511049582,-1.646,0.671,0.488,0.098,-0.011,1.043,2,634
511050639,-1.159,1.220,0.671,0.090,-0.019,1.046,2,634
511051582,-0.793,2.134,0.549,0.047,-0.007,1.041,2,634
511052639,-0.732,2.866,0.244,0.019,-0.021,1.045,2,634
511053579,-0.427,3.232,0.183,-0.025,0.011,1.027,2,634
511054639,0.000,3.049,0.427,-0.086,0.064,1.035,2,634
511055571,-0.244,2.561,0.549,-0.099,0.055,1.031,2,634
511056639,-0.549,1.768,0.610,-0.102,0.077,1.033,2,634
511057584,-0.915,1.280,0.610,-0.085,0.066,1.021,2,634
511058639,-1.037,0.610,0.854,-0.034,0.060,1.027,2,634
511059574,-1.463,-0.183,0.915,-0.015,0.057,1.030,2,634
511060639,-1.890,-0.366,1.037,0.032,0.025,1.050,2,634
511061579,-2.073,-0.427,0.854,0.057,0.039,1.056,2,634
511062639,-1.707,0.427,0.549,0.098,-0.005,1.045,2,634
511063574,-1.463,1.037,0.366,0.092,-0.031,1.041,2,634
511064639,-1.341,1.890,0.610,0.070,-0.013,1.051,2,634
511065575,-1.159,2.683,0.366,0.036,-0.014,1.055,2,634
511066639,-0.610,2.988,0.183,0.006,0.003,1.029,2,634
511067576,-0.244,3.232,0.305,-0.039,0.023,1.037,2,634
511068639,0.000,2.866,0.427,-0.089,0.058,1.036,2,634
511069571,-0.122,2.195,0.427,-0.095,0.068,1.004,2,634
511070639,-0.549,1.463,0.427,-0.090,0.062,1.018,2,634
511071656,-1.159,0.915,0.366,-0.072,0.076,1.043,2,634
511072183,-1.585,0.244,0.549,-0.021,0.053,1.041,2,634
511073701,-1.951,-0.061,0.854,0.015,0.061,1.047,2,634
511074220,-1.768,-0.366,0.976,0.047,0.023,1.048,2,634
511075700,-1.524,0.549,0.366,0.114,-0.019,1.043,2,634
511076217,-1.524,0.549,0.366,0.114,-0.019,1.043,2,634
511077467,-1.707,1.829,0.366,0.076,-0.021,1.040,2,634
511078639,-1.098,2.378,0.305,0.048,0.001,1.054,2,643
511079680,-0.671,2.622,0.122,0.007,-0.006,1.049,2,643
511080206,-0.305,2.927,0.000,-0.027,0.021,1.028,2,643
511081704,0.000,3.049,-0.122,-0.085,0.030,1.032,2,643
511082224,0.000,3.049,-0.122,-0.085,0.030,1.032,2,643
511083700,-0.854,1.829,0.366,-0.098,0.053,1.034,2,643
511084210,-0.854,1.829,0.366,-0.098,0.053,1.034,2,643
511085700,-1.037,0.366,0.732,-0.051,0.052,1.043,2,643
511086217,-1.463,-0.122,0.671,-0.004,0.065,1.057,2,643
511087700,-1.585,-0.427,0.976,0.032,0.009,1.010,2,643
511088215,-2.195,-0.305,0.854,0.073,0.006,1.044,2,643
511089700,-1.951,0.671,0.427,0.098,-0.032,1.058,2,643
511090216,-1.951,0.671,0.427,0.098,-0.032,1.058,2,643
511091700,-1.341,2.195,-0.061,0.065,-0.037,1.045,2,643
511092216,-0.854,2.683,-0.244,0.033,0.017,1.042,2,643
511093700,-0.244,2.988,-0.061,-0.008,-0.008,1.053,2,643
511094218,0.000,3.049,-0.122,-0.045,0.035,1.030,2,643
511095700,-0.244,2.195,0.183,-0.103,0.064,1.034,2,643
511096210,-0.244,2.195,0.183,-0.103,0.064,1.034,2,643
511097700,-0.915,1.220,0.610,-0.076,0.074,1.046,2,643
511098216,-1.280,0.427,0.854,-0.065,0.081,1.023,2,643
511099700,-1.402,-0.061,0.610,-0.009,0.027,1.014,2,643
511100210,-1.707,-0.305,0.549,0.028,0.045,1.055,2,643
511101700,-1.829,0.000,0.549,0.079,0.012,1.046,2,643
511102210,-1.829,0.000,0.549,0.079,0.012,1.046,2,643
511103700,-1.646,1.463,0.610,0.095,-0.012,1.049,2,643
511104217,-1.646,1.463,0.610,0.095,-0.012,1.049,2,643
511105700,-0.854,2.866,0.122,0.040,-0.011,1.045,2,643
511106218,-0.061,3.354,-0.122,-0.010,0.015,1.038,2,643
511107700,0.122,3.354,-0.183,-0.027,0.018,1.019,2,643
511108217,0.061,3.232,0.122,-0.077,0.062,1.021,2,643
511109700,-0.183,1.951,0.000,-0.101,0.099,1.026,2,643
511110210,-0.183,1.951,0.000,-0.101,0.099,1.026,2,643
511111700,-1.037,0.549,0.549,-0.057,0.072,1.018,2,643
511112216,-1.341,0.183,0.732,-0.022,0.038,1.019,2,643
511113700,-1.585,0.000,0.610,0.022,0.023,1.057,2,643
511114216,-2.134,-0.061,0.793,0.063,0.016,1.041,2,643
511115700,-2.134,0.427,0.793,0.098,-0.006,1.055,2,643
511116216,-2.134,0.427,0.793,0.098,-0.006,1.055,2,643
511117700,-1.280,1.768,0.183,0.082,-0.005,1.058,2,643
511118216,-1.280,1.768,0.183,0.082,-0.005,1.058,2,643
511119700,-0.610,2.927,-0.122,0.004,0.000,1.042,2,643
511120217,-0.244,2.927,-0.061,-0.046,0.019,1.024,2,643
511121700,-0.183,2.988,-0.244,-0.072,0.050,1.035,2,643
511122216,0.000,2.805,-0.183,-0.086,0.085,1.050,2,643
511123700,-0.549,1.646,0.244,-0.101,0.093,1.014,2,643
511124217,-0.549,1.646,0.244,-0.101,0.093,1.014,2,643
511125700,-1.402,0.488,0.732,-0.023,0.057,1.037,2,643
511126217,-1.951,-0.305,0.610,0.014,0.018,1.055,2,643
511127453,-1.951,-0.366,0.549,0.044,0.024,1.030,2,643
511128638,-1.951,-0.183,0.610,0.085,0.000,1.033,2,653
511129629,-1.402,0.976,0.793,0.092,-0.030,1.051,2,653
511130148,-1.402,0.976,0.793,0.092,-0.030,1.051,2,653
511131700,-0.732,2.561,0.000,0.062,-0.006,1.039,2,653
511132209,-0.305,3.049,0.000,0.007,-0.007,1.043,2,653
511133699,-0.122,3.110,0.183,-0.029,0.015,1.045,2,653
511134210,-0.122,2.988,0.305,-0.074,0.072,1.032,2,653
511135699,-0.122,2.439,0.244,-0.106,0.087,1.013,2,653
511136207,-0.122,2.439,0.244,-0.106,0.087,1.013,2,653
511137699,-1.098,1.098,0.244,-0.070,0.082,1.028,2,653
511138210,-1.098,1.098,0.244,-0.070,0.082,1.028,2,653
511139699,-1.707,0.061,0.732,0.002,0.043,1.046,2,653
511140207,-1.951,-0.122,0.976,0.041,0.012,1.029,2,653
511141699,-2.073,-0.122,0.915,0.091,0.000,1.042,2,653
511142208,-2.134,0.244,0.549,0.100,-0.025,1.065,2,653
511143700,-1.341,1.524,0.427,0.096,-0.022,1.038,2,653
511144208,-1.341,1.524,0.427,0.096,-0.022,1.038,2,653
511145699,-0.427,3.049,0.244,0.006,-0.003,1.040,2,653
511146214,0.122,3.049,-0.122,-0.021,0.023,1.037,2,653
511147699,0.183,2.988,-0.122,-0.082,0.062,1.033,2,653
511148210,-0.122,2.622,0.061,-0.108,0.064,1.044,2,653
511149240,-0.732,2.317,0.122,-0.095,0.082,1.013,2,653
511150639,-1.159,0.671,0.488,-0.073,0.066,1.038,2,653
511151592,-1.220,0.305,0.732,-0.046,0.063,1.023,2,653
511152639,-1.707,-0.244,0.976,0.017,0.026,1.051,2,653
511153579,-2.134,-0.366,1.037,0.054,0.012,1.042,2,653
511154639,-2.195,-0.305,0.793,0.070,-0.017,1.042,2,653
511155579,-1.890,0.366,0.549,0.107,-0.010,1.059,2,653
511156639,-1.646,1.585,0.549,0.090,-0.035,1.057,2,653
511157583,-1.037,2.378,0.366,0.047,-0.016,1.033,2,653
511158639,-0.244,2.805,0.183,0.018,0.016,1.050,2,653
511159575,0.000,3.171,-0.061,-0.029,0.030,1.042,2,653
511160639,0.244,3.232,0.061,-0.075,0.044,1.022,2,653
511161579,0.427,3.049,0.183,-0.089,0.077,1.033,2,653
511162639,-0.183,2.561,0.244,-0.101,0.095,1.022,2,653
511163571,-0.610,1.768,0.244,-0.103,0.076,1.029,2,653
511164639,-1.890,0.610,0.610,-0.020,0.044,1.042,2,653
511165581,-2.500,0.000,0.915,0.011,0.051,1.032,2,653
511166639,-2.378,-0.366,1.037,0.054,-0.020,1.051,2,653
511167567,-2.195,0.000,0.793,0.085,0.005,1.050,2,653
511168639,-2.012,0.488,0.488,0.102,-0.036,1.042,2,653
511169574,-1.524,1.098,0.366,0.109,-0.027,1.062,2,653
511170639,-0.427,2.378,0.183,0.054,-0.010,1.043,2,653
511171575,-0.244,2.988,0.549,0.011,0.014,1.034,2,653
511172639,-0.061,3.110,0.366,-0.042,0.021,1.045,2,653
511173575,0.183,3.110,0.183,-0.080,0.063,1.036,2,653
511174639,0.061,2.744,0.366,-0.084,0.067,1.015,2,653
511175753,-0.244,2.317,0.427,-0.120,0.102,1.025,2,653
511176298,-0.793,1.829,0.305,-0.098,0.077,1.027,2,663
511177382,-1.159,0.854,0.488,-0.080,0.084,1.026,2,663
511178638,-1.951,-0.183,0.671,0.014,0.031,1.038,2,663
511179580,-2.012,-0.427,0.915,0.063,0.008,1.047,2,663
511180639,-1.829,-0.427,0.976,0.096,-0.033,1.039,2,663
511181578,-1.951,0.000,0.732,0.102,-0.028,1.049,2,663
511182639,-1.890,0.671,0.671,0.104,-0.049,1.055,2,663
511183579,-1.159,1.524,0.427,0.095,-0.027,1.065,2,663
511184639,0.000,2.744,0.061,0.001,0.008,1.041,2,663
511185632,0.000,3.171,0.000,-0.051,0.050,1.042,2,663
511186156,0.000,3.171,0.000,-0.051,0.050,1.042,2,663
511187702,0.122,2.622,0.000,-0.109,0.086,1.023,2,663
511188214,-0.183,1.951,0.000,-0.113,0.076,1.013,2,663
511189700,-0.915,1.402,0.305,-0.097,0.102,1.039,2,663
511190210,-1.707,0.671,0.427,-0.079,0.068,1.027,2,663
511191700,-2.500,-0.427,0.793,0.021,0.030,1.039,2,663
511192215,-2.500,-0.427,0.793,0.021,0.030,1.039,2,663
511193700,-2.439,0.000,0.732,0.096,-0.023,1.047,2,663
511194210,-2.073,0.793,0.427,0.116,-0.046,1.046,2,663
511195700,-1.707,1.524,0.488,0.094,-0.038,1.057,2,663
511196217,-1.220,2.012,0.549,0.073,-0.029,1.045,2,663
511197700,-0.122,3.171,-0.061,-0.003,0.021,1.036,2,663
511198211,-0.122,3.171,-0.061,-0.003,0.021,1.036,2,663
511199700,0.366,3.415,-0.122,-0.092,0.072,1.008,2,663
511200211,0.061,2.744,-0.061,-0.128,0.089,1.017,2,663
511201700,-0.366,1.829,0.305,-0.117,0.087,1.029,2,663
511202211,-0.793,1.280,0.610,-0.093,0.106,1.037,2,663
511203700,-1.220,0.488,0.793,-0.022,0.068,1.048,2,663
511204217,-1.829,0.000,0.915,-0.022,0.068,1.048,2,663
511205700,-2.317,0.000,0.915,0.078,0.013,1.028,2,663
511206215,-2.317,0.000,0.915,0.078,0.013,1.028,2,663
511207700,-1.951,0.671,0.671,0.113,-0.039,1.052,2,663
511208215,-1.524,1.341,0.610,0.112,-0.045,1.054,2,663
511209700,-1.037,2.012,0.366,0.068,-0.023,1.039,2,663
511210215,-0.427,2.561,0.000,0.029,0.004,1.065,2,663
511211700,0.549,3.110,-0.183,-0.072,0.047,1.023,2,663
511212215,0.549,3.110,-0.183,-0.072,0.047,1.023,2,663
511213700,0.366,2.744,0.183,-0.120,0.104,1.022,2,663
511214215,-0.183,2.073,0.305,-0.114,0.107,1.015,2,663
511215700,-1.037,1.037,0.305,-0.099,0.080,1.021,2,663
511216211,-1.646,0.488,0.671,-0.050,0.075,1.046,2,663
511217700,-2.500,-0.305,0.915,0.046,0.014,1.041,2,663
511218215,-2.500,-0.305,0.915,0.046,0.014,1.041,2,663
511219700,-2.195,-0.061,0.915,0.101,-0.044,1.039,2,663
511220211,-2.195,-0.061,0.915,0.101,-0.044,1.039,2,663
511221700,-1.402,1.646,0.549,0.100,-0.045,1.065,2,663
511222217,-1.098,2.378,0.366,0.070,-0.021,1.047,2,663
511223700,-0.183,3.171,0.122,0.013,0.001,1.040,2,663
511224215,0.000,3.293,0.183,-0.034,0.033,1.017,2,663
511225709,0.122,2.988,0.244,-0.115,0.077,1.024,2,663
511226228,0.122,2.988,0.244,-0.115,0.077,1.024,2,663
511227472,-0.671,1.585,0.549,-0.110,0.100,1.020,2,663
511228638,-1.341,0.976,0.549,-0.084,0.080,1.041,2,673
511229618,-2.073,0.488,0.671,-0.041,0.057,1.020,2,673
511230638,-2.500,-0.305,1.098,0.013,0.031,1.014,2,673
511231579,-2.622,-0.488,1.159,0.076,0.001,1.053,2,673
511232639,-2.134,0.305,0.976,0.113,-0.048,1.046,2,673
511233642,-1.585,1.220,0.732,0.113,-0.042,1.043,2,673
511234166,-1.585,1.220,0.732,0.113,-0.042,1.043,2,673
511235700,-0.610,2.805,0.183,0.052,-0.026,1.047,2,673
511236212,0.427,3.232,0.000,0.005,0.012,1.038,2,673
511237699,0.488,3.415,0.183,-0.097,0.093,1.034,2,673
511238210,0.671,3.354,-0.061,-0.097,0.093,1.034,2,673
511239699,-0.061,2.256,0.488,-0.122,0.098,1.016,2,673
511240210,-0.061,2.256,0.488,-0.122,0.098,1.016,2,673
511241699,-1.159,0.549,0.610,-0.072,0.078,1.039,2,673
511242207,-2.012,0.061,0.549,-0.014,0.049,1.027,2,673
511243699,-2.683,-0.366,0.793,0.036,0.006,1.039,2,673
511244207,-2.744,-0.366,1.037,0.079,-0.018,1.029,2,673
511245699,-2.195,0.427,0.610,0.121,-0.047,1.066,2,673
511246207,-2.195,0.427,0.610,0.121,-0.047,1.066,2,673
511247699,-0.915,2.195,0.366,0.073,-0.035,1.022,2,673
511248206,-0.366,3.293,0.183,0.043,0.000,1.037,2,673
511249699,-0.061,3.537,0.183,-0.027,0.030,1.048,2,673
511250207,0.183,3.476,0.183,-0.080,0.062,1.041,2,673
511251709,-0.122,2.500,0.305,-0.133,0.123,1.021,2,673
511252234,-0.122,2.500,0.305,-0.133,0.123,1.021,2,673
511253702,-1.159,1.037,0.305,-0.106,0.098,1.021,2,673
511254221,-1.159,1.037,0.305,-0.106,0.098,1.021,2,673
511255699,-1.951,-0.488,0.732,0.002,0.048,1.028,2,673
511256211,-2.317,-0.549,0.671,0.063,0.000,1.054,2,673
511257700,-2.378,-0.122,0.610,0.115,-0.017,1.070,2,673
511258208,-2.012,0.427,0.793,0.125,-0.072,1.050,2,673
511259699,-0.976,1.585,0.305,0.096,-0.045,1.033,2,673
511260211,-0.976,1.585,0.305,0.096,-0.045,1.033,2,673
511261699,0.122,2.988,0.061,-0.013,0.001,1.040,2,673
511262206,0.549,3.415,0.305,-0.048,0.045,1.030,2,673
511263706,0.305,3.598,0.183,-0.093,0.095,1.026,2,673
511264220,0.366,3.110,0.183,-0.128,0.104,1.022,2,673
511265700,-0.671,1.220,0.427,-0.112,0.112,1.016,2,673
511266216,-0.671,1.220,0.427,-0.112,0.112,1.016,2,673
511267699,-1.768,-0.427,0.793,-0.024,0.061,1.050,2,673
511268207,-2.317,-0.671,0.793,0.031,0.018,1.036,2,673
511269699,-2.561,-0.488,0.732,0.091,-0.031,1.033,2,673
511270206,-2.500,0.000,0.854,0.121,-0.040,1.039,2,673
511271699,-2.134,0.854,0.610,0.128,-0.052,1.059,2,673
511272211,-1.585,1.402,0.244,0.128,-0.052,1.059,2,673
511273699,-0.488,2.744,0.061,0.023,-0.011,1.030,2,673
511274211,-0.488,2.744,0.061,0.023,-0.011,1.030,2,673
511275699,0.244,3.659,0.061,-0.074,0.056,1.018,2,673
511276211,0.122,3.232,-0.061,-0.125,0.098,1.029,2,673
511277453,0.061,2.683,0.122,-0.139,0.100,1.018,2,673
511278639,-0.366,1.951,0.244,-0.123,0.129,1.035,2,682
511279626,-1.524,0.183,0.793,-0.048,0.076,1.042,2,682
511280638,-2.134,0.000,0.915,-0.005,0.040,1.019,2,682
511281576,-2.500,-0.366,1.098,0.057,0.001,1.038,2,682
511282639,-2.805,-0.488,0.915,0.111,-0.032,1.069,2,682
511283579,-2.195,-0.061,0.610,0.135,-0.062,1.050,2,682
511284640,-1.646,0.793,0.854,0.136,-0.063,1.049,2,682
511285576,-0.915,1.585,0.366,0.106,-0.058,1.046,2,682
511286639,0.366,2.805,0.000,0.006,0.012,1.068,2,682
511287557,0.488,3.415,-0.061,-0.055,0.049,1.023,2,682
511288639,0.854,3.232,-0.244,-0.106,0.086,1.028,2,682
511289572,0.488,2.866,-0.122,-0.135,0.111,1.006,2,682
511290639,-0.061,2.378,0.122,-0.128,0.115,1.018,2,682
511291580,-0.732,1.402,0.305,-0.131,0.115,1.023,2,682
511292639,-2.073,-0.061,0.915,-0.004,0.069,1.047,2,682
511293572,-2.500,-0.366,0.976,0.040,0.014,1.045,2,682
511294640,-2.622,-0.488,0.976,0.094,-0.032,1.038,2,682
511295578,-2.500,-0.366,0.793,0.135,-0.065,1.042,2,682
511296639,-1.890,0.610,0.610,0.133,-0.065,1.033,2,682
511297572,-1.220,1.524,0.244,0.113,-0.069,1.075,2,682
511298639,-0.976,2.439,0.122,0.075,-0.035,1.059,2,682
511299580,-0.244,2.988,0.122,0.031,-0.010,1.041,2,682
511300639,0.488,3.476,0.244,-0.085,0.066,1.019,2,682
511301572,0.549,3.110,0.061,-0.124,0.107,1.029,2,682
511302639,0.000,2.683,0.244,-0.150,0.113,1.012,2,682
511303571,-0.488,1.646,0.610,-0.147,0.126,1.016,2,682
511304639,-1.280,0.793,0.549,-0.094,0.115,1.044,2,682
511305576,-1.951,0.000,0.610,-0.047,0.075,1.043,2,682
511306640,-2.927,-0.549,0.732,0.082,-0.009,1.027,2,682
511307573,-2.805,-0.366,0.793,0.113,-0.062,1.049,2,682
511308639,-2.561,0.305,0.671,0.143,-0.053,1.083,2,682
511309580,-2.195,1.037,0.549,0.126,-0.082,1.053,2,682
511310639,-1.037,2.073,0.427,0.104,-0.045,1.062,2,682
511311580,-0.305,2.744,0.366,0.060,-0.036,1.026,2,682
511312639,0.305,3.293,0.000,-0.005,0.017,1.048,2,682
511313564,0.549,3.232,-0.183,-0.120,0.101,1.024,2,682
511314639,0.183,2.744,0.122,-0.145,0.121,1.035,2,682
511315572,-0.183,2.134,0.427,-0.140,0.125,1.031,2,682
511316639,-0.854,1.341,0.488,-0.121,0.122,1.019,2,682
511317580,-1.768,0.366,0.854,-0.073,0.077,1.020,2,682
511318639,-2.622,-0.122,0.732,-0.012,0.042,1.015,2,682
511319575,-2.866,-0.427,0.793,0.063,0.008,1.042,2,682
511320639,-2.439,0.183,0.610,0.132,-0.065,1.072,2,682
511321580,-2.073,0.915,0.854,0.140,-0.080,1.066,2,682
511322639,-1.402,1.707,0.915,0.112,-0.062,1.036,2,682
511323576,-0.366,2.439,0.488,0.079,-0.034,1.058,2,682
511324639,0.122,3.049,0.427,0.032,0.005,1.025,2,682
511325747,0.366,3.415,0.000,-0.061,0.039,1.037,2,682
511326289,0.549,3.720,0.000,-0.110,0.092,1.034,2,692
511327354,0.549,3.354,0.183,-0.126,0.109,1.032,2,692
511328638,-0.793,1.585,0.366,-0.129,0.105,1.011,2,692
511329584,-1.646,0.854,0.854,-0.084,0.106,1.013,2,692
511330639,-2.317,0.000,1.098,-0.013,0.054,1.026,2,692
511331570,-2.683,-0.488,1.037,0.035,0.033,1.060,2,692
511332639,-2.744,-0.549,0.976,0.090,-0.038,1.061,2,692
511333575,-2.500,-0.061,0.915,0.127,-0.060,1.062,2,692
511334639,-1.585,1.220,0.610,0.133,-0.062,1.052,2,692
511335672,-0.671,2.073,0.549,0.099,-0.051,1.023,2,692
511336204,-0.671,2.073,0.549,0.040,-0.008,1.064,2,692
511337700,0.793,3.354,0.183,-0.045,0.032,1.054,2,692
511338214,0.976,3.476,0.061,-0.089,0.068,1.029,2,692
511339699,0.610,3.171,-0.061,-0.122,0.116,1.006,2,692
511340208,0.183,2.683,0.061,-0.152,0.125,1.004,2,692
511341699,-1.280,0.671,0.671,-0.102,0.109,1.009,2,692
511342210,-1.280,0.671,0.671,-0.102,0.109,1.009,2,692
511343699,-2.378,-0.305,0.915,0.015,0.029,1.034,2,692
511344207,-2.500,-0.488,0.732,0.096,-0.016,1.069,2,692
511345699,-2.622,-0.671,0.671,0.125,-0.058,1.031,2,692
511346207,-2.378,-0.183,0.732,0.142,-0.083,1.061,2,692
511347699,-1.098,1.890,0.488,0.101,-0.057,1.056,2,692
511348210,-1.098,1.890,0.488,0.101,-0.057,1.056,2,692
511349699,0.427,3.354,0.244,-0.014,0.016,1.025,2,692
511350210,0.976,3.354,0.061,-0.064,0.057,1.037,2,692
511351699,1.098,3.110,0.183,-0.119,0.108,1.002,2,692
511352210,0.732,2.866,0.244,-0.152,0.120,1.013,2,692
511353699,-0.976,1.159,0.366,-0.110,0.113,1.017,2,692
511354207,-0.976,1.159,0.366,-0.110,0.113,1.017,2,692
511355699,-2.561,-0.488,1.098,0.002,0.039,1.047,2,692
511356207,-2.561,-0.488,1.098,0.002,0.039,1.047,2,692
511357699,-3.049,-0.366,0.976,0.117,-0.056,1.030,2,692
511358207,-2.744,0.183,0.671,0.150,-0.083,1.058,2,692
511359699,-2.073,1.037,0.610,0.141,-0.076,1.051,2,692
511360210,-1.098,1.707,0.427,0.114,-0.062,1.076,2,692
511361706,0.427,3.171,0.122,0.006,0.006,1.047,2,692
511362226,0.427,3.171,0.122,0.006,0.006,1.047,2,692
511363702,0.671,3.049,-0.244,-0.118,0.087,1.016,2,692
511364214,0.427,2.622,-0.183,-0.145,0.136,0.991,2,692
511365699,-0.061,2.195,-0.061,-0.150,0.124,1.021,2,692
511366208,-0.671,1.341,0.366,-0.146,0.127,1.025,2,692
511367699,-2.378,-0.305,0.915,-0.003,0.056,1.046,2,692
511368207,-2.378,-0.305,0.915,-0.003,0.056,1.046,2,692
511369699,-3.049,-0.610,1.098,0.107,-0.061,1.024,2,692
511370207,-3.049,-0.610,1.098,0.151,-0.068,1.051,2,692
511371699,-2.012,0.854,0.732,0.145,-0.083,1.043,2,692
511372207,-1.280,1.463,0.732,0.111,-0.075,1.074,2,692
511373699,-0.549,2.317,0.488,0.069,-0.035,1.069,2,692
511374215,0.244,3.110,0.183,0.013,-0.017,1.031,2,692
511375699,0.488,3.780,-0.183,-0.112,0.083,1.005,2,692
511376207,0.488,3.780,-0.183,-0.112,0.083,1.005,2,692
511377442,0.061,2.256,0.183,-0.159,0.124,1.020,2,692
511378638,-0.549,1.402,0.305,-0.138,0.138,1.002,2,702
511379622,-1.585,0.549,0.671,-0.078,0.113,1.034,2,702
511380638,-2.256,0.122,0.854,-0.031,0.049,1.048,2,702
511381585,-2.866,-0.488,0.976,0.117,-0.055,1.020,2,702
511382639,-2.622,0.000,1.098,0.146,-0.077,1.053,2,702
511383585,-2.134,0.793,0.915,0.137,-0.081,1.060,2,702
511384639,-1.524,1.585,0.549,0.115,-0.077,1.061,2,702
511385576,-0.732,2.012,0.122,0.084,-0.044,1.072,2,702
511386639,0.061,2.927,0.000,0.018,-0.007,1.037,2,702
511387572,0.915,3.354,0.061,-0.045,0.032,1.040,2,702
511388639,0.427,3.049,0.244,-0.124,0.118,1.000,2,702
511389568,-0.061,2.317,0.000,-0.190,0.155,1.027,2,702
511390639,-0.732,1.646,0.305,-0.141,0.121,1.012,2,702
511391575,-1.402,0.549,0.671,-0.086,0.123,1.022,2,702
511392639,-2.195,-0.122,0.854,-0.043,0.057,1.030,2,702
511393575,-2.683,-0.366,1.098,0.046,0.021,1.050,2,702
511394639,-2.683,-0.366,1.037,0.138,-0.069,1.053,2,702
511395576,-2.195,0.549,0.854,0.149,-0.089,1.057,2,702
511396639,-1.402,1.402,0.732,0.142,-0.079,1.053,2,702
511397576,-0.305,2.195,0.488,0.075,-0.049,1.073,2,702
511398640,0.122,2.988,0.000,0.029,-0.019,1.057,2,702
511399570,0.610,3.659,-0.122,-0.030,0.043,1.028,2,702
511400639,0.610,3.659,-0.183,-0.094,0.088,1.022,2,702
511401572,0.610,3.232,-0.244,-0.144,0.118,1.017,2,702
511402639,-0.488,1.890,0.366,-0.136,0.125,1.018,2,702
511403572,-1.220,0.915,0.854,-0.109,0.105,1.027,2,702
511404639,-1.951,0.183,0.793,-0.025,0.085,1.036,2,702
511405580,-2.439,-0.305,0.976,0.038,0.025,1.055,2,702
511406639,-2.866,-0.488,1.037,0.091,-0.039,1.065,2,702
511407575,-2.622,-0.122,0.915,0.141,-0.070,1.039,2,702
511408639,-1.890,1.280,0.366,0.138,-0.087,1.065,2,702
511409582,-0.793,2.256,0.122,0.084,-0.052,1.044,2,702
511410639,0.244,3.110,0.183,0.048,-0.024,1.048,2,702
511411576,0.427,3.354,0.000,-0.045,0.054,1.050,2,702
511412639,0.854,3.476,-0.183,-0.098,0.069,1.028,2,702
511413564,0.610,3.171,0.000,-0.137,0.145,1.021,2,702
511414639,0.122,2.500,0.122,-0.153,0.133,1.007,2,702
511415564,-0.671,1.707,0.305,-0.087,0.101,1.004,2,702
511416640,-2.073,0.122,0.854,-0.027,0.087,1.042,2,702
511417579,-2.622,-0.488,0.915,0.014,0.011,1.053,2,702
511418639,-2.866,-0.732,0.793,0.084,-0.025,1.054,2,702
511419572,-2.927,-0.305,0.854,0.145,-0.054,1.067,2,702
511420640,-2.439,0.671,1.098,0.154,-0.095,1.050,2,702
511421583,-1.707,1.402,0.671,0.132,-0.080,1.030,2,702
511422639,0.061,2.500,-0.061,0.021,-0.007,1.054,2,702
511423568,0.366,3.171,-0.183,-0.043,0.033,1.028,2,702
511424639,0.793,3.354,0.000,-0.097,0.097,1.035,2,702
511425599,0.793,3.171,0.244,-0.128,0.120,1.042,2,702
511426639,0.427,2.439,0.183,-0.153,0.140,1.021,2,702
511427738,-0.122,1.341,0.488,-0.132,0.130,1.009,2,702
511428279,-0.854,0.732,0.915,-0.088,0.103,1.012,2,712
511429349,-1.768,0.244,0.976,-0.038,0.065,1.024,2,712
511430638,-3.049,-0.549,1.159,0.102,-0.031,1.064,2,712
511431582,-2.988,-0.122,1.098,0.131,-0.059,1.056,2,712
511432639,-2.195,0.488,1.037,0.148,-0.088,1.028,2,712
511433583,-1.463,1.037,0.732,0.137,-0.079,1.053,2,712
511434639,-0.732,1.768,0.305,0.086,-0.045,1.041,2,712
511435578,0.000,2.805,0.183,0.030,-0.016,1.038,2,712
511436639,0.793,3.598,-0.122,-0.090,0.095,1.031,2,712
511437581,0.549,2.988,0.000,-0.130,0.124,1.008,2,712
511438639,-0.061,2.256,-0.061,-0.150,0.138,1.022,2,712
511439574,-0.671,1.646,0.366,-0.131,0.148,1.035,2,712
511440639,-1.341,0.793,0.732,-0.094,0.104,1.020,2,712
511441587,-1.951,0.122,0.671,-0.029,0.066,1.024,2,712
511442639,-2.744,-0.366,1.098,0.101,-0.028,1.045,2,712
511443579,-2.805,-0.305,0.915,0.126,-0.061,1.044,2,712
511444639,-2.500,0.244,0.854,0.148,-0.084,1.074,2,712
511445579,-1.890,1.402,0.427,0.110,-0.075,1.075,2,712
511446639,-0.793,2.317,0.610,0.076,-0.058,1.053,2,712
511447579,-0.183,2.866,0.244,0.030,-0.010,1.044,2,712
511448639,0.305,2.988,-0.061,-0.028,0.030,1.022,2,712
511449575,0.488,2.927,0.305,-0.124,0.124,1.020,2,712
511450639,0.000,2.439,0.183,-0.140,0.146,1.014,2,712
511451575,-0.793,1.524,0.183,-0.140,0.126,1.027,2,712
511452639,-1.341,0.671,0.427,-0.098,0.119,1.036,2,712
511453580,-2.073,0.305,0.732,-0.019,0.053,1.036,2,712
511454639,-2.561,-0.061,0.854,0.037,0.016,1.049,2,712
511455579,-2.561,-0.244,0.915,0.090,-0.036,1.042,2,712
511456639,-2.134,0.610,0.427,0.144,-0.094,1.064,2,712
511457571,-1.463,1.098,0.183,0.105,-0.073,1.068,2,712
511458639,-0.610,2.012,0.427,0.073,-0.039,1.051,2,712
511459584,0.122,2.500,0.061,0.026,-0.007,1.056,2,712
511460639,0.854,3.171,-0.061,-0.046,0.043,1.031,2,712
511461571,0.366,3.049,-0.122,-0.092,0.090,1.037,2,712
511462639,0.122,2.378,0.244,-0.135,0.128,1.009,2,712
511463583,-0.915,1.463,0.366,-0.116,0.122,1.025,2,712
511464639,-1.707,0.732,0.732,-0.065,0.091,1.011,2,712
511465579,-2.012,0.061,0.915,-0.014,0.054,1.026,2,712
511466639,-2.561,-0.244,0.915,0.057,0.008,1.065,2,712
511467577,-2.866,-0.305,0.793,0.091,-0.022,1.057,2,712
511468639,-2.622,0.244,0.671,0.119,-0.089,1.045,2,712
511469576,-2.134,0.854,0.732,0.131,-0.064,1.064,2,712
511470639,-0.549,2.439,0.183,0.062,-0.035,1.028,2,712
511471583,0.061,2.683,-0.122,0.015,0.004,1.035,2,712
511472639,0.305,2.927,-0.122,-0.046,0.065,1.038,2,712
511473572,0.427,2.744,-0.244,-0.118,0.084,1.016,2,712
511474667,0.427,2.439,0.000,-0.126,0.122,1.017,2,712
511475741,-0.671,1.585,0.305,-0.101,0.120,1.027,2,712
511476282,-0.671,1.585,0.305,-0.101,0.120,1.027,2,721
511477357,-1.402,0.732,0.366,-0.051,0.081,1.025,2,721
511478638,-2.134,-0.366,1.037,0.064,0.016,1.045,2,721
511479582,-2.622,-0.122,0.915,0.089,-0.061,1.065,2,721
511480639,-2.378,0.305,0.610,0.101,-0.053,1.068,2,721
511481580,-1.646,0.793,0.732,0.108,-0.074,1.067,2,721
511482639,-0.976,1.585,0.549,0.098,-0.051,1.073,2,721
511483576,-0.366,2.317,0.061,-0.011,0.017,1.025,2,721
511484639,0.671,2.866,-0.183,-0.057,0.064,1.030,2,721
511485572,0.427,2.805,-0.061,-0.110,0.093,1.015,2,721
511486639,-0.061,2.439,-0.183,-0.118,0.124,1.015,2,721
511487581,-0.366,2.012,0.122,-0.124,0.120,1.001,2,721
511488639,-0.976,1.037,0.366,-0.075,0.113,1.026,2,721
511489572,-1.829,0.488,0.915,-0.054,0.077,1.032,2,721
511490639,-2.683,0.000,0.488,0.061,-0.015,1.044,2,721
511491568,-2.683,0.244,0.366,0.103,-0.042,1.049,2,721
511492640,-2.561,0.549,0.793,0.110,-0.073,1.045,2,721
511493576,-2.012,1.341,0.488,0.119,-0.072,1.036,2,721
511494639,-0.976,1.768,0.305,0.074,-0.053,1.060,2,721
511495569,-0.244,2.195,0.183,0.018,-0.010,1.048,2,721
511496639,0.427,2.866,0.061,-0.073,0.092,1.030,2,721
511497580,0.122,2.561,0.183,-0.101,0.089,1.026,2,721
511498639,-0.122,2.256,0.244,-0.118,0.111,1.027,2,721
511499580,-0.488,1.585,0.366,-0.096,0.117,1.023,2,721
511500639,-1.280,1.037,0.366,-0.057,0.098,1.014,2,721
511501580,-1.707,0.488,0.610,-0.030,0.047,1.019,2,721
511502639,-2.256,0.244,0.732,0.015,0.016,1.050,2,721
511503576,-2.561,0.061,0.793,0.080,-0.019,1.048,2,721
511504639,-2.073,0.793,0.610,0.110,-0.048,1.068,2,721
511505581,-1.585,1.341,0.305,0.091,-0.064,1.061,2,721
511506639,-0.915,2.012,0.244,0.047,-0.040,1.032,2,721
511507572,-0.122,2.500,0.244,0.016,0.006,1.031,2,721
511508639,0.183,2.683,-0.061,-0.020,0.045,1.045,2,721
511509578,0.061,2.500,0.122,-0.081,0.068,1.016,2,721
511510639,-0.488,2.012,0.183,-0.093,0.108,1.019,2,721
511511572,-1.098,1.524,0.305,-0.088,0.111,1.029,2,721
511512639,-1.707,0.915,0.549,-0.055,0.073,1.037,2,721
511513583,-2.073,0.305,0.610,-0.012,0.048,1.058,2,721
511514639,-2.439,0.427,0.793,0.041,-0.001,1.044,2,721
511515637,-2.439,0.488,0.854,0.074,-0.016,1.028,2,721
511516161,-1.829,0.793,0.915,0.111,-0.055,1.054,2,721
511517700,-0.793,1.829,0.305,0.074,-0.045,1.038,2,721
511518211,-0.793,1.829,0.305,0.074,-0.045,1.038,2,721
511519701,-0.305,2.561,0.000,-0.002,0.024,1.049,2,721
511520217,-0.122,2.683,0.244,-0.054,0.054,1.033,2,721
511521701,-0.122,2.561,0.244,-0.067,0.090,1.021,2,721
511522218,-0.488,2.073,0.305,-0.086,0.099,1.021,2,721
511523700,-1.280,1.159,0.671,-0.050,0.090,1.019,2,721
511524217,-1.280,1.159,0.671,-0.050,0.090,1.019,2,721
511525700,-2.073,0.549,0.915,0.003,0.008,1.040,2,721
511526217,-2.073,0.549,0.915,0.003,0.008,1.040,2,721
511527447,-2.317,0.915,1.159,0.092,-0.031,1.050,2,721
511528638,-1.829,1.098,0.915,0.060,-0.050,1.057,2,731
511529631,-1.159,1.402,0.671,0.059,-0.044,1.060,2,731
511530151,-0.732,1.768,0.427,0.060,-0.028,1.042,2,731
511531700,-0.183,2.378,0.183,-0.032,0.024,1.027,2,731
511532209,-0.183,2.378,0.183,-0.032,0.024,1.027,2,731
511533699,-0.549,2.378,0.427,-0.076,0.092,1.021,2,731
511534210,-0.671,1.829,0.122,-0.086,0.106,1.023,2,731
511535699,-0.915,1.646,0.549,-0.073,0.091,1.031,2,731
511536210,-0.976,1.037,0.671,-0.045,0.077,1.036,2,731
511537699,-1.951,0.366,0.732,0.040,0.022,1.035,2,731
511538207,-1.951,0.366,0.732,0.040,0.022,1.035,2,731
511539699,-2.073,0.854,0.366,0.062,-0.043,1.046,2,731
511540207,-2.073,0.854,0.366,0.062,-0.043,1.046,2,731
511541699,-1.280,1.463,0.427,0.058,-0.031,1.043,2,731
511542207,-0.671,1.707,0.183,0.030,-0.016,1.038,2,731
511543699,-0.244,1.890,0.183,-0.016,0.023,1.017,2,731
511544207,0.061,2.073,0.305,-0.029,0.037,1.029,2,731
511545699,-0.427,2.012,0.183,-0.078,0.087,1.028,2,731
511546211,-0.427,2.012,0.183,-0.078,0.087,1.028,2,731
511547699,-1.098,1.402,0.610,-0.053,0.073,1.032,2,731
511548210,-1.707,1.159,0.305,-0.016,0.075,1.032,2,731
511549699,-1.829,0.854,0.427,0.021,0.010,1.036,2,731
511550210,-1.707,0.854,0.610,0.054,0.000,1.029,2,731
511551700,-1.646,1.280,0.549,0.053,-0.022,1.058,2,731
511552209,-1.646,1.280,0.549,0.053,-0.022,1.058,2,731
511553699,-0.732,1.768,0.488,0.040,-0.012,1.047,2,731
511554208,-0.488,2.073,0.366,0.010,0.031,1.041,2,731
511555699,-0.244,2.256,0.427,-0.015,0.028,1.040,2,731
511556210,-0.366,2.256,0.305,-0.057,0.062,1.027,2,731
511557699,-0.671,1.951,0.427,-0.060,0.094,1.038,2,731
511558208,-0.671,1.951,0.427,-0.060,0.094,1.038,2,731
511559699,-1.220,1.280,0.732,-0.017,0.063,1.019,2,731
511560210,-1.220,1.280,0.732,-0.017,0.063,1.019,2,731
511561699,-1.951,0.732,0.671,0.030,-0.003,1.054,2,731
511562207,-2.073,0.854,0.549,0.038,-0.013,1.039,2,731
511563699,-1.646,1.159,0.854,0.059,-0.036,1.046,2,731
511564207,-1.402,1.402,0.793,0.054,-0.021,1.051,2,731
511565699,-0.793,1.768,0.366,0.030,0.021,1.036,2,731
511566207,-0.793,1.768,0.366,0.030,0.021,1.036,2,731
511567699,-0.427,2.073,0.366,-0.051,0.056,1.039,2,731
511568207,-0.671,1.829,0.427,-0.044,0.077,1.031,2,731
511569699,-0.732,1.585,0.549,-0.048,0.077,1.028,2,731
511570207,-0.915,1.646,0.427,-0.055,0.083,1.030,2,731
511571699,-1.280,1.220,0.610,-0.006,0.058,1.034,2,731
511572207,-1.280,1.220,0.610,-0.006,0.058,1.034,2,731
511573699,-1.768,0.854,0.732,0.037,0.017,1.063,2,731
511574207,-1.768,0.854,0.732,0.037,0.017,1.063,2,731
511575699,-1.585,1.220,0.793,0.057,-0.017,1.041,2,731
511576210,-1.463,1.220,0.305,0.046,-0.021,1.042,2,731
511577416,-1.159,1.463,0.000,0.021,0.003,1.028,2,731
511578639,-0.671,1.890,0.122,-0.029,0.057,1.027,2,741
511579632,-0.610,2.012,0.122,-0.039,0.059,1.021,2,741
511580151,-0.610,2.012,0.122,-0.039,0.059,1.021,2,741
511581701,-0.732,1.402,0.549,-0.021,0.083,1.026,2,741
511582216,-1.098,1.159,0.488,-0.034,0.057,1.023,2,741
511583700,-1.280,0.793,0.427,-0.020,0.033,1.050,2,741
511584217,-1.524,0.976,0.488,0.011,0.033,1.051,2,741
511585700,-1.707,1.098,0.793,0.024,-0.018,1.039,2,741
511586211,-1.707,1.098,0.793,0.024,-0.018,1.039,2,741
511587700,-1.280,1.585,0.549,0.039,-0.013,1.038,2,741
511588211,-0.915,1.829,0.427,0.002,-0.001,1.040,2,741
511589711,-0.549,1.890,0.488,-0.007,0.033,1.026,2,741
511590233,-0.488,1.829,0.366,-0.016,0.050,1.036,2,741
511591701,-1.159,1.524,0.427,-0.040,0.073,1.027,2,741
511592217,-1.159,1.524,0.427,-0.040,0.073,1.027,2,741
511593700,-1.280,1.341,0.549,-0.035,0.058,1.022,2,741
511594210,-1.280,1.341,0.549,-0.035,0.058,1.022,2,741
511595700,-1.220,1.037,0.671,0.019,0.026,1.044,2,741
511596210,-1.463,1.159,0.671,0.026,-0.010,1.038,2,741
511597700,-1.829,0.915,0.610,0.045,-0.014,1.046,2,741
511598217,-1.524,1.037,0.488,0.047,-0.034,1.042,2,741
511599700,-0.976,1.829,0.427,0.023,-0.009,1.048,2,741
511600210,-0.976,1.829,0.427,0.023,-0.009,1.048,2,741
511601700,-0.427,1.768,0.122,-0.020,0.018,1.036,2,741
511602215,-0.427,1.585,0.305,-0.044,0.073,1.024,2,741
511603700,-0.915,1.463,0.488,-0.042,0.043,1.031,2,741
511604211,-1.220,1.585,0.427,-0.055,0.080,1.037,2,741
511605700,-1.585,1.159,0.427,-0.007,0.047,1.035,2,741
511606215,-1.585,1.159,0.427,-0.007,0.047,1.035,2,741
511607700,-1.585,0.915,0.610,0.021,0.009,1.031,2,741
511608211,-1.585,0.915,0.610,0.021,0.009,1.031,2,741
511609700,-1.524,1.402,0.488,0.023,-0.018,1.045,2,741
511610215,-1.463,1.646,0.305,0.028,-0.014,1.050,2,741
511611700,-1.280,1.707,0.366,0.022,0.019,1.056,2,741
511612211,-0.732,1.707,0.427,-0.011,0.014,1.044,2,741
511613700,-0.732,1.585,-0.061,-0.010,0.056,1.032,2,741
511614215,-0.732,1.585,-0.061,-0.010,0.056,1.032,2,741
511615700,-0.976,1.463,0.427,-0.035,0.062,1.022,2,741
511616217,-1.280,1.341,0.671,-0.025,0.079,1.027,2,741
511617700,-1.341,1.098,0.488,0.015,0.024,1.042,2,741
511618216,-1.646,1.098,0.366,-0.004,0.017,1.026,2,741
511619700,-1.585,1.098,0.732,0.037,-0.004,1.036,2,741
511620217,-1.585,1.098,0.732,0.037,-0.004,1.036,2,741
511621700,-0.732,1.585,0.549,0.029,-0.009,1.053,2,741
511622217,-0.671,1.707,0.244,0.016,0.015,1.055,2,741
511623700,-0.671,1.524,0.305,-0.031,0.021,1.042,2,741
511624217,-0.488,1.524,0.427,-0.010,0.053,1.021,2,741
511625700,-0.732,1.341,0.488,-0.054,0.063,1.038,2,741
511626217,-0.732,1.341,0.488,-0.054,0.063,1.038,2,741
511627454,-1.280,1.524,0.610,-0.013,0.063,1.044,2,741
511628638,-1.524,1.220,0.854,-0.012,0.025,1.035,2,751
511629624,-1.463,1.159,0.793,0.010,0.029,1.031,2,751
511630638,-1.707,1.341,0.610,0.038,-0.003,1.027,2,751
511631580,-1.280,1.402,0.549,0.033,-0.010,1.034,2,751
511632639,-1.220,1.463,0.549,0.025,-0.008,1.058,2,751
511633579,-0.671,1.646,0.671,0.005,0.004,1.054,2,751
511634639,-0.549,1.707,0.488,-0.007,0.041,1.033,2,751
511635575,-0.488,1.768,0.244,-0.011,0.040,1.042,2,751
511636639,-0.610,1.768,0.000,-0.055,0.043,1.033,2,751
511637579,-0.976,1.524,-0.061,-0.026,0.049,1.038,2,751
511638639,-0.976,1.524,0.366,-0.033,0.070,1.029,2,751
511639576,-1.037,1.159,0.671,-0.028,0.036,1.042,2,751
511640639,-1.463,1.402,0.427,0.025,0.011,1.035,2,751
511641580,-1.646,1.341,0.427,0.018,0.000,1.034,2,751
511642639,-1.707,1.585,0.549,0.025,-0.006,1.016,2,751
511643584,-1.524,1.585,0.488,0.038,-0.013,1.061,2,751
511644639,-1.037,1.585,0.488,0.012,-0.006,1.066,2,751
511645579,-0.854,1.707,0.366,0.003,-0.002,1.030,2,751
511646639,-0.549,1.585,0.488,-0.013,0.026,1.044,2,751
511647573,-0.610,1.707,0.305,-0.060,0.055,1.030,2,751
511648639,-0.854,1.707,0.427,-0.031,0.059,1.024,2,751
511649579,-0.915,1.646,0.305,-0.009,0.064,1.042,2,751
511650639,-1.159,1.463,0.305,-0.020,0.054,1.025,2,751
511651583,-1.280,1.463,0.488,0.011,0.026,1.029,2,751
511652639,-1.463,1.220,0.488,0.019,0.024,1.038,2,751
511653579,-1.524,1.402,0.549,0.012,-0.007,1.035,2,751
511654639,-1.280,1.707,0.732,0.031,-0.011,1.033,2,751
511655573,-1.037,1.646,0.366,0.009,0.009,1.052,2,751
511656639,-0.732,1.524,0.488,0.005,0.017,1.049,2,751
511657576,-0.427,1.646,0.366,0.007,0.027,1.045,2,751
511658639,-0.732,1.585,0.183,-0.051,0.040,1.048,2,751
511659575,-0.915,1.646,0.305,-0.024,0.052,1.037,2,751
511660639,-1.037,1.280,0.671,-0.025,0.056,1.021,2,751
511661579,-1.463,1.280,0.488,-0.007,0.055,1.027,2,751
511662639,-1.402,1.098,0.549,0.008,0.028,1.043,2,751
511663576,-1.220,1.463,0.549,0.006,0.011,1.038,2,751
511664639,-1.280,1.220,0.671,0.019,0.009,1.041,2,751
511665579,-1.280,1.280,0.793,0.042,-0.012,1.037,2,751
511666639,-1.098,1.341,0.549,0.021,0.002,1.028,2,751
511667571,-1.037,1.524,0.183,0.007,0.022,1.047,2,751
511668639,-0.671,1.707,0.305,-0.025,0.021,1.041,2,751
511669575,-0.427,1.646,0.549,-0.023,0.065,1.034,2,751
511670639,-0.671,1.707,0.427,-0.024,0.054,1.034,2,751
511671571,-0.915,1.463,0.427,-0.047,0.058,1.026,2,751
511672639,-0.793,1.220,0.427,-0.007,0.060,1.021,2,751
511673582,-0.915,1.159,0.671,-0.012,0.037,1.044,2,751
511674639,-1.524,1.159,0.366,0.018,0.016,1.023,2,751
511675756,-1.646,1.463,0.427,0.038,0.013,1.040,2,751
511676299,-1.463,1.463,0.427,0.016,-0.011,1.050,2,760
511677380,-1.280,1.585,0.427,0.025,0.000,1.032,2,760
511678638,-1.159,1.890,0.427,0.013,0.014,1.043,2,760
511679576,-0.976,1.829,0.427,-0.019,0.008,1.049,2,760
511680639,-0.854,1.585,0.366,-0.025,0.044,1.038,2,760
511681577,-0.915,1.524,0.427,-0.038,0.056,1.036,2,760
511682639,-0.976,1.585,0.427,-0.022,0.046,1.021,2,760
511683576,-0.854,1.402,0.427,-0.011,0.066,1.023,2,760
511684639,-1.159,1.037,0.305,-0.011,0.020,1.039,2,760
511685581,-1.341,1.098,0.366,0.005,0.035,1.045,2,760
511686640,-1.402,1.098,0.549,0.031,0.006,1.059,2,760
511687572,-1.524,1.402,0.610,0.033,0.014,1.034,2,760
511688640,-0.854,1.402,0.366,0.022,0.012,1.053,2,760
511689580,-0.854,1.585,0.244,-0.006,-0.002,1.051,2,760
511690639,-0.671,1.829,0.549,-0.005,0.026,1.025,2,760
511691570,-0.854,2.012,0.488,-0.013,0.036,1.035,2,760
511692639,-1.098,1.524,0.488,-0.030,0.039,1.036,2,760
511693579,-1.098,1.098,0.671,-0.024,0.043,1.029,2,760
511694640,-1.768,1.037,0.366,-0.021,0.056,1.044,2,760
511695576,-1.524,1.098,0.671,-0.009,0.053,1.025,2,760
511696639,-1.341,1.280,0.610,0.023,0.015,1.049,2,760
511697576,-1.402,1.220,0.610,0.006,0.014,1.040,2,760
511698639,-1.280,1.463,0.732,0.042,0.010,1.037,2,760
511699580,-1.585,1.646,0.732,0.021,0.002,1.049,2,760
511700639,-1.341,1.402,0.488,0.003,0.018,1.035,2,760
511701576,-1.159,1.890,0.671,0.012,0.020,1.030,2,760
511702639,-1.037,1.646,0.549,-0.031,0.029,1.032,2,760
511703576,-0.793,1.524,0.427,-0.021,0.055,1.035,2,760
511704639,-1.037,1.463,0.549,-0.019,0.051,1.028,2,760
511705572,-1.159,1.402,0.366,-0.031,0.050,1.042,2,760
511706639,-1.341,1.585,0.488,-0.021,0.061,1.036,2,760
511707572,-1.341,1.341,0.671,0.014,0.028,1.046,2,760
511708639,-1.463,1.402,0.610,0.023,0.013,1.041,2,760
511709576,-1.585,1.646,0.610,0.026,0.011,1.029,2,760
511710639,-1.280,1.585,0.366,0.016,-0.014,1.052,2,760
511711584,-0.915,1.890,0.366,-0.001,0.015,1.046,2,760
511712639,-0.854,1.585,0.366,0.017,0.004,1.029,2,760
511713572,-0.732,1.585,0.366,-0.015,0.030,1.039,2,760
511714639,-0.732,1.646,0.488,-0.027,0.067,1.035,2,760
511715576,-1.037,1.220,0.244,-0.034,0.045,1.047,2,760
511716639,-1.280,1.341,0.183,-0.030,0.054,1.045,2,760
511717574,-1.402,1.098,0.244,-0.003,0.050,1.039,2,760
511718639,-1.341,1.037,0.549,0.018,0.035,1.038,2,760
511719578,-1.280,1.037,0.305,0.021,0.011,1.030,2,760
511720639,-1.220,1.524,0.427,0.025,0.003,1.031,2,760
511721576,-0.854,1.524,0.427,0.017,-0.006,1.047,2,760
511722639,-0.915,1.707,0.549,0.017,0.013,1.036,2,760
511723569,-0.793,1.768,0.488,0.002,0.019,1.054,2,760
511724668,-0.549,1.646,0.305,-0.005,0.042,1.049,2,760
511725750,-0.671,1.524,0.305,-0.022,0.044,1.030,2,760
511726297,-0.976,1.524,0.305,-0.031,0.062,1.037,2,770
511727444,-1.159,1.463,0.183,-0.028,0.038,1.036,2,770
511728639,-1.098,1.220,0.549,-0.001,0.037,1.033,2,770
511729600,-1.524,1.159,0.427,0.020,0.020,1.036,2,770
511730639,-1.524,1.220,0.488,0.021,0.016,1.034,2,770
511731586,-1.220,1.341,0.366,0.023,-0.018,1.045,2,770
511732639,-1.037,1.524,0.427,0.030,0.009,1.052,2,770
511733579,-0.976,1.707,0.671,0.019,-0.008,1.040,2,770
511734639,-0.915,1.707,0.610,0.007,0.014,1.053,2,770
511735574,-0.671,1.707,0.549,-0.021,0.043,1.020,2,770
511736639,-0.732,1.585,0.305,-0.053,0.053,1.038,2,770
511737576,-1.098,1.463,0.427,-0.031,0.045,1.033,2,770
511738639,-1.341,1.098,0.427,-0.017,0.046,1.029,2,770
511739571,-1.463,0.915,0.122,0.004,0.055,1.026,2,770
511740639,-1.280,1.098,0.305,0.016,0.028,1.030,2,770
511741580,-1.524,0.915,0.366,0.015,0.023,1.043,2,770
511742639,-1.402,1.524,0.427,0.026,0.010,1.060,2,770
511743570,-1.280,1.646,0.427,0.018,-0.011,1.047,2,770
511744639,-0.976,1.646,0.366,0.004,0.004,1.036,2,770
511745573,-0.915,1.768,0.732,0.018,0.001,1.027,2,770
511746639,-0.793,1.707,0.488,-0.024,0.043,1.027,2,770
511747569,-0.671,1.768,0.427,-0.015,0.024,1.030,2,770
511748639,-1.037,1.341,0.366,-0.034,0.027,1.043,2,770
511749583,-0.915,1.159,0.427,-0.016,0.062,1.034,2,770
511750639,-1.341,0.854,0.305,0.007,0.036,1.041,2,770
511751571,-1.585,1.098,0.427,0.000,0.037,1.040,2,770
511752639,-1.463,1.159,0.305,0.005,0.003,1.028,2,770
511753583,-1.402,1.463,0.427,0.025,0.007,1.025,2,770
511754639,-1.280,1.707,0.671,0.018,-0.024,1.030,2,770
511755575,-0.976,1.707,0.549,0.017,0.012,1.040,2,770
511756639,-0.671,1.585,0.488,-0.013,0.036,1.038,2,770
511757581,-0.671,1.829,0.610,-0.027,0.023,1.029,2,770
511758639,-0.610,1.707,0.305,-0.016,0.069,1.047,2,770
511759580,-0.854,1.585,0.427,-0.040,0.031,1.028,2,770
511760639,-0.976,1.463,0.366,-0.024,0.051,1.021,2,770
511761581,-1.220,1.402,0.549,0.002,0.031,1.019,2,770
511762639,-1.646,1.037,0.061,0.000,0.010,1.039,2,770
511763576,-1.341,1.037,0.244,0.029,0.011,1.052,2,770
511764639,-1.341,1.463,0.427,0.021,-0.005,1.047,2,770
511765576,-1.280,1.463,0.610,0.025,-0.001,1.030,2,770
511766639,-1.159,1.646,0.488,0.017,0.008,1.033,2,770
511767580,-1.098,1.585,0.488,-0.009,0.020,1.040,2,770
511768639,-0.793,1.707,0.610,-0.028,0.023,1.033,2,770
511769583,-0.732,1.280,0.305,-0.035,0.047,1.033,2,770
511770639,-0.915,1.341,0.366,-0.025,0.059,1.037,2,770
511771584,-1.159,1.159,0.549,-0.011,0.043,1.031,2,770
511772639,-1.280,0.854,0.244,0.010,0.046,1.039,2,770
511773579,-1.220,1.280,0.549,0.004,0.026,1.036,2,770
511774639,-0.915,1.159,0.488,0.021,0.003,1.041,2,770
511775737,-0.915,1.524,0.488,0.043,0.002,1.032,2,770
511776276,-0.915,1.524,0.488,0.043,0.002,1.032,2,780
511777381,-1.159,1.402,0.427,-0.009,0.008,1.038,2,780
511778638,-1.037,1.829,0.488,-0.016,0.033,1.050,2,780
511779580,-0.793,1.646,0.427,-0.013,0.049,1.055,2,780
511780639,-0.610,1.524,0.488,-0.045,0.047,1.031,2,780
511781572,-0.732,1.463,0.305,-0.010,0.049,1.029,2,780
511782639,-1.585,1.402,0.305,-0.019,0.049,1.031,2,780
511783576,-1.463,1.280,0.732,0.015,0.030,1.041,2,780
511784639,-1.402,1.341,0.793,0.034,0.010,1.045,2,780
511785580,-1.585,1.402,0.427,0.010,-0.009,1.034,2,780
511786639,-1.585,1.341,0.122,0.047,0.012,1.032,2,780
511787568,-1.463,1.707,0.366,0.022,0.006,1.035,2,780
511788639,-1.220,1.890,0.183,-0.004,0.001,1.059,2,780
511789635,-0.671,2.012,0.183,0.004,0.040,1.041,2,780
511790158,-0.671,2.012,0.183,0.004,0.040,1.041,2,780
511791701,-0.915,1.220,0.366,-0.019,0.044,1.019,2,780
511792214,-1.341,1.402,0.610,-0.034,0.060,1.050,2,780
511793700,-1.463,1.098,0.305,-0.013,0.039,1.048,2,780
511794211,-1.707,1.402,0.427,-0.009,0.044,1.029,2,780
511795700,-2.012,1.220,0.427,0.012,0.004,1.043,2,780
511796217,-2.012,1.220,0.427,0.012,0.004,1.043,2,780
511797700,-1.037,1.646,0.366,0.035,0.011,1.039,2,780
511798211,-1.037,1.646,0.366,0.035,0.011,1.039,2,780
511799700,-0.854,1.890,0.488,-0.007,0.017,1.047,2,780
511800216,-0.610,1.890,0.488,-0.007,0.021,1.044,2,780
511801700,-0.732,1.646,0.305,-0.018,0.062,1.029,2,780
511802211,-0.854,1.341,0.305,-0.030,0.032,1.039,2,780
511803700,-1.098,1.220,0.183,-0.023,0.045,1.029,2,780
511804216,-1.098,1.220,0.183,-0.023,0.045,1.029,2,780
511805700,-1.585,1.159,0.366,0.017,0.000,1.032,2,780
511806217,-1.646,0.976,0.610,0.044,0.031,1.032,2,780
511807701,-1.402,1.159,0.610,0.041,-0.014,1.042,2,780
511808206,-1.159,1.585,0.549,0.024,0.010,1.047,2,780
511809700,-0.915,1.829,0.610,0.005,0.018,1.042,2,780
511810217,-0.915,1.829,0.610,0.005,0.018,1.042,2,780
511811700,-0.671,1.646,0.488,-0.014,0.053,1.028,2,780
511812217,-0.671,1.646,0.488,-0.014,0.053,1.028,2,780
511813700,-0.976,1.646,0.488,-0.059,0.067,1.042,2,780
511814215,-1.159,1.585,0.427,-0.021,0.058,1.042,2,780
511815700,-1.280,1.098,0.427,-0.014,0.072,1.044,2,780
511816215,-1.098,1.220,0.366,-0.000,0.020,1.041,2,780
511817700,-1.280,1.098,0.427,0.048,-0.003,1.036,2,780
511818217,-1.280,1.098,0.427,0.048,-0.003,1.036,2,780
511819700,-1.220,1.585,0.366,0.024,-0.001,1.051,2,780
511820210,-1.220,1.890,0.610,0.008,-0.004,1.042,2,780
511821700,-0.732,2.134,0.427,-0.006,0.008,1.035,2,780
511822210,-0.549,2.256,0.427,-0.020,0.042,1.048,2,780
511823700,-0.732,1.646,0.549,-0.042,0.062,1.032,2,780
511824217,-0.732,1.646,0.549,-0.042,0.062,1.032,2,780
511825700,-1.402,1.280,0.549,-0.027,0.044,1.031,2,780
511826211,-1.524,0.732,0.427,0.015,0.043,1.038,2,780
511827451,-1.463,0.793,0.366,0.013,0.009,1.021,2,780
511828639,-1.402,0.976,0.488,0.028,0.014,1.042,2,790
511829624,-1.524,1.402,0.366,0.029,-0.007,1.041,2,790
511830638,-0.671,1.768,0.671,0.008,-0.016,1.047,2,790
511831576,-0.610,1.646,0.488,0.026,0.008,1.035,2,790
511832639,-0.671,1.646,0.488,-0.003,0.019,1.029,2,790
511833579,-0.732,1.585,0.549,-0.030,0.046,1.037,2,790
511834639,-0.671,1.585,0.427,-0.031,0.055,1.030,2,790
511835576,-0.915,1.463,0.427,-0.030,0.076,1.036,2,790
511836639,-1.159,1.341,0.549,-0.041,0.048,1.040,2,790
511837581,-1.585,1.037,0.549,0.012,0.027,1.036,2,790
511838639,-1.402,1.280,0.366,0.009,0.023,1.046,2,790
511839571,-1.524,1.341,0.488,0.044,-0.005,1.032,2,790
511840639,-1.341,1.585,0.488,0.034,-0.004,1.052,2,790
511841581,-1.098,1.829,0.366,0.010,-0.018,1.029,2,790
511842639,-0.732,1.707,0.366,0.023,0.012,1.038,2,790
511843579,-0.793,1.890,0.549,-0.012,0.016,1.044,2,790
511844639,-0.732,1.829,0.427,-0.042,0.061,1.037,2,790
511845582,-0.610,1.402,0.549,-0.038,0.076,1.033,2,790
511846639,-0.976,1.098,0.671,-0.037,0.060,1.020,2,790
511847575,-1.280,0.976,0.549,0.009,0.048,1.035,2,790
511848639,-1.585,0.976,0.488,0.008,0.049,1.039,2,790
511849570,-1.585,0.915,0.183,0.016,0.008,1.045,2,790
511850639,-1.524,1.646,0.183,0.031,-0.029,1.031,2,790
511851571,-1.280,1.951,0.244,0.034,-0.009,1.031,2,790
511852639,-0.915,2.073,0.366,0.024,-0.017,1.041,2,790
511853579,-0.488,2.134,0.305,-0.023,0.029,1.034,2,790
511854639,-0.549,1.951,0.366,-0.021,0.019,1.065,2,790
511855584,-0.549,2.073,0.305,-0.035,0.080,1.045,2,790
511856639,-0.610,1.829,0.244,-0.044,0.039,1.028,2,790
511857575,-0.854,1.524,0.305,-0.024,0.093,1.027,2,790
511858639,-1.463,1.037,0.305,-0.011,0.062,1.022,2,790
511859654,-1.707,1.220,0.305,0.031,0.004,1.032,2,790
511860183,-1.707,1.220,0.305,0.031,0.004,1.032,2,790
511861701,-1.341,1.280,0.244,0.021,-0.040,1.050,2,790
511862213,-1.098,1.646,0.122,0.045,0.024,1.056,2,790
511863699,-0.854,1.768,0.427,-0.028,0.021,1.042,2,790
511864207,-0.671,1.890,0.427,-0.028,0.021,1.042,2,790
511865699,-0.610,1.890,0.427,-0.022,0.069,1.039,2,790
511866207,-0.610,1.890,0.427,-0.022,0.069,1.039,2,790
511867699,-1.159,1.341,0.427,-0.015,0.081,1.038,2,790
511868206,-1.280,1.402,0.427,-0.036,0.054,1.042,2,790
511869699,-1.159,0.976,0.488,-0.009,0.048,1.040,2,790
511870207,-1.524,1.098,0.366,0.021,0.042,1.035,2,790
511871699,-1.524,1.402,0.366,0.023,-0.016,1.039,2,790
511872206,-1.524,1.402,0.366,0.023,-0.016,1.039,2,790
511873699,-1.280,1.829,0.488,0.016,-0.001,1.042,2,790
511874209,-0.793,1.890,0.366,-0.008,-0.015,1.041,2,790
511875700,-0.549,1.951,0.549,-0.019,0.041,1.028,2,790
511876216,-0.366,1.768,0.732,-0.019,0.032,1.038,2,790
511877454,-0.671,1.951,0.549,-0.046,0.086,1.018,2,790
511878638,-1.159,1.402,0.427,-0.036,0.098,1.038,2,800
511879625,-1.463,1.159,0.549,-0.009,0.028,1.043,2,800
511880638,-1.463,1.220,0.671,0.002,0.070,1.045,2,800
511881576,-1.463,1.220,0.793,0.025,-0.017,1.032,2,800
511882639,-1.524,1.220,0.610,0.051,0.009,1.035,2,800
511883579,-1.280,1.159,0.488,0.038,-0.041,1.029,2,800
511884639,-0.976,2.195,0.488,0.012,-0.001,1.044,2,800
511885631,-0.915,2.012,0.305,-0.019,0.033,1.046,2,800
511886153,-0.915,2.012,0.305,-0.019,0.033,1.046,2,800
511887701,-0.549,1.768,0.305,-0.025,0.081,1.042,2,800
511888214,-0.793,1.829,0.183,-0.059,0.054,1.035,2,800
511889700,-0.793,1.463,0.244,-0.043,0.084,1.027,2,800
511890215,-1.402,1.159,0.549,-0.002,0.047,1.035,2,800
511891700,-2.012,0.793,0.549,0.018,0.006,1.022,2,800
511892216,-2.012,0.793,0.549,0.018,0.006,1.022,2,800
511893700,-1.585,1.037,0.427,0.037,-0.021,1.049,2,800
511894215,-1.098,1.341,0.305,0.018,-0.012,1.021,2,800
511895700,-0.732,1.646,0.549,0.039,-0.003,1.041,2,800
511896216,-0.854,1.951,0.610,-0.010,0.006,1.065,2,800
511897700,-0.671,2.134,0.610,-0.024,0.076,1.041,2,800
511898214,-0.488,2.073,0.610,-0.024,0.076,1.041,2,800
511899700,-0.793,1.341,0.305,-0.041,0.079,1.025,2,800
511900217,-0.793,1.341,0.305,-0.041,0.079,1.025,2,800
511901700,-1.585,0.976,0.366,0.000,0.035,1.032,2,800
511902216,-1.890,0.793,0.244,0.017,0.022,1.046,2,800
511903701,-1.707,1.159,0.183,0.059,-0.013,1.050,2,800
511904210,-1.707,1.341,0.366,0.029,-0.014,1.036,2,800
511905700,-1.037,1.829,0.366,0.021,0.002,1.039,2,800
511906210,-1.037,1.829,0.366,0.021,0.002,1.039,2,800
511907700,-0.305,1.768,0.427,-0.015,0.047,1.052,2,800
511908216,-0.427,1.768,0.366,-0.029,0.052,1.046,2,800
511909700,-0.793,1.829,0.793,-0.058,0.071,1.033,2,800
511910215,-0.915,1.829,0.488,-0.046,0.086,1.031,2,800
511911700,-1.220,1.159,0.183,0.003,0.049,1.020,2,800
511912210,-1.220,1.159,0.183,0.003,0.049,1.020,2,800
511913700,-1.707,1.220,0.122,0.022,0.004,1.041,2,800
511914210,-1.707,1.220,0.122,0.022,0.004,1.041,2,800
511915700,-1.646,1.585,0.366,0.040,-0.013,1.048,2,800
511916215,-1.220,1.768,0.427,0.012,-0.021,1.041,2,800
511917700,-0.549,1.951,0.427,0.008,0.000,1.022,2,800
511918216,-0.183,2.195,0.610,-0.011,0.035,1.039,2,800
511919700,-0.244,1.829,0.671,-0.058,0.084,1.049,2,800
511920210,-0.244,1.829,0.671,-0.058,0.084,1.049,2,800
511921700,-1.159,0.915,0.488,-0.036,0.071,1.016,2,800
511922213,-1.524,0.732,0.671,-0.002,0.059,1.022,2,800
511923700,-1.646,0.976,0.610,0.015,0.014,1.050,2,800
511924216,-1.768,1.220,0.610,0.025,0.003,1.052,2,800
511925700,-1.524,1.585,0.488,0.047,-0.014,1.054,2,800
511926217,-1.524,1.585,0.488,0.047,-0.014,1.054,2,800
511927459,-0.488,1.707,0.366,0.001,0.011,1.026,2,800
511928639,0.122,1.951,0.366,-0.003,0.014,1.045,2,809
511929625,0.061,2.256,0.488,-0.054,0.070,1.033,2,809
511930638,-0.122,1.951,0.427,-0.036,0.071,1.040,2,809
511931579,-0.244,1.707,0.488,-0.049,0.090,1.031,2,809
511932639,-1.341,0.976,0.610,-0.016,0.077,1.035,2,809
511933583,-1.707,0.976,0.488,0.016,0.002,1.035,2,809
511934639,-1.890,0.915,0.122,0.030,0.014,1.037,2,809
511935571,-1.646,1.159,0.122,0.038,-0.040,1.054,2,809
511936639,-1.524,1.098,0.061,0.045,-0.017,1.042,2,809
511937575,-0.915,1.524,0.305,0.038,-0.042,1.039,2,809
511938639,-0.549,1.951,0.244,0.006,0.006,1.030,2,809
511939575,-0.244,2.195,0.610,-0.041,0.058,1.027,2,809
511940639,-0.488,2.012,0.671,-0.054,0.065,1.043,2,809
511941579,-0.305,1.707,0.427,-0.036,0.103,1.049,2,809
511942639,-0.915,1.463,0.549,-0.029,0.071,1.034,2,809
511943579,-1.402,1.159,0.732,-0.021,0.072,1.040,2,809
511944639,-1.707,0.854,0.549,0.005,0.029,1.033,2,809
511945576,-1.829,0.732,0.671,0.043,0.007,1.044,2,809
511946639,-1.402,1.159,0.366,0.057,-0.028,1.044,2,809
511947579,-1.037,1.402,0.610,0.039,-0.030,1.043,2,809
511948639,-0.610,1.768,0.244,0.005,-0.029,1.026,2,809
511949570,-0.183,2.134,0.305,-0.015,0.026,1.024,2,809
511950639,-0.244,2.134,0.305,-0.025,0.028,1.033,2,809
511951577,-0.061,2.012,0.305,-0.051,0.090,1.038,2,809
511952639,-0.915,1.280,0.488,-0.035,0.105,1.043,2,809
511953571,-1.585,1.098,0.305,-0.034,0.043,1.041,2,809
511954639,-1.707,1.037,0.305,0.003,0.060,1.028,2,809
511955577,-2.134,0.915,0.244,0.029,-0.012,1.041,2,809
511956639,-1.829,0.854,0.427,0.047,-0.012,1.068,2,809
511957575,-1.524,1.098,0.488,0.049,-0.046,1.044,2,809
511958639,-1.159,1.463,0.427,0.040,-0.014,1.044,2,809
511959579,-0.671,2.073,0.427,-0.009,-0.027,1.026,2,809
511960639,-0.305,2.256,0.732,-0.032,0.054,1.016,2,809
511961575,-0.122,1.890,0.793,-0.041,0.071,1.043,2,809
511962639,-0.427,1.768,0.671,-0.062,0.096,1.037,2,809
511963582,-0.976,1.402,0.183,-0.029,0.085,1.042,2,809
511964639,-1.646,1.280,0.427,-0.036,0.092,1.025,2,809
511965579,-1.951,1.220,0.122,0.009,0.016,1.045,2,809
511966639,-1.707,0.854,0.305,0.049,-0.038,1.039,2,809
511967567,-1.524,1.341,0.366,0.042,-0.023,1.060,2,809
511968639,-1.280,1.646,0.427,0.034,-0.046,1.044,2,809
511969584,-0.915,1.829,0.427,0.020,-0.005,1.029,2,809
511970639,-0.549,2.134,0.366,-0.018,-0.009,1.029,2,809
511971570,-0.305,2.073,0.427,-0.013,0.060,1.051,2,809
511972639,0.061,2.134,0.488,-0.051,0.060,1.031,2,809
511973579,-0.549,1.585,0.183,-0.032,0.071,1.033,2,809
511974639,-0.854,1.159,0.427,-0.032,0.069,1.034,2,809
511975752,-1.585,1.037,0.427,0.013,0.039,1.026,2,809
511976293,-1.951,0.915,0.549,0.035,0.003,1.038,2,819
511977355,-1.829,1.098,0.610,0.045,-0.026,1.052,2,819
511978638,-1.707,1.341,0.610,0.043,-0.044,1.056,2,819
511979580,-1.280,1.707,0.305,0.042,-0.030,1.042,2,819
511980638,-0.183,1.829,0.305,-0.004,0.004,1.031,2,819
511981576,0.061,2.012,0.549,-0.019,0.043,1.037,2,819
511982638,-0.305,1.768,0.671,-0.046,0.087,1.041,2,819
511983572,-0.610,1.585,0.488,-0.067,0.082,1.046,2,819
511984638,-0.793,1.402,0.549,-0.033,0.097,1.034,2,819
511985580,-1.159,1.159,0.610,-0.013,0.080,1.020,2,819
511986638,-1.829,1.037,0.427,0.029,0.001,1.043,2,819
511987570,-2.073,0.854,0.305,0.044,-0.042,1.053,2,819
511988638,-1.890,1.280,0.305,0.047,-0.026,1.050,2,819
511989583,-1.707,1.524,0.244,0.023,-0.045,1.027,2,819
511990638,-0.976,1.707,0.366,0.027,-0.005,1.029,2,819
511991572,-0.427,1.768,0.671,-0.002,-0.011,1.042,2,819
511992638,-0.244,1.829,0.610,-0.041,0.053,1.038,2,819
511993576,-0.427,1.646,0.610,-0.047,0.081,1.037,2,819
511994638,-0.976,1.220,0.427,-0.048,0.071,1.013,2,819
511995567,-1.402,1.098,0.427,0.004,0.074,1.027,2,819
511996638,-1.768,0.915,0.427,0.013,0.015,1.039,2,819
511997576,-1.646,0.976,0.488,0.012,0.014,1.053,2,819
511998638,-1.890,1.341,0.610,0.058,-0.030,1.038,2,819
511999572,-1.707,1.280,0.244,0.032,-0.027,1.036,2,819
512000638,-0.976,1.524,0.305,0.032,-0.013,1.040,2,819
512001576,-0.549,1.829,0.183,-0.016,0.009,1.043,2,819
512002638,-0.305,2.012,0.366,-0.052,0.063,1.045,2,819
512003572,-0.305,2.195,0.671,-0.041,0.088,1.035,2,819
512004638,-0.183,1.646,0.671,-0.057,0.099,1.028,2,819
512005578,-0.854,1.402,0.854,-0.040,0.075,1.035,2,819
512006638,-1.280,1.098,0.732,-0.001,0.065,1.032,2,819
512007572,-2.195,1.341,0.427,0.027,-0.004,1.043,2,819
512008638,-1.951,1.280,0.549,0.044,-0.026,1.048,2,819
512009574,-1.402,1.037,0.305,0.049,-0.033,1.016,2,819
512010638,-1.280,1.524,0.244,0.032,-0.038,1.040,2,819
512011576,-0.854,1.707,0.305,0.004,-0.010,1.060,2,819
512012638,-0.549,2.073,0.427,-0.025,0.024,1.059,2,819
512013577,-0.305,2.073,0.366,-0.032,0.062,1.042,2,819
512014638,-0.305,1.463,0.427,-0.030,0.088,1.031,2,819
512015580,-0.732,1.524,0.671,-0.041,0.073,1.043,2,819
512016638,-1.159,1.280,0.671,-0.021,0.061,1.042,2,819
512017570,-2.073,1.159,0.671,0.005,0.044,1.037,2,819
512018638,-2.073,0.915,0.305,0.036,-0.015,1.039,2,819
512019572,-2.134,0.976,0.427,0.041,-0.017,1.025,2,819
512020638,-1.341,1.463,0.244,0.015,-0.022,1.050,2,819
512021574,-0.854,1.829,0.488,-0.005,-0.029,1.046,2,819
512022638,-0.549,2.134,0.671,-0.008,0.055,1.034,2,819
512023576,-0.061,2.012,0.854,-0.038,0.042,1.022,2,819
512024638,-0.305,1.768,0.427,-0.052,0.102,1.025,2,819
512025746,-0.488,1.585,0.427,-0.031,0.076,1.044,2,819
512026286,-0.854,1.402,0.244,-0.045,0.106,1.044,2,829
512027358,-1.159,1.280,0.244,-0.030,0.059,1.017,2,829
512028639,-2.134,1.098,0.427,0.018,-0.020,1.025,2,829
512029579,-1.951,0.854,0.427,0.057,-0.028,1.036,2,829
512030640,-2.073,1.098,0.732,0.054,-0.047,1.051,2,829
512031584,-1.585,1.524,0.427,0.018,-0.045,1.042,2,829
512032640,-0.854,1.829,0.549,0.001,0.002,1.033,2,829
512033641,-0.305,2.134,0.427,0.005,0.014,1.031,2,829
512034167,-0.305,2.073,0.549,-0.035,0.081,1.027,2,829
512035700,-0.488,1.524,0.549,-0.049,0.129,1.046,2,829
512036218,-0.488,1.524,0.549,-0.049,0.129,1.046,2,829
512037699,-1.341,1.341,0.061,-0.021,0.083,1.034,2,829
512038208,-2.134,1.037,0.244,0.023,0.017,1.037,2,829
512039699,-2.256,0.793,0.244,0.035,-0.006,1.056,2,829
512040209,-2.256,0.915,0.305,0.043,-0.032,1.056,2,829
512041699,-1.463,1.768,0.427,0.009,-0.028,1.026,2,829
512042209,-1.463,1.768,0.427,0.009,-0.028,1.026,2,829
512043699,-0.427,1.890,0.488,-0.002,0.047,1.038,2,829
512044211,-0.305,1.890,0.610,-0.028,0.035,1.043,2,829
512045699,-0.366,1.890,0.427,-0.049,0.108,1.030,2,829
512046209,-0.427,1.402,0.366,-0.036,0.077,1.020,2,829
512047699,-1.524,1.159,0.366,-0.023,0.015,1.034,2,829
512048211,-1.524,1.159,0.366,-0.023,0.015,1.034,2,829
512049699,-2.134,0.976,0.305,0.025,-0.031,1.027,2,829
512050211,-2.134,0.976,0.305,0.025,-0.031,1.027,2,829
512051699,-1.585,1.463,0.122,0.029,-0.032,1.038,2,829
512052215,-1.037,1.524,0.244,0.025,-0.022,1.056,2,829
512053699,-0.793,1.707,0.427,-0.005,0.019,1.042,2,829
512054209,-0.305,1.646,0.549,0.015,0.030,1.034,2,829
512055699,-0.366,1.585,0.244,-0.041,0.079,1.026,2,829
512056208,-0.366,1.585,0.244,-0.041,0.079,1.026,2,829
512057699,-1.159,1.402,0.488,-0.018,0.061,1.029,2,829
512058211,-1.341,1.098,0.549,-0.004,0.060,1.033,2,829
512059699,-1.585,1.037,0.488,0.020,0.006,1.028,2,829
512060208,-2.073,1.159,0.427,0.036,-0.009,1.029,2,829
512061699,-1.463,1.646,0.122,0.035,-0.033,1.066,2,829
512062208,-1.463,1.646,0.122,0.035,-0.033,1.066,2,829
512063699,-0.732,1.707,0.427,0.010,-0.007,1.012,2,829
512064211,-0.732,1.707,0.427,-0.020,0.055,1.021,2,829
512065699,-0.244,1.646,0.427,-0.035,0.074,1.050,2,829
512066211,-0.549,1.829,0.549,-0.038,0.107,1.040,2,829
512067699,-0.915,1.524,0.610,-0.027,0.088,1.027,2,829
512068211,-1.220,1.220,0.366,-0.010,0.056,1.031,2,829
512069699,-1.890,1.159,0.122,0.041,0.002,1.052,2,829
512070211,-1.890,1.159,0.122,0.041,0.002,1.052,2,829
512071699,-1.829,1.341,0.610,0.030,-0.053,1.049,2,829
512072208,-1.463,1.585,0.427,0.027,-0.014,1.010,2,829
512073699,-0.915,1.646,0.427,0.025,-0.036,1.028,2,829
512074208,-0.488,1.890,0.305,-0.020,0.021,1.050,2,829
512075699,-0.427,1.768,0.793,-0.033,0.103,1.029,2,829
512076209,-0.427,1.768,0.793,-0.033,0.103,1.029,2,829
512077448,-0.854,1.524,0.427,-0.005,0.112,1.030,2,829
512078638,-1.159,1.463,0.549,-0.016,0.042,1.037,2,839
512079621,-1.768,1.402,0.183,-0.007,0.037,1.052,2,839
512080638,-1.768,1.159,0.183,0.016,-0.012,1.046,2,839
512081584,-1.768,1.402,0.305,0.026,-0.016,1.036,2,839
512082638,-1.220,1.159,0.549,0.030,-0.026,1.048,2,839
512083576,-0.732,1.707,0.366,0.008,-0.013,1.054,2,839
512084638,-0.305,1.829,0.427,-0.012,0.044,1.030,2,839
512085572,-0.122,1.829,0.549,-0.029,0.062,1.024,2,839
512086638,-0.122,1.524,0.427,-0.032,0.090,1.036,2,839
512087652,-0.671,1.585,0.549,-0.029,0.080,1.028,2,839
512088181,-1.280,1.402,0.366,-0.023,0.071,1.044,2,839
512089701,-1.585,1.280,0.488,0.006,0.013,1.020,2,839
512090217,-1.585,1.280,0.488,0.006,0.013,1.020,2,839
512091700,-1.524,1.220,0.305,0.053,-0.031,1.054,2,839
512092209,-1.220,1.280,0.244,0.020,-0.032,1.051,2,839
512093700,-1.037,1.402,0.610,0.012,-0.023,1.019,2,839
512094209,-0.854,1.646,0.549,0.006,0.024,1.029,2,839
512095700,0.244,1.524,0.427,-0.022,0.087,1.035,2,839
512096209,0.244,1.524,0.427,-0.022,0.087,1.035,2,839
512097700,-0.854,1.402,0.671,-0.048,0.103,1.033,2,839
512098215,-1.220,1.098,0.488,-0.019,0.051,1.033,2,839
512099700,-1.646,0.976,0.427,0.003,0.053,1.051,2,839
512100209,-1.829,1.098,0.427,-0.009,-0.027,1.047,2,839
512101700,-1.890,1.098,0.427,0.040,0.013,1.051,2,839
512102214,-1.890,1.463,0.305,0.027,-0.068,1.027,2,839
512103700,-1.098,1.585,0.366,0.023,-0.028,1.043,2,839
512104214,-1.098,1.585,0.366,0.023,-0.028,1.043,2,839
512105700,-0.732,1.707,0.915,-0.032,0.056,1.026,2,839
512106215,-0.549,1.524,0.915,0.000,0.069,1.046,2,839
512107701,-0.610,1.585,0.915,-0.035,0.100,1.038,2,839
512108209,-0.854,1.402,0.366,-0.022,0.069,1.032,2,839
512109700,-1.341,1.220,0.183,-0.004,0.002,1.038,2,839
512110209,-1.341,1.220,0.183,-0.004,0.002,1.038,2,839
512111700,-1.646,1.159,0.244,0.014,-0.049,1.039,2,839
512112214,-1.341,1.220,0.488,0.017,-0.026,1.063,2,839
512113700,-1.098,1.585,0.610,0.000,-0.022,1.042,2,839
512114216,-0.732,1.524,0.610,0.013,-0.003,1.019,2,839
512115700,-0.427,1.646,0.671,-0.009,0.038,1.034,2,839
512116215,-0.427,1.646,0.671,-0.009,0.038,1.034,2,839
512117700,-0.732,1.646,0.732,-0.014,0.078,1.046,2,839
512118209,-0.732,1.646,0.732,-0.014,0.078,1.046,2,839
512119700,-1.159,1.463,0.427,-0.010,0.031,1.020,2,839
512120215,-1.463,1.098,0.488,0.029,0.024,1.054,2,839
512121700,-1.463,1.098,0.427,0.002,-0.022,1.062,2,839
512122210,-1.707,1.159,0.183,0.021,-0.032,1.042,2,839
512123700,-1.037,1.524,0.427,0.010,-0.036,1.037,2,839
512124216,-1.037,1.524,0.427,0.010,-0.036,1.037,2,839
512125701,-0.549,1.463,0.488,0.004,0.027,1.061,2,839
512126214,-0.549,1.524,0.549,-0.043,0.086,1.023,2,839
512127446,-0.793,1.524,0.671,-0.011,0.067,1.013,2,839
512128639,-1.220,1.463,0.793,-0.014,0.092,1.046,2,848
512129620,-1.280,1.280,0.610,0.022,0.042,1.039,2,848
512130638,-1.707,1.463,0.610,-0.012,-0.013,1.025,2,848
512131587,-1.585,1.524,0.488,0.017,-0.028,1.027,2,848
512132640,-1.585,1.402,0.488,0.027,-0.020,1.046,2,848
512133578,-1.098,1.463,0.549,0.008,-0.028,1.061,2,848
512134640,-0.671,1.463,0.610,-0.002,0.022,1.033,2,848
512135579,-0.366,1.646,0.671,0.007,0.013,1.022,2,848
512136640,-0.793,1.463,0.732,-0.012,0.068,1.047,2,848
512137573,-0.915,1.402,0.488,-0.013,0.105,1.052,2,848
512138640,-1.159,1.463,0.610,-0.016,0.059,1.017,2,848
512139581,-1.341,1.646,0.549,0.001,0.048,1.023,2,848
512140640,-1.707,1.402,0.610,-0.005,0.010,1.042,2,848
512141639,-2.012,1.280,0.244,0.009,-0.005,1.083,2,848
512142162,-1.890,1.463,0.305,0.004,-0.026,1.042,2,848
512143700,-0.976,1.402,0.305,0.018,-0.019,1.040,2,848
512144218,-0.976,1.402,0.305,0.018,-0.019,1.040,2,848
512145699,-0.427,1.524,0.671,-0.015,0.049,1.035,2,848
512146208,-0.549,1.585,0.915,-0.015,0.085,1.025,2,848
512147699,-0.427,1.646,0.854,-0.020,0.083,1.028,2,848
512148208,-0.793,1.585,0.671,-0.010,0.090,1.038,2,848
512149699,-1.768,1.402,0.427,-0.022,0.045,1.032,2,848
512150215,-1.768,1.402,0.427,-0.022,0.045,1.032,2,848
512151699,-1.890,1.463,0.549,0.005,-0.007,1.030,2,848
512152208,-1.890,1.463,0.549,0.005,-0.007,1.030,2,848
512153699,-1.280,1.402,0.427,0.019,0.005,1.062,2,848
512154215,-0.915,1.585,0.427,0.002,-0.025,1.025,2,848
512155699,-0.793,1.402,0.366,-0.017,0.046,1.004,2,848
512156207,-0.915,1.280,0.671,-0.001,0.054,1.036,2,848
512157699,-0.793,1.463,0.488,-0.006,0.076,1.018,2,848
512158208,-0.793,1.463,0.488,-0.006,0.076,1.018,2,848
512159699,-1.524,1.402,0.244,-0.021,0.054,1.037,2,848
512160208,-1.707,1.159,0.183,0.017,-0.014,1.062,2,848
512161699,-1.890,1.402,0.488,0.014,0.008,1.048,2,848
512162208,-1.707,1.220,0.366,0.014,-0.046,1.025,2,848
512163699,-1.159,1.524,0.427,-0.005,-0.027,1.049,2,848
512164208,-1.159,1.524,0.427,-0.005,-0.027,1.049,2,848
512165699,-0.427,1.341,0.671,-0.021,0.040,1.035,2,848
512166208,-0.427,1.341,0.671,-0.021,0.040,1.035,2,848
512167699,-0.793,1.220,0.793,-0.016,0.062,1.030,2,848
512168208,-1.098,1.463,0.610,-0.006,0.077,1.061,2,848
512169699,-1.463,1.585,0.427,-0.012,0.057,1.030,2,848
512170208,-1.646,1.341,0.366,0.015,0.026,1.037,2,848
512171699,-1.951,1.098,0.244,0.027,-0.036,1.042,2,848
512172207,-1.951,1.098,0.244,0.027,-0.036,1.042,2,848
512173699,-1.280,1.524,0.183,-0.005,-0.021,1.021,2,848
512174207,-0.854,1.585,0.366,0.015,0.024,1.016,2,848
512175699,-0.610,1.707,0.488,-0.009,0.024,1.039,2,848
512176208,-0.427,1.402,0.366,-0.010,0.068,1.041,2,848
512177452,-0.427,1.585,0.488,-0.011,0.082,1.033,2,848
512178638,-0.976,1.402,0.427,-0.010,0.072,1.035,2,858
512179619,-1.341,1.463,0.427,0.020,0.032,1.058,2,858
512180638,-1.585,1.220,0.122,-0.006,0.015,1.050,2,858
512181579,-1.646,1.159,-0.061,0.023,-0.021,1.017,2,858
512182638,-1.951,1.524,0.122,0.012,-0.030,1.030,2,858
512183572,-1.463,1.585,0.183,-0.017,-0.021,1.035,2,858
512184638,-0.671,1.402,0.488,-0.005,0.038,1.039,2,858
512185581,-0.427,1.220,0.549,-0.003,0.044,1.003,2,858
512186638,-0.488,1.402,0.305,-0.017,0.084,1.024,2,858
512187574,-0.671,1.463,0.366,-0.005,0.059,1.048,2,858
512188638,-0.915,1.768,0.427,-0.019,0.106,1.027,2,858
512189571,-1.159,1.646,0.366,0.009,0.032,1.018,2,858
512190638,-1.829,1.341,-0.244,0.011,-0.057,1.052,2,858
512191572,-1.768,1.463,0.061,-0.003,0.003,1.061,2,858
512192638,-1.463,1.646,0.244,0.000,-0.039,1.019,2,858
512193577,-1.159,1.585,0.244,0.005,-0.004,1.040,2,858
512194638,-0.732,1.402,0.610,0.008,0.015,1.042,2,858
512195576,-0.671,1.220,0.549,0.005,0.032,1.049,2,858
512196638,-0.610,1.524,0.427,-0.023,0.071,1.028,2,858
512197572,-0.854,1.402,0.488,0.004,0.070,1.022,2,858
512198638,-0.732,1.402,0.305,0.004,0.032,1.045,2,858
512199572,-1.098,1.402,0.427,0.002,0.051,1.030,2,858
512200638,-1.220,1.341,0.488,0.009,-0.029,1.027,2,858
512201570,-1.402,1.646,0.183,-0.002,-0.014,1.039,2,858
512202638,-1.341,1.585,0.183,-0.008,-0.021,1.059,2,858
512203571,-1.159,1.402,0.122,-0.003,-0.012,1.050,2,858
512204638,-0.427,1.280,0.549,0.009,0.019,1.018,2,858
512205572,-0.366,1.646,0.488,-0.023,0.072,1.055,2,858
512206638,-0.610,1.585,0.549,-0.015,0.075,1.044,2,858
512207580,-0.915,1.768,0.427,-0.001,0.094,1.033,2,858
512208638,-0.976,1.524,0.366,0.003,0.058,1.025,2,858
512209637,-1.220,1.524,0.183,0.010,0.026,1.047,2,858
512210162,-1.707,1.585,0.305,0.017,0.010,1.063,2,858
512211700,-1.220,1.646,0.427,-0.000,-0.024,1.020,2,858
512212209,-1.220,1.646,0.427,-0.000,-0.024,1.020,2,858
512213700,-1.037,1.280,0.488,-0.004,-0.007,1.067,2,858
512214209,-0.488,1.402,0.488,-0.019,0.022,1.039,2,858
512215700,-0.488,1.463,0.244,-0.016,0.060,1.004,2,858
512216216,-0.671,1.524,0.671,-0.015,0.092,1.028,2,858
512217700,-0.549,1.159,0.366,0.013,0.083,1.038,2,858
512218209,-0.549,1.159,0.366,0.013,0.083,1.038,2,858
512219700,-1.280,1.341,0.183,0.005,0.032,1.038,2,858
512220216,-1.280,1.341,0.183,0.005,0.032,1.038,2,858
512221700,-1.524,1.463,0.366,-0.011,-0.019,1.053,2,858
512222210,-1.463,1.585,0.366,0.008,-0.044,1.020,2,858
512223700,-1.159,1.402,0.244,0.008,-0.006,1.026,2,858
512224216,-0.976,1.463,0.244,-0.029,0.005,1.061,2,858
512225700,-0.488,1.341,0.549,-0.016,0.083,1.007,2,858
512226214,-0.488,1.341,0.549,-0.016,0.083,1.007,2,858
512227456,-0.854,1.524,0.610,0.023,0.088,1.045,2,858
512228639,-1.098,1.402,0.366,-0.001,0.036,1.047,2,868
512229624,-1.463,1.463,0.366,-0.009,0.040,1.019,2,868
512230638,-1.585,1.524,0.366,0.013,-0.002,1.016,2,868
512231577,-1.463,1.463,0.427,0.000,-0.021,1.060,2,868
512232640,-0.854,1.524,0.427,0.001,-0.012,1.018,2,868
512233645,-0.732,1.463,0.427,-0.021,0.010,1.016,2,868
512234170,-0.732,1.463,0.427,-0.021,0.010,1.016,2,868
512235702,-0.549,1.524,0.732,-0.004,0.075,1.059,2,868
512236221,-0.366,1.402,0.854,0.011,0.078,1.030,2,868
512237699,-0.732,1.402,0.549,0.006,0.096,1.019,2,868
512238215,-1.037,1.585,0.671,0.001,0.049,1.063,2,868
512239699,-1.524,1.585,0.244,0.002,-0.005,1.019,2,868
512240211,-1.524,1.585,0.244,0.002,-0.005,1.019,2,868
512241699,-1.707,1.524,0.244,-0.008,-0.052,1.061,2,868
512242208,-1.280,1.402,0.427,-0.010,-0.017,1.063,2,868
512243699,-1.220,1.707,0.610,-0.016,0.008,1.015,2,868
512244208,-0.732,1.585,0.549,-0.010,0.043,1.010,2,868
512245699,-0.305,1.341,0.732,0.016,0.070,1.061,2,868
512246208,-0.305,1.341,0.732,0.016,0.070,1.061,2,868
512247699,-0.976,1.463,0.183,0.005,0.062,1.025,2,868
512248208,-1.463,1.646,0.244,0.026,0.055,1.063,2,868
512249699,-1.524,1.341,0.244,-0.002,-0.004,1.051,2,868
512250207,-1.768,1.524,0.122,0.027,-0.000,1.021,2,868
512251700,-1.341,1.829,0.488,-0.029,-0.035,1.059,2,868
512252210,-1.341,1.829,0.488,-0.029,-0.035,1.059,2,868
512253699,-0.732,1.585,0.732,-0.013,0.028,1.012,2,868
512254208,-0.732,1.585,0.732,-0.013,0.028,1.012,2,868
512255699,-0.305,1.220,0.610,0.010,0.070,1.041,2,868
512256208,-0.610,1.341,0.366,-0.007,0.077,1.045,2,868
512257699,-0.915,1.585,0.549,0.004,0.086,1.017,2,868
512258211,-1.585,1.402,0.427,0.021,0.038,1.024,2,868
512259699,-1.646,1.341,0.366,0.016,-0.030,1.064,2,868
512260208,-1.646,1.341,0.366,0.016,-0.030,1.064,2,868
512261699,-1.341,1.524,0.244,-0.025,-0.047,1.021,2,868
512262207,-0.976,1.646,0.427,-0.008,0.009,1.068,2,868
512263699,-0.549,1.463,0.549,-0.007,0.024,1.048,2,868
512264208,-0.549,1.159,0.732,-0.003,0.038,1.029,2,868
512265699,-0.671,1.220,0.671,0.012,0.066,1.058,2,868
512266211,-0.671,1.220,0.671,0.012,0.066,1.058,2,868
512267699,-1.341,1.585,0.610,0.021,0.042,1.000,2,868
512268208,-1.341,1.585,0.610,0.021,0.042,1.000,2,868
512269699,-1.646,1.341,0.610,-0.004,-0.033,1.066,2,868
512270207,-1.585,1.524,0.427,0.001,-0.018,1.061,2,868
512271705,-1.463,1.707,0.305,-0.021,-0.022,1.009,2,868
512272227,-1.220,1.585,0.671,-0.014,-0.016,1.024,2,868
512273701,-0.854,0.976,0.915,-0.006,0.024,1.053,2,868
512274212,-0.854,0.976,0.915,-0.006,0.024,1.053,2,868
512275699,-0.732,1.341,0.488,0.016,0.077,1.022,2,868
512276208,-0.793,1.341,0.671,0.007,0.089,1.064,2,868
512277451,-1.159,1.280,0.427,-0.004,0.051,1.026,2,868
512278639,-1.524,1.037,0.183,0.026,0.025,1.005,2,878
512279627,-1.707,1.463,0.244,-0.013,-0.039,1.062,2,878
512280143,-1.707,1.463,0.244,-0.013,-0.039,1.062,2,878
512281701,-0.915,1.707,0.366,-0.009,-0.018,0.998,2,878
512282219,-0.671,1.402,0.610,0.007,0.002,1.042,2,878
512283700,-0.488,1.341,0.915,0.000,0.039,1.075,2,878
512284209,-0.427,1.524,0.915,-0.007,0.063,1.050,2,878
512285700,-0.915,1.098,0.915,0.021,0.065,1.029,2,878
512286209,-0.915,1.098,0.915,0.021,0.065,1.029,2,878
512287700,-1.220,1.463,0.305,0.010,0.013,1.024,2,878
512288216,-1.220,1.463,0.305,0.010,0.013,1.024,2,878
512289700,-1.829,1.646,0.427,-0.009,-0.024,1.056,2,878
512290216,-1.646,1.402,0.427,-0.011,-0.022,1.069,2,878
512291700,-1.220,1.463,0.427,-0.016,-0.013,1.021,2,878
512292207,-0.915,1.098,0.427,-0.000,-0.007,1.004,2,878
512293701,-0.610,1.341,0.976,0.002,0.050,1.069,2,878
512294209,-0.610,1.341,0.976,0.002,0.050,1.069,2,878
512295700,-0.610,1.280,0.610,0.017,0.084,1.015,2,878
512296216,-0.976,1.280,0.427,0.023,0.052,1.058,2,878
512297700,-1.159,1.463,0.061,0.000,0.038,1.039,2,878
512298216,-1.585,1.707,-0.122,0.016,-0.000,1.016,2,878
512299700,-1.524,1.707,0.122,-0.017,-0.041,1.059,2,878
512300212,-1.524,1.707,0.122,-0.017,-0.041,1.059,2,878
512301700,-1.159,1.341,0.549,-0.036,-0.008,1.003,2,878
512302209,-1.159,1.341,0.549,-0.036,-0.008,1.003,2,878
512303700,-0.366,1.402,0.549,-0.015,0.068,1.069,2,878
512304212,-0.610,1.159,0.427,-0.005,0.068,1.041,2,878
512305700,-0.793,1.159,0.366,0.022,0.106,1.013,2,878
512306209,-1.402,1.280,0.366,0.008,0.039,1.045,2,878
512307700,-1.829,1.463,0.488,0.007,-0.005,1.031,2,878
512308216,-1.829,1.463,0.488,0.007,-0.005,1.031,2,878
512309700,-1.463,1.707,0.366,-0.013,-0.060,1.056,2,878
512310209,-1.037,1.585,0.305,-0.015,-0.021,1.065,2,878
512311700,-0.793,1.768,0.488,-0.028,0.007,1.000,2,878
512312216,-0.610,1.463,0.549,-0.003,0.015,1.015,2,878
512313700,-0.183,1.159,0.610,0.033,0.072,1.053,2,878
512314209,-0.183,1.159,0.610,0.033,0.072,1.053,2,878
512315700,-0.610,1.159,0.305,0.006,0.061,1.037,2,878
512316216,-1.220,1.585,0.427,0.023,0.052,1.064,2,878
512317700,-1.524,1.585,0.549,0.002,0.002,1.030,2,878
512318207,-1.890,1.463,0.305,0.010,-0.005,1.031,2,878
512319700,-1.037,1.402,0.244,-0.017,-0.020,1.064,2,878
512320216,-1.037,1.402,0.244,-0.017,-0.020,1.064,2,878
512321700,-0.793,1.402,0.671,-0.004,0.022,1.013,2,878
512322212,-0.793,1.402,0.671,-0.004,0.022,1.013,2,878
512323700,-0.671,1.037,0.427,0.021,0.060,1.067,2,878
512324209,-0.732,1.098,0.549,0.001,0.092,1.026,2,878
512325240,-1.220,1.220,0.427,0.021,0.044,1.017,2,878
512326638,-1.707,1.585,0.183,-0.008,-0.010,1.045,2,878
512327746,-1.951,1.829,0.000,0.005,-0.008,1.021,2,878
512328287,-1.951,1.829,0.000,0.005,-0.008,1.021,2,887
512329359,-1.280,1.585,0.122,-0.021,-0.030,1.079,2,887
512330638,-0.854,1.768,0.183,-0.023,0.006,1.036,2,887
512331578,-0.427,1.524,0.244,-0.004,0.024,1.003,2,887
512332640,-0.244,1.463,0.488,-0.003,0.049,1.032,2,887
512333576,-0.427,1.280,0.732,0.017,0.079,1.053,2,887
512334640,-1.098,1.220,0.427,0.017,0.073,1.028,2,887
512335584,-1.585,1.280,0.305,0.012,0.028,1.053,2,887
512336640,-1.524,1.585,0.183,0.019,0.006,1.052,2,887
512337574,-1.463,1.707,0.244,-0.010,-0.025,1.014,2,887
512338640,-1.463,1.524,0.000,-0.026,-0.025,1.044,2,887
512339575,-1.220,1.646,0.122,-0.014,-0.016,1.083,2,887
512340640,-0.671,1.341,0.427,0.006,0.033,0.999,2,887
512341587,-0.366,1.220,0.305,-0.024,0.039,1.035,2,887
512342640,-0.122,1.220,0.549,-0.002,0.094,1.061,2,887
512343571,-0.488,1.280,0.549,0.020,0.095,1.041,2,887
512344640,-0.854,1.463,0.183,0.007,0.068,1.019,2,887
512345575,-0.976,1.463,0.244,0.025,0.043,1.055,2,887
512346640,-1.463,1.463,0.366,0.009,-0.011,1.048,2,887
512347580,-1.951,1.646,0.366,-0.020,-0.009,1.024,2,887
512348640,-1.585,1.463,0.183,-0.036,-0.022,1.076,2,887
512349582,-0.854,1.280,0.305,-0.022,0.010,1.024,2,887
512350640,-0.549,1.402,0.488,0.012,0.015,1.002,2,887
512351579,-0.732,1.159,0.366,-0.025,0.056,1.039,2,887
512352640,-0.671,1.220,0.427,0.015,0.067,1.055,2,887
512353578,-1.037,1.280,0.610,0.032,0.126,1.025,2,887
512354640,-0.915,1.341,-0.122,0.023,0.048,1.072,2,887
512355588,-1.280,1.585,-0.244,0.012,-0.001,1.036,2,887
512356640,-1.646,1.768,-0.244,-0.027,-0.008,1.007,2,887
512357646,-1.890,1.707,0.183,-0.014,-0.028,1.059,2,887
512358169,-1.463,1.646,0.000,-0.018,-0.029,1.065,2,887
512359700,-1.159,1.341,0.000,-0.014,-0.017,1.025,2,887
512360220,-0.732,1.280,0.244,-0.023,0.027,1.012,2,887
512361699,-0.488,1.463,0.610,0.021,0.093,1.067,2,887
512362208,-0.488,1.463,0.610,0.021,0.093,1.067,2,887
512363699,-1.159,1.524,0.549,0.042,0.067,1.039,2,887
512364211,-1.524,1.402,0.183,0.015,0.026,1.072,2,887
512365699,-1.646,1.402,0.183,0.009,0.012,1.040,2,887
512366208,-2.073,1.707,0.305,-0.010,-0.014,1.012,2,887
512367699,-1.463,1.646,0.427,-0.019,-0.014,1.070,2,887
512368208,-1.463,1.646,0.427,-0.019,-0.014,1.070,2,887
512369699,-0.366,1.463,0.427,-0.022,0.028,1.002,2,887
512370208,-0.366,1.463,0.427,-0.022,0.028,1.002,2,887
512371699,-0.427,1.037,0.366,0.005,0.093,1.048,2,887
512372217,-0.488,1.280,0.122,0.020,0.095,0.995,2,887
512373699,-0.854,1.402,0.488,0.025,0.041,1.048,2,887
512374208,-1.280,1.646,0.427,-0.004,0.052,1.062,2,887
512375699,-1.890,1.768,0.366,-0.015,0.002,1.025,2,887
512376209,-1.890,1.768,0.366,-0.015,0.002,1.025,2,887
512377443,-1.280,1.829,0.183,-0.024,-0.008,1.044,2,887
512378638,-0.976,1.768,0.244,-0.034,-0.015,0.989,2,897
512379622,-0.427,1.463,0.244,-0.015,0.035,1.034,2,897
512380638,-0.488,1.280,0.671,0.007,0.074,1.082,2,897
512381575,-0.793,1.098,0.732,0.016,0.073,1.021,2,897
512382638,-1.220,1.220,0.305,0.013,0.053,1.066,2,897
512383576,-1.402,1.402,0.427,0.021,0.053,1.059,2,897
512384638,-1.585,1.646,0.366,-0.001,0.011,1.000,2,897
512385631,-1.585,1.585,0.366,0.002,-0.020,1.031,2,897
512386152,-1.463,1.646,0.488,-0.032,-0.047,1.078,2,897
512387701,-1.098,1.585,0.732,-0.030,0.006,0.996,2,897
512388216,-1.098,1.585,0.732,-0.030,0.006,0.996,2,897
512389700,-0.488,0.976,0.793,0.006,0.074,1.067,2,897
512390215,-0.488,0.976,0.793,0.006,0.074,1.067,2,897
512391700,-0.610,1.220,0.854,0.002,0.088,1.025,2,897
512392215,-1.098,1.220,0.732,0.027,0.078,1.065,2,897
512393700,-1.768,1.646,0.305,0.015,0.037,1.039,2,897
512394216,-2.073,1.524,0.122,-0.004,-0.006,0.995,2,897
512395700,-1.707,1.524,0.427,-0.037,-0.040,1.066,2,897
512396214,-1.707,1.524,0.427,-0.037,-0.040,1.066,2,897
512397700,-0.915,1.585,0.732,-0.013,-0.001,1.039,2,897
512398215,-0.488,1.159,0.610,-0.007,0.050,1.083,2,897
512399707,-0.244,1.098,0.793,0.001,0.059,1.015,2,897
512400220,-0.244,1.280,0.732,0.019,0.088,1.029,2,897
512401706,-1.159,1.402,0.549,0.038,0.071,1.046,2,897
512402218,-1.159,1.402,0.549,0.038,0.071,1.046,2,897
512403700,-1.220,1.585,0.183,-0.003,-0.028,1.041,2,897
512404214,-1.220,1.585,0.183,-0.003,-0.028,1.041,2,897
512405700,-1.646,1.646,0.122,-0.034,-0.038,1.008,2,897
512406209,-1.524,1.402,0.427,-0.033,-0.016,1.031,2,897
512407700,-0.854,1.220,0.549,-0.011,0.017,1.073,2,897
512408214,-0.549,0.915,0.488,-0.005,0.035,1.034,2,897
512409700,-0.549,1.098,0.915,0.026,0.078,1.049,2,897
512410209,-0.549,1.098,0.915,0.026,0.078,1.049,2,897
512411700,-1.098,1.585,0.610,0.042,0.049,1.000,2,897
512412210,-1.341,1.646,0.366,0.015,0.027,1.025,2,897
512413700,-1.220,1.646,0.366,-0.009,-0.026,1.068,2,897
512414214,-1.463,1.951,0.366,-0.027,-0.018,1.024,2,897
512415700,-1.037,1.585,0.793,-0.025,-0.005,1.080,2,897
512416209,-1.037,1.585,0.793,-0.025,-0.005,1.080,2,897
512417700,-0.427,0.915,1.037,-0.015,0.034,1.005,2,897
512418210,-0.366,1.098,0.732,0.015,0.080,1.039,2,897
512419700,-0.305,1.037,0.976,0.037,0.092,1.053,2,897
512420215,-0.732,1.341,0.671,0.031,0.096,1.014,2,897
512421700,-1.341,1.585,0.366,0.019,0.006,1.077,2,897
512422215,-1.341,1.585,0.366,0.019,0.006,1.077,2,897
512423700,-1.646,1.890,0.305,-0.014,-0.033,1.004,2,897
512424216,-1.646,1.890,0.305,-0.014,-0.033,1.004,2,897
512425700,-1.159,1.463,0.427,-0.033,-0.013,1.051,2,897
512426214,-0.915,1.220,0.488,-0.015,0.017,0.996,2,897
512427452,-0.854,1.037,0.610,-0.007,0.045,1.045,2,897
512428638,-0.793,1.098,0.610,0.016,0.096,1.068,2,907
512429621,-0.915,0.976,0.793,0.045,0.083,1.033,2,907
512430638,-1.220,1.159,0.427,0.021,0.024,1.052,2,907
512431579,-1.524,1.463,0.305,0.006,0.015,1.038,2,907
512432640,-1.829,1.585,0.366,-0.032,-0.007,1.007,2,907
512433583,-1.585,1.768,0.305,-0.030,-0.044,1.051,2,907
512434640,-1.280,1.585,0.244,-0.038,-0.017,1.045,2,907
512435579,-1.280,1.402,0.366,-0.019,-0.036,0.996,2,907
512436640,-0.793,1.280,0.854,-0.003,0.052,1.069,2,907
512437579,-0.488,1.220,0.793,0.024,0.111,1.022,2,907
512438640,-0.732,1.037,0.610,0.036,0.087,1.018,2,907
512439579,-0.732,1.037,0.610,0.033,0.048,1.065,2,907
512440640,-1.098,1.524,0.427,0.015,0.054,1.030,2,907
512441575,-1.646,1.951,0.244,0.005,0.002,1.008,2,907
512442640,-1.159,1.890,0.244,-0.022,-0.051,1.036,2,907
512443583,-0.976,1.768,0.122,-0.026,-0.035,1.004,2,907
512444640,-0.732,1.463,0.305,-0.045,-0.022,1.062,2,907
512445639,-0.549,1.098,0.488,-0.004,0.046,1.081,2,907
512446160,-0.427,1.098,0.854,0.013,0.068,1.011,2,907
512447707,-0.488,0.854,0.732,0.025,0.072,1.017,2,907
512448232,-0.671,1.037,0.671,0.047,0.082,1.060,2,907
512449699,-1.585,1.707,0.610,0.010,0.032,1.018,2,907
512450208,-1.585,1.707,0.610,0.010,0.032,1.018,2,907
512451699,-1.402,1.768,0.000,-0.033,-0.035,1.041,2,907
512452208,-1.402,1.707,0.244,-0.053,-0.035,1.004,2,907
512453703,-1.220,1.585,0.549,-0.044,-0.028,1.076,2,907
512454214,-0.793,1.402,0.732,-0.036,0.031,1.050,2,907
512455699,0.000,0.793,0.793,0.021,0.076,1.041,2,907
512456211,0.000,0.793,0.793,0.021,0.076,1.041,2,907
512457699,-0.610,1.098,0.610,0.032,0.079,1.019,2,907
512458208,-0.610,1.098,0.610,0.032,0.079,1.019,2,907
512459699,-1.646,1.585,0.244,0.002,0.019,1.048,2,907
512460208,-1.524,1.768,0.122,0.005,-0.005,0.998,2,907
512461699,-1.524,1.890,0.122,-0.037,-0.040,1.045,2,907
512462207,-1.646,1.707,0.305,-0.062,-0.042,1.083,2,907
512463699,-0.854,1.646,0.671,-0.024,0.033,0.985,2,907
512464208,-0.854,1.646,0.671,-0.024,0.033,0.985,2,907
512465699,-0.366,0.976,0.671,0.024,0.075,1.066,2,907
512466207,-0.427,1.037,0.366,0.027,0.086,1.000,2,907
512467699,-0.793,1.220,0.427,0.042,0.082,1.043,2,907
512468215,-1.524,1.585,0.488,0.026,0.043,1.049,2,907
512469699,-1.707,2.073,0.366,-0.018,-0.042,1.056,2,907
512470207,-1.707,2.073,0.366,-0.018,-0.042,1.056,2,907
512471699,-1.402,1.646,0.427,-0.046,-0.029,0.988,2,907
512472208,-1.402,1.646,0.427,-0.046,-0.029,0.988,2,907
512473699,-0.793,1.098,0.366,-0.013,0.028,1.092,2,907
512474208,-0.488,0.976,0.610,0.013,0.060,1.034,2,907
512475481,-0.427,1.037,0.732,0.017,0.082,1.007,2,907
512476638,-1.098,1.646,0.427,0.042,0.071,1.029,2,917
512477622,-1.280,1.951,0.427,0.015,0.037,0.991,2,917
512478638,-1.402,1.768,0.183,0.011,-0.011,1.054,2,917
512479583,-1.829,1.768,0.122,-0.032,-0.034,1.061,2,917
512480638,-1.463,2.012,0.305,-0.048,-0.038,1.008,2,917
512481576,-1.159,1.829,0.488,-0.046,-0.027,1.054,2,917
512482638,-0.549,1.585,0.549,-0.021,0.013,1.074,2,917
512483580,-0.305,1.402,0.610,-0.011,0.019,1.004,2,917
512484638,-0.305,1.280,0.915,0.044,0.089,1.063,2,917
512485572,-0.976,1.280,0.854,0.033,0.100,1.042,2,917
512486638,-1.220,1.220,0.427,0.039,0.062,1.016,2,917
512487578,-1.280,1.402,0.061,0.021,0.014,1.053,2,917
512488638,-1.402,1.829,-0.061,-0.023,-0.008,1.032,2,917
512489571,-1.707,1.951,-0.061,-0.042,-0.029,1.024,2,917
512490638,-1.463,1.402,0.427,-0.029,-0.011,1.035,2,917
512491576,-0.976,0.976,0.427,-0.007,-0.014,1.000,2,917
512492638,-0.610,0.915,0.732,-0.017,0.047,1.074,2,917
512493576,-0.488,0.854,0.610,0.025,0.068,1.062,2,917
512494638,-0.854,1.098,0.732,0.050,0.108,1.017,2,917
512495567,-0.915,1.098,0.610,0.040,0.064,1.039,2,917
512496638,-1.159,1.585,0.305,0.037,0.053,1.052,2,917
512497585,-1.768,2.134,0.122,-0.023,-0.014,1.045,2,917
512498638,-1.524,1.951,0.061,-0.042,-0.036,1.060,2,917
512499576,-1.524,1.585,0.000,-0.045,-0.017,0.998,2,917
512500638,-0.976,1.220,0.305,-0.028,-0.034,1.051,2,917
512501584,-0.732,1.037,0.366,-0.031,0.034,1.095,2,917
512502638,-0.549,1.098,0.610,-0.001,0.060,1.019,2,917
512503572,-0.427,1.159,0.610,0.040,0.102,1.017,2,917
512504638,-1.037,1.037,0.366,0.044,0.061,1.007,2,917
512505575,-1.463,1.707,0.183,0.026,0.028,1.037,2,917
512506638,-1.829,1.829,0.427,-0.004,0.003,1.070,2,917
512507572,-2.134,2.195,0.549,-0.028,-0.024,1.013,2,917
512508638,-2.012,1.951,0.427,-0.043,-0.032,1.023,2,917
512509584,-1.463,1.585,0.366,-0.045,-0.046,1.088,2,917
512510638,-0.610,1.098,0.549,-0.008,0.026,0.998,2,917
512511572,-0.488,0.915,0.732,0.021,0.093,1.064,2,917
512512638,-0.366,0.915,0.427,0.050,0.089,1.035,2,917
512513575,-0.732,0.793,0.488,0.056,0.069,1.021,2,917
512514638,-1.220,1.585,0.305,0.026,0.051,1.059,2,917
512515572,-1.524,1.829,0.244,0.013,0.021,1.035,2,917
512516638,-1.951,2.134,0.305,-0.027,0.021,1.010,2,917
512517572,-1.707,1.890,0.061,-0.041,-0.049,1.048,2,917
512518638,-1.037,1.220,0.305,-0.042,-0.029,1.017,2,917
512519572,-0.671,1.159,0.854,-0.022,0.016,1.061,2,917
512520638,-0.488,1.037,0.915,0.011,0.061,1.068,2,917
512521572,-0.610,0.976,0.854,0.031,0.076,1.011,2,917
512522638,-0.732,0.793,0.549,0.057,0.078,1.030,2,917
512523584,-0.915,1.220,0.366,0.040,0.076,1.056,2,917
512524638,-1.524,1.890,0.305,0.004,0.022,1.034,2,917
512525747,-1.463,1.890,-0.122,-0.016,-0.039,1.059,2,917
512526289,-1.463,1.890,-0.122,-0.016,-0.039,1.059,2,926
512527366,-1.585,1.951,0.305,-0.045,-0.038,1.048,2,926
512528638,-1.280,1.524,0.793,-0.057,0.017,1.078,2,926
512529581,-0.915,1.037,0.732,-0.021,0.031,0.998,2,926
512530640,-0.793,0.793,0.793,0.032,0.066,1.036,2,926
512531575,-0.732,1.098,0.366,0.048,0.092,1.025,2,926
512532640,-1.402,1.402,0.183,0.051,0.063,1.022,2,926
512533575,-1.524,1.646,0.244,0.022,0.040,1.055,2,926
512534640,-1.951,1.829,0.122,0.001,0.017,1.016,2,926
512535574,-1.585,1.890,0.305,-0.042,-0.050,1.025,2,926
512536640,-1.341,1.707,0.183,-0.066,-0.020,1.090,2,926
512537577,-1.402,1.463,0.549,-0.049,-0.010,1.017,2,926
512538640,-0.732,0.854,0.732,0.009,0.039,1.086,2,926
512539577,-0.793,0.915,0.732,0.030,0.073,1.038,2,926
512540640,-0.976,0.976,0.549,0.044,0.100,1.019,2,926
512541571,-1.220,1.280,0.549,0.056,0.087,1.060,2,926
512542640,-1.280,1.707,0.549,0.038,0.060,1.022,2,926
512543580,-1.220,1.890,0.183,0.015,0.012,1.009,2,926
512544640,-1.646,1.890,0.183,-0.043,-0.032,1.030,2,926
512545575,-1.463,1.890,0.488,-0.062,-0.040,1.035,2,926
512546640,-1.220,1.768,0.854,-0.041,0.021,1.067,2,926
512547667,-0.976,1.463,0.854,-0.006,0.010,1.031,2,926
512548193,-0.549,1.159,0.854,0.001,0.076,1.016,2,926
512549707,-0.427,0.793,0.610,0.040,0.073,1.064,2,926
512550230,-0.793,0.976,0.427,0.046,0.106,1.026,2,926
512551700,-1.280,1.524,0.122,0.029,0.031,1.055,2,926
512552209,-1.280,1.524,0.122,0.029,0.031,1.055,2,926
512553699,-1.646,2.012,0.122,-0.037,-0.036,1.016,2,926
512554211,-1.707,1.646,0.122,-0.056,-0.032,1.072,2,926
512555699,-1.341,1.463,0.366,-0.054,-0.008,1.005,2,926
512556208,-1.098,1.037,0.488,-0.004,-0.015,1.031,2,926
512557699,-0.915,0.854,0.610,0.041,0.066,1.044,2,926
512558211,-0.732,1.037,0.732,0.041,0.066,1.044,2,926
512559699,-0.671,1.402,0.488,0.064,0.066,1.045,2,926
512560208,-0.671,1.402,0.488,0.064,0.066,1.045,2,926
512561699,-1.341,1.890,0.244,0.001,-0.007,1.012,2,926
512562211,-1.402,2.012,0.183,-0.026,0.000,1.050,2,926
512563699,-1.768,1.951,0.305,-0.060,-0.034,1.016,2,926
512564208,-1.524,1.768,0.305,-0.050,-0.016,1.035,2,926
512565700,-0.915,1.280,0.671,-0.041,0.032,1.020,2,926
512566211,-0.915,1.280,0.671,-0.041,0.032,1.020,2,926
512567699,-0.305,1.159,0.732,0.058,0.105,1.068,2,926
512568211,-0.610,1.159,0.854,0.059,0.083,1.040,2,926
512569699,-0.793,1.524,0.244,0.048,0.053,1.031,2,926
512570211,-1.220,1.768,0.183,0.027,0.018,1.046,2,926
512571699,-1.646,2.134,0.183,-0.038,-0.029,1.032,2,926
512572209,-1.646,2.134,0.183,-0.038,-0.029,1.032,2,926
512573699,-1.402,1.524,0.610,-0.049,-0.052,1.009,2,926
512574211,-1.402,1.524,0.610,-0.049,-0.052,1.009,2,926
512575699,-0.793,0.976,0.549,0.004,0.037,1.080,2,926
512576208,-0.671,0.915,0.366,0.032,0.099,1.026,2,926
512577443,-0.732,0.976,0.610,0.061,0.091,1.030,2,926
512578638,-1.280,1.220,0.183,0.023,0.062,1.009,2,936
512579696,-1.707,1.890,0.183,0.011,-0.001,1.035,2,936
512580225,-1.707,1.890,0.183,0.011,-0.001,1.035,2,936
512581228,-2.073,2.073,0.305,-0.038,0.003,1.039,2,936
512582698,-1.402,1.829,0.549,-0.055,-0.029,1.062,2,936
512583210,-0.854,1.463,0.549,-0.052,-0.013,1.059,2,936
512584700,-0.427,1.098,0.915,-0.004,0.031,1.006,2,936
512585216,-0.305,0.915,0.854,0.017,0.068,1.039,2,936
512586700,-0.488,1.402,0.671,0.062,0.061,1.031,2,936
512587216,-0.488,1.402,0.671,0.062,0.061,1.031,2,936
512588700,-1.220,1.829,0.549,0.035,0.024,1.042,2,936
512589211,-1.280,1.768,-0.061,-0.014,0.033,1.003,2,936
512590700,-1.463,1.890,0.000,-0.037,-0.056,1.029,2,936
512591210,-1.463,1.768,0.183,-0.078,-0.014,1.051,2,936
512592701,-0.732,0.854,0.793,-0.028,0.027,1.085,2,936
512593216,-0.732,0.854,0.793,-0.028,0.027,1.085,2,936
512594700,-0.366,0.732,0.732,0.045,0.083,1.012,2,936
512595216,-0.549,0.854,0.549,0.044,0.059,1.044,2,936
512596700,-0.732,1.280,0.244,0.061,0.087,1.038,2,936
512597216,-1.220,1.707,0.000,0.037,0.046,1.017,2,936
512598700,-1.646,1.890,0.000,-0.022,-0.038,1.038,2,936
512599209,-1.646,1.890,0.000,-0.022,-0.038,1.038,2,936
512600700,-1.280,1.585,0.366,-0.048,-0.028,1.062,2,936
512601210,-1.280,1.585,0.366,-0.048,-0.028,1.062,2,936
512602700,-0.915,0.915,0.671,-0.009,0.018,1.018,2,936
512603209,-0.732,0.671,0.976,0.023,0.065,1.097,2,936
512604700,-0.793,0.976,0.610,0.037,0.076,1.040,2,936
512605210,-0.732,1.159,0.183,0.061,0.089,1.029,2,936
512606700,-1.037,1.890,-0.183,0.018,0.038,1.000,2,936
512607209,-1.037,1.890,-0.183,0.018,0.038,1.000,2,936
512608700,-1.890,1.890,-0.122,-0.064,-0.021,1.040,2,936
512609209,-1.220,1.768,0.305,-0.065,-0.038,1.017,2,936
512610700,-1.341,1.646,0.671,-0.052,0.004,1.072,2,936
512611210,-0.915,1.098,0.610,-0.022,0.022,1.065,2,936
512612700,-0.671,0.915,0.610,0.040,0.076,1.051,2,936
512613209,-0.671,0.915,0.610,0.040,0.076,1.051,2,936
512614700,-1.037,1.280,0.366,0.054,0.067,1.011,2,936
512615216,-1.037,1.280,0.366,0.054,0.067,1.011,2,936
512616700,-1.220,2.012,0.061,-0.008,-0.020,1.035,2,936
512617210,-1.280,2.317,0.000,-0.060,-0.008,1.030,2,936
512618700,-1.402,2.134,0.183,-0.057,-0.048,1.038,2,936
512619216,-1.463,1.646,0.366,-0.065,0.004,1.018,2,936
512620700,-0.976,0.915,0.549,0.002,0.032,1.092,2,936
512621216,-0.976,0.915,0.549,0.002,0.032,1.092,2,936
512622700,-0.915,1.037,0.610,0.070,0.094,1.035,2,936
512623216,-0.976,1.220,0.549,0.059,0.087,1.043,2,936
512624725,-0.854,1.463,0.183,0.044,0.052,1.010,2,936
512625234,-1.280,1.768,0.061,0.002,0.003,1.030,2,936
512626481,-1.402,2.012,-0.183,-0.046,0.005,1.039,2,936
512627638,-1.463,2.012,0.427,-0.064,-0.001,1.058,2,946
512628624,-0.854,1.280,0.549,-0.022,-0.022,1.050,2,946
512629638,-0.854,1.159,0.610,-0.032,0.007,1.013,2,946
512630582,-0.732,0.976,0.671,0.021,0.053,1.053,2,946
512631639,-0.610,1.037,0.671,0.059,0.103,1.061,2,946
512632578,-0.488,1.098,0.488,0.061,0.073,1.022,2,946
512633640,-1.098,1.768,0.000,0.020,0.028,1.040,2,946
512634572,-1.524,2.256,-0.122,-0.033,0.007,1.002,2,946
512635640,-1.524,2.073,0.244,-0.046,-0.023,1.052,2,946
512636584,-1.463,1.890,0.305,-0.062,-0.013,1.007,2,946
512637640,-0.915,1.585,0.488,-0.050,-0.043,1.039,2,946
512638672,-0.976,1.159,0.732,-0.047,0.015,1.105,2,946
512639206,-0.976,0.976,0.610,0.008,0.052,1.020,2,946
512640699,-1.037,1.037,0.427,0.070,0.094,1.060,2,946
512641208,-1.037,1.037,0.427,0.070,0.094,1.060,2,946
512642699,-1.341,1.585,-0.061,0.021,0.036,1.040,2,946
512643211,-1.159,1.951,0.122,0.008,0.015,1.028,2,946
512644699,-1.768,1.829,0.183,-0.054,-0.012,1.011,2,946
512645208,-1.463,1.951,0.366,-0.050,-0.032,1.052,2,946
512646699,-0.915,1.402,0.488,-0.045,-0.007,1.019,2,946
512647211,-0.915,1.402,0.488,-0.045,-0.007,1.019,2,946
512648699,-0.488,0.915,0.854,0.039,0.084,1.050,2,946
512649208,-0.488,0.915,0.854,0.039,0.084,1.050,2,946
512650699,-0.854,1.098,0.183,0.050,0.046,1.048,2,946
512651208,-1.037,1.646,0.000,0.019,0.065,1.019,2,946
512652699,-1.402,1.829,0.122,0.020,0.021,1.029,2,946
512653208,-1.341,2.012,0.183,-0.042,0.003,1.035,2,946
512654699,-1.402,1.585,0.488,-0.071,-0.036,1.076,2,946
512655211,-1.402,1.585,0.488,-0.071,-0.036,1.076,2,946
512656699,-0.732,1.159,0.549,-0.007,0.030,0.993,2,946
512657211,-0.854,0.610,0.854,0.042,0.064,1.065,2,946
512658699,-0.549,0.671,0.793,0.075,0.067,1.065,2,946
512659211,-0.549,1.220,0.549,0.054,0.065,1.041,2,946
512660699,-1.098,1.768,0.183,0.024,0.034,1.009,2,946
512661208,-1.098,1.768,0.183,0.024,0.034,1.009,2,946
512662699,-1.341,1.890,0.305,-0.075,-0.051,1.035,2,946
512663208,-1.220,1.646,0.244,-0.068,-0.033,1.029,2,946
512664699,-1.220,1.524,0.549,-0.066,-0.015,1.083,2,946
512665211,-1.098,1.098,0.854,-0.032,0.037,1.026,2,946
512666699,-0.427,0.976,0.732,0.053,0.054,1.076,2,946
512667209,-0.427,0.976,0.732,0.053,0.054,1.076,2,946
512668699,-0.793,1.707,0.366,0.061,0.067,1.034,2,946
512669208,-0.793,1.707,0.366,0.061,0.067,1.034,2,946
512670699,-1.280,1.890,-0.061,-0.009,-0.001,1.001,2,946
512671208,-1.402,1.951,-0.061,-0.067,-0.038,1.033,2,946
512672699,-1.402,2.012,0.061,-0.064,-0.019,1.029,2,946
512673208,-1.402,1.646,0.244,-0.062,-0.012,1.008,2,946
512674708,-0.793,0.793,0.732,0.027,0.029,1.066,2,946
512675256,-0.793,0.793,0.732,0.027,0.029,1.066,2,946
512676500,-0.915,1.098,0.671,0.061,0.083,1.060,2,946
512677640,-1.280,1.524,0.549,0.080,0.080,1.031,2,956
512678622,-1.220,1.768,0.305,0.017,0.049,1.018,2,956
512679638,-1.341,1.890,0.122,0.004,0.017,1.044,2,956
512680575,-1.280,2.317,0.061,-0.055,-0.031,1.019,2,956
512681638,-1.280,1.829,0.183,-0.067,-0.001,1.016,2,956
512682652,-1.037,1.280,0.549,-0.015,0.007,1.000,2,956
512683179,-1.037,1.280,0.549,-0.015,0.007,1.000,2,956
512684701,-0.732,0.610,0.732,0.033,0.061,1.082,2,956
512685209,-1.159,0.976,0.854,0.074,0.092,1.018,2,956
512686700,-1.037,0.976,0.549,0.063,0.090,1.036,2,956
512687216,-0.915,1.402,0.488,0.059,0.053,1.030,2,956
512688700,-1.280,2.012,0.122,-0.062,-0.021,1.027,2,956
512689215,-1.280,2.012,0.122,-0.062,-0.021,1.027,2,956
512690700,-1.585,1.951,0.610,-0.070,-0.003,1.037,2,956
512691216,-1.220,1.220,0.488,-0.026,0.001,1.021,2,956
512692706,-1.037,0.915,0.732,-0.028,0.021,1.035,2,956
512693227,-0.610,0.610,0.732,0.033,0.062,1.096,2,956
512694244,-0.732,0.976,0.976,0.086,0.105,1.053,2,956
512695638,-0.915,1.220,0.000,0.057,0.042,1.047,2,956
512696584,-0.915,1.585,0.000,0.001,0.010,1.024,2,956
512697638,-1.463,2.012,0.000,-0.055,-0.007,1.041,2,956
512698554,-1.890,1.951,0.488,-0.072,-0.002,1.008,2,956
512699638,-1.463,1.890,0.549,-0.073,-0.009,1.003,2,956
512700572,-1.402,1.402,0.549,-0.034,-0.036,1.073,2,956
512701638,-0.732,0.976,1.098,0.016,0.047,1.023,2,956
512702579,-0.610,0.732,1.220,0.089,0.106,1.068,2,956
512703638,-0.915,0.915,0.915,0.070,0.073,1.038,2,956
512704572,-0.976,1.280,0.427,0.058,0.052,1.045,2,956
512705638,-1.098,1.890,0.122,0.014,0.010,1.047,2,956
512706574,-1.463,2.256,0.122,-0.043,0.019,1.024,2,956
512707638,-1.585,2.195,0.244,-0.079,-0.011,1.010,2,956
512708576,-1.220,1.585,0.488,-0.061,-0.030,1.063,2,956
512709638,-1.220,1.159,0.854,-0.035,0.008,1.082,2,956
512710576,-1.280,0.732,0.976,0.028,0.064,1.017,2,956
512711638,-0.915,0.793,0.976,0.069,0.094,1.042,2,956
512712572,-0.793,0.915,0.610,0.106,0.061,1.052,2,956
512713638,-0.671,1.646,0.427,0.048,0.044,1.040,2,956
512714572,-0.976,1.768,0.000,0.021,0.030,1.048,2,956
512715638,-1.463,2.134,0.122,-0.067,-0.001,1.010,2,956
512716572,-1.463,1.890,0.061,-0.079,-0.037,1.028,2,956
512717638,-1.341,1.402,0.488,-0.093,-0.023,1.023,2,956
512718576,-0.854,0.915,0.732,-0.030,0.000,1.094,2,956
512719638,-1.037,0.610,0.976,0.015,0.076,1.034,2,956
512720568,-0.854,0.610,0.915,0.074,0.089,0.998,2,956
512721638,-0.671,1.402,0.305,0.049,0.056,1.049,2,956
512722571,-1.098,1.890,0.061,0.031,0.035,1.054,2,956
512723638,-1.463,2.073,0.061,-0.004,0.037,1.017,2,956
512724572,-1.646,2.256,-0.061,-0.057,-0.033,1.005,2,956
512725638,-1.402,1.951,0.244,-0.113,-0.040,1.047,2,956
512726750,-1.159,1.829,0.244,-0.073,-0.026,1.021,2,956
512727293,-0.976,1.463,0.610,-0.045,0.016,1.053,2,965
512728369,-0.793,0.854,0.915,0.013,0.057,1.068,2,965
512729638,-0.793,0.854,0.671,0.074,0.067,1.054,2,965
512730572,-1.037,1.463,0.671,0.078,0.076,1.043,2,965
512731640,-1.280,1.829,0.244,0.039,0.039,1.033,2,965
512732584,-1.463,2.195,0.000,0.006,0.046,1.039,2,965
512733640,-1.585,2.134,0.061,-0.045,-0.041,1.010,2,965
512734569,-1.341,2.012,-0.061,-0.100,-0.033,1.046,2,965
512735640,-0.915,1.220,0.610,-0.051,0.025,0.990,2,965
512736579,-0.976,0.671,0.976,0.024,0.037,1.076,2,965
512737640,-0.732,0.610,0.915,0.062,0.057,1.076,2,965
512738652,-0.732,1.037,0.610,0.073,0.068,1.034,2,965
512739179,-0.671,1.402,0.549,0.090,0.087,1.041,2,965
512740701,-0.854,1.585,0.366,0.049,0.061,1.027,2,965
512741223,-1.098,1.890,0.183,0.007,0.019,1.020,2,965
512742699,-1.402,2.378,-0.183,-0.115,-0.035,1.042,2,965
512743211,-1.402,2.378,-0.183,-0.115,-0.035,1.042,2,965
512744699,-1.463,1.037,0.488,-0.036,0.037,0.974,2,965
512745211,-1.280,0.671,0.549,0.002,0.005,1.053,2,965
512746699,-0.793,0.549,0.671,0.052,0.065,1.104,2,965
512747208,-0.854,0.915,0.854,0.096,0.067,1.048,2,965
512748699,-0.793,1.829,0.671,0.061,0.055,1.024,2,965
512749212,-0.793,1.829,0.671,0.061,0.055,1.024,2,965
512750699,-0.976,2.317,0.000,-0.068,-0.021,1.034,2,965
512751211,-0.976,2.317,0.000,-0.068,-0.021,1.034,2,965
512752699,-1.829,1.768,0.305,-0.116,-0.003,1.038,2,965
512753211,-1.280,1.037,0.488,-0.045,0.017,1.003,2,965
512754699,-0.915,0.732,0.732,-0.024,0.010,1.021,2,965
512755209,-0.610,0.305,0.671,0.049,0.050,1.090,2,965
512756699,-1.037,1.098,0.610,0.096,0.092,1.036,2,965
512757211,-1.037,1.098,0.610,0.096,0.092,1.036,2,965
512758699,-1.098,2.073,0.000,0.004,0.003,1.032,2,965
512759209,-1.220,2.256,0.122,-0.061,-0.024,1.022,2,965
512760699,-1.341,2.195,0.305,-0.107,-0.023,1.025,2,965
512761208,-1.341,1.890,0.305,-0.099,-0.004,1.034,2,965
512762699,-0.915,0.793,0.549,-0.040,0.010,1.016,2,965
512763211,-0.915,0.793,0.549,-0.040,0.010,1.016,2,965
512764699,-0.549,0.793,0.854,0.092,0.117,1.062,2,965
512765209,-0.427,0.976,0.244,0.122,0.071,1.044,2,965
512766699,-0.488,1.341,0.061,0.065,0.059,1.045,2,965
512767211,-0.854,1.829,0.000,0.010,-0.002,1.035,2,965
512768699,-1.707,2.256,0.122,-0.108,-0.007,1.005,2,965
512769208,-1.707,2.256,0.122,-0.108,-0.007,1.005,2,965
512770699,-0.976,1.220,0.366,-0.083,-0.021,1.034,2,965
512771208,-0.976,1.220,0.366,-0.083,-0.021,1.034,2,965
512772699,-0.488,0.488,0.549,0.053,0.054,1.080,2,965
512773208,-0.244,0.732,0.793,0.108,0.125,1.049,2,965
512774726,-0.610,0.915,0.854,0.125,0.057,1.049,2,965
512775238,-0.915,1.402,0.366,0.054,0.071,1.040,2,965
512776486,-1.341,2.073,0.061,0.021,0.005,1.042,2,965
512777638,-1.707,2.561,-0.122,-0.097,-0.017,0.991,2,975
512778615,-1.707,2.012,-0.183,-0.115,-0.028,1.051,2,975
512779638,-1.280,1.280,0.244,-0.095,-0.027,1.060,2,975
512780576,-0.976,0.732,0.427,-0.026,0.039,1.011,2,975
512781638,-0.793,0.732,0.610,0.039,0.053,1.038,2,975
512782579,-0.732,0.610,0.671,0.113,0.102,1.071,2,975
512783638,-1.280,1.402,0.122,0.062,0.076,1.041,2,975
512784654,-1.646,2.256,-0.061,0.035,0.015,1.027,2,975
512785183,-1.646,2.256,-0.061,0.035,0.015,1.027,2,975
512786701,-1.585,2.500,0.000,-0.085,-0.054,1.008,2,975
512787216,-1.341,2.073,0.366,-0.128,-0.018,1.039,2,975
512788703,-0.915,1.524,0.671,-0.082,-0.037,1.068,2,975
512789221,-0.732,0.915,0.915,-0.020,0.050,1.006,2,975
512790700,-0.793,0.610,0.915,0.113,0.087,1.074,2,975
512791214,-0.793,0.610,0.915,0.113,0.087,1.074,2,975
512792700,-0.915,1.585,0.183,0.090,0.071,1.041,2,975
512793210,-1.159,2.134,-0.061,0.041,0.031,1.009,2,975
512794700,-1.280,2.561,-0.122,-0.029,0.017,1.045,2,975
512795209,-1.341,2.500,0.183,-0.116,-0.059,1.017,2,975
512796700,-1.220,1.585,0.549,-0.098,-0.020,1.062,2,975
512797209,-1.220,1.585,0.549,-0.098,-0.020,1.062,2,975
512798243,-0.732,0.732,0.610,-0.020,0.036,0.983,2,975
512799694,-0.488,0.366,0.488,0.089,0.062,1.092,2,975
512800193,-0.610,0.854,0.549,0.125,0.083,1.068,2,975
512801700,-0.732,1.341,0.427,0.103,0.059,1.033,2,975
512802210,-1.098,1.951,0.122,0.015,0.067,0.999,2,975
512803698,-1.402,2.439,0.122,-0.130,-0.009,1.016,2,975
512804203,-1.402,2.439,0.122,-0.130,-0.009,1.016,2,975
512805700,-1.585,1.402,0.610,-0.097,0.020,1.036,2,975
512806216,-1.098,0.915,0.671,-0.027,0.024,0.990,2,975
512807698,-1.037,0.549,0.732,0.054,0.048,1.070,2,975
512808203,-0.671,0.610,0.732,0.097,0.069,1.072,2,975
512809700,-1.220,1.463,0.427,0.100,0.065,1.007,2,975
512810212,-1.220,1.463,0.427,0.100,0.065,1.007,2,975
512811698,-1.098,2.500,0.061,-0.069,-0.039,1.031,2,975
512812203,-1.098,2.500,0.061,-0.069,-0.039,1.031,2,975
512813700,-1.402,2.317,0.061,-0.132,-0.048,1.046,2,975
512814210,-1.402,1.524,0.427,-0.094,0.040,1.015,2,975
512815698,-1.037,0.732,0.854,-0.040,-0.010,1.012,2,975
512816208,-0.549,0.610,1.098,0.031,0.069,1.079,2,975
512817700,-0.976,0.854,0.549,0.145,0.097,1.050,2,975
512818212,-0.976,0.854,0.549,0.145,0.097,1.050,2,975
512819697,-0.915,1.890,0.183,0.036,0.012,1.034,2,975
512820207,-1.585,2.561,0.000,-0.065,-0.014,1.033,2,975
512821700,-1.341,2.744,0.183,-0.114,-0.035,1.022,2,975
512822211,-1.402,2.256,0.305,-0.129,-0.010,1.024,2,975
512823698,-1.037,0.793,0.915,-0.048,-0.009,1.031,2,975
512824202,-1.037,0.793,0.915,-0.048,-0.009,1.031,2,975
512825700,-1.037,0.610,0.976,0.131,0.104,1.068,2,975
512826210,-1.037,0.610,0.976,0.131,0.104,1.068,2,975
512827462,-0.976,1.402,0.305,0.104,0.045,1.034,2,975
512828638,-1.280,2.134,-0.061,0.018,0.010,1.042,2,985
512829615,-1.220,2.744,-0.244,-0.063,-0.001,1.017,2,985
512830639,-1.707,2.012,0.305,-0.122,-0.003,1.019,2,985
512831645,-1.585,1.220,0.305,-0.080,-0.038,1.004,2,985
512832171,-1.585,1.220,0.305,-0.080,-0.038,1.004,2,985
512833700,-0.732,0.427,0.915,0.070,0.051,1.086,2,985
512834213,-0.732,0.366,0.671,0.141,0.114,1.035,2,985
512835699,-0.671,0.793,0.671,0.134,0.066,1.036,2,985
512836208,-1.098,1.463,0.549,0.097,0.038,1.042,2,985
512837699,-1.585,2.561,0.000,-0.078,0.005,1.035,2,985
512838210,-1.585,2.561,0.000,-0.078,0.005,1.035,2,985
512839700,-1.646,2.073,0.366,-0.125,-0.031,1.034,2,985
512840217,-1.402,1.646,0.427,-0.127,-0.035,1.004,2,985
512841699,-0.915,0.732,0.976,-0.027,0.032,1.085,2,985
512842214,-1.159,0.305,1.341,0.074,0.086,1.069,2,985
512843699,-0.854,0.854,0.732,0.129,0.042,1.054,2,985
512844213,-0.854,0.854,0.732,0.129,0.042,1.054,2,985
512845699,-1.037,2.134,-0.183,0.042,0.000,1.042,2,985
512846217,-1.037,2.134,-0.183,0.042,0.000,1.042,2,985
512847699,-1.402,2.134,0.122,-0.104,-0.042,1.022,2,985
512848211,-1.402,1.707,0.183,-0.161,-0.044,1.009,2,985
512849699,-0.976,1.402,0.305,-0.128,-0.003,1.030,2,985
512850208,-0.793,0.671,0.671,-0.009,0.055,1.085,2,985
512851699,-0.671,0.122,0.671,0.140,0.081,1.047,2,985
512852215,-0.671,0.122,0.671,0.140,0.081,1.047,2,985
512853699,-0.854,1.585,0.549,0.111,0.059,1.058,2,985
512854208,-1.280,2.317,0.549,0.017,0.045,1.027,2,985
512855699,-1.402,2.561,0.183,-0.064,-0.021,1.014,2,985
512856208,-1.280,2.805,-0.122,-0.162,-0.028,1.026,2,985
512857699,-1.280,1.280,0.610,-0.088,0.016,1.074,2,985
512858208,-1.280,1.280,0.610,-0.088,0.016,1.074,2,985
512859699,-0.732,0.122,0.915,0.085,0.071,1.010,2,985
512860215,-0.732,0.122,0.915,0.085,0.071,1.010,2,985
512861699,-0.976,1.037,0.488,0.136,0.096,1.070,2,985
512862208,-1.098,1.829,0.122,0.095,0.041,1.040,2,985
512863699,-1.220,2.500,-0.183,0.027,0.042,1.008,2,985
512864209,-0.976,2.561,-0.122,-0.105,-0.051,1.024,2,985
512865699,-1.037,2.134,0.671,-0.147,-0.025,1.039,2,985
512866209,-1.037,2.134,0.671,-0.147,-0.025,1.039,2,985
512867699,-0.854,0.427,0.793,0.017,0.036,1.000,2,985
512868208,-0.671,0.122,0.793,0.071,0.065,1.045,2,985
512869699,-0.915,0.366,0.732,0.150,0.078,1.076,2,985
512870208,-1.098,0.854,0.732,0.170,0.084,1.068,2,985
512871699,-1.646,2.195,0.000,0.014,-0.002,1.019,2,985
512872217,-1.646,2.195,0.000,0.014,-0.002,1.019,2,985
512873699,-1.341,2.683,0.183,-0.162,-0.027,1.010,2,985
512874215,-1.220,2.073,0.671,-0.136,-0.000,1.025,2,985
512875700,-1.098,1.037,0.854,-0.077,0.024,1.035,2,985
512876206,-1.037,0.427,1.159,-0.003,0.032,1.021,2,985
512877449,-0.793,0.244,0.854,0.104,0.056,1.070,2,985
512878638,-0.976,0.854,0.671,0.161,0.080,1.037,2,995
512879617,-1.220,1.463,0.122,0.095,0.051,1.022,2,995
512880640,-1.463,2.317,-0.183,-0.025,-0.027,1.049,2,995
512881575,-1.585,2.927,-0.122,-0.122,-0.017,1.017,2,995
512882639,-1.585,2.561,0.122,-0.159,-0.022,1.012,2,995
512883579,-1.159,1.768,0.488,-0.127,0.015,1.050,2,995
512884640,-0.671,0.549,0.976,0.000,0.058,1.052,2,995
512885574,-0.732,0.244,0.976,0.120,0.068,1.090,2,995
512886640,-0.793,0.366,0.854,0.161,0.124,1.046,2,995
512887575,-0.915,0.915,0.488,0.162,0.061,1.011,2,995
512888640,-1.159,1.707,0.244,0.074,0.020,1.047,2,995
512889571,-1.159,2.683,0.305,-0.035,-0.020,1.034,2,995
512890639,-1.463,2.927,0.061,-0.121,-0.006,1.020,2,995
512891586,-1.341,2.439,0.122,-0.147,-0.008,1.009,2,995
512892640,-1.220,0.732,0.366,-0.099,0.006,1.036,2,995
512893574,-1.037,0.366,0.549,0.048,0.042,1.082,2,995
512894639,-1.098,0.427,0.854,0.127,0.119,1.056,2,995
512895576,-0.976,0.427,0.732,0.177,0.089,1.030,2,995
512896640,-1.098,1.402,0.183,0.145,0.051,1.035,2,995
512897571,-1.159,2.439,0.000,0.056,0.001,1.064,2,995
512898640,-1.524,2.805,-0.122,-0.128,-0.005,1.009,2,995
512899649,-1.402,2.134,0.244,-0.152,-0.015,1.006,2,995
512900179,-1.402,2.134,0.244,-0.152,-0.015,1.006,2,995
512901700,-0.793,0.915,0.915,-0.075,0.024,1.085,2,995
512902206,-0.610,0.305,1.280,0.041,0.077,1.035,2,995
512903700,-0.549,0.061,1.098,0.161,0.118,1.021,2,995
512904212,-0.732,0.610,0.732,0.163,0.067,1.045,2,995
512905700,-1.463,2.256,0.122,0.046,0.014,1.045,2,995
512906208,-1.463,2.256,0.122,0.046,0.014,1.045,2,995
512907700,-1.402,3.110,0.122,-0.125,-0.021,1.005,2,995
512908208,-1.159,2.439,0.244,-0.178,-0.051,1.016,2,995
512909700,-0.915,1.646,0.305,-0.148,-0.026,1.085,2,995
512910206,-0.976,0.976,0.854,-0.038,0.058,1.031,2,995
512911700,-0.549,-0.061,0.732,0.160,0.065,1.060,2,995
512912206,-0.549,-0.061,0.732,0.160,0.065,1.060,2,995
512913700,-0.671,1.646,0.061,0.115,0.033,1.046,2,995
512914210,-0.671,1.646,0.061,0.115,0.033,1.046,2,995
512915700,-1.220,2.622,0.183,-0.070,-0.013,0.995,2,995
512916212,-1.463,2.866,0.305,-0.173,-0.042,1.018,2,995
512917700,-1.220,2.256,0.183,-0.187,-0.058,1.082,2,995
512918215,-1.220,1.402,0.488,-0.124,0.020,1.026,2,995
512919700,-0.610,-0.122,1.220,0.110,0.076,1.072,2,995
512920215,-0.610,-0.122,1.220,0.110,0.076,1.072,2,995
512921700,-0.854,1.098,0.244,0.158,0.078,1.054,2,995
512922212,-0.976,2.134,0.122,0.122,0.046,1.007,2,995
512923700,-1.280,2.561,0.000,0.024,0.029,1.021,2,995
512924206,-1.280,2.927,-0.061,-0.111,-0.045,1.023,2,995
512925700,-1.037,2.500,0.305,-0.183,-0.009,1.020,2,995
512926212,-1.037,2.500,0.305,-0.183,-0.009,1.020,2,995
512927462,-0.793,0.000,0.915,0.014,0.037,1.065,2,995
512928639,-0.488,0.061,0.793,0.101,0.072,1.080,2,1004
512929618,-0.549,0.671,0.610,0.161,0.073,1.048,2,1004
512930639,-0.549,1.280,0.244,0.168,0.081,1.036,2,1004
512931582,-0.915,1.951,0.122,0.108,0.065,1.026,2,1004
512932641,-1.280,3.049,-0.427,-0.138,-0.043,1.024,2,1004
512933583,-1.280,2.561,-0.122,-0.172,-0.040,1.017,2,1004
512934641,-1.159,1.890,0.427,-0.154,0.017,1.001,2,1004
512935579,-0.732,0.793,0.671,-0.070,0.019,1.061,2,1004
512936641,-0.671,0.122,0.732,0.009,0.046,1.051,2,1004
512937577,-0.488,0.183,0.793,0.123,0.068,1.038,2,1004
512938641,-0.610,0.671,0.793,0.180,0.094,1.065,2,1004
512939574,-0.671,1.463,0.366,0.160,0.077,1.052,2,1004
512940642,-1.341,2.744,-0.366,-0.067,-0.031,1.038,2,1004
512941583,-1.098,2.988,-0.122,-0.155,-0.026,1.034,2,1004
512942642,-1.220,2.622,0.305,-0.174,-0.002,0.988,2,1004
512943579,-0.854,1.829,0.549,-0.123,0.001,1.054,2,1004
512944641,-0.671,0.915,0.793,-0.075,0.023,1.036,2,1004
512945580,-0.610,0.122,0.854,0.060,0.035,1.047,2,1004
512946642,-1.037,0.549,0.793,0.199,0.077,1.058,2,1004
512947578,-1.037,1.402,0.244,0.150,0.062,1.021,2,1004
512948641,-0.976,2.012,-0.244,0.029,-0.017,1.044,2,1004
512949583,-1.159,3.110,-0.488,-0.075,-0.022,1.037,2,1004
512950641,-1.159,2.927,-0.549,-0.176,-0.015,1.020,2,1004
512951579,-1.341,2.256,0.061,-0.167,0.007,1.036,2,1004
512952641,-0.976,1.341,0.366,-0.060,0.032,1.045,2,1004
512953578,-0.793,0.183,0.793,0.081,0.084,1.090,2,1004
512954641,-0.976,0.183,0.793,0.181,0.116,1.052,2,1004
512955574,-0.976,0.732,0.549,0.198,0.078,1.021,2,1004
512956641,-0.915,1.463,-0.122,0.122,0.024,1.048,2,1004
512957580,-1.159,2.500,-0.305,0.020,-0.012,1.042,2,1004
512958641,-1.402,2.744,-0.183,-0.114,-0.012,1.032,2,1004
512959575,-1.341,2.744,0.122,-0.156,0.010,1.009,2,1004
512960641,-0.915,1.159,0.549,-0.156,0.000,1.052,2,1004
512961575,-0.610,0.549,0.854,0.002,0.036,1.085,2,1004
512962642,-0.854,0.244,1.159,0.122,0.129,1.029,2,1004
512963579,-0.671,0.183,0.976,0.189,0.060,1.027,2,1004
512964641,-0.671,0.793,0.488,0.168,0.061,1.054,2,1004
512965573,-0.732,1.951,0.000,0.083,0.009,1.062,2,1004
512966641,-1.402,2.805,0.061,-0.107,-0.018,0.983,2,1004
512967571,-1.402,2.622,0.122,-0.182,-0.024,0.990,2,1004
512968641,-0.915,2.012,0.488,-0.195,-0.034,1.091,2,1004
512969579,-0.793,1.280,0.671,-0.111,0.018,1.047,2,1004
512970642,-1.159,0.610,1.159,0.039,0.086,0.998,2,1004
512971578,-1.159,0.183,1.220,0.167,0.085,1.053,2,1004
512972642,-0.732,0.549,0.732,0.172,0.060,1.068,2,1004
512973574,-0.610,1.402,0.244,0.170,0.036,1.050,2,1004
512974672,-1.220,2.622,-0.122,-0.036,0.015,1.007,2,1004
512975757,-1.585,2.622,-0.061,-0.150,-0.032,1.003,2,1004
512976301,-1.524,2.317,0.244,-0.205,-0.040,1.050,2,1014
512977396,-1.280,1.829,0.610,-0.172,-0.004,1.036,2,1014
512978638,-0.854,1.220,0.793,-0.072,0.062,1.015,2,1014
512979592,-0.427,0.183,0.915,0.097,0.085,1.056,2,1014
512980638,-0.427,0.427,0.549,0.175,0.077,1.048,2,1014
512981571,-0.854,1.524,0.305,0.143,0.017,1.031,2,1014
512982638,-0.976,2.073,0.061,0.058,0.063,1.038,2,1014
512983588,-1.280,2.500,-0.183,-0.082,-0.039,1.013,2,1014
512984638,-1.402,2.683,0.000,-0.164,-0.031,1.040,2,1014
512985576,-1.159,2.317,0.366,-0.193,-0.035,1.010,2,1014
512986638,-0.854,1.341,0.549,-0.005,0.053,1.070,2,1014
512987585,-0.793,-0.244,1.098,0.093,0.083,1.037,2,1014
512988638,-0.671,0.000,0.793,0.158,0.071,1.048,2,1014
512989566,-0.976,0.793,0.549,0.185,0.050,1.072,2,1014
512990638,-1.220,1.707,0.244,0.135,0.096,1.034,2,1014
512991588,-1.402,2.317,0.122,0.000,-0.036,1.018,2,1014
512992638,-1.341,3.049,-0.061,-0.135,-0.008,1.026,2,1014
512993568,-1.829,2.744,0.366,-0.178,-0.065,1.021,2,1014
512994638,-1.159,0.793,0.671,-0.090,0.011,1.014,2,1014
512995579,-1.037,0.122,0.793,0.014,0.070,1.036,2,1014
512996638,-0.976,-0.183,0.732,0.121,0.052,1.062,2,1014
512997630,-0.732,0.183,0.732,0.193,0.071,1.090,2,1014
512998151,-0.976,1.220,0.427,0.167,0.089,1.021,2,1014
512999711,-0.976,1.890,0.000,0.111,-0.003,1.039,2,1014
513000239,-1.098,2.683,-0.183,-0.065,-0.001,1.018,2,1014
513001701,-1.037,2.683,0.488,-0.182,0.011,1.016,2,1014
513002215,-1.037,2.683,0.488,-0.182,0.011,1.016,2,1014
513003700,-1.037,0.610,0.488,-0.080,0.030,1.051,2,1014
513004216,-0.854,0.183,0.793,0.060,0.047,1.077,2,1014
513005700,-1.037,0.244,1.098,0.148,0.099,1.055,2,1014
513006212,-0.793,0.610,0.671,0.195,0.085,1.016,2,1014
513007700,-1.037,2.378,-0.183,0.021,0.001,1.036,2,1014
513008212,-1.037,2.378,-0.183,0.021,0.001,1.036,2,1014
513009700,-1.707,2.866,0.244,-0.168,0.001,0.984,2,1014
513010216,-1.707,2.195,0.488,-0.159,0.000,1.027,2,1014
513011700,-1.280,1.341,0.732,-0.166,0.005,1.077,2,1014
513012209,-1.037,0.427,1.098,-0.026,0.027,1.037,2,1014
513013700,-0.610,0.244,0.732,0.181,0.084,1.041,2,1014
513014207,-0.610,0.244,0.732,0.181,0.084,1.041,2,1014
513015700,-1.220,1.646,0.305,0.083,0.025,1.020,2,1014
513016207,-1.220,1.646,0.305,0.083,0.025,1.020,2,1014
513017700,-1.524,3.049,0.244,-0.125,-0.004,0.997,2,1014
513018207,-1.159,2.439,0.366,-0.158,0.000,1.046,2,1014
513019701,-1.463,1.463,0.671,-0.187,-0.037,1.034,2,1014
513020216,-1.098,0.976,0.854,-0.118,0.031,0.994,2,1014
513021700,-0.610,0.183,0.976,0.140,0.104,1.074,2,1014
513022216,-0.610,0.183,0.976,0.140,0.104,1.074,2,1014
513023700,-1.098,1.159,0.122,0.158,0.046,1.030,2,1014
513024216,-1.280,2.012,0.061,0.075,-0.003,1.055,2,1014
513025700,-1.402,2.866,0.122,-0.057,0.010,1.033,2,1014
513026216,-1.463,2.805,0.183,-0.139,0.006,1.015,2,1014
513027472,-1.463,2.378,0.427,-0.180,-0.046,0.995,2,1014
513028639,-0.854,1.037,0.976,-0.047,0.040,1.070,2,1024
513029626,-0.793,0.183,1.098,0.085,0.118,1.011,2,1024
513030639,-0.671,-0.061,1.098,0.147,0.042,1.041,2,1024
513031581,-0.793,0.549,0.549,0.176,0.069,1.063,2,1024
513032640,-1.037,1.524,0.061,0.135,0.004,1.040,2,1024
513033572,-1.159,2.561,-0.183,0.021,0.045,1.037,2,1024
513034640,-1.098,2.378,-0.122,-0.163,-0.042,1.031,2,1024
513035587,-0.976,2.134,0.244,-0.199,-0.024,1.057,2,1024
513036640,-1.037,1.585,1.037,-0.120,0.045,1.020,2,1024
513037587,-0.915,0.488,1.280,0.026,0.069,1.008,2,1024
513038640,-0.854,-0.061,0.915,0.127,0.056,1.094,2,1024
513039583,-0.976,0.366,0.854,0.138,0.077,1.048,2,1024
513040640,-0.671,1.098,0.305,0.194,0.035,1.041,2,1024
513041584,-1.220,2.012,0.244,0.084,0.053,1.042,2,1024
513042640,-1.341,2.927,-0.244,-0.139,-0.034,1.030,2,1024
513043583,-1.037,2.561,-0.183,-0.194,-0.029,0.993,2,1024
513044640,-1.098,1.768,0.549,-0.157,0.020,1.051,2,1024
513045580,-0.732,0.732,0.732,-0.060,0.049,1.063,2,1024
513046640,-0.488,0.000,0.488,0.053,0.072,1.037,2,1024
513047576,-0.305,0.061,0.488,0.130,0.067,1.024,2,1024
513048640,-0.793,1.463,0.183,0.160,0.068,1.050,2,1024
513049575,-1.280,2.195,-0.244,0.060,-0.009,1.021,2,1024
513050640,-1.402,2.744,-0.244,-0.088,-0.028,1.006,2,1024
513051578,-1.341,2.866,0.122,-0.163,-0.030,1.040,2,1024
513052640,-1.037,2.500,0.549,-0.191,0.021,1.058,2,1024
513053588,-0.915,1.341,0.732,-0.100,0.028,0.995,2,1024
513054640,-0.976,0.671,0.732,-0.030,0.069,1.040,2,1024
513055580,-0.915,0.549,0.610,0.184,0.083,1.072,2,1024
513056640,-0.732,1.159,0.305,0.169,0.075,1.015,2,1024
513057580,-0.671,1.646,0.000,0.136,0.011,1.029,2,1024
513058640,-0.854,2.195,0.000,-0.044,-0.032,1.036,2,1024
513059567,-1.280,2.561,0.000,-0.117,-0.022,1.050,2,1024
513060640,-1.463,2.744,0.610,-0.184,0.021,0.993,2,1024
513061575,-1.341,1.707,0.549,-0.147,-0.011,0.994,2,1024
513062640,-0.854,0.122,0.427,0.016,0.042,1.034,2,1024
513063584,-0.915,0.488,0.793,0.143,0.084,1.047,2,1024
513064640,-0.671,0.793,0.488,0.183,0.081,1.045,2,1024
513065579,-0.549,1.280,-0.061,0.160,0.033,1.034,2,1024
513066640,-0.854,2.378,-0.122,0.026,-0.018,1.041,2,1024
513067583,-1.098,3.049,0.000,-0.080,0.008,1.014,2,1024
513068640,-1.159,2.134,0.610,-0.161,0.003,1.053,2,1024
513069579,-1.037,1.402,0.854,-0.142,0.008,1.020,2,1024
513070640,-0.976,0.732,0.915,-0.030,0.033,1.035,2,1024
513071575,-0.915,0.366,1.037,0.092,0.083,1.074,2,1024
513072640,-0.854,0.488,0.549,0.188,0.089,1.049,2,1024
513073582,-0.854,0.976,0.244,0.176,0.046,1.023,2,1024
513074640,-1.098,1.768,-0.244,0.105,-0.009,1.048,2,1024
513075146,-1.341,2.622,-0.488,-0.016,0.006,1.048,2,1024
513076519,-1.280,2.317,0.183,-0.145,0.009,0.994,2,1024
513077638,-1.037,1.768,0.366,-0.193,-0.026,1.035,2,1034
513078619,-0.488,1.402,0.427,-0.079,0.035,1.080,2,1034
513079638,-0.793,0.793,0.915,0.025,0.072,1.027,2,1034
513080580,-0.854,0.366,1.098,0.145,0.110,1.034,2,1034
513081638,-0.671,0.427,0.488,0.173,0.040,1.058,2,1034
513082580,-0.976,2.317,-0.305,0.047,0.017,1.050,2,1034
513083638,-1.463,2.561,-0.122,-0.057,0.009,0.992,2,1034
513084576,-1.463,2.500,0.061,-0.122,-0.006,1.030,2,1034
513085638,-1.159,1.829,0.366,-0.194,-0.035,1.065,2,1034
513086585,-1.037,1.524,0.549,-0.146,0.012,1.007,2,1034
513087638,-1.098,0.854,0.732,-0.006,0.073,1.046,2,1034
513088572,-0.976,0.305,0.976,0.095,0.096,1.081,2,1034
513089638,-1.159,0.976,0.183,0.155,0.026,1.042,2,1034
513090580,-1.402,1.890,0.122,0.098,0.028,1.057,2,1034
513091638,-1.463,2.500,-0.122,-0.003,0.007,1.032,2,1034
513092578,-1.646,2.683,0.000,-0.099,0.001,1.007,2,1034
513093638,-1.585,2.378,0.122,-0.172,-0.039,1.002,2,1034
513094654,-1.280,1.768,0.427,-0.172,-0.017,1.076,2,1034
513095176,-1.159,1.037,0.854,-0.070,0.080,1.054,2,1034
513096700,-0.915,0.305,1.037,0.116,0.033,1.030,2,1034
513097213,-0.915,0.305,1.037,0.116,0.033,1.030,2,1034
513098700,-0.671,1.646,0.244,0.131,0.022,1.044,2,1034
513099207,-0.915,1.890,0.000,0.068,0.055,0.997,2,1034
513100700,-1.646,2.317,0.000,-0.066,-0.024,1.016,2,1034
513101209,-1.220,2.500,0.000,-0.169,-0.013,1.068,2,1034
513102700,-1.037,1.341,0.915,-0.124,0.066,1.005,2,1034
513103209,-1.037,1.341,0.915,-0.124,0.066,1.005,2,1034
513104700,-0.976,0.244,0.671,0.073,0.046,1.057,2,1034
513105215,-0.976,0.244,0.671,0.133,0.049,1.045,2,1034
513106700,-1.220,1.159,0.244,0.153,0.049,1.034,2,1034
513107210,-1.341,1.768,0.183,0.111,0.044,1.027,2,1034
513108700,-1.585,2.073,0.122,-0.031,-0.017,1.029,2,1034
513109214,-1.402,2.439,0.122,-0.122,-0.028,1.014,2,1034
513110700,-1.098,1.829,0.732,-0.127,0.049,1.054,2,1034
513111214,-1.098,1.829,0.732,-0.127,0.049,1.054,2,1034
513112700,-0.610,0.244,0.610,0.032,0.018,1.018,2,1034
513113214,-0.549,0.366,0.549,0.117,0.057,1.109,2,1034
513114700,-0.427,0.976,0.305,0.164,0.079,1.039,2,1034
513115215,-0.732,1.402,0.244,0.151,0.046,1.011,2,1034
513116700,-1.280,2.622,-0.244,-0.093,-0.011,1.062,2,1034
513117209,-1.280,2.622,-0.244,-0.093,-0.011,1.062,2,1034
513118243,-1.220,2.500,0.122,-0.156,-0.009,1.023,2,1034
513119638,-0.732,1.159,0.915,-0.101,0.019,1.061,2,1034
513120591,-0.549,0.915,0.854,-0.005,0.036,1.057,2,1034
513121638,-0.610,0.732,0.488,0.088,0.063,1.048,2,1034
513122576,-0.671,0.671,0.427,0.149,0.075,1.036,2,1034
513123638,-1.098,1.829,-0.061,0.063,-0.010,1.041,2,1034
513124576,-1.037,2.622,-0.244,-0.062,-0.011,1.024,2,1034
513125638,-1.524,2.683,0.305,-0.112,-0.016,1.035,2,1034
513126739,-1.402,2.195,0.610,-0.135,0.036,1.049,2,1034
513127289,-1.341,1.646,0.976,-0.135,0.021,1.002,2,1044
513128446,-0.915,1.037,0.854,-0.040,0.021,1.029,2,1044
513129639,-0.915,0.671,0.732,0.159,0.086,1.035,2,1044
513130590,-0.915,0.854,0.366,0.171,0.063,0.991,2,1044
513131639,-1.159,1.463,-0.122,0.096,-0.019,1.057,2,1044
513132565,-1.037,2.317,-0.610,-0.019,-0.004,1.072,2,1044
513133640,-1.402,2.744,-0.183,-0.078,-0.006,1.003,2,1044
513134576,-1.159,2.256,0.366,-0.128,0.029,0.987,2,1044
513135640,-1.220,1.585,0.427,-0.167,-0.010,1.075,2,1044
513136567,-1.098,1.280,0.610,-0.071,0.017,1.063,2,1044
513137640,-0.793,0.854,0.854,0.131,0.096,1.038,2,1044
513138578,-0.854,0.793,0.427,0.154,0.051,1.062,2,1044
513139640,-1.159,1.341,-0.183,0.116,0.002,1.037,2,1044
513140559,-1.159,2.012,-0.305,0.020,-0.001,1.042,2,1044
513141640,-1.463,2.378,-0.061,-0.056,-0.002,1.027,2,1044
513142618,-1.768,2.256,0.244,-0.082,0.023,1.042,2,1044
513143146,-1.524,1.646,0.732,-0.178,-0.017,1.002,2,1044
513144697,-0.854,0.915,0.854,-0.013,0.065,1.089,2,1044
513145210,-0.854,0.915,0.854,-0.013,0.065,1.089,2,1044
513146696,-0.915,0.610,0.793,0.150,0.047,1.009,2,1044
513147208,-1.098,0.854,0.244,0.132,-0.001,1.070,2,1044
513148697,-1.402,1.890,-0.122,0.055,0.021,1.051,2,1044
513149203,-1.341,2.439,-0.061,-0.018,0.011,0.987,2,1044
513150697,-1.280,2.073,0.427,-0.169,-0.028,1.073,2,1044
513151208,-1.280,2.073,0.427,-0.169,-0.028,1.073,2,1044
513152697,-0.854,1.159,0.915,-0.047,0.074,1.017,2,1044
513153203,-1.037,0.488,1.159,0.080,0.087,1.067,2,1044
513154696,-1.037,0.366,0.915,0.108,0.063,1.036,2,1044
513155208,-1.098,0.854,0.427,0.147,-0.001,1.040,2,1044
513156707,-1.341,2.134,0.061,0.042,0.005,1.030,2,1044
513157224,-1.341,2.134,0.061,0.042,0.005,1.030,2,1044
513158700,-1.402,2.012,0.549,-0.149,-0.031,1.002,2,1044
513159215,-1.402,2.012,0.549,-0.149,-0.031,1.002,2,1044
513160699,-0.854,1.280,1.098,-0.076,0.067,1.042,2,1044
513161216,-0.427,0.549,1.220,0.049,0.085,1.011,2,1044
513162699,-0.732,0.488,0.671,0.076,0.039,1.041,2,1044
513163216,-0.732,0.671,0.122,0.138,0.008,1.088,2,1044
513164699,-1.098,1.890,0.000,0.071,0.023,0.995,2,1044
513165216,-1.098,1.890,0.000,0.071,0.023,0.995,2,1044
513166700,-1.037,2.195,0.244,-0.128,-0.032,1.048,2,1044
513167217,-1.037,2.012,0.610,-0.150,0.008,1.001,2,1044
513168699,-0.854,1.463,1.037,-0.094,0.046,1.039,2,1044
513169212,-0.793,0.671,0.915,0.011,0.081,1.065,2,1044
513170699,-1.098,1.037,0.305,0.130,0.018,1.044,2,1044
513171216,-1.098,1.037,0.305,0.130,0.018,1.044,2,1044
513172699,-1.037,1.890,0.000,0.097,-0.002,1.023,2,1044
513173218,-1.037,1.890,0.000,-0.041,0.014,0.997,2,1044
513174699,-0.976,2.134,0.122,-0.104,-0.054,1.052,2,1044
513175243,-0.671,2.195,0.366,-0.156,0.030,1.061,2,1044
513176466,-0.976,1.280,0.793,-0.093,0.025,0.997,2,1044
513177638,-0.915,0.427,0.732,0.051,0.024,1.082,2,1053
513178645,-1.159,0.732,0.610,0.111,0.052,1.063,2,1053
513179157,-1.159,0.732,0.610,0.111,0.052,1.063,2,1053
513180701,-1.098,1.646,-0.061,0.121,0.018,1.035,2,1053
513181209,-1.159,2.012,-0.305,0.000,-0.013,1.030,2,1053
513182701,-1.402,2.317,-0.244,-0.088,-0.032,1.040,2,1053
513183209,-1.341,2.256,0.244,-0.145,0.032,1.013,2,1053
513184700,-1.220,1.037,0.793,-0.092,0.062,1.027,2,1053
513185214,-1.220,1.037,0.793,-0.092,0.062,1.027,2,1053
513186700,-0.732,0.610,0.732,0.101,0.052,1.083,2,1053
513187206,-0.610,1.037,0.610,0.130,0.077,1.028,2,1053
513188700,-0.915,1.524,0.183,0.123,0.020,1.010,2,1053
513189209,-1.037,1.768,-0.244,0.022,-0.012,1.034,2,1053
513190700,-1.402,2.317,0.366,-0.116,0.067,1.003,2,1053
513191208,-1.402,2.317,0.366,-0.116,0.067,1.003,2,1053
513192700,-1.098,1.280,0.732,-0.108,0.035,1.073,2,1053
513193208,-1.098,1.280,0.732,-0.108,0.035,1.073,2,1053
513194700,-0.976,1.280,0.549,0.084,0.093,0.999,2,1053
513195207,-1.098,0.976,0.488,0.160,0.032,1.053,2,1053
513196700,-1.159,1.037,0.122,0.114,0.045,1.033,2,1053
513197209,-1.159,1.646,-0.244,0.061,-0.025,1.031,2,1053
513198700,-0.915,2.256,0.305,-0.101,0.041,1.045,2,1053
513199206,-0.915,2.256,0.305,-0.101,0.041,1.045,2,1053
513200700,-1.037,1.585,0.732,-0.127,0.035,1.006,2,1053
513201209,-1.220,1.098,0.732,-0.031,0.029,1.099,2,1053
513202700,-1.098,0.854,0.793,0.059,0.117,1.044,2,1053
513203214,-0.915,0.671,0.549,0.142,0.021,1.003,2,1053
513204700,-1.159,1.768,-0.061,0.065,-0.011,1.059,2,1053
513205208,-1.159,1.768,-0.061,0.065,-0.011,1.059,2,1053
513206700,-1.463,2.012,0.061,-0.066,0.039,0.992,2,1053
513207214,-1.463,2.012,0.061,-0.066,0.039,0.992,2,1053
513208700,-1.402,1.646,0.488,-0.127,0.011,1.033,2,1053
513209214,-1.098,1.341,0.732,-0.048,0.036,1.042,2,1053
513210700,-1.098,0.976,0.793,0.059,0.114,1.068,2,1053
513211208,-0.915,0.793,0.732,0.111,0.033,1.019,2,1053
513212700,-1.220,1.707,0.000,0.085,0.000,1.064,2,1053
513213214,-1.220,1.707,0.000,0.085,0.000,1.064,2,1053
513214700,-1.220,2.195,0.244,-0.048,0.009,1.013,2,1053
513215209,-1.037,1.890,0.244,-0.137,0.004,1.010,2,1053
513216700,-1.280,1.524,0.549,-0.134,-0.019,1.088,2,1053
513217207,-1.341,1.220,0.976,-0.079,0.066,1.044,2,1053
513218700,-0.976,0.488,0.732,0.076,0.036,1.064,2,1053
513219208,-0.976,0.488,0.732,0.076,0.036,1.064,2,1053
513220700,-1.220,1.585,0.183,0.096,0.027,1.034,2,1053
513221207,-1.159,1.951,-0.061,0.053,0.023,1.012,2,1053
513222700,-1.341,2.134,0.183,-0.056,-0.034,1.047,2,1053
513223214,-1.341,2.134,0.122,-0.131,-0.004,1.000,2,1053
513224700,-1.037,1.220,0.854,-0.075,0.054,1.074,2,1053
513225242,-1.037,1.220,0.854,-0.075,0.054,1.074,2,1053
513226447,-0.976,0.793,0.366,0.038,0.050,0.998,2,1053
513227639,-0.976,1.280,0.000,0.135,0.015,1.085,2,1063
513228646,-1.220,1.890,0.183,0.104,0.045,1.052,2,1063
513229157,-1.037,1.890,0.000,0.054,0.032,1.011,2,1063
513230700,-1.280,2.317,0.061,-0.036,-0.028,1.014,2,1063
513231216,-1.402,2.073,0.000,-0.102,-0.017,1.052,2,1063
513232699,-1.220,1.220,0.915,-0.069,0.043,1.008,2,1063
513233212,-1.220,1.220,0.915,-0.069,0.043,1.008,2,1063
513234699,-0.976,0.488,0.793,0.056,0.057,1.035,2,1063
513235218,-0.732,0.976,0.305,0.120,0.025,1.019,2,1063
513236699,-0.854,1.463,0.305,0.116,0.056,1.045,2,1063
513237216,-1.402,1.890,0.061,0.069,-0.002,1.057,2,1063
513238699,-1.585,1.890,0.000,-0.080,-0.055,1.041,2,1063
513239212,-1.585,1.890,0.000,-0.080,-0.055,1.041,2,1063
513240699,-1.341,1.341,0.671,-0.076,0.009,0.999,2,1063
513241216,-1.341,1.341,0.671,-0.076,0.009,0.999,2,1063
513242699,-0.671,1.037,0.793,0.033,0.042,1.083,2,1063
513243218,-0.915,1.463,0.793,0.112,0.073,1.047,2,1063
513244699,-0.854,1.402,0.305,0.134,0.043,0.983,2,1063
513245216,-1.037,1.646,0.061,0.082,-0.019,1.062,2,1063
513246699,-1.341,2.073,-0.305,-0.067,-0.038,1.013,2,1063
513247216,-1.341,2.073,-0.305,-0.067,-0.038,1.013,2,1063
513248699,-1.159,1.463,0.671,-0.114,0.000,1.043,2,1063
513249211,-0.976,0.976,0.610,-0.059,0.042,1.021,2,1063
513250699,-1.037,0.732,0.549,0.026,0.050,1.059,2,1063
513251218,-1.037,0.915,0.793,0.110,0.076,1.072,2,1063
513252699,-1.159,1.524,-0.183,0.082,-0.025,1.043,2,1063
513253216,-1.159,1.524,-0.183,0.082,-0.025,1.043,2,1063
513254699,-1.402,2.378,-0.183,-0.054,-0.008,1.016,2,1063
513255212,-1.402,1.890,0.122,-0.094,0.033,1.013,2,1063
513256699,-0.976,1.402,0.671,-0.145,-0.012,1.073,2,1063
513257211,-0.427,0.793,0.671,-0.062,0.055,1.052,2,1063
513258699,-0.915,0.793,0.732,0.103,0.088,1.073,2,1063
513259216,-0.915,0.793,0.732,0.103,0.088,1.073,2,1063
513260699,-0.854,1.463,-0.061,0.086,-0.011,1.001,2,1063
513261212,-0.854,1.463,-0.061,0.086,-0.011,1.001,2,1063
513262699,-1.159,2.195,0.305,-0.055,0.026,1.049,2,1063
513263209,-1.402,1.768,0.549,-0.074,0.006,0.997,2,1063
513264699,-1.463,1.280,0.610,-0.162,-0.009,1.038,2,1063
513265216,-1.159,0.915,0.610,-0.072,0.032,1.088,2,1063
513266699,-0.854,0.610,0.976,0.096,0.050,1.011,2,1063
513267212,-0.854,0.610,0.976,0.096,0.050,1.011,2,1063
513268699,-0.854,1.463,-0.244,0.094,-0.002,1.041,2,1063
513269216,-1.280,2.195,0.000,0.027,0.016,1.009,2,1063
513270699,-1.585,2.561,0.305,-0.042,0.020,1.021,2,1063
513271212,-1.280,1.890,0.427,-0.081,0.001,1.041,2,1063
513272699,-0.854,1.098,0.793,-0.080,0.047,1.075,2,1063
513273212,-0.854,1.098,0.793,-0.080,0.047,1.075,2,1063
513274699,-0.976,0.671,0.793,0.072,0.041,1.001,2,1063
513275247,-0.854,1.037,0.305,0.103,0.036,1.054,2,1063
513276456,-1.098,1.585,0.305,0.093,-0.005,1.060,2,1063
513277638,-1.341,1.951,0.183,0.054,0.044,1.018,2,1073
513278644,-1.341,1.951,0.305,-0.022,-0.018,1.003,2,1073
513279153,-1.098,1.768,0.305,-0.110,0.014,1.055,2,1073
513280701,-1.341,0.976,0.793,-0.097,0.057,1.034,2,1073
513281209,-1.341,0.976,0.793,-0.097,0.057,1.034,2,1073
513282700,-1.402,0.793,0.915,0.051,0.057,1.031,2,1073
513283209,-1.098,1.220,0.366,0.084,0.022,1.021,2,1073
513284700,-0.976,1.280,-0.183,0.116,0.031,1.064,2,1073
513285209,-0.915,1.890,-0.122,0.078,0.047,1.025,2,1073
513286700,-1.707,1.829,0.122,-0.099,-0.000,1.043,2,1073
513287208,-1.707,1.829,0.122,-0.099,-0.000,1.043,2,1073
513288701,-1.098,1.280,0.915,-0.085,0.062,1.012,2,1073
513289209,-0.976,0.732,1.159,-0.004,0.067,1.064,2,1073
513290712,-1.037,0.610,0.732,0.038,0.041,1.068,2,1073
513291242,-1.402,1.280,0.305,0.087,0.031,1.014,2,1073
513292230,-1.524,1.707,-0.061,0.131,0.043,1.031,2,1073
513293638,-1.220,2.134,-0.122,-0.036,-0.025,0.994,2,1073
513294584,-1.159,2.195,0.000,-0.084,-0.041,1.024,2,1073
513295638,-0.732,1.951,0.244,-0.137,0.037,1.065,2,1073
513296588,-0.793,1.159,0.732,-0.071,0.048,1.034,2,1073
513297638,-0.976,0.793,0.915,-0.046,0.053,1.026,2,1073
513298576,-0.549,0.793,0.732,0.042,0.025,1.092,2,1073
513299638,-0.732,1.280,0.488,0.139,0.058,0.991,2,1073
513300578,-1.037,1.951,0.122,0.074,0.006,1.061,2,1073
513301638,-1.098,2.195,-0.244,-0.032,-0.020,1.021,2,1073
513302579,-1.341,2.256,-0.183,-0.078,-0.035,1.021,2,1073
513303638,-1.159,1.768,0.488,-0.100,0.063,1.055,2,1073
513304585,-0.976,0.976,0.732,-0.094,0.021,1.052,2,1073
513305638,-1.098,0.671,0.488,-0.053,0.050,1.008,2,1073
513306573,-0.976,0.549,0.610,0.047,0.024,1.081,2,1073
513307638,-1.159,1.524,0.610,0.137,0.044,0.993,2,1073
513308580,-1.220,1.768,-0.183,0.062,-0.010,1.046,2,1073
513309638,-0.976,2.256,-0.610,-0.027,-0.025,1.044,2,1073
513310631,-1.220,2.134,-0.061,-0.077,0.004,0.983,2,1073
513311154,-0.976,1.707,0.549,-0.077,0.040,1.040,2,1073
513312700,-0.793,1.220,0.854,-0.121,0.026,1.070,2,1073
513313206,-0.488,0.732,0.732,-0.062,0.030,1.030,2,1073
513314700,-0.976,0.671,0.976,0.108,0.088,1.063,2,1073
513315214,-0.976,0.671,0.976,0.108,0.088,1.063,2,1073
513316700,-1.220,1.585,0.000,0.071,-0.028,1.030,2,1073
513317207,-1.341,2.134,-0.183,-0.011,-0.019,1.059,2,1073
513318701,-1.220,2.317,0.122,-0.060,0.038,1.000,2,1073
513319215,-0.976,1.402,0.732,-0.072,0.007,1.012,2,1073
513320700,-1.098,0.732,0.671,-0.043,0.033,1.056,2,1073
513321206,-1.098,0.732,0.671,-0.043,0.033,1.056,2,1073
513322700,-0.732,0.793,0.793,0.117,0.064,1.054,2,1073
513323209,-0.793,1.341,0.549,0.099,0.041,1.038,2,1073
513324700,-1.037,1.768,-0.122,0.063,-0.024,1.012,2,1073
513325238,-1.159,2.134,-0.061,-0.005,-0.021,1.049,2,1073
513326472,-1.037,2.073,0.488,-0.042,0.057,1.008,2,1073
513327639,-1.463,1.159,0.793,-0.139,-0.003,1.083,2,1083
513328651,-1.341,1.159,0.793,-0.058,0.027,1.065,2,1083
513329170,-1.341,1.159,0.793,-0.058,0.027,1.065,2,1083
513330700,-0.915,0.915,0.793,0.101,0.044,1.049,2,1083
513331217,-1.159,1.220,0.244,0.101,0.027,1.046,2,1083
513332699,-1.220,1.829,-0.183,0.064,-0.020,1.019,2,1083
513333211,-1.463,2.439,-0.244,0.016,0.020,1.026,2,1083
513334699,-1.463,1.768,0.244,-0.123,-0.014,1.013,2,1083
513335217,-1.463,1.768,0.244,-0.123,-0.014,1.013,2,1083
513336699,-1.098,1.159,0.732,-0.063,0.065,1.053,2,1083
513337217,-0.854,0.854,1.159,0.059,0.092,1.023,2,1083
513338699,-0.854,0.854,0.976,0.071,0.064,1.055,2,1083
513339217,-0.915,1.280,0.305,0.104,-0.000,1.040,2,1083
513340700,-1.037,2.195,-0.061,0.029,0.035,1.028,2,1083
513341218,-1.037,2.195,-0.061,0.029,0.035,1.028,2,1083
513342699,-1.280,1.524,0.122,-0.111,-0.010,0.998,2,1083
513343218,-1.280,1.524,0.122,-0.111,-0.010,0.998,2,1083
513344699,-1.098,0.915,0.915,-0.049,0.095,1.050,2,1083
513345217,-1.159,0.732,0.915,0.065,0.063,1.027,2,1083
513346699,-1.341,1.037,0.427,0.049,0.051,1.057,2,1083
513347217,-1.159,1.646,0.122,0.094,0.003,1.065,2,1083
513348699,-1.159,2.134,0.122,0.035,-0.015,1.018,2,1083
513349211,-1.159,2.134,0.122,0.035,-0.015,1.018,2,1083
513350699,-1.585,1.707,0.183,-0.135,-0.051,1.017,2,1083
513351210,-1.098,1.280,0.610,-0.116,0.060,1.068,2,1083
513352699,-0.732,0.793,1.159,-0.027,0.057,1.061,2,1083
513353217,-0.793,0.366,0.793,0.018,0.082,1.021,2,1083
513354699,-0.976,1.463,0.305,0.091,0.066,1.057,2,1083
513355210,-0.976,1.463,0.305,0.091,0.066,1.057,2,1083
513356699,-1.159,2.195,0.061,-0.005,0.017,1.025,2,1083
513357217,-1.220,2.195,0.061,-0.061,-0.042,1.050,2,1083
513358699,-1.220,2.073,0.549,-0.131,0.011,1.002,2,1083
513359209,-1.037,1.341,0.610,-0.081,0.033,1.043,2,1083
513360699,-0.671,0.549,0.915,0.006,0.047,1.010,2,1083
513361217,-0.671,0.549,0.915,0.006,0.047,1.010,2,1083
513362699,-0.976,1.463,0.305,0.120,0.064,1.032,2,1083
513363211,-0.976,1.463,0.305,0.120,0.064,1.032,2,1083
513364699,-1.159,2.561,0.000,-0.006,-0.022,1.018,2,1083
513365209,-1.280,2.378,0.000,-0.067,-0.039,1.039,2,1083
513366699,-1.280,1.768,0.488,-0.101,0.045,1.011,2,1083
513367210,-1.098,1.098,1.098,-0.083,0.021,1.039,2,1083
513368699,-0.915,0.549,0.732,0.005,0.029,1.032,2,1083
513369216,-0.915,0.549,0.732,0.005,0.029,1.032,2,1083
513370699,-1.220,1.280,0.366,0.116,0.045,1.040,2,1083
513371217,-1.402,1.646,0.000,0.083,0.023,0.994,2,1083
513372699,-1.341,2.195,-0.244,-0.012,-0.038,1.028,2,1083
513373217,-1.341,2.195,0.061,-0.077,0.008,1.040,2,1083
513374699,-0.976,0.915,0.976,-0.112,0.038,1.036,2,1083
513375245,-0.976,0.915,0.976,-0.112,0.038,1.036,2,1083
513376452,-1.037,0.793,0.976,0.007,0.046,1.047,2,1083
513377639,-1.159,1.037,0.671,0.110,0.084,1.058,2,1092
513378648,-1.220,1.463,0.183,0.100,0.047,1.040,2,1092
513379158,-1.220,1.829,-0.366,0.081,-0.018,1.004,2,1092
513380701,-1.463,2.378,-0.488,-0.020,-0.026,1.062,2,1092
513381210,-1.280,2.073,-0.061,-0.067,0.034,1.008,2,1092
513382700,-0.915,1.159,0.549,-0.139,0.025,1.062,2,1092
513383203,-0.915,1.159,0.549,-0.139,0.025,1.062,2,1092
513384700,-0.915,0.427,0.671,0.013,0.103,1.022,2,1092
513385209,-0.793,0.793,0.732,0.120,0.037,1.061,2,1092
513386700,-0.915,1.220,0.427,0.099,0.058,1.046,2,1092
513387203,-0.854,1.890,-0.061,0.066,-0.044,1.008,2,1092
513388700,-1.037,2.256,0.061,-0.031,0.012,1.000,2,1092
513389210,-1.037,2.256,0.061,-0.031,0.012,1.000,2,1092
513390700,-0.854,1.037,0.366,-0.104,-0.009,1.071,2,1092
513391210,-0.854,0.793,0.427,-0.065,0.048,1.058,2,1092
513392700,-0.915,0.671,0.793,0.059,0.105,1.048,2,1092
513393208,-1.098,0.732,0.732,0.074,0.059,1.040,2,1092
513394700,-1.341,2.195,0.183,0.040,-0.019,1.017,2,1092
513395208,-1.341,2.195,0.183,0.040,-0.019,1.017,2,1092
513396700,-1.463,2.317,0.366,-0.063,-0.005,1.005,2,1092
513397203,-1.463,2.317,0.366,-0.063,-0.005,1.005,2,1092
513398700,-1.220,1.524,0.671,-0.112,-0.008,1.073,2,1092
513399203,-0.671,0.610,0.915,-0.022,0.094,1.029,2,1092
513400700,-0.488,0.610,1.280,0.072,0.048,1.073,2,1092
513401203,-0.610,0.915,0.610,0.061,0.088,1.038,2,1092
513402700,-0.854,2.256,0.122,0.042,0.042,1.029,2,1092
513403210,-0.854,2.256,0.122,0.042,0.042,1.029,2,1092
513404700,-1.220,2.134,0.366,-0.101,0.050,1.000,2,1092
513405203,-1.341,1.402,0.305,-0.092,-0.048,1.034,2,1092
513406700,-1.585,1.098,0.793,-0.122,0.056,1.068,2,1092
513407214,-0.793,0.549,0.915,-0.003,0.064,1.032,2,1092
513408700,-1.037,0.854,0.732,0.096,0.020,1.049,2,1092
513409203,-1.037,0.854,0.732,0.096,0.020,1.049,2,1092
513410700,-1.159,2.500,0.122,0.068,0.001,1.044,2,1092
513411203,-1.159,2.500,0.122,0.068,0.001,1.044,2,1092
513412710,-1.220,2.134,0.000,-0.062,-0.030,1.010,2,1092
513413230,-1.524,1.463,0.366,-0.129,0.020,1.055,2,1092
513414702,-0.976,0.976,0.549,-0.058,0.049,1.041,2,1092
513415216,-0.854,0.671,0.915,-0.025,0.068,1.059,2,1092
513416700,-1.037,0.854,0.427,0.095,0.037,1.051,2,1092
513417214,-1.037,0.854,0.427,0.095,0.037,1.051,2,1092
513418700,-1.280,2.622,0.244,0.055,-0.035,1.064,2,1092
513419203,-1.341,2.622,-0.061,-0.070,0.028,0.980,2,1092
513420700,-1.463,2.073,0.122,-0.069,-0.050,1.017,2,1092
513421208,-1.524,1.463,0.427,-0.127,0.062,1.060,2,1092
513422700,-1.524,0.610,0.976,-0.043,0.101,1.062,2,1092
513423208,-1.524,0.610,0.976,-0.043,0.101,1.062,2,1092
513424741,-1.037,1.463,0.732,0.093,0.087,1.028,2,1092
513425265,-1.098,1.829,0.305,0.113,0.015,1.027,2,1092
513426533,-1.463,2.256,0.122,0.017,0.002,1.048,2,1092
513427638,-1.220,2.561,-0.122,-0.040,-0.036,0.991,2,1102
513428613,-1.463,2.317,0.366,-0.088,0.027,1.028,2,1102
513429638,-0.854,0.732,0.793,-0.089,0.027,1.030,2,1102
513430579,-0.915,0.549,0.732,0.014,0.041,1.080,2,1102
513431640,-1.159,0.854,1.159,0.049,0.097,1.057,2,1102
513432579,-1.098,1.098,0.793,0.123,0.042,1.030,2,1102
513433640,-0.976,1.951,0.366,0.086,0.014,1.047,2,1102
513434576,-0.549,2.561,-0.183,0.031,-0.002,1.024,2,1102
513435640,-0.976,2.561,-0.061,-0.054,-0.023,1.014,2,1102
513436583,-1.220,1.463,0.976,-0.116,-0.019,1.021,2,1102
513437640,-0.976,0.915,0.976,-0.086,0.071,1.056,2,1102
513438576,-1.037,0.549,1.159,0.018,0.028,1.088,2,1102
513439640,-0.793,0.549,0.854,0.081,0.126,1.036,2,1102
513440578,-1.037,1.159,0.854,0.112,0.018,1.042,2,1102
513441640,-1.159,2.012,0.488,0.076,0.031,1.049,2,1102
513442578,-1.280,2.683,0.061,0.017,-0.052,1.006,2,1102
513443640,-1.402,1.890,0.549,-0.071,0.004,1.017,2,1102
513444583,-1.463,1.220,0.732,-0.138,0.004,1.038,2,1102
513445640,-0.976,0.732,0.793,-0.053,0.035,1.092,2,1102
513446576,-0.915,0.915,1.159,0.035,0.100,1.046,2,1102
513447640,-0.854,0.915,0.793,0.102,0.053,1.036,2,1102
513448581,-0.671,1.463,0.366,0.080,0.023,1.063,2,1102
513449640,-1.037,2.866,0.122,0.011,0.005,1.020,2,1102
513450578,-1.098,2.683,0.122,-0.060,0.001,1.021,2,1102
513451640,-1.159,2.134,0.427,-0.096,-0.006,1.032,2,1102
513452581,-1.098,1.098,0.732,-0.130,0.009,1.035,2,1102
513453640,-1.220,0.488,0.854,-0.048,0.055,1.072,2,1102
513454576,-0.915,0.549,0.976,0.056,0.091,1.053,2,1102
513455640,-1.037,0.793,0.854,0.067,0.035,1.047,2,1102
513456578,-1.037,1.402,0.366,0.098,0.041,1.053,2,1102
513457640,-1.280,2.561,-0.305,0.013,0.028,1.024,2,1102
513458576,-1.646,2.500,0.000,-0.078,-0.025,0.993,2,1102
513459640,-1.524,1.768,0.244,-0.114,0.009,1.035,2,1102
513460576,-1.463,0.915,0.854,-0.102,-0.002,1.062,2,1102
513461640,-1.159,0.427,1.098,-0.026,0.105,1.036,2,1102
513462668,-0.976,0.366,0.976,0.061,0.041,1.087,2,1102
513463199,-0.915,0.976,0.488,0.074,0.066,1.042,2,1102
513464701,-1.037,2.744,0.061,0.062,0.040,1.039,2,1102
513465211,-1.037,2.744,0.061,0.062,0.040,1.039,2,1102
513466699,-1.280,2.317,-0.061,-0.090,0.011,1.021,2,1102
513467217,-0.976,1.707,0.305,-0.114,-0.010,1.032,2,1102
513468699,-0.976,0.854,0.732,-0.089,0.068,1.050,2,1102
513469212,-0.854,0.427,1.037,-0.011,0.061,1.043,2,1102
513470699,-0.793,0.976,0.549,0.103,0.041,1.056,2,1102
513471217,-0.793,0.976,0.549,0.103,0.041,1.056,2,1102
513472699,-1.159,2.683,-0.061,0.057,-0.012,1.037,2,1102
513473217,-1.220,2.622,-0.305,-0.043,-0.000,1.003,2,1102
513474700,-1.341,2.317,-0.061,-0.081,-0.037,1.024,2,1102
513475240,-1.098,1.524,0.366,-0.121,0.059,1.040,2,1102
513476492,-0.854,0.671,0.427,-0.054,0.023,1.021,2,1102
513477638,-0.793,0.427,1.098,0.072,0.045,1.064,2,1112
513478616,-1.159,1.220,0.793,0.101,0.071,1.021,2,1112
513479638,-1.098,1.829,0.305,0.115,0.031,1.038,2,1112
513480578,-1.341,2.378,0.183,0.026,-0.012,1.044,2,1112
513481638,-1.341,2.561,-0.305,-0.059,-0.032,1.013,2,1112
513482576,-1.341,2.439,0.244,-0.091,0.004,1.021,2,1112
513483638,-1.159,0.488,1.037,-0.078,0.021,1.055,2,1112
513484575,-1.098,0.305,0.732,0.002,0.049,1.076,2,1112
513485638,-1.098,0.854,0.671,0.079,0.082,1.035,2,1112
513486576,-0.976,1.280,0.610,0.114,0.063,1.036,2,1112
513487638,-0.976,2.134,0.427,0.091,0.010,1.048,2,1112
513488575,-1.341,2.622,-0.183,0.006,-0.033,1.014,2,1112
513489638,-1.280,2.744,-0.122,-0.062,-0.007,1.022,2,1112
513490579,-1.098,2.378,0.366,-0.077,0.026,1.016,2,1112
513491638,-0.976,0.671,0.549,-0.079,0.047,1.074,2,1112
513492576,-0.854,0.671,0.610,0.019,0.048,1.051,2,1112
513493638,-0.915,0.793,0.488,0.113,0.099,1.065,2,1112
513494580,-1.037,0.976,0.488,0.119,0.036,1.030,2,1112
513495638,-0.976,1.890,0.000,0.056,0.005,1.014,2,1112
513496572,-1.280,2.744,-0.183,-0.013,-0.047,1.048,2,1112
513497638,-1.280,1.890,0.488,-0.084,-0.001,1.025,2,1112
513498645,-0.854,1.037,0.732,-0.121,0.021,1.056,2,1112
513499170,-0.854,1.037,0.732,-0.121,0.021,1.056,2,1112
513500703,-0.793,0.366,0.671,0.044,0.114,1.068,2,1112
513501220,-0.915,0.549,0.793,0.123,0.062,1.056,2,1112
513502700,-0.976,1.341,0.366,0.092,0.032,1.029,2,1112
513503207,-1.159,2.256,-0.427,0.052,-0.045,1.025,2,1112
513504700,-0.976,2.439,-0.122,-0.048,0.001,0.992,2,1112
513505209,-0.976,2.439,-0.122,-0.048,0.001,0.992,2,1112
513506700,-0.976,0.915,0.427,-0.112,0.005,1.057,2,1112
513507214,-1.098,0.610,0.976,-0.021,0.091,1.043,2,1112
513508700,-0.793,0.549,0.976,0.095,0.075,1.078,2,1112
513509207,-0.976,0.671,0.671,0.092,0.060,1.043,2,1112
513510700,-1.098,2.622,0.000,0.034,0.015,1.034,2,1112
513511208,-1.098,2.622,0.000,0.034,0.015,1.034,2,1112
513512700,-1.098,2.317,0.305,-0.095,0.024,1.007,2,1112
513513209,-1.098,2.317,0.305,-0.095,0.024,1.007,2,1112
513514700,-1.280,0.915,0.427,-0.091,0.039,1.052,2,1112
513515206,-0.915,0.244,0.854,0.040,0.104,1.083,2,1112
513516700,-1.159,0.366,1.220,0.054,0.062,1.045,2,1112
513517208,-1.159,0.793,0.488,0.090,0.033,1.061,2,1112
513518700,-1.402,2.805,0.000,0.042,0.041,0.994,2,1112
513519209,-1.402,2.805,0.000,0.042,0.041,0.994,2,1112
513520700,-1.280,1.890,0.244,-0.109,-0.009,1.021,2,1112
513521214,-1.402,1.463,0.549,-0.110,-0.014,1.044,2,1112
513522700,-1.037,0.793,0.976,-0.050,0.086,1.057,2,1112
513523214,-0.976,0.183,1.524,0.049,0.068,1.050,2,1112
513524700,-0.976,1.220,0.305,0.103,0.000,1.049,2,1112
513525237,-0.976,1.220,0.305,0.103,0.000,1.049,2,1112
513526482,-1.220,2.561,0.000,0.000,-0.023,1.005,2,1112
513527639,-1.341,2.744,-0.244,-0.089,-0.011,1.011,2,1122
513528618,-1.280,2.256,0.061,-0.113,-0.032,1.020,2,1122
513529638,-1.098,1.402,0.305,-0.098,0.073,1.053,2,1122
513530586,-0.915,0.671,0.915,-0.027,0.056,1.050,2,1122
513531640,-0.671,0.427,0.671,0.090,0.025,1.066,2,1122
513532575,-1.037,1.463,0.183,0.121,0.066,1.024,2,1122
513533640,-1.220,2.317,0.427,0.090,-0.009,1.021,2,1122
513534580,-1.159,2.866,-0.183,-0.048,0.003,1.017,2,1122
513535640,-0.915,2.805,-0.244,-0.075,-0.053,1.018,2,1122
513536583,-1.220,2.134,0.183,-0.106,0.046,1.034,2,1122
513537640,-0.976,1.098,0.793,-0.063,0.024,1.035,2,1122
513538580,-0.976,0.122,1.098,0.059,0.023,1.075,2,1122
513539640,-1.280,0.976,0.854,0.103,0.069,1.046,2,1122
513540579,-1.098,1.646,0.305,0.111,0.046,1.014,2,1122
513541640,-1.220,2.195,0.061,0.029,0.000,1.037,2,1122
513542574,-1.098,2.683,-0.061,-0.065,-0.035,1.006,2,1122
513543640,-1.037,2.317,0.183,-0.080,0.013,1.019,2,1122
513544583,-0.976,1.159,0.610,-0.085,0.028,1.024,2,1122
513545640,-1.098,0.000,1.098,0.007,0.024,1.088,2,1122
513546567,-1.159,0.549,0.732,0.066,0.092,1.051,2,1122
513547640,-1.280,1.159,0.305,0.146,0.037,1.053,2,1122
513548579,-1.341,2.195,0.000,0.098,0.044,1.046,2,1122
513549640,-1.280,2.866,-0.427,0.003,-0.064,1.004,2,1122
513550567,-1.341,2.866,-0.427,-0.074,0.010,1.016,2,1122
513551640,-1.098,1.463,0.671,-0.125,0.034,1.033,2,1122
513552583,-0.793,0.488,0.732,-0.060,0.032,1.078,2,1122
513553640,-1.037,0.610,0.915,0.005,0.083,1.052,2,1122
513554579,-0.793,0.488,0.427,0.111,0.073,1.066,2,1122
513555640,-0.793,1.220,0.244,0.102,0.050,1.053,2,1122
513556581,-0.915,2.012,-0.183,0.066,-0.024,1.007,2,1122
513557640,-1.341,2.744,-0.244,-0.020,-0.018,1.036,2,1122
513558580,-1.220,2.561,-0.061,-0.063,0.009,0.994,2,1122
513559640,-1.037,0.915,0.976,-0.104,0.017,1.058,2,1122
513560582,-0.915,0.427,0.854,-0.032,0.031,1.042,2,1122
513561640,-0.488,0.366,1.098,0.075,0.097,1.086,2,1122
513562575,-0.793,0.549,1.098,0.105,0.056,1.041,2,1122
513563640,-1.098,1.402,0.305,0.104,0.015,1.024,2,1122
513564581,-1.524,2.744,-0.061,0.018,-0.031,1.046,2,1122
513565640,-1.159,2.622,0.183,-0.079,0.017,1.010,2,1122
513566579,-0.854,1.524,0.305,-0.118,0.006,1.036,2,1122
513567640,-0.915,0.610,0.793,-0.095,-0.004,1.041,2,1122
513568579,-0.671,0.244,1.037,0.012,0.115,1.072,2,1122
513569640,-0.671,0.549,1.220,0.085,0.046,1.044,2,1122
513570575,-0.671,0.671,0.610,0.102,0.078,1.057,2,1122
513571640,-1.159,1.768,0.244,0.084,-0.058,1.054,2,1122
513572581,-1.098,2.744,0.122,-0.028,-0.056,0.998,2,1122
513573640,-1.341,1.951,0.427,-0.106,0.050,1.012,2,1122
513574608,-1.159,1.341,0.427,-0.111,-0.058,1.034,2,1122
513575640,-0.976,0.610,0.610,-0.054,0.109,1.083,2,1122
513576738,-1.037,0.183,1.098,0.058,0.042,1.043,2,1122
513577280,-0.976,0.305,0.915,0.062,0.110,1.075,2,1131
513578408,-0.915,1.098,0.427,0.114,-0.026,1.056,2,1131
513579638,-1.402,2.927,-0.244,0.015,-0.050,1.023,2,1131
513580618,-1.341,2.561,0.122,-0.091,0.035,0.995,2,1131
513581150,-1.341,2.561,0.122,-0.091,0.035,0.995,2,1131
513582698,-0.976,0.915,0.610,-0.117,0.087,1.059,2,1131
513583209,-0.854,0.305,1.098,-0.001,0.019,1.034,2,1131
513584704,-0.854,0.061,1.280,0.042,0.118,1.076,2,1131
513585223,-0.854,0.427,0.732,0.106,-0.005,1.067,2,1131
513586703,-1.220,2.256,0.000,0.085,-0.059,1.050,2,1131
513587214,-1.220,2.256,0.000,0.085,-0.059,1.050,2,1131
513588701,-1.341,2.500,-0.061,-0.063,-0.088,1.016,2,1131
513589215,-1.037,1.951,0.366,-0.139,0.077,1.038,2,1131
513590700,-1.098,0.671,0.793,-0.045,-0.017,1.039,2,1131
513591214,-1.037,0.244,1.159,-0.041,0.157,1.082,2,1131
513592700,-1.098,0.976,0.793,0.086,0.088,1.058,2,1131
513593202,-1.098,0.976,0.793,0.086,0.088,1.058,2,1131
513594700,-1.341,2.805,0.061,-0.017,0.031,0.990,2,1131
513595202,-1.341,2.805,0.061,-0.036,-0.060,1.025,2,1131
513596700,-1.341,2.561,0.122,-0.125,0.020,1.002,2,1131
513597214,-0.915,1.402,0.244,-0.069,0.008,1.027,2,1131
513598700,-0.976,0.671,0.854,-0.071,0.086,1.067,2,1131
513599214,-0.793,0.000,0.671,0.047,0.035,1.044,2,1131
513600700,-0.854,1.159,0.427,0.123,0.034,1.038,2,1131
513601214,-0.854,1.159,0.427,0.123,0.034,1.038,2,1131
513602700,-1.220,2.683,-0.610,-0.021,-0.035,1.034,2,1131
513603213,-1.341,2.805,-0.244,-0.085,0.016,0.997,2,1131
513604700,-1.159,1.890,0.061,-0.085,0.006,1.035,2,1131
513605213,-1.159,1.159,0.671,-0.102,0.038,1.035,2,1131
513606700,-1.037,0.305,1.402,0.040,0.068,1.084,2,1131
513607202,-1.037,0.305,1.402,0.040,0.068,1.084,2,1131
513608700,-1.280,1.707,0.366,0.096,0.025,1.024,2,1131
513609213,-1.159,2.256,-0.488,0.055,-0.029,1.053,2,1131
513610700,-1.463,2.805,-0.366,-0.060,-0.009,0.995,2,1131
513611214,-1.280,2.195,-0.183,-0.070,0.028,1.011,2,1131
513612700,-0.915,0.610,0.671,-0.084,0.057,1.051,2,1131
513613214,-0.915,0.610,0.671,-0.084,0.057,1.051,2,1131
513614700,-0.854,0.000,0.915,0.085,0.112,1.056,2,1131
513615214,-0.854,0.000,0.915,0.085,0.112,1.056,2,1131
513616700,-1.220,1.890,0.305,0.082,0.045,1.030,2,1131
513617202,-1.585,2.866,0.061,-0.002,-0.049,1.011,2,1131
513618700,-1.463,2.866,-0.061,-0.067,0.042,1.003,2,1131
513619202,-1.280,2.134,0.427,-0.077,-0.045,1.026,2,1131
513620700,-1.037,0.305,0.671,-0.026,0.013,1.042,2,1131
513621214,-1.037,0.305,0.671,-0.026,0.013,1.042,2,1131
513622700,-0.854,0.305,0.793,0.108,0.010,1.062,2,1131
513623208,-0.915,1.220,0.305,0.076,0.073,1.029,2,1131
513624729,-1.341,2.378,-0.305,0.063,-0.052,1.028,2,1131
513625242,-1.220,2.805,-0.488,-0.031,0.044,1.009,2,1131
513626499,-1.098,2.500,-0.122,-0.083,-0.049,1.000,2,1131
513627638,-1.098,0.732,0.610,-0.085,-0.014,1.037,2,1141
513628621,-0.915,0.122,1.098,-0.006,0.138,1.063,2,1141
513629638,-0.976,0.122,1.463,0.079,0.016,1.080,2,1141
513630584,-0.854,0.671,0.610,0.088,0.109,1.050,2,1141
513631640,-0.915,1.768,0.061,0.104,-0.067,1.037,2,1141
513632578,-0.915,2.866,-0.122,0.020,0.072,1.013,2,1141
513633640,-1.341,2.378,0.183,-0.132,0.066,0.998,2,1141
513634584,-1.098,1.402,0.488,-0.081,-0.044,1.039,2,1141
513635640,-0.976,0.488,0.732,-0.062,0.125,1.073,2,1141
513636653,-0.610,0.000,0.976,0.053,0.031,1.046,2,1141
513637177,-0.732,0.122,0.976,0.070,0.106,1.079,2,1141
513638705,-0.732,1.037,0.427,0.130,-0.007,1.057,2,1141
513639232,-1.280,2.256,0.000,0.063,0.057,1.022,2,1141
513640699,-1.098,2.805,0.000,-0.108,0.029,1.013,2,1141
513641217,-1.098,2.805,0.000,-0.108,0.029,1.013,2,1141
513642699,-1.037,1.280,0.793,-0.077,0.083,1.044,2,1141
513643217,-0.915,0.305,1.159,-0.019,0.029,1.047,2,1141
513644699,-0.854,0.061,1.402,0.060,0.104,1.087,2,1141
513645217,-1.098,0.427,0.915,0.122,0.009,1.051,2,1141
513646699,-1.402,2.378,-0.122,0.041,-0.049,1.039,2,1141
513647211,-1.402,2.378,-0.122,0.041,-0.049,1.039,2,1141
513648699,-1.037,2.683,0.244,-0.076,-0.051,1.016,2,1141
513649217,-1.037,2.683,0.244,-0.076,-0.051,1.016,2,1141
513650699,-0.671,0.366,0.610,-0.062,-0.018,1.069,2,1141
513651217,-0.793,0.183,0.976,0.006,0.120,1.061,2,1141
513652699,-0.610,0.366,1.037,0.107,0.013,1.079,2,1141
513653217,-0.793,1.341,0.732,0.116,0.104,1.051,2,1141
513654699,-1.220,2.927,-0.488,-0.035,0.012,1.016,2,1141
513655211,-1.220,2.927,-0.488,-0.035,0.012,1.016,2,1141
513656699,-1.280,2.317,0.183,-0.109,0.063,1.032,2,1141
513657218,-0.671,1.159,0.610,-0.086,-0.014,1.044,2,1141
513658699,-0.671,0.244,0.915,-0.048,0.068,1.051,2,1141
513659217,-0.732,0.000,0.854,0.067,0.048,1.090,2,1141
513660699,-1.098,1.463,0.305,0.111,-0.001,1.040,2,1141
513661216,-1.098,1.463,0.305,0.111,-0.001,1.040,2,1141
513662699,-1.524,3.049,-0.366,-0.052,-0.037,0.999,2,1141
513663217,-1.280,2.622,0.061,-0.081,0.047,1.006,2,1141
513664699,-0.976,1.646,0.366,-0.113,-0.005,1.030,2,1141
513665217,-0.671,0.793,0.488,-0.089,0.053,1.061,2,1141
513666699,-0.671,0.244,0.732,0.023,0.051,1.058,2,1141
513667217,-0.732,0.305,0.793,0.100,0.118,1.066,2,1141
513668699,-1.098,1.768,0.305,0.069,0.015,1.022,2,1141
513669217,-1.098,1.768,0.305,0.069,0.015,1.022,2,1141
513670699,-1.280,3.110,0.122,-0.062,0.033,0.983,2,1141
513671211,-1.220,2.012,0.427,-0.090,-0.025,1.025,2,1141
513672241,-0.854,1.159,0.671,-0.137,0.040,1.046,2,1141
513673640,-0.793,0.488,0.793,-0.029,0.023,1.032,2,1141
513674586,-0.854,-0.061,1.037,0.112,0.036,1.063,2,1141
513675641,-0.976,1.220,0.488,0.093,0.025,1.035,2,1141
513676746,-1.280,2.317,0.122,0.033,-0.028,1.037,2,1141
513677289,-1.341,2.988,-0.366,-0.022,0.015,1.013,2,1151
513678370,-1.280,2.561,0.122,-0.085,-0.009,0.995,2,1151
513679638,-0.854,1.585,0.427,-0.132,-0.004,1.038,2,1151
513680593,-0.793,0.549,0.793,-0.086,0.034,1.042,2,1151
513681638,-0.793,0.122,1.402,0.075,0.057,1.066,2,1151
513682576,-0.854,0.732,0.549,0.098,0.033,1.053,2,1151
513683638,-1.220,1.707,0.122,0.093,-0.004,1.037,2,1151
513684580,-1.220,2.622,-0.244,0.010,0.016,1.026,2,1151
513685638,-1.098,2.805,-0.122,-0.076,-0.030,0.994,2,1151
513686578,-0.915,2.256,-0.061,-0.120,0.027,1.014,2,1151
513687638,-0.976,0.122,0.671,-0.020,0.113,1.045,2,1151
513688585,-1.159,-0.183,1.463,0.067,0.045,1.088,2,1151
513689638,-0.976,0.366,0.732,0.084,0.073,1.068,2,1151
513690583,-1.098,1.402,0.061,0.106,-0.015,1.045,2,1151
513691638,-1.037,2.500,-0.122,0.068,0.053,1.042,2,1151
513692580,-1.098,3.110,0.000,-0.046,-0.056,0.978,2,1151
513693638,-1.037,2.622,-0.305,-0.109,0.016,1.020,2,1151
513694580,-1.159,1.890,0.122,-0.115,-0.032,1.021,2,1151
513695638,-0.915,0.000,1.159,0.016,0.049,1.053,2,1151
513696576,-0.854,-0.183,0.854,0.063,0.087,1.062,2,1151
513697638,-0.976,0.732,0.549,0.102,0.015,1.060,2,1151
513698576,-0.915,1.768,0.061,0.107,0.054,1.039,2,1151
513699638,-1.159,2.744,-0.061,0.000,-0.044,1.019,2,1151
513700582,-1.159,2.622,-0.549,-0.086,-0.004,1.011,2,1151
513701638,-1.037,1.463,0.305,-0.073,0.071,1.043,2,1151
513702581,-1.159,0.610,1.220,-0.049,0.032,1.042,2,1151
513703638,-0.610,0.000,1.280,0.036,0.088,1.086,2,1151
513704575,-1.098,0.549,0.976,0.112,0.021,1.072,2,1151
513705638,-0.915,1.098,0.549,0.125,0.091,1.036,2,1151
513706576,-1.341,2.378,0.488,0.054,-0.038,1.025,2,1151
513707638,-1.585,3.354,-0.366,-0.064,-0.014,1.011,2,1151
513708584,-0.915,1.829,0.061,-0.112,0.069,1.010,2,1151
513709638,-1.098,0.793,0.732,-0.069,0.018,1.038,2,1151
513710575,-0.732,0.000,1.037,-0.005,0.072,1.076,2,1151
513711638,-0.488,0.366,1.159,0.089,0.045,1.070,2,1151
513712570,-0.610,1.098,0.305,0.120,0.101,1.042,2,1151
513713638,-0.854,2.134,0.000,0.109,-0.012,1.022,2,1151
513714571,-1.159,2.805,-0.305,-0.023,-0.012,1.040,2,1151
513715638,-1.220,2.317,0.305,-0.088,0.051,1.016,2,1151
513716592,-1.159,1.220,0.671,-0.108,0.018,1.029,2,1151
513717638,-0.915,-0.183,0.976,-0.042,0.054,1.052,2,1151
513718576,-0.915,-0.244,1.037,0.055,0.061,1.085,2,1151
513719638,-0.976,0.244,0.549,0.130,0.083,1.065,2,1151
513720576,-1.037,1.220,0.244,0.102,0.038,1.032,2,1151
513721638,-1.220,3.049,-0.488,-0.064,-0.026,1.005,2,1151
513722580,-1.159,2.500,-0.183,-0.061,0.035,0.985,2,1151
513723638,-1.159,1.646,0.427,-0.122,0.014,1.022,2,1151
513724588,-0.671,0.488,0.610,-0.076,0.040,1.060,2,1151
513725639,-0.976,0.122,0.854,0.029,0.056,1.061,2,1151
513726741,-0.915,0.183,0.915,0.103,0.102,1.072,2,1151
513727285,-1.159,0.549,0.854,0.118,0.024,1.054,2,1161
513728347,-1.341,1.707,0.000,0.059,-0.013,1.035,2,1161
513729638,-1.098,3.171,-0.183,-0.062,0.028,0.982,2,1161
513730584,-1.098,2.439,0.488,-0.100,-0.014,1.008,2,1161
513731640,-0.854,1.098,0.671,-0.120,0.025,1.051,2,1161
513732585,-0.610,0.305,1.098,-0.026,0.047,1.047,2,1161
513733640,-0.305,-0.122,1.220,0.090,0.103,1.078,2,1161
513734580,-0.915,0.244,1.159,0.107,0.066,1.045,2,1161
513735640,-1.159,2.805,-0.244,0.021,0.003,0.997,2,1161
513736577,-1.037,3.171,-0.305,-0.036,-0.008,1.002,2,1161
513737640,-1.341,3.049,0.061,-0.106,0.027,0.992,2,1161
513738571,-1.037,1.707,0.427,-0.121,-0.032,1.039,2,1161
513739640,-0.976,0.732,0.915,-0.081,0.081,1.048,2,1161
513740579,-1.037,-0.366,1.159,0.074,0.054,1.061,2,1161
513741640,-0.976,-0.183,1.037,0.080,0.105,1.088,2,1161
513742575,-1.098,2.317,0.000,0.073,0.027,1.022,2,1161
513743640,-1.341,2.927,-0.366,0.011,-0.031,1.001,2,1161
513744571,-1.585,3.171,-0.061,-0.108,0.024,1.013,2,1161
513745640,-1.402,2.195,0.000,-0.122,-0.048,1.010,2,1161
513746580,-1.402,1.280,0.610,-0.104,0.077,1.029,2,1161
513747640,-1.159,0.122,0.976,0.019,0.058,1.067,2,1161
513748579,-0.976,0.061,1.098,0.062,0.089,1.068,2,1161
513749640,-1.098,2.012,0.122,0.101,0.063,1.051,2,1161
513750667,-1.220,2.744,-0.427,0.019,-0.031,1.009,2,1161
513751193,-1.220,2.744,-0.427,0.019,-0.031,1.009,2,1161
513752699,-1.341,2.500,0.000,-0.125,-0.065,0.999,2,1161
513753216,-1.220,1.402,0.366,-0.119,0.085,1.026,2,1161
513754700,-0.854,0.183,1.037,-0.026,0.009,1.044,2,1161
513755207,-0.549,-0.305,1.341,0.045,0.118,1.076,2,1161
513756699,-1.159,1.341,0.305,0.128,0.104,1.038,2,1161
513757216,-1.159,1.341,0.305,0.128,0.104,1.038,2,1161
513758699,-1.280,3.476,-0.427,-0.044,0.033,1.003,2,1161
513759212,-1.280,3.171,-0.183,-0.089,-0.076,1.005,2,1161
513760699,-1.402,2.256,0.122,-0.130,0.092,1.010,2,1161
513761218,-1.220,1.159,0.671,-0.062,-0.026,1.032,2,1161
513762699,-1.037,-0.305,1.220,0.091,-0.008,1.067,2,1161
513763216,-1.037,-0.305,1.220,0.091,-0.008,1.067,2,1161
513764699,-1.098,1.890,0.366,0.111,-0.037,1.013,2,1161
513765216,-1.098,1.890,0.366,-0.022,0.030,1.031,2,1161
513766699,-1.341,3.232,-0.366,-0.087,-0.079,0.978,2,1161
513767216,-1.402,2.317,0.000,-0.110,0.075,1.016,2,1161
513768699,-1.098,1.098,0.671,-0.083,0.000,1.021,2,1161
513769216,-0.671,-0.061,0.854,-0.037,0.097,1.052,2,1161
513770700,-0.732,0.244,0.732,0.124,0.103,1.062,2,1161
513771217,-0.732,0.244,0.732,0.124,0.103,1.062,2,1161
513772240,-1.280,2.378,-0.183,0.042,0.001,1.023,2,1161
513773640,-1.341,3.354,-0.549,-0.073,-0.064,1.010,2,1161
513774665,-1.037,2.805,-0.244,-0.089,0.039,1.005,2,1161
513775180,-1.280,1.951,0.793,-0.127,-0.002,1.006,2,1161
513776437,-0.732,0.427,0.915,-0.048,0.069,1.079,2,1161
513777639,-0.671,0.000,0.976,0.115,0.111,1.081,2,1170
513778619,-0.976,1.098,0.732,0.116,0.032,1.048,2,1170
513779638,-0.976,1.829,-0.122,0.076,0.012,1.056,2,1170
513780576,-1.280,3.232,-0.183,-0.054,-0.062,1.004,2,1170
513781638,-1.037,3.110,-0.610,-0.062,0.036,0.993,2,1170
513782588,-1.159,2.561,0.305,-0.117,-0.005,1.008,2,1170
513783638,-0.976,0.244,0.976,-0.001,0.038,1.071,2,1170
513784576,-0.671,-0.244,0.793,0.093,0.106,1.059,2,1170
513785638,-0.854,0.427,0.976,0.114,0.035,1.068,2,1170
513786583,-0.976,1.646,-0.061,0.104,0.024,1.070,2,1170
513787638,-1.341,2.866,-0.244,0.008,-0.036,1.014,2,1170
513788576,-1.159,3.049,-0.488,-0.064,0.014,0.979,2,1170
513789638,-1.037,1.341,0.366,-0.123,0.021,1.044,2,1170
513790580,-1.159,0.427,0.854,-0.040,0.045,1.020,2,1170
513791638,-0.915,-0.122,0.915,0.082,0.098,1.093,2,1170
513792576,-1.037,0.305,0.915,0.094,0.068,1.053,2,1170
513793638,-0.976,0.976,0.244,0.120,-0.005,1.087,2,1170
513794580,-1.402,2.439,0.122,0.022,0.011,1.006,2,1170
513795638,-1.341,3.049,-0.427,-0.012,-0.057,1.025,2,1170
513796576,-1.341,3.537,0.122,-0.129,0.049,0.974,2,1170
513797638,-1.098,0.854,1.037,-0.089,0.099,1.039,2,1170
513798580,-0.488,-0.122,0.915,0.071,0.019,1.041,2,1170
513799638,-0.610,0.000,1.220,0.071,0.135,1.073,2,1170
513800568,-0.915,0.366,0.366,0.146,-0.030,1.087,2,1170
513801638,-1.280,2.134,0.366,0.056,0.069,1.033,2,1170
513802584,-0.732,2.805,-0.183,0.010,-0.090,0.997,2,1170
513803638,-1.280,2.256,-0.061,-0.107,-0.057,1.020,2,1170
513804580,-1.402,1.402,0.793,-0.102,0.104,1.021,2,1170
513805638,-0.610,-0.061,0.976,0.010,0.009,1.068,2,1170
513806577,-0.732,0.061,1.220,0.051,0.146,1.064,2,1170
513807638,-0.793,0.366,0.793,0.134,-0.021,1.089,2,1170
513808576,-1.220,1.524,0.671,0.101,0.097,1.051,2,1170
513809638,-1.341,2.622,0.000,0.015,-0.102,1.023,2,1170
513810572,-1.280,3.354,-0.244,-0.083,0.062,0.988,2,1170
513811638,-1.098,1.646,0.610,-0.105,0.114,1.048,2,1170
513812679,-0.976,0.366,1.220,-0.051,-0.028,1.020,2,1170
513813213,-0.793,-0.183,1.098,0.054,0.166,1.073,2,1170
513814700,-0.793,0.183,1.037,0.117,-0.021,1.081,2,1170
513815202,-1.037,1.098,0.244,0.116,0.133,1.058,2,1170
513816700,-1.098,3.171,-0.549,-0.059,0.064,1.011,2,1170
513817202,-1.098,3.171,-0.549,-0.059,0.064,1.011,2,1170
513818700,-0.854,1.707,0.122,-0.125,0.084,1.018,2,1170
513819202,-0.854,1.707,0.122,-0.125,0.084,1.018,2,1170
513820700,-0.549,-0.366,0.610,0.022,0.136,1.060,2,1170
513821213,-0.488,-0.305,1.280,0.106,0.021,1.077,2,1170
513822700,-0.610,0.488,0.854,0.129,0.103,1.072,2,1170
513823214,-1.159,1.951,0.366,0.078,-0.067,1.022,2,1170
513824700,-1.402,3.537,-0.183,-0.065,-0.052,0.987,2,1170
513825244,-1.402,3.537,-0.183,-0.065,-0.052,0.987,2,1170
513826512,-1.159,1.402,0.915,-0.101,-0.022,1.004,2,1170
513827638,-0.976,0.061,1.098,0.001,0.088,1.078,2,1180
513828673,-0.854,-0.061,1.220,0.083,0.069,1.053,2,1180
513829200,-0.671,0.305,0.549,0.121,0.073,1.083,2,1180
513830702,-1.220,2.744,-0.244,-0.004,-0.024,1.038,2,1180
513831209,-1.220,2.744,-0.244,-0.004,-0.024,1.038,2,1180
513832699,-1.341,2.622,0.000,-0.101,-0.002,1.031,2,1180
513833212,-1.341,2.622,0.000,-0.101,-0.002,1.031,2,1180
513834702,-0.793,0.305,0.793,-0.019,0.045,1.043,2,1180
513835215,-0.671,-0.122,1.402,0.056,0.102,1.076,2,1180
513836699,-0.488,0.061,0.976,0.132,0.067,1.063,2,1180
513837212,-1.098,1.646,0.793,0.089,0.031,1.049,2,1180
513838699,-1.402,3.354,-0.305,-0.060,0.000,0.997,2,1180
513839212,-1.402,3.354,-0.305,-0.060,0.000,0.997,2,1180
513840700,-1.220,2.012,0.610,-0.148,0.014,1.028,2,1180
513841217,-0.793,0.488,0.732,-0.057,0.038,1.045,2,1180
513842699,-0.793,-0.061,1.159,0.042,0.114,1.054,2,1180
513843218,-0.488,-0.549,1.220,0.101,0.052,1.070,2,1180
513844699,-1.341,2.134,0.244,0.070,-0.014,1.049,2,1180
513845218,-1.341,2.134,0.244,0.070,-0.014,1.049,2,1180
513846699,-1.646,3.049,-0.183,-0.100,-0.023,1.006,2,1180
513847212,-1.524,2.500,0.000,-0.127,0.001,1.023,2,1180
513848699,-1.220,1.341,0.488,-0.096,0.026,1.029,2,1180
513849209,-0.732,0.000,1.280,0.042,0.100,1.065,2,1180
513850699,-0.610,0.427,0.854,0.117,0.048,1.075,2,1180
513851212,-0.610,0.427,0.854,0.117,0.048,1.075,2,1180
513852699,-1.463,2.866,-0.183,0.009,0.005,1.018,2,1180
513853210,-1.463,2.866,-0.183,0.009,0.005,1.018,2,1180
513854699,-1.402,2.744,0.000,-0.126,-0.007,1.004,2,1180
513855218,-0.976,1.341,0.610,-0.116,0.031,1.032,2,1180
513856699,-0.671,0.122,0.915,-0.010,0.084,1.037,2,1180
513857218,-0.671,-0.183,1.220,0.061,0.067,1.082,2,1180
513858699,-1.159,1.463,0.427,0.121,0.032,1.066,2,1180
513859209,-1.159,1.463,0.427,0.121,0.032,1.066,2,1180
513860699,-1.098,3.354,-0.244,-0.078,-0.022,1.013,2,1180
513861209,-1.220,2.988,-0.122,-0.116,-0.022,1.010,2,1180
513862699,-1.341,1.890,0.427,-0.104,0.050,1.017,2,1180
513863216,-1.037,0.122,1.098,-0.043,0.033,1.041,2,1180
513864699,-0.854,-0.183,1.220,0.109,0.028,1.078,2,1180
513865216,-0.854,-0.183,1.220,0.109,0.028,1.078,2,1180
513866699,-1.220,2.073,0.366,0.064,-0.055,1.046,2,1180
513867212,-1.220,2.073,0.366,0.064,-0.055,1.046,2,1180
513868699,-1.220,3.293,-0.183,-0.095,-0.060,1.008,2,1180
513869212,-0.976,2.378,0.244,-0.103,0.068,1.017,2,1180
513870699,-0.854,1.037,0.854,-0.059,-0.005,1.030,2,1180
513871216,-0.610,0.000,0.854,0.001,0.097,1.047,2,1180
513872699,-0.671,0.427,0.915,0.130,0.105,1.072,2,1180
513873216,-0.671,0.427,0.915,0.130,0.105,1.072,2,1180
513874699,-1.037,2.866,-0.183,-0.035,0.012,1.023,2,1180
513875239,-0.976,3.354,-0.305,-0.086,-0.052,0.999,2,1180
513876505,-1.159,2.439,0.122,-0.120,0.054,1.021,2,1180
513877639,-0.732,1.220,0.549,-0.100,0.003,1.006,2,1190
513878626,-0.732,-0.183,1.159,0.080,0.064,1.066,2,1190
513879143,-0.732,-0.183,1.159,0.080,0.064,1.066,2,1190
513880701,-0.915,1.463,0.366,0.086,0.013,1.026,2,1190
513881208,-0.976,2.622,-0.427,-0.007,-0.047,1.044,2,1190
513882700,-1.341,3.476,-0.488,-0.074,0.004,0.979,2,1190
513883208,-1.280,2.744,-0.061,-0.093,-0.016,1.018,2,1190
513884700,-0.793,0.366,0.671,-0.023,0.011,1.045,2,1190
513885209,-0.793,0.366,0.671,-0.023,0.011,1.045,2,1190
513886700,-0.610,-0.305,0.976,0.140,0.025,1.066,2,1190
513887214,-0.610,-0.305,0.976,0.140,0.025,1.066,2,1190
513888700,-1.098,2.439,-0.061,0.020,-0.072,1.022,2,1190
513889209,-1.341,3.598,-0.244,-0.061,0.029,1.002,2,1190
513890700,-1.402,3.049,0.061,-0.086,-0.038,0.998,2,1190
513891209,-1.341,2.134,0.732,-0.155,0.034,1.019,2,1190
513892700,-0.854,-0.488,1.402,0.054,0.137,1.071,2,1190
513893208,-0.854,-0.488,1.402,0.054,0.137,1.071,2,1190
513894700,-0.976,0.549,0.671,0.105,0.052,1.063,2,1190
513895214,-1.159,2.073,-0.061,0.052,-0.057,1.042,2,1190
513896700,-1.402,3.537,-0.061,-0.033,0.029,1.001,2,1190
513897207,-1.524,3.232,0.122,-0.095,-0.035,0.993,2,1190
513898700,-1.098,0.976,0.610,-0.076,-0.000,1.028,2,1190
513899209,-1.098,0.976,0.610,-0.076,-0.000,1.028,2,1190
513900701,-1.098,-0.122,1.159,0.086,0.046,1.079,2,1190
513901209,-1.098,-0.122,1.159,0.086,0.046,1.079,2,1190
513902700,-1.646,2.134,0.366,0.063,-0.023,1.036,2,1190
513903214,-1.585,3.171,-0.183,0.002,0.007,0.996,2,1190
513904700,-1.890,3.415,0.000,-0.103,-0.032,1.009,2,1190
513905208,-1.280,2.500,-0.122,-0.129,0.009,1.027,2,1190
513906700,-0.854,0.061,0.915,0.054,0.086,1.048,2,1190
513907209,-0.854,0.061,0.915,0.054,0.086,1.048,2,1190
513908700,-1.037,0.122,0.610,0.115,0.042,1.088,2,1190
513909209,-1.220,1.890,0.305,0.096,0.016,1.035,2,1190
513910700,-1.220,2.744,-0.244,0.017,-0.010,1.025,2,1190
513911208,-1.159,3.659,-0.122,-0.113,-0.015,0.987,2,1190
513912700,-1.159,1.829,0.427,-0.094,0.055,1.018,2,1190
513913214,-1.159,1.829,0.427,-0.094,0.055,1.018,2,1190
513914700,-0.610,-0.488,1.037,0.067,0.085,1.060,2,1190
513915209,-0.671,0.183,0.793,0.122,0.025,1.077,2,1190
513916700,-1.037,1.402,0.427,0.110,0.070,1.052,2,1190
513917208,-1.402,2.683,0.061,0.018,-0.039,1.029,2,1190
513918700,-1.341,3.049,-0.183,-0.141,-0.037,0.996,2,1190
513919209,-1.341,3.049,-0.183,-0.141,-0.037,0.996,2,1190
513920700,-1.159,0.122,0.732,-0.035,0.030,1.045,2,1190
513921209,-1.159,0.122,0.732,-0.035,0.030,1.045,2,1190
513922700,-1.280,0.061,1.037,0.099,0.041,1.046,2,1190
513923209,-1.341,1.037,0.183,0.149,0.055,1.075,2,1190
513924700,-1.402,2.500,0.122,0.006,-0.029,1.026,2,1190
513925241,-1.341,2.988,-0.549,-0.064,-0.031,1.023,2,1190
513926481,-1.524,3.232,-0.244,-0.122,0.008,0.978,2,1190
513927639,-0.915,0.488,1.098,-0.063,0.061,1.042,2,1200
513928623,-0.671,-0.854,1.220,0.052,0.046,1.080,2,1200
513929638,-0.854,-0.305,1.037,0.112,0.093,1.084,2,1200
513930583,-1.037,0.549,0.671,0.135,0.040,1.041,2,1200
513931640,-1.463,2.073,0.061,0.052,-0.001,1.046,2,1200
513932629,-1.463,3.049,-0.549,-0.093,0.023,0.979,2,1200
513933157,-1.220,3.354,-0.305,-0.093,0.023,0.979,2,1200
513934703,-0.732,0.549,0.549,-0.064,0.073,1.046,2,1200
513935221,-0.732,0.549,0.549,-0.064,0.073,1.046,2,1200
513936699,-0.671,-0.244,0.854,0.131,0.114,1.079,2,1200
513937217,-1.037,0.732,0.915,0.112,0.031,1.039,2,1200
513938699,-1.098,2.134,0.366,0.068,0.015,1.061,2,1200
513939210,-1.585,3.537,-0.183,-0.071,-0.057,1.000,2,1200
513940699,-1.159,2.378,0.122,-0.142,-0.012,0.991,2,1200
513941217,-1.159,2.378,0.122,-0.142,-0.012,0.991,2,1200
513942699,-0.915,0.000,1.159,0.003,0.050,1.034,2,1200
513943211,-0.610,-0.671,0.915,0.142,0.083,1.087,2,1200
513944700,-0.915,0.305,0.671,0.119,0.059,1.065,2,1200
513945213,-0.915,1.402,0.061,0.081,-0.019,1.061,2,1200
513946699,-1.280,3.354,-0.366,-0.059,-0.019,1.012,2,1200
513947211,-1.280,3.354,-0.366,-0.059,-0.019,1.012,2,1200
513948699,-1.280,1.341,0.183,-0.091,-0.011,1.046,2,1200
513949210,-1.341,0.061,1.037,0.005,0.124,1.076,2,1200
513950699,-1.220,-0.610,1.159,0.108,0.044,1.065,2,1200
513951211,-1.280,0.366,0.915,0.125,0.098,1.066,2,1200
513952699,-1.098,3.171,-0.366,-0.000,0.069,1.030,2,1200
513953209,-1.098,3.171,-0.366,-0.000,0.069,1.030,2,1200
513954700,-1.098,3.110,-0.244,-0.125,0.070,0.992,2,1200
513955218,-1.098,3.110,-0.244,-0.125,0.070,0.992,2,1200
513956699,-0.976,0.000,0.915,0.007,0.162,1.073,2,1200
513957211,-0.976,-0.488,1.280,0.075,0.006,1.057,2,1200
513958699,-0.671,-0.183,0.610,0.134,0.125,1.091,2,1200
513959217,-1.098,1.280,0.488,0.076,-0.053,1.035,2,1200
513960699,-1.220,3.659,-0.183,-0.093,-0.063,0.980,2,1200
513961211,-1.220,3.659,-0.183,-0.093,-0.063,0.980,2,1200
513962699,-1.098,1.951,0.549,-0.141,-0.019,0.996,2,1200
513963211,-0.671,0.305,0.793,0.021,0.093,1.059,2,1200
513964699,-0.976,0.000,1.280,0.051,0.068,1.059,2,1200
513965217,-0.793,-0.366,0.732,0.128,0.061,1.099,2,1200
513966699,-1.341,2.500,-0.244,0.031,-0.048,1.038,2,1200
513967217,-1.341,2.500,-0.244,0.031,-0.048,1.038,2,1200
513968699,-1.220,2.805,-0.122,-0.114,-0.066,1.021,2,1200
513969217,-1.220,2.805,-0.122,-0.114,-0.066,1.021,2,1200
513970699,-0.915,0.183,0.976,-0.034,-0.023,1.036,2,1200
513971218,-0.488,-0.488,1.280,0.054,0.162,1.069,2,1200
513972699,-0.610,-0.244,0.976,0.129,-0.025,1.066,2,1200
513973217,-1.098,0.976,0.427,0.124,0.131,1.097,2,1200
513974728,-1.341,3.415,-0.305,-0.030,0.051,1.011,2,1200
513975240,-1.341,3.415,-0.305,-0.030,0.051,1.011,2,1200
513976501,-0.732,2.195,0.183,-0.102,0.098,1.035,2,1200
513977639,-0.976,0.732,1.037,-0.065,-0.016,1.017,2,1209
513978632,-0.793,-0.732,0.915,0.076,0.132,1.081,2,1209
513979149,-1.037,-0.305,1.159,0.107,0.015,1.050,2,1209
513980701,-1.524,2.378,0.366,0.018,-0.036,1.018,2,1209
513981208,-1.524,2.378,0.366,0.018,-0.036,1.018,2,1209
513982700,-1.768,3.841,-0.122,-0.126,-0.004,0.968,2,1209
513983208,-1.402,2.256,0.000,-0.125,0.005,1.015,2,1209
513984700,-0.915,1.037,0.732,-0.079,0.061,1.036,2,1209
513985208,-0.610,-0.610,0.976,0.062,0.046,1.083,2,1209
513986700,-0.549,0.427,0.915,0.133,-0.016,1.055,2,1209
513987202,-0.549,0.427,0.915,0.133,-0.016,1.055,2,1209
513988700,-1.159,3.171,-0.122,-0.056,-0.077,1.028,2,1209
513989202,-1.159,3.171,-0.122,-0.056,-0.077,1.028,2,1209
513990700,-0.854,2.317,0.122,-0.133,-0.072,1.007,2,1209
513991208,-0.610,0.915,0.610,-0.062,0.115,1.023,2,1209
513992700,-0.488,-0.244,1.098,0.035,-0.003,1.049,2,1209
513993210,-0.610,-0.305,1.098,0.109,0.145,1.115,2,1209
513994700,-0.976,1.707,0.244,0.068,0.053,1.059,2,1209
513995214,-0.976,1.707,0.244,0.068,0.053,1.059,2,1209
513996700,-1.220,3.659,-0.122,-0.077,0.050,1.006,2,1209
513997207,-1.280,2.866,0.427,-0.142,-0.053,0.997,2,1209
513998700,-0.976,0.915,0.366,-0.061,0.075,1.057,2,1209
513999202,-1.341,0.122,1.220,0.028,0.038,1.021,2,1209
514000700,-1.159,0.427,0.854,0.107,0.032,1.082,2,1209
514001214,-1.159,0.427,0.854,0.107,0.032,1.082,2,1209
514002700,-1.585,3.171,0.000,-0.039,-0.014,0.968,2,1209
514003214,-1.585,3.171,0.000,-0.039,-0.014,0.968,2,1209
514004700,-1.463,2.988,-0.122,-0.151,0.023,1.008,2,1209
514005214,-0.976,1.220,0.305,-0.074,0.009,1.044,2,1209
514006700,-1.220,0.000,1.098,0.028,0.117,1.039,2,1209
514007202,-0.915,-0.732,1.098,0.087,0.026,1.062,2,1209
514008700,-1.220,1.890,0.183,0.084,-0.038,1.073,2,1209
514009202,-1.220,1.890,0.183,0.084,-0.038,1.073,2,1209
514010700,-1.280,3.415,-0.427,-0.093,-0.085,0.994,2,1209
514011202,-1.037,2.927,-0.061,-0.121,0.050,0.995,2,1209
514012700,-0.976,1.280,0.488,-0.099,-0.008,1.020,2,1209
514013202,-0.732,-0.122,0.976,0.035,0.121,1.072,2,1209
514014700,-0.976,-0.061,0.854,0.143,0.078,1.074,2,1209
514015202,-0.976,-0.061,0.854,0.143,0.078,1.074,2,1209
514016700,-1.341,2.927,-0.244,-0.020,-0.010,1.037,2,1209
514017202,-1.585,3.780,-0.305,-0.127,-0.020,1.010,2,1209
514018700,-0.915,2.927,-0.122,-0.115,0.008,1.007,2,1209
514019214,-0.793,1.646,0.488,-0.085,0.048,1.008,2,1209
514020700,-0.793,-0.671,1.037,0.076,0.083,1.075,2,1209
514021202,-0.793,-0.671,1.037,0.076,0.083,1.075,2,1209
514022700,-1.220,1.402,0.488,0.108,0.044,1.041,2,1209
514023214,-1.220,1.402,0.488,0.108,0.044,1.041,2,1209
514024700,-1.646,4.024,-0.366,-0.091,0.005,1.019,2,1209
514025237,-1.524,3.110,-0.061,-0.115,0.014,1.000,2,1209
514026463,-1.098,1.585,0.244,-0.082,0.033,1.032,2,1209
514027638,-0.854,0.122,0.854,-0.042,0.038,1.040,2,1219
514028614,-0.976,0.000,0.976,0.126,0.077,1.081,2,1219
514029638,-1.159,1.098,0.793,0.098,0.007,1.072,2,1219
514030575,-1.707,2.744,0.427,-0.031,-0.015,0.992,2,1219
514031640,-1.524,3.476,-0.244,-0.069,-0.033,1.012,2,1219
514032585,-1.646,3.232,0.061,-0.136,0.043,1.007,2,1219
514033640,-1.280,1.463,0.183,-0.091,-0.001,1.024,2,1219
514034579,-0.915,0.061,0.854,-0.022,0.088,1.039,2,1219
514035640,-1.220,-0.183,0.976,0.131,0.109,1.068,2,1219
514036582,-1.220,0.976,0.305,0.084,-0.031,1.045,2,1219
514037640,-1.341,2.561,-0.305,-0.014,0.015,1.042,2,1219
514038580,-1.341,3.598,-0.488,-0.066,-0.042,0.992,2,1219
514039640,-1.341,3.110,0.183,-0.113,0.036,1.003,2,1219
514040583,-0.854,1.524,0.610,-0.121,-0.009,1.002,2,1219
514041640,-0.671,-0.793,1.037,0.094,0.090,1.058,2,1219
514042579,-0.610,-0.488,0.793,0.135,0.052,1.073,2,1219
514043640,-1.037,0.854,0.488,0.078,0.021,1.045,2,1219
514044583,-1.402,2.317,-0.122,0.000,-0.032,1.043,2,1219
514045640,-1.220,3.354,-0.305,-0.065,0.021,1.003,2,1219
514046575,-1.037,2.988,0.183,-0.126,-0.037,1.003,2,1219
514047640,-0.732,1.829,0.366,-0.125,0.043,0.999,2,1219
514048586,-1.037,0.183,0.854,0.006,0.037,1.057,2,1219
514049640,-0.671,-0.549,1.098,0.116,0.031,1.079,2,1219
514050575,-0.854,0.915,0.427,0.088,0.024,1.043,2,1219
514051640,-1.098,2.561,0.244,0.003,-0.023,1.037,2,1219
514052577,-1.341,3.476,-0.183,-0.072,0.021,1.016,2,1219
514053640,-1.220,3.354,-0.061,-0.144,-0.038,1.005,2,1219
514054580,-0.976,2.134,0.061,-0.133,0.035,1.005,2,1219
514055640,-0.671,-0.366,1.341,0.086,0.090,1.076,2,1219
514056575,-0.732,-0.244,0.854,0.107,0.046,1.072,2,1219
514057640,-1.098,0.915,0.305,0.100,0.002,1.065,2,1219
514058573,-1.402,2.744,0.183,0.016,0.020,1.032,2,1219
514059640,-1.220,3.537,-0.061,-0.083,-0.038,1.012,2,1219
514060579,-1.159,3.171,-0.061,-0.143,0.003,1.004,2,1219
514061640,-0.976,1.646,0.244,-0.115,-0.010,1.003,2,1219
514062579,-0.854,-0.671,1.463,0.063,0.038,1.064,2,1219
514063640,-0.671,-0.549,0.671,0.126,0.083,1.090,2,1219
514064575,-1.159,0.976,0.488,0.103,0.004,1.048,2,1219
514065640,-1.220,2.439,0.183,0.038,0.025,1.036,2,1219
514066583,-1.037,3.476,-0.061,-0.104,-0.045,1.000,2,1219
514067640,-1.159,3.110,-0.183,-0.114,0.004,1.013,2,1219
514068580,-1.159,2.134,0.305,-0.110,0.033,1.002,2,1219
514069640,-0.793,-0.183,0.976,0.060,0.064,1.060,2,1219
514070584,-0.854,-0.305,0.488,0.137,0.034,1.093,2,1219
514071640,-1.341,1.159,0.488,0.104,0.058,1.042,2,1219
514072579,-1.341,2.378,-0.305,0.018,-0.032,1.032,2,1219
514073640,-1.463,3.841,-0.549,-0.109,0.019,1.022,2,1219
514074587,-1.341,3.232,-0.305,-0.126,-0.040,0.997,2,1219
514075640,-0.732,0.427,0.732,-0.033,0.027,1.048,2,1219
514076739,-0.854,-0.549,1.037,0.083,0.098,1.098,2,1219
514077277,-0.854,-0.549,1.037,0.083,0.098,1.098,2,1229
514078347,-1.280,0.976,0.305,0.132,0.045,1.059,2,1229
514079638,-1.707,2.561,0.244,-0.037,-0.037,1.010,2,1229
514080580,-1.402,3.293,-0.122,-0.082,-0.022,1.042,2,1229
514081638,-1.402,3.171,0.183,-0.140,0.025,0.998,2,1229
514082584,-0.732,1.463,0.549,-0.071,0.011,1.015,2,1229
514083638,-0.366,-0.732,0.854,0.117,0.037,1.080,2,1229
514084576,-0.976,-0.122,0.854,0.132,0.116,1.074,2,1229
514085638,-1.037,0.671,0.427,0.124,-0.035,1.062,2,1229
514086584,-1.220,2.683,0.061,-0.042,0.021,1.030,2,1229
514087638,-1.463,3.476,-0.427,-0.083,-0.076,0.992,2,1229
514088581,-1.402,3.537,0.061,-0.130,0.080,1.001,2,1229
514089638,-0.671,0.183,0.732,-0.019,0.094,1.062,2,1229
514090641,-0.732,-0.854,0.915,0.094,0.045,1.052,2,1229
514091157,-0.732,-0.854,0.915,0.094,0.045,1.052,2,1229
514092711,-1.159,0.488,0.427,0.091,-0.002,1.048,2,1229
514093231,-1.463,2.256,0.061,-0.009,-0.021,1.073,2,1229
514094701,-1.524,3.476,-0.122,-0.078,0.007,1.000,2,1229
514095215,-0.915,3.049,0.000,-0.105,-0.005,0.988,2,1229
514096701,-0.610,0.244,0.732,0.005,0.021,1.068,2,1229
514097216,-0.610,0.244,0.732,0.005,0.021,1.068,2,1229
514098700,-0.793,-0.305,1.037,0.130,0.024,1.082,2,1229
514099214,-1.220,0.976,0.488,0.075,0.047,1.058,2,1229
514100700,-1.585,2.500,-0.122,-0.012,-0.065,1.013,2,1229
514101208,-1.707,3.354,-0.244,-0.069,0.059,1.014,2,1229
514102700,-1.159,1.646,0.488,-0.112,0.056,1.023,2,1229
514103202,-1.159,1.646,0.488,-0.112,0.056,1.023,2,1229
514104700,-0.732,-0.488,1.220,0.117,0.123,1.072,2,1229
514105208,-0.732,-0.488,1.220,0.117,0.123,1.072,2,1229
514106700,-1.037,0.976,0.366,0.071,0.025,1.089,2,1229
514107214,-1.280,2.866,0.000,-0.009,-0.012,1.014,2,1229
514108700,-1.037,3.598,-0.122,-0.071,0.013,0.999,2,1229
514109214,-0.976,3.110,0.061,-0.133,-0.015,0.999,2,1229
514110700,-0.549,0.244,0.793,0.038,0.080,1.047,2,1229
514111214,-0.549,0.244,0.793,0.038,0.080,1.047,2,1229
514112700,-0.976,-0.183,0.976,0.137,0.032,1.066,2,1229
514113214,-1.220,1.220,0.549,0.058,0.015,1.083,2,1229
514114700,-1.463,2.744,-0.183,0.005,-0.011,1.029,2,1229
514115214,-1.707,3.537,-0.366,-0.127,-0.010,1.001,2,1229
514116700,-0.976,1.707,0.488,-0.109,0.069,1.008,2,1229
514117208,-0.976,1.707,0.488,-0.109,0.069,1.008,2,1229
514118700,-0.854,-0.610,1.037,0.064,0.108,1.075,2,1229
514119202,-0.671,-0.488,0.732,0.144,-0.003,1.074,2,1229
514120700,-1.159,1.402,0.366,0.084,0.070,1.061,2,1229
514121214,-1.646,2.744,-0.244,-0.010,-0.075,1.016,2,1229
514122700,-1.890,3.720,-0.366,-0.126,-0.050,0.996,2,1229
514123202,-1.463,2.988,0.000,-0.126,-0.050,0.996,2,1229
514124728,-0.854,0.183,0.915,0.009,0.028,1.023,2,1229
514125238,-0.854,0.183,0.915,0.009,0.028,1.023,2,1229
514126485,-0.915,-0.183,0.976,0.115,0.038,1.047,2,1229
514127638,-1.402,1.280,0.610,0.103,0.008,1.081,2,1239
514128621,-1.463,2.866,0.183,-0.060,0.009,0.996,2,1239
514129638,-1.402,3.415,-0.183,-0.098,-0.072,1.022,2,1239
514130581,-0.915,1.463,0.793,-0.061,-0.037,1.018,2,1239
514131640,-0.732,0.305,1.280,0.021,0.138,1.044,2,1239
514132575,-0.854,-0.671,1.037,0.117,-0.038,1.082,2,1239
514133640,-0.793,0.061,0.732,0.136,0.152,1.068,2,1239
514134581,-0.976,1.402,0.549,0.064,-0.075,1.035,2,1239
514135640,-1.037,2.622,-0.244,-0.044,0.056,1.053,2,1239
514136587,-1.463,3.354,-0.183,-0.130,-0.077,0.971,2,1239
514137640,-0.793,1.524,0.732,-0.119,0.003,1.025,2,1239
514138591,-0.671,0.000,0.976,0.063,0.083,1.079,2,1239
514139640,-0.854,-0.366,1.280,0.099,0.073,1.047,2,1239
514140567,-0.915,-0.366,0.732,0.156,0.027,1.089,2,1239
514141640,-1.280,1.768,0.549,0.037,0.028,1.041,2,1239
514142587,-1.220,2.927,-0.366,-0.034,-0.051,1.037,2,1239
514143640,-1.159,2.744,0.122,-0.134,-0.055,0.995,2,1239
514144576,-1.098,1.159,0.427,-0.035,0.096,1.009,2,1239
514145640,-1.098,-0.183,0.976,0.039,0.006,1.048,2,1239
514146576,-0.915,-0.305,0.915,0.138,0.131,1.098,2,1239
514147640,-1.220,0.305,1.037,0.102,0.009,1.051,2,1239
514148584,-1.280,1.524,0.122,0.078,0.005,1.064,2,1239
514149640,-1.646,3.354,0.061,-0.089,-0.015,0.986,2,1239
514150580,-1.341,3.476,-0.061,-0.073,-0.021,1.011,2,1239
514151640,-1.037,0.732,0.488,-0.013,-0.017,1.056,2,1239
514152587,-0.976,0.061,1.159,0.026,0.134,1.050,2,1239
514153640,-0.427,-0.793,0.915,0.158,-0.023,1.057,2,1239
514154580,-0.854,0.549,0.793,0.086,0.123,1.072,2,1239
514155640,-0.915,1.646,0.061,0.058,-0.093,1.066,2,1239
514156587,-1.098,3.537,-0.183,-0.078,0.096,1.017,2,1239
514157640,-1.037,2.805,0.305,-0.133,0.112,1.004,2,1239
514158584,-0.732,0.854,0.671,-0.040,-0.043,1.006,2,1239
514159640,-0.732,-0.244,1.037,0.088,0.159,1.090,2,1239
514160579,-0.793,-0.793,1.037,0.103,-0.013,1.052,2,1239
514161640,-0.976,0.488,0.549,0.134,0.085,1.084,2,1239
514162587,-1.280,2.317,0.366,0.001,-0.017,1.021,2,1239
514163640,-1.402,3.232,-0.244,-0.061,-0.010,1.023,2,1239
514164580,-1.280,2.256,-0.061,-0.106,-0.010,1.033,2,1239
514165640,-1.037,0.915,0.915,-0.040,0.117,1.042,2,1239
514166575,-0.671,-0.549,1.159,0.090,-0.002,1.058,2,1239
514167640,-0.793,-0.305,0.854,0.139,0.130,1.054,2,1239
514168580,-0.915,0.671,0.671,0.106,-0.062,1.067,2,1239
514169640,-1.098,2.500,0.305,0.021,0.096,1.066,2,1239
514170571,-1.220,3.232,0.244,-0.095,-0.101,0.993,2,1239
514171640,-1.098,2.378,0.305,-0.122,-0.034,0.984,2,1239
514172582,-0.610,0.427,0.610,0.015,0.103,1.073,2,1239
514173640,-0.732,-0.122,1.159,0.042,0.036,1.067,2,1239
514174575,-0.671,-0.732,0.915,0.169,0.083,1.094,2,1239
514175640,-1.402,0.671,0.793,0.088,0.030,1.019,2,1239
514176747,-1.341,2.012,-0.244,0.000,-0.040,1.038,2,1239
514177290,-1.768,3.415,-0.244,-0.111,0.026,1.021,2,1248
514178352,-1.341,2.744,-0.122,-0.111,-0.018,1.013,2,1248
514179638,-0.671,0.488,0.793,-0.021,0.013,1.025,2,1248
514180588,-0.732,-0.366,0.793,0.119,0.090,1.078,2,1248
514181638,-0.610,-0.244,0.976,0.136,0.033,1.054,2,1248
514182580,-0.549,0.793,0.488,0.105,0.030,1.104,2,1248
514183638,-1.463,2.378,0.000,-0.074,-0.019,1.016,2,1248
514184585,-1.646,3.293,-0.061,-0.067,-0.025,1.023,2,1248
514185638,-1.159,1.585,0.122,-0.055,-0.034,1.018,2,1248
514186576,-1.098,0.549,0.732,-0.001,0.123,1.052,2,1248
514187638,-0.732,-0.427,0.976,0.147,0.000,1.078,2,1248
514188643,-0.854,0.122,0.915,0.119,0.148,1.067,2,1248
514189171,-0.793,1.098,0.610,0.066,-0.085,1.047,2,1248
514190701,-1.098,2.866,0.000,-0.095,-0.053,0.995,2,1248
514191209,-1.402,3.232,0.000,-0.095,-0.053,0.995,2,1248
514192700,-0.732,1.890,0.427,-0.110,0.001,1.018,2,1248
514193208,-0.732,1.890,0.427,-0.110,0.001,1.018,2,1248
514194700,-0.915,-0.366,1.098,0.114,0.069,1.027,2,1248
514195209,-0.793,-0.183,0.793,0.137,0.018,1.092,2,1248
514196700,-1.220,1.585,0.244,0.032,0.011,1.052,2,1248
514197214,-1.341,2.805,-0.122,-0.029,-0.020,1.021,2,1248
514198700,-1.037,2.805,-0.122,-0.167,-0.021,0.999,2,1248
514199208,-1.037,2.805,-0.122,-0.167,-0.021,0.999,2,1248
514200700,-0.854,-0.122,0.976,0.050,0.076,1.062,2,1248
514201207,-0.976,-0.610,0.976,0.146,0.062,1.067,2,1248
514202700,-1.220,0.122,0.793,0.093,0.030,1.062,2,1248
514203207,-1.341,1.646,-0.183,0.072,-0.019,1.057,2,1248
514204700,-0.976,3.232,-0.183,-0.115,-0.027,1.022,2,1248
514205207,-0.976,3.232,-0.183,-0.115,-0.027,1.022,2,1248
514206700,-0.488,0.976,0.671,0.012,0.025,1.032,2,1248
514207209,-0.488,0.976,0.671,0.012,0.025,1.032,2,1248
514208700,-0.549,-0.671,0.671,0.121,0.001,1.077,2,1248
514209209,-1.098,0.488,0.610,0.118,0.054,1.076,2,1248
514210708,-1.341,1.768,0.244,0.033,-0.018,1.044,2,1248
514211230,-1.585,3.171,0.000,-0.089,0.018,1.015,2,1248
514212702,-1.098,2.500,0.366,-0.115,0.048,1.012,2,1248
514213216,-1.098,2.500,0.366,-0.115,0.048,1.012,2,1248
514214700,-0.671,-0.061,1.220,0.077,0.053,1.084,2,1248
514215208,-0.793,-0.183,0.976,0.131,0.041,1.070,2,1248
514216700,-1.098,0.671,0.976,0.116,0.036,1.054,2,1248
514217214,-1.220,2.073,0.427,0.014,0.000,1.029,2,1248
514218700,-1.220,3.110,-0.366,-0.126,-0.009,1.010,2,1248
514219208,-1.220,3.110,-0.366,-0.126,-0.009,1.010,2,1248
514220700,-0.793,0.427,0.610,0.034,0.045,1.042,2,1248
514221208,-0.793,-0.244,1.037,0.066,0.077,1.069,2,1248
514222700,-1.402,-0.122,0.915,0.169,0.018,1.063,2,1248
514223209,-1.768,1.220,0.915,0.099,0.056,1.064,2,1248
514224700,-1.646,2.439,0.122,-0.032,-0.059,1.042,2,1248
514225235,-1.646,3.354,-0.061,-0.127,0.019,1.014,2,1248
514226495,-1.159,1.646,0.244,-0.078,0.072,1.010,2,1248
514227638,-0.854,0.305,0.671,0.007,0.037,1.051,2,1258
514228620,-0.793,-0.305,0.854,0.121,0.051,1.083,2,1258
514229638,-1.220,0.122,0.671,0.148,0.064,1.045,2,1258
514230578,-1.402,1.220,0.610,0.071,-0.026,1.060,2,1258
514231640,-1.402,2.866,-0.061,-0.064,0.009,1.026,2,1258
514232579,-0.854,2.866,0.427,-0.126,0.087,1.002,2,1258
514233640,-0.732,1.524,0.610,-0.077,-0.038,1.029,2,1258
514234579,-0.671,0.305,0.610,0.040,0.107,1.068,2,1258
514235640,-0.793,-0.122,0.854,0.138,0.019,1.034,2,1258
514236575,-0.854,0.305,0.549,0.143,0.088,1.084,2,1258
514237640,-1.159,1.768,0.610,-0.006,-0.048,1.041,2,1258
514238575,-1.280,2.927,-0.061,-0.049,0.001,1.023,2,1258
514239640,-0.915,2.561,-0.122,-0.112,0.015,1.021,2,1258
514240642,-1.220,1.159,0.488,-0.081,0.052,1.021,2,1258
514241165,-1.220,1.159,0.488,-0.081,0.052,1.021,2,1258
514242700,-0.671,-0.427,1.280,0.129,0.097,1.066,2,1258
514243213,-1.159,0.244,0.976,0.111,-0.034,1.060,2,1258
514244699,-1.463,2.012,0.305,0.005,0.027,1.062,2,1258
514245216,-1.280,3.110,-0.122,-0.068,-0.030,0.994,2,1258
514246699,-0.915,2.195,0.183,-0.139,0.004,1.007,2,1258
514247209,-0.915,2.195,0.183,-0.139,0.004,1.007,2,1258
514248699,-0.732,-0.183,1.098,0.081,0.112,1.047,2,1258
514249212,-0.732,-0.488,0.915,0.156,0.011,1.082,2,1258
514250699,-1.159,0.915,0.549,0.072,0.057,1.078,2,1258
514251216,-1.585,2.256,0.427,0.007,-0.082,1.022,2,1258
514252699,-1.463,3.049,0.061,-0.148,-0.062,1.011,2,1258
514253212,-1.463,3.049,0.061,-0.148,-0.062,1.011,2,1258
514254699,-0.732,0.732,0.793,0.019,0.029,1.036,2,1258
514255218,-0.793,-0.549,0.854,0.128,0.110,1.058,2,1258
514256699,-0.976,-0.305,1.037,0.109,-0.008,1.045,2,1258
514257218,-1.280,0.915,0.366,0.099,0.014,1.087,2,1258
514258699,-1.341,2.744,0.183,-0.036,0.012,1.031,2,1258
514259216,-1.280,3.293,-0.122,-0.087,-0.013,1.005,2,1258
514260699,-0.610,1.890,0.366,-0.050,0.027,1.013,2,1258
514261212,-0.610,1.890,0.366,-0.050,0.027,1.013,2,1258
514262699,-0.671,-0.427,0.976,0.112,0.033,1.073,2,1258
514263216,-1.220,0.000,0.854,0.120,0.048,1.091,2,1258
514264699,-1.341,1.585,0.244,0.054,0.000,1.037,2,1258
514265218,-1.280,2.988,-0.183,-0.038,-0.000,1.008,2,1258
514266701,-1.098,2.744,0.183,-0.133,-0.008,1.023,2,1258
514267209,-1.098,2.744,0.183,-0.133,-0.008,1.023,2,1258
514268699,-0.549,-0.061,0.976,0.082,0.012,1.054,2,1258
514269212,-0.671,-0.305,0.915,0.106,0.098,1.073,2,1258
514270699,-1.159,0.122,0.610,0.140,-0.042,1.057,2,1258
514271212,-1.280,1.707,0.122,0.039,0.083,1.061,2,1258
514272699,-1.341,3.171,0.061,-0.139,0.057,1.030,2,1258
514273212,-1.341,3.171,0.061,-0.139,0.057,1.030,2,1258
514274699,-0.976,0.854,0.671,0.019,0.090,1.023,2,1258
514275242,-0.976,0.854,0.671,0.019,0.090,1.023,2,1258
514276489,-0.915,-0.244,1.037,0.133,0.072,1.082,2,1258
514277639,-1.159,0.915,0.793,0.120,0.021,1.068,2,1268
514278629,-1.524,2.378,0.183,-0.003,-0.003,1.029,2,1268
514279143,-1.524,3.598,-0.061,-0.110,-0.029,1.010,2,1268
514280701,-0.976,2.073,0.366,-0.082,0.027,1.007,2,1268
514281208,-0.976,2.073,0.366,-0.082,0.027,1.007,2,1268
514282700,-0.854,-0.488,0.976,0.121,0.005,1.065,2,1268
514283208,-0.854,-0.366,0.915,0.157,0.095,1.058,2,1268
514284700,-1.098,0.915,0.549,0.087,-0.058,1.049,2,1268
514285201,-1.159,2.561,0.122,-0.058,0.036,1.045,2,1268
514286700,-1.159,3.049,0.000,-0.134,0.094,1.008,2,1268
514287214,-1.159,3.049,0.000,-0.134,0.094,1.008,2,1268
514288700,-0.793,0.122,0.915,0.040,0.091,1.048,2,1268
514289201,-0.793,0.122,0.915,0.040,0.091,1.048,2,1268
514290700,-0.854,-0.366,0.610,0.159,0.063,1.078,2,1268
514291208,-1.280,1.463,0.610,0.026,-0.019,1.063,2,1268
514292700,-1.524,2.622,-0.183,-0.061,-0.017,1.029,2,1268
514293201,-1.463,3.293,-0.122,-0.113,0.030,1.001,2,1268
514294700,-0.732,1.220,0.488,-0.054,0.065,1.042,2,1268
514295207,-0.732,1.220,0.488,-0.054,0.065,1.042,2,1268
514296700,-0.671,-0.488,0.854,0.164,0.066,1.079,2,1268
514297207,-0.976,0.488,0.427,0.105,0.032,1.052,2,1268
514298700,-1.280,2.012,0.061,0.040,-0.052,1.052,2,1268
514299201,-1.646,3.598,0.000,-0.093,0.059,1.015,2,1268
514300700,-0.915,2.134,0.488,-0.143,0.105,1.008,2,1268
514301201,-0.915,2.134,0.488,-0.143,0.105,1.008,2,1268
514302700,-0.793,-0.122,0.793,0.082,0.164,1.070,2,1268
514303212,-0.793,-0.305,0.793,0.149,-0.039,1.044,2,1268
514304700,-1.159,0.732,0.244,0.102,0.073,1.090,2,1268
514305207,-1.524,2.195,0.244,-0.028,-0.068,1.020,2,1268
514306700,-1.585,3.110,0.427,-0.184,-0.001,1.000,2,1268
514307201,-1.585,3.110,0.427,-0.184,-0.001,1.000,2,1268
514308712,-0.976,0.671,0.793,0.016,0.093,1.027,2,1268
514309237,-0.976,0.671,0.793,0.016,0.093,1.027,2,1268
514310702,-0.610,0.000,0.854,0.106,0.069,1.072,2,1268
514311210,-1.037,0.793,0.427,0.082,-0.053,1.051,2,1268
514312700,-1.220,2.317,0.000,-0.039,0.050,1.039,2,1268
514313201,-1.220,3.049,0.061,-0.142,-0.048,0.989,2,1268
514314700,-0.671,1.402,0.610,-0.081,0.048,1.006,2,1268
514315212,-0.671,1.402,0.610,-0.081,0.048,1.006,2,1268
514316700,-0.549,-0.305,0.854,0.096,0.083,1.059,2,1268
514317214,-1.037,0.244,0.610,0.169,-0.051,1.082,2,1268
514318700,-1.280,1.829,0.244,0.012,0.096,1.062,2,1268
514319214,-1.341,2.561,-0.244,-0.039,-0.103,1.016,2,1268
514320700,-0.793,2.317,0.366,-0.122,-0.080,1.002,2,1268
514321201,-0.793,2.317,0.366,-0.122,-0.080,1.002,2,1268
514322700,-0.732,0.244,1.402,0.058,-0.020,1.036,2,1268
514323201,-0.732,0.244,1.402,0.058,-0.020,1.036,2,1268
514324728,-1.402,0.732,0.610,0.087,-0.010,1.031,2,1268
514325232,-1.280,1.890,-0.122,0.034,-0.014,1.042,2,1268
514326483,-1.341,3.171,0.122,-0.133,0.019,1.022,2,1268
514327638,-1.159,2.195,0.427,-0.125,0.104,1.015,2,1278
514328622,-0.854,0.305,0.915,0.017,-0.011,1.036,2,1278
514329638,-0.793,0.244,0.915,0.102,0.103,1.079,2,1278
514330579,-0.793,-0.183,0.915,0.146,0.008,1.037,2,1278
514331640,-1.585,0.854,0.610,0.114,0.003,1.078,2,1278
514332579,-1.585,2.195,0.244,-0.070,0.006,1.028,2,1278
514333640,-1.524,3.171,0.061,-0.084,-0.042,1.018,2,1278
514334575,-0.793,1.646,0.427,-0.052,-0.051,1.021,2,1278
514335640,-0.671,0.549,0.427,0.019,0.160,1.053,2,1278
514336580,-0.610,-0.427,0.793,0.155,-0.043,1.046,2,1278
514337640,-0.793,0.183,0.305,0.147,0.142,1.103,2,1278
514338583,-1.037,1.341,0.305,0.006,-0.084,1.023,2,1278
514339640,-1.341,2.866,-0.488,-0.040,0.029,1.046,2,1278
514340579,-1.402,3.659,0.061,-0.158,0.003,0.984,2,1278
514341640,-0.732,1.280,0.488,-0.086,0.111,1.027,2,1278
514342575,-0.488,-0.244,0.610,0.131,0.002,1.079,2,1278
514343640,-0.610,-0.183,0.976,0.117,0.140,1.065,2,1278
514344580,-0.671,0.244,0.427,0.127,-0.094,1.047,2,1278
514345640,-1.585,2.317,0.183,0.001,0.066,1.055,2,1278
514346578,-1.951,2.866,0.000,-0.090,-0.059,0.987,2,1278
514347640,-1.159,2.439,0.122,-0.143,0.043,1.009,2,1278
514348582,-0.854,0.671,0.427,0.052,0.034,1.044,2,1278
514349640,-0.671,-0.366,0.915,0.080,0.113,1.055,2,1278
514350579,-1.037,-0.183,0.671,0.153,-0.049,1.060,2,1278
514351640,-1.037,1.037,0.305,0.064,0.078,1.062,2,1278
514352589,-1.463,2.134,0.183,-0.009,-0.063,1.021,2,1278
514353640,-1.646,3.354,0.000,-0.110,0.077,1.061,2,1278
514354567,-1.646,2.988,0.366,-0.175,-0.036,0.986,2,1278
514355640,-0.976,0.183,1.037,0.023,0.067,1.020,2,1278
514356577,-0.793,-0.671,0.793,0.151,0.021,1.072,2,1278
514357640,-1.037,0.122,1.037,0.095,0.069,1.049,2,1278
514358575,-1.098,1.220,0.305,0.083,-0.058,1.068,2,1278
514359640,-1.646,2.927,0.305,-0.094,0.086,1.034,2,1278
514360575,-1.585,3.232,0.000,-0.114,-0.095,0.991,2,1278
514361640,-1.037,1.220,0.549,-0.004,0.007,1.023,2,1278
514362584,-0.793,0.366,0.793,0.065,0.117,1.092,2,1278
514363640,-0.427,-0.183,0.671,0.117,0.005,1.046,2,1278
514364584,-0.976,0.549,0.305,0.154,0.029,1.066,2,1278
514365640,-1.341,2.073,0.183,-0.007,-0.004,1.016,2,1278
514366588,-1.646,2.866,-0.061,-0.083,-0.040,1.024,2,1278
514367640,-1.524,3.476,-0.061,-0.167,0.048,1.021,2,1278
514368583,-0.793,0.732,0.610,0.019,0.082,1.050,2,1278
514369640,-0.183,-0.305,0.854,0.074,0.034,1.040,2,1278
514370581,-0.610,-0.122,0.427,0.174,0.022,1.082,2,1278
514371640,-1.402,1.037,0.549,0.071,0.019,1.021,2,1278
514372574,-1.585,2.439,0.061,-0.035,-0.040,1.036,2,1278
514373640,-1.524,3.537,-0.183,-0.168,0.050,1.028,2,1278
514374585,-1.524,2.500,-0.122,-0.096,-0.018,1.018,2,1278
514375640,-0.549,-0.183,0.732,0.048,-0.011,1.051,2,1278
514376739,-0.854,-0.366,1.098,0.129,0.118,1.083,2,1278
514377280,-0.976,-0.061,0.793,0.160,-0.025,1.053,2,1288
514378348,-1.280,1.646,0.549,0.012,0.049,1.072,2,1288
514379638,-1.463,2.805,0.244,-0.083,-0.064,1.025,2,1288
514380580,-1.463,3.232,0.244,-0.114,0.056,0.995,2,1288
514381638,-0.549,0.915,0.732,-0.043,0.074,1.031,2,1288
514382580,-0.244,-0.183,0.732,0.087,0.042,1.064,2,1288
514383638,-0.549,-0.244,0.610,0.172,0.081,1.055,2,1288
514384580,-1.280,0.793,0.549,0.097,-0.041,1.068,2,1288
514385638,-1.768,2.378,0.244,-0.044,0.013,1.038,2,1288
514386578,-1.890,3.415,0.000,-0.081,-0.034,1.010,2,1288
514387638,-1.463,3.110,0.305,-0.143,0.094,1.011,2,1288
514388575,-1.220,1.890,0.366,-0.120,-0.014,1.023,2,1288
514389638,-0.854,-0.305,1.037,0.151,0.012,1.053,2,1288
514390583,-0.976,0.000,0.671,0.146,0.086,1.076,2,1288
514391638,-1.646,1.341,0.671,0.044,-0.071,1.042,2,1288
514392567,-1.707,2.805,0.244,-0.027,0.025,1.026,2,1288
514393638,-1.524,3.171,0.183,-0.115,-0.003,1.009,2,1288
514394580,-1.159,2.500,0.366,-0.158,0.033,1.021,2,1288
514395638,-0.854,-0.061,0.976,0.101,0.070,1.054,2,1288
514396575,-1.098,-0.366,1.220,0.131,0.050,1.047,2,1288
514397638,-1.341,0.366,0.732,0.111,-0.013,1.067,2,1288
514398584,-1.646,1.829,0.305,0.031,-0.014,1.041,2,1288
514399638,-1.829,3.049,0.061,-0.069,0.029,1.012,2,1288
514400575,-1.585,3.537,0.061,-0.167,-0.009,1.018,2,1288
514401638,-0.915,2.378,0.244,-0.129,0.080,1.002,2,1288
514402580,-0.366,-0.366,0.854,0.096,0.113,1.065,2,1288
514403638,-0.732,-0.244,0.915,0.137,-0.031,1.054,2,1288
514404576,-1.220,0.915,0.244,0.094,0.015,1.066,2,1288
514405638,-1.524,2.195,0.122,-0.006,-0.009,1.012,2,1288
514406580,-1.220,3.049,-0.183,-0.106,-0.008,1.030,2,1288
514407638,-1.280,3.232,-0.061,-0.188,0.028,1.012,2,1288
514408576,-0.671,1.585,0.122,-0.034,0.037,1.021,2,1288
514409638,-0.488,-0.366,0.427,0.122,-0.002,1.062,2,1288
514410579,-0.854,0.305,0.427,0.123,0.032,1.062,2,1288
514411638,-1.220,1.341,0.244,0.062,-0.002,1.049,2,1288
514412680,-1.585,2.744,0.122,-0.057,0.009,1.019,2,1288
514413204,-1.341,2.988,-0.061,-0.171,-0.012,1.011,2,1288
514414703,-1.220,2.195,0.122,-0.120,0.044,1.024,2,1288
514415217,-0.488,0.793,0.488,0.002,0.078,1.044,2,1288
514416700,-0.427,-0.366,0.549,0.140,0.035,1.073,2,1288
514417214,-0.427,-0.366,0.549,0.140,0.035,1.073,2,1288
514418700,-1.341,2.012,-0.061,0.016,-0.010,1.062,2,1288
514419209,-1.829,3.293,-0.244,-0.148,-0.005,1.000,2,1288
514420700,-1.402,2.927,-0.122,-0.122,-0.012,1.023,2,1288
514421207,-0.976,2.012,0.488,-0.095,0.125,1.016,2,1288
514422700,-0.854,-0.122,0.915,0.084,0.118,1.073,2,1288
514423206,-0.854,-0.122,0.915,0.084,0.118,1.073,2,1288
514424700,-1.402,1.159,0.488,0.060,0.083,1.047,2,1288
514425238,-1.280,2.561,0.061,-0.062,-0.112,1.017,2,1288
514426491,-1.280,3.354,-0.122,-0.146,0.072,1.023,2,1288
514427638,-0.976,2.561,0.366,-0.114,0.013,0.999,2,1297
514428628,-0.610,1.280,0.549,-0.040,0.100,1.040,2,1297
514429148,-0.366,0.122,0.671,0.035,0.023,1.052,2,1297
514430700,-0.976,0.488,0.610,0.140,0.005,1.059,2,1297
514431216,-0.976,0.488,0.610,0.140,0.005,1.059,2,1297
514432699,-1.463,2.988,0.122,-0.104,-0.014,1.034,2,1297
514433212,-1.159,2.988,0.244,-0.130,0.058,1.012,2,1297
514434699,-0.915,2.317,0.488,-0.107,0.016,1.028,2,1297
514435209,-0.732,0.793,0.549,-0.032,0.086,1.026,2,1297
514436699,-0.732,-0.244,0.488,0.157,0.107,1.074,2,1297
514437218,-0.732,-0.244,0.488,0.157,0.107,1.074,2,1297
514438699,-1.341,2.500,0.244,-0.069,0.053,1.044,2,1297
514439216,-1.585,3.110,0.305,-0.090,-0.036,0.998,2,1297
514440699,-1.402,2.744,0.366,-0.148,0.084,1.016,2,1297
514441216,-0.976,1.524,0.671,-0.082,0.017,1.031,2,1297
514442699,-0.549,-0.183,1.098,0.147,0.057,1.042,2,1297
514443216,-0.549,-0.183,1.098,0.147,0.057,1.042,2,1297
514444699,-1.890,1.585,0.366,0.005,-0.023,1.039,2,1297
514445212,-1.890,1.585,0.366,0.005,-0.023,1.039,2,1297
514446699,-1.890,3.354,0.122,-0.149,0.021,1.006,2,1297
514447212,-1.159,2.378,0.610,-0.139,0.046,1.022,2,1297
514448699,-0.854,0.976,0.671,-0.002,0.038,1.043,2,1297
514449218,-0.610,-0.305,0.732,0.101,0.112,1.048,2,1297
514450699,-1.159,0.549,0.549,0.076,0.009,1.059,2,1297
514451216,-1.159,0.549,0.549,0.076,0.009,1.059,2,1297
514452699,-1.280,3.354,0.000,-0.098,0.026,1.045,2,1297
514453212,-1.037,3.171,0.183,-0.183,0.021,1.012,2,1297
514454699,-0.793,1.707,0.366,-0.061,0.037,1.037,2,1297
514455216,-0.732,0.488,0.793,0.033,0.121,1.035,2,1297
514456699,-0.732,0.427,0.671,0.112,0.043,1.049,2,1297
514457212,-0.732,0.427,0.671,0.112,0.043,1.049,2,1297
514458699,-1.463,3.049,0.122,-0.059,0.062,1.039,2,1297
514459216,-1.463,3.049,0.122,-0.161,-0.043,0.998,2,1297
514460699,-1.220,2.439,-0.122,-0.148,0.085,1.036,2,1297
514461218,-0.854,1.098,0.549,-0.008,0.055,1.032,2,1297
514462699,-0.488,-0.061,0.854,0.089,0.078,1.046,2,1297
514463211,-0.610,-0.366,0.732,0.129,0.012,1.062,2,1297
514464699,-1.646,2.256,-0.122,0.002,-0.005,1.043,2,1297
514465212,-1.646,2.256,-0.122,0.002,-0.005,1.043,2,1297
514466699,-1.402,2.988,0.122,-0.160,-0.004,1.021,2,1297
514467218,-1.280,1.768,0.305,-0.083,0.106,1.012,2,1297
514468699,-0.610,0.671,0.549,0.046,0.016,1.046,2,1297
514469209,-0.793,-0.122,0.732,0.102,0.101,1.064,2,1297
514470699,-1.646,1.646,0.488,0.047,0.078,1.058,2,1297
514471212,-1.646,1.646,0.488,0.047,0.078,1.058,2,1297
514472699,-1.585,3.232,0.183,-0.154,0.070,1.024,2,1297
514473211,-1.220,2.256,0.305,-0.136,0.009,1.000,2,1297
514474699,-0.610,0.976,0.488,-0.021,0.088,1.048,2,1297
514475246,-0.549,0.061,0.915,0.067,0.049,1.054,2,1297
514476471,-0.610,-0.549,0.671,0.155,0.034,1.059,2,1297
514477638,-1.707,2.134,0.122,-0.011,-0.022,1.028,2,1307
514478619,-1.524,3.232,0.000,-0.115,-0.025,1.025,2,1307
514479638,-1.341,2.927,0.000,-0.152,0.074,1.011,2,1307
514480583,-0.915,1.768,0.366,-0.093,0.019,1.036,2,1307
514481638,-0.427,0.305,0.854,0.004,0.109,1.064,2,1307
514482584,-0.549,-0.427,0.671,0.132,-0.020,1.049,2,1307
514483638,-1.098,1.646,0.488,0.053,-0.076,1.008,2,1307
514484592,-1.463,2.683,-0.244,-0.060,-0.001,1.055,2,1307
514485638,-1.768,3.232,0.061,-0.147,0.020,0.993,2,1307
514486647,-1.280,2.378,-0.061,-0.108,0.028,1.037,2,1307
514487176,-1.037,1.402,0.671,-0.088,0.109,1.016,2,1307
514488701,-0.732,-0.061,0.793,0.106,-0.001,1.056,2,1307
514489210,-0.671,-0.061,0.976,0.129,0.137,1.056,2,1307
514490700,-1.646,2.256,0.122,-0.004,0.070,1.075,2,1307
514491201,-1.646,2.256,0.122,-0.004,0.070,1.075,2,1307
514492700,-1.280,3.110,0.122,-0.148,0.067,1.011,2,1307
514493214,-1.280,3.110,0.122,-0.148,0.067,1.011,2,1307
514494700,-0.305,0.366,0.488,0.055,0.050,1.046,2,1307
514495207,-0.183,-0.366,0.793,0.113,0.093,1.059,2,1307
514496700,-0.671,0.061,0.854,0.154,-0.034,1.034,2,1307
514497207,-1.098,1.524,0.244,0.060,0.026,1.072,2,1307
514498700,-1.220,3.171,-0.244,-0.117,-0.006,1.027,2,1307
514499201,-1.220,3.171,-0.244,-0.117,-0.006,1.027,2,1307
514500700,-0.915,0.915,0.244,-0.004,-0.010,1.046,2,1307
514501201,-0.732,-0.061,0.915,0.050,0.191,1.055,2,1307
514502700,-0.854,-0.427,0.671,0.151,-0.111,1.031,2,1307
514503210,-1.098,0.549,0.488,0.103,0.107,1.072,2,1307
514504700,-1.341,3.049,-0.061,-0.095,0.071,1.052,2,1307
514505214,-1.341,3.049,-0.061,-0.095,0.071,1.052,2,1307
514506700,-0.732,1.585,0.061,-0.047,0.066,1.046,2,1307
514507208,-0.732,0.610,0.854,-0.008,0.109,1.030,2,1307
514508700,-0.366,-0.122,0.732,0.136,-0.020,1.056,2,1307
514509214,-0.915,0.366,0.854,0.131,0.079,1.063,2,1307
514510700,-1.829,2.927,0.061,-0.072,0.062,1.059,2,1307
514511207,-1.829,2.927,0.061,-0.072,0.062,1.059,2,1307
514512700,-1.341,2.683,-0.061,-0.116,0.075,1.020,2,1307
514513201,-1.341,2.683,-0.061,-0.116,0.075,1.020,2,1307
514514700,-0.793,0.000,0.732,0.080,0.026,1.046,2,1307
514515201,-0.732,-0.061,0.671,0.142,0.062,1.084,2,1307
514516700,-1.402,0.671,0.732,0.140,-0.054,1.012,2,1307
514517212,-1.098,2.073,-0.061,-0.012,0.021,1.051,2,1307
514518700,-1.098,2.622,0.061,-0.131,0.037,1.016,2,1307
514519208,-1.098,2.622,0.061,-0.131,0.037,1.016,2,1307
514520700,-0.671,0.366,0.549,0.037,0.003,1.048,2,1307
514521201,-0.671,0.000,0.732,0.106,0.117,1.057,2,1307
514522700,-1.037,0.305,0.793,0.181,-0.062,1.058,2,1307
514523207,-1.037,1.707,0.671,0.035,0.085,1.059,2,1307
514524237,-1.280,2.866,0.244,-0.057,-0.117,1.015,2,1307
514525638,-1.037,2.500,0.366,-0.135,0.011,1.002,2,1307
514526756,-0.488,0.976,0.549,-0.035,0.087,1.043,2,1307
514527301,-0.305,-0.122,0.793,0.074,0.045,1.060,2,1317
514528376,-0.488,-0.488,0.610,0.175,0.052,1.059,2,1317
514529638,-0.976,0.671,0.549,0.087,-0.023,1.054,2,1317
514530584,-1.585,2.195,0.244,-0.002,-0.012,1.015,2,1317
514531640,-1.890,3.049,0.305,-0.149,0.061,1.017,2,1317
514532574,-1.341,1.707,0.488,-0.114,0.020,1.027,2,1317
514533640,-0.549,0.427,0.549,0.041,0.112,1.066,2,1317
514534579,-0.976,-0.061,0.915,0.137,0.023,1.026,2,1317
514535640,-0.793,0.366,0.793,0.135,0.027,1.096,2,1317
514536576,-1.159,1.829,0.549,0.031,-0.049,1.014,2,1317
514537640,-1.463,2.805,-0.244,-0.026,0.001,1.038,2,1317
514538580,-1.646,3.293,0.183,-0.157,0.056,1.012,2,1317
514539640,-0.854,1.037,0.671,-0.033,0.140,1.054,2,1317
514540579,-0.427,0.000,0.854,0.113,0.018,1.065,2,1317
514541640,-0.488,0.122,0.793,0.139,0.094,1.088,2,1317
514542591,-0.976,1.098,0.549,0.087,-0.086,1.031,2,1317
514543640,-1.585,2.500,0.183,0.016,0.040,1.025,2,1317
514544576,-1.829,3.110,0.183,-0.106,-0.033,1.011,2,1317
514545640,-0.610,1.524,0.549,-0.083,0.078,1.034,2,1317
514546582,-0.732,-0.061,0.732,0.074,0.096,1.049,2,1317
514547640,-0.732,-0.549,0.915,0.119,0.020,1.059,2,1317
514548575,-0.793,0.244,0.610,0.109,0.000,1.058,2,1317
514549640,-1.037,1.646,0.305,0.077,-0.028,1.039,2,1317
514550586,-1.768,2.744,0.244,-0.071,0.023,1.013,2,1317
514551640,-1.524,3.354,0.061,-0.110,0.118,1.036,2,1317
514552583,-0.854,0.793,0.610,0.023,0.048,1.033,2,1317
514553640,-0.366,-0.183,0.793,0.076,0.098,1.073,2,1317
514554581,-0.610,0.000,0.793,0.126,-0.024,1.045,2,1317
514555640,-1.098,1.220,0.366,0.131,0.009,1.077,2,1317
514556567,-1.524,2.744,0.061,-0.027,-0.002,0.998,2,1317
514557640,-1.585,3.110,-0.183,-0.151,-0.040,1.015,2,1317
514558586,-1.524,2.683,0.183,-0.150,0.086,1.034,2,1317
514559640,-0.549,0.244,0.915,0.021,0.104,1.045,2,1317
514560578,-0.183,-0.183,0.732,0.127,-0.027,1.046,2,1317
514561640,-0.793,0.854,0.732,0.141,0.044,1.043,2,1317
514562579,-1.037,1.829,0.244,0.032,-0.042,1.043,2,1317
514563640,-1.402,3.171,0.122,-0.109,0.008,1.016,2,1317
514564574,-1.220,3.110,0.305,-0.151,-0.000,1.026,2,1317
514565640,-0.610,0.488,1.037,-0.016,0.021,1.062,2,1317
514566642,-0.244,0.122,0.854,0.098,0.088,1.064,2,1317
514567155,-0.244,0.122,0.854,0.098,0.088,1.064,2,1317
514568711,-0.976,1.524,0.610,0.079,0.049,1.044,2,1317
514569236,-1.463,2.805,0.061,-0.070,-0.099,1.023,2,1317
514570699,-1.402,2.927,-0.183,-0.125,0.057,1.013,2,1317
514571212,-1.341,2.439,0.305,-0.118,0.044,1.001,2,1317
514572699,-0.732,0.061,0.854,0.035,0.045,1.055,2,1317
514573215,-0.732,0.061,0.854,0.035,0.045,1.055,2,1317
514574727,-1.098,0.732,0.793,0.128,-0.006,1.049,2,1317
514575243,-1.098,1.951,0.183,-0.020,-0.031,1.030,2,1317
514576505,-1.768,3.110,-0.122,-0.083,-0.002,1.016,2,1317
514577639,-1.768,2.744,0.305,-0.125,0.076,1.021,2,1327
514578624,-1.159,1.463,0.732,-0.125,0.045,1.022,2,1327
514579143,-0.610,0.305,0.610,0.008,0.085,1.062,2,1327
514580705,-0.793,0.122,0.732,0.156,-0.004,1.086,2,1327
514581221,-0.793,0.122,0.732,0.156,-0.004,1.086,2,1327
514582712,-1.341,2.805,-0.122,-0.024,-0.049,1.022,2,1327
514583233,-1.280,3.232,0.061,-0.128,0.081,1.014,2,1327
514584700,-0.732,2.073,0.366,-0.152,-0.016,1.011,2,1327
514585214,-0.549,1.098,0.732,-0.042,0.137,1.048,2,1327
514586700,-0.244,-0.244,0.793,0.156,0.084,1.075,2,1327
514587214,-0.244,-0.244,0.793,0.156,0.084,1.075,2,1327
514588700,-1.341,2.561,-0.122,0.005,0.022,1.027,2,1327
514589202,-1.890,2.927,0.183,-0.080,-0.008,0.995,2,1327
514590700,-1.280,2.561,0.366,-0.172,0.039,1.016,2,1327
514591202,-1.098,1.463,0.427,-0.112,0.060,1.035,2,1327
514592700,-0.610,-0.366,0.915,0.131,0.045,1.058,2,1327
514593214,-0.610,-0.366,0.915,0.131,0.045,1.058,2,1327
514594700,-1.402,2.073,-0.122,0.054,-0.029,1.048,2,1327
514595208,-1.402,2.073,-0.122,0.054,-0.029,1.048,2,1327
514596700,-1.341,3.049,0.183,-0.173,-0.021,1.000,2,1327
514597202,-0.793,1.829,0.122,-0.119,0.082,1.037,2,1327
514598700,-0.793,0.427,0.671,0.019,0.083,1.035,2,1327
514599213,-0.366,-0.305,0.610,0.098,0.077,1.081,2,1327
514600700,-1.341,1.037,0.366,0.116,-0.042,1.053,2,1327
514601208,-1.341,1.037,0.366,0.116,-0.042,1.053,2,1327
514602700,-1.463,3.171,0.000,-0.146,-0.059,1.002,2,1327
514603214,-1.341,2.622,0.366,-0.142,0.117,1.021,2,1327
514604700,-0.915,1.037,0.488,-0.021,0.038,1.034,2,1327
514605213,-0.488,0.000,0.915,0.044,0.125,1.069,2,1327
514606700,-0.915,0.915,0.305,0.140,0.016,1.055,2,1327
514607202,-0.915,0.915,0.305,0.140,0.016,1.055,2,1327
514608700,-1.585,3.293,-0.122,-0.110,-0.019,1.015,2,1327
514609214,-1.524,3.110,-0.183,-0.171,0.026,1.020,2,1327
514610700,-1.402,1.707,0.244,-0.065,0.104,1.028,2,1327
514611214,-1.098,0.427,0.976,0.007,0.063,1.063,2,1327
514612700,-1.159,0.305,0.610,0.160,-0.028,1.067,2,1327
514613214,-1.159,0.305,0.610,0.160,-0.028,1.067,2,1327
514614700,-1.402,2.988,0.183,-0.078,-0.055,0.989,2,1327
514615214,-1.402,2.988,0.183,-0.078,-0.055,0.989,2,1327
514616700,-1.159,2.256,0.305,-0.113,0.088,1.007,2,1327
514617214,-0.854,0.915,0.671,-0.020,0.056,1.051,2,1327
514618700,-1.037,0.122,0.915,0.061,0.062,1.050,2,1327
514619214,-0.793,-0.244,0.549,0.177,-0.019,1.056,2,1327
514620700,-1.159,2.500,-0.122,-0.024,-0.081,1.026,2,1327
514621214,-1.159,2.500,-0.122,-0.024,-0.081,1.026,2,1327
514622700,-1.098,2.256,0.000,-0.115,0.030,1.013,2,1327
514623214,-0.976,0.976,0.488,-0.080,0.098,1.027,2,1327
514624700,-0.671,0.122,0.732,0.028,0.032,1.062,2,1327
514625240,-0.854,0.061,0.732,0.156,0.087,1.066,2,1327
514626490,-1.280,0.732,0.671,0.124,-0.055,1.060,2,1327
514627638,-1.646,2.988,0.183,-0.085,-0.054,1.007,2,1336
514628621,-1.341,2.866,0.244,-0.129,0.099,1.019,2,1336
514629143,-1.341,2.866,0.244,-0.129,0.099,1.019,2,1336
514630700,-0.732,0.366,0.366,0.000,0.099,1.070,2,1336
514631218,-1.037,0.000,0.671,0.109,0.063,1.036,2,1336
514632700,-0.610,0.061,0.671,0.157,-0.009,1.076,2,1336
514633217,-1.280,1.524,0.305,0.038,-0.013,1.026,2,1336
514634699,-1.707,2.988,0.244,-0.126,0.074,1.023,2,1336
514635217,-1.707,2.988,0.244,-0.126,0.074,1.023,2,1336
514636699,-0.976,1.037,0.549,-0.044,0.109,1.062,2,1336
514637217,-0.671,-0.122,0.915,0.083,0.057,1.049,2,1336
514638255,-0.732,0.000,0.732,0.137,0.015,1.059,2,1336
514639640,-0.915,1.098,0.305,0.090,-0.033,1.070,2,1336
514640591,-1.463,2.439,-0.122,0.018,-0.005,1.009,2,1336
514641640,-1.280,2.500,0.183,-0.147,0.068,1.011,2,1336
514642575,-1.098,1.159,0.610,-0.069,0.025,1.048,2,1336
514643640,-0.488,0.305,0.915,0.043,0.147,1.052,2,1336
514644579,-0.244,-0.061,0.610,0.126,-0.032,1.058,2,1336
514645640,-0.549,0.732,0.305,0.108,0.037,1.064,2,1336
514646575,-1.463,2.073,0.305,0.045,-0.065,0.992,2,1336
514647640,-1.646,3.110,0.305,-0.169,0.003,0.991,2,1336
514648582,-1.098,1.707,0.061,-0.079,0.046,1.039,2,1336
514649640,-1.280,0.610,1.098,-0.007,0.140,1.042,2,1336
514650578,-0.671,-0.366,0.915,0.108,-0.012,1.053,2,1336
514651640,-0.610,0.488,0.610,0.104,0.061,1.076,2,1336
514652583,-0.976,1.402,0.366,0.093,-0.088,1.030,2,1336
514653640,-1.402,2.622,0.061,-0.045,0.045,1.026,2,1336
514654576,-0.976,2.073,0.061,-0.100,0.086,1.018,2,1336
514655640,-0.915,1.098,0.793,-0.044,0.080,1.041,2,1336
514656579,-0.915,0.061,0.976,0.068,0.063,1.053,2,1336
514657640,-0.793,-0.122,0.610,0.124,0.007,1.071,2,1336
514658580,-0.915,0.976,0.427,0.105,0.002,1.045,2,1336
514659640,-0.915,2.378,0.183,0.002,-0.055,1.021,2,1336
514660575,-1.098,3.232,0.000,-0.101,0.043,1.023,2,1336
514661640,-0.976,1.220,0.488,-0.063,0.144,1.051,2,1336
514662576,-0.793,0.427,0.976,0.010,0.023,1.027,2,1336
514663640,-0.793,-0.244,0.732,0.135,0.070,1.098,2,1336
514664571,-1.402,0.793,0.793,0.117,-0.029,1.024,2,1336
514665640,-1.220,2.012,0.122,0.048,-0.034,1.035,2,1336
514666583,-1.524,3.232,0.061,-0.080,0.019,1.017,2,1336
514667640,-1.280,2.073,0.488,-0.107,0.141,1.037,2,1336
514668574,-0.671,0.671,0.793,-0.018,0.018,1.037,2,1336
514669640,-0.549,-0.122,0.793,0.107,0.108,1.058,2,1336
514670580,-0.732,0.305,0.915,0.130,-0.042,1.071,2,1336
514671640,-0.671,1.585,0.305,0.059,0.010,1.050,2,1336
514672574,-1.280,2.561,0.183,-0.024,-0.045,1.017,2,1336
514673640,-1.646,2.866,0.122,-0.098,0.041,0.999,2,1336
514674605,-1.280,2.317,0.366,-0.140,0.029,1.022,2,1336
514675640,-0.732,-0.244,0.915,0.079,0.021,1.060,2,1336
514676754,-0.732,-0.061,0.854,0.136,0.081,1.091,2,1336
514677300,-0.976,1.341,0.610,0.062,-0.088,1.008,2,1346
514678456,-1.159,2.561,0.122,0.033,0.019,1.048,2,1346
514679638,-1.829,3.293,0.366,-0.105,-0.023,0.973,2,1346
514680613,-1.098,2.439,0.366,-0.133,0.032,1.020,2,1346
514681638,-0.854,-0.122,0.854,0.065,0.036,1.082,2,1346
514682575,-1.037,0.122,0.976,0.097,0.119,1.079,2,1346
514683638,-0.915,0.549,0.488,0.099,-0.103,1.025,2,1346
514684580,-0.976,2.195,0.305,0.050,0.046,1.043,2,1346
514685638,-1.707,2.866,0.305,-0.066,-0.049,1.010,2,1346
514686575,-1.463,2.744,0.183,-0.138,0.052,1.017,2,1346
514687638,-1.159,1.768,0.854,-0.104,0.076,1.020,2,1346
514688580,-0.671,0.061,1.159,0.058,0.076,1.081,2,1346
514689638,-0.671,0.549,0.793,0.123,-0.039,1.036,2,1346
514690575,-1.220,1.768,0.488,0.080,-0.009,1.062,2,1346
514691638,-1.220,2.622,0.122,-0.040,-0.005,1.020,2,1346
514692580,-1.220,2.744,0.061,-0.147,-0.027,0.985,2,1346
514693638,-0.976,1.890,0.244,-0.097,0.108,1.044,2,1346
514694573,-1.098,0.915,0.793,-0.025,0.062,1.027,2,1346
514695638,-0.793,0.427,0.976,0.102,0.003,1.045,2,1346
514696642,-0.732,1.463,0.549,0.117,-0.032,1.055,2,1346
514697166,-0.732,1.463,0.549,0.117,-0.032,1.055,2,1346
514698701,-1.463,2.866,0.000,-0.123,-0.102,0.985,2,1346
514699216,-1.402,2.561,-0.183,-0.114,0.158,1.013,2,1346
514700701,-0.976,1.098,0.488,-0.048,0.010,1.033,2,1346
514701214,-0.427,0.122,0.732,0.024,0.133,1.097,2,1346
514702700,-1.037,1.220,0.549,0.132,0.009,1.072,2,1346
514703207,-1.037,1.220,0.549,0.132,0.009,1.072,2,1346
514704700,-1.220,2.927,-0.061,-0.074,-0.061,1.001,2,1346
514705208,-1.463,2.561,0.061,-0.120,0.110,1.014,2,1346
514706700,-1.098,1.220,0.671,-0.046,0.037,1.047,2,1346
514707214,-0.854,0.610,0.915,-0.040,0.115,1.052,2,1346
514708700,-1.037,0.549,0.732,0.146,0.013,1.038,2,1346
514709209,-1.037,0.549,0.732,0.146,0.013,1.038,2,1346
514710700,-1.341,2.988,0.061,-0.058,-0.001,0.998,2,1346
514711209,-1.463,2.561,0.183,-0.088,0.022,1.011,2,1346
514712707,-1.463,1.646,0.671,-0.090,0.104,1.047,2,1346
514713221,-0.793,0.366,0.915,-0.064,0.026,1.040,2,1346
514714701,-0.854,0.244,0.854,0.128,-0.025,1.056,2,1346
514715210,-0.854,0.244,0.854,0.128,-0.025,1.056,2,1346
514716700,-1.341,2.683,0.000,-0.033,-0.070,1.003,2,1346
514717214,-1.341,2.683,0.000,-0.033,-0.070,1.003,2,1346
514718701,-1.341,2.012,0.610,-0.135,0.051,1.023,2,1346
514719214,-0.854,0.793,0.732,-0.062,0.078,1.042,2,1346
514720700,-0.793,0.366,0.915,0.078,0.087,1.064,2,1346
514721208,-1.037,0.061,0.854,0.140,0.017,1.070,2,1346
514722700,-1.524,2.683,-0.183,0.020,-0.049,1.030,2,1346
514723206,-1.524,2.683,-0.183,0.020,-0.049,1.030,2,1346
514724727,-1.280,2.439,0.244,-0.138,0.013,1.017,2,1346
514725242,-1.098,1.280,0.488,-0.082,0.112,1.031,2,1346
514726503,-0.793,0.244,1.159,0.072,0.056,1.069,2,1346
514727638,-0.549,0.061,0.915,0.098,0.089,1.063,2,1356
514728613,-1.037,0.915,0.366,0.050,-0.086,1.043,2,1356
514729638,-1.707,3.049,0.000,-0.046,-0.025,1.000,2,1356
514730578,-1.280,2.561,-0.183,-0.139,0.037,1.029,2,1356
514731640,-1.220,1.646,0.244,-0.099,0.079,1.033,2,1356
514732587,-0.732,0.305,0.671,0.063,0.089,1.067,2,1356
514733640,-0.732,-0.183,0.793,0.083,0.061,1.069,2,1356
514734571,-0.854,0.732,0.549,0.072,-0.057,1.037,2,1356
514735640,-1.098,2.866,-0.061,-0.007,-0.021,1.039,2,1356
514736580,-1.159,3.171,0.061,-0.161,0.021,0.997,2,1356
514737640,-0.976,1.890,0.000,-0.083,0.051,1.023,2,1356
514738559,-0.793,0.610,0.671,0.029,0.123,1.053,2,1356
514739640,-0.427,-0.061,1.098,0.045,0.027,1.061,2,1356
514740578,-0.610,0.488,0.793,0.082,0.010,1.062,2,1356
514741640,-1.341,1.646,0.488,0.100,-0.032,1.034,2,1356
514742579,-1.768,2.744,0.244,0.003,0.001,1.033,2,1356
514743640,-1.585,2.134,-0.061,-0.074,0.087,1.025,2,1356
514744583,-1.280,0.854,0.671,-0.005,0.084,1.042,2,1356
514745640,-0.488,-0.061,1.037,0.016,0.046,1.084,2,1356
514746576,-0.671,0.122,0.915,0.079,0.020,1.069,2,1356
514747640,-0.610,1.159,0.427,0.139,-0.026,1.032,2,1356
514748583,-1.037,2.439,0.061,0.002,-0.009,1.020,2,1356
514749640,-1.341,2.378,0.183,-0.096,0.111,0.995,2,1356
514750575,-1.159,1.037,0.305,-0.021,0.074,1.045,2,1356
514751640,-0.549,0.427,0.671,-0.023,0.085,1.073,2,1356
514752578,-0.427,0.244,0.488,0.079,-0.005,1.058,2,1356
514753640,-0.976,0.976,0.732,0.125,0.038,1.051,2,1356
514754570,-1.098,2.378,0.488,0.012,-0.082,1.029,2,1356
514755640,-1.037,3.232,-0.183,-0.092,0.008,1.022,2,1356
514756578,-1.037,1.463,0.366,-0.037,0.109,1.065,2,1356
514757640,-0.671,0.366,0.976,-0.059,0.056,1.037,2,1356
514758579,-0.427,-0.061,0.732,0.114,0.042,1.082,2,1356
514759640,-1.159,0.854,0.854,0.116,0.023,1.053,2,1356
514760578,-1.220,2.012,0.305,0.025,-0.063,1.032,2,1356
514761640,-1.341,2.988,-0.122,-0.070,0.010,1.007,2,1356
514762583,-1.220,2.866,0.061,-0.056,0.011,1.009,2,1356
514763640,-0.610,0.366,0.671,-0.065,0.035,1.054,2,1356
514764578,-0.610,-0.244,0.915,0.098,0.097,1.057,2,1356
514765640,-0.915,0.183,1.280,0.110,-0.001,1.056,2,1356
514766575,-0.915,1.524,0.366,0.021,-0.027,1.029,2,1356
514767640,-1.220,2.683,0.122,-0.024,-0.042,1.008,2,1356
514768583,-0.976,2.805,0.122,-0.049,0.057,1.009,2,1356
514769640,-1.159,0.549,0.549,-0.051,0.087,1.057,2,1356
514770575,-1.220,-0.183,0.976,0.072,0.088,1.039,2,1356
514771640,-1.159,0.061,0.976,0.113,0.018,1.095,2,1356
514772582,-1.037,1.646,0.427,0.018,-0.044,1.037,2,1356
514773640,-0.976,2.500,-0.305,0.023,-0.040,1.001,2,1356
514774578,-1.585,3.232,-0.244,-0.059,0.068,1.005,2,1356
514775640,-1.402,2.317,0.183,-0.124,0.003,1.017,2,1356
514776740,-0.854,-0.122,0.793,0.056,0.061,1.050,2,1356
514777280,-0.854,-0.122,0.793,0.056,0.061,1.050,2,1366
514778338,-1.098,0.427,0.793,0.093,0.051,1.093,2,1366
514779638,-0.915,2.439,-0.122,0.059,0.011,1.021,2,1366
514780586,-1.220,2.988,0.122,-0.068,-0.014,1.007,2,1366
514781638,-1.037,2.378,0.122,-0.120,0.040,1.006,2,1366
514782579,-1.341,1.341,0.244,-0.058,0.070,1.046,2,1366
514783638,-0.793,0.244,0.854,0.059,0.008,1.050,2,1366
514784578,-1.098,0.915,0.610,0.073,-0.029,1.088,2,1366
514785638,-1.159,2.317,0.244,0.065,0.016,1.007,2,1366
514786576,-1.220,2.561,-0.122,-0.045,-0.047,1.008,2,1366
514787638,-1.402,2.561,-0.366,-0.138,0.058,0.990,2,1366
514788583,-1.280,1.220,0.061,-0.051,0.023,1.046,2,1366
514789638,-0.976,0.305,0.793,0.013,0.159,1.065,2,1366
514790576,-0.854,0.793,0.610,0.080,0.032,1.092,2,1366
514791638,-1.341,1.829,0.305,0.058,-0.030,1.004,2,1366
514792579,-1.037,2.561,-0.061,-0.004,-0.019,1.016,2,1366
514793638,-1.402,2.805,-0.183,-0.140,0.014,0.993,2,1366
514794578,-1.280,1.402,0.000,-0.027,0.054,1.032,2,1366
514795638,-1.037,0.549,0.488,-0.037,0.120,1.064,2,1366
514796584,-0.427,0.122,0.488,0.043,0.020,1.068,2,1366
514797638,-0.732,1.890,0.610,0.091,-0.026,1.034,2,1366
514798576,-1.159,2.988,0.122,-0.028,-0.018,1.004,2,1366
514799638,-1.037,2.866,-0.122,-0.111,-0.030,1.012,2,1366
514800584,-1.341,1.890,0.183,-0.045,0.117,1.018,2,1366
514801638,-1.037,0.610,0.732,-0.045,0.045,1.046,2,1366
514802583,-1.098,0.183,0.915,0.034,0.103,1.064,2,1366
514803638,-1.098,1.402,0.671,0.086,0.044,1.083,2,1366
514804576,-1.402,2.378,0.366,-0.024,-0.073,1.002,2,1366
514805638,-1.280,2.622,-0.061,-0.068,0.015,1.021,2,1366
514806576,-1.341,2.134,0.122,-0.073,0.084,1.016,2,1366
514807638,-1.220,0.732,0.488,-0.040,0.055,1.031,2,1366
514808580,-1.402,0.305,0.976,0.002,0.104,1.066,2,1366
514809638,-1.037,0.244,0.915,0.111,-0.005,1.079,2,1366
514810580,-0.976,1.220,0.671,0.057,0.026,1.061,2,1366
514811638,-1.646,2.927,-0.183,-0.039,0.024,0.993,2,1366
514812576,-1.341,2.317,0.061,-0.084,0.016,1.016,2,1366
514813638,-1.341,1.524,0.488,-0.056,0.100,1.028,2,1366
514814584,-1.037,0.183,0.549,0.011,0.043,1.059,2,1366
514815638,-0.854,0.122,0.793,0.104,0.082,1.090,2,1366
514816576,-1.159,1.098,0.488,0.033,-0.045,1.028,2,1366
514817638,-1.585,3.110,0.244,-0.034,0.002,0.989,2,1366
514818582,-1.280,2.073,-0.305,-0.085,0.010,1.013,2,1366
514819638,-1.280,1.341,0.122,-0.083,0.117,1.020,2,1366
514820579,-0.854,0.000,0.671,0.027,0.032,1.068,2,1366
514821638,-0.793,0.183,0.976,0.059,0.125,1.095,2,1366
514822572,-1.098,0.915,0.793,0.059,-0.076,1.032,2,1366
514823638,-0.976,2.012,0.183,0.050,0.023,1.029,2,1366
514824576,-0.854,2.317,-0.305,-0.087,0.021,1.004,2,1366
514825638,-1.098,1.646,0.244,-0.085,0.081,1.039,2,1366
514826748,-0.976,0.183,0.549,0.027,0.058,1.058,2,1366
514827288,-0.854,0.183,0.854,0.028,0.089,1.104,2,1375
514828338,-0.915,1.037,0.915,0.072,-0.029,1.063,2,1375
514829638,-1.280,2.195,0.427,0.052,0.000,1.000,2,1375
514830593,-1.402,2.561,0.305,-0.002,-0.029,1.029,2,1375
514831640,-0.915,1.585,0.305,-0.051,0.041,1.036,2,1375
514832574,-1.159,0.488,0.671,-0.002,0.130,1.043,2,1375
514833640,-0.976,-0.366,0.915,0.018,0.016,1.075,2,1375
514834583,-1.159,0.671,0.915,0.081,0.048,1.069,2,1375
514835640,-1.159,1.402,0.610,0.067,-0.062,1.005,2,1375
514836579,-1.159,2.500,0.122,-0.011,0.022,1.053,2,1375
514837640,-0.976,1.585,0.122,-0.022,0.052,1.035,2,1375
514838583,-1.037,0.732,0.854,-0.042,0.122,1.037,2,1375
514839640,-0.732,0.000,0.976,0.018,-0.009,1.054,2,1375
514840575,-1.098,0.854,0.854,0.069,0.073,1.094,2,1375
514841640,-1.341,1.585,0.366,0.072,-0.063,1.029,2,1375
514842576,-1.280,2.683,0.122,-0.006,0.025,1.050,2,1375
514843640,-1.037,2.927,0.122,-0.073,-0.033,0.977,2,1375
514844576,-1.098,2.012,0.427,-0.032,0.078,1.019,2,1375
514845640,-0.671,0.305,0.671,0.033,0.049,1.040,2,1375
514846583,-1.098,0.488,0.976,0.067,0.039,1.085,2,1375
514847640,-1.220,1.280,0.915,0.073,-0.012,1.073,2,1375
514848579,-1.280,2.439,0.427,-0.025,-0.027,1.014,2,1375
514849640,-1.098,2.500,0.244,-0.017,0.003,0.996,2,1375
514850583,-0.976,2.073,0.366,-0.068,0.059,0.986,2,1375
514851640,-0.793,0.305,1.098,0.001,0.120,1.052,2,1375
514852639,-0.854,0.061,1.098,0.087,-0.006,1.078,2,1375
514853159,-0.854,0.061,1.098,0.087,-0.006,1.078,2,1375
514854701,-1.159,2.256,0.305,-0.003,-0.099,1.003,2,1375
514855217,-0.915,2.622,0.000,-0.004,0.051,1.008,2,1375
514856699,-1.159,2.073,0.305,-0.088,0.013,0.993,2,1375
514857212,-1.159,0.793,0.305,-0.055,0.062,1.049,2,1375
514858701,-1.037,-0.061,1.098,0.093,0.026,1.074,2,1375
514859218,-1.037,-0.061,1.098,0.093,0.026,1.074,2,1375
514860699,-1.159,2.134,0.488,0.018,-0.055,1.021,2,1375
514861212,-1.280,2.683,0.122,0.005,0.038,1.000,2,1375
514862699,-1.037,2.256,-0.061,-0.081,0.004,1.030,2,1375
514863212,-0.976,1.341,0.122,-0.075,0.094,1.020,2,1375
514864699,-1.159,0.122,1.220,0.052,0.078,1.085,2,1375
514865210,-1.159,0.122,1.220,0.052,0.078,1.085,2,1375
514866699,-1.159,2.439,0.427,0.062,0.016,1.032,2,1375
514867212,-1.159,2.439,0.427,0.062,0.016,1.032,2,1375
514868699,-1.280,2.317,-0.122,-0.094,0.016,1.032,2,1375
514869215,-1.220,1.646,0.244,-0.077,0.091,1.015,2,1375
514870699,-0.976,0.305,0.610,0.055,0.070,1.050,2,1375
514871215,-0.915,0.183,0.915,0.015,0.091,1.094,2,1375
514872699,-1.159,2.256,0.305,0.078,0.042,1.026,2,1375
514873215,-1.159,2.256,0.305,0.078,0.042,1.026,2,1375
514874728,-1.463,2.317,0.061,-0.093,0.025,1.013,2,1375
514875238,-1.524,1.463,0.427,-0.062,0.066,1.020,2,1375
514876548,-1.524,0.061,0.610,0.054,0.091,1.051,2,1375
514877639,-1.280,0.000,0.915,-0.019,0.060,1.097,2,1385
514878662,-0.976,1.890,0.549,0.083,0.020,1.015,2,1385
514879176,-0.976,1.890,0.549,0.083,0.020,1.015,2,1385
514880701,-1.280,2.622,-0.366,-0.097,0.021,1.002,2,1385
514881213,-1.037,1.646,0.000,-0.006,0.056,1.013,2,1385
514882700,-1.280,0.610,0.610,-0.001,0.116,1.048,2,1385
514883208,-1.037,0.000,0.793,-0.018,0.012,1.084,2,1385
514884700,-1.341,0.549,0.793,0.065,0.039,1.079,2,1385
514885214,-1.463,1.707,0.671,0.071,-0.016,1.009,2,1385
514886700,-1.402,2.866,-0.427,-0.089,0.006,0.984,2,1385
514887208,-1.402,2.866,-0.427,-0.089,0.006,0.984,2,1385
514888700,-1.037,0.793,0.549,-0.052,0.107,1.054,2,1385
514889202,-0.793,0.061,0.366,-0.006,0.011,1.064,2,1385
514890700,-0.793,0.854,0.732,0.073,0.064,1.066,2,1385
514891213,-0.793,1.463,0.610,0.070,-0.032,1.036,2,1385
514892700,-1.402,2.744,-0.244,-0.053,-0.020,0.983,2,1385
514893214,-1.402,2.744,-0.244,-0.053,-0.020,0.983,2,1385
514894700,-1.159,0.793,0.427,-0.076,0.029,1.050,2,1385
514895214,-1.098,0.427,0.610,0.012,0.063,1.069,2,1385
514896700,-1.159,0.793,0.976,0.073,0.027,1.045,2,1385
514897202,-1.037,1.524,0.671,0.038,-0.015,1.058,2,1385
514898700,-1.280,2.622,-0.061,0.008,0.009,0.991,2,1385
514899214,-1.280,2.622,-0.061,0.008,0.009,0.991,2,1385
514900700,-1.098,0.732,0.488,-0.066,0.017,1.042,2,1385
514901202,-1.098,0.732,0.488,-0.066,0.017,1.042,2,1385
514902700,-0.976,0.488,0.976,0.080,0.022,1.070,2,1385
514903208,-0.793,1.707,0.793,-0.004,-0.012,1.068,2,1385
514904700,-0.854,2.256,0.122,-0.011,-0.058,1.013,2,1385
514905202,-1.280,2.561,0.183,0.032,0.046,0.979,2,1385
514906700,-0.915,0.671,0.000,-0.069,0.056,1.055,2,1385
514907202,-0.915,0.671,0.000,-0.069,0.056,1.055,2,1385
514908700,-1.098,0.427,0.427,0.072,0.036,1.097,2,1385
514909202,-1.037,1.707,0.488,-0.026,-0.021,1.053,2,1385
514910700,-0.976,2.378,0.122,0.039,-0.035,1.004,2,1385
514911214,-1.463,2.683,0.305,0.012,0.053,0.997,2,1385
514912700,-0.915,0.915,0.305,-0.048,0.108,1.047,2,1385
514913214,-0.915,0.915,0.305,-0.048,0.108,1.047,2,1385
514914700,-0.671,0.732,0.793,0.029,0.031,1.108,2,1385
514915202,-0.671,0.732,0.793,-0.019,-0.026,1.056,2,1385
514916700,-1.159,2.500,0.122,0.075,-0.003,1.011,2,1385
514917214,-1.280,2.866,-0.061,-0.033,0.028,0.993,2,1385
514918700,-0.976,2.195,-0.488,-0.087,-0.011,1.009,2,1385
514919214,-1.159,1.159,0.183,-0.003,0.109,1.041,2,1385
514920700,-1.280,0.671,0.854,-0.026,0.024,1.093,2,1385
514921214,-1.280,0.671,0.854,-0.026,0.024,1.093,2,1385
514922700,-1.341,2.439,0.183,0.070,0.021,1.012,2,1385
514923214,-1.159,2.927,0.244,-0.057,-0.027,1.003,2,1385
514924700,-1.098,2.622,-0.122,-0.066,0.039,1.009,2,1385
514925242,-1.402,1.524,0.488,0.011,0.081,1.024,2,1385
514926456,-1.159,0.427,0.915,0.024,0.096,1.079,2,1385
514927638,-1.098,1.341,0.854,0.065,-0.019,1.048,2,1395
514928654,-1.098,2.500,0.671,0.035,0.034,1.024,2,1395
514929174,-0.915,2.622,0.305,-0.061,-0.066,0.996,2,1395
514930700,-0.793,2.195,0.000,-0.056,0.076,1.008,2,1395
514931209,-0.915,0.854,0.366,0.014,0.045,1.025,2,1395
514932699,-1.159,0.427,0.732,-0.017,0.007,1.070,2,1395
514933217,-1.159,0.427,0.732,-0.017,0.007,1.070,2,1395
514934699,-1.280,2.439,0.549,0.009,0.003,1.036,2,1395
514935217,-1.280,2.439,0.549,0.009,0.003,1.036,2,1395
514936699,-1.098,2.317,-0.122,-0.023,0.064,0.994,2,1395
514937217,-0.915,1.037,0.366,0.014,0.051,1.045,2,1395
514938699,-1.098,0.427,0.732,-0.049,0.094,1.057,2,1395
514939216,-1.098,0.244,0.610,0.034,-0.006,1.092,2,1395
514940699,-1.220,2.012,0.549,0.004,-0.073,1.034,2,1395
514941217,-1.220,2.012,0.549,0.004,-0.073,1.034,2,1395
514942699,-0.854,2.134,-0.061,0.001,0.026,0.982,2,1395
514943210,-0.732,0.976,0.305,-0.004,0.072,1.050,2,1395
514944699,-0.732,0.427,0.610,-0.056,0.059,1.053,2,1395
514945217,-0.854,0.305,0.671,0.062,0.034,1.078,2,1395
514946715,-1.220,2.378,0.427,0.003,-0.083,1.032,2,1395
514947249,-1.220,2.378,0.427,0.003,-0.083,1.032,2,1395
514948227,-1.159,3.110,-0.366,-0.024,0.020,1.006,2,1395
514949640,-0.976,1.341,0.061,-0.055,0.074,1.032,2,1395
514950584,-0.915,0.305,0.488,-0.027,0.049,1.066,2,1395
514951640,-1.220,0.183,0.854,0.072,0.073,1.084,2,1395
514952572,-1.402,1.159,1.098,0.003,-0.008,1.045,2,1395
514953640,-1.463,3.049,0.122,-0.001,0.016,0.983,2,1395
514954576,-1.220,2.317,0.183,-0.020,0.015,1.021,2,1395
514955640,-1.037,1.402,0.183,-0.068,0.087,1.031,2,1395
514956575,-1.159,0.488,0.366,0.021,0.030,1.057,2,1395
514957640,-1.280,0.366,0.793,0.033,0.110,1.091,2,1395
514958581,-1.037,1.098,0.854,-0.006,-0.045,1.048,2,1395
514959640,-0.854,2.256,0.366,0.014,0.004,1.054,2,1395
514960575,-1.280,2.500,0.000,-0.041,0.009,0.991,2,1395
514961640,-1.159,1.220,0.122,-0.062,0.066,1.019,2,1395
514962581,-1.280,0.244,0.549,0.047,0.063,1.051,2,1395
514963640,-0.854,0.549,0.671,0.005,0.082,1.091,2,1395
514964576,-1.098,1.280,0.366,-0.005,-0.032,1.053,2,1395
514965640,-0.915,2.134,0.183,0.030,0.023,1.025,2,1395
514966583,-0.976,2.500,0.305,0.007,-0.023,1.023,2,1395
514967640,-1.098,0.976,0.244,-0.017,0.031,1.020,2,1395
514968574,-1.220,0.183,0.305,0.035,0.107,1.071,2,1395
514969640,-1.037,0.366,0.793,-0.022,0.031,1.055,2,1395
514970583,-1.098,1.524,1.098,0.019,-0.010,1.088,2,1395
514971640,-1.159,2.500,0.671,0.042,0.035,1.011,2,1395
514972576,-1.098,2.683,0.244,-0.007,-0.068,1.013,2,1395
514973640,-0.793,1.037,0.122,0.005,0.000,1.023,2,1395
514974579,-0.793,0.244,0.427,0.002,0.143,1.099,2,1395
514975641,-0.915,0.244,0.732,-0.009,-0.005,1.053,2,1395
514976743,-1.463,1.098,0.610,0.034,0.021,1.079,2,1395
514977283,-1.402,2.195,0.732,0.026,0.022,1.034,2,1405
514978375,-1.220,2.683,0.366,-0.017,-0.066,0.983,2,1405
514979638,-0.854,2.500,-0.061,-0.043,0.054,1.001,2,1405
514980580,-0.915,1.402,0.000,0.022,0.005,1.033,2,1405
514981638,-1.098,0.305,0.915,0.024,0.014,1.069,2,1405
514982580,-1.341,1.220,0.488,0.033,0.045,1.068,2,1405
514983638,-1.280,2.378,0.488,0.004,-0.026,1.033,2,1405
514984583,-1.220,3.049,0.122,-0.006,-0.001,1.004,2,1405
514985638,-0.976,2.256,-0.244,-0.024,0.019,0.982,2,1405
514986583,-1.037,1.220,-0.061,0.013,0.055,1.044,2,1405
514987638,-0.793,0.122,0.915,0.050,0.004,1.096,2,1405
514988568,-1.159,1.220,0.976,0.022,0.071,1.055,2,1405
514989638,-1.463,2.195,0.488,0.012,-0.073,1.030,2,1405
514990582,-1.280,2.988,-0.061,-0.010,0.047,1.018,2,1405
514991638,-0.854,2.134,-0.061,0.011,-0.013,0.987,2,1405
514992578,-1.098,0.976,0.000,-0.028,0.078,1.050,2,1405
514993638,-1.098,0.305,0.732,-0.024,0.057,1.054,2,1405
514994568,-0.915,0.244,0.793,-0.014,0.019,1.058,2,1405
514995638,-1.159,2.012,0.732,0.012,-0.042,1.029,2,1405
514996583,-1.159,2.622,0.427,-0.002,0.021,0.996,2,1405
514997638,-1.037,1.951,0.000,-0.001,0.003,1.021,2,1405
514998618,-0.915,1.159,-0.244,-0.059,0.085,1.010,2,1405
514999150,-0.976,0.061,0.183,0.031,0.046,1.076,2,1405
515000700,-1.159,0.854,0.732,-0.040,-0.051,1.046,2,1405
515001207,-1.159,0.854,0.732,-0.040,-0.051,1.046,2,1405
515002700,-0.976,2.683,0.244,0.002,-0.022,0.979,2,1405
515003207,-0.976,2.683,0.244,0.002,-0.022,0.979,2,1405
515004700,-0.976,1.341,0.244,-0.040,0.083,1.019,2,1405
515005206,-0.854,0.183,0.610,0.061,0.045,1.054,2,1405
515006700,-1.159,0.549,0.732,-0.013,0.088,1.103,2,1405
515007206,-1.341,1.098,0.732,-0.027,-0.038,1.035,2,1405
515008700,-1.220,2.683,0.183,-0.002,-0.011,1.015,2,1405
515009205,-1.220,2.683,0.183,-0.002,-0.011,1.015,2,1405
515010700,-0.976,1.098,0.244,0.004,0.092,1.022,2,1405
515011208,-1.220,0.122,0.549,0.031,0.049,1.050,2,1405
515012700,-1.280,0.244,0.671,-0.042,0.046,1.100,2,1405
515013211,-1.280,1.220,0.854,0.021,-0.008,1.056,2,1405
515014700,-1.098,2.683,0.244,-0.029,-0.044,1.032,2,1405
515015208,-1.098,2.683,0.244,-0.029,-0.044,1.032,2,1405
515016700,-0.915,1.098,0.183,0.029,0.041,1.011,2,1405
515017211,-0.915,1.098,0.183,0.006,0.100,1.071,2,1405
515018700,-1.098,0.610,0.427,-0.043,0.010,1.069,2,1405
515019207,-0.915,1.220,0.610,0.046,0.017,1.084,2,1405
515020700,-0.793,2.317,0.793,0.008,0.027,1.024,2,1405
515021207,-0.732,2.561,0.305,-0.049,-0.082,0.999,2,1405
515022700,-0.793,1.098,0.183,0.027,0.015,1.008,2,1405
515023205,-0.793,1.098,0.183,0.027,0.015,1.008,2,1405
515024700,-0.976,0.366,0.915,-0.009,0.034,1.081,2,1405
515025236,-1.341,1.341,0.671,0.066,0.021,1.061,2,1405
515026450,-1.524,2.378,0.671,-0.027,0.000,1.045,2,1405
515027639,-1.280,2.683,0.122,-0.034,-0.054,0.991,2,1414
515028666,-1.220,0.793,0.183,-0.014,0.012,1.037,2,1414
515029180,-1.220,0.793,0.183,-0.014,0.012,1.037,2,1414
515030700,-0.732,0.305,0.854,0.030,0.019,1.086,2,1414
515031217,-0.671,1.463,0.732,0.021,0.044,1.075,2,1414
515032699,-0.915,2.256,0.610,-0.044,-0.065,1.026,2,1414
515033217,-0.854,2.683,-0.061,0.004,0.019,0.989,2,1414
515034699,-0.732,0.976,0.061,-0.029,0.021,1.047,2,1414
515035211,-0.732,0.976,0.061,-0.029,0.021,1.047,2,1414
515036699,-0.793,0.061,0.793,0.082,0.024,1.080,2,1414
515037217,-0.793,0.061,0.793,0.082,0.024,1.080,2,1414
515038699,-0.854,2.073,0.305,-0.024,-0.061,1.027,2,1414
515039210,-1.098,2.317,0.061,0.051,0.061,0.979,2,1414
515040699,-0.915,1.768,0.000,-0.018,0.015,1.000,2,1414
515041217,-0.976,0.915,-0.061,-0.032,0.034,1.051,2,1414
515042701,-1.220,0.366,1.098,0.042,0.024,1.087,2,1414
515043218,-1.220,0.366,1.098,0.042,0.024,1.087,2,1414
515044699,-1.159,2.744,0.488,0.017,-0.025,1.021,2,1414
515045217,-1.098,2.805,0.427,0.042,0.044,0.995,2,1414
515046699,-1.037,1.890,0.000,-0.046,-0.029,1.021,2,1414
515047217,-0.854,1.037,0.000,-0.027,0.081,1.042,2,1414
515048699,-1.159,0.488,0.976,-0.018,0.023,1.118,2,1414
515049217,-1.159,0.488,0.976,-0.018,0.023,1.118,2,1414
515050699,-0.915,2.561,0.549,0.073,0.001,1.016,2,1414
515051217,-0.915,2.561,0.549,-0.009,0.031,1.011,2,1414
515052699,-1.037,1.524,0.061,-0.048,-0.024,0.996,2,1414
515053217,-1.098,0.610,0.366,0.022,0.123,1.043,2,1414
515054699,-1.341,0.183,0.854,0.043,0.053,1.054,2,1414
515055217,-1.280,0.610,0.732,-0.054,0.005,1.103,2,1414
515056699,-1.220,2.378,0.549,0.079,0.004,1.034,2,1414
515057217,-1.220,2.378,0.549,0.079,0.004,1.034,2,1414
515058699,-0.854,1.646,-0.122,-0.016,-0.000,0.998,2,1414
515059217,-0.732,0.854,0.305,0.054,0.120,1.032,2,1414
515060699,-1.037,0.366,0.488,-0.002,0.014,1.085,2,1414
515061210,-1.280,1.037,0.732,-0.056,0.027,1.090,2,1414
515062699,-1.159,2.622,0.671,0.024,0.012,1.055,2,1414
515063211,-1.159,2.622,0.671,0.024,0.012,1.055,2,1414
515064699,-1.159,1.585,0.000,0.037,0.040,0.997,2,1414
515065209,-1.220,0.610,0.671,0.036,0.091,1.025,2,1414
515066699,-1.098,0.000,0.549,-0.040,0.003,1.088,2,1414
515067217,-0.976,0.671,0.549,-0.021,0.057,1.090,2,1414
515068699,-1.098,2.500,0.427,-0.042,-0.003,1.043,2,1414
515069211,-1.098,2.500,0.427,-0.042,-0.003,1.043,2,1414
515070699,-0.732,1.707,0.000,0.062,0.064,1.004,2,1414
515071217,-0.732,1.707,0.000,0.062,0.064,1.004,2,1414
515072699,-0.671,0.183,0.610,-0.023,0.012,1.084,2,1414
515073210,-1.037,0.976,0.915,0.012,0.068,1.077,2,1414
515074729,-1.098,1.829,0.976,0.043,-0.011,1.060,2,1414
515075239,-1.037,2.805,0.610,-0.070,-0.007,1.015,2,1414
515076430,-0.854,2.439,-0.244,0.019,-0.016,0.985,2,1414
515077639,-1.159,0.549,0.122,-0.053,0.005,1.036,2,1424
515078652,-1.280,0.427,0.366,-0.001,0.059,1.084,2,1424
515079165,-1.341,0.915,0.793,0.038,0.044,1.070,2,1424
515080712,-1.280,2.073,0.732,-0.020,-0.013,1.059,2,1424
515081233,-1.159,2.805,0.366,-0.050,-0.017,1.017,2,1424
515082225,-0.915,2.317,-0.122,0.050,0.017,0.981,2,1424
515083693,-0.915,0.183,0.061,-0.052,0.019,1.034,2,1424
515084194,-0.915,0.183,0.061,-0.052,0.019,1.034,2,1424
515085700,-1.341,0.915,0.915,0.001,0.013,1.086,2,1424
515086212,-1.220,1.951,0.427,-0.046,-0.021,1.053,2,1424
515087708,-1.585,2.561,0.488,0.014,0.003,0.998,2,1424
515088226,-1.037,2.134,0.244,0.060,0.034,0.984,2,1424
515089700,-1.280,0.305,0.000,0.005,0.033,1.066,2,1424
515090209,-1.280,0.305,0.000,0.005,0.033,1.066,2,1424
515091700,-1.463,1.280,0.671,-0.041,-0.041,1.064,2,1424
515092207,-1.159,2.561,0.305,-0.037,0.026,1.074,2,1424
515093700,-0.915,2.866,0.122,0.040,0.006,1.007,2,1424
515094209,-0.549,2.012,0.000,0.008,0.023,0.997,2,1424
515095700,-0.915,0.732,0.061,0.056,0.053,1.044,2,1424
515096209,-1.220,0.061,0.183,0.056,0.053,1.044,2,1424
515097700,-1.463,1.341,0.793,-0.063,-0.029,1.056,2,1424
515098209,-1.463,1.341,0.793,-0.063,-0.029,1.056,2,1424
515099700,-0.976,2.866,0.610,0.036,0.000,1.003,2,1424
515100206,-0.671,2.317,0.122,-0.024,0.010,0.990,2,1424
515101701,-0.793,1.220,0.000,-0.001,0.038,1.020,2,1424
515102214,-0.854,-0.061,0.488,0.064,0.087,1.056,2,1424
515103709,-1.341,1.341,0.549,-0.048,-0.016,1.090,2,1424
515104230,-1.341,1.341,0.549,-0.048,-0.016,1.090,2,1424
515105700,-0.854,2.439,0.366,-0.012,-0.035,0.989,2,1424
515106214,-0.671,2.195,-0.366,-0.021,0.044,1.015,2,1424
515107700,-0.976,0.976,-0.122,0.047,0.046,1.004,2,1424
515108209,-1.220,0.183,0.366,0.021,0.084,1.062,2,1424
515109700,-1.463,1.220,0.793,0.017,0.007,1.073,2,1424
515110206,-1.463,1.220,0.793,0.017,0.007,1.073,2,1424
515111700,-0.976,2.683,0.183,-0.036,-0.072,0.980,2,1424
515112206,-0.976,2.683,0.183,-0.036,-0.072,0.980,2,1424
515113700,-0.854,0.671,0.061,0.041,0.042,1.010,2,1424
515114208,-0.915,0.305,0.366,-0.013,0.059,1.052,2,1424
515115700,-1.402,0.488,0.793,-0.049,0.014,1.087,2,1424
515116212,-1.463,1.524,0.671,0.034,0.025,1.057,2,1424
515117700,-1.037,2.744,0.244,-0.021,-0.030,0.996,2,1424
515118213,-1.037,2.744,0.244,-0.021,-0.030,0.996,2,1424
515119700,-1.159,0.854,0.427,0.004,0.036,1.036,2,1424
515120209,-1.280,0.549,0.427,-0.021,0.061,1.073,2,1424
515121700,-1.768,0.915,0.854,-0.005,0.012,1.077,2,1424
515122203,-1.768,1.890,0.976,0.001,0.034,1.088,2,1424
515123700,-0.793,2.561,0.366,0.016,0.000,1.003,2,1424
515124209,-0.793,2.561,0.366,0.016,0.000,1.003,2,1424
515125700,-0.976,0.244,0.000,-0.019,0.013,1.009,2,1424
515126216,-1.037,0.122,0.122,0.002,0.075,1.096,2,1424
515127432,-1.585,0.671,0.610,0.023,0.010,1.069,2,1424
515128639,-1.524,1.890,0.610,-0.044,0.027,1.053,2,1434
515129661,-1.159,2.683,0.671,-0.031,-0.023,1.021,2,1434
515130175,-1.220,2.317,0.244,0.044,0.032,0.990,2,1434
515131700,-0.854,0.488,0.305,-0.000,0.036,1.032,2,1434
515132216,-0.854,0.488,0.305,-0.000,0.036,1.032,2,1434
515133700,-1.585,0.549,0.915,-0.014,-0.002,1.087,2,1434
515134209,-1.280,2.012,0.976,-0.035,0.018,1.050,2,1434
515135699,-1.098,2.622,0.427,0.006,-0.017,1.004,2,1434
515136209,-0.793,2.195,0.122,0.027,0.044,1.005,2,1434
515137699,-1.037,0.427,0.122,0.036,0.034,1.053,2,1434
515138208,-1.037,0.427,0.122,0.036,0.034,1.053,2,1434
515139699,-1.159,1.280,0.915,-0.052,-0.022,1.059,2,1434
515140208,-1.098,2.195,0.610,-0.008,0.047,1.078,2,1434
515141699,-1.280,2.683,0.549,0.021,-0.006,1.013,2,1434
515142208,-0.915,2.256,0.122,-0.024,0.022,0.995,2,1434
515143699,-1.037,0.122,0.366,0.049,0.059,1.042,2,1434
515144209,-1.037,0.122,0.366,0.049,0.059,1.042,2,1434
515145699,-1.341,1.159,0.671,-0.045,-0.002,1.055,2,1434
515146208,-1.341,1.159,0.671,-0.045,-0.002,1.055,2,1434
515147699,-0.854,2.805,0.427,-0.003,-0.030,1.031,2,1434
515148211,-0.732,2.439,-0.061,-0.005,0.026,0.991,2,1434
515149699,-0.793,1.159,0.000,0.045,0.020,1.000,2,1434
515150208,-0.854,0.122,0.000,0.025,0.059,1.063,2,1434
515151699,-0.976,1.524,0.610,-0.004,-0.002,1.094,2,1434
515152211,-0.976,1.524,0.610,-0.004,-0.002,1.094,2,1434
515153699,-0.732,2.561,0.122,-0.044,-0.061,0.963,2,1434
515154211,-0.366,2.012,-0.183,0.044,0.076,1.003,2,1434
515155699,-0.671,0.793,0.183,0.042,0.035,1.024,2,1434
515156208,-1.280,0.122,0.061,-0.022,0.050,1.072,2,1434
515157699,-1.707,1.585,0.671,0.005,0.002,1.053,2,1434
515158211,-1.707,1.585,0.671,0.005,0.002,1.053,2,1434
515159699,-1.098,2.561,0.122,-0.000,-0.019,0.986,2,1434
515160211,-0.732,1.585,-0.061,0.075,0.060,0.991,2,1434
515161699,-0.732,0.610,0.305,0.014,0.031,1.027,2,1434
515162208,-0.976,0.366,0.366,-0.028,0.045,1.060,2,1434
515163699,-1.585,0.793,0.732,-0.002,0.040,1.096,2,1434
515164208,-1.524,1.768,0.854,-0.007,0.019,1.075,2,1434
515165699,-0.854,2.622,0.305,0.036,0.000,0.988,2,1434
515166208,-0.854,2.622,0.305,0.036,0.000,0.988,2,1434
515167699,-0.671,0.427,0.000,-0.030,0.008,1.014,2,1434
515168211,-0.976,0.244,0.427,0.019,0.072,1.085,2,1434
515169699,-1.402,0.915,1.220,-0.012,0.013,1.078,2,1434
515170208,-1.524,2.073,0.671,-0.050,-0.008,1.071,2,1434
515171699,-0.915,2.195,0.549,0.072,0.005,0.974,2,1434
515172208,-0.915,2.195,0.549,0.072,0.005,0.974,2,1434
515173699,-1.037,0.427,0.122,-0.005,0.037,1.017,2,1434
515174209,-1.220,0.488,0.610,0.049,0.057,1.075,2,1434
515175699,-1.402,1.037,0.732,-0.050,0.005,1.103,2,1434
515176208,-1.341,2.073,0.488,-0.066,0.001,1.060,2,1434
515177451,-1.098,2.683,0.366,0.035,0.026,1.000,2,1434
515178639,-0.854,1.159,0.183,-0.034,0.031,1.013,2,1444
515179649,-0.854,0.244,0.366,0.061,0.062,1.036,2,1444
515180167,-0.854,0.244,0.366,0.061,0.062,1.036,2,1444
515181712,-1.463,1.220,0.732,-0.089,-0.033,1.074,2,1444
515182236,-1.341,2.500,0.793,-0.011,0.042,1.044,2,1444
515183701,-1.037,2.927,0.793,0.040,0.019,0.982,2,1444
515184215,-0.549,2.073,0.244,-0.014,-0.018,1.006,2,1444
515185700,-1.098,0.061,0.366,0.082,0.042,1.021,2,1444
515186216,-1.098,0.061,0.366,0.082,0.042,1.021,2,1444
515187700,-1.463,1.463,0.671,-0.079,0.004,1.066,2,1444
515188214,-1.220,2.500,0.732,0.049,0.030,1.037,2,1444
515189700,-0.915,2.683,0.549,-0.030,0.009,1.014,2,1444
515190216,-0.610,1.646,-0.122,-0.014,-0.009,0.977,2,1444
515191700,-1.159,0.061,0.366,0.017,0.016,1.062,2,1444
515192216,-1.159,0.061,0.366,0.017,0.016,1.062,2,1444
515193700,-1.341,1.463,0.732,0.013,0.036,1.055,2,1444
515194214,-1.220,2.805,0.732,0.008,0.022,1.030,2,1444
515195700,-1.098,2.927,0.183,-0.060,-0.030,1.000,2,1444
515196210,-1.159,1.707,-0.305,0.059,0.049,0.979,2,1444
515197700,-1.159,0.610,0.183,0.077,0.064,1.002,2,1444
515198214,-1.463,0.122,0.427,-0.042,-0.012,1.092,2,1444
515199700,-1.707,1.646,0.915,0.043,0.015,1.034,2,1444
515200209,-1.707,1.646,0.915,0.043,0.015,1.034,2,1444
515201700,-0.976,2.378,0.244,-0.028,0.008,0.975,2,1444
515202210,-0.549,1.341,-0.061,0.115,0.042,0.990,2,1444
515203700,-0.793,0.549,0.244,-0.014,0.072,1.035,2,1444
515204216,-1.098,0.122,0.183,-0.048,-0.035,1.063,2,1444
515205700,-1.524,2.134,1.098,-0.018,-0.010,1.060,2,1444
515206209,-1.524,2.134,1.098,-0.018,-0.010,1.060,2,1444
515207700,-0.793,2.378,0.244,0.056,0.045,0.969,2,1444
515208209,-0.549,1.220,0.061,0.098,0.018,1.017,2,1444
515209700,-0.854,0.427,-0.061,-0.057,0.039,1.034,2,1444
515210214,-1.220,0.305,0.061,0.000,0.012,1.083,2,1444
515211701,-1.768,2.012,0.610,-0.067,-0.062,1.057,2,1444
515212217,-1.768,2.012,0.610,-0.067,-0.062,1.057,2,1444
515213700,-0.976,2.439,0.427,0.107,0.032,0.959,2,1444
515214209,-0.976,2.439,0.427,0.107,0.032,0.959,2,1444
515215700,-1.037,0.061,0.000,-0.049,0.057,1.021,2,1444
515216216,-1.220,0.366,0.549,0.063,0.030,1.070,2,1444
515217701,-1.220,1.585,1.098,-0.083,0.042,1.101,2,1444
515218217,-1.220,2.561,0.610,-0.064,-0.056,1.038,2,1444
515219700,-0.793,1.768,0.305,0.057,-0.001,0.995,2,1444
515220209,-0.793,1.768,0.305,0.057,-0.001,0.995,2,1444
515221710,-0.854,0.427,0.549,0.033,0.072,1.038,2,1444
515222228,-1.646,0.671,1.037,0.011,0.030,1.100,2,1444
515223700,-1.646,1.890,0.549,-0.130,0.008,1.077,2,1444
515224209,-1.402,2.561,0.427,0.010,0.000,1.013,2,1444
515225700,-0.976,1.707,0.244,-0.021,-0.040,0.995,2,1444
515226210,-0.976,1.707,0.244,-0.021,-0.040,0.995,2,1444
515227445,-1.463,0.061,0.427,0.064,0.070,1.049,2,1444
515228639,-1.402,0.671,0.732,-0.082,-0.026,1.108,2,1453
515229646,-1.280,1.951,0.549,-0.074,0.039,1.065,2,1453
515230157,-0.915,2.317,0.854,0.067,0.004,1.005,2,1453
515231700,-0.610,2.317,0.732,-0.010,0.037,1.006,2,1453
515232216,-0.549,1.463,-0.183,-0.004,-0.012,0.991,2,1453
515233699,-1.280,0.366,0.366,0.002,0.029,1.090,2,1453
515234208,-1.280,0.366,0.366,0.002,0.029,1.090,2,1453
515235699,-1.524,2.195,1.037,0.001,0.057,1.046,2,1453
515236211,-0.976,2.622,1.037,0.034,-0.006,1.027,2,1453
515237709,-0.183,2.378,0.183,-0.044,0.027,0.992,2,1453
515238230,-0.305,1.280,-0.061,0.075,0.012,0.992,2,1453
515239699,-1.402,0.427,0.549,-0.092,-0.012,1.074,2,1453
515240209,-1.402,0.427,0.549,-0.092,-0.012,1.074,2,1453
515241699,-1.159,2.134,0.793,0.031,0.068,1.051,2,1453
515242209,-0.854,2.561,0.122,-0.042,-0.045,0.992,2,1453
515243699,-0.427,2.012,-0.244,0.020,0.052,0.993,2,1453
515244208,-0.610,0.732,-0.183,0.108,0.042,0.997,2,1453
515245699,-1.707,0.488,0.244,-0.085,-0.005,1.093,2,1453
515246208,-1.707,0.488,0.244,-0.085,-0.005,1.093,2,1453
515247699,-1.280,2.683,0.732,-0.032,0.011,1.057,2,1453
515248209,-1.280,2.683,0.732,-0.032,0.011,1.057,2,1453
515249699,-0.305,1.951,0.000,0.103,0.053,0.986,2,1453
515250208,-0.671,0.610,0.366,0.058,0.042,1.016,2,1453
515251700,-0.732,0.061,0.000,-0.058,0.017,1.052,2,1453
515252217,-1.646,0.549,0.427,-0.019,0.045,1.093,2,1453
515253699,-0.793,2.683,0.671,-0.090,-0.012,1.029,2,1453
515254208,-0.793,2.683,0.671,-0.090,-0.012,1.029,2,1453
515255699,-0.732,1.707,0.061,0.098,0.069,1.015,2,1453
515256211,-1.098,0.793,-0.061,-0.016,0.016,1.009,2,1453
515257699,-1.524,0.366,0.183,-0.007,0.024,1.083,2,1453
515258211,-1.829,1.037,0.793,-0.011,0.064,1.087,2,1453
515259699,-1.159,2.622,0.671,-0.039,0.040,1.023,2,1453
515260211,-1.159,2.622,0.671,-0.039,0.040,1.023,2,1453
515261699,-0.793,1.280,0.183,0.025,0.031,1.016,2,1453
515262208,-0.793,1.280,0.183,-0.033,0.018,1.027,2,1453
515263699,-1.159,0.183,0.366,0.039,0.052,1.080,2,1453
515264208,-1.402,1.159,0.976,-0.069,0.038,1.102,2,1453
515265699,-1.402,2.256,0.610,-0.083,-0.019,1.050,2,1453
515266209,-1.037,2.683,0.427,0.048,0.048,0.991,2,1453
515267699,-0.549,1.098,0.122,-0.006,0.028,1.010,2,1453
515268208,-0.549,1.098,0.122,-0.006,0.028,1.010,2,1453
515269699,-1.341,0.427,0.488,-0.004,0.048,1.117,2,1453
515270211,-1.280,1.585,1.098,-0.115,0.002,1.077,2,1453
515271699,-0.976,2.561,0.793,-0.009,0.007,1.036,2,1453
515272208,-0.915,2.683,0.549,0.040,0.053,1.026,2,1453
515273699,-0.549,0.793,-0.061,0.038,0.034,1.028,2,1453
515274211,-0.549,0.793,-0.061,0.038,0.034,1.028,2,1453
515275699,-1.159,0.732,0.366,-0.084,-0.014,1.086,2,1453
515276211,-1.220,1.768,0.610,-0.072,0.056,1.083,2,1453
515277438,-1.098,2.622,0.854,0.056,-0.008,1.038,2,1453
515278638,-0.854,2.561,0.549,-0.023,0.039,0.986,2,1463
515279638,-0.610,1.890,0.122,0.045,-0.015,0.986,2,1463
515280151,-0.976,0.793,0.122,0.078,0.082,1.027,2,1463
515281701,-1.280,1.037,0.793,-0.085,0.010,1.096,2,1463
515282215,-1.280,1.037,0.793,-0.085,0.010,1.096,2,1463
515283700,-1.037,2.500,0.610,-0.021,-0.018,1.036,2,1463
515284216,-0.610,2.134,0.244,0.016,0.046,0.983,2,1463
515285700,-0.732,1.098,-0.183,0.087,0.001,0.986,2,1463
515286207,-0.915,0.244,0.244,0.030,0.079,1.057,2,1463
515287711,-1.463,1.280,0.366,-0.050,0.038,1.100,2,1463
515288234,-1.463,1.280,0.366,-0.050,0.038,1.100,2,1463
515289700,-0.793,2.378,0.793,-0.032,-0.014,0.980,2,1463
515290216,-0.488,1.951,0.183,0.062,0.052,0.999,2,1463
515291700,-0.793,0.854,0.061,0.089,0.018,1.002,2,1463
515292209,-1.159,0.183,0.000,-0.030,0.044,1.055,2,1463
515293700,-1.463,1.341,0.671,-0.025,0.045,1.073,2,1463
515294216,-1.463,1.341,0.671,-0.025,0.045,1.073,2,1463
515295700,-0.793,2.866,0.671,0.023,0.020,0.982,2,1463
515296216,-0.793,1.707,0.061,0.104,0.044,0.987,2,1463
515297700,-1.280,0.793,0.061,0.001,0.019,1.019,2,1463
515298212,-1.220,0.366,0.183,-0.002,0.015,1.072,2,1463
515299709,-1.646,1.159,0.671,-0.051,0.045,1.075,2,1463
515300236,-1.463,2.012,0.854,-0.062,0.003,1.087,2,1463
515301700,-0.549,2.378,0.366,0.064,0.013,0.973,2,1463
515302212,-0.549,2.378,0.366,0.064,0.013,0.973,2,1463
515303700,-0.854,0.427,0.061,0.006,0.025,1.010,2,1463
515304216,-1.341,-0.061,0.244,0.017,0.035,1.084,2,1463
515305700,-1.829,0.976,0.610,-0.061,0.032,1.096,2,1463
515306212,-1.585,2.256,0.610,-0.072,0.003,1.052,2,1463
515307700,-0.610,2.134,0.061,0.081,0.006,0.994,2,1463
515308209,-0.610,2.134,0.061,0.081,0.006,0.994,2,1463
515309700,-0.976,0.488,0.183,0.057,0.034,1.016,2,1463
515310212,-1.768,0.610,0.488,-0.021,0.031,1.106,2,1463
515311700,-1.463,1.220,0.671,-0.121,0.021,1.081,2,1463
515312207,-1.220,2.622,0.732,-0.020,0.007,1.048,2,1463
515313700,-0.610,1.585,0.122,0.012,-0.021,0.979,2,1463
515314216,-0.610,1.585,0.122,0.012,-0.021,0.979,2,1463
515315700,-1.341,0.122,0.549,0.034,0.039,1.048,2,1463
515316209,-1.341,0.122,0.549,0.034,0.039,1.048,2,1463
515317700,-1.463,1.646,0.671,-0.067,0.069,1.072,2,1463
515318209,-0.915,2.500,0.915,0.023,-0.004,1.019,2,1463
515319700,-0.488,2.439,0.671,0.003,0.028,1.011,2,1463
515320209,-0.610,1.524,0.122,0.043,0.015,0.967,2,1463
515321700,-1.159,0.305,0.488,-0.048,0.015,1.092,2,1463
515322216,-1.159,0.305,0.488,-0.048,0.015,1.092,2,1463
515323700,-1.341,2.012,0.915,0.001,0.059,1.056,2,1463
515324216,-1.037,2.622,0.854,-0.025,-0.014,1.045,2,1463
515325708,-0.305,2.256,0.244,-0.001,0.053,0.975,2,1463
515326226,-0.793,1.220,0.305,0.126,0.012,0.981,2,1463
515327466,-0.976,0.610,0.244,0.033,0.062,1.053,2,1463
515328638,-1.280,1.280,0.488,-0.029,0.035,1.095,2,1473
515329633,-1.220,2.378,0.976,-0.030,0.055,1.086,2,1473
515330147,-1.220,2.378,0.976,-0.030,0.055,1.086,2,1473
515331700,-0.671,2.073,0.183,0.097,0.063,0.993,2,1473
515332216,-1.159,1.037,0.244,0.083,0.035,0.995,2,1473
515333699,-1.159,0.427,0.183,-0.031,-0.021,1.054,2,1473
515334207,-1.463,0.915,0.854,-0.067,0.062,1.095,2,1473
515335699,-0.671,2.500,0.732,-0.073,0.010,1.073,2,1473
515336208,-0.671,2.500,0.732,-0.073,0.010,1.073,2,1473
515337699,-0.366,1.524,0.183,0.143,0.040,0.990,2,1473
515338208,-0.793,0.915,0.305,-0.007,0.024,1.023,2,1473
515339699,-1.220,0.427,0.000,-0.038,0.006,1.057,2,1473
515340208,-1.829,1.098,0.488,-0.014,0.066,1.085,2,1473
515341700,-1.220,2.805,0.427,-0.081,0.055,1.033,2,1473
515342217,-1.220,2.805,0.427,-0.081,0.055,1.033,2,1473
515343699,-0.549,1.341,0.366,0.057,0.027,1.020,2,1473
515344208,-0.549,0.610,0.000,-0.032,0.017,1.005,2,1473
515345699,-1.037,0.366,0.183,0.042,0.025,1.076,2,1473
515346208,-1.402,1.280,0.915,-0.083,0.065,1.125,2,1473
515347699,-1.037,2.622,0.488,0.039,0.076,1.006,2,1473
515348208,-1.037,2.622,0.488,0.039,0.076,1.006,2,1473
515349699,-0.854,0.915,0.061,-0.008,-0.015,1.000,2,1473
515350207,-0.854,0.915,0.061,-0.008,-0.015,1.000,2,1473
515351699,-1.463,0.671,0.610,-0.014,0.016,1.086,2,1473
515352208,-1.524,1.768,0.549,-0.137,0.010,1.086,2,1473
515353699,-1.220,2.439,0.549,-0.029,0.041,1.033,2,1473
515354208,-0.671,2.317,0.427,0.086,0.058,1.002,2,1473
515355699,-0.427,0.793,-0.122,0.049,0.038,1.004,2,1473
515356208,-0.427,0.793,-0.122,0.049,0.038,1.004,2,1473
515357699,-1.829,0.854,0.427,-0.135,-0.032,1.099,2,1473
515358208,-1.707,1.890,0.671,-0.091,0.067,1.086,2,1473
515359699,-1.585,2.561,0.976,0.073,0.034,1.013,2,1473
515360207,-0.793,2.256,0.366,0.000,0.020,1.014,2,1473
515361699,-1.037,0.427,0.000,0.120,0.050,1.004,2,1473
515362208,-1.037,0.427,0.000,0.120,0.050,1.004,2,1473
515363699,-1.585,1.159,0.488,-0.138,0.002,1.072,2,1473
515364211,-1.585,1.159,0.488,-0.138,0.002,1.072,2,1473
515365699,-1.037,2.561,1.037,-0.019,0.036,1.039,2,1473
515366208,-0.610,1.890,0.061,0.014,-0.019,0.983,2,1473
515367699,-0.488,1.037,-0.183,0.104,0.091,0.980,2,1473
515368211,-0.793,0.427,0.061,0.050,0.005,1.043,2,1473
515369699,-1.341,1.585,0.610,-0.027,0.059,1.064,2,1473
515370208,-1.341,1.585,0.610,-0.027,0.059,1.064,2,1473
515371699,-0.549,2.317,0.549,-0.053,0.012,0.993,2,1473
515372208,-0.366,1.829,0.183,0.108,0.030,0.970,2,1473
515373699,-0.732,0.915,0.061,0.103,0.066,1.018,2,1473
515374207,-1.402,0.488,0.061,-0.089,-0.043,1.055,2,1473
515375700,-1.159,1.768,1.037,0.016,0.036,1.063,2,1473
515376217,-1.159,1.768,1.037,0.016,0.036,1.063,2,1473
515377427,-0.366,2.256,0.122,0.026,0.061,0.979,2,1473
515378638,-0.366,1.098,0.061,0.167,0.017,0.983,2,1483
515379620,-0.793,0.549,-0.061,-0.032,0.027,1.040,2,1483
515380142,-1.646,0.366,0.061,-0.065,-0.026,1.054,2,1483
515381701,-1.768,2.256,1.037,-0.092,-0.003,1.079,2,1483
515382209,-1.768,2.256,1.037,-0.092,-0.003,1.079,2,1483
515383700,-0.854,1.890,0.244,0.147,0.079,0.969,2,1483
515384216,-0.854,1.890,0.244,0.147,0.079,0.969,2,1483
515385700,-0.671,0.488,-0.061,-0.046,0.010,1.068,2,1483
515386209,-1.402,0.793,0.244,-0.006,0.042,1.064,2,1483
515387700,-1.524,1.585,0.732,-0.065,0.023,1.082,2,1483
515388215,-1.341,2.500,0.610,-0.107,0.003,1.068,2,1483
515389700,-0.366,1.463,0.244,0.111,0.035,1.003,2,1483
515390214,-0.366,1.463,0.244,0.111,0.035,1.003,2,1483
515391700,-0.793,0.305,-0.061,0.031,0.034,1.059,2,1483
515392209,-1.402,0.793,0.732,-0.027,0.039,1.094,2,1483
515393700,-1.463,1.890,0.671,-0.144,-0.016,1.085,2,1483
515394216,-1.220,2.683,0.671,-0.007,0.058,1.023,2,1483
515395700,-0.488,1.524,0.122,-0.000,-0.002,1.015,2,1483
515396215,-0.488,1.524,0.122,-0.000,-0.002,1.015,2,1483
515397701,-1.280,0.610,0.183,0.039,0.025,1.079,2,1483
515398205,-1.280,0.610,0.183,0.039,0.025,1.079,2,1483
515399700,-1.280,2.378,0.732,-0.069,0.020,1.042,2,1483
515400214,-1.037,2.378,0.732,0.082,0.086,1.017,2,1483
515401700,-0.305,1.890,0.244,0.024,-0.011,0.979,2,1483
515402214,-0.610,0.976,-0.244,0.029,0.024,0.997,2,1483
515403697,-1.402,0.793,0.549,-0.100,-0.028,1.098,2,1483
515404208,-1.402,0.793,0.549,-0.100,-0.028,1.098,2,1483
515405700,-0.976,1.951,0.915,0.057,0.046,1.048,2,1483
515406214,-0.732,1.951,0.793,0.007,0.038,0.999,2,1483
515407700,-0.488,1.341,0.427,0.029,0.000,0.986,2,1483
515408215,-1.037,0.549,0.122,0.121,0.047,1.004,2,1483
515409700,-1.768,1.220,0.488,-0.157,0.000,1.099,2,1483
515410209,-1.768,1.220,0.488,-0.157,0.000,1.099,2,1483
515411700,-0.976,2.500,0.976,0.000,0.029,1.031,2,1483
515412216,-0.366,2.073,0.305,0.002,0.019,0.990,2,1483
515413700,-0.244,1.220,-0.061,0.118,0.040,0.969,2,1483
515414210,-0.488,0.427,0.244,0.061,0.031,1.039,2,1483
515415700,-1.463,1.585,0.610,-0.060,0.024,1.071,2,1483
515416209,-1.463,1.585,0.610,-0.060,0.024,1.071,2,1483
515417700,-0.976,2.622,0.854,-0.042,-0.002,0.995,2,1483
515418214,-0.976,2.622,0.854,-0.042,-0.002,0.995,2,1483
515419700,-0.854,0.854,0.061,0.101,0.055,1.012,2,1483
515420210,-1.159,0.427,0.305,-0.035,-0.027,1.030,2,1483
515421700,-1.829,0.976,0.610,-0.087,0.040,1.106,2,1483
515422216,-1.829,1.768,0.732,-0.015,0.053,1.090,2,1483
515423700,-0.671,2.439,0.244,0.029,0.056,0.991,2,1483
515424216,-0.671,2.439,0.244,0.029,0.056,0.991,2,1483
515425701,-0.854,0.671,0.000,0.010,0.024,1.010,2,1483
515426218,-1.524,0.610,0.305,-0.062,-0.022,1.069,2,1483
515427427,-1.707,1.341,0.549,-0.021,0.071,1.096,2,1483
515428639,-1.951,2.195,0.793,-0.078,-0.004,1.079,2,1492
515429632,-0.488,1.768,0.427,0.155,0.038,0.977,2,1492
515430148,-0.488,1.768,0.427,0.155,0.038,0.977,2,1492
515431700,-0.793,0.427,-0.122,-0.014,0.016,1.044,2,1492
515432216,-0.793,0.427,-0.122,-0.014,0.016,1.044,2,1492
515433699,-1.585,1.524,0.732,-0.092,0.049,1.106,2,1492
515434208,-1.159,2.378,0.793,-0.075,0.002,1.052,2,1492
515435699,-0.549,2.439,0.122,0.077,0.060,0.976,2,1492
515436211,-0.183,1.463,0.305,0.086,0.042,1.000,2,1492
515437699,-1.098,0.305,-0.061,0.031,0.035,1.062,2,1492
515438208,-1.098,0.305,-0.061,0.031,0.035,1.062,2,1492
515439699,-1.707,1.829,0.549,-0.102,0.018,1.090,2,1492
515440208,-0.915,2.317,0.854,-0.012,0.066,1.028,2,1492
515441699,-0.305,1.951,0.793,0.100,0.014,0.989,2,1492
515442211,-0.183,1.524,0.366,0.038,0.026,1.000,2,1492
515443699,-1.524,0.610,0.427,-0.019,0.018,1.097,2,1492
515444211,-1.524,0.610,0.427,-0.019,0.018,1.097,2,1492
515445699,-1.402,2.317,0.915,-0.032,0.046,1.051,2,1492
515446209,-0.854,2.561,0.732,0.055,0.050,1.044,2,1492
515447699,-0.366,1.768,0.122,0.035,0.020,0.974,2,1492
515448212,-0.488,0.854,-0.305,0.076,0.021,0.993,2,1492
515449696,-1.585,0.793,0.488,-0.124,-0.014,1.085,2,1492
515450206,-1.585,0.793,0.488,-0.124,-0.014,1.085,2,1492
515451699,-1.341,2.500,0.793,0.017,0.020,1.059,2,1492
515452208,-1.341,2.500,0.793,0.017,0.020,1.059,2,1492
515453699,-0.183,1.280,0.061,0.096,-0.003,0.966,2,1492
515454208,-0.671,0.671,0.122,0.086,0.054,1.000,2,1492
515455699,-1.524,0.549,0.305,-0.086,-0.018,1.065,2,1492
515456208,-1.829,1.341,0.549,-0.085,0.028,1.106,2,1492
515457699,-1.280,2.317,0.793,-0.057,0.012,1.010,2,1492
515458211,-1.280,2.317,0.793,-0.057,0.012,1.010,2,1492
515459699,-0.427,1.280,0.122,0.116,0.044,0.984,2,1492
515460208,-0.732,0.610,-0.122,-0.010,-0.019,1.042,2,1492
515461699,-1.402,1.159,0.244,-0.085,0.024,1.107,2,1492
515462209,-1.707,1.768,0.671,-0.041,0.048,1.064,2,1492
515463699,-0.610,2.256,0.671,0.015,0.053,0.985,2,1492
515464208,-0.610,2.256,0.671,0.015,0.053,0.985,2,1492
515465699,-0.671,0.854,0.122,0.034,0.029,1.018,2,1492
515466209,-0.671,0.854,0.122,0.034,0.029,1.018,2,1492
515467699,-1.463,1.341,0.549,-0.061,0.054,1.103,2,1492
515468208,-1.463,2.012,0.854,-0.070,-0.003,1.094,2,1492
515469699,-0.854,2.500,0.732,-0.048,0.059,1.025,2,1492
515470208,-0.549,1.890,0.427,0.117,0.056,0.971,2,1492
515471699,-0.732,0.610,0.000,-0.028,0.043,1.015,2,1492
515472209,-0.732,0.610,0.000,-0.028,0.043,1.015,2,1492
515473699,-1.951,1.463,0.732,-0.082,0.050,1.117,2,1492
515474208,-1.585,2.195,0.793,-0.104,0.011,1.056,2,1492
515475699,-0.793,2.256,0.427,0.066,0.068,0.984,2,1492
515476211,-0.549,1.829,0.549,0.106,0.023,1.012,2,1492
515477429,-0.671,1.341,-0.061,0.009,0.011,0.974,2,1492
515478638,-2.073,1.220,0.610,-0.073,0.030,1.115,2,1502
515479633,-1.707,2.012,0.854,-0.134,0.004,1.078,2,1502
515480148,-1.707,2.012,0.854,-0.134,0.004,1.078,2,1502
515481701,-0.549,2.012,0.671,0.089,0.043,1.016,2,1502
515482209,-0.122,1.341,0.244,0.025,0.002,0.990,2,1502
515483700,-1.159,0.732,0.427,-0.025,0.021,1.109,2,1502
515484216,-1.159,0.732,0.427,-0.025,0.021,1.109,2,1502
515485700,-1.524,2.317,0.793,-0.024,0.040,1.049,2,1502
515486212,-1.524,2.317,0.793,-0.024,0.040,1.049,2,1502
515487700,-0.366,1.585,0.061,0.027,-0.024,0.973,2,1502
515488209,-0.427,0.793,-0.183,0.082,0.060,0.990,2,1502
515489697,-0.793,0.427,0.183,0.050,0.015,1.032,2,1502
515490206,-1.280,0.793,0.427,-0.127,-0.051,1.092,2,1502
515491700,-1.341,2.195,1.037,0.027,0.037,1.041,2,1502
515492207,-1.341,2.195,1.037,0.027,0.037,1.041,2,1502
515493700,-0.427,1.585,0.122,0.075,0.046,0.981,2,1502
515494209,-0.549,0.854,0.122,0.134,0.018,0.967,2,1502
515495697,-1.220,0.671,0.488,-0.081,-0.031,1.086,2,1502
515496205,-1.768,1.585,0.427,-0.130,0.049,1.087,2,1502
515497700,-1.037,2.195,0.671,-0.040,0.029,1.050,2,1502
515498216,-1.037,2.195,0.671,-0.040,0.029,1.050,2,1502
515499700,-0.732,1.159,0.244,0.171,0.048,0.966,2,1502
515500216,-0.732,1.159,0.244,0.171,0.048,0.966,2,1502
515501700,-1.402,1.098,0.244,-0.130,0.021,1.084,2,1502
515502212,-1.768,1.890,0.488,-0.011,0.052,1.059,2,1502
515503700,-1.220,2.439,0.915,-0.076,0.032,1.108,2,1502
515504216,-0.610,2.256,0.366,-0.016,0.055,0.996,2,1502
515505700,-0.366,0.915,-0.122,0.044,0.035,1.031,2,1502
515506209,-0.366,0.915,-0.122,0.044,0.035,1.031,2,1502
515507700,-1.463,1.463,0.244,-0.042,0.066,1.087,2,1502
515508207,-1.463,2.256,1.037,-0.074,0.042,1.107,2,1502
515509700,-0.976,2.317,0.610,-0.077,-0.003,1.026,2,1502
515510209,-0.305,1.951,0.366,0.135,0.089,0.976,2,1502
515511700,-0.610,0.732,-0.244,-0.040,-0.033,1.027,2,1502
515512209,-0.610,0.732,-0.244,-0.040,-0.033,1.027,2,1502
515513700,-1.951,1.585,0.793,-0.064,0.039,1.086,2,1502
515514209,-1.463,1.951,0.732,-0.124,-0.009,1.073,2,1502
515515700,-1.037,1.768,0.549,0.061,0.095,0.993,2,1502
515516209,-0.488,1.037,0.671,0.146,0.029,0.989,2,1502
515517700,-1.159,0.427,0.183,0.017,0.018,1.053,2,1502
515518209,-1.159,0.427,0.183,0.017,0.018,1.053,2,1502
515519700,-1.646,1.951,0.610,-0.139,-0.031,1.073,2,1502
515520216,-1.646,1.951,0.610,-0.139,-0.031,1.073,2,1502
515521700,-0.488,1.707,0.488,0.158,0.037,0.981,2,1502
515522212,-0.183,0.915,0.122,0.009,-0.015,0.999,2,1502
515523697,-0.488,0.427,-0.061,0.032,0.047,1.006,2,1502
515524211,-1.463,0.671,0.427,0.025,-0.006,1.067,2,1502
515525700,-1.341,2.134,0.549,-0.058,0.045,1.060,2,1502
515526212,-1.341,2.134,0.549,-0.058,0.045,1.060,2,1502
515527423,-0.732,1.402,0.488,0.019,-0.009,0.997,2,1502
515528638,-0.793,0.671,-0.183,0.051,0.021,0.977,2,1512
515529614,-1.463,0.671,0.244,0.085,0.027,1.053,2,1512
515530639,-2.073,1.402,0.610,-0.158,-0.017,1.109,2,1512
515531586,-2.012,1.951,0.671,-0.102,0.043,1.069,2,1512
515532640,-0.671,2.134,0.610,0.012,0.021,1.008,2,1512
515533575,-0.366,1.341,-0.305,0.079,0.015,0.979,2,1512
515534640,-0.915,0.732,0.000,0.119,0.056,0.994,2,1512
515535572,-1.524,1.098,0.305,-0.110,-0.040,1.101,2,1512
515536640,-2.012,2.073,0.244,-0.138,0.031,1.077,2,1512
515537582,-1.829,2.378,0.671,0.029,0.053,1.057,2,1512
515538640,-0.366,1.707,-0.061,0.062,-0.011,0.963,2,1512
515539578,-0.366,0.915,0.000,0.148,0.090,0.995,2,1512
515540640,-0.976,0.549,0.244,-0.011,-0.042,1.052,2,1512
515541571,-1.768,1.220,-0.122,-0.147,0.002,1.089,2,1512
515542640,-1.707,1.646,0.549,-0.008,0.072,1.071,2,1512
515543580,-1.402,1.890,1.159,-0.027,0.017,1.058,2,1512
515544640,-0.244,1.829,0.122,0.006,0.038,0.990,2,1512
515545580,-0.305,1.220,0.122,0.161,0.056,0.962,2,1512
515546640,-1.037,1.098,-0.183,-0.128,-0.034,1.066,2,1512
515547581,-1.768,1.585,0.427,-0.037,0.070,1.059,2,1512
515548640,-1.646,2.195,1.037,-0.034,0.036,1.101,2,1512
515549584,-0.976,2.134,0.549,-0.058,0.030,1.009,2,1512
515550640,-0.305,1.280,0.305,0.161,0.062,0.970,2,1512
515551654,-0.488,0.915,0.305,0.103,0.024,1.001,2,1512
515552184,-0.854,0.854,0.061,-0.079,-0.042,1.034,2,1512
515553703,-1.646,1.890,1.037,-0.036,0.037,1.113,2,1512
515554224,-1.646,1.890,1.037,-0.036,0.037,1.113,2,1512
515555699,-0.488,1.768,0.305,0.113,0.072,0.975,2,1512
515556209,-0.427,1.037,0.244,0.159,0.015,0.997,2,1512
515557699,-0.732,0.732,-0.244,-0.030,-0.008,1.022,2,1512
515558209,-1.341,0.976,-0.061,-0.038,-0.000,1.055,2,1512
515559700,-1.646,2.073,0.915,-0.144,-0.006,1.076,2,1512
515560210,-1.646,2.073,0.915,-0.144,-0.006,1.076,2,1512
515561699,-0.610,1.585,0.732,0.160,0.054,0.999,2,1512
515562209,-0.488,0.915,0.061,0.011,-0.023,0.986,2,1512
515563696,-0.915,0.915,-0.183,0.007,0.012,1.043,2,1512
515564210,-1.646,1.402,0.366,-0.038,0.032,1.089,2,1512
515565699,-1.646,2.195,0.671,-0.040,0.074,1.041,2,1512
515566209,-1.646,2.195,0.671,-0.040,0.074,1.041,2,1512
515567699,-0.183,1.159,-0.061,0.038,-0.004,0.992,2,1512
515568208,-0.183,1.159,-0.061,0.038,-0.004,0.992,2,1512
515569699,-1.341,0.915,0.122,-0.001,0.012,1.083,2,1512
515570208,-2.256,1.585,0.549,-0.145,-0.002,1.100,2,1512
515571699,-2.012,2.195,0.610,-0.088,0.042,1.063,2,1512
515572211,-1.280,2.073,0.427,0.094,0.081,1.047,2,1512
515573699,-0.366,0.854,-0.305,0.054,0.002,0.990,2,1512
515574209,-0.366,0.854,-0.305,0.054,0.002,0.990,2,1512
515575694,-1.646,1.341,0.427,-0.132,-0.050,1.079,2,1512
515576209,-1.646,2.073,0.671,-0.142,0.077,1.092,2,1512
515577439,-1.341,2.256,1.098,0.038,0.037,1.042,2,1512
515578639,-0.488,1.829,0.793,0.030,0.041,1.001,2,1522
515579626,-0.427,0.610,0.122,0.116,0.037,1.001,2,1522
515580143,-0.427,0.610,0.122,0.116,0.037,1.001,2,1522
515581701,-1.280,1.341,0.549,-0.136,0.037,1.090,2,1522
515582209,-1.341,2.256,1.341,0.014,0.040,1.077,2,1522
515583700,-0.793,2.134,1.220,-0.019,0.054,1.023,2,1522
515584210,-0.061,0.976,0.061,0.083,0.002,0.990,2,1522
515585695,-1.037,0.732,0.244,-0.024,-0.048,1.028,2,1522
515586202,-1.037,0.732,0.244,-0.024,-0.048,1.028,2,1522
515587700,-1.585,1.951,0.793,-0.006,0.042,1.075,2,1522
515588215,-1.585,1.951,0.793,-0.006,0.042,1.075,2,1522
515589700,-0.244,1.646,0.427,0.035,0.043,0.991,2,1522
515590214,-0.244,0.793,0.244,0.159,0.031,0.962,2,1522
515591695,-0.366,0.549,-0.061,0.013,0.009,1.028,2,1522
515592202,-1.159,1.037,0.000,-0.086,-0.029,1.065,2,1522
515593702,-1.524,2.378,0.976,-0.087,0.049,1.104,2,1522
515594219,-1.524,2.378,0.976,-0.087,0.049,1.104,2,1522
515595700,-0.488,1.280,0.244,0.161,0.040,0.980,2,1522
515596210,-0.427,0.976,0.122,0.059,0.036,0.993,2,1522
515597695,-0.854,0.976,-0.183,-0.021,-0.067,1.045,2,1522
515598199,-1.829,1.585,0.366,-0.082,0.078,1.077,2,1522
515599700,-1.220,2.317,0.915,-0.073,0.062,1.060,2,1522
515600216,-1.220,2.317,0.915,-0.073,0.062,1.060,2,1522
515601700,-0.427,1.098,0.488,0.091,0.022,0.984,2,1522
515602216,-0.427,1.098,0.488,0.091,0.022,0.984,2,1522
515603700,-1.768,1.098,0.366,-0.043,0.016,1.061,2,1522
515604210,-1.951,1.829,0.549,-0.096,0.028,1.102,2,1522
515605700,-1.829,2.561,0.793,-0.091,0.024,1.071,2,1522
515606210,-0.915,1.951,0.976,0.044,0.097,1.012,2,1522
515607700,-0.122,0.854,0.183,0.044,0.019,0.979,2,1522
515608214,-0.122,0.854,0.183,0.044,0.019,0.979,2,1522
515609695,-1.341,1.463,0.427,-0.100,0.009,1.095,2,1522
515610202,-1.524,2.134,0.610,-0.121,0.009,1.083,2,1522
515611700,-1.280,2.439,0.915,0.001,0.108,1.048,2,1522
515612214,-0.549,1.890,0.366,0.104,-0.004,1.010,2,1522
515613700,-0.305,0.549,0.061,0.083,0.004,0.979,2,1522
515614209,-0.305,0.549,0.061,0.083,0.004,0.979,2,1522
515615695,-1.768,1.890,0.671,-0.162,0.042,1.104,2,1522
515616202,-1.646,2.012,0.793,-0.012,0.069,1.058,2,1522
515617700,-0.671,1.951,0.366,0.053,0.039,1.041,2,1522
515618209,-0.305,1.280,0.000,0.059,0.048,0.984,2,1522
515619700,-0.793,0.793,0.427,-0.015,-0.008,1.068,2,1522
515620216,-0.793,0.793,0.427,-0.015,-0.008,1.068,2,1522
515621700,-1.768,2.134,1.037,-0.039,0.059,1.080,2,1522
515622216,-1.768,2.134,1.037,-0.039,0.059,1.080,2,1522
515623700,-0.366,1.524,0.305,0.030,0.053,0.986,2,1522
515624216,-0.305,0.793,0.183,0.140,0.026,0.952,2,1522
515625695,-0.793,0.671,0.061,0.049,-0.011,1.021,2,1522
515626202,-1.402,1.159,0.183,-0.137,0.004,1.077,2,1522
515627408,-1.951,1.768,0.732,-0.058,0.047,1.068,2,1522
515628638,-0.732,1.890,0.427,-0.025,0.078,1.009,2,1532
515629621,-0.366,1.098,0.427,0.163,0.011,0.954,2,1532
515630638,-0.549,0.854,0.000,0.081,0.029,1.021,2,1532
515631580,-1.037,0.854,0.000,-0.091,-0.035,1.021,2,1532
515632640,-1.829,1.402,0.488,-0.060,0.018,1.071,2,1532
515633571,-2.134,2.195,1.037,-0.065,0.057,1.127,2,1532
515634640,-0.244,1.280,0.244,0.146,0.045,0.979,2,1532
515635591,-0.549,0.793,0.122,0.108,0.032,0.987,2,1532
515636640,-0.671,0.366,-0.305,-0.033,-0.034,1.002,2,1532
515637582,-1.585,1.037,0.366,-0.067,0.021,1.067,2,1532
515638640,-1.890,2.012,1.037,-0.064,0.049,1.101,2,1532
515639582,-1.159,2.073,1.037,-0.126,0.022,1.076,2,1532
515640640,-0.244,0.976,0.610,0.145,0.029,1.011,2,1532
515641575,-0.366,0.610,-0.061,-0.006,-0.023,0.974,2,1532
515642640,-1.098,0.793,0.122,-0.010,0.001,1.057,2,1532
515643645,-1.951,1.829,0.732,-0.085,0.053,1.125,2,1532
515644170,-1.829,2.317,0.793,-0.131,-0.020,1.056,2,1532
515645702,-1.098,2.195,0.732,0.025,0.098,1.018,2,1532
515646215,-0.549,1.646,0.549,0.147,0.045,1.033,2,1532
515647699,-0.732,1.037,-0.427,0.052,0.023,1.019,2,1532
515648215,-0.732,1.037,-0.427,0.052,0.023,1.019,2,1532
515649699,-1.829,2.073,0.854,-0.153,-0.025,1.093,2,1532
515650211,-1.280,2.317,1.098,-0.027,0.095,1.050,2,1532
515651699,-0.427,1.646,0.976,0.124,0.057,1.013,2,1532
515652208,-0.183,1.098,0.305,0.042,-0.011,0.984,2,1532
515653699,-1.220,1.159,0.427,-0.005,-0.025,1.069,2,1532
515654208,-1.220,1.159,0.427,-0.005,-0.025,1.069,2,1532
515655699,-1.951,2.317,0.549,-0.069,0.076,1.067,2,1532
515656208,-1.951,2.317,0.549,-0.069,0.076,1.067,2,1532
515657699,-0.488,1.341,0.244,0.041,-0.022,0.976,2,1532
515658208,-0.549,0.610,-0.244,0.093,0.053,0.962,2,1532
515659699,-0.915,0.610,0.244,0.060,-0.004,1.044,2,1532
515660217,-1.707,1.463,0.366,-0.183,-0.034,1.075,2,1532
515661699,-1.341,2.195,1.159,0.042,0.052,1.062,2,1532
515662211,-1.341,2.195,1.159,0.042,0.052,1.062,2,1532
515663699,-0.244,1.098,0.183,0.112,0.067,0.966,2,1532
515664208,-0.793,0.549,0.305,0.125,0.000,0.999,2,1532
515665700,-1.341,1.159,0.183,-0.159,-0.054,1.093,2,1532
515666218,-1.768,2.012,0.244,-0.112,0.076,1.080,2,1532
515667699,-0.915,2.256,0.427,-0.041,0.046,1.052,2,1532
515668209,-0.915,2.256,0.427,-0.041,0.046,1.052,2,1532
515669699,-0.610,0.671,0.000,0.156,0.027,0.979,2,1532
515670209,-0.610,0.671,0.000,0.156,0.027,0.979,2,1532
515671694,-1.646,1.524,0.183,-0.121,0.045,1.094,2,1532
515672204,-2.073,2.317,1.159,-0.010,0.062,1.108,2,1532
515673699,-1.585,2.317,0.793,-0.090,0.022,1.054,2,1532
515674215,-0.610,1.341,0.061,0.089,0.071,0.981,2,1532
515675699,-0.793,0.854,0.000,-0.063,-0.042,1.025,2,1532
515676211,-0.793,0.854,0.000,-0.063,-0.042,1.025,2,1532
515677435,-1.707,1.768,0.854,-0.013,0.042,1.086,2,1532
515678638,-1.463,2.317,1.098,-0.131,0.021,1.105,2,1541
515679629,-0.488,1.829,0.488,0.049,0.085,0.998,2,1541
515680151,-0.305,1.159,0.427,0.208,0.026,0.975,2,1541
515681701,-1.098,0.976,-0.061,-0.062,-0.023,1.022,2,1541
515682216,-1.098,0.976,-0.061,-0.062,-0.023,1.022,2,1541
515683700,-1.402,2.073,1.037,-0.147,0.014,1.114,2,1541
515684209,-1.098,2.012,0.610,-0.016,0.071,1.011,2,1541
515685700,-0.366,1.280,0.610,0.209,0.064,0.999,2,1541
515686215,-0.488,0.793,0.122,0.013,-0.005,0.997,2,1541
515687700,-2.012,1.402,0.427,-0.013,0.045,1.074,2,1541
515688215,-2.012,1.402,0.427,-0.013,0.045,1.074,2,1541
515689700,-1.159,2.195,0.549,-0.066,0.060,1.057,2,1541
515690210,-1.159,2.195,0.549,-0.066,0.060,1.057,2,1541
515691700,-0.488,0.915,-0.122,0.037,-0.004,1.006,2,1541
515692209,-0.488,0.732,-0.671,0.041,0.001,0.977,2,1541
515693709,-1.402,1.098,0.122,0.017,0.006,1.059,2,1541
515694230,-1.524,1.951,0.183,-0.194,0.016,1.119,2,1541
515695701,-0.732,1.524,0.732,0.103,0.112,1.031,2,1541
515696213,-0.732,1.524,0.732,0.103,0.112,1.031,2,1541
515697701,-0.671,0.366,-0.305,0.065,0.006,0.952,2,1541
515698218,-1.220,0.793,0.061,0.057,0.009,1.036,2,1541
515699700,-1.707,1.646,0.183,-0.170,-0.014,1.091,2,1541
515700215,-1.707,2.073,0.427,-0.112,0.036,1.077,2,1541
515701700,-0.305,1.585,0.610,0.050,0.008,1.000,2,1541
515702215,-0.305,1.585,0.610,0.050,0.008,1.000,2,1541
515703700,-0.732,0.732,-0.122,0.111,0.032,0.999,2,1541
515704215,-0.732,0.732,-0.122,0.111,0.032,0.999,2,1541
515705695,-2.073,2.073,0.366,-0.129,0.055,1.077,2,1541
515706205,-1.951,2.500,0.976,0.017,0.073,1.082,2,1541
515707700,-1.159,1.890,0.732,0.011,0.050,1.026,2,1541
515708215,-0.671,1.098,0.061,0.106,0.003,0.962,2,1541
515709700,-1.341,0.854,-0.061,-0.100,-0.083,1.047,2,1541
515710216,-1.341,0.854,-0.061,-0.100,-0.083,1.047,2,1541
515711700,-1.951,2.439,0.915,-0.010,0.077,1.108,2,1541
515712210,-1.280,2.073,0.671,-0.035,0.041,1.024,2,1541
515713700,-0.549,1.463,-0.061,0.091,0.027,0.981,2,1541
515714216,-0.305,0.732,0.244,0.155,0.076,0.996,2,1541
515715700,-1.402,1.646,0.122,-0.149,0.021,1.086,2,1541
515716209,-1.402,1.646,0.122,-0.149,0.021,1.086,2,1541
515717700,-1.341,2.378,1.280,-0.088,0.019,1.067,2,1541
515718209,-0.488,1.646,0.366,0.067,0.068,1.018,2,1541
515719700,-0.244,0.793,0.366,0.191,0.047,0.961,2,1541
515720209,-0.610,0.732,-0.244,-0.004,-0.040,1.000,2,1541
515721700,-1.829,1.280,-0.122,-0.028,0.061,1.090,2,1541
515722214,-2.073,1.951,0.610,-0.028,0.061,1.090,2,1541
515723700,-1.341,1.707,0.549,0.008,0.090,1.026,2,1541
515724216,-1.341,1.707,0.549,0.008,0.090,1.026,2,1541
515725498,-0.549,0.793,0.000,0.029,-0.006,0.970,2,1541
515726638,-1.220,0.915,-0.061,-0.050,-0.049,1.036,2,1551
515727621,-1.585,1.707,0.366,-0.051,0.072,1.093,2,1551
515728638,-1.829,2.134,0.976,-0.134,-0.018,1.099,2,1551
515729588,-0.671,1.159,0.488,0.198,0.035,1.000,2,1551
515730640,-0.427,0.671,0.061,0.052,0.015,0.991,2,1551
515731567,-0.488,0.915,-0.305,-0.001,-0.029,1.000,2,1551
515732640,-1.829,1.768,0.488,-0.032,0.025,1.055,2,1551
515733583,-2.073,2.195,0.915,-0.156,-0.013,1.105,2,1551
515734640,-1.402,2.256,0.976,-0.081,0.088,1.064,2,1551
515735580,-0.610,1.402,0.793,0.155,0.044,1.013,2,1551
515736640,-0.732,0.549,0.000,0.050,-0.010,0.963,2,1551
515737571,-1.646,1.220,0.427,0.003,-0.012,1.061,2,1551
515738640,-2.012,2.012,0.549,-0.163,0.011,1.099,2,1551
515739580,-1.585,2.256,0.854,-0.096,0.078,1.067,2,1551
515740640,-0.976,1.646,0.793,0.093,0.069,1.052,2,1551
515741575,-0.122,1.280,0.427,0.071,0.040,0.983,2,1551
515742640,-1.220,0.976,-0.061,0.030,0.000,1.040,2,1551
515743584,-1.829,1.829,0.366,-0.161,-0.033,1.078,2,1551
515744640,-1.951,2.134,0.976,-0.112,0.073,1.096,2,1551
515745584,-1.768,2.134,1.280,0.025,0.058,1.074,2,1551
515746640,-0.671,1.707,0.488,0.062,0.051,0.990,2,1551
515747655,-0.610,0.976,0.061,0.110,0.010,0.969,2,1551
515748185,-1.098,0.793,-0.183,0.083,-0.005,1.011,2,1551
515749701,-1.829,2.317,0.610,-0.117,0.069,1.080,2,1551
515750219,-1.829,2.317,0.610,-0.117,0.069,1.080,2,1551
515751699,-1.098,1.890,0.732,0.013,0.080,1.031,2,1551
515752208,-0.549,0.793,0.061,0.141,0.016,0.955,2,1551
515753699,-0.610,0.549,-0.061,0.113,0.007,1.011,2,1551
515754208,-1.098,1.220,0.061,-0.099,-0.029,1.052,2,1551
515755699,-1.768,1.890,0.610,-0.036,0.028,1.118,2,1551
515756209,-1.829,2.317,1.159,-0.036,0.028,1.118,2,1551
515757699,-0.671,0.854,0.488,0.145,0.016,0.976,2,1551
515758208,-0.671,0.854,0.488,0.145,0.016,0.976,2,1551
515759694,-0.915,0.915,-0.305,-0.057,-0.048,1.013,2,1551
515760201,-1.463,1.890,0.549,-0.118,0.044,1.077,2,1551
515761699,-1.951,2.256,1.280,-0.049,0.013,1.114,2,1551
515762211,-1.280,2.317,1.037,-0.092,0.077,1.070,2,1551
515763699,-0.793,0.671,0.122,0.157,0.005,0.978,2,1551
515764211,-0.793,0.671,0.122,0.157,0.005,0.978,2,1551
515765694,-1.768,1.341,0.488,-0.072,-0.011,1.039,2,1551
515766198,-1.890,1.951,0.915,-0.077,0.034,1.106,2,1551
515767699,-1.585,2.012,1.098,-0.128,0.058,1.098,2,1551
515768211,-0.610,1.524,0.793,0.095,0.091,0.999,2,1551
515769699,-0.366,0.610,-0.183,0.017,0.031,0.967,2,1551
515770211,-0.366,0.610,-0.183,0.017,0.031,0.967,2,1551
515771694,-1.646,1.951,0.244,-0.126,0.040,1.121,2,1551
515772205,-1.646,1.951,0.244,-0.126,0.040,1.121,2,1551
515773699,-0.488,1.951,0.854,0.042,0.105,1.014,2,1551
515774211,-0.122,1.280,0.427,0.136,0.014,1.017,2,1551
515775700,0.061,0.671,-0.244,0.042,0.041,0.964,2,1551
515776219,-0.793,0.854,-0.122,0.069,-0.036,1.005,2,1551
515777442,-1.890,1.585,0.488,-0.123,0.015,1.090,2,1551
515778639,-1.463,2.378,1.098,0.008,0.106,1.047,2,1561
515779629,-0.671,1.524,0.793,0.100,0.003,1.008,2,1561
515780148,-0.549,0.793,0.183,0.047,0.056,0.980,2,1561
515781696,-0.854,0.366,0.183,0.112,-0.019,0.975,2,1561
515782202,-1.768,1.402,0.305,-0.111,-0.018,1.086,2,1561
515783700,-1.829,2.195,1.159,0.001,0.070,1.060,2,1561
515784214,-1.829,2.195,1.159,0.001,0.070,1.060,2,1561
515785236,-0.854,1.768,1.220,0.026,0.043,1.053,2,1561
515786696,-0.366,0.366,0.122,0.142,-0.004,0.957,2,1561
515787207,-1.220,0.976,-0.061,-0.069,-0.052,1.069,2,1561
515788701,-1.829,2.195,0.244,-0.170,0.038,1.079,2,1561
515789214,-1.585,2.500,0.976,-0.013,0.047,1.085,2,1561
515790700,-0.549,1.220,0.183,0.093,0.041,0.978,2,1561
515791208,-0.549,1.220,0.183,0.093,0.041,0.978,2,1561
515792700,-1.159,0.793,-0.061,-0.036,-0.058,1.039,2,1561
515793209,-1.829,1.585,-0.061,-0.157,0.009,1.074,2,1561
515794700,-1.768,1.890,0.976,-0.033,0.054,1.077,2,1561
515795204,-1.341,2.012,1.280,-0.071,0.042,1.086,2,1561
515796700,-0.305,0.732,0.488,0.209,0.037,0.947,2,1561
515797213,-0.305,0.732,0.488,0.209,0.037,0.947,2,1561
515798695,-1.220,1.341,-0.122,-0.136,0.007,1.053,2,1561
515799198,-1.220,1.341,-0.122,-0.136,0.007,1.053,2,1561
515800700,-1.220,2.317,0.915,-0.115,0.036,1.121,2,1561
515801213,-0.488,1.524,0.610,0.030,0.099,1.018,2,1561
515802700,-0.305,0.793,0.488,0.210,0.037,0.969,2,1561
515803204,-0.427,0.488,0.000,0.034,-0.009,1.018,2,1561
515804702,-1.890,1.951,0.427,-0.055,0.049,1.069,2,1561
515805212,-1.890,1.951,0.427,-0.055,0.049,1.069,2,1561
515806700,-1.159,2.012,0.854,-0.017,0.113,1.037,2,1561
515807204,-0.549,0.854,0.732,0.221,0.036,0.993,2,1561
515808700,-0.488,0.732,0.122,0.028,0.000,0.985,2,1561
515809208,-0.854,0.793,-0.366,-0.015,-0.041,1.015,2,1561
515810700,-1.890,2.317,0.854,-0.166,-0.011,1.113,2,1561
515811213,-1.890,2.317,0.854,-0.166,-0.011,1.113,2,1561
515812700,-0.427,1.402,0.793,0.191,0.048,0.999,2,1561
515813213,-0.427,1.402,0.793,0.191,0.048,0.999,2,1561
515814700,-0.427,0.732,-0.549,0.031,-0.006,0.978,2,1561
515815213,-1.707,1.585,0.427,-0.020,-0.021,1.053,2,1561
515816700,-1.951,2.256,0.610,-0.200,0.024,1.128,2,1561
515817213,-1.280,2.439,0.976,-0.078,0.083,1.058,2,1561
515818700,-0.244,1.220,0.061,0.058,-0.013,1.000,2,1561
515819204,-0.244,1.220,0.061,0.058,-0.013,1.000,2,1561
515820700,-1.463,1.220,0.061,0.013,-0.039,1.055,2,1561
515821213,-1.951,2.134,0.427,-0.204,0.008,1.109,2,1561
515822700,-1.707,2.561,0.793,-0.084,0.071,1.059,2,1561
515823203,-1.220,1.890,0.976,0.082,0.075,1.057,2,1561
515824700,-0.244,0.610,-0.427,0.109,0.033,0.949,2,1561
515825238,-0.244,0.610,-0.427,0.109,0.033,0.949,2,1561
515826456,-1.707,2.012,0.061,-0.217,-0.031,1.080,2,1561
515827638,-1.829,2.256,0.488,-0.091,0.084,1.080,2,1571
515828636,-1.402,2.012,1.159,0.025,0.083,1.081,2,1571
515829150,-0.549,1.280,0.488,0.036,0.026,1.012,2,1571
515830700,-0.671,0.610,-0.183,0.092,-0.036,1.007,2,1571
515831216,-0.671,0.610,-0.183,0.092,-0.036,1.007,2,1571
515832699,-1.890,2.256,0.244,-0.089,0.074,1.062,2,1571
515833216,-1.890,2.256,0.244,-0.089,0.074,1.062,2,1571
515834699,-0.671,1.463,0.610,-0.009,0.049,1.040,2,1571
515835218,-0.122,0.610,0.061,0.175,0.056,0.951,2,1571
515836699,-0.549,0.305,-0.061,0.116,-0.005,0.995,2,1571
515837216,-1.220,1.341,-0.183,-0.153,-0.061,1.047,2,1571
515838694,-1.707,2.256,1.524,-0.048,0.036,1.121,2,1571
515839204,-1.707,2.256,1.524,-0.048,0.036,1.121,2,1571
515840699,-0.366,0.793,0.305,0.188,0.053,0.964,2,1571
515841209,-0.732,0.427,0.244,0.126,0.012,0.981,2,1571
515842694,-1.463,0.854,0.061,-0.103,-0.069,1.024,2,1571
515843206,-1.951,1.768,0.366,-0.095,0.063,1.076,2,1571
515844699,-1.341,2.012,0.976,-0.094,0.072,1.065,2,1571
515845209,-1.341,2.012,0.976,-0.094,0.072,1.065,2,1571
515846699,-0.915,0.732,0.244,0.139,0.017,0.976,2,1571
515847211,-0.915,0.732,0.244,0.139,0.017,0.976,2,1571
515848694,-1.768,1.585,0.244,-0.076,0.044,1.041,2,1571
515849206,-1.768,2.195,0.976,-0.091,-0.016,1.116,2,1571
515850699,-1.402,2.256,0.793,-0.146,0.074,1.098,2,1571
515851218,-0.732,1.220,0.671,0.155,0.077,0.998,2,1571
515852699,-0.305,0.488,-0.305,-0.016,-0.044,0.993,2,1571
515853216,-0.305,0.488,-0.305,-0.016,-0.044,0.993,2,1571
515854694,-1.646,2.134,0.793,-0.132,0.001,1.114,2,1571
515855204,-1.524,2.561,1.037,-0.146,0.057,1.101,2,1571
515856699,-0.915,1.585,0.915,0.125,0.105,1.016,2,1571
515857216,-0.488,0.854,0.793,0.142,0.013,0.995,2,1571
515858699,-0.915,1.220,-0.305,0.015,-0.010,1.027,2,1571
515859216,-0.915,1.220,-0.305,0.015,-0.010,1.027,2,1571
515860699,-1.463,2.256,0.793,-0.145,0.044,1.095,2,1571
515861218,-1.220,1.951,1.098,0.068,0.106,1.055,2,1571
515862699,-0.671,1.098,0.549,0.117,0.023,0.994,2,1571
515863209,-0.671,0.549,-0.244,0.066,-0.008,0.965,2,1571
515864699,-1.585,2.012,0.305,-0.161,-0.053,1.074,2,1571
515865218,-1.585,2.012,0.305,-0.161,-0.053,1.074,2,1571
515866699,-1.220,2.256,1.220,0.031,0.082,1.076,2,1571
515867210,-1.220,2.256,1.220,0.031,0.082,1.076,2,1571
515868699,-0.183,0.610,0.183,0.092,0.010,0.969,2,1571
515869217,-0.671,0.366,-0.366,0.100,0.013,0.990,2,1571
515870694,-1.585,1.463,-0.183,-0.137,-0.072,1.074,2,1571
515871206,-1.890,2.439,0.183,-0.150,0.080,1.092,2,1571
515872699,-0.427,1.646,0.793,0.039,0.067,1.039,2,1571
515873218,-0.427,1.646,0.793,0.039,0.067,1.039,2,1571
515874699,0.000,0.671,-0.244,0.132,0.024,0.998,2,1571
515875240,-0.854,1.341,-0.122,-0.110,-0.073,1.045,2,1571
515876443,-1.707,2.256,0.122,-0.146,0.064,1.071,2,1571
515877638,-1.890,2.439,1.341,-0.042,0.037,1.116,2,1580
515878625,-1.098,1.890,1.098,-0.023,0.083,1.039,2,1580
515879638,-0.427,0.122,-0.183,0.137,0.037,0.983,2,1580
515880572,-0.976,0.793,-0.244,-0.068,-0.089,1.014,2,1580
515881638,-1.646,1.890,0.183,-0.130,0.061,1.066,2,1580
515882569,-1.707,2.561,1.341,-0.054,0.035,1.113,2,1580
515883638,-1.341,2.256,1.280,-0.064,0.060,1.058,2,1580
515884579,-0.488,0.976,0.427,0.139,0.066,1.002,2,1580
515885638,-0.488,0.549,-0.122,-0.027,-0.069,1.002,2,1580
515886582,-1.220,1.768,0.244,-0.124,0.042,1.052,2,1580
515887638,-1.463,2.378,0.732,-0.066,0.017,1.105,2,1580
515888576,-1.220,2.500,0.976,-0.110,0.059,1.095,2,1580
515889638,-0.427,1.524,0.488,0.131,0.088,1.010,2,1580
515890586,-0.488,0.610,0.488,0.163,0.019,0.974,2,1580
515891638,-0.671,0.488,-0.122,0.002,-0.044,0.992,2,1580
515892559,-1.341,1.341,0.061,-0.071,0.015,1.045,2,1580
515893638,-1.341,2.317,1.280,-0.119,0.042,1.103,2,1580
515894574,-0.549,1.707,0.793,0.091,0.117,1.027,2,1580
515895638,-0.183,0.915,0.427,0.146,0.000,0.985,2,1580
515896556,-0.610,0.610,-0.366,0.049,0.000,0.974,2,1580
515897638,-1.220,1.037,0.000,-0.021,-0.036,1.031,2,1580
515898551,-1.768,1.951,0.183,-0.145,0.030,1.089,2,1580
515899638,-1.159,2.073,0.915,0.051,0.142,1.059,2,1580
515900580,-0.732,0.915,0.549,0.134,-0.002,0.995,2,1580
515901638,-0.488,0.427,-0.061,0.082,0.015,0.949,2,1580
515902556,-1.098,1.037,-0.061,0.006,-0.038,1.025,2,1580
515903638,-1.768,2.195,0.549,-0.165,0.016,1.078,2,1580
515904571,-1.585,2.378,1.037,-0.120,0.008,1.092,2,1580
515905638,-0.976,1.768,1.341,0.098,0.024,0.974,2,1580
515906580,-0.061,0.366,-0.061,0.137,0.017,0.967,2,1580
515907638,-0.915,0.854,0.061,0.050,-0.024,1.027,2,1580
515908572,-1.585,1.768,0.305,-0.164,-0.008,1.056,2,1580
515909638,-1.829,2.378,0.610,-0.120,0.026,1.080,2,1580
515910581,-1.280,2.195,1.220,-0.020,0.087,1.112,2,1580
515911638,-0.488,1.463,1.037,0.056,0.053,1.009,2,1580
515912580,-0.305,0.427,0.183,0.165,0.021,0.948,2,1580
515913638,-1.402,1.280,-0.122,-0.144,-0.035,1.051,2,1580
515914580,-1.646,2.073,0.305,-0.115,0.052,1.062,2,1580
515915638,-1.402,2.622,1.037,-0.050,0.047,1.123,2,1580
515916679,-0.793,1.707,0.793,0.018,0.100,1.041,2,1580
515917205,-0.061,0.610,0.488,0.180,0.009,0.952,2,1580
515918696,-0.488,0.488,-0.061,0.102,0.000,1.022,2,1580
515919200,-0.854,1.280,-0.366,-0.111,-0.030,1.037,2,1580
515920701,-1.768,2.317,1.159,-0.074,0.039,1.146,2,1580
515921208,-1.768,2.317,1.159,-0.074,0.039,1.146,2,1580
515922700,-0.183,0.732,0.549,0.198,0.023,0.980,2,1580
515923208,-0.366,0.610,0.122,0.107,0.008,0.984,2,1580
515924695,-1.098,1.220,-0.427,-0.067,-0.050,1.008,2,1580
515925235,-1.768,2.256,0.122,-0.114,0.050,1.066,2,1580
515926470,-1.951,2.622,1.098,-0.099,-0.005,1.137,2,1580
515927638,-0.549,0.915,0.488,0.182,0.042,1.001,2,1590
515928633,-0.488,0.488,0.183,0.102,0.026,0.986,2,1590
515929151,-0.488,0.488,0.183,0.102,0.026,0.986,2,1590
515930695,-1.524,1.829,0.244,-0.083,0.037,1.050,2,1590
515931210,-1.646,2.378,0.488,-0.136,-0.028,1.122,2,1590
515932699,-0.427,1.037,0.915,0.176,0.062,1.016,2,1590
515933217,-0.427,1.037,0.915,0.176,0.062,1.016,2,1590
515934249,-0.427,0.122,0.305,0.103,-0.000,0.972,2,1590
515935640,-1.524,1.585,0.305,-0.047,-0.006,1.046,2,1590
515936602,-1.951,2.439,0.244,-0.180,-0.016,1.107,2,1590
515937640,-1.707,2.622,0.793,-0.076,0.100,1.089,2,1590
515938584,-0.671,1.463,0.976,0.143,0.072,1.038,2,1590
515939640,-0.122,0.793,0.732,0.066,-0.001,0.983,2,1590
515940620,-1.037,1.341,0.183,-0.031,-0.035,1.040,2,1590
515941640,-1.646,2.256,0.183,-0.219,-0.010,1.106,2,1590
515942593,-1.646,2.561,0.976,-0.068,0.079,1.077,2,1590
515943640,-0.976,1.768,0.976,0.085,0.093,1.062,2,1590
515944620,-0.427,0.427,0.244,0.085,-0.003,0.992,2,1590
515945640,-0.427,-0.122,-0.305,0.132,0.037,0.948,2,1590
515946588,-1.159,0.976,0.122,0.022,-0.045,1.050,2,1590
515947640,-1.341,2.500,0.793,-0.055,0.064,1.078,2,1590
515948584,-0.976,1.951,1.220,0.040,0.102,1.091,2,1590
515949640,-0.183,0.976,0.488,0.060,-0.006,0.972,2,1590
515950571,-0.122,0.488,0.244,0.156,0.066,0.954,2,1590
515951640,-1.037,0.915,0.183,0.020,-0.042,1.033,2,1590
515952582,-1.707,1.768,0.122,-0.209,-0.024,1.053,2,1590
515953640,-1.463,2.378,1.159,-0.020,0.087,1.090,2,1590
515954579,-0.671,1.220,0.549,0.074,0.021,1.008,2,1590
515955640,-0.488,0.488,0.244,0.187,0.073,0.977,2,1590
515956579,-0.915,0.732,-0.122,0.026,-0.064,1.002,2,1590
515957640,-1.402,1.524,-0.183,-0.172,-0.021,1.055,2,1590
515958578,-1.829,2.256,0.488,-0.069,0.048,1.098,2,1590
515959640,-1.707,2.439,1.098,-0.077,0.060,1.097,2,1590
515960578,-0.671,1.402,0.488,0.068,0.057,0.998,2,1590
515961640,-0.854,0.549,0.061,0.023,-0.043,1.010,2,1590
515962567,-1.402,1.402,-0.183,-0.127,-0.022,1.039,2,1590
515963640,-1.890,2.317,0.549,-0.057,0.048,1.075,2,1590
515964580,-1.707,2.561,1.037,-0.122,0.033,1.118,2,1590
515965640,-0.732,1.524,0.488,0.049,0.097,1.021,2,1590
515966579,-0.305,0.244,0.549,0.219,0.034,0.984,2,1590
515967640,-1.159,1.280,-0.366,-0.075,-0.044,0.993,2,1590
515968579,-1.890,2.073,0.183,-0.080,0.046,1.083,2,1590
515969640,-1.707,2.744,0.915,-0.153,0.009,1.124,2,1590
515970584,-0.732,1.890,1.098,0.033,0.124,1.023,2,1590
515971640,-0.244,0.549,0.854,0.214,0.017,1.007,2,1590
515972576,-0.366,0.549,-0.122,0.020,-0.000,0.981,2,1590
515973640,-1.098,1.159,-0.305,-0.012,-0.035,1.002,2,1590
515974577,-1.707,2.500,0.732,-0.177,-0.021,1.119,2,1590
515975640,-0.854,2.073,0.854,0.019,0.147,1.034,2,1590
515976747,-0.427,0.671,0.793,0.202,0.016,1.024,2,1590
515977292,-0.549,0.366,-0.183,0.027,0.020,0.962,2,1600
515978379,-0.793,0.610,-0.366,0.050,-0.029,0.987,2,1600
515979638,-1.890,1.707,0.427,-0.092,0.021,1.088,2,1600
515980579,-1.829,2.439,0.610,-0.199,-0.028,1.105,2,1600
515981638,-0.366,1.037,0.732,0.147,0.003,1.024,2,1600
515982580,-0.244,0.488,0.061,0.042,0.022,0.974,2,1600
515983638,-0.793,0.549,-0.366,0.101,0.009,0.975,2,1600
515984552,-1.646,1.829,0.427,-0.107,-0.023,1.058,2,1600
515985638,-1.585,2.561,0.427,-0.199,-0.000,1.114,2,1600
515986580,-1.341,2.317,1.098,0.011,0.134,1.086,2,1600
515987638,-0.305,0.671,0.183,0.078,0.039,0.973,2,1600
515988568,-0.488,0.427,0.000,0.124,0.022,0.964,2,1600
515989638,-1.280,1.524,0.427,-0.103,-0.062,1.062,2,1600
515990643,-1.768,2.561,0.000,-0.198,0.026,1.077,2,1600
515991160,-1.463,2.500,0.854,0.008,0.091,1.082,2,1600
515992707,-0.488,1.646,0.976,0.042,0.058,1.062,2,1600
515993222,-0.366,0.610,0.183,0.113,0.010,0.969,2,1600
515994700,-1.463,1.280,-0.061,-0.094,-0.089,1.054,2,1600
515995214,-1.463,1.280,-0.061,-0.094,-0.089,1.054,2,1600
515996700,-1.646,2.866,1.159,-0.017,0.068,1.110,2,1600
515997214,-0.732,2.195,0.976,-0.001,0.067,1.049,2,1600
515998700,0.000,1.098,0.427,0.146,0.021,0.979,2,1600
515999203,-0.427,0.488,0.183,0.156,0.049,0.990,2,1600
516000700,-1.890,2.317,0.000,-0.151,0.047,1.040,2,1600
516001214,-1.890,2.317,0.000,-0.151,0.047,1.040,2,1600
516002700,-1.280,1.890,0.793,-0.067,0.071,1.051,2,1600
516003208,-1.280,1.890,0.793,-0.067,0.071,1.051,2,1600
516004700,-0.671,0.427,0.244,0.146,0.062,0.981,2,1600
516005214,-1.098,0.854,-0.122,-0.054,-0.105,1.003,2,1600
516006235,-1.585,2.195,0.122,-0.121,0.063,1.063,2,1600
516007688,-1.280,2.500,1.037,-0.106,0.076,1.063,2,1600
516008186,-1.280,2.500,1.037,-0.106,0.076,1.063,2,1600
516009700,-0.427,0.427,0.427,0.143,0.047,0.982,2,1600
516010210,-0.427,0.427,0.427,0.143,0.047,0.982,2,1600
516011693,-1.890,1.829,0.122,-0.088,0.054,1.048,2,1600
516012194,-1.585,2.378,0.488,-0.116,-0.006,1.102,2,1600
516013700,-1.341,2.500,0.976,-0.118,0.083,1.084,2,1600
516014210,-0.488,1.341,0.610,0.178,0.058,1.023,2,1600
516015697,-0.610,0.000,-0.366,0.015,-0.056,0.986,2,1600
516016206,-0.610,0.000,-0.366,0.015,-0.056,0.986,2,1600
516017695,-1.829,2.622,0.427,-0.154,-0.009,1.103,2,1600
516018197,-1.341,2.927,0.671,-0.102,0.090,1.089,2,1600
516019697,-0.427,1.341,0.915,0.160,0.062,1.036,2,1600
516020212,-0.183,0.366,0.549,0.100,0.031,0.984,2,1600
516021700,-1.463,1.463,0.183,-0.031,-0.011,1.049,2,1600
516022209,-1.463,1.463,0.183,-0.031,-0.011,1.049,2,1600
516023698,-1.707,2.378,0.793,-0.107,0.087,1.074,2,1600
516024206,-1.707,2.378,0.793,-0.107,0.087,1.074,2,1600
516025700,-0.427,0.549,0.610,0.096,0.032,1.000,2,1600
516026202,-0.488,0.427,-0.061,0.093,0.008,0.946,2,1600
516027448,-1.220,1.159,0.183,-0.012,-0.017,1.037,2,1600
516028639,-1.524,2.744,0.793,-0.080,0.077,1.101,2,1610
516029632,-1.037,2.012,1.341,0.055,0.062,1.059,2,1610
516030152,-1.037,2.012,1.341,0.055,0.062,1.059,2,1610
516031713,-0.549,0.305,-0.183,0.120,0.039,0.959,2,1610
516032248,-1.341,0.915,-0.183,-0.011,-0.034,1.026,2,1610
516033700,-1.951,2.256,0.000,-0.186,0.004,1.062,2,1610
516034216,-1.707,2.744,0.793,-0.075,0.043,1.116,2,1610
516035700,-0.122,0.610,0.488,0.124,-0.008,0.994,2,1610
516036213,-0.122,0.610,0.488,0.124,-0.008,0.994,2,1610
516037694,-0.915,0.610,-0.061,-0.019,-0.063,0.990,2,1610
516038204,-1.951,1.890,0.122,-0.166,0.013,1.054,2,1610
516039699,-1.890,2.500,0.549,-0.076,0.038,1.134,2,1610
516040217,-1.159,2.439,1.037,-0.058,0.095,1.066,2,1610
516041699,-0.183,0.549,0.427,0.157,0.050,0.981,2,1610
516042212,-0.183,0.549,0.427,0.157,0.050,0.981,2,1610
516043694,-1.890,1.707,0.122,-0.128,0.011,1.042,2,1610
516044209,-1.890,1.707,0.122,-0.128,0.011,1.042,2,1610
516045699,-1.463,2.744,1.037,-0.098,0.088,1.084,2,1610
516046217,-0.305,1.341,0.610,0.137,0.060,1.014,2,1610
516047699,-0.305,0.305,0.366,0.157,0.020,0.988,2,1610
516048209,-0.610,0.488,-0.427,0.009,-0.036,0.996,2,1610
516049694,-1.890,2.500,0.427,-0.120,0.003,1.108,2,1610
516050204,-1.890,2.500,0.427,-0.120,0.003,1.108,2,1610
516051699,-0.366,1.341,0.610,0.142,0.087,1.017,2,1610
516052212,-0.061,0.366,0.427,0.147,0.001,0.960,2,1610
516053699,-0.244,0.061,-0.183,0.035,-0.015,0.982,2,1610
516054216,-1.585,1.341,0.305,-0.051,0.006,1.026,2,1610
516055699,-1.463,2.744,1.098,-0.114,0.062,1.111,2,1610
516056216,-1.463,2.744,1.098,-0.114,0.062,1.111,2,1610
516057230,-0.488,1.585,1.159,0.118,0.113,1.048,2,1610
516058694,-0.549,0.244,-0.061,0.073,0.021,0.961,2,1610
516059196,-1.585,1.280,0.183,-0.039,-0.031,1.044,2,1610
516060699,-2.195,2.378,0.549,-0.193,0.034,1.095,2,1610
516061211,-1.951,2.500,1.037,-0.081,0.035,1.075,2,1610
516062699,-0.305,0.732,0.610,0.106,-0.014,0.985,2,1610
516063217,-0.305,0.732,0.610,0.106,-0.014,0.985,2,1610
516064694,-1.646,1.159,0.122,-0.024,-0.043,1.049,2,1610
516065200,-1.951,2.256,0.183,-0.195,0.031,1.077,2,1610
516066699,-1.768,2.622,0.488,-0.072,0.032,1.083,2,1610
516067212,-0.915,2.195,0.671,0.054,0.094,1.102,2,1610
516068699,-0.305,0.793,0.366,0.150,0.019,0.944,2,1610
516069212,-0.671,-0.061,0.122,0.150,0.019,0.944,2,1610
516070694,-1.768,2.134,-0.061,-0.195,0.032,1.064,2,1610
516071199,-1.768,2.134,-0.061,-0.195,0.032,1.064,2,1610
516072699,-1.220,2.134,1.037,-0.011,0.084,1.092,2,1610
516073217,-0.549,1.037,0.610,0.113,0.032,0.983,2,1610
516074699,-0.793,0.305,0.610,0.151,0.036,0.963,2,1610
516075241,-1.220,0.915,0.244,-0.031,-0.064,1.021,2,1610
516076487,-1.585,2.195,0.244,-0.163,0.038,1.062,2,1610
516077638,-0.915,2.317,0.915,-0.057,0.056,1.073,2,1619
516078625,-0.305,0.915,0.549,0.147,0.046,1.003,2,1619
516079639,-0.610,0.061,0.488,0.176,0.047,0.973,2,1619
516080578,-1.098,0.244,-0.061,-0.030,-0.081,0.995,2,1619
516081639,-1.829,1.707,0.122,-0.134,0.042,1.057,2,1619
516082567,-1.524,2.683,0.793,-0.084,0.042,1.131,2,1619
516083640,-0.244,1.098,0.366,0.163,0.067,1.019,2,1619
516084582,-0.366,0.183,0.183,0.171,0.042,0.988,2,1619
516085639,-1.098,0.427,-0.488,-0.030,-0.082,0.982,2,1619
516086580,-1.890,1.768,-0.244,-0.097,0.035,1.048,2,1619
516087640,-1.951,2.500,0.305,-0.121,0.043,1.119,2,1619
516088577,-1.463,2.256,0.549,-0.115,0.043,1.081,2,1619
516089640,-0.488,0.244,0.427,0.148,0.005,0.991,2,1619
516090567,-0.671,0.366,-0.244,0.003,-0.027,0.980,2,1619
516091639,-1.524,1.585,0.366,-0.052,0.012,1.019,2,1619
516092559,-1.951,2.500,0.854,-0.158,0.024,1.118,2,1619
516093640,-1.159,2.500,0.976,-0.115,0.056,1.089,2,1619
516094575,-0.305,1.098,0.915,0.176,0.084,1.023,2,1619
516095639,-0.366,0.244,0.549,0.115,-0.015,0.993,2,1619
516096573,-0.488,0.183,-0.305,0.033,0.005,0.965,2,1619
516097640,-1.646,2.500,0.549,-0.198,0.025,1.109,2,1619
516098563,-1.402,2.927,0.488,-0.093,0.066,1.071,2,1619
516099639,-0.549,1.646,0.915,0.154,0.087,1.056,2,1619
516100575,-0.244,0.671,0.549,0.081,-0.017,0.986,2,1619
516101639,-0.732,0.244,0.000,0.078,0.037,0.942,2,1619
516102559,-1.768,1.402,0.671,-0.025,-0.033,1.042,2,1619
516103639,-1.402,2.866,0.915,-0.069,0.076,1.075,2,1619
516104567,-0.488,1.890,1.280,0.093,0.071,1.080,2,1619
516105640,-0.122,0.427,0.732,0.095,-0.003,0.993,2,1619
516106561,-0.488,0.061,-0.061,0.137,0.038,0.940,2,1619
516107640,-1.524,1.220,0.427,-0.040,-0.057,1.052,2,1619
516108563,-2.012,2.256,0.305,-0.222,0.027,1.071,2,1619
516109640,-1.646,2.683,0.671,-0.025,0.075,1.089,2,1619
516110583,-0.061,0.915,0.305,0.106,-0.013,0.996,2,1619
516111640,-0.183,0.366,0.122,0.157,0.057,0.968,2,1619
516112555,-1.159,1.098,0.427,-0.051,-0.069,1.032,2,1619
516113639,-1.890,2.195,0.183,-0.208,0.051,1.058,2,1619
516114571,-1.890,2.744,1.037,-0.031,0.044,1.113,2,1619
516115640,-1.280,2.073,1.037,-0.022,0.073,1.084,2,1619
516116575,-0.366,0.793,0.366,0.131,-0.010,0.971,2,1619
516117639,-0.976,0.976,0.244,-0.093,-0.092,1.010,2,1619
516118575,-1.524,2.134,0.122,-0.150,0.064,1.044,2,1619
516119640,-1.585,2.744,0.976,-0.059,0.030,1.134,2,1619
516120575,-0.854,2.195,0.610,-0.062,0.076,1.078,2,1619
516121639,-0.183,0.854,0.366,0.182,0.021,0.973,2,1619
516122647,-0.610,0.000,0.427,0.168,0.028,0.983,2,1619
516123171,-0.915,0.671,-0.305,-0.084,-0.072,0.993,2,1619
516124696,-1.707,2.744,0.854,-0.085,0.019,1.128,2,1619
516125228,-1.707,2.744,0.854,-0.085,0.019,1.128,2,1619
516126459,-0.549,1.037,0.671,0.208,0.048,1.002,2,1619
516127638,-0.854,0.244,0.488,0.135,0.024,0.966,2,1629
516128614,-1.280,0.732,-0.305,-0.050,-0.078,0.992,2,1629
516129638,-1.951,1.951,0.183,-0.097,0.099,1.054,2,1629
516130575,-1.829,2.866,0.732,-0.127,-0.010,1.122,2,1629
516131640,-0.183,0.915,0.427,0.214,0.061,1.019,2,1629
516132575,-0.488,0.244,0.244,0.096,0.007,0.985,2,1629
516133640,-0.976,0.610,-0.305,-0.008,-0.057,0.979,2,1629
516134570,-1.829,1.829,0.122,-0.071,0.064,1.061,2,1629
516135640,-1.585,2.866,0.610,-0.187,-0.004,1.107,2,1629
516136567,-0.915,2.561,0.610,-0.050,0.094,1.074,2,1629
516137640,-0.244,0.305,0.244,0.064,-0.013,0.973,2,1629
516138567,-0.793,0.305,-0.061,0.062,-0.014,0.977,2,1629
516139640,-1.890,1.951,0.488,-0.078,0.025,1.042,2,1629
516140571,-1.951,2.866,0.366,-0.209,0.009,1.105,2,1629
516141640,-1.402,2.744,0.732,-0.021,0.111,1.080,2,1629
516142575,-0.488,1.280,0.610,0.156,0.032,1.036,2,1629
516143640,-0.244,0.427,0.183,0.071,0.005,0.988,2,1629
516144567,-2.134,1.524,0.122,-0.101,0.000,1.041,2,1629
516145640,-2.317,2.561,0.244,-0.202,0.026,1.098,2,1629
516146569,-1.829,2.622,0.915,-0.009,0.101,1.082,2,1629
516147640,-0.732,1.402,1.037,0.101,0.028,1.034,2,1629
516148584,-0.244,0.427,0.244,0.106,0.004,0.971,2,1629
516149640,-0.732,0.244,-0.183,0.102,0.018,0.982,2,1629
516150565,-1.768,1.707,0.122,-0.134,-0.033,1.062,2,1629
516151640,-1.341,2.500,0.915,-0.021,0.069,1.095,2,1629
516152563,-0.610,1.463,0.671,0.062,0.034,1.045,2,1629
516153640,-0.183,0.610,0.244,0.148,0.022,0.957,2,1629
516154566,-0.793,0.183,0.000,0.116,0.016,0.999,2,1629
516155640,-1.646,1.463,0.244,-0.150,-0.045,1.043,2,1629
516156567,-1.951,2.378,0.366,-0.128,0.075,1.077,2,1629
516157640,-0.549,1.524,0.793,0.041,0.043,1.053,2,1629
516158581,-0.183,0.244,0.244,0.187,0.019,0.947,2,1629
516159640,-0.732,0.305,0.305,0.088,-0.004,0.979,2,1629
516160551,-1.402,1.402,0.183,-0.138,-0.037,1.047,2,1629
516161640,-2.073,2.378,0.427,-0.116,0.082,1.083,2,1629
516162580,-1.707,2.744,0.976,-0.086,0.044,1.106,2,1629
516163640,-0.366,1.951,0.671,0.046,0.069,1.048,2,1629
516164584,0.122,0.732,0.366,0.200,-0.005,0.985,2,1629
516165640,-1.646,1.220,-0.122,-0.094,-0.041,1.025,2,1629
516166586,-2.073,2.256,0.427,-0.111,0.105,1.099,2,1629
516167640,-1.829,2.805,0.793,-0.124,-0.000,1.112,2,1629
516168593,-0.549,1.890,0.549,0.042,0.113,1.039,2,1629
516169640,-0.061,0.488,0.549,0.212,-0.040,0.990,2,1629
516170579,-0.732,0.122,-0.122,0.039,0.028,0.986,2,1629
516171640,-1.951,2.256,0.305,-0.112,0.091,1.108,2,1629
516172571,-1.829,2.866,0.915,-0.150,-0.005,1.115,2,1629
516173640,-0.671,1.829,0.732,0.070,0.138,1.049,2,1629
516174605,0.122,0.732,0.793,0.182,-0.040,0.990,2,1629
516175640,-0.061,0.122,0.000,0.041,0.015,0.966,2,1629
516176739,-1.280,0.976,-0.061,-0.040,-0.048,1.009,2,1629
516177280,-1.768,2.439,0.305,-0.155,0.098,1.095,2,1639
516178335,-1.585,2.988,0.793,-0.132,-0.009,1.086,2,1639
516179638,-0.183,0.671,0.793,0.139,-0.022,1.002,2,1639
516180576,-0.366,0.183,0.000,0.081,0.021,0.950,2,1639
516181638,-1.707,0.671,0.000,-0.015,-0.046,1.021,2,1639
516182551,-2.317,2.134,0.305,-0.183,0.085,1.090,2,1639
516183638,-2.012,2.927,0.793,-0.119,0.021,1.072,2,1639
516184576,-0.976,2.195,0.671,0.081,0.090,1.082,2,1639
516185638,-0.488,-0.244,0.244,0.112,0.019,0.947,2,1639
516186572,-1.463,0.915,0.183,0.002,-0.030,1.031,2,1639
516187638,-2.134,2.012,0.122,-0.190,0.043,1.074,2,1639
516188576,-1.829,2.927,0.732,-0.094,0.072,1.105,2,1639
516189638,-1.098,2.439,0.976,0.039,0.051,1.079,2,1639
516190564,0.000,1.098,0.671,0.135,0.005,0.996,2,1639
516191638,-1.524,0.915,0.183,-0.042,-0.026,1.013,2,1639
516192567,-1.890,2.195,0.244,-0.169,0.032,1.049,2,1639
516193638,-1.951,2.805,0.915,-0.074,0.060,1.133,2,1639
516194571,-0.915,2.256,1.159,-0.013,0.076,1.062,2,1639
516195638,-0.061,0.854,0.488,0.165,-0.015,0.986,2,1639
516196653,-0.244,0.244,0.427,0.142,0.035,0.986,2,1639
516197182,-0.915,0.854,0.244,-0.050,-0.060,0.995,2,1639
516198696,-1.890,2.744,1.098,-0.080,0.042,1.148,2,1639
516199203,-1.890,2.744,1.098,-0.080,0.042,1.148,2,1639
516200699,-0.183,0.793,0.793,0.192,-0.013,0.997,2,1639
516201211,-0.671,0.366,0.366,0.146,0.010,0.995,2,1639
516202697,-1.341,0.915,0.061,-0.063,-0.050,0.991,2,1639
516203205,-1.890,2.073,0.610,-0.125,0.085,1.052,2,1639
516204697,-1.646,2.744,1.037,-0.116,0.006,1.136,2,1639
516205211,-0.549,2.439,0.915,-0.049,0.121,1.069,2,1639
516206700,-0.427,0.305,0.366,0.105,0.027,0.964,2,1639
516207212,-0.427,0.305,0.366,0.105,0.027,0.964,2,1639
516208695,-2.195,2.195,0.915,-0.120,0.113,1.084,2,1639
516209208,-2.012,2.866,0.793,-0.132,-0.027,1.101,2,1639
516210697,-0.976,2.500,0.671,-0.016,0.137,1.058,2,1639
516211206,0.000,0.732,0.488,0.203,-0.029,1.034,2,1639
516212700,-1.098,0.305,0.000,0.019,-0.078,0.993,2,1639
516213201,-1.098,0.305,0.000,0.019,-0.078,0.993,2,1639
516214697,-1.829,2.622,0.732,-0.168,-0.011,1.088,2,1639
516215206,-0.915,2.378,0.671,0.012,0.144,1.063,2,1639
516216700,-0.183,1.098,0.854,0.178,-0.051,1.043,2,1639
516217214,-0.244,0.244,0.122,0.060,0.052,0.962,2,1639
516218697,-2.317,2.012,0.366,-0.163,0.091,1.071,2,1639
516219206,-2.317,2.012,0.366,-0.163,0.091,1.071,2,1639
516220700,-1.098,2.378,0.732,0.028,0.139,1.096,2,1639
516221213,-1.098,2.378,0.732,0.028,0.139,1.096,2,1639
516222697,-0.183,0.305,-0.183,0.103,0.046,0.951,2,1639
516223206,-1.402,0.488,0.061,0.058,-0.059,1.009,2,1639
516224726,-2.256,2.134,0.305,-0.200,0.056,1.070,2,1639
516225229,-1.951,2.561,0.549,-0.111,0.036,1.085,2,1639
516226482,-1.098,2.073,0.976,0.021,0.119,1.116,2,1639
516227638,-0.183,-0.061,-0.122,0.154,0.044,0.940,2,1649
516228627,-0.854,0.427,0.061,0.033,-0.044,1.027,2,1649
516229143,-1.768,1.829,0.122,-0.209,0.028,1.046,2,1649
516230700,-2.012,2.622,0.671,-0.073,0.061,1.089,2,1649
516231218,-1.159,2.561,1.098,-0.014,0.085,1.105,2,1649
516232699,0.000,0.061,0.000,0.187,0.019,0.965,2,1649
516233212,0.000,0.061,0.000,0.187,0.019,0.965,2,1649
516234694,-1.951,1.829,0.305,-0.174,0.052,1.042,2,1649
516235204,-1.951,1.829,0.305,-0.061,0.056,1.118,2,1649
516236699,-1.159,2.317,0.976,-0.069,0.072,1.093,2,1649
516237212,0.122,1.098,0.244,0.125,0.021,0.995,2,1649
516238699,-0.183,0.122,0.366,0.190,0.008,0.972,2,1649
516239212,-0.976,0.488,0.061,-0.041,-0.073,0.994,2,1649
516240694,-1.829,2.561,1.280,-0.069,0.068,1.137,2,1649
516241204,-1.829,2.561,1.280,-0.069,0.068,1.137,2,1649
516242699,0.000,1.159,0.488,0.188,0.030,1.013,2,1649
516243216,-0.366,0.427,0.549,0.164,-0.006,0.986,2,1649
516244699,-1.098,0.305,0.122,-0.051,-0.081,0.985,2,1649
516245212,-1.951,1.524,0.549,-0.092,0.094,1.035,2,1649
516246699,-0.854,2.622,0.671,-0.093,0.089,1.068,2,1649
516247216,-0.854,2.622,0.671,-0.093,0.089,1.068,2,1649
516248699,-0.305,0.549,0.610,0.104,-0.014,0.968,2,1649
516249218,-0.976,0.305,-0.244,-0.017,-0.060,0.979,2,1649
516250694,-1.829,1.585,0.488,-0.073,0.081,1.058,2,1649
516251204,-1.890,2.866,0.549,-0.170,0.019,1.118,2,1649
516252699,0.244,1.037,0.671,0.208,0.004,1.052,2,1649
516253216,0.244,1.037,0.671,0.208,0.004,1.052,2,1649
516254699,-0.793,0.183,-0.183,0.043,-0.038,0.958,2,1649
516255209,-0.793,0.183,-0.183,0.043,-0.038,0.958,2,1649
516256712,-1.829,2.744,0.427,-0.198,0.015,1.111,2,1649
516257222,-0.854,2.622,0.793,0.006,0.151,1.075,2,1649
516258699,-0.061,1.037,0.427,0.173,-0.016,1.048,2,1649
516259212,-0.244,0.488,0.000,0.074,-0.014,0.960,2,1649
516260699,-2.134,2.012,0.610,-0.152,0.037,1.056,2,1649
516261218,-2.134,2.012,0.610,-0.152,0.037,1.056,2,1649
516262699,-1.098,2.561,0.915,0.019,0.146,1.094,2,1649
516263212,-0.244,1.524,0.915,0.108,-0.025,1.029,2,1649
516264699,0.000,0.122,0.000,0.102,0.008,0.954,2,1649
516265212,-0.854,0.183,0.244,0.103,-0.032,0.996,2,1649
516266694,-1.829,2.561,0.427,-0.134,0.062,1.090,2,1649
516267203,-1.829,2.561,0.427,-0.134,0.062,1.090,2,1649
516268699,-0.122,1.402,0.305,0.079,-0.006,1.027,2,1649
516269218,-0.183,0.183,0.000,0.163,0.013,0.944,2,1649
516270699,-0.976,0.305,0.122,0.060,-0.056,0.999,2,1649
516271212,-1.951,1.768,0.366,-0.221,0.030,1.036,2,1649
516272696,-2.073,2.500,0.549,-0.081,0.083,1.105,2,1649
516273212,-1.220,2.683,1.098,-0.027,0.087,1.101,2,1649
516274699,-0.183,0.061,0.183,0.190,0.042,0.958,2,1649
516275234,-0.183,0.061,0.183,0.190,0.042,0.958,2,1649
516276417,-2.256,1.768,0.183,-0.195,0.048,1.041,2,1649
516277638,-1.951,2.561,0.671,-0.059,0.071,1.112,2,1658
516278630,-1.220,2.805,1.220,-0.076,0.080,1.086,2,1658
516279151,-0.061,1.159,0.427,0.131,-0.002,1.021,2,1658
516280701,-1.037,0.488,0.061,-0.033,-0.108,0.996,2,1658
516281208,-1.037,0.488,0.061,-0.033,-0.108,0.996,2,1658
516282700,-2.134,2.561,0.854,-0.083,0.044,1.115,2,1658
516283212,-1.402,2.805,0.854,-0.114,0.085,1.089,2,1658
516284700,-0.305,1.341,0.366,0.182,0.005,1.020,2,1658
516285208,-0.427,0.305,0.732,0.150,0.016,0.968,2,1658
516286700,-1.951,1.829,0.305,-0.085,0.114,1.048,2,1658
516287207,-1.951,1.829,0.305,-0.085,0.114,1.048,2,1658
516288700,-1.159,2.927,0.549,-0.102,0.115,1.086,2,1658
516289208,-1.159,2.927,0.549,-0.102,0.115,1.086,2,1658
516290700,-0.305,0.366,0.427,0.104,-0.002,0.974,2,1658
516291207,-0.793,0.244,0.000,-0.008,-0.070,0.976,2,1658
516292695,-2.195,1.707,0.732,-0.081,0.096,1.058,2,1658
516293207,-2.073,2.805,0.976,-0.181,0.001,1.106,2,1658
516294697,-0.366,1.220,0.488,0.209,0.002,1.025,2,1658
516295211,-0.366,1.220,0.488,0.209,0.002,1.025,2,1658
516296700,-1.159,0.244,-0.183,0.041,-0.048,0.981,2,1658
516297208,-2.439,1.829,0.610,-0.119,0.071,1.052,2,1658
516298697,-2.378,2.683,0.915,-0.201,0.034,1.112,2,1658
516299206,-1.585,2.500,0.732,0.020,0.123,1.091,2,1658
516300700,-0.122,0.000,0.000,0.071,-0.030,0.967,2,1658
516301207,-0.122,0.000,0.000,0.071,-0.030,0.967,2,1658
516302695,-1.829,1.890,0.427,-0.164,0.047,1.051,2,1658
516303203,-1.829,1.890,0.427,-0.164,0.047,1.051,2,1658
516304700,-1.037,2.378,1.098,0.037,0.105,1.105,2,1658
516305208,-0.061,1.159,0.427,0.120,-0.019,1.002,2,1658
516306700,-0.244,0.000,0.000,0.128,-0.012,0.940,2,1658
516307214,-1.402,0.427,-0.061,0.054,-0.041,1.017,2,1658
516308695,-1.951,2.866,0.366,-0.110,0.083,1.107,2,1658
516309208,-1.951,2.866,0.366,-0.110,0.083,1.107,2,1658
516310700,0.305,1.098,0.366,0.125,-0.026,1.020,2,1658
516311214,0.000,0.122,0.000,0.157,-0.002,0.968,2,1658
516312700,-1.159,0.305,0.122,0.005,-0.065,0.998,2,1658
516313214,-2.256,2.073,0.122,-0.180,0.064,1.044,2,1658
516314700,-1.341,2.683,0.732,-0.047,0.119,1.084,2,1658
516315214,-1.341,2.683,0.732,-0.047,0.119,1.084,2,1658
516316700,-0.244,0.122,0.183,0.186,-0.000,0.965,2,1658
516317208,-0.976,0.427,0.122,-0.052,-0.083,0.989,2,1658
516318698,-1.829,1.829,0.244,-0.159,0.092,1.045,2,1658
516319204,-1.951,2.622,0.915,-0.083,0.044,1.129,2,1658
516320700,0.183,0.671,0.427,0.185,-0.004,1.011,2,1658
516321201,0.183,0.671,0.427,0.185,-0.004,1.011,2,1658
516322700,-1.159,0.427,0.122,-0.041,-0.087,0.997,2,1658
516323207,-1.159,0.427,0.122,-0.041,-0.087,0.997,2,1658
516324700,-1.768,2.805,0.854,-0.121,0.043,1.110,2,1658
516325238,-0.671,2.561,0.610,-0.043,0.092,1.066,2,1658
516326461,0.122,1.037,0.244,0.205,-0.021,1.032,2,1658
516327639,-1.159,0.366,-0.122,-0.025,-0.088,0.999,2,1668
516328618,-2.317,2.134,0.427,-0.133,0.120,1.089,2,1668
516329638,-2.195,2.866,0.732,-0.151,0.035,1.105,2,1668
516330586,-0.854,2.378,0.671,-0.009,0.126,1.046,2,1668
516331640,-0.061,1.037,0.488,0.217,-0.047,1.037,2,1668
516332567,-0.366,0.427,-0.061,0.066,0.017,0.943,2,1668
516333640,-1.280,0.244,-0.183,0.009,-0.076,1.004,2,1668
516334574,-2.439,2.134,0.671,-0.156,0.107,1.079,2,1668
516335640,-1.037,2.500,0.793,0.026,0.174,1.083,2,1668
516336582,-0.122,0.976,0.671,0.179,-0.088,1.006,2,1668
516337640,-0.183,0.244,0.061,0.104,0.027,0.943,2,1668
516338566,-1.098,0.793,0.122,0.014,-0.093,1.013,2,1668
516339640,-2.073,2.378,0.610,-0.191,0.127,1.068,2,1668
516340583,-1.951,2.866,0.732,-0.113,0.013,1.082,2,1668
516341640,0.000,1.098,0.305,0.136,-0.058,0.997,2,1668
516342571,-0.061,0.244,-0.305,0.149,0.005,0.946,2,1668
516343640,-1.402,1.037,-0.183,-0.036,-0.082,1.027,2,1668
516344577,-2.073,1.890,0.244,-0.205,0.111,1.064,2,1668
516345640,-2.012,2.622,0.793,-0.082,0.075,1.104,2,1668
516346580,-0.854,2.134,0.854,0.031,0.085,1.096,2,1668
516347640,0.122,0.732,0.061,0.143,-0.026,0.993,2,1668
516348576,-0.610,-0.183,0.000,0.139,-0.007,0.961,2,1668
516349640,-2.317,2.073,0.305,-0.178,0.104,1.059,2,1668
516350563,-1.890,2.805,1.037,-0.073,0.080,1.121,2,1668
516351640,-0.793,2.073,0.549,0.008,0.090,1.079,2,1668
516352577,0.061,0.732,0.122,0.195,-0.034,0.970,2,1668
516353640,-0.366,-0.061,-0.183,0.116,-0.021,0.983,2,1668
516354554,-1.402,0.854,-0.305,-0.113,-0.051,1.000,2,1668
516355640,-1.890,2.744,1.220,-0.105,0.065,1.141,2,1668
516356570,-0.854,1.829,0.549,0.013,0.106,1.064,2,1668
516357640,0.122,0.488,0.366,0.240,-0.026,0.994,2,1668
516358567,-0.305,-0.061,0.122,0.081,-0.051,0.978,2,1668
516359640,-1.402,0.732,0.000,-0.082,-0.036,0.994,2,1668
516360559,-2.561,2.195,0.915,-0.123,0.121,1.079,2,1668
516361640,-0.549,1.951,0.549,0.059,0.132,1.044,2,1668
516362587,-0.305,0.488,0.427,0.236,-0.067,0.994,2,1668
516363640,-0.549,0.061,-0.244,0.031,-0.028,0.969,2,1668
516364558,-1.768,0.854,-0.183,-0.052,-0.055,0.986,2,1668
516365640,-2.256,2.256,0.793,-0.143,0.138,1.123,2,1668
516366580,-1.890,2.805,0.915,-0.153,0.025,1.100,2,1668
516367640,-0.549,1.768,0.732,0.122,0.140,1.054,2,1668
516368575,-0.061,0.488,0.366,0.179,-0.094,1.007,2,1668
516369640,-1.829,0.793,0.183,-0.032,-0.058,1.003,2,1668
516370578,-2.500,2.500,0.549,-0.189,0.123,1.119,2,1668
516371640,-1.646,3.049,0.793,-0.131,0.064,1.097,2,1668
516372580,-0.183,1.768,0.671,0.152,0.120,1.072,2,1668
516373640,0.305,0.366,0.183,0.132,-0.106,0.977,2,1668
516374605,-0.183,-0.244,-0.427,0.069,0.001,0.955,2,1668
516375640,-2.073,2.500,0.366,-0.215,0.112,1.115,2,1668
516376749,-1.646,2.805,0.854,-0.060,0.096,1.081,2,1668
516377299,-1.646,2.805,0.854,-0.060,0.096,1.081,2,1678
516378406,0.061,0.610,0.000,0.108,-0.058,0.959,2,1678
516379638,-0.427,-0.061,-0.061,0.125,-0.026,0.960,2,1678
516380576,-1.951,1.585,0.793,-0.131,-0.017,1.032,2,1678
516381638,-2.256,2.439,0.549,-0.194,0.088,1.092,2,1678
516382572,-1.646,2.744,1.159,-0.009,0.126,1.106,2,1678
516383638,0.122,0.305,-0.122,0.161,-0.014,0.950,2,1678
516384572,-0.793,0.061,0.000,0.115,-0.075,0.989,2,1678
516385638,-1.951,1.463,0.305,-0.181,-0.002,1.029,2,1678
516386563,-1.890,2.500,0.732,-0.146,0.105,1.077,2,1678
516387638,-1.341,2.683,1.280,-0.022,0.121,1.126,2,1678
516388572,0.061,1.524,0.549,0.066,0.003,1.039,2,1678
516389638,-0.610,0.427,-0.061,0.052,-0.084,0.993,2,1678
516390558,-1.768,1.707,0.305,-0.195,0.025,1.027,2,1678
516391638,-2.012,2.866,1.220,-0.088,0.124,1.096,2,1678
516392578,-1.280,2.805,1.402,-0.065,0.089,1.110,2,1678
516393638,-0.061,1.280,0.549,0.107,0.020,1.017,2,1678
516394576,-0.183,0.122,0.732,0.239,-0.019,0.972,2,1678
516395638,-2.134,1.707,0.061,-0.152,0.052,1.027,2,1678
516396566,-2.378,2.683,0.915,-0.092,0.105,1.118,2,1678
516397638,-1.402,2.561,0.854,-0.111,0.090,1.103,2,1678
516398559,0.061,1.037,0.122,0.187,0.041,1.019,2,1678
516399638,0.183,0.061,-0.061,0.188,-0.054,0.966,2,1678
516400601,-0.671,0.488,-0.549,-0.052,-0.084,0.982,2,1678
516401638,-1.890,1.890,0.244,-0.108,0.092,1.025,2,1678
516402608,-2.134,2.866,0.793,-0.129,0.083,1.136,2,1678
516403638,-0.183,1.280,0.244,0.233,0.017,1.028,2,1678
516404568,-0.183,0.244,0.122,0.107,-0.042,0.969,2,1678
516405638,-0.854,0.244,-0.732,-0.030,-0.090,0.978,2,1678
516406560,-1.890,2.012,0.427,-0.091,0.108,1.062,2,1678
516407638,-2.134,2.805,0.915,-0.185,0.048,1.135,2,1678
516408572,-1.341,2.622,0.427,-0.013,0.172,1.063,2,1678
516409638,-0.427,0.488,0.000,0.060,-0.030,0.948,2,1678
516410565,-1.159,0.488,-0.244,0.030,-0.083,0.977,2,1678
516411638,-2.195,2.012,0.976,-0.137,0.106,1.079,2,1678
516412575,-1.890,2.866,0.793,-0.188,0.050,1.108,2,1678
516413638,-1.098,2.439,1.037,0.051,0.180,1.080,2,1678
516414630,0.000,1.159,0.793,0.191,-0.080,1.041,2,1678
516415155,0.061,0.244,-0.183,0.081,-0.007,0.945,2,1678
516416698,-1.890,2.134,0.549,-0.210,0.103,1.097,2,1678
516417205,-1.890,2.134,0.549,-0.210,0.103,1.097,2,1678
516418700,-0.671,1.951,0.793,0.083,0.158,1.091,2,1678
516419214,0.244,0.610,0.366,0.134,-0.070,1.010,2,1678
516420697,-0.244,-0.305,-0.305,0.130,-0.015,0.938,2,1678
516421205,-1.829,0.427,0.183,-0.011,-0.087,1.021,2,1678
516422700,-2.134,2.805,0.915,-0.064,0.095,1.099,2,1678
516423208,-2.134,2.805,0.915,-0.064,0.095,1.099,2,1678
516424724,0.122,0.488,-0.244,0.140,-0.062,0.980,2,1678
516425227,0.122,0.488,-0.244,0.140,-0.062,0.980,2,1678
516426504,-1.524,0.915,0.000,-0.076,-0.101,1.032,2,1678
516427638,-2.439,2.439,0.610,-0.208,0.139,1.056,2,1688
516428647,-2.134,2.866,1.220,-0.047,0.078,1.122,2,1688
516429159,-0.915,2.012,0.854,0.026,0.113,1.089,2,1688
516430700,-0.549,0.122,0.000,0.118,-0.014,0.976,2,1688
516431217,-0.549,0.122,0.000,0.118,-0.014,0.976,2,1688
516432694,-2.622,2.500,0.427,-0.124,0.163,1.084,2,1688
516433197,-2.012,2.805,1.037,-0.079,0.070,1.128,2,1688
516434697,-0.305,2.134,0.732,0.043,0.101,1.059,2,1688
516435212,0.183,0.549,0.366,0.248,-0.065,0.960,2,1688
516436699,-1.890,1.159,-0.061,-0.147,-0.042,1.012,2,1688
516437209,-1.890,1.159,-0.061,-0.147,-0.042,1.012,2,1688
516438697,-1.890,2.866,0.915,-0.133,0.052,1.113,2,1688
516439206,-1.890,2.866,0.915,-0.133,0.052,1.113,2,1688
516440699,0.122,0.244,0.305,0.236,-0.072,0.965,2,1688
516441212,-0.671,0.122,-0.244,0.013,-0.066,0.981,2,1688
516442694,-2.012,1.280,0.244,-0.134,-0.009,0.985,2,1688
516443206,-2.012,2.561,0.854,-0.120,0.128,1.122,2,1688
516444696,0.305,1.280,0.732,0.184,0.067,1.053,2,1688
516445211,0.305,1.280,0.732,0.184,0.067,1.053,2,1688
516446699,-0.183,0.122,-0.183,0.003,-0.092,0.965,2,1688
516447210,-2.012,1.768,0.549,-0.098,0.052,1.036,2,1688
516448696,-2.439,2.744,0.976,-0.179,0.073,1.127,2,1688
516449207,-1.829,3.049,0.915,-0.071,0.155,1.080,2,1688
516450697,0.122,0.549,0.122,0.127,-0.037,0.954,2,1688
516451206,0.122,0.549,0.122,0.127,-0.037,0.954,2,1688
516452697,-2.134,1.768,0.549,-0.131,0.089,1.060,2,1688
516453202,-2.317,2.866,0.732,-0.194,0.049,1.115,2,1688
516454696,-1.402,2.683,0.793,-0.005,0.173,1.112,2,1688
516455207,-0.122,1.280,0.488,0.170,-0.022,1.026,2,1688
516456699,-1.159,0.427,-0.183,0.023,-0.105,1.001,2,1688
516457217,-1.159,0.427,-0.183,0.023,-0.105,1.001,2,1688
516458697,-2.317,2.866,0.793,-0.159,0.104,1.083,2,1688
516459214,-2.317,2.866,0.793,-0.159,0.104,1.083,2,1688
516460699,0.366,0.915,0.549,0.148,-0.018,0.997,2,1688
516461211,0.244,-0.122,-0.122,0.146,-0.053,0.926,2,1688
516462694,-0.976,0.610,0.061,-0.002,-0.082,1.012,2,1688
516463206,-1.951,2.256,0.427,-0.208,0.059,1.056,2,1688
516464696,-0.854,2.500,0.915,0.015,0.117,1.090,2,1688
516465213,-0.854,2.500,0.915,0.015,0.117,1.090,2,1688
516466699,0.000,-0.061,-0.122,0.151,-0.038,0.957,2,1688
516467217,-1.280,0.854,0.000,-0.072,-0.090,0.980,2,1688
516468697,-2.134,2.256,0.366,-0.186,0.124,1.060,2,1688
516469206,-2.195,2.866,0.793,-0.102,0.067,1.149,2,1688
516470696,0.244,0.549,-0.122,0.212,-0.061,0.977,2,1688
516471213,0.244,0.549,-0.122,0.212,-0.061,0.977,2,1688
516472697,-1.159,0.915,-0.244,-0.108,-0.086,1.001,2,1688
516473202,-1.159,0.915,-0.244,-0.108,-0.086,1.001,2,1688
516474696,-1.768,2.988,1.280,-0.112,0.060,1.128,2,1688
516475238,-0.671,2.073,0.671,0.052,0.127,1.071,2,1688
516476456,-0.061,0.671,0.366,0.220,-0.065,0.975,2,1688
516477638,-1.341,1.037,0.000,-0.103,-0.068,1.011,2,1697
516478633,-2.439,2.561,0.732,-0.136,0.148,1.128,2,1697
516479148,-2.439,2.561,0.732,-0.136,0.148,1.128,2,1697
516480701,-0.366,1.585,0.610,0.135,0.119,1.050,2,1697
516481213,0.061,0.244,0.427,0.199,-0.094,0.978,2,1697
516482697,-0.183,-0.183,-0.488,0.026,-0.058,0.963,2,1697
516483207,-1.707,1.402,0.305,-0.092,-0.011,1.000,2,1697
516484697,-1.707,3.049,1.159,-0.110,0.115,1.108,2,1697
516485207,-1.707,3.049,1.159,-0.110,0.115,1.108,2,1697
516486700,0.305,0.244,0.183,0.155,-0.059,0.937,2,1697
516487208,-0.488,-0.183,-0.427,0.049,-0.094,0.958,2,1697
516488695,-2.012,1.829,0.549,-0.129,0.026,1.062,2,1697
516489203,-2.073,2.805,0.549,-0.183,0.109,1.099,2,1697
516490697,-0.122,1.098,0.610,0.167,0.006,1.077,2,1697
516491207,-0.122,1.098,0.610,0.167,0.006,1.077,2,1697
516492700,-1.037,-0.061,-0.488,0.042,-0.104,0.967,2,1697
516493202,-1.037,-0.061,-0.488,0.042,-0.104,0.967,2,1697
516494697,-2.256,2.683,0.488,-0.156,0.101,1.097,2,1697
516495210,-1.341,2.683,0.976,0.003,0.177,1.124,2,1697
516496700,0.244,0.976,0.366,0.137,-0.038,1.006,2,1697
516497208,0.305,0.000,-0.183,0.180,-0.029,0.928,2,1697
516498697,-2.134,2.012,0.183,-0.210,0.095,1.049,2,1697
516499211,-2.134,2.012,0.183,-0.210,0.095,1.049,2,1697
516500697,-0.793,2.805,1.098,-0.007,0.143,1.107,2,1697
516501207,0.488,0.915,0.122,0.151,-0.018,1.006,2,1697
516502700,0.061,0.061,-0.183,0.178,-0.038,0.949,2,1697
516503202,-1.098,0.610,-0.244,-0.064,-0.131,0.999,2,1697
516504697,-2.073,2.744,1.341,-0.095,0.097,1.134,2,1697
516505201,-2.073,2.744,1.341,-0.095,0.097,1.134,2,1697
516506700,0.671,0.671,0.061,0.222,-0.034,0.964,2,1697
516507202,0.671,0.671,0.061,0.222,-0.034,0.964,2,1697
516508695,-1.341,0.915,-0.183,-0.115,-0.103,0.977,2,1697
516509209,-2.439,2.195,0.549,-0.129,0.132,1.051,2,1697
516510697,-2.256,2.988,1.220,-0.130,0.088,1.156,2,1697
516511210,-0.671,2.012,0.427,0.036,0.141,1.075,2,1697
516512700,-0.305,0.244,-0.122,0.065,-0.094,0.971,2,1697
516513214,-0.305,0.244,-0.122,0.065,-0.094,0.971,2,1697
516514695,-2.256,2.683,0.854,-0.116,0.137,1.108,2,1697
516515209,-1.890,3.232,1.341,-0.150,0.092,1.121,2,1697
516516697,-0.549,1.768,0.488,0.119,0.120,1.035,2,1697
516517201,0.122,0.305,0.122,0.222,-0.075,1.002,2,1697
516518700,-1.585,1.159,0.183,-0.073,-0.024,0.996,2,1697
516519202,-1.585,1.159,0.183,-0.073,-0.024,0.996,2,1697
516520697,-1.463,2.988,0.915,-0.123,0.101,1.098,2,1697
516521201,-0.122,1.402,0.488,0.192,0.099,1.039,2,1697
516522700,-0.122,0.549,0.305,0.152,-0.114,0.972,2,1697
516523208,-0.854,0.244,-0.305,0.015,-0.069,0.961,2,1697
516524695,-2.134,2.744,1.098,-0.200,0.109,1.131,2,1697
516525230,-2.134,2.744,1.098,-0.200,0.109,1.131,2,1697
516526439,-1.280,2.683,0.976,0.202,0.020,1.066,2,1697
516527638,0.000,0.366,0.000,0.103,-0.072,0.935,2,1707
516528620,-1.037,0.244,-0.366,0.063,-0.104,0.967,2,1707
516529638,-2.500,2.012,0.610,-0.172,0.052,1.052,2,1707
516530576,-2.195,2.622,0.549,-0.192,0.084,1.116,2,1707
516531640,-1.220,2.500,1.098,0.149,-0.051,1.041,2,1707
516532575,-0.244,-0.122,-0.122,0.135,-0.010,0.922,2,1707
516533640,-1.037,0.183,0.061,0.048,-0.133,1.006,2,1707
516534584,-2.256,2.134,0.793,-0.236,0.087,1.055,2,1707
516535640,-2.012,2.927,0.854,-0.115,0.106,1.106,2,1707
516536573,-0.671,2.622,1.220,0.043,0.161,1.126,2,1707
516537640,0.549,1.220,0.122,0.121,-0.065,0.999,2,1707
516538580,0.000,0.183,-0.366,0.168,-0.007,0.920,2,1707
516539640,-2.622,2.256,0.305,-0.233,0.129,1.063,2,1707
516540563,-2.500,2.866,1.037,-0.078,0.102,1.115,2,1707
516541640,-0.915,2.439,1.037,0.012,0.154,1.107,2,1707
516542580,0.488,0.732,0.061,0.184,-0.074,0.962,2,1707
516543640,-0.122,-0.061,0.000,0.167,-0.049,0.965,2,1707
516544547,-1.463,1.098,0.000,-0.139,-0.114,1.004,2,1707
516545640,-2.012,2.927,1.524,-0.090,0.099,1.150,2,1707
516546563,-0.366,1.890,0.610,0.028,0.116,1.081,2,1707
516547640,0.305,0.305,0.244,0.257,-0.047,0.954,2,1707
516548575,-0.671,0.244,0.122,0.077,-0.103,0.981,2,1707
516549640,-1.768,1.463,0.122,-0.169,-0.049,0.997,2,1707
516550570,-2.317,2.561,0.915,-0.103,0.157,1.101,2,1707
516551640,-1.646,3.171,1.341,-0.142,0.104,1.134,2,1707
516552579,0.122,1.524,0.366,0.111,0.082,1.041,2,1707
516553640,-0.549,0.000,-0.488,-0.021,-0.100,0.967,2,1707
516554571,-2.195,0.854,-0.061,-0.114,0.016,1.003,2,1707
516555640,-2.561,2.317,1.098,-0.123,0.121,1.131,2,1707
516556567,-1.585,2.683,1.159,-0.138,0.121,1.107,2,1707
516557640,-0.061,0.976,0.549,0.205,0.070,1.037,2,1707
516558577,0.244,-0.122,0.366,0.168,-0.091,0.954,2,1707
516559640,-2.134,1.707,0.549,-0.109,0.074,1.047,2,1707
516560576,-2.256,3.049,1.280,-0.188,0.084,1.133,2,1707
516561640,-1.220,2.622,1.159,-0.038,0.179,1.080,2,1707
516562589,0.061,0.915,0.671,0.240,-0.008,1.048,2,1707
516563640,0.244,0.244,-0.305,0.085,-0.056,0.960,2,1707
516564559,-0.671,0.122,-0.793,0.003,-0.113,0.963,2,1707
516565640,-1.890,2.073,0.854,-0.145,0.092,1.061,2,1707
516566567,-0.915,2.134,0.915,0.047,0.196,1.101,2,1707
516567640,0.183,0.610,0.549,0.202,-0.065,1.024,2,1707
516568580,0.061,0.061,-0.366,0.096,-0.041,0.918,2,1707
516569640,-1.341,0.549,0.000,-0.005,-0.120,0.995,2,1707
516570574,-2.439,2.378,0.793,-0.219,0.114,1.090,2,1707
516571640,-2.012,2.805,0.793,-0.114,0.104,1.098,2,1707
516572582,-0.793,2.134,0.976,0.082,0.155,1.102,2,1707
516573640,-0.061,-0.305,-0.244,0.134,-0.051,0.937,2,1707
516574563,-1.707,0.915,0.183,-0.069,-0.105,1.016,2,1707
516575640,-2.622,2.561,0.366,-0.238,0.149,1.083,2,1707
516576743,-2.073,2.866,1.098,-0.053,0.117,1.125,2,1707
516577288,-0.122,1.768,0.976,0.062,0.120,1.078,2,1717
516578429,0.732,0.122,-0.061,0.171,-0.080,0.958,2,1717
516579638,-1.890,1.402,0.427,-0.156,-0.093,1.016,2,1717
516580613,-2.622,2.439,0.671,-0.171,0.190,1.102,2,1717
516581638,-1.951,2.683,1.341,-0.053,0.108,1.116,2,1717
516582586,-0.244,1.280,0.488,0.092,0.079,1.054,2,1717
516583638,0.244,0.000,-0.122,0.221,-0.074,0.953,2,1717
516584568,-0.427,-0.061,-0.183,0.046,-0.099,0.961,2,1717
516585638,-1.646,1.585,0.061,-0.177,0.002,1.010,2,1717
516586572,-2.195,2.744,0.915,-0.114,0.133,1.132,2,1717
516587638,-0.305,1.159,0.183,0.160,0.040,1.031,2,1717
516588580,-0.122,0.061,-0.061,0.208,-0.079,0.958,2,1717
516589638,-0.976,0.305,-0.305,-0.051,-0.135,0.976,2,1717
516590558,-2.256,1.829,0.122,-0.159,0.084,1.031,2,1717
516591638,-2.317,2.805,1.280,-0.126,0.122,1.145,2,1717
516592560,-1.463,2.439,1.098,-0.061,0.155,1.086,2,1717
516593638,0.061,-0.183,-0.061,0.134,-0.059,0.954,2,1717
516594564,-1.159,0.427,-0.671,-0.066,-0.153,0.964,2,1717
516595638,-2.439,2.256,0.671,-0.132,0.145,1.076,2,1717
516596576,-2.256,2.866,1.402,-0.156,0.058,1.127,2,1717
516597638,-1.098,1.951,0.793,0.026,0.204,1.072,2,1717
516598576,-0.122,0.488,0.183,0.241,-0.102,1.008,2,1717
516599638,-0.183,-0.061,-0.183,0.086,-0.038,0.932,2,1717
516600571,-2.561,2.439,1.159,-0.169,0.175,1.100,2,1717
516601638,-1.768,2.866,1.402,-0.126,0.081,1.125,2,1717
516602568,-0.610,1.707,0.671,0.102,0.182,1.096,2,1717
516603638,0.122,0.366,0.183,0.165,-0.104,0.964,2,1717
516604572,-0.244,-0.061,-0.366,0.086,-0.046,0.964,2,1717
516605638,-2.012,1.220,0.366,-0.103,-0.094,1.005,2,1717
516606558,-2.378,2.256,0.732,-0.203,0.143,1.105,2,1717
516607638,-0.061,1.524,0.549,0.137,0.068,1.081,2,1717
516608576,0.366,0.366,-0.061,0.169,-0.073,0.952,2,1717
516609638,-0.366,0.183,-0.366,0.076,-0.119,0.963,2,1717
516610560,-1.829,1.890,0.366,-0.162,0.021,1.022,2,1717
516611638,-2.256,2.744,0.671,-0.163,0.105,1.113,2,1717
516612574,-1.646,2.988,1.220,-0.021,0.181,1.147,2,1717
516613638,0.305,0.061,-0.244,0.194,-0.067,0.926,2,1717
516614564,-0.610,0.244,-0.122,0.000,-0.139,1.012,2,1717
516615638,-2.317,1.768,0.488,-0.195,0.049,1.025,2,1717
516616563,-2.378,2.744,1.159,-0.125,0.148,1.129,2,1717
516617638,-1.159,2.378,0.915,-0.006,0.146,1.113,2,1717
516618576,0.366,0.732,0.000,0.167,-0.010,1.003,2,1717
516619638,0.244,-0.244,-0.183,0.175,-0.078,0.954,2,1717
516620563,-0.793,0.610,0.000,-0.068,-0.124,0.964,2,1717
516621638,-2.195,2.805,1.402,-0.101,0.099,1.156,2,1717
516622556,-0.549,2.256,0.793,0.006,0.169,1.091,2,1717
516623638,0.671,0.366,0.122,0.244,-0.059,0.974,2,1717
516624567,0.183,0.183,-0.305,0.105,-0.099,0.962,2,1717
516625638,-1.159,1.159,-0.122,-0.116,-0.094,0.993,2,1717
516626744,-1.707,3.171,1.220,-0.125,0.098,1.136,2,1717
516627285,-1.707,3.171,1.220,-0.125,0.098,1.136,2,1727
516628372,0.061,1.707,0.488,0.081,0.142,1.059,2,1727
516629638,-0.244,0.122,-0.366,0.041,-0.070,0.945,2,1727
516630567,-1.646,0.976,0.000,-0.101,-0.060,0.979,2,1727
516631640,-2.561,2.622,0.915,-0.159,0.137,1.138,2,1727
516632569,-1.524,2.744,1.341,-0.120,0.132,1.113,2,1727
516633640,0.183,1.098,0.610,0.195,0.092,1.069,2,1727
516634587,-0.305,0.122,-0.732,0.021,-0.117,0.945,2,1727
516635640,-2.317,1.951,0.671,-0.112,0.047,1.039,2,1727
516636585,-2.378,2.805,0.915,-0.179,0.081,1.131,2,1727
516637640,-1.280,2.561,0.854,-0.029,0.203,1.085,2,1727
516638576,0.244,1.037,0.610,0.202,-0.014,1.063,2,1727
516639640,0.366,0.183,-0.183,0.104,-0.033,0.933,2,1727
516640567,-0.793,0.000,-0.366,0.031,-0.160,0.969,2,1727
516641640,-2.317,2.805,1.037,-0.177,0.096,1.095,2,1727
516642555,-1.037,2.317,1.280,0.045,0.213,1.111,2,1727
516643640,0.427,0.732,0.366,0.170,-0.091,1.019,2,1727
516644578,0.244,-0.244,-0.427,0.138,-0.044,0.917,2,1727
516645640,-1.341,0.488,0.122,-0.040,-0.166,1.001,2,1727
516646584,-2.744,2.256,0.549,-0.223,0.150,1.076,2,1727
516647640,-0.854,2.012,1.098,0.073,0.170,1.124,2,1727
516648583,0.427,0.366,-0.183,0.156,-0.091,0.954,2,1727
516649640,-0.061,-0.305,-0.488,0.145,-0.064,0.953,2,1727
516650554,-1.585,1.280,0.183,-0.142,-0.108,1.010,2,1727
516651640,-2.073,2.622,0.427,-0.178,0.172,1.081,2,1727
516652571,-1.707,2.866,1.159,-0.057,0.139,1.147,2,1727
516653640,0.061,1.585,0.549,0.082,0.085,1.070,2,1727
516654591,0.732,0.061,-0.122,0.212,-0.065,0.936,2,1727
516655640,-2.378,1.707,0.122,-0.187,-0.011,1.008,2,1727
516656576,-2.744,2.683,0.793,-0.113,0.136,1.118,2,1727
516657640,-1.829,3.049,1.646,-0.071,0.157,1.128,2,1727
516658592,0.061,1.037,0.427,0.152,0.043,1.020,2,1727
516659640,0.183,-0.122,0.000,0.219,-0.071,0.959,2,1727
516660563,-0.793,0.366,-0.427,-0.046,-0.168,0.982,2,1727
516661640,-2.134,2.744,1.341,-0.109,0.118,1.171,2,1727
516662571,-0.854,2.500,1.098,-0.052,0.175,1.095,2,1727
516663640,0.549,0.488,0.305,0.239,-0.025,0.996,2,1727
516664563,0.122,0.122,0.061,0.139,-0.088,0.966,2,1727
516665640,-1.524,0.976,-0.427,-0.116,-0.126,0.958,2,1727
516666563,-2.744,2.439,0.610,-0.120,0.140,1.068,2,1727
516667640,-2.317,3.293,1.402,-0.159,0.101,1.157,2,1727
516668579,0.244,0.366,0.427,0.241,-0.073,0.998,2,1727
516669640,-0.244,0.183,-0.244,0.052,-0.096,0.969,2,1727
516670559,-1.402,1.037,-0.183,-0.078,-0.069,0.979,2,1727
516671640,-2.622,2.439,1.037,-0.166,0.142,1.119,2,1727
516672579,-1.707,2.866,1.402,-0.144,0.120,1.118,2,1727
516673640,-0.549,1.524,0.671,0.173,0.145,1.065,2,1727
516674587,0.000,0.427,0.244,0.165,-0.131,0.970,2,1727
516675640,-1.890,1.707,0.488,-0.104,-0.050,1.023,2,1727
516676741,-2.317,2.805,1.098,-0.214,0.157,1.122,2,1727
516677281,-1.341,2.805,0.976,-0.052,0.167,1.074,2,1736
516678345,0.000,1.524,0.488,0.197,0.045,1.091,2,1736
516679638,0.549,0.427,0.061,0.100,-0.079,0.939,2,1736
516680567,-0.671,-0.061,-0.183,0.056,-0.127,0.950,2,1736
516681638,-2.134,2.561,0.793,-0.167,0.119,1.125,2,1736
516682572,-1.341,2.439,1.037,0.050,0.218,1.104,2,1736
516683638,0.305,1.037,0.366,0.153,-0.060,1.027,2,1736
516684576,0.549,-0.061,-0.549,0.135,-0.048,0.928,2,1736
516685638,-1.159,0.610,-0.244,-0.014,-0.178,1.006,2,1736
516686579,-2.256,2.622,0.671,-0.239,0.138,1.064,2,1736
516687638,-1.951,2.805,0.915,-0.083,0.135,1.109,2,1736
516688581,-0.854,2.012,0.976,0.075,0.171,1.122,2,1736
516689638,-0.061,-0.122,-0.366,0.147,-0.047,0.949,2,1736
516690572,-1.768,1.159,0.366,-0.132,-0.144,1.015,2,1736
516691638,-2.256,2.561,0.427,-0.195,0.177,1.070,2,1736
516692575,-1.890,2.866,1.463,-0.040,0.122,1.125,2,1736
516693638,-0.183,1.646,0.732,0.068,0.111,1.078,2,1736
516694583,0.549,0.244,-0.366,0.213,-0.084,0.948,2,1736
516695638,-2.134,1.707,0.061,-0.205,-0.036,0.995,2,1736
516696572,-2.805,2.561,1.037,-0.103,0.155,1.124,2,1736
516697638,-1.524,2.927,1.646,-0.083,0.147,1.121,2,1736
516698587,0.000,0.793,0.183,0.154,0.053,1.035,2,1736
516699638,0.305,-0.183,-0.183,0.215,-0.076,0.956,2,1736
516700560,-0.732,0.244,-0.122,-0.053,-0.170,0.979,2,1736
516701638,-2.439,2.012,0.549,-0.173,0.084,1.006,2,1736
516702572,-1.341,2.500,0.793,-0.062,0.185,1.083,2,1736
516703638,0.122,0.366,-0.183,0.241,-0.025,1.017,2,1736
516704576,-0.305,-0.061,-0.183,0.125,-0.083,0.961,2,1736
516705638,-1.402,0.549,-0.427,-0.093,-0.162,0.956,2,1736
516706584,-2.622,2.256,0.549,-0.139,0.172,1.075,2,1736
516707638,-2.561,2.866,1.524,-0.156,0.074,1.155,2,1736
516708580,-0.732,1.890,0.427,0.056,0.210,1.075,2,1736
516709638,0.000,0.183,-0.488,0.051,-0.071,0.963,2,1736
516710556,-1.585,1.159,-0.183,-0.097,-0.106,0.975,2,1736
516711638,-2.561,2.561,1.098,-0.149,0.155,1.107,2,1736
516712572,-1.707,2.927,1.220,-0.140,0.123,1.107,2,1736
516713638,-0.183,1.402,0.671,0.178,0.124,1.084,2,1736
516714580,0.427,0.488,0.061,0.163,-0.103,0.967,2,1736
516715638,-2.378,1.707,0.488,-0.119,0.001,1.032,2,1736
516716634,-2.622,2.683,1.220,-0.192,0.122,1.116,2,1736
516717155,-2.622,2.683,1.220,-0.192,0.122,1.116,2,1736
516718700,0.366,1.159,0.671,0.188,0.022,1.062,2,1736
516719214,0.488,0.122,-0.366,0.121,-0.070,0.936,2,1736
516720697,-0.915,0.183,-0.366,0.042,-0.153,0.972,2,1736
516721207,-2.256,2.256,0.915,-0.185,0.062,1.055,2,1736
516722713,-1.220,2.683,1.037,0.064,0.185,1.126,2,1736
516723233,-1.220,2.683,1.037,0.064,0.185,1.126,2,1736
516724213,0.427,1.098,0.183,0.154,-0.044,1.034,2,1736
516725691,-1.402,0.671,-0.061,-0.056,-0.143,1.000,2,1736
516726196,-2.439,2.439,0.549,-0.219,0.124,1.071,2,1736
516727423,-2.073,2.927,1.159,-0.075,0.136,1.159,2,1736
516728638,-0.671,2.256,0.976,0.048,0.164,1.075,2,1746
516729641,-0.122,-0.122,-0.488,0.121,-0.077,0.974,2,1746
516730152,-0.122,-0.122,-0.488,0.121,-0.077,0.974,2,1746
516731695,-2.378,2.622,0.183,-0.167,0.193,1.075,2,1746
516732206,-1.768,2.988,1.341,-0.047,0.119,1.130,2,1746
516733699,0.183,1.463,0.488,0.110,0.118,1.080,2,1746
516734201,0.549,0.244,-0.122,0.209,-0.099,0.943,2,1746
516735696,-1.951,1.768,0.000,-0.187,-0.004,1.021,2,1746
516736201,-1.951,1.768,0.000,-0.187,-0.004,1.021,2,1746
516737699,-1.159,2.927,1.402,-0.069,0.170,1.090,2,1746
516738208,-1.159,2.927,1.402,-0.069,0.170,1.090,2,1746
516739699,0.427,0.305,-0.061,0.173,-0.087,0.973,2,1746
516740215,-0.854,0.366,-0.610,-0.060,-0.162,0.954,2,1746
516741694,-2.500,1.951,0.183,-0.150,0.126,1.033,2,1746
516742205,-2.317,2.805,1.341,-0.138,0.110,1.146,2,1746
516743699,0.549,0.305,0.305,0.244,-0.081,1.014,2,1746
516744216,0.549,0.305,0.305,0.244,-0.081,1.014,2,1746
516745699,-1.220,1.037,-0.427,-0.090,-0.134,0.969,2,1746
516746216,-2.561,2.500,0.610,-0.142,0.161,1.095,2,1746
516747699,-1.768,2.866,1.159,-0.146,0.105,1.131,2,1746
516748208,-0.244,1.768,0.549,0.130,0.188,1.082,2,1746
516749699,-0.488,0.061,-0.671,0.038,-0.083,0.954,2,1746
516750210,-0.488,0.061,-0.671,0.038,-0.083,0.954,2,1746
516751694,-2.683,2.622,0.976,-0.176,0.173,1.108,2,1746
516752196,-2.683,2.622,0.976,-0.176,0.173,1.108,2,1746
516753699,0.000,1.098,0.671,0.169,0.058,1.098,2,1746
516754215,0.061,0.305,-0.183,0.134,-0.077,0.919,2,1746
516755697,-0.793,0.183,-0.427,0.042,-0.153,0.975,2,1746
516756201,-2.439,2.439,0.305,-0.192,0.057,1.048,2,1746
516757699,-1.280,2.500,1.220,0.016,0.233,1.116,2,1746
516758215,-1.280,2.500,1.220,0.016,0.233,1.116,2,1746
516759699,-0.244,0.000,-0.610,0.139,-0.048,0.931,2,1746
516760209,-1.463,0.610,-0.122,-0.058,-0.204,0.995,2,1746
516761699,-2.439,2.378,0.549,-0.203,0.160,1.063,2,1746
516762210,-2.317,2.927,1.159,-0.114,0.140,1.125,2,1746
516763699,0.671,0.244,-0.366,0.184,-0.081,0.965,2,1746
516764216,0.671,0.244,-0.366,0.184,-0.081,0.965,2,1746
516765694,-1.707,1.341,0.244,-0.164,-0.088,0.979,2,1746
516766205,-2.439,2.500,0.854,-0.140,0.146,1.093,2,1746
516767699,-1.829,2.988,1.463,-0.088,0.160,1.139,2,1746
516768216,0.305,1.402,0.732,0.114,0.101,1.053,2,1746
516769699,-0.854,0.122,-0.244,0.006,-0.152,0.972,2,1746
516770210,-0.854,0.122,-0.244,0.006,-0.152,0.972,2,1746
516771694,-2.561,2.683,1.220,-0.128,0.154,1.155,2,1746
516772205,-2.561,2.683,1.220,-0.128,0.154,1.155,2,1746
516773699,0.427,0.793,0.183,0.185,0.029,1.004,2,1746
516774217,0.244,-0.061,0.000,0.174,-0.105,0.978,2,1746
516775697,-0.915,0.793,-0.427,-0.099,-0.127,0.967,2,1746
516776213,-2.256,2.256,0.610,-0.128,0.101,1.022,2,1746
516777413,-2.561,2.927,1.585,-0.125,0.116,1.159,2,1746
516778638,0.122,0.549,0.244,0.241,-0.072,0.999,2,1756
516779630,-0.183,0.244,-0.305,0.079,-0.096,0.956,2,1756
516780638,-1.646,0.915,0.000,-0.096,-0.136,0.974,2,1756
516781580,-2.744,2.561,1.159,-0.149,0.177,1.122,2,1756
516782639,-1.768,3.232,1.341,-0.125,0.103,1.090,2,1756
516783580,0.000,1.280,0.671,0.169,0.164,1.087,2,1756
516784639,-0.244,0.000,-0.915,0.033,-0.097,0.932,2,1756
516785548,-2.195,1.646,-0.061,-0.131,-0.034,1.018,2,1756
516786640,-2.744,3.049,0.732,-0.189,0.143,1.134,2,1756
516787572,-1.768,3.049,1.098,-0.049,0.225,1.085,2,1756
516788639,-0.488,0.915,0.854,0.208,0.003,1.074,2,1756
516789576,-0.061,0.244,-0.061,0.099,-0.062,0.927,2,1756
516790639,-2.927,2.317,0.732,-0.206,0.091,1.055,2,1756
516791572,-2.561,2.866,1.159,-0.141,0.116,1.101,2,1756
516792639,-1.220,2.378,1.402,0.072,0.222,1.110,2,1756
516793585,0.183,0.732,0.366,0.164,-0.093,1.003,2,1756
516794639,0.183,0.061,-0.671,0.133,-0.052,0.938,2,1756
516795567,-1.646,1.159,0.000,-0.085,-0.162,1.011,2,1756
516796639,-2.744,2.866,0.732,-0.216,0.163,1.079,2,1756
516797568,-2.378,2.744,1.402,-0.060,0.165,1.111,2,1756
516798639,0.488,0.183,-0.244,0.174,-0.090,0.957,2,1756
516799566,-0.549,-0.244,-0.427,0.117,-0.120,0.961,2,1756
516800639,-2.195,1.707,0.244,-0.217,-0.056,1.003,2,1756
516801569,-2.195,2.439,0.671,-0.125,0.185,1.083,2,1756
516802639,-1.585,2.683,1.585,-0.027,0.170,1.157,2,1756
516803576,0.305,1.037,0.427,0.113,0.042,1.054,2,1756
516804639,-0.732,0.305,0.122,-0.031,-0.176,0.992,2,1756
516805569,-2.317,2.012,0.549,-0.198,0.086,1.020,2,1756
516806639,-2.195,2.988,1.707,-0.078,0.130,1.135,2,1756
516807572,-0.793,2.561,1.402,-0.023,0.179,1.125,2,1756
516808639,0.488,0.488,0.000,0.215,-0.019,0.996,2,1756
516809567,0.061,-0.183,-0.305,0.153,-0.101,0.966,2,1756
516810639,-1.402,1.098,-0.244,-0.136,0.150,1.069,2,1756
516811564,-2.378,3.171,1.707,-0.129,0.141,1.152,2,1756
516812639,-0.305,1.768,0.732,0.075,0.169,1.067,2,1756
516813583,0.610,0.305,0.000,0.242,-0.091,0.988,2,1756
516814639,-0.122,0.000,-0.366,0.016,-0.138,0.951,2,1756
516815540,-1.707,1.341,0.000,-0.140,-0.031,0.975,2,1756
516816640,-2.500,2.561,1.341,-0.115,0.145,1.138,2,1756
516817568,-1.524,3.049,1.280,-0.098,0.167,1.119,2,1756
516818639,0.671,0.427,0.122,0.151,-0.114,0.967,2,1756
516819568,-0.610,0.366,-0.305,-0.038,-0.157,0.955,2,1756
516820639,-2.683,2.012,0.671,-0.123,0.064,1.044,2,1756
516821568,-2.683,2.988,1.463,-0.186,0.131,1.128,2,1756
516822639,-1.159,2.256,1.037,0.030,0.223,1.080,2,1756
516823585,0.183,0.793,0.610,0.226,-0.061,1.052,2,1756
516824639,-1.524,0.305,-0.183,-0.039,-0.136,0.970,2,1756
516825605,-3.110,2.378,1.037,-0.191,0.129,1.091,2,1756
516826639,-2.195,2.866,1.402,-0.130,0.140,1.117,2,1756
516827742,-0.366,1.768,1.159,0.142,0.182,1.090,2,1756
516828287,0.549,0.427,0.244,0.153,-0.131,0.969,2,1766
516829377,0.061,-0.122,-0.793,0.076,-0.092,0.933,2,1766
516830638,-1.951,1.463,0.427,-0.124,-0.092,1.016,2,1766
516831579,-2.561,2.683,1.098,-0.196,0.171,1.091,2,1766
516832639,0.183,1.280,0.732,0.143,0.056,1.098,2,1766
516833582,0.549,0.061,-0.244,0.139,-0.102,0.918,2,1766
516834639,-0.549,0.183,-0.305,0.058,-0.149,0.962,2,1766
516835554,-2.561,2.683,0.732,-0.231,0.034,1.056,2,1766
516836639,-2.622,2.805,0.915,-0.103,0.162,1.121,2,1766
516837571,-1.098,2.744,1.463,0.028,0.185,1.104,2,1766
516838639,0.427,-0.427,-0.610,0.155,-0.081,0.936,2,1766
516839566,-1.037,0.793,0.061,-0.109,-0.177,1.006,2,1766
516840639,-2.317,2.439,0.610,-0.211,0.171,1.048,2,1766
516841571,-2.195,2.805,1.646,-0.050,0.146,1.151,2,1766
516842639,-0.488,2.073,1.098,0.052,0.158,1.103,2,1766
516843587,0.793,0.000,-0.183,0.207,-0.091,0.955,2,1766
516844639,-0.183,-0.061,-0.427,-0.198,-0.084,0.979,2,1766
516845679,-2.744,2.561,0.854,-0.102,0.189,1.125,2,1766
516846193,-2.744,2.561,0.854,-0.102,0.189,1.125,2,1766
516847699,-0.305,1.037,0.000,0.144,0.073,1.040,2,1766
516848215,0.305,0.061,-0.183,0.209,-0.105,0.968,2,1766
516849694,-0.610,0.366,-0.122,-0.044,-0.177,0.978,2,1766
516850203,-2.500,2.012,0.061,-0.168,0.066,0.993,2,1766
516851699,-1.463,2.500,1.159,-0.041,0.203,1.095,2,1766
516852214,-1.463,2.500,1.159,-0.041,0.203,1.095,2,1766
516853699,0.122,0.122,-0.427,0.106,-0.096,0.936,2,1766
516854209,0.122,0.122,-0.427,0.106,-0.096,0.936,2,1766
516855694,-2.622,2.378,0.854,-0.149,0.174,1.089,2,1766
516856206,-2.378,2.622,1.524,-0.134,0.109,1.144,2,1766
516857699,-0.671,1.585,0.732,0.111,0.199,1.081,2,1766
516858209,0.183,0.000,0.061,0.203,-0.111,0.981,2,1766
516859694,-2.073,1.463,0.000,-0.125,-0.062,0.995,2,1766
516860204,-2.073,1.463,0.000,-0.125,-0.062,0.995,2,1766
516861716,-1.524,2.927,1.280,-0.079,0.190,1.100,2,1766
516862251,-0.061,1.098,0.610,0.236,0.045,1.089,2,1766
516863243,0.305,0.366,-0.244,0.103,-0.089,0.946,2,1766
516864639,-0.610,0.061,-0.915,0.000,-0.173,0.958,2,1766
516865568,-2.378,2.256,0.244,-0.176,0.076,1.054,2,1766
516866639,-1.037,2.378,0.915,0.056,0.222,1.121,2,1766
516867582,0.366,0.671,0.244,0.184,-0.067,1.002,2,1766
516868639,0.122,-0.183,-0.793,0.103,-0.076,0.920,2,1766
516869576,-1.402,0.732,-0.305,-0.073,-0.153,1.005,2,1766
516870639,-2.561,2.317,0.366,-0.215,0.134,1.079,2,1766
516871581,-1.951,2.683,1.220,-0.087,0.184,1.134,2,1766
516872639,0.671,0.061,-0.183,0.169,-0.097,0.963,2,1766
516873575,-0.122,-0.244,-0.610,0.087,-0.130,0.962,2,1766
516874667,-2.073,1.463,0.000,-0.184,-0.054,0.995,2,1766
516875754,-2.622,2.744,0.854,-0.140,0.186,1.101,2,1766
516876298,-1.585,2.744,1.646,-0.012,0.172,1.144,2,1776
516877398,0.549,0.793,0.610,0.128,0.046,1.043,2,1776
516878638,0.549,-0.244,-0.427,-0.044,-0.146,0.987,2,1776
516879576,-2.439,2.317,0.061,-0.203,0.072,1.017,2,1776
516880639,-2.561,2.866,1.341,-0.103,0.154,1.143,2,1776
516881572,-0.915,2.439,1.341,0.014,0.209,1.096,2,1776
516882639,0.488,0.427,0.061,0.217,-0.068,0.981,2,1776
516883570,0.061,0.061,-0.366,0.104,-0.114,0.977,2,1776
516884639,-1.524,1.159,-0.427,-0.136,-0.146,0.977,2,1776
516885568,-2.683,2.622,0.610,-0.148,0.186,1.085,2,1776
516886639,0.122,1.524,0.427,0.138,0.128,1.084,2,1776
516887579,0.732,0.122,-0.244,0.200,-0.118,0.974,2,1776
516888639,-0.244,0.122,-0.671,0.004,-0.145,0.942,2,1776
516889556,-1.951,1.524,0.305,-0.159,0.007,1.001,2,1776
516890639,-2.500,2.866,1.341,-0.134,0.154,1.171,2,1776
516891579,-1.463,2.744,1.402,-0.053,0.195,1.094,2,1776
516892639,0.488,0.305,-0.244,0.115,-0.101,0.960,2,1776
516893568,-0.915,0.549,-0.671,-0.041,-0.185,0.962,2,1776
516894639,-2.439,2.439,0.671,-0.178,0.122,1.066,2,1776
516895576,-2.012,2.988,1.646,-0.151,0.140,1.118,2,1776
516896639,-0.549,2.134,0.976,0.099,0.228,1.110,2,1776
516897572,0.854,0.427,0.183,0.187,-0.117,1.010,2,1776
516898639,0.244,-0.122,-0.610,0.066,-0.092,0.917,2,1776
516899563,-1.768,1.037,0.305,-0.120,-0.113,1.003,2,1776
516900639,-1.646,2.683,1.159,-0.051,0.168,1.099,2,1776
516901575,0.183,1.280,0.793,0.156,0.106,1.109,2,1776
516902639,0.488,0.183,-0.305,0.133,-0.101,0.923,2,1776
516903572,-0.671,-0.305,-0.732,0.046,-0.149,0.979,2,1776
516904639,-2.744,1.890,0.427,-0.218,0.022,1.042,2,1776
516905572,-2.561,2.683,1.037,-0.119,0.155,1.110,2,1776
516906639,0.305,0.427,0.305,0.183,-0.037,1.027,2,1776
516907572,0.183,-0.366,-0.732,0.145,-0.090,0.940,2,1776
516908640,-1.585,0.793,-0.305,-0.104,-0.194,0.996,2,1776
516909576,-2.927,2.683,0.610,-0.202,0.157,1.061,2,1776
516910639,-2.256,2.866,1.707,-0.062,0.166,1.143,2,1776
516911643,-0.427,2.195,1.098,0.086,0.153,1.105,2,1776
516912171,0.915,0.305,-0.305,0.194,-0.086,0.945,2,1776
516913700,-1.890,1.646,0.061,-0.202,-0.042,1.017,2,1776
516914203,-1.890,1.646,0.061,-0.202,-0.042,1.017,2,1776
516915697,-1.585,2.866,1.829,-0.046,0.199,1.125,2,1776
516916211,0.305,1.037,0.732,0.171,0.057,1.039,2,1776
516917700,0.671,-0.061,-0.244,0.194,-0.094,0.977,2,1776
516918215,-0.793,0.671,-0.183,-0.067,-0.188,0.966,2,1776
516919695,-2.805,2.988,1.707,-0.113,0.150,1.152,2,1776
516920210,-2.805,2.988,1.707,-0.113,0.150,1.152,2,1776
516921697,0.488,-0.122,0.122,0.233,-0.043,0.996,2,1776
516922202,0.488,-0.122,0.122,0.233,-0.043,0.996,2,1776
516923697,-1.585,1.402,-0.122,-0.141,-0.103,0.965,2,1776
516924208,-2.927,2.683,0.854,-0.131,0.150,1.100,2,1776
516925700,-2.561,3.049,1.646,-0.123,0.158,1.128,2,1776
516926217,-0.244,1.220,0.671,0.167,0.141,1.055,2,1776
516927436,0.427,0.122,0.305,0.200,-0.123,0.979,2,1776
516928638,-2.073,1.768,0.061,-0.134,-0.015,0.995,2,1785
516929635,-2.561,3.049,1.220,-0.169,0.147,1.150,2,1785
516930149,-1.220,2.683,1.159,-0.021,0.212,1.091,2,1785
516931700,0.549,0.549,0.671,0.239,0.001,1.075,2,1785
516932217,0.549,0.061,-0.183,0.083,-0.093,0.937,2,1785
516933696,-2.622,2.622,0.915,-0.188,0.123,1.094,2,1785
516934206,-2.622,2.622,0.915,-0.188,0.123,1.094,2,1785
516935697,-0.061,2.073,1.220,0.127,0.225,1.094,2,1785
516936205,0.976,0.488,0.427,0.166,-0.133,0.998,2,1785
516937699,0.366,-0.061,-0.915,0.075,-0.072,0.933,2,1785
516938215,-1.890,1.402,0.122,-0.125,-0.148,1.017,2,1785
516939697,-1.707,2.744,1.707,-0.021,0.174,1.089,2,1785
516940211,-1.707,2.744,1.707,-0.021,0.174,1.089,2,1785
516941699,0.793,0.244,-0.427,0.125,-0.109,0.923,2,1785
516942217,0.793,0.244,-0.427,0.125,-0.109,0.923,2,1785
516943694,-2.622,2.378,0.610,-0.248,0.036,1.040,2,1785
516944204,-2.256,2.805,0.976,-0.099,0.170,1.105,2,1785
516945697,-0.854,2.561,1.646,0.044,0.208,1.145,2,1785
516946211,0.793,0.549,0.244,0.157,-0.053,0.996,2,1785
516947699,-1.402,0.915,-0.061,-0.119,-0.167,1.021,2,1785
516948209,-1.402,0.915,-0.061,-0.119,-0.167,1.021,2,1785
516949696,-2.256,2.744,1.585,-0.055,0.165,1.139,2,1785
516950212,0.000,1.829,1.220,0.090,0.152,1.105,2,1785
516951699,0.671,0.000,0.000,0.208,-0.078,0.947,2,1785
516952210,-0.366,-0.122,-0.366,0.062,-0.167,0.971,2,1785
516953694,-2.500,2.622,0.793,-0.096,0.161,1.122,2,1785
516954202,-2.500,2.622,0.793,-0.096,0.161,1.122,2,1785
516955696,0.488,0.793,0.366,0.182,0.030,1.005,2,1785
516956206,0.488,0.793,0.366,0.182,0.030,1.005,2,1785
516957699,-1.098,0.549,-0.244,-0.109,-0.194,0.972,2,1785
516958215,-2.866,2.195,0.244,-0.159,0.125,1.025,2,1785
516959696,-2.683,2.866,1.524,-0.111,0.152,1.170,2,1785
516960206,-0.915,2.195,1.037,0.035,0.190,1.078,2,1785
516961699,-0.061,0.061,-0.366,0.045,-0.151,0.971,2,1785
516962208,-0.061,0.061,-0.366,0.045,-0.151,0.971,2,1785
516963694,-2.805,2.561,1.280,-0.120,0.167,1.104,2,1785
516964196,-1.768,3.171,1.768,-0.126,0.174,1.118,2,1785
516965697,0.244,1.037,0.610,0.201,0.127,1.072,2,1785
516966206,0.671,0.183,-0.061,0.162,-0.138,0.974,2,1785
516967699,-2.256,1.951,0.244,-0.148,0.044,1.025,2,1785
516968215,-2.256,1.951,0.244,-0.148,0.044,1.025,2,1785
516969697,-1.037,2.256,1.098,0.026,0.226,1.077,2,1785
516970205,0.244,0.366,0.549,0.240,-0.047,1.040,2,1785
516971699,0.122,0.122,-0.549,0.066,-0.110,0.940,2,1785
516972209,-1.280,0.610,-0.732,-0.053,-0.157,0.963,2,1785
516973696,-2.683,2.866,0.976,-0.109,0.152,1.117,2,1785
516974206,-1.829,2.927,1.463,-0.109,0.152,1.117,2,1785
516975699,0.793,0.244,0.122,0.148,-0.138,0.968,2,1785
516976209,0.793,0.244,0.122,0.148,-0.138,0.968,2,1785
516977398,-1.768,1.768,0.488,-0.168,-0.079,1.029,2,1785
516978638,-2.195,3.110,1.220,-0.195,0.180,1.110,2,1795
516979642,-1.524,2.744,1.524,0.019,0.213,1.125,2,1795
516980151,0.488,1.098,0.793,0.161,0.038,1.070,2,1795
516981698,-1.037,0.427,-0.366,-0.011,-0.170,0.984,2,1795
516982212,-1.037,0.427,-0.366,-0.011,-0.170,0.984,2,1795
516983700,-2.500,2.500,1.159,-0.073,0.187,1.146,2,1795
516984210,-1.159,2.012,1.341,0.084,0.179,1.095,2,1795
516985697,0.488,0.122,-0.122,0.174,-0.071,0.979,2,1795
516986206,0.061,-0.244,-0.732,0.122,-0.122,0.962,2,1795
516987695,-3.110,2.805,0.610,-0.170,0.191,1.077,2,1795
516988205,-3.110,2.805,0.610,-0.170,0.191,1.077,2,1795
516989700,-0.122,1.585,0.671,0.135,0.104,1.068,2,1795
516990208,-0.122,1.585,0.671,0.135,0.104,1.068,2,1795
516991697,-0.793,0.366,-0.427,-0.028,-0.167,0.976,2,1795
516992205,-2.317,2.073,0.427,-0.211,0.034,0.979,2,1795
516993700,-2.561,2.805,1.585,-0.086,0.184,1.139,2,1795
516994210,-1.159,2.622,1.585,-0.014,0.214,1.123,2,1795
516995697,0.244,-0.061,-0.366,0.126,-0.131,0.954,2,1795
516996211,0.244,-0.061,-0.366,0.126,-0.131,0.954,2,1795
516997695,-2.683,2.744,0.854,-0.155,0.175,1.079,2,1795
516998203,-2.256,3.049,1.951,-0.092,0.157,1.125,2,1795
516999700,-0.488,1.585,0.793,0.131,0.181,1.076,2,1795
517000210,0.305,0.061,0.061,0.216,-0.142,0.979,2,1795
517001697,-2.256,1.768,-0.183,-0.169,-0.024,0.972,2,1795
517002206,-2.256,1.768,-0.183,-0.169,-0.024,0.972,2,1795
517003700,-1.463,3.171,1.402,-0.038,0.227,1.104,2,1795
517004209,0.305,0.671,0.427,0.250,-0.005,1.054,2,1795
517005697,0.488,0.122,-0.488,0.094,-0.098,0.930,2,1795
517006211,-0.915,0.549,-0.610,-0.066,-0.186,0.946,2,1795
517007695,-2.805,2.683,0.793,-0.111,0.147,1.148,2,1795
517008206,-2.378,2.927,1.585,-0.111,0.147,1.148,2,1795
517009700,0.549,0.000,0.183,0.180,-0.130,0.977,2,1795
517010215,0.549,0.000,0.183,0.180,-0.130,0.977,2,1795
517011695,-1.951,1.402,0.000,-0.164,-0.112,1.002,2,1795
517012203,-2.988,3.110,1.037,-0.193,0.184,1.095,2,1795
517013700,-1.951,2.866,1.463,-0.006,0.217,1.107,2,1795
517014209,0.061,1.159,0.549,0.197,0.052,1.079,2,1795
517015697,-0.854,0.122,-0.732,0.020,-0.210,0.960,2,1795
517016206,-0.854,0.122,-0.732,0.020,-0.210,0.960,2,1795
517017695,-2.561,3.049,1.585,-0.107,0.194,1.096,2,1795
517018203,-0.793,2.500,1.524,0.073,0.213,1.128,2,1795
517019700,1.037,0.549,0.000,0.180,-0.073,0.986,2,1795
517020215,0.427,-0.183,-0.915,0.126,-0.141,0.947,2,1795
517021695,-2.866,2.866,0.854,-0.169,0.166,1.087,2,1795
517022203,-2.866,2.866,0.854,-0.169,0.166,1.087,2,1795
517023700,-0.183,1.524,0.732,0.142,0.109,1.049,2,1795
517024215,-0.183,1.524,0.732,0.142,0.109,1.049,2,1795
517025697,-0.732,0.183,-0.488,-0.015,-0.179,0.982,2,1795
517026211,-2.073,2.195,0.244,-0.193,0.021,1.006,2,1795
517027415,-2.256,2.927,1.402,-0.114,0.191,1.137,2,1795
517028638,0.671,0.183,0.061,0.230,-0.021,1.018,2,1805
517029633,0.122,-0.122,-0.610,0.108,-0.150,0.958,2,1805
517030149,0.122,-0.122,-0.610,0.108,-0.150,0.958,2,1805
517031695,-3.049,2.622,0.732,-0.148,0.159,1.069,2,1805
517032204,-2.012,3.110,1.463,-0.090,0.183,1.156,2,1805
517033699,-0.183,1.402,0.671,0.143,0.146,1.061,2,1805
517034208,0.671,-0.244,-0.122,0.212,-0.128,0.970,2,1805
517035694,-2.317,1.585,0.000,-0.167,-0.023,1.010,2,1805
517036205,-2.317,1.585,0.000,-0.167,-0.023,1.010,2,1805
517037699,-1.402,2.866,1.341,-0.029,0.241,1.075,2,1805
517038210,0.366,0.488,0.305,0.263,-0.002,1.021,2,1805
517039696,0.061,0.061,-0.732,0.098,-0.114,0.954,2,1805
517040209,-1.220,0.549,-0.793,-0.065,-0.201,0.958,2,1805
517041699,-3.293,2.561,0.793,-0.117,0.170,1.127,2,1805
517042215,-2.317,3.049,1.646,-0.117,0.170,1.127,2,1805
517043696,0.732,0.000,0.122,0.173,-0.137,0.983,2,1805
517044212,0.732,0.000,0.122,0.173,-0.137,0.983,2,1805
517045694,-2.134,1.646,0.305,-0.180,-0.089,1.020,2,1805
517046202,-2.744,3.049,1.585,-0.177,0.194,1.121,2,1805
517047699,-1.524,2.500,1.646,0.012,0.211,1.108,2,1805
517048209,0.244,0.915,0.732,0.188,0.024,1.096,2,1805
517049224,0.549,0.061,-0.366,0.109,-0.106,0.914,2,1805
517050689,-2.988,2.622,0.488,-0.256,0.116,1.074,2,1805
517051191,-2.988,2.622,0.488,-0.256,0.116,1.074,2,1805
517052699,-1.037,2.012,1.402,0.081,0.223,1.115,2,1805
517053209,0.610,0.183,-0.061,0.176,-0.092,0.992,2,1805
517054692,0.183,-0.183,-0.732,0.120,-0.135,0.953,2,1805
517055196,-1.890,1.220,0.122,-0.193,-0.125,0.981,2,1805
517056699,-1.951,2.805,1.951,-0.011,0.208,1.171,2,1805
517057209,-1.951,2.805,1.951,-0.011,0.208,1.171,2,1805
517058694,0.732,-0.366,-0.488,0.193,-0.129,0.921,2,1805
517059204,-0.610,0.366,-0.366,-0.056,-0.212,0.980,2,1805
517060694,-2.561,2.134,0.366,-0.212,0.096,1.021,2,1805
517061198,-2.744,2.866,1.585,-0.091,0.174,1.134,2,1805
517062697,0.549,0.244,0.000,0.231,-0.057,0.956,2,1805
517063209,0.549,0.244,0.000,0.231,-0.057,0.956,2,1805
517064695,-1.463,1.402,-0.061,-0.198,-0.114,0.979,2,1805
517065205,-1.463,1.402,-0.061,-0.198,-0.114,0.979,2,1805
517066697,-2.073,3.110,1.768,-0.097,0.220,1.129,2,1805
517067207,0.183,1.341,0.549,0.176,0.104,1.039,2,1805
517068696,0.610,-0.183,-0.305,0.212,-0.125,0.996,2,1805
517069211,-0.549,0.305,-0.793,-0.057,-0.197,0.969,2,1805
517070692,-2.927,3.232,1.707,-0.141,0.179,1.158,2,1805
517071203,-2.927,3.232,1.707,-0.141,0.179,1.158,2,1805
517072699,0.793,0.366,0.183,0.251,-0.044,1.014,2,1805
517073209,0.183,0.183,-0.427,0.072,-0.163,0.948,2,1805
517074721,-1.585,0.915,-0.732,-0.108,-0.130,0.950,2,1805
517075231,-3.354,2.866,1.220,-0.182,0.158,1.114,2,1805
517076452,-2.378,3.171,2.012,-0.109,0.203,1.127,2,1805
517077638,0.549,0.305,0.122,0.158,-0.163,0.979,2,1815
517078629,0.000,0.305,-0.915,0.004,-0.134,0.928,2,1815
517079638,-2.500,2.073,0.488,-0.167,-0.040,1.025,2,1815
517080572,-2.744,3.354,1.646,-0.177,0.195,1.143,2,1815
517081639,-1.402,2.134,1.585,0.048,0.243,1.068,2,1815
517082571,0.427,0.610,0.732,0.217,-0.030,1.078,2,1815
517083639,-1.220,0.488,-0.610,-0.037,-0.197,0.965,2,1815
517084580,-2.744,2.744,0.915,-0.269,0.167,1.082,2,1815
517085639,-2.134,2.744,1.524,-0.036,0.174,1.115,2,1815
517086572,-0.305,1.463,1.220,0.152,0.188,1.117,2,1815
517087639,0.793,0.183,-0.366,0.134,-0.146,0.938,2,1815
517088638,-0.488,0.122,-0.854,0.079,-0.140,0.955,2,1815
517089165,-2.256,2.012,0.427,-0.235,-0.069,1.024,2,1815
517090697,-1.951,2.500,1.768,0.030,0.227,1.134,2,1815
517091212,-1.951,2.500,1.768,0.030,0.227,1.134,2,1815
517092700,0.366,-0.366,-0.854,0.162,-0.115,0.912,2,1815
517093209,-1.280,0.671,-0.366,-0.079,-0.225,1.013,2,1815
517094697,-2.744,2.744,0.610,-0.250,0.156,1.046,2,1815
517095212,-2.561,2.805,1.585,-0.031,0.178,1.126,2,1815
517096700,0.488,-0.183,-0.549,0.219,-0.109,0.951,2,1815
517097209,0.488,-0.183,-0.549,0.219,-0.109,0.951,2,1815
517098695,-1.829,1.890,0.061,-0.229,-0.051,0.977,2,1815
517099203,-1.829,1.890,0.061,-0.229,-0.051,0.977,2,1815
517100700,-1.646,3.171,1.768,-0.054,0.238,1.146,2,1815
517101203,0.732,0.732,0.244,0.225,0.031,1.013,2,1815
517102697,0.793,-0.122,-0.366,0.164,-0.134,0.958,2,1815
517103207,-0.671,0.732,-0.305,-0.126,-0.213,0.974,2,1815
517104695,-2.439,3.049,1.768,-0.107,0.170,1.163,2,1815
517105199,-2.439,3.049,1.768,-0.107,0.170,1.163,2,1815
517106700,0.671,-0.122,-0.305,0.258,-0.110,0.982,2,1815
517107209,-0.305,-0.061,-0.854,0.017,-0.181,0.965,2,1815
517108695,-2.134,1.159,-0.305,-0.185,-0.083,0.964,2,1815
517109208,-3.293,2.805,1.402,-0.121,0.189,1.120,2,1815
517110700,0.061,0.488,0.427,0.257,0.049,1.051,2,1815
517111209,0.061,0.488,0.427,0.257,0.049,1.051,2,1815
517112697,-0.854,0.488,-0.793,-0.055,-0.206,0.943,2,1815
517113205,-2.683,2.500,0.793,-0.194,0.110,1.057,2,1815
517114700,-2.561,3.232,1.890,-0.162,0.189,1.150,2,1815
517115203,-0.610,1.951,1.220,0.137,0.236,1.094,2,1815
517116697,0.244,-0.183,-0.732,0.030,-0.135,0.925,2,1815
517117206,0.244,-0.183,-0.732,0.030,-0.135,0.925,2,1815
517118695,-2.805,2.988,1.463,-0.210,0.202,1.117,2,1815
517119208,-2.805,2.988,1.463,-0.210,0.202,1.117,2,1815
517120700,0.183,0.915,0.610,0.237,0.067,1.089,2,1815
517121214,0.915,0.244,-0.427,0.095,-0.146,0.926,2,1815
517122695,-0.610,0.427,-0.732,0.000,-0.198,0.963,2,1815
517123199,-2.866,2.805,0.732,-0.253,0.086,1.060,2,1815
517124729,-1.037,1.890,1.220,0.109,0.221,1.125,2,1815
517125245,-1.037,1.890,1.220,0.109,0.221,1.125,2,1815
517126479,0.061,-0.305,-1.037,0.092,-0.165,0.942,2,1815
517127638,-2.012,1.646,-0.061,-0.191,-0.127,0.978,2,1824
517128641,-2.866,3.354,0.915,-0.189,0.192,1.074,2,1824
517129152,-1.829,2.866,1.646,0.011,0.220,1.160,2,1824
517130700,0.732,-0.305,-0.610,0.178,-0.143,0.921,2,1824
517131215,0.732,-0.305,-0.610,0.178,-0.143,0.921,2,1824
517132694,-2.561,2.317,0.244,-0.263,0.071,1.042,2,1824
517133202,-2.561,2.317,0.244,-0.263,0.071,1.042,2,1824
517134699,-0.854,2.561,1.524,0.066,0.204,1.106,2,1824
517135211,1.037,0.061,-0.244,0.234,-0.078,0.985,2,1824
517136699,0.183,0.000,-0.854,0.086,-0.168,0.962,2,1824
517137215,-1.646,1.585,-0.244,-0.188,-0.136,0.987,2,1824
517138699,-2.256,2.927,1.646,-0.060,0.229,1.134,2,1824
517139216,-2.256,2.927,1.646,-0.060,0.229,1.134,2,1824
517140699,0.427,-0.183,-0.122,0.185,-0.159,0.981,2,1824
517141216,-1.037,0.549,-0.610,-0.071,-0.214,0.950,2,1824
517142699,-2.927,2.500,0.244,-0.192,0.083,1.015,2,1824
517143216,-2.805,3.293,1.646,-0.104,0.174,1.152,2,1824
517144699,0.732,0.000,0.000,0.259,-0.108,1.002,2,1824
517145211,0.732,0.000,0.000,0.259,-0.108,1.002,2,1824
517146699,-1.768,1.098,-0.549,-0.137,-0.140,0.957,2,1824
517147210,-2.744,2.988,1.098,-0.164,0.204,1.131,2,1824
517148699,-1.951,2.927,1.890,-0.068,0.203,1.110,2,1824
517149216,0.000,0.976,0.671,0.237,0.107,1.078,2,1824
517150699,-0.427,0.122,-1.098,-0.009,-0.214,0.967,2,1824
517151211,-0.427,0.122,-1.098,-0.009,-0.214,0.967,2,1824
517152699,-3.110,3.232,1.524,-0.125,0.177,1.111,2,1824
517153216,-3.110,3.232,1.524,-0.125,0.177,1.111,2,1824
517154699,0.549,0.061,-0.061,0.219,-0.119,1.023,2,1824
517155215,0.244,-0.122,-1.159,0.090,-0.129,0.947,2,1824
517156699,-2.012,1.098,-0.366,-0.149,-0.184,0.968,2,1824
517157215,-2.988,3.049,1.098,-0.199,0.217,1.086,2,1824
517158699,0.000,0.976,1.098,0.203,0.093,1.117,2,1824
517159211,0.000,0.976,1.098,0.203,0.093,1.117,2,1824
517160699,-0.671,0.244,-0.549,0.006,-0.248,0.949,2,1824
517161216,-2.744,2.744,0.610,-0.271,0.091,1.063,2,1824
517162699,-2.561,3.049,1.402,-0.091,0.198,1.125,2,1824
517163211,-0.854,2.378,1.463,0.077,0.237,1.132,2,1824
517164699,0.854,-0.244,-1.037,0.094,-0.157,0.954,2,1824
517165208,0.854,-0.244,-1.037,0.094,-0.157,0.954,2,1824
517166699,-2.378,3.110,1.037,-0.162,0.176,1.086,2,1824
517167211,-2.378,3.110,1.037,-0.162,0.176,1.086,2,1824
517168699,0.183,1.220,0.732,0.189,0.093,1.054,2,1824
517169211,0.732,-0.427,-0.732,0.187,-0.141,0.966,2,1824
517170694,-0.854,0.305,-0.549,-0.064,-0.217,0.965,2,1824
517171208,-2.439,2.256,0.732,-0.211,0.069,1.012,2,1824
517172699,-0.610,2.439,1.646,0.057,0.246,1.132,2,1824
517173215,-0.610,2.439,1.646,0.057,0.246,1.132,2,1824
517174699,0.610,0.000,-0.671,0.066,-0.185,0.947,2,1824
517175239,-1.341,1.280,-0.488,-0.179,-0.125,0.951,2,1824
517176443,-2.866,3.049,0.976,-0.155,0.189,1.124,2,1824
517177639,-2.317,3.049,1.768,-0.074,0.241,1.132,2,1834
517178643,0.915,-0.305,-0.244,0.161,-0.157,0.977,2,1834
517179154,0.915,-0.305,-0.244,0.161,-0.157,0.977,2,1834
517180696,-2.378,2.134,0.366,-0.180,0.066,1.022,2,1834
517181202,-2.439,3.232,1.768,-0.153,0.197,1.147,2,1834
517182700,-0.732,2.317,1.402,0.080,0.268,1.102,2,1834
517183202,0.915,0.122,0.061,0.251,-0.115,1.013,2,1834
517184700,-1.402,0.854,-0.427,-0.106,-0.155,0.972,2,1834
517185209,-1.402,0.854,-0.427,-0.106,-0.155,0.972,2,1834
517186700,-1.951,2.866,1.524,-0.054,0.227,1.095,2,1834
517187209,-1.951,2.866,1.524,-0.054,0.227,1.095,2,1834
517188700,0.732,-0.061,-0.610,0.122,-0.127,0.950,2,1834
517189202,-0.549,0.000,-0.976,0.005,-0.229,0.933,2,1834
517190695,-2.683,2.683,0.427,-0.261,0.061,1.049,2,1834
517191196,-2.439,3.232,1.585,-0.116,0.203,1.121,2,1834
517192700,0.671,0.061,0.305,0.186,-0.104,0.988,2,1834
517193209,0.671,0.061,0.305,0.186,-0.104,0.988,2,1834
517194695,-1.951,1.098,0.061,-0.189,-0.187,0.981,2,1834
517195209,-2.988,3.232,0.732,-0.210,0.225,1.091,2,1834
517196700,-1.829,2.683,1.463,0.016,0.232,1.153,2,1834
517197209,0.183,0.915,0.732,0.183,0.079,1.077,2,1834
517198700,-0.671,0.000,-0.793,-0.022,-0.261,0.989,2,1834
517199202,-0.671,0.000,-0.793,-0.022,-0.261,0.989,2,1834
517200695,-2.805,2.866,1.402,-0.057,0.196,1.106,2,1834
517201196,-2.805,2.866,1.402,-0.057,0.196,1.106,2,1834
517202700,0.976,0.061,-0.427,0.233,-0.088,0.981,2,1834
517203202,0.122,-0.305,-1.280,0.088,-0.200,0.961,2,1834
517204700,-1.829,1.646,-0.183,-0.238,-0.114,0.976,2,1834
517205202,-3.171,2.866,1.037,-0.124,0.192,1.096,2,1834
517206700,0.427,0.793,0.427,0.210,0.069,1.033,2,1834
517207202,0.427,0.793,0.427,0.210,0.069,1.033,2,1834
517208700,-1.037,0.488,-0.854,-0.125,-0.249,0.953,2,1834
517209204,-2.805,2.195,0.488,-0.183,0.122,1.027,2,1834
517210700,-2.988,3.171,2.012,-0.092,0.202,1.169,2,1834
517211209,-0.671,2.012,1.280,0.097,0.231,1.100,2,1834
517212700,0.000,0.122,-0.854,-0.007,-0.226,0.943,2,1834
517213209,0.000,0.122,-0.854,-0.007,-0.226,0.943,2,1834
517214695,-3.049,3.049,1.220,-0.159,0.188,1.151,2,1834
517215196,-1.707,2.988,1.768,-0.061,0.298,1.153,2,1834
517216715,0.793,0.305,0.610,0.279,0.012,1.021,2,1834
517217240,0.793,-0.183,-0.488,0.104,-0.163,0.950,2,1834
517218695,-3.049,2.500,0.671,-0.179,0.120,1.079,2,1834
517219196,-3.049,2.500,0.671,-0.179,0.120,1.079,2,1834
517220700,-0.366,1.768,1.280,0.178,0.224,1.100,2,1834
517221202,-0.366,1.768,1.280,0.178,0.224,1.100,2,1834
517222700,0.000,-0.244,-1.098,0.004,-0.176,0.915,2,1834
517223209,-2.134,1.585,0.122,-0.150,-0.096,0.986,2,1834
517224700,-3.110,3.537,1.402,-0.211,0.233,1.125,2,1834
517225243,-1.524,2.561,1.341,0.044,0.260,1.109,2,1834
517226483,0.549,0.610,0.732,0.243,-0.002,1.098,2,1834
517227638,-0.976,0.610,-0.610,-0.043,-0.214,0.964,2,1844
517228632,-3.171,3.232,0.915,-0.288,0.139,1.088,2,1844
517229640,-2.317,3.110,1.707,-0.056,0.231,1.135,2,1844
517230570,-0.305,1.646,1.524,0.171,0.207,1.105,2,1844
517231640,1.402,-0.122,-0.244,0.161,-0.149,0.939,2,1844
517232581,0.366,-0.122,-0.854,0.061,-0.180,0.960,2,1844
517233640,-2.561,3.171,1.098,-0.134,0.234,1.095,2,1844
517234574,-1.402,2.561,1.890,0.051,0.226,1.140,2,1844
517235640,0.976,0.549,0.854,0.201,0.009,1.046,2,1844
517236578,0.854,-0.610,-0.427,0.147,-0.160,0.918,2,1844
517237640,-1.463,1.037,-0.244,-0.125,-0.230,0.994,2,1844
517238570,-3.293,3.171,0.854,-0.253,0.189,1.055,2,1844
517239640,-0.549,1.585,1.463,0.113,0.193,1.131,2,1844
517240578,0.915,-0.366,-0.671,0.233,-0.144,0.931,2,1844
517241640,-0.305,0.366,-0.854,0.001,-0.228,0.972,2,1844
517242616,-2.256,2.439,0.000,-0.255,-0.001,0.977,2,1844
517243147,-3.171,3.415,1.585,-0.089,0.206,1.125,2,1844
517244704,-1.463,2.805,1.951,0.000,0.289,1.153,2,1844
517245218,0.976,0.061,-0.061,0.256,-0.039,0.995,2,1844
517246699,-1.402,0.976,-0.305,-0.161,-0.196,0.962,2,1844
517247215,-1.402,0.976,-0.305,-0.161,-0.196,0.962,2,1844
517248699,-2.744,3.232,2.439,-0.090,0.231,1.134,2,1844
517249216,-0.488,1.402,0.915,0.202,0.156,1.071,2,1844
517250699,0.793,-0.427,-0.244,0.217,-0.155,0.979,2,1844
517251211,0.000,0.488,-0.854,-0.077,-0.244,0.955,2,1844
517252694,-2.439,2.378,0.366,-0.142,0.188,1.148,2,1844
517253196,-2.988,3.354,1.951,-0.142,0.188,1.148,2,1844
517254711,0.610,0.000,0.000,0.291,-0.101,1.003,2,1844
517255237,0.610,0.000,0.000,0.291,-0.101,1.003,2,1844
517256700,-1.768,1.037,-0.610,-0.131,-0.170,0.949,2,1844
517257213,-3.049,3.171,1.280,-0.204,0.207,1.092,2,1844
517258699,-1.707,3.293,1.890,-0.051,0.256,1.131,2,1844
517259215,0.366,0.976,0.732,0.248,0.102,1.118,2,1844
517260699,-0.427,0.061,-1.159,-0.001,-0.214,0.937,2,1844
517261210,-0.427,0.061,-1.159,-0.001,-0.214,0.937,2,1844
517262699,-2.805,3.415,2.134,-0.139,0.229,1.138,2,1844
517263215,-0.915,2.195,1.402,0.136,0.263,1.126,2,1844
517264699,1.037,0.122,0.061,0.206,-0.116,0.992,2,1844
517265216,0.610,0.061,-1.098,0.060,-0.158,0.928,2,1844
517266699,-3.171,3.598,1.220,-0.227,0.228,1.106,2,1844
517267215,-3.171,3.598,1.220,-0.227,0.228,1.106,2,1844
517268699,-0.122,0.793,0.671,0.201,0.067,1.057,2,1844
517269210,-0.122,0.793,0.671,0.201,0.067,1.057,2,1844
517270699,-1.159,0.305,-0.915,-0.043,-0.238,0.975,2,1844
517271210,-2.866,2.744,0.610,-0.292,0.108,1.042,2,1844
517272699,-2.683,3.049,1.829,-0.046,0.226,1.147,2,1844
517273210,-0.793,1.951,1.768,0.097,0.234,1.101,2,1844
517274699,0.000,-0.244,-1.037,0.054,-0.212,0.965,2,1844
517275240,0.000,-0.244,-1.037,0.054,-0.212,0.965,2,1844
517276451,-2.988,3.171,1.037,-0.135,0.224,1.109,2,1844
517277638,-1.768,2.744,1.890,-0.000,0.279,1.153,2,1854
517278647,0.793,0.671,0.488,0.225,0.041,1.047,2,1854
517279153,0.671,-0.549,-0.732,0.147,-0.187,0.950,2,1854
517280701,-3.049,2.439,0.610,-0.200,0.151,1.042,2,1854
517281209,-3.049,2.439,0.610,-0.200,0.151,1.042,2,1854
517282700,-0.549,1.829,1.402,0.128,0.210,1.113,2,1854
517283209,1.098,-0.610,0.061,0.236,-0.156,0.966,2,1854
517284700,0.122,-0.122,-0.793,-0.022,-0.209,0.930,2,1854
517285213,-2.256,1.829,0.244,-0.190,-0.042,0.984,2,1854
517286700,-1.037,2.805,2.073,0.012,0.278,1.101,2,1854
517287209,-1.037,2.805,2.073,0.012,0.278,1.101,2,1854
517288700,0.732,0.000,-0.854,0.058,-0.164,0.936,2,1854
517289202,0.732,0.000,-0.854,0.058,-0.164,0.936,2,1854
517290695,-3.171,3.232,1.159,-0.231,0.212,1.105,2,1854
517291204,-2.500,3.293,2.012,-0.072,0.232,1.093,2,1854
517292700,-0.488,1.220,0.976,0.234,0.175,1.108,2,1854
517293202,0.854,-0.427,-0.366,0.160,-0.188,0.965,2,1854
517294700,-2.683,2.317,0.366,-0.238,0.003,1.020,2,1854
517295202,-2.683,2.317,0.366,-0.238,0.003,1.020,2,1854
517296700,-1.098,2.561,1.585,0.085,0.285,1.135,2,1854
517297209,0.915,0.244,0.122,0.239,-0.097,1.024,2,1854
517298700,0.610,-0.244,-1.037,0.069,-0.165,0.921,2,1854
517299202,-1.829,1.220,-0.427,-0.146,-0.210,0.963,2,1854
517300700,-2.134,3.049,1.829,0.020,0.246,1.156,2,1854
517301208,-2.134,3.049,1.829,0.020,0.246,1.156,2,1854
517302700,1.280,-0.549,-1.037,0.160,-0.163,0.891,2,1854
517303202,1.280,-0.549,-1.037,0.160,-0.163,0.891,2,1854
517304700,-2.805,2.805,0.000,-0.298,0.108,1.064,2,1854
517305208,-2.866,3.171,1.585,-0.056,0.231,1.131,2,1854
517306700,-0.732,2.195,1.402,0.106,0.256,1.130,2,1854
517307202,1.280,-0.366,-0.305,0.235,-0.116,0.945,2,1854
517308700,-2.012,1.707,0.000,-0.229,-0.098,1.005,2,1854
517309202,-2.012,1.707,0.000,-0.229,-0.098,1.005,2,1854
517310700,-2.073,2.866,2.073,-0.009,0.286,1.143,2,1854
517311208,0.488,0.915,0.549,0.233,0.029,1.018,2,1854
517312700,0.854,-0.305,-0.854,0.175,-0.186,0.969,2,1854
517313202,-0.793,0.915,-1.037,-0.150,-0.248,0.962,2,1854
517314700,-2.683,3.476,2.073,-0.093,0.252,1.155,2,1854
517315208,-2.683,3.476,2.073,-0.093,0.252,1.155,2,1854
517316700,1.341,-0.366,-0.549,0.264,-0.137,0.985,2,1854
517317202,0.122,0.122,-1.463,-0.031,-0.256,0.930,2,1854
517318700,-2.134,1.829,-0.183,-0.199,-0.024,0.949,2,1854
517319213,-3.476,3.476,1.646,-0.157,0.222,1.140,2,1854
517320700,-1.524,2.805,1.768,0.298,-0.043,1.026,2,1854
517321208,0.793,-0.122,0.305,0.298,-0.043,1.026,2,1854
517322700,-1.037,0.732,-0.915,-0.120,-0.192,0.932,2,1854
517323213,-1.037,0.732,-0.915,-0.120,-0.192,0.932,2,1854
517324727,-2.317,3.232,2.134,-0.089,0.274,1.123,2,1854
517325239,0.061,0.915,0.854,0.252,0.146,1.112,2,1854
517326449,1.037,-0.366,-0.488,0.159,-0.188,0.962,2,1854
517327639,-0.122,0.183,-1.159,-0.040,-0.221,0.911,2,1863
517328640,-2.866,3.537,1.829,-0.167,0.251,1.143,2,1863
517329154,-2.866,3.537,1.829,-0.167,0.251,1.143,2,1863
517330700,0.793,0.000,0.427,0.221,-0.128,1.019,2,1863
517331217,0.732,-0.366,-1.280,0.058,-0.171,0.915,2,1863
517332699,-1.829,1.220,-0.244,-0.144,-0.195,1.000,2,1863
517333217,-3.232,3.476,1.280,-0.236,0.246,1.117,2,1863
517334699,0.183,0.915,0.976,0.205,0.063,1.110,2,1863
517335210,0.183,0.915,0.976,0.205,0.063,1.110,2,1863
517336699,-1.037,0.549,-0.976,-0.025,-0.286,0.964,2,1863
517337209,-1.037,0.549,-0.976,-0.025,-0.286,0.964,2,1863
517338699,-2.805,3.049,1.646,-0.032,0.234,1.119,2,1863
517339214,-0.549,1.890,1.707,0.104,0.244,1.143,2,1863
517340699,1.098,-0.244,-0.183,0.204,-0.120,0.934,2,1863
517341208,0.000,-0.366,-0.915,0.072,-0.236,0.978,2,1863
517342699,-3.110,3.171,1.341,-0.125,0.230,1.091,2,1863
517343209,-3.110,3.171,1.341,-0.125,0.230,1.091,2,1863
517344699,0.915,0.488,0.427,0.229,0.024,1.037,2,1863
517345216,1.159,-0.549,-1.037,0.162,-0.194,0.932,2,1863
517346699,-0.976,1.159,-0.671,-0.171,-0.243,0.954,2,1863
517347217,-2.927,3.171,0.793,-0.217,0.206,1.072,2,1863
517348699,-0.366,1.524,1.220,0.161,0.206,1.080,2,1863
517349209,-0.366,1.524,1.220,0.161,0.206,1.080,2,1863
517350699,-0.305,0.366,-1.159,-0.071,-0.275,0.969,2,1863
517351217,-2.439,2.195,-0.244,-0.214,0.043,0.988,2,1863
517352699,-3.354,3.415,1.768,-0.096,0.207,1.142,2,1863
517353215,-1.280,2.439,1.768,0.025,0.317,1.144,2,1863
517354699,0.793,-0.305,-0.122,0.030,-0.210,0.959,2,1863
517355215,0.671,-0.305,-0.915,0.030,-0.210,0.959,2,1863
517356694,-3.354,3.049,1.220,-0.168,0.198,1.125,2,1863
517357202,-3.354,3.049,1.220,-0.168,0.198,1.125,2,1863
517358699,0.061,0.793,0.732,0.276,0.085,1.059,2,1863
517359210,0.793,-0.488,-0.427,0.142,-0.187,0.978,2,1863
517360699,-0.366,0.427,-1.280,-0.083,-0.251,0.917,2,1863
517361208,-2.805,2.500,0.549,-0.213,0.096,1.055,2,1863
517362699,-0.183,1.890,1.220,0.173,0.271,1.126,2,1863
517363209,-0.183,1.890,1.220,0.173,0.271,1.126,2,1863
517364699,0.488,-0.366,-1.341,0.001,-0.217,0.898,2,1863
517365217,-2.378,1.280,-0.244,-0.174,-0.113,0.987,2,1863
517366699,-3.415,3.476,1.402,-0.230,0.250,1.139,2,1863
517367210,-1.707,2.561,2.012,0.066,0.306,1.131,2,1863
517368699,1.280,-0.183,-1.037,0.066,-0.166,0.900,2,1863
517369215,1.280,-0.183,-1.037,0.066,-0.166,0.900,2,1863
517370699,-3.049,3.171,1.098,-0.284,0.176,1.092,2,1863
517371209,-3.049,3.171,1.098,-0.284,0.176,1.092,2,1863
517372699,-0.244,1.524,1.341,0.166,0.179,1.124,2,1863
517373210,1.463,-0.366,-0.183,0.168,-0.168,0.917,2,1863
517374699,-0.061,-0.183,-0.854,0.025,-0.250,0.954,2,1863
517375239,-2.256,2.622,0.793,-0.299,-0.013,1.031,2,1863
517376447,-2.744,3.659,1.768,-0.093,0.278,1.120,2,1863
517377638,0.793,0.305,0.000,0.227,-0.049,1.007,2,1873
517378639,0.610,-0.671,-1.220,0.109,-0.234,0.953,2,1873
517379152,-1.951,1.037,-0.366,-0.217,-0.190,0.979,2,1873
517380701,-3.232,3.049,1.159,-0.206,0.239,1.084,2,1873
517381215,-2.561,2.561,2.439,0.021,0.273,1.162,2,1873
517382700,1.220,-0.854,-0.793,0.218,-0.213,0.951,2,1873
517383203,1.220,-0.854,-0.793,0.218,-0.213,0.951,2,1873
517384700,-3.232,2.500,0.854,-0.225,0.125,1.005,2,1873
517385209,-3.354,3.110,2.073,-0.066,0.231,1.155,2,1873
517386700,-0.854,2.012,1.463,0.087,0.283,1.131,2,1873
517387203,1.098,-0.610,-0.305,0.289,-0.160,0.965,2,1873
517388700,0.305,0.000,-0.793,-0.207,-0.086,0.949,2,1873
517389203,-1.890,1.829,0.000,-0.207,-0.086,0.949,2,1873
517390700,-1.463,2.927,2.317,-0.013,0.315,1.141,2,1873
517391214,-1.463,2.927,2.317,-0.013,0.315,1.141,2,1873
517392700,0.854,-0.427,-0.854,0.080,-0.195,0.923,2,1873
517393214,-1.037,0.793,-0.793,-0.139,-0.229,0.947,2,1873
517394700,-3.415,3.110,1.341,-0.207,0.207,1.113,2,1873
517395209,-2.378,3.354,2.378,-0.080,0.265,1.116,2,1873
517396700,0.854,-0.244,-0.366,0.193,-0.195,0.953,2,1873
517397215,0.854,-0.244,-0.366,0.193,-0.195,0.953,2,1873
517398695,-2.500,2.500,0.549,-0.219,0.030,1.040,2,1873
517399199,-3.110,3.659,2.073,-0.170,0.248,1.125,2,1873
517400700,-0.793,2.256,1.524,0.128,0.316,1.132,2,1873
517401209,0.793,0.183,0.122,0.263,-0.138,1.013,2,1873
517402700,-2.073,1.037,-0.305,-0.152,-0.197,0.991,2,1873
517403203,-2.073,1.037,-0.305,-0.152,-0.197,0.991,2,1873
517404700,-2.073,2.805,1.951,0.044,0.280,1.123,2,1873
517405215,-2.073,2.805,1.951,0.044,0.280,1.123,2,1873
517406700,1.220,-0.549,-1.037,0.121,-0.187,0.912,2,1873
517407215,-1.037,0.122,-1.220,-0.062,-0.279,0.945,2,1873
517408222,-3.110,2.988,0.732,-0.293,0.151,1.048,2,1873
517409691,-0.732,1.890,1.341,0.172,0.240,1.145,2,1873
517410199,-0.732,1.890,1.341,0.172,0.240,1.145,2,1873
517411700,0.000,-0.183,-1.159,0.020,-0.264,0.951,2,1873
517412208,0.000,-0.183,-1.159,0.020,-0.264,0.951,2,1873
517413700,-3.415,3.659,1.524,-0.128,0.253,1.116,2,1873
517414205,-1.768,2.622,1.829,0.073,0.312,1.187,2,1873
517415700,0.854,0.305,0.183,0.231,-0.036,1.020,2,1873
517416210,0.732,-0.610,-1.220,0.108,-0.232,0.922,2,1873
517417700,-2.988,3.293,0.793,-0.213,0.208,1.106,2,1873
517418210,-2.988,3.293,0.793,-0.213,0.208,1.106,2,1873
517419700,0.183,1.159,0.793,0.208,0.139,1.050,2,1873
517420210,1.159,-0.549,-0.732,0.195,-0.216,0.959,2,1873
517421700,-0.427,0.671,-0.976,-0.103,-0.247,0.956,2,1873
517422205,-2.622,2.439,0.366,-0.224,0.087,1.029,2,1873
517423700,-0.915,2.073,1.463,0.124,0.284,1.099,2,1873
517424210,-0.915,2.073,1.463,0.124,0.284,1.099,2,1873
517425700,0.244,-0.366,-1.280,-0.006,-0.219,0.948,2,1873
517426208,-1.890,1.585,-0.061,-0.196,-0.110,0.964,2,1873
517427440,-3.720,3.537,1.829,-0.184,0.246,1.148,2,1873
517428638,-1.890,3.110,2.256,0.016,0.315,1.101,2,1883
517429650,0.610,0.488,0.488,0.292,-0.019,1.049,2,1883
517430165,0.915,-0.183,-0.976,0.084,-0.181,0.952,2,1883
517431695,-3.354,2.988,1.037,-0.237,0.201,1.085,2,1883
517432209,-3.354,2.988,1.037,-0.237,0.201,1.085,2,1883
517433699,-0.366,1.463,0.854,0.226,0.208,1.141,2,1883
517434209,1.159,-0.244,-0.610,0.170,-0.193,0.963,2,1883
517435699,0.183,0.122,-1.829,-0.006,-0.243,0.920,2,1883
517436209,-2.683,2.378,0.122,-0.250,-0.012,1.017,2,1883
517437699,-1.341,2.317,1.768,0.122,0.298,1.134,2,1883
517438216,-1.341,2.317,1.768,0.122,0.298,1.134,2,1883
517439699,0.671,-0.488,-1.402,0.058,-0.194,0.927,2,1883
517440216,-2.073,1.098,-0.488,-0.166,-0.228,0.975,2,1883
517441699,-3.476,3.476,1.220,-0.230,0.271,1.081,2,1883
517442217,-2.500,2.927,2.256,0.054,0.282,1.154,2,1883
517443699,1.037,-0.244,-1.098,0.150,-0.196,0.884,2,1883
517444208,1.037,-0.244,-1.098,0.150,-0.196,0.884,2,1883
517445699,-2.744,3.171,0.549,-0.292,0.167,1.075,2,1883
517446210,-2.744,3.171,0.549,-0.292,0.167,1.075,2,1883
517447699,-0.793,1.707,1.646,0.115,0.264,1.124,2,1883
517448208,1.463,-0.549,-0.671,0.271,-0.173,0.905,2,1883
517449699,0.305,-0.305,-1.585,-0.002,-0.292,0.977,2,1883
517450215,-2.256,2.195,-0.305,-0.277,-0.016,0.995,2,1883
517451699,-1.280,2.500,2.195,0.037,0.339,1.140,2,1883
517452208,-1.280,2.500,2.195,0.037,0.339,1.140,2,1883
517453699,0.793,-0.427,-1.341,0.074,-0.262,0.975,2,1883
517454215,-1.463,1.463,-1.037,-0.222,-0.192,0.960,2,1883
517455699,-3.354,3.049,1.159,-0.161,0.214,1.095,2,1883
517456210,-2.622,3.232,2.439,-0.045,0.341,1.132,2,1883
517457699,1.341,-0.488,-1.220,0.185,-0.225,1.000,2,1883
517458216,1.341,-0.488,-1.220,0.185,-0.225,1.000,2,1883
517459699,-2.744,2.744,0.549,-0.193,0.096,1.041,2,1883
517460216,-3.354,3.963,2.622,-0.103,0.286,1.153,2,1883
517461699,-0.732,2.134,1.463,0.183,0.273,1.079,2,1883
517462210,0.976,-0.244,-0.305,0.239,-0.185,1.015,2,1883
517463699,-1.890,1.463,-0.122,-0.179,-0.076,0.966,2,1883
517464210,-1.890,1.463,-0.122,-0.179,-0.076,0.966,2,1883
517465699,-1.707,2.683,1.707,0.065,0.370,1.118,2,1883
517466210,-1.707,2.683,1.707,0.065,0.370,1.118,2,1883
517467699,0.732,-0.610,-1.402,0.055,-0.207,0.921,2,1883
517468216,-1.768,0.793,-1.098,-0.121,-0.246,0.927,2,1883
517469699,-3.963,3.537,1.159,-0.256,0.234,1.117,2,1883
517470217,-2.622,3.171,1.890,-0.017,0.336,1.118,2,1883
517471699,1.280,-0.244,-0.976,0.127,-0.210,0.918,2,1883
517472213,1.280,-0.244,-0.976,0.127,-0.210,0.918,2,1883
517473699,-2.866,3.232,0.610,-0.311,0.090,1.045,2,1883
517474217,-2.744,3.720,2.134,-0.079,0.296,1.123,2,1883
517475699,-0.854,2.073,1.707,0.174,0.258,1.157,2,1883
517476210,1.037,0.000,-0.305,0.180,-0.162,0.953,2,1883
517477399,0.549,-0.488,-1.829,0.054,-0.260,0.937,2,1883
517478638,-3.354,3.659,1.646,-0.161,0.305,1.108,2,1893
517479635,-2.012,2.561,2.500,0.103,0.298,1.161,2,1893
517480152,-2.012,2.561,2.500,0.103,0.298,1.161,2,1893
517481701,1.280,-0.854,-1.159,0.128,-0.245,0.929,2,1893
517482209,-1.585,0.610,-0.488,-0.179,-0.246,0.968,2,1893
517483700,-3.232,3.415,0.793,-0.246,0.246,1.051,2,1893
517484215,-2.500,3.293,2.073,0.032,0.266,1.178,2,1893
517485700,1.341,-0.610,-1.037,0.239,-0.222,0.915,2,1893
517486214,1.341,-0.610,-1.037,0.239,-0.222,0.915,2,1893
517487700,-2.622,2.805,0.305,-0.275,0.110,1.014,2,1893
517488214,-3.171,3.598,2.317,-0.048,0.255,1.144,2,1893
517489700,-0.793,2.317,1.768,0.093,0.312,1.130,2,1893
517490209,1.463,-0.366,-0.244,0.297,-0.154,0.985,2,1893
517491700,-1.890,1.890,-0.427,-0.226,-0.074,0.933,2,1893
517492209,-1.890,1.890,-0.427,-0.226,-0.074,0.933,2,1893
517493700,-2.012,3.110,2.012,0.010,0.364,1.153,2,1893
517494203,0.793,0.122,0.183,0.337,-0.027,1.012,2,1893
517495700,0.915,-0.610,-1.098,0.059,-0.253,0.960,2,1893
517496209,-1.220,1.159,-0.854,-0.178,-0.241,0.943,2,1893
517497700,-2.683,3.780,2.378,-0.067,0.347,1.117,2,1893
517498209,-2.683,3.780,2.378,-0.067,0.347,1.117,2,1893
517499700,1.159,-0.671,-0.610,0.146,-0.244,0.971,2,1893
517500209,1.159,-0.671,-0.610,0.146,-0.244,0.971,2,1893
517501700,-2.927,2.805,0.610,-0.226,0.086,1.048,2,1893
517502213,-3.354,3.841,2.317,-0.135,0.323,1.129,2,1893
517503700,-0.610,1.829,1.585,0.227,0.286,1.134,2,1893
517504215,1.037,-0.610,-0.366,0.205,-0.202,1.000,2,1893
517505700,-2.439,1.768,-0.366,-0.185,-0.112,0.981,2,1893
517506215,-2.439,1.768,-0.366,-0.185,-0.112,0.981,2,1893
517507700,-1.463,2.622,2.012,0.145,0.341,1.155,2,1893
517508203,0.671,0.061,0.366,0.256,-0.071,1.042,2,1893
517509700,1.280,-0.732,-1.524,0.047,-0.244,0.889,2,1893
517510203,-1.585,0.793,-0.915,-0.147,-0.240,0.974,2,1893
517511700,-2.317,3.049,2.378,0.084,0.315,1.161,2,1893
517512209,-2.317,3.049,2.378,0.084,0.315,1.161,2,1893
517513700,1.280,-0.854,-1.280,0.162,-0.242,0.889,2,1893
517514209,1.280,-0.854,-1.280,0.162,-0.242,0.889,2,1893
517515700,-3.232,2.988,1.098,-0.309,0.153,1.050,2,1893
517516214,-3.232,3.293,2.622,-0.011,0.303,1.145,2,1893
517517700,-0.915,1.829,1.951,0.155,0.253,1.112,2,1893
517518209,1.463,-0.732,-0.854,0.236,-0.189,0.937,2,1893
517519700,-2.195,2.195,0.061,-0.286,-0.013,0.991,2,1893
517520209,-2.195,2.195,0.061,-0.286,-0.013,0.991,2,1893
517521700,-1.220,2.439,2.256,0.080,0.333,1.127,2,1893
517522203,1.463,-0.122,0.061,0.270,-0.067,1.005,2,1893
517523700,1.280,-0.671,-1.037,0.063,-0.290,0.955,2,1893
517524214,-1.220,1.524,-0.671,-0.249,-0.164,0.950,2,1893
517525700,-2.317,2.866,2.500,0.030,0.331,1.126,2,1893
517526209,-2.317,2.866,2.500,0.030,0.331,1.126,2,1893
517527424,0.854,-0.793,-0.854,0.138,-0.278,0.943,2,1893
517528638,-0.610,0.610,-1.159,-0.172,-0.277,0.945,2,1902
517529638,-3.110,3.049,0.915,-0.221,0.185,1.078,2,1902
517530149,-2.744,3.598,2.988,-0.075,0.322,1.103,2,1902
517531700,1.280,-1.037,-0.488,0.221,-0.244,0.992,2,1902
517532210,1.280,-1.037,-0.488,0.221,-0.244,0.992,2,1902
517533699,-2.805,2.012,0.488,-0.200,0.016,1.005,2,1902
517534210,-2.805,2.012,0.488,-0.200,0.016,1.005,2,1902
517535699,-0.793,2.500,1.890,0.127,0.348,1.132,2,1902
517536211,0.976,-0.305,-0.122,0.284,-0.159,1.020,2,1902
517537699,0.854,-0.366,-1.646,-0.008,-0.246,0.935,2,1902
517538210,-1.707,1.402,-0.427,-0.188,-0.172,0.968,2,1902
517539699,-1.646,2.927,2.378,0.083,0.358,1.128,2,1902
517540209,-1.646,2.927,2.378,0.083,0.358,1.128,2,1902
517541699,1.280,-0.793,-1.280,0.063,-0.226,0.904,2,1902
517542209,-1.159,0.610,-1.098,-0.120,-0.290,0.935,2,1902
517543699,-3.415,3.354,1.463,-0.273,0.237,1.075,2,1902
517544209,-2.500,3.354,2.378,0.002,0.331,1.141,2,1902
517545699,1.463,-0.549,-0.793,0.166,-0.223,0.911,2,1902
517546209,1.463,-0.549,-0.793,0.166,-0.223,0.911,2,1902
517547699,-2.683,2.744,0.427,-0.294,0.105,1.031,2,1902
517548209,-2.683,2.744,0.427,-0.294,0.105,1.031,2,1902
517549699,-0.793,2.012,1.829,0.147,0.296,1.147,2,1902
517550213,1.402,-0.549,-0.366,0.254,-0.159,0.944,2,1902
517551699,0.427,-0.549,-1.524,0.012,-0.311,0.963,2,1902
517552210,-2.012,1.890,-0.183,-0.264,-0.080,0.970,2,1902
517553699,-1.951,2.744,2.500,0.062,0.355,1.180,2,1902
517554209,-1.951,2.744,2.500,0.062,0.355,1.180,2,1902
517555699,1.098,-0.976,-1.402,0.100,-0.292,0.929,2,1902
517556210,-1.524,1.159,-1.037,-0.210,-0.210,0.956,2,1902
517557699,-3.232,3.415,1.098,-0.209,0.229,1.104,2,1902
517558207,-2.744,3.659,2.500,-0.024,0.340,1.170,2,1902
517559699,1.280,-1.098,-0.854,0.207,-0.270,0.959,2,1902
517560210,1.280,-1.098,-0.854,0.207,-0.270,0.959,2,1902
517561699,-2.927,2.622,0.305,-0.204,0.108,1.037,2,1902
517562210,-3.354,3.720,2.256,-0.109,0.322,1.145,2,1902
517563699,-0.488,1.585,1.463,0.188,0.294,1.086,2,1902
517564210,1.341,-0.793,-0.549,0.283,-0.228,0.993,2,1902
517565699,-2.195,1.890,0.000,-0.214,-0.055,0.984,2,1902
517566214,-2.195,1.890,0.000,-0.214,-0.055,0.984,2,1902
517567699,-1.341,2.622,2.317,0.128,0.373,1.087,2,1902
517568209,-1.341,2.622,2.317,0.128,0.373,1.087,2,1902
517569699,1.037,-0.610,-1.402,0.013,-0.249,0.940,2,1902
517570211,-1.463,0.854,-0.671,-0.165,-0.218,0.958,2,1902
517571699,-3.659,3.598,1.768,-0.238,0.270,1.110,2,1902
517572209,-2.317,3.293,2.439,0.046,0.363,1.082,2,1902
517573699,1.220,-0.732,-1.037,0.099,-0.208,0.940,2,1902
517574210,1.220,-0.732,-1.037,0.099,-0.208,0.940,2,1902
517575699,-3.659,3.232,0.976,-0.291,0.206,1.065,2,1902
517576214,-3.049,3.476,2.317,0.005,0.326,1.096,2,1902
517577422,-0.671,1.341,1.524,0.218,0.204,1.155,2,1902
517578638,1.280,-0.427,-0.854,0.174,-0.197,0.939,2,1912
517579646,-2.866,2.622,0.061,-0.326,0.049,1.004,2,1912
517580159,-2.866,2.622,0.061,-0.326,0.049,1.004,2,1912
517581701,-1.524,2.378,2.256,0.151,0.312,1.165,2,1912
517582215,-1.524,2.378,2.256,0.151,0.312,1.165,2,1912
517583700,0.549,-0.793,-1.768,0.041,-0.316,0.973,2,1912
517584214,-2.317,1.646,-0.671,-0.282,-0.128,0.952,2,1912
517585700,-3.537,3.537,1.280,-0.142,0.297,1.069,2,1912
517586215,-2.439,2.866,2.317,0.058,0.336,1.176,2,1912
517587700,1.159,-0.976,-1.463,0.151,-0.296,0.955,2,1912
517588215,1.159,-0.976,-1.463,0.151,-0.296,0.955,2,1912
517589700,-3.171,3.049,0.854,-0.189,0.250,1.046,2,1912
517590209,-3.110,3.476,2.683,-0.016,0.312,1.170,2,1912
517591226,0.183,1.220,0.854,0.212,0.198,1.091,2,1912
517592639,1.463,-0.854,-1.220,0.204,-0.276,0.978,2,1912
517593620,-2.561,2.561,0.183,-0.221,0.113,0.985,2,1912
517594641,-3.293,3.659,2.439,-0.103,0.320,1.177,2,1912
517595582,-0.427,2.012,1.585,0.167,0.321,1.121,2,1912
517596641,1.159,-0.793,-0.549,0.300,-0.235,0.984,2,1912
517597579,0.000,-0.305,-1.829,-0.104,-0.311,0.926,2,1912
517598641,-2.561,1.829,-0.305,-0.209,-0.048,0.956,2,1912
517599587,-3.841,3.720,2.195,-0.139,0.298,1.154,2,1912
517600641,0.915,-0.366,0.122,0.321,-0.125,1.050,2,1912
517601579,1.098,-0.366,-1.646,-0.027,-0.287,0.907,2,1912
517602640,-1.585,1.585,-0.915,-0.170,-0.188,0.936,2,1912
517603634,-3.659,3.720,1.585,-0.240,0.274,1.131,2,1912
517604158,-2.012,3.171,2.500,0.049,0.400,1.117,2,1912
517605700,0.122,0.183,0.915,0.312,0.018,1.104,2,1912
517606209,0.976,-0.549,-1.280,0.026,-0.248,0.910,2,1912
517607700,-3.598,3.537,1.098,-0.272,0.183,1.102,2,1912
517608215,-3.598,3.537,1.098,-0.272,0.183,1.102,2,1912
517609700,-0.366,1.159,1.585,0.270,0.180,1.155,2,1912
517610203,1.402,-0.488,-0.671,0.148,-0.223,0.920,2,1912
517611700,0.244,-0.183,-1.646,-0.037,-0.329,0.930,2,1912
517612203,-2.988,2.683,0.610,-0.292,0.044,1.052,2,1912
517613700,-1.159,2.134,2.012,0.201,0.286,1.153,2,1912
517614215,-1.159,2.134,2.012,0.201,0.286,1.153,2,1912
517615700,0.610,-0.610,-2.134,0.027,-0.327,0.943,2,1912
517616209,0.610,-0.610,-2.134,0.027,-0.327,0.943,2,1912
517617700,-3.598,3.720,1.707,-0.156,0.356,1.086,2,1912
517618203,-2.073,2.744,2.622,0.139,0.333,1.164,2,1912
517619700,1.159,0.427,-0.122,0.208,-0.009,1.021,2,1912
517620215,1.524,-0.915,-2.134,0.120,-0.326,0.941,2,1912
517621700,-3.354,3.537,1.037,-0.212,0.294,1.067,2,1912
517622209,-3.354,3.537,1.037,-0.212,0.294,1.067,2,1912
517623700,0.427,0.793,0.854,0.210,0.136,1.054,2,1912
517624214,1.341,-1.098,-1.220,0.206,-0.318,0.923,2,1912
517625700,-1.037,0.366,-1.646,-0.210,-0.318,0.960,2,1912
517626209,-2.927,3.110,0.732,-0.232,0.190,1.054,2,1912
517627436,-3.476,3.720,2.988,-0.025,0.331,1.151,2,1912
517628638,1.341,-0.976,-1.037,0.260,-0.284,0.972,2,1922
517629648,0.061,0.122,-1.707,-0.171,-0.326,0.939,2,1922
517630158,0.061,0.122,-1.707,-0.171,-0.326,0.939,2,1922
517631700,-3.720,3.537,2.744,-0.102,0.328,1.162,2,1922
517632216,-1.037,2.317,2.256,0.129,0.371,1.118,2,1922
517633699,1.098,-0.671,-0.366,-0.094,-0.310,0.945,2,1922
517634216,0.732,-0.549,-1.829,-0.094,-0.310,0.945,2,1922
517635699,-3.720,3.841,1.951,-0.170,0.294,1.147,2,1922
517636214,-3.720,3.841,1.951,-0.170,0.294,1.147,2,1922
517637699,0.915,-0.366,0.122,0.336,-0.079,1.043,2,1922
517638216,1.098,-0.793,-1.768,0.003,-0.282,0.937,2,1922
517639699,-1.280,0.854,-1.280,-0.146,-0.246,0.949,2,1922
517640209,-3.963,3.598,1.768,-0.254,0.257,1.101,2,1922
517641699,0.183,0.854,0.976,0.309,0.067,1.134,2,1922
517642216,0.183,0.854,0.976,0.309,0.067,1.134,2,1922
517643699,-0.427,0.183,-1.585,-0.099,-0.315,0.937,2,1922
517644216,-3.415,3.232,1.159,-0.298,0.158,1.058,2,1922
517645699,-2.988,3.841,2.683,-0.021,0.399,1.114,2,1922
517646217,-0.610,1.585,1.890,0.245,0.222,1.154,2,1922
517647699,0.122,-0.610,-1.707,-0.042,-0.358,0.941,2,1922
517648208,0.122,-0.610,-1.707,-0.042,-0.358,0.941,2,1922
517649699,-3.598,3.841,2.378,-0.083,0.379,1.112,2,1922
517650216,-3.598,3.841,2.378,-0.083,0.379,1.112,2,1922
517651699,1.159,-0.488,-0.183,0.208,-0.139,0.981,2,1922
517652208,0.549,-0.976,-2.012,0.023,-0.367,0.934,2,1922
517653699,-2.439,1.829,-0.427,-0.294,-0.116,0.965,2,1922
517654216,-3.720,3.780,2.012,-0.151,0.340,1.111,2,1922
517655699,0.915,0.244,0.305,0.238,-0.005,1.025,2,1922
517656209,0.915,0.244,0.305,0.238,-0.005,1.025,2,1922
517657699,-1.524,1.463,-1.341,-0.249,-0.219,0.939,2,1922
517658216,-2.927,3.476,1.341,-0.202,0.283,1.068,2,1922
517659699,-2.500,3.293,2.927,0.046,0.372,1.184,2,1922
517660216,0.488,0.915,0.976,0.234,0.147,1.087,2,1922
517661699,-0.732,0.305,-1.646,-0.217,-0.283,0.928,2,1922
517662210,-0.732,0.305,-1.646,-0.217,-0.283,0.928,2,1922
517663699,-3.537,3.659,3.049,-0.025,0.390,1.156,2,1922
517664216,-0.122,1.159,1.646,0.225,0.250,1.108,2,1922
517665699,1.402,-1.098,-0.732,0.248,-0.305,0.976,2,1922
517666214,-0.305,-0.061,-1.829,-0.158,-0.331,0.928,2,1922
517667283,-2.927,2.500,0.183,-0.213,0.038,1.001,2,1922
517668639,-0.671,2.256,2.073,0.172,0.355,1.133,2,1922
517669579,1.341,-0.549,-0.122,0.257,-0.230,0.995,2,1922
517670639,0.854,-0.305,-1.768,-0.097,-0.316,0.912,2,1922
517671580,-2.012,1.951,-0.305,-0.187,-0.105,0.979,2,1922
517672639,-3.659,3.902,2.317,-0.194,0.361,1.157,2,1922
517673586,-1.707,2.866,2.561,0.115,0.398,1.129,2,1922
517674639,0.610,-0.305,0.244,0.309,-0.115,1.039,2,1922
517675741,-1.402,1.098,-0.793,-0.156,-0.243,0.958,2,1922
517676278,-1.402,1.098,-0.793,-0.156,-0.243,0.958,2,1932
517677377,-2.195,3.293,2.927,0.095,0.392,1.130,2,1932
517678638,0.488,0.549,1.037,0.275,0.044,1.106,2,1932
517679587,1.524,-0.671,-1.463,0.070,-0.278,0.895,2,1932
517680639,-0.976,0.549,-1.402,-0.116,-0.346,0.939,2,1932
517681580,-3.537,3.476,0.976,-0.300,0.246,1.085,2,1932
517682639,-0.427,1.037,1.768,0.233,0.203,1.109,2,1932
517683580,1.890,-0.854,-0.976,0.169,-0.275,0.904,2,1932
517684640,0.244,-0.061,-1.463,-0.083,-0.369,0.966,2,1932
517685580,-2.561,2.683,0.671,-0.293,0.094,1.020,2,1932
517686639,-3.232,3.476,2.744,-0.064,0.365,1.149,2,1932
517687585,-1.098,1.768,2.439,0.172,0.326,1.146,2,1932
517688639,0.976,-0.732,-1.768,-0.053,-0.390,0.957,2,1932
517689580,-2.134,2.195,-0.183,-0.292,-0.028,0.995,2,1932
517690639,-3.293,3.902,2.195,-0.101,0.327,1.132,2,1932
517691588,-1.646,2.683,2.683,0.114,0.398,1.145,2,1932
517692639,1.280,-0.244,-0.122,0.291,-0.097,0.991,2,1932
517693576,0.793,-0.976,-1.646,0.014,-0.393,0.950,2,1932
517694639,-1.829,1.646,-0.976,-0.263,-0.146,0.958,2,1932
517695585,-3.598,3.841,1.707,-0.162,0.271,1.129,2,1932
517696639,0.793,0.183,0.732,0.307,0.026,1.028,2,1932
517697584,1.341,-0.976,-1.585,0.072,-0.372,0.943,2,1932
517698639,-1.098,1.037,-1.646,-0.233,-0.254,0.931,2,1932
517699584,-3.659,3.659,1.341,-0.197,0.214,1.097,2,1932
517700639,-2.866,4.085,2.988,-0.019,0.432,1.142,2,1932
517701584,0.549,1.280,1.159,0.291,0.151,1.076,2,1932
517702639,0.000,0.427,-1.890,-0.170,-0.330,0.920,2,1932
517703576,-3.171,2.927,0.915,-0.214,0.118,1.086,2,1932
517704639,-3.537,4.024,3.110,-0.081,0.423,1.106,2,1932
517705588,-0.610,1.402,2.073,0.267,0.270,1.113,2,1932
517706639,1.341,-0.610,-0.732,0.185,-0.270,0.983,2,1932
517707580,0.549,-0.183,-2.439,-0.082,-0.354,0.899,2,1932
517708639,-2.927,2.683,-0.061,-0.258,-0.010,1.032,2,1932
517709585,-1.585,1.890,2.134,0.256,0.348,1.151,2,1932
517710639,0.610,-0.427,-0.488,0.204,-0.181,0.983,2,1932
517711572,1.341,-0.488,-2.622,-0.028,-0.358,0.907,2,1932
517712639,-2.012,1.890,-0.732,-0.221,-0.153,1.018,2,1932
517713576,-3.659,3.963,1.829,-0.191,0.417,1.093,2,1932
517714639,-1.768,2.805,2.866,0.192,0.378,1.170,2,1932
517715584,0.671,0.244,0.305,0.217,-0.074,1.044,2,1932
517716639,-1.646,1.159,-0.915,-0.232,-0.256,0.975,2,1932
517717585,-3.354,3.720,1.524,-0.218,0.370,1.073,2,1932
517718639,-2.500,3.049,2.927,0.140,0.371,1.188,2,1932
517719584,0.610,0.610,0.610,0.194,0.087,1.070,2,1932
517720639,2.012,-1.220,-1.829,0.137,-0.352,0.914,2,1932
517721588,-0.793,0.671,-1.524,-0.204,-0.342,0.963,2,1932
517722639,-3.110,3.476,2.866,0.048,0.379,1.169,2,1932
517723584,0.000,1.280,1.524,0.207,0.225,1.103,2,1932
517724668,1.768,-1.341,-1.280,0.234,-0.334,0.934,2,1932
517725145,1.768,-1.341,-1.280,0.234,-0.334,0.934,2,1932
517726495,-3.171,3.171,0.488,-0.227,0.172,1.019,2,1932
517727638,-3.902,3.841,3.293,-0.017,0.369,1.164,2,1941
517728645,-0.854,1.646,2.256,0.161,0.333,1.108,2,1941
517729157,1.585,-0.915,-0.732,0.296,-0.293,0.959,2,1941
517730695,-2.500,2.073,-0.244,-0.219,0.043,0.982,2,1941
517731205,-2.500,2.073,-0.244,-0.219,0.043,0.982,2,1941
517732699,-1.159,2.378,2.561,0.141,0.408,1.116,2,1941
517733210,1.463,-0.671,-0.366,0.333,-0.237,1.017,2,1941
517734699,0.732,-0.488,-2.378,-0.109,-0.372,0.937,2,1941
517735217,-1.707,1.890,-1.159,-0.209,-0.101,0.949,2,1941
517736699,-1.524,2.866,2.317,0.106,0.457,1.096,2,1941
517737210,-1.524,2.866,2.317,0.106,0.457,1.096,2,1941
517738699,1.280,-0.732,-2.195,-0.047,-0.341,0.928,2,1941
517739209,-1.280,1.159,-1.829,-0.185,-0.216,0.932,2,1941
517740699,-3.780,3.720,1.707,-0.242,0.299,1.145,2,1941
517741210,-2.195,3.232,2.622,0.089,0.480,1.104,2,1941
517742699,1.159,-0.793,-1.951,0.025,-0.296,0.930,2,1941
517743215,1.159,-0.793,-1.951,0.025,-0.296,0.930,2,1941
517744699,-3.415,3.720,1.463,-0.283,0.249,1.102,2,1941
517745208,-3.415,3.720,1.463,-0.283,0.249,1.102,2,1941
517746699,-0.183,0.915,1.402,0.291,0.124,1.149,2,1941
517747217,1.341,-0.793,-1.585,0.074,-0.267,0.905,2,1941
517748699,-0.305,0.061,-2.134,-0.089,-0.397,0.964,2,1941
517749209,-3.598,3.354,0.671,-0.312,0.158,1.067,2,1941
517750699,-0.854,1.585,2.195,0.230,0.241,1.159,2,1941
517751210,-0.854,1.585,2.195,0.230,0.241,1.159,2,1941
517752699,0.305,-0.427,-2.439,-0.058,-0.439,0.957,2,1941
517753217,-2.988,2.927,-0.061,-0.348,0.055,0.997,2,1941
517754699,-3.171,4.024,2.561,-0.020,0.413,1.136,2,1941
517755210,-1.463,2.500,2.805,0.167,0.336,1.153,2,1941
517756699,0.549,-0.854,-2.256,-0.035,-0.451,0.961,2,1941
517757210,0.549,-0.854,-2.256,-0.035,-0.451,0.961,2,1941
517758699,-3.659,3.780,2.378,-0.089,0.374,1.129,2,1941
517759210,-3.659,3.780,2.378,-0.089,0.374,1.129,2,1941
517760699,1.159,-0.366,-0.488,0.277,-0.065,1.004,2,1941
517761209,1.037,-1.280,-1.829,0.013,-0.436,0.965,2,1941
517762699,-1.768,1.402,-1.159,-0.290,-0.157,0.937,2,1941
517763216,-3.780,3.598,1.951,-0.133,0.330,1.125,2,1941
517764699,0.732,0.183,0.549,0.315,0.023,1.036,2,1941
517765216,0.732,0.183,0.549,0.315,0.023,1.036,2,1941
517766699,-0.915,1.220,-1.646,-0.262,-0.252,0.928,2,1941
517767210,-3.659,3.659,1.280,-0.181,0.257,1.108,2,1941
517768699,-2.927,3.780,3.293,0.020,0.454,1.138,2,1941
517769208,0.305,0.488,1.159,0.326,0.127,1.087,2,1941
517770699,-0.366,0.671,-1.890,-0.195,-0.320,0.936,2,1941
517771217,-0.366,0.671,-1.890,-0.195,-0.320,0.936,2,1941
517772699,-3.415,3.902,3.171,-0.056,0.453,1.095,2,1941
517773208,0.122,1.220,1.524,0.298,0.208,1.120,2,1941
517774729,1.890,-0.915,-1.220,0.168,-0.311,0.999,2,1941
517775234,0.671,-0.122,-2.439,-0.173,-0.336,0.903,2,1941
517776425,-2.622,2.561,0.427,-0.240,0.060,1.053,2,1941
517777638,-1.037,1.890,2.073,0.274,0.292,1.113,2,1951
517778637,0.793,-0.732,-0.427,0.185,-0.227,0.982,2,1951
517779148,0.793,-0.732,-0.427,0.185,-0.227,0.982,2,1951
517780696,-3.110,2.134,-0.061,-0.247,-0.074,1.021,2,1951
517781205,-4.024,3.963,2.500,-0.167,0.447,1.101,2,1951
517782700,-1.707,2.195,2.561,0.239,0.333,1.171,2,1951
517783215,0.610,-0.549,-0.122,0.236,-0.124,1.009,2,1951
517784700,-2.317,1.585,-0.854,-0.249,-0.171,1.000,2,1951
517785202,-2.317,1.585,-0.854,-0.249,-0.171,1.000,2,1951
517786700,-1.890,2.805,2.805,0.180,0.379,1.165,2,1951
517787202,1.098,0.061,0.549,0.215,-0.003,1.039,2,1951
517788700,1.768,-0.976,-2.073,0.051,-0.404,0.934,2,1951
517789209,-1.585,1.402,-1.220,-0.262,-0.238,0.962,2,1951
517790700,-2.561,3.232,3.415,0.130,0.412,1.177,2,1951
517791214,-2.561,3.232,3.415,0.130,0.412,1.177,2,1951
517792700,1.829,-1.280,-1.646,0.143,-0.420,0.950,2,1951
517793209,1.829,-1.280,-1.646,0.143,-0.420,0.950,2,1951
517794700,-3.415,3.537,0.976,-0.226,0.237,1.046,2,1951
517795215,-3.171,3.659,3.415,0.062,0.444,1.161,2,1951
517796700,0.122,0.915,1.220,0.269,0.198,1.094,2,1951
517797203,1.402,-1.402,-1.463,0.171,-0.397,0.961,2,1951
517798700,-3.110,3.171,0.366,-0.218,0.150,1.048,2,1951
517799202,-3.110,3.171,0.366,-0.218,0.150,1.048,2,1951
517800700,-0.305,1.463,1.951,0.238,0.305,1.095,2,1951
517801202,1.402,-1.220,-0.976,0.213,-0.331,0.982,2,1951
517802700,0.244,0.061,-2.378,-0.184,-0.368,0.926,2,1951
517803213,-2.866,2.683,0.061,-0.202,0.031,1.012,2,1951
517804700,-1.341,2.073,2.378,0.205,0.373,1.137,2,1951
517805215,-1.341,2.073,2.378,0.205,0.373,1.137,2,1951
517806700,0.671,-0.793,-2.256,-0.131,-0.394,0.911,2,1951
517807202,-2.805,2.012,-0.122,-0.219,-0.095,1.008,2,1951
517808700,-4.390,4.207,2.683,-0.150,0.437,1.126,2,1951
517809202,-1.098,2.500,2.622,0.205,0.429,1.137,2,1951
517810700,1.524,-0.610,-2.683,-0.072,-0.377,0.884,2,1951
517811213,1.524,-0.610,-2.683,-0.072,-0.377,0.884,2,1951
517812700,-3.963,4.146,2.256,-0.219,0.424,1.105,2,1951
517813213,-3.963,4.146,2.256,-0.219,0.424,1.105,2,1951
517814700,0.793,-0.061,0.915,0.260,-0.042,1.068,2,1951
517815215,1.707,-1.159,-2.256,0.007,-0.389,0.910,2,1951
517816700,-1.280,1.159,-1.280,-0.228,-0.321,0.958,2,1951
517817202,-3.659,4.085,1.707,-0.238,0.372,1.053,2,1951
517818700,0.000,0.488,1.280,0.239,0.107,1.101,2,1951
517819209,0.000,0.488,1.280,0.239,0.107,1.101,2,1951
517820700,-0.732,0.549,-1.524,-0.211,-0.359,0.959,2,1951
517821215,-2.927,3.537,1.098,-0.241,0.280,1.000,2,1951
517822700,-2.866,3.537,3.293,0.095,0.420,1.169,2,1951
517823202,0.244,0.976,1.585,0.230,0.220,1.134,2,1951
517824700,-0.488,0.122,-2.134,-0.236,-0.384,0.946,2,1951
517825237,-0.488,0.122,-2.134,-0.236,-0.384,0.946,2,1951
517826449,-3.537,3.963,3.232,0.028,0.415,1.146,2,1951
517827638,-0.488,1.341,1.829,0.218,0.306,1.125,2,1961
517828643,1.524,-1.341,-1.159,0.231,-0.314,0.994,2,1961
517829152,-0.061,-0.061,-2.012,-0.193,-0.408,0.923,2,1961
517830700,-3.110,2.561,0.183,-0.227,0.069,0.979,2,1961
517831216,-4.329,3.963,3.171,-0.056,0.415,1.150,2,1961
517832699,1.890,-0.854,-0.427,0.286,-0.281,1.037,2,1961
517833211,1.890,-0.854,-0.427,0.286,-0.281,1.037,2,1961
517834699,-1.768,2.134,-0.671,-0.195,-0.055,0.957,2,1961
517835208,-3.780,4.207,2.927,-0.141,0.390,1.129,2,1961
517836699,-1.402,2.805,2.805,0.180,0.437,1.115,2,1961
517837216,1.402,-0.305,0.244,0.306,-0.190,1.055,2,1961
517838699,-1.646,1.585,-0.976,-0.224,-0.155,0.953,2,1961
517839216,-1.646,1.585,-0.976,-0.224,-0.155,0.953,2,1961
517840699,-1.768,2.500,2.866,0.188,0.488,1.090,2,1961
517841216,0.793,-0.305,0.366,0.291,-0.127,1.083,2,1961
517842699,1.524,-0.793,-2.622,-0.062,-0.346,0.944,2,1961
517843216,-1.585,1.098,-1.524,-0.197,-0.272,0.957,2,1961
517844699,-2.378,2.927,3.049,0.166,0.462,1.115,2,1961
517845216,-2.378,2.927,3.049,0.166,0.462,1.115,2,1961
517846699,1.890,-0.915,-2.500,0.019,-0.340,0.914,2,1961
517847210,1.890,-0.915,-2.500,0.019,-0.340,0.914,2,1961
517848699,-3.415,4.024,1.098,-0.287,0.337,1.073,2,1961
517849210,-2.561,3.659,2.927,0.145,0.440,1.090,2,1961
517850699,0.061,0.915,1.524,0.246,0.098,1.110,2,1961
517851209,1.951,-1.037,-1.951,0.086,-0.321,0.934,2,1961
517852699,-3.232,3.415,1.159,-0.301,0.294,1.033,2,1961
517853216,-3.232,3.415,1.159,-0.301,0.294,1.033,2,1961
517854699,-0.366,1.585,2.195,0.219,0.237,1.134,2,1961
517855208,1.768,-1.037,-1.585,0.180,-0.326,0.919,2,1961
517856699,-0.427,-0.183,-2.134,-0.180,-0.447,1.005,2,1961
517857216,-2.927,2.988,0.183,-0.299,0.197,1.005,2,1961
517858281,-3.354,3.598,3.110,0.058,0.407,1.136,2,1961
517859639,1.524,-0.854,-1.037,0.280,-0.306,0.971,2,1961
517860578,0.000,-0.122,-2.439,-0.175,-0.454,0.990,2,1961
517861639,-2.622,2.683,-0.427,-0.301,0.089,0.969,2,1961
517862579,-4.207,4.024,3.049,-0.025,0.394,1.134,2,1961
517863639,-1.646,2.317,2.500,0.176,0.417,1.121,2,1961
517864583,1.585,-1.098,-0.854,0.288,-0.258,0.986,2,1961
517865640,-1.951,1.951,-0.976,-0.222,-0.032,0.969,2,1961
517866580,-4.024,3.841,2.744,-0.113,0.368,1.145,2,1961
517867640,-1.646,2.378,2.805,0.165,0.477,1.104,2,1961
517868585,1.098,-0.793,-0.122,0.333,-0.201,1.028,2,1961
517869640,0.854,-0.671,-2.134,-0.146,-0.427,0.961,2,1961
517870584,-1.646,1.768,-1.341,-0.204,-0.152,0.953,2,1961
517871640,-4.024,4.085,2.378,-0.160,0.347,1.153,2,1961
517872587,-1.890,3.049,2.805,0.139,0.525,1.096,2,1961
517873640,1.524,-1.037,-2.500,-0.090,-0.389,0.933,2,1961
517874580,-1.341,1.098,-1.707,-0.184,-0.271,0.956,2,1961
517875640,-4.207,4.146,1.768,-0.246,0.352,1.132,2,1961
517876745,-2.683,3.537,3.232,0.127,0.540,1.083,2,1961
517877283,0.366,-0.122,1.280,0.350,-0.032,1.090,2,1971
517878351,1.402,-1.098,-2.378,-0.028,-0.375,0.929,2,1971
517879638,-3.902,4.024,1.707,-0.259,0.309,1.103,2,1971
517880590,-2.744,3.476,3.232,0.107,0.512,1.082,2,1971
517881638,0.000,0.732,1.768,0.305,0.056,1.130,2,1971
517882572,2.073,-0.793,-1.890,0.066,-0.345,0.928,2,1971
517883638,0.061,0.305,-2.256,-0.185,-0.429,0.964,2,1971
517884588,-3.293,3.415,1.159,-0.303,0.307,1.062,2,1971
517885638,-2.805,3.354,3.232,0.117,0.485,1.107,2,1971
517886580,1.646,-1.220,-2.073,0.136,-0.326,0.921,2,1971
517887638,-0.305,-0.061,-2.317,-0.169,-0.465,0.979,2,1971
517888709,-3.415,3.049,0.488,-0.302,0.232,1.021,2,1971
517889221,-3.415,3.659,3.049,0.065,0.453,1.118,2,1971
517890700,-0.610,1.646,2.378,0.213,0.289,1.133,2,1971
517891205,1.768,-1.098,-1.646,0.221,-0.325,0.960,2,1971
517892700,-2.927,2.988,0.061,-0.287,0.149,0.988,2,1971
517893208,-2.927,2.988,0.061,-0.287,0.149,0.988,2,1971
517894700,-0.610,2.195,2.561,0.221,0.390,1.104,2,1971
517895205,-0.610,2.195,2.561,0.221,0.390,1.104,2,1971
517896700,0.732,-0.244,-2.805,-0.207,-0.477,0.988,2,1971
517897207,-2.195,2.622,-0.793,-0.270,0.036,0.963,2,1971
517898700,-3.476,4.268,2.988,-0.055,0.463,1.144,2,1971
517899206,-0.793,2.378,2.744,0.199,0.458,1.111,2,1971
517900700,0.976,-0.488,-2.561,-0.199,-0.467,0.961,2,1971
517901207,0.976,-0.488,-2.561,-0.199,-0.467,0.961,2,1971
517902700,-4.024,4.329,3.171,-0.094,0.450,1.155,2,1971
517903206,-1.707,2.439,2.927,0.215,0.499,1.090,2,1971
517904700,1.037,-0.915,-0.488,0.332,-0.257,1.018,2,1971
517905211,0.976,-0.793,-2.866,-0.175,-0.448,0.976,2,1971
517906700,-4.024,4.146,2.927,-0.158,0.449,1.104,2,1971
517907206,-4.024,4.146,2.927,-0.158,0.449,1.104,2,1971
517908700,1.037,-0.549,0.427,0.311,-0.189,1.053,2,1971
517909208,1.463,-0.854,-2.683,-0.133,-0.435,0.952,2,1971
517910700,-1.463,1.646,-1.220,-0.228,-0.236,0.984,2,1971
517911207,-4.024,4.207,2.317,-0.189,0.429,1.090,2,1971
517912700,0.854,-0.061,0.793,0.296,-0.102,1.090,2,1971
517913205,0.854,-0.061,0.793,0.296,-0.102,1.090,2,1971
517914700,-1.646,1.220,-1.463,-0.231,-0.300,0.972,2,1971
517915208,-1.646,1.220,-1.463,-0.231,-0.300,0.972,2,1971
517916700,-2.744,3.232,3.537,0.208,0.476,1.128,2,1971
517917206,0.549,0.183,1.098,0.277,0.017,1.074,2,1971
517918700,1.890,-1.098,-2.805,0.017,-0.448,0.949,2,1971
517919207,-1.098,0.915,-1.829,-0.250,-0.321,1.000,2,1971
517920700,-2.622,3.598,3.537,0.179,0.465,1.133,2,1971
517921201,-2.622,3.598,3.537,0.179,0.465,1.133,2,1971
517922700,1.890,-1.402,-2.134,0.090,-0.456,0.967,2,1971
517923205,-0.976,0.610,-1.951,-0.270,-0.348,0.978,2,1971
517924700,-3.476,3.720,1.098,-0.216,0.314,1.045,2,1971
517925233,-3.293,4.024,3.780,0.091,0.475,1.137,2,1971
517926440,0.183,1.037,1.768,0.251,0.175,1.041,2,1971
517927638,-0.366,0.488,-2.256,-0.296,-0.361,0.982,2,1980
517928638,-2.683,3.476,0.793,-0.222,0.220,1.017,2,1980
517929153,-2.683,3.476,0.793,-0.222,0.220,1.017,2,1980
517930700,-0.061,1.402,2.073,0.278,0.245,1.069,2,1980
517931218,1.524,-1.098,-1.463,0.176,-0.440,1.001,2,1980
517932699,-0.122,0.122,-2.561,-0.282,-0.386,0.938,2,1980
517933217,-3.232,2.988,0.488,-0.204,0.150,1.056,2,1980
517934699,-0.671,1.402,2.439,0.305,0.297,1.074,2,1980
517935217,-0.671,1.402,2.439,0.305,0.297,1.074,2,1980
517936699,0.183,-0.427,-2.805,-0.247,-0.439,0.931,2,1980
517937212,-3.171,2.683,0.305,-0.231,0.074,1.077,2,1980
517938699,-3.902,4.329,3.780,-0.059,0.547,1.096,2,1980
517939217,-0.854,1.768,2.866,0.317,0.362,1.104,2,1980
517940699,0.671,-0.549,-3.049,-0.180,-0.473,0.922,2,1980
517941217,0.671,-0.549,-3.049,-0.180,-0.473,0.922,2,1980
517942699,-4.085,4.329,3.415,-0.073,0.557,1.073,2,1980
517943217,-1.341,1.890,3.049,0.316,0.368,1.137,2,1980
517944699,1.402,-1.098,-0.366,0.168,-0.257,1.011,2,1980
517945217,1.280,-0.976,-2.866,-0.113,-0.494,0.934,2,1980
517946699,-3.841,4.268,2.927,-0.083,0.526,1.042,2,1980
517947217,-3.841,4.268,2.927,-0.083,0.526,1.042,2,1980
517948699,1.098,-0.549,-0.183,0.192,-0.169,1.021,2,1980
517949217,1.098,-0.549,-0.183,0.192,-0.169,1.021,2,1980
517950699,-2.561,2.134,-0.427,-0.330,-0.099,0.991,2,1980
517951209,-3.902,4.146,2.866,-0.095,0.489,1.032,2,1980
517952699,-1.768,2.744,3.598,0.249,0.418,1.171,2,1980
517953217,1.159,-0.549,-0.061,0.222,-0.087,1.009,2,1980
517954699,-2.378,1.951,-1.037,-0.336,-0.123,0.988,2,1980
517955218,-2.378,1.951,-1.037,-0.336,-0.123,0.988,2,1980
517956699,-2.622,2.805,3.780,0.183,0.469,1.130,2,1980
517957217,0.976,-0.549,0.122,0.287,-0.050,0.988,2,1980
517958694,1.220,-1.463,-2.500,-0.036,-0.582,1.021,2,1980
517959197,-1.220,1.646,-1.646,-0.355,-0.143,0.982,2,1980
517960699,-2.134,3.415,3.841,0.145,0.528,1.098,2,1980
517961209,-2.134,3.415,3.841,0.145,0.528,1.098,2,1980
517962699,1.585,-1.341,-2.195,-0.029,-0.548,1.021,2,1980
517963217,1.585,-1.341,-2.195,-0.029,-0.548,1.021,2,1980
517964699,-3.780,3.780,2.256,-0.124,0.339,1.123,2,1980
517965217,-2.805,3.476,3.963,0.096,0.604,1.092,2,1980
517966699,0.732,0.000,1.280,0.359,-0.033,1.037,2,1980
517967217,1.341,-1.341,-2.073,-0.030,-0.500,0.996,2,1980
517968699,-3.720,3.841,2.195,-0.162,0.312,1.116,2,1980
517969211,-3.720,3.841,2.195,-0.162,0.312,1.116,2,1980
517970699,0.488,0.122,1.707,0.380,0.011,1.072,2,1980
517971217,1.707,-1.159,-1.951,-0.033,-0.451,0.970,2,1980
517972699,-0.549,0.793,-2.622,-0.220,-0.359,0.949,2,1980
517973217,-3.780,3.659,2.012,-0.215,0.275,1.129,2,1980
517974727,0.061,0.427,1.890,0.383,0.063,1.126,2,1980
517975240,0.061,0.427,1.890,0.383,0.063,1.126,2,1980
517976442,-0.183,0.366,-2.927,-0.208,-0.432,0.960,2,1980
517977638,-3.780,3.598,1.098,-0.287,0.256,1.083,2,1990
517978647,-2.988,3.841,3.537,0.090,0.599,1.040,2,1990
517979151,-0.122,0.854,2.195,0.328,0.145,1.156,2,1990
517980701,1.707,-1.098,-1.707,-0.151,-0.500,0.960,2,1990
517981209,0.061,-0.305,-2.622,-0.151,-0.500,0.960,2,1990
517982700,-3.354,3.780,3.293,0.084,0.543,1.073,2,1990
517983201,-3.354,3.780,3.293,0.084,0.543,1.073,2,1990
517984700,1.646,-1.341,-1.646,0.130,-0.308,0.938,2,1990
517985208,0.305,-0.549,-2.622,-0.185,-0.537,1.004,2,1990
517986700,-2.927,3.232,0.366,-0.332,0.205,1.007,2,1990
517987201,-3.293,3.902,3.598,0.110,0.489,1.086,2,1990
517988700,1.951,-1.098,-1.463,0.201,-0.313,0.947,2,1990
517989214,1.951,-1.098,-1.463,0.201,-0.313,0.947,2,1990
517990700,-2.439,3.110,-0.305,-0.339,0.169,0.974,2,1990
517991201,-3.415,4.085,3.476,0.062,0.465,1.111,2,1990
517992700,-1.098,2.012,2.866,0.193,0.407,1.108,2,1990
517993207,1.707,-1.098,-1.037,0.268,-0.323,0.978,2,1990
517994700,-2.317,2.744,-0.732,-0.296,0.066,0.982,2,1990
517995207,-2.317,2.744,-0.732,-0.296,0.066,0.982,2,1990
517996700,-1.402,2.317,2.805,0.212,0.479,1.069,2,1990
517997201,-1.402,2.317,2.805,0.212,0.479,1.069,2,1990
517998700,0.610,-0.610,-2.866,-0.227,-0.498,0.999,2,1990
517999212,-2.134,2.317,-1.098,-0.238,-0.032,0.982,2,1990
518000700,-4.146,4.268,3.171,-0.046,0.478,1.123,2,1990
518001201,-1.585,2.439,2.988,0.232,0.516,1.067,2,1990
518002700,0.915,-0.793,-3.049,-0.235,-0.497,0.963,2,1990
518003212,0.915,-0.793,-3.049,-0.235,-0.497,0.963,2,1990
518004700,-3.963,4.207,3.110,-0.123,0.485,1.118,2,1990
518005207,-1.098,2.561,3.110,0.279,0.530,1.072,2,1990
518006700,1.524,-0.793,-0.122,0.286,-0.266,1.047,2,1990
518007201,1.646,-0.915,-3.415,-0.186,-0.479,0.943,2,1990
518008700,-3.963,4.329,3.171,-0.187,0.527,1.109,2,1990
518009201,-3.963,4.329,3.171,-0.187,0.527,1.109,2,1990
518010700,0.854,-0.671,0.427,0.255,-0.198,1.049,2,1990
518011207,1.524,-0.976,-3.171,-0.118,-0.473,0.936,2,1990
518012700,-1.829,1.768,-1.159,-0.253,-0.252,1.023,2,1990
518013207,-4.024,4.329,2.683,-0.180,0.544,1.066,2,1990
518014700,-2.439,2.744,3.720,0.219,-0.111,1.037,2,1990
518015208,0.671,-0.305,0.610,0.219,-0.111,1.037,2,1990
518016700,-1.890,1.524,-1.463,-0.296,-0.283,1.021,2,1990
518017201,-1.890,1.524,-1.463,-0.296,-0.283,1.021,2,1990
518018700,-2.378,2.988,3.720,0.271,0.457,1.130,2,1990
518019208,0.915,0.061,0.793,0.234,-0.002,1.025,2,1990
518020700,2.012,-1.402,-2.866,-0.008,-0.582,0.970,2,1990
518021212,-1.220,1.280,-1.707,-0.356,-0.260,1.021,2,1990
518022700,-2.378,3.171,4.207,0.225,0.499,1.134,2,1990
518023207,-2.378,3.171,4.207,0.225,0.499,1.134,2,1990
518024727,1.829,-1.646,-3.049,0.026,-0.592,1.004,2,1990
518025236,-1.220,1.098,-2.378,-0.383,-0.246,0.975,2,1990
518026436,-3.415,3.841,1.646,-0.116,0.386,1.059,2,1990
518027638,-2.744,3.598,4.268,0.179,0.569,1.120,2,2000
518028644,0.488,0.061,0.854,0.288,0.057,1.028,2,2000
518029154,1.463,-1.524,-2.683,0.012,-0.587,0.999,2,2000
518030700,-4.024,3.780,1.890,-0.120,0.343,1.089,2,2000
518031217,-4.024,3.780,1.890,-0.120,0.343,1.089,2,2000
518032699,0.061,0.061,0.976,0.354,0.052,1.039,2,2000
518033217,1.159,-1.707,-2.622,0.009,-0.578,0.997,2,2000
518034699,-0.793,0.793,-2.866,-0.317,-0.300,0.957,2,2000
518035217,-3.902,3.841,1.646,-0.162,0.308,1.107,2,2000
518036699,0.488,0.122,1.402,0.367,0.041,1.062,2,2000
518037217,0.488,0.122,1.402,0.367,0.041,1.062,2,2000
518038237,1.768,-1.524,-2.195,-0.031,-0.499,0.995,2,2000
518039640,-3.415,3.659,1.768,-0.205,0.338,1.127,2,2000
518040633,-2.805,4.085,3.963,0.117,0.656,1.058,2,2000
518041153,0.366,0.488,1.646,0.375,0.052,1.081,2,2000
518042699,-0.427,0.610,-2.866,-0.255,-0.448,0.972,2,2000
518043209,-0.427,0.610,-2.866,-0.255,-0.448,0.972,2,2000
518044699,-3.232,3.841,3.659,0.158,0.634,1.056,2,2000
518045217,-0.122,0.366,2.073,0.374,0.067,1.063,2,2000
518046699,1.707,-1.280,-2.439,-0.010,-0.434,0.975,2,2000
518047210,-0.366,0.610,-2.927,-0.246,-0.519,0.994,2,2000
518048699,-3.537,4.085,1.098,0.151,0.615,1.106,2,2000
518049217,-2.988,4.024,3.537,0.151,0.615,1.106,2,2000
518050699,2.073,-1.220,-2.561,0.059,-0.448,0.979,2,2000
518051218,2.073,-1.220,-2.561,0.059,-0.448,0.979,2,2000
518052699,-3.476,3.659,0.854,-0.249,0.333,1.025,2,2000
518053217,-3.476,3.841,3.780,0.154,0.562,1.102,2,2000
518054710,-0.305,0.915,2.012,0.270,0.230,1.072,2,2000
518055239,1.829,-1.585,-2.134,0.119,-0.491,1.016,2,2000
518056231,-0.305,0.305,-2.866,-0.304,-0.479,0.990,2,2000
518057689,-3.537,4.146,4.207,0.114,0.579,1.116,2,2000
518058192,-3.537,4.146,4.207,0.114,0.579,1.116,2,2000
518059699,1.646,-1.463,-2.073,0.128,-0.534,1.019,2,2000
518060218,-0.427,0.671,-3.110,-0.365,-0.440,1.009,2,2000
518061699,-3.232,3.902,0.488,-0.190,0.241,1.081,2,2000
518062216,-3.780,4.390,4.390,0.083,0.638,1.084,2,2000
518063699,1.768,-1.646,-2.012,0.105,-0.542,1.021,2,2000
518064210,1.768,-1.646,-2.012,0.105,-0.542,1.021,2,2000
518065699,-3.232,3.415,0.549,-0.205,0.210,1.097,2,2000
518066219,-3.902,4.146,4.024,0.069,0.677,1.069,2,2000
518067699,-0.305,0.671,2.317,0.375,0.243,1.049,2,2000
518068215,1.402,-1.707,-1.463,0.072,-0.506,0.992,2,2000
518069699,-3.171,3.293,1.159,-0.204,0.173,1.109,2,2000
518070210,-3.171,3.293,1.159,-0.204,0.173,1.109,2,2000
518071699,-0.244,1.037,2.805,0.391,0.203,1.093,2,2000
518072212,-0.244,1.037,2.805,0.391,0.203,1.093,2,2000
518073699,0.793,-0.183,-3.415,-0.249,-0.526,0.954,2,2000
518074216,-3.049,3.476,0.793,-0.283,0.191,1.110,2,2000
