timestamp_us,gyro_x,gyro_y,gyro_z,accel_x,accel_y,accel_z,motor_id,motor_command
29083282,-0.915,1.524,0.427,-0.001,0.023,1.037,255,48
29084643,-1.220,1.463,0.122,0.003,0.023,1.040,255,48
29085576,-1.159,1.707,0.122,-0.005,0.034,1.036,255,48
29086646,-0.854,1.524,0.366,0.001,0.028,1.038,255,48
29087418,-0.793,1.463,0.305,-0.012,0.023,1.038,255,48
29088644,-0.793,1.402,0.305,0.001,0.025,1.036,255,48
29089381,-0.610,1.585,0.366,0.002,0.025,1.038,255,48
29090643,-1.037,1.524,0.427,0.000,0.034,1.036,255,48
29091364,-1.037,1.524,0.427,0.000,0.034,1.036,255,48
29092643,-1.341,1.646,0.427,-0.008,0.026,1.028,255,48
29093365,-1.341,1.829,0.183,0.004,0.024,1.040,255,48
29094643,-1.280,1.585,0.366,0.000,0.026,1.030,255,48
29095371,-1.220,1.341,0.061,-0.003,0.035,1.035,255,48
29096643,-1.159,1.280,0.122,-0.005,0.030,1.042,255,48
29097366,-1.159,1.280,0.122,-0.005,0.030,1.042,255,48
29098643,-1.037,1.341,0.427,0.000,0.027,1.038,255,48
29099353,-0.793,1.524,0.488,-0.002,0.033,1.043,255,48
29100643,-1.159,1.402,0.549,0.004,0.033,1.035,255,48
29101352,-1.220,1.402,0.549,0.004,0.030,1.041,255,48
29102643,-1.341,1.585,0.610,-0.005,0.031,1.046,255,48
29103362,-1.098,1.524,0.427,0.000,0.034,1.033,255,48
29104643,-1.037,1.524,0.549,-0.010,0.029,1.039,255,48
29105354,-1.037,1.524,0.549,-0.001,0.031,1.037,255,48
29106643,-0.976,1.402,0.488,-0.007,0.030,1.032,255,48
29107388,-0.854,1.280,0.488,-0.000,0.028,1.051,255,48
29108643,-1.037,1.280,0.427,0.003,0.026,1.038,255,48
29109386,-1.098,1.220,0.366,-0.008,0.031,1.036,255,48
29110643,-0.976,1.463,0.488,-0.004,0.024,1.037,255,48
29111363,-0.976,1.463,0.488,-0.004,0.024,1.037,255,48
29112643,-0.793,1.524,0.488,-0.004,0.025,1.033,255,48
29113361,-0.732,1.646,0.488,0.000,0.019,1.039,255,48
29114643,-1.098,1.585,0.610,-0.004,0.034,1.034,255,48
29115362,-1.280,1.585,0.610,-0.004,0.029,1.034,255,48
29116643,-1.220,1.463,0.427,-0.005,0.029,1.041,255,48
29117356,-1.280,1.341,0.305,0.003,0.034,1.040,255,48
29118643,-1.159,1.646,0.671,0.005,0.022,1.033,255,48
29119354,-0.915,1.463,0.671,-0.005,0.029,1.043,255,48
29120643,-1.159,1.707,0.488,0.000,0.029,1.040,255,48
29121365,-0.915,1.524,0.366,-0.002,0.027,1.033,255,48
29122643,-1.159,1.402,0.488,-0.002,0.026,1.043,255,48
29123353,-1.159,1.402,0.488,-0.004,0.032,1.039,255,48
29124643,-1.159,1.280,0.366,-0.009,0.026,1.039,255,48
29125360,-1.159,1.280,0.366,-0.009,0.026,1.039,255,48
29126643,-1.220,1.585,0.366,-0.005,0.024,1.039,255,48
29127360,-1.159,1.707,0.366,0.000,0.027,1.031,255,48
29128643,-1.159,1.463,0.122,-0.000,0.028,1.032,255,48
29129364,-1.220,1.463,0.244,0.001,0.021,1.040,255,48
29130643,-1.220,1.220,0.427,0.001,0.030,1.036,255,48
29131355,-1.220,1.220,0.427,0.001,0.030,1.036,255,48
29132643,-0.854,1.402,0.366,-0.000,0.032,1.032,255,48
29133385,-0.854,1.402,0.183,0.004,0.028,1.032,255,48
29134643,-0.610,1.646,0.488,0.000,0.025,1.040,255,48
29135690,-1.037,1.463,0.305,-0.002,0.030,1.043,255,48
29136643,-1.280,1.463,0.549,-0.003,0.024,1.043,255,58
29137414,-1.220,1.585,0.671,-0.008,0.033,1.042,255,58
29138642,-0.793,1.159,0.488,-0.000,0.023,1.038,255,58
29139376,-1.037,1.463,0.549,0.005,0.029,1.044,255,58
29140642,-0.793,1.646,0.793,0.000,0.027,1.041,255,58
29141355,-0.732,1.524,0.549,-0.006,0.033,1.039,255,58
29142642,-0.915,1.463,0.610,-0.012,0.033,1.039,255,58
29143362,-0.915,1.585,0.610,0.001,0.031,1.039,255,58
29144642,-0.976,1.341,0.244,-0.002,0.022,1.038,255,58
29145414,-0.976,1.341,0.244,-0.002,0.022,1.038,255,58
29146643,-0.915,1.341,0.366,0.001,0.028,1.043,255,58
29147391,-1.220,1.524,0.122,-0.012,0.030,1.036,255,58
29148642,-1.159,1.707,0.244,-0.009,0.023,1.036,255,58
29149361,-0.976,1.524,0.244,-0.007,0.037,1.038,255,58
29150642,-1.098,1.524,0.305,0.000,0.022,1.037,255,58
29151364,-1.159,1.646,0.549,-0.007,0.039,1.032,255,58
29152642,-1.037,1.524,0.427,-0.007,0.039,1.037,255,58
29153353,-1.220,1.585,0.305,-0.010,0.024,1.041,255,58
29154642,-1.280,1.463,0.183,-0.001,0.028,1.040,255,58
29155368,-1.220,1.220,0.366,-0.005,0.030,1.044,255,58
29156642,-1.159,1.341,0.244,-0.014,0.020,1.037,255,58
29157359,-0.976,1.341,0.549,-0.001,0.027,1.041,255,58
29158642,-1.037,1.707,0.183,-0.005,0.036,1.036,255,58
29159390,-1.037,1.707,0.183,-0.005,0.036,1.036,255,58
29160642,-1.037,1.341,0.488,0.001,0.027,1.033,255,58
29161409,-0.976,1.341,0.427,-0.005,0.031,1.038,255,58
29162642,-1.220,1.463,0.427,-0.006,0.030,1.031,255,58
29163386,-1.098,1.463,0.427,-0.002,0.028,1.032,255,58
29164642,-1.159,1.524,0.366,0.006,0.023,1.041,255,58
29165367,-1.159,1.524,0.366,0.006,0.023,1.041,255,58
29166642,-1.402,1.768,0.427,-0.001,0.027,1.039,255,58
29167358,-1.098,1.463,0.244,0.000,0.039,1.039,255,58
29168642,-1.402,1.463,0.610,-0.005,0.030,1.041,255,58
29169368,-1.159,1.524,0.732,0.002,0.025,1.035,255,58
29170642,-0.915,1.585,0.671,-0.001,0.028,1.039,255,58
29171390,-0.976,1.585,0.549,-0.006,0.030,1.031,255,58
29172642,-1.098,1.341,0.305,-0.003,0.029,1.036,255,58
29173381,-1.037,1.585,0.427,0.005,0.026,1.038,255,58
29174642,-1.098,1.646,0.549,-0.000,0.028,1.036,255,58
29175378,-0.854,1.707,0.610,-0.007,0.031,1.040,255,58
29176642,-1.098,1.585,0.366,0.000,0.022,1.039,255,58
29177367,-1.098,1.341,0.427,0.002,0.030,1.040,255,58
29178642,-0.854,1.402,0.183,-0.006,0.021,1.042,255,58
29179377,-0.854,1.402,0.183,-0.006,0.021,1.042,255,58
29180642,-0.915,1.402,0.488,0.002,0.023,1.042,255,58
29181355,-1.098,1.463,0.427,-0.001,0.033,1.040,255,58
29182642,-1.098,1.098,0.305,0.006,0.023,1.036,255,58
29183737,-0.976,1.220,0.366,-0.005,0.028,1.038,255,58
29184642,-0.854,1.585,0.549,0.000,0.036,1.030,255,68
29185424,-0.793,1.463,0.488,0.002,0.027,1.034,255,68
29186639,-0.915,1.646,0.732,-0.000,0.034,1.035,255,68
29187375,-0.915,1.402,0.732,-0.003,0.026,1.040,255,68
29188640,-0.976,1.524,0.610,0.001,0.034,1.043,255,68
29189403,-0.732,1.524,0.488,0.000,0.029,1.043,255,68
29190640,-0.915,1.463,0.427,0.003,0.027,1.036,255,68
29191392,-1.037,1.280,0.671,0.002,0.023,1.038,255,68
29192639,-1.402,1.463,0.488,0.003,0.028,1.036,255,68
29193377,-1.402,1.463,0.488,0.003,0.028,1.036,255,68
29194640,-1.037,1.524,0.732,-0.004,0.027,1.042,255,68
29195362,-1.220,1.463,0.488,-0.003,0.028,1.040,255,68
29196639,-1.341,1.402,0.061,-0.003,0.031,1.031,255,68
29197365,-1.037,1.585,0.305,0.000,0.027,1.033,255,68
29198639,-1.037,1.524,0.488,-0.002,0.033,1.034,255,68
29199365,-1.037,1.524,0.488,-0.002,0.033,1.034,255,68
29200639,-0.976,1.280,0.244,-0.000,0.027,1.035,255,68
29201370,-1.159,1.524,0.183,0.002,0.031,1.042,255,68
29202639,-1.159,1.463,0.427,-0.003,0.028,1.038,255,68
29203361,-1.098,1.402,0.305,0.000,0.034,1.038,255,68
29204639,-1.280,1.707,0.244,-0.001,0.028,1.039,255,68
29205394,-1.341,1.707,0.061,0.002,0.028,1.042,255,68
29206640,-1.037,1.524,0.305,-0.005,0.028,1.040,255,68
29207383,-1.098,1.159,0.549,-0.004,0.034,1.044,255,68
29208639,-1.159,1.098,0.427,0.002,0.021,1.039,255,68
29209371,-1.280,1.280,0.488,-0.001,0.028,1.036,255,68
29210640,-1.037,1.646,0.366,-0.001,0.029,1.046,255,68
29211393,-0.976,1.646,0.244,-0.004,0.031,1.030,255,68
29212640,-1.341,1.585,0.183,0.001,0.030,1.039,255,68
29213404,-1.341,1.585,0.183,0.001,0.030,1.039,255,68
29214640,-1.220,1.524,0.366,-0.000,0.028,1.042,255,68
29215409,-0.915,1.585,0.366,-0.004,0.034,1.035,255,68
29216640,-0.854,1.463,0.488,-0.002,0.033,1.038,255,68
29217373,-0.915,1.646,0.427,0.001,0.028,1.041,255,68
29218640,-0.915,1.524,0.671,0.000,0.030,1.040,255,68
29219404,-1.280,1.585,0.549,-0.002,0.031,1.041,255,68
29220640,-0.854,1.463,0.610,-0.004,0.029,1.042,255,68
29221378,-0.976,1.402,0.427,0.003,0.024,1.038,255,68
29222639,-0.915,1.463,0.610,-0.002,0.021,1.036,255,68
29223367,-1.280,1.463,0.549,0.000,0.025,1.031,255,68
29224639,-1.524,1.585,0.488,0.001,0.030,1.043,255,68
29225389,-1.280,1.585,0.854,-0.003,0.024,1.039,255,68
29226640,-1.585,1.463,0.305,0.001,0.030,1.042,255,68
29227416,-1.585,1.463,0.305,0.001,0.030,1.042,255,68
29228640,-0.976,1.463,0.427,0.000,0.027,1.038,255,68
29229395,-0.732,1.646,0.549,-0.003,0.027,1.036,255,68
29230640,-0.793,1.585,0.610,0.000,0.034,1.046,255,68
29231387,-0.854,1.646,0.366,0.004,0.027,1.039,255,68
29232661,-0.854,1.463,0.732,0.003,0.020,1.041,255,68
29233718,-1.037,1.463,0.610,0.009,0.029,1.032,255,68
29234641,-1.098,1.402,0.610,-0.001,0.028,1.033,255,77
29235413,-1.037,1.585,0.244,0.003,0.031,1.038,255,77
29236639,-1.159,1.524,0.183,-0.004,0.025,1.038,255,77
29237377,-1.402,1.341,0.488,-0.009,0.027,1.039,255,77
29238640,-1.037,1.341,0.610,0.000,0.029,1.035,255,77
29239371,-0.915,1.402,0.671,-0.001,0.038,1.044,255,77
29240639,-1.098,1.646,0.488,-0.020,0.043,1.045,255,77
29241440,-1.159,1.280,0.427,-0.034,0.034,1.037,255,77
29242641,-1.220,1.220,0.366,0.038,0.008,1.035,255,77
29243395,-1.463,1.524,0.671,0.019,0.028,1.040,255,77
29244639,-1.341,1.707,0.610,0.021,0.002,1.039,255,77
29245366,-1.159,1.402,0.488,0.016,0.027,1.033,255,77
29246639,-0.488,1.585,0.610,-0.017,0.021,1.037,255,77
29247371,-0.488,1.585,0.610,-0.017,0.021,1.037,255,77
29248639,-0.976,1.585,0.610,-0.014,0.039,1.038,255,77
29249373,-0.854,1.524,0.732,-0.013,0.039,1.038,255,77
29250640,-0.976,1.402,0.610,-0.012,0.051,1.030,255,77
29251371,-1.280,1.159,0.427,-0.012,0.048,1.042,255,77
29252640,-1.280,0.976,0.305,0.006,0.042,1.041,255,77
29253368,-1.220,1.098,0.366,-0.002,0.038,1.040,255,77
29254639,-1.220,1.280,0.305,0.011,0.019,1.040,255,77
29255375,-1.159,1.402,0.305,0.017,0.013,1.040,255,77
29256640,-1.098,1.585,0.183,0.006,0.011,1.041,255,77
29257369,-0.976,1.463,-0.122,0.003,0.011,1.043,255,77
29258639,-1.098,1.463,-0.061,-0.007,0.027,1.034,255,77
29259373,-0.854,1.646,0.061,-0.013,0.027,1.040,255,77
29260640,-0.610,1.585,0.244,-0.016,0.036,1.042,255,77
29261369,-0.610,1.585,0.244,-0.016,0.036,1.042,255,77
29262639,-0.732,1.524,0.305,0.000,0.036,1.035,255,77
29263379,-0.854,1.280,0.610,-0.019,0.042,1.047,255,77
29264640,-1.341,1.220,0.549,-0.005,0.027,1.040,255,77
29265381,-1.585,1.159,0.488,-0.004,0.029,1.040,255,77
29266639,-1.463,1.098,0.549,0.022,0.014,1.044,255,77
29267376,-0.976,1.159,0.793,0.022,0.014,1.044,255,77
29268640,-1.159,1.463,0.854,0.024,0.015,1.048,255,77
29269369,-0.671,1.829,0.915,0.014,0.022,1.038,255,77
29270640,-0.976,1.768,0.854,-0.001,0.027,1.041,255,77
29271401,-1.220,1.829,0.671,-0.015,0.051,1.047,255,77
29272640,-1.098,2.012,0.671,-0.040,0.002,1.022,255,77
29273396,-1.098,2.195,1.037,-0.021,0.047,1.035,255,77
29274639,-0.976,1.341,0.366,-0.028,0.032,1.036,255,77
29275377,-1.037,1.341,0.366,-0.019,0.033,1.052,255,77
29276640,-1.098,1.220,0.488,0.033,0.031,1.030,255,77
29277380,-1.098,1.341,0.366,-0.036,0.035,1.017,255,77
29278640,-1.098,1.524,0.610,-0.021,0.040,1.059,255,77
29279373,-0.976,1.098,0.549,0.043,0.012,1.029,255,77
29280639,-1.159,1.220,0.549,0.021,0.025,1.059,255,77
29281374,-1.159,1.220,0.549,0.021,0.025,1.059,255,77
29282662,-1.463,1.585,0.549,-0.014,0.020,1.034,255,77
29283727,-1.280,1.707,0.671,-0.010,0.025,1.043,255,77
29284641,-1.098,1.707,0.671,0.002,0.016,1.029,255,87
29285404,-1.402,1.707,0.549,-0.037,0.039,1.038,255,87
29286639,-1.159,1.768,0.549,-0.021,0.046,1.041,255,87
29287376,-0.610,1.829,0.549,0.031,0.032,1.053,255,87
29288640,-1.524,1.585,0.183,-0.009,0.016,1.024,255,87
29289367,-1.220,1.585,0.061,-0.012,0.029,1.028,255,87
29290639,-1.280,1.585,0.549,-0.027,0.045,1.049,255,87
29291372,-1.220,1.280,0.671,-0.006,0.043,1.053,255,87
29292640,-1.037,1.098,0.427,0.021,0.033,1.043,255,87
29293367,-1.341,1.341,0.549,0.035,0.010,1.046,255,87
29294639,-1.037,1.585,0.366,-0.005,0.022,1.041,255,87
29295372,-1.037,1.585,0.366,-0.005,0.022,1.041,255,87
29296640,-0.854,1.707,0.671,-0.028,0.046,1.041,255,87
29297366,-0.854,1.463,0.671,0.000,0.044,1.053,255,87
29298639,-1.098,1.463,0.549,0.025,0.026,1.026,255,87
29299366,-1.220,1.524,0.305,-0.012,0.022,1.048,255,87
29300639,-1.037,1.890,0.305,-0.007,0.029,1.042,255,87
29301372,-1.037,1.707,0.427,-0.007,0.029,1.042,255,87
29302640,-0.854,1.463,0.610,0.001,0.024,1.048,255,87
29303432,-0.915,1.280,0.488,0.002,0.037,1.030,255,87
29304641,-1.037,1.280,0.427,0.014,0.026,1.046,255,87
29305403,-1.098,1.463,0.488,0.018,0.019,1.036,255,87
29306639,-1.220,1.585,0.488,0.017,0.014,1.047,255,87
29307375,-1.098,1.524,0.427,-0.020,0.008,1.041,255,87
29308639,-1.098,1.707,0.732,0.006,0.057,1.039,255,87
29309367,-1.098,1.707,0.732,0.006,0.057,1.039,255,87
29310639,-1.280,1.280,0.610,-0.001,0.027,1.045,255,87
29311370,-1.280,1.402,0.671,0.018,0.010,1.027,255,87
29312639,-1.341,1.463,0.671,-0.026,0.026,1.038,255,87
29313362,-1.280,1.463,0.549,0.003,0.026,1.044,255,87
29314639,-0.976,1.646,0.732,0.025,0.002,1.049,255,87
29315365,-0.976,1.646,0.732,0.025,0.002,1.049,255,87
29316639,-0.732,1.829,0.427,-0.017,0.020,1.032,255,87
29317371,-0.671,1.707,0.732,0.007,0.048,1.038,255,87
29318640,-0.732,1.646,0.671,0.007,0.056,1.036,255,87
29319366,-0.366,1.707,0.610,-0.005,0.041,1.035,255,87
29320640,-0.915,1.524,0.366,-0.020,0.035,1.047,255,87
29321374,-1.341,1.524,0.488,-0.042,0.059,1.025,255,87
29322640,-1.402,1.159,0.427,-0.010,0.060,1.039,255,87
29323370,-1.463,1.159,0.488,0.022,0.014,1.045,255,87
29324639,-1.524,1.402,0.732,0.005,0.011,1.023,255,87
29325372,-1.585,1.463,0.671,-0.005,0.017,1.027,255,87
29326640,-1.707,1.402,0.671,0.005,0.004,1.051,255,87
29327367,-1.585,1.585,0.610,0.005,0.027,1.041,255,87
29328640,-0.793,1.646,0.732,0.027,0.029,1.030,255,87
29329373,-0.793,1.646,0.732,0.027,0.029,1.030,255,87
29330639,-0.549,1.768,0.732,-0.025,0.035,1.036,255,87
29331369,-0.610,1.707,0.427,-0.037,0.035,1.042,255,87
29332639,-0.915,1.585,0.488,-0.022,0.036,1.039,255,87
29333389,-0.915,1.341,0.305,-0.016,0.038,1.036,255,87
29334639,-1.098,1.098,0.244,0.005,0.060,1.055,255,87
29335700,-1.037,1.098,0.305,-0.003,0.040,1.041,255,87
29336641,-1.037,1.037,0.549,0.013,0.027,1.045,255,97
29337410,-1.159,1.037,0.610,0.021,0.039,1.038,255,97
29338639,-1.280,1.037,0.549,0.007,0.017,1.032,255,97
29339377,-1.524,1.341,0.610,0.016,0.021,1.046,255,97
29340640,-1.524,1.585,0.671,0.017,0.002,1.043,255,97
29341373,-1.524,1.829,0.549,0.023,0.025,1.067,255,97
29342639,-0.976,2.073,0.427,-0.012,0.043,1.028,255,97
29343379,-0.976,2.073,0.427,-0.011,0.016,1.041,255,97
29344640,-0.610,1.951,0.305,-0.040,0.034,1.034,255,97
29345369,-0.732,1.890,0.488,-0.021,0.025,1.046,255,97
29346639,-0.671,1.768,0.549,-0.014,0.061,1.027,255,97
29347371,-1.037,1.341,0.244,-0.034,0.041,1.031,255,97
29348639,-0.976,1.159,0.549,0.011,0.040,1.037,255,97
29349372,-0.976,1.159,0.549,0.011,0.040,1.037,255,97
29350640,-1.037,0.976,0.488,-0.003,0.042,1.043,255,97
29351367,-1.280,1.220,0.244,0.031,0.021,1.036,255,97
29352640,-1.341,1.280,0.488,0.006,0.024,1.039,255,97
29353380,-1.037,1.707,0.610,0.020,0.020,1.038,255,97
29354639,-0.793,1.829,0.671,0.036,0.003,1.037,255,97
29355373,-1.037,1.707,0.488,-0.018,0.033,1.049,255,97
29356640,-0.976,1.829,0.427,-0.023,0.026,1.016,255,97
29357378,-0.915,1.646,0.671,0.003,0.018,1.053,255,97
29358640,-0.854,1.585,0.366,-0.028,0.014,1.049,255,97
29359368,-0.915,1.646,0.427,-0.022,0.038,1.035,255,97
29360640,-0.427,1.463,0.488,-0.013,0.037,1.026,255,97
29361374,-0.610,1.341,0.366,-0.008,0.044,1.026,255,97
29362640,-0.976,1.159,0.488,-0.005,0.021,1.040,255,97
29363365,-0.976,1.159,0.488,-0.005,0.021,1.040,255,97
29364640,-1.098,1.280,0.488,0.032,0.043,1.036,255,97
29365373,-1.037,1.159,0.061,0.037,0.040,1.039,255,97
29366639,-1.341,1.524,0.061,0.030,0.013,1.047,255,97
29367368,-1.341,1.646,0.122,-0.010,0.019,1.036,255,97
29368639,-1.341,1.585,0.305,-0.006,0.040,1.047,255,97
29369381,-1.341,1.646,0.488,-0.006,0.040,1.047,255,97
29370640,-0.793,1.768,0.244,-0.005,0.011,1.039,255,97
29371366,-1.037,1.768,0.610,-0.038,0.014,1.029,255,97
29372639,-1.341,1.829,0.427,-0.060,0.029,1.038,255,97
29373381,-1.280,1.768,0.610,-0.008,0.037,1.040,255,97
29374640,-1.463,1.341,0.488,-0.006,0.032,1.039,255,97
29375369,-1.220,1.280,0.488,0.024,0.020,1.044,255,97
29376639,-0.732,1.220,0.000,0.014,0.024,1.035,255,97
29377376,-0.732,1.220,0.000,0.014,0.024,1.035,255,97
29378640,-0.793,1.829,0.549,0.023,0.044,1.045,255,97
29379370,-0.793,1.707,0.305,0.031,0.024,1.048,255,97
29380640,-1.220,1.646,0.000,-0.004,0.039,1.024,255,97
29381368,-1.037,1.585,0.183,-0.027,0.038,1.046,255,97
29382639,-1.341,1.768,0.183,-0.029,0.041,1.032,255,97
29383404,-1.341,1.768,0.183,-0.029,0.041,1.032,255,97
29384639,-1.646,1.524,0.244,0.005,0.012,1.036,255,97
29385691,-1.768,1.829,0.122,-0.023,0.019,1.036,255,97
29386642,-1.463,1.341,0.488,-0.022,0.016,1.035,255,107
29387408,-1.220,1.037,0.610,0.015,0.020,1.051,255,107
29388639,-1.280,1.159,0.488,0.011,0.027,1.042,255,107
29389378,-0.976,1.341,0.366,0.032,0.022,1.038,255,107
29390639,-1.037,1.524,0.366,-0.011,0.028,1.037,255,107
29391368,-0.671,1.707,0.488,-0.013,0.036,1.054,255,107
29392639,-0.549,1.646,0.366,-0.003,0.035,1.042,255,107
29393375,-0.488,1.524,0.427,0.008,0.053,1.038,255,107
29394640,-0.488,1.402,0.427,0.010,0.035,1.014,255,107
29395367,-0.854,1.524,0.366,-0.026,0.056,1.037,255,107
29396640,-1.098,1.646,0.610,-0.034,0.038,1.032,255,107
29397371,-1.098,1.646,0.610,-0.034,0.038,1.032,255,107
29398640,-1.159,1.768,0.671,-0.003,0.027,1.042,255,107
29399368,-1.463,1.463,0.549,0.018,0.022,1.044,255,107
29400640,-1.280,1.341,0.610,0.013,0.003,1.033,255,107
29401374,-1.280,1.402,0.549,0.016,0.016,1.025,255,107
29402639,-0.915,1.280,0.549,0.027,0.014,1.035,255,107
29403366,-0.732,1.341,0.183,0.000,0.026,1.048,255,107
29404639,-0.915,1.646,0.549,-0.025,0.026,1.019,255,107
29405372,-0.610,1.707,0.305,0.006,0.041,1.039,255,107
29406640,-0.610,1.585,0.061,-0.014,0.041,1.022,255,107
29407377,-0.732,1.402,0.122,-0.023,0.051,1.048,255,107
29408640,-0.854,1.585,0.183,-0.009,0.017,1.042,255,107
29409375,-1.220,1.707,0.366,-0.026,0.049,1.035,255,107
29410640,-1.280,1.098,0.244,-0.015,0.034,1.027,255,107
29411370,-1.280,1.098,0.244,-0.015,0.034,1.027,255,107
29412640,-1.341,1.220,0.244,0.041,0.002,1.018,255,107
29413375,-1.220,1.585,0.671,0.018,0.038,1.050,255,107
29414639,-1.341,1.707,0.671,0.021,-0.006,1.043,255,107
29415366,-1.159,1.890,0.427,-0.014,0.008,1.053,255,107
29416639,-1.098,1.768,0.732,0.034,0.036,1.042,255,107
29417368,-1.098,1.768,0.732,0.034,0.036,1.042,255,107
29418639,-0.793,1.890,0.488,-0.012,0.015,1.041,255,107
29419366,-1.037,1.402,0.183,-0.030,0.025,1.056,255,107
29420639,-1.159,1.463,0.061,-0.013,0.047,1.023,255,107
29421371,-0.854,1.463,0.488,-0.020,0.044,1.056,255,107
29422640,-0.793,1.341,0.488,-0.012,0.032,1.033,255,107
29423373,-0.854,1.098,0.305,-0.032,0.037,1.041,255,107
29424640,-1.280,1.280,0.488,0.018,0.022,1.049,255,107
29425369,-1.402,1.402,0.732,0.006,0.034,1.045,255,107
29426639,-1.280,1.280,0.488,0.011,0.007,1.042,255,107
29427370,-0.976,1.463,0.427,0.026,0.039,1.035,255,107
29428639,-1.280,1.524,0.549,0.032,0.017,1.040,255,107
29429369,-1.220,1.585,0.610,0.000,0.024,1.062,255,107
29430639,-1.037,1.890,0.366,-0.018,0.037,1.028,255,107
29431459,-0.915,2.073,0.427,-0.016,0.035,1.050,255,107
29432640,-0.976,1.829,0.183,-0.026,0.024,1.038,255,107
29433734,-0.915,1.646,0.427,-0.037,0.038,1.026,255,107
29434641,-0.671,1.463,0.244,-0.021,0.027,1.035,255,116
29435396,-1.098,1.280,0.305,-0.001,0.053,1.034,255,116
29436639,-1.098,1.037,0.488,0.024,0.039,1.033,255,116
29437439,-1.220,0.976,0.366,-0.013,0.038,1.042,255,116
29438640,-1.402,1.402,0.671,-0.010,0.017,1.047,255,116
29439391,-1.585,1.341,0.549,0.042,0.026,1.024,255,116
29440639,-1.646,1.341,0.671,0.046,0.034,1.034,255,116
29441382,-1.341,1.280,0.244,-0.003,0.003,1.035,255,116
29442640,-1.220,1.585,0.183,-0.014,0.009,1.048,255,116
29443374,-1.098,1.707,0.366,0.011,0.024,1.035,255,116
29444640,-0.915,1.707,0.732,-0.012,0.025,1.043,255,116
29445374,-0.915,1.707,0.732,-0.012,0.025,1.043,255,116
29446640,-1.159,1.707,0.488,0.007,0.041,1.040,255,116
29447373,-1.220,1.463,0.488,-0.012,0.029,1.025,255,116
29448640,-1.280,1.463,0.610,-0.031,0.059,1.040,255,116
29449382,-1.280,1.159,0.549,-0.019,0.040,1.060,255,116
29450639,-1.280,1.280,0.366,-0.003,0.034,1.033,255,116
29451373,-1.280,1.280,0.366,-0.003,0.034,1.033,255,116
29452640,-1.402,1.159,0.671,0.017,0.023,1.036,255,116
29453374,-1.341,1.402,0.854,0.017,-0.008,1.041,255,116
29454639,-0.854,1.220,0.549,0.003,0.009,1.035,255,116
29455373,-0.854,1.524,0.427,0.020,0.022,1.039,255,116
29456640,-0.976,1.585,0.488,0.011,0.048,1.045,255,116
29457378,-0.793,1.890,0.305,-0.006,0.024,1.045,255,116
29458639,-1.159,2.134,0.244,-0.003,0.027,1.023,255,116
29459370,-0.793,1.646,0.366,0.000,0.063,1.024,255,116
29460639,-0.732,1.768,0.366,-0.026,0.052,1.046,255,116
29461380,-0.976,1.402,0.427,-0.057,0.042,1.041,255,116
29462640,-1.159,1.280,0.366,-0.029,0.021,1.042,255,116
29463375,-1.341,1.159,0.610,0.018,0.040,1.038,255,116
29464639,-1.280,1.159,0.610,0.020,0.017,1.019,255,116
29465378,-1.280,1.159,0.610,0.020,0.017,1.019,255,116
29466640,-1.037,1.280,0.305,0.019,0.017,1.022,255,116
29467375,-0.915,1.341,0.122,0.042,0.021,1.046,255,116
29468640,-0.976,1.524,0.244,-0.013,0.033,1.055,255,116
29469380,-0.793,1.585,0.305,-0.006,0.001,1.033,255,116
29470640,-0.976,1.646,0.427,-0.003,0.031,1.056,255,116
29471412,-0.854,1.890,0.610,-0.002,0.058,1.009,255,116
29472640,-1.159,1.646,0.732,-0.066,0.040,1.026,255,116
29473381,-1.098,1.341,0.427,-0.037,0.028,1.056,255,116
29474639,-0.915,1.524,0.610,0.003,0.058,1.021,255,116
29475374,-1.280,1.159,0.854,0.006,0.030,1.043,255,116
29476640,-1.463,1.220,0.732,0.000,0.012,1.035,255,116
29477376,-1.341,1.220,0.732,0.030,0.020,1.030,255,116
29478640,-0.915,1.280,0.610,0.040,0.013,1.033,255,116
29479380,-0.915,1.280,0.610,0.040,0.013,1.033,255,116
29480640,-0.854,1.646,0.488,-0.006,0.023,1.028,255,116
29481373,-1.037,1.829,0.427,0.002,0.026,1.052,255,116
29482662,-0.915,2.134,0.305,-0.009,0.035,1.033,255,116
29483737,-0.915,1.890,0.305,-0.030,0.032,1.045,255,116
29484641,-0.488,1.524,0.427,-0.026,0.060,1.026,255,126
29485408,-0.488,1.524,0.427,-0.026,0.060,1.026,255,126
29486639,-0.915,0.976,0.732,-0.017,0.032,1.038,255,126
29487378,-0.976,1.037,0.610,0.006,0.030,1.022,255,126
29488640,-1.280,1.098,0.671,0.045,0.033,1.043,255,126
29489369,-1.280,1.280,0.549,0.031,-0.007,1.055,255,126
29490639,-1.524,1.463,0.732,0.028,0.018,1.028,255,126
29491377,-1.524,1.524,0.793,0.016,0.017,1.046,255,126
29492640,-0.671,1.707,0.305,0.010,0.024,1.048,255,126
29493366,-0.488,1.768,0.427,-0.007,0.036,1.026,255,126
29494639,-0.488,1.890,0.366,-0.056,0.039,1.034,255,126
29495370,-0.610,1.829,0.427,-0.039,0.040,1.026,255,126
29496639,-0.854,1.646,0.488,0.006,0.058,1.038,255,126
29497373,-0.976,1.646,0.427,-0.026,0.049,1.043,255,126
29498640,-1.220,1.159,0.427,0.030,0.044,1.027,255,126
29499369,-1.220,1.159,0.427,0.030,0.044,1.027,255,126
29500640,-1.220,1.280,0.610,0.002,0.013,1.056,255,126
29501374,-0.915,1.159,0.488,0.009,0.003,1.026,255,126
29502640,-1.098,1.280,0.549,0.023,0.030,1.038,255,126
29503369,-0.793,1.768,0.366,-0.003,0.005,1.041,255,126
29504639,-0.915,1.585,0.122,-0.016,-0.011,1.061,255,126
29505372,-0.976,1.646,0.305,-0.008,0.034,1.026,255,126
29506639,-0.976,1.341,0.244,-0.023,0.013,1.045,255,126
29507366,-1.280,1.280,0.183,-0.005,0.031,1.038,255,126
29508639,-1.341,1.524,0.549,-0.016,0.078,1.022,255,126
29509376,-0.732,1.646,0.610,0.023,0.052,1.035,255,126
29510640,-1.037,1.341,0.671,0.000,0.036,1.035,255,126
29511374,-1.098,1.402,0.366,0.016,0.042,1.043,255,126
29512640,-1.220,1.707,0.488,0.017,0.029,1.027,255,126
29513374,-1.220,1.707,0.488,0.017,0.029,1.027,255,126
29514640,-1.463,1.341,0.183,-0.034,0.010,1.046,255,126
29515371,-1.280,1.402,0.305,-0.000,0.001,1.056,255,126
29516640,-0.976,1.402,0.366,0.032,0.014,1.016,255,126
29517436,-1.098,1.524,0.427,-0.010,0.038,1.061,255,126
29518640,-0.915,1.585,0.061,0.017,0.048,1.032,255,126
29519397,-0.915,1.585,0.061,0.017,0.048,1.032,255,126
29520639,-1.159,1.646,0.244,-0.025,0.048,1.048,255,126
29521374,-1.159,1.585,0.122,0.002,0.046,1.030,255,126
29522640,-1.402,1.707,0.183,-0.031,0.044,1.041,255,126
29523375,-1.341,1.646,0.122,-0.011,-0.008,1.039,255,126
29524640,-1.280,1.280,0.183,-0.002,0.008,1.033,255,126
29525372,-1.220,1.341,0.305,-0.007,0.021,1.017,255,126
29526640,-1.220,1.220,0.671,0.030,0.004,1.048,255,126
29527378,-0.854,1.280,0.427,0.023,0.026,1.024,255,126
29528639,-0.793,1.524,0.427,0.012,0.055,1.029,255,126
29529366,-0.671,1.463,0.183,0.038,0.028,1.042,255,126
29530639,-0.671,1.585,0.305,-0.009,0.026,1.042,255,126
29531379,-0.915,1.707,0.122,-0.023,0.049,1.018,255,126
29532640,-0.976,1.585,0.183,-0.007,-0.003,1.039,255,126
29533738,-1.402,1.768,0.122,-0.037,0.034,1.026,255,126
29534641,-1.280,1.890,0.122,-0.002,0.044,1.023,255,136
29535391,-1.220,1.707,0.244,-0.033,0.008,1.050,255,136
29536639,-1.524,1.524,0.183,-0.008,0.009,1.045,255,136
29537368,-1.341,1.159,0.427,0.019,0.077,1.025,255,136
29538639,-1.098,1.037,0.610,0.037,0.030,1.048,255,136
29539368,-0.915,1.463,0.610,-0.006,0.007,1.056,255,136
29540639,-1.159,1.524,0.488,0.024,0.033,1.027,255,136
29541365,-0.976,1.524,0.549,-0.008,0.003,1.053,255,136
29542639,-1.159,1.463,0.122,-0.002,0.044,1.032,255,136
29543366,-0.793,1.768,0.122,0.009,0.016,1.031,255,136
29544640,-1.037,1.890,-0.061,-0.044,0.020,1.048,255,136
29545371,-0.854,2.012,0.000,-0.055,0.048,1.057,255,136
29546639,-0.915,1.463,0.122,-0.036,0.049,1.038,255,136
29547377,-0.915,1.463,0.122,-0.036,0.049,1.038,255,136
29548640,-1.159,0.976,0.427,0.028,0.039,1.060,255,136
29549366,-1.280,0.915,0.244,0.048,0.041,0.968,255,136
29550640,-1.402,1.341,0.366,-0.015,0.034,1.094,255,136
29551370,-1.341,1.646,0.366,0.021,0.005,1.045,255,136
29552639,-1.707,1.707,0.244,-0.056,0.027,1.004,255,136
29553374,-1.707,1.707,0.244,-0.056,0.027,1.004,255,136
29554640,-0.976,1.524,0.427,0.030,0.011,1.053,255,136
29555370,-0.854,1.707,0.244,-0.063,0.022,1.030,255,136
29556639,-0.915,1.585,0.122,-0.023,0.007,1.054,255,136
29557367,-0.915,1.280,0.366,0.041,0.088,1.010,255,136
29558640,-1.098,1.220,0.305,-0.003,0.050,1.049,255,136
29559357,-1.037,1.220,0.366,-0.023,0.047,1.037,255,136
29560639,-1.341,1.220,0.305,0.021,0.034,1.009,255,136
29561371,-1.524,1.524,0.305,-0.064,0.023,1.037,255,136
29562640,-1.341,1.585,0.244,-0.016,0.014,1.039,255,136
29563371,-1.280,1.463,0.549,0.044,0.010,1.036,255,136
29564640,-1.159,1.402,0.244,-0.009,-0.004,1.022,255,136
29565373,-1.037,1.220,0.183,-0.011,0.032,1.027,255,136
29566640,-0.793,1.341,0.427,0.013,0.051,1.019,255,136
29567369,-0.793,1.341,0.427,0.013,0.051,1.019,255,136
29568639,-1.037,1.585,0.488,0.002,0.026,1.038,255,136
29569367,-1.159,1.524,0.366,-0.027,0.012,1.035,255,136
29570639,-1.585,1.707,0.366,-0.072,0.043,1.031,255,136
29571380,-1.402,1.402,0.366,0.026,0.028,1.026,255,136
29572640,-1.280,1.159,0.244,0.017,0.014,1.034,255,136
29573370,-1.159,1.098,0.183,-0.040,0.032,1.057,255,136
29574639,-0.854,1.524,0.610,0.032,0.034,1.019,255,136
29575374,-0.976,1.707,0.366,-0.038,0.020,1.041,255,136
29576640,-0.976,1.951,0.183,0.005,0.015,1.059,255,136
29577368,-1.159,1.341,0.427,0.003,0.017,1.030,255,136
29578640,-1.159,1.037,0.488,-0.018,0.035,1.038,255,136
29579370,-0.976,1.280,0.671,-0.033,0.042,1.037,255,136
29580640,-0.732,1.707,0.427,0.011,0.033,1.058,255,136
29581369,-0.732,1.707,0.427,0.011,0.033,1.058,255,136
29582639,-1.159,1.585,0.488,0.029,0.037,1.053,255,136
29583722,-1.220,1.829,0.427,-0.019,-0.005,1.018,255,136
29584641,-0.915,1.768,0.183,-0.029,0.041,1.039,255,146
29585402,-0.854,1.280,0.793,0.005,0.031,1.043,255,146
29586639,-1.341,1.220,0.244,-0.071,0.042,1.036,255,146
29587373,-1.341,1.220,0.244,-0.071,0.042,1.036,255,146
29588640,-1.098,1.463,0.793,0.011,0.010,1.062,255,146
29589373,-0.915,1.707,0.488,-0.027,0.036,1.023,255,146
29590640,-1.159,1.768,0.244,0.034,0.021,1.045,255,146
29591370,-1.463,1.707,0.244,0.010,0.047,1.014,255,146
29592639,-1.524,1.341,0.488,0.006,0.032,1.077,255,146
29593369,-1.341,1.402,0.671,-0.004,0.008,1.018,255,146
29594639,-1.037,1.707,0.732,-0.025,0.031,1.036,255,146
29595370,-1.037,1.707,0.610,-0.028,0.042,1.040,255,146
29596640,-0.976,1.402,0.671,-0.025,0.010,1.058,255,146
29597370,-0.915,1.220,0.610,0.025,0.025,1.014,255,146
29598639,-1.159,1.037,0.549,-0.012,0.037,1.055,255,146
29599370,-1.098,1.159,0.732,0.014,0.035,1.017,255,146
29600639,-1.159,1.280,0.427,0.001,0.046,1.024,255,146
29601440,-1.159,1.280,0.427,0.001,0.046,1.024,255,146
29602640,-0.915,1.768,0.610,-0.025,0.031,1.032,255,146
29603419,-1.037,1.829,0.549,-0.020,0.005,1.033,255,146
29604640,-0.854,1.585,0.671,0.001,0.021,1.038,255,146
29605385,-0.671,1.341,0.549,0.010,0.034,1.035,255,146
29606639,-0.915,1.402,0.671,-0.016,0.007,1.047,255,146
29607371,-0.915,1.402,0.854,-0.003,0.059,1.025,255,146
29608640,-1.159,1.159,0.793,-0.010,0.043,1.018,255,146
29609370,-1.037,1.341,0.854,-0.018,0.030,1.048,255,146
29610639,-1.159,1.159,0.671,0.037,0.045,1.026,255,146
29611373,-0.976,1.463,0.793,-0.030,0.040,1.038,255,146
29612640,-1.098,1.646,0.915,-0.001,0.012,1.038,255,146
29613378,-1.098,1.524,0.732,0.000,0.043,1.033,255,146
29614640,-1.037,1.585,0.732,-0.018,0.030,1.051,255,146
29615373,-1.037,1.585,0.732,-0.018,0.030,1.051,255,146
29616640,-0.732,1.280,0.610,-0.017,0.020,1.034,255,146
29617375,-0.915,1.402,0.610,0.025,0.040,1.038,255,146
29618639,-1.159,1.585,0.427,-0.007,0.027,1.038,255,146
29619380,-1.280,1.646,0.732,-0.033,0.048,1.025,255,146
29620640,-1.220,1.524,0.366,-0.038,0.040,1.024,255,146
29621375,-1.220,1.524,0.366,-0.038,0.040,1.024,255,146
29622640,-1.280,1.402,1.037,0.004,0.030,1.038,255,146
29623378,-1.220,1.220,1.037,0.020,0.020,1.039,255,146
29624640,-1.098,1.280,0.854,0.006,0.020,1.057,255,146
29625373,-1.341,1.402,0.793,0.021,0.029,1.014,255,146
29626640,-1.341,1.646,0.488,-0.007,0.014,1.043,255,146
29627374,-1.159,1.524,0.915,-0.023,0.045,1.029,255,146
29628639,-1.098,1.402,0.671,-0.026,0.042,1.036,255,146
29629373,-1.280,1.463,0.732,0.026,0.047,1.049,255,146
29630640,-0.610,1.220,0.427,-0.001,0.004,1.021,255,146
29631378,-0.671,1.585,0.488,-0.012,0.055,1.032,255,146
29632640,-0.915,1.524,0.610,0.038,0.035,1.048,255,146
29633721,-1.159,1.463,0.488,-0.020,0.028,1.046,255,146
29634641,-1.220,1.341,0.549,0.003,0.021,0.999,255,155
29635398,-1.220,1.341,0.549,0.003,0.021,0.999,255,155
29636639,-1.159,1.280,0.549,0.017,0.011,1.054,255,155
29637372,-0.915,1.402,0.549,-0.017,0.023,1.010,255,155
29638640,-1.098,1.402,0.549,0.011,0.044,1.040,255,155
29639374,-0.976,1.402,0.732,0.016,0.020,0.999,255,155
29640640,-0.976,1.524,0.610,0.017,0.054,1.087,255,155
29641374,-0.793,1.280,0.305,-0.040,0.031,1.034,255,155
29642640,-0.915,1.220,0.305,0.000,0.014,1.016,255,155
29643383,-1.098,1.524,0.244,-0.027,0.026,1.045,255,155
29644639,-1.037,1.585,0.244,-0.002,0.010,1.020,255,155
29645379,-0.976,1.402,0.427,-0.028,0.040,1.011,255,155
29646640,-1.159,1.159,0.549,0.027,0.044,1.083,255,155
29647375,-0.915,1.037,0.610,-0.001,0.016,1.028,255,155
29648640,-0.793,1.829,0.671,0.013,-0.015,1.063,255,155
29649374,-0.793,1.829,0.671,0.013,-0.015,1.063,255,155
29650640,-1.037,1.646,0.305,0.039,0.001,1.038,255,155
29651369,-1.159,1.646,0.488,-0.045,0.007,1.021,255,155
29652640,-1.098,1.463,0.244,-0.005,0.057,1.054,255,155
29653380,-0.976,0.854,0.427,0.048,0.031,1.034,255,155
29654640,-0.976,1.768,-0.183,0.008,0.000,1.049,255,155
29655370,-0.976,1.768,-0.183,0.008,0.000,1.049,255,155
29656640,-1.037,1.707,0.305,0.034,0.032,1.022,255,155
29657379,-1.402,1.280,0.610,-0.029,0.026,1.045,255,155
29658640,-1.037,1.402,0.305,-0.011,0.046,1.042,255,155
29659374,-0.854,1.220,0.305,0.033,0.029,1.034,255,155
29660640,-0.610,1.341,0.305,-0.009,0.042,1.054,255,155
29661379,-0.610,1.646,0.244,0.011,0.029,1.046,255,155
29662640,-1.159,1.829,0.244,-0.021,0.020,1.031,255,155
29663376,-1.220,1.524,0.305,0.023,0.032,1.059,255,155
29664640,-1.402,1.220,0.305,-0.004,0.042,1.027,255,155
29665369,-1.402,1.220,0.244,-0.000,0.024,1.042,255,155
29666639,-1.159,1.220,0.183,0.017,0.038,1.031,255,155
29667371,-1.159,1.159,0.122,0.008,0.011,1.046,255,155
29668640,-1.280,1.890,0.122,-0.045,0.010,1.052,255,155
29669370,-1.280,1.890,0.122,-0.045,0.010,1.052,255,155
29670639,-0.915,1.341,0.183,-0.000,0.055,1.055,255,155
29671382,-0.793,1.524,0.000,-0.015,0.017,1.012,255,155
29672640,-0.671,1.463,-0.122,0.009,0.054,1.050,255,155
29673371,-0.976,1.463,0.122,-0.000,-0.008,0.998,255,155
29674640,-1.280,1.707,0.183,-0.014,0.040,1.077,255,155
29675377,-1.037,1.646,0.244,0.021,0.001,1.015,255,155
29676640,-0.854,1.341,0.305,0.028,0.029,1.032,255,155
29677441,-1.220,1.341,0.427,-0.007,0.044,1.034,255,155
29678640,-1.341,1.280,0.488,-0.002,0.037,1.052,255,155
29679395,-1.037,1.159,0.061,0.021,0.009,1.041,255,155
29680639,-0.976,1.646,0.244,-0.035,0.029,1.040,255,155
29681375,-1.402,1.768,0.366,0.051,0.031,1.044,255,155
29682660,-1.220,1.585,0.366,-0.022,0.052,1.018,255,155
29683735,-1.341,1.220,0.366,0.033,0.021,1.049,255,155
29684641,-1.280,1.463,0.427,-0.035,0.038,1.021,255,165
29685404,-1.280,1.524,0.183,0.004,0.009,1.067,255,165
29686639,-0.854,1.585,0.305,0.010,0.028,1.009,255,165
29687372,-0.976,1.646,0.183,-0.002,0.020,1.045,255,165
29688639,-1.159,1.524,0.366,-0.018,0.038,1.034,255,165
29689374,-1.159,1.524,0.366,-0.018,0.038,1.034,255,165
29690640,-0.732,1.463,0.610,-0.016,0.006,1.006,255,165
29691373,-0.976,1.463,0.427,0.019,0.046,1.041,255,165
29692640,-1.098,1.585,0.488,0.039,0.004,1.026,255,165
29693369,-1.220,1.707,0.305,-0.034,0.042,1.031,255,165
29694639,-1.280,1.463,0.122,0.026,0.030,1.055,255,165
29695372,-1.037,1.524,0.427,-0.023,0.053,1.047,255,165
29696640,-1.098,1.341,0.183,0.023,0.021,1.029,255,165
29697376,-1.220,1.402,0.122,0.011,0.026,1.022,255,165
29698640,-0.976,1.402,0.305,0.020,0.010,1.056,255,165
29699370,-1.159,1.341,0.366,-0.011,0.056,1.034,255,165
29700639,-1.159,1.159,0.610,0.015,0.024,1.037,255,165
29701373,-1.037,1.402,0.488,-0.025,0.048,1.058,255,165
29702640,-1.463,1.585,0.488,0.032,0.045,1.044,255,165
29703371,-1.463,1.585,0.488,0.032,0.045,1.044,255,165
29704639,-1.159,1.585,0.061,-0.010,0.039,1.047,255,165
29705376,-0.793,1.280,0.244,0.007,0.015,1.041,255,165
29706640,-1.037,1.463,0.488,-0.039,0.051,1.043,255,165
29707365,-0.976,1.707,0.305,0.007,0.028,1.051,255,165
29708639,-1.098,1.768,0.366,-0.034,0.030,1.017,255,165
29709370,-0.976,1.524,0.244,-0.003,0.002,1.040,255,165
29710639,-0.732,1.280,0.244,0.012,0.013,1.026,255,165
29711365,-0.915,1.280,0.366,-0.025,0.062,1.047,255,165
29712640,-1.037,1.280,0.366,-0.005,-0.004,1.032,255,165
29713370,-1.402,1.524,0.427,0.010,0.076,1.042,255,165
29714640,-1.280,1.585,0.427,-0.047,-0.016,1.042,255,165
29715371,-1.098,1.707,0.366,0.021,0.058,1.039,255,165
29716640,-1.341,1.341,0.427,-0.035,0.052,1.034,255,165
29717373,-1.341,1.341,0.427,-0.035,0.052,1.034,255,165
29718639,-0.976,1.341,0.366,-0.005,0.035,1.021,255,165
29719374,-0.976,1.707,0.244,-0.004,0.044,1.062,255,165
29720640,-0.915,1.768,0.305,-0.033,0.018,1.032,255,165
29721367,-1.280,1.524,0.671,0.006,0.035,1.042,255,165
29722639,-1.280,1.280,0.366,-0.022,0.019,1.052,255,165
29723370,-1.280,1.280,0.366,-0.022,0.019,1.052,255,165
29724639,-1.220,1.402,0.549,-0.011,0.019,0.996,255,165
29725372,-0.976,1.707,0.793,0.031,0.057,1.058,255,165
29726640,-0.854,1.524,0.427,-0.035,-0.012,1.046,255,165
29727375,-1.220,1.402,0.610,-0.018,0.062,1.056,255,165
29728640,-0.915,1.159,0.427,0.027,0.013,1.049,255,165
29729369,-1.159,1.646,0.610,-0.002,0.046,1.021,255,165
29730639,-1.220,1.646,0.427,0.006,0.010,1.062,255,165
29731373,-1.037,1.646,0.671,-0.017,0.051,1.015,255,165
29732663,-1.341,1.463,0.427,-0.020,0.047,1.051,255,165
29733704,-1.280,1.524,0.305,-0.016,0.045,1.038,255,165
29734641,-1.159,1.341,0.488,0.020,0.015,1.025,255,175
29735395,-1.280,1.220,0.549,-0.003,0.026,1.040,255,175
29736639,-1.463,1.463,0.732,-0.005,0.031,1.034,255,175
29737378,-1.463,1.463,0.732,-0.005,0.031,1.034,255,175
29738640,-1.280,1.220,0.366,-0.031,0.048,1.033,255,175
29739370,-1.037,1.341,0.549,0.002,0.030,1.050,255,175
29740639,-1.037,1.463,0.427,-0.009,0.015,1.032,255,175
29741373,-1.159,1.463,0.549,0.004,0.004,1.026,255,175
29742640,-0.976,1.402,0.610,0.008,0.058,1.034,255,175
29743366,-0.854,1.402,0.488,0.024,0.013,1.042,255,175
29744640,-1.037,1.280,0.183,-0.021,0.037,1.042,255,175
29745376,-0.915,1.341,0.488,-0.013,0.018,1.029,255,175
29746639,-0.915,1.768,0.549,-0.028,0.032,1.057,255,175
29747373,-0.610,1.768,0.549,0.028,0.014,1.030,255,175
29748640,-0.793,1.524,0.366,-0.003,0.041,1.026,255,175
29749375,-0.854,1.707,0.366,0.020,0.017,1.042,255,175
29750640,-1.463,1.463,0.244,-0.017,0.001,1.039,255,175
29751434,-1.463,1.646,0.610,-0.028,0.055,1.073,255,175
29752640,-1.098,1.768,0.610,0.023,-0.006,1.028,255,175
29753405,-0.976,2.012,0.671,-0.009,0.058,1.048,255,175
29754639,-1.037,1.646,0.610,0.032,0.001,1.047,255,175
29755402,-1.220,1.402,0.671,-0.003,0.034,1.024,255,175
29756640,-1.159,1.585,0.549,-0.018,0.031,1.058,255,175
29757401,-1.159,1.585,0.549,-0.018,0.031,1.058,255,175
29758639,-1.098,1.463,0.854,-0.011,0.044,1.040,255,175
29759377,-1.280,1.707,0.793,0.014,0.012,1.032,255,175
29760640,-1.341,1.646,0.549,0.008,0.022,1.024,255,175
29761378,-1.646,1.220,0.427,-0.003,0.043,1.044,255,175
29762640,-1.341,1.280,0.366,0.001,0.038,1.037,255,175
29763402,-1.280,1.524,0.549,-0.011,0.023,1.046,255,175
29764640,-1.402,1.829,0.793,-0.016,0.013,1.050,255,175
29765396,-1.402,1.768,0.549,-0.002,0.038,1.031,255,175
29766639,-1.341,1.646,0.732,0.046,0.022,1.052,255,175
29767383,-1.098,1.524,0.488,-0.018,0.041,1.014,255,175
29768639,-0.854,1.707,0.549,0.006,0.025,1.054,255,175
29769374,-0.732,1.524,0.549,-0.042,0.028,1.034,255,175
29770640,-0.793,1.768,0.671,-0.043,0.037,1.043,255,175
29771372,-0.793,1.768,0.671,-0.043,0.037,1.043,255,175
29772640,-0.854,1.159,0.732,-0.017,0.044,1.054,255,175
29773372,-0.732,1.220,0.549,-0.010,0.018,1.021,255,175
29774640,-1.220,1.341,0.610,-0.013,0.028,1.074,255,175
29775378,-1.098,1.585,0.793,-0.015,0.035,1.018,255,175
29776640,-1.341,1.768,0.854,-0.008,0.018,1.046,255,175
29777373,-1.037,1.524,0.610,0.031,0.024,1.025,255,175
29778640,-1.280,1.280,0.671,-0.028,0.027,1.053,255,175
29779379,-1.159,1.280,0.549,0.021,0.032,1.028,255,175
29780639,-1.220,1.341,0.488,-0.038,0.021,1.047,255,175
29781374,-1.037,1.707,0.549,-0.003,0.033,1.039,255,175
29782640,-1.159,1.646,0.427,0.016,0.021,1.046,255,175
29783733,-1.402,1.463,0.610,-0.021,0.054,1.055,255,175
29784641,-1.341,1.524,0.549,-0.014,0.009,1.035,255,185
29785400,-1.341,1.524,0.549,-0.014,0.009,1.035,255,185
29786639,-1.159,1.159,0.549,-0.006,-0.010,1.066,255,185
29787372,-1.159,1.402,0.549,0.005,0.064,1.022,255,185
29788640,-1.341,1.402,0.488,0.016,-0.007,1.055,255,185
29789374,-1.159,1.585,0.122,0.009,0.082,0.992,255,185
29790640,-0.610,1.463,0.610,0.035,0.062,1.022,255,185
29791370,-0.610,1.463,0.610,0.035,0.062,1.022,255,185
29792640,-1.159,1.524,0.366,-0.030,0.035,1.057,255,185
29793370,-1.220,1.585,0.122,0.014,0.013,1.011,255,185
29794639,-1.159,1.646,0.244,0.023,0.042,1.008,255,185
29795370,-0.732,1.707,0.366,0.012,0.059,1.062,255,185
29796639,-0.549,1.159,0.122,0.001,-0.011,1.052,255,185
29797429,-1.037,1.402,0.305,-0.075,0.053,1.001,255,185
29798640,-1.402,1.463,0.488,0.034,0.055,1.046,255,185
29799395,-0.976,1.463,0.366,0.006,0.050,1.055,255,185
29800639,-0.793,1.402,0.366,-0.014,0.006,1.005,255,185
29801377,-0.915,1.341,0.427,0.000,0.059,1.036,255,185
29802640,-0.976,1.341,0.427,-0.017,-0.008,1.062,255,185
29803384,-1.037,1.159,0.488,-0.017,0.055,1.038,255,185
29804639,-0.976,1.463,0.244,0.025,0.029,1.027,255,185
29805379,-0.976,1.463,0.244,0.025,0.029,1.027,255,185
29806640,-1.037,1.220,0.305,-0.007,0.007,1.029,255,185
29807371,-1.220,1.585,0.366,-0.031,0.042,1.035,255,185
29808640,-1.341,1.585,0.122,-0.012,0.023,1.045,255,185
29809379,-1.037,1.585,0.122,0.011,0.047,1.040,255,185
29810640,-0.915,1.707,0.183,0.020,0.023,1.034,255,185
29811372,-1.037,1.646,0.122,-0.026,0.001,1.040,255,185
29812640,-1.463,1.524,0.488,0.019,0.022,0.995,255,185
29813374,-1.524,1.159,0.549,-0.026,0.040,1.084,255,185
29814640,-1.280,0.976,0.488,0.013,0.028,1.036,255,185
29815378,-1.463,1.037,0.366,0.027,0.009,1.055,255,185
29816639,-1.402,1.524,0.183,-0.057,0.043,1.001,255,185
29817373,-1.159,1.829,0.122,0.010,0.004,1.081,255,185
29818640,-0.549,1.585,0.671,0.018,0.016,1.056,255,185
29819372,-0.549,1.585,0.671,0.018,0.016,1.056,255,185
29820640,-0.671,1.585,0.122,0.023,0.006,1.024,255,185
29821373,-1.098,1.341,0.305,-0.054,0.046,1.071,255,185
29822639,-0.976,1.646,0.366,0.018,0.018,1.017,255,185
29823381,-1.341,1.585,0.122,-0.005,0.062,1.042,255,185
29824639,-1.402,1.463,0.122,-0.006,0.060,1.093,255,185
29825441,-1.402,1.463,0.122,-0.006,0.060,1.093,255,185
29826640,-1.220,1.707,0.366,-0.035,0.069,1.035,255,185
29827399,-1.037,1.585,0.427,0.017,0.006,1.057,255,185
29828639,-1.098,1.707,0.427,0.000,0.049,1.017,255,185
29829374,-1.098,1.707,0.366,-0.008,0.007,1.071,255,185
29830640,-1.037,1.524,0.305,0.011,0.034,1.017,255,185
29831372,-0.976,1.402,0.183,-0.011,0.021,1.051,255,185
29832640,-0.732,1.585,0.122,-0.003,0.022,1.069,255,185
29833718,-0.976,1.524,0.244,0.011,0.044,1.028,255,185
29834641,-1.098,1.768,0.183,-0.019,0.006,1.022,255,194
29835398,-0.915,1.829,0.122,0.025,0.042,1.039,255,194
29836639,-0.854,1.524,0.244,-0.024,0.018,1.039,255,194
29837383,-0.915,1.524,0.427,-0.009,0.036,1.045,255,194
29838640,-1.159,1.463,0.366,-0.000,0.021,1.022,255,194
29839373,-1.159,1.463,0.366,-0.000,0.021,1.022,255,194
29840640,-0.976,1.524,0.488,-0.007,0.013,1.042,255,194
29841379,-1.159,1.585,0.244,-0.020,0.035,1.042,255,194
29842640,-1.098,1.524,0.244,-0.003,0.030,1.051,255,194
29843374,-0.976,1.585,0.244,-0.001,0.044,1.019,255,194
29844640,-0.976,1.463,0.366,0.008,0.023,1.025,255,194
29845440,-0.915,1.280,0.305,0.008,0.021,1.040,255,194
29846640,-0.915,1.159,0.549,-0.009,0.038,1.053,255,194
29847386,-0.976,1.585,0.549,-0.010,0.042,1.032,255,194
29848639,-0.793,1.585,0.305,0.031,0.020,1.046,255,194
29849379,-1.037,1.402,0.122,-0.013,0.032,1.033,255,194
29850640,-1.220,1.402,0.183,0.003,-0.015,1.013,255,194
29851374,-1.159,1.585,0.122,-0.046,0.037,1.033,255,194
29852640,-1.098,1.646,0.610,0.021,0.023,1.032,255,194
29853381,-1.098,1.646,0.610,0.021,0.023,1.032,255,194
29854640,-0.976,1.463,0.183,-0.042,-0.030,0.991,255,194
29855373,-1.220,1.463,0.366,-0.001,0.030,1.032,255,194
29856640,-1.280,1.463,0.366,-0.025,0.069,1.017,255,194
29857382,-1.220,1.524,0.488,0.062,0.028,1.068,255,194
29858640,-0.793,1.463,0.061,-0.042,-0.007,1.025,255,194
29859373,-0.793,1.463,0.061,-0.042,-0.007,1.025,255,194
29860640,-1.220,1.402,0.732,-0.035,0.069,0.986,255,194
29861375,-1.098,1.280,0.732,0.038,0.039,1.081,255,194
29862640,-1.098,1.159,0.122,-0.021,0.001,1.039,255,194
29863405,-1.220,1.463,0.183,-0.005,0.029,1.024,255,194
29864640,-1.280,1.280,0.305,0.004,-0.010,1.047,255,194
29865395,-1.159,1.402,0.366,0.009,0.079,1.006,255,194
29866639,-0.854,1.280,0.549,-0.012,0.036,1.001,255,194
29867380,-1.098,1.646,0.488,0.009,0.011,1.082,255,194
29868640,-1.220,1.341,0.366,-0.026,0.017,1.030,255,194
29869375,-1.524,1.646,0.427,0.011,0.051,1.053,255,194
29870640,-1.280,1.524,0.549,-0.000,0.027,1.021,255,194
29871377,-0.915,1.220,0.549,0.000,0.064,1.043,255,194
29872640,-1.402,1.463,0.366,-0.022,0.048,1.036,255,194
29873374,-1.402,1.463,0.366,-0.022,0.048,1.036,255,194
29874640,-1.159,1.463,0.244,0.030,0.050,1.043,255,194
29875378,-1.159,1.707,0.122,-0.021,0.029,1.070,255,194
29876640,-0.854,1.463,-0.061,0.017,0.007,1.008,255,194
29877371,-0.793,1.585,0.305,-0.021,0.051,1.053,255,194
29878639,-0.732,1.646,0.305,0.021,-0.002,1.026,255,194
29879378,-0.976,1.646,0.549,-0.003,0.071,1.056,255,194
29880640,-0.854,1.646,0.427,-0.003,0.065,1.067,255,194
29881373,-1.037,1.463,0.305,0.001,0.021,1.034,255,194
29882663,-0.976,1.463,0.488,-0.004,0.042,1.019,255,194
29883738,-1.037,1.951,0.610,-0.001,0.016,1.040,255,194
29884641,-1.037,1.829,0.793,-0.011,0.039,1.049,255,204
29885460,-1.220,1.402,0.854,-0.007,0.012,1.037,255,204
29886640,-1.037,1.463,0.976,0.001,0.021,1.059,255,204
29887415,-1.037,1.463,0.976,-0.006,0.029,1.058,255,204
29888640,-1.159,1.341,0.366,0.017,0.016,1.035,255,204
29889394,-1.220,1.585,0.671,-0.013,0.031,1.015,255,204
29890639,-1.159,1.463,0.610,-0.003,0.036,1.059,255,204
29891373,-1.098,1.341,0.671,0.013,0.027,1.029,255,204
29892640,-1.098,1.402,0.732,0.039,0.020,1.017,255,204
29893372,-1.098,1.402,0.732,0.039,0.020,1.017,255,204
29894640,-1.037,1.159,0.915,0.008,0.042,1.037,255,204
29895372,-1.098,1.402,0.732,-0.008,0.029,1.060,255,204
29896640,-1.098,1.585,0.488,-0.012,0.020,1.009,255,204
29897373,-1.159,1.463,0.488,0.013,0.027,1.066,255,204
29898639,-0.915,1.585,0.610,-0.001,0.031,1.019,255,204
29899395,-1.037,1.280,0.610,0.008,0.037,1.042,255,204
29900640,-1.037,1.341,0.427,0.024,0.024,1.030,255,204
29901396,-1.159,1.585,0.488,0.020,0.043,1.061,255,204
29902639,-0.976,1.341,0.366,-0.016,0.027,0.998,255,204
29903371,-1.463,1.402,0.427,-0.014,0.019,1.057,255,204
29904640,-1.402,1.220,0.366,-0.012,0.032,1.026,255,204
29905379,-1.646,1.402,0.366,0.009,0.025,1.062,255,204
29906639,-1.524,1.341,0.610,-0.013,0.037,1.016,255,204
29907369,-1.524,1.341,0.610,-0.013,0.037,1.016,255,204
29908639,-1.159,1.463,0.549,0.011,0.036,1.019,255,204
29909374,-1.037,1.524,0.671,0.019,0.054,1.004,255,204
29910640,-0.915,1.402,0.610,0.015,0.040,1.056,255,204
29911376,-1.037,1.402,0.244,-0.042,-0.003,1.070,255,204
29912640,-1.159,1.402,0.244,-0.028,0.030,0.999,255,204
29913374,-1.220,1.646,0.610,0.020,0.054,1.027,255,204
29914640,-1.037,1.341,0.549,-0.020,0.018,1.020,255,204
29915381,-1.220,1.463,0.183,-0.032,0.010,1.059,255,204
29916640,-1.463,1.463,0.305,0.013,0.019,1.003,255,204
29917368,-1.463,1.524,0.549,0.035,0.077,1.032,255,204
29918639,-1.220,1.341,0.488,-0.011,0.019,1.049,255,204
29919379,-1.341,1.220,0.122,-0.012,0.006,1.014,255,204
29920640,-0.976,1.159,0.427,0.009,0.032,0.999,255,204
29921367,-0.976,1.159,0.427,0.009,0.032,0.999,255,204
29922639,-0.915,1.280,0.732,0.014,0.003,1.024,255,204
29923367,-1.159,1.280,0.122,-0.006,0.032,1.021,255,204
29924639,-1.098,1.707,0.366,-0.008,0.014,1.025,255,204
29925372,-1.341,1.402,0.366,-0.012,0.032,1.040,255,204
29926640,-1.280,1.341,0.732,0.026,-0.005,1.019,255,204
29927378,-1.280,1.341,0.732,0.026,-0.005,1.019,255,204
29928640,-1.037,1.646,0.305,0.015,0.011,0.994,255,204
29929365,-1.037,1.524,0.305,-0.037,0.026,1.067,255,204
29930640,-0.915,1.585,0.671,0.005,0.060,1.046,255,204
29931376,-1.220,1.646,0.366,0.031,0.005,1.049,255,204
29932663,-0.976,1.524,0.305,-0.020,0.035,0.993,255,204
29933744,-1.037,1.768,0.244,-0.024,0.031,1.004,255,204
29934374,-1.037,1.768,0.244,-0.024,0.031,1.004,255,214
29935638,-0.976,1.402,0.549,-0.008,0.009,1.062,255,214
29936373,-0.976,1.524,0.244,0.024,0.012,1.026,255,214
29937639,-1.220,1.463,0.244,-0.021,0.036,1.054,255,214
29938371,-0.976,1.280,0.366,-0.008,0.039,0.976,255,214
29939638,-1.341,1.768,0.549,0.019,0.027,1.089,255,214
29940371,-1.280,1.646,0.427,-0.005,0.022,1.027,255,214
29941639,-1.098,1.585,0.549,0.000,0.044,1.008,255,214
29942371,-0.976,1.524,0.549,0.006,0.037,1.041,255,214
29943638,-0.976,1.524,0.427,-0.009,0.027,1.046,255,214
29944369,-1.098,1.585,0.244,-0.006,0.011,1.020,255,214
29945638,-1.159,1.585,0.366,0.003,0.017,1.064,255,214
29946372,-0.915,1.524,0.549,0.016,0.033,1.042,255,214
29947638,-0.976,1.402,0.671,0.028,0.030,1.012,255,214
29948369,-0.976,1.402,0.671,0.028,0.030,1.012,255,214
29949638,-0.732,1.341,0.366,0.004,0.001,1.000,255,214
29950365,-1.098,1.402,0.488,-0.010,0.055,1.055,255,214
29951638,-1.098,1.585,0.366,-0.005,0.012,1.016,255,214
29952369,-1.098,1.341,0.122,-0.006,0.063,1.070,255,214
29953638,-0.793,1.098,0.122,0.011,0.023,1.034,255,214
29954363,-0.976,1.341,0.183,0.004,0.001,1.040,255,214
29955639,-1.280,1.280,0.366,0.003,0.042,1.032,255,214
29956432,-1.159,1.585,0.427,-0.049,0.027,1.070,255,214
29957639,-0.854,1.402,0.366,0.036,0.021,0.990,255,214
29958393,-1.037,1.524,0.000,0.011,0.042,1.058,255,214
29959638,-0.915,1.646,0.305,0.010,0.066,1.026,255,214
29960388,-1.280,1.341,0.183,-0.017,0.014,1.068,255,214
29961638,-1.402,1.524,0.122,0.024,0.061,1.086,255,214
29962375,-1.402,1.524,0.122,0.024,0.061,1.086,255,214
29963639,-1.098,1.341,0.244,-0.007,0.015,1.061,255,214
29964368,-1.037,1.280,0.122,-0.052,0.004,0.989,255,214
29965638,-1.220,1.524,0.244,0.040,0.046,1.025,255,214
29966373,-1.280,1.524,0.549,0.015,0.026,1.078,255,214
29967639,-1.098,1.341,-0.122,-0.027,-0.053,1.067,255,214
29968371,-1.098,1.341,-0.122,-0.027,-0.053,1.067,255,214
29969638,-1.098,1.768,0.366,0.029,0.028,1.116,255,214
29970373,-0.793,1.463,0.488,-0.013,0.011,0.997,255,214
29971639,-1.220,1.280,-0.061,-0.018,0.022,1.051,255,214
29972370,-1.280,1.402,0.183,0.009,0.007,1.015,255,214
29973638,-1.037,1.280,0.305,-0.017,0.078,1.077,255,214
29974366,-0.854,1.280,0.305,0.002,0.009,1.049,255,214
29975638,-1.098,1.524,0.366,0.011,0.025,1.050,255,214
29976369,-1.037,1.585,0.610,-0.005,0.039,1.000,255,214
29977638,-1.098,1.463,0.671,-0.020,0.029,1.069,255,214
29978368,-0.976,1.341,0.427,0.019,0.030,1.033,255,214
29979639,-1.098,1.280,0.244,0.028,0.027,1.042,255,214
29980369,-0.976,1.341,0.061,0.001,0.017,1.025,255,214
29981639,-1.402,1.646,0.183,0.025,0.010,1.066,255,214
29982369,-1.402,1.646,0.183,0.025,0.010,1.066,255,214
29983638,-0.976,1.463,0.427,0.006,0.044,1.040,255,214
29984719,-1.280,1.646,0.244,-0.040,0.012,1.023,255,214
29985641,-1.159,1.585,0.305,0.014,0.013,1.046,255,224
29986397,-0.976,1.402,0.549,0.019,0.055,1.002,255,224
29987639,-0.793,1.524,0.366,0.013,0.028,1.044,255,224
29988372,-0.732,1.585,0.122,-0.025,0.003,1.049,255,224
29989640,-0.976,1.646,0.732,-0.015,0.048,1.045,255,224
29990372,-1.037,1.768,0.671,0.021,0.042,1.031,255,224
29991640,-1.220,1.585,0.366,-0.006,0.002,1.062,255,224
29992369,-1.159,1.524,0.427,-0.024,0.028,1.033,255,224
29993639,-1.037,1.585,0.305,0.021,0.035,1.034,255,224
29994373,-0.793,1.463,0.366,0.002,0.040,1.007,255,224
29995640,-1.098,1.463,0.366,0.019,0.021,1.021,255,224
29996370,-1.098,1.463,0.366,0.019,0.021,1.021,255,224
29997640,-1.341,1.768,0.488,-0.001,0.031,1.043,255,224
29998370,-1.280,1.524,0.549,0.013,0.051,1.011,255,224
29999640,-0.854,1.341,0.610,0.007,-0.012,1.043,255,224
30000367,-0.854,1.402,0.488,-0.031,0.046,1.036,255,224
30001639,-0.793,1.707,0.854,0.004,0.028,1.053,255,224
30002373,-0.793,1.707,0.854,0.004,0.028,1.053,255,224
30003640,-0.854,1.402,0.366,0.017,0.017,1.013,255,224
30004367,-0.854,1.524,0.244,-0.022,0.006,1.031,255,224
30005639,-0.793,1.707,0.610,-0.021,0.070,1.049,255,224
30006372,-0.732,1.585,0.610,0.033,0.008,1.045,255,224
30007640,-0.793,1.098,0.427,-0.033,0.018,1.029,255,224
30008369,-0.793,1.402,0.366,0.003,0.040,1.067,255,224
30009639,-0.976,1.585,0.549,-0.030,0.000,1.069,255,224
30010374,-0.915,1.463,0.488,0.010,0.032,1.038,255,224
30011640,-0.976,1.341,0.732,-0.008,0.055,1.007,255,224
30012366,-1.037,1.463,0.732,0.009,0.021,1.024,255,224
30013639,-1.159,1.220,0.610,-0.033,-0.006,1.022,255,224
30014373,-0.976,1.341,0.366,-0.013,0.069,1.035,255,224
30015639,-1.037,1.463,0.793,-0.041,0.027,1.038,255,224
30016369,-1.037,1.463,0.793,-0.041,0.027,1.038,255,224
30017639,-0.854,1.037,0.244,-0.006,0.066,0.979,255,224
30018374,-0.976,1.037,0.549,0.051,0.025,1.074,255,224
30019640,-0.915,1.280,0.427,-0.047,0.039,1.084,255,224
30020373,-1.098,1.463,0.000,-0.018,-0.003,1.006,255,224
30021640,-1.280,1.524,0.183,0.037,0.037,1.002,255,224
30022388,-1.098,1.341,0.549,0.001,0.056,1.072,255,224
30023639,-1.098,1.585,0.427,-0.025,0.015,0.993,255,224
30024434,-1.280,1.463,0.549,0.019,0.065,1.042,255,224
30025640,-1.280,1.402,0.610,0.040,0.034,1.094,255,224
30026392,-1.037,1.524,0.549,-0.041,0.013,1.022,255,224
30027639,-1.098,1.463,0.183,0.025,0.015,1.007,255,224
30028373,-1.463,1.341,0.305,-0.007,0.058,1.068,255,224
30029640,-0.915,1.646,0.610,0.006,0.032,1.018,255,224
30030370,-0.915,1.646,0.610,0.006,0.032,1.018,255,224
30031640,-1.524,1.402,0.488,-0.023,0.055,1.055,255,224
30032374,-1.280,1.524,0.671,0.019,0.003,1.001,255,224
30033640,-1.341,1.402,0.549,-0.002,0.026,1.055,255,224
30034718,-1.037,1.585,0.305,-0.003,0.028,1.039,255,224
30035641,-1.220,1.585,0.488,0.009,-0.001,1.039,255,233
30036394,-1.220,1.585,0.488,0.009,-0.001,1.039,255,233
30037639,-1.280,1.341,0.366,-0.030,0.044,1.023,255,233
30038382,-1.220,1.341,0.244,0.020,0.022,1.014,255,233
30039639,-1.098,1.524,0.366,0.008,0.005,1.104,255,233
30040374,-0.671,1.463,0.366,-0.005,0.042,0.999,255,233
30041640,-0.732,1.646,0.244,-0.022,0.025,1.023,255,233
30042376,-0.854,1.829,0.488,0.044,0.014,1.035,255,233
30043640,-0.915,1.524,0.427,-0.037,0.043,0.987,255,233
30044369,-1.098,1.646,0.366,0.015,-0.019,1.064,255,233
30045639,-1.037,1.524,0.549,0.017,0.044,1.061,255,233
30046382,-0.915,1.646,0.854,-0.004,0.044,1.021,255,233
30047639,-0.793,1.524,0.488,-0.023,0.008,1.030,255,233
30048368,-0.793,1.463,0.366,0.001,0.013,1.049,255,233
30049640,-0.854,1.220,0.427,0.009,0.045,0.983,255,233
30050436,-0.854,1.220,0.427,0.009,0.045,0.983,255,233
30051640,-1.098,1.341,0.610,-0.011,0.048,1.043,255,233
30052387,-1.037,1.402,0.549,0.024,0.029,1.080,255,233
30053639,-1.159,1.585,0.305,-0.037,0.037,1.010,255,233
30054378,-0.854,1.524,0.366,0.028,0.004,1.017,255,233
30055640,-0.915,1.402,0.610,-0.026,0.023,1.019,255,233
30056368,-0.976,1.463,0.305,-0.000,0.072,1.103,255,233
30057639,-1.098,1.585,0.427,0.025,0.051,1.001,255,233
30058378,-1.037,1.707,0.549,-0.008,-0.004,1.046,255,233
30059640,-1.037,1.707,0.488,-0.066,0.029,0.987,255,233
30060374,-1.037,1.646,0.427,0.039,0.043,1.083,255,233
30061640,-0.976,1.098,0.610,0.044,0.033,1.028,255,233
30062379,-1.280,1.341,0.427,-0.077,0.048,1.070,255,233
30063640,-0.915,1.220,0.549,0.104,0.043,1.047,255,233
30064374,-0.915,1.220,0.549,0.104,0.043,1.047,255,233
30065640,-1.098,1.524,0.244,-0.058,-0.008,0.983,255,233
30066378,-1.098,1.707,0.122,0.016,0.032,1.052,255,233
30067640,-1.220,1.402,0.427,0.059,0.053,1.058,255,233
30068372,-1.524,1.402,0.366,-0.005,0.042,1.084,255,233
30069640,-0.793,1.341,0.122,0.048,0.000,1.028,255,233
30070380,-0.793,1.341,0.122,0.048,0.000,1.028,255,233
30071640,-0.976,1.463,0.671,-0.023,0.053,1.044,255,233
30072373,-1.098,1.524,0.488,-0.046,0.021,1.062,255,233
30073640,-0.976,1.585,0.244,0.045,0.002,1.026,255,233
30074372,-1.280,1.402,0.671,0.021,0.050,1.006,255,233
30075640,-1.098,1.646,0.549,-0.027,0.059,0.995,255,233
30076378,-1.037,1.463,0.183,-0.018,-0.004,1.118,255,233
30077640,-1.098,1.585,0.366,0.015,0.011,1.014,255,233
30078375,-1.037,1.402,0.366,-0.015,0.066,0.980,255,233
30079640,-1.280,1.646,0.366,0.014,0.012,1.096,255,233
30080379,-1.341,1.585,0.366,0.016,-0.003,1.070,255,233
30081640,-1.280,1.707,0.549,0.002,0.021,1.003,255,233
30082393,-1.098,1.463,0.366,-0.040,0.075,0.992,255,233
30083639,-1.220,1.463,0.427,-0.006,0.006,1.096,255,233
30084715,-1.037,1.707,0.610,0.016,0.044,1.017,255,233
30085641,-0.854,1.402,0.427,-0.042,0.054,1.015,255,243
30086395,-1.037,1.341,0.549,0.029,0.008,1.007,255,243
30087639,-1.220,1.098,0.366,-0.009,0.009,1.094,255,243
30088376,-0.976,1.524,0.305,-0.014,0.050,1.018,255,243
30089640,-1.341,1.524,0.427,-0.004,0.039,1.087,255,243
30090379,-1.280,1.646,0.427,0.017,0.009,0.973,255,243
30091640,-1.098,1.707,0.549,-0.019,0.052,1.055,255,243
30092370,-1.280,1.768,0.549,0.023,0.036,1.105,255,243
30093639,-1.341,1.585,0.488,-0.010,0.020,1.013,255,243
30094382,-1.037,1.646,0.366,-0.000,0.019,0.965,255,243
30095639,-1.098,1.707,0.366,-0.027,0.028,1.053,255,243
30096376,-0.976,1.768,0.488,0.021,0.053,1.058,255,243
30097640,-1.098,1.463,0.427,0.005,0.046,0.979,255,243
30098372,-1.098,1.463,0.427,0.005,0.046,0.979,255,243
30099639,-1.341,1.646,0.244,-0.050,0.044,1.009,255,243
30100370,-1.402,1.646,-0.061,-0.031,0.034,1.056,255,243
30101639,-1.402,1.524,0.488,0.036,0.054,1.054,255,243
30102370,-1.280,1.280,0.427,0.036,-0.021,1.115,255,243
30103639,-0.854,1.463,0.427,-0.025,0.081,0.946,255,243
30104376,-0.854,1.463,0.427,-0.025,0.081,0.946,255,243
30105640,-1.220,1.402,0.732,-0.043,0.030,1.167,255,243
30106379,-0.854,1.463,0.122,-0.098,-0.005,1.036,255,243
30107640,-0.854,1.402,0.183,0.083,0.075,0.939,255,243
30108367,-1.159,1.341,0.549,0.040,0.030,1.041,255,243
30109639,-0.854,1.402,0.305,-0.080,-0.007,1.074,255,243
30110379,-0.854,1.646,-0.122,-0.036,0.037,1.059,255,243
30111640,-1.402,1.341,0.549,-0.022,0.036,1.074,255,243
30112372,-1.159,1.402,-0.061,-0.030,-0.012,1.021,255,243
30113640,-1.280,1.463,0.061,0.032,0.052,0.991,255,243
30114377,-1.220,1.402,0.549,0.030,0.055,1.017,255,243
30115640,-0.976,1.463,0.183,-0.054,0.020,1.087,255,243
30116369,-1.037,1.280,-0.061,0.019,-0.003,1.113,255,243
30117639,-0.854,1.280,0.488,-0.019,0.033,0.914,255,243
30118374,-0.854,1.280,0.488,-0.019,0.033,0.914,255,243
30119640,-0.976,1.524,0.366,0.056,0.006,1.171,255,243
30120375,-1.159,1.768,0.244,-0.007,0.030,1.142,255,243
30121640,-1.098,1.524,0.244,-0.018,0.027,0.959,255,243
30122374,-1.159,1.463,0.488,-0.003,0.042,0.911,255,243
30123640,-0.976,1.463,0.488,0.039,0.008,1.029,255,243
30124367,-0.915,1.707,0.183,-0.009,0.010,1.146,255,243
30125639,-0.854,1.585,0.610,-0.024,0.045,1.036,255,243
30126369,-1.037,1.646,0.427,0.018,0.032,0.998,255,243
30127639,-1.220,1.524,0.305,0.024,0.011,1.001,255,243
30128373,-1.220,1.951,0.244,-0.013,0.041,1.008,255,243
30129640,-0.976,1.829,0.244,-0.018,0.037,1.088,255,243
30130369,-0.915,1.951,0.183,0.000,0.054,1.062,255,243
30131639,-1.037,1.524,0.305,0.002,0.004,0.994,255,243
30132373,-1.037,1.524,0.305,0.002,0.004,0.994,255,243
30133639,-0.976,1.463,0.488,-0.008,0.047,1.006,255,243
30134679,-0.976,1.402,0.427,-0.007,0.054,1.107,255,243
30135641,-1.037,1.402,0.244,-0.008,0.013,1.118,255,253
30136388,-0.915,1.524,0.488,-0.024,0.028,1.049,255,253
30137639,-1.280,1.341,0.427,-0.008,0.045,0.976,255,253
30138377,-1.280,1.341,0.427,-0.008,0.045,0.976,255,253
30139640,-1.037,1.646,0.488,0.029,0.030,1.022,255,253
30140372,-0.671,1.341,0.549,0.004,0.036,1.185,255,253
30141640,-0.976,1.098,0.183,-0.021,0.041,1.125,255,253
30142377,-1.341,1.280,0.427,-0.062,-0.017,0.988,255,253
30143640,-0.915,1.402,0.549,0.024,0.086,0.867,255,253
30144378,-1.280,1.220,0.305,0.066,-0.027,1.062,255,253
30145640,-1.159,1.585,0.305,0.011,0.106,1.102,255,253
30146372,-1.280,1.280,0.610,0.066,0.044,1.120,255,253
30147639,-1.098,0.915,0.244,-0.028,-0.051,1.006,255,253
30148372,-1.341,1.341,0.061,-0.075,0.061,0.980,255,253
30149640,-1.098,1.402,0.549,0.098,0.060,0.995,255,253
30150370,-1.341,1.159,0.549,-0.019,0.038,1.077,255,253
30151639,-1.341,1.402,0.183,0.038,0.052,1.079,255,253
30152372,-1.341,1.402,0.183,0.038,0.052,1.079,255,253
30153639,-1.159,1.159,0.305,-0.050,0.008,1.086,255,253
30154373,-0.549,1.585,0.061,-0.013,0.035,0.927,255,253
30155640,-0.610,1.585,0.549,0.044,0.055,0.925,255,253
30156372,-1.220,1.341,0.549,-0.012,-0.007,1.032,255,253
30157640,-1.280,1.463,0.427,-0.002,0.021,1.127,255,253
30158377,-1.341,1.768,0.671,0.017,0.042,1.166,255,253
30159640,-1.402,1.402,0.305,0.014,0.007,0.980,255,253
30160365,-1.098,1.707,0.366,0.022,0.036,0.928,255,253
30161639,-1.159,1.585,0.488,0.009,-0.002,1.059,255,253
30162375,-1.159,1.280,0.549,-0.006,0.045,1.086,255,253
30163640,-1.220,1.341,0.488,0.005,0.021,1.063,255,253
30164369,-1.098,1.341,0.427,-0.006,0.028,1.063,255,253
30165640,-0.976,1.524,0.488,0.053,0.013,1.068,255,253
30166373,-0.976,1.524,0.488,0.053,0.013,1.068,255,253
30167640,-0.854,1.524,0.427,-0.001,0.020,1.012,255,253
30168428,-1.280,1.463,0.427,-0.006,0.063,0.976,255,253
30169640,-1.220,1.159,0.610,0.000,0.017,1.017,255,253
30170409,-1.037,1.524,0.671,0.014,0.016,1.071,255,253
30171639,-0.915,1.280,0.549,0.007,0.030,1.068,255,253
30172388,-0.915,1.280,0.549,0.007,0.030,1.068,255,253
30173639,-0.854,1.707,0.366,0.015,0.018,1.003,255,253
30174374,-0.976,1.829,0.488,-0.018,0.058,1.002,255,253
30175640,-0.976,1.646,0.549,-0.018,0.007,1.007,255,253
30176378,-1.037,1.646,0.366,0.020,0.014,1.028,255,253
30177640,-0.854,1.463,0.488,-0.017,0.046,1.043,255,253
30178374,-1.037,1.585,0.549,-0.002,0.042,1.140,255,253
30179640,-1.159,1.707,0.610,0.005,0.019,1.044,255,253
30180377,-1.159,1.829,0.671,-0.005,0.036,1.003,255,253
30181640,-0.976,1.585,0.061,-0.018,0.031,0.928,255,253
30182373,-0.854,1.890,0.671,-0.029,0.010,1.055,255,253
30183640,-0.427,1.707,0.732,0.071,0.076,1.093,255,253
30184712,-1.220,1.341,0.549,-0.071,0.005,1.056,255,253
30185641,-1.280,1.585,0.488,0.031,0.069,0.969,255,263
30186396,-1.280,1.585,0.488,0.031,0.069,0.969,255,263
30187639,-0.915,1.220,0.061,-0.116,0.022,1.088,255,263
30188376,-0.793,1.524,0.244,0.046,0.047,1.051,255,263
30189640,-0.976,1.402,1.037,0.024,0.077,0.999,255,263
30190371,-1.280,1.037,0.488,-0.014,-0.020,0.950,255,263
30191639,-1.280,1.463,0.183,-0.093,0.071,1.006,255,263
30192376,-1.037,1.585,0.549,0.114,-0.026,1.055,255,263
30193640,-1.037,1.463,0.366,-0.051,0.022,1.053,255,263
30194379,-0.976,1.585,0.671,0.008,0.059,1.105,255,263
30195640,-0.854,1.463,0.671,0.033,0.012,0.945,255,263
30196366,-1.463,1.037,0.122,0.007,0.061,1.062,255,263
30197639,-1.341,1.585,0.488,-0.037,0.003,1.040,255,263
30198374,-1.280,1.585,0.549,0.045,0.023,1.075,255,263
30199640,-0.976,1.280,0.427,-0.036,0.031,0.977,255,263
30200369,-0.976,1.280,0.427,-0.036,0.031,0.977,255,263
30201639,-1.037,1.402,0.366,0.035,0.053,0.998,255,263
30202373,-0.976,1.707,0.366,0.016,0.013,1.107,255,263
30203640,-1.098,1.585,0.549,-0.024,0.025,1.097,255,263
30204369,-1.159,1.220,0.366,0.038,-0.007,1.100,255,263
30205639,-1.098,1.585,0.488,-0.007,0.009,1.014,255,263
30206372,-1.098,1.585,0.488,-0.007,0.009,1.014,255,263
30207640,-1.159,1.402,0.488,0.019,0.021,1.014,255,263
30208366,-1.220,1.646,0.732,0.012,0.032,1.073,255,263
30209640,-0.976,1.463,0.366,0.004,0.017,1.006,255,263
30210380,-0.976,1.402,0.549,0.013,0.026,1.051,255,263
30211639,-1.037,1.402,0.732,-0.014,0.022,1.014,255,263
30212372,-0.976,1.402,0.122,0.009,0.024,1.054,255,263
30213640,-0.976,1.585,0.427,-0.002,0.039,1.070,255,263
30214372,-0.976,1.585,0.427,0.014,-0.005,1.041,255,263
30215640,-1.098,1.524,0.305,-0.024,0.054,1.005,255,263
30216368,-1.341,1.524,0.488,0.003,-0.024,1.062,255,263
30217639,-1.280,1.585,0.488,-0.001,0.054,1.013,255,263
30218373,-1.280,1.463,0.427,-0.004,0.011,1.054,255,263
30219640,-1.280,1.707,0.244,-0.036,-0.022,1.029,255,263
30220376,-1.280,1.707,0.244,-0.036,-0.022,1.029,255,263
30221640,-1.159,1.463,0.488,-0.017,0.042,0.997,255,263
30222375,-0.976,1.829,0.305,-0.034,-0.018,1.037,255,263
30223639,-0.854,1.585,0.305,-0.042,0.065,1.072,255,263
30224382,-1.037,1.463,0.427,0.034,0.035,1.148,255,263
30225640,-0.915,1.280,0.427,-0.036,0.011,1.053,255,263
30226376,-0.671,1.585,0.061,-0.058,0.039,0.990,255,263
30227640,-1.098,1.159,0.183,0.018,0.016,1.000,255,263
30228373,-1.220,1.463,0.244,-0.057,0.062,1.023,255,263
30229640,-1.280,1.585,0.305,0.017,0.015,1.055,255,263
30230466,-1.341,1.280,0.183,0.038,0.025,1.073,255,263
30231640,-1.341,1.159,0.122,-0.043,0.030,1.049,255,263
30232408,-0.915,1.707,0.244,-0.025,0.015,1.015,255,263
30233639,-0.915,1.524,0.000,-0.024,0.042,0.978,255,263
30234727,-0.976,1.463,0.366,-0.034,0.049,1.091,255,263
30235641,-0.610,1.341,0.366,0.033,-0.016,1.025,255,272
30236407,-1.098,1.280,0.244,0.019,0.078,1.070,255,272
30237639,-1.159,1.524,0.366,-0.057,0.000,1.074,255,272
30238377,-0.915,1.585,0.366,0.063,0.012,1.066,255,272
30239640,-1.037,1.463,0.305,-0.028,0.026,1.023,255,272
30240375,-1.037,1.463,0.305,-0.028,0.026,1.023,255,272
30241640,-1.159,1.402,0.488,0.046,0.038,1.020,255,272
30242373,-1.159,1.402,0.244,-0.004,0.042,1.070,255,272
30243640,-0.976,1.463,0.183,-0.018,0.015,1.028,255,272
30244369,-1.220,1.402,0.366,0.022,0.027,1.041,255,272
30245639,-1.159,1.463,0.610,0.033,0.021,1.008,255,272
30246369,-0.915,1.524,0.244,-0.017,0.025,1.020,255,272
30247639,-1.159,1.707,0.549,0.038,0.023,1.043,255,272
30248369,-1.159,1.707,0.549,-0.026,0.038,1.060,255,272
30249639,-0.976,1.585,0.427,0.031,0.030,1.014,255,272
30250373,-1.098,1.707,0.854,-0.014,0.054,1.070,255,272
30251640,-0.732,1.829,0.549,0.050,0.008,1.005,255,272
30252368,-0.854,1.646,0.427,-0.065,0.056,1.055,255,272
30253639,-0.976,1.341,0.366,0.011,0.035,1.035,255,272
30254373,-0.976,1.341,0.366,0.011,0.035,1.035,255,272
30255640,-1.220,1.646,0.366,-0.009,0.030,1.093,255,272
30256367,-1.402,1.890,0.366,-0.031,0.024,1.022,255,272
30257639,-1.220,1.768,0.610,0.026,0.069,1.092,255,272
30258374,-1.463,1.524,0.488,-0.051,0.046,1.059,255,272
30259639,-1.402,1.829,0.305,0.016,-0.002,1.027,255,272
30260369,-1.402,1.829,0.183,-0.039,0.050,1.032,255,272
30261640,-1.341,1.646,0.183,-0.010,0.018,1.045,255,272
30262378,-0.976,1.707,-0.061,-0.009,0.068,0.989,255,272
30263639,-1.220,1.829,0.305,-0.009,-0.007,1.107,255,272
30264366,-1.098,1.585,0.183,-0.022,0.046,1.025,255,272
30265639,-0.915,1.585,0.244,-0.014,0.039,1.072,255,272
30266375,-0.793,1.951,0.244,-0.008,0.016,1.012,255,272
30267640,-0.610,1.402,0.427,0.007,0.037,0.977,255,272
30268365,-0.610,1.402,0.427,0.007,0.037,0.977,255,272
30269639,-0.732,1.707,0.122,-0.041,0.002,1.032,255,272
30270365,-1.037,1.646,0.244,0.016,0.069,1.053,255,272
30271640,-1.098,1.524,-0.061,-0.010,-0.010,1.070,255,272
30272368,-1.220,1.220,-0.122,0.019,0.034,1.017,255,272
30273640,-0.976,1.159,0.427,0.013,0.011,0.997,255,272
30274369,-0.976,1.159,0.427,0.013,0.011,0.997,255,272
30275639,-1.280,1.463,0.366,-0.035,0.039,0.999,255,272
30276374,-1.341,1.463,0.305,0.006,-0.001,1.057,255,272
30277640,-1.220,1.341,0.244,0.030,0.035,1.037,255,272
30278368,-0.976,1.341,0.610,-0.006,0.026,1.046,255,272
30279639,-1.098,1.707,0.427,-0.005,0.020,1.054,255,272
30280370,-0.854,1.646,0.122,0.042,0.009,1.018,255,272
30281639,-0.793,1.402,0.549,0.005,0.028,1.026,255,272
30282366,-0.793,1.402,0.549,0.025,0.013,1.029,255,272
30283639,-0.793,1.524,0.915,-0.004,0.037,1.011,255,272
30284680,-0.793,1.707,0.427,-0.001,0.038,1.061,255,272
30285641,-0.732,1.524,0.610,0.047,0.025,1.031,255,282
30286471,-0.793,1.402,0.549,0.009,0.046,1.031,255,282
30287640,-0.854,1.524,0.183,0.009,0.060,1.106,255,282
30288389,-0.854,1.524,0.183,0.009,0.060,1.106,255,282
30289639,-0.915,1.463,0.183,0.024,0.050,1.006,255,282
30290379,-0.976,1.524,0.244,0.000,0.059,1.089,255,282
30291640,-1.098,1.646,0.000,-0.037,-0.033,1.047,255,282
30292374,-1.098,1.402,0.122,0.007,0.103,1.011,255,282
30293639,-1.098,1.585,0.610,0.034,0.027,1.023,255,282
30294381,-1.280,1.524,0.488,-0.012,0.016,1.085,255,282
30295640,-0.976,1.707,0.305,0.033,0.020,1.048,255,282
30296374,-1.159,1.341,0.305,-0.022,0.029,1.036,255,282
30297640,-1.098,1.585,0.061,0.009,0.019,1.052,255,282
30298377,-1.037,1.585,0.183,-0.028,0.031,1.026,255,282
30299640,-0.854,1.585,0.366,-0.014,0.027,1.011,255,282
30300375,-0.976,1.341,0.671,0.036,0.046,1.082,255,282
30301640,-1.220,1.524,0.305,-0.022,0.003,1.067,255,282
30302378,-1.220,1.524,0.305,-0.022,0.003,1.067,255,282
30303640,-1.098,1.646,0.549,0.005,0.017,1.010,255,282
30304365,-1.098,1.768,0.488,-0.074,0.036,1.061,255,282
30305639,-0.976,1.707,0.427,0.048,0.015,1.050,255,282
30306375,-1.037,1.524,0.671,-0.015,0.047,1.056,255,282
30307640,-0.915,1.463,0.427,0.005,0.025,1.071,255,282
30308372,-0.915,1.463,0.427,0.005,0.025,1.071,255,282
30309640,-1.037,1.402,0.488,-0.026,0.047,1.091,255,282
30310372,-0.793,1.463,0.671,-0.009,0.032,1.039,255,282
30311640,-1.037,1.280,0.610,0.036,-0.002,1.068,255,282
30312374,-0.854,1.098,0.549,-0.026,0.055,1.007,255,282
30313640,-0.854,1.524,0.305,-0.024,0.007,1.056,255,282
30314371,-0.854,1.280,0.183,0.048,0.023,1.012,255,282
30315640,-0.915,1.524,0.488,-0.031,0.015,1.056,255,282
30316374,-0.915,1.524,0.488,0.059,0.034,1.039,255,282
30317640,-1.098,1.220,0.610,-0.003,0.015,1.037,255,282
30318374,-1.159,1.463,0.671,-0.050,0.050,1.045,255,282
30319639,-0.915,1.220,0.427,0.088,0.006,1.021,255,282
30320373,-0.854,1.402,0.671,-0.026,0.060,1.042,255,282
30321640,-0.915,1.341,0.122,0.033,0.073,1.083,255,282
30322374,-0.915,1.341,0.122,0.033,0.073,1.083,255,282
30323640,-1.463,1.524,0.488,-0.036,0.041,1.025,255,282
30324379,-1.098,1.402,0.610,0.097,0.031,1.070,255,282
30325639,-1.280,1.220,0.732,-0.075,0.012,1.035,255,282
30326374,-0.854,1.768,0.610,-0.011,0.032,1.042,255,282
30327640,-0.915,1.646,0.915,0.052,0.069,1.017,255,282
30328379,-1.159,1.707,0.610,0.011,-0.020,1.065,255,282
30329640,-1.220,1.463,0.000,0.014,0.015,1.049,255,282
30330370,-0.976,1.159,0.427,0.010,-0.001,1.067,255,282
30331640,-1.159,1.341,0.244,-0.018,0.071,0.992,255,282
30332425,-0.976,1.463,0.427,0.003,0.012,1.006,255,282
30333640,-0.671,1.890,0.549,-0.010,0.016,1.038,255,282
30334712,-0.915,1.463,0.183,-0.052,0.003,0.994,255,282
30335641,-1.220,1.585,0.000,-0.011,0.033,1.015,255,292
30336416,-1.220,1.585,0.000,-0.011,0.033,1.015,255,292
30337639,-1.098,1.768,0.427,-0.044,0.041,1.047,255,292
30338383,-1.037,1.646,0.488,-0.009,0.027,1.075,255,292
30339640,-0.793,1.829,0.671,0.022,0.036,1.001,255,292
30340373,-1.220,1.524,0.244,-0.010,0.011,1.021,255,292
30341639,-0.671,1.646,0.366,0.016,0.000,1.073,255,292
30342371,-0.671,1.646,0.366,0.016,0.000,1.073,255,292
30343639,-1.098,1.585,0.488,-0.015,0.039,1.061,255,292
30344375,-0.976,1.402,0.549,0.025,0.007,1.043,255,292
30345640,-1.098,1.280,0.549,0.012,0.037,0.976,255,292
30346368,-1.037,1.768,0.488,-0.048,0.025,1.060,255,292
30347639,-0.976,1.585,0.244,0.026,0.010,1.029,255,292
30348375,-0.854,1.524,0.427,0.029,0.050,1.044,255,292
30349640,-0.915,1.341,0.427,0.062,0.039,1.049,255,292
30350381,-0.793,1.463,0.793,0.014,0.026,1.015,255,292
30351640,-1.037,1.829,0.793,-0.096,0.049,1.080,255,292
30352375,-0.610,1.585,0.488,0.097,0.019,1.012,255,292
30353640,-0.854,1.463,0.366,-0.016,0.047,1.022,255,292
30354377,-1.098,1.768,0.427,-0.073,-0.001,1.110,255,292
30355640,-1.402,1.402,0.915,-0.039,0.012,0.951,255,292
30356376,-1.402,1.402,0.915,-0.039,0.012,0.951,255,292
30357640,-0.610,1.463,0.427,0.073,-0.010,1.030,255,292
30358382,-1.463,1.524,0.488,-0.053,0.031,1.090,255,292
30359639,-1.037,1.646,0.488,-0.022,0.085,1.021,255,292
30360375,-1.037,1.463,0.549,0.055,0.014,1.066,255,292
30361640,-1.159,1.159,0.549,0.002,-0.009,1.026,255,292
30362372,-1.037,1.220,0.183,-0.069,0.057,0.957,255,292
30363639,-1.098,1.159,0.366,0.002,0.059,1.094,255,292
30364374,-1.159,1.341,0.427,-0.024,0.035,1.065,255,292
30365640,-0.610,1.341,0.061,0.001,-0.000,1.033,255,292
30366437,-0.610,1.524,0.183,0.026,0.059,0.954,255,292
30367640,-0.732,1.829,0.732,0.001,0.011,1.129,255,292
30368414,-0.732,1.463,0.122,-0.030,0.024,1.020,255,292
30369640,-1.220,1.341,0.549,-0.021,0.011,1.062,255,292
30370416,-1.220,1.341,0.549,-0.021,0.011,1.062,255,292
30371640,-1.159,1.524,1.098,0.035,0.044,1.019,255,292
30372435,-1.037,1.463,0.610,-0.047,0.030,1.004,255,292
30373640,-1.341,1.524,0.122,0.030,0.020,1.112,255,292
30374392,-1.280,1.463,0.549,0.007,0.046,1.009,255,292
30375639,-1.220,1.341,0.549,-0.008,0.050,1.094,255,292
30376378,-1.280,1.463,0.427,-0.008,0.050,1.094,255,292
30377640,-1.341,1.341,0.427,-0.006,0.052,1.017,255,292
30378373,-1.220,1.524,0.549,-0.000,0.005,1.057,255,292
30379640,-0.915,1.280,0.366,0.050,-0.001,1.087,255,292
30380378,-0.732,1.463,0.488,-0.009,0.066,0.990,255,292
30381640,-0.793,1.768,0.305,-0.038,-0.000,1.025,255,292
30382376,-1.098,1.768,0.244,0.046,0.040,1.059,255,292
30383640,-0.976,1.707,0.610,-0.073,0.021,1.075,255,292
30384707,-0.671,1.463,0.244,0.106,0.065,0.974,255,292
30385641,-1.037,1.463,0.305,-0.079,0.012,0.996,255,302
30386416,-0.854,1.646,0.366,-0.024,0.068,1.060,255,302
30387639,-0.976,1.402,0.183,0.084,0.030,1.050,255,302
30388381,-1.402,1.402,0.610,-0.098,0.020,1.063,255,302
30389639,-1.280,1.037,0.488,0.054,-0.030,1.067,255,302
30390369,-1.280,1.037,0.488,0.054,-0.030,1.067,255,302
30391640,-0.671,1.402,0.610,-0.005,0.072,1.039,255,302
30392370,-0.854,1.768,0.671,0.031,0.007,1.081,255,302
30393639,-1.037,1.341,0.244,-0.016,0.021,1.034,255,302
30394369,-1.037,1.585,0.244,-0.082,0.031,1.014,255,302
30395639,-1.098,1.707,0.305,0.079,0.003,1.043,255,302
30396368,-1.159,1.524,0.061,-0.023,0.070,0.986,255,302
30397640,-0.671,1.402,0.122,0.078,0.005,1.011,255,302
30398373,-0.915,1.280,0.488,-0.046,0.064,1.012,255,302
30399640,-0.976,1.402,0.244,0.007,-0.008,1.038,255,302
30400365,-1.037,1.463,-0.061,-0.022,0.076,1.025,255,302
30401639,-1.098,1.463,0.549,0.011,0.004,1.103,255,302
30402372,-1.037,1.159,0.183,-0.009,0.016,1.030,255,302
30403640,-0.793,1.524,0.793,0.004,0.029,0.996,255,302
30404366,-0.793,1.524,0.793,0.004,0.029,0.996,255,302
30405639,-0.915,1.463,0.549,0.033,0.015,1.048,255,302
30406370,-0.793,1.585,0.610,-0.022,0.048,1.041,255,302
30407639,-0.976,1.463,0.488,0.002,0.016,1.058,255,302
30408366,-0.732,1.402,0.427,0.054,0.028,1.049,255,302
30409639,-0.732,1.524,0.305,0.012,0.032,1.063,255,302
30410371,-0.793,1.646,0.427,0.012,0.032,1.063,255,302
30411640,-0.915,1.463,0.488,-0.036,0.054,0.978,255,302
30412366,-0.671,1.707,0.366,-0.002,0.013,1.108,255,302
30413639,-0.549,1.524,0.122,0.065,0.019,1.006,255,302
30414370,-0.610,1.585,0.427,-0.051,0.036,1.011,255,302
30415639,-0.427,1.829,0.488,0.016,0.006,1.029,255,302
30416371,-0.915,1.646,0.244,0.066,0.078,1.057,255,302
30417640,-0.366,1.463,0.061,0.060,0.047,1.057,255,302
30418371,-0.366,1.463,0.061,0.060,0.047,1.057,255,302
30419640,-1.585,1.402,0.549,-0.062,0.066,0.971,255,302
30420454,-1.037,1.524,0.427,0.075,0.043,1.092,255,302
30421640,-1.159,1.585,0.366,-0.056,-0.012,1.027,255,302
30422403,-1.037,1.463,0.549,-0.039,0.074,1.051,255,302
30423639,-1.341,1.341,0.366,-0.016,0.034,1.056,255,302
30424379,-1.341,1.341,0.366,-0.016,0.034,1.056,255,302
30425640,-1.402,1.646,0.122,-0.031,0.011,1.065,255,302
30426377,-1.402,1.646,0.305,0.065,0.044,1.088,255,302
30427640,-1.585,1.707,0.549,-0.065,0.030,1.039,255,302
30428382,-1.341,1.463,0.244,0.017,0.000,0.980,255,302
30429639,-1.037,1.402,0.305,-0.028,0.087,0.969,255,302
30430374,-1.098,1.524,0.549,0.007,-0.020,1.088,255,302
30431640,-1.098,1.646,0.427,-0.025,0.011,1.060,255,302
30432378,-1.280,1.402,0.488,0.021,0.015,1.020,255,302
30433640,-0.915,1.585,0.183,-0.008,0.020,1.002,255,302
30434704,-1.159,1.585,0.549,-0.016,0.034,1.053,255,302
30435641,-0.976,1.341,0.366,0.009,0.037,1.034,255,312
30436411,-0.854,1.524,0.427,0.007,0.018,1.026,255,312
30437639,-1.098,1.707,0.549,-0.043,0.026,1.040,255,312
30438382,-1.098,1.707,0.549,-0.043,0.026,1.040,255,312
30439639,-0.793,1.341,0.793,-0.039,0.043,0.989,255,312
30440378,-0.915,1.707,0.610,-0.002,0.016,1.081,255,312
30441640,-0.732,1.402,0.488,0.055,0.034,1.093,255,312
30442380,-0.854,1.402,0.915,-0.022,0.016,0.976,255,312
30443640,-1.220,1.585,0.732,0.050,0.020,0.977,255,312
30444374,-0.976,1.341,0.488,0.050,0.020,0.977,255,312
30445640,-0.854,1.341,0.610,0.042,0.023,1.018,255,312
30446374,-0.793,1.463,0.488,0.036,0.025,1.040,255,312
30447640,-0.854,1.463,0.427,-0.083,0.034,1.051,255,312
30448375,-0.488,1.280,0.244,0.097,0.064,1.075,255,312
30449640,-1.341,1.402,0.366,-0.072,-0.018,1.068,255,312
30450383,-1.220,1.524,0.488,-0.029,0.085,0.976,255,312
30451640,-1.768,1.220,0.305,-0.012,0.019,1.000,255,312
30452377,-1.768,1.220,0.305,-0.012,0.019,1.000,255,312
30453640,-1.524,1.341,0.244,0.062,0.044,1.025,255,312
30454458,-1.280,1.463,0.427,0.002,0.006,1.075,255,312
30455640,-1.159,1.402,0.549,-0.038,0.039,1.047,255,312
30456402,-1.098,1.524,0.183,0.043,-0.022,0.990,255,312
30457639,-1.098,1.890,0.610,-0.017,0.023,1.036,255,312
30458381,-1.098,1.890,0.610,-0.017,0.023,1.036,255,312
30459639,-0.976,1.890,0.671,-0.014,0.048,1.058,255,312
30460374,-1.159,1.463,0.488,0.039,-0.012,1.042,255,312
30461640,-1.037,1.768,0.732,-0.069,0.072,0.987,255,312
30462380,-1.220,1.707,0.976,0.046,-0.010,1.063,255,312
30463640,-1.159,1.585,0.671,-0.012,0.036,1.030,255,312
30464374,-1.220,1.890,0.610,-0.014,0.010,1.084,255,312
30465640,-1.037,1.707,0.549,0.017,0.036,0.992,255,312
30466373,-1.098,1.646,0.366,0.000,0.006,1.118,255,312
30467640,-0.854,1.402,0.610,-0.009,0.066,1.054,255,312
30468378,-0.915,1.098,0.549,0.011,-0.011,1.008,255,312
30469640,-0.915,1.280,0.671,-0.004,0.056,0.993,255,312
30470373,-0.976,1.585,0.854,0.001,0.015,1.119,255,312
30471640,-1.159,1.768,0.854,-0.011,0.054,0.996,255,312
30472414,-1.159,1.768,0.854,-0.011,0.054,0.996,255,312
30473640,-1.098,1.646,0.488,0.030,0.058,1.048,255,312
30474391,-1.220,1.341,0.610,-0.078,0.007,1.058,255,312
30475639,-0.793,1.280,0.427,0.058,0.067,0.952,255,312
30476381,-1.341,1.585,0.549,-0.018,0.010,0.998,255,312
30477640,-1.159,1.646,0.610,-0.010,0.039,1.014,255,312
30478374,-0.915,1.280,0.610,0.035,0.023,1.106,255,312
30479640,-1.463,1.646,0.610,0.039,0.073,1.133,255,312
30480380,-0.976,1.463,0.122,-0.032,-0.012,1.039,255,312
30481640,-1.098,1.341,0.244,0.015,0.059,0.976,255,312
30482372,-0.854,1.220,0.427,-0.015,0.000,1.033,255,312
30483640,-1.280,1.159,0.366,0.013,0.074,1.005,255,312
30484717,-1.524,1.402,0.305,-0.069,0.047,0.966,255,312
30485641,-1.341,1.341,0.244,0.032,0.021,1.071,255,321
30486408,-0.915,1.402,0.610,-0.023,0.029,1.046,255,321
30487639,-1.280,1.280,0.366,0.010,-0.003,1.057,255,321
30488374,-0.976,1.585,0.610,-0.042,0.063,0.979,255,321
30489639,-1.402,1.463,0.488,0.048,0.048,1.095,255,321
30490368,-1.280,1.402,0.427,-0.054,0.032,1.079,255,321
30491639,-1.341,1.341,0.793,-0.012,0.013,1.017,255,321
30492378,-1.341,1.341,0.793,-0.012,0.013,1.017,255,321
30493639,-1.159,0.976,0.427,0.048,0.000,1.148,255,321
30494373,-0.671,1.280,0.610,-0.034,0.050,1.006,255,321
30495640,-0.793,1.220,0.427,0.028,0.052,1.131,255,321
30496369,-0.915,1.220,0.671,-0.007,0.021,0.921,255,321
30497639,-1.037,1.585,0.671,-0.000,0.065,1.052,255,321
30498376,-0.915,1.463,0.488,0.024,-0.035,1.010,255,321
30499640,-1.159,1.585,0.427,0.015,0.004,1.063,255,321
30500369,-1.220,1.890,0.610,0.002,0.047,1.022,255,321
30501639,-1.646,1.829,0.305,-0.026,0.008,1.198,255,321
30502373,-1.280,1.524,0.305,0.055,0.034,0.968,255,321
30503640,-1.646,1.585,0.549,-0.040,0.026,1.058,255,321
30504368,-1.098,1.585,0.427,0.024,0.044,0.979,255,321
30505639,-1.402,1.707,0.732,-0.066,0.036,1.010,255,321
30506373,-1.402,1.707,0.732,-0.066,0.036,1.010,255,321
30507640,-1.341,1.768,0.305,-0.064,0.003,1.115,255,321
30508369,-0.854,1.707,0.305,0.039,0.058,1.021,255,321
30509639,-0.976,1.463,0.427,0.001,0.006,1.102,255,321
30510429,-0.976,1.463,0.549,-0.007,0.035,0.899,255,321
30511640,-1.037,1.524,0.366,-0.020,0.029,1.083,255,321
30512393,-1.037,1.646,0.366,-0.028,0.059,0.964,255,321
30513639,-0.976,1.646,0.183,-0.038,-0.005,1.053,255,321
30514376,-0.793,1.707,0.061,-0.017,0.033,0.992,255,321
30515640,-0.732,1.829,0.061,0.014,0.021,1.091,255,321
30516365,-0.549,1.220,0.061,-0.009,0.022,0.977,255,321
30517639,-0.732,1.707,-0.061,-0.047,0.036,1.054,255,321
30518365,-0.915,1.341,0.122,0.035,0.048,1.042,255,321
30519640,-0.854,1.768,0.122,0.007,0.020,1.074,255,321
30520380,-0.854,1.768,0.122,0.007,0.020,1.074,255,321
30521640,-1.098,1.829,0.366,-0.006,0.007,0.996,255,321
30522365,-1.220,1.341,0.427,0.007,0.043,0.972,255,321
30523639,-0.976,1.829,0.244,-0.030,0.036,1.003,255,321
30524378,-1.159,1.768,0.183,0.045,0.017,1.125,255,321
30525640,-0.915,1.463,0.000,-0.009,0.033,1.018,255,321
30526381,-0.915,1.463,0.000,-0.009,0.033,1.018,255,321
30527639,-1.159,1.768,0.305,-0.008,0.011,1.069,255,321
30528368,-0.976,1.707,0.305,0.030,0.006,1.000,255,321
30529640,-1.341,1.707,0.610,-0.005,0.043,0.982,255,321
30530365,-1.280,1.707,0.183,0.006,0.012,1.026,255,321
30531639,-1.524,1.524,0.305,0.015,0.052,1.048,255,321
30532379,-1.585,1.280,0.671,-0.035,0.013,1.092,255,321
30533640,-1.220,1.524,0.671,0.004,0.024,1.078,255,321
30534708,-0.976,1.341,0.244,0.008,0.063,0.950,255,321
30535641,-0.976,1.159,0.305,-0.017,-0.001,1.000,255,331
30536462,-1.463,1.463,0.183,0.028,0.058,1.048,255,331
30537640,-1.280,1.585,0.305,-0.004,0.017,1.079,255,331
30538399,-1.829,1.402,0.244,0.000,0.032,1.077,255,331
30539639,-1.585,1.524,0.366,-0.025,0.076,1.007,255,331
30540382,-1.585,1.524,0.366,-0.025,0.076,1.007,255,331
30541639,-0.915,1.707,0.366,-0.090,0.021,1.083,255,331
30542375,-0.976,1.585,0.305,0.026,-0.028,1.018,255,331
30543640,-0.915,1.280,0.549,0.025,0.053,0.999,255,331
30544373,-0.976,1.768,0.244,-0.051,0.021,1.063,255,331
30545640,-0.854,1.463,0.122,0.004,0.030,1.033,255,331
30546378,-0.915,1.402,0.000,-0.014,0.034,1.028,255,331
30547640,-1.402,1.402,0.488,-0.013,0.033,1.052,255,331
30548381,-0.732,1.220,0.122,-0.007,0.002,1.041,255,331
30549640,-0.976,1.585,0.244,0.011,0.057,1.103,255,331
30550377,-0.793,1.402,0.122,0.028,0.004,0.950,255,331
30551640,-1.220,1.768,0.305,-0.070,0.069,1.021,255,331
30552375,-0.793,1.646,0.183,0.069,-0.013,1.042,255,331
30553640,-0.976,1.463,0.244,0.016,0.001,1.039,255,331
30554377,-0.976,1.463,0.244,0.016,0.001,1.039,255,331
30555640,-1.037,1.646,0.305,-0.046,0.029,1.028,255,331
30556373,-1.159,1.341,0.427,0.087,0.021,1.000,255,331
30557640,-1.463,1.280,0.488,-0.099,0.035,1.067,255,331
30558382,-1.280,1.585,0.183,0.047,0.006,1.023,255,331
30559639,-1.463,1.585,0.549,-0.026,0.013,1.008,255,331
30560373,-1.463,1.585,0.549,-0.026,0.013,1.008,255,331
30561640,-0.976,1.463,0.244,-0.026,0.035,1.051,255,331
30562377,-0.915,1.524,0.366,-0.002,0.034,1.146,255,331
30563640,-0.854,1.463,0.366,-0.039,-0.009,1.015,255,331
30564374,-1.280,1.341,0.305,0.030,0.084,0.983,255,331
30565639,-0.976,1.220,0.610,0.030,-0.004,1.061,255,331
30566373,-1.280,1.280,0.366,-0.021,0.056,1.000,255,331
30567640,-1.220,1.463,0.488,0.019,0.046,1.022,255,331
30568380,-1.220,1.707,0.549,0.000,0.029,1.052,255,331
30569640,-1.280,1.768,0.366,-0.036,-0.006,0.994,255,331
30570375,-1.159,1.768,0.427,0.000,0.073,1.010,255,331
30571640,-1.341,1.646,0.488,-0.001,-0.003,1.081,255,331
30572379,-1.159,1.341,0.366,-0.051,0.050,1.043,255,331
30573640,-1.098,1.646,0.061,0.029,0.043,0.964,255,331
30574373,-1.098,1.646,0.061,0.029,0.043,0.964,255,331
30575640,-1.159,1.402,0.244,-0.025,0.026,1.034,255,331
30576377,-0.976,1.402,0.488,0.021,0.014,1.032,255,331
30577640,-1.280,1.463,0.549,0.009,0.046,1.078,255,331
30578373,-1.524,1.829,0.488,-0.012,0.005,1.081,255,331
30579640,-0.976,2.073,0.305,0.006,0.053,0.987,255,331
30580377,-0.854,1.707,0.305,0.010,0.026,0.968,255,331
30581640,-0.915,1.402,0.549,0.006,0.038,1.055,255,331
30582371,-0.976,1.707,0.671,0.000,0.007,1.142,255,331
30583639,-0.976,1.341,0.305,0.031,0.063,0.970,255,331
30584706,-1.280,1.280,0.305,-0.037,0.024,0.981,255,331
30585641,-1.098,1.463,0.183,0.015,0.047,1.029,255,341
30586411,-0.854,1.341,0.305,0.007,0.009,1.052,255,341
30587639,-0.732,1.463,0.610,0.036,0.014,0.999,255,341
30588370,-0.732,1.463,0.610,0.036,0.014,0.999,255,341
30589640,-1.524,1.646,0.366,0.019,0.017,1.041,255,341
30590381,-1.585,1.341,0.366,-0.044,0.031,1.089,255,341
30591640,-1.159,1.524,0.488,0.033,0.040,0.996,255,341
30592374,-1.159,1.524,0.488,0.016,0.010,1.078,255,341
30593640,-1.098,1.768,0.610,-0.004,-0.004,1.049,255,341
30594369,-1.098,1.768,0.610,-0.004,-0.004,1.049,255,341
30595639,-0.854,1.341,0.915,0.009,0.007,1.060,255,341
30596365,-1.159,1.585,0.488,-0.059,0.038,1.001,255,341
30597639,-0.854,1.585,0.793,0.021,0.057,1.023,255,341
30598381,-1.098,1.524,0.610,-0.027,0.027,1.103,255,341
30599640,-1.159,1.280,0.610,-0.002,0.007,1.041,255,341
30600374,-1.220,1.463,0.671,-0.031,0.044,1.033,255,341
30601640,-1.098,1.341,0.732,-0.027,0.082,1.053,255,341
30602381,-1.159,1.463,0.549,0.001,-0.024,1.040,255,341
30603640,-1.098,1.707,0.427,-0.001,0.062,1.026,255,341
30604438,-1.159,1.585,0.305,0.021,0.007,1.030,255,341
30605640,-1.220,1.707,0.366,-0.046,0.042,1.003,255,341
30606395,-1.098,1.768,0.366,0.063,-0.010,1.077,255,341
30607639,-1.098,1.280,0.549,0.068,0.017,1.036,255,341
30608377,-1.098,1.280,0.549,0.068,0.017,1.036,255,341
30609640,-0.976,1.768,0.427,0.034,0.028,1.012,255,341
30610377,-1.037,1.341,0.488,0.022,0.047,1.046,255,341
30611640,-1.220,1.402,0.488,-0.070,0.002,1.080,255,341
30612375,-1.098,1.585,0.427,0.069,0.038,1.020,255,341
30613640,-1.098,1.463,0.610,-0.064,0.038,0.998,255,341
30614376,-0.915,1.524,0.427,0.035,0.031,1.018,255,341
30615640,-1.341,1.220,0.610,0.006,0.053,1.025,255,341
30616379,-1.098,0.976,0.305,0.008,0.012,1.041,255,341
30617640,-1.585,1.280,0.305,0.003,0.041,1.034,255,341
30618364,-1.402,1.402,0.732,0.025,0.029,1.082,255,341
30619639,-1.341,1.402,0.549,0.003,0.033,1.028,255,341
30620380,-0.976,1.585,0.488,-0.067,0.032,0.958,255,341
30621639,-0.671,1.585,0.305,-0.035,0.051,1.168,255,341
30622375,-0.671,1.585,0.305,-0.035,0.051,1.168,255,341
30623640,-1.280,1.646,0.366,0.042,0.048,0.944,255,341
30624380,-0.854,1.768,0.549,-0.043,0.043,1.032,255,341
30625640,-1.159,1.402,0.366,0.077,-0.003,1.042,255,341
30626373,-0.915,1.646,0.183,-0.118,0.068,1.095,255,341
30627640,-1.098,1.280,0.732,-0.025,0.062,1.045,255,341
30628378,-1.098,1.280,0.732,-0.025,0.062,1.045,255,341
30629640,-1.037,1.707,0.488,0.017,-0.001,1.063,255,341
30630374,-1.037,1.524,0.671,0.004,0.073,0.979,255,341
30631640,-1.098,1.585,0.488,0.006,0.001,1.039,255,341
30632368,-0.915,1.646,0.488,-0.013,0.043,1.066,255,341
30633639,-1.037,1.524,0.366,-0.009,0.018,1.106,255,341
30634715,-1.159,1.524,0.549,-0.057,0.058,0.953,255,341
30635641,-1.341,1.585,0.366,0.069,0.009,1.059,255,351
30636403,-1.585,1.280,0.427,-0.028,0.028,0.995,255,351
30637639,-1.768,1.524,0.488,-0.019,0.032,1.166,255,351
30638377,-1.341,1.341,0.488,0.072,0.001,0.900,255,351
30639640,-0.915,1.524,0.305,-0.084,0.074,1.070,255,351
30640432,-0.732,1.341,0.366,0.074,0.006,1.040,255,351
30641640,-0.976,1.463,0.549,0.022,0.057,0.963,255,351
30642394,-0.976,1.463,0.549,0.022,0.057,0.963,255,351
30643639,-1.280,1.524,0.488,-0.035,0.093,1.063,255,351
30644376,-0.854,1.524,0.610,0.046,-0.015,1.056,255,351
30645640,-1.037,1.585,0.610,-0.056,0.079,1.020,255,351
30646378,-0.976,1.463,0.610,0.011,0.006,1.010,255,351
30647640,-1.524,1.341,0.427,-0.010,0.039,1.045,255,351
30648367,-1.280,1.341,0.549,-0.004,0.038,1.053,255,351
30649639,-1.280,1.402,0.122,-0.039,0.017,1.018,255,351
30650383,-1.159,1.585,0.549,0.021,0.061,1.027,255,351
30651640,-1.220,1.524,0.305,-0.021,-0.014,0.965,255,351
30652376,-1.098,1.768,0.549,-0.010,0.090,1.100,255,351
30653639,-1.037,1.402,0.488,0.029,-0.046,1.071,255,351
30654379,-1.159,1.524,0.610,-0.028,0.119,1.012,255,351
30655640,-1.159,1.707,0.549,-0.001,0.048,1.048,255,351
30656403,-1.280,1.585,0.244,0.010,0.016,1.003,255,351
30657640,-0.732,1.402,0.427,0.026,0.034,1.004,255,351
30658395,-0.793,1.402,0.488,-0.025,0.048,1.059,255,351
30659639,-0.854,1.524,0.549,0.030,0.018,1.049,255,351
30660383,-1.037,1.280,0.488,-0.021,0.039,1.031,255,351
30661639,-1.159,1.159,0.427,0.017,0.004,1.010,255,351
30662371,-1.159,1.159,0.427,0.017,0.004,1.010,255,351
30663639,-1.159,1.341,0.183,0.044,-0.017,1.025,255,351
30664380,-1.280,1.280,0.488,-0.029,0.070,1.102,255,351
30665640,-1.159,1.463,0.305,0.015,-0.005,0.956,255,351
30666373,-1.159,1.098,0.122,0.018,0.033,1.017,255,351
30667640,-1.220,1.524,0.427,-0.015,0.046,1.070,255,351
30668381,-0.854,1.402,0.427,0.012,0.015,1.129,255,351
30669639,-1.098,1.585,0.366,0.049,0.027,0.978,255,351
30670374,-1.463,1.646,0.366,-0.025,0.022,1.089,255,351
30671640,-1.159,1.707,0.305,-0.025,0.065,1.050,255,351
30672380,-1.280,1.341,0.549,0.049,-0.013,1.037,255,351
30673639,-1.220,1.707,0.488,-0.062,0.083,1.030,255,351
30674419,-1.159,1.463,0.488,0.043,-0.013,1.030,255,351
30675640,-1.037,1.829,0.488,-0.032,-0.001,0.955,255,351
30676421,-1.037,1.829,0.488,-0.032,-0.001,0.955,255,351
30677640,-0.915,1.524,0.488,-0.065,0.052,1.056,255,351
30678415,-1.402,1.524,0.122,0.052,-0.005,1.053,255,351
30679640,-1.280,1.646,0.427,-0.054,0.076,0.955,255,351
30680387,-1.098,1.707,0.305,0.043,-0.028,1.036,255,351
30681639,-0.854,1.341,0.366,-0.028,0.054,1.074,255,351
30682378,-0.671,1.768,0.305,-0.010,0.038,0.958,255,351
30683640,-0.732,1.646,0.549,-0.003,0.053,1.103,255,351
30684720,-1.280,1.585,0.488,-0.011,0.018,1.013,255,351
30685641,-1.037,1.341,0.305,0.020,0.050,0.951,255,360
30686410,-0.915,1.768,0.183,-0.013,0.036,1.065,255,360
30687639,-1.220,1.463,0.427,0.043,0.016,1.104,255,360
30688374,-1.037,1.341,0.610,-0.037,0.047,0.920,255,360
30689640,-1.159,1.463,0.488,-0.019,0.044,1.092,255,360
30690381,-1.159,1.463,0.488,-0.019,0.044,1.092,255,360
30691639,-1.341,1.341,0.671,0.050,0.011,1.002,255,360
30692376,-1.220,1.585,0.244,-0.034,0.037,1.046,255,360
30693640,-1.159,1.463,0.305,0.025,0.011,1.123,255,360
30694380,-0.854,1.220,0.366,-0.025,0.035,1.005,255,360
30695640,-0.854,1.402,0.549,0.016,0.007,1.060,255,360
30696368,-0.854,1.402,0.549,0.016,0.007,1.060,255,360
30697639,-1.098,1.159,0.427,0.052,0.006,1.068,255,360
30698367,-1.280,1.341,0.305,-0.027,0.063,1.013,255,360
30699640,-1.098,1.646,0.427,0.004,0.019,1.021,255,360
30700368,-0.976,1.402,0.366,-0.043,0.001,1.096,255,360
30701639,-0.793,1.402,0.549,0.009,0.062,0.997,255,360
30702372,-1.159,1.159,0.366,0.035,-0.006,1.042,255,360
30703640,-0.854,1.341,0.122,0.022,0.014,1.005,255,360
30704368,-0.854,1.341,0.244,-0.019,0.066,1.024,255,360
30705639,-0.793,1.463,0.244,0.046,-0.004,0.992,255,360
30706382,-1.037,1.280,0.427,-0.040,0.018,1.125,255,360
30707639,-0.854,1.463,0.305,-0.001,0.040,0.958,255,360
30708375,-1.220,1.585,0.488,0.026,0.010,1.097,255,360
30709640,-1.037,1.585,0.549,0.023,-0.013,1.092,255,360
30710374,-1.037,1.585,0.549,0.023,-0.013,1.092,255,360
30711640,-1.098,1.707,0.122,0.006,0.036,1.042,255,360
30712368,-1.159,1.280,0.549,0.031,0.006,1.029,255,360
30713639,-1.098,1.524,0.305,-0.042,0.049,0.979,255,360
30714369,-1.220,1.402,0.427,0.057,-0.017,1.145,255,360
30715639,-0.915,1.280,0.671,-0.039,0.063,0.894,255,360
30716374,-1.524,1.402,0.427,0.037,-0.003,1.099,255,360
30717640,-1.280,1.402,0.305,0.045,0.033,1.051,255,360
30718371,-1.220,1.220,0.671,-0.051,0.021,0.964,255,360
30719640,-1.098,1.524,0.488,0.028,0.050,1.123,255,360
30720372,-1.220,1.463,0.488,-0.017,0.010,1.054,255,360
30721640,-1.220,1.463,0.305,0.005,0.076,0.933,255,360
30722374,-1.402,1.585,0.366,0.012,-0.000,1.123,255,360
30723640,-1.220,1.463,0.488,0.023,0.030,0.996,255,360
30724381,-1.220,1.463,0.488,0.023,0.030,0.996,255,360
30725639,-0.976,1.768,0.305,0.004,0.012,1.062,255,360
30726428,-1.159,1.402,0.427,-0.006,0.037,1.006,255,360
30727640,-0.976,1.524,0.305,0.011,0.020,0.994,255,360
30728419,-1.098,1.646,0.244,-0.031,0.035,1.144,255,360
30729639,-1.280,1.524,0.122,0.034,0.020,1.041,255,360
30730392,-1.280,1.524,0.122,0.034,0.020,1.041,255,360
30731639,-0.976,1.524,0.305,0.021,0.008,0.999,255,360
30732376,-1.280,1.524,0.427,-0.029,0.048,1.025,255,360
30733640,-1.280,1.463,0.732,0.051,0.015,1.100,255,360
30734708,-1.341,1.524,0.488,-0.071,0.056,1.046,255,360
30735641,-1.037,1.585,0.305,0.071,0.010,0.921,255,370
30736407,-1.220,1.646,0.244,-0.042,0.042,1.108,255,370
30737639,-1.159,1.159,0.549,-0.039,0.022,0.918,255,370
30738383,-1.037,1.159,0.488,0.068,0.041,1.135,255,370
30739639,-0.854,1.524,0.183,-0.069,0.010,1.089,255,370
30740376,-0.976,1.280,0.549,0.046,0.043,0.999,255,370
30741640,-0.915,1.280,0.610,-0.040,0.008,0.981,255,370
30742382,-1.098,1.768,0.305,0.030,0.031,1.075,255,370
30743639,-0.915,1.646,0.732,0.007,0.029,0.918,255,370
30744374,-0.915,1.646,0.732,0.007,0.029,0.918,255,370
30745640,-1.402,1.402,0.549,0.031,0.012,0.986,255,370
30746376,-1.463,1.220,0.854,-0.022,0.034,1.059,255,370
30747640,-1.341,1.463,0.793,-0.028,0.034,0.983,255,370
30748376,-1.280,1.524,0.732,0.013,0.011,1.065,255,370
30749640,-1.220,1.402,0.671,-0.000,0.077,1.039,255,370
30750378,-1.037,1.707,0.427,-0.038,-0.014,1.012,255,370
30751640,-1.159,1.707,0.000,0.028,-0.020,0.994,255,370
30752384,-1.463,1.524,0.610,-0.004,0.078,1.084,255,370
30753639,-1.037,1.402,0.549,-0.008,-0.013,1.032,255,370
30754383,-0.976,1.585,0.366,0.003,0.046,1.017,255,370
30755639,-1.280,1.585,0.366,-0.019,0.030,1.062,255,370
30756429,-1.341,1.341,0.610,0.009,0.025,0.995,255,370
30757640,-0.671,1.463,0.488,0.000,0.012,0.959,255,370
30758413,-1.098,1.280,0.427,0.010,0.027,1.081,255,370
30759639,-0.854,1.159,0.366,0.014,0.046,0.957,255,370
30760392,-1.037,1.463,0.305,-0.038,0.016,1.085,255,370
30761639,-1.098,1.220,0.549,0.025,0.056,1.019,255,370
30762373,-1.220,1.646,0.610,-0.012,0.009,0.999,255,370
30763640,-1.037,1.402,0.244,-0.021,0.004,0.914,255,370
30764377,-1.037,1.402,0.244,-0.021,0.004,0.914,255,370
30765639,-0.976,1.402,0.488,-0.026,0.017,1.023,255,370
30766373,-1.280,1.341,0.244,0.024,0.048,1.004,255,370
30767640,-1.402,1.463,0.610,-0.026,0.017,1.016,255,370
30768380,-1.341,1.768,0.427,0.015,0.033,1.116,255,370
30769639,-1.098,1.585,0.854,-0.033,0.059,1.014,255,370
30770374,-0.549,1.159,0.427,0.080,-0.024,1.012,255,370
30771640,-0.793,1.402,0.549,0.023,-0.019,0.885,255,370
30772381,-1.280,1.646,0.793,0.006,0.102,1.206,255,370
30773639,-1.098,1.646,0.366,-0.050,-0.009,0.937,255,370
30774374,-1.341,1.707,0.305,0.011,0.031,1.109,255,370
30775640,-0.915,1.646,-0.061,-0.032,0.017,1.033,255,370
30776378,-1.402,1.585,0.183,0.057,0.033,1.022,255,370
30777640,-1.098,1.585,0.427,0.051,-0.009,1.048,255,370
30778373,-1.098,1.585,0.427,0.051,-0.009,1.048,255,370
30779640,-0.671,1.707,0.427,0.028,-0.001,0.898,255,370
30780415,-1.280,1.707,0.427,-0.019,0.035,1.188,255,370
30781640,-1.037,1.707,0.244,-0.017,0.004,0.931,255,370
30782427,-1.341,1.646,0.488,0.027,0.053,1.095,255,370
30783640,-0.915,1.585,0.610,-0.021,0.035,1.014,255,370
30784738,-0.976,1.402,0.244,-0.034,0.056,1.142,255,370
30785641,-0.915,1.524,0.549,0.069,-0.012,0.959,255,380
30786401,-1.707,1.098,0.549,-0.052,0.061,1.132,255,380
30787639,-1.098,1.280,0.610,0.031,-0.017,0.912,255,380
30788372,-1.646,1.159,0.427,-0.000,0.074,1.192,255,380
30789640,-1.159,1.098,0.610,-0.025,-0.013,0.885,255,380
30790384,-1.524,1.220,0.549,0.059,0.062,1.115,255,380
30791639,-1.159,1.159,0.610,0.031,0.021,0.931,255,380
30792452,-1.402,1.402,0.610,-0.068,0.073,1.167,255,380
30793640,-1.220,1.524,0.854,0.077,-0.011,0.906,255,380
30794404,-1.829,1.463,0.427,-0.049,0.049,1.163,255,380
30795639,-0.976,1.402,0.671,-0.025,0.025,0.891,255,380
30796375,-1.463,1.463,0.610,0.058,0.020,1.179,255,380
30797640,-1.098,1.707,0.305,0.058,-0.036,1.080,255,380
30798374,-1.098,1.707,0.305,0.058,-0.036,1.080,255,380
30799639,-0.549,1.829,0.366,0.049,-0.051,0.946,255,380
30800370,-1.037,1.098,0.244,-0.027,0.067,1.209,255,380
30801639,-0.305,1.524,0.183,-0.021,0.004,0.887,255,380
30802376,-0.854,1.463,0.305,0.044,0.035,1.138,255,380
30803639,-0.427,1.402,0.610,-0.059,0.051,0.988,255,380
30804369,-0.854,1.585,0.671,0.068,-0.023,1.078,255,380
30805640,-0.610,1.220,0.488,0.074,-0.034,1.002,255,380
30806366,-0.915,1.037,0.305,-0.048,0.081,1.157,255,380
30807639,-1.037,1.037,0.366,0.059,-0.028,0.913,255,380
30808369,-1.524,1.098,0.305,-0.061,0.104,1.150,255,380
30809639,-0.915,1.220,0.488,0.095,-0.037,0.966,255,380
30810375,-1.280,1.585,0.244,-0.062,0.091,1.089,255,380
30811640,-1.402,1.402,0.366,0.005,0.088,1.072,255,380
30812381,-1.402,1.402,0.366,0.005,0.088,1.072,255,380
30813639,-1.098,1.402,0.488,0.033,0.067,1.062,255,380
30814401,-1.159,1.524,0.549,-0.026,-0.005,1.084,255,380
30815640,-0.854,1.463,0.427,0.006,0.065,0.965,255,380
30816412,-1.098,1.829,0.488,-0.027,0.018,1.134,255,380
30817639,-0.671,1.341,0.671,0.023,0.049,0.950,255,380
30818375,-1.463,1.463,0.488,-0.021,0.005,1.154,255,380
30819640,-1.829,1.524,0.244,-0.019,0.031,1.118,255,380
30820376,-1.463,1.524,0.427,-0.012,0.028,1.005,255,380
30821639,-1.524,1.707,0.427,-0.002,0.022,1.021,255,380
30822373,-1.220,1.463,0.244,-0.023,0.052,1.087,255,380
30823640,-0.976,1.768,0.427,0.016,0.004,0.970,255,380
30824378,-0.976,1.524,0.000,-0.044,0.044,1.113,255,380
30825640,-1.280,1.463,-0.183,-0.049,0.054,0.993,255,380
30826387,-1.280,1.463,-0.183,-0.049,0.054,0.993,255,380
30827639,-1.098,1.280,0.305,-0.043,0.055,1.020,255,380
30828381,-0.793,1.524,0.488,0.038,0.011,0.999,255,380
30829639,-1.159,1.402,0.183,-0.024,0.060,1.066,255,380
30830375,-0.976,1.585,0.183,0.041,-0.004,1.001,255,380
30831639,-1.098,1.463,0.366,0.053,0.007,1.004,255,380
30832371,-1.098,1.463,0.366,0.053,0.007,1.004,255,380
30833639,-1.037,1.585,0.305,-0.013,0.006,1.039,255,380
30834728,-0.854,1.646,0.610,0.019,0.065,1.053,255,380
30835641,-1.220,1.524,0.366,-0.007,0.006,1.022,255,390
30836398,-1.280,1.402,0.549,0.020,0.050,1.077,255,390
30837639,-1.098,1.341,0.488,-0.023,0.042,1.015,255,390
30838377,-0.854,1.524,0.671,0.033,0.010,1.024,255,390
30839640,-0.915,1.463,0.671,0.063,-0.040,0.979,255,390
30840372,-1.341,1.280,0.549,-0.051,0.077,1.124,255,390
30841639,-1.037,1.280,0.671,-0.002,0.010,0.950,255,390
30842381,-1.280,1.280,0.793,0.011,0.042,1.112,255,390
30843640,-1.098,1.646,0.305,-0.055,0.029,1.011,255,390
30844372,-1.159,1.524,0.427,0.025,0.029,1.056,255,390
30845639,-0.976,1.220,0.305,0.005,0.024,1.000,255,390
30846370,-0.976,1.220,0.305,0.005,0.024,1.000,255,390
30847640,-1.159,1.463,0.122,0.027,0.005,0.932,255,390
30848365,-1.220,1.341,0.183,-0.034,0.033,1.110,255,390
30849640,-0.793,1.646,0.305,0.008,0.031,0.896,255,390
30850382,-1.280,1.646,0.305,0.015,0.042,1.132,255,390
30851639,-0.793,1.585,0.244,-0.024,0.012,1.000,255,390
30852370,-1.159,1.646,0.488,0.051,0.032,1.043,255,390
30853639,-0.915,1.524,0.244,0.067,0.027,1.003,255,390
30854377,-0.854,1.402,0.488,-0.050,0.026,1.075,255,390
30855639,-0.854,1.524,0.732,0.054,0.036,1.016,255,390
30856370,-0.976,1.646,0.427,-0.019,0.013,1.068,255,390
30857639,-0.427,1.646,0.610,0.008,0.033,0.966,255,390
30858371,-1.037,1.646,0.427,-0.012,0.023,1.105,255,390
30859640,-1.159,1.585,0.366,0.024,0.047,1.135,255,390
30860372,-1.159,1.585,0.366,0.024,0.047,1.135,255,390
30861640,-1.098,1.524,0.244,-0.012,0.048,1.075,255,390
30862371,-1.402,1.463,0.427,0.013,0.018,1.021,255,390
30863639,-1.341,1.220,0.610,-0.016,0.056,1.025,255,390
30864377,-1.463,1.585,0.549,-0.030,0.031,1.079,255,390
30865640,-1.159,1.402,0.366,-0.005,0.042,1.053,255,390
30866372,-1.159,1.402,0.366,-0.005,0.042,1.053,255,390
30867639,-1.159,1.280,0.427,-0.002,-0.001,1.117,255,390
30868376,-1.159,1.524,0.244,-0.002,0.029,0.981,255,390
30869639,-0.976,1.707,0.122,-0.023,0.038,1.063,255,390
30870367,-0.976,1.646,0.244,0.028,0.033,1.024,255,390
30871640,-1.037,1.402,0.366,-0.022,0.021,1.020,255,390
30872377,-0.854,1.768,0.732,0.008,0.054,1.030,255,390
30873640,-0.854,1.646,0.488,-0.004,0.045,1.081,255,390
30874366,-1.098,1.646,0.488,0.020,0.001,0.996,255,390
30875639,-1.341,1.707,0.244,-0.017,0.052,1.100,255,390
30876444,-1.159,1.707,0.000,0.016,0.020,1.055,255,390
30877640,-1.159,1.280,0.061,0.022,0.023,0.942,255,390
30878401,-1.037,1.341,0.488,-0.007,0.013,1.144,255,390
30879639,-1.037,1.037,0.732,0.057,0.022,1.145,255,390
30880370,-1.037,1.037,0.732,0.057,0.022,1.145,255,390
30881639,-1.524,0.976,0.488,0.062,0.033,1.029,255,390
30882423,-1.037,1.524,0.427,-0.063,0.045,1.074,255,390
30883640,-1.037,1.341,0.671,0.053,0.009,1.016,255,390
30884734,-0.976,1.037,0.610,-0.073,0.074,1.104,255,390
30885641,-0.793,1.707,0.610,0.055,0.027,0.970,255,399
30886397,-1.037,1.463,0.488,-0.077,0.024,1.147,255,399
30887639,-1.159,1.524,0.732,-0.009,0.027,1.146,255,399
30888373,-0.915,1.463,0.671,-0.015,0.020,0.954,255,399
30889640,-1.280,1.341,0.366,-0.003,0.037,1.073,255,399
30890372,-0.976,1.890,0.549,-0.009,0.015,1.063,255,399
30891639,-0.915,1.585,0.366,-0.014,0.064,1.004,255,399
30892364,-1.098,1.585,0.549,0.041,-0.021,1.089,255,399
30893640,-1.037,1.585,0.122,0.024,-0.003,1.085,255,399
30894375,-1.037,1.585,0.122,0.024,-0.003,1.085,255,399
30895639,-1.037,1.585,0.122,-0.018,0.002,1.103,255,399
30896366,-1.037,1.707,0.244,0.005,0.054,0.969,255,399
30897639,-1.220,1.463,0.366,0.011,0.018,1.091,255,399
30898371,-0.976,1.707,0.488,-0.004,0.035,1.055,255,399
30899640,-1.280,1.341,0.488,0.017,0.039,1.072,255,399
30900368,-1.280,1.341,0.488,0.017,0.039,1.072,255,399
30901640,-1.402,1.037,0.488,0.004,0.052,1.035,255,399
30902371,-0.854,1.280,0.427,0.006,-0.000,1.077,255,399
30903640,-0.976,1.037,0.488,-0.036,0.058,0.996,255,399
30904370,-1.220,1.402,0.915,0.042,0.003,1.079,255,399
30905639,-1.280,1.585,0.427,-0.029,0.065,0.984,255,399
30906375,-0.976,1.646,0.549,0.007,-0.014,1.106,255,399
30907639,-0.976,1.463,0.732,0.035,0.010,1.137,255,399
30908366,-0.976,1.463,0.732,-0.054,0.079,0.958,255,399
30909640,-1.220,1.646,0.427,0.063,0.010,1.159,255,399
30910369,-1.159,1.280,0.488,-0.087,0.037,0.978,255,399
30911639,-1.159,1.585,0.732,0.062,0.011,1.066,255,399
30912375,-0.976,1.707,0.610,-0.032,0.020,1.081,255,399
30913640,-1.159,1.829,0.488,-0.004,-0.025,1.105,255,399
30914370,-1.159,1.829,0.488,-0.004,-0.025,1.105,255,399
30915639,-1.098,1.585,0.305,0.049,-0.040,1.091,255,399
30916377,-0.854,1.524,0.366,-0.044,0.094,0.986,255,399
30917640,-0.732,1.829,-0.122,0.053,-0.030,1.118,255,399
30918372,-0.488,1.524,0.488,-0.049,0.077,0.939,255,399
30919639,-0.793,1.768,0.183,0.052,-0.010,1.118,255,399
30920374,-1.098,1.585,0.488,-0.028,0.051,0.941,255,399
30921640,-1.524,1.402,0.366,0.032,0.032,1.007,255,399
30922370,-1.220,1.220,0.305,-0.012,0.024,1.063,255,399
30923639,-1.341,1.463,0.305,0.001,0.062,1.062,255,399
30924431,-1.159,1.280,0.427,0.011,-0.007,1.030,255,399
30925640,-1.037,1.585,0.732,-0.025,0.084,1.029,255,399
30926392,-0.915,1.280,0.793,0.043,-0.028,1.008,255,399
30927639,-1.159,1.402,0.610,0.027,-0.043,1.073,255,399
30928381,-1.159,1.402,0.610,0.027,-0.043,1.073,255,399
30929640,-1.585,1.646,0.610,-0.014,0.019,1.046,255,399
30930371,-1.463,1.463,0.610,-0.001,0.020,1.058,255,399
30931640,-1.280,1.829,0.427,-0.019,0.041,0.995,255,399
30932419,-1.159,1.098,0.488,0.032,0.021,1.088,255,399
30933640,-1.280,1.402,0.122,0.011,0.016,1.058,255,399
30934723,-1.280,1.951,0.366,0.011,0.032,1.037,255,399
30935641,-1.159,1.159,0.488,-0.042,0.037,1.037,255,409
30936400,-1.098,1.402,0.305,0.069,0.009,1.052,255,409
30937639,-1.037,1.402,0.183,-0.102,0.038,1.059,255,409
30938377,-1.037,1.585,0.549,0.117,0.000,1.000,255,409
30939640,-1.220,1.707,0.366,-0.102,0.059,1.047,255,409
30940379,-0.915,1.951,0.366,0.039,0.010,1.021,255,409
30941640,-0.976,1.280,0.671,0.003,0.038,1.038,255,409
30942372,-1.402,1.280,0.244,0.001,0.005,1.014,255,409
30943640,-1.098,1.341,0.549,0.012,0.042,1.025,255,409
30944369,-0.915,1.280,0.000,-0.001,0.012,1.021,255,409
30945639,-1.098,1.463,0.183,-0.001,0.060,1.009,255,409
30946435,-1.037,1.768,0.305,0.025,0.001,1.085,255,409
30947640,-1.280,1.341,0.610,0.045,0.031,1.086,255,409
30948403,-1.280,1.341,0.610,0.045,0.031,1.086,255,409
30949639,-0.976,1.280,0.427,0.012,0.021,1.054,255,409
30950383,-1.220,1.098,0.488,-0.006,0.029,1.035,255,409
30951639,-1.037,1.707,0.549,-0.010,0.046,1.035,255,409
30952377,-1.341,1.280,0.427,-0.023,0.040,1.050,255,409
30953640,-1.159,1.707,0.366,0.021,0.038,1.028,255,409
30954383,-1.159,1.463,0.305,0.002,-0.024,1.099,255,409
30955640,-1.341,1.402,0.244,0.011,0.013,1.063,255,409
30956372,-0.976,1.646,0.183,0.004,0.025,1.046,255,409
30957640,-1.098,1.585,0.305,-0.010,0.047,1.027,255,409
30958370,-0.976,1.524,0.366,0.008,0.011,1.072,255,409
30959639,-0.793,1.585,-0.061,-0.027,0.040,1.016,255,409
30960369,-1.159,1.402,0.305,0.067,0.023,1.094,255,409
30961639,-1.098,1.524,0.305,-0.001,0.037,1.034,255,409
30962403,-1.098,1.524,0.305,-0.001,0.037,1.034,255,409
30963640,-1.341,1.402,0.305,-0.018,0.066,1.068,255,409
30964414,-1.463,1.159,0.427,0.015,-0.022,0.998,255,409
30965640,-1.159,1.585,0.488,-0.000,0.099,1.070,255,409
30966392,-1.280,1.280,0.244,0.008,-0.032,0.989,255,409
30967639,-0.854,1.402,0.244,-0.024,-0.031,1.030,255,409
30968383,-0.854,1.402,0.244,-0.024,-0.031,1.030,255,409
30969639,-1.037,1.585,0.671,0.026,-0.010,1.054,255,409
30970375,-1.098,1.402,0.488,-0.048,0.090,1.025,255,409
30971640,-1.159,1.037,0.305,0.024,-0.035,1.024,255,409
30972381,-1.037,0.915,0.610,-0.023,0.070,1.071,255,409
30973639,-0.854,1.341,0.427,-0.015,0.031,1.008,255,409
30974372,-0.976,1.585,0.976,-0.012,0.017,1.116,255,409
30975640,-1.037,1.402,0.610,0.034,0.025,1.098,255,409
30976381,-1.220,1.280,0.366,-0.028,0.010,1.018,255,409
30977640,-1.037,1.585,0.122,-0.001,0.036,1.003,255,409
30978394,-1.280,1.524,0.488,0.007,0.021,1.071,255,409
30979640,-1.220,1.707,0.610,0.006,0.031,1.092,255,409
30980391,-1.280,1.402,0.366,-0.021,0.031,1.015,255,409
30981639,-0.976,1.646,0.122,-0.002,0.063,1.094,255,409
30982382,-0.976,1.646,0.122,-0.002,0.063,1.094,255,409
30983639,-0.915,1.768,0.183,-0.024,0.067,1.065,255,409
30984724,-0.793,1.585,0.122,0.043,-0.017,0.978,255,409
30985641,-0.976,1.280,0.366,-0.031,0.075,1.061,255,419
30986404,-1.037,1.402,0.122,0.039,-0.021,1.046,255,419
30987639,-1.037,1.585,0.000,-0.037,0.072,0.986,255,419
30988375,-1.159,1.463,0.244,0.042,0.005,1.062,255,419
30989640,-1.463,1.524,0.549,0.009,-0.027,1.088,255,419
30990378,-1.463,1.524,0.854,-0.003,0.093,0.997,255,419
30991640,-1.159,1.341,0.671,-0.010,-0.025,1.064,255,419
30992369,-0.793,1.280,0.610,0.037,0.098,0.963,255,419
30993639,-0.732,1.402,0.610,-0.030,-0.056,1.129,255,419
30994375,-0.793,1.341,0.732,0.008,0.088,1.016,255,419
30995640,-1.280,1.585,0.793,-0.006,0.033,1.066,255,419
30996369,-1.280,1.585,0.793,-0.006,0.033,1.066,255,419
30997639,-1.220,0.793,0.610,0.015,0.020,1.074,255,419
30998375,-1.280,1.220,0.427,-0.033,0.025,1.010,255,419
30999640,-0.976,1.585,0.305,-0.007,0.014,1.104,255,419
31000371,-1.159,1.341,0.488,0.049,0.040,0.947,255,419
31001640,-0.915,1.341,0.244,-0.031,0.058,0.895,255,419
31002375,-0.915,1.341,0.244,-0.031,0.058,0.895,255,419
31003640,-1.037,1.585,-0.061,-0.093,0.039,0.922,255,419
31004372,-1.098,1.402,-0.061,0.065,0.019,1.143,255,419
31005640,-0.671,1.463,0.122,-0.040,0.040,0.958,255,419
31006377,-0.610,1.402,0.061,0.019,0.033,1.046,255,419
31007640,-0.976,1.341,0.305,0.028,0.031,1.043,255,419
31008368,-0.915,1.463,0.244,-0.047,0.062,1.000,255,419
31009640,-1.037,1.402,0.366,-0.028,0.096,1.066,255,419
31010370,-1.037,1.402,0.366,0.007,-0.042,1.045,255,419
31011640,-1.037,1.463,0.671,-0.006,0.080,0.913,255,419
31012368,-0.915,1.098,0.549,-0.021,-0.019,1.115,255,419
31013639,-0.610,1.037,0.610,0.005,0.096,0.961,255,419
31014366,-0.732,1.098,0.854,0.007,-0.017,1.150,255,419
31015639,-1.585,1.463,0.793,0.043,0.061,1.103,255,419
31016372,-1.585,1.463,0.793,0.043,0.061,1.103,255,419
31017640,-1.159,1.768,0.610,-0.005,0.066,1.080,255,419
31018368,-1.280,1.280,0.305,0.044,-0.018,1.077,255,419
31019639,-0.915,1.585,0.549,-0.059,0.045,1.001,255,419
31020369,-0.549,1.524,0.305,0.004,0.004,1.112,255,419
31021640,-0.793,1.280,0.183,0.008,0.049,0.941,255,419
31022365,-1.037,1.768,0.244,-0.004,0.010,1.146,255,419
31023639,-1.341,1.951,0.000,0.023,-0.000,1.079,255,419
31024377,-1.159,1.341,-0.061,-0.027,0.059,1.018,255,419
31025640,-1.037,1.220,0.122,0.028,-0.010,1.058,255,419
31026372,-1.037,1.341,0.427,-0.005,0.048,1.010,255,419
31027640,-1.280,1.463,0.427,-0.029,0.030,1.031,255,419
31028366,-1.280,1.402,0.244,0.084,0.010,1.017,255,419
31029639,-1.341,1.341,0.305,0.093,-0.034,0.935,255,419
31030371,-1.341,1.341,0.305,0.093,-0.034,0.935,255,419
31031640,-1.524,1.341,0.305,0.036,-0.039,0.969,255,419
31032397,-1.585,1.341,0.366,-0.010,0.105,1.023,255,419
31033639,-1.098,1.280,0.549,0.009,-0.015,1.021,255,419
31034692,-1.159,1.280,0.488,-0.027,0.068,1.074,255,419
31035641,-0.793,1.463,0.488,-0.041,0.017,0.955,255,429
31036398,-0.793,1.463,0.488,-0.041,0.017,0.955,255,429
31037639,-0.976,1.402,0.549,-0.046,0.009,1.032,255,429
31038377,-0.976,1.585,0.427,0.017,0.024,1.096,255,429
31039640,-0.976,1.402,0.732,0.008,0.038,1.029,255,429
31040369,-1.402,1.646,0.488,-0.002,0.002,1.019,255,429
31041640,-0.976,1.646,0.061,-0.049,0.023,1.062,255,429
31042363,-1.098,0.976,0.183,0.054,0.058,1.027,255,429
31043640,-0.793,1.280,0.305,0.012,0.039,0.949,255,429
31044368,-0.793,1.280,0.305,-0.028,0.023,1.077,255,429
31045639,-0.915,1.646,0.244,0.014,0.028,1.038,255,429
31046376,-1.463,1.402,0.366,0.004,0.043,1.067,255,429
31047640,-1.220,1.829,0.244,-0.003,0.021,1.005,255,429
31048370,-1.524,1.463,0.366,-0.030,0.036,1.019,255,429
31049639,-1.341,1.524,0.305,-0.040,0.055,0.976,255,429
31050377,-1.341,1.524,0.305,-0.040,0.055,0.976,255,429
31051640,-1.037,1.707,0.244,-0.021,0.072,0.899,255,429
31052370,-1.280,1.463,0.793,0.014,0.001,1.137,255,429
31053639,-1.341,1.159,0.671,-0.001,0.054,0.959,255,429
31054443,-1.159,1.280,0.671,-0.010,-0.015,1.134,255,429
31055640,-1.159,1.098,0.732,0.019,0.053,0.930,255,429
31056386,-1.402,1.463,0.854,-0.007,-0.003,1.118,255,429
31057639,-1.220,1.707,0.305,0.045,0.003,1.067,255,429
31058370,-1.098,1.280,0.366,-0.029,0.058,1.056,255,429
31059639,-1.402,1.220,0.183,-0.013,-0.013,1.012,255,429
31060373,-0.915,1.707,0.488,-0.003,0.046,1.055,255,429
31061640,-1.402,1.829,0.488,-0.030,0.031,0.987,255,429
31062371,-1.220,1.768,0.488,0.052,-0.011,1.133,255,429
31063640,-0.793,1.646,0.122,0.115,-0.007,1.047,255,429
31064381,-0.793,1.646,0.122,0.115,-0.007,1.047,255,429
31065640,-0.854,1.585,0.000,0.038,0.008,0.976,255,429
31066374,-1.220,1.951,0.122,-0.030,0.017,1.070,255,429
31067640,-1.037,1.646,0.305,0.018,0.059,0.994,255,429
31068384,-1.280,1.646,0.122,0.009,-0.010,1.014,255,429
31069640,-1.037,1.463,0.427,0.035,-0.023,0.950,255,429
31070371,-1.159,1.280,0.183,0.035,-0.023,0.950,255,429
31071639,-1.280,1.280,0.610,-0.020,0.021,1.005,255,429
31072372,-1.280,1.646,0.427,0.004,0.017,1.028,255,429
31073639,-1.463,1.402,0.610,-0.006,0.060,1.068,255,429
31074372,-1.463,1.341,0.488,0.001,0.008,1.007,255,429
31075639,-1.280,1.220,0.854,0.011,0.039,1.018,255,429
31076376,-1.402,1.402,0.366,-0.019,0.025,1.062,255,429
31077640,-1.524,1.524,0.732,0.022,0.067,1.066,255,429
31078378,-0.915,1.463,0.732,-0.018,0.019,0.980,255,429
31079640,-1.098,1.280,0.793,0.022,-0.009,1.123,255,429
31080377,-1.220,1.098,0.549,-0.025,0.049,1.023,255,429
31081640,-1.280,1.768,0.549,0.014,0.010,1.027,255,429
31082373,-0.854,1.463,0.366,0.003,0.024,1.116,255,429
31083639,-0.671,1.524,0.122,0.019,0.029,1.101,255,429
31084721,-0.793,1.463,0.305,0.020,0.065,0.954,255,429
31085641,-0.854,2.256,0.061,0.009,-0.007,1.091,255,438
31086397,-1.159,1.707,-0.122,-0.040,0.066,1.042,255,438
31087639,-1.037,1.463,-0.183,0.066,0.004,0.988,255,438
31088372,-1.280,1.829,0.183,-0.056,0.052,1.098,255,438
31089640,-1.402,1.098,0.244,0.047,-0.003,0.958,255,438
31090376,-1.341,1.524,0.305,-0.024,0.021,1.088,255,438
31091640,-1.585,1.524,0.610,0.018,0.017,1.147,255,438
31092371,-1.159,1.707,0.427,-0.013,0.041,0.913,255,438
31093640,-1.585,1.585,0.671,0.012,0.020,1.103,255,438
31094374,-1.037,1.524,0.488,0.012,0.036,0.987,255,438
31095640,-1.220,1.402,0.671,-0.007,0.001,1.042,255,438
31096418,-1.098,1.280,0.732,-0.039,0.047,1.054,255,438
31097640,-1.463,1.585,0.427,-0.032,0.023,1.029,255,438
31098404,-1.463,1.585,0.427,-0.032,0.023,1.029,255,438
31099639,-0.915,1.463,0.366,0.001,-0.025,1.042,255,438
31100403,-1.159,1.463,0.244,-0.035,0.063,1.042,255,438
31101640,-0.976,1.220,0.305,0.023,0.002,1.077,255,438
31102398,-1.037,1.463,0.183,0.014,0.034,0.962,255,438
31103639,-1.037,1.524,-0.122,-0.005,0.020,1.017,255,438
31104383,-0.610,1.159,-0.061,-0.005,0.020,1.017,255,438
31105639,-0.793,1.524,0.244,0.000,0.036,1.077,255,438
31106380,-1.280,1.220,0.427,-0.004,0.055,1.029,255,438
31107640,-1.098,1.768,-0.061,0.009,-0.011,1.061,255,438
31108378,-1.159,1.646,0.122,-0.016,0.075,1.009,255,438
31109640,-1.463,1.524,0.366,0.022,-0.018,1.074,255,438
31110376,-1.037,1.707,0.244,-0.031,0.056,0.983,255,438
31111640,-1.098,1.463,0.549,0.057,0.035,0.971,255,438
31112369,-1.098,1.463,0.549,0.057,0.035,0.971,255,438
31113640,-1.037,1.463,0.610,0.029,-0.007,1.034,255,438
31114370,-1.037,1.646,0.610,-0.042,0.072,1.040,255,438
31115639,-1.159,1.524,0.671,0.061,-0.011,1.039,255,438
31116382,-1.402,1.707,0.732,-0.076,0.062,1.043,255,438
31117639,-1.220,1.585,0.793,0.013,0.032,1.034,255,438
31118439,-1.220,1.585,0.793,0.013,0.032,1.034,255,438
31119640,-0.915,1.646,0.488,0.042,0.025,1.041,255,438
31120395,-0.915,1.585,0.183,-0.023,-0.004,1.098,255,438
31121639,-0.793,1.707,0.549,-0.022,0.078,0.978,255,438
31122368,-0.732,1.524,0.305,0.037,-0.017,1.130,255,438
31123639,-0.793,1.768,0.183,-0.069,0.057,1.030,255,438
31124379,-0.732,1.463,-0.122,0.053,-0.013,1.070,255,438
31125640,-0.671,1.524,0.244,0.002,-0.023,1.021,255,438
31126373,-1.159,1.402,0.305,0.021,0.092,1.057,255,438
31127639,-0.793,2.012,0.061,-0.016,-0.002,1.006,255,438
31128377,-1.280,1.585,0.305,0.018,0.089,1.065,255,438
31129640,-1.220,1.768,0.244,-0.007,-0.008,1.005,255,438
31130373,-1.341,1.707,-0.061,-0.010,0.042,1.110,255,438
31131640,-1.098,1.585,0.366,-0.011,0.036,1.049,255,438
31132380,-1.098,1.585,0.366,-0.011,0.036,1.049,255,438
31133639,-0.915,1.280,0.366,0.057,0.024,0.999,255,438
31134720,-1.280,1.402,0.488,-0.069,0.053,1.099,255,438
31135641,-1.037,1.159,0.427,0.080,-0.033,0.981,255,448
31136406,-1.037,1.646,0.549,-0.079,0.088,1.013,255,448
31137639,-0.671,1.280,0.610,-0.053,0.097,1.044,255,448
31138381,-1.159,1.341,0.488,-0.053,0.097,1.044,255,448
31139640,-0.671,1.341,0.488,-0.002,0.101,1.054,255,448
31140375,-1.037,1.646,0.305,-0.014,-0.026,1.036,255,448
31141640,-1.098,1.646,0.244,0.008,0.024,1.074,255,448
31142379,-1.341,1.220,0.122,-0.005,0.031,1.036,255,448
31143639,-0.671,1.829,0.122,0.017,0.020,1.036,255,448
31144376,-0.732,1.463,-0.061,-0.049,0.003,1.143,255,448
31145640,-0.793,1.829,-0.244,0.014,0.010,1.124,255,448
31146369,-0.793,1.829,-0.244,0.014,0.010,1.124,255,448
31147639,-0.976,1.585,0.488,0.014,0.031,0.969,255,448
31148367,-1.280,1.707,0.427,0.015,0.024,1.110,255,448
31149639,-1.463,1.098,0.366,-0.016,0.038,0.939,255,448
31150380,-1.524,1.341,0.183,-0.005,0.009,1.057,255,448
31151640,-1.037,0.976,0.488,0.046,-0.021,0.969,255,448
31152375,-1.037,0.976,0.488,0.046,-0.021,0.969,255,448
31153640,-1.402,1.098,0.671,0.006,-0.037,1.033,255,448
31154380,-1.341,1.585,0.854,-0.003,0.042,0.902,255,448
31155640,-1.159,1.280,1.159,0.000,0.052,1.068,255,448
31156378,-0.976,1.524,0.732,-0.016,0.017,1.007,255,448
31157640,-0.671,1.280,0.793,0.015,0.025,1.070,255,448
31158379,-0.610,1.341,0.366,-0.035,0.026,1.034,255,448
31159640,-0.976,1.524,0.183,-0.036,0.036,1.083,255,448
31160378,-1.037,1.463,0.122,-0.005,0.024,1.078,255,448
31161640,-0.976,1.159,0.244,-0.004,0.026,1.063,255,448
31162373,-0.854,1.524,0.610,0.015,0.040,1.040,255,448
31163640,-1.159,1.098,0.427,0.006,0.000,1.040,255,448
31164377,-0.854,1.341,0.305,-0.018,0.055,1.083,255,448
31165640,-0.732,1.402,0.427,0.011,0.084,0.993,255,448
31166374,-0.732,1.402,0.427,0.011,0.084,0.993,255,448
31167640,-1.037,1.402,0.183,0.027,0.042,1.048,255,448
31168380,-1.280,1.768,0.610,0.001,0.032,1.011,255,448
31169640,-1.707,1.524,0.488,-0.039,0.028,1.086,255,448
31170371,-1.220,1.585,0.610,0.036,0.041,1.005,255,448
31171639,-1.220,1.585,0.610,-0.007,0.086,0.988,255,448
31172381,-1.341,1.463,0.610,-0.007,0.086,0.988,255,448
31173639,-1.159,0.976,0.549,-0.058,0.085,0.998,255,448
31174376,-1.402,1.463,0.671,0.077,-0.035,1.140,255,448
31175639,-1.159,1.524,0.732,-0.093,0.082,0.934,255,448
31176381,-0.976,1.280,0.915,0.111,-0.009,1.039,255,448
31177640,-0.854,1.463,0.427,-0.113,0.051,1.048,255,448
31178375,-0.549,1.524,0.366,0.074,0.006,1.005,255,448
31179640,-0.488,1.524,0.610,0.006,-0.002,0.965,255,448
31180377,-0.488,1.524,0.610,-0.011,0.028,1.096,255,448
31181640,-0.915,1.402,0.427,-0.037,0.046,1.052,255,448
31182376,-0.732,1.402,0.244,0.067,-0.017,0.996,255,448
31183640,-0.732,1.768,0.366,-0.043,0.080,1.098,255,448
31184688,-0.610,1.280,0.305,0.038,0.005,0.997,255,448
31185641,-0.732,1.159,0.427,-0.007,0.052,1.078,255,458
31186395,-0.732,1.159,0.427,-0.007,0.052,1.078,255,458
31187639,-0.854,1.890,0.366,-0.052,0.054,1.048,255,458
31188371,-1.402,1.220,0.244,0.018,0.001,1.056,255,458
31189640,-1.159,1.280,0.366,0.007,0.068,0.994,255,458
31190441,-1.341,1.280,0.549,-0.050,-0.012,1.073,255,458
31191640,-1.402,1.280,0.549,0.044,0.055,1.025,255,458
31192394,-1.159,1.402,0.732,-0.026,0.001,1.002,255,458
31193639,-1.220,1.524,0.793,-0.006,-0.003,1.116,255,458
31194409,-0.976,1.280,0.915,-0.034,0.035,1.017,255,458
31195640,-1.159,1.463,0.732,0.048,0.015,1.049,255,458
31196390,-0.976,1.098,0.732,-0.035,0.058,1.063,255,458
31197639,-0.732,1.646,0.610,0.018,-0.011,1.016,255,458
31198377,-1.220,1.098,0.793,-0.006,0.054,1.029,255,458
31199640,-0.671,1.280,0.244,0.042,-0.015,1.075,255,458
31200373,-0.671,1.280,0.244,0.042,-0.015,1.075,255,458
31201640,-0.610,1.646,0.000,0.067,-0.035,1.129,255,458
31202387,-1.341,1.159,0.061,-0.052,0.103,1.074,255,458
31203639,-0.793,1.646,0.122,0.014,-0.008,0.966,255,458
31204374,-1.220,1.646,0.427,-0.008,0.054,1.190,255,458
31205639,-1.220,1.159,0.366,0.005,0.065,1.001,255,458
31206369,-1.585,1.341,0.366,0.044,0.005,0.963,255,458
31207639,-1.341,1.402,0.427,0.108,-0.045,0.991,255,458
31208374,-1.280,1.585,0.549,-0.066,0.092,1.043,255,458
31209640,-1.280,1.524,0.549,-0.005,-0.001,0.997,255,458
31210380,-1.585,1.220,0.488,0.045,0.031,1.100,255,458
31211640,-1.341,1.098,0.793,-0.047,0.046,1.010,255,458
31212373,-1.707,1.280,0.671,0.045,0.007,0.959,255,458
31213640,-1.341,1.098,0.793,-0.024,-0.007,1.039,255,458
31214379,-1.341,1.098,0.793,-0.024,-0.007,1.039,255,458
31215640,-0.732,1.524,0.854,-0.048,0.020,0.993,255,458
31216373,-0.854,1.463,0.427,0.046,0.028,1.032,255,458
31217640,-0.854,1.829,0.793,-0.003,0.044,1.044,255,458
31218373,-0.854,1.707,0.488,-0.025,-0.021,1.044,255,458
31219639,-0.854,1.402,0.427,-0.023,-0.018,1.012,255,458
31220379,-0.854,1.402,0.427,-0.023,-0.018,1.012,255,458
31221640,-0.854,1.463,0.061,-0.058,0.026,1.076,255,458
31222372,-0.915,1.646,0.000,0.058,0.072,1.000,255,458
31223640,-0.915,1.707,0.183,-0.030,-0.001,1.087,255,458
31224402,-1.037,1.585,0.000,-0.015,0.108,1.003,255,458
31225640,-1.280,1.402,0.061,0.058,-0.022,1.055,255,458
31226404,-1.585,1.646,0.366,-0.082,0.073,1.100,255,458
31227639,-1.402,1.524,0.244,-0.050,0.041,1.059,255,458
31228392,-1.341,1.524,0.549,0.011,0.004,1.007,255,458
31229639,-1.402,1.524,0.671,0.033,0.050,1.060,255,458
31230373,-1.159,1.280,0.793,-0.061,0.028,0.988,255,458
31231640,-1.463,1.402,0.488,0.046,-0.005,1.030,255,458
31232377,-1.220,1.646,0.671,-0.028,0.051,1.029,255,458
31233640,-0.915,1.220,0.427,0.038,-0.017,1.068,255,458
31234723,-0.854,1.463,0.244,-0.056,0.097,0.945,255,458
31235641,-0.976,1.280,0.427,0.060,-0.074,1.133,255,468
31236399,-0.793,1.524,0.488,-0.045,0.131,0.948,255,468
31237639,-1.037,1.463,0.305,0.030,-0.060,1.105,255,468
31238377,-0.549,1.402,0.366,-0.037,0.066,1.019,255,468
31239640,-0.732,1.463,0.183,0.006,0.039,1.013,255,468
31240373,-0.854,1.585,0.122,0.028,0.015,1.076,255,468
31241640,-1.098,1.220,0.122,0.052,0.008,1.024,255,468
31242368,-0.976,1.524,0.244,-0.044,0.093,1.071,255,468
31243640,-1.402,1.037,0.183,0.038,-0.017,1.013,255,468
31244376,-1.220,1.585,0.549,0.002,0.094,1.025,255,468
31245640,-1.098,1.646,0.427,-0.067,-0.021,1.129,255,468
31246376,-1.463,1.220,0.366,0.099,0.023,1.001,255,468
31247640,-1.646,1.463,0.549,0.016,-0.005,1.104,255,468
31248377,-1.646,1.463,0.549,0.016,-0.005,1.104,255,468
31249639,-1.463,1.463,0.427,-0.032,-0.001,0.994,255,468
31250380,-1.463,1.280,0.793,0.000,0.071,1.085,255,468
31251640,-1.098,1.768,0.610,0.022,-0.022,0.976,255,468
31252376,-1.159,1.524,0.732,-0.030,0.059,1.048,255,468
31253640,-0.610,1.585,0.427,0.006,0.024,1.066,255,468
31254371,-0.610,1.585,0.427,0.006,0.024,1.066,255,468
31255639,-1.037,1.585,0.305,0.009,-0.005,1.021,255,468
31256364,-0.976,1.220,0.488,0.001,0.048,1.096,255,468
31257639,-0.488,1.585,0.183,-0.060,0.025,1.008,255,468
31258375,-0.549,1.890,0.305,0.073,0.019,1.122,255,468
31259640,-1.098,1.463,0.244,-0.066,0.075,0.948,255,468
31260374,-0.915,1.829,0.122,0.022,-0.024,1.103,255,468
31261640,-1.037,1.646,0.427,0.032,0.010,0.971,255,468
31262372,-1.341,1.829,0.732,-0.040,0.085,1.184,255,468
31263639,-1.220,1.280,0.488,0.024,-0.013,0.949,255,468
31264377,-1.159,1.890,0.305,0.041,0.048,0.967,255,468
31265640,-1.524,1.768,0.549,-0.093,0.019,1.097,255,468
31266383,-1.463,1.402,0.549,0.108,0.007,1.034,255,468
31267639,-1.220,1.341,0.732,-0.052,0.002,1.010,255,468
31268374,-1.220,1.341,0.732,-0.052,0.002,1.010,255,468
31269640,-0.671,1.951,0.549,-0.093,0.020,0.983,255,468
31270369,-0.732,1.159,0.671,0.019,0.026,1.042,255,468
31271639,-0.427,1.585,0.488,0.009,0.028,1.060,255,468
31272377,-0.549,1.463,0.427,-0.023,0.022,1.036,255,468
31273640,-0.732,1.280,0.488,0.002,0.026,1.060,255,468
31274374,-0.732,1.646,0.427,-0.005,0.047,0.980,255,468
31275640,-0.976,1.707,0.183,-0.064,0.040,0.979,255,468
31276381,-1.159,1.220,0.122,0.050,0.039,1.105,255,468
31277640,-1.159,1.402,0.244,-0.014,0.030,1.026,255,468
31278378,-0.915,1.585,0.305,-0.015,0.023,1.106,255,468
31279639,-0.793,0.915,0.061,0.045,0.027,0.925,255,468
31280376,-0.732,1.768,0.000,-0.039,0.068,1.108,255,468
31281639,-1.341,1.524,-0.061,-0.021,0.085,0.906,255,468
31282405,-1.341,1.524,-0.061,-0.012,-0.014,1.128,255,468
31283639,-1.220,1.524,0.549,-0.007,0.046,1.088,255,468
31284696,-1.402,1.768,0.488,0.030,0.002,0.940,255,468
31285641,-1.524,1.463,0.915,-0.042,0.053,1.109,255,477
31286404,-1.402,1.098,0.793,0.025,-0.033,0.974,255,477
31287639,-1.220,1.402,0.854,-0.118,0.013,1.017,255,477
31288380,-1.220,1.402,0.854,-0.118,0.013,1.017,255,477
31289640,-1.098,1.585,0.793,-0.078,0.090,1.112,255,477
31290382,-0.427,1.402,0.427,0.045,-0.044,0.958,255,477
31291640,-0.793,1.463,0.488,-0.044,0.078,1.104,255,477
31292361,-0.366,1.280,0.427,0.029,0.017,0.996,255,477
31293639,-0.671,1.524,0.244,0.001,0.024,1.116,255,477
31294368,-0.732,1.524,0.244,-0.063,0.049,0.959,255,477
31295640,-1.098,1.524,0.183,-0.061,0.063,1.143,255,477
31296371,-1.159,1.463,0.183,0.044,0.021,0.950,255,477
31297639,-1.220,1.768,0.122,-0.042,0.053,1.098,255,477
31298377,-1.098,1.707,0.244,-0.007,0.041,1.037,255,477
31299640,-1.463,1.463,0.122,0.057,0.030,1.032,255,477
31300369,-1.280,1.646,0.488,-0.096,0.042,1.029,255,477
31301639,-1.280,1.707,0.427,-0.016,0.052,1.005,255,477
31302380,-1.280,1.707,0.427,-0.016,0.052,1.005,255,477
31303640,-1.585,1.402,0.793,0.038,0.028,1.073,255,477
31304364,-1.098,1.829,0.915,-0.014,0.025,0.891,255,477
31305640,-1.098,1.585,0.610,-0.009,0.013,1.125,255,477
31306369,-1.037,1.585,0.732,-0.008,0.041,0.997,255,477
31307640,-0.854,1.890,0.793,0.021,0.001,1.076,255,477
31308422,-0.915,1.220,1.098,-0.049,0.052,1.016,255,477
31309640,-1.037,1.280,0.488,-0.030,0.057,1.075,255,477
31310407,-1.098,1.463,0.427,-0.004,0.028,0.993,255,477
31311639,-0.915,1.524,0.427,0.036,0.033,1.121,255,477
31312381,-0.732,1.280,0.244,-0.059,0.019,1.007,255,477
31313639,-1.280,1.524,0.183,-0.002,0.042,1.024,255,477
31314378,-1.220,1.402,0.427,0.033,0.039,1.118,255,477
31315640,-1.098,1.768,0.061,-0.012,0.066,1.097,255,477
31316373,-1.098,1.768,0.061,-0.012,0.066,1.097,255,477
31317639,-1.280,1.402,0.366,0.062,0.076,1.013,255,477
31318367,-1.220,1.829,0.488,-0.060,0.026,1.004,255,477
31319640,-1.280,1.768,0.366,-0.001,0.003,1.121,255,477
31320403,-1.524,1.463,0.549,0.046,0.038,0.979,255,477
31321640,-1.402,1.280,0.488,0.008,0.037,1.096,255,477
31322392,-1.402,1.280,0.488,0.008,0.037,1.096,255,477
31323639,-1.098,1.463,0.793,-0.060,0.055,1.167,255,477
31324385,-0.915,1.280,0.793,0.025,-0.037,0.929,255,477
31325639,-1.037,1.463,0.854,0.019,0.061,1.044,255,477
31326373,-1.037,1.463,1.159,-0.083,0.046,1.043,255,477
31327640,-0.854,1.402,0.854,0.064,-0.034,1.030,255,477
31328375,-1.098,1.220,0.610,-0.039,0.118,1.038,255,477
31329640,-1.037,1.098,0.183,-0.010,0.095,1.088,255,477
31330373,-0.610,1.524,0.061,-0.002,0.013,0.989,255,477
31331640,-0.732,1.280,0.061,0.023,0.033,1.097,255,477
31332367,-0.549,1.402,0.000,-0.010,0.062,1.026,255,477
31333639,-0.915,1.768,0.000,0.022,-0.021,1.054,255,477
31334711,-0.976,1.585,0.244,0.052,0.018,1.028,255,477
31335641,-1.037,1.402,0.122,0.009,0.031,1.032,255,487
31336407,-1.037,1.402,0.122,0.009,0.031,1.032,255,487
31337639,-1.220,1.463,0.427,0.041,-0.028,1.107,255,487
31338384,-0.915,1.768,0.366,-0.021,0.064,0.892,255,487
31339640,-1.463,1.524,0.366,-0.011,0.014,1.162,255,487
31340378,-1.280,1.220,0.549,0.006,0.028,1.035,255,487
31341640,-1.159,1.890,0.671,0.060,-0.004,0.916,255,487
31342368,-1.098,1.585,1.098,-0.079,0.043,1.163,255,487
31343640,-1.098,1.402,0.488,0.004,-0.011,1.181,255,487
31344373,-0.854,1.402,0.671,-0.034,0.066,0.945,255,487
31345639,-1.280,1.524,0.549,0.043,0.012,1.087,255,487
31346374,-0.976,1.220,0.549,-0.037,0.050,1.006,255,487
31347640,-1.037,1.341,0.183,0.071,0.022,1.047,255,487
31348375,-0.976,1.402,0.244,-0.080,0.059,1.140,255,487
31349640,-0.976,1.768,0.000,-0.037,0.081,1.088,255,487
31350367,-0.976,1.768,0.000,-0.037,0.081,1.088,255,487
31351640,-1.524,1.524,-0.061,0.015,0.075,1.072,255,487
31352371,-0.915,1.402,0.183,-0.044,0.045,0.995,255,487
31353639,-1.159,1.524,0.000,0.068,-0.003,1.146,255,487
31354374,-1.463,1.341,0.366,-0.081,0.070,1.012,255,487
31355640,-1.220,1.707,0.427,-0.062,0.076,1.154,255,487
31356382,-1.220,1.707,0.427,-0.062,0.076,1.154,255,487
31357639,-1.524,1.707,0.427,-0.015,0.028,1.132,255,487
31358383,-0.976,1.341,0.976,-0.048,0.054,0.930,255,487
31359640,-1.098,1.341,0.732,0.084,0.008,1.075,255,487
31360374,-0.793,1.463,1.037,-0.095,0.061,1.073,255,487
31361640,-0.793,1.463,0.732,0.051,-0.022,0.982,255,487
31362371,-0.793,1.463,0.793,-0.036,0.068,1.117,255,487
31363639,-0.915,1.159,0.366,-0.007,0.044,1.190,255,487
31364374,-0.305,1.037,0.793,0.013,0.026,0.919,255,487
31365639,-1.341,1.098,0.183,0.068,0.044,1.098,255,487
31366373,-0.976,1.341,0.244,-0.093,0.056,1.010,255,487
31367640,-1.159,1.402,0.000,0.048,-0.013,1.052,255,487
31368372,-1.341,1.463,0.122,-0.047,0.053,1.076,255,487
31369640,-1.341,1.524,-0.122,-0.023,0.001,1.195,255,487
31370435,-1.341,1.524,-0.122,-0.023,0.001,1.195,255,487
31371640,-1.951,1.402,0.122,0.005,0.045,1.078,255,487
31372430,-1.280,1.768,0.244,-0.017,0.042,1.016,255,487
31373640,-1.890,1.707,0.427,0.038,0.002,1.057,255,487
31374390,-1.220,1.768,0.305,-0.053,0.003,1.005,255,487
31375639,-1.585,1.585,0.732,0.018,0.019,1.094,255,487
31376379,-1.159,1.341,0.488,-0.011,0.011,1.010,255,487
31377640,-1.280,0.915,0.549,-0.014,0.004,1.172,255,487
31378373,-0.549,1.402,1.037,0.026,0.013,0.882,255,487
31379639,-1.098,1.341,0.854,-0.027,0.048,1.173,255,487
31380380,-0.366,1.280,0.976,0.017,0.042,0.936,255,487
31381640,-1.037,1.463,0.427,0.002,0.023,1.051,255,487
31382372,-1.037,1.402,0.793,-0.040,0.090,1.008,255,487
31383640,-1.402,1.524,0.427,-0.082,0.129,1.114,255,487
31384707,-1.220,1.585,-0.061,0.044,-0.072,0.948,255,487
31385641,-1.524,1.341,-0.305,-0.076,0.145,1.088,255,497
31386418,-0.854,1.463,0.122,0.054,-0.022,0.981,255,497
31387639,-1.402,1.341,-0.122,0.008,0.052,1.142,255,497
31388371,-0.976,1.707,0.122,-0.042,0.045,0.914,255,497
31389639,-1.341,1.585,0.244,-0.047,0.069,1.024,255,497
31390372,-1.341,1.585,0.244,-0.047,0.069,1.024,255,497
31391639,-1.402,1.646,0.305,-0.124,0.027,1.133,255,497
31392372,-0.915,1.646,0.183,0.132,-0.029,0.925,255,497
31393639,-0.976,2.012,0.610,-0.077,0.061,1.059,255,497
31394371,-0.427,1.585,0.793,-0.000,-0.001,1.015,255,497
31395639,-0.854,1.402,0.305,0.054,0.020,1.095,255,497
31396368,-0.305,1.463,0.793,-0.068,0.010,0.922,255,497
31397640,-0.366,1.220,0.915,-0.014,0.019,0.995,255,497
31398370,-0.854,1.402,0.305,0.008,0.071,1.071,255,497
31399639,-1.220,1.220,0.427,-0.033,0.039,1.024,255,497
31400369,-0.976,1.280,0.305,0.032,0.043,0.994,255,497
31401639,-1.585,1.220,0.244,-0.024,0.053,1.132,255,497
31402376,-1.159,1.585,0.183,0.007,0.011,0.976,255,497
31403640,-1.585,1.463,0.061,0.042,0.013,1.000,255,497
31404367,-1.585,1.463,0.061,0.042,0.013,1.000,255,497
31405639,-1.524,1.341,-0.183,-0.050,0.025,1.036,255,497
31406376,-1.463,1.646,0.122,0.069,0.001,1.068,255,497
31407640,-1.585,1.829,0.061,-0.029,0.025,0.955,255,497
31408363,-1.341,2.195,0.488,-0.003,0.050,1.092,255,497
31409640,-1.341,1.280,0.305,-0.059,-0.021,1.061,255,497
31410367,-0.732,1.890,0.671,0.055,0.014,0.919,255,497
31411640,-0.366,1.524,0.732,0.028,0.000,0.844,255,497
31412367,-0.976,1.585,0.488,0.016,0.044,1.114,255,497
31413639,-0.366,1.402,0.610,-0.026,0.020,0.993,255,497
31414372,-0.549,1.341,0.671,0.009,0.060,1.098,255,497
31415639,-0.488,1.098,0.854,-0.020,0.017,1.006,255,497
31416364,-0.671,1.159,0.915,0.056,0.028,0.984,255,497
31417640,-0.732,1.402,0.610,0.044,-0.007,1.001,255,497
31418371,-0.732,1.402,0.610,0.044,-0.007,1.001,255,497
31419640,-0.976,1.829,0.549,0.001,0.055,0.964,255,497
31420364,-1.463,1.646,0.122,-0.009,0.013,1.138,255,497
31421640,-1.220,1.524,0.488,-0.000,0.049,0.958,255,497
31422372,-1.402,1.220,-0.061,0.061,0.016,1.023,255,497
31423639,-1.463,1.707,-0.122,0.038,0.021,1.080,255,497
31424367,-1.463,1.707,-0.122,0.038,0.021,1.080,255,497
31425640,-1.098,2.073,0.671,0.020,0.028,1.071,255,497
31426368,-1.280,1.707,0.244,-0.033,-0.001,1.065,255,497
31427639,-0.610,2.195,0.366,0.019,-0.015,0.906,255,497
31428441,-0.976,1.524,0.671,-0.006,0.028,1.192,255,497
31429640,-0.427,1.220,0.732,0.031,0.012,0.932,255,497
31430389,-0.549,1.524,0.366,-0.034,0.021,1.073,255,497
31431639,-0.671,1.768,0.793,0.024,0.066,0.991,255,497
31432380,-0.732,1.829,0.732,-0.053,0.034,1.063,255,497
31433640,-0.854,1.341,0.793,0.051,0.037,1.045,255,497
31434707,-0.854,1.220,0.183,-0.065,0.075,1.049,255,497
31435641,-1.159,1.037,0.366,0.044,0.042,1.001,255,507
31436412,-2.012,1.341,0.122,-0.052,0.051,1.051,255,507
31437639,-1.829,0.549,0.000,-0.025,0.047,1.129,255,507
31438385,-1.829,0.549,0.000,-0.025,0.047,1.129,255,507
31439639,-1.890,1.220,0.122,-0.002,0.054,1.056,255,507
31440369,-1.402,1.646,-0.061,0.027,-0.045,0.970,255,507
31441639,-1.707,1.524,0.183,-0.006,0.038,1.087,255,507
31442381,-1.341,1.646,-0.061,-0.048,0.024,0.996,255,507
31443640,-1.280,1.707,0.244,0.046,-0.017,1.187,255,507
31444375,-1.098,1.341,0.366,-0.037,0.031,1.015,255,507
31445640,-0.976,1.768,0.610,-0.074,0.023,1.132,255,507
31446380,-0.427,1.585,0.671,0.091,0.006,0.939,255,507
31447640,-0.183,1.646,0.610,-0.070,0.035,1.064,255,507
31448367,0.061,1.524,0.854,-0.005,0.048,1.014,255,507
31449640,-0.549,1.280,0.854,0.001,0.050,1.104,255,507
31450422,-0.427,1.280,0.854,-0.016,0.055,0.976,255,507
31451640,-0.732,1.341,0.732,-0.030,0.031,1.032,255,507
31452403,-0.915,0.732,0.854,0.019,0.058,1.044,255,507
31453639,-1.280,0.854,0.366,0.023,0.043,1.018,255,507
31454379,-1.524,1.220,0.610,-0.000,0.074,1.105,255,507
31455640,-1.707,1.280,0.183,-0.052,0.060,1.062,255,507
31456409,-1.707,1.524,-0.122,0.082,-0.058,0.988,255,507
31457640,-1.646,1.829,0.122,0.064,0.005,1.077,255,507
31458416,-1.646,1.829,0.122,0.064,0.005,1.077,255,507
31459639,-1.220,1.463,0.122,0.021,-0.024,0.886,255,507
31460392,-1.463,2.012,0.427,-0.031,0.024,1.146,255,507
31461639,-0.976,1.646,0.610,-0.016,-0.009,1.025,255,507
31462377,-0.854,1.829,0.549,0.081,-0.020,1.043,255,507
31463639,-0.305,2.073,0.610,-0.100,0.043,1.015,255,507
31464373,-0.061,1.463,0.732,0.066,0.025,1.102,255,507
31465639,0.061,1.890,0.793,0.032,0.016,0.995,255,507
31466377,-0.305,1.646,0.732,-0.061,0.106,1.127,255,507
31467640,0.244,1.463,0.854,0.052,0.021,0.977,255,507
31468373,-0.671,1.524,0.610,-0.069,0.091,1.096,255,507
31469640,-0.732,1.402,0.549,0.107,0.033,1.005,255,507
31470376,-1.280,1.280,0.732,-0.100,0.124,1.072,255,507
31471639,-2.012,1.220,0.488,0.049,0.053,1.063,255,507
31472375,-2.012,1.220,0.488,0.049,0.053,1.063,255,507
31473640,-2.500,1.463,0.244,-0.000,0.030,1.123,255,507
31474377,-2.134,1.341,0.000,-0.014,-0.017,0.986,255,507
31475640,-2.134,1.524,0.366,0.040,0.012,1.017,255,507
31476377,-2.012,1.646,0.244,-0.050,0.011,1.095,255,507
31477640,-1.402,1.829,0.183,0.041,-0.024,0.990,255,507
31478378,-1.280,1.951,0.061,-0.009,-0.019,1.042,255,507
31479640,-0.793,1.585,0.427,-0.034,0.021,1.007,255,507
31480378,-0.061,1.646,0.549,0.043,-0.037,0.928,255,507
31481640,-0.183,1.890,0.671,-0.049,0.026,1.088,255,507
31482373,0.366,1.890,0.854,0.028,0.030,1.027,255,507
31483640,-0.183,1.829,0.793,-0.037,0.104,1.013,255,507
31484701,-0.671,1.402,0.610,0.008,0.146,1.119,255,507
31485641,-1.098,1.280,0.305,-0.013,0.033,0.900,255,516
31486418,-1.220,1.159,0.305,-0.011,0.077,1.075,255,516
31487639,-1.646,1.159,0.000,-0.005,0.064,1.005,255,516
31488370,-2.012,0.793,0.305,0.018,0.079,1.120,255,516
31489640,-2.256,1.037,0.183,-0.041,0.034,1.038,255,516
31490384,-2.195,1.098,0.122,0.054,0.027,0.985,255,516
31491640,-2.073,1.341,0.183,0.061,-0.033,1.043,255,516
31492374,-2.073,1.341,0.183,0.061,-0.033,1.043,255,516
31493640,-1.585,2.012,0.305,0.025,-0.048,1.035,255,516
31494368,-1.463,1.951,0.122,-0.030,-0.000,1.181,255,516
31495640,-0.610,2.073,0.366,-0.009,0.010,0.921,255,516
31496374,-0.366,2.073,0.488,-0.009,-0.012,1.090,255,516
31497640,-0.244,1.768,0.610,0.005,-0.008,0.993,255,516
31498372,0.061,1.707,0.549,-0.004,0.008,0.985,255,516
31499640,0.427,1.646,0.854,0.055,0.033,1.056,255,516
31500365,0.305,1.280,0.793,-0.052,0.096,1.081,255,516
31501639,-0.061,0.915,0.732,0.022,0.038,0.999,255,516
31502371,-0.610,1.037,0.244,0.026,0.092,1.031,255,516
31503640,-1.098,1.220,0.549,-0.012,0.102,1.059,255,516
31504365,-1.707,0.793,0.427,-0.037,0.050,1.062,255,516
31505639,-2.683,0.915,0.366,0.007,0.045,1.037,255,516
31506470,-2.439,1.037,0.305,-0.013,0.067,1.062,255,516
31507640,-2.439,1.220,0.366,0.002,-0.028,1.099,255,516
31508447,-2.256,1.220,0.244,0.052,-0.008,0.941,255,516
31509640,-2.073,1.707,0.305,-0.050,0.042,1.011,255,516
31510385,-1.646,2.073,0.610,0.044,-0.063,1.114,255,516
31511639,-1.707,1.768,0.671,-0.023,-0.008,1.064,255,516
31512376,-0.915,2.012,0.671,-0.011,-0.032,0.974,255,516
31513639,0.183,1.829,0.427,0.026,-0.046,0.906,255,516
31514374,0.366,2.073,0.610,-0.025,0.017,1.008,255,516
31515639,0.549,1.707,0.488,0.010,0.025,1.066,255,516
31516366,0.793,1.768,0.793,0.028,0.067,1.091,255,516
31517639,0.732,1.341,1.159,-0.078,0.082,1.007,255,516
31518381,0.122,1.341,0.915,0.084,0.031,0.991,255,516
31519639,-0.488,1.159,0.427,-0.007,0.093,1.047,255,516
31520372,-0.488,1.159,0.427,-0.007,0.093,1.047,255,516
31521640,-2.073,1.098,0.305,0.035,0.064,0.955,255,516
31522373,-2.683,1.159,0.061,-0.043,0.071,1.132,255,516
31523640,-2.683,0.793,0.244,0.009,0.044,1.028,255,516
31524379,-2.805,0.915,-0.183,0.039,-0.007,1.079,255,516
31525640,-2.622,1.341,-0.122,-0.020,0.008,1.097,255,516
31526369,-2.622,1.341,-0.122,-0.020,0.008,1.097,255,516
31527640,-2.012,1.890,0.244,0.008,-0.024,0.984,255,516
31528380,-1.280,2.073,0.488,-0.040,-0.044,1.134,255,516
31529640,-0.488,1.646,0.549,0.002,0.026,1.046,255,516
31530373,0.122,1.890,0.305,0.022,-0.069,0.928,255,516
31531640,0.305,2.073,0.610,-0.032,0.040,1.101,255,516
31532392,0.366,1.646,0.671,0.024,-0.023,1.040,255,516
31533639,0.549,1.402,0.915,-0.035,0.015,1.077,255,516
31534695,0.488,1.341,0.610,0.061,0.122,1.098,255,516
31535641,-0.061,1.159,0.732,-0.051,0.096,1.033,255,526
31536411,-0.305,0.915,0.488,0.002,0.100,0.936,255,526
31537639,-1.402,1.098,0.488,-0.005,0.061,1.088,255,526
31538371,-2.073,0.915,0.305,0.011,0.082,1.003,255,526
31539639,-2.866,0.854,0.183,0.018,0.045,0.982,255,526
31540373,-2.866,0.854,0.183,0.018,0.045,0.982,255,526
31541640,-2.744,1.585,0.122,0.017,0.016,1.102,255,526
31542376,-3.232,1.463,0.061,0.007,-0.015,1.101,255,526
31543640,-2.683,1.280,-0.122,-0.001,-0.056,0.872,255,526
31544422,-2.195,2.012,0.244,0.012,-0.053,1.053,255,526
31545640,-1.098,2.195,0.000,-0.027,-0.044,1.203,255,526
31546414,-0.549,1.951,0.305,-0.010,-0.012,0.974,255,526
31547639,0.610,2.256,0.976,0.007,0.019,1.152,255,526
31548386,0.915,2.012,0.915,-0.014,0.020,1.050,255,526
31549639,0.854,1.829,0.854,-0.015,0.065,0.915,255,526
31550380,0.793,1.463,0.549,-0.011,0.026,1.028,255,526
31551640,0.671,1.524,0.793,0.025,0.137,1.095,255,526
31552374,-0.061,1.463,0.793,-0.063,0.104,1.032,255,526
31553640,-1.220,0.915,0.061,-0.035,0.120,1.033,255,526
31554379,-1.220,0.915,0.061,-0.035,0.120,1.033,255,526
31555640,-2.500,0.549,0.061,-0.037,0.092,1.111,255,526
31556367,-2.805,0.671,-0.061,0.059,-0.028,0.965,255,526
31557639,-3.049,0.915,-0.305,-0.042,0.078,0.990,255,526
31558370,-2.805,1.341,-0.183,0.046,-0.048,1.051,255,526
31559639,-2.683,1.707,0.122,0.021,-0.105,0.948,255,526
31560374,-2.683,1.707,0.122,0.021,-0.105,0.948,255,526
31561639,-1.220,2.317,0.549,-0.010,-0.067,1.088,255,526
31562381,-0.671,2.073,0.732,0.002,0.010,1.009,255,526
31563640,0.549,2.012,0.610,-0.000,-0.070,1.002,255,526
31564375,1.280,2.195,0.854,0.009,0.026,1.107,255,526
31565639,1.341,1.951,0.732,-0.007,0.004,1.022,255,526
31566375,1.585,1.890,0.732,-0.036,0.083,1.018,255,526
31567640,0.793,1.402,0.488,0.026,0.148,0.994,255,526
31568373,0.000,1.159,0.549,-0.066,0.071,1.038,255,526
31569640,0.000,1.037,0.549,0.017,0.153,1.030,255,526
31570355,-1.098,1.159,0.244,0.020,0.049,1.047,255,526
31571639,-1.768,0.915,0.305,-0.027,0.166,1.035,255,526
31572383,-2.561,0.732,0.061,-0.015,0.036,1.062,255,526
31573639,-3.720,1.220,-0.244,-0.030,0.038,1.056,255,526
31574375,-3.720,1.220,-0.244,-0.030,0.038,1.056,255,526
31575639,-3.354,1.463,0.366,-0.004,-0.035,1.046,255,526
31576377,-2.744,1.585,0.122,0.012,-0.067,0.996,255,526
31577640,-2.439,2.256,0.305,-0.018,-0.061,1.088,255,526
31578375,-1.402,2.500,0.610,0.024,-0.054,1.132,255,526
31579640,-0.427,2.073,0.671,-0.030,-0.026,0.957,255,526
31580372,0.732,2.439,0.488,0.025,-0.049,0.939,255,526
31581640,1.524,1.951,1.037,0.052,0.034,0.997,255,526
31582372,1.402,1.890,0.976,-0.086,0.075,0.961,255,526
31583640,1.341,1.585,0.732,0.012,0.044,1.039,255,526
31584699,0.610,1.280,0.671,0.018,0.152,1.162,255,526
31585641,0.427,1.037,0.793,-0.024,0.110,1.005,255,536
31586413,-0.427,0.854,0.244,-0.030,0.159,0.971,255,536
31587639,-2.256,0.793,0.244,0.026,0.121,1.059,255,536
31588370,-2.256,0.793,0.244,0.026,0.121,1.059,255,536
31589640,-3.476,0.671,0.000,0.032,-0.008,0.930,255,536
31590373,-4.146,0.732,0.183,0.008,0.017,1.022,255,536
31591640,-3.598,1.524,0.488,0.040,0.033,1.086,255,536
31592383,-3.171,1.280,0.122,-0.007,-0.076,1.155,255,536
31593640,-1.951,2.195,0.122,0.015,-0.089,0.979,255,536
31594376,-1.951,2.195,0.122,0.015,-0.089,0.979,255,536
31595640,-0.610,2.317,0.610,-0.011,-0.085,1.094,255,536
31596379,0.366,2.195,0.549,-0.005,-0.008,0.895,255,536
31597640,1.280,2.195,0.854,-0.005,-0.027,1.000,255,536
31598374,1.402,1.768,1.159,0.006,0.087,1.161,255,536
31599640,2.073,1.646,0.854,-0.051,0.065,1.088,255,536
31600367,1.646,1.402,0.854,-0.021,0.070,0.942,255,536
31601640,0.305,1.098,0.671,0.045,0.158,1.054,255,536
31602373,-0.549,0.793,0.305,-0.107,0.141,1.125,255,536
31603640,-1.280,0.366,0.183,0.055,0.100,0.930,255,536
31604368,-2.500,0.549,0.183,0.006,0.093,1.013,255,536
31605640,-3.171,0.854,0.366,0.013,0.058,1.007,255,536
31606371,-3.720,0.854,0.061,-0.064,0.072,1.201,255,536
31607639,-4.146,0.976,0.122,0.062,-0.055,0.963,255,536
31608438,-4.146,0.976,0.122,0.062,-0.055,0.963,255,536
31609640,-2.805,2.134,-0.061,-0.010,-0.107,1.169,255,536
31610446,-1.890,2.134,0.061,0.004,-0.056,0.998,255,536
31611640,-1.037,2.317,0.366,0.026,-0.082,1.021,255,536
31612389,-0.061,2.744,0.427,-0.031,-0.099,1.108,255,536
31613639,1.098,2.622,0.915,-0.051,0.052,1.016,255,536
31614372,2.012,2.195,0.976,0.025,-0.005,1.028,255,536
31615640,2.073,1.768,0.732,-0.016,0.080,0.981,255,536
31616371,1.829,1.402,0.915,-0.049,0.170,0.976,255,536
31617640,1.280,1.280,0.610,-0.014,0.110,1.022,255,536
31618378,0.061,1.037,0.427,0.039,0.154,1.120,255,536
31619640,-0.915,0.915,0.061,-0.019,0.135,0.949,255,536
31620362,-1.890,0.488,0.427,-0.037,0.112,1.085,255,536
31621639,-4.085,0.793,0.305,0.035,0.022,1.097,255,536
31622363,-4.085,0.793,0.305,0.035,0.022,1.097,255,536
31623640,-4.146,0.915,0.244,0.018,0.011,1.052,255,536
31624380,-4.268,1.220,0.366,0.039,-0.070,0.997,255,536
31625640,-3.841,1.890,0.244,0.001,-0.048,1.028,255,536
31626402,-2.622,2.195,0.183,0.005,-0.140,1.143,255,536
31627640,-0.732,2.256,0.305,-0.047,-0.105,0.830,255,536
31628398,-0.732,2.256,0.305,-0.047,-0.105,0.830,255,536
31629639,1.220,2.561,0.671,0.028,-0.081,1.180,255,536
31630382,2.195,2.012,1.098,-0.006,0.096,0.981,255,536
31631639,2.683,1.829,0.854,-0.077,0.049,0.921,255,536
31632378,2.073,1.829,0.549,0.051,0.119,1.019,255,536
31633640,1.402,1.707,0.732,-0.048,0.109,1.133,255,536
31634703,-0.427,0.854,0.549,-0.044,0.156,0.982,255,536
31635641,-1.402,0.488,0.488,0.020,0.115,0.923,255,546
31636411,-2.378,0.427,0.366,0.005,0.140,1.110,255,546
31637639,-3.232,0.488,0.122,0.003,0.083,1.159,255,546
31638381,-4.512,0.488,0.244,-0.009,-0.002,1.016,255,546
31639640,-4.573,0.732,0.244,0.050,-0.021,0.850,255,546
31640375,-4.756,1.402,0.427,0.034,-0.020,1.059,255,546
31641639,-3.476,1.890,0.244,0.016,-0.131,1.063,255,546
31642377,-3.476,1.890,0.244,0.016,-0.131,1.063,255,546
31643640,-1.280,2.622,0.793,-0.017,-0.065,1.011,255,546
31644370,0.000,2.500,0.915,0.001,-0.105,1.254,255,546
31645640,1.280,2.195,0.915,-0.031,-0.020,1.013,255,546
31646438,2.073,2.134,1.037,-0.011,-0.002,0.918,255,546
31647640,2.622,2.195,0.976,-0.011,0.054,0.998,255,546
31648404,2.683,2.073,0.610,-0.002,0.097,1.128,255,546
31649639,1.707,0.976,0.549,0.025,0.115,0.968,255,546
31650378,0.244,0.671,0.427,-0.006,0.156,0.956,255,546
31651640,-0.854,0.549,0.427,-0.007,0.141,0.945,255,546
31652348,-1.890,0.488,0.305,-0.029,0.208,1.230,255,546
31653640,-2.683,0.366,0.366,0.042,0.080,1.036,255,546
31654367,-4.207,0.610,0.122,0.023,0.027,1.008,255,546
31655639,-4.756,1.585,0.366,0.011,0.072,1.113,255,546
31656375,-4.756,1.585,0.366,0.011,0.072,1.113,255,546
31657640,-3.902,2.073,-0.244,0.025,-0.113,0.990,255,546
31658383,-3.110,2.500,0.061,0.001,-0.121,1.035,255,546
31659640,-1.829,2.744,0.671,-0.019,-0.034,1.051,255,546
31660405,-0.854,2.439,0.732,0.027,-0.130,1.047,255,546
31661640,1.585,2.500,0.854,-0.006,-0.077,1.117,255,546
31662391,1.585,2.500,0.854,-0.006,-0.077,1.117,255,546
31663639,2.378,1.951,0.854,-0.069,0.095,1.042,255,546
31664373,2.378,1.402,0.671,-0.072,0.149,1.077,255,546
31665640,1.768,0.976,0.610,0.052,0.092,1.020,255,546
31666373,0.610,0.610,0.610,-0.016,0.167,1.046,255,546
31667640,0.000,0.549,0.305,-0.047,0.211,0.997,255,546
31668367,-1.524,0.122,0.366,0.037,0.109,1.060,255,546
31669639,-3.598,0.488,-0.122,0.046,0.019,1.097,255,546
31670378,-4.512,0.915,0.000,0.014,0.055,1.013,255,546
31671640,-4.634,0.976,-0.061,-0.003,0.016,1.005,255,546
31672370,-4.451,1.341,0.061,0.055,-0.070,0.972,255,546
31673639,-3.963,1.646,-0.061,0.032,-0.131,1.115,255,546
31674379,-3.537,2.378,0.061,-0.013,-0.075,1.162,255,546
31675640,-0.915,2.683,0.366,0.033,-0.084,0.881,255,546
31676378,-0.915,2.683,0.366,0.033,-0.084,0.881,255,546
31677640,1.646,2.622,0.610,0.008,-0.062,1.181,255,546
31678367,2.439,2.256,0.854,-0.021,0.026,1.026,255,546
31679640,3.171,1.829,0.854,-0.083,0.102,0.876,255,546
31680379,2.927,1.402,0.671,-0.027,0.072,0.965,255,546
31681640,2.744,1.402,0.610,0.008,0.162,1.100,255,546
31682373,1.585,1.220,0.915,-0.012,0.206,1.173,255,546
31683640,-0.976,0.244,0.183,0.057,0.115,0.899,255,546
31684696,-2.195,-0.122,0.305,-0.013,0.186,1.000,255,546
31685641,-3.415,0.122,0.000,0.016,0.083,1.154,255,556
31686420,-4.085,0.488,-0.122,0.005,0.029,1.216,255,556
31687639,-4.817,0.854,0.000,0.034,0.008,0.851,255,556
31688372,-5.122,1.280,0.122,0.107,-0.085,0.945,255,556
31689640,-3.598,2.439,0.183,0.012,-0.104,1.187,255,556
31690384,-3.598,2.439,0.183,0.012,-0.104,1.187,255,556
31691640,-1.585,2.927,0.671,0.046,-0.121,0.894,255,556
31692378,-0.061,3.110,0.488,-0.080,-0.082,1.061,255,556
31693640,1.098,2.805,0.732,0.006,-0.059,1.146,255,556
31694371,1.768,2.622,1.037,-0.060,0.061,1.108,255,556
31695640,2.561,1.524,0.671,-0.024,0.089,1.010,255,556
31696368,2.561,1.524,0.671,-0.024,0.089,1.010,255,556
31697639,1.890,0.854,0.610,-0.064,0.245,1.132,255,556
31698374,0.549,0.610,0.122,-0.010,0.167,1.059,255,556
31699640,-0.976,0.244,0.183,0.038,0.135,0.976,255,556
31700367,-2.378,0.061,0.244,0.018,0.118,0.904,255,556
31701639,-3.598,0.122,0.061,-0.002,0.162,1.058,255,556
31702372,-4.207,0.183,-0.366,0.013,0.023,1.170,255,556
31703640,-4.939,1.220,0.000,0.089,-0.067,1.055,255,556
31704370,-4.939,1.220,0.000,0.018,-0.052,0.973,255,556
31705640,-3.780,2.317,0.000,0.001,-0.154,1.058,255,556
31706375,-2.439,2.622,0.122,-0.001,-0.082,1.032,255,556
31707640,-1.402,3.110,0.427,0.033,-0.131,1.130,255,556
31708451,0.000,3.110,0.549,-0.042,-0.121,1.078,255,556
31709640,2.256,2.439,0.854,-0.103,0.033,0.950,255,556
31710396,2.256,2.439,0.854,-0.103,0.033,0.950,255,556
31711639,2.744,1.829,0.793,-0.031,0.083,1.132,255,556
31712378,2.256,1.280,0.427,-0.059,0.126,0.970,255,556
31713640,1.951,0.793,0.549,-0.017,0.185,0.987,255,556
31714373,0.915,0.366,0.671,-0.042,0.254,0.937,255,556
31715640,-0.305,0.000,0.488,0.028,0.109,1.062,255,556
31716367,-1.768,-0.183,0.061,0.036,0.129,1.150,255,556
31717639,-4.207,0.305,0.000,-0.006,0.067,1.019,255,556
31718373,-4.573,0.488,0.061,0.050,-0.041,0.856,255,556
31719640,-4.634,1.220,0.244,0.094,-0.046,1.111,255,556
31720380,-4.512,2.134,0.183,0.016,-0.065,1.194,255,556
31721640,-3.902,2.622,0.183,0.000,-0.138,1.095,255,556
31722370,-2.988,2.622,0.427,0.013,-0.105,0.840,255,556
31723640,-0.122,3.171,0.793,-0.042,-0.100,1.200,255,556
31724381,-0.122,3.171,0.793,-0.042,-0.100,1.200,255,556
31725639,2.134,2.378,1.037,-0.088,0.022,1.013,255,556
31726377,2.805,2.073,1.159,-0.031,0.067,0.816,255,556
31727640,2.683,1.768,0.671,-0.036,0.081,1.030,255,556
31728380,2.683,1.402,0.488,-0.021,0.161,1.044,255,556
31729639,0.732,0.183,0.610,-0.043,0.225,1.030,255,556
31730373,0.732,0.183,0.610,-0.043,0.225,1.030,255,556
31731640,-1.829,-0.305,0.427,0.024,0.126,0.875,255,556
31732398,-2.744,-0.183,0.122,0.083,0.094,1.153,255,556
31733639,-3.902,0.366,0.122,-0.042,0.085,1.295,255,556
31734707,-4.085,0.671,0.244,0.044,-0.023,0.963,255,556
31735641,-4.756,1.280,0.183,0.090,-0.078,0.923,255,565
31736415,-4.512,1.646,0.244,0.040,-0.086,0.927,255,565
31737639,-2.744,2.683,0.427,0.020,-0.106,1.139,255,565
31738381,-1.524,2.866,0.549,-0.002,-0.086,0.977,255,565
31739639,-0.305,2.988,0.793,-0.043,-0.093,0.933,255,565
31740374,1.037,2.866,0.854,-0.017,-0.080,1.047,255,565
31741640,2.073,2.866,1.037,-0.067,0.040,1.040,255,565
31742382,2.744,2.195,1.220,-0.065,0.124,1.136,255,565
31743639,2.195,0.732,0.610,-0.021,0.112,0.913,255,565
31744377,2.195,0.732,0.610,-0.021,0.112,0.913,255,565
31745640,0.366,0.122,0.671,-0.030,0.211,1.141,255,565
31746380,-0.793,-0.122,0.732,0.005,0.173,1.169,255,565
31747639,-1.951,-0.366,0.366,0.019,0.113,0.976,255,565
31748379,-3.171,-0.183,0.366,0.086,0.049,0.937,255,565
31749640,-4.268,0.488,0.305,-0.004,0.026,0.961,255,565
31750381,-4.634,0.976,0.488,0.028,0.069,1.005,255,565
31751640,-4.207,1.890,0.549,0.033,-0.086,1.065,255,565
31752371,-3.293,2.439,0.427,0.049,-0.143,1.073,255,565
31753639,-2.439,2.927,0.732,-0.004,-0.089,0.961,255,565
31754381,-1.341,3.110,0.671,-0.037,-0.077,0.958,255,565
31755640,-0.244,3.293,0.610,-0.036,-0.071,1.078,255,565
31756377,1.280,3.171,0.549,-0.048,-0.017,1.173,255,565
31757640,2.378,1.890,0.793,-0.071,0.085,0.913,255,565
31758382,2.378,1.890,0.793,-0.071,0.085,0.913,255,565
31759640,2.012,1.037,0.610,-0.065,0.166,0.983,255,565
31760376,1.402,0.366,0.488,0.042,0.108,1.125,255,565
31761640,0.366,0.183,0.122,-0.021,0.195,1.125,255,565
31762381,-1.037,-0.183,0.122,0.009,0.146,1.063,255,565
31763640,-3.598,-0.061,0.183,0.013,0.057,0.884,255,565
31764368,-3.598,-0.061,0.183,0.013,0.057,0.884,255,565
31765639,-4.573,1.341,0.366,0.064,0.011,1.264,255,565
31766369,-4.329,1.463,0.000,0.038,-0.055,1.106,255,565
31767639,-4.085,1.951,0.000,0.047,-0.094,0.786,255,565
31768369,-3.049,2.805,0.183,0.014,-0.092,0.885,255,565
31769639,-2.012,3.537,0.732,-0.006,-0.112,1.165,255,565
31770381,-0.732,3.720,0.732,-0.016,-0.057,1.308,255,565
31771640,1.402,2.500,0.732,-0.095,0.027,0.819,255,565
31772378,1.524,2.134,0.610,-0.014,0.054,0.903,255,565
31773640,2.073,1.402,0.793,-0.065,0.085,1.018,255,565
31774376,2.012,1.037,0.549,-0.047,0.094,1.156,255,565
31775640,1.159,0.793,0.488,-0.050,0.196,1.210,255,565
31776380,0.305,0.305,0.549,-0.001,0.179,1.013,255,565
31777640,-1.951,-0.549,0.183,0.061,0.073,0.862,255,565
31778438,-1.951,-0.549,0.183,0.061,0.073,0.862,255,565
31779640,-3.476,0.366,0.366,0.006,0.054,1.270,255,565
31780401,-3.598,0.305,0.427,0.064,0.017,1.051,255,565
31781639,-4.024,1.159,0.244,0.102,-0.107,0.817,255,565
31782375,-3.780,2.012,0.305,0.060,-0.057,0.934,255,565
31783639,-3.354,2.805,0.427,-0.014,-0.060,1.132,255,565
31784706,-1.463,3.659,0.427,-0.033,-0.066,1.063,255,565
31785641,-0.305,3.415,0.671,-0.058,-0.074,0.945,255,575
31786414,0.671,2.683,0.732,-0.059,-0.043,0.904,255,575
31787639,1.585,2.317,0.976,-0.034,0.010,1.006,255,575
31788369,1.951,1.890,0.854,-0.110,0.103,1.121,255,575
31789639,1.890,1.159,0.549,-0.059,0.109,1.179,255,575
31790375,1.585,0.671,0.732,-0.043,0.160,1.063,255,575
31791640,0.122,-0.122,0.427,-0.016,0.157,0.845,255,575
31792358,0.122,-0.122,0.427,-0.016,0.157,0.845,255,575
31793639,-1.707,-0.305,0.244,0.044,0.154,1.247,255,575
31794366,-2.683,-0.061,0.366,0.026,0.033,1.068,255,575
31795640,-3.476,0.610,0.122,0.108,-0.035,0.987,255,575
31796370,-3.841,1.402,0.061,0.061,0.007,0.918,255,575
31797639,-3.841,2.012,0.183,0.062,-0.068,1.124,255,575
31798374,-3.354,2.378,0.427,0.062,-0.068,1.124,255,575
31799639,-1.524,3.841,0.122,-0.030,-0.093,1.168,255,575
31800372,-0.915,3.537,0.610,-0.036,-0.083,0.987,255,575
31801640,0.000,3.171,0.732,-0.068,-0.032,0.834,255,575
31802377,0.915,2.744,0.610,-0.093,0.063,0.995,255,575
31803640,1.159,2.073,0.671,-0.032,0.000,1.106,255,575
31804382,1.159,1.585,0.671,-0.064,0.114,1.210,255,575
31805639,1.159,0.061,0.427,-0.040,0.176,0.960,255,575
31806371,1.159,0.061,0.427,-0.040,0.176,0.960,255,575
31807640,-0.671,-0.549,0.244,0.027,0.144,1.006,255,575
31808371,-1.098,-0.549,0.244,0.056,0.097,1.038,255,575
31809640,-2.317,0.000,0.061,0.062,0.056,1.311,255,575
31810441,-3.110,0.427,0.061,0.038,0.043,1.111,255,575
31811640,-3.659,1.463,0.305,0.050,-0.075,0.812,255,575
31812412,-3.659,1.463,0.305,0.050,-0.075,0.812,255,575
31813639,-2.683,3.171,0.427,0.041,-0.081,1.343,255,575
31814381,-1.829,3.720,0.427,-0.048,-0.064,1.268,255,575
31815640,-1.585,3.598,0.671,-0.037,-0.072,0.971,255,575
31816381,-0.244,3.354,0.671,-0.043,-0.032,0.732,255,575
31817639,0.610,2.988,0.793,-0.066,-0.006,0.922,255,575
31818373,1.220,2.561,0.854,-0.056,0.037,1.144,255,575
31819640,1.098,1.220,0.732,-0.097,0.140,1.165,255,575
31820373,0.915,0.427,0.549,-0.026,0.168,1.010,255,575
31821639,0.244,-0.366,0.305,-0.026,0.085,0.722,255,575
31822363,-0.488,-0.366,0.427,0.016,0.091,0.812,255,575
31823640,-1.585,-0.671,0.366,0.087,0.107,1.142,255,575
31824366,-2.500,-0.244,0.061,-0.022,0.128,1.379,255,575
31825639,-3.598,0.549,0.488,0.074,-0.009,0.835,255,575
31826367,-3.598,0.549,0.488,0.074,-0.009,0.835,255,575
31827640,-3.171,2.317,0.305,0.057,-0.042,1.012,255,575
31828368,-2.622,3.049,0.305,0.039,-0.027,1.276,255,575
31829640,-2.012,3.354,0.427,-0.023,-0.072,1.305,255,575
31830371,-1.098,3.537,0.671,-0.021,-0.023,1.025,255,575
31831640,-0.427,3.598,0.732,-0.081,0.008,0.836,255,575
31832372,0.244,3.293,0.671,-0.081,0.008,0.836,255,575
31833640,1.159,1.951,0.671,-0.134,0.107,1.143,255,575
31834713,1.280,1.098,0.549,-0.059,0.116,1.235,255,575
31835641,0.610,0.366,0.549,-0.077,0.151,1.133,255,585
31836409,0.366,-0.488,0.366,-0.004,0.049,0.809,255,585
31837639,-0.915,-0.854,0.366,0.034,0.121,0.833,255,585
31838358,-1.280,-0.610,0.244,0.051,0.094,1.000,255,585
31839640,-2.866,-0.427,0.366,0.098,0.004,1.217,255,585
31840358,-2.866,-0.427,0.366,0.098,0.004,1.217,255,585
31841640,-3.110,1.402,0.244,0.101,-0.040,0.911,255,585
31842376,-2.622,2.134,0.305,0.069,-0.036,0.942,255,585
31843640,-2.317,3.049,0.183,0.009,-0.046,1.042,255,585
31844370,-1.463,3.963,0.427,0.043,-0.018,1.042,255,585
31845639,-0.305,4.390,0.244,-0.078,-0.036,1.160,255,585
31846378,-0.305,4.390,0.244,-0.078,-0.036,1.160,255,585
31847640,0.488,2.744,0.732,-0.105,0.068,0.798,255,585
31848370,1.098,2.134,0.915,-0.097,0.069,0.947,255,585
31849639,0.854,1.280,0.671,-0.097,0.110,1.030,255,585
31850372,0.427,0.366,0.732,-0.049,0.114,1.187,255,585
31851639,-0.366,-0.671,0.610,-0.036,0.109,1.145,255,585
31852371,-0.366,-1.159,0.671,0.034,0.093,1.048,255,585
31853640,-2.317,-1.037,0.183,0.033,0.069,0.854,255,585
31854376,-3.110,-0.549,-0.061,0.072,0.038,0.985,255,585
31855640,-2.866,0.366,0.183,0.106,-0.012,1.194,255,585
31856372,-3.232,1.585,0.122,0.108,0.003,1.301,255,585
31857639,-2.744,2.012,0.244,0.055,-0.052,1.140,255,585
31858375,-2.622,2.622,0.427,0.047,-0.057,0.855,255,585
31859640,-1.159,4.390,0.427,-0.057,0.001,0.930,255,585
31860422,-1.159,4.390,0.427,-0.057,0.001,0.930,255,585
31861640,0.671,3.963,0.427,-0.110,0.023,1.289,255,585
31862425,0.854,2.866,0.610,-0.079,0.032,1.062,255,585
31863640,0.854,1.829,0.671,-0.092,0.129,0.926,255,585
31864454,0.366,0.427,0.854,-0.069,0.059,0.846,255,585
31865640,0.366,-0.122,0.366,0.012,0.107,0.986,255,585
31866367,-0.122,-0.671,0.427,0.012,0.107,0.986,255,585
31867639,-1.402,-0.854,0.244,0.032,0.028,1.312,255,585
31868367,-2.073,-1.159,0.183,0.044,0.070,1.009,255,585
31869639,-3.110,-1.098,0.122,0.103,-0.020,0.702,255,585
31870374,-3.232,0.305,0.183,0.115,0.018,0.882,255,585
31871640,-3.049,1.463,0.183,0.126,-0.035,1.126,255,585
31872380,-2.500,2.317,0.122,0.070,0.016,1.288,255,585
31873640,-1.341,3.780,0.122,0.019,-0.061,0.949,255,585
31874374,-1.341,3.780,0.122,0.019,-0.061,0.949,255,585
31875640,-0.366,4.207,0.427,-0.072,-0.016,0.945,255,585
31876374,0.122,3.780,0.549,-0.125,0.014,1.065,255,585
31877640,0.671,2.805,0.793,-0.066,0.026,1.037,255,585
31878372,0.305,2.012,0.732,-0.122,0.130,1.147,255,585
31879640,0.000,0.061,0.488,-0.036,0.028,0.921,255,585
31880376,0.000,0.061,0.488,-0.036,0.028,0.921,255,585
31881639,-1.341,-0.976,0.305,0.030,0.105,0.906,255,585
31882369,-1.890,-0.976,0.671,0.029,0.093,1.190,255,585
31883639,-2.256,-1.159,0.244,0.028,0.060,1.202,255,585
31884710,-3.110,-0.854,0.061,0.105,0.018,1.123,255,585
31885641,-2.927,0.366,0.061,0.122,-0.025,1.069,255,595
31886411,-2.805,1.280,0.061,0.161,-0.057,0.938,255,595
31887639,-1.768,3.415,0.366,0.023,-0.073,0.996,255,595
31888375,-1.402,4.207,0.183,-0.016,-0.001,1.063,255,595
31889640,-0.915,4.512,0.183,-0.040,-0.043,1.064,255,595
31890373,-0.183,4.390,0.488,-0.086,-0.012,1.231,255,595
31891640,0.366,3.537,0.610,-0.104,0.011,1.058,255,595
31892377,0.976,2.561,0.915,-0.053,0.054,0.981,255,595
31893640,0.366,1.098,0.732,-0.062,0.148,0.982,255,595
31894374,0.366,1.098,0.732,-0.062,0.148,0.982,255,595
31895640,-0.305,-0.488,0.427,0.014,0.092,1.079,255,595
31896367,-1.341,-1.159,0.488,0.011,0.071,1.213,255,595
31897640,-1.463,-1.280,0.305,0.076,0.051,1.068,255,595
31898369,-2.561,-0.976,0.122,0.040,0.049,1.002,255,595
31899639,-2.683,-0.488,0.183,0.088,0.030,0.800,255,595
31900369,-2.866,0.366,0.122,0.158,-0.032,0.959,255,595
31901639,-1.829,2.866,-0.183,0.085,-0.030,1.323,255,595
31902382,-1.524,3.841,-0.122,0.032,-0.028,1.154,255,595
31903639,-1.646,4.573,0.244,-0.000,-0.027,0.923,255,595
31904380,-0.854,4.573,0.488,-0.055,-0.037,0.881,255,595
31905639,-0.305,4.268,0.610,-0.081,0.003,0.822,255,595
31906381,0.305,3.659,0.305,-0.096,-0.005,1.067,255,595
31907639,0.671,1.768,0.915,-0.098,0.049,1.292,255,595
31908368,0.671,1.768,0.915,-0.098,0.049,1.292,255,595
31909639,-0.427,-0.122,0.854,-0.049,0.071,1.026,255,595
31910371,-0.915,-1.098,0.671,-0.028,0.132,0.793,255,595
31911640,-1.159,-1.829,0.366,0.071,0.033,0.794,255,595
31912370,-1.829,-1.402,0.427,0.042,0.071,1.016,255,595
31913640,-2.500,-0.244,0.061,0.057,0.070,1.282,255,595
31914380,-2.500,-0.244,0.061,0.057,0.070,1.282,255,595
31915640,-2.439,1.280,-0.122,0.125,-0.047,0.861,255,595
31916370,-2.073,2.744,0.000,0.097,-0.044,0.865,255,595
31917639,-1.646,3.780,0.244,0.012,-0.014,1.007,255,595
31918374,-0.793,4.756,0.244,-0.048,-0.003,1.151,255,595
31919640,-0.244,4.817,0.305,-0.032,-0.038,1.120,255,595
31920380,0.061,4.390,0.488,-0.190,0.048,1.104,255,595
31921639,0.305,2.683,0.976,-0.120,0.062,0.992,255,595
31922368,0.244,1.280,0.793,-0.105,0.070,0.871,255,595
31923639,-0.366,0.549,0.488,-0.100,0.081,0.961,255,595
31924370,-0.244,-0.610,0.549,-0.019,0.097,1.005,255,595
31925640,-1.098,-1.159,0.854,-0.034,0.104,1.186,255,595
31926371,-1.159,-1.463,0.793,0.021,0.063,1.149,255,595
31927640,-2.561,-1.037,-0.122,0.104,-0.023,0.972,255,595
31928381,-2.561,-1.037,-0.122,0.104,-0.023,0.972,255,595
31929639,-1.951,0.915,0.183,0.092,0.027,1.020,255,595
31930376,-1.585,1.768,0.183,0.118,-0.007,1.019,255,595
31931640,-1.402,2.744,0.000,0.035,-0.060,1.068,255,595
31932377,-0.854,4.146,0.061,0.037,0.008,1.030,255,595
31933640,-0.854,5.000,0.244,-0.049,-0.011,1.135,255,595
31934695,-0.488,4.085,0.366,-0.111,-0.008,1.017,255,595
31935641,-0.244,3.110,0.488,-0.124,0.025,0.862,255,604
31936400,-0.244,2.012,0.793,-0.134,0.077,0.884,255,604
31937639,-0.366,0.793,0.732,-0.112,0.094,1.041,255,604
31938377,-0.305,-0.183,0.854,-0.080,0.076,1.082,255,604
31939640,-0.488,-0.854,0.427,-0.017,0.062,1.098,255,604
31940438,-1.037,-1.280,0.549,0.077,0.049,1.119,255,604
31941640,-2.073,-1.280,0.305,0.070,0.055,0.889,255,604
31942414,-2.378,-0.793,-0.061,0.124,-0.003,0.868,255,604
31943639,-2.256,0.366,-0.183,0.106,0.017,0.918,255,604
31944380,-1.768,1.646,-0.244,0.183,-0.021,1.182,255,604
31945640,-1.585,2.622,-0.183,0.061,0.021,1.250,255,604
31946381,-1.280,3.720,-0.122,0.057,-0.035,1.203,255,604
31947640,-0.366,4.634,0.488,-0.025,-0.017,0.854,255,604
31948378,-0.366,4.634,0.488,-0.025,-0.017,0.854,255,604
31949640,-0.366,3.720,0.854,-0.110,0.017,0.974,255,604
31950380,-0.610,2.256,0.915,-0.163,0.063,1.009,255,604
31951640,-0.488,1.341,1.037,-0.089,0.050,1.145,255,604
31952376,-0.793,0.366,0.732,-0.102,0.078,1.166,255,604
31953640,-0.915,-0.366,0.488,-0.064,0.058,1.219,255,604
31954377,-1.220,-1.037,0.671,0.019,0.096,1.041,255,604
31955640,-1.707,-1.646,0.427,0.130,0.027,0.805,255,604
31956376,-2.012,-0.915,-0.122,0.086,-0.018,1.015,255,604
31957640,-1.829,0.061,-0.061,0.128,0.078,1.227,255,604
31958380,-1.768,0.976,-0.122,0.112,0.020,1.214,255,604
31959640,-1.341,1.890,-0.366,0.121,0.009,1.159,255,604
31960372,-1.402,2.927,-0.488,0.083,-0.016,0.953,255,604
31961639,-0.854,5.061,0.366,-0.058,0.011,0.951,255,604
31962379,-0.854,5.061,0.366,-0.058,0.011,0.951,255,604
31963640,-0.610,4.024,0.305,-0.133,0.042,0.986,255,604
31964375,-0.488,2.927,0.671,-0.125,-0.017,1.001,255,604
31965640,-0.366,1.829,1.220,-0.141,0.103,1.049,255,604
31966383,-0.549,0.915,1.098,-0.083,0.028,1.222,255,604
31967640,-0.854,0.000,0.915,-0.105,0.095,1.066,255,604
31968384,-0.976,-0.854,0.671,-0.002,0.032,0.924,255,604
31969640,-1.890,-1.341,0.549,0.076,0.028,1.075,255,604
31970382,-1.646,-1.159,0.366,0.040,0.072,1.035,255,604
31971639,-1.707,-0.610,0.305,0.105,0.006,1.128,255,604
31972374,-2.012,0.061,0.122,0.143,0.029,1.085,255,604
31973640,-1.341,0.976,0.000,0.174,-0.021,1.126,255,604
31974379,-1.280,2.500,-0.366,0.095,0.042,1.081,255,604
31975640,-0.793,4.695,-0.061,-0.009,0.008,1.036,255,604
31976374,-0.793,4.695,-0.061,-0.009,0.008,1.036,255,604
31977640,-0.976,4.451,0.305,-0.128,-0.008,0.883,255,604
31978373,-0.671,3.598,0.610,-0.147,0.029,0.989,255,604
31979640,-0.244,2.378,0.732,-0.136,0.035,1.134,255,604
31980378,-0.427,1.280,1.098,-0.115,0.067,1.084,255,604
31981640,-0.427,-0.549,1.159,-0.026,0.056,1.114,255,604
31982398,-0.427,-0.549,1.159,-0.026,0.056,1.114,255,604
31983639,-1.402,-1.402,1.037,0.045,0.027,0.890,255,604
31984714,-1.220,-1.585,0.671,0.080,0.024,0.863,255,604
31985641,-1.402,-0.976,0.366,0.137,0.014,1.080,255,614
31986400,-1.402,0.122,0.244,0.134,0.016,1.212,255,614
31987639,-1.220,0.915,-0.061,0.135,0.044,1.228,255,614
31988378,-0.915,2.195,-0.183,0.101,0.037,1.129,255,614
31989640,-0.732,4.024,-0.305,0.047,0.001,0.842,255,614
31990426,-1.220,4.756,-0.061,-0.050,0.041,0.918,255,614
31991640,-0.793,4.817,0.244,-0.133,0.015,0.976,255,614
31992404,-0.549,3.963,0.244,-0.130,0.022,1.080,255,614
31993639,-0.305,2.988,0.366,-0.118,0.018,1.050,255,614
31994380,-0.976,1.768,0.793,-0.139,0.044,1.204,255,614
31995640,-1.159,-0.366,1.402,-0.106,0.056,1.103,255,614
31996377,-1.159,-0.366,1.402,-0.106,0.056,1.103,255,614
31997640,-1.707,-1.646,0.793,0.055,0.014,0.805,255,614
31998380,-1.463,-1.220,0.671,0.110,0.026,0.969,255,614
31999640,-1.402,-0.854,0.244,0.095,0.013,1.234,255,614
32000373,-1.524,-0.305,0.183,0.109,0.035,1.237,255,614
32001640,-1.280,0.488,-0.122,0.124,0.054,1.106,255,614
32002380,-0.671,1.585,0.122,0.120,0.020,1.007,255,614
32003640,-1.098,3.720,-0.183,0.050,0.021,0.982,255,614
32004372,-1.098,4.573,-0.061,-0.057,0.057,0.983,255,614
32005640,-1.037,5.061,0.061,-0.120,0.028,1.017,255,614
32006377,-0.793,4.329,0.549,-0.095,0.011,0.987,255,614
32007640,-0.915,3.415,0.610,-0.153,0.003,0.987,255,614
32008373,-0.610,2.378,0.976,-0.118,0.012,1.039,255,614
32009640,-1.159,0.000,1.098,-0.087,0.026,1.089,255,614
32010384,-1.159,0.000,1.098,-0.087,0.026,1.089,255,614
32011639,-1.220,-1.159,1.098,0.056,-0.020,0.818,255,614
32012369,-1.341,-0.976,0.671,0.070,0.042,0.992,255,614
32013640,-1.220,-1.098,0.305,0.099,0.017,1.108,255,614
32014377,-1.220,-0.610,0.000,0.082,0.049,1.096,255,614
32015639,-1.098,1.220,0.000,0.160,0.006,1.039,255,614
32016360,-1.098,1.220,0.000,0.160,0.006,1.039,255,614
32017639,-0.793,3.415,-0.671,0.036,0.015,1.100,255,614
32018370,-0.976,4.634,-0.366,-0.046,0.071,1.130,255,614
32019640,-0.793,4.695,0.183,-0.058,0.024,1.059,255,614
32020375,-0.610,4.207,0.366,-0.131,0.009,0.929,255,614
32021640,-0.854,3.293,0.305,-0.139,-0.047,0.879,255,614
32022379,-0.976,2.256,0.793,-0.138,0.065,0.926,255,614
32023640,-1.037,-0.183,1.585,-0.112,0.071,1.087,255,614
32024375,-1.098,-0.793,1.280,-0.016,0.012,1.174,255,614
32025640,-1.159,-1.037,1.159,0.065,0.012,1.112,255,614
32026380,-1.037,-1.159,0.793,0.062,0.009,1.122,255,614
32027640,-1.159,-1.341,0.549,0.076,0.049,1.020,255,614
32028445,-1.098,-0.549,0.488,0.095,0.022,0.942,255,614
32029640,-1.463,1.220,-0.183,0.186,0.034,0.985,255,614
32030395,-1.463,1.220,-0.183,0.186,0.034,0.985,255,614
32031639,-0.732,3.171,-0.488,-0.008,0.050,1.094,255,614
32032373,-1.159,4.085,-0.427,0.010,0.044,1.171,255,614
32033639,-1.220,4.634,-0.061,-0.074,0.041,1.103,255,614
32034714,-1.341,4.268,0.183,-0.126,0.007,1.074,255,614
32035641,-1.280,3.293,0.244,-0.108,-0.022,0.948,255,624
32036410,-1.341,2.256,0.610,-0.141,0.019,0.958,255,624
32037639,-1.098,0.122,1.402,-0.110,-0.007,0.826,255,624
32038377,-0.854,-0.610,1.402,-0.021,0.045,1.129,255,624
32039640,-0.915,-0.610,1.341,0.074,0.001,1.324,255,624
32040438,-1.159,-0.732,0.671,-0.010,0.038,1.260,255,624
32041640,-0.610,-0.732,0.305,0.084,0.031,1.053,255,624
32042393,-0.793,-0.305,0.000,0.104,0.031,0.978,255,624
32043639,-0.488,1.280,-0.244,0.186,0.004,0.994,255,624
32044385,-0.488,1.280,-0.244,0.186,0.004,0.994,255,624
32045640,-0.671,2.988,-0.061,0.049,0.018,1.057,255,624
32046372,-0.976,3.659,-0.183,-0.046,0.081,1.060,255,624
32047640,-1.463,4.085,-0.305,-0.054,-0.001,0.982,255,624
32048416,-1.707,3.902,0.122,-0.089,0.036,1.070,255,624
32049640,-1.585,2.317,0.915,-0.116,0.014,1.183,255,624
32050398,-1.585,2.317,0.915,-0.116,0.014,1.183,255,624
32051639,-1.524,0.122,1.402,-0.052,-0.015,0.808,255,624
32052393,-1.585,-0.244,1.280,-0.020,-0.010,0.891,255,624
32053639,-1.037,-0.244,1.280,0.043,0.008,1.126,255,624
32054375,-1.280,-0.488,0.976,0.028,0.040,1.160,255,624
32055640,-0.793,-0.671,0.732,0.086,0.023,1.121,255,624
32056369,-0.610,-0.122,0.244,0.081,0.035,1.028,255,624
32057640,-0.732,1.280,-0.244,0.128,0.071,1.101,255,624
32058375,-0.549,2.317,-0.366,0.070,0.072,1.083,255,624
32059640,-0.915,3.293,-0.549,0.021,0.097,1.143,255,624
32060375,-1.037,3.415,-0.671,-0.029,0.032,1.087,255,624
32061640,-1.707,3.659,-0.427,-0.028,0.040,0.886,255,624
32062380,-1.768,3.902,0.183,-0.086,0.012,0.901,255,624
32063640,-1.646,2.439,0.671,-0.124,-0.019,1.065,255,624
32064374,-1.646,2.439,0.671,-0.124,-0.019,1.065,255,624
32065640,-1.402,0.366,1.402,-0.061,0.001,1.067,255,624
32066407,-1.098,-0.305,1.402,-0.004,-0.030,1.120,255,624
32067640,-0.976,-0.671,1.341,0.039,0.005,1.092,255,624
32068395,-1.037,-0.732,1.159,0.066,0.030,1.125,255,624
32069639,-0.244,-0.427,0.854,0.064,0.078,1.044,255,624
32070385,-0.366,-0.061,0.488,0.070,-0.013,1.001,255,624
32071640,-0.793,1.098,-0.488,0.101,0.067,0.964,255,624
32072373,-0.671,2.073,-0.549,0.074,0.066,0.977,255,624
32073640,-0.366,2.805,-0.610,-0.004,0.070,1.104,255,624
32074377,-1.098,3.232,-0.427,-0.035,0.076,1.153,255,624
32075640,-1.463,3.780,0.366,-0.044,0.077,1.079,255,624
32076375,-1.524,3.841,0.427,-0.048,-0.004,1.185,255,624
32077640,-1.768,2.561,0.366,-0.103,-0.062,1.020,255,624
32078380,-1.768,2.561,0.366,-0.103,-0.062,1.020,255,624
32079640,-1.280,0.427,1.524,-0.061,-0.005,0.831,255,624
32080375,-0.976,-0.183,1.341,0.028,0.012,0.845,255,624
32081640,-0.854,-0.366,1.220,0.022,-0.042,1.038,255,624
32082381,-0.488,-0.244,1.037,0.071,0.047,1.188,255,624
32083640,-0.732,0.549,0.122,0.055,0.060,1.128,255,624
32084712,-0.610,1.037,-0.122,0.058,0.040,1.026,255,624
32085641,-0.915,1.280,-0.061,0.101,0.072,1.002,255,634
32086397,-0.793,2.134,-0.305,0.070,0.073,1.013,255,634
32087639,-0.915,2.622,-0.366,0.029,0.070,1.103,255,634
32088380,-1.402,3.049,-0.244,-0.057,0.090,1.010,255,634
32089639,-1.463,3.110,-0.061,-0.017,0.021,0.938,255,634
32090374,-2.073,3.415,0.183,-0.069,0.033,0.887,255,634
32091640,-2.134,2.500,0.427,-0.116,-0.032,1.172,255,634
32092383,-1.707,1.463,0.976,-0.089,-0.029,1.242,255,634
32093640,-1.463,0.671,1.463,-0.069,0.045,1.128,255,634
32094370,-0.915,-0.488,1.829,0.040,-0.020,1.028,255,634
32095639,-0.427,-0.488,1.402,0.006,-0.007,0.900,255,634
32096366,-0.549,0.061,1.037,0.106,0.022,0.988,255,634
32097640,-0.549,1.280,0.000,0.034,0.058,1.095,255,634
32098375,-0.549,1.280,0.000,0.034,0.058,1.095,255,634
32099640,-0.427,1.159,-0.427,0.042,0.067,0.904,255,634
32100373,-0.854,1.463,-0.122,0.076,0.042,0.916,255,634
32101640,-1.037,2.256,-0.305,-0.010,0.079,1.033,255,634
32102376,-1.341,2.927,-0.305,-0.025,0.063,1.114,255,634
32103640,-1.951,3.110,0.305,-0.058,0.078,1.164,255,634
32104383,-1.646,3.110,0.671,-0.070,0.013,1.120,255,634
32105639,-2.012,1.585,0.854,-0.068,-0.079,0.925,255,634
32106372,-2.012,0.976,1.341,-0.063,-0.039,0.965,255,634
32107640,-1.463,0.610,1.585,0.002,-0.026,1.025,255,634
32108372,-0.610,0.183,1.280,-0.024,0.055,1.138,255,634
32109640,-0.427,0.061,1.098,0.036,-0.017,1.030,255,634
32110368,0.000,0.244,1.037,0.066,0.056,0.951,255,634
32111639,0.183,1.037,-0.122,0.067,0.020,1.072,255,634
32112371,0.183,1.037,-0.122,0.067,0.020,1.072,255,634
32113640,-0.305,1.585,-0.488,0.043,0.091,1.102,255,634
32114370,-0.671,2.012,-0.183,0.034,0.135,1.168,255,634
32115639,-1.037,2.256,-0.061,0.005,0.023,1.105,255,634
32116373,-1.646,2.500,-0.183,0.011,0.030,1.022,255,634
32117640,-2.073,2.988,0.488,-0.046,-0.002,0.939,255,634
32118377,-2.073,2.988,0.488,-0.046,-0.002,0.939,255,634
32119640,-1.646,1.768,0.854,-0.088,-0.053,0.906,255,634
32120371,-1.463,1.159,1.220,-0.033,-0.017,0.998,255,634
32121640,-1.098,0.427,1.341,0.035,-0.038,1.058,255,634
32122380,-0.549,0.488,1.098,-0.016,0.000,1.096,255,634
32123640,-0.183,0.549,0.976,0.041,-0.000,1.189,255,634
32124372,-0.244,0.671,0.610,0.008,0.077,1.169,255,634
32125639,0.183,0.793,-0.183,0.066,0.083,0.983,255,634
32126368,-0.183,1.463,-0.732,0.051,0.058,1.005,255,634
32127639,-0.549,1.585,-0.610,0.071,0.106,1.015,255,634
32128370,-0.854,1.890,-0.488,0.009,0.071,1.011,255,634
32129639,-1.585,2.134,-0.366,-0.030,0.062,0.981,255,634
32130437,-1.524,2.744,-0.122,-0.046,0.074,0.929,255,634
32131640,-2.134,2.500,0.671,-0.062,-0.033,1.052,255,634
32132412,-2.134,2.500,0.671,-0.062,-0.033,1.052,255,634
32133639,-1.707,1.829,0.793,-0.064,-0.032,1.197,255,634
32134729,-1.585,1.159,1.463,0.010,-0.008,1.129,255,634
32135641,-1.098,0.671,1.280,-0.023,0.024,1.063,255,643
32136396,-0.610,0.427,1.037,0.008,-0.005,0.961,255,643
32137639,-0.183,0.427,0.793,0.073,0.019,0.990,255,643
32138369,-0.061,1.098,0.427,0.012,0.079,1.011,255,643
32139639,-0.122,1.341,-0.244,-0.007,0.116,1.070,255,643
32140375,-0.671,1.280,-0.427,0.024,0.075,0.920,255,643
32141639,-1.037,1.341,-0.183,0.073,0.093,0.900,255,643
32142374,-1.463,1.707,-0.244,-0.012,0.062,0.955,255,643
32143639,-1.829,2.073,-0.244,-0.041,0.056,1.055,255,643
32144381,-1.890,2.317,0.366,-0.031,0.066,1.146,255,643
32145640,-1.890,2.317,0.732,-0.018,-0.053,1.124,255,643
32146376,-1.890,2.317,0.732,-0.018,-0.053,1.124,255,643
32147640,-1.646,1.402,1.098,0.025,-0.076,0.931,255,643
32148382,-1.220,0.976,1.220,0.009,-0.009,1.036,255,643
32149640,-0.427,1.098,0.976,-0.023,-0.015,1.080,255,643
32150371,0.061,0.976,0.732,0.039,0.062,1.120,255,643
32151639,0.488,1.220,0.122,0.006,0.057,0.956,255,643
32152370,0.488,1.220,0.122,0.006,0.057,0.956,255,643
32153639,-0.488,1.341,-0.366,0.023,0.083,0.906,255,643
32154370,-0.671,1.402,-0.549,0.005,0.107,1.067,255,643
32155639,-0.671,1.341,-0.610,-0.004,0.136,1.103,255,643
32156379,-1.524,1.524,-0.366,-0.025,0.056,1.146,255,643
32157639,-2.012,1.524,0.061,0.013,0.067,1.185,255,643
32158376,-2.195,2.134,0.366,-0.035,-0.031,1.022,255,643
32159640,-1.890,2.317,0.976,-0.052,-0.060,1.024,255,643
32160374,-1.646,1.951,0.854,-0.019,-0.054,1.025,255,643
32161640,-1.524,1.402,1.220,0.014,0.012,1.098,255,643
32162370,-0.793,1.098,1.098,-0.026,-0.028,0.979,255,643
32163639,-0.244,1.098,1.037,0.027,0.030,1.034,255,643
32164380,0.122,1.341,0.793,0.021,0.044,0.946,255,643
32165640,-0.305,1.646,0.000,0.009,0.088,1.044,255,643
32166374,-0.305,1.646,0.000,0.009,0.088,1.044,255,643
32167640,-0.427,1.220,-0.244,-0.021,0.134,1.073,255,643
32168375,-0.793,0.854,-0.549,0.004,0.058,1.052,255,643
32169640,-1.524,1.037,-0.183,0.011,0.047,1.100,255,643
32170371,-2.134,1.341,-0.183,0.024,0.016,1.092,255,643
32171640,-2.500,1.890,0.122,-0.033,0.047,1.108,255,643
32172382,-2.500,1.890,0.305,0.008,-0.035,1.094,255,643
32173639,-2.012,1.829,1.098,-0.042,-0.053,0.926,255,643
32174372,-1.524,1.402,1.341,0.068,-0.044,0.969,255,643
32175640,-0.671,1.220,1.220,-0.009,-0.026,0.971,255,643
32176376,-0.488,1.220,1.098,0.006,0.013,1.025,255,643
32177640,0.061,1.402,0.976,-0.003,0.049,1.092,255,643
32178378,0.122,1.768,0.549,-0.037,0.051,1.090,255,643
32179640,-0.122,1.463,-0.244,-0.055,0.098,0.905,255,643
32180374,-0.122,1.463,-0.244,-0.055,0.098,0.905,255,643
32181639,-0.915,1.098,-0.244,-0.030,0.092,1.042,255,643
32182383,-1.402,1.098,-0.122,0.028,0.073,1.164,255,643
32183639,-1.951,0.915,0.183,-0.001,0.083,1.167,255,643
32184696,-2.317,1.524,0.244,-0.013,0.014,1.084,255,643
32185641,-1.951,1.463,0.732,0.045,-0.055,0.964,255,653
32186399,-1.951,1.463,0.732,0.045,-0.055,0.964,255,653
32187639,-1.341,1.707,0.915,0.033,-0.068,0.960,255,653
32188373,-0.732,1.768,0.976,0.010,0.021,1.101,255,653
32189639,-0.122,1.707,1.159,-0.013,-0.014,1.121,255,653
32190368,0.244,1.646,0.732,-0.006,0.042,1.080,255,653
32191640,0.000,1.829,0.549,-0.043,0.050,0.871,255,653
32192376,0.000,1.585,0.000,0.002,0.033,0.899,255,653
32193640,-0.549,1.341,-0.061,-0.040,0.106,1.067,255,653
32194359,-0.854,0.793,0.000,-0.015,0.137,1.177,255,653
32195640,-1.037,0.366,-0.122,-0.017,0.100,1.094,255,653
32196378,-1.951,0.488,0.305,0.038,0.039,1.133,255,653
32197640,-2.317,0.671,0.305,-0.021,0.011,1.107,255,653
32198369,-2.256,1.402,0.732,0.056,-0.020,0.959,255,653
32199639,-2.012,1.707,1.098,0.015,-0.062,0.997,255,653
32200454,-2.012,1.707,1.098,0.020,-0.053,1.021,255,653
32201640,-0.610,2.012,1.220,0.047,-0.000,1.074,255,653
32202410,-0.366,2.073,0.732,-0.006,-0.014,1.009,255,653
32203639,0.305,2.073,0.732,-0.008,0.029,1.012,255,653
32204373,0.122,2.134,0.427,-0.035,0.047,0.971,255,653
32205640,0.244,2.073,0.122,-0.019,0.049,0.958,255,653
32206374,0.183,1.829,0.000,-0.070,0.134,1.071,255,653
32207640,-0.854,0.732,-0.183,-0.023,0.116,1.041,255,653
32208376,-1.280,0.305,-0.061,-0.032,0.099,1.071,255,653
32209639,-2.256,0.305,0.305,0.060,-0.000,1.090,255,653
32210379,-2.622,0.488,0.244,-0.013,0.041,1.118,255,653
32211640,-2.866,1.037,0.427,0.046,-0.018,1.005,255,653
32212378,-2.256,1.159,0.549,0.079,-0.024,1.089,255,653
32213639,-1.402,1.707,0.915,0.081,-0.054,1.054,255,653
32214375,-1.402,1.707,0.915,0.081,-0.054,1.054,255,653
32215640,0.061,2.134,0.976,0.042,-0.022,0.941,255,653
32216379,0.061,2.378,0.854,-0.041,0.050,1.040,255,653
32217640,0.366,2.744,0.427,-0.034,0.051,1.025,255,653
32218371,0.305,2.866,0.061,-0.062,0.072,1.096,255,653
32219639,-0.427,1.524,-0.244,-0.059,0.095,0.958,255,653
32220375,-0.427,1.524,-0.244,-0.059,0.095,0.958,255,653
32221640,-1.220,0.061,0.000,-0.014,0.039,0.981,255,653
32222374,-2.073,0.244,0.122,0.038,0.035,1.032,255,653
32223640,-2.683,0.427,0.427,-0.009,0.049,1.061,255,653
32224379,-2.805,0.854,0.366,0.069,-0.011,1.116,255,653
32225640,-2.622,1.098,0.976,0.068,-0.007,1.142,255,653
32226373,-1.829,1.463,0.732,0.050,-0.092,1.081,255,653
32227640,-0.854,2.317,1.098,0.025,-0.050,0.998,255,653
32228373,-0.488,2.439,0.976,0.033,-0.007,0.973,255,653
32229640,-0.183,2.561,0.732,-0.044,0.066,1.064,255,653
32230380,0.488,2.561,0.488,-0.055,0.068,1.136,255,653
32231639,0.305,2.439,-0.122,-0.071,0.063,1.123,255,653
32232393,0.061,2.195,-0.366,-0.110,0.127,1.017,255,653
32233639,-0.854,0.793,-0.183,-0.042,0.109,0.953,255,653
32234734,-1.402,0.183,0.122,0.007,0.080,0.917,255,653
32235641,-2.195,-0.122,0.305,0.022,0.021,0.967,255,663
32236394,-2.439,0.000,0.427,-0.011,0.064,1.062,255,663
32237639,-2.622,0.366,0.610,0.080,-0.043,1.049,255,663
32238472,-2.073,0.915,0.793,0.070,-0.017,1.125,255,663
32239640,-1.829,1.402,0.854,0.079,-0.084,1.105,255,663
32240402,-1.463,1.768,1.037,0.092,-0.072,1.018,255,663
32241639,-0.305,2.256,1.037,0.072,-0.039,1.050,255,663
32242374,-0.122,2.561,0.793,-0.088,0.112,1.054,255,663
32243640,0.488,2.866,0.549,-0.055,0.027,1.155,255,663
32244379,0.488,2.927,0.427,-0.119,0.111,1.150,255,663
32245640,0.244,2.195,0.000,-0.108,0.106,1.034,255,663
32246377,-0.244,1.524,-0.244,-0.101,0.086,0.995,255,663
32247640,-1.646,0.061,-0.244,0.019,0.063,1.015,255,663
32248380,-1.646,0.061,-0.244,0.019,0.063,1.015,255,663
32249640,-2.561,-0.244,0.183,0.010,0.024,1.033,255,663
32250377,-2.500,0.366,0.488,0.088,0.010,0.969,255,663
32251640,-2.439,0.732,0.610,0.131,-0.063,1.112,255,663
32252371,-2.012,1.463,0.854,0.063,-0.067,1.054,255,663
32253640,-0.549,2.622,1.159,0.055,-0.004,0.981,255,663
32254376,-0.549,2.622,1.159,0.055,-0.004,0.981,255,663
32255640,0.366,2.988,0.732,-0.080,0.078,1.089,255,663
32256375,0.610,3.293,0.183,-0.092,0.060,1.090,255,663
32257640,0.061,2.866,-0.244,-0.089,0.100,1.171,255,663
32258368,-0.122,2.256,-0.427,-0.128,0.115,0.993,255,663
32259640,-0.732,1.707,-0.061,-0.108,0.085,0.995,255,663
32260381,-1.159,0.732,0.061,-0.030,0.086,1.025,255,663
32261639,-2.378,-0.610,0.671,0.036,0.020,1.140,255,663
32262371,-2.622,-0.183,0.488,0.009,0.044,1.105,255,663
32263639,-3.110,0.244,0.427,0.131,-0.032,1.008,255,663
32264370,-2.744,0.732,0.976,0.120,-0.055,1.060,255,663
32265639,-2.073,1.220,0.854,0.077,-0.083,1.015,255,663
32266370,-0.976,1.646,0.854,0.122,-0.098,1.020,255,663
32267639,0.061,2.927,0.915,0.031,0.017,1.025,255,663
32268380,0.061,2.927,0.915,0.031,0.017,1.025,255,663
32269639,0.732,3.232,0.305,-0.108,0.066,1.045,255,663
32270370,0.488,2.988,-0.122,-0.097,0.109,1.126,255,663
32271639,0.305,2.866,-0.366,-0.176,0.125,0.981,255,663
32272384,-0.854,1.646,-0.244,-0.078,0.086,0.924,255,663
32273639,-1.341,0.427,-0.061,-0.065,0.125,0.968,255,663
32274375,-1.768,-0.366,0.122,0.029,0.032,0.988,255,663
32275640,-2.561,-0.366,0.427,-0.001,-0.004,1.043,255,663
32276379,-2.561,0.122,0.671,0.149,-0.043,1.108,255,663
32277640,-2.134,0.915,0.854,0.104,-0.043,1.130,255,663
32278368,-1.524,1.402,0.854,0.112,-0.115,1.030,255,663
32279640,-0.488,1.890,0.610,0.084,-0.053,1.045,255,663
32280378,-0.061,2.683,0.671,0.081,-0.039,0.911,255,663
32281640,0.915,3.720,0.488,-0.085,0.102,1.004,255,663
32282380,0.915,3.720,0.488,-0.085,0.102,1.004,255,663
32283639,0.183,3.171,-0.244,-0.161,0.128,1.158,255,663
32284723,-0.488,1.951,-0.488,-0.170,0.102,1.064,255,663
32285641,-1.220,0.854,-0.122,-0.120,0.130,0.984,255,673
32286403,-1.768,0.244,0.000,-0.040,0.108,1.017,255,673
32287639,-2.683,-0.915,0.610,0.021,0.029,1.050,255,673
32288384,-2.683,-0.915,0.610,0.021,0.029,1.050,255,673
32289639,-2.866,0.122,1.037,0.175,-0.017,1.033,255,673
32290376,-2.378,1.037,1.402,0.094,-0.065,1.089,255,673
32291640,-1.402,1.890,1.037,0.127,-0.100,1.088,255,673
32292374,-0.488,2.622,0.915,0.063,-0.007,1.081,255,673
32293640,0.061,3.110,0.793,0.096,-0.033,0.936,255,673
32294367,0.427,3.354,0.610,-0.067,0.053,0.992,255,673
32295640,0.549,3.354,-0.061,-0.119,0.117,1.099,255,673
32296376,0.122,2.927,-0.549,-0.198,0.137,1.068,255,673
32297640,-0.427,1.768,-0.427,-0.140,0.111,1.080,255,673
32298374,-1.037,0.610,-0.122,-0.142,0.145,0.984,255,673
32299639,-1.829,-0.427,0.000,-0.002,0.057,1.019,255,673
32300376,-2.561,-1.402,0.305,0.020,0.010,1.024,255,673
32301640,-2.622,-0.427,0.793,0.097,-0.015,1.044,255,673
32302371,-2.622,-0.427,0.793,0.097,-0.015,1.044,255,673
32303639,-2.073,0.976,0.976,0.110,-0.064,1.056,255,673
32304383,-1.341,1.890,0.793,0.150,-0.120,1.042,255,673
32305639,-0.488,2.805,0.976,0.066,-0.016,1.108,255,673
32306377,0.549,3.293,1.037,0.052,0.002,1.078,255,673
32307640,0.915,3.720,0.610,-0.071,0.088,1.082,255,673
32308365,0.854,4.024,0.000,-0.128,0.085,1.007,255,673
32309639,-0.061,2.866,-0.244,-0.192,0.145,0.984,255,673
32310374,-0.549,1.829,-0.366,-0.119,0.114,1.077,255,673
32311640,-1.463,0.915,-0.305,-0.137,0.115,1.109,255,673
32312384,-1.768,-0.427,0.000,-0.023,0.079,0.967,255,673
32313640,-2.866,-1.524,0.488,0.076,0.033,1.044,255,673
32314373,-2.988,-1.280,1.037,0.066,-0.010,1.008,255,673
32315639,-2.317,0.427,0.915,0.148,-0.058,1.036,255,673
32316384,-2.317,0.427,0.915,0.148,-0.058,1.036,255,673
32317640,-0.793,2.256,0.915,0.108,-0.056,1.105,255,673
32318380,0.427,3.232,0.610,0.058,-0.006,0.999,255,673
32319640,0.915,4.024,0.488,0.014,0.004,1.138,255,673
32320371,1.159,3.902,0.610,-0.112,0.115,1.097,255,673
32321640,0.488,3.171,0.061,-0.214,0.185,0.945,255,673
32322370,0.488,3.171,0.061,-0.214,0.185,0.945,255,673
32323639,-1.341,0.976,-0.061,-0.092,0.100,0.985,255,673
32324373,-1.951,-0.122,0.061,-0.143,0.103,0.984,255,673
32325640,-2.561,-1.098,0.244,0.057,0.015,1.073,255,673
32326379,-3.293,-1.646,0.732,0.041,0.051,1.109,255,673
32327640,-3.354,-1.098,1.159,0.120,-0.050,1.065,255,673
32328376,-2.866,-0.244,1.220,0.161,-0.043,1.149,255,673
32329640,-1.220,1.829,1.037,0.178,-0.068,1.069,255,673
32330372,-0.427,2.744,1.037,0.062,-0.072,0.916,255,673
32331640,0.671,3.415,0.732,0.066,0.011,0.960,255,673
32332373,0.915,3.902,0.793,-0.075,0.077,0.985,255,673
32333640,1.098,4.329,0.183,-0.124,0.102,1.125,255,673
32334703,0.732,3.476,-0.183,-0.170,0.129,1.123,255,673
32335641,-0.732,1.951,-0.427,-0.181,0.115,1.081,255,682
32336397,-0.732,1.951,-0.427,-0.181,0.115,1.081,255,682
32337639,-2.439,-0.244,0.061,-0.089,0.074,1.023,255,682
32338384,-2.805,-1.524,0.488,0.086,0.009,1.083,255,682
32339639,-3.232,-1.768,0.793,0.112,-0.005,1.066,255,682
32340370,-2.988,-1.402,0.915,0.153,-0.068,1.011,255,682
32341639,-2.622,-0.061,0.854,0.164,-0.076,1.053,255,682
32342384,-2.012,1.220,0.732,0.209,-0.125,1.077,255,682
32343640,0.000,3.476,0.732,0.051,-0.054,1.112,255,682
32344382,0.488,3.841,0.610,0.025,0.033,1.071,255,682
32345640,1.037,4.085,0.549,-0.097,0.083,1.012,255,682
32346376,1.341,3.963,0.122,-0.128,0.108,0.900,255,682
32347640,0.671,3.476,-0.244,-0.186,0.160,0.988,255,682
32348372,-0.488,2.683,-0.610,-0.195,0.159,1.020,255,682
32349640,-2.134,0.183,-0.183,-0.149,0.114,0.972,255,682
32350381,-2.134,0.183,-0.183,-0.149,0.114,0.972,255,682
32351640,-3.293,-1.646,0.976,0.081,0.052,1.016,255,682
32352379,-3.415,-1.768,1.098,0.180,-0.066,1.076,255,682
32353640,-3.110,-1.098,0.976,0.191,-0.084,1.062,255,682
32354432,-2.195,0.366,0.915,0.186,-0.087,1.022,255,682
32355640,-0.671,3.049,1.037,0.084,-0.050,0.995,255,682
32356426,-0.671,3.049,1.037,0.084,-0.050,0.995,255,682
32357639,1.159,4.085,0.549,-0.022,0.037,1.048,255,682
32358380,1.646,4.024,0.549,-0.177,0.156,1.083,255,682
32359640,1.463,3.659,0.305,-0.178,0.125,1.086,255,682
32360382,0.915,2.866,-0.244,-0.225,0.163,1.006,255,682
32361639,-0.244,1.951,-0.244,-0.202,0.146,0.937,255,682
32362379,-1.341,0.671,-0.061,-0.154,0.089,1.010,255,682
32363640,-3.171,-1.829,0.732,0.083,0.016,1.083,255,682
32364383,-3.537,-2.073,1.159,0.121,-0.015,1.057,255,682
32365640,-3.354,-1.646,1.098,0.229,-0.068,1.120,255,682
32366380,-3.049,-0.610,0.793,0.167,-0.083,1.097,255,682
32367640,-1.951,1.098,1.159,0.222,-0.132,1.077,255,682
32368384,-1.159,2.744,1.159,0.161,-0.063,1.095,255,682
32369639,0.854,4.451,0.793,-0.018,0.053,0.981,255,682
32370376,0.854,4.451,0.793,-0.018,0.053,0.981,255,682
32371640,1.159,4.268,0.000,-0.103,0.142,0.998,255,682
32372373,0.488,3.780,0.122,-0.274,0.173,1.069,255,682
32373639,0.366,2.683,-0.122,-0.227,0.186,0.991,255,682
32374378,-0.915,0.793,0.122,-0.150,0.104,1.098,255,682
32375640,-1.890,-0.305,0.122,-0.150,0.139,1.025,255,682
32376385,-3.171,-1.768,0.061,0.042,0.002,1.126,255,682
32377640,-3.720,-2.012,0.793,0.239,-0.083,1.072,255,682
32378372,-3.171,-1.341,0.976,0.222,-0.109,1.101,255,682
32379640,-2.012,0.427,0.793,0.182,-0.107,0.953,255,682
32380384,-1.037,1.951,0.915,0.227,-0.097,1.057,255,682
32381639,0.122,3.537,0.671,0.075,-0.016,0.940,255,682
32382377,0.671,4.512,0.427,0.031,-0.011,1.115,255,682
32383640,1.341,4.756,-0.061,-0.125,0.095,1.057,255,682
32384723,0.671,3.841,0.000,-0.242,0.193,1.028,255,682
32385641,0.427,3.415,-0.183,-0.241,0.149,0.959,255,692
32386407,-0.854,1.768,-0.061,-0.189,0.142,1.072,255,692
32387639,-1.890,0.061,-0.122,-0.172,0.122,0.976,255,692
32388374,-2.927,-1.280,0.183,0.019,0.022,1.075,255,692
32389640,-3.537,-2.195,0.671,0.184,-0.060,1.025,255,692
32390376,-3.537,-2.195,0.671,0.184,-0.060,1.025,255,692
32391640,-2.439,0.061,1.220,0.212,-0.088,1.015,255,692
32392372,-1.646,1.585,1.159,0.251,-0.136,1.122,255,692
32393640,-0.610,2.866,1.159,0.104,-0.016,1.075,255,692
32394385,0.549,4.024,0.793,0.104,-0.049,1.141,255,692
32395639,1.463,4.573,0.305,-0.065,0.052,0.951,255,692
32396367,1.463,4.756,-0.183,-0.171,0.075,0.935,255,692
32397640,0.854,3.780,0.000,-0.288,0.199,1.016,255,692
32398374,-0.122,2.073,-0.122,-0.211,0.149,1.111,255,692
32399639,-1.341,0.671,0.000,-0.233,0.145,1.018,255,692
32400373,-2.744,-0.732,0.000,-0.046,0.085,1.011,255,692
32401640,-3.354,-2.073,0.549,0.035,0.045,1.046,255,692
32402376,-3.659,-2.256,0.915,0.129,-0.061,1.006,255,692
32403639,-2.439,-0.366,0.915,0.239,-0.099,1.047,255,692
32404372,-2.439,-0.366,0.915,0.239,-0.099,1.047,255,692
32405640,-0.854,2.683,0.793,0.140,-0.054,1.013,255,692
32406372,0.061,4.024,0.244,0.127,-0.023,1.018,255,692
32407640,1.037,4.634,0.122,-0.023,0.017,0.979,255,692
32408369,1.829,5.488,-0.244,-0.162,0.095,1.042,255,692
32409640,1.524,5.183,-0.122,-0.183,0.114,1.064,255,692
32410365,1.159,3.720,0.061,-0.296,0.225,1.064,255,692
32411639,-1.037,0.976,-0.244,-0.237,0.134,1.049,255,692
32412367,-2.500,-0.671,0.061,-0.133,0.094,0.971,255,692
32413639,-3.476,-2.012,0.549,0.061,0.032,0.975,255,692
32414370,-4.207,-2.439,0.610,0.083,-0.007,1.015,255,692
32415639,-4.024,-2.439,0.549,0.249,-0.142,1.084,255,692
32416381,-3.110,-1.463,0.793,0.255,-0.074,1.082,255,692
32417639,-0.976,2.195,0.915,0.183,-0.067,1.158,255,692
32418373,-0.976,2.195,0.915,0.183,-0.067,1.158,255,692
32419640,1.037,4.695,0.244,-0.013,-0.032,1.110,255,692
32420377,1.890,5.305,-0.183,-0.151,0.109,1.075,255,692
32421640,1.707,4.756,-0.305,-0.159,0.100,0.990,255,692
32422370,1.220,4.146,0.061,-0.284,0.232,1.059,255,692
32423639,-0.854,1.280,0.000,-0.244,0.141,1.008,255,692
32424364,-0.854,1.280,0.000,-0.244,0.141,1.008,255,692
32425639,-3.049,-2.012,0.244,0.039,0.017,1.036,255,692
32426369,-3.720,-2.683,0.549,0.044,0.035,1.026,255,692
32427639,-3.841,-2.500,0.915,0.222,-0.105,1.043,255,692
32428376,-3.415,-1.463,1.159,0.260,-0.059,1.142,255,692
32429639,-2.439,0.000,1.159,0.278,-0.170,1.062,255,692
32430372,-1.707,1.707,0.854,0.221,-0.070,1.209,255,692
32431640,0.488,5.000,0.305,0.062,-0.011,1.116,255,692
32432473,1.524,5.183,-0.061,-0.162,0.069,0.939,255,692
32433640,1.951,4.939,-0.183,-0.114,0.105,0.958,255,692
32434740,1.585,4.329,0.000,-0.311,0.203,1.013,255,692
32435641,0.488,3.293,-0.244,-0.205,0.168,0.965,255,702
32436412,-0.976,1.707,-0.305,-0.313,0.193,1.054,255,702
32437639,-3.476,-1.037,0.244,0.004,0.060,1.108,255,702
32438377,-3.476,-1.037,0.244,0.004,0.060,1.108,255,702
32439639,-4.207,-2.805,0.915,0.221,-0.095,1.066,255,702
32440372,-3.720,-2.195,1.159,0.276,-0.097,1.132,255,702
32441639,-2.683,-0.671,0.976,0.307,-0.130,1.005,255,702
32442379,-1.951,1.585,0.915,0.228,-0.115,1.165,255,702
32443640,-0.244,3.537,0.915,0.158,-0.037,0.896,255,702
32444373,0.488,4.451,0.244,0.091,-0.056,1.049,255,702
32445640,1.951,5.305,-0.488,-0.143,0.066,1.004,255,702
32446376,1.524,4.268,-0.183,-0.292,0.229,1.075,255,702
32447640,0.732,3.415,-0.122,-0.260,0.178,1.070,255,702
32448371,-0.366,1.768,-0.122,-0.305,0.191,1.134,255,702
32449639,-1.402,0.305,0.000,-0.232,0.120,0.935,255,702
32450371,-2.683,-1.341,0.183,-0.003,0.065,1.069,255,702
32451639,-3.902,-2.561,1.037,0.208,-0.067,1.062,255,702
32452381,-3.902,-2.561,1.037,0.208,-0.067,1.062,255,702
32453639,-2.378,-0.610,1.159,0.296,-0.115,0.926,255,702
32454380,-1.768,1.341,1.037,0.232,-0.119,1.130,255,702
32455640,-0.488,3.598,0.671,0.185,-0.062,0.963,255,702
32456371,0.244,4.939,0.061,0.052,-0.033,1.080,255,702
32457639,1.951,5.244,-0.366,-0.200,0.103,1.018,255,702
32458373,1.951,5.244,-0.366,-0.200,0.103,1.018,255,702
32459640,0.854,3.598,-0.183,-0.278,0.196,1.052,255,702
32460369,-0.366,2.134,0.183,-0.302,0.184,1.130,255,702
32461639,-1.220,0.549,0.366,-0.234,0.137,1.029,255,702
32462376,-2.683,-1.220,0.427,-0.033,0.073,1.094,255,702
32463639,-3.415,-2.561,0.854,0.056,0.033,0.974,255,702
32464370,-4.085,-2.988,0.915,0.199,-0.079,1.023,255,702
32465640,-2.805,-1.220,0.854,0.315,-0.133,0.988,255,702
32466374,-2.805,-1.220,0.854,0.277,-0.096,1.055,255,702
32467639,-0.854,3.049,0.976,0.149,-0.060,1.032,255,702
32468378,0.122,4.756,0.488,0.113,-0.053,1.104,255,702
32469640,1.341,5.488,0.000,-0.076,0.053,1.027,255,702
32470366,1.890,5.671,-0.183,-0.146,0.069,1.022,255,702
32471639,0.854,3.780,-0.122,-0.276,0.161,0.997,255,702
32472388,0.854,3.780,-0.122,-0.276,0.161,0.997,255,702
32473639,-1.646,0.305,0.122,-0.266,0.140,1.060,255,702
32474371,-2.744,-1.280,0.549,-0.053,0.077,1.060,255,702
32475640,-3.659,-2.561,0.610,0.049,0.037,1.021,255,702
32476373,-4.085,-2.927,0.976,0.198,-0.072,1.025,255,702
32477640,-3.598,-2.439,1.220,0.288,-0.090,1.060,255,702
32478374,-2.988,-1.037,1.159,0.327,-0.152,0.973,255,702
32479639,-0.671,3.415,0.671,0.166,-0.081,1.027,255,702
32480379,0.366,4.695,0.305,0.095,-0.028,1.089,255,702
32481639,1.402,5.549,0.061,-0.081,0.010,1.122,255,702
32482369,1.890,5.671,-0.183,-0.176,0.084,1.005,255,702
32483639,1.768,5.183,-0.244,-0.281,0.180,1.063,255,702
32484694,-0.122,1.951,-0.183,-0.283,0.194,1.099,255,702
32485641,-1.341,0.549,0.000,-0.279,0.151,0.989,255,712
32486404,-1.341,0.549,0.000,-0.279,0.151,0.989,255,712
32487639,-3.476,-2.744,0.854,-0.008,0.055,1.062,255,712
32488435,-3.720,-3.049,1.220,0.225,-0.076,1.009,255,712
32489640,-3.720,-2.622,1.280,0.260,-0.067,1.093,255,712
32490425,-2.805,-0.793,1.098,0.342,-0.151,1.028,255,712
32491639,-0.793,2.927,0.427,0.154,-0.073,0.924,255,712
32492391,-0.793,2.927,0.427,0.154,-0.073,0.924,255,712
32493639,1.280,5.732,0.183,-0.144,0.070,1.016,255,712
32494378,1.707,5.732,-0.305,-0.100,0.052,1.055,255,712
32495640,1.951,5.000,0.000,-0.360,0.222,1.062,255,712
32496370,1.402,3.659,0.122,-0.189,0.139,0.897,255,712
32497639,0.000,1.890,0.000,-0.322,0.231,1.065,255,712
32498364,-0.671,0.549,0.122,-0.273,0.139,0.904,255,712
32499640,-3.110,-2.073,0.671,-0.021,0.061,0.979,255,712
32500371,-3.110,-2.073,0.671,0.264,-0.108,1.021,255,712
32501640,-3.537,-2.622,1.098,0.220,-0.026,1.052,255,712
32502376,-2.866,-0.976,1.220,0.405,-0.187,1.076,255,712
32503639,-2.439,0.793,0.976,0.251,-0.082,1.133,255,712
32504372,-0.732,3.354,0.610,0.169,-0.105,0.951,255,712
32505640,1.524,5.549,0.183,-0.128,0.042,0.879,255,712
32506373,1.524,5.549,0.183,-0.128,0.042,0.879,255,712
32507640,1.890,5.183,-0.061,-0.373,0.239,0.974,255,712
32508368,1.159,3.537,-0.122,-0.191,0.115,1.068,255,712
32509639,-0.061,1.524,0.122,-0.370,0.264,1.142,255,712
32510376,-1.037,0.366,0.366,-0.179,0.070,0.940,255,712
32511640,-2.866,-1.524,0.610,-0.065,0.122,1.092,255,712
32512372,-3.171,-2.317,0.671,0.035,0.000,0.974,255,712
32513640,-3.293,-2.195,1.037,0.246,-0.042,0.946,255,712
32514377,-3.110,-0.671,0.854,0.400,-0.180,1.107,255,712
32515640,-2.012,1.159,0.671,0.188,-0.073,1.101,255,712
32516371,-0.305,3.659,0.427,0.197,-0.098,1.019,255,712
32517640,0.244,4.939,0.183,0.037,-0.048,1.125,255,712
32518375,1.585,5.610,0.000,-0.119,0.053,0.941,255,712
32519640,1.585,4.756,-0.122,-0.322,0.212,0.875,255,712
32520373,1.585,4.756,-0.122,-0.322,0.212,0.875,255,712
32521640,-0.061,1.524,-0.122,-0.359,0.213,1.067,255,712
32522371,-1.280,0.000,0.366,-0.139,0.086,0.983,255,712
32523640,-2.744,-1.951,0.793,-0.052,0.102,1.154,255,712
32524379,-3.232,-2.317,0.915,0.075,-0.002,0.941,255,712
32525640,-4.024,-2.744,0.915,0.271,-0.054,0.954,255,712
32526372,-3.232,-1.951,0.915,0.271,-0.054,0.954,255,712
32527640,-1.890,1.524,0.732,0.156,-0.063,1.026,255,712
32528374,-0.427,3.720,0.305,0.190,-0.099,1.005,255,712
32529640,0.427,4.756,0.061,-0.023,0.025,1.122,255,712
32530370,1.524,5.732,-0.122,-0.104,0.034,0.937,255,712
32531639,1.280,5.244,-0.610,-0.236,0.131,1.118,255,712
32532371,1.951,4.756,-0.305,-0.310,0.176,0.896,255,712
32533640,-0.366,1.159,0.305,-0.366,0.206,0.988,255,712
32534709,-1.768,-0.366,0.549,-0.062,0.062,1.068,255,712
32535641,-3.049,-2.073,0.732,-0.057,0.130,1.056,255,721
32536494,-3.476,-2.500,0.732,0.168,-0.041,0.908,255,721
32537640,-3.963,-2.561,0.793,0.241,-0.063,1.187,255,721
32538404,-3.049,-1.524,0.732,0.294,-0.110,0.917,255,721
32539639,-1.159,2.256,0.793,0.128,-0.085,0.991,255,721
32540384,-1.159,2.256,0.793,0.128,-0.085,0.991,255,721
32541639,0.427,5.244,0.366,-0.080,0.039,1.004,255,721
32542371,1.524,5.732,0.000,-0.054,0.039,0.910,255,721
32543639,1.341,5.366,-0.244,-0.306,0.143,1.110,255,721
32544378,1.585,4.268,-0.183,-0.254,0.157,0.902,255,721
32545640,-0.244,2.622,-0.183,-0.286,0.196,1.254,255,721
32546378,-0.671,1.037,0.427,-0.298,0.143,0.938,255,721
32547639,-2.927,-1.951,0.549,-0.023,0.027,1.085,255,721
32548371,-3.476,-2.500,0.793,0.214,-0.029,1.011,255,721
32549639,-3.598,-2.500,0.915,0.195,-0.079,1.168,255,721
32550372,-2.744,-1.037,0.915,0.368,-0.160,0.912,255,721
32551639,-2.744,0.427,0.671,0.271,-0.098,1.170,255,721
32552375,-0.732,2.744,0.793,0.177,-0.119,0.914,255,721
32553640,0.976,4.878,0.183,-0.054,0.023,0.994,255,721
32554375,0.976,4.878,0.183,-0.054,0.023,0.994,255,721
32555640,1.402,5.122,-0.122,-0.330,0.130,0.993,255,721
32556367,1.341,3.841,0.122,-0.210,0.169,0.899,255,721
32557640,0.000,1.829,0.305,-0.331,0.186,1.050,255,721
32558374,-0.549,0.488,0.427,-0.209,0.125,0.845,255,721
32559640,-2.256,-0.976,0.183,0.019,0.027,0.965,255,721
32560370,-2.317,-1.951,0.549,0.019,0.027,0.965,255,721
32561640,-3.110,-1.707,0.549,0.231,-0.047,1.052,255,721
32562376,-2.866,-0.427,0.854,0.386,-0.133,1.034,255,721
32563640,-2.622,0.915,0.732,0.193,-0.103,1.168,255,721
32564373,-0.915,3.171,0.305,0.182,-0.123,0.996,255,721
32565640,-0.305,4.329,-0.061,0.054,-0.031,1.089,255,721
32566375,1.098,5.305,0.061,-0.085,0.030,0.878,255,721
32567640,1.585,4.512,0.000,-0.311,0.127,1.006,255,721
32568367,1.585,4.512,0.000,-0.311,0.127,1.006,255,721
32569639,-0.305,1.220,0.366,-0.349,0.213,0.987,255,721
32570376,-1.037,0.122,0.610,-0.083,0.097,0.999,255,721
32571640,-2.378,-1.585,0.427,-0.053,0.102,1.068,255,721
32572373,-2.622,-2.256,0.488,0.108,-0.007,0.947,255,721
32573640,-2.927,-1.402,0.549,0.270,-0.068,0.939,255,721
32574379,-2.927,-1.402,0.549,0.270,-0.068,0.939,255,721
32575640,-1.829,1.463,0.610,0.148,-0.091,1.007,255,721
32576371,-0.793,3.476,0.427,0.160,-0.069,0.989,255,721
32577640,0.122,4.695,0.244,-0.062,-0.021,1.067,255,721
32578375,0.915,5.305,0.244,-0.083,0.054,0.966,255,721
32579640,0.732,4.878,0.122,-0.253,0.096,1.093,255,721
32580370,1.098,3.963,0.122,-0.259,0.162,0.873,255,721
32581639,-0.488,0.976,0.610,-0.282,0.171,1.004,255,721
32582371,-1.951,-0.488,0.610,-0.030,0.116,1.088,255,721
32583639,-2.500,-1.890,0.732,-0.031,0.074,1.081,255,721
32584726,-3.049,-2.195,0.610,0.202,-0.042,0.979,255,721
32585641,-3.720,-2.012,0.549,0.185,-0.028,1.107,255,731
32586402,-2.988,-0.549,0.793,0.379,-0.128,0.984,255,731
32587639,-1.220,2.744,0.610,0.130,-0.082,0.920,255,731
32588379,-1.220,2.744,0.610,0.130,-0.082,0.920,255,731
32589639,0.549,4.756,0.427,-0.099,0.053,0.912,255,731
32590370,0.854,4.939,0.244,-0.093,0.042,1.017,255,731
32591639,1.159,4.207,0.183,-0.338,0.144,0.957,255,731
32592371,1.220,3.476,0.366,-0.196,0.120,1.001,255,731
32593639,-0.122,1.463,0.610,-0.151,0.127,0.823,255,731
32594377,-0.732,0.244,0.793,-0.151,0.127,0.823,255,731
32595640,-2.561,-1.768,0.915,0.033,0.040,0.962,255,731
32596371,-3.841,-2.134,0.305,0.268,-0.051,1.142,255,731
32597639,-3.232,-1.646,0.610,0.217,-0.042,0.983,255,731
32598374,-2.866,0.000,0.427,0.353,-0.121,1.090,255,731
32599640,-2.317,1.098,0.122,0.181,-0.106,1.115,255,731
32600377,-0.793,3.354,0.122,0.091,-0.081,0.998,255,731
32601640,0.915,5.061,0.549,-0.077,0.028,0.943,255,731
32602372,0.915,5.061,0.549,-0.077,0.028,0.943,255,731
32603640,1.159,3.963,0.183,-0.286,0.127,0.974,255,731
32604370,0.488,2.378,0.610,-0.194,0.164,1.065,255,731
32605639,-0.305,0.915,0.488,-0.287,0.164,0.921,255,731
32606366,-1.585,-0.427,0.915,-0.066,0.093,1.071,255,731
32607639,-2.683,-1.768,0.732,0.193,-0.028,1.042,255,731
32608363,-2.683,-1.768,0.732,0.193,-0.028,1.042,255,731
32609639,-2.622,-0.854,0.488,0.328,-0.092,0.890,255,731
32610376,-2.683,0.366,0.427,0.245,-0.080,1.100,255,731
32611640,-1.280,2.561,0.427,0.121,-0.099,0.969,255,731
32612370,-0.976,4.146,0.427,0.062,-0.050,1.099,255,731
32613640,0.305,4.756,0.427,-0.067,0.035,0.933,255,731
32614461,0.976,4.878,0.366,-0.120,0.037,1.066,255,731
32615640,1.037,3.171,0.427,-0.202,0.108,1.006,255,731
32616396,-0.061,1.829,0.793,-0.243,0.209,1.166,255,731
32617639,-0.671,0.549,0.915,-0.146,0.104,1.042,255,731
32618374,-2.012,-0.915,0.610,-0.061,0.100,1.137,255,731
32619640,-2.500,-1.463,0.488,0.105,0.037,0.980,255,731
32620375,-3.354,-2.073,0.305,0.232,-0.024,1.123,255,731
32621640,-2.439,-0.366,0.427,0.328,-0.124,1.127,255,731
32622379,-2.439,-0.366,0.427,0.328,-0.124,1.127,255,731
32623640,-0.976,3.171,0.366,0.110,-0.098,1.047,255,731
32624371,-0.244,4.512,0.366,-0.070,0.012,1.087,255,731
32625640,0.793,5.122,0.305,-0.045,0.002,0.978,255,731
32626371,0.366,4.695,0.305,-0.247,0.138,1.042,255,731
32627639,0.793,4.085,0.549,-0.241,0.098,0.930,255,731
32628370,0.122,2.256,0.671,-0.204,0.176,1.073,255,731
32629639,-1.890,-0.305,1.098,-0.053,0.123,1.082,255,731
32630374,-2.195,-1.098,0.793,-0.012,0.091,1.023,255,731
32631640,-2.866,-1.646,0.427,0.206,-0.018,1.074,255,731
32632372,-3.110,-1.585,0.183,0.145,-0.015,1.127,255,731
32633640,-2.500,-0.549,0.305,0.346,-0.103,1.018,255,731
32634721,-0.793,2.439,0.366,0.157,-0.107,0.995,255,731
32635641,-0.610,4.085,0.366,-0.027,-0.015,1.124,255,741
32636407,0.610,5.122,0.732,-0.052,-0.013,0.853,255,741
32637639,0.366,4.878,0.427,-0.188,0.097,1.072,255,741
32638371,0.793,3.963,0.305,-0.243,0.069,0.926,255,741
32639640,0.427,2.866,0.427,-0.226,0.178,1.035,255,741
32640376,-0.183,1.524,0.610,-0.239,0.118,1.073,255,741
32641640,-2.134,-0.793,0.488,-0.083,0.086,1.087,255,741
32642375,-2.134,-0.793,0.488,-0.083,0.086,1.087,255,741
32643640,-3.171,-1.646,-0.061,0.183,0.019,1.149,255,741
32644378,-2.866,-0.793,0.183,0.266,-0.108,0.989,255,741
32645640,-2.561,0.305,-0.183,0.241,-0.054,1.101,255,741
32646374,-1.890,1.890,0.000,0.195,-0.085,1.032,255,741
32647640,-1.341,3.293,0.122,0.058,-0.051,1.122,255,741
32648385,-0.122,4.573,0.183,-0.092,0.000,1.011,255,741
32649639,0.305,4.390,0.427,-0.283,0.093,1.086,255,741
32650375,0.549,3.415,0.671,-0.191,0.122,0.974,255,741
32651640,-0.244,1.646,0.549,-0.263,0.149,1.064,255,741
32652372,-0.366,0.244,0.915,-0.077,0.102,0.909,255,741
32653640,-1.646,-0.793,0.976,-0.106,0.159,1.042,255,741
32654373,-2.012,-1.159,1.037,0.103,0.007,0.982,255,741
32655640,-2.866,-1.159,0.122,0.218,-0.082,0.977,255,741
32656370,-2.866,-1.159,0.122,0.218,-0.082,0.977,255,741
32657639,-1.646,1.402,0.122,0.168,-0.097,1.032,255,741
32658376,-0.793,2.988,0.183,0.113,-0.046,1.016,255,741
32659639,-0.305,4.268,0.305,-0.074,-0.019,1.107,255,741
32660368,0.366,4.695,0.366,-0.030,0.032,1.020,255,741
32661640,0.488,4.390,0.305,-0.231,0.066,1.029,255,741
32662373,0.610,3.598,0.366,-0.219,0.107,0.933,255,741
32663640,-0.122,1.037,0.976,-0.171,0.130,1.052,255,741
32664371,-1.220,-0.305,0.732,-0.040,0.134,1.078,255,741
32665639,-2.073,-0.854,0.488,0.008,0.046,1.022,255,741
32666375,-2.683,-0.976,0.244,0.155,-0.006,1.068,255,741
32667640,-2.927,-1.098,0.000,0.188,-0.029,0.975,255,741
32668367,-2.744,-0.305,0.305,0.294,-0.070,1.028,255,741
32669639,-1.768,2.500,0.000,0.161,-0.106,1.024,255,741
32670376,-1.768,2.500,0.000,0.161,-0.106,1.024,255,741
32671639,0.122,4.634,0.610,-0.042,0.002,1.003,255,741
32672372,0.305,4.512,0.671,-0.173,0.088,1.086,255,741
32673639,0.732,4.024,0.610,-0.222,0.087,1.009,255,741
32674371,0.305,2.378,0.366,-0.188,0.154,1.057,255,741
32675640,-0.610,0.061,0.915,-0.036,0.104,1.134,255,741
32676371,-0.610,0.061,0.915,-0.036,0.104,1.134,255,741
32677639,-1.951,-1.341,0.671,0.178,-0.001,1.007,255,741
32678374,-2.500,-1.280,0.183,0.131,-0.002,1.060,255,741
32679640,-2.317,-0.610,0.000,0.257,-0.106,0.934,255,741
32680371,-2.683,0.793,0.122,0.189,-0.040,1.062,255,741
32681639,-1.585,2.073,0.244,0.151,-0.115,0.980,255,741
32682384,-0.976,3.110,0.061,0.028,-0.032,1.155,255,741
32683640,0.122,4.268,0.427,-0.117,0.100,1.124,255,741
32684694,0.732,3.902,0.671,-0.194,0.062,0.999,255,741
32685641,0.488,3.049,0.732,-0.209,0.153,1.050,255,751
32686392,-0.061,1.707,0.549,-0.224,0.138,1.120,255,751
32687639,-0.610,0.244,1.037,-0.050,0.099,0.960,255,751
32688374,-1.646,-0.793,0.671,-0.074,0.132,1.002,255,751
32689640,-2.805,-1.037,-0.122,0.112,0.021,1.104,255,751
32690372,-2.805,-1.037,-0.122,0.112,0.021,1.104,255,751
32691639,-2.744,0.244,0.000,0.189,-0.055,1.072,255,751
32692372,-1.829,1.341,-0.122,0.155,-0.076,1.024,255,751
32693640,-1.341,2.500,0.061,0.066,-0.066,1.109,255,751
32694379,-0.488,3.841,0.488,-0.059,-0.018,0.994,255,751
32695640,-0.122,4.390,0.854,-0.078,0.062,1.036,255,751
32696442,0.183,3.902,0.732,-0.198,0.067,0.992,255,751
32697640,-0.427,2.073,0.854,-0.192,0.120,1.123,255,751
32698407,-0.488,0.854,1.159,-0.097,0.128,1.101,255,751
32699639,-1.524,-0.549,0.732,-0.065,0.107,1.052,255,751
32700380,-1.829,-0.732,0.732,0.070,0.041,1.008,255,751
32701640,-2.927,-0.854,0.244,0.118,0.018,1.078,255,751
32702371,-2.866,-0.488,0.000,0.221,-0.052,0.978,255,751
32703639,-2.012,1.280,-0.183,0.165,-0.070,1.041,255,751
32704383,-2.012,1.280,-0.183,0.165,-0.070,1.041,255,751
32705639,-0.610,3.659,0.366,-0.068,-0.055,1.030,255,751
32706372,-0.244,4.268,0.671,-0.065,0.043,1.043,255,751
32707640,-0.061,4.268,0.610,-0.202,0.065,1.014,255,751
32708371,0.488,3.354,0.915,-0.170,0.118,1.012,255,751
32709639,0.122,1.037,1.341,-0.092,0.104,1.000,255,751
32710373,0.122,1.037,1.341,-0.092,0.104,1.000,255,751
32711640,-1.646,-0.549,0.915,0.022,0.030,1.036,255,751
32712368,-2.256,-0.793,0.488,0.095,0.055,1.060,255,751
32713640,-2.622,-0.732,0.122,0.202,-0.044,1.006,255,751
32714375,-2.805,-0.061,-0.183,0.201,-0.042,1.048,255,751
32715640,-2.256,0.915,-0.244,0.156,-0.068,1.045,255,751
32716372,-1.585,1.951,-0.183,0.124,-0.082,1.068,255,751
32717640,0.122,4.207,0.549,-0.039,0.011,1.047,255,751
32718370,0.244,4.329,0.976,-0.166,0.054,1.108,255,751
32719639,0.427,3.476,0.732,-0.159,0.085,0.973,255,751
32720367,0.427,2.378,0.793,-0.218,0.148,1.039,255,751
32721639,0.000,1.098,1.098,-0.077,0.127,0.885,255,751
32722373,-0.793,0.427,0.793,-0.088,0.132,1.107,255,751
32723639,-2.378,-0.610,0.305,0.087,0.039,1.025,255,751
32724367,-2.378,-0.610,0.305,0.087,0.039,1.025,255,751
32725639,-2.622,-0.305,0.000,0.194,-0.068,1.109,255,751
32726370,-2.378,0.488,-0.305,0.154,-0.059,1.042,255,751
32727639,-1.951,1.829,-0.122,0.127,-0.083,1.083,255,751
32728376,-1.463,2.744,0.122,-0.028,-0.051,1.081,255,751
32729640,-0.549,3.537,0.305,-0.024,-0.010,1.083,255,751
32730374,0.000,3.780,0.610,-0.144,0.022,1.054,255,751
32731639,0.366,2.622,1.098,-0.168,0.107,1.051,255,751
32732371,0.244,1.463,0.854,-0.108,0.164,0.992,255,751
32733639,-0.854,0.488,0.793,-0.066,0.116,1.023,255,751
32734714,-1.463,0.122,0.549,-0.020,0.107,1.009,255,751
32735641,-2.317,-0.183,0.244,0.082,0.027,1.058,255,760
32736409,-2.866,-0.244,-0.122,0.121,-0.015,1.000,255,760
32737639,-2.378,0.671,-0.488,0.144,-0.075,1.023,255,760
32738375,-2.378,0.671,-0.488,0.144,-0.075,1.023,255,760
32739640,-1.524,2.439,0.000,-0.012,-0.069,1.032,255,760
32740393,-0.488,3.598,0.671,-0.019,-0.002,1.040,255,760
32741639,-0.061,3.841,1.402,-0.137,0.035,0.986,255,760
32742371,0.427,3.476,1.098,-0.123,0.083,0.963,255,760
32743639,0.000,1.524,0.732,-0.108,0.132,1.045,255,760
32744376,0.000,1.524,0.732,-0.108,0.132,1.045,255,760
32745640,-1.037,-0.366,0.610,0.007,0.080,0.999,255,760
32746372,-1.951,-0.366,0.488,0.047,0.063,1.102,255,760
32747640,-2.073,-0.366,0.305,0.109,-0.006,1.074,255,760
32748376,-2.500,-0.366,-0.122,0.175,-0.053,1.066,255,760
32749639,-2.378,0.427,-0.427,0.107,-0.058,0.955,255,760
32750372,-1.829,1.463,-0.061,0.100,-0.066,1.046,255,760
32751639,-0.793,2.805,0.610,-0.015,-0.002,0.978,255,760
32752371,-0.244,3.598,0.854,-0.106,0.044,0.993,255,760
32753640,0.488,3.171,1.220,-0.102,0.059,0.985,255,760
32754371,0.427,2.744,0.854,-0.168,0.128,1.140,255,760
32755639,0.366,1.890,0.915,-0.055,0.072,1.103,255,760
32756376,-0.366,0.854,0.610,-0.117,0.165,1.054,255,760
32757640,-1.951,0.122,0.305,0.014,0.078,1.105,255,760
32758372,-1.951,0.122,0.305,0.014,0.078,1.105,255,760
32759639,-2.561,0.244,-0.610,0.150,-0.034,1.029,255,760
32760376,-2.317,0.915,-0.488,0.094,-0.030,0.987,255,760
32761640,-1.951,1.341,-0.183,0.103,-0.056,1.034,255,760
32762372,-1.463,2.134,0.244,0.004,-0.052,1.026,255,760
32763639,-0.488,3.049,0.488,0.008,0.002,1.020,255,760
32764366,-0.122,3.232,0.793,-0.093,0.010,1.014,255,760
32765640,0.305,2.500,1.280,-0.114,0.085,1.137,255,760
32766371,0.244,1.768,1.220,-0.114,0.110,1.038,255,760
32767639,-0.244,1.098,0.366,-0.075,0.104,1.083,255,760
32768371,-0.915,0.366,0.305,-0.002,0.099,0.923,255,760
32769639,-1.707,0.366,0.305,0.009,0.069,1.072,255,760
32770369,-2.378,0.183,-0.061,0.100,0.034,1.016,255,760
32771639,-2.683,0.610,-0.427,0.088,-0.027,1.005,255,760
32772372,-2.683,0.610,-0.427,0.088,-0.027,1.005,255,760
32773639,-1.585,2.134,0.305,0.023,-0.049,1.031,255,760
32774376,-0.671,2.805,0.610,-0.011,-0.040,1.027,255,760
32775639,-0.061,2.988,0.976,-0.085,0.014,0.986,255,760
32776369,0.854,2.866,1.463,-0.063,0.039,0.937,255,760
32777639,0.244,1.890,1.037,-0.062,0.107,1.055,255,760
32778375,0.244,1.890,1.037,-0.062,0.107,1.055,255,760
32779639,-0.793,0.610,0.427,-0.004,0.091,0.946,255,760
32780358,-1.829,0.427,0.000,-0.021,0.079,1.153,255,760
32781639,-2.256,0.488,-0.061,0.108,0.031,1.074,255,760
32782365,-2.622,0.122,-0.244,0.111,-0.013,1.069,255,760
32783640,-2.317,0.427,-0.366,0.124,-0.064,0.926,255,760
32784699,-1.951,1.951,0.000,0.026,-0.082,0.978,255,760
32785641,-1.220,2.561,0.610,-0.029,-0.002,1.025,255,770
32786404,-0.549,2.988,0.915,-0.054,-0.024,0.947,255,770
32787639,0.061,3.049,1.220,-0.057,0.066,1.043,255,770
32788378,0.305,2.744,1.159,-0.105,0.073,1.039,255,770
32789640,0.305,2.134,1.280,-0.064,0.135,1.132,255,770
32790370,0.183,1.524,0.610,-0.098,0.141,1.138,255,770
32791639,-1.341,0.854,0.061,-0.062,0.045,1.100,255,770
32792436,-1.341,0.854,0.061,-0.062,0.045,1.100,255,770
32793640,-2.622,0.000,-0.183,0.096,-0.047,0.964,255,770
32794439,-2.500,0.183,-0.244,0.096,-0.037,0.924,255,770
32795640,-2.561,0.610,-0.061,0.052,-0.084,1.058,255,770
32796399,-1.768,1.707,0.244,0.063,-0.006,0.957,255,770
32797639,-1.341,2.256,0.732,0.001,-0.054,1.055,255,770
32798366,-0.244,2.927,1.220,-0.059,0.033,0.970,255,770
32799640,0.549,2.744,1.463,-0.082,0.099,1.037,255,770
32800374,0.549,2.317,1.159,-0.092,0.101,1.099,255,770
32801640,0.610,1.768,0.793,-0.063,0.113,1.008,255,770
32802367,-0.732,0.915,0.488,-0.040,0.096,1.026,255,770
32803639,-1.585,0.610,0.183,-0.047,0.073,0.999,255,770
32804375,-1.829,0.061,0.061,0.077,0.052,1.025,255,770
32805640,-2.561,0.122,-0.244,0.085,-0.044,1.017,255,770
32806367,-2.561,0.122,-0.244,0.085,-0.044,1.017,255,770
32807639,-2.073,1.463,0.305,0.093,-0.072,1.029,255,770
32808375,-1.341,2.134,0.610,-0.008,-0.042,1.081,255,770
32809639,-0.488,2.561,1.159,-0.008,-0.019,1.023,255,770
32810365,0.488,2.927,1.402,-0.061,0.050,1.103,255,770
32811639,0.549,2.378,0.915,-0.094,0.139,1.122,255,770
32812373,0.549,2.378,0.915,-0.094,0.139,1.122,255,770
32813640,-0.671,1.159,0.061,-0.073,0.134,1.062,255,770
32814370,-1.341,0.976,-0.122,-0.029,0.054,1.042,255,770
32815639,-1.707,0.305,-0.122,0.047,0.058,1.059,255,770
32816372,-2.134,-0.061,-0.427,0.062,-0.046,0.969,255,770
32817640,-2.439,0.122,-0.305,0.089,-0.035,0.994,255,770
32818435,-2.744,0.732,-0.061,0.059,-0.089,0.977,255,770
32819640,-1.463,2.195,0.793,-0.005,-0.060,1.125,255,770
32820387,-0.549,3.110,1.098,0.012,-0.001,1.114,255,770
32821639,0.244,3.110,1.037,-0.084,0.036,1.080,255,770
32822421,0.488,2.866,0.976,0.002,0.111,1.060,255,770
32823640,0.366,2.805,0.549,-0.137,0.126,1.046,255,770
32824383,0.183,2.012,0.488,-0.027,0.099,0.945,255,770
32825640,-1.768,0.854,0.122,0.012,0.031,0.983,255,770
32826374,-1.768,0.854,0.122,0.012,0.031,0.983,255,770
32827640,-2.378,0.183,-0.366,0.062,-0.053,1.037,255,770
32828367,-2.744,0.122,-0.427,0.078,-0.042,1.146,255,770
32829639,-2.317,0.366,-0.122,0.139,-0.089,1.066,255,770
32830371,-2.134,1.220,0.732,0.081,-0.057,1.145,255,770
32831640,-1.159,1.829,0.488,0.006,-0.050,1.052,255,770
32832369,-0.610,2.561,0.976,0.014,-0.005,1.070,255,770
32833639,0.793,2.927,1.098,-0.086,0.137,0.950,255,770
32834716,0.854,2.866,0.671,-0.082,0.120,0.959,255,770
32835641,0.183,2.317,0.366,-0.081,0.146,1.109,255,780
32836407,-0.671,1.463,0.000,-0.151,0.096,1.022,255,780
32837639,-1.341,0.915,-0.244,-0.015,0.087,1.063,255,780
32838383,-2.134,0.488,-0.122,0.012,0.018,1.070,255,780
32839640,-3.293,-0.305,-0.244,0.095,-0.096,1.051,255,780
32840377,-3.293,-0.305,-0.244,0.095,-0.096,1.051,255,780
32841639,-1.951,1.220,0.854,0.076,-0.086,1.077,255,780
32842371,-1.098,2.012,1.037,0.058,-0.014,1.010,255,780
32843639,0.000,2.683,1.037,0.014,-0.005,0.996,255,780
32844373,0.793,2.744,0.976,-0.024,0.087,0.998,255,780
32845640,0.793,2.927,0.549,-0.096,0.142,1.091,255,780
32846369,0.793,2.927,0.549,-0.096,0.142,1.091,255,780
32847639,-1.159,1.646,0.061,-0.140,0.110,0.989,255,780
32848369,-1.768,0.854,-0.244,-0.036,0.071,1.072,255,780
32849640,-2.500,-0.183,-0.366,0.042,0.058,1.029,255,780
32850373,-2.683,-0.610,-0.183,0.083,-0.043,1.069,255,780
32851640,-2.683,-0.183,-0.305,0.100,-0.057,1.047,255,780
32852381,-2.195,0.427,0.549,0.142,-0.070,1.031,255,780
32853640,-0.671,2.134,1.220,0.067,-0.087,0.986,255,780
32854371,0.000,2.683,1.524,-0.009,0.014,1.038,255,780
32855639,0.366,3.293,1.159,-0.004,0.025,1.048,255,780
32856374,0.610,3.171,0.976,-0.134,0.136,1.081,255,780
32857640,0.915,3.049,0.305,-0.093,0.138,1.091,255,780
32858369,0.183,2.256,-0.183,-0.165,0.128,1.073,255,780
32859640,-1.829,0.732,-0.122,0.011,0.078,1.061,255,780
32860376,-1.829,0.732,-0.122,0.011,0.078,1.061,255,780
32861640,-3.110,-0.488,-0.366,0.021,-0.045,1.017,255,780
32862373,-3.415,-0.183,0.122,0.127,-0.083,1.001,255,780
32863640,-2.622,0.549,0.671,0.159,-0.060,1.076,255,780
32864376,-1.768,1.463,0.976,0.106,-0.106,1.064,255,780
32865640,-0.671,2.256,0.793,0.036,-0.014,1.136,255,780
32866373,0.244,2.805,1.280,0.107,-0.014,1.061,255,780
32867640,0.732,3.720,0.915,-0.159,0.134,1.010,255,780
32868376,0.671,2.927,0.549,-0.091,0.150,1.000,255,780
32869640,-0.122,2.195,0.427,-0.218,0.154,1.002,255,780
32870371,-0.976,1.159,0.122,-0.089,0.122,1.004,255,780
32871640,-2.012,-0.122,0.000,-0.038,0.076,1.020,255,780
32872372,-2.683,-0.915,0.183,0.042,-0.007,1.114,255,780
32873639,-3.293,-0.305,0.488,0.177,-0.082,1.034,255,780
32874376,-3.293,-0.305,0.488,0.177,-0.082,1.034,255,780
32875640,-1.707,1.341,0.793,0.141,-0.089,1.024,255,780
32876372,-0.793,2.622,0.671,0.045,-0.036,1.017,255,780
32877640,0.305,3.354,0.915,0.054,0.030,0.993,255,780
32878373,0.854,3.720,0.854,-0.126,0.127,1.062,255,780
32879640,0.488,3.049,0.244,-0.222,0.175,1.044,255,780
32880369,0.488,3.049,0.244,-0.222,0.175,1.044,255,780
32881639,-1.341,0.732,-0.061,-0.122,0.119,1.000,255,780
32882375,-2.317,-0.183,-0.427,0.009,0.034,0.956,255,780
32883639,-2.866,-1.037,-0.183,0.027,0.000,1.089,255,780
32884692,-2.988,-0.976,0.000,0.160,-0.071,1.063,255,780
32885641,-3.110,-0.488,0.366,0.181,-0.041,1.043,255,790
32886397,-2.439,0.793,0.854,0.166,-0.140,1.016,255,790
32887639,0.305,2.866,1.159,0.089,-0.066,0.941,255,790
32888377,0.915,3.598,0.976,-0.053,0.097,0.988,255,790
32889639,1.585,3.841,0.610,-0.108,0.048,1.061,255,790
32890369,1.159,3.476,0.366,-0.179,0.178,1.113,255,790
32891640,0.305,2.683,0.244,-0.210,0.131,1.008,255,790
32892377,-0.549,1.585,0.244,-0.155,0.204,1.093,255,790
32893640,-3.110,-0.610,0.061,0.036,0.060,1.048,255,790
32894371,-3.110,-0.610,0.061,0.036,0.060,1.048,255,790
32895640,-3.415,-1.341,0.061,0.187,-0.064,1.046,255,790
32896372,-3.171,-0.427,0.366,0.211,-0.132,1.018,255,790
32897640,-2.134,0.976,0.793,0.151,-0.101,1.050,255,790
32898371,-0.854,2.317,0.732,0.097,-0.107,1.087,255,790
32899640,0.610,3.659,1.159,0.077,0.023,1.148,255,790
32900374,1.524,3.902,0.915,-0.083,0.065,1.068,255,790
32901639,1.402,3.476,0.488,-0.184,0.146,1.007,255,790
32902370,0.183,2.500,0.122,-0.244,0.202,0.965,255,790
32903639,-0.610,1.220,-0.122,-0.165,0.122,1.002,255,790
32904375,-1.829,-0.305,-0.122,-0.060,0.107,1.001,255,790
32905640,-3.171,-1.341,-0.122,0.044,-0.001,1.046,255,790
32906371,-3.537,-1.707,-0.061,0.141,-0.032,1.043,255,790
32907640,-2.744,0.305,0.976,0.219,-0.116,1.071,255,790
32908376,-2.744,0.305,0.976,0.219,-0.116,1.071,255,790
32909640,-0.366,3.049,0.732,0.095,-0.034,0.978,255,790
32910367,0.488,4.085,1.037,-0.015,0.029,0.998,255,790
32911640,1.098,4.268,0.610,-0.118,0.093,0.995,255,790
32912375,1.159,3.963,0.244,-0.242,0.166,1.171,255,790
32913640,-0.366,1.768,0.061,-0.230,0.221,0.997,255,790
32914371,-0.366,1.768,0.061,-0.230,0.221,0.997,255,790
32915639,-2.561,-1.098,0.122,-0.021,0.075,1.026,255,790
32916375,-3.415,-1.463,0.000,0.100,-0.013,1.001,255,790
32917640,-3.659,-1.585,0.549,0.207,-0.062,1.112,255,790
32918368,-3.415,-0.976,0.549,0.236,-0.114,1.047,255,790
32919639,-2.744,0.427,0.671,0.236,-0.161,1.064,255,790
32920384,-1.341,2.073,0.549,0.105,-0.146,1.005,255,790
32921639,1.037,4.451,1.037,-0.081,0.050,1.122,255,790
32922371,1.829,4.817,0.488,-0.182,0.146,1.056,255,790
32923640,1.585,3.963,0.244,-0.237,0.181,1.001,255,790
32924377,0.549,3.110,0.183,-0.259,0.214,1.082,255,790
32925640,-0.732,1.646,0.061,-0.241,0.176,1.055,255,790
32926370,-1.951,-0.244,-0.061,-0.058,0.107,0.955,255,790
32927639,-3.780,-1.951,-0.305,0.148,-0.079,1.011,255,790
32928376,-3.780,-1.951,-0.305,0.148,-0.079,1.011,255,790
32929640,-3.171,-0.244,0.427,0.272,-0.168,1.126,255,790
32930374,-1.951,1.341,0.976,0.211,-0.124,1.066,255,790
32931640,-0.549,2.805,1.220,0.122,-0.105,1.012,255,790
32932371,0.854,4.329,1.220,-0.006,0.017,0.961,255,790
32933640,1.951,5.000,0.732,-0.149,0.095,0.961,255,790
32934694,1.524,3.841,0.671,-0.304,0.212,1.021,255,790
32935641,0.183,1.951,0.244,-0.257,0.229,1.095,255,800
32936405,-1.341,0.366,0.122,-0.139,0.155,1.103,255,800
32937639,-2.866,-0.854,-0.122,-0.021,0.083,1.069,255,800
32938378,-3.841,-1.829,0.000,0.124,-0.001,0.948,255,800
32939640,-4.268,-2.073,0.122,0.245,-0.082,1.049,255,800
32940369,-4.268,-1.037,0.244,0.294,-0.150,0.997,255,800
32941639,-1.524,2.439,0.976,0.145,-0.123,1.088,255,800
32942383,-1.524,2.439,0.976,0.145,-0.123,1.088,255,800
32943640,1.220,4.939,0.915,-0.111,0.061,1.084,255,800
32944373,2.073,5.244,0.732,-0.177,0.124,1.083,255,800
32945640,1.829,4.390,0.000,-0.272,0.188,0.909,255,800
32946367,0.854,3.293,0.061,-0.308,0.254,1.043,255,800
32947640,-1.951,-0.183,0.061,-0.072,0.135,1.068,255,800
32948381,-1.951,-0.183,0.061,-0.072,0.135,1.068,255,800
32949640,-4.085,-2.195,0.061,0.192,-0.036,1.026,255,800
32950372,-4.146,-1.829,0.366,0.311,-0.140,1.078,255,800
32951639,-3.415,-0.366,0.549,0.307,-0.177,1.047,255,800
32952380,-2.256,1.402,0.488,0.187,-0.167,1.078,255,800
32953640,-0.610,3.537,1.037,0.124,-0.095,1.038,255,800
32954369,1.220,4.878,1.098,-0.020,-0.000,0.999,255,800
32955639,2.561,4.756,0.244,-0.294,0.175,1.044,255,800
32956379,2.073,3.902,0.122,-0.320,0.232,0.957,255,800
32957640,0.549,2.378,0.305,-0.286,0.220,1.035,255,800
32958370,-1.098,0.427,0.366,-0.150,0.208,1.036,255,800
32959640,-2.866,-1.524,0.427,0.016,0.097,1.032,255,800
32960375,-4.024,-2.561,0.366,0.174,0.004,1.079,255,800
32961640,-4.085,-1.280,0.488,0.338,-0.159,1.002,255,800
32962373,-4.085,-1.280,0.488,0.338,-0.159,1.002,255,800
32963640,-1.280,2.866,0.366,0.167,-0.153,1.117,255,800
32964382,0.244,4.390,0.671,0.015,-0.077,1.178,255,800
32965640,1.829,4.817,0.732,-0.069,0.069,1.041,255,800
32966372,2.134,5.061,0.549,-0.268,0.146,0.974,255,800
32967640,2.195,4.451,0.305,-0.320,0.218,0.908,255,800
32968376,0.854,2.927,-0.061,-0.312,0.262,1.007,255,800
32969640,-2.012,-0.732,0.305,-0.054,0.142,1.042,255,800
32970370,-3.659,-2.256,0.366,0.137,0.025,1.091,255,800
32971639,-4.390,-2.317,0.488,0.256,-0.064,1.062,255,800
32972379,-4.268,-1.524,0.366,0.284,-0.154,1.014,255,800
32973640,-3.476,0.183,0.183,0.305,-0.171,0.988,255,800
32974373,-2.012,2.073,0.122,0.248,-0.219,1.043,255,800
32975640,1.402,4.939,0.671,-0.028,-0.054,1.091,255,800
32976373,1.402,4.939,0.671,-0.028,-0.054,1.091,255,800
32977640,2.378,4.634,0.488,-0.297,0.155,1.073,255,800
32978372,1.585,2.988,0.427,-0.321,0.300,0.984,255,800
32979639,0.488,1.585,0.244,-0.283,0.236,0.981,255,800
32980375,-1.829,0.000,0.488,-0.081,0.209,1.101,255,800
32981640,-4.451,-2.561,0.244,0.192,-0.033,1.062,255,800
32982386,-4.451,-2.561,0.244,0.192,-0.033,1.062,255,800
32983640,-4.146,-0.488,0.427,0.350,-0.206,1.058,255,800
32984697,-2.988,1.220,0.549,0.283,-0.221,1.058,255,800
32985641,-1.463,3.232,0.549,0.142,-0.152,1.062,255,809
32986405,0.549,4.817,0.854,-0.068,-0.048,1.125,255,809
32987639,2.378,5.427,0.793,-0.124,0.107,0.942,255,809
32988370,2.683,5.366,0.549,-0.325,0.191,0.945,255,809
32989640,0.854,2.134,0.122,-0.326,0.245,0.977,255,809
32990377,-0.915,0.122,0.427,-0.160,0.228,1.058,255,809
32991640,-2.561,-1.524,0.305,0.007,0.135,1.010,255,809
32992371,-4.085,-2.683,0.244,0.186,0.016,1.041,255,809
32993640,-4.756,-2.500,0.549,0.268,-0.088,1.019,255,809
32994376,-4.512,-1.341,0.366,0.352,-0.221,1.021,255,809
32995640,-1.707,2.500,0.244,0.224,-0.231,1.095,255,809
32996371,-1.707,2.500,0.244,0.224,-0.231,1.095,255,809
32997640,1.585,5.549,0.854,-0.119,0.019,1.138,255,809
32998370,2.500,5.488,0.732,-0.247,0.200,1.079,255,809
32999639,2.500,4.817,0.610,-0.343,0.225,1.025,255,809
33000377,1.768,3.049,0.305,-0.337,0.303,0.971,255,809
33001640,-0.183,0.671,0.366,-0.240,0.230,0.979,255,809
33002362,-2.134,-1.037,0.671,-0.081,0.196,0.988,255,809
33003639,-5.000,-3.110,0.610,0.263,-0.081,1.117,255,809
33004366,-4.756,-2.134,0.183,0.333,-0.173,0.948,255,809
33005639,-3.841,-0.366,0.305,0.324,-0.205,0.953,255,809
33006374,-2.134,1.951,0.427,0.295,-0.213,1.007,255,809
33007640,-0.427,4.024,0.488,-0.002,-0.177,1.032,255,809
33008376,1.646,5.488,0.854,-0.131,-0.010,1.110,255,809
33009640,3.049,4.695,0.915,-0.312,0.238,1.072,255,809
33010370,3.049,4.695,0.915,-0.312,0.238,1.072,255,809
33011639,1.098,1.646,0.427,-0.264,0.244,1.029,255,809
33012377,-1.341,-0.244,0.549,-0.126,0.298,1.034,255,809
33013640,-3.293,-1.951,0.671,0.136,0.075,1.040,255,809
33014373,-4.695,-2.561,0.427,0.187,-0.017,1.064,255,809
33015640,-4.878,-0.610,0.061,0.367,-0.219,1.014,255,809
33016380,-4.878,-0.610,0.061,0.367,-0.219,1.014,255,809
33017640,-1.098,3.720,0.122,0.088,-0.201,1.075,255,809
33018370,1.159,5.000,0.549,-0.104,-0.071,0.982,255,809
33019640,2.805,5.366,0.549,-0.193,0.088,0.963,255,809
33020374,3.354,5.061,1.098,-0.287,0.184,1.072,255,809
33021640,3.049,3.902,0.671,-0.367,0.282,1.001,255,809
33022372,1.829,2.134,0.366,-0.299,0.251,1.033,255,809
33023639,-2.805,-1.707,0.427,0.118,0.153,1.029,255,809
33024376,-4.817,-2.439,0.000,0.177,0.021,1.053,255,809
33025640,-5.183,-2.500,-0.183,0.295,-0.152,1.014,255,809
33026381,-4.878,-1.098,0.000,0.326,-0.195,1.054,255,809
33027639,-3.720,0.976,0.244,0.289,-0.248,1.149,255,809
33028379,-2.073,2.744,0.244,0.156,-0.243,1.231,255,809
33029640,1.707,4.939,0.671,-0.176,0.040,0.928,255,809
33030373,1.707,4.939,0.671,-0.176,0.040,0.928,255,809
33031640,3.049,3.963,0.915,-0.363,0.257,1.026,255,809
33032376,1.890,2.622,0.427,-0.335,0.295,0.979,255,809
33033640,0.061,0.366,0.610,-0.167,0.242,1.050,255,809
33034696,-1.890,-1.159,0.793,0.067,0.273,1.019,255,809
33035641,-4.390,-2.378,0.305,0.182,0.036,1.000,255,819
33036399,-5.244,-2.500,-0.183,0.238,-0.072,0.994,255,819
33037639,-4.268,0.427,0.122,0.331,-0.235,1.002,255,819
33038377,-2.561,2.683,0.305,0.131,-0.255,1.188,255,819
33039640,-0.061,4.085,0.427,0.009,-0.224,1.206,255,819
33040370,1.646,5.061,0.671,-0.151,0.013,1.095,255,819
33041639,2.927,4.817,0.793,-0.210,0.133,0.987,255,819
33042367,2.866,4.451,0.793,-0.333,0.294,0.947,255,819
33043639,0.671,1.098,0.488,-0.243,0.292,1.028,255,819
33044370,0.671,1.098,0.488,-0.243,0.292,1.028,255,819
33045639,-3.476,-1.890,0.671,0.182,0.122,0.988,255,819
33046377,-5.244,-2.317,0.000,0.231,-0.073,0.968,255,819
33047640,-5.427,-1.585,-0.366,0.282,-0.150,1.060,255,819
33048381,-4.695,0.061,-0.244,0.334,-0.241,0.976,255,819
33049639,-1.098,4.024,0.061,-0.002,-0.269,1.098,255,819
33050375,-1.098,4.024,0.061,-0.002,-0.269,1.098,255,819
33051640,2.439,4.756,1.341,-0.185,0.078,1.044,255,819
33052372,3.232,4.024,1.220,-0.328,0.279,1.035,255,819
33053640,2.805,3.110,0.854,-0.269,0.293,1.057,255,819
33054371,1.280,1.220,0.732,-0.231,0.288,1.042,255,819
33055640,-0.793,-0.488,0.793,-0.048,0.273,0.974,255,819
33056362,-2.744,-1.829,0.793,0.149,0.152,1.062,255,819
33057640,-5.000,-1.707,-0.244,0.260,-0.136,1.033,255,819
33058460,-4.817,-0.061,0.000,0.332,-0.237,1.048,255,819
33059640,-3.537,1.524,0.061,0.195,-0.256,0.958,255,819
33060405,-1.707,3.841,0.183,0.004,-0.246,1.033,255,819
33061639,0.488,4.695,0.549,-0.133,-0.064,1.067,255,819
33062371,2.073,4.939,1.037,-0.200,0.040,1.127,255,819
33063640,2.622,2.683,0.610,-0.265,0.329,1.042,255,819
33064378,2.622,2.683,0.610,-0.265,0.329,1.042,255,819
33065640,-0.366,-0.061,0.671,-0.028,0.314,0.967,255,819
33066360,-2.500,-1.524,0.671,0.133,0.156,1.031,255,819
33067639,-4.329,-1.707,0.183,0.222,-0.020,1.043,255,819
33068365,-4.878,-1.280,-0.549,0.238,-0.124,1.089,255,819
33069639,-4.756,-0.366,-0.183,0.311,-0.231,0.989,255,819
33070375,-3.841,1.585,0.000,0.178,-0.235,0.921,255,819
33071640,0.366,4.268,0.122,-0.127,-0.115,1.105,255,819
33072382,2.195,4.756,0.671,-0.185,-0.013,1.114,255,819
33073640,3.110,4.085,1.402,-0.268,0.241,1.087,255,819
33074373,3.415,3.049,0.854,-0.248,0.271,1.011,255,819
33075640,2.012,1.829,0.610,-0.257,0.316,1.101,255,819
33076375,0.122,0.000,0.488,-0.048,0.321,0.945,255,819
33077640,-3.841,-1.890,0.122,0.173,0.005,1.044,255,819
33078370,-3.841,-1.890,0.122,0.173,0.005,1.044,255,819
33079639,-5.244,-0.427,0.000,0.294,-0.226,1.007,255,819
33080372,-4.024,1.280,0.488,0.177,-0.212,0.956,255,819
33081640,-2.439,2.988,0.305,0.055,-0.304,1.085,255,819
33082380,-0.122,3.963,0.366,-0.111,-0.121,1.037,255,819
33083640,3.537,3.841,1.585,-0.300,0.215,1.134,255,819
33084719,3.476,2.927,1.098,-0.229,0.248,1.005,255,819
33085641,2.195,1.768,0.793,-0.200,0.335,1.068,255,829
33086406,0.488,0.244,0.976,-0.045,0.330,0.927,255,829
33087639,-1.524,-0.915,0.793,0.129,0.203,1.062,255,829
33088371,-3.963,-1.646,0.061,0.151,0.050,1.008,255,829
33089639,-5.000,-1.402,-0.305,0.234,-0.114,1.073,255,829
33090379,-5.427,-0.366,0.000,0.233,-0.197,0.987,255,829
33091640,-2.500,2.622,0.427,0.064,-0.250,1.066,255,829
33092380,-0.183,3.659,0.427,-0.087,-0.189,0.987,255,829
33093639,1.159,3.963,1.220,-0.153,-0.025,1.013,255,829
33094378,2.866,3.720,1.280,-0.280,0.184,1.139,255,829
33095640,3.049,3.049,1.463,-0.175,0.240,1.073,255,829
33096372,2.134,1.707,0.854,-0.214,0.352,1.025,255,829
33097640,-1.768,-0.610,0.488,0.085,0.232,1.030,255,829
33098376,-1.768,-0.610,0.488,0.085,0.232,1.030,255,829
33099640,-5.000,-0.976,-0.305,0.165,-0.111,1.112,255,829
33100372,-5.183,-0.366,-0.488,0.250,-0.175,1.071,255,829
33101640,-4.695,1.037,0.244,0.152,-0.272,1.041,255,829
33102379,-3.049,2.561,0.244,0.056,-0.246,0.962,255,829
33103639,-0.793,3.415,0.244,-0.078,-0.199,0.979,255,829
33104370,1.220,4.024,1.037,-0.169,-0.031,1.001,255,829
33105639,3.537,2.805,1.280,-0.171,0.268,1.057,255,829
33106375,2.378,1.829,0.976,-0.166,0.321,1.030,255,829
33107640,0.793,0.305,0.427,-0.034,0.315,0.993,255,829
33108361,-1.402,-0.610,0.244,0.073,0.248,1.030,255,829
33109640,-3.780,-0.976,0.183,0.171,0.080,1.112,255,829
33110358,-5.000,-0.610,-0.549,0.177,-0.079,1.031,255,829
33111639,-4.756,1.220,0.061,0.133,-0.233,0.985,255,829
33112374,-4.756,1.220,0.061,0.133,-0.233,0.985,255,829
33113640,-1.037,3.476,0.122,-0.084,-0.185,0.976,255,829
33114372,1.098,3.659,0.854,-0.159,-0.062,1.117,255,829
33115639,2.561,3.293,1.220,-0.193,0.137,1.135,255,829
33116464,2.988,2.622,1.037,-0.161,0.280,0.981,255,829
33117640,0.854,0.793,0.732,-0.031,0.336,0.994,255,829
33118380,0.854,0.793,0.732,-0.031,0.336,0.994,255,829
33119640,-3.476,-0.305,0.061,0.141,0.131,1.005,255,829
33120364,-4.573,-0.427,-0.549,0.183,-0.117,1.020,255,829
33121640,-5.000,0.427,-0.732,0.135,-0.160,1.018,255,829
33122373,-4.329,1.341,0.244,0.141,-0.257,1.033,255,829
33123639,-2.805,2.683,0.671,-0.009,-0.221,1.040,255,829
33124375,-0.732,3.415,0.549,-0.082,-0.221,1.024,255,829
33125639,2.561,3.171,1.524,-0.172,0.111,1.120,255,829
33126372,2.927,1.890,1.220,-0.110,0.295,1.029,255,829
33127640,2.256,1.951,0.976,-0.139,0.287,1.006,255,829
33128378,1.098,0.915,0.427,-0.023,0.319,1.023,255,829
33129640,-1.098,0.122,0.244,0.062,0.226,1.005,255,829
33130406,-2.744,-0.366,0.305,0.164,0.108,1.078,255,829
33131640,-5.000,0.305,-0.427,0.137,-0.212,1.015,255,829
33132435,-5.000,0.305,-0.427,0.137,-0.212,1.015,255,829
33133639,-2.805,2.256,0.244,0.018,-0.282,0.977,255,829
33134742,-0.976,3.476,0.610,-0.086,-0.163,1.069,255,829
33135641,1.220,3.293,0.915,-0.132,-0.086,1.141,255,839
33136392,2.561,2.744,1.341,-0.111,0.157,1.114,255,839
33137639,3.171,1.890,1.220,-0.124,0.268,1.006,255,839
33138378,2.317,1.707,0.610,-0.110,0.337,1.021,255,839
33139640,-1.280,0.122,0.122,0.087,0.229,1.039,255,839
33140373,-3.415,-0.488,0.000,0.119,0.087,1.037,255,839
33141640,-4.573,0.000,-0.366,0.163,-0.095,0.957,255,839
33142377,-5.183,0.793,-0.427,0.046,-0.173,1.000,255,839
33143640,-4.451,1.585,0.366,0.102,-0.226,0.995,255,839
33144372,-3.110,2.378,0.610,-0.022,-0.249,1.084,255,839
33145640,0.976,3.110,0.732,-0.126,-0.014,1.164,255,839
33146361,0.976,3.110,0.732,-0.126,-0.014,1.164,255,839
33147639,2.744,2.195,1.098,-0.128,0.310,1.034,255,839
33148371,2.195,1.707,0.793,-0.083,0.313,1.021,255,839
33149640,0.610,0.976,0.305,-0.011,0.261,1.058,255,839
33150374,-1.402,0.366,0.427,0.043,0.239,0.962,255,839
33151640,-4.695,0.305,-0.305,0.072,-0.056,0.972,255,839
33152371,-4.695,0.305,-0.305,0.072,-0.056,0.972,255,839
33153640,-4.512,1.341,0.244,0.074,-0.229,1.116,255,839
33154376,-2.988,2.012,0.549,-0.015,-0.267,1.049,255,839
33155640,-0.732,2.744,0.366,-0.069,-0.177,1.182,255,839
33156373,1.098,2.622,0.793,-0.109,-0.022,1.034,255,839
33157640,2.378,2.317,1.220,-0.062,0.167,0.990,255,839
33158377,2.744,2.256,1.098,-0.111,0.266,1.027,255,839
33159640,0.610,0.854,0.122,-0.031,0.260,1.036,255,839
33160367,0.610,0.854,0.122,0.067,0.219,1.035,255,839
33161639,-3.293,0.061,0.061,0.117,0.102,0.953,255,839
33162365,-4.634,0.366,-0.488,0.061,-0.074,0.995,255,839
33163639,-5.427,1.098,-0.183,0.031,-0.182,1.136,255,839
33164379,-4.451,0.976,0.549,0.072,-0.253,1.038,255,839
33165640,-0.976,2.378,0.732,-0.040,-0.183,1.046,255,839
33166373,-0.976,2.378,0.732,-0.040,-0.183,1.046,255,839
33167639,2.317,2.256,1.280,-0.092,0.157,1.050,255,839
33168379,2.683,2.012,1.098,-0.019,0.271,1.094,255,839
33169640,1.951,1.585,0.549,-0.070,0.262,0.988,255,839
33170372,0.122,0.915,0.183,0.030,0.269,0.956,255,839
33171640,-1.524,0.366,-0.061,0.043,0.191,1.042,255,839
33172374,-2.744,0.549,-0.061,0.081,0.094,0.948,255,839
33173640,-4.329,1.098,-0.183,0.006,-0.197,1.117,255,839
33174370,-3.963,1.098,0.549,0.061,-0.235,1.120,255,839
33175639,-2.622,1.646,0.549,-0.002,-0.224,0.998,255,839
33176377,-0.488,2.256,0.610,-0.077,-0.112,0.954,255,839
33177640,1.220,2.256,0.732,-0.063,-0.006,1.025,255,839
33178370,2.317,2.134,1.159,-0.041,0.156,1.070,255,839
33179639,1.768,1.585,0.488,-0.016,0.299,1.007,255,839
33180379,1.768,1.585,0.488,-0.016,0.299,1.007,255,839
33181640,-1.524,0.793,0.061,0.043,0.167,1.037,255,839
33182370,-3.476,0.793,0.061,0.061,0.056,1.086,255,839
33183639,-4.451,0.915,-0.244,0.014,-0.120,1.111,255,839
33184701,-4.695,1.159,-0.183,0.034,-0.191,0.969,255,839
33185641,-2.439,1.951,0.732,0.011,-0.184,0.953,255,848
33186392,-2.439,1.951,0.732,0.011,-0.184,0.953,255,848
33187639,1.890,2.195,0.854,-0.018,0.023,1.135,255,848
33188372,2.439,1.890,0.854,-0.041,0.152,0.973,255,848
33189640,2.805,1.951,0.732,-0.007,0.275,1.025,255,848
33190372,1.707,2.073,0.305,-0.048,0.307,1.045,255,848
33191640,-0.122,1.402,0.000,0.039,0.246,1.022,255,848
33192365,-1.646,0.854,0.122,0.011,0.159,1.041,255,848
33193640,-4.451,0.854,-0.061,0.019,-0.098,1.004,255,848
33194380,-4.695,0.732,0.183,0.014,-0.206,0.958,255,848
33195640,-3.659,1.524,0.732,0.025,-0.204,1.004,255,848
33196371,-1.829,1.463,0.915,-0.010,-0.228,1.118,255,848
33197640,-0.183,1.829,0.854,0.013,-0.083,1.147,255,848
33198376,1.463,2.012,1.280,-0.046,0.031,1.035,255,848
33199640,2.439,2.317,0.488,-0.061,0.257,1.015,255,848
33200370,2.439,2.317,0.488,-0.061,0.257,1.015,255,848
33201640,-0.122,1.402,0.061,0.013,0.207,1.055,255,848
33202372,-1.951,0.610,-0.244,0.030,0.123,0.995,255,848
33203640,-3.537,1.098,-0.183,-0.015,0.012,0.982,255,848
33204372,-4.695,0.793,0.000,0.015,-0.122,0.926,255,848
33205640,-4.512,1.402,0.671,0.026,-0.173,1.150,255,848
33206379,-3.049,1.280,0.976,0.006,-0.269,1.156,255,848
33207640,0.183,1.829,1.098,0.015,-0.042,0.914,255,848
33208367,1.463,2.195,1.280,0.011,0.094,1.021,255,848
33209639,2.317,2.561,1.037,-0.040,0.172,1.116,255,848
33210373,2.073,2.073,0.305,-0.037,0.250,1.042,255,848
33211640,0.854,1.280,0.122,0.000,0.263,0.909,255,848
33212362,-0.854,1.098,-0.122,-0.000,0.221,0.933,255,848
33213639,-3.841,0.732,-0.061,-0.009,-0.021,1.139,255,848
33214382,-3.841,0.732,-0.061,-0.009,-0.021,1.139,255,848
33215639,-4.207,0.854,0.854,0.049,-0.189,1.011,255,848
33216376,-2.866,1.037,0.915,0.003,-0.191,0.979,255,848
33217640,-1.220,1.646,0.732,0.028,-0.152,0.952,255,848
33218370,0.366,1.829,0.793,-0.024,-0.044,1.104,255,848
33219639,2.378,2.256,0.610,-0.007,0.214,1.069,255,848
33220372,2.378,2.256,0.610,-0.007,0.214,1.069,255,848
33221640,0.610,1.890,0.122,-0.015,0.259,1.019,255,848
33222369,-1.341,1.463,0.183,-0.016,0.171,1.073,255,848
33223640,-2.866,0.732,0.122,-0.035,0.086,1.069,255,848
33224377,-3.841,0.915,0.488,0.011,-0.027,1.011,255,848
33225639,-4.512,0.732,0.122,0.027,-0.144,0.928,255,848
33226371,-3.963,0.915,0.427,0.011,-0.200,1.002,255,848
33227640,-0.854,1.402,0.488,0.038,-0.112,1.080,255,848
33228376,0.976,1.768,0.915,0.029,-0.035,1.022,255,848
33229640,2.256,1.890,0.732,0.010,0.158,1.054,255,848
33230368,2.500,2.134,0.183,-0.056,0.196,1.027,255,848
33231640,1.524,2.073,0.183,-0.012,0.279,1.049,255,848
33232377,0.122,1.890,0.183,-0.057,0.242,1.064,255,848
33233640,-2.866,0.915,0.000,-0.010,0.085,0.959,255,848
33234701,-3.902,0.915,0.122,0.007,-0.050,0.979,255,848
33235641,-4.207,1.037,0.366,0.001,-0.170,1.142,255,858
33236398,-3.232,1.463,0.671,-0.013,-0.203,1.180,255,858
33237639,-1.951,1.220,0.793,0.062,-0.182,1.037,255,858
33238380,-0.488,1.159,0.549,0.039,-0.074,0.914,255,858
33239640,0.793,2.012,0.610,0.022,0.007,1.079,255,858
33240369,1.646,2.134,0.427,-0.040,0.138,1.072,255,858
33241640,1.280,2.012,0.061,-0.031,0.281,1.036,255,858
33242370,-0.061,1.707,-0.061,-0.002,0.180,1.003,255,858
33243640,-1.646,0.976,-0.244,-0.044,0.147,1.031,255,858
33244368,-2.866,0.793,0.366,0.010,0.014,1.091,255,858
33245640,-4.024,1.220,0.549,-0.006,-0.062,1.150,255,858
33246377,-4.024,1.037,0.732,0.026,-0.168,0.995,255,858
33247640,-1.280,1.707,0.427,0.037,-0.155,0.970,255,858
33248373,-1.280,1.707,0.427,0.037,-0.155,0.970,255,858
33249640,1.098,1.951,0.366,-0.025,0.060,1.081,255,858
33250373,1.768,1.890,0.122,-0.045,0.151,1.014,255,858
33251639,1.646,2.012,0.305,-0.018,0.275,1.021,255,858
33252371,0.488,1.646,0.305,-0.036,0.241,1.083,255,858
33253639,-1.098,1.037,-0.122,-0.020,0.107,0.992,255,858
33254373,-2.439,0.671,0.183,-0.020,0.107,0.992,255,858
33255639,-4.268,0.854,0.732,0.004,-0.100,0.955,255,858
33256367,-4.024,1.341,1.098,0.033,-0.192,1.110,255,858
33257639,-2.622,1.098,0.793,0.058,-0.191,1.139,255,858
33258378,-1.037,1.037,0.732,0.085,-0.150,1.067,255,858
33259639,0.549,1.524,0.244,-0.008,-0.033,0.944,255,858
33260367,1.646,2.073,0.305,-0.039,0.118,1.046,255,858
33261640,1.402,2.012,0.488,-0.021,0.245,1.056,255,858
33262372,1.402,2.012,0.488,0.018,0.214,0.978,255,858
33263639,-1.037,1.098,0.244,-0.048,0.167,1.010,255,858
33264375,-2.561,0.732,0.427,-0.022,0.072,1.097,255,858
33265640,-4.024,1.463,0.854,0.009,0.000,1.125,255,858
33266370,-4.207,0.976,0.976,0.029,-0.168,1.082,255,858
33267639,-1.890,1.280,0.671,0.093,-0.206,0.940,255,858
33268385,-1.890,1.280,0.671,0.093,-0.206,0.940,255,858
33269639,0.793,2.317,0.122,-0.018,-0.021,1.135,255,858
33270371,1.707,2.073,0.244,-0.064,0.122,1.032,255,858
33271640,1.951,2.256,0.427,-0.046,0.242,1.018,255,858
33272379,1.159,1.890,0.244,0.003,0.230,1.007,255,858
33273640,-0.488,1.707,0.122,-0.028,0.220,1.052,255,858
33274370,-1.951,0.915,-0.061,-0.054,0.099,1.086,255,858
33275640,-3.841,1.037,0.976,0.055,-0.089,0.925,255,858
33276375,-3.659,1.098,0.671,0.004,-0.144,1.024,255,858
33277640,-2.805,1.280,0.671,0.078,-0.234,1.132,255,858
33278368,-1.585,1.341,0.549,0.050,-0.146,1.173,255,858
33279640,0.244,1.951,0.793,-0.023,-0.050,0.986,255,858
33280380,1.037,2.073,0.305,-0.007,0.060,1.039,255,858
33281639,1.280,2.134,0.305,-0.001,0.206,1.098,255,858
33282425,1.280,2.134,0.305,-0.001,0.236,0.989,255,858
33283640,-0.671,0.976,0.305,-0.072,0.164,0.892,255,858
33284731,-2.561,0.976,0.549,-0.013,0.106,1.070,255,858
33285441,-3.598,1.159,1.037,0.013,0.007,1.117,255,868
33286638,-3.841,1.341,0.732,0.071,-0.137,1.130,255,868
33287371,-3.232,1.341,0.549,0.029,-0.168,0.970,255,868
33288639,-1.037,1.585,0.366,0.015,-0.126,0.992,255,868
33289367,-1.037,1.585,0.366,0.015,-0.126,0.992,255,868
33290638,1.341,2.073,0.305,-0.068,0.071,1.076,255,868
33291359,2.012,1.829,0.183,-0.057,0.186,1.020,255,868
33292639,1.646,1.829,0.427,-0.000,0.257,0.992,255,868
33293362,0.427,1.159,0.488,-0.024,0.225,1.094,255,868
33294639,-2.744,0.488,0.427,-0.001,0.089,0.958,255,868
33295403,-2.744,0.488,0.427,-0.001,0.089,0.958,255,868
33296639,-3.902,1.402,0.732,0.011,-0.124,1.055,255,868
33297411,-2.988,1.646,0.610,0.067,-0.217,1.125,255,868
33298639,-1.768,1.829,0.671,0.024,-0.167,1.097,255,868
33299393,-0.122,1.768,0.305,0.020,-0.070,0.926,255,868
33300638,0.793,1.951,-0.183,-0.049,0.041,1.083,255,868
33301366,1.098,2.500,0.122,-0.099,0.157,1.062,255,868
33302638,0.671,1.463,0.549,-0.013,0.257,1.038,255,868
33303370,-0.610,0.732,0.549,-0.003,0.140,0.984,255,868
33304638,-2.012,0.732,0.427,-0.021,0.134,1.048,255,868
33305362,-3.354,0.793,0.671,0.053,-0.005,1.095,255,868
33306638,-4.146,1.280,0.915,0.055,-0.064,1.069,255,868
33307377,-3.476,1.463,0.366,0.029,-0.192,1.000,255,868
33308639,-1.159,1.829,0.122,0.031,-0.136,1.080,255,868
33309369,-1.159,1.829,0.122,0.031,-0.136,1.080,255,868
33310638,1.341,2.317,-0.061,-0.082,0.083,1.047,255,868
33311383,1.768,2.134,0.305,-0.064,0.192,1.023,255,868
33312639,1.585,1.951,0.427,-0.016,0.263,1.052,255,868
33313367,0.061,1.280,0.488,0.017,0.181,1.070,255,868
33314639,-1.524,0.671,0.671,-0.037,0.157,1.033,255,868
33315373,-2.927,0.488,0.610,0.054,0.055,0.934,255,868
33316639,-3.902,1.220,0.854,0.005,-0.166,1.067,255,868
33317365,-3.049,1.341,0.732,0.075,-0.206,1.184,255,868
33318639,-1.646,1.585,0.366,0.037,-0.150,1.025,255,868
33319377,-0.488,1.890,0.305,-0.010,-0.073,0.988,255,868
33320638,0.610,2.439,0.244,-0.089,0.046,1.028,255,868
33321365,1.341,2.256,0.061,-0.084,0.105,1.049,255,868
33322639,0.854,1.280,0.671,-0.007,0.213,0.999,255,868
33323374,0.854,1.280,0.671,-0.007,0.213,0.999,255,868
33324639,-2.134,0.549,0.488,0.006,0.106,1.106,255,868
33325361,-3.476,0.610,0.976,0.107,0.036,1.077,255,868
33326638,-3.780,0.671,1.098,0.043,-0.083,0.972,255,868
33327373,-3.415,1.037,0.732,0.058,-0.167,0.953,255,868
33328639,-1.098,1.890,0.000,0.000,-0.112,1.144,255,868
33329372,-1.098,1.890,0.000,0.000,-0.112,1.144,255,868
33330639,0.976,2.195,-0.061,-0.104,0.098,1.044,255,868
33331370,1.402,1.951,0.061,-0.075,0.165,1.080,255,868
33332663,1.280,1.829,0.610,-0.036,0.248,1.041,255,868
33333735,0.061,1.280,0.610,-0.015,0.187,0.947,255,868
33334641,-1.646,0.915,0.732,0.011,0.166,1.001,255,878
33335413,-2.683,0.549,0.915,0.055,0.080,1.064,255,878
33336639,-3.537,1.463,0.915,0.043,-0.147,1.077,255,878
33337373,-2.744,1.585,0.488,0.039,-0.206,1.046,255,878
33338640,-1.829,2.073,0.427,0.033,-0.112,0.957,255,878
33339371,-0.854,2.317,0.000,-0.015,-0.089,1.068,255,878
33340639,0.366,2.439,0.000,-0.134,0.066,1.064,255,878
33341365,1.098,2.134,0.122,-0.071,0.068,0.979,255,878
33342639,0.183,1.341,0.732,0.001,0.209,1.084,255,878
33343380,0.183,1.341,0.732,0.001,0.209,1.084,255,878
33344640,-2.073,0.488,0.793,-0.007,0.123,0.938,255,878
33345365,-3.110,0.732,0.610,0.146,0.007,0.970,255,878
33346639,-3.598,1.220,0.915,0.016,-0.057,1.018,255,878
33347372,-3.171,1.646,0.183,0.051,-0.217,1.085,255,878
33348639,-2.195,1.707,0.366,0.015,-0.134,1.108,255,878
33349371,-0.793,1.829,0.122,0.002,-0.154,1.016,255,878
33350639,0.976,2.317,-0.244,-0.138,0.081,1.060,255,878
33351378,0.732,2.012,0.183,-0.054,0.185,1.102,255,878
33352640,0.671,1.220,0.549,-0.026,0.219,0.959,255,878
33353369,-0.122,0.915,1.098,0.054,0.206,0.980,255,878
33354640,-1.463,0.549,0.915,0.008,0.101,1.084,255,878
33355369,-2.744,0.427,0.488,0.103,0.063,1.150,255,878
33356639,-3.171,1.585,0.610,0.068,-0.128,0.881,255,878
33357368,-3.171,1.585,0.610,0.068,-0.128,0.881,255,878
33358639,-1.220,2.378,0.122,0.001,-0.189,1.160,255,878
33359436,-0.122,2.317,-0.244,-0.080,-0.042,1.015,255,878
33360640,0.854,2.378,-0.183,-0.129,0.030,1.022,255,878
33361407,1.220,2.256,0.366,-0.095,0.173,1.103,255,878
33362639,0.122,0.610,0.854,0.080,0.200,0.959,255,878
33363380,0.122,0.610,0.854,0.080,0.200,0.959,255,878
33364640,-2.073,0.549,0.854,0.078,0.092,1.086,255,878
33365369,-3.415,1.159,1.159,0.076,-0.008,1.173,255,878
33366640,-3.476,1.646,1.098,0.064,-0.092,1.066,255,878
33367375,-2.744,2.134,0.244,0.026,-0.174,0.952,255,878
33368640,-1.341,2.439,-0.183,-0.001,-0.164,0.965,255,878
33369402,-0.610,2.378,-0.244,-0.078,-0.076,1.065,255,878
33370641,1.220,2.073,0.061,-0.138,0.117,1.008,255,878
33371412,1.159,1.341,0.305,0.009,0.206,1.051,255,878
33372640,0.610,0.732,0.732,0.065,0.251,1.100,255,878
33373371,-0.488,0.183,0.915,0.018,0.144,1.036,255,878
33374640,-1.890,0.122,0.793,0.065,0.145,0.963,255,878
33375379,-3.110,0.793,0.854,0.099,0.040,0.987,255,878
33376641,-3.171,2.073,0.671,-0.030,-0.179,1.109,255,878
33377373,-3.171,2.073,0.671,-0.030,-0.179,1.109,255,878
33378640,-1.463,2.195,-0.122,-0.065,-0.057,0.930,255,878
33379379,-0.488,2.012,-0.305,-0.109,-0.051,1.100,255,878
33380641,0.427,1.951,0.000,-0.133,0.083,1.014,255,878
33381377,1.159,1.524,0.549,-0.048,0.158,1.026,255,878
33382640,0.854,0.854,0.854,0.048,0.215,1.038,255,878
33383733,-1.646,0.488,0.732,0.079,0.134,1.080,255,878
33384641,-2.744,0.549,0.915,0.119,0.078,0.996,255,887
33385414,-3.537,1.280,1.098,0.103,-0.026,0.951,255,887
33386639,-3.171,2.012,0.488,-0.005,-0.143,0.953,255,887
33387373,-2.378,2.378,0.122,-0.024,-0.192,1.166,255,887
33388640,-1.402,2.561,0.000,-0.072,-0.121,1.123,255,887
33389379,-0.183,2.195,-0.366,-0.103,-0.060,0.994,255,887
33390640,1.037,1.829,0.427,-0.060,0.132,1.097,255,887
33391384,1.037,1.829,0.427,-0.060,0.132,1.097,255,887
33392639,0.061,0.366,1.098,0.065,0.207,0.911,255,887
33393367,-1.402,0.366,1.037,0.102,0.148,1.092,255,887
33394639,-2.012,0.610,0.793,0.090,0.091,1.173,255,887
33395377,-2.988,1.098,0.793,0.128,-0.009,0.998,255,887
33396639,-2.866,2.988,-0.183,-0.043,-0.139,0.996,255,887
33397373,-2.866,2.988,-0.183,-0.043,-0.139,0.996,255,887
33398640,-0.244,2.683,-0.366,-0.145,-0.048,1.043,255,887
33399372,0.366,2.012,-0.366,-0.105,-0.062,0.995,255,887
33400640,0.915,1.463,0.122,-0.125,0.157,1.090,255,887
33401369,1.220,1.159,0.854,0.009,0.207,1.068,255,887
33402639,0.427,0.183,1.341,0.114,0.217,1.016,255,887
33403371,-0.732,0.061,1.098,0.085,0.169,0.927,255,887
33404640,-2.622,1.463,0.732,0.125,0.045,1.167,255,887
33405369,-3.171,2.439,0.488,0.010,-0.089,1.058,255,887
33406639,-2.805,2.744,-0.061,-0.068,-0.122,0.957,255,887
33407377,-1.890,2.927,-0.061,-0.082,-0.168,0.950,255,887
33408640,-1.037,2.622,-0.122,-0.131,-0.075,1.096,255,887
33409374,0.183,1.951,-0.244,-0.158,-0.046,1.003,255,887
33410640,0.976,1.037,0.549,0.000,0.211,1.053,255,887
33411377,0.976,1.037,0.549,0.000,0.211,1.053,255,887
33412640,-0.366,-0.061,1.341,0.150,0.165,1.000,255,887
33413370,-1.707,0.427,0.976,0.121,0.110,0.925,255,887
33414640,-2.988,1.280,0.671,0.177,0.065,1.008,255,887
33415375,-3.537,2.378,0.549,0.026,-0.066,1.185,255,887
33416640,-3.110,2.866,-0.183,-0.076,-0.148,1.064,255,887
33417370,-2.195,2.805,-0.366,-0.103,-0.119,0.915,255,887
33418639,-0.305,2.256,-0.305,-0.184,-0.009,1.072,255,887
33419378,0.488,1.402,0.122,-0.153,0.043,1.082,255,887
33420640,1.037,0.915,0.793,-0.011,0.197,0.999,255,887
33421372,0.549,0.000,1.159,0.130,0.210,1.112,255,887
33422640,-0.122,-0.427,0.976,0.188,0.167,1.131,255,887
33423441,-1.220,0.000,0.793,0.137,0.114,0.937,255,887
33424640,-2.988,2.195,0.427,0.033,-0.036,1.045,255,887
33425420,-3.049,3.049,0.183,-0.059,-0.140,1.229,255,887
33426639,-2.195,2.988,-0.427,-0.147,-0.165,1.015,255,887
33427376,-0.976,2.622,-0.183,-0.132,-0.142,0.973,255,887
33428640,-0.244,2.134,-0.061,-0.181,0.003,1.121,255,887
33429372,0.427,1.707,0.305,-0.122,0.036,1.052,255,887
33430640,0.854,-0.122,0.915,0.119,0.208,0.982,255,887
33431363,0.854,-0.122,0.915,0.119,0.208,0.982,255,887
33432639,-1.159,-0.122,0.732,0.143,0.143,1.083,255,887
33433721,-2.317,1.098,0.732,0.142,0.077,0.898,255,887
33434641,-3.110,2.378,0.610,0.072,0.009,0.936,255,897
33435408,-3.293,3.171,0.061,-0.060,-0.132,1.133,255,897
33436639,-2.500,3.537,-0.427,-0.204,-0.160,1.162,255,897
33437386,-1.524,2.622,0.061,-0.110,-0.170,1.013,255,897
33438640,0.549,1.646,0.610,-0.154,0.055,1.127,255,897
33439379,0.793,0.427,0.671,-0.022,0.135,1.019,255,897
33440640,0.915,-0.305,1.159,0.132,0.207,0.963,255,897
33441376,0.061,-0.488,1.402,0.206,0.165,1.028,255,897
33442640,-0.793,0.122,1.037,0.172,0.157,1.099,255,897
33443372,-1.890,1.280,0.671,0.163,0.060,1.056,255,897
33444640,-3.049,3.110,0.122,-0.022,-0.128,0.996,255,897
33445381,-3.049,3.110,0.122,-0.022,-0.128,0.996,255,897
33446640,-1.463,3.293,-0.122,-0.155,-0.168,1.124,255,897
33447381,-0.366,2.134,-0.061,-0.225,-0.029,1.024,255,897
33448640,0.732,1.463,0.305,-0.145,0.039,1.090,255,897
33449373,0.671,0.549,0.427,-0.046,0.145,1.082,255,897
33450640,0.915,-0.061,0.915,0.126,0.213,1.014,255,897
33451377,0.122,-0.732,1.159,0.240,0.183,0.938,255,897
33452640,-2.012,0.915,0.732,0.190,0.072,1.155,255,897
33453371,-2.866,2.012,0.122,0.078,-0.010,1.058,255,897
33454639,-3.110,2.866,0.000,-0.063,-0.107,0.913,255,897
33455375,-2.988,3.415,-0.305,-0.170,-0.142,1.011,255,897
33456640,-1.951,3.171,-0.183,-0.187,-0.165,1.168,255,897
33457384,-0.976,2.256,0.000,-0.212,-0.054,0.983,255,897
33458639,0.671,0.427,0.549,-0.051,0.152,1.089,255,897
33459372,0.671,0.427,0.549,-0.051,0.152,1.089,255,897
33460640,0.305,-1.159,1.341,0.209,0.245,0.884,255,897
33461370,-0.793,-0.244,0.671,0.235,0.127,1.017,255,897
33462639,-1.890,1.037,0.488,0.172,0.077,1.190,255,897
33463376,-2.866,2.317,0.305,0.053,0.005,1.069,255,897
33464640,-2.866,3.841,-0.244,-0.222,-0.131,1.016,255,897
33465374,-2.866,3.841,-0.244,-0.222,-0.131,1.016,255,897
33466640,-0.915,2.195,-0.183,-0.198,-0.070,0.949,255,897
33467384,0.000,1.098,0.122,-0.156,-0.007,1.074,255,897
33468639,0.549,0.244,0.671,-0.080,0.132,1.101,255,897
33469370,0.854,-0.610,0.976,0.200,0.217,1.096,255,897
33470639,0.305,-0.854,1.037,0.288,0.212,0.910,255,897
33471375,-0.671,0.122,0.671,0.220,0.156,0.981,255,897
33472640,-2.927,2.927,0.366,0.033,0.059,1.069,255,897
33473369,-3.110,3.415,0.244,-0.050,-0.110,0.907,255,897
33474639,-3.110,3.720,-0.183,-0.229,-0.113,0.991,255,897
33475380,-2.012,3.354,-0.244,-0.237,-0.200,1.080,255,897
33476640,-0.793,2.439,0.244,-0.238,-0.085,1.020,255,897
33477381,0.244,1.098,0.366,-0.143,-0.016,1.081,255,897
33478640,0.915,-0.549,1.159,0.194,0.219,1.088,255,897
33479378,0.915,-0.549,1.159,0.194,0.219,1.088,255,897
33480640,-0.183,-0.183,0.427,0.231,0.160,0.985,255,897
33481365,-1.524,1.707,0.000,0.148,0.083,1.039,255,897
33482661,-2.378,3.110,0.244,0.040,0.022,1.114,255,897
33483695,-2.500,3.598,0.000,-0.097,-0.070,1.023,255,897
33484641,-2.500,3.354,-0.488,-0.205,-0.183,0.878,255,907
33485415,-2.073,2.927,-0.671,-0.269,-0.133,1.066,255,907
33486639,-0.488,0.915,0.549,-0.140,0.038,1.097,255,907
33487381,0.122,-0.183,0.976,0.016,0.116,1.057,255,907
33488640,0.854,-0.793,1.037,0.195,0.214,1.063,255,907
33489375,0.549,-0.610,1.037,0.304,0.193,1.054,255,907
33490640,-0.366,-0.244,0.732,0.234,0.175,0.913,255,907
33491363,-1.890,1.402,0.305,0.154,0.105,1.036,255,907
33492639,-2.683,3.415,0.061,-0.109,-0.088,0.979,255,907
33493367,-2.683,3.415,0.061,-0.109,-0.088,0.979,255,907
33494639,-2.073,3.293,-0.061,-0.275,-0.159,1.113,255,907
33495373,-1.159,2.195,0.122,-0.219,-0.096,1.148,255,907
33496640,-0.244,0.793,0.549,-0.104,0.007,1.019,255,907
33497376,0.732,-0.305,0.610,0.011,0.132,1.068,255,907
33498640,0.976,-0.549,0.671,0.281,0.217,0.950,255,907
33499361,0.976,-0.549,0.671,0.281,0.217,0.950,255,907
33500640,-1.768,1.646,0.427,0.161,0.105,1.120,255,907
33501362,-2.744,2.744,0.366,0.023,0.009,1.102,255,907
33502639,-2.927,3.537,0.061,-0.128,-0.111,0.937,255,907
33503369,-2.988,3.720,-0.366,-0.286,-0.130,0.948,255,907
33504639,-2.195,3.537,-0.122,-0.258,-0.156,1.159,255,907
33505383,-1.037,2.195,0.244,-0.208,-0.086,0.999,255,907
33506640,0.610,-0.244,0.793,0.056,0.105,1.101,255,907
33507377,1.037,-0.793,0.854,0.209,0.202,1.061,255,907
33508640,0.549,-0.671,1.159,0.334,0.204,1.011,255,907
33509369,-0.305,0.244,0.427,0.229,0.167,0.940,255,907
33510639,-1.524,1.768,0.061,0.170,0.087,1.082,255,907
33511374,-2.317,3.354,0.000,-0.043,0.002,1.089,255,907
33512640,-3.110,4.024,0.000,-0.282,-0.129,0.933,255,907
33513357,-3.110,4.024,0.000,-0.282,-0.129,0.933,255,907
33514640,-0.976,1.463,0.427,-0.186,-0.072,1.056,255,907
33515373,0.000,0.183,0.488,-0.078,-0.008,1.119,255,907
33516640,0.732,-0.366,0.793,0.080,0.156,1.087,255,907
33517362,0.732,-0.854,0.854,0.256,0.179,1.045,255,907
33518640,0.244,-0.366,1.159,0.338,0.207,1.027,255,907
33519382,-0.854,0.732,0.305,0.223,0.145,0.933,255,907
33520639,-2.500,3.537,0.061,-0.044,0.016,1.065,255,907
33521370,-2.866,4.268,-0.122,-0.201,-0.086,0.843,255,907
33522640,-2.744,4.207,-0.061,-0.291,-0.109,0.990,255,907
33523374,-1.829,2.866,0.244,-0.232,-0.192,1.196,255,907
33524640,-0.732,1.159,0.366,-0.220,-0.037,1.059,255,907
33525381,-0.244,0.366,0.549,-0.053,-0.004,1.059,255,907
33526639,0.488,-0.732,0.732,0.312,0.161,1.031,255,907
33527444,0.366,-0.671,0.793,0.307,0.199,0.912,255,907
33528640,-0.366,0.854,0.366,0.213,0.105,1.117,255,907
33529415,-1.402,2.256,0.427,0.097,0.068,1.139,255,907
33530639,-2.256,3.293,0.061,-0.074,0.024,0.899,255,907
33531381,-2.988,3.902,-0.061,-0.221,-0.079,0.887,255,907
33532640,-1.951,2.500,0.244,-0.214,-0.192,1.126,255,907
33533727,-1.037,1.037,0.427,-0.207,-0.023,1.008,255,907
33534641,-0.061,0.000,0.854,0.004,0.014,1.094,255,917
33535409,0.366,-0.427,0.793,0.114,0.166,1.078,255,917
33536639,0.549,-0.732,0.732,0.325,0.176,1.009,255,917
33537386,0.183,-0.549,0.915,0.328,0.166,0.996,255,917
33538639,-0.732,0.976,0.610,0.174,0.144,1.109,255,917
33539371,-2.012,2.622,0.122,0.081,0.034,1.006,255,917
33540639,-3.171,3.780,0.122,-0.229,-0.105,1.003,255,917
33541376,-2.927,3.598,-0.122,-0.294,-0.147,1.096,255,917
33542639,-1.768,2.256,0.000,-0.250,-0.159,1.032,255,917
33543374,-0.549,0.854,0.549,-0.126,-0.041,1.121,255,917
33544640,0.122,-0.122,0.671,0.009,0.079,1.049,255,917
33545382,0.488,-0.488,0.488,0.188,0.150,1.037,255,917
33546640,-0.061,0.061,0.427,0.276,0.147,1.068,255,917
33547450,-0.061,0.061,0.427,0.276,0.147,1.068,255,917
33548640,-2.073,2.927,0.183,0.018,0.025,0.923,255,917
33549412,-2.805,3.720,0.305,-0.145,0.052,0.931,255,917
33550639,-2.866,4.085,0.427,-0.246,-0.152,1.062,255,917
33551416,-2.256,3.171,0.305,-0.310,-0.151,1.171,255,917
33552640,-1.829,1.768,0.610,-0.198,-0.097,1.034,255,917
33553422,-0.976,0.854,0.915,-0.086,-0.026,1.065,255,917
33554639,0.793,-0.671,0.915,0.208,0.119,1.025,255,917
33555375,1.280,-0.488,0.793,0.309,0.189,1.068,255,917
33556640,0.488,0.488,0.793,0.287,0.155,1.139,255,917
33557375,-0.793,1.768,0.488,0.127,0.111,0.971,255,917
33558639,-1.951,2.988,0.122,-0.023,0.045,0.839,255,917
33559379,-2.866,3.902,0.244,-0.180,-0.039,1.040,255,917
33560640,-2.073,2.805,0.244,-0.311,-0.103,0.951,255,917
33561378,-2.073,2.805,0.244,-0.311,-0.103,0.951,255,917
33562640,-0.732,0.183,0.671,-0.035,0.001,1.089,255,917
33563373,0.000,-0.793,0.610,0.066,0.051,1.014,255,917
33564639,0.671,-0.732,0.610,0.270,0.159,1.053,255,917
33565366,0.305,-0.488,0.793,0.298,0.167,1.211,255,917
33566639,-1.098,1.707,0.305,0.090,0.076,0.849,255,917
33567381,-1.098,1.707,0.305,0.090,0.076,0.849,255,917
33568640,-2.988,3.841,0.183,-0.197,-0.082,1.146,255,917
33569379,-2.866,3.659,0.610,-0.294,-0.059,0.922,255,917
33570640,-1.951,2.500,0.915,-0.236,-0.133,0.966,255,917
33571383,-1.098,1.098,0.671,-0.172,-0.053,1.151,255,917
33572639,-0.305,0.061,0.427,-0.007,-0.021,1.092,255,917
33573372,-0.122,-0.671,0.671,0.111,0.111,1.037,255,917
33574640,0.183,0.000,0.610,0.319,0.174,1.025,255,917
33575375,0.183,0.000,0.610,0.201,0.146,0.921,255,917
33576639,-1.402,2.744,-0.122,0.054,0.024,1.059,255,917
33577369,-2.012,3.659,0.305,-0.138,0.019,1.067,255,917
33578639,-2.256,3.598,0.671,-0.204,-0.073,1.001,255,917
33579381,-2.195,3.232,0.610,-0.306,-0.076,0.988,255,917
33580639,-0.976,0.732,0.854,-0.109,-0.080,1.078,255,917
33581374,-0.976,0.732,0.854,-0.109,-0.080,1.078,255,917
33582639,0.183,-0.427,0.549,0.162,0.110,1.073,255,917
33583706,0.915,-0.610,0.671,0.304,0.206,1.068,255,917
33584641,0.366,-0.061,0.366,0.305,0.144,1.000,255,926
33585418,-0.488,1.402,0.122,0.134,0.124,0.979,255,926
33586639,-1.402,2.744,-0.061,-0.008,0.039,1.082,255,926
33587379,-2.683,3.293,-0.061,-0.146,-0.015,1.026,255,926
33588639,-2.683,3.354,0.793,-0.312,-0.102,0.990,255,926
33589379,-1.585,1.768,0.732,-0.193,-0.145,1.239,255,926
33590640,-0.671,0.366,0.610,-0.062,-0.012,1.021,255,926
33591380,-0.244,-0.366,0.976,0.130,0.060,1.104,255,926
33592640,0.305,-0.366,0.854,0.177,0.144,1.069,255,926
33593376,0.488,-0.549,0.244,0.301,0.163,0.949,255,926
33594640,-0.793,1.890,0.427,0.069,0.100,1.122,255,926
33595369,-0.793,1.890,0.427,0.069,0.100,1.122,255,926
33596639,-2.683,3.780,0.488,-0.195,0.003,0.866,255,926
33597373,-2.683,3.537,0.671,-0.247,-0.096,1.147,255,926
33598640,-2.256,2.683,0.854,-0.295,-0.123,1.159,255,926
33599374,-1.341,1.280,0.854,-0.163,-0.109,1.009,255,926
33600640,-0.671,0.000,0.915,0.141,0.099,1.017,255,926
33601380,0.061,-0.366,0.976,0.141,0.099,1.017,255,926
33602639,0.183,0.183,0.244,0.252,0.123,1.138,255,926
33603379,-0.244,1.280,0.061,0.208,0.174,1.097,255,926
33604640,-1.098,2.256,-0.244,0.054,0.042,0.886,255,926
33605378,-2.195,3.049,-0.305,-0.111,0.059,0.957,255,926
33606640,-2.683,3.354,0.122,-0.176,-0.073,1.138,255,926
33607374,-3.049,3.110,0.671,-0.324,-0.078,1.042,255,926
33608640,-1.220,0.854,0.793,-0.079,-0.030,1.039,255,926
33609374,-1.220,0.854,0.793,-0.079,-0.030,1.039,255,926
33610640,0.671,-0.366,0.671,0.125,0.100,1.042,255,926
33611371,1.098,-0.122,0.366,0.239,0.147,1.082,255,926
33612639,0.488,0.549,0.122,0.258,0.172,1.054,255,926
33613369,-0.427,1.341,0.122,0.168,0.130,0.942,255,926
33614640,-2.134,3.049,0.122,-0.166,-0.026,1.040,255,926
33615378,-2.134,3.049,0.122,-0.166,-0.026,1.040,255,926
33616640,-2.439,2.805,1.037,-0.261,-0.081,1.003,255,926
33617372,-1.768,1.890,0.976,-0.154,-0.133,1.006,255,926
33618640,-0.854,0.671,0.976,-0.009,-0.037,1.053,255,926
33619374,0.061,-0.244,0.366,0.079,0.017,1.073,255,926
33620640,0.488,-0.061,0.427,0.168,0.124,1.181,255,926
33621368,0.610,0.000,0.488,0.251,0.162,1.062,255,926
33622639,-0.671,2.012,0.183,0.079,0.117,1.035,255,926
33623370,-1.768,2.805,0.122,-0.083,0.025,1.138,255,926
33624640,-2.500,3.171,0.244,-0.177,-0.020,0.955,255,926
33625381,-2.927,3.110,0.732,-0.255,-0.030,0.855,255,926
33626640,-2.744,2.622,1.037,-0.192,-0.119,1.133,255,926
33627379,-1.524,1.159,0.793,-0.123,-0.090,1.140,255,926
33628639,0.122,-0.061,0.549,0.095,0.059,1.114,255,926
33629371,0.122,-0.061,0.549,0.095,0.059,1.114,255,926
33630640,-0.183,0.549,0.183,0.252,0.168,0.941,255,926
33631369,-0.366,0.854,0.122,0.193,0.159,1.073,255,926
33632659,-1.159,1.951,0.061,0.041,0.047,1.119,255,926
33633697,-2.195,2.744,0.122,-0.149,0.020,0.851,255,926
33634641,-2.622,3.293,0.244,-0.228,-0.060,1.189,255,936
33635417,-2.683,2.805,1.159,-0.228,-0.060,1.189,255,936
33636639,-1.341,0.671,0.793,-0.057,-0.114,1.041,255,936
33637384,-0.427,0.244,0.610,0.038,0.014,1.071,255,936
33638640,-0.061,0.000,0.183,0.143,0.073,0.994,255,936
33639362,0.366,0.488,0.244,0.221,0.193,1.088,255,936
33640639,0.366,0.793,0.122,0.253,0.122,1.150,255,936
33641381,-0.366,1.402,0.000,0.081,0.140,0.973,255,936
33642640,-2.317,3.354,0.427,-0.160,0.042,1.046,255,936
33643366,-2.317,3.354,0.427,-0.160,0.042,1.046,255,936
33644640,-2.622,2.317,1.037,-0.165,-0.092,0.990,255,936
33645383,-1.707,1.402,0.976,-0.131,-0.104,0.989,255,936
33646639,-0.366,0.549,0.610,-0.005,-0.068,1.089,255,936
33647378,0.122,0.183,0.305,0.087,0.021,1.077,255,936
33648640,0.610,0.549,-0.122,0.267,0.133,1.064,255,936
33649371,0.610,0.549,-0.122,0.267,0.133,1.064,255,936
33650640,-0.732,1.585,0.122,0.045,0.081,0.960,255,936
33651371,-1.829,2.500,0.549,-0.086,0.066,1.157,255,936
33652640,-2.500,2.683,0.671,-0.167,-0.027,0.995,255,936
33653380,-2.927,2.378,0.915,-0.184,-0.026,0.949,255,936
33654639,-2.378,2.195,1.220,-0.150,-0.104,1.055,255,936
33655382,-1.280,1.707,0.854,-0.091,-0.110,1.138,255,936
33656639,0.061,0.488,-0.122,0.113,0.064,1.059,255,936
33657383,0.366,0.610,-0.183,0.172,0.098,1.068,255,936
33658639,0.305,0.915,-0.183,0.176,0.169,0.965,255,936
33659366,-0.305,1.463,0.061,0.085,0.118,1.099,255,936
33660639,-1.037,1.829,0.183,-0.001,0.118,1.030,255,936
33661428,-2.134,2.439,0.610,-0.114,0.021,0.861,255,936
33662640,-2.805,2.561,1.159,-0.169,-0.073,1.199,255,936
33663419,-2.805,2.561,1.159,-0.169,-0.073,1.199,255,936
33664639,-1.280,0.976,0.732,0.016,-0.042,1.064,255,936
33665376,-0.366,0.183,0.244,0.072,-0.025,1.107,255,936
33666640,0.305,0.061,-0.427,0.089,0.049,0.981,255,936
33667369,0.122,0.549,-0.427,0.182,0.123,1.038,255,936
33668639,-0.061,1.037,-0.244,0.050,0.108,0.902,255,936
33669374,-0.671,1.402,0.122,0.050,0.108,0.902,255,936
33670640,-2.256,2.622,0.854,-0.123,-0.012,1.112,255,936
33671381,-2.439,2.561,1.159,-0.197,-0.002,1.017,255,936
33672640,-2.195,2.073,1.341,-0.116,-0.064,0.940,255,936
33673378,-1.585,1.098,0.793,-0.045,-0.066,1.118,255,936
33674640,-0.793,0.488,0.183,0.039,-0.054,0.986,255,936
33675378,-0.366,0.427,-0.061,0.094,-0.002,1.127,255,936
33676640,0.366,0.976,-0.122,0.154,0.154,0.964,255,936
33677365,0.366,0.976,-0.122,0.154,0.154,0.964,255,936
33678639,-0.488,1.707,0.244,-0.021,0.121,1.102,255,936
33679372,-1.463,2.134,0.610,-0.062,0.011,1.054,255,936
33680639,-2.012,2.439,0.976,-0.157,0.010,0.908,255,936
33681435,-2.439,2.256,1.402,-0.143,-0.030,1.050,255,936
33682640,-1.037,1.159,0.854,0.002,-0.118,1.041,255,936
33683733,-0.427,0.854,-0.183,0.013,0.006,1.049,255,936
33684641,-0.122,0.671,-0.427,0.103,0.022,1.027,255,946
33685414,-0.122,0.793,-0.122,0.103,0.141,1.002,255,946
33686639,0.061,1.341,0.000,0.127,0.144,1.039,255,946
33687382,-0.305,1.159,0.183,0.073,0.085,1.107,255,946
33688640,-0.976,1.585,0.610,-0.091,0.053,0.894,255,946
33689382,-1.829,2.256,1.159,-0.091,0.027,1.005,255,946
33690639,-2.622,1.768,1.707,-0.057,-0.040,0.995,255,946
33691378,-1.890,1.524,0.976,-0.037,-0.092,0.967,255,946
33692640,-0.976,1.402,0.122,-0.014,-0.060,1.096,255,946
33693383,-0.488,0.915,-0.244,0.076,-0.014,1.057,255,946
33694640,0.061,1.280,-0.549,0.023,0.128,1.114,255,946
33695369,0.427,1.220,-0.366,0.146,0.122,1.057,255,946
33696639,-0.732,1.524,0.183,-0.064,0.074,1.007,255,946
33697374,-0.732,1.524,0.183,-0.064,0.074,1.007,255,946
33698640,-1.768,2.256,1.280,-0.055,0.042,0.865,255,946
33699371,-2.317,2.012,1.220,-0.083,-0.011,0.984,255,946
33700640,-2.134,2.134,0.976,-0.100,-0.083,1.202,255,946
33701380,-1.037,1.280,0.244,-0.002,-0.106,1.017,255,946
33702640,-0.854,0.732,0.061,0.042,0.005,1.023,255,946
33703369,-0.488,0.854,-0.305,0.042,0.042,1.034,255,946
33704640,0.183,1.037,-0.305,0.094,0.113,1.076,255,946
33705374,0.122,1.280,0.244,0.038,0.074,1.075,255,946
33706640,-1.159,1.341,0.488,-0.061,0.093,0.928,255,946
33707368,-1.768,1.707,0.915,-0.037,0.033,0.954,255,946
33708639,-2.317,2.073,1.463,-0.048,0.033,1.212,255,946
33709376,-2.378,1.951,1.402,-0.072,-0.050,0.974,255,946
33710640,-1.098,1.585,0.183,0.022,-0.043,1.140,255,946
33711378,-1.098,1.585,0.183,0.033,0.025,1.041,255,946
33712640,-0.488,0.732,-0.427,0.024,0.070,1.067,255,946
33713374,0.061,1.098,-0.488,0.043,0.119,0.992,255,946
33714640,-0.244,0.793,0.061,0.062,0.082,1.010,255,946
33715366,-0.976,0.610,0.610,0.021,0.113,1.057,255,946
33716639,-2.256,1.402,1.646,-0.007,-0.003,0.917,255,946
33717369,-2.256,1.402,1.646,-0.007,-0.003,0.917,255,946
33718640,-2.256,1.829,1.159,-0.047,-0.061,1.143,255,946
33719370,-1.524,1.768,0.610,-0.002,-0.083,1.025,255,946
33720640,-0.793,1.585,-0.122,0.011,0.026,1.041,255,946
33721370,-0.366,1.463,-0.549,0.014,0.004,1.034,255,946
33722639,-0.183,1.524,-0.488,-0.024,0.108,1.044,255,946
33723375,0.122,1.280,-0.183,0.068,0.091,1.022,255,946
33724640,-1.098,0.915,1.098,-0.025,0.076,0.909,255,946
33725369,-1.707,1.524,1.220,-0.007,0.058,1.024,255,946
33726639,-2.256,1.951,1.463,-0.033,-0.006,1.199,255,946
33727375,-2.012,1.768,0.976,-0.037,-0.024,0.966,255,946
33728640,-1.768,1.707,0.732,-0.019,-0.061,0.959,255,946
33729378,-0.793,2.012,0.000,0.027,-0.043,1.086,255,946
33730640,-0.427,1.646,-0.793,-0.044,0.052,1.095,255,946
33731371,-0.427,1.646,-0.793,-0.044,0.052,1.095,255,946
33732640,-0.305,0.976,0.366,0.092,0.142,0.950,255,946
33733696,-0.915,0.976,0.915,0.026,0.057,1.130,255,946
33734641,-1.280,1.280,1.098,-0.067,0.080,1.124,255,956
33735401,-1.829,1.646,1.402,0.038,0.030,0.863,255,956
33736639,-2.317,1.829,1.524,0.016,0.011,0.996,255,956
33737385,-2.012,2.134,1.098,-0.046,-0.056,1.211,255,956
33738640,-0.671,1.524,-0.427,-0.008,-0.030,1.086,255,956
33739381,-0.732,1.829,-0.671,-0.095,0.043,1.014,255,956
33740640,-0.427,1.524,-0.305,-0.023,0.079,1.029,255,956
33741378,0.061,0.976,0.305,0.077,0.156,1.096,255,956
33742640,-0.488,0.671,0.610,0.085,0.050,0.986,255,956
33743368,-1.220,0.549,0.915,-0.030,0.090,0.956,255,956
33744639,-2.500,1.890,1.341,0.022,0.069,1.064,255,956
33745369,-2.500,1.890,1.341,0.022,0.069,1.064,255,956
33746639,-1.402,2.134,0.366,-0.054,-0.050,1.035,255,956
33747373,-0.854,2.317,-0.244,-0.080,-0.082,1.092,255,956
33748639,-0.488,1.829,-0.610,-0.040,-0.006,1.113,255,956
33749384,-0.183,1.585,-0.488,-0.109,0.080,1.008,255,956
33750640,-0.244,0.183,0.793,0.033,0.088,1.059,255,956
33751371,-0.244,0.183,0.793,0.033,0.088,1.059,255,956
33752639,-1.463,1.098,1.341,0.051,0.084,0.972,255,956
33753373,-1.890,1.524,1.707,0.111,0.093,0.896,255,956
33754639,-2.195,2.256,1.402,0.033,-0.049,1.198,255,956
33755372,-1.646,2.317,0.427,-0.059,-0.062,1.075,255,956
33756640,-1.159,2.439,-0.366,-0.082,-0.079,0.995,255,956
33757450,-0.854,2.073,-0.549,-0.044,-0.015,1.057,255,956
33758640,-0.244,1.341,-0.366,-0.006,0.051,1.040,255,956
33759392,0.305,0.732,0.244,0.045,0.112,1.105,255,956
33760639,-0.366,0.549,0.976,0.051,0.087,0.993,255,956
33761373,-1.037,0.793,1.220,0.029,0.118,0.975,255,956
33762640,-2.073,1.037,1.585,0.158,0.072,1.160,255,956
33763378,-2.073,1.463,1.524,0.062,0.009,0.948,255,956
33764640,-1.890,2.866,0.000,-0.094,-0.083,1.150,255,956
33765446,-1.220,2.317,-0.427,-0.095,-0.035,1.028,255,956
33766640,-0.610,1.585,-0.671,-0.099,0.003,1.065,255,956
33767398,-0.244,1.098,-0.366,-0.072,0.052,1.026,255,956
33768639,0.000,0.488,-0.061,0.006,0.073,1.028,255,956
33769376,-0.427,0.183,0.549,0.073,0.105,1.101,255,956
33770640,-1.098,0.122,1.220,0.085,0.135,1.003,255,956
33771374,-1.585,0.732,1.707,0.160,0.098,0.920,255,956
33772640,-1.646,2.500,0.854,-0.018,-0.027,1.104,255,956
33773380,-1.585,2.744,0.244,-0.071,-0.063,0.878,255,956
33774640,-1.280,2.683,-0.366,-0.102,-0.044,1.063,255,956
33775378,-0.976,2.073,-0.488,-0.134,-0.031,1.070,255,956
33776640,-0.366,1.646,-0.793,-0.144,0.033,1.050,255,956
33777377,0.000,1.159,-0.061,-0.004,0.090,1.049,255,956
33778640,-0.854,-0.122,1.037,0.113,0.133,1.059,255,956
33779372,-0.854,-0.122,1.037,0.113,0.133,1.059,255,956
33780640,-1.890,1.098,1.463,0.118,0.081,0.906,255,956
33781374,-2.012,2.378,1.037,0.024,-0.016,1.035,255,956
33782661,-1.768,3.049,0.183,-0.054,-0.054,1.137,255,956
33783746,-1.524,2.805,-0.549,-0.143,-0.062,0.994,255,956
33784641,-0.793,1.707,-1.159,-0.229,0.023,0.958,255,965
33785399,-0.793,1.707,-1.159,-0.229,0.023,0.958,255,965
33786639,0.000,0.061,0.732,0.065,0.095,1.109,255,965
33787381,-0.061,-0.549,1.402,0.154,0.121,1.044,255,965
33788640,-0.793,-0.244,1.463,0.166,0.083,0.968,255,965
33789372,-1.402,1.341,1.341,0.139,0.104,1.089,255,965
33790640,-1.829,2.195,1.341,0.100,-0.010,1.117,255,965
33791376,-1.646,2.561,0.366,-0.044,-0.010,0.847,255,965
33792640,-1.524,3.293,-0.793,-0.160,-0.097,1.024,255,965
33793380,-1.220,2.256,-1.037,-0.258,-0.009,1.086,255,965
33794640,-0.488,1.402,-0.549,-0.114,0.060,1.074,255,965
33795381,0.244,0.183,0.183,0.051,0.113,0.971,255,965
33796639,-0.183,-0.427,1.098,0.130,0.081,1.042,255,965
33797371,-0.488,-0.427,1.402,0.210,0.108,1.125,255,965
33798639,-1.951,1.951,1.707,0.168,0.050,1.058,255,965
33799373,-1.951,1.951,1.707,0.168,0.050,1.058,255,965
33800640,-1.646,3.293,0.000,-0.105,-0.115,0.921,255,965
33801378,-1.585,3.171,-0.671,-0.168,-0.074,1.011,255,965
33802640,-1.159,2.744,-0.854,-0.265,-0.051,1.045,255,965
33803383,-0.549,1.402,-0.610,-0.189,0.028,1.066,255,965
33804640,0.061,0.000,0.000,0.036,0.111,1.063,255,965
33805361,-0.244,-0.793,0.915,0.129,0.083,0.995,255,965
33806639,-1.037,0.488,1.951,0.238,0.144,1.157,255,965
33807371,-1.463,0.915,1.341,0.174,0.068,0.913,255,965
33808640,-1.707,2.500,0.610,0.030,0.020,0.955,255,965
33809371,-1.768,3.598,-0.305,-0.132,-0.098,1.136,255,965
33810640,-1.707,3.476,-0.488,-0.193,-0.096,0.999,255,965
33811381,-1.341,2.988,-0.366,-0.285,-0.040,1.011,255,965
33812639,-0.488,0.305,-0.061,-0.015,0.058,1.098,255,965
33813383,-0.488,0.305,-0.061,-0.015,0.058,1.098,255,965
33814639,-0.671,-1.159,1.341,0.213,0.102,1.025,255,965
33815365,-1.037,-0.366,1.463,0.282,0.158,1.061,255,965
33816640,-1.280,1.098,1.585,0.255,0.051,1.100,255,965
33817375,-1.829,2.378,0.915,0.036,0.035,0.999,255,965
33818640,-2.073,4.390,-0.427,-0.245,-0.071,1.107,255,965
33819376,-2.073,4.390,-0.427,-0.245,-0.071,1.107,255,965
33820640,-1.341,2.134,-0.854,-0.267,-0.032,0.999,255,965
33821383,-0.549,0.488,-0.122,-0.123,0.058,1.047,255,965
33822639,0.000,-0.854,0.732,0.117,0.093,1.059,255,965
33823372,-0.122,-1.280,1.402,0.191,0.132,1.118,255,965
33824640,-0.488,-0.915,1.890,0.330,0.170,1.037,255,965
33825379,-0.915,0.610,1.585,0.284,0.079,0.932,255,965
33826640,-2.134,3.963,-0.427,-0.045,-0.066,1.069,255,965
33827373,-1.707,4.024,-0.671,-0.222,-0.091,0.871,255,965
33828640,-1.524,3.780,-1.037,-0.323,-0.062,1.007,255,965
33829386,-1.037,2.622,-1.037,-0.312,-0.090,1.069,255,965
33830639,-0.549,1.159,-0.122,-0.226,0.059,1.100,255,965
33831371,-0.244,-0.610,0.854,0.100,0.094,1.061,255,965
33832640,-0.427,-1.463,1.768,0.333,0.146,1.141,255,965
33833717,-0.915,0.183,1.768,0.326,0.099,1.093,255,965
33834641,-1.341,2.195,1.037,0.176,0.073,0.902,255,975
33835407,-2.439,4.024,0.000,-0.027,-0.019,1.108,255,975
33836639,-1.890,4.756,-0.549,-0.210,-0.063,1.061,255,975
33837389,-1.402,4.268,-0.976,-0.312,-0.134,0.999,255,975
33838639,-0.976,2.744,-1.341,-0.397,-0.072,1.024,255,975
33839384,-0.549,1.098,-0.488,-0.246,-0.014,0.963,255,975
33840639,-0.122,-1.829,1.646,0.239,0.149,1.103,255,975
33841374,-0.488,-1.890,1.524,0.351,0.106,1.019,255,975
33842639,-0.976,-0.244,1.585,0.323,0.132,1.138,255,975
33843382,-1.707,1.768,1.402,0.303,0.076,1.082,255,975
33844639,-2.073,3.720,0.793,0.013,0.028,0.871,255,975
33845381,-1.890,4.878,-0.244,-0.179,-0.081,1.021,255,975
33846640,-1.463,3.354,-0.732,-0.447,-0.084,1.008,255,975
33847387,-1.463,3.354,-0.732,-0.447,-0.084,1.008,255,975
33848639,-0.549,-0.610,0.671,-0.039,0.104,1.046,255,975
33849381,-0.244,-1.951,1.524,0.245,0.158,1.098,255,975
33850640,-0.488,-2.378,1.890,0.350,0.124,1.066,255,975
33851387,-0.671,-1.037,1.829,0.356,0.147,0.984,255,975
33852640,-2.561,3.354,0.976,0.082,0.047,1.013,255,975
33853370,-2.561,3.354,0.976,0.082,0.047,1.013,255,975
33854639,-1.768,5.366,-1.220,-0.399,-0.127,1.077,255,975
33855376,-1.341,4.024,-0.732,-0.440,-0.119,0.942,255,975
33856640,-1.220,2.012,-0.366,-0.364,-0.023,1.091,255,975
33857382,-0.244,-0.305,0.366,-0.120,0.063,1.044,255,975
33858639,0.366,-2.134,0.915,0.210,0.140,1.030,255,975
33859372,0.061,-2.317,1.524,0.360,0.139,1.131,255,975
33860640,-1.463,0.732,1.463,0.400,0.137,1.005,255,975
33861380,-2.256,3.415,0.671,0.123,0.036,1.154,255,975
33862640,-2.561,5.000,-0.610,-0.175,-0.090,1.007,255,975
33863374,-2.073,5.427,-1.341,-0.385,-0.106,0.917,255,975
33864639,-1.585,4.756,-0.976,-0.459,-0.125,0.988,255,975
33865388,-1.220,2.073,-0.671,-0.413,-0.057,1.115,255,975
33866639,0.183,-2.012,0.976,0.137,0.164,0.948,255,975
33867380,0.183,-2.012,0.976,0.137,0.164,0.948,255,975
33868640,-0.366,-1.890,1.585,0.484,0.194,1.204,255,975
33869378,-0.976,0.000,1.402,0.458,0.127,0.870,255,975
33870640,-2.012,3.171,0.793,0.176,0.060,1.073,255,975
33871372,-2.134,5.915,-0.305,-0.141,-0.068,1.094,255,975
33872640,-1.951,6.220,-1.220,-0.394,-0.110,0.919,255,975
33873388,-1.646,5.427,-0.976,-0.480,-0.122,0.958,255,975
33874639,-0.488,0.366,0.183,-0.315,0.019,1.054,255,975
33875380,0.183,-2.195,0.854,0.159,0.115,1.014,255,975
33876640,-0.183,-3.232,1.646,0.405,0.195,1.072,255,975
33877378,-0.732,-2.500,1.646,0.569,0.183,1.176,255,975
33878640,-0.915,-0.305,1.159,0.458,0.124,1.081,255,975
33879373,-1.646,2.683,0.793,0.264,0.043,0.856,255,975
33880640,-1.890,6.524,-0.732,-0.355,-0.136,0.990,255,975
33881380,-1.890,6.524,-0.732,-0.355,-0.136,0.990,255,975
33882640,-1.524,3.110,-0.793,-0.542,-0.157,1.023,255,975
33883703,-1.037,0.427,0.061,-0.366,0.006,0.994,255,975
33884641,-0.305,-2.012,1.341,0.068,0.113,1.058,255,985
33885401,0.183,-3.598,2.195,0.429,0.209,1.112,255,985
33886639,-0.854,-0.549,1.280,0.510,0.132,1.158,255,985
33887378,-0.854,-0.549,1.280,0.510,0.132,1.158,255,985
33888640,-2.317,5.305,0.305,-0.039,0.017,0.957,255,985
33889374,-2.805,6.707,-0.549,-0.361,-0.104,1.066,255,985
33890639,-2.134,5.793,-1.159,-0.525,-0.166,0.975,255,985
33891386,-1.463,3.841,-0.915,-0.584,-0.159,1.066,255,985
33892640,-0.854,0.793,-0.183,-0.424,-0.038,0.977,255,985
33893378,-0.061,-1.829,1.098,0.064,0.145,1.056,255,985
33894639,0.427,-3.293,1.402,0.606,0.147,1.054,255,985
33895373,-0.244,-1.220,0.915,0.503,0.146,1.158,255,985
33896640,-1.463,2.317,0.915,0.367,0.106,1.110,255,985
33897372,-2.317,4.878,0.366,-0.004,0.034,0.855,255,985
33898640,-2.561,6.768,-0.427,-0.341,-0.116,1.014,255,985
33899382,-1.890,6.220,-1.098,-0.556,-0.174,1.028,255,985
33900639,-1.159,1.037,0.000,-0.441,-0.057,0.949,255,985
33901381,-1.159,1.037,0.000,-0.441,-0.057,0.949,255,985
33902640,0.183,-3.720,1.890,0.438,0.177,1.144,255,985
33903371,-0.122,-3.659,1.890,0.585,0.172,1.082,255,985
33904640,-0.793,-1.524,1.220,0.562,0.144,0.974,255,985
33905446,-1.585,2.317,0.915,0.371,0.116,1.163,255,985
33906640,-2.195,4.878,0.244,0.085,0.062,0.927,255,985
33907448,-2.805,6.220,-0.488,-0.299,-0.139,0.967,255,985
33908640,-1.646,4.817,-0.793,-0.558,-0.182,1.055,255,985
33909394,-1.280,1.220,0.183,-0.493,-0.022,0.943,255,985
33910639,-0.549,-1.890,1.037,-0.049,0.078,1.066,255,985
33911381,0.000,-3.902,1.402,0.370,0.165,1.077,255,985
33912639,0.244,-3.780,1.768,0.607,0.214,1.139,255,985
33913380,-0.549,-1.768,1.524,0.640,0.157,1.031,255,985
33914639,-1.646,4.878,0.427,0.128,-0.019,1.033,255,985
33915381,-1.646,4.878,0.427,0.128,-0.019,1.033,255,985
33916639,-2.134,7.073,-1.159,-0.640,-0.153,1.117,255,985
33917375,-1.646,5.000,-0.732,-0.625,-0.135,0.951,255,985
33918639,-1.402,1.768,-0.061,-0.485,-0.087,1.061,255,985
33919383,-0.427,-1.707,0.793,-0.106,0.059,1.089,255,985
33920639,0.427,-3.780,1.890,0.651,0.232,1.116,255,985
33921377,0.427,-3.780,1.890,0.651,0.232,1.116,255,985
33922640,-0.671,1.159,0.793,0.388,0.135,1.061,255,985
33923376,-1.829,5.122,0.488,0.095,0.021,1.090,255,985
33924640,-2.683,6.646,-0.183,-0.275,-0.074,0.894,255,985
33925382,-2.744,6.829,-0.854,-0.655,-0.146,1.062,255,985
33926639,-2.012,4.756,-1.037,-0.636,-0.155,0.898,255,985
33927380,-1.402,1.524,-0.244,-0.511,-0.123,1.124,255,985
33928640,0.671,-3.780,1.585,0.348,0.183,1.038,255,985
33929378,0.854,-4.207,1.768,0.685,0.228,1.087,255,985
33930640,0.000,-2.378,1.220,0.675,0.182,1.066,255,985
33931373,-1.463,0.793,0.427,0.437,0.077,1.014,255,985
33932663,-2.378,4.939,0.183,0.069,0.047,1.167,255,985
33933746,-2.805,7.073,-0.610,-0.617,-0.112,0.961,255,985
33934641,-1.524,5.000,-0.915,-0.661,-0.187,0.949,255,995
33935408,-1.524,5.000,-0.915,-0.661,-0.187,0.949,255,995
33936639,-0.183,-1.585,0.366,-0.175,0.054,1.064,255,995
33937382,0.610,-3.780,1.646,0.372,0.198,1.007,255,995
33938639,0.366,-4.329,1.829,0.654,0.225,1.127,255,995
33939381,-0.122,-2.622,1.524,0.706,0.187,1.112,255,995
33940640,-1.098,0.854,0.488,0.455,0.076,0.925,255,995
33941374,-2.256,4.817,0.061,0.098,0.085,1.176,255,995
33942640,-2.622,6.707,-0.732,-0.586,-0.160,0.924,255,995
33943382,-2.012,5.610,-0.976,-0.732,-0.195,1.058,255,995
33944639,-1.098,2.317,-0.183,-0.563,-0.155,1.094,255,995
33945379,-0.732,-1.341,0.732,-0.180,0.088,1.014,255,995
33946639,0.732,-3.902,1.768,0.382,0.191,1.020,255,995
33947381,1.037,-4.390,1.707,0.641,0.209,1.141,255,995
33948640,-1.098,0.610,0.427,0.485,0.117,0.905,255,995
33949369,-1.098,0.610,0.427,0.485,0.117,0.905,255,995
33950640,-2.683,7.073,0.000,-0.228,-0.033,0.936,255,995
33951381,-2.744,6.585,-0.427,-0.603,-0.204,1.005,255,995
33952640,-1.707,5.183,-1.159,-0.761,-0.162,0.990,255,995
33953385,-1.220,2.134,-0.122,-0.504,-0.168,1.096,255,995
33954639,0.671,-4.146,1.646,0.379,0.146,1.057,255,995
33955386,0.671,-4.146,1.646,0.379,0.146,1.057,255,995
33956639,0.488,-2.256,0.976,0.709,0.168,1.052,255,995
33957374,-0.732,0.610,0.427,0.481,0.143,0.972,255,995
33958640,-1.829,4.695,0.244,0.109,0.106,1.099,255,995
33959378,-2.744,7.073,0.366,-0.250,-0.095,0.992,255,995
33960640,-3.049,7.073,-0.549,-0.670,-0.155,0.979,255,995
33961376,-2.378,5.671,-1.098,-0.745,-0.179,1.000,255,995
33962640,-0.610,-1.585,0.488,-0.139,0.050,1.066,255,995
33963384,0.488,-4.390,1.280,0.330,0.166,1.085,255,995
33964639,0.793,-4.329,1.159,0.657,0.171,1.115,255,995
33965375,0.183,-2.134,0.854,0.719,0.229,1.058,255,995
33966640,-0.671,0.976,0.366,0.500,0.115,0.915,255,995
33967373,-2.073,4.939,0.244,0.072,0.083,1.190,255,995
33968639,-2.744,7.439,-0.488,-0.646,-0.138,0.895,255,995
33969370,-2.744,7.439,-0.488,-0.646,-0.138,0.895,255,995
33970639,-1.159,2.317,-0.244,-0.476,-0.102,1.112,255,995
33971385,-0.305,-1.585,0.549,-0.128,-0.006,1.019,255,995
33972639,0.610,-3.963,1.159,0.311,0.184,1.059,255,995
33973372,0.549,-3.963,1.402,0.669,0.175,1.124,255,995
33974640,-0.366,-2.500,0.976,0.738,0.253,1.051,255,995
33975380,-1.341,0.915,0.671,0.442,0.090,0.961,255,995
33976640,-2.866,7.073,-0.122,-0.308,-0.059,0.938,255,995
33977379,-2.744,7.134,0.122,-0.624,-0.137,0.952,255,995
33978639,-1.585,5.244,-0.244,-0.680,-0.145,1.022,255,995
33979383,-1.037,2.073,0.000,-0.493,-0.117,1.070,255,995
33980640,-0.610,-1.463,0.488,-0.117,0.013,1.021,255,995
33981378,0.671,-3.841,1.280,0.362,0.192,1.072,255,995
33982664,0.183,-2.378,0.976,0.694,0.193,0.973,255,995
33983731,-0.854,1.402,0.427,0.395,0.105,1.038,255,995
33984641,-2.195,5.305,0.122,0.031,0.008,1.155,255,1004
33985403,-2.744,6.829,0.122,-0.352,-0.020,0.871,255,1004
33986639,-2.927,6.463,0.305,-0.569,-0.137,1.058,255,1004
33987379,-1.951,4.573,-0.183,-0.679,-0.122,0.964,255,1004
33988639,-0.366,-1.524,0.610,-0.114,0.024,1.033,255,1004
33989512,-0.366,-1.524,0.610,0.420,0.195,1.121,255,1004
33990639,0.244,-4.146,1.220,0.712,0.217,1.052,255,1004
33991374,-0.366,-2.134,0.915,0.633,0.191,0.974,255,1004
33992640,-1.098,1.524,0.183,0.385,0.078,1.162,255,1004
33993378,-2.317,5.122,0.122,-0.042,0.007,1.023,255,1004
33994640,-2.866,6.463,0.305,-0.335,0.000,0.946,255,1004
33995377,-2.683,6.585,0.427,-0.612,-0.163,1.025,255,1004
33996640,-0.976,1.707,-0.183,-0.424,-0.122,1.073,255,1004
33997511,-0.305,-1.951,0.549,-0.022,0.055,0.976,255,1004
33998639,0.122,-4.329,1.220,0.450,0.193,1.140,255,1004
33999373,0.183,-3.963,1.037,0.655,0.203,1.066,255,1004
34000640,-0.549,-1.646,0.732,0.600,0.164,1.000,255,1004
34001383,-1.098,1.829,0.549,0.315,0.095,1.187,255,1004
34002639,-2.744,6.402,0.793,-0.360,-0.073,0.951,255,1004
34003370,-2.744,6.402,0.793,-0.360,-0.073,0.951,255,1004
34004639,-2.012,4.024,-0.366,-0.617,-0.162,1.118,255,1004
34005506,-1.280,1.524,0.061,-0.383,-0.066,0.983,255,1004
34006639,-0.244,-1.951,0.305,0.066,0.023,1.017,255,1004
34007372,0.671,-4.268,1.037,0.461,0.203,1.097,255,1004
34008639,0.305,-3.780,1.098,0.651,0.175,1.051,255,1004
34009373,-0.549,-1.220,0.854,0.548,0.183,1.063,255,1004
34010640,-2.134,4.817,0.610,-0.058,0.005,0.855,255,1004
34011379,-2.744,6.463,0.732,-0.449,-0.087,1.036,255,1004
34012640,-2.683,6.098,0.366,-0.637,-0.129,1.124,255,1004
34013379,-1.646,4.024,-0.183,-0.539,-0.119,0.972,255,1004
34014640,-0.915,0.671,-0.061,-0.291,-0.059,0.948,255,1004
34015623,-0.244,-2.317,0.366,0.090,0.029,1.052,255,1004
34016639,0.122,-3.293,1.037,0.617,0.213,1.036,255,1004
34017368,0.122,-3.293,1.037,0.617,0.213,1.036,255,1004
34018640,-1.280,2.988,0.488,0.224,0.061,1.019,255,1004
34019378,-1.890,5.366,0.732,-0.136,0.000,0.941,255,1004
34020640,-2.317,6.524,0.610,-0.465,-0.089,1.078,255,1004
34021383,-2.561,6.159,0.366,-0.634,-0.135,0.985,255,1004
34022640,-1.220,0.427,0.305,-0.183,-0.094,1.036,255,1004
34023381,-1.220,0.427,0.305,-0.183,-0.094,1.036,255,1004
34024640,0.610,-3.537,0.549,0.529,0.150,1.006,255,1004
34025373,0.305,-2.805,0.915,0.605,0.243,1.021,255,1004
34026640,-0.305,-0.305,0.671,0.470,0.168,1.149,255,1004
34027376,-1.341,3.171,0.427,0.161,0.040,0.984,255,1004
34028640,-2.134,5.427,0.183,-0.243,-0.026,1.035,255,1004
34029373,-3.171,6.280,0.610,-0.464,-0.069,1.056,255,1004
34030640,-1.402,2.744,0.122,-0.425,-0.107,1.001,255,1004
34031383,-0.671,-0.122,-0.122,-0.200,-0.057,1.021,255,1004
34032639,0.244,-2.134,0.183,0.165,0.063,1.039,255,1004
34033739,0.244,-3.354,1.037,0.571,0.198,1.065,255,1004
34034486,-0.244,-2.683,1.098,0.559,0.225,1.092,255,1014
34035638,-0.915,0.122,0.671,0.397,0.125,1.117,255,1014
34036374,-1.707,3.049,0.427,0.099,0.019,0.847,255,1014
34037639,-2.805,6.037,0.854,-0.476,-0.088,1.067,255,1014
34038364,-2.256,4.512,0.671,-0.508,-0.114,0.959,255,1014
34039639,-1.098,2.500,0.122,-0.424,-0.071,0.966,255,1014
34040382,-0.488,-0.183,-0.122,-0.108,-0.060,1.086,255,1014
34041638,0.366,-2.134,0.061,0.228,0.092,1.052,255,1014
34042500,0.671,-3.232,0.427,0.580,0.221,1.052,255,1014
34043638,-0.427,0.793,0.305,0.302,0.138,0.930,255,1014
34044377,-0.427,0.793,0.305,0.302,0.138,0.930,255,1014
34045639,-2.073,5.854,1.037,-0.285,0.002,1.170,255,1014
34046361,-2.439,5.915,0.976,-0.474,-0.085,0.878,255,1014
34047638,-1.951,4.390,0.732,-0.474,-0.117,0.993,255,1014
34048383,-1.037,2.012,-0.061,-0.358,-0.088,1.072,255,1014
34049638,-0.488,-0.549,0.061,-0.053,-0.013,1.085,255,1014
34050613,0.244,-3.232,0.732,0.542,0.158,1.107,255,1014
34051638,-0.366,-1.463,0.488,0.484,0.202,1.064,255,1014
34052377,-1.159,1.220,0.854,0.250,0.058,0.978,255,1014
34053639,-1.951,4.512,1.037,-0.008,0.062,1.214,255,1014
34054368,-1.951,5.488,0.976,-0.341,-0.077,0.930,255,1014
34055638,-2.012,5.366,0.976,-0.463,-0.125,1.004,255,1014
34056387,-1.646,4.024,0.427,-0.439,-0.071,1.012,255,1014
34057638,-0.183,-0.976,-0.122,0.016,0.011,1.034,255,1014
34058368,-0.183,-0.976,-0.122,0.016,0.011,1.034,255,1014
34059639,0.183,-2.256,0.305,0.507,0.199,1.093,255,1014
34060375,-0.427,-1.037,0.549,0.390,0.157,0.985,255,1014
34061638,-1.280,1.951,0.793,0.208,0.133,1.142,255,1014
34062367,-1.829,4.268,1.037,-0.096,-0.026,1.104,255,1014
34063639,-2.561,5.244,0.854,-0.447,-0.100,1.044,255,1014
34064383,-2.561,5.244,0.854,-0.447,-0.100,1.044,255,1014
34065638,-1.220,1.098,0.000,-0.167,-0.090,1.015,255,1014
34066369,-0.366,-1.341,-0.427,0.066,0.008,1.029,255,1014
34067638,0.183,-2.500,-0.061,0.358,0.168,1.106,255,1014
34068379,-0.305,-2.378,0.244,0.530,0.155,0.971,255,1014
34069639,-0.915,-0.183,0.732,0.293,0.210,1.136,255,1014
34070367,-1.585,2.378,0.854,0.146,0.044,1.148,255,1014
34071638,-2.256,5.793,0.915,-0.400,-0.077,1.096,255,1014
34072381,-2.134,4.878,1.037,-0.388,-0.081,1.018,255,1014
34073639,-1.341,2.744,0.488,-0.307,-0.035,1.022,255,1014
34074378,-0.854,0.549,-0.549,-0.166,-0.052,0.978,255,1014
34075638,0.122,-1.098,-0.671,0.143,-0.002,1.106,255,1014
34076497,0.488,-2.317,-0.061,0.416,0.174,1.049,255,1014
34077638,-1.098,0.122,0.915,0.290,0.154,1.129,255,1014
34078373,-1.098,0.122,0.915,0.290,0.154,1.129,255,1014
34079639,-2.256,4.756,1.341,-0.210,-0.028,1.196,255,1014
34080376,-2.439,5.366,1.341,-0.366,-0.062,1.056,255,1014
34081639,-1.951,3.963,1.037,-0.322,-0.036,0.961,255,1014
34082493,-0.976,2.378,0.427,-0.299,-0.066,0.997,255,1014
34083639,-0.122,0.244,-0.671,-0.126,-0.047,1.079,255,1014
34084728,0.305,-2.683,0.061,0.410,0.212,1.013,255,1014
34085520,-0.732,-1.524,0.488,0.428,0.149,1.163,255,1024
34086638,-1.402,0.549,0.732,0.162,0.087,0.942,255,1024
34087374,-2.195,2.988,1.159,-0.041,0.021,1.125,255,1024
34088639,-2.256,4.756,1.585,-0.199,-0.014,1.078,255,1024
34089366,-2.073,4.451,1.220,-0.325,-0.081,0.870,255,1024
34090639,-0.793,2.195,-0.427,-0.248,-0.078,1.055,255,1024
34091501,-0.793,2.195,-0.427,-0.248,-0.078,1.055,255,1024
34092638,0.122,-1.646,-0.549,0.272,0.146,0.979,255,1024
34093491,0.183,-1.951,0.183,0.408,0.163,1.063,255,1024
34094638,-0.610,-0.671,0.488,0.304,0.145,1.051,255,1024
34095368,-1.524,0.976,0.854,0.101,0.086,0.992,255,1024
34096638,-2.195,3.476,1.524,-0.028,0.028,1.179,255,1024
34097361,-2.317,4.146,1.402,-0.225,-0.031,0.948,255,1024
34098638,-1.402,3.780,0.244,-0.305,-0.063,0.970,255,1024
34099379,-1.037,1.951,-0.366,-0.182,-0.054,1.080,255,1024
34100638,-0.244,-0.305,-0.732,0.065,0.026,1.031,255,1024
34101492,0.305,-1.707,-0.366,0.269,0.109,1.067,255,1024
34102638,0.061,-1.646,0.000,0.370,0.160,0.931,255,1024
34103388,-0.915,-0.610,0.671,0.239,0.111,1.120,255,1024
34104638,-2.012,3.415,1.646,-0.092,0.009,0.901,255,1024
34105365,-2.012,3.415,1.646,-0.092,0.009,0.901,255,1024
34106638,-1.829,4.817,0.793,-0.332,-0.125,1.080,255,1024
34107378,-1.402,3.354,0.061,-0.238,-0.032,1.050,255,1024
34108639,-0.915,1.159,-0.854,-0.077,-0.005,0.896,255,1024
34109490,-0.366,-0.427,-0.976,0.098,0.024,1.110,255,1024
34110638,0.183,-1.341,-0.732,0.263,0.104,1.037,255,1024
34111377,-0.488,-1.585,0.000,0.299,0.141,1.086,255,1024
34112639,-1.890,1.707,1.402,0.069,0.061,0.888,255,1024
34113368,-1.829,3.537,1.585,-0.151,-0.033,1.215,255,1024
34114639,-2.134,4.512,1.402,-0.263,-0.090,0.975,255,1024
34115383,-1.707,3.963,0.793,-0.274,-0.013,1.022,255,1024
34116639,-1.037,2.744,0.000,-0.127,-0.044,0.964,255,1024
34117364,-0.793,0.793,-1.098,-0.106,-0.015,1.133,255,1024
34118638,-0.061,-1.707,-0.610,0.282,0.125,1.071,255,1024
34119507,-0.183,-1.159,0.610,0.284,0.193,1.098,255,1024
34120638,-1.159,-0.244,1.463,0.188,0.104,0.984,255,1024
34121367,-1.951,2.378,1.707,-0.005,0.038,1.189,255,1024
34122638,-1.890,4.085,1.463,-0.156,-0.067,0.963,255,1024
34123381,-2.134,4.390,1.341,-0.261,-0.057,1.040,255,1024
34124638,-1.341,2.378,-0.305,-0.151,-0.027,1.088,255,1024
34125499,-1.341,2.378,-0.305,-0.151,-0.027,1.088,255,1024
34126638,0.000,-0.610,-1.280,0.120,0.055,1.111,255,1024
34127500,-0.183,-1.524,-0.244,0.298,0.179,1.059,255,1024
34128638,-0.976,-1.585,1.098,0.284,0.151,0.920,255,1024
34129370,-2.012,0.366,1.646,0.051,0.087,1.190,255,1024
34130639,-2.012,2.866,1.707,-0.015,-0.017,1.045,255,1024
34131378,-2.134,3.963,1.159,-0.163,-0.017,0.979,255,1024
34132664,-1.220,3.902,-0.122,-0.223,-0.029,1.105,255,1024
34133726,-0.854,2.500,-1.220,-0.160,-0.103,0.966,255,1024
34134637,-0.305,0.671,-1.463,-0.028,0.055,1.134,255,1034
34135638,0.000,-1.037,-0.427,0.206,0.110,0.953,255,1034
34136375,-0.183,-2.012,0.732,0.296,0.146,0.995,255,1034
34137639,-1.159,-0.854,1.341,0.175,0.114,1.248,255,1034
34138376,-1.829,1.402,1.890,0.068,0.061,0.925,255,1034
34139638,-1.829,4.329,1.524,-0.105,-0.094,1.069,255,1034
34140371,-1.463,4.146,0.488,-0.242,-0.032,1.000,255,1034
34141638,-1.280,3.598,-0.671,-0.208,-0.088,0.967,255,1034
34142500,-0.976,2.561,-1.159,-0.154,-0.024,1.072,255,1034
34143638,-0.671,0.061,-1.037,0.064,0.085,0.962,255,1034
34144497,-0.183,-1.890,-0.305,0.247,0.088,1.054,255,1034
34145638,-1.280,-0.488,1.524,0.143,0.083,0.897,255,1034
34146368,-1.280,-0.488,1.524,0.143,0.083,0.897,255,1034
34147638,-1.524,3.354,1.829,-0.012,0.010,1.017,255,1034
34148378,-1.585,3.963,0.976,-0.184,-0.063,0.971,255,1034
34149639,-1.159,4.634,-0.183,-0.248,-0.091,1.012,255,1034
34150503,-0.793,3.659,-0.732,-0.158,-0.034,1.049,255,1034
34151638,-0.366,1.585,-1.159,-0.123,0.047,0.959,255,1034
34152500,0.000,-0.976,-0.854,0.123,0.034,1.085,255,1034
34153638,-0.793,-1.768,1.037,0.186,0.114,0.989,255,1034
34154373,-1.646,0.000,2.012,0.145,0.157,1.211,255,1034
34155639,-1.707,1.951,2.378,0.115,0.031,0.895,255,1034
34156379,-1.829,3.659,1.768,-0.078,-0.062,1.091,255,1034
34157639,-1.646,4.817,0.305,-0.224,-0.099,1.058,255,1034
34158468,-1.037,4.085,-0.549,-0.183,-0.011,1.009,255,1034
34159639,-0.122,1.159,-1.280,-0.068,0.020,1.141,255,1034
34160525,-0.122,-1.220,-0.915,0.126,0.043,1.008,255,1034
34161638,-0.610,-2.134,0.549,0.186,0.106,0.971,255,1034
34162381,-1.463,-1.341,1.646,0.214,0.180,1.215,255,1034
34163639,-1.707,0.366,2.256,0.202,0.074,0.978,255,1034
34164378,-1.890,2.988,2.195,0.008,0.021,1.156,255,1034
34165639,-1.098,5.000,0.000,-0.208,-0.061,0.976,255,1034
34166373,-1.098,5.000,0.000,-0.208,-0.061,0.976,255,1034
34167639,-0.610,2.561,-1.220,-0.227,-0.021,1.017,255,1034
34168501,-0.427,0.122,-1.280,0.021,-0.003,0.934,255,1034
34169638,-0.549,-1.890,-0.244,0.090,0.096,1.202,255,1034
34170367,-1.037,-2.378,1.098,0.269,0.146,1.003,255,1034
34171638,-1.707,-1.463,2.073,0.192,0.158,0.972,255,1034
34172378,-1.768,1.280,2.195,0.149,0.043,1.227,255,1034
34173638,-1.585,5.122,0.488,-0.167,-0.043,0.997,255,1034
34174374,-1.585,4.634,-0.427,-0.160,-0.028,0.954,255,1034
34175638,-1.280,3.659,-0.854,-0.272,-0.041,1.040,255,1034
34176627,-0.793,1.768,-1.524,-0.169,-0.060,0.972,255,1034
34177638,-0.427,-0.915,-0.854,0.006,0.068,1.161,255,1034
34178503,-0.488,-2.622,0.610,0.252,0.113,0.867,255,1034
34179638,-1.037,-0.549,2.073,0.214,0.109,1.084,255,1034
34180378,-1.037,-0.549,2.073,0.214,0.109,1.084,255,1034
34181639,-1.646,4.512,1.646,-0.030,-0.014,1.123,255,1034
34182377,-1.159,5.793,0.488,-0.147,-0.067,0.987,255,1034
34183639,-0.976,4.817,-0.671,-0.255,-0.063,0.999,255,1034
34184726,-0.976,3.354,-1.159,-0.274,-0.049,0.947,255,1034
34185631,-0.671,1.098,-1.280,-0.155,0.011,1.059,255,1044
34186638,-0.671,-3.171,0.976,0.227,0.112,1.175,255,1044
34187381,-0.671,-3.171,0.976,0.227,0.112,1.175,255,1044
34188638,-1.463,0.305,2.195,0.223,0.073,1.209,255,1044
34189363,-1.585,3.232,2.073,0.105,0.028,1.126,255,1044
34190639,-1.707,5.000,1.098,-0.071,-0.006,0.857,255,1044
34191372,-1.585,5.488,-0.488,-0.200,-0.102,1.017,255,1044
34192639,-1.402,2.744,-1.768,-0.280,-0.029,0.994,255,1044
34193621,-0.305,-0.610,-1.098,-0.002,0.049,0.932,255,1044
34194638,-0.427,-2.988,0.366,0.141,0.078,1.185,255,1044
34195500,-0.610,-3.354,1.220,0.191,0.158,0.984,255,1044
34196638,-1.159,-1.341,2.134,0.292,0.132,1.208,255,1044
34197369,-1.707,1.220,2.439,0.235,0.082,0.949,255,1044
34198638,-1.524,3.963,1.524,0.028,-0.001,1.042,255,1044
34199437,-1.220,6.037,0.183,-0.171,-0.100,1.092,255,1044
34200639,-1.280,4.512,-1.341,-0.358,0.010,0.970,255,1044
34201393,-1.220,1.829,-1.280,-0.167,-0.001,1.084,255,1044
34202638,-0.915,-1.402,-0.244,0.010,0.028,0.969,255,1044
34203505,-0.854,-3.415,0.732,0.175,0.101,1.063,255,1044
34204638,-0.976,-3.049,1.890,0.268,0.151,1.127,255,1044
34205374,-1.402,-0.915,2.317,0.355,0.157,0.984,255,1044
34206639,-1.220,5.183,0.793,-0.096,-0.062,0.932,255,1044
34207372,-1.220,5.183,0.793,-0.096,-0.062,0.932,255,1044
34208638,-1.402,5.671,-1.220,-0.344,-0.002,0.979,255,1044
34209502,-1.098,3.720,-1.280,-0.300,-0.026,1.016,255,1044
34210638,-0.610,0.000,-1.098,-0.122,-0.002,0.973,255,1044
34211622,-0.488,-2.805,-0.122,0.062,0.052,1.147,255,1044
34212638,-0.732,-3.902,1.524,0.229,0.174,0.960,255,1044
34213377,-1.037,-3.049,2.439,0.395,0.184,1.200,255,1044
34214639,-1.402,3.537,1.098,0.047,-0.019,0.994,255,1044
34215372,-1.037,6.341,0.000,-0.087,-0.114,1.023,255,1044
34216639,-1.220,6.402,-0.854,-0.313,-0.016,1.053,255,1044
34217505,-1.220,5.000,-1.341,-0.347,-0.069,0.873,255,1044
34218638,-1.037,2.195,-1.585,-0.253,-0.016,1.098,255,1044
34219623,-0.366,-1.402,-0.671,-0.078,0.011,0.993,255,1044
34220638,-0.976,-4.146,2.073,0.341,0.207,1.109,255,1044
34221492,-1.524,-1.829,2.439,0.422,0.121,0.963,255,1044
34222638,-1.829,2.378,2.012,0.136,0.042,1.265,255,1044
34223373,-1.402,5.732,1.098,0.035,-0.083,0.931,255,1044
34224639,-1.646,6.646,-0.244,-0.212,-0.020,1.022,255,1044
34225508,-0.976,6.159,-1.037,-0.396,-0.068,0.975,255,1044
34226638,-0.366,0.244,-1.037,-0.221,0.023,0.879,255,1044
34227497,-0.366,0.244,-1.037,-0.221,0.023,0.879,255,1044
34228638,-0.610,-4.817,1.646,0.277,0.157,1.091,255,1044
34229377,-0.732,-3.232,2.317,0.390,0.184,1.083,255,1044
34230639,-1.524,0.488,2.012,0.311,0.067,1.141,255,1044
34231372,-1.585,3.780,1.220,0.137,0.028,0.938,255,1044
34232640,-1.951,6.646,0.061,-0.096,-0.074,1.097,255,1044
34233725,-1.463,5.671,-1.341,-0.429,-0.058,0.946,255,1044
34234641,-1.159,2.195,-0.915,-0.301,-0.018,1.084,255,1053
34235661,-0.549,-1.890,-0.244,-0.072,0.057,1.024,255,1053
34236639,-0.671,-4.512,0.854,0.184,0.086,1.038,255,1053
34237507,-0.671,-4.207,2.012,0.383,0.202,1.199,255,1053
34238639,-1.220,-1.829,2.378,0.384,0.131,0.986,255,1053
34239386,-1.280,2.256,1.890,0.265,0.064,1.090,255,1053
34240640,-1.220,7.134,-0.488,-0.283,-0.058,0.942,255,1053
34241509,-1.220,6.829,-1.524,-0.397,-0.106,1.061,255,1053
34242639,-1.402,4.146,-1.402,-0.462,0.006,0.993,255,1053
34243512,-1.159,0.122,-0.671,-0.138,-0.009,0.877,255,1053
34244639,-0.915,-3.232,0.183,-0.008,0.080,1.219,255,1053
34245500,-0.305,-4.634,1.341,0.327,0.136,0.955,255,1053
34246639,-1.280,-3.293,2.317,0.425,0.221,1.219,255,1053
34247382,-1.098,-0.122,2.073,0.408,0.116,1.060,255,1053
34248639,-1.585,6.707,-0.488,-0.214,-0.064,0.944,255,1053
34249509,-1.402,7.317,-1.159,-0.319,-0.150,1.062,255,1053
34250639,-1.646,5.427,-1.159,-0.524,0.005,0.901,255,1053
34251513,-0.732,2.317,-0.976,-0.250,-0.031,0.994,255,1053
34252639,-0.244,-1.768,-0.488,-0.130,0.015,1.134,255,1053
34253627,-0.122,-4.329,0.793,0.205,0.087,0.992,255,1053
34254639,-1.159,-1.890,2.622,0.463,0.146,0.852,255,1053
34255383,-1.159,-1.890,2.622,0.463,0.146,0.852,255,1053
34256640,-1.524,6.037,0.061,-0.057,-0.080,0.941,255,1053
34257378,-1.220,7.866,-0.793,-0.266,-0.094,0.970,255,1053
34258640,-1.585,6.951,-1.341,-0.487,-0.049,1.039,255,1053
34259635,-1.159,4.024,-0.976,-0.373,-0.042,1.001,255,1053
34260639,-0.427,-3.659,0.427,0.077,0.064,1.154,255,1053
34261501,-0.427,-3.659,0.427,0.077,0.064,1.154,255,1053
34262639,-0.854,-3.537,2.500,0.486,0.196,1.177,255,1053
34263382,-1.707,0.427,1.707,0.400,0.079,1.045,255,1053
34264640,-2.134,4.390,0.732,0.089,-0.042,1.037,255,1053
34265380,-1.951,7.561,0.000,-0.192,-0.035,0.983,255,1053
34266640,-1.829,7.317,-0.793,-0.374,-0.126,0.981,255,1053
34267523,-1.707,5.000,-1.159,-0.476,-0.047,0.901,255,1053
34268639,-0.610,-2.256,-0.122,-0.053,0.030,0.944,255,1053
34269623,-0.732,-4.756,1.646,0.279,0.155,1.214,255,1053
34270639,-0.488,-4.451,2.744,0.493,0.193,1.007,255,1053
34271384,-1.280,-1.463,2.195,0.454,0.138,1.069,255,1053
34272639,-1.646,2.866,0.854,0.218,-0.011,1.115,255,1053
34273379,-1.768,6.463,0.244,-0.062,-0.001,0.969,255,1053
34274640,-1.707,6.524,-1.098,-0.478,-0.104,1.025,255,1053
34275603,-1.463,3.354,-1.098,-0.499,-0.024,0.981,255,1053
34276640,-0.793,-0.549,-0.305,-0.135,0.007,1.015,255,1053
34277643,-0.244,-3.963,1.098,0.141,0.135,1.073,255,1053
34278639,0.061,-5.244,2.256,0.443,0.125,1.070,255,1053
34279384,-0.671,-2.988,2.195,0.490,0.166,1.263,255,1053
34280639,-1.159,1.037,1.402,0.355,0.070,0.921,255,1053
34281378,-1.646,5.183,0.793,0.116,0.021,1.133,255,1053
34282662,-1.402,7.256,-1.098,-0.467,-0.119,0.979,255,1053
34283728,-1.402,4.695,-1.341,-0.511,-0.067,0.929,255,1053
34284672,-0.671,1.341,-0.610,-0.282,0.041,1.004,255,1063
34285638,-0.427,-2.744,0.549,0.021,0.050,1.116,255,1063
34286374,-0.549,-4.939,1.585,0.340,0.140,1.151,255,1063
34287639,-0.854,-3.720,2.256,0.449,0.169,0.963,255,1063
34288380,-1.159,-0.549,2.195,0.482,0.159,1.218,255,1063
34289638,-1.280,6.646,0.000,-0.175,-0.088,0.947,255,1063
34290387,-1.463,7.500,-1.341,-0.391,-0.132,1.019,255,1063
34291638,-1.463,5.976,-1.280,-0.531,-0.099,1.042,255,1063
34292628,-1.037,2.317,-0.366,-0.364,0.049,0.857,255,1063
34293638,-0.366,-1.707,0.000,-0.115,0.009,1.191,255,1063
34294374,0.122,-4.512,0.610,0.241,0.076,0.958,255,1063
34295639,-0.793,-1.829,2.256,0.529,0.207,0.946,255,1063
34296373,-0.793,-1.829,2.256,0.529,0.207,0.946,255,1063
34297639,-2.012,6.098,0.183,-0.084,-0.066,1.006,255,1063
34298374,-1.585,7.439,-0.854,-0.320,-0.106,1.024,255,1063
34299639,-1.707,6.463,-0.732,-0.516,-0.107,0.935,255,1063
34300631,-1.768,3.780,-0.488,-0.421,0.004,0.993,255,1063
34301638,-0.244,-3.659,0.488,0.116,0.033,1.148,255,1063
34302372,-0.244,-3.659,0.488,0.116,0.033,1.148,255,1063
34303639,-0.427,-3.110,2.073,0.557,0.199,1.042,255,1063
34304380,-1.341,0.427,1.524,0.441,0.128,1.156,255,1063
34305639,-1.524,4.268,0.305,0.053,-0.037,1.018,255,1063
34306375,-1.524,7.378,-0.610,-0.264,-0.107,0.978,255,1063
34307639,-1.402,7.256,-0.793,-0.473,-0.048,0.944,255,1063
34308631,-1.280,1.402,-0.427,-0.407,0.032,1.144,255,1063
34309638,-0.183,-2.439,0.061,0.028,-0.026,0.871,255,1063
34310374,-0.183,-4.573,1.463,0.353,0.207,1.183,255,1063
34311639,-0.244,-4.024,2.317,0.537,0.155,1.026,255,1063
34312378,-1.220,-0.976,1.768,0.466,0.148,1.084,255,1063
34313638,-1.768,3.598,0.488,0.155,0.020,1.167,255,1063
34314379,-2.195,6.463,-0.122,-0.080,-0.095,0.922,255,1063
34315639,-1.646,5.549,-0.732,-0.432,-0.189,1.025,255,1063
34316623,-1.402,2.561,-0.976,-0.528,0.021,1.010,255,1063
34317638,-0.244,-0.915,-0.122,-0.061,-0.010,0.997,255,1063
34318506,-0.244,-3.902,0.915,0.241,0.158,1.060,255,1063
34319638,-0.183,-4.573,1.951,0.487,0.167,1.099,255,1063
34320369,-0.671,-1.951,1.951,0.522,0.149,1.184,255,1063
34321638,-1.524,2.256,0.976,0.248,0.069,0.931,255,1063
34322381,-2.012,5.854,0.305,0.040,-0.027,1.173,255,1063
34323639,-1.524,6.098,-0.732,-0.445,-0.173,0.943,255,1063
34324506,-1.646,3.415,-0.915,-0.576,-0.027,1.052,255,1063
34325638,-0.854,0.122,-0.061,-0.143,0.054,0.942,255,1063
34326504,-0.366,-3.354,0.915,0.168,0.084,1.149,255,1063
34327638,0.183,-4.329,1.524,0.403,0.123,1.027,255,1063
34328369,-0.732,-3.049,1.402,0.531,0.145,1.128,255,1063
34329638,-2.134,4.512,0.671,0.109,0.027,1.060,255,1063
34330382,-2.134,4.512,0.671,0.109,0.027,1.060,255,1063
34331638,-1.585,6.768,-0.793,-0.437,-0.127,1.011,255,1063
34332505,-1.524,4.634,-0.854,-0.581,-0.062,0.972,255,1063
34333638,-0.854,0.976,-0.061,-0.234,0.039,1.024,255,1063
34334728,-0.854,-2.500,0.793,0.074,0.111,1.018,255,1063
34335490,0.000,-4.451,1.098,0.349,0.059,1.041,255,1073
34336638,-0.549,-0.183,1.280,0.461,0.182,0.937,255,1073
34337381,-1.646,3.841,1.098,0.239,0.058,1.143,255,1073
34338638,-1.829,5.915,0.000,-0.195,-0.092,0.889,255,1073
34339369,-1.646,7.134,-0.976,-0.486,-0.156,1.050,255,1073
34340638,-1.463,5.610,-0.976,-0.513,-0.090,1.002,255,1073
34341633,-0.976,2.012,0.061,-0.329,0.048,0.959,255,1073
34342638,0.183,-3.476,0.671,0.268,0.080,0.996,255,1073
34343364,0.183,-3.476,0.671,0.268,0.080,0.996,255,1073
34344638,-0.732,-1.037,1.585,0.513,0.220,1.119,255,1073
34345368,-1.585,2.439,1.280,0.289,0.097,0.972,255,1073
34346638,-1.829,5.610,0.244,-0.121,-0.085,1.080,255,1073
34347370,-1.524,6.585,-0.305,-0.439,-0.104,1.021,255,1073
34348639,-1.463,5.549,-0.549,-0.510,-0.112,0.953,255,1073
34349627,-1.220,-0.488,0.366,-0.141,0.055,0.996,255,1073
34350638,-0.366,-3.232,0.610,0.244,0.057,1.136,255,1073
34351372,-0.183,-3.659,0.793,0.400,0.110,1.012,255,1073
34352639,-0.488,-2.195,1.280,0.566,0.201,1.106,255,1073
34353371,-1.463,1.463,1.037,0.311,0.104,1.093,255,1073
34354639,-1.890,4.878,0.122,-0.022,-0.033,0.978,255,1073
34355376,-1.585,6.951,-0.488,-0.377,-0.107,1.069,255,1073
34356638,-1.341,3.598,-0.122,-0.443,-0.025,0.889,255,1073
34357624,-1.037,0.793,0.061,-0.221,0.029,1.136,255,1073
34358638,-0.305,-2.317,0.366,0.147,0.069,1.024,255,1073
34359368,-0.061,-4.085,0.732,0.385,0.148,1.162,255,1073
34360639,-0.183,-2.988,1.341,0.562,0.162,0.946,255,1073
34361440,-1.220,0.244,1.098,0.353,0.122,1.160,255,1073
34362639,-1.707,3.963,0.061,-0.303,-0.075,1.030,255,1073
34363411,-2.439,6.220,-0.305,-0.303,-0.075,1.030,255,1073
34364638,-1.524,4.390,0.061,-0.487,-0.048,1.040,255,1073
34365504,-0.976,1.159,0.244,-0.286,-0.030,0.944,255,1073
34366638,-0.366,-1.524,0.366,0.091,0.112,1.168,255,1073
34367378,0.366,-3.841,0.732,0.368,0.102,0.958,255,1073
34368638,0.061,-3.110,0.915,0.517,0.164,1.176,255,1073
34369371,-0.732,-0.061,0.793,0.365,0.092,0.949,255,1073
34370638,-1.951,5.610,0.183,-0.218,-0.035,0.939,255,1073
34371368,-1.951,5.610,0.183,-0.218,-0.035,0.939,255,1073
34372638,-1.524,4.573,-0.183,-0.519,-0.074,0.990,255,1073
34373504,-1.098,2.195,-0.061,-0.311,-0.036,1.003,255,1073
34374638,-0.671,-0.793,0.671,0.021,0.106,1.031,255,1073
34375492,-0.244,-3.415,0.976,0.345,0.082,1.136,255,1073
34376638,-0.610,-0.610,0.732,0.364,0.133,1.182,255,1073
34377373,-0.610,-0.610,0.732,0.364,0.133,1.182,255,1073
34378639,-1.768,5.305,0.305,-0.157,0.041,1.125,255,1073
34379372,-1.890,5.915,-0.183,-0.341,-0.177,0.941,255,1073
34380639,-1.707,5.305,-0.610,-0.569,-0.112,1.095,255,1073
34381633,-1.159,3.110,0.061,-0.339,-0.022,0.916,255,1073
34382639,-0.854,-0.061,0.793,-0.024,0.120,1.069,255,1073
34383726,-0.183,-3.171,0.122,0.432,0.062,1.118,255,1073
34384641,-0.366,-1.585,0.244,0.348,0.169,0.988,255,1083
34385497,-1.463,1.646,0.793,0.331,0.085,1.118,255,1083
34386640,-2.195,4.451,0.671,-0.108,0.059,0.940,255,1083
34387393,-2.012,5.793,0.000,-0.303,-0.161,1.065,255,1083
34388639,-1.768,5.366,-0.610,-0.539,-0.116,1.129,255,1083
34389534,-0.610,3.659,0.244,-0.339,-0.043,0.841,255,1083
34390639,0.183,-2.012,0.488,0.191,0.084,0.926,255,1083
34391380,0.183,-2.012,0.488,0.191,0.084,0.926,255,1083
34392640,-0.122,-1.768,0.244,0.358,0.191,0.932,255,1083
34393378,-1.098,0.793,0.610,0.369,0.077,1.135,255,1083
34394640,-2.012,3.659,0.671,-0.047,0.092,1.040,255,1083
34395372,-1.707,5.000,0.305,-0.287,-0.104,0.992,255,1083
34396640,-1.768,5.427,-0.122,-0.364,-0.086,0.924,255,1083
34397513,-0.976,3.841,0.000,-0.364,-0.086,0.924,255,1083
34398639,-0.244,-1.220,0.305,0.182,0.054,1.120,255,1083
34399369,-0.305,-2.317,0.122,0.335,0.113,0.936,255,1083
34400639,-0.366,-1.707,0.305,0.446,0.121,1.196,255,1083
34401386,-0.915,0.183,0.488,0.308,0.143,0.919,255,1083
34402640,-1.768,2.622,0.183,0.046,-0.000,1.193,255,1083
34403374,-2.378,5.061,0.488,-0.284,-0.009,0.951,255,1083
34404639,-0.976,4.085,0.183,-0.399,-0.069,0.960,255,1083
34405372,-0.976,4.085,0.183,-0.399,-0.069,0.960,255,1083
34406640,-0.732,-0.549,0.488,0.141,0.062,1.043,255,1083
34407383,-0.427,-1.890,0.183,0.274,0.126,1.069,255,1083
34408640,-0.305,-2.073,0.366,0.450,0.081,1.021,255,1083
34409376,-0.671,-0.427,0.244,0.302,0.132,1.082,255,1083
34410640,-2.378,4.207,0.976,-0.233,0.050,1.118,255,1083
34411381,-2.378,4.207,0.976,-0.233,0.050,1.118,255,1083
34412640,-1.890,4.451,0.366,-0.432,-0.040,0.974,255,1083
34413382,-0.976,2.561,0.000,-0.242,-0.076,1.056,255,1083
34414640,-0.427,0.671,0.183,0.047,0.065,0.897,255,1083
34415374,-0.183,-1.220,0.244,0.296,0.148,1.191,255,1083
34416640,-0.549,-2.012,0.183,0.429,0.071,0.925,255,1083
34417363,-1.037,-0.488,-0.244,0.294,0.104,1.221,255,1083
34418640,-1.890,3.293,0.854,-0.165,0.081,1.156,255,1083
34419376,-1.768,4.939,1.402,-0.297,-0.086,1.000,255,1083
34420640,-0.976,4.573,0.488,-0.435,-0.077,1.063,255,1083
34421381,-0.793,3.293,-0.122,-0.274,-0.073,0.968,255,1083
34422639,-0.122,1.341,0.305,0.030,0.089,0.998,255,1083
34423502,0.183,-0.732,0.732,0.239,0.109,1.082,255,1083
34424639,-0.793,-1.280,0.061,0.300,0.069,1.015,255,1083
34425370,-0.793,-1.280,0.061,0.300,0.069,1.015,255,1083
34426639,-2.134,2.683,1.220,-0.060,0.015,1.023,255,1083
34427378,-2.134,3.902,1.402,-0.344,-0.002,1.091,255,1083
34428639,-1.402,3.902,0.610,-0.342,-0.145,1.064,255,1083
34429382,-0.915,3.232,0.305,-0.275,-0.018,0.929,255,1083
34430639,-0.305,1.585,0.061,-0.035,0.028,1.081,255,1083
34431378,-0.061,-0.061,0.061,0.229,0.110,0.908,255,1083
34432663,-0.488,-0.671,-0.122,0.291,0.049,0.903,255,1083
34433728,-1.220,0.610,0.305,0.167,0.120,1.162,255,1083
34434641,-2.012,2.378,1.098,-0.029,0.003,0.966,255,1092
34435409,-2.500,3.354,0.976,-0.315,0.035,1.138,255,1092
34436639,-1.768,4.390,0.976,-0.352,-0.104,1.005,255,1092
34437383,-1.220,3.720,0.183,-0.240,-0.015,1.011,255,1092
34438640,-0.488,0.427,0.183,0.194,0.084,1.085,255,1092
34439373,-0.488,0.427,0.183,0.194,0.084,1.085,255,1092
34440640,-0.915,-0.671,0.000,0.316,0.079,0.954,255,1092
34441381,-1.280,-0.366,0.427,0.187,0.083,1.056,255,1092
34442639,-1.951,1.341,1.037,-0.011,0.035,1.147,255,1092
34443372,-2.195,3.049,0.976,-0.241,-0.015,1.015,255,1092
34444639,-1.037,3.720,0.305,-0.223,-0.062,1.098,255,1092
34445379,-1.037,3.720,0.305,-0.223,-0.062,1.098,255,1092
34446640,-0.122,1.159,0.000,0.157,0.039,1.101,255,1092
34447368,-0.610,-0.244,-0.183,0.248,0.100,0.981,255,1092
34448640,-0.793,-0.854,0.183,0.323,0.086,1.108,255,1092
34449371,-1.341,-0.244,0.183,0.152,0.072,0.927,255,1092
34450639,-2.012,1.037,0.915,0.052,0.017,1.180,255,1092
34451368,-2.988,2.378,1.585,-0.220,0.052,1.058,255,1092
34452640,-1.341,3.598,0.671,-0.260,-0.091,1.042,255,1092
34453381,-0.610,3.293,-0.061,-0.187,-0.007,1.021,255,1092
34454640,-0.305,1.951,0.000,0.124,0.042,1.009,255,1092
34455496,-0.122,0.244,0.366,0.241,0.109,1.025,255,1092
34456639,-0.305,-0.671,0.549,0.291,0.067,1.007,255,1092
34457378,-0.854,-0.366,0.488,0.163,0.085,1.044,255,1092
34458640,-2.256,1.829,1.524,-0.217,0.096,1.116,255,1092
34459372,-2.256,1.829,1.524,-0.217,0.096,1.116,255,1092
34460639,-1.280,4.085,0.610,-0.283,-0.060,1.046,255,1092
34461383,-0.671,3.659,-0.305,-0.172,-0.063,1.000,255,1092
34462640,-0.610,2.256,-0.427,0.053,0.060,0.898,255,1092
34463502,-0.732,0.610,0.000,0.250,0.077,1.124,255,1092
34464639,-0.915,-0.732,0.244,0.252,0.083,0.923,255,1092
34465375,-0.610,-0.915,0.122,0.154,0.019,1.173,255,1092
34466640,-1.707,0.793,1.707,-0.115,0.049,1.119,255,1092
34467371,-1.707,2.256,1.768,-0.178,0.023,1.048,255,1092
34468639,-1.463,3.780,0.549,-0.274,-0.076,1.128,255,1092
34469382,-0.427,4.146,-0.305,-0.147,-0.054,0.942,255,1092
34470640,-0.244,2.866,-0.610,0.004,0.064,0.918,255,1092
34471502,-0.305,1.524,-0.061,0.172,0.044,1.135,255,1092
34472639,-0.854,-1.159,0.549,0.192,0.047,1.107,255,1092
34473374,-0.854,-1.159,0.549,0.192,0.047,1.107,255,1092
34474640,-2.378,0.732,1.524,-0.104,0.018,1.164,255,1092
34475375,-2.134,2.378,1.524,-0.164,0.035,1.011,255,1092
34476640,-1.646,3.902,0.793,-0.223,-0.068,1.143,255,1092
34477381,-0.732,4.268,-0.305,-0.161,-0.024,0.882,255,1092
34478640,0.183,1.585,-0.549,0.173,0.062,1.047,255,1092
34479573,-0.793,0.000,-0.305,0.180,0.054,1.040,255,1092
34480640,-0.915,-1.220,0.488,0.174,0.095,1.009,255,1092
34481425,-1.098,-1.037,1.585,0.101,0.020,1.100,255,1092
34482639,-2.073,0.000,2.012,-0.056,0.067,1.025,255,1092
34483745,-1.890,1.829,1.707,-0.160,0.039,1.107,255,1092
34484641,-1.402,3.659,0.671,-0.167,-0.020,1.141,255,1102
34485414,-0.610,4.329,-0.427,-0.183,-0.065,0.871,255,1102
34486639,-0.366,2.134,-0.732,0.064,0.022,1.001,255,1102
34487509,-0.671,0.061,-0.122,0.149,0.084,0.975,255,1102
34488639,-1.098,-1.280,0.732,0.183,0.093,1.015,255,1102
34489372,-1.280,-1.463,1.585,0.149,0.041,1.192,255,1102
34490639,-1.524,-0.732,1.829,-0.022,0.043,1.000,255,1102
34491380,-1.585,1.646,1.951,-0.153,0.045,1.128,255,1102
34492640,-0.610,4.878,-0.183,-0.206,-0.095,0.945,255,1102
34493503,-0.305,4.878,-1.220,-0.090,0.001,0.965,255,1102
34494639,0.000,3.171,-0.793,0.049,0.010,0.979,255,1102
34495444,-0.122,0.427,0.244,0.166,0.123,1.032,255,1102
34496640,-1.280,-1.463,0.732,0.155,0.038,0.990,255,1102
34497400,-1.768,-1.768,1.037,0.069,0.036,1.195,255,1102
34498639,-1.707,-1.037,1.463,0.013,0.086,0.979,255,1102
34499378,-2.195,0.732,2.256,-0.055,0.077,1.195,255,1102
34500639,-1.037,4.817,-0.427,-0.189,-0.110,1.018,255,1102
34501509,-0.366,5.000,-1.341,-0.086,-0.008,0.977,255,1102
34502639,-0.244,3.110,-0.854,0.041,0.015,0.925,255,1102
34503501,-0.610,0.854,0.183,0.120,0.110,1.085,255,1102
34504639,-0.976,-0.976,0.671,0.141,0.043,0.928,255,1102
34505365,-1.463,-2.195,0.976,0.121,0.007,1.188,255,1102
34506640,-1.768,0.427,2.073,0.029,0.041,1.184,255,1102
34507369,-1.768,0.427,2.073,0.029,0.041,1.184,255,1102
34508639,-0.732,5.122,-0.671,-0.163,-0.163,1.037,255,1102
34509502,-0.671,5.427,-1.098,-0.162,0.056,0.972,255,1102
34510639,-0.366,3.232,-0.915,0.089,0.031,0.876,255,1102
34511378,-1.159,0.488,0.244,0.069,0.103,1.087,255,1102
34512640,-1.829,-2.439,0.854,0.076,0.103,1.198,255,1102
34513372,-1.829,-2.439,0.854,0.076,0.103,1.198,255,1102
34514640,-1.890,0.366,2.317,0.009,0.069,1.202,255,1102
34515384,-1.585,3.049,0.549,-0.134,-0.040,1.067,255,1102
34516639,-0.793,5.244,-0.671,-0.113,-0.069,0.980,255,1102
34517507,-0.366,5.671,-0.976,-0.142,-0.004,0.937,255,1102
34518639,0.366,3.902,-0.976,0.025,0.012,0.983,255,1102
34519501,-0.671,1.280,-0.488,-0.006,0.070,1.012,255,1102
34520639,-1.585,-2.988,1.463,0.125,0.100,1.195,255,1102
34521374,-1.707,-2.012,2.073,0.118,0.099,1.015,255,1102
34522640,-1.646,0.244,1.524,-0.001,0.051,1.188,255,1102
34523411,-1.463,3.476,0.305,-0.147,-0.032,1.039,255,1102
34524640,-0.915,5.549,-0.732,-0.095,-0.066,1.035,255,1102
34525528,-0.244,5.732,-1.098,-0.178,-0.005,0.930,255,1102
34526639,-0.976,1.098,-0.366,0.050,0.004,1.059,255,1102
34527502,-1.341,-1.646,0.793,0.097,0.103,0.978,255,1102
34528639,-1.646,-3.293,1.829,0.136,0.057,1.144,255,1102
34529382,-1.829,-2.561,2.012,0.145,0.125,1.039,255,1102
34530639,-1.829,-0.305,1.585,0.040,0.024,1.145,255,1102
34531377,-1.280,3.415,0.427,-0.108,0.040,1.062,255,1102
34532639,-0.854,5.732,-0.976,-0.092,-0.088,1.006,255,1102
34533733,0.000,4.695,-1.402,-0.089,0.005,1.021,255,1102
34534592,-0.976,1.341,-0.427,0.020,0.015,0.984,255,1112
34535638,-1.220,-1.890,0.854,0.114,0.094,1.021,255,1112
34536396,-1.524,-3.659,1.829,0.129,0.084,1.050,255,1112
34537638,-1.707,-2.683,2.317,0.127,0.110,1.163,255,1112
34538372,-1.463,-0.305,1.768,0.071,0.061,1.115,255,1112
34539638,-1.098,6.159,-0.671,-0.160,-0.047,1.039,255,1112
34540506,-1.098,6.159,-0.671,-0.160,-0.047,1.039,255,1112
34541638,-0.122,4.634,-1.402,-0.124,0.053,0.974,255,1112
34542495,-0.671,0.854,-0.366,0.083,0.059,0.973,255,1112
34543638,-1.463,-2.073,0.976,0.095,0.064,1.056,255,1112
34544366,-1.463,-3.659,1.463,0.107,0.062,1.043,255,1112
34545639,-2.134,-2.866,2.073,0.159,0.090,1.221,255,1112
34546368,-1.768,0.000,1.707,0.087,0.123,1.042,255,1112
34547638,-0.427,6.646,-1.037,-0.199,-0.078,0.987,255,1112
34548493,-0.244,7.073,-1.646,-0.219,-0.068,0.990,255,1112
34549638,0.122,4.573,-1.280,-0.109,0.058,0.962,255,1112
34550504,-0.610,0.732,0.183,0.020,0.058,0.955,255,1112
34551638,-1.402,-2.256,0.854,0.091,0.035,1.024,255,1112
34552367,-1.524,-4.024,1.768,0.149,0.081,1.132,255,1112
34553638,-1.707,-0.305,1.890,0.141,0.070,1.118,255,1112
34554372,-1.707,-0.305,1.890,0.141,0.070,1.118,255,1112
34555638,-0.976,7.256,-1.220,-0.204,-0.108,1.042,255,1112
34556504,-0.549,7.317,-1.951,-0.257,-0.076,0.932,255,1112
34557638,0.000,4.756,-0.854,-0.104,0.068,0.952,255,1112
34558487,-0.732,0.854,0.305,0.028,0.066,1.000,255,1112
34559638,-1.524,-2.561,0.793,0.053,0.029,1.056,255,1112
34560374,-1.280,-4.146,1.341,0.143,0.087,1.114,255,1112
34561639,-1.646,-0.122,2.012,0.116,0.085,1.199,255,1112
34562371,-1.463,4.207,-0.061,-0.084,-0.074,0.989,255,1112
34563638,-0.915,7.256,-1.463,-0.250,-0.068,0.976,255,1112
34564623,-0.061,6.829,-1.707,-0.134,-0.072,0.945,255,1112
34565638,-0.305,4.207,-1.159,-0.180,0.065,0.988,255,1112
34566502,-0.854,0.305,0.244,-0.010,-0.014,0.977,255,1112
34567638,-1.280,-4.451,1.951,0.276,0.095,1.135,255,1112
34568375,-1.280,-4.451,1.951,0.276,0.095,1.135,255,1112
34569639,-1.220,0.427,1.220,0.062,0.022,1.190,255,1112
34570372,-1.159,4.817,-0.183,-0.065,-0.030,1.012,255,1112
34571639,-0.976,7.561,-1.341,-0.247,-0.076,1.005,255,1112
34572615,-0.488,7.256,-1.463,-0.232,-0.041,0.891,255,1112
34573638,-0.671,0.427,0.122,-0.004,0.025,1.063,255,1112
34574503,-0.671,0.427,0.122,-0.004,0.025,1.063,255,1112
34575638,-1.402,-4.390,2.561,0.286,0.099,1.187,255,1112
34576368,-1.646,-2.744,2.866,0.230,0.137,1.038,255,1112
34577638,-1.646,0.976,1.280,0.122,0.034,1.233,255,1112
34578366,-1.341,5.000,-0.366,-0.079,-0.023,0.975,255,1112
34579639,-0.976,7.805,-1.220,-0.245,-0.084,0.913,255,1112
34580623,-0.427,7.378,-1.585,-0.175,0.010,0.993,255,1112
34581638,-0.732,0.122,0.305,-0.016,0.059,1.070,255,1112
34582370,-0.732,0.122,0.305,0.118,0.088,0.959,255,1112
34583638,-1.280,-4.634,2.378,0.315,0.136,1.233,255,1112
34584683,-1.646,-2.683,2.744,0.231,0.109,0.993,255,1112
34585641,-1.646,1.159,0.976,0.085,0.059,1.236,255,1122
34586428,-1.402,5.427,-0.793,-0.111,-0.058,1.007,255,1122
34587639,-0.610,7.439,-1.829,-0.341,-0.067,0.991,255,1122
34588637,-0.244,4.024,-0.854,-0.129,0.064,0.926,255,1122
34589639,-0.915,-0.854,0.793,0.062,0.047,1.100,255,1122
34590374,-0.671,-4.329,2.012,0.127,0.075,0.981,255,1122
34591640,-1.220,-4.695,2.256,0.269,0.112,1.196,255,1122
34592381,-1.402,-2.500,2.561,0.273,0.156,1.041,255,1122
34593639,-1.707,2.073,1.402,0.106,0.060,1.239,255,1122
34594377,-1.524,5.854,-0.671,-0.146,-0.063,0.959,255,1122
34595640,-0.671,7.195,-1.768,-0.351,0.017,1.001,255,1122
34596508,-0.549,2.988,-0.610,-0.079,0.010,1.034,255,1122
34597639,-0.793,-1.341,0.854,0.003,0.088,0.966,255,1122
34598369,-0.793,-4.756,1.890,0.193,0.024,1.054,255,1122
34599639,-1.220,-5.061,2.927,0.297,0.182,1.161,255,1122
34600380,-1.463,-2.012,2.561,0.323,0.099,1.125,255,1122
34601639,-0.915,6.402,-0.854,-0.153,-0.120,0.995,255,1122
34602506,-0.915,8.354,-1.768,-0.338,-0.105,0.904,255,1122
34603639,-0.305,6.646,-1.585,-0.323,-0.035,0.921,255,1122
34604631,-0.183,2.500,0.244,-0.047,0.081,1.070,255,1122
34605639,-0.793,-2.378,1.098,0.062,0.004,0.919,255,1122
34606441,-1.037,-4.695,1.951,0.180,0.083,1.171,255,1122
34607640,-1.585,-1.585,2.439,0.277,0.167,1.220,255,1122
34608426,-1.585,-1.585,2.439,0.277,0.167,1.220,255,1122
34609639,-1.220,7.439,-1.220,-0.249,-0.092,0.981,255,1122
34610516,-0.671,8.537,-1.890,-0.312,-0.088,0.894,255,1122
34611639,-0.366,5.915,-1.098,-0.288,-0.001,0.934,255,1122
34612679,-0.732,1.585,0.244,-0.065,0.064,1.044,255,1122
34613641,-1.402,-2.683,1.220,0.054,0.017,1.059,255,1122
34614409,-0.976,-4.878,1.829,0.228,0.163,1.054,255,1122
34615640,-1.341,-0.854,2.195,0.211,0.132,1.110,255,1122
34616390,-1.707,4.146,0.244,-0.023,-0.067,1.137,255,1122
34617640,-1.585,8.110,-1.646,-0.297,-0.075,1.007,255,1122
34618511,-0.976,8.476,-1.524,-0.305,-0.130,0.885,255,1122
34619640,-0.427,5.122,-0.976,-0.296,0.023,0.892,255,1122
34620499,-0.671,0.732,0.488,-0.039,-0.014,0.972,255,1122
34621640,-0.793,-5.305,2.439,0.343,0.056,0.976,255,1122
34622373,-0.793,-5.305,2.439,0.343,0.056,0.976,255,1122
34623640,-0.976,0.000,1.768,0.174,0.020,1.031,255,1122
34624379,-1.037,5.122,-0.183,-0.088,0.019,1.149,255,1122
34625640,-0.671,8.354,-1.402,-0.287,-0.140,0.986,255,1122
34626522,-0.305,7.927,-1.585,-0.387,-0.029,0.898,255,1122
34627640,-0.427,4.390,-1.037,-0.215,-0.027,0.998,255,1122
34628620,-0.915,-4.085,1.280,0.198,0.068,1.199,255,1122
34629640,-0.915,-5.488,2.256,0.307,0.159,1.021,255,1122
34630376,-1.585,-3.780,2.195,0.384,0.094,1.249,255,1122
34631641,-1.585,1.098,1.098,0.096,0.104,1.031,255,1122
34632376,-1.524,6.159,-0.793,-0.103,-0.089,1.018,255,1122
34633640,-1.524,8.354,-1.707,-0.365,-0.040,1.019,255,1122
34634726,0.000,3.659,-0.915,-0.229,0.102,0.947,255,1122
34635639,-0.366,-1.220,0.732,0.089,-0.010,1.058,255,1131
34636638,-1.220,-4.512,1.768,0.190,0.177,1.045,255,1131
34637382,-1.280,-5.427,2.134,0.373,0.069,1.180,255,1131
34638638,-1.707,-2.500,2.378,0.358,0.171,1.108,255,1131
34639372,-1.890,2.195,0.549,0.067,0.030,1.172,255,1131
34640638,-1.463,6.768,-0.915,-0.204,-0.064,0.917,255,1131
34641503,-1.037,8.110,-2.073,-0.386,-0.156,1.015,255,1131
34642638,-0.793,2.439,-0.549,-0.151,0.019,1.030,255,1131
34643503,-0.732,-1.768,0.793,0.065,0.079,1.096,255,1131
34644638,-0.793,-5.000,1.341,0.255,0.078,1.006,255,1131
34645371,-1.098,-4.756,2.378,0.387,0.187,1.210,255,1131
34646639,-1.280,-1.707,1.951,0.354,0.140,1.044,255,1131
34647376,-1.951,3.720,0.549,-0.032,-0.008,1.158,255,1131
34648639,-1.768,8.171,-1.829,-0.429,-0.134,0.941,255,1131
34649504,-1.768,8.171,-1.829,-0.329,-0.016,0.886,255,1131
34650638,-0.793,1.341,0.244,-0.076,0.038,1.093,255,1131
34651503,-0.366,-3.171,1.220,0.126,0.064,0.971,255,1131
34652638,-0.488,-5.305,1.829,0.326,0.138,1.205,255,1131
34653369,-0.793,-4.451,2.317,0.432,0.129,0.999,255,1131
34654638,-1.524,-0.366,1.829,0.233,0.128,1.212,255,1131
34655372,-1.524,4.451,0.122,-0.080,-0.015,1.062,255,1131
34656638,-1.098,7.805,-1.768,-0.415,-0.101,0.907,255,1131
34657509,-0.183,4.878,-0.732,-0.296,-0.024,0.863,255,1131
34658638,-0.122,0.122,0.183,-0.025,0.054,1.114,255,1131
34659496,-0.549,-3.841,1.341,0.174,0.057,0.986,255,1131
34660638,-0.488,-5.366,2.134,0.358,0.173,1.161,255,1131
34661380,-0.915,-3.537,2.439,0.458,0.114,1.100,255,1131
34662639,-1.829,5.793,-0.244,-0.163,-0.061,1.100,255,1131
34663503,-1.037,8.293,-1.707,-0.315,-0.088,0.948,255,1131
34664638,-1.220,7.317,-1.341,-0.408,-0.150,0.931,255,1131
34665626,-0.183,4.024,-0.732,-0.303,0.061,0.881,255,1131
34666638,-0.488,-0.854,0.793,0.070,0.015,1.043,255,1131
34667366,-0.732,-4.512,1.951,0.283,0.158,1.187,255,1131
34668639,-0.793,-5.244,2.256,0.365,0.105,0.978,255,1131
34669380,-1.341,-2.439,1.890,0.331,0.171,1.270,255,1131
34670639,-1.524,6.463,-0.549,-0.254,0.004,1.054,255,1131
34671376,-1.159,8.232,-1.585,-0.355,-0.145,0.968,255,1131
34672639,-1.463,6.463,-1.463,-0.396,-0.073,0.998,255,1131
34673631,-0.427,2.744,-0.366,-0.175,-0.001,0.794,255,1131
34674638,-0.671,-1.890,0.915,0.112,0.100,1.134,255,1131
34675562,-0.732,-4.573,1.829,0.284,0.125,1.083,255,1131
34676639,-0.976,-1.402,1.707,0.243,0.134,1.114,255,1131
34677408,-1.524,3.963,0.427,0.035,0.019,1.095,255,1131
34678638,-1.524,7.134,-0.976,-0.290,-0.101,1.007,255,1131
34679506,-1.220,7.927,-1.341,-0.422,-0.110,0.884,255,1131
34680638,-1.220,5.671,-0.976,-0.347,-0.077,1.039,255,1131
34681624,-0.366,0.976,-0.183,-0.104,0.089,0.854,255,1131
34682639,-0.915,-5.122,1.829,0.321,0.166,0.986,255,1131
34683690,-1.037,-3.659,2.012,0.436,0.085,1.231,255,1131
34684641,-1.646,0.305,1.646,0.188,0.183,1.012,255,1141
34685434,-1.341,4.756,0.305,-0.019,-0.089,1.162,255,1141
34686639,-1.951,7.317,-1.402,-0.405,-0.071,0.975,255,1141
34687512,-1.098,7.439,-1.524,-0.438,-0.138,0.786,255,1141
34688639,-0.854,4.634,-0.671,-0.262,0.031,1.108,255,1141
34689507,-0.244,-0.305,0.488,0.033,0.063,1.034,255,1141
34690639,-0.427,-5.305,1.768,0.318,0.165,1.129,255,1141
34691373,-0.610,-2.500,1.768,0.478,0.115,1.058,255,1141
34692640,-1.585,1.585,1.220,0.085,0.098,1.216,255,1141
34693380,-1.341,5.915,-0.427,-0.171,-0.084,0.968,255,1141
34694640,-1.646,7.683,-1.524,-0.438,-0.112,1.049,255,1141
34695629,-0.915,6.524,-1.402,-0.401,-0.076,0.786,255,1141
34696639,0.122,-1.220,1.098,0.088,0.091,1.068,255,1141
34697504,-0.427,-4.146,1.524,0.309,0.086,1.130,255,1141
34698639,-0.610,-4.024,2.134,0.374,0.200,1.029,255,1141
34699378,-1.159,-1.159,2.073,0.380,0.094,1.200,255,1141
34700640,-1.829,3.171,0.488,-0.011,0.025,1.107,255,1141
34701377,-1.951,6.585,-0.854,-0.254,-0.112,0.943,255,1141
34702640,-1.890,7.744,-1.402,-0.449,-0.078,0.984,255,1141
34703631,-0.610,1.585,0.488,-0.079,0.062,0.988,255,1141
34704639,-0.183,-2.622,1.098,0.122,0.040,0.992,255,1141
34705374,-0.549,-4.512,2.012,0.383,0.173,1.189,255,1141
34706640,-0.732,-3.659,2.073,0.424,0.135,1.070,255,1141
34707383,-1.341,0.122,1.524,0.241,0.101,1.089,255,1141
34708640,-1.890,4.024,-0.183,-0.142,-0.025,1.102,255,1141
34709506,-1.829,6.951,-1.280,-0.311,-0.077,0.953,255,1141
34710639,-0.732,3.963,-0.488,-0.320,-0.020,0.924,255,1141
34711628,-0.244,-0.305,0.061,0.028,0.039,1.078,255,1141
34712639,-0.549,-3.232,0.793,0.232,0.116,1.102,255,1141
34713374,-0.854,-4.329,1.829,0.429,0.152,0.981,255,1141
34714640,-1.037,-2.378,1.402,0.359,0.137,1.205,255,1141
34715376,-1.890,1.768,0.610,0.196,0.031,0.971,255,1141
34716640,-1.829,6.890,-0.610,-0.320,-0.102,0.940,255,1141
34717507,-1.829,6.890,-0.610,-0.471,-0.053,0.977,255,1141
34718639,-0.366,2.927,-0.122,-0.151,-0.074,0.889,255,1141
34719626,-0.122,-0.793,0.610,0.065,0.164,1.207,255,1141
34720639,0.000,-3.537,1.280,0.324,0.060,0.887,255,1141
34721378,-1.159,-3.780,1.646,0.416,0.211,1.274,255,1141
34722640,-1.585,-1.341,1.098,0.282,0.017,0.965,255,1141
34723382,-2.073,3.110,0.488,0.024,0.115,1.136,255,1141
34724639,-1.341,6.585,-0.671,-0.383,-0.089,0.898,255,1141
34725505,-1.098,4.695,-0.732,-0.421,-0.084,0.971,255,1141
34726639,-0.610,1.280,0.061,0.003,0.051,0.982,255,1141
34727493,-0.671,-1.768,0.976,0.151,0.103,1.041,255,1141
34728639,-0.732,-3.780,1.829,0.381,0.102,1.113,255,1141
34729377,-0.732,-2.866,1.402,0.360,0.096,1.075,255,1141
34730640,-1.280,4.146,0.488,-0.047,0.000,1.022,255,1141
34731375,-1.280,4.146,0.488,-0.047,0.000,1.022,255,1141
34732639,-1.220,6.098,-0.732,-0.388,-0.156,0.957,255,1141
34733725,-1.159,3.841,-0.122,-0.354,0.032,1.045,255,1141
34734481,-0.061,0.183,0.793,0.106,0.066,0.904,255,1151
34735638,-0.244,-2.622,1.707,0.268,0.140,1.137,255,1151
34736366,-0.244,-3.598,1.707,0.367,0.052,0.961,255,1151
34737638,-1.402,1.768,0.915,0.111,0.070,0.953,255,1151
34738364,-1.402,1.768,0.915,0.111,0.070,0.953,255,1151
34739639,-1.890,5.915,-0.793,-0.435,-0.124,0.994,255,1151
34740502,-1.646,5.000,-0.671,-0.392,-0.069,0.935,255,1151
34741638,-1.341,2.256,0.122,-0.162,0.000,1.112,255,1151
34742496,-0.244,-0.976,1.037,0.158,0.134,0.963,255,1151
34743638,-0.122,-3.049,0.854,0.413,0.163,1.096,255,1151
34744382,-0.427,-2.744,0.915,0.413,0.163,1.096,255,1151
34745639,-1.768,3.110,0.488,-0.032,0.073,1.103,255,1151
34746366,-1.890,5.366,-0.122,-0.294,-0.096,1.096,255,1151
34747639,-1.768,5.732,-0.732,-0.419,-0.083,0.956,255,1151
34748631,-1.220,4.207,-0.183,-0.298,-0.037,0.909,255,1151
34749638,-0.610,1.585,0.549,-0.046,0.042,1.036,255,1151
34750492,0.000,-1.463,0.793,0.201,0.057,1.090,255,1151
34751638,-0.427,-1.646,1.159,0.383,0.122,0.979,255,1151
34752374,-0.427,-1.646,1.159,0.383,0.122,0.979,255,1151
34753639,-1.890,3.598,0.122,-0.175,-0.030,0.984,255,1151
34754377,-1.890,5.305,-0.488,-0.316,-0.023,1.079,255,1151
34755638,-1.707,4.939,-0.488,-0.377,-0.082,1.017,255,1151
34756630,-0.976,2.988,0.183,-0.235,-0.023,0.932,255,1151
34757638,0.122,-1.951,1.037,0.335,0.119,1.045,255,1151
34758365,0.122,-1.951,1.037,0.335,0.119,1.045,255,1151
34759639,-0.854,-0.854,1.098,0.245,0.087,1.060,255,1151
34760381,-1.585,1.768,0.366,0.009,0.006,1.062,255,1151
34761638,-2.073,4.329,0.122,-0.204,-0.027,1.057,255,1151
34762439,-2.256,4.939,-0.183,-0.358,-0.060,1.006,255,1151
34763639,-1.524,3.902,-0.305,-0.376,-0.053,1.010,255,1151
34764672,-0.366,-0.549,0.549,0.151,0.106,1.021,255,1151
34765638,-0.366,-2.073,1.098,0.378,0.094,0.995,255,1151
34766367,-0.793,-1.707,1.098,0.311,0.105,1.120,255,1151
34767639,-1.159,0.732,0.671,0.170,0.035,0.984,255,1151
34768378,-2.073,3.476,0.061,-0.085,0.044,1.163,255,1151
34769639,-1.768,4.817,0.000,-0.263,-0.059,1.030,255,1151
34770365,-1.707,4.329,-0.122,-0.407,-0.035,1.029,255,1151
34771638,-0.488,1.098,0.427,-0.011,0.125,1.082,255,1151
34772513,0.061,-0.854,0.854,0.309,0.058,1.076,255,1151
34773638,-0.305,-1.768,1.159,0.379,0.143,1.038,255,1151
34774364,-0.793,-0.671,1.098,0.226,0.032,0.981,255,1151
34775638,-1.402,1.524,0.366,0.079,0.087,1.122,255,1151
34776376,-2.256,3.537,0.488,-0.169,-0.067,1.025,255,1151
34777638,-2.012,4.146,0.122,-0.370,0.020,0.986,255,1151
34778370,-1.341,3.659,-0.366,-0.322,-0.090,1.127,255,1151
34779638,0.000,0.244,0.671,0.147,0.075,0.985,255,1151
34780494,0.244,-1.402,0.671,0.323,0.104,1.105,255,1151
34781638,-0.488,-1.220,0.671,0.318,0.060,0.971,255,1151
34782364,-1.280,0.183,0.488,0.168,0.094,1.141,255,1151
34783638,-1.646,2.378,0.427,-0.003,0.023,0.910,255,1151
34784686,-1.280,4.024,0.183,-0.370,-0.080,0.954,255,1151
34785641,-1.037,3.049,-0.122,-0.255,-0.003,1.032,255,1161
34786565,-0.366,1.768,0.366,-0.000,0.028,0.983,255,1161
34787639,0.000,-0.427,0.305,0.220,0.103,1.129,255,1161
34788378,-0.183,-1.098,0.671,0.312,0.008,0.977,255,1161
34789640,-0.610,-0.488,0.366,0.282,0.168,1.078,255,1161
34790390,-1.463,1.098,0.793,0.062,0.006,0.984,255,1161
34791639,-2.378,3.720,0.183,-0.376,-0.073,1.125,255,1161
34792446,-2.378,3.720,0.183,-0.376,-0.073,1.125,255,1161
34793640,-1.220,2.195,0.427,-0.145,-0.043,0.999,255,1161
34794430,-0.549,0.915,0.122,0.052,0.106,0.958,255,1161
34795639,-0.549,-0.061,0.366,0.263,0.036,1.060,255,1161
34796371,-0.915,-0.305,0.366,0.328,0.105,1.136,255,1161
34797640,-1.402,0.854,0.610,0.163,0.064,0.896,255,1161
34798378,-2.073,2.256,0.244,0.011,-0.005,1.136,255,1161
34799640,-2.073,2.805,0.244,-0.357,-0.011,1.054,255,1161
34800378,-1.524,2.561,0.854,-0.210,-0.024,1.069,255,1161
34801640,-0.976,1.463,0.305,-0.081,0.036,1.086,255,1161
34802379,0.122,0.732,0.549,0.185,0.059,0.942,255,1161
34803640,0.000,0.000,0.122,0.321,0.113,1.124,255,1161
34804355,-0.732,0.427,0.549,0.217,0.049,0.930,255,1161
34805640,-1.951,2.256,0.732,-0.084,-0.027,0.980,255,1161
34806379,-1.951,2.256,0.732,-0.084,-0.027,0.980,255,1161
34807640,-1.402,2.378,0.671,-0.299,-0.024,1.053,255,1161
34808382,-0.671,1.402,0.183,-0.103,-0.010,1.012,255,1161
34809639,-0.488,1.585,0.122,-0.005,0.031,1.023,255,1161
34810371,0.183,0.793,0.183,0.306,0.107,1.083,255,1161
34811640,-0.366,0.305,0.610,0.251,0.046,0.981,255,1161
34812370,-0.732,0.915,0.122,0.200,0.032,1.001,255,1161
34813639,-1.707,1.951,0.610,-0.115,-0.017,1.019,255,1161
34814367,-1.829,1.829,1.037,-0.290,0.022,1.143,255,1161
34815639,-1.098,1.402,0.610,-0.206,-0.025,1.094,255,1161
34816381,-0.793,1.524,0.610,-0.070,0.028,1.008,255,1161
34817639,0.061,1.768,0.183,0.140,0.094,0.938,255,1161
34818370,0.061,1.707,0.427,0.281,0.030,1.057,255,1161
34819640,-1.280,1.463,0.000,0.104,0.007,1.034,255,1161
34820368,-1.280,1.463,0.000,0.104,0.007,1.034,255,1161
34821639,-1.890,1.768,0.793,-0.216,-0.022,1.126,255,1161
34822372,-1.402,1.098,0.549,-0.235,0.014,1.087,255,1161
34823640,-0.854,1.402,0.305,-0.136,0.013,1.037,255,1161
34824377,-0.671,1.402,-0.122,0.068,0.064,1.051,255,1161
34825640,-0.122,1.402,-0.305,0.264,-0.010,0.953,255,1161
34826378,-0.122,1.402,-0.305,0.264,-0.010,0.953,255,1161
34827640,-1.524,1.220,0.610,0.039,0.022,0.923,255,1161
34828381,-2.317,1.585,0.854,-0.209,0.012,1.172,255,1161
34829640,-1.768,0.610,0.671,-0.165,-0.017,1.076,255,1161
34830377,-1.768,0.732,0.671,-0.205,0.055,1.127,255,1161
34831640,-0.488,1.159,0.244,-0.019,0.040,0.928,255,1161
34832378,-0.427,1.585,-0.122,0.113,0.062,1.091,255,1161
34833640,-1.098,2.256,-0.183,0.151,0.053,1.166,255,1161
34834701,-0.976,1.646,0.000,0.026,0.041,0.858,255,1161
34835641,-1.951,1.646,0.793,-0.041,0.012,1.112,255,1170
34836433,-2.012,0.976,0.976,-0.242,-0.006,1.063,255,1170
34837639,-1.524,0.488,1.341,-0.131,0.060,1.063,255,1170
34838390,-0.915,0.793,0.549,-0.127,0.035,1.151,255,1170
34839639,-0.061,1.951,-0.732,0.161,0.014,0.993,255,1170
34840371,-0.061,1.951,-0.732,0.161,0.014,0.993,255,1170
34841639,-1.159,2.256,-0.183,0.106,-0.001,1.030,255,1170
34842378,-1.585,1.768,0.610,-0.019,0.052,0.962,255,1170
34843640,-1.829,0.305,0.732,-0.100,-0.016,1.160,255,1170
34844378,-1.707,0.183,1.341,-0.210,0.060,1.093,255,1170
34845640,-1.341,0.366,1.280,-0.110,0.042,1.101,255,1170
34846379,-0.732,1.768,0.610,-0.087,0.064,0.985,255,1170
34847640,-0.183,3.171,-0.793,0.129,0.055,1.048,255,1170
34848373,-0.671,2.805,-0.732,0.157,-0.008,0.956,255,1170
34849640,-1.463,2.012,0.244,-0.008,0.066,0.922,255,1170
34850378,-1.524,0.427,1.037,0.009,-0.059,1.133,255,1170
34851640,-2.195,-0.244,1.341,-0.196,0.079,1.047,255,1170
34852373,-1.402,-0.488,1.585,-0.115,0.012,1.066,255,1170
34853640,-0.366,1.829,0.122,0.058,-0.036,1.095,255,1170
34854378,-0.366,1.829,0.122,0.058,-0.036,1.095,255,1170
34855640,-0.244,3.598,-1.037,0.121,-0.040,1.111,255,1170
34856375,-1.037,3.110,-0.305,0.062,0.019,0.875,255,1170
34857639,-1.402,1.402,0.549,-0.072,0.005,1.054,255,1170
34858376,-1.463,-0.183,1.341,-0.041,0.052,1.078,255,1170
34859640,-0.732,-0.244,1.341,-0.076,0.081,1.038,255,1170
34860373,-0.732,-0.244,1.341,-0.076,0.081,1.038,255,1170
34861639,-0.549,3.171,-0.427,0.137,0.062,0.980,255,1170
34862377,-0.244,4.085,-0.854,0.125,-0.029,1.061,255,1170
34863640,-0.793,3.598,-0.854,0.027,0.000,0.959,255,1170
34864379,-1.707,2.073,0.549,0.051,-0.009,0.936,255,1170
34865640,-2.012,0.549,1.220,-0.058,0.062,1.070,255,1170
34866378,-2.012,-1.037,1.768,-0.074,-0.015,1.062,255,1170
34867640,-0.732,0.427,0.854,0.025,0.038,1.188,255,1170
34868577,-0.427,2.378,0.000,0.006,0.119,1.030,255,1170
34869640,0.244,4.207,-0.488,0.168,-0.051,0.854,255,1170
34870420,-0.061,4.268,-1.098,0.002,0.024,1.118,255,1170
34871639,-0.915,3.354,-0.488,0.041,-0.041,0.804,255,1170
34872382,-1.585,1.402,0.976,-0.004,0.095,1.088,255,1170
34873639,-2.012,-1.829,1.707,-0.137,0.070,1.248,255,1170
34874384,-2.012,-1.829,1.707,-0.137,0.070,1.248,255,1170
34875639,-0.915,1.280,0.610,0.058,0.106,1.064,255,1170
34876381,-0.732,4.024,-0.122,0.068,-0.009,0.997,255,1170
34877640,-0.366,5.000,-1.402,0.085,-0.039,0.974,255,1170
34878380,-1.098,4.146,-1.159,-0.037,-0.045,0.935,255,1170
34879640,-1.280,2.378,0.854,0.057,0.033,0.914,255,1170
34880503,-1.951,-0.061,1.707,-0.060,0.066,1.217,255,1170
34881639,-1.341,-1.524,2.012,-0.076,0.146,1.231,255,1170
34882379,-0.549,0.061,1.280,0.040,0.055,1.032,255,1170
34883640,-0.915,2.805,0.122,0.015,0.066,1.065,255,1170
34884694,-0.610,4.817,-1.159,0.062,-0.050,0.896,255,1170
34885641,-0.366,5.061,-1.646,0.038,-0.005,1.065,255,1180
34886429,-1.341,3.354,-0.610,-0.012,-0.050,0.881,255,1180
34887639,-1.951,-1.646,1.646,-0.065,0.012,1.068,255,1180
34888509,-1.585,-2.378,2.134,-0.037,0.101,1.180,255,1180
34889639,-1.159,-1.280,1.768,0.018,0.079,1.132,255,1180
34890381,-0.915,1.707,0.610,-0.005,0.076,0.992,255,1180
34891639,-0.610,4.634,-0.793,0.041,0.008,1.051,255,1180
34892374,0.427,5.793,-1.220,0.047,-0.029,1.007,255,1180
34893639,-1.524,2.012,0.183,-0.035,-0.025,0.940,255,1180
34894371,-1.524,2.012,0.183,-0.035,-0.025,0.940,255,1180
34895640,-1.829,-2.561,2.500,-0.018,0.061,1.137,255,1180
34896377,-1.341,-2.378,2.561,0.033,0.095,1.090,255,1180
34897639,-1.037,0.305,0.854,-0.041,0.079,1.177,255,1180
34898374,-0.732,3.841,-0.305,0.022,0.003,1.013,255,1180
34899639,0.000,5.793,-1.098,0.044,0.002,0.884,255,1180
34900379,-0.061,5.732,-1.402,-0.013,-0.055,0.977,255,1180
34901640,-1.463,0.366,1.098,-0.039,0.013,1.101,255,1180
34902504,-1.524,-2.378,2.073,0.033,0.135,1.020,255,1180
34903639,-1.585,-2.805,2.439,0.008,0.038,1.277,255,1180
34904380,-1.098,-1.220,1.220,0.015,0.109,1.098,255,1180
34905640,-1.159,2.317,-0.183,-0.028,0.012,1.039,255,1180
34906375,-0.793,5.305,-0.915,0.066,0.013,0.953,255,1180
34907640,-0.610,4.390,-1.280,-0.009,-0.083,0.946,255,1180
34908503,-1.098,1.524,0.427,-0.063,0.039,0.876,255,1180
34909639,-1.220,-1.463,1.829,0.050,0.077,1.226,255,1180
34910366,-1.585,-3.354,2.683,0.007,0.105,1.058,255,1180
34911640,-1.280,-2.866,1.951,0.030,0.056,1.173,255,1180
34912376,-1.159,0.732,0.671,-0.047,0.130,1.075,255,1180
34913640,-0.793,4.573,-0.610,0.060,-0.025,1.035,255,1180
34914375,-0.122,6.463,-1.159,-0.020,0.012,0.887,255,1180
34915640,-1.159,3.110,-0.366,-0.034,0.034,0.965,255,1180
34916380,-1.159,-0.793,1.524,0.041,0.023,0.975,255,1180
34917640,-1.463,-3.293,2.500,0.073,0.103,1.171,255,1180
34918370,-1.585,-3.354,2.256,0.009,0.052,1.185,255,1180
34919640,-1.280,-0.610,1.220,0.036,0.156,1.175,255,1180
34920381,-1.220,2.988,-0.244,-0.010,0.009,0.946,255,1180
34921639,-0.305,6.585,-1.768,-0.128,-0.125,0.936,255,1180
34922506,-0.854,4.390,-0.854,-0.023,0.011,1.010,255,1180
34923639,-1.159,0.244,1.159,0.010,0.019,0.937,255,1180
34924368,-1.220,-2.805,2.073,0.045,0.093,1.111,255,1180
34925640,-1.707,-4.268,2.439,0.065,0.084,1.186,255,1180
34926382,-1.280,-2.439,1.646,0.048,0.135,1.134,255,1180
34927639,-0.976,5.732,-1.037,-0.078,0.015,0.981,255,1180
34928372,-0.976,5.732,-1.037,-0.078,0.015,0.981,255,1180
34929640,-0.610,5.427,-1.463,-0.104,-0.039,0.926,255,1180
34930507,-0.793,2.195,0.183,0.028,-0.007,0.957,255,1180
34931639,-1.463,-1.646,1.646,-0.017,0.058,1.021,255,1180
34932370,-1.646,-3.963,2.500,0.114,0.075,1.168,255,1180
34933639,-1.707,-3.598,2.439,0.063,0.136,1.188,255,1180
34934690,-1.098,4.329,-0.671,-0.055,-0.016,1.006,255,1180
34935641,-0.732,7.073,-1.524,-0.073,-0.042,0.983,255,1190
34936681,-0.244,6.220,-1.829,-0.062,-0.056,0.831,255,1190
34937639,-0.915,3.354,-0.183,-0.038,-0.043,0.964,255,1190
34938710,-0.976,-0.793,1.037,0.006,0.032,1.075,255,1190
34939640,-1.402,-3.415,2.012,0.103,0.071,1.097,255,1190
34940423,-1.098,-4.146,2.317,0.089,0.140,1.159,255,1190
34941639,-0.854,2.683,-0.244,-0.058,-0.006,1.102,255,1190
34942509,-1.098,6.585,-1.402,-0.091,-0.035,0.907,255,1190
34943639,-0.427,6.890,-2.012,-0.073,-0.048,0.941,255,1190
34944626,-0.732,4.817,-0.976,-0.099,-0.029,0.907,255,1190
34945639,-1.220,0.732,0.427,0.017,-0.040,1.014,255,1190
34946504,-1.280,-2.622,1.951,0.078,0.146,1.083,255,1190
34947639,-1.280,-4.268,2.866,0.127,0.086,1.139,255,1190
34948377,-1.280,-2.744,2.256,0.075,0.133,1.168,255,1190
34949640,-1.341,5.793,-1.220,-0.097,0.022,0.971,255,1190
34950386,-0.793,7.439,-1.707,-0.095,-0.052,0.876,255,1190
34951639,-0.854,5.610,-1.524,-0.098,-0.042,1.032,255,1190
34952626,-0.915,2.256,-0.366,-0.025,-0.066,0.888,255,1190
34953639,-1.098,-1.646,1.646,0.094,0.125,1.124,255,1190
34954506,-1.524,-4.146,2.744,0.190,0.102,1.032,255,1190
34955639,-1.220,-0.061,1.037,-0.016,0.041,1.140,255,1190
34956382,-1.220,-0.061,1.037,-0.016,0.041,1.140,255,1190
34957639,-0.915,7.134,-1.707,-0.123,-0.046,0.946,255,1190
34958512,-0.488,6.707,-1.768,-0.089,-0.064,0.863,255,1190
34959639,-0.915,3.841,-1.037,-0.097,-0.088,1.011,255,1190
34960621,-0.549,-0.854,1.037,0.098,0.085,0.892,255,1190
34961639,-0.976,-4.085,2.927,0.124,0.093,1.108,255,1190
34962369,-0.976,-4.085,2.927,0.124,0.093,1.108,255,1190
34963639,-1.098,3.171,-0.061,-0.060,0.031,1.029,255,1190
34964379,-1.402,6.768,-1.280,-0.134,-0.019,1.053,255,1190
34965640,-0.854,6.951,-2.073,-0.168,-0.102,0.819,255,1190
34966634,-1.037,4.878,-1.159,-0.075,-0.005,0.945,255,1190
34967639,-1.098,0.549,0.427,0.081,-0.043,1.067,255,1190
34968502,-0.793,-2.866,2.195,0.115,0.156,0.971,255,1190
34969639,-1.646,-2.744,2.134,0.120,0.191,1.156,255,1190
34970378,-1.524,1.463,0.366,-0.062,0.009,1.220,255,1190
34971640,-0.915,5.915,-1.159,-0.148,0.010,0.853,255,1190
34972381,-1.098,7.744,-1.768,-0.150,-0.088,0.940,255,1190
34973640,-0.549,5.976,-1.707,-0.091,-0.042,0.890,255,1190
34974627,-0.854,2.256,-0.183,-0.027,-0.033,1.036,255,1190
34975639,-1.159,-4.512,2.683,0.188,0.091,1.084,255,1190
34976505,-1.098,-3.659,2.256,0.112,0.109,1.244,255,1190
34977639,-1.524,0.061,1.159,-0.010,0.077,1.016,255,1190
34978372,-1.402,4.451,-0.854,-0.168,0.013,1.048,255,1190
34979640,-1.037,7.500,-1.463,-0.159,-0.064,0.934,255,1190
34980519,-0.549,6.402,-2.073,-0.140,-0.082,1.040,255,1190
34981639,-0.732,2.988,-0.671,-0.011,-0.030,0.790,255,1190
34982647,-1.037,-3.780,2.439,0.199,0.125,1.169,255,1190
34983639,-1.402,-4.146,2.500,0.175,0.099,1.073,255,1190
34984710,-1.585,-0.976,1.646,0.021,0.144,1.144,255,1190
34985641,-1.707,3.415,-0.061,-0.123,-0.011,1.135,255,1200
34986553,-1.646,7.073,-1.341,-0.189,-0.019,0.998,255,1200
34987639,-0.732,6.951,-1.646,-0.161,-0.120,0.817,255,1200
34988639,-1.098,4.512,-0.854,-0.082,0.007,1.030,255,1200
34989639,-0.976,-3.293,2.195,0.173,0.176,1.059,255,1200
34990377,-0.976,-3.293,2.195,0.173,0.176,1.059,255,1200
34991640,-1.707,-2.012,1.890,0.025,0.177,1.139,255,1200
34992383,-1.524,2.317,0.000,-0.100,-0.039,1.181,255,1200
34993640,-1.585,6.098,-1.220,-0.225,0.036,0.898,255,1200
34994386,-1.098,7.073,-1.280,-0.142,-0.122,0.966,255,1200
34995639,-0.671,1.341,-0.122,0.108,-0.096,1.048,255,1200
34996515,-0.549,-2.439,1.280,0.131,0.199,1.035,255,1200
34997639,-0.549,-4.207,2.561,0.294,0.057,1.060,255,1200
34998377,-1.402,-2.927,2.317,0.064,0.171,1.256,255,1200
34999640,-1.646,0.854,0.854,-0.065,-0.040,1.112,255,1200
35000377,-1.585,5.122,-0.610,-0.233,0.068,1.027,255,1200
35001640,-1.037,7.439,-1.098,-0.133,-0.109,0.841,255,1200
35002511,-0.305,5.610,-1.463,-0.134,-0.011,1.047,255,1200
35003639,-0.488,-1.707,1.159,0.185,0.113,1.053,255,1200
35004502,-0.915,-3.780,2.500,0.246,0.151,1.142,255,1200
35005639,-1.463,-3.598,2.134,0.168,0.090,1.150,255,1200
35006381,-1.768,0.305,1.402,-0.098,0.066,1.151,255,1200
35007640,-1.220,4.390,-0.244,-0.129,-0.006,1.028,255,1200
35008501,-1.646,7.378,-1.159,-0.278,0.002,1.021,255,1200
35009639,-0.793,3.598,-0.793,-0.047,0.008,1.092,255,1200
35010379,-0.793,3.598,-0.793,-0.047,0.008,1.092,255,1200
35011639,-0.732,-3.476,2.500,0.207,0.225,1.113,255,1200
35012371,-0.854,-4.024,2.561,0.249,0.041,1.140,255,1200
35013640,-1.707,-0.915,1.646,-0.014,0.150,1.195,255,1200
35014378,-1.829,3.232,0.183,-0.163,-0.063,1.076,255,1200
35015640,-1.524,6.585,-1.098,-0.250,0.063,0.915,255,1200
35016377,-0.854,6.646,-1.402,-0.172,-0.173,0.984,255,1200
35017640,-0.183,0.305,0.549,0.155,-0.080,1.053,255,1200
35018505,-0.427,-2.988,2.073,0.192,0.210,0.977,255,1200
35019639,-1.098,-3.476,2.683,0.267,0.028,1.144,255,1200
35020376,-1.707,-1.402,2.012,0.029,0.166,1.218,255,1200
35021640,-1.890,2.378,0.366,-0.158,-0.006,1.065,255,1200
35022376,-1.524,5.732,-0.976,-0.236,-0.020,0.987,255,1200
35023640,-0.244,4.451,-1.159,-0.045,-0.052,0.992,255,1200
35024621,-0.610,0.976,0.305,0.069,0.073,0.897,255,1200
35025639,-0.305,-2.195,1.768,0.292,0.013,1.030,255,1200
35026376,-0.854,-3.171,2.927,0.246,0.229,1.216,255,1200
35027639,-1.220,-2.073,2.012,0.133,0.005,1.123,255,1200
35028377,-1.707,1.951,0.732,-0.178,0.122,1.119,255,1200
35029640,-1.463,6.585,-0.671,-0.273,0.024,0.988,255,1200
35030382,-1.463,6.585,-0.671,-0.273,0.024,0.988,255,1200
35031639,-0.427,1.646,-0.122,0.035,0.053,1.044,255,1200
35032376,-0.366,-2.134,1.341,0.282,0.031,0.997,255,1200
35033640,-0.732,-3.598,2.439,0.205,0.199,1.069,255,1200
35034684,-1.037,-2.561,2.134,0.222,0.030,1.168,255,1200
35035641,-1.707,0.793,1.159,-0.138,0.085,1.152,255,1209
35036434,-1.707,4.268,-0.244,-0.240,-0.061,1.076,255,1209
35037639,-1.037,5.671,-0.976,-0.160,-0.096,0.910,255,1209
35038631,-0.488,2.317,-0.366,0.063,0.002,1.017,255,1209
35039639,-0.427,-1.220,1.159,0.179,0.064,1.019,255,1209
35040377,-0.427,-3.171,2.378,0.332,0.149,1.081,255,1209
35041640,-1.402,-2.317,2.195,0.189,0.104,1.083,255,1209
35042379,-1.707,0.183,1.098,-0.021,0.011,1.206,255,1209
35043640,-1.707,6.037,-1.037,-0.255,-0.075,0.972,255,1209
35044507,-1.524,6.341,-1.098,-0.243,-0.024,0.945,255,1209
35045639,-0.488,3.049,-0.793,0.042,-0.070,0.942,255,1209
35046503,-0.549,-0.976,0.915,0.202,0.104,1.055,255,1209
35047639,-0.610,-2.988,1.646,0.271,0.077,0.986,255,1209
35048379,-1.524,-2.439,2.012,0.265,0.130,1.209,255,1209
35049640,-1.768,-0.671,1.159,-0.037,0.032,1.050,255,1209
35050383,-2.012,2.988,0.366,-0.170,0.047,1.123,255,1209
35051639,-1.098,5.915,-1.159,-0.230,-0.059,0.956,255,1209
35052509,-0.610,2.927,-0.854,-0.022,-0.035,0.983,255,1209
35053639,-0.183,-0.244,0.427,0.202,0.054,0.912,255,1209
35054493,-0.488,-2.378,1.402,0.281,0.097,1.151,255,1209
35055639,-0.915,-2.866,2.012,0.286,0.115,1.078,255,1209
35056376,-1.646,-0.610,1.463,0.045,0.062,1.149,255,1209
35057640,-1.890,5.488,-0.488,-0.298,-0.031,1.085,255,1209
35058577,-1.402,5.793,-0.915,-0.316,-0.051,0.968,255,1209
35059640,-0.549,3.841,-0.549,-0.008,-0.004,0.828,255,1209
35060669,-0.305,0.915,0.183,0.164,0.028,1.125,255,1209
35061639,-0.183,-1.768,1.280,0.257,0.097,0.985,255,1209
35062375,-0.915,-2.683,1.768,0.262,0.097,1.143,255,1209
35063639,-1.707,2.012,0.915,-0.186,-0.003,1.170,255,1209
35064380,-1.707,2.012,0.915,-0.186,-0.003,1.170,255,1209
35065639,-1.402,5.671,-1.037,-0.330,-0.064,0.915,255,1209
35066507,-0.610,4.085,-0.610,-0.045,0.025,0.952,255,1209
35067639,0.122,1.037,0.061,0.138,-0.004,0.982,255,1209
35068375,-0.183,-1.463,1.037,0.237,0.050,1.050,255,1209
35069640,-0.610,-2.561,1.768,0.305,0.118,1.088,255,1209
35070376,-1.402,-1.463,1.707,0.210,0.107,1.079,255,1209
35071640,-1.707,4.146,-0.549,-0.303,-0.060,1.078,255,1209
35072507,-1.159,5.000,-0.854,-0.330,-0.001,0.941,255,1209
35073639,-0.854,4.146,-0.549,-0.104,-0.028,0.953,255,1209
35074621,-0.366,1.585,0.000,0.087,0.043,1.003,255,1209
35075639,-0.244,-1.402,0.610,0.254,0.031,1.059,255,1209
35076385,-0.854,-2.439,1.463,0.305,0.160,1.006,255,1209
35077639,-2.134,1.402,0.793,-0.142,0.052,1.069,255,1209
35078381,-2.134,1.402,0.793,-0.142,0.052,1.069,255,1209
35079640,-1.402,5.183,-0.549,-0.350,0.021,1.031,255,1209
35080380,-0.854,4.695,-0.427,-0.172,-0.076,0.984,255,1209
35081640,-0.366,1.646,-0.549,0.099,0.057,1.028,255,1209
35082501,-0.122,-0.793,0.366,0.214,0.030,0.902,255,1209
35083640,-0.610,-2.012,1.159,0.337,0.157,1.120,255,1209
35084701,-2.012,0.976,1.098,-0.069,0.060,1.054,255,1209
35085641,-2.439,3.598,0.122,-0.294,-0.034,1.069,255,1219
35086435,-2.012,4.817,-0.183,-0.297,-0.004,1.043,255,1219
35087639,-1.402,4.268,-0.671,-0.264,-0.059,1.019,255,1219
35088632,-0.427,2.012,-0.366,0.082,0.005,0.841,255,1219
35089639,-0.122,-0.549,0.366,0.230,0.091,1.136,255,1219
35090377,0.061,-2.073,1.098,0.345,0.081,1.009,255,1219
35091640,-1.707,0.915,1.159,-0.010,0.007,1.065,255,1219
35092369,-1.707,0.915,1.159,-0.010,0.007,1.065,255,1219
35093639,-1.768,4.512,-0.122,-0.344,-0.062,1.072,255,1219
35094583,-0.915,4.146,-0.732,-0.279,-0.019,0.915,255,1219
35095640,-0.610,2.561,-0.366,0.007,-0.009,0.952,255,1219
35096545,0.122,0.061,0.427,0.256,0.106,1.039,255,1219
35097639,-0.793,-1.159,1.646,0.279,0.073,1.065,255,1219
35098386,-0.793,-1.159,1.646,0.279,0.073,1.065,255,1219
35099639,-2.256,2.561,0.671,-0.154,0.011,1.132,255,1219
35100377,-2.073,4.573,0.000,-0.368,-0.046,1.035,255,1219
35101640,-1.341,3.963,-0.671,-0.293,-0.050,0.949,255,1219
35102523,-0.854,2.317,-0.122,-0.035,0.051,1.041,255,1219
35103639,0.366,0.061,0.244,0.243,0.070,0.982,255,1219
35104370,0.244,-1.098,0.915,0.299,0.074,1.091,255,1219
35105640,-1.463,0.732,1.159,0.059,0.104,1.053,255,1219
35106366,-2.012,2.561,0.427,-0.172,-0.012,1.080,255,1219
35107640,-1.951,3.780,-0.366,-0.332,-0.029,1.072,255,1219
35108506,-1.220,3.720,-0.732,-0.342,-0.056,1.021,255,1219
35109639,-0.732,2.683,0.000,-0.031,0.058,0.964,255,1219
35110503,0.000,0.610,0.427,0.212,0.067,1.105,255,1219
35111639,-0.854,-0.854,0.976,0.262,0.036,0.994,255,1219
35112357,-0.854,-0.854,0.976,0.262,0.036,0.994,255,1219
35113640,-1.951,2.195,0.732,-0.132,-0.011,1.049,255,1219
35114369,-2.012,3.476,-0.305,-0.335,-0.013,1.079,255,1219
35115639,-1.768,3.780,-0.366,-0.343,-0.042,1.064,255,1219
35116630,-1.159,2.134,-0.305,-0.054,0.021,1.000,255,1219
35117639,-0.488,0.732,0.244,0.166,0.094,1.015,255,1219
35118376,-0.305,-0.549,0.244,0.302,0.005,0.979,255,1219
35119639,-1.463,0.549,1.037,0.116,0.003,1.032,255,1219
35120369,-2.256,2.378,0.915,-0.163,0.060,1.003,255,1219
35121639,-2.134,3.049,0.366,-0.250,-0.095,1.096,255,1219
35122381,-1.829,3.293,-0.244,-0.381,0.047,1.103,255,1219
35123640,-0.976,1.890,-0.122,-0.108,-0.016,1.016,255,1219
35124504,-0.305,0.854,0.488,0.178,0.103,0.903,255,1219
35125639,-0.732,-0.305,0.976,0.290,0.086,1.083,255,1219
35126375,-0.732,-0.305,0.976,0.290,0.086,1.083,255,1219
35127640,-2.134,2.256,0.671,-0.131,-0.022,1.076,255,1219
35128374,-2.256,3.110,0.549,-0.286,0.017,1.059,255,1219
35129640,-1.707,2.622,0.000,-0.303,-0.036,1.099,255,1219
35130378,-0.732,1.768,-0.305,-0.200,0.039,0.959,255,1219
35131639,-0.183,0.244,0.488,0.290,0.142,1.080,255,1219
35132404,-0.183,0.244,0.488,0.290,0.142,1.080,255,1219
35133639,-1.402,1.159,0.427,0.068,0.051,1.082,255,1219
35134701,-1.951,2.439,0.305,-0.085,-0.024,1.012,255,1219
35135641,-2.195,3.293,0.244,-0.250,0.041,1.163,255,1229
35136434,-1.646,2.866,0.305,-0.328,-0.014,0.984,255,1229
35137639,-0.976,1.524,-0.122,-0.198,0.000,1.012,255,1229
35138388,-0.427,0.854,0.061,0.137,0.062,1.040,255,1229
35139639,-0.305,0.488,0.610,0.297,0.031,0.977,255,1229
35140370,-1.098,1.280,0.549,0.107,0.007,1.085,255,1229
35141640,-1.707,2.683,0.427,-0.095,0.019,0.994,255,1229
35142364,-2.134,2.744,0.793,-0.205,-0.008,1.089,255,1229
35143639,-1.707,1.951,0.610,-0.337,0.016,1.078,255,1229
35144380,-1.159,1.037,0.122,-0.165,-0.033,1.052,255,1229
35145640,0.061,0.671,0.610,0.294,0.094,1.007,255,1229
35146356,0.061,0.671,0.610,0.294,0.094,1.007,255,1229
35147639,-1.098,1.341,0.122,0.083,-0.006,0.962,255,1229
35148372,-1.707,2.744,0.061,-0.044,0.042,1.027,255,1229
35149640,-1.951,3.049,0.732,-0.212,-0.033,1.010,255,1229
35150377,-1.463,1.524,0.366,-0.325,0.015,1.158,255,1229
35151640,-0.915,0.915,0.244,-0.207,-0.009,1.087,255,1229
35152380,-0.183,0.427,0.122,0.124,0.081,0.953,255,1229
35153640,-0.183,0.671,0.244,0.305,-0.031,1.023,255,1229
35154371,-1.159,2.256,0.244,0.084,0.042,0.991,255,1229
35155640,-1.524,2.744,0.183,-0.008,-0.005,1.045,255,1229
35156372,-2.439,2.622,1.037,-0.223,0.032,1.029,255,1229
35157639,-1.890,1.280,0.549,-0.301,-0.052,1.093,255,1229
35158383,-1.098,0.976,0.488,-0.201,0.079,1.113,255,1229
35159639,-0.183,0.427,0.549,0.273,0.139,1.072,255,1229
35160369,-0.183,0.427,0.549,0.273,0.139,1.072,255,1229
35161640,-0.793,2.561,-0.061,0.137,0.045,1.094,255,1229
35162377,-1.463,2.805,0.366,-0.062,-0.023,0.984,255,1229
35163640,-1.890,2.439,0.671,-0.150,-0.001,1.017,255,1229
35164436,-2.012,1.280,0.732,-0.334,-0.010,1.068,255,1229
35165640,-1.159,-0.183,0.854,0.006,0.122,1.015,255,1229
35166409,-1.159,-0.183,0.854,0.006,0.122,1.015,255,1229
35167639,-0.549,1.951,0.122,0.206,0.098,1.100,255,1229
35168377,-1.037,2.195,-0.488,0.217,-0.074,1.018,255,1229
35169640,-1.646,3.293,0.305,-0.115,0.061,0.975,255,1229
35170382,-1.768,2.500,0.732,-0.173,-0.097,0.974,255,1229
35171640,-2.073,1.585,0.671,-0.286,0.087,1.196,255,1229
35172377,-1.098,-0.122,0.610,-0.182,-0.062,1.083,255,1229
35173640,-0.122,0.366,0.671,0.264,0.016,0.922,255,1229
35174504,-0.183,1.829,-0.244,0.302,0.133,1.157,255,1229
35175639,-0.671,2.500,-0.488,0.106,-0.098,0.938,255,1229
35176377,-1.524,2.927,-0.183,-0.060,0.022,0.952,255,1229
35177639,-2.073,2.622,0.732,-0.152,-0.029,1.049,255,1229
35178382,-1.524,0.915,1.037,-0.241,0.052,1.177,255,1229
35179640,-0.488,-0.976,0.793,0.077,0.063,0.936,255,1229
35180374,-0.488,-0.976,0.793,0.077,0.063,0.936,255,1229
35181640,0.122,1.768,0.366,0.340,-0.045,1.122,255,1229
35182377,-0.854,3.354,-0.244,0.051,0.064,0.921,255,1229
35183639,-1.524,3.293,-0.061,-0.024,-0.127,0.936,255,1229
35184725,-2.195,2.866,0.488,-0.143,0.105,1.068,255,1229
35185507,-1.768,0.793,1.402,-0.250,-0.098,1.167,255,1239
35186638,-0.549,-0.732,0.854,0.008,0.004,0.991,255,1239
35187372,-0.549,-0.732,0.854,0.008,0.004,0.991,255,1239
35188639,-0.244,2.073,0.061,0.220,-0.022,1.091,255,1239
35189354,-0.671,2.988,-0.793,0.126,-0.024,0.911,255,1239
35190638,-1.524,3.963,-0.305,-0.089,-0.023,0.960,255,1239
35191503,-1.646,2.378,0.610,-0.078,-0.000,1.018,255,1239
35192638,-2.256,0.915,0.915,-0.262,0.031,1.195,255,1239
35193371,-1.159,-0.732,0.549,-0.174,0.019,1.035,255,1239
35194638,0.061,0.183,0.488,0.252,0.062,1.062,255,1239
35195375,0.000,2.378,-0.122,0.243,0.094,1.013,255,1239
35196639,-0.610,3.659,-0.915,0.121,-0.104,0.942,255,1239
35197373,-1.280,4.085,-0.610,-0.074,0.020,0.990,255,1239
35198639,-1.463,2.500,0.732,-0.135,-0.061,0.991,255,1239
35199388,-1.646,0.549,1.585,-0.212,0.072,1.119,255,1239
35200638,-0.732,-1.159,0.915,0.014,0.123,1.137,255,1239
35201373,-0.732,-1.159,0.915,0.014,0.123,1.137,255,1239
35202638,-0.122,1.951,0.122,0.286,0.049,0.913,255,1239
35203376,-0.976,4.024,-0.671,0.066,-0.035,1.010,255,1239
35204639,-1.463,4.024,-0.488,-0.041,-0.083,0.953,255,1239
35205501,-2.012,2.988,0.854,-0.151,0.034,1.007,255,1239
35206638,-1.524,-0.915,1.220,-0.196,0.090,1.140,255,1239
35207378,-1.524,-0.915,1.220,-0.196,0.090,1.140,255,1239
35208638,-0.793,0.793,0.366,0.146,0.188,1.053,255,1239
35209372,-0.488,2.500,0.122,0.248,-0.004,1.010,255,1239
35210639,-0.976,3.659,-0.610,0.102,0.033,0.987,255,1239
35211377,-1.280,4.085,-0.854,-0.084,-0.133,0.911,255,1239
35212639,-1.707,2.805,0.427,-0.138,0.065,0.948,255,1239
35213496,-1.707,0.244,1.402,-0.171,-0.015,1.095,255,1239
35214638,-1.220,-1.646,0.915,-0.028,0.055,1.096,255,1239
35215374,-0.793,0.488,0.366,0.198,0.111,1.042,255,1239
35216638,-0.549,2.683,0.183,0.235,0.051,1.030,255,1239
35217367,-0.732,3.963,-0.549,0.088,-0.064,0.980,255,1239
35218638,-1.159,4.695,-0.549,-0.104,-0.031,0.926,255,1239
35219501,-1.585,2.988,0.305,-0.114,-0.040,0.939,255,1239
35220638,-1.341,-1.585,1.341,-0.158,0.024,1.157,255,1239
35221373,-1.341,-1.585,1.341,-0.158,0.024,1.157,255,1239
35222639,-0.671,0.793,0.366,0.130,0.112,0.984,255,1239
35223371,-0.671,2.866,-0.183,0.245,0.086,1.045,255,1239
35224639,-0.793,4.268,-0.610,0.069,-0.092,0.979,255,1239
35225371,-0.976,4.085,-0.976,-0.075,-0.057,0.886,255,1239
35226639,-1.707,2.683,0.488,-0.124,-0.004,0.971,255,1239
35227497,-1.524,-0.061,1.402,-0.098,0.023,1.108,255,1239
35228638,-1.280,-1.707,0.854,0.035,0.080,1.123,255,1239
35229372,-0.549,0.671,0.610,0.122,0.131,1.006,255,1239
35230638,-0.366,2.927,0.183,0.228,0.035,1.031,255,1239
35231370,-0.915,4.268,-0.854,0.036,-0.061,0.968,255,1239
35232664,-0.976,4.207,-0.915,-0.053,-0.042,0.852,255,1239
35233725,-1.098,-0.183,1.585,-0.145,0.042,1.066,255,1239
35234512,-1.098,-0.183,1.585,-0.145,0.042,1.066,255,1248
35235638,-0.915,-1.646,1.037,0.001,0.097,1.133,255,1248
35236432,-0.732,0.549,0.793,0.120,0.082,1.030,255,1248
35237639,-0.671,3.171,-0.122,0.162,0.036,1.023,255,1248
35238398,-0.732,4.695,-0.854,0.069,-0.093,0.914,255,1248
35239638,-1.159,4.573,-0.610,-0.079,-0.014,0.928,255,1248
35240502,-1.402,2.195,0.610,-0.057,-0.044,1.065,255,1248
35241638,-1.402,-2.195,1.585,-0.068,0.046,1.138,255,1248
35242379,-1.280,-1.159,1.037,0.011,0.141,1.128,255,1248
35243638,-1.220,0.915,0.427,0.087,0.040,0.993,255,1248
35244370,-0.732,3.415,-0.427,0.129,0.083,1.049,255,1248
35245638,-0.549,4.817,-0.976,0.063,-0.072,0.896,255,1248
35246371,-1.098,4.512,-0.549,-0.066,-0.035,0.923,255,1248
35247639,-1.646,-0.793,1.646,-0.069,0.066,1.068,255,1248
35248497,-1.341,-2.195,1.707,-0.043,0.085,1.158,255,1248
35249638,-0.976,-1.402,1.037,-0.015,0.079,1.061,255,1248
35250373,-0.732,1.402,0.183,0.071,0.067,1.054,255,1248
35251639,-0.366,3.780,-0.488,0.128,0.062,0.991,255,1248
35252370,-0.671,4.878,-0.671,0.067,-0.026,0.952,255,1248
35253638,-1.159,4.512,-0.549,-0.105,-0.080,0.959,255,1248
35254506,-1.098,1.951,0.183,-0.081,-0.013,1.062,255,1248
35255638,-1.341,-2.439,1.646,0.000,0.100,1.142,255,1248
35256422,-1.341,-1.646,1.098,-0.035,0.093,1.140,255,1248
35257639,-0.793,1.037,0.305,0.070,0.035,1.028,255,1248
35258418,-0.610,4.146,-0.427,0.100,0.078,0.996,255,1248
35259638,-0.854,5.122,-0.793,0.073,-0.080,0.896,255,1248
35260377,-1.524,4.268,-0.732,-0.137,-0.040,0.938,255,1248
35261639,-1.341,-0.976,1.524,-0.014,0.103,1.093,255,1248
35262504,-1.220,-2.134,2.073,-0.037,0.084,1.138,255,1248
35263638,-0.976,-1.159,1.220,-0.019,0.078,1.173,255,1248
35264373,-0.976,1.524,0.488,0.042,0.092,1.054,255,1248
35265639,-0.732,3.841,-0.305,0.159,0.024,0.980,255,1248
35266375,-0.854,5.244,-0.793,-0.026,-0.042,0.890,255,1248
35267639,-1.159,1.220,0.427,-0.012,0.045,1.088,255,1248
35268497,-1.159,1.220,0.427,-0.012,0.045,1.088,255,1248
35269638,-1.585,-2.073,1.646,-0.051,0.095,1.151,255,1248
35270376,-0.976,-0.671,1.159,-0.020,0.066,1.110,255,1248
35271639,-1.220,2.195,0.366,0.051,0.100,1.014,255,1248
35272376,-1.037,4.329,0.000,0.086,-0.014,1.054,255,1248
35273638,-0.976,4.634,-1.098,-0.038,-0.039,0.872,255,1248
35274496,-0.976,3.963,-0.427,-0.064,-0.057,0.947,255,1248
35275638,-1.402,-1.341,1.890,-0.023,0.055,1.149,255,1248
35276508,-1.159,-2.744,1.402,-0.017,0.072,1.141,255,1248
35277638,-1.098,-0.793,0.915,0.003,0.108,1.158,255,1248
35278376,-0.976,2.012,0.183,0.030,0.043,0.962,255,1248
35279639,-0.976,4.817,-0.549,0.052,0.035,1.021,255,1248
35280371,-0.976,4.939,-1.098,-0.024,-0.113,0.847,255,1248
35281639,-1.341,0.610,1.098,-0.009,0.003,1.062,255,1248
35282499,-1.463,-1.829,1.707,0.003,0.079,1.149,255,1248
35283638,-1.280,-2.012,1.768,-0.020,0.110,1.125,255,1248
35284698,-0.976,-0.366,1.220,-0.008,0.067,1.137,255,1248
35285639,-1.220,2.439,0.061,-0.036,0.060,0.944,255,1258
35286423,-1.159,4.451,-0.793,0.054,-0.027,1.079,255,1258
35287639,-0.854,5.000,-0.854,-0.021,0.002,0.838,255,1258
35288380,-1.037,2.866,0.000,-0.009,-0.092,0.927,255,1258
35289639,-1.341,-2.256,1.890,0.019,0.015,1.140,255,1258
35290377,-1.037,-2.012,1.890,0.018,0.164,1.128,255,1258
35291640,-0.671,0.000,1.098,-0.023,0.017,1.113,255,1258
35292380,-0.854,3.293,-0.488,-0.033,0.048,0.980,255,1258
35293639,-0.671,5.061,-0.854,0.017,0.003,1.005,255,1258
35294378,-0.488,4.695,-0.976,-0.001,-0.052,0.869,255,1258
35295640,-1.037,-0.366,0.854,0.075,0.017,1.098,255,1258
35296504,-1.280,-2.012,2.073,0.003,0.121,1.136,255,1258
35297639,-1.280,-2.134,1.524,0.003,0.070,1.153,255,1258
35298379,-1.402,0.305,0.610,-0.052,0.057,1.095,255,1258
35299640,-1.463,3.232,0.000,-0.058,0.063,0.940,255,1258
35300373,-1.220,4.939,-0.427,0.082,-0.017,1.035,255,1258
35301640,-1.159,2.073,-0.366,0.042,-0.059,0.949,255,1258
35302382,-1.159,2.073,-0.366,0.042,-0.059,0.949,255,1258
35303639,-1.098,-2.317,1.829,0.097,0.057,1.121,255,1258
35304385,-1.341,-1.463,1.646,-0.063,0.117,1.188,255,1258
35305640,-1.098,1.098,0.366,-0.048,-0.030,1.062,255,1258
35306444,-1.280,4.268,0.000,-0.062,0.145,0.938,255,1258
35307640,-0.915,4.939,-0.183,0.060,-0.068,1.030,255,1258
35308424,-0.915,4.207,-1.037,-0.065,-0.029,0.897,255,1258
35309639,-1.037,-0.488,1.585,0.134,0.153,1.134,255,1258
35310513,-1.463,-2.256,2.256,0.050,0.045,1.186,255,1258
35311639,-1.646,-1.646,1.585,-0.065,0.075,1.182,255,1258
35312384,-1.220,1.524,0.244,-0.126,0.030,1.003,255,1258
35313639,-1.402,4.329,-0.366,0.025,0.075,0.966,255,1258
35314379,-1.159,5.183,-0.488,-0.023,-0.003,0.970,255,1258
35315640,-0.793,1.159,0.183,0.046,0.028,0.948,255,1258
35316497,-0.915,-1.098,1.646,0.152,0.093,1.065,255,1258
35317639,-1.463,-1.890,2.073,0.040,0.073,1.221,255,1258
35318386,-1.341,-0.915,1.341,-0.081,0.035,1.114,255,1258
35319639,-1.280,2.134,-0.061,-0.115,0.060,1.064,255,1258
35320380,-1.341,4.390,-0.244,-0.036,0.051,0.998,255,1258
35321640,-0.549,4.634,-0.854,0.001,-0.067,0.943,255,1258
35322383,-0.366,3.415,-0.976,-0.039,0.011,0.884,255,1258
35323640,-0.732,-1.463,1.768,0.115,0.165,1.144,255,1258
35324380,-1.220,-2.195,1.768,0.042,-0.022,1.150,255,1258
35325640,-1.280,-0.427,0.976,-0.130,0.138,1.168,255,1258
35326385,-1.220,2.256,0.183,-0.122,-0.038,0.969,255,1258
35327640,-1.463,4.573,-0.671,-0.042,0.079,0.993,255,1258
35328379,-0.915,4.268,-0.854,-0.037,-0.093,0.918,255,1258
35329640,-0.732,0.183,0.854,0.119,0.010,1.048,255,1258
35330507,-0.793,-1.951,1.829,0.168,0.051,0.996,255,1258
35331639,-1.463,-1.341,1.890,0.020,0.127,1.253,255,1258
35332380,-1.707,0.244,0.793,-0.101,-0.016,1.101,255,1258
35333640,-1.524,3.049,0.061,-0.210,0.068,1.003,255,1258
35334707,-1.280,4.756,-0.305,-0.011,-0.017,0.956,255,1258
35335641,-0.610,2.256,-0.366,0.023,-0.044,0.955,255,1268
35336561,-0.366,-0.488,0.671,0.162,0.028,1.055,255,1268
35337639,-0.915,-1.829,1.951,0.121,0.129,1.063,255,1268
35338389,-1.402,-1.646,1.829,0.087,0.018,1.196,255,1268
35339639,-1.463,1.098,0.793,-0.238,0.119,1.130,255,1268
35340376,-1.220,3.049,-0.244,-0.125,-0.093,0.942,255,1268
35341640,-1.220,5.000,-0.305,-0.067,0.140,0.961,255,1268
35342512,-0.366,3.902,-0.549,0.015,-0.134,0.992,255,1268
35343639,-0.488,-0.610,1.037,0.144,-0.042,1.008,255,1268
35344377,-0.854,-1.646,1.768,0.188,0.157,1.101,255,1268
35345640,-1.220,-0.976,2.012,-0.029,0.031,1.179,255,1268
35346377,-1.220,1.646,0.366,-0.162,0.024,1.156,255,1268
35347639,-1.280,3.963,-0.122,-0.236,0.039,0.909,255,1268
35348383,-0.854,4.695,-0.427,0.021,0.015,0.923,255,1268
35349639,-0.732,1.037,0.183,0.146,-0.064,0.961,255,1268
35350374,-0.732,1.037,0.183,0.146,-0.064,0.961,255,1268
35351640,-0.976,-1.951,2.073,0.188,0.011,1.101,255,1268
35352381,-1.402,-0.854,1.159,-0.071,0.136,1.185,255,1268
35353640,-1.768,1.829,0.061,-0.190,-0.070,1.111,255,1268
35354382,-1.585,4.268,-0.549,-0.178,0.059,0.989,255,1268
35355639,-0.671,4.756,0.000,-0.062,0.008,0.889,255,1268
35356452,-0.366,2.805,-0.427,0.079,-0.070,1.059,255,1268
35357640,-0.305,-1.402,0.915,0.228,0.017,1.039,255,1268
35358426,-1.402,-1.280,1.829,0.128,0.155,1.093,255,1268
35359639,-1.463,-0.366,0.854,-0.100,-0.019,1.149,255,1268
35360514,-1.585,2.683,-0.244,-0.267,0.085,1.067,255,1268
35361639,-1.402,4.207,-0.488,-0.157,-0.073,1.035,255,1268
35362509,-0.976,4.695,-0.671,-0.036,0.093,0.921,255,1268
35363639,-0.732,0.061,0.366,0.174,0.101,0.969,255,1268
35364372,-0.732,0.061,0.366,0.174,0.101,0.969,255,1268
35365640,-1.829,-1.463,2.073,0.156,0.051,1.058,255,1268
35366368,-2.195,0.488,1.098,-0.200,0.058,1.135,255,1268
35367639,-1.707,2.744,-0.183,-0.238,-0.041,1.045,255,1268
35368514,-1.341,4.634,0.000,-0.178,0.091,1.009,255,1268
35369639,-0.366,1.951,-0.061,0.058,0.063,0.941,255,1268
35370372,-0.366,1.951,-0.061,0.058,0.063,0.941,255,1268
35371640,-0.671,-1.220,1.524,0.249,0.130,1.145,255,1268
35372385,-1.646,-0.610,2.073,0.053,0.026,1.090,255,1268
35373640,-1.890,1.585,0.610,-0.206,0.024,1.156,255,1268
35374380,-1.951,3.659,-0.183,-0.303,0.015,1.019,255,1268
35375640,-1.341,4.451,-0.610,-0.089,-0.018,0.973,255,1268
35376511,-0.732,3.598,-0.244,-0.017,0.076,0.991,255,1268
35377639,-0.305,-0.061,0.610,0.156,0.161,1.017,255,1268
35378372,-0.305,-0.061,0.610,0.267,-0.016,1.051,255,1268
35379639,-1.951,-0.305,1.829,-0.011,0.142,1.190,255,1268
35380386,-2.012,1.524,0.793,-0.279,-0.089,1.092,255,1268
35381639,-1.707,3.902,-0.427,-0.271,0.048,1.022,255,1268
35382380,-1.341,4.268,-0.427,-0.135,0.019,0.976,255,1268
35383639,-0.610,0.366,0.061,0.177,0.007,1.025,255,1268
35384696,-0.549,-0.976,0.854,0.248,0.045,1.023,255,1268
35385641,-1.463,-0.793,1.829,0.187,0.106,1.071,255,1278
35386435,-2.256,0.671,1.463,-0.080,-0.015,1.182,255,1278
35387639,-2.012,2.744,0.244,-0.295,0.015,1.083,255,1278
35388385,-1.707,3.537,-0.183,-0.238,-0.029,0.943,255,1278
35389639,-0.915,4.207,-0.244,-0.091,0.052,1.004,255,1278
35390507,-0.427,2.256,-0.244,0.063,0.018,0.975,255,1278
35391639,-0.549,-0.976,1.159,0.220,0.116,0.983,255,1278
35392371,-1.402,-0.732,1.524,0.146,-0.005,1.090,255,1278
35393640,-2.195,1.585,1.098,-0.140,0.094,1.183,255,1278
35394381,-2.256,3.171,0.000,-0.277,-0.087,1.079,255,1278
35395640,-1.768,4.390,-0.061,-0.279,0.089,0.953,255,1278
35396377,-0.793,3.476,-0.488,-0.077,-0.042,0.942,255,1278
35397639,-0.366,-0.427,0.793,0.247,0.061,0.998,255,1278
35398507,-0.549,-0.915,1.402,0.243,0.047,1.024,255,1278
35399639,-1.707,-0.061,1.463,0.063,0.075,1.119,255,1278
35400365,-2.134,1.524,0.427,-0.163,-0.013,1.094,255,1278
35401640,-2.134,3.720,0.000,-0.319,0.043,1.123,255,1278
35402377,-1.463,3.841,-0.488,-0.270,-0.051,0.984,255,1278
35403640,-0.549,2.988,-0.427,0.208,0.051,1.031,255,1278
35404507,-0.366,0.671,0.244,0.208,0.051,1.031,255,1278
35405639,-0.915,-0.610,1.463,0.143,0.059,1.027,255,1278
35406375,-1.951,0.610,1.098,0.101,-0.027,1.088,255,1278
35407640,-2.378,2.561,0.793,-0.300,0.092,1.065,255,1278
35408374,-1.768,3.476,-0.061,-0.272,-0.111,1.092,255,1278
35409640,-0.976,3.720,-0.366,-0.282,0.087,0.990,255,1278
35410504,-0.549,2.317,-0.427,0.139,-0.016,1.020,255,1278
35411639,0.000,-0.671,0.549,0.274,0.000,0.990,255,1278
35412354,0.000,-0.671,0.549,0.274,0.000,0.990,255,1278
35413639,-1.951,1.402,1.037,-0.054,0.009,1.062,255,1278
35414427,-2.317,2.988,0.244,-0.279,0.026,1.085,255,1278
35415640,-1.829,3.902,-0.244,-0.346,-0.042,1.097,255,1278
35416553,-1.159,2.988,-0.610,-0.131,0.022,0.945,255,1278
35417639,-0.122,-0.244,0.610,0.265,0.041,1.036,255,1278
35418383,-0.122,-0.244,0.610,0.265,0.041,1.036,255,1278
35419640,-1.098,0.305,1.037,0.175,0.069,1.062,255,1278
35420422,-1.829,2.073,1.098,-0.150,-0.008,1.062,255,1278
35421640,-1.768,3.415,0.183,-0.369,0.002,1.123,255,1278
35422440,-1.951,3.415,-0.366,-0.279,-0.058,1.066,255,1278
35423640,-0.976,2.927,-0.244,-0.085,0.089,0.947,255,1278
35424521,-0.366,0.793,0.366,0.218,0.037,0.963,255,1278
35425639,-0.610,-0.427,0.793,0.270,0.031,1.063,255,1278
35426381,-1.524,0.732,1.402,0.112,0.083,1.055,255,1278
35427639,-2.500,2.805,0.854,-0.228,-0.047,1.138,255,1278
35428374,-2.134,3.354,-0.305,-0.330,-0.065,1.021,255,1278
35429639,-1.524,3.110,-0.427,-0.280,0.038,0.992,255,1278
35430507,-0.610,1.890,0.000,0.008,0.038,1.002,255,1278
35431639,0.000,-0.488,0.671,0.319,0.051,0.961,255,1278
35432348,0.000,-0.488,0.671,0.319,0.051,0.961,255,1278
35433639,-1.585,1.585,1.159,-0.047,0.037,1.062,255,1278
35434692,-2.378,3.049,0.183,-0.258,-0.042,1.118,255,1278
35435641,-2.134,3.415,-0.122,-0.340,0.019,1.096,255,1288
35436431,-1.220,2.561,0.061,-0.224,0.006,0.976,255,1288
35437639,-0.244,1.159,0.183,0.325,0.053,1.145,255,1288
35438380,-0.061,-0.488,0.671,0.325,0.053,1.145,255,1288
35439640,-1.098,0.549,1.159,0.158,-0.022,1.003,255,1288
35440375,-1.890,2.195,0.610,-0.070,-0.004,1.038,255,1288
35441640,-2.561,3.171,0.305,-0.323,-0.032,1.074,255,1288
35442380,-2.012,3.049,-0.427,-0.295,-0.012,1.112,255,1288
35443640,-0.976,1.951,-0.244,-0.269,0.035,0.980,255,1288
35444509,0.000,0.305,0.000,0.238,0.044,0.990,255,1288
35445639,-0.183,-0.366,1.037,0.300,0.000,1.038,255,1288
35446365,-0.183,-0.366,1.037,0.300,0.000,1.038,255,1288
35447640,-2.378,2.927,0.305,-0.126,-0.070,0.991,255,1288
35448385,-2.622,3.598,0.244,-0.319,0.035,1.096,255,1288
35449639,-1.524,2.805,-0.488,-0.371,-0.023,1.065,255,1288
35450507,-0.244,1.402,-0.183,-0.065,0.021,1.006,255,1288
35451639,0.488,-0.854,1.098,0.383,0.044,1.010,255,1288
35452377,0.488,-0.854,1.098,0.383,0.044,1.010,255,1288
35453640,-2.012,2.195,0.427,0.092,-0.038,1.068,255,1288
35454374,-2.439,3.232,0.061,-0.215,0.022,1.032,255,1288
35455640,-2.317,3.293,0.244,-0.407,-0.048,1.095,255,1288
35456384,-1.829,2.317,-0.305,-0.292,0.004,1.067,255,1288
35457640,-0.732,0.976,0.427,0.042,0.105,0.990,255,1288
35458374,0.244,-0.671,1.098,0.381,0.097,1.027,255,1288
35459640,-0.671,1.159,0.610,0.213,-0.054,1.010,255,1288
35460367,-1.585,3.110,0.671,-0.057,0.105,1.042,255,1288
35461640,-2.378,3.720,0.549,-0.241,-0.100,1.104,255,1288
35462381,-1.951,3.049,-0.244,-0.434,0.019,1.152,255,1288
35463640,-0.854,1.280,-0.244,-0.210,-0.029,0.924,255,1288
35464512,-0.366,-0.122,0.671,0.227,0.162,0.966,255,1288
35465639,-0.549,0.305,0.732,0.292,0.035,1.065,255,1288
35466370,-0.549,0.305,0.732,0.292,0.035,1.065,255,1288
35467639,-2.134,3.293,0.549,-0.076,-0.034,0.991,255,1288
35468384,-2.439,3.537,0.122,-0.383,-0.004,1.095,255,1288
35469640,-1.707,2.317,-0.244,-0.355,-0.042,1.127,255,1288
35470511,-0.854,1.037,0.244,-0.088,0.057,1.022,255,1288
35471639,0.122,-0.305,0.854,0.364,0.069,1.014,255,1288
35472373,0.183,-0.610,0.793,0.364,0.069,1.014,255,1288
35473640,-1.524,2.744,0.610,0.072,-0.042,1.080,255,1288
35474382,-2.317,3.780,0.427,-0.251,0.014,0.998,255,1288
35475639,-2.378,2.988,0.122,-0.328,-0.078,1.058,255,1288
35476381,-1.280,2.073,-0.183,-0.354,0.078,1.124,255,1288
35477640,-0.183,-0.183,0.244,0.032,0.043,0.983,255,1288
35478377,0.366,-0.854,0.793,0.336,0.167,1.094,255,1288
35479640,-0.732,1.768,0.854,0.189,0.031,1.002,255,1288
35480365,-0.732,1.768,0.854,0.189,0.031,1.002,255,1288
35481639,-2.561,3.902,0.183,-0.261,-0.018,1.038,255,1288
35482381,-2.134,2.561,0.244,-0.379,-0.004,1.129,255,1288
35483640,-1.524,0.854,0.061,-0.228,0.026,1.076,255,1288
35484686,-0.427,0.000,0.427,0.117,0.096,1.025,255,1288
35485641,-0.183,0.488,0.488,0.338,0.001,1.025,255,1297
35486483,-0.183,0.488,0.488,0.338,0.001,1.025,255,1297
35487640,-2.500,4.085,0.305,-0.125,-0.087,1.004,255,1297
35488430,-2.683,3.780,0.366,-0.294,0.036,1.113,255,1297
35489640,-1.890,1.951,0.488,-0.359,-0.041,1.120,255,1297
35490406,-0.854,0.000,0.244,-0.163,0.078,1.017,255,1297
35491639,-0.122,-0.915,0.854,0.291,0.121,1.009,255,1297
35492379,0.305,-0.793,0.854,0.406,0.101,1.101,255,1297
35493640,-0.976,3.354,-0.183,0.011,-0.069,0.972,255,1297
35494378,-2.012,4.390,0.244,-0.163,0.009,1.027,255,1297
35495640,-2.195,2.866,0.549,-0.347,-0.019,1.106,255,1297
35496383,-1.585,1.037,-0.061,-0.329,0.014,1.102,255,1297
35497639,-0.671,-0.427,0.183,-0.033,0.089,1.083,255,1297
35498377,0.122,-0.854,0.793,0.402,0.138,1.044,255,1297
35499639,-1.037,2.256,0.366,0.224,-0.094,0.920,255,1297
35500381,-1.037,2.256,0.366,0.224,-0.094,0.920,255,1297
35501639,-2.500,3.963,0.610,-0.201,-0.116,0.981,255,1297
35502380,-2.012,2.317,0.366,-0.372,0.106,1.152,255,1297
35503639,-1.159,0.366,0.305,-0.210,-0.028,1.136,255,1297
35504380,0.305,-1.037,0.488,0.136,0.153,1.071,255,1297
35505640,0.549,-0.793,1.159,0.327,0.123,1.006,255,1297
35506377,0.000,0.671,0.427,0.378,-0.041,0.995,255,1297
35507640,-1.768,4.390,-0.427,-0.069,-0.153,0.941,255,1297
35508509,-2.256,3.780,0.305,-0.365,0.096,1.116,255,1297
35509639,-1.585,0.976,0.366,-0.277,-0.095,1.118,255,1297
35510379,-0.549,-0.671,0.122,-0.137,0.168,1.050,255,1297
35511640,0.183,-1.220,0.549,0.230,0.060,1.048,255,1297
35512380,0.122,0.000,0.732,0.378,0.160,1.098,255,1297
35513639,-1.585,3.659,-0.122,0.021,-0.020,0.934,255,1297
35514376,-1.585,3.659,-0.122,0.021,-0.020,0.934,255,1297
35515640,-2.073,2.439,0.183,-0.249,-0.028,1.111,255,1297
35516385,-1.341,0.610,0.183,-0.321,0.078,1.186,255,1297
35517639,-0.366,-0.854,0.549,0.034,0.047,1.030,255,1297
35518376,0.000,-0.854,0.732,0.304,0.187,1.018,255,1297
35519640,-0.854,2.744,-0.122,0.151,-0.031,1.003,255,1297
35520383,-0.854,2.744,-0.122,0.151,-0.031,1.003,255,1297
35521640,-2.073,3.780,-0.122,-0.180,-0.102,0.999,255,1297
35522507,-1.829,1.585,0.610,-0.375,0.143,1.158,255,1297
35523639,-0.915,-0.366,0.793,-0.151,-0.035,1.103,255,1297
35524512,-0.061,-0.915,0.671,0.077,0.208,1.043,255,1297
35525639,-0.305,-0.305,0.976,0.386,0.042,1.005,255,1297
35526369,0.000,1.646,0.488,0.322,0.088,1.039,255,1297
35527639,-1.829,4.451,-0.488,-0.161,-0.038,0.961,255,1297
35528511,-2.439,2.988,0.366,-0.296,-0.019,1.103,255,1297
35529639,-1.585,0.488,0.549,-0.249,0.026,1.080,255,1297
35530378,-0.732,-0.976,0.793,-0.130,0.117,1.111,255,1297
35531639,-0.183,-1.341,0.488,0.296,0.090,1.116,255,1297
35532383,0.122,0.488,0.427,0.349,0.152,1.025,255,1297
35533639,-1.585,4.756,-0.610,-0.096,-0.041,0.935,255,1297
35534728,-2.073,4.207,0.061,-0.192,-0.076,1.004,255,1297
35535519,-2.195,1.890,0.732,-0.264,0.025,1.140,255,1307
35536638,-1.037,-0.305,0.732,-0.267,0.076,1.143,255,1307
35537379,-0.549,-1.402,0.732,0.070,0.084,1.093,255,1307
35538638,0.122,-0.976,0.549,0.315,0.164,1.043,255,1307
35539366,-0.366,1.220,0.488,0.283,0.014,0.913,255,1307
35540638,-1.829,4.756,-0.366,-0.156,-0.053,0.986,255,1307
35541509,-2.195,3.354,-0.061,-0.180,-0.109,0.988,255,1307
35542638,-1.890,1.037,0.732,-0.360,0.151,1.067,255,1307
35543492,-1.341,-0.854,0.671,-0.073,-0.007,1.213,255,1307
35544638,-0.427,-1.341,0.854,0.157,0.216,1.134,255,1307
35545501,0.000,-0.305,0.427,0.328,-0.012,0.930,255,1307
35546638,-1.159,4.268,-0.122,0.025,-0.109,0.985,255,1307
35547370,-1.159,4.268,-0.122,0.025,-0.109,0.985,255,1307
35548639,-2.256,2.500,0.610,-0.303,-0.008,1.126,255,1307
35549377,-1.951,-0.061,0.915,-0.209,0.072,1.102,255,1307
35550638,-0.976,-1.402,0.976,0.004,0.108,1.123,255,1307
35551369,-0.427,-1.098,0.793,0.227,0.074,1.062,255,1307
35552639,0.061,1.159,0.610,0.290,0.116,1.020,255,1307
35553369,-0.549,3.415,0.488,0.199,-0.019,0.942,255,1307
35554638,-2.134,3.841,0.183,-0.267,-0.020,1.050,255,1307
35555372,-2.195,1.159,0.610,-0.215,0.007,1.125,255,1307
35556639,-1.341,-0.793,1.037,-0.160,0.139,1.185,255,1307
35557371,-0.610,-1.829,0.610,0.099,0.022,1.073,255,1307
35558639,0.000,-0.305,0.366,0.255,0.152,1.020,255,1307
35559368,-0.061,1.829,0.488,0.313,-0.021,0.892,255,1307
35560639,-1.707,4.878,-0.244,-0.236,-0.069,1.007,255,1307
35561500,-2.500,2.805,-0.122,-0.153,-0.062,1.010,255,1307
35562638,-2.317,0.061,1.037,-0.292,0.148,1.112,255,1307
35563496,-0.671,-1.585,0.549,0.027,-0.002,1.134,255,1307
35564638,-0.183,-0.854,0.610,0.074,0.196,1.130,255,1307
35565371,0.000,0.793,0.183,0.362,-0.006,0.997,255,1307
35566638,-0.427,3.110,0.000,0.199,0.056,0.923,255,1307
35567358,-1.524,4.573,-0.244,-0.095,-0.122,0.896,255,1307
35568638,-2.195,1.646,0.671,-0.237,0.023,1.181,255,1307
35569497,-1.829,-0.793,1.098,-0.153,0.039,1.110,255,1307
35570638,-0.549,-1.585,0.915,0.015,0.126,1.088,255,1307
35571371,-0.244,-0.122,0.915,0.255,0.098,1.024,255,1307
35572639,-0.183,2.073,0.366,0.275,0.054,1.052,255,1307
35573371,-0.915,3.902,0.061,0.052,-0.061,0.933,255,1307
35574638,-1.768,2.927,0.183,-0.151,-0.011,1.098,255,1307
35575363,-1.768,2.927,0.183,-0.151,-0.011,1.098,255,1307
35576639,-0.732,-1.220,0.854,-0.106,0.127,1.166,255,1307
35577372,-0.671,-1.341,0.915,0.153,0.095,1.100,255,1307
35578638,-0.305,1.098,0.610,0.251,0.123,0.943,255,1307
35579371,-0.488,3.049,-0.122,0.237,-0.057,0.986,255,1307
35580639,-1.951,4.207,-0.122,-0.173,-0.055,1.021,255,1307
35581501,-1.951,4.207,-0.122,-0.173,-0.055,1.021,255,1307
35582639,-1.585,-0.793,1.037,-0.211,0.096,1.142,255,1307
35583729,-1.159,-2.073,1.402,0.049,0.097,1.154,255,1307
35584481,-0.610,-0.427,0.854,0.162,0.087,1.018,255,1317
35585638,-0.671,1.890,0.305,0.251,0.039,0.990,255,1317
35586368,-1.159,3.598,-0.427,0.099,-0.023,0.937,255,1317
35587638,-1.646,3.293,0.366,-0.133,-0.071,1.038,255,1317
35588372,-1.646,3.293,0.366,-0.133,-0.071,1.038,255,1317
35589639,-1.524,-1.220,1.463,-0.046,0.082,1.111,255,1317
35590371,-0.610,-1.402,1.098,0.093,0.090,1.107,255,1317
35591639,-0.732,0.915,0.366,0.168,0.060,0.975,255,1317
35592362,-0.610,3.049,-0.549,0.242,0.025,0.982,255,1317
35593638,-1.280,4.634,-0.427,-0.041,-0.034,0.942,255,1317
35594493,-1.341,4.268,-0.488,-0.161,-0.066,0.925,255,1317
35595638,-1.707,-0.976,1.402,-0.106,0.126,1.083,255,1317
35596502,-1.220,-1.707,1.341,0.008,0.064,1.199,255,1317
35597638,-0.854,-0.305,0.854,0.059,0.084,1.021,255,1317
35598369,-0.549,2.073,0.122,0.270,0.077,0.975,255,1317
35599639,-0.610,3.659,-0.122,0.135,0.012,1.016,255,1317
35600366,-1.341,4.451,-0.366,-0.123,-0.077,0.911,255,1317
35601638,-1.463,0.366,1.098,-0.107,0.097,1.098,255,1317
35602497,-1.220,-1.585,1.402,-0.047,0.054,1.206,255,1317
35603638,-0.488,-1.159,0.793,-0.031,0.087,1.090,255,1317
35604373,-0.549,0.854,0.061,0.175,0.035,0.972,255,1317
35605638,-0.488,3.110,0.305,0.236,0.116,1.000,255,1317
35606363,-0.976,4.207,0.122,-0.010,-0.092,0.939,255,1317
35607639,-1.341,3.841,-0.366,-0.192,-0.029,0.930,255,1317
35608503,-1.341,1.829,0.488,-0.062,-0.015,1.080,255,1317
35609638,-1.037,-1.890,1.707,-0.036,0.029,1.240,255,1317
35610371,-0.793,-0.427,0.549,0.003,0.088,1.011,255,1317
35611639,-0.793,2.134,0.427,0.259,0.078,0.870,255,1317
35612368,-1.341,3.537,0.122,0.135,0.016,0.979,255,1317
35613638,-1.524,4.512,-0.488,-0.121,-0.083,0.958,255,1317
35614504,-1.646,3.049,-0.366,-0.104,0.003,1.013,255,1317
35615638,-1.098,-1.402,1.524,-0.126,0.118,1.221,255,1317
35616370,-1.098,-1.402,1.524,-0.126,0.118,1.221,255,1317
35617638,-0.793,1.037,0.366,0.087,0.105,0.955,255,1317
35618374,-0.793,3.232,0.366,0.195,-0.006,0.962,255,1317
35619639,-0.976,3.841,-0.183,0.002,-0.009,0.965,255,1317
35620365,-1.646,3.659,-0.305,-0.095,-0.036,0.949,255,1317
35621638,-1.402,-0.732,1.585,-0.125,0.092,1.225,255,1317
35622502,-1.220,-1.768,1.524,0.018,0.020,1.150,255,1317
35623638,-1.098,0.061,0.732,-0.001,0.158,1.025,255,1317
35624428,-0.854,2.134,0.000,0.174,-0.043,0.920,255,1317
35625639,-0.732,3.720,-0.183,0.056,0.097,1.051,255,1317
35626412,-1.037,4.024,-0.244,-0.026,-0.091,0.955,255,1317
35627638,-1.280,2.805,0.305,-0.071,0.042,0.984,255,1317
35628496,-1.037,0.549,1.220,-0.104,-0.027,1.118,255,1317
35629638,-1.220,-0.976,0.915,0.009,0.049,1.183,255,1317
35630377,-0.671,1.280,0.305,0.019,0.055,1.020,255,1317
35631639,-0.549,2.927,-0.183,0.148,0.021,0.951,255,1317
35632369,-0.610,3.598,-0.305,0.036,0.027,0.938,255,1317
35633638,-1.098,3.232,0.122,-0.088,-0.059,0.933,255,1317
35634702,-0.976,1.220,0.427,-0.035,0.051,1.104,255,1317
35635641,-1.341,-1.159,1.402,-0.001,0.082,1.156,255,1327
35636482,-1.220,0.305,0.976,-0.041,0.051,1.103,255,1327
35637640,-1.159,2.683,-0.183,0.057,0.003,0.973,255,1327
35638406,-0.732,3.720,0.061,0.106,0.099,0.975,255,1327
35639639,-0.610,3.598,-0.366,0.003,-0.096,0.919,255,1327
35640378,-0.793,2.439,-0.183,-0.126,0.011,0.992,255,1327
35641640,-0.488,0.305,0.732,-0.011,0.014,1.094,255,1327
35642378,-1.037,-1.341,1.829,0.046,0.134,1.172,255,1327
35643639,-1.159,1.585,0.122,-0.069,0.058,0.976,255,1327
35644377,-1.037,3.049,-0.244,0.163,0.014,0.905,255,1327
35645640,-1.037,3.476,-0.305,0.043,0.085,0.946,255,1327
35646375,-1.037,2.622,-0.427,-0.080,-0.122,1.006,255,1327
35647640,-1.159,1.098,0.061,-0.035,0.075,1.092,255,1327
35648507,-0.976,-0.549,1.402,0.057,0.039,1.072,255,1327
35649639,-0.976,0.305,0.732,-0.088,-0.023,1.043,255,1327
35650377,-0.976,0.305,0.732,-0.088,-0.023,1.043,255,1327
35651640,-0.732,3.598,0.244,0.107,0.028,0.973,255,1327
35652381,-0.732,3.232,-0.366,-0.028,0.020,1.017,255,1327
35653640,-0.915,1.951,0.000,-0.042,-0.062,0.990,255,1327
35654382,-0.793,-0.122,0.610,0.021,0.095,1.104,255,1327
35655639,-1.524,-0.488,1.159,-0.071,0.046,1.202,255,1327
35656381,-1.524,-0.488,1.159,-0.071,0.046,1.202,255,1327
35657640,-0.854,3.110,-0.122,0.117,-0.025,0.921,255,1327
35658378,-0.671,3.659,-0.122,-0.013,0.092,1.022,255,1327
35659640,-0.854,2.622,-0.244,0.001,-0.091,0.981,255,1327
35660371,-0.549,1.220,0.671,-0.010,0.111,1.092,255,1327
35661640,-0.915,-0.427,1.463,0.075,-0.022,1.047,255,1327
35662379,-1.646,-0.671,1.524,-0.035,0.106,1.166,255,1327
35663640,-1.463,3.049,-0.244,-0.015,-0.003,0.993,255,1327
35664507,-0.854,3.476,-0.610,0.038,0.080,1.050,255,1327
35665639,-0.976,2.866,-0.427,0.032,-0.005,0.894,255,1327
35666377,-0.976,1.707,0.000,0.010,-0.030,1.041,255,1327
35667640,-0.732,0.366,0.854,0.035,0.062,1.089,255,1327
35668382,-1.707,-0.793,1.402,0.045,-0.009,1.178,255,1327
35669640,-1.463,2.500,-0.061,-0.095,-0.074,0.918,255,1327
35670503,-1.037,3.354,-0.366,0.022,0.073,0.949,255,1327
35671639,-0.793,3.293,-0.061,0.033,0.048,0.946,255,1327
35672380,-0.671,2.012,0.061,0.064,-0.005,1.019,255,1327
35673640,-0.915,0.854,0.549,-0.036,0.076,1.087,255,1327
35674377,-1.037,-0.427,1.159,0.117,-0.030,1.070,255,1327
35675640,-1.768,-0.366,1.768,-0.042,0.135,1.149,255,1327
35676385,-1.402,1.341,0.488,-0.073,-0.061,1.054,255,1327
35677640,-0.732,3.232,-0.732,0.025,0.101,1.001,255,1327
35678377,-0.366,2.378,0.183,0.075,0.003,0.960,255,1327
35679640,-0.549,0.732,0.427,-0.001,0.013,1.055,255,1327
35680379,-0.366,-0.305,0.793,0.110,0.054,1.036,255,1327
35681640,-1.159,-0.427,1.524,0.060,0.029,1.236,255,1327
35682378,-1.463,1.159,1.220,-0.101,0.058,1.073,255,1327
35683640,-1.707,3.537,-0.427,-0.030,0.146,0.953,255,1327
35684708,-0.915,2.744,-0.244,0.043,-0.025,0.996,255,1327
35685641,-0.915,1.402,0.061,0.042,0.068,1.012,255,1336
35686423,-0.854,0.305,0.671,0.072,-0.013,1.088,255,1336
35687639,-1.098,-0.427,1.463,0.128,0.069,1.051,255,1336
35688375,-1.951,0.061,1.585,-0.055,0.035,1.083,255,1336
35689640,-1.890,3.293,-0.366,-0.159,0.055,1.009,255,1336
35690382,-1.890,3.293,-0.366,-0.159,0.055,1.009,255,1336
35691640,-0.366,2.317,-0.244,0.044,0.075,0.946,255,1336
35692380,-0.671,0.610,0.366,0.072,-0.011,1.013,255,1336
35693640,-0.488,0.244,1.037,0.147,0.097,1.055,255,1336
35694378,-1.646,0.122,1.646,0.068,-0.011,1.205,255,1336
35695639,-2.012,1.524,0.549,-0.146,0.012,1.080,255,1336
35696375,-1.524,2.988,-0.427,-0.214,0.001,0.975,255,1336
35697640,-0.366,2.256,-0.183,0.059,0.101,1.098,255,1336
35698381,-0.549,0.732,0.122,0.100,-0.011,0.990,255,1336
35699640,0.061,0.000,0.671,0.102,0.065,1.055,255,1336
35700370,-0.976,0.000,1.402,0.125,0.030,1.031,255,1336
35701640,-1.829,0.488,1.098,-0.019,-0.017,1.113,255,1336
35702382,-1.646,2.622,0.122,-0.270,0.057,1.069,255,1336
35703640,-0.549,2.744,-0.244,0.014,0.180,1.015,255,1336
35704376,-0.549,2.744,-0.244,0.014,0.180,1.015,255,1336
35705640,-0.549,0.610,0.488,0.090,0.077,1.075,255,1336
35706376,-0.305,0.549,1.280,0.138,0.053,1.035,255,1336
35707640,-1.524,0.366,1.402,0.139,-0.038,1.266,255,1336
35708375,-1.585,2.317,0.671,-0.288,0.083,1.026,255,1336
35709639,-1.463,3.049,-0.549,-0.182,-0.155,0.946,255,1336
35710512,-1.037,3.232,-0.488,-0.075,0.187,0.979,255,1336
35711639,-0.122,0.244,0.061,0.090,0.082,1.067,255,1336
35712370,-0.305,0.000,0.793,0.104,0.034,0.999,255,1336
35713639,-0.976,0.244,1.341,0.204,-0.011,1.049,255,1336
35714378,-1.829,1.463,0.915,-0.169,0.084,1.105,255,1336
35715640,-1.707,3.049,-0.427,-0.229,-0.133,1.017,255,1336
35716511,-1.402,3.354,-0.732,-0.178,0.076,1.032,255,1336
35717639,-0.305,0.366,0.183,0.131,0.019,1.016,255,1336
35718381,-0.305,0.366,0.183,0.131,0.019,1.016,255,1336
35719639,-0.427,0.366,1.159,0.246,-0.032,1.025,255,1336
35720370,-1.890,1.280,1.280,-0.023,0.076,1.221,255,1336
35721639,-2.073,2.805,0.000,-0.265,-0.118,1.045,255,1336
35722387,-1.402,3.232,-0.610,-0.211,0.041,0.951,255,1336
35723639,-0.122,1.159,0.000,0.121,0.058,1.093,255,1336
35724378,-0.122,1.159,0.000,0.121,0.058,1.093,255,1336
35725640,-0.305,0.061,1.280,0.208,0.068,1.039,255,1336
35726376,-1.463,1.402,1.768,0.135,0.001,1.033,255,1336
35727640,-2.378,2.195,0.915,-0.195,-0.027,1.064,255,1336
35728441,-2.256,3.232,-0.610,-0.280,-0.060,1.043,255,1336
35729640,-1.646,2.927,-0.427,-0.128,0.051,1.030,255,1336
35730541,-0.610,1.402,0.244,0.051,0.119,0.977,255,1336
35731639,-0.488,-0.061,0.915,0.167,0.085,1.024,255,1336
35732399,-0.549,0.793,1.341,0.190,-0.033,1.033,255,1336
35733639,-1.890,1.951,1.098,-0.054,0.050,1.221,255,1336
35734697,-2.073,3.171,-0.366,-0.270,-0.118,1.029,255,1336
35735641,-1.707,2.927,-0.610,-0.260,0.051,0.944,255,1346
35736558,-0.854,1.890,-0.244,-0.038,0.050,0.862,255,1346
35737639,-0.244,-0.549,0.915,0.179,0.075,1.083,255,1346
35738380,-0.244,-0.549,0.915,0.179,0.075,1.083,255,1346
35739639,-1.585,1.951,1.280,0.082,-0.007,1.019,255,1346
35740381,-2.195,2.683,0.427,-0.190,-0.038,1.057,255,1346
35741640,-2.378,3.110,-0.305,-0.329,-0.053,1.037,255,1346
35742509,-1.524,2.256,-0.549,-0.178,0.048,1.016,255,1346
35743639,-0.488,0.549,0.305,0.160,0.129,1.033,255,1346
35744385,-0.183,-0.976,1.037,0.228,0.091,1.023,255,1346
35745639,-0.854,1.585,0.854,0.173,-0.015,1.051,255,1346
35746374,-2.134,2.988,0.549,-0.065,0.019,1.088,255,1346
35747640,-2.256,3.720,-0.427,-0.349,-0.084,1.126,255,1346
35748516,-1.890,2.805,-0.854,-0.307,0.046,1.030,255,1346
35749639,-0.793,1.159,0.000,0.071,0.089,0.875,255,1346
35750386,-0.183,-0.366,1.402,0.215,0.154,1.066,255,1346
35751639,-0.549,0.976,1.098,0.155,0.052,1.094,255,1346
35752381,-0.549,0.976,1.098,0.155,0.052,1.094,255,1346
35753640,-2.195,3.598,0.061,-0.319,-0.027,1.049,255,1346
35754377,-1.951,2.988,-0.854,-0.339,-0.083,1.022,255,1346
35755640,-0.732,1.463,-0.549,-0.079,0.115,1.014,255,1346
35756512,-0.183,0.061,0.793,0.205,0.172,1.073,255,1346
35757639,-0.122,0.488,1.159,0.183,0.050,1.011,255,1346
35758373,-0.122,0.488,1.159,0.183,0.050,1.011,255,1346
35759640,-2.561,3.537,0.671,-0.227,-0.006,0.999,255,1346
35760372,-2.378,3.659,-0.488,-0.372,-0.121,1.152,255,1346
35761640,-1.402,2.256,-0.488,-0.235,0.104,1.050,255,1346
35762512,-0.183,0.000,0.488,0.121,0.110,0.965,255,1346
35763639,0.549,-0.976,1.037,0.250,0.136,1.026,255,1346
35764372,0.000,-0.305,1.280,0.252,0.008,0.997,255,1346
35765640,-2.073,3.415,0.854,-0.084,-0.080,1.082,255,1346
35766382,-2.561,4.024,-0.488,-0.354,-0.044,1.045,255,1346
35767639,-1.951,2.439,-0.671,-0.269,0.004,1.022,255,1346
35768507,-0.793,0.854,0.122,-0.067,0.114,1.002,255,1346
35769639,0.122,-0.610,1.159,0.240,0.122,1.090,255,1346
35770380,0.244,-0.915,1.280,0.280,0.101,1.070,255,1346
35771640,-1.524,3.049,0.854,-0.021,-0.068,0.993,255,1346
35772376,-1.524,3.049,0.854,-0.021,-0.068,0.993,255,1346
35773640,-2.439,3.354,-0.549,-0.341,-0.037,1.100,255,1346
35774511,-1.280,1.646,-0.183,-0.223,0.094,1.085,255,1346
35775639,-0.183,-0.732,0.427,0.162,0.119,1.018,255,1346
35776376,-0.122,-1.341,1.220,0.355,0.144,1.052,255,1346
35777640,-0.061,0.427,1.463,0.251,0.027,0.964,255,1346
35778379,-0.793,2.927,1.098,0.070,-0.033,1.074,255,1346
35779639,-2.378,3.537,-0.427,-0.316,0.027,1.084,255,1346
35780377,-1.707,1.890,-0.427,-0.327,-0.021,0.993,255,1346
35781640,-0.854,-0.061,-0.122,0.029,0.135,0.966,255,1346
35782525,-0.122,-1.341,1.037,0.352,0.164,1.125,255,1346
35783639,0.183,-0.549,1.341,0.313,0.088,1.077,255,1346
35784687,-1.585,4.024,0.183,-0.049,-0.111,0.921,255,1346
35785641,-2.439,4.329,0.061,-0.320,0.040,1.111,255,1356
35786423,-1.829,2.378,-0.427,-0.355,-0.067,1.096,255,1356
35787639,-0.732,0.488,-0.427,-0.162,0.103,1.047,255,1356
35788514,0.549,-1.524,0.915,0.300,0.188,0.935,255,1356
35789639,0.671,-1.037,1.524,0.373,0.108,1.092,255,1356
35790376,-0.366,1.402,1.159,0.169,-0.049,1.048,255,1356
35791640,-2.622,4.756,0.061,-0.266,-0.058,1.014,255,1356
35792377,-2.622,4.756,0.061,-0.266,-0.058,1.014,255,1356
35793640,-1.159,0.610,-0.549,-0.255,0.023,0.987,255,1356
35794377,0.122,-1.341,0.366,0.168,0.212,1.021,255,1356
35795639,0.732,-1.098,1.402,0.365,0.077,1.123,255,1356
35796380,0.000,0.427,1.280,0.237,0.051,0.958,255,1356
35797639,-1.280,2.927,0.976,0.150,-0.039,0.993,255,1356
35798384,-2.317,4.573,0.549,-0.177,-0.124,1.047,255,1356
35799640,-2.134,0.854,-0.549,-0.296,-0.046,1.087,255,1356
35800517,-0.915,-0.671,0.183,-0.004,0.208,1.122,255,1356
35801639,0.305,-1.829,1.280,0.318,0.136,1.109,255,1356
35802372,0.061,-0.122,1.463,0.341,0.076,0.967,255,1356
35803640,-0.671,2.378,1.280,0.177,-0.070,0.932,255,1356
35804376,-1.341,4.634,0.610,-0.060,-0.068,1.022,255,1356
35805640,-2.195,2.195,-0.671,-0.322,0.036,1.189,255,1356
35806378,-2.195,2.195,-0.671,-0.322,0.036,1.189,255,1356
35807640,0.122,-1.585,1.037,0.240,0.160,1.008,255,1356
35808387,0.061,-1.037,1.524,0.386,0.089,1.024,255,1356
35809639,-0.732,1.037,1.524,0.275,0.021,0.988,255,1356
35810372,-1.341,4.207,0.793,-0.019,-0.070,1.022,255,1356
35811640,-2.256,4.329,0.122,-0.284,-0.108,1.151,255,1356
35812381,-2.439,2.500,-0.061,-0.325,0.057,1.033,255,1356
35813639,-0.366,-1.098,0.732,0.102,0.165,0.995,255,1356
35814377,0.427,-1.463,1.341,0.415,0.109,1.205,255,1356
35815640,-0.183,0.427,1.646,0.343,0.069,0.921,255,1356
35816380,-1.220,3.902,0.732,0.023,-0.090,1.051,255,1356
35817640,-2.073,5.183,-0.061,-0.188,-0.111,0.908,255,1356
35818506,-2.561,3.476,-0.427,-0.320,0.020,1.083,255,1356
35819639,-0.366,-0.610,0.000,-0.070,0.091,1.125,255,1356
35820376,-0.366,-0.610,0.000,-0.070,0.091,1.125,255,1356
35821640,0.488,-0.122,1.463,0.393,0.049,0.912,255,1356
35822374,-0.671,2.988,1.098,0.094,-0.031,0.988,255,1356
35823640,-1.890,4.939,0.122,-0.083,-0.112,1.021,255,1356
35824379,-2.683,3.659,-0.549,-0.284,-0.019,1.025,255,1356
35825640,-1.098,-0.671,-0.305,-0.197,0.063,1.027,255,1356
35826622,0.183,-1.402,0.671,0.313,0.213,1.066,255,1356
35827639,0.793,-0.610,1.707,0.442,0.050,0.976,255,1356
35828377,-0.244,2.378,0.976,0.165,0.009,0.994,255,1356
35829640,-1.341,4.573,0.122,-0.016,-0.134,0.919,255,1356
35830376,-2.256,4.390,-0.183,-0.222,-0.045,1.117,255,1356
35831640,-2.683,2.439,-0.244,-0.389,-0.001,1.093,255,1356
35832656,-0.244,-1.280,0.366,0.190,0.185,1.062,255,1356
35833639,0.427,-1.341,1.585,0.448,0.124,1.114,255,1356
35834680,0.122,1.524,1.280,0.262,0.003,0.950,255,1356
35835641,-1.280,3.841,0.366,0.022,-0.074,0.979,255,1366
35836418,-1.829,4.939,0.061,-0.156,-0.104,0.934,255,1366
35837639,-2.378,2.439,-0.122,-0.347,0.021,1.128,255,1366
35838389,-2.134,0.488,-0.244,-0.371,0.057,1.139,255,1366
35839639,0.000,-1.402,1.402,0.407,0.179,0.976,255,1366
35840387,0.000,-1.402,1.402,0.407,0.179,0.976,255,1366
35841639,-0.732,3.537,0.793,0.104,-0.014,0.944,255,1366
35842382,-1.341,5.183,0.488,-0.116,-0.147,0.993,255,1366
35843640,-2.317,3.780,0.061,-0.300,0.017,1.073,255,1366
35844379,-2.439,0.854,-0.244,-0.375,0.004,1.226,255,1366
35845639,-1.220,-1.037,-0.305,-0.153,0.155,1.081,255,1366
35846509,-0.305,-1.463,0.793,0.332,0.163,1.049,255,1366
35847639,-0.854,2.622,0.915,0.170,-0.029,0.942,255,1366
35848372,-1.402,4.573,0.183,-0.092,-0.146,0.850,255,1366
35849640,-2.317,4.207,-0.305,-0.237,-0.031,1.136,255,1366
35850512,-2.622,1.463,-0.122,-0.357,0.035,1.137,255,1366
35851639,-1.098,-0.610,0.061,-0.266,0.099,1.067,255,1366
35852376,0.061,-1.646,0.793,0.208,0.134,1.109,255,1366
35853639,-0.183,1.829,0.854,0.291,-0.039,0.944,255,1366
35854377,-0.183,1.829,0.854,0.291,-0.039,0.944,255,1366
35855640,-2.012,4.878,-0.244,-0.181,-0.121,0.919,255,1366
35856507,-2.683,2.256,0.122,-0.314,0.097,1.143,255,1366
35857639,-1.951,-0.061,0.122,-0.324,0.052,1.192,255,1366
35858380,-0.610,-1.585,0.000,0.059,0.132,1.147,255,1366
35859640,0.244,0.793,1.341,0.381,-0.025,0.932,255,1366
35860373,0.244,0.793,1.341,0.381,-0.025,0.932,255,1366
35861640,-1.463,5.061,-0.488,-0.157,-0.129,1.008,255,1366
35862509,-2.195,3.293,0.122,-0.261,0.057,1.107,255,1366
35863639,-1.707,0.305,-0.061,-0.392,0.040,1.202,255,1366
35864374,-0.915,-1.402,-0.183,-0.067,0.122,1.057,255,1366
35865640,-0.183,-1.524,0.671,0.369,0.173,1.024,255,1366
35866507,0.366,0.488,1.220,0.413,0.054,0.962,255,1366
35867639,-1.341,4.939,-0.183,-0.149,-0.098,0.892,255,1366
35868501,-2.195,3.963,0.000,-0.214,-0.035,1.178,255,1366
35869639,-2.195,1.402,-0.061,-0.375,0.086,1.109,255,1366
35870381,-1.037,-1.037,0.122,-0.162,0.050,1.018,255,1366
35871640,-0.122,-1.463,0.427,0.247,0.169,1.083,255,1366
35872378,0.427,-0.061,1.220,0.417,0.095,1.074,255,1366
35873640,-0.915,5.183,0.061,-0.100,-0.058,0.953,255,1366
35874375,-0.915,5.183,0.061,-0.100,-0.058,0.953,255,1366
35875640,-2.317,1.646,0.366,-0.355,0.145,1.174,255,1366
35876379,-1.768,-0.915,0.305,-0.203,0.012,1.157,255,1366
35877640,-0.610,-1.463,0.183,0.105,0.213,1.198,255,1366
35878379,0.305,-0.305,1.037,0.374,0.085,0.941,255,1366
35879640,-0.183,1.585,0.610,0.357,-0.022,0.895,255,1366
35880372,-1.524,4.268,0.671,-0.046,-0.074,0.915,255,1366
35881639,-2.439,2.561,0.427,-0.318,0.071,1.157,255,1366
35882382,-2.195,-0.549,0.366,-0.246,0.066,1.184,255,1366
35883639,-0.915,-1.951,0.061,-0.021,0.118,1.098,255,1366
35884679,-0.244,-0.915,0.366,0.320,0.132,0.971,255,1366
35885641,0.183,1.585,0.671,0.448,0.021,0.941,255,1375
35886420,-0.732,3.963,0.671,0.049,-0.064,1.019,255,1375
35887639,-2.256,3.171,0.305,-0.230,-0.018,1.243,255,1375
35888382,-2.256,3.171,0.305,-0.230,-0.018,1.243,255,1375
35889640,-1.159,-1.341,0.427,-0.105,0.049,1.125,255,1375
35890378,-0.183,-0.915,0.305,0.255,0.168,0.975,255,1375
35891640,-0.244,0.732,0.793,0.453,0.059,0.975,255,1375
35892361,-0.732,2.927,0.732,0.153,-0.051,0.994,255,1375
35893639,-1.829,3.415,0.000,-0.166,-0.109,1.012,255,1375
35894373,-1.829,3.415,0.000,-0.166,-0.109,1.012,255,1375
35895640,-1.463,-1.341,0.183,-0.168,0.000,1.093,255,1375
35896375,-0.671,-1.159,0.427,0.168,0.194,1.182,255,1375
35897640,-0.061,0.122,0.793,0.427,0.070,0.897,255,1375
35898367,-0.610,2.561,0.671,0.271,-0.023,0.986,255,1375
35899640,-1.585,4.573,0.183,-0.172,-0.092,0.864,255,1375
35900371,-1.951,4.024,-0.122,-0.158,-0.082,1.062,255,1375
35901640,-2.012,-0.549,0.244,-0.236,0.093,1.146,255,1375
35902506,-0.488,-1.280,0.427,0.116,0.126,1.146,255,1375
35903639,0.305,-0.244,0.549,0.360,0.094,0.954,255,1375
35904371,-0.183,2.439,0.549,0.311,-0.039,0.994,255,1375
35905639,-1.037,4.207,0.122,-0.076,-0.051,0.845,255,1375
35906366,-1.463,4.451,-0.061,-0.101,-0.036,1.025,255,1375
35907640,-1.890,-0.549,0.122,-0.315,0.128,1.138,255,1375
35908509,-0.854,-1.402,0.671,0.073,0.091,1.113,255,1375
35909639,-0.305,-0.366,0.793,0.338,0.128,0.933,255,1375
35910363,0.183,1.768,0.610,0.321,-0.008,0.916,255,1375
35911639,-0.793,3.415,0.000,0.048,-0.086,0.958,255,1375
35912365,-1.341,4.512,0.488,-0.153,-0.005,0.995,255,1375
35913639,-1.951,2.561,0.549,-0.253,-0.046,1.166,255,1375
35914381,-2.378,0.244,0.549,-0.349,0.171,1.087,255,1375
35915640,-0.244,-0.183,0.793,0.199,0.131,1.025,255,1375
35916375,0.122,1.402,0.427,0.370,0.017,1.053,255,1375
35917640,-1.037,3.415,0.366,0.148,-0.062,0.928,255,1375
35918377,-1.463,4.390,0.183,-0.170,-0.045,0.955,255,1375
35919640,-1.829,3.171,0.061,-0.202,-0.056,1.015,255,1375
35920376,-2.134,0.610,0.549,-0.309,0.131,1.171,255,1375
35921639,-0.183,-0.061,0.854,0.073,0.107,1.055,255,1375
35922377,-0.183,-0.061,0.854,0.073,0.107,1.055,255,1375
35923640,-0.427,2.561,0.488,0.251,-0.034,0.985,255,1375
35924368,-0.976,3.902,0.244,-0.167,-0.075,0.879,255,1375
35925639,-1.768,3.780,0.183,-0.200,-0.013,1.157,255,1375
35926381,-2.256,0.854,0.549,-0.222,0.031,1.105,255,1375
35927639,-0.427,-0.793,0.976,0.016,0.051,1.010,255,1375
35928369,-0.427,-0.793,0.976,0.016,0.051,1.010,255,1375
35929639,-0.305,2.256,0.244,0.308,-0.018,0.902,255,1375
35930372,-0.854,3.780,0.122,-0.108,-0.054,0.940,255,1375
35931640,-1.098,3.780,0.000,-0.203,-0.035,1.012,255,1375
35932375,-1.768,1.220,0.732,-0.152,0.069,1.322,255,1375
35933639,-1.768,-0.061,1.159,-0.217,0.108,1.171,255,1375
35934682,-0.610,0.793,0.000,0.307,0.136,0.811,255,1375
35935641,-0.366,1.951,0.427,0.368,-0.068,1.067,255,1385
35936430,-1.037,3.354,-0.061,-0.106,0.018,0.925,255,1385
35937639,-1.220,3.659,-0.183,-0.131,-0.085,1.032,255,1385
35938507,-1.707,1.829,0.854,-0.163,0.087,1.154,255,1385
35939639,-1.646,0.000,1.098,-0.217,0.056,1.130,255,1385
35940382,-1.402,-1.159,0.427,-0.040,0.056,1.061,255,1385
35941640,-0.305,2.073,0.610,0.409,0.025,1.016,255,1385
35942376,-0.305,2.073,0.610,0.409,0.025,1.016,255,1385
35943640,-0.915,3.537,-0.122,-0.158,-0.047,0.952,255,1385
35944509,-1.341,2.256,0.793,-0.123,0.035,1.157,255,1385
35945639,-1.951,0.122,1.280,-0.242,0.082,1.140,255,1385
35946378,-2.134,-0.488,0.610,-0.063,0.067,1.173,255,1385
35947640,-1.037,0.610,0.671,0.139,0.110,0.990,255,1385
35948380,-0.427,1.829,0.427,0.361,0.003,0.937,255,1385
35949640,-1.280,3.232,0.061,-0.134,-0.027,0.939,255,1385
35950374,-1.280,2.317,0.854,-0.127,-0.004,1.164,255,1385
35951640,-1.585,0.549,0.671,-0.209,0.067,1.100,255,1385
35952388,-2.012,-0.488,0.915,-0.079,0.058,1.220,255,1385
35953639,-0.671,0.122,0.671,0.044,0.083,1.023,255,1385
35954374,-0.122,1.829,0.488,0.303,0.038,0.969,255,1385
35955639,-1.037,3.171,-0.122,-0.062,0.014,0.962,255,1385
35956381,-1.037,3.171,-0.122,-0.062,0.014,0.962,255,1385
35957640,-1.463,0.793,0.854,-0.143,0.083,1.232,255,1385
35958377,-1.890,-0.427,0.976,-0.084,0.086,1.159,255,1385
35959640,-0.976,0.000,0.732,0.004,0.073,1.079,255,1385
35960380,-0.183,1.463,0.366,0.223,0.002,0.843,255,1385
35961640,-0.854,2.439,0.366,-0.065,-0.002,0.959,255,1385
35962372,-0.854,2.439,0.366,-0.065,-0.002,0.959,255,1385
35963640,-1.951,0.915,0.915,-0.141,0.062,1.104,255,1385
35964379,-2.195,-0.244,1.280,-0.056,0.072,1.162,255,1385
35965640,-1.341,0.183,0.854,-0.066,0.066,1.025,255,1385
35966376,-0.427,1.402,-0.183,0.167,-0.013,0.944,255,1385
35967640,-0.366,2.134,-0.183,0.311,0.080,1.037,255,1385
35968377,-0.671,2.500,0.061,-0.024,-0.025,0.911,255,1385
35969640,-1.646,1.280,0.549,-0.129,0.008,1.089,255,1385
35970371,-2.012,-0.427,1.220,-0.026,0.107,1.150,255,1385
35971640,-1.341,0.122,0.793,-0.113,0.035,1.091,255,1385
35972386,-0.244,1.585,-0.244,0.131,-0.001,1.010,255,1385
35973640,-0.366,2.256,0.000,0.273,0.069,0.969,255,1385
35974376,-0.122,2.073,0.488,0.044,-0.011,0.887,255,1385
35975640,-1.098,1.402,0.793,-0.084,0.045,1.145,255,1385
35976380,-1.098,1.402,0.793,-0.084,0.045,1.145,255,1385
35977640,-2.134,0.610,0.732,-0.132,0.022,1.184,255,1385
35978377,-0.915,1.524,-0.061,0.074,0.037,0.882,255,1385
35979640,-0.366,1.890,-0.061,0.261,0.021,1.006,255,1385
35980372,-0.305,1.951,-0.122,0.061,0.050,0.978,255,1385
35981640,-1.280,2.134,0.122,-0.097,-0.022,1.017,255,1385
35982399,-0.976,1.524,0.549,-0.096,0.067,1.092,255,1385
35983639,-1.829,0.732,0.549,-0.094,0.039,1.207,255,1385
35984685,-1.037,1.585,0.122,0.005,0.037,0.922,255,1385
35985641,-0.549,2.256,-0.427,0.234,-0.021,0.946,255,1395
35986420,-0.427,2.256,-0.061,0.091,0.104,0.978,255,1395
35987639,-0.793,1.524,0.305,-0.044,-0.031,0.996,255,1395
35988376,-0.976,1.402,0.671,-0.125,0.093,1.085,255,1395
35989640,-2.073,0.610,0.976,-0.072,0.083,1.113,255,1395
35990377,-2.073,0.610,0.976,-0.072,0.083,1.113,255,1395
35991640,-0.793,2.073,-0.366,0.144,-0.035,0.895,255,1395
35992376,-0.244,1.707,-0.244,0.129,0.099,1.035,255,1395
35993640,-0.732,1.220,0.183,0.044,-0.007,0.993,255,1395
35994374,-1.037,1.646,0.549,-0.141,0.094,1.174,255,1395
35995640,-2.378,1.220,0.915,-0.051,0.125,1.093,255,1395
35996376,-2.378,1.220,0.915,-0.051,0.125,1.093,255,1395
35997640,-1.159,2.317,-0.427,0.032,0.008,1.036,255,1395
35998375,-0.549,1.402,-0.244,0.176,0.069,0.987,255,1395
35999640,-0.366,0.915,0.244,0.034,0.042,0.919,255,1395
36000368,-1.037,1.341,0.732,-0.122,0.069,1.170,255,1395
36001639,-1.220,1.341,0.976,-0.077,-0.008,1.025,255,1395
36002370,-2.195,1.524,1.220,-0.032,0.071,1.136,255,1395
36003639,-1.037,2.256,-0.549,0.033,-0.027,0.985,255,1395
36004373,-0.305,1.220,-0.915,0.195,0.083,0.834,255,1395
36005640,-0.305,1.098,-0.122,0.064,0.031,0.993,255,1395
36006377,-1.037,1.037,0.366,-0.097,0.036,1.155,255,1395
36007640,-1.159,1.341,0.915,-0.064,0.060,1.070,255,1395
36008371,-2.073,1.280,1.341,-0.020,0.006,1.111,255,1395
36009640,-1.402,2.012,-0.732,-0.016,-0.081,0.890,255,1395
36010506,-0.488,0.915,-0.793,0.168,0.082,1.015,255,1395
36011639,-0.244,1.037,-0.061,0.062,0.059,0.937,255,1395
36012368,-0.610,0.793,0.427,-0.054,0.026,1.091,255,1395
36013639,-0.488,1.280,0.488,-0.050,0.126,1.105,255,1395
36014365,-1.585,1.524,1.159,0.005,-0.073,1.159,255,1395
36015640,-1.768,2.134,0.549,-0.125,0.073,1.115,255,1395
36016373,-1.098,2.134,-0.366,-0.026,-0.093,0.863,255,1395
36017640,-0.061,1.098,0.183,0.095,0.081,0.990,255,1395
36018505,-0.732,0.244,0.549,-0.010,0.019,1.006,255,1395
36019639,-0.549,1.037,1.098,-0.049,0.117,1.104,255,1395
36020370,-1.951,2.012,1.341,0.014,-0.077,1.202,255,1395
36021639,-2.195,2.561,0.793,-0.145,0.081,1.047,255,1395
36022381,-1.646,2.561,-0.183,-0.043,-0.088,0.907,255,1395
36023639,-0.305,0.488,-0.183,0.121,0.072,0.969,255,1395
36024493,-0.610,0.183,0.549,0.030,0.056,1.008,255,1395
36025639,-0.549,0.854,1.159,-0.065,0.083,1.118,255,1395
36026364,-1.402,1.951,1.280,0.060,-0.045,1.224,255,1395
36027639,-2.134,2.744,0.915,-0.148,0.059,1.020,255,1395
36028377,-1.341,2.622,-0.427,-0.048,-0.131,0.894,255,1395
36029640,0.000,0.427,-0.305,0.173,0.012,1.102,255,1395
36030507,0.000,0.427,-0.305,0.173,0.012,1.102,255,1395
36031639,-0.854,0.976,1.037,-0.047,0.027,1.090,255,1395
36032376,-1.159,2.134,1.341,0.070,0.021,1.068,255,1395
36033639,-2.256,2.683,0.793,-0.137,0.007,1.085,255,1395
36034689,-1.463,2.622,-0.549,-0.098,-0.120,0.899,255,1395
36035641,-1.159,2.195,-1.037,-0.021,0.085,1.076,255,1405
36036554,-0.488,0.305,-0.366,0.188,0.067,1.037,255,1405
36037639,-0.488,0.610,0.732,-0.051,0.072,1.001,255,1405
36038372,-0.976,1.890,1.220,0.121,-0.010,1.087,255,1405
36039639,-2.500,2.256,0.976,-0.107,0.004,1.021,255,1405
36040377,-1.829,3.293,-0.244,-0.168,-0.089,1.014,255,1405
36041640,-1.402,2.500,-0.671,-0.037,-0.006,1.047,255,1405
36042624,-0.793,0.244,-0.122,0.151,0.147,0.980,255,1405
36043639,-0.427,0.061,0.976,-0.033,0.097,1.040,255,1405
36044373,-0.427,0.061,0.976,-0.033,0.097,1.040,255,1405
36045640,-1.829,2.805,1.341,-0.043,-0.042,1.045,255,1405
36046375,-1.951,3.902,0.122,-0.224,-0.024,1.102,255,1405
36047640,-1.341,2.256,-0.976,-0.074,-0.035,0.990,255,1405
36048505,-0.549,0.000,-0.122,0.137,0.163,0.988,255,1405
36049639,-0.244,-0.854,0.793,0.111,0.072,0.991,255,1405
36050361,-0.793,0.061,1.037,0.018,0.078,1.114,255,1405
36051640,-1.951,3.415,1.463,-0.024,-0.052,1.113,255,1405
36052367,-2.134,3.598,0.427,-0.199,0.003,1.098,255,1405
36053639,-1.768,2.073,-0.732,-0.107,-0.104,0.947,255,1405
36054509,-0.793,0.244,-0.305,0.067,0.151,0.951,255,1405
36055639,-0.122,-0.915,0.671,0.182,0.057,1.015,255,1405
36056369,-0.610,-0.610,1.280,0.062,0.145,1.108,255,1405
36057640,-1.890,3.415,1.220,-0.005,-0.016,1.236,255,1405
36058377,-1.890,3.415,1.220,-0.005,-0.016,1.236,255,1405
36059639,-1.707,2.500,-0.854,-0.178,-0.042,0.942,255,1405
36060501,-0.732,0.793,-0.488,-0.000,0.129,0.966,255,1405
36061639,-0.427,-0.976,0.244,0.264,0.106,1.124,255,1405
36062380,-0.610,-0.915,0.976,0.041,0.154,1.055,255,1405
36063640,-1.463,3.415,1.098,0.026,-0.011,1.226,255,1405
36064371,-1.463,3.415,1.098,0.026,-0.011,1.226,255,1405
36065639,-1.768,2.439,-0.793,-0.232,-0.062,0.918,255,1405
36066510,-0.488,0.671,-0.488,-0.010,0.128,0.986,255,1405
36067639,-0.244,-1.220,0.671,0.314,0.116,1.142,255,1405
36068376,-0.305,-1.159,1.646,0.051,0.146,1.086,255,1405
36069639,-0.427,1.585,1.159,0.029,-0.033,1.010,255,1405
36070377,-1.524,3.841,0.976,0.054,-0.015,1.140,255,1405
36071639,-1.829,2.805,-0.732,-0.302,-0.038,0.903,255,1405
36072505,-0.488,1.159,-0.549,0.018,0.085,1.027,255,1405
36073639,0.061,-1.220,0.793,0.256,0.186,1.154,255,1405
36074377,-0.366,-1.341,1.280,0.071,0.058,1.044,255,1405
36075639,-0.610,1.707,0.976,0.023,0.059,1.054,255,1405
36076373,-1.646,4.024,1.402,0.094,-0.072,1.062,255,1405
36077639,-1.707,2.988,-0.732,-0.323,-0.027,0.969,255,1405
36078509,-0.549,0.671,-0.488,0.021,0.048,1.107,255,1405
36079639,0.061,-1.402,0.732,0.214,0.216,1.129,255,1405
36080368,-0.427,-1.707,1.280,0.132,0.037,1.062,255,1405
36081639,-0.427,1.402,1.037,0.051,0.084,0.973,255,1405
36082375,-1.402,4.024,1.220,0.089,-0.116,1.021,255,1405
36083639,-2.500,4.207,0.671,-0.203,-0.059,0.965,255,1405
36084690,-1.463,0.793,-0.427,-0.024,0.078,1.124,255,1405
36085641,0.061,-1.341,0.122,0.172,0.195,1.013,255,1414
36086419,-0.122,-1.768,0.793,0.167,0.065,1.075,255,1414
36087639,-0.183,1.280,0.976,0.109,0.085,0.959,255,1414
36088381,-0.915,3.841,1.159,0.045,-0.112,1.030,255,1414
36089639,-2.134,4.756,0.610,-0.191,-0.038,1.003,255,1414
36090378,-2.134,3.476,-0.549,-0.246,-0.078,1.065,255,1414
36091640,0.000,-1.037,0.793,0.130,0.175,0.996,255,1414
36092513,-0.122,-1.951,0.976,0.233,0.092,1.049,255,1414
36093639,-0.671,0.976,1.341,0.078,0.114,1.000,255,1414
36094369,-1.341,3.780,1.220,0.072,-0.185,1.067,255,1414
36095639,-2.439,4.939,0.671,-0.200,0.010,0.919,255,1414
36096380,-2.317,3.780,-0.366,-0.229,-0.105,1.125,255,1414
36097639,0.061,-1.585,0.488,0.136,0.183,0.999,255,1414
36098506,0.061,-1.585,0.488,0.136,0.183,0.999,255,1414
36099639,-0.305,0.549,1.159,0.077,0.043,0.978,255,1414
36100377,-1.037,3.902,0.488,0.056,-0.141,1.062,255,1414
36101640,-2.500,5.366,0.366,-0.164,0.001,0.927,255,1414
36102449,-2.866,3.963,-0.183,-0.223,-0.110,1.178,255,1414
36103640,-1.768,1.220,-0.427,-0.229,0.086,1.016,255,1414
36104561,-0.122,-1.341,0.000,0.149,0.169,0.962,255,1414
36105639,-0.366,0.488,1.463,0.097,0.014,0.967,255,1414
36106388,-0.976,3.537,0.610,0.066,-0.066,1.065,255,1414
36107639,-2.256,5.061,0.671,-0.124,-0.054,0.963,255,1414
36108377,-2.378,3.598,-0.244,-0.256,-0.108,1.137,255,1414
36109640,-1.463,0.793,-0.549,-0.232,0.087,1.026,255,1414
36110506,-0.305,-1.585,0.183,0.176,0.180,1.050,255,1414
36111639,-0.122,0.061,1.280,0.103,0.022,0.918,255,1414
36112377,-0.122,0.061,1.280,0.103,0.022,0.918,255,1414
36113640,-1.829,5.427,0.793,-0.142,-0.076,1.030,255,1414
36114376,-2.195,4.268,-0.427,-0.287,-0.109,1.117,255,1414
36115640,-1.524,0.976,-0.488,-0.237,0.074,0.979,255,1414
36116511,-0.732,-1.524,0.366,0.177,0.192,1.041,255,1414
36117639,-0.366,-1.890,0.793,0.248,0.142,1.151,255,1414
36118371,-0.488,0.000,0.854,0.146,0.021,0.894,255,1414
36119640,-1.829,5.183,0.671,-0.172,-0.147,1.104,255,1414
36120381,-2.439,3.963,-0.549,-0.305,-0.060,1.103,255,1414
36121639,-1.707,0.976,-0.427,-0.210,0.067,0.995,255,1414
36122504,-0.488,-1.220,0.671,0.140,0.176,1.006,255,1414
36123639,0.000,-2.012,1.098,0.223,0.188,1.126,255,1414
36124377,-0.061,-0.183,0.793,0.221,-0.005,0.947,255,1414
36125639,-1.463,5.122,0.976,-0.180,-0.156,1.068,255,1414
36126379,-1.463,5.122,0.976,-0.180,-0.156,1.068,255,1414
36127640,-1.585,0.976,-0.244,-0.249,0.120,1.028,255,1414
36128383,-0.488,-1.159,0.427,0.143,0.139,1.011,255,1414
36129639,0.183,-2.012,0.732,0.267,0.187,1.127,255,1414
36130375,0.183,-0.427,0.976,0.268,0.012,0.951,255,1414
36131640,-0.671,3.476,1.037,-0.162,-0.178,1.072,255,1414
36132377,-1.768,5.427,0.976,-0.162,-0.178,1.072,255,1414
36133640,-2.012,1.159,-0.183,-0.253,0.062,0.990,255,1414
36134707,-0.549,-1.037,0.122,0.088,0.160,1.045,255,1414
36135641,-0.122,-2.134,0.671,0.317,0.175,1.225,255,1424
36136421,0.000,-0.244,0.915,0.257,0.036,0.892,255,1424
36137639,-0.671,3.841,0.854,-0.016,-0.056,1.048,255,1424
36138384,-1.402,5.244,0.366,-0.097,-0.167,1.017,255,1424
36139640,-1.829,1.159,-0.244,-0.288,0.040,0.992,255,1424
36140377,-1.829,1.159,-0.244,0.079,0.146,1.089,255,1424
36141640,-0.427,-2.622,0.427,0.342,0.198,1.199,255,1424
36142379,-0.183,-0.305,0.976,0.244,0.015,0.936,255,1424
36143640,-0.793,3.659,0.427,-0.015,-0.071,1.027,255,1424
36144376,-1.707,5.427,0.183,-0.064,-0.144,0.927,255,1424
36145640,-2.134,1.463,-0.244,-0.305,0.080,1.081,255,1424
36146369,-2.134,1.463,-0.244,-0.305,0.080,1.081,255,1424
36147640,0.183,-2.073,0.671,0.360,0.226,1.173,255,1424
36148376,0.366,-0.061,0.671,0.235,0.007,0.924,255,1424
36149640,-0.549,3.659,0.183,0.023,-0.069,0.995,255,1424
36150374,-1.098,5.610,0.000,-0.083,-0.093,0.933,255,1424
36151640,-2.256,3.841,0.244,-0.321,-0.076,1.064,255,1424
36152379,-1.707,0.915,-0.610,-0.304,0.107,1.099,255,1424
36153640,-0.244,-2.256,0.610,0.320,0.200,1.152,255,1424
36154381,-0.061,-0.122,0.610,0.258,-0.010,0.885,255,1424
36155640,-0.915,3.476,0.427,0.025,-0.059,1.023,255,1424
36156372,-1.341,5.671,0.671,-0.096,-0.101,0.894,255,1424
36157640,-2.378,3.841,0.183,-0.322,-0.062,1.064,255,1424
36158458,-1.951,0.976,-0.366,-0.291,0.103,1.124,255,1424
36159640,-0.305,-2.012,0.366,0.327,0.187,1.147,255,1424
36160413,-0.305,-2.012,0.366,0.327,0.187,1.147,255,1424
36161639,-0.976,3.171,0.610,0.028,-0.069,1.032,255,1424
36162385,-1.037,5.671,0.549,-0.166,-0.103,0.872,255,1424
36163639,-2.256,3.963,0.122,-0.269,-0.099,1.107,255,1424
36164380,-2.195,1.220,-0.244,-0.288,0.158,1.108,255,1424
36165640,-1.341,-0.915,0.183,0.307,0.218,1.149,255,1424
36166386,0.122,-2.134,0.549,0.307,0.218,1.149,255,1424
36167639,-0.732,3.110,0.427,0.029,-0.077,0.994,255,1424
36168376,-0.793,5.427,0.244,-0.207,-0.091,0.869,255,1424
36169639,-1.951,3.598,0.061,-0.232,-0.103,1.121,255,1424
36170381,-1.951,0.915,0.122,-0.317,0.197,1.146,255,1424
36171640,-1.341,-0.976,0.305,0.060,0.049,1.194,255,1424
36172376,-0.305,-1.829,0.183,0.298,0.242,1.088,255,1424
36173639,-0.793,3.537,0.732,-0.006,-0.069,1.018,255,1424
36174376,-0.793,3.537,0.732,-0.205,-0.093,0.839,255,1424
36175640,-2.622,3.720,0.305,-0.231,-0.059,1.189,255,1424
36176382,-2.317,1.037,0.488,-0.313,0.126,1.107,255,1424
36177639,-1.341,-0.976,0.183,0.038,0.083,1.184,255,1424
36178380,0.122,-1.707,0.610,0.329,0.250,1.069,255,1424
36179640,-0.671,3.415,0.427,-0.005,-0.039,0.994,255,1424
36180380,-0.671,3.415,0.427,-0.005,-0.039,0.994,255,1424
36181640,-2.561,3.476,0.366,-0.251,-0.035,1.207,255,1424
36182376,-2.439,0.793,0.305,-0.331,0.125,1.144,255,1424
36183640,-1.402,-1.402,-0.061,0.053,0.068,1.180,255,1424
36184711,-0.305,-1.707,0.305,0.338,0.268,0.980,255,1424
36185641,0.183,0.305,0.549,0.398,-0.079,0.917,255,1434
36186415,-0.854,3.171,0.488,-0.046,-0.016,1.025,255,1434
36187639,-2.866,3.659,0.732,-0.328,-0.003,1.199,255,1434
36188376,-2.256,0.915,0.122,-0.264,0.091,1.187,255,1434
36189640,-1.707,-1.098,-0.122,0.073,0.119,1.194,255,1434
36190377,0.061,-1.646,0.244,0.298,0.207,0.940,255,1434
36191640,0.183,0.366,0.427,0.425,-0.041,0.930,255,1434
36192369,-0.732,3.049,0.305,-0.031,-0.017,0.999,255,1434
36193639,-2.622,3.537,0.549,-0.330,0.031,1.168,255,1434
36194366,-2.622,3.537,0.549,-0.330,0.031,1.168,255,1434
36195639,-1.341,-1.098,0.305,0.070,0.105,1.195,255,1434
36196376,0.061,-0.915,0.366,0.307,0.189,0.855,255,1434
36197640,0.427,0.610,0.305,0.432,-0.057,0.934,255,1434
36198350,-0.366,3.110,0.427,-0.042,0.029,1.033,255,1434
36199640,-0.488,4.878,0.488,-0.293,0.038,1.188,255,1434
36200441,-2.073,3.293,0.427,-0.293,0.038,1.188,255,1434
36201640,-1.280,-1.037,0.244,0.044,0.061,1.187,255,1434
36202452,0.061,-1.159,0.183,0.339,0.207,0.857,255,1434
36203640,0.061,0.610,0.549,0.445,-0.073,1.000,255,1434
36204391,-0.305,3.110,0.793,-0.111,0.027,0.970,255,1434
36205639,-0.610,4.390,0.427,-0.191,-0.169,0.940,255,1434
36206381,-2.378,3.232,0.854,-0.311,0.062,1.188,255,1434
36207639,-1.524,-0.610,0.122,0.047,0.108,1.158,255,1434
36208371,-1.524,-0.610,0.122,0.047,0.108,1.158,255,1434
36209639,0.061,0.732,0.183,0.412,-0.041,0.997,255,1434
36210367,-0.427,3.598,0.549,-0.201,0.015,0.893,255,1434
36211639,-0.671,4.390,0.000,-0.093,-0.180,0.975,255,1434
36212366,-2.439,2.805,0.671,-0.350,0.112,1.195,255,1434
36213639,-1.524,-0.671,-0.244,0.091,0.125,1.216,255,1434
36214386,-1.524,-0.671,-0.244,0.091,0.125,1.216,255,1434
36215640,0.000,0.671,0.122,0.380,-0.055,1.010,255,1434
36216373,-0.549,3.110,0.488,-0.176,0.010,0.826,255,1434
36217640,-0.915,4.085,0.061,-0.128,-0.170,0.949,255,1434
36218380,-2.439,2.805,0.915,-0.375,0.091,1.228,255,1434
36219639,-2.378,0.610,0.610,-0.207,0.065,1.124,255,1434
36220376,-1.341,-0.793,0.183,0.155,0.127,1.208,255,1434
36221640,0.061,0.976,0.183,0.316,-0.062,1.037,255,1434
36222434,-0.488,3.049,0.549,-0.136,0.013,0.817,255,1434
36223640,-0.976,4.451,0.549,-0.135,-0.129,1.028,255,1434
36224413,-2.378,2.866,0.854,-0.409,0.084,1.168,255,1434
36225639,-2.195,0.976,0.366,-0.116,0.032,1.158,255,1434
36226387,-1.280,-0.366,0.366,0.133,0.159,1.218,255,1434
36227639,0.305,1.037,0.183,0.315,-0.005,1.031,255,1434
36228369,0.305,1.037,0.183,0.315,-0.005,1.031,255,1434
36229639,-0.732,3.902,0.488,-0.192,-0.092,1.053,255,1434
36230375,-2.317,2.805,1.037,-0.403,0.073,1.154,255,1434
36231640,-2.439,0.549,0.549,-0.050,0.037,1.154,255,1434
36232399,-1.524,-0.305,0.122,0.089,0.171,1.204,255,1434
36233639,-0.183,-0.183,-0.244,0.388,0.047,0.877,255,1434
36234702,-0.610,2.866,0.427,-0.169,-0.070,0.787,255,1434
36235639,-1.037,3.963,0.610,-0.273,-0.051,1.062,255,1444
36236430,-2.561,2.439,0.976,-0.275,0.048,1.110,255,1444
36237639,-2.561,0.671,0.610,-0.056,0.083,1.211,255,1444
36238379,-1.220,-0.061,0.122,0.023,0.114,1.142,255,1444
36239640,0.000,0.000,0.244,0.490,0.052,0.832,255,1444
36240368,-0.427,1.098,0.488,0.265,0.023,1.062,255,1444
36241639,-1.280,3.780,0.610,-0.267,-0.022,1.113,255,1444
36242365,-1.280,3.780,0.610,-0.267,-0.022,1.113,255,1444
36243639,-2.317,0.488,0.793,-0.090,0.064,1.199,255,1444
36244384,-1.037,0.366,0.122,0.022,0.124,1.108,255,1444
36245640,0.183,0.183,0.122,0.560,0.055,0.898,255,1444
36246366,-0.061,0.976,0.305,0.176,0.025,1.047,255,1444
36247639,-1.280,3.293,0.366,-0.221,-0.042,1.171,255,1444
36248368,-1.280,3.293,0.366,-0.221,-0.042,1.171,255,1444
36249639,-2.134,0.671,0.488,-0.137,0.038,1.125,255,1444
36250378,-0.671,0.671,-0.244,0.121,0.144,1.054,255,1444
36251640,0.305,0.427,0.000,0.565,0.049,0.906,255,1444
36252373,0.122,1.280,0.183,0.088,0.004,1.020,255,1444
36253640,-0.488,2.744,0.183,-0.242,-0.034,0.915,255,1444
36254366,-1.280,3.110,0.610,-0.229,-0.039,1.166,255,1444
36255639,-2.561,0.427,0.549,-0.094,0.049,1.178,255,1444
36256379,-1.098,0.488,0.305,0.193,0.113,1.006,255,1444
36257640,0.427,0.854,0.000,0.498,0.040,0.953,255,1444
36258367,0.000,1.098,-0.305,0.033,0.008,1.010,255,1444
36259639,-0.488,2.561,0.122,-0.154,-0.061,0.921,255,1444
36260371,-1.402,3.110,0.976,-0.306,0.012,1.174,255,1444
36261639,-2.073,0.732,0.366,0.003,0.057,1.144,255,1444
36262373,-2.073,0.732,0.366,0.003,0.057,1.144,255,1444
36263640,0.183,0.610,0.061,0.433,0.004,1.006,255,1444
36264364,0.122,1.098,-0.610,0.024,0.019,0.995,255,1444
36265639,-0.732,2.439,-0.061,-0.163,-0.042,0.979,255,1444
36266501,-1.646,2.805,0.671,-0.352,0.005,1.166,255,1444
36267639,-2.317,2.073,1.037,-0.172,0.042,1.134,255,1444
36268379,-2.317,0.671,0.549,0.036,0.042,1.113,255,1444
36269640,-0.305,0.793,-0.244,0.455,0.030,1.045,255,1444
36270374,-0.122,1.098,0.000,0.038,0.040,0.957,255,1444
36271640,-0.366,2.561,0.366,-0.244,-0.043,1.059,255,1444
36272377,-1.280,2.500,0.183,-0.352,0.017,1.180,255,1444
36273640,-2.256,2.012,1.220,-0.055,0.049,1.098,255,1444
36274377,-2.439,1.098,0.793,-0.013,0.062,1.107,255,1444
36275640,-0.122,0.549,-0.305,0.464,0.066,1.020,255,1444
36276376,-0.122,0.549,-0.305,0.464,0.066,1.020,255,1444
36277640,-0.976,2.256,0.122,-0.316,-0.038,1.105,255,1444
36278377,-1.524,2.500,0.610,-0.298,0.003,1.210,255,1444
36279640,-2.378,2.073,1.768,-0.013,0.067,1.105,255,1444
36280377,-2.073,1.341,0.915,-0.044,0.013,1.058,255,1444
36281640,-0.061,0.610,-0.244,0.461,0.065,1.050,255,1444
36282402,-0.061,0.610,-0.244,0.461,0.065,1.050,255,1444
36283639,-0.854,1.890,-0.366,-0.341,-0.028,1.101,255,1444
36284725,-1.463,2.622,0.671,-0.214,0.044,1.228,255,1444
36285480,-2.439,2.134,1.707,-0.039,0.023,1.091,255,1453
36286638,-2.012,1.341,0.610,-0.063,0.042,1.036,255,1453
36287372,-0.488,1.037,0.061,0.334,0.068,0.838,255,1453
36288639,0.061,0.366,0.000,-0.115,0.021,0.888,255,1453
36289358,0.061,0.366,0.000,-0.115,0.021,0.888,255,1453
36290638,-1.585,2.439,1.098,-0.224,0.049,1.150,255,1453
36291366,-2.683,2.134,1.402,-0.091,0.019,1.135,255,1453
36292638,-1.402,1.402,0.305,0.014,0.058,0.983,255,1453
36293362,-0.305,1.220,0.183,0.374,0.049,0.880,255,1453
36294638,-0.061,0.366,-0.183,0.233,0.046,1.001,255,1453
36295372,-0.061,0.366,0.061,-0.074,0.006,0.872,255,1453
36296639,-1.585,2.622,1.159,-0.249,0.004,1.120,255,1453
36297359,-2.805,2.439,1.098,-0.063,0.035,1.169,255,1453
36298638,-1.646,1.646,0.549,0.107,0.058,0.896,255,1453
36299373,-0.061,0.793,0.305,0.323,0.028,0.863,255,1453
36300639,0.305,0.061,-0.244,0.180,0.066,1.016,255,1453
36301359,-0.061,0.427,0.183,-0.064,0.011,0.949,255,1453
36302638,-1.890,2.988,1.280,-0.258,0.018,1.123,255,1453
36303372,-1.890,2.988,1.280,-0.258,0.018,1.123,255,1453
36304638,-0.976,2.012,0.488,0.090,0.051,0.840,255,1453
36305361,-0.122,1.098,-0.183,0.299,0.057,0.910,255,1453
36306638,0.244,-0.122,-0.671,0.208,0.051,0.979,255,1453
36307364,-0.488,0.183,0.122,-0.111,0.027,1.007,255,1453
36308638,-2.195,2.683,0.976,-0.119,0.012,1.020,255,1453
36309357,-2.195,2.683,0.976,-0.119,0.012,1.020,255,1453
36310638,-0.854,2.195,0.671,0.048,0.004,0.799,255,1453
36311374,-0.122,0.793,-0.183,0.334,0.064,0.960,255,1453
36312639,0.671,-0.305,0.000,0.220,0.095,0.960,255,1453
36313343,-0.549,0.305,0.549,-0.198,-0.011,1.043,255,1453
36314639,-1.646,2.134,0.244,-0.371,0.001,1.215,255,1453
36315429,-2.317,2.927,1.341,-0.012,0.004,1.020,255,1453
36316639,-0.793,2.256,0.793,0.058,-0.006,0.822,255,1453
36317386,0.061,0.549,-0.183,0.375,0.087,0.958,255,1453
36318638,0.854,-0.244,0.183,0.155,0.064,0.947,255,1453
36319349,-0.732,0.488,0.183,-0.255,0.025,1.108,255,1453
36320638,-1.341,1.951,0.427,-0.265,0.006,1.066,255,1453
36321352,-2.195,3.049,1.524,0.016,0.020,1.110,255,1453
36322638,-0.366,2.134,0.000,0.159,-0.023,0.775,255,1453
36323374,-0.366,2.134,0.000,0.159,-0.023,0.775,255,1453
36324639,0.732,-0.488,-0.061,0.069,0.039,0.917,255,1453
36325361,-1.159,0.366,-0.061,-0.276,0.044,1.116,255,1453
36326638,-1.280,1.768,0.488,-0.210,0.003,1.038,255,1453
36327369,-2.317,2.927,1.402,-0.000,-0.014,1.153,255,1453
36328638,-2.012,2.927,0.732,-0.132,0.043,1.064,255,1453
36329376,-0.183,2.134,0.122,0.268,-0.047,0.807,255,1453
36330639,0.305,-0.976,0.244,0.051,-0.007,0.909,255,1453
36331366,-1.463,0.427,0.305,-0.276,0.075,1.202,255,1453
36332639,-1.220,2.378,0.976,-0.150,-0.028,0.975,255,1453
36333719,-2.439,3.537,1.037,-0.030,0.009,1.221,255,1453
36334641,-2.134,2.988,0.610,-0.050,0.021,0.934,255,1463
36335421,0.000,2.012,-0.061,0.245,-0.019,0.869,255,1463
36336639,0.427,-1.098,0.305,0.075,-0.004,0.854,255,1463
36337388,0.427,-1.098,0.305,0.075,-0.004,0.854,255,1463
36338639,-1.220,2.439,0.793,-0.171,0.000,0.984,255,1463
36339376,-2.683,3.720,1.037,0.030,-0.004,1.210,255,1463
36340640,-1.585,2.988,0.793,-0.050,0.019,0.842,255,1463
36341374,-0.244,1.829,-0.427,0.223,-0.000,0.929,255,1463
36342640,0.183,-1.037,0.305,0.078,-0.018,0.975,255,1463
36343380,0.183,-1.037,0.305,0.078,-0.018,0.975,255,1463
36344640,-1.220,2.927,0.915,-0.055,-0.039,1.015,255,1463
36345376,-2.500,3.659,1.220,0.042,0.020,1.202,255,1463
36346640,-1.159,2.805,0.732,-0.086,-0.020,0.715,255,1463
36347378,0.061,1.524,-0.488,0.234,0.023,1.060,255,1463
36348640,0.671,-0.427,0.000,0.181,0.202,1.001,255,1463
36349360,0.000,-1.037,0.244,0.008,-0.059,1.075,255,1463
36350640,-1.646,3.293,1.037,0.075,-0.076,1.018,255,1463
36351373,-2.805,3.598,1.402,-0.069,0.032,1.176,255,1463
36352639,-1.098,2.866,0.427,-0.050,-0.046,0.703,255,1463
36353380,-0.610,0.976,-0.732,0.271,0.050,1.052,255,1463
36354639,0.183,-1.098,0.244,0.119,0.168,0.942,255,1463
36355373,-0.976,-0.793,0.366,-0.044,-0.032,1.210,255,1463
36356639,-2.012,3.659,1.159,0.099,-0.078,1.061,255,1463
36357501,-2.622,3.659,0.915,-0.109,0.067,1.202,255,1463
36358639,-0.732,2.378,0.122,0.031,-0.087,0.735,255,1463
36359380,-0.488,0.305,-0.183,0.216,0.132,1.038,255,1463
36360640,0.427,-1.341,0.549,0.127,0.127,0.919,255,1463
36361375,-0.976,-0.793,0.488,-0.118,0.020,1.234,255,1463
36362639,-1.220,2.073,0.732,-0.239,0.049,1.050,255,1463
36363384,-1.829,3.720,1.280,0.078,-0.086,1.032,255,1463
36364640,-0.854,2.561,0.061,0.065,-0.087,0.840,255,1463
36365379,-0.549,0.000,-0.305,0.123,0.152,1.070,255,1463
36366640,0.183,-1.341,0.366,0.214,0.064,0.945,255,1463
36367379,-1.280,-0.549,0.610,-0.190,0.076,1.219,255,1463
36368640,-0.732,2.317,0.793,-0.144,-0.029,0.978,255,1463
36369380,-1.646,4.024,1.037,0.042,-0.021,1.063,255,1463
36370640,-0.549,2.012,-0.061,0.049,-0.059,0.953,255,1463
36371380,-0.549,2.012,-0.061,0.049,-0.059,0.953,255,1463
36372640,0.366,-1.585,0.854,0.218,0.086,1.042,255,1463
36373379,-1.402,-0.061,0.549,-0.243,0.043,1.210,255,1463
36374640,-1.098,2.744,0.671,-0.071,-0.040,0.902,255,1463
36375380,-2.073,4.146,0.915,-0.010,-0.026,1.140,255,1463
36376640,-0.793,1.585,-0.305,-0.050,0.052,1.072,255,1463
36377381,-0.793,1.585,-0.305,-0.050,0.052,1.072,255,1463
36378639,-0.244,-1.585,0.732,0.120,0.143,1.146,255,1463
36379382,-1.159,0.122,0.366,-0.266,0.010,1.121,255,1463
36380640,-1.159,3.110,0.732,0.021,-0.021,0.967,255,1463
36381374,-2.500,4.634,1.220,-0.085,-0.035,1.142,255,1463
36382665,-1.159,3.354,0.488,-0.033,-0.072,0.849,255,1463
36383713,0.122,-1.037,-0.061,0.287,0.152,0.918,255,1463
36384641,-0.976,-1.646,0.671,-0.006,0.083,1.175,255,1473
36385421,-1.220,1.037,0.488,-0.166,0.030,0.994,255,1473
36386639,-1.463,3.841,0.793,0.045,-0.021,1.181,255,1473
36387386,-2.378,4.512,0.854,-0.177,-0.052,1.005,255,1473
36388639,-1.524,3.110,0.000,-0.002,-0.053,0.885,255,1473
36389377,-1.159,0.854,-0.183,0.045,0.117,1.063,255,1473
36390640,-1.341,-1.463,0.671,-0.108,0.098,1.235,255,1473
36391387,-1.341,-1.463,0.671,-0.108,0.098,1.235,255,1473
36392639,-1.890,3.902,0.610,-0.022,-0.051,1.274,255,1473
36393381,-2.195,4.573,0.488,-0.226,-0.006,0.885,255,1473
36394639,-1.280,2.439,-0.305,0.077,-0.094,0.996,255,1473
36395378,-0.549,-0.183,-0.061,0.038,0.183,1.015,255,1473
36396640,0.244,-1.890,0.549,0.262,0.079,0.914,255,1473
36397379,-1.220,-0.976,0.427,-0.130,0.080,1.245,255,1473
36398640,-1.829,4.207,0.854,-0.093,-0.081,1.200,255,1473
36399377,-1.524,4.695,0.915,-0.162,0.014,0.914,255,1473
36400639,-1.280,2.500,0.244,0.039,-0.064,1.064,255,1473
36401380,-0.122,-0.122,0.122,0.055,0.198,0.919,255,1473
36402640,-0.122,-1.463,0.610,0.282,0.082,1.099,255,1473
36403372,-0.915,-0.366,0.610,-0.129,0.089,1.094,255,1473
36404640,-2.195,4.390,0.305,-0.187,-0.036,1.173,255,1473
36405380,-2.195,4.390,0.305,-0.187,-0.036,1.173,255,1473
36406640,-1.341,1.585,-0.183,-0.078,-0.016,1.106,255,1473
36407507,0.305,-0.610,0.061,0.130,0.226,0.937,255,1473
36408639,-0.305,-1.829,0.671,0.293,0.061,1.185,255,1473
36409371,-0.976,0.122,0.793,-0.174,0.066,0.960,255,1473
36410639,-2.012,4.573,0.610,-0.122,-0.039,1.057,255,1473
36411374,-2.012,4.573,0.610,-0.122,-0.039,1.057,255,1473
36412640,-1.037,1.159,-0.488,-0.161,0.052,1.105,255,1473
36413388,0.488,-0.976,0.305,0.354,0.190,0.985,255,1473
36414639,-0.732,-1.585,1.280,0.144,0.089,1.141,255,1473
36415371,-0.610,1.037,0.671,-0.150,0.002,0.903,255,1473
36416640,-1.280,3.720,0.305,-0.035,-0.032,1.075,255,1473
36417375,-1.829,4.268,0.610,-0.101,-0.102,1.003,255,1473
36418640,-1.098,0.610,-0.488,-0.038,0.070,1.038,255,1473
36419375,0.061,-1.220,0.671,0.447,0.192,1.113,255,1473
36420640,-1.098,-1.341,0.488,-0.032,0.048,1.098,255,1473
36421378,-0.793,1.585,0.366,-0.021,0.008,0.869,255,1473
36422639,-1.768,4.085,0.305,-0.092,-0.008,1.221,255,1473
36423371,-1.707,4.268,0.610,-0.138,-0.130,0.934,255,1473
36424640,-0.671,0.244,0.183,0.169,0.095,0.885,255,1473
36425383,-0.671,0.244,0.183,0.169,0.095,0.885,255,1473
36426639,-0.793,-0.732,0.427,-0.102,0.069,1.085,255,1473
36427370,-1.220,2.195,0.366,0.072,-0.051,0.999,255,1473
36428639,-1.890,4.329,0.488,-0.253,-0.026,1.208,255,1473
36429381,-1.890,3.902,0.488,-0.099,-0.103,0.973,255,1473
36430639,-1.585,1.646,0.000,-0.167,0.071,1.036,255,1473
36431378,-0.183,0.122,0.732,0.251,0.088,0.829,255,1473
36432640,-0.732,-0.183,0.610,0.007,0.062,0.929,255,1473
36433663,-1.280,2.500,0.427,-0.016,-0.073,1.099,255,1473
36434639,-1.585,4.268,0.000,-0.309,-0.045,1.018,255,1483
36435430,-1.951,3.293,0.305,-0.033,-0.078,1.117,255,1483
36436639,-1.646,0.793,0.244,-0.202,0.116,1.038,255,1483
36437381,0.061,-0.610,0.732,0.315,0.085,0.875,255,1483
36438639,-0.366,0.549,0.732,0.062,-0.004,0.898,255,1483
36439422,-0.366,0.549,0.732,-0.173,-0.097,1.113,255,1483
36440640,-1.220,4.268,0.122,-0.207,-0.027,0.967,255,1483
36441413,-1.768,2.622,0.671,-0.048,-0.014,1.201,255,1483
36442639,-0.915,0.793,0.305,-0.175,0.092,1.001,255,1483
36443383,0.244,-0.854,0.305,0.374,0.153,1.011,255,1483
36444639,-0.732,1.159,0.793,0.000,-0.029,0.915,255,1483
36445378,-0.732,1.159,0.793,0.000,-0.029,0.915,255,1483
36446640,-1.280,4.451,0.488,-0.085,-0.049,0.978,255,1483
36447379,-2.012,2.256,0.610,-0.188,0.021,1.209,255,1483
36448639,-0.549,0.366,0.000,-0.020,0.066,0.954,255,1483
36449424,-0.366,-0.915,0.305,0.396,0.220,1.103,255,1483
36450640,-0.732,-0.793,0.732,0.197,0.004,1.000,255,1483
36451408,-0.793,2.012,0.305,-0.095,0.023,1.024,255,1483
36452639,-1.341,3.720,0.915,-0.089,-0.081,0.982,255,1483
36453377,-1.951,1.341,0.244,-0.275,0.068,1.112,255,1483
36454640,-0.854,-0.183,0.610,0.235,0.110,0.912,255,1483
36455378,-0.549,-0.732,0.915,0.333,0.192,1.124,255,1483
36456640,-0.305,0.183,0.427,0.141,-0.055,0.931,255,1483
36457370,-1.037,2.988,-0.244,-0.138,0.014,1.069,255,1483
36458639,-1.646,3.293,0.854,-0.177,-0.004,1.134,255,1483
36459378,-1.646,3.293,0.854,-0.177,-0.004,1.134,255,1483
36460640,-0.793,-0.366,0.732,0.372,0.139,0.959,255,1483
36461371,-0.488,-0.427,0.671,0.258,0.151,1.158,255,1483
36462640,-0.427,0.915,0.305,0.136,-0.040,0.908,255,1483
36463369,-1.220,3.171,-0.183,-0.204,-0.013,1.159,255,1483
36464640,-1.341,3.902,0.549,-0.241,-0.119,0.889,255,1483
36465506,-2.195,2.683,0.305,-0.204,0.035,1.255,255,1483
36466639,-0.732,-0.732,0.488,0.346,0.156,0.973,255,1483
36467372,-0.183,-0.427,0.244,0.252,0.090,1.009,255,1483
36468639,-0.610,1.098,0.244,0.095,-0.007,1.060,255,1483
36469372,-0.854,3.537,-0.122,-0.320,-0.080,0.980,255,1483
36470640,-1.037,4.024,0.610,-0.201,-0.098,1.068,255,1483
36471503,-2.012,2.317,0.915,-0.190,0.104,1.254,255,1483
36472639,-0.549,-0.549,0.305,0.282,0.223,1.039,255,1483
36473380,-0.549,-0.549,0.305,0.282,0.223,1.039,255,1483
36474640,-1.037,1.768,0.183,-0.081,-0.012,1.055,255,1483
36475375,-0.915,3.476,-0.305,-0.385,-0.104,0.958,255,1483
36476640,-2.195,3.293,0.732,-0.141,-0.006,1.120,255,1483
36477509,-2.317,1.341,0.732,-0.175,0.068,1.169,255,1483
36478639,-1.280,-0.061,0.610,0.354,0.181,0.929,255,1483
36479376,-0.549,-1.037,0.061,0.354,0.181,0.929,255,1483
36480640,-1.402,2.317,-0.244,-0.296,-0.013,1.108,255,1483
36481509,-0.793,3.659,-0.122,-0.263,-0.140,1.038,255,1483
36482639,-2.439,2.866,1.098,-0.209,0.075,1.136,255,1483
36483730,-1.768,0.976,1.098,-0.133,0.052,0.941,255,1483
36484514,-0.976,0.061,0.610,0.299,0.151,1.021,255,1492
36485638,-0.244,0.732,0.366,0.155,-0.084,0.970,255,1492
36486373,-0.244,0.732,0.366,0.155,-0.084,0.970,255,1492
36487639,-1.159,3.659,0.610,-0.148,-0.148,1.066,255,1492
36488359,-2.622,2.561,1.098,-0.277,0.117,1.192,255,1492
36489638,-1.707,1.159,0.976,-0.012,0.017,0.908,255,1492
36490378,-1.037,-0.244,0.488,0.382,0.212,1.104,255,1492
36491639,0.000,-0.183,0.427,0.404,0.037,0.893,255,1492
36492359,-0.488,1.463,0.000,-0.061,0.004,1.048,255,1492
36493638,-1.585,3.415,0.976,-0.189,-0.055,1.182,255,1492
36494366,-2.134,1.951,1.280,-0.303,0.117,1.173,255,1492
36495638,-1.159,0.732,1.159,0.208,0.019,0.979,255,1492
36496365,-0.427,-0.122,0.488,0.361,0.207,1.084,255,1492
36497639,-0.183,0.366,0.061,0.358,-0.024,0.840,255,1492
36498370,-1.098,2.134,-0.183,-0.196,0.018,1.032,255,1492
36499638,-2.317,3.049,0.732,-0.247,0.002,1.181,255,1492
36500360,-2.317,3.049,0.732,-0.247,0.002,1.181,255,1492
36501639,-1.341,0.427,0.854,0.262,0.058,1.063,255,1492
36502374,0.061,0.061,0.122,0.354,0.178,1.011,255,1492
36503639,0.061,0.305,0.122,0.314,-0.024,0.977,255,1492
36504352,-1.098,2.378,-0.305,-0.371,-0.012,1.017,255,1492
36505638,-0.854,3.415,0.000,-0.263,-0.124,1.183,255,1492
36506497,-2.805,2.561,0.549,-0.275,0.072,1.130,255,1492
36507638,-1.402,0.244,0.671,0.271,0.144,1.039,255,1492
36508365,0.122,0.122,0.122,0.479,0.081,0.905,255,1492
36509639,-0.793,0.854,0.122,0.063,0.007,1.108,255,1492
36510366,-0.732,2.805,-0.732,-0.369,-0.105,1.005,255,1492
36511638,-1.280,2.988,0.122,-0.274,-0.019,1.134,255,1492
36512498,-2.500,2.073,0.976,-0.221,0.042,1.227,255,1492
36513638,-0.793,0.610,0.427,0.329,0.185,0.984,255,1492
36514364,-0.793,0.610,0.427,0.329,0.185,0.984,255,1492
36515638,-0.854,1.402,-0.183,-0.234,0.034,1.133,255,1492
36516360,-0.854,2.744,-0.488,-0.295,-0.152,0.889,255,1492
36517638,-2.134,2.805,0.366,-0.309,0.037,1.299,255,1492
36518509,-2.378,1.768,1.159,-0.134,0.007,1.081,255,1492
36519638,-0.122,0.488,0.427,0.430,0.169,0.998,255,1492
36520366,-0.122,0.488,0.427,0.430,0.169,0.998,255,1492
36521638,-0.488,1.646,-0.366,-0.313,-0.034,1.018,255,1492
36522493,-0.793,2.683,0.244,-0.306,-0.043,1.005,255,1492
36523638,-2.256,2.683,0.793,-0.311,-0.007,1.264,255,1492
36524374,-1.951,1.402,1.280,-0.010,0.075,0.960,255,1492
36525639,-1.524,0.915,0.915,0.258,0.127,1.091,255,1492
36526376,0.427,0.427,0.610,0.478,0.079,0.802,255,1492
36527639,-1.280,1.890,-0.122,-0.341,-0.050,0.988,255,1492
36528499,-1.829,3.110,0.366,-0.366,-0.032,1.238,255,1492
36529638,-2.744,2.622,0.610,-0.238,-0.010,1.140,255,1492
36530377,-1.646,1.220,0.976,0.110,0.127,0.949,255,1492
36531639,-1.159,0.488,0.854,0.308,0.090,0.985,255,1492
36532373,0.366,0.488,0.488,0.492,0.055,0.859,255,1492
36533639,-0.549,2.256,0.061,-0.330,-0.127,1.010,255,1492
36534689,-1.646,2.500,0.427,-0.397,0.025,1.210,255,1492
36535641,-2.439,2.256,1.280,-0.093,0.038,1.135,255,1502
36536428,-2.012,1.098,1.159,0.186,0.080,1.051,255,1502
36537639,-0.366,0.488,0.793,0.333,0.178,0.887,255,1502
36538369,0.488,0.427,0.671,0.485,-0.022,0.924,255,1502
36539639,-0.488,1.341,0.061,-0.327,0.006,1.025,255,1502
36540359,-0.915,2.256,-0.122,-0.368,-0.096,0.969,255,1502
36541640,-2.256,2.256,1.524,0.032,0.050,1.079,255,1502
36542511,-1.463,1.098,0.610,0.162,0.089,1.080,255,1502
36543639,0.366,0.427,0.244,0.550,0.116,0.799,255,1502
36544365,0.061,0.122,0.427,0.201,0.046,1.091,255,1502
36545639,-0.427,1.402,-0.122,-0.401,-0.082,0.932,255,1502
36546493,-1.463,2.561,0.122,-0.362,-0.034,1.250,255,1502
36547639,-2.195,1.585,1.463,0.074,0.057,0.980,255,1502
36548376,-2.195,1.585,1.463,0.074,0.057,0.980,255,1502
36549640,0.610,0.366,0.549,0.551,0.111,0.907,255,1502
36550370,-0.122,0.244,0.305,-0.110,-0.002,1.076,255,1502
36551640,-0.366,1.524,-0.305,-0.299,-0.095,1.003,255,1502
36552492,-2.012,2.500,-0.061,-0.429,0.044,1.275,255,1502
36553639,-1.890,1.646,0.793,0.147,0.161,1.038,255,1502
36554379,-1.890,1.646,0.793,0.147,0.161,1.038,255,1502
36555640,0.976,0.183,0.427,0.384,0.065,0.934,255,1502
36556363,-0.061,0.427,-0.305,-0.244,-0.053,0.950,255,1502
36557640,-1.098,1.829,-0.305,-0.323,-0.003,1.037,255,1502
36558614,-2.683,2.988,0.244,-0.452,-0.050,1.317,255,1502
36559639,-2.317,2.561,0.915,0.021,0.050,1.057,255,1502
36560376,-1.159,1.220,0.976,0.274,0.079,1.036,255,1502
36561640,0.610,-0.183,0.305,0.170,0.028,1.130,255,1502
36562378,0.000,0.793,0.061,-0.231,-0.039,0.937,255,1502
36563640,-1.402,2.256,-0.061,-0.443,-0.032,1.201,255,1502
36564506,-2.622,2.927,0.610,-0.375,0.010,1.130,255,1502
36565639,-2.378,2.073,1.037,0.244,0.092,1.061,255,1502
36566379,-0.854,1.280,0.915,0.301,0.040,0.976,255,1502
36567639,0.122,-0.122,-0.122,0.081,-0.060,1.075,255,1502
36568370,0.122,-0.122,-0.122,0.081,-0.060,1.075,255,1502
36569639,-2.195,2.927,-0.244,-0.477,-0.042,1.296,255,1502
36570509,-2.622,2.683,0.732,-0.059,0.006,0.990,255,1502
36571639,-2.012,1.951,1.159,0.180,0.127,1.075,255,1502
36572369,0.183,1.098,0.732,0.369,0.055,0.806,255,1502
36573639,0.915,0.122,0.122,0.437,0.110,0.980,255,1502
36574368,0.122,0.366,0.122,-0.189,-0.053,1.003,255,1502
36575640,-2.744,2.805,0.061,-0.343,0.010,1.230,255,1502
36576365,-2.561,2.683,1.341,0.082,0.032,1.110,255,1502
36577640,-1.463,1.829,0.915,0.135,0.080,0.972,255,1502
36578382,0.732,0.671,0.366,0.539,0.103,0.853,255,1502
36579640,0.854,-0.122,0.183,0.224,0.053,1.078,255,1502
36580371,0.061,0.915,0.000,-0.367,-0.093,0.938,255,1502
36581639,-3.049,2.927,0.793,-0.171,-0.010,1.128,255,1502
36582376,-3.049,2.927,0.793,-0.171,-0.010,1.128,255,1502
36583640,-0.427,1.585,0.610,0.267,0.079,0.910,255,1502
36584688,1.220,0.244,0.610,0.554,0.100,0.876,255,1502
36585641,0.671,-0.061,0.305,-0.073,-0.046,1.074,255,1512
36586416,-0.671,1.220,-0.244,-0.404,-0.008,1.060,255,1512
36587639,-3.354,2.866,1.280,-0.056,-0.029,1.104,255,1512
36588504,-3.354,2.866,1.280,-0.056,-0.029,1.104,255,1512
36589639,0.122,1.220,0.793,0.524,0.039,0.822,255,1512
36590378,0.732,0.183,0.732,0.300,0.126,0.993,255,1512
36591640,0.244,0.488,0.000,-0.222,-0.113,0.977,255,1512
36592358,-1.707,2.012,-0.305,-0.378,0.019,1.206,255,1512
36593639,-2.622,2.805,0.610,-0.317,-0.054,1.138,255,1512
36594374,-3.232,2.805,0.976,0.010,0.066,1.166,255,1512
36595640,0.976,0.488,0.549,0.489,0.087,1.003,255,1512
36596376,1.098,-0.366,-0.122,0.065,0.051,0.978,255,1512
36597640,-0.183,0.488,0.061,-0.225,-0.072,1.023,255,1512
36598371,-1.890,2.012,-0.061,-0.521,0.025,1.179,255,1512
36599640,-2.866,2.927,0.427,-0.108,-0.047,1.128,255,1512
36600382,-3.110,2.195,0.732,0.106,0.148,1.125,255,1512
36601639,0.976,0.305,0.122,0.370,0.107,0.898,255,1512
36602368,0.976,0.305,0.122,0.370,0.107,0.898,255,1512
36603639,-1.402,1.159,0.183,-0.390,-0.031,1.137,255,1512
36604372,-2.683,2.561,-0.122,-0.462,-0.036,1.206,255,1512
36605640,-3.293,2.622,0.915,0.079,0.046,1.075,255,1512
36606501,-2.012,2.012,0.976,0.104,0.111,0.997,255,1512
36607639,0.549,1.037,0.549,0.436,0.058,0.836,255,1512
36608377,0.976,0.183,0.000,0.256,0.100,1.006,255,1512
36609640,-1.890,1.890,-0.366,-0.554,-0.038,1.193,255,1512
36610504,-2.378,2.622,0.305,-0.153,-0.016,1.101,255,1512
36611639,-3.354,2.683,1.098,0.071,0.123,1.242,255,1512
36612380,-0.793,1.646,0.793,0.208,-0.017,0.826,255,1512
36613640,0.793,0.549,0.122,0.398,0.178,0.978,255,1512
36614366,0.915,0.000,0.183,0.179,-0.013,0.910,255,1512
36615640,-2.073,2.073,-0.061,-0.440,-0.002,1.188,255,1512
36616572,-2.805,3.171,0.915,0.027,-0.017,1.062,255,1512
36617640,-2.561,2.561,0.671,0.010,0.132,1.081,255,1512
36618448,-0.061,0.976,0.366,0.388,0.032,0.865,255,1512
36619640,0.854,0.000,-0.061,0.343,0.144,0.992,255,1512
36620376,0.488,0.000,-0.061,-0.074,-0.079,0.938,255,1512
36621640,-2.622,2.561,0.427,-0.264,0.021,1.153,255,1512
36622370,-2.622,2.561,0.427,-0.264,0.021,1.153,255,1512
36623639,-1.402,1.707,0.732,0.127,0.059,0.848,255,1512
36624379,0.122,0.488,0.671,0.450,0.145,0.861,255,1512
36625640,0.732,-0.122,0.610,0.176,0.023,0.971,255,1512
36626355,-0.183,0.061,-0.122,-0.253,-0.020,1.080,255,1512
36627639,-2.256,1.951,-0.244,-0.397,-0.014,1.124,255,1512
36628617,-3.049,3.110,0.671,0.018,0.069,1.149,255,1512
36629639,-0.549,1.402,0.549,0.322,0.032,0.814,255,1512
36630376,0.610,0.366,0.549,0.284,0.187,1.015,255,1512
36631640,0.854,-0.305,0.305,0.130,-0.078,0.926,255,1512
36632366,-1.159,0.915,-0.061,-0.389,0.045,1.206,255,1512
36633639,-2.500,2.378,0.000,-0.342,-0.065,1.118,255,1512
36634693,-3.354,3.110,0.427,-0.029,0.016,1.103,255,1512
36635641,-0.427,0.976,0.732,0.331,0.056,0.919,255,1522
36636426,-0.427,0.976,0.732,0.331,0.056,0.919,255,1522
36637639,0.000,-0.183,0.366,-0.030,0.006,1.008,255,1522
36638367,-1.829,1.585,0.122,-0.478,-0.044,1.213,255,1522
36639640,-2.134,3.232,0.427,-0.225,-0.025,1.104,255,1522
36640388,-2.866,3.415,0.793,0.061,0.062,1.175,255,1522
36641640,-1.098,2.317,0.915,0.222,0.051,0.830,255,1522
36642374,-0.061,0.671,-0.183,0.254,0.094,1.019,255,1522
36643640,-0.854,0.366,0.366,-0.310,-0.020,1.188,255,1522
36644451,-1.768,2.073,-0.244,-0.418,-0.051,1.004,255,1522
36645640,-2.744,3.293,0.305,-0.039,0.012,1.305,255,1522
36646545,-2.317,2.744,0.915,0.058,0.090,1.040,255,1522
36647639,-0.244,1.463,0.610,0.274,0.021,0.906,255,1522
36648379,0.488,0.122,-0.061,0.273,0.149,0.871,255,1522
36649639,-1.890,1.098,-0.183,-0.469,0.013,1.197,255,1522
36650374,-1.890,1.098,-0.183,-0.469,0.013,1.197,255,1522
36651640,-3.110,3.232,1.098,-0.063,0.042,1.158,255,1522
36652379,-1.280,2.195,0.976,0.163,0.077,0.823,255,1522
36653640,-0.122,0.671,0.427,0.333,0.067,1.025,255,1522
36654377,0.732,-0.427,0.122,0.234,0.076,0.896,255,1522
36655640,-1.890,2.012,-0.183,-0.366,-0.008,1.105,255,1522
36656505,-1.890,2.012,-0.183,-0.366,-0.008,1.105,255,1522
36657639,-2.744,3.232,0.671,-0.036,0.062,1.153,255,1522
36658500,-0.366,1.463,0.671,0.327,0.034,0.858,255,1522
36659639,0.732,0.061,0.610,0.215,0.173,1.041,255,1522
36660374,0.976,-0.366,0.427,0.155,-0.062,0.896,255,1522
36661640,-1.159,1.037,0.122,-0.411,0.038,1.182,255,1522
36662369,-2.012,2.256,0.366,-0.194,-0.031,1.022,255,1522
36663640,-1.768,2.134,0.793,0.113,0.068,0.932,255,1522
36664383,-0.061,0.671,0.671,0.323,0.038,0.976,255,1522
36665639,1.159,0.061,0.061,0.181,0.145,0.855,255,1522
36666368,-0.122,0.122,0.610,0.005,-0.077,1.113,255,1522
36667639,-2.012,1.707,0.061,-0.401,0.025,1.146,255,1522
36668383,-2.378,2.927,0.244,-0.151,-0.033,1.179,255,1522
36669639,-0.976,1.402,0.793,0.256,0.018,0.849,255,1522
36670377,-0.976,1.402,0.793,0.256,0.018,0.849,255,1522
36671640,0.793,-0.061,0.183,0.301,-0.001,0.877,255,1522
36672413,-1.463,0.488,0.427,-0.299,0.017,1.204,255,1522
36673640,-1.829,2.439,0.061,-0.302,-0.062,0.983,255,1522
36674433,-2.622,3.354,0.549,-0.129,0.053,1.237,255,1522
36675640,-2.012,2.195,0.976,0.104,-0.002,1.023,255,1522
36676412,-0.427,1.159,0.915,0.152,0.104,0.997,255,1522
36677639,-0.183,-0.305,0.488,0.154,0.000,1.177,255,1522
36678374,-1.890,1.524,0.305,-0.443,-0.020,1.003,255,1522
36679640,-2.134,2.805,0.305,-0.146,-0.018,1.173,255,1522
36680389,-2.866,2.866,0.366,-0.047,0.012,1.100,255,1522
36681639,-1.341,1.524,0.732,0.116,0.092,0.844,255,1522
36682377,-0.244,0.732,0.122,0.193,0.036,0.983,255,1522
36683639,-1.098,0.610,0.488,-0.226,0.004,1.145,255,1522
36684696,-2.012,2.317,0.305,-0.270,-0.039,1.022,255,1522
36685641,-2.561,3.232,0.610,-0.142,0.035,1.258,255,1532
36686440,-2.134,2.378,0.793,0.017,0.002,1.013,255,1532
36687639,-0.793,1.159,0.793,0.124,0.059,0.971,255,1532
36688379,0.488,0.183,0.366,0.278,0.103,0.963,255,1532
36689640,-1.890,1.098,0.549,-0.304,-0.003,1.077,255,1532
36690373,-1.890,1.098,0.549,-0.304,-0.003,1.077,255,1532
36691640,-2.805,3.415,0.732,-0.186,0.015,1.138,255,1532
36692372,-1.707,1.890,0.732,0.158,0.032,0.940,255,1532
36693640,-0.549,0.854,0.305,0.143,0.098,1.111,255,1532
36694377,0.854,-0.061,0.427,0.285,0.071,0.781,255,1532
36695640,-0.305,0.244,0.183,-0.044,-0.033,1.184,255,1532
36696371,-1.585,2.012,0.244,-0.276,0.020,1.010,255,1532
36697639,-1.768,2.805,0.671,-0.016,0.038,1.003,255,1532
36698377,-0.793,1.098,0.610,0.154,0.066,0.962,255,1532
36699640,0.427,0.000,0.244,0.148,0.096,0.876,255,1532
36700363,0.305,0.427,0.549,0.280,0.018,1.034,255,1532
36701640,-1.280,0.915,0.732,-0.209,0.041,1.146,255,1532
36702373,-1.463,2.378,0.305,-0.266,-0.070,0.963,255,1532
36703639,-1.463,1.890,0.976,0.148,0.044,1.036,255,1532
36704381,-1.463,1.890,0.976,0.148,0.044,1.036,255,1532
36705639,0.732,0.366,0.244,0.304,0.063,0.826,255,1532
36706367,-0.732,0.427,0.671,0.091,0.060,1.174,255,1532
36707639,-1.585,2.073,0.610,-0.276,-0.077,0.986,255,1532
36708363,-1.890,3.354,0.305,-0.274,0.045,1.258,255,1532
36709640,-1.890,2.805,0.915,0.024,-0.005,1.000,255,1532
36710372,-1.159,1.402,0.915,0.063,0.067,0.879,255,1532
36711639,0.183,-0.061,0.427,0.354,0.077,1.042,255,1532
36712377,-1.341,0.915,0.427,-0.190,-0.024,1.077,255,1532
36713640,-2.134,2.683,0.549,-0.228,-0.004,1.018,255,1532
36714375,-2.683,2.988,0.488,-0.150,0.006,1.225,255,1532
36715640,-1.768,2.378,0.854,0.012,0.009,1.058,255,1532
36716377,-0.610,1.037,0.061,0.043,0.055,0.956,255,1532
36717640,-0.427,0.305,0.854,0.152,0.009,1.112,255,1532
36718368,-0.427,0.305,0.854,0.152,0.009,1.112,255,1532
36719639,-1.707,2.866,0.488,-0.171,0.034,1.269,255,1532
36720372,-1.646,3.049,0.366,-0.124,-0.045,1.001,255,1532
36721640,-0.854,1.585,0.366,-0.022,0.085,1.021,255,1532
36722372,-0.244,0.488,0.366,0.208,0.064,0.898,255,1532
36723639,-1.341,1.098,0.305,-0.124,0.031,1.029,255,1532
36724375,-1.341,1.098,0.305,-0.124,0.031,1.029,255,1532
36725639,-2.256,3.171,0.183,-0.301,-0.021,1.164,255,1532
36726373,-1.890,2.622,0.427,-0.018,0.024,1.080,255,1532
36727640,-1.341,0.671,0.488,0.104,0.024,0.916,255,1532
36728380,-0.122,0.244,0.854,0.235,0.127,0.959,255,1532
36729640,-0.793,0.122,0.793,0.180,0.058,1.057,255,1532
36730368,-1.524,1.463,0.793,-0.069,-0.013,1.055,255,1532
36731639,-1.402,2.866,0.366,-0.199,-0.024,0.988,255,1532
36732384,-1.098,1.646,1.037,0.112,0.088,1.065,255,1532
36733640,-0.305,0.366,0.610,0.107,0.019,0.952,255,1532
36734667,0.427,0.244,0.305,0.243,0.153,0.986,255,1532
36735641,-1.098,0.610,0.427,0.114,-0.023,1.031,255,1541
36736424,-1.768,2.073,0.183,-0.213,-0.002,1.100,255,1541
36737639,-2.012,2.256,0.976,0.062,-0.014,1.056,255,1541
36738454,-2.012,2.256,0.976,0.062,-0.014,1.056,255,1541
36739640,-0.061,0.366,0.671,0.199,0.108,0.903,255,1541
36740431,-0.427,0.183,0.427,0.336,0.062,1.044,255,1541
36741640,-1.159,1.463,0.549,-0.104,-0.013,1.062,255,1541
36742436,-1.646,2.805,-0.549,-0.335,0.010,1.040,255,1541
36743640,-1.890,3.171,-0.061,-0.113,-0.073,1.125,255,1541
36744529,-1.280,2.012,1.037,-0.019,0.134,1.094,255,1541
36745639,0.000,0.183,0.671,0.383,0.190,0.942,255,1541
36746382,-0.671,0.549,0.427,0.104,-0.066,1.050,255,1541
36747639,-1.341,1.890,-0.244,-0.258,0.032,1.080,255,1541
36748378,-1.585,2.744,-0.305,-0.212,-0.041,1.200,255,1541
36749640,-1.707,2.439,0.610,-0.067,-0.003,1.091,255,1541
36750508,-1.280,1.037,0.488,-0.077,0.108,0.926,255,1541
36751639,-0.122,0.305,0.610,0.290,0.109,0.987,255,1541
36752371,-0.122,0.305,0.610,0.290,0.109,0.987,255,1541
36753640,-1.829,2.439,-0.427,-0.217,-0.019,1.042,255,1541
36754504,-1.890,2.927,0.488,-0.205,-0.057,1.160,255,1541
36755639,-1.890,1.768,0.488,-0.114,0.070,1.069,255,1541
36756379,-0.976,0.854,0.488,0.150,0.035,1.014,255,1541
36757640,-0.122,0.549,0.183,0.143,-0.041,1.032,255,1541
36758377,-0.122,0.549,0.183,0.143,-0.041,1.032,255,1541
36759640,-1.280,2.805,-0.244,-0.272,-0.052,1.156,255,1541
36760507,-1.829,2.256,0.366,-0.143,-0.020,1.058,255,1541
36761639,-1.646,1.159,0.915,-0.026,0.114,0.962,255,1541
36762382,-0.549,0.732,1.098,0.296,0.067,0.957,255,1541
36763640,-0.366,0.732,0.183,0.295,0.116,0.971,255,1541
36764368,-0.854,0.976,0.244,0.021,-0.010,1.043,255,1541
36765639,-1.402,2.561,-0.305,-0.271,-0.077,1.125,255,1541
36766502,-2.317,1.707,0.793,-0.062,0.124,1.167,255,1541
36767639,-1.463,0.915,1.159,0.132,0.001,0.980,255,1541
36768375,-0.549,0.793,0.427,0.281,0.185,0.979,255,1541
36769640,-0.610,0.793,0.061,0.282,-0.049,1.029,255,1541
36770374,-1.159,1.951,-0.244,-0.202,0.020,1.039,255,1541
36771640,-1.951,2.378,0.305,-0.106,0.048,1.092,255,1541
36772378,-1.951,2.378,0.305,-0.106,0.048,1.092,255,1541
36773640,-0.549,0.732,0.488,0.229,0.087,0.921,255,1541
36774377,-0.305,0.610,0.244,0.365,0.151,1.024,255,1541
36775640,-0.427,0.915,0.427,0.089,-0.064,1.032,255,1541
36776364,-1.098,2.134,-0.854,-0.378,-0.051,1.006,255,1541
36777639,-1.524,2.622,0.000,-0.223,-0.018,1.130,255,1541
36778505,-2.073,1.768,1.220,-0.085,0.036,1.198,255,1541
36779639,-0.488,0.305,0.549,0.368,0.202,0.946,255,1541
36780376,-0.671,0.366,0.244,0.346,-0.031,1.012,255,1541
36781640,-1.159,1.768,-0.549,-0.254,0.008,1.076,255,1541
36782371,-1.098,2.744,-0.610,-0.312,-0.077,1.177,255,1541
36783640,-2.073,2.378,0.610,-0.132,-0.003,1.039,255,1541
36784728,-1.037,0.793,0.732,0.305,0.127,0.954,255,1541
36785494,-1.037,0.793,0.732,0.305,0.127,0.954,255,1551
36786638,-0.366,0.793,0.366,0.025,-0.029,1.018,255,1551
36787371,-1.098,2.134,-0.671,-0.329,-0.078,1.017,255,1551
36788639,-1.463,2.500,0.244,-0.271,-0.046,1.110,255,1551
36789504,-2.256,2.134,1.220,-0.167,0.058,1.202,255,1551
36790638,-1.159,1.037,1.280,0.125,0.081,0.966,255,1551
36791375,-0.488,0.305,1.098,0.388,0.161,0.961,255,1551
36792639,-0.915,1.524,0.061,-0.188,-0.004,1.041,255,1551
36793367,-0.915,1.524,0.061,-0.188,-0.004,1.041,255,1551
36794639,-1.829,2.622,0.671,-0.255,-0.010,1.080,255,1551
36795372,-2.317,1.524,1.098,-0.040,0.101,0.969,255,1551
36796639,-1.159,1.159,1.220,0.302,0.089,0.987,255,1551
36797378,-0.244,0.610,0.610,0.358,0.129,0.957,255,1551
36798639,-0.976,2.073,-0.488,-0.351,-0.057,1.042,255,1551
36799497,-0.976,2.073,-0.488,-0.351,-0.057,1.042,255,1551
36800638,-2.378,2.195,0.793,-0.126,0.033,1.188,255,1551
36801572,-1.585,1.341,1.341,0.134,0.072,0.950,255,1551
36802639,-0.366,0.427,0.793,0.324,0.182,0.947,255,1551
36803413,-0.305,0.305,0.305,0.444,-0.011,0.962,255,1551
36804638,-0.915,1.524,0.061,-0.225,-0.011,1.084,255,1551
36805365,-1.098,2.256,-0.732,-0.396,-0.104,1.147,255,1551
36806639,-2.012,1.951,1.280,-0.031,0.078,0.972,255,1551
36807507,-1.037,1.220,1.159,0.277,0.149,1.006,255,1551
36808638,-0.061,0.427,0.549,0.491,0.083,0.977,255,1551
36809369,0.183,0.305,0.488,0.079,-0.005,1.010,255,1551
36810639,-0.427,2.195,-0.610,-0.394,-0.086,0.990,255,1551
36811493,-1.524,2.500,-0.244,-0.321,-0.028,1.198,255,1551
36812638,-1.402,1.646,0.854,0.176,0.096,0.940,255,1551
36813492,-0.305,0.427,0.549,0.418,0.137,0.918,255,1551
36814638,0.000,0.244,0.427,0.374,0.041,0.999,255,1551
36815351,-0.427,1.280,-0.122,-0.250,-0.073,1.074,255,1551
36816638,-1.159,2.317,-0.427,-0.343,-0.061,1.140,255,1551
36817619,-2.988,2.744,0.671,-0.338,-0.009,1.080,255,1551
36818638,-2.439,2.256,0.854,-0.012,0.074,0.989,255,1551
36819370,-1.220,1.159,1.159,0.369,0.117,1.029,255,1551
36820638,0.366,0.061,-0.122,0.043,0.000,0.994,255,1551
36821369,-0.244,2.073,-0.732,-0.349,-0.105,0.990,255,1551
36822638,-1.280,2.866,0.061,-0.411,-0.028,1.186,255,1551
36823497,-2.561,2.744,0.549,-0.228,0.066,1.163,255,1551
36824638,-1.646,1.768,1.098,0.314,0.087,1.023,255,1551
36825373,-0.305,0.549,1.037,0.359,0.174,0.937,255,1551
36826639,-0.366,0.793,-0.061,-0.267,-0.080,0.994,255,1551
36827491,-1.037,2.439,-0.183,-0.417,-0.038,1.171,255,1551
36828638,-3.049,2.744,0.305,-0.337,-0.021,1.082,255,1551
36829496,-2.927,2.195,1.341,0.093,0.136,1.000,255,1551
36830638,-1.220,1.098,1.341,0.350,0.120,1.010,255,1551
36831372,0.244,0.183,0.366,0.500,0.090,0.847,255,1551
36832640,-0.671,2.073,-0.549,-0.418,-0.123,1.022,255,1551
36833725,-1.829,2.988,-0.305,-0.402,-0.019,1.226,255,1551
36834624,-3.171,2.927,1.159,-0.124,0.054,1.132,255,1561
36835638,-1.646,1.402,1.341,0.230,0.120,1.004,255,1561
36836376,0.122,0.732,1.280,0.433,0.175,0.913,255,1561
36837639,0.793,0.183,0.854,0.387,-0.009,1.067,255,1561
36838359,-0.122,1.341,-0.061,-0.366,-0.062,0.928,255,1561
36839638,-2.622,3.171,0.671,-0.263,-0.047,1.132,255,1561
36840583,-2.439,1.890,1.098,0.048,0.149,0.983,255,1561
36841639,-0.854,1.037,1.037,0.385,0.130,0.985,255,1561
36842411,0.976,0.183,0.976,0.559,0.103,0.888,255,1561
36843638,0.549,0.366,0.122,-0.096,-0.051,1.059,255,1561
36844357,-0.305,2.012,-0.732,-0.420,-0.155,0.921,255,1561
36845638,-2.134,3.049,0.061,-0.406,0.017,1.287,255,1561
36846496,-3.171,2.683,0.976,-0.082,0.031,1.135,255,1561
36847638,0.366,0.610,0.915,0.517,0.149,0.913,255,1561
36848362,0.854,-0.183,0.427,0.274,-0.003,1.025,255,1561
36849638,0.183,1.341,-0.244,-0.374,-0.129,0.930,255,1561
36850358,-1.768,2.683,-0.244,-0.440,-0.009,1.218,255,1561
36851638,-3.293,2.927,0.427,-0.259,-0.036,1.080,255,1561
36852502,-2.561,1.890,0.976,0.117,0.178,1.046,255,1561
36853638,1.159,0.061,0.732,0.508,0.063,0.857,255,1561
36854367,1.159,0.061,0.732,0.508,0.063,0.857,255,1561
36855638,-0.976,2.622,-0.366,-0.412,-0.157,0.983,255,1561
36856504,-2.744,3.415,0.244,-0.465,0.007,1.220,255,1561
36857638,-3.171,2.561,0.915,0.022,0.065,1.098,255,1561
36858368,-1.646,1.402,1.402,0.275,0.149,1.141,255,1561
36859638,0.793,-0.061,0.915,0.229,-0.040,1.025,255,1561
36860377,1.098,-0.366,0.427,0.229,-0.040,1.025,255,1561
36861639,-1.585,2.988,-0.732,-0.489,-0.045,1.176,255,1561
36862503,-3.293,3.049,0.183,-0.167,0.009,1.075,255,1561
36863638,-2.622,2.073,1.463,0.171,0.182,1.109,255,1561
36864378,-0.488,0.244,1.280,0.399,0.121,0.934,255,1561
36865639,1.463,-0.366,0.488,0.506,0.054,0.881,255,1561
36866371,0.244,0.549,-0.061,-0.220,-0.049,1.049,255,1561
36867638,-3.110,3.537,-0.122,-0.347,0.002,1.195,255,1561
36868376,-3.110,3.537,-0.122,0.064,0.100,1.097,255,1561
36869638,-0.915,0.976,1.159,0.278,0.137,1.113,255,1561
36870372,1.402,-0.244,0.671,0.557,0.158,0.847,255,1561
36871638,0.915,0.061,0.610,0.099,-0.025,1.035,255,1561
36872374,-0.488,1.829,-0.549,-0.455,-0.124,0.977,255,1561
36873639,-3.110,3.293,0.732,-0.096,0.010,1.181,255,1561
36874496,-2.012,1.707,1.341,0.148,0.168,0.967,255,1561
36875638,0.305,-0.122,0.793,0.520,0.160,0.936,255,1561
36876368,1.037,-0.061,0.549,0.351,0.043,0.971,255,1561
36877638,0.244,0.915,-0.305,-0.291,-0.097,1.027,255,1561
36878355,-1.646,2.195,-0.793,-0.441,-0.131,1.046,255,1561
36879638,-3.049,3.659,0.488,-0.320,0.041,1.184,255,1561
36880510,-2.805,2.561,1.402,0.070,0.087,1.094,255,1561
36881638,1.098,-0.244,0.854,0.494,0.111,0.945,255,1561
36882371,0.610,0.183,-0.305,-0.036,-0.070,0.918,255,1561
36883638,-1.037,1.829,-0.732,-0.384,-0.110,1.018,255,1561
36884725,-2.561,3.354,0.122,-0.513,-0.044,1.160,255,1561
36885509,-2.744,3.232,0.671,-0.074,0.022,1.203,255,1571
36886638,-1.463,1.524,1.037,0.298,0.204,1.000,255,1571
36887370,0.488,-0.366,1.280,0.523,0.127,0.932,255,1571
36888639,0.122,1.037,0.244,-0.218,-0.131,0.989,255,1571
36889359,-1.768,2.622,-0.244,-0.558,-0.061,1.201,255,1571
36890638,-3.049,3.354,0.305,-0.268,-0.026,1.051,255,1571
36891502,-2.744,2.317,1.341,0.176,0.175,1.081,255,1571
36892638,-0.732,0.610,1.585,0.436,0.130,1.013,255,1571
36893365,0.793,-0.732,0.610,0.380,0.107,0.978,255,1571
36894639,-1.646,2.622,-0.549,-0.498,-0.100,1.102,255,1571
36895496,-2.561,3.598,-0.244,-0.462,-0.050,1.115,255,1571
36896638,-2.683,3.110,1.159,0.085,0.071,1.212,255,1571
36897491,-1.159,1.037,1.341,0.275,0.169,1.033,255,1571
36898638,0.854,-0.610,0.732,0.480,0.127,0.882,255,1571
36899363,0.549,-0.610,0.427,0.190,0.037,1.003,255,1571
36900638,-2.134,2.927,-0.610,-0.572,-0.045,1.183,255,1571
36901489,-2.134,2.927,-0.610,-0.572,-0.045,1.183,255,1571
36902638,-2.683,2.012,1.220,0.162,0.192,1.112,255,1571
36903501,0.000,0.061,0.976,0.465,0.114,0.921,255,1571
36904638,0.915,-0.671,0.610,0.389,0.108,0.979,255,1571
36905348,0.061,0.244,0.000,-0.183,-0.139,0.961,255,1571
36906638,-1.951,2.744,-0.732,-0.548,-0.073,1.029,255,1571
36907493,-3.171,3.598,0.244,-0.272,-0.019,1.138,255,1571
36908638,-0.488,0.732,0.976,0.329,0.177,1.031,255,1571
36909360,1.098,-0.610,0.976,0.523,0.100,0.917,255,1571
36910639,0.915,-0.244,0.366,0.019,-0.018,0.980,255,1571
36911359,-0.854,1.829,-0.366,-0.481,-0.128,0.981,255,1571
36912639,-2.439,3.659,-0.122,-0.426,-0.004,1.214,255,1571
36913612,-3.110,3.537,0.793,-0.055,-0.006,1.187,255,1571
36914638,0.732,-0.488,1.220,0.550,0.126,0.970,255,1571
36915376,0.732,-0.488,1.220,0.550,0.126,0.970,255,1571
36916639,-0.244,0.732,-0.671,-0.324,-0.101,1.002,255,1571
36917492,-2.195,2.866,-0.427,-0.439,-0.049,1.116,255,1571
36918638,-3.171,3.659,0.671,-0.213,-0.038,1.180,255,1571
36919506,-2.561,2.195,0.854,0.104,0.177,1.060,255,1571
36920638,0.000,-0.061,1.220,0.469,0.070,1.023,255,1571
36921358,1.220,-0.427,0.488,0.338,0.160,0.909,255,1571
36922638,-1.890,2.378,-0.183,-0.483,-0.052,1.115,255,1571
36923514,-2.744,3.598,0.183,-0.389,-0.062,1.177,255,1571
36924638,-2.988,3.049,0.610,0.002,0.116,1.202,255,1571
36925366,-0.854,0.671,1.037,0.348,0.114,0.946,255,1571
36926639,0.488,-0.610,0.610,0.398,0.154,1.005,255,1571
36927377,0.793,-0.305,-0.244,0.168,-0.026,0.869,255,1571
36928639,-2.195,3.232,-0.366,-0.500,-0.064,1.165,255,1571
36929496,-3.293,3.415,0.305,-0.083,0.013,1.165,255,1571
36930638,-2.195,1.707,1.280,0.183,0.158,1.011,255,1571
36931378,0.488,-0.061,1.037,0.425,0.103,0.929,255,1571
36932663,1.037,-0.793,-0.244,0.307,0.103,0.876,255,1571
36933709,-0.122,0.549,-0.122,-0.119,-0.114,1.005,255,1571
36934639,-2.378,3.720,0.183,-0.208,0.002,1.161,255,1580
36935557,-2.622,2.561,1.402,0.049,0.147,1.258,255,1580
36936638,-0.732,0.427,0.976,0.340,0.056,0.959,255,1580
36937375,0.366,-0.671,0.427,0.359,0.183,0.939,255,1580
36938639,0.366,0.244,0.488,0.143,-0.121,0.962,255,1580
36939347,-1.341,2.500,-0.244,-0.529,-0.037,1.042,255,1580
36940638,-2.317,3.476,-0.488,-0.333,-0.050,1.134,255,1580
36941622,-1.524,0.732,1.341,0.208,0.118,0.965,255,1580
36942638,0.183,-0.427,0.915,0.419,0.142,0.897,255,1580
36943362,1.037,-0.183,0.427,0.252,-0.015,0.860,255,1580
36944638,-0.549,1.463,0.061,-0.294,-0.053,1.083,255,1580
36945370,-2.317,3.354,-0.610,-0.441,-0.070,1.086,255,1580
36946638,-2.744,3.780,0.915,-0.171,0.025,1.209,255,1580
36947507,-2.195,1.646,0.915,0.092,0.123,1.104,255,1580
36948638,0.854,-0.427,0.366,0.282,0.114,0.890,255,1580
36949368,0.854,-0.427,0.366,0.282,0.114,0.890,255,1580
36950639,-2.073,2.683,-0.427,-0.420,-0.037,1.074,255,1580
36951494,-2.744,3.354,0.610,-0.293,-0.004,1.146,255,1580
36952638,-2.622,2.683,0.610,-0.017,0.090,1.237,255,1580
36953377,-0.671,0.244,0.976,0.331,0.085,0.937,255,1580
36954639,1.098,-0.549,0.610,0.304,0.173,0.978,255,1580
36955372,0.732,0.122,0.122,0.203,-0.104,0.854,255,1580
36956639,-2.805,3.841,0.061,-0.377,-0.093,1.234,255,1580
36957378,-2.561,3.415,0.549,-0.169,0.080,1.145,255,1580
36958639,-1.159,1.037,0.976,0.242,0.104,0.936,255,1580
36959375,0.305,-0.244,1.037,0.306,0.123,0.984,255,1580
36960639,0.366,-0.366,0.183,0.298,-0.010,0.882,255,1580
36961370,-0.854,1.037,0.366,-0.157,-0.018,1.024,255,1580
36962639,-2.500,3.659,0.244,-0.251,0.095,1.211,255,1580
36963366,-2.500,3.659,0.244,-0.251,0.095,1.211,255,1580
36964638,-0.305,0.122,1.159,0.251,0.124,1.055,255,1580
36965375,0.793,-0.610,0.488,0.322,0.085,0.822,255,1580
36966639,-0.122,0.488,0.366,0.113,-0.062,1.002,255,1580
36967373,-1.890,2.622,-0.244,-0.432,-0.046,1.051,255,1580
36968639,-2.256,2.622,0.793,-0.006,0.011,1.158,255,1580
36969506,-2.256,2.622,0.793,-0.006,0.011,1.158,255,1580
36970638,0.122,-0.549,0.671,0.314,0.094,0.904,255,1580
36971359,0.732,0.427,0.488,0.260,-0.011,0.917,255,1580
36972638,-1.037,2.256,0.244,-0.306,-0.022,1.093,255,1580
36973364,-2.134,3.537,-0.427,-0.350,-0.034,1.147,255,1580
36974638,-2.622,3.049,0.427,-0.148,0.062,1.223,255,1580
36975577,-1.341,1.098,1.037,0.119,0.081,0.930,255,1580
36976639,0.793,-0.122,0.671,0.291,0.060,0.854,255,1580
36977405,-0.732,1.585,0.183,-0.063,-0.051,1.044,255,1580
36978638,-2.317,2.927,-0.183,-0.360,-0.023,1.051,255,1580
36979506,-2.378,3.232,0.732,-0.251,-0.024,1.202,255,1580
36980638,-1.646,2.134,0.915,-0.018,0.064,1.178,255,1580
36981378,-0.427,-0.183,0.915,0.292,0.091,0.947,255,1580
36982639,-0.061,0.549,0.305,0.114,-0.008,0.962,255,1580
36983703,-1.463,2.256,-0.183,-0.264,-0.019,1.075,255,1580
36984640,-2.378,3.110,0.244,-0.316,-0.026,1.212,255,1590
36985562,-2.134,2.439,0.427,-0.148,0.051,1.079,255,1590
36986638,-0.854,0.732,1.098,0.210,0.084,0.958,255,1590
36987385,0.244,-0.366,0.854,0.264,0.099,0.927,255,1590
36988638,0.244,0.305,0.549,0.255,0.008,0.929,255,1590
36989344,-1.098,1.585,0.061,-0.147,0.022,1.045,255,1590
36990639,-2.256,3.049,0.305,-0.282,0.074,1.166,255,1590
36991374,-2.134,1.280,1.037,0.161,-0.002,1.088,255,1590
36992639,-0.671,-0.183,0.915,0.227,0.165,0.969,255,1590
36993370,0.732,0.122,0.427,0.313,0.001,0.803,255,1590
36994638,-0.244,1.280,0.305,0.014,0.093,1.122,255,1590
36995420,-2.073,2.927,-0.122,-0.265,-0.128,1.077,255,1590
36996639,-2.134,2.439,0.854,0.016,-0.001,1.169,255,1590
36997562,-0.305,0.427,1.280,0.187,0.120,0.881,255,1590
36998639,0.305,-0.366,0.427,0.247,0.062,0.923,255,1590
36999395,-0.549,0.671,0.366,0.252,0.076,1.023,255,1590
37000638,-1.707,2.317,-0.061,-0.247,-0.080,1.026,255,1590
37001509,-1.768,2.927,-0.122,-0.347,-0.004,1.228,255,1590
37002638,-1.341,0.976,1.220,0.135,0.098,0.924,255,1590
37003497,-1.341,0.976,1.220,0.135,0.098,0.924,255,1590
37004638,0.366,0.427,0.793,0.311,0.120,0.960,255,1590
37005373,-1.159,1.463,0.122,-0.121,-0.061,1.097,255,1590
37006639,-2.012,2.988,-0.488,-0.271,-0.029,1.036,255,1590
37007508,-1.829,2.866,0.244,-0.297,0.014,1.200,255,1590
37008638,-1.463,1.524,0.915,0.062,0.047,1.124,255,1590
37009428,-0.976,0.244,0.793,0.182,0.092,0.983,255,1590
37010639,-0.610,1.341,0.183,0.041,0.040,1.112,255,1590
37011405,-1.220,2.622,-0.305,-0.212,-0.069,0.990,255,1590
37012638,-2.012,3.110,-0.122,-0.360,0.042,1.251,255,1590
37013512,-2.134,2.073,0.671,-0.024,-0.029,1.079,255,1590
37014638,-1.341,0.244,1.159,0.141,0.131,0.908,255,1590
37015378,-0.061,0.244,1.037,0.271,0.045,0.930,255,1590
37016639,-1.524,1.951,0.061,-0.131,-0.067,1.092,255,1590
37017376,-1.524,1.951,0.061,-0.131,-0.067,1.092,255,1590
37018639,-1.585,2.439,0.244,-0.174,-0.055,1.079,255,1590
37019379,-1.402,0.671,0.915,0.147,0.155,0.942,255,1590
37020638,-0.610,0.610,0.793,0.178,0.007,0.939,255,1590
37021371,0.122,0.854,0.244,0.270,0.166,0.937,255,1590
37022639,-1.220,1.524,0.183,0.034,-0.052,1.111,255,1590
37023368,-1.890,2.927,-0.183,-0.336,-0.051,1.031,255,1590
37024639,-1.524,1.159,1.098,0.130,0.060,1.110,255,1590
37025507,-0.915,0.732,0.976,0.068,0.018,0.990,255,1590
37026638,0.000,0.671,0.244,0.299,0.173,0.908,255,1590
37027358,-0.427,1.463,0.427,0.224,-0.013,1.066,255,1590
37028639,-1.280,2.500,0.183,-0.292,-0.056,1.015,255,1590
37029384,-1.402,2.744,-0.610,-0.352,-0.010,1.285,255,1590
37030638,-1.524,0.671,1.280,0.016,0.119,0.925,255,1590
37031506,-0.488,0.427,0.793,0.293,0.084,0.882,255,1590
37032638,-0.122,1.098,0.610,0.285,0.092,1.014,255,1590
37033691,-1.037,1.768,0.244,-0.173,-0.076,1.094,255,1590
37034640,-1.524,2.256,-0.549,-0.360,-0.010,1.141,255,1600
37035566,-1.524,2.134,0.915,-0.116,-0.044,1.089,255,1600
37036638,-0.610,0.732,0.610,0.228,0.039,0.937,255,1600
37037374,-0.610,0.732,0.610,0.228,0.039,0.937,255,1600
37038638,-0.244,1.585,0.610,0.009,-0.080,1.034,255,1600
37039365,-1.280,2.561,-0.549,-0.305,-0.008,1.073,255,1600
37040638,-1.646,1.951,-0.061,-0.242,-0.062,1.107,255,1600
37041707,-1.829,1.768,0.915,-0.056,0.082,1.109,255,1600
37042639,-0.610,0.793,0.854,0.183,0.019,0.946,255,1600
37043416,-0.488,0.732,0.488,0.286,0.213,0.981,255,1600
37044638,-0.671,1.585,-0.244,-0.181,0.021,1.009,255,1600
37045370,-1.280,2.317,-0.305,-0.356,-0.084,1.277,255,1600
37046638,-1.951,2.073,0.366,-0.114,0.037,1.050,255,1600
37047511,-2.134,0.976,0.976,0.117,0.097,0.919,255,1600
37048638,-1.037,0.854,1.159,0.279,0.123,0.913,255,1600
37049374,-0.244,1.220,0.244,0.206,0.032,1.007,255,1600
37050639,-1.829,2.134,-0.366,-0.403,-0.062,1.170,255,1600
37051509,-1.463,2.256,0.305,-0.221,-0.018,1.039,255,1600
37052638,-1.768,1.463,1.098,0.102,0.093,1.003,255,1600
37053380,-1.037,1.098,1.280,0.188,0.088,0.999,255,1600
37054639,-0.244,0.793,0.244,0.292,0.105,1.014,255,1600
37055378,-0.427,0.976,0.183,0.115,-0.046,1.028,255,1600
37056638,-0.976,2.012,-0.549,-0.330,-0.043,1.074,255,1600
37057503,-1.098,2.073,-0.488,-0.335,-0.025,1.002,255,1600
37058638,-0.915,1.280,1.098,0.087,0.072,0.987,255,1600
37059504,0.061,0.732,0.244,0.288,0.156,0.880,255,1600
37060638,-0.610,0.732,0.366,0.242,-0.036,1.030,255,1600
37061369,-0.671,1.646,-0.122,-0.271,-0.021,1.110,255,1600
37062638,-1.280,2.073,-0.549,-0.402,-0.054,1.178,255,1600
37063633,-2.073,2.134,0.427,0.008,0.009,1.096,255,1600
37064638,-0.305,0.976,0.793,0.310,0.126,0.911,255,1600
37065362,-0.305,0.976,0.793,0.310,0.126,0.911,255,1600
37066639,-0.488,1.341,-0.244,-0.150,-0.000,1.053,255,1600
37067497,-1.341,1.707,-0.549,-0.338,-0.109,1.166,255,1600
37068638,-1.524,2.317,0.549,-0.169,0.033,1.055,255,1600
37069506,-1.951,2.073,1.402,-0.033,0.053,0.972,255,1600
37070638,-0.671,0.610,0.549,0.363,0.051,1.003,255,1600
37071381,-0.671,0.610,0.549,0.363,0.051,1.003,255,1600
37072639,-0.854,1.585,-0.793,-0.283,-0.114,0.993,255,1600
37073509,-1.768,2.073,0.061,-0.284,0.017,1.153,255,1600
37074638,-2.622,2.317,0.976,-0.101,0.032,1.137,255,1600
37075385,-1.341,1.402,0.854,0.243,0.123,1.015,255,1600
37076638,-0.183,0.610,0.610,0.336,0.114,0.915,255,1600
37077373,-0.122,0.305,-0.122,0.139,-0.029,1.005,255,1600
37078638,-1.037,1.890,0.061,-0.341,-0.059,1.094,255,1600
37079376,-2.195,2.622,0.671,-0.176,0.029,1.157,255,1600
37080639,-2.073,1.829,1.037,0.146,0.138,0.899,255,1600
37081378,-0.427,0.915,0.976,0.303,0.127,1.060,255,1600
37082639,0.183,0.549,0.122,0.255,0.015,0.966,255,1600
37083693,-0.976,0.488,-0.366,-0.116,-0.005,1.033,255,1600
37084639,-1.707,2.439,0.183,-0.256,0.015,1.106,255,1610
37085562,-2.073,2.134,1.402,0.069,0.138,0.994,255,1610
37086638,-0.854,1.280,1.159,0.291,0.087,0.972,255,1610
37087378,0.061,0.427,0.305,0.312,0.085,0.926,255,1610
37088638,0.244,0.000,0.305,0.055,-0.026,1.114,255,1610
37089381,-0.610,1.829,-0.366,-0.401,-0.136,1.041,255,1610
37090639,-1.829,2.561,-0.549,-0.281,0.016,1.083,255,1610
37091511,-2.683,2.500,0.915,-0.027,0.062,1.066,255,1610
37092638,0.366,0.793,0.610,0.350,0.149,0.976,255,1610
37093370,0.305,0.244,0.427,0.205,-0.038,1.007,255,1610
37094638,-0.854,1.037,-0.366,-0.374,-0.096,1.028,255,1610
37095493,-1.402,2.256,-0.244,-0.304,-0.019,1.083,255,1610
37096638,-2.439,2.866,0.915,-0.120,0.031,1.188,255,1610
37097509,-1.768,2.012,0.915,0.108,0.129,0.935,255,1610
37098638,0.061,0.061,0.427,0.330,0.011,1.000,255,1610
37099376,0.061,0.061,0.427,0.330,0.011,1.000,255,1610
37100639,-1.159,1.951,-0.305,-0.341,-0.064,1.163,255,1610
37101497,-2.500,2.866,1.037,-0.219,-0.003,1.110,255,1610
37102638,-2.500,2.439,1.280,0.022,0.152,0.972,255,1610
37103372,-1.341,1.159,0.793,0.370,0.105,1.011,255,1610
37104639,0.610,0.305,0.061,-0.121,-0.085,1.107,255,1610
37105371,0.610,0.305,0.061,-0.121,-0.085,1.107,255,1610
37106639,-2.439,3.232,0.183,-0.287,-0.013,1.052,255,1610
37107381,-2.683,3.232,1.280,-0.070,0.126,1.031,255,1610
37108638,-1.220,1.768,1.159,0.326,0.111,1.146,255,1610
37109379,0.000,0.427,0.732,0.401,0.152,0.959,255,1610
37110639,-0.183,-0.244,0.183,0.049,-0.053,1.042,255,1610
37111368,-0.488,1.220,-0.244,-0.310,-0.126,0.922,255,1610
37112638,-2.988,3.354,1.280,-0.113,0.085,1.140,255,1610
37113510,-1.524,1.951,1.341,0.249,0.104,1.093,255,1610
37114638,0.000,0.549,0.915,0.330,0.188,0.933,255,1610
37115369,0.244,-0.244,0.488,0.279,-0.048,1.055,255,1610
37116638,-0.610,0.732,-0.183,-0.287,-0.077,0.988,255,1610
37117506,-1.463,2.256,-0.793,-0.422,-0.051,1.127,255,1610
37118638,-2.317,2.378,1.159,0.151,0.143,0.961,255,1610
37119507,0.000,0.549,1.402,0.310,0.163,1.034,255,1610
37120638,1.037,-0.427,0.305,0.414,0.003,0.997,255,1610
37121364,-0.549,0.122,-0.061,-0.235,-0.062,0.984,255,1610
37122639,-1.585,2.012,-0.488,-0.412,-0.084,1.116,255,1610
37123709,-2.500,3.171,0.854,-0.250,-0.022,1.097,255,1610
37124639,-2.378,2.256,1.341,0.062,0.177,0.974,255,1610
37125451,-1.341,1.159,1.037,0.273,0.115,1.034,255,1610
37126639,0.488,0.000,0.366,-0.140,-0.032,1.058,255,1610
37127402,-1.037,1.707,-0.610,-0.362,-0.134,0.928,255,1610
37128638,-3.049,3.293,0.000,-0.313,-0.021,1.139,255,1610
37129511,-2.866,3.171,0.915,-0.030,0.121,1.067,255,1610
37130638,-1.098,1.646,1.037,0.270,0.120,1.166,255,1610
37131384,0.793,-0.305,0.427,0.503,0.108,0.936,255,1610
37132663,-0.671,1.280,-0.549,-0.313,-0.163,0.858,255,1610
37133729,-2.378,2.866,0.061,-0.360,0.010,1.151,255,1610
37134544,-3.049,3.841,0.732,-0.110,0.033,1.099,255,1619
37135638,-1.037,2.134,1.098,0.204,0.169,1.042,255,1619
37136373,0.671,0.061,0.976,0.473,0.127,0.964,255,1619
37137639,0.732,-0.671,0.610,0.157,0.006,1.041,255,1619
37138367,-0.305,0.732,0.000,-0.282,-0.099,0.959,255,1619
37139639,-3.537,3.659,0.366,-0.239,0.033,1.064,255,1619
37140378,-3.537,3.659,0.366,-0.239,0.033,1.064,255,1619
37141639,-0.244,0.244,1.159,0.387,0.140,1.018,255,1619
37142378,1.098,-0.549,0.549,0.332,0.024,0.998,255,1619
37143638,-0.366,0.305,-0.122,-0.191,-0.075,0.997,255,1619
37144488,-1.829,2.012,-0.366,-0.390,-0.118,1.055,255,1619
37145638,-2.439,3.171,1.341,0.165,0.124,1.123,255,1619
37146486,-2.439,3.171,1.341,0.165,0.124,1.123,255,1619
37147638,1.159,-0.854,0.427,0.437,0.048,1.000,255,1619
37148368,0.305,-0.488,0.549,-0.096,-0.052,1.032,255,1619
37149638,-1.707,1.768,-0.305,-0.412,-0.137,0.928,255,1619
37150504,-3.293,3.659,0.000,-0.422,0.044,1.084,255,1619
37151638,-3.354,3.537,0.976,0.125,0.063,1.133,255,1619
37152367,-1.159,1.280,1.098,0.249,0.167,1.109,255,1619
37153638,0.732,-0.610,0.244,0.067,-0.044,1.003,255,1619
37154382,-0.854,1.341,-0.732,-0.385,-0.112,0.939,255,1619
37155639,-3.110,3.354,0.000,-0.436,-0.028,1.093,255,1619
37156502,-2.927,3.841,1.280,-0.022,0.059,1.143,255,1619
37157638,-1.037,1.951,1.463,0.210,0.168,1.101,255,1619
37158387,0.976,-0.549,0.610,0.471,0.140,0.922,255,1619
37159638,0.000,0.671,-0.488,-0.376,-0.092,0.923,255,1619
37160346,0.000,0.671,-0.488,-0.376,-0.092,0.923,255,1619
37161638,-3.780,3.720,0.488,-0.129,0.012,1.061,255,1619
37162366,-2.195,2.073,0.976,0.155,0.203,1.039,255,1619
37163638,0.854,-0.305,1.098,0.462,0.135,1.043,255,1619
37164376,0.793,-0.732,0.793,0.315,-0.032,1.097,255,1619
37165639,-0.488,0.061,-0.366,-0.287,-0.077,0.819,255,1619
37166494,-2.012,2.561,-0.122,-0.417,-0.077,1.185,255,1619
37167638,-2.317,3.110,0.854,0.110,0.196,1.038,255,1619
37168496,0.366,0.366,0.854,0.417,0.120,1.047,255,1619
37169638,1.402,-0.671,0.488,0.384,0.047,0.999,255,1619
37170378,0.366,-0.549,-0.122,-0.161,-0.072,0.957,255,1619
37171639,-2.012,2.622,-0.427,-0.432,-0.104,1.080,255,1619
37172625,-3.110,3.963,-0.244,-0.334,0.021,1.051,255,1619
37173638,-0.793,0.732,1.159,0.336,0.115,1.093,255,1619
37174379,-0.793,0.732,1.159,0.336,0.115,1.093,255,1619
37175639,0.183,-0.427,0.122,-0.018,-0.089,0.964,255,1619
37176363,-2.256,2.256,-0.305,-0.396,-0.148,0.939,255,1619
37177638,-2.561,3.476,0.000,-0.462,0.074,1.075,255,1619
37178492,-2.622,3.476,0.976,0.111,0.059,1.243,255,1619
37179638,0.854,-0.793,0.305,0.421,0.088,0.899,255,1619
37180371,0.854,-0.793,0.305,0.421,0.088,0.899,255,1619
37181638,-0.854,1.402,-0.061,-0.398,-0.101,0.953,255,1619
37182497,-3.110,3.293,-0.610,-0.479,0.045,1.077,255,1619
37183638,-3.232,3.841,0.610,0.028,0.017,1.197,255,1619
37184679,-1.220,2.073,1.159,0.168,0.195,1.034,255,1619
37185640,1.159,-0.610,0.488,0.432,0.069,0.970,255,1629
37186427,0.610,-0.793,0.122,0.268,-0.019,0.989,255,1629
37187638,-2.500,3.232,-0.488,-0.489,0.035,1.178,255,1629
37188380,-2.988,3.780,0.915,-0.041,-0.010,1.108,255,1629
37189639,-1.524,2.439,1.159,0.061,0.248,1.028,255,1629
37190374,0.610,0.000,0.610,0.425,0.028,0.960,255,1629
37191639,0.732,-0.976,0.610,0.345,0.051,1.016,255,1629
37192374,-0.305,-0.122,0.122,-0.235,-0.135,0.928,255,1629
37193639,-3.537,4.207,0.305,-0.159,0.028,1.127,255,1629
37194509,-2.805,3.049,0.854,0.029,0.190,1.032,255,1629
37195638,0.427,0.305,0.854,0.419,0.046,1.053,255,1629
37196374,1.037,-1.585,0.671,0.353,0.107,1.033,255,1629
37197639,-0.366,-0.488,0.061,-0.087,-0.169,0.928,255,1629
37198491,-2.622,2.439,-0.366,-0.469,-0.030,0.939,255,1629
37199638,-2.805,4.207,0.610,-0.276,0.027,1.141,255,1629
37200504,-2.500,3.537,1.098,0.005,0.189,1.190,255,1629
37201638,1.463,-0.854,0.793,0.384,0.117,0.946,255,1629
37202371,0.915,-0.549,-0.061,0.016,-0.152,0.893,255,1629
37203638,-2.378,2.073,-0.122,-0.383,-0.029,1.009,255,1629
37204507,-2.927,3.780,-0.061,-0.386,0.023,1.109,255,1629
37205638,-2.805,3.963,0.854,0.002,0.117,1.256,255,1629
37206373,-0.854,1.037,1.098,0.289,0.080,0.992,255,1629
37207638,0.793,-0.976,-0.061,0.129,-0.085,0.918,255,1629
37208370,0.793,-0.976,-0.061,0.129,-0.085,0.918,255,1629
37209638,-3.049,3.780,-0.122,-0.492,0.027,1.190,255,1629
37210365,-2.866,3.963,0.671,-0.035,0.147,1.155,255,1629
37211639,-1.098,1.707,1.159,0.254,0.105,1.052,255,1629
37212381,1.037,-0.549,0.671,0.344,0.070,0.944,255,1629
37213638,-1.280,1.037,0.244,-0.209,-0.093,0.995,255,1629
37214371,-1.280,1.037,0.244,-0.209,-0.093,0.995,255,1629
37215638,-3.049,3.841,0.488,-0.107,0.084,1.109,255,1629
37216379,-0.915,2.012,1.220,0.171,0.149,1.124,255,1629
37217638,0.671,-0.427,0.427,0.345,0.008,0.920,255,1629
37218366,0.854,-1.463,-0.183,0.303,0.030,0.906,255,1629
37219638,-0.488,0.427,0.427,-0.144,-0.154,1.045,255,1629
37220370,-2.256,3.354,-0.183,-0.503,0.051,1.017,255,1629
37221638,-1.524,2.561,1.159,0.092,0.198,1.089,255,1629
37222376,0.732,0.122,0.671,0.334,-0.021,1.035,255,1629
37223639,0.793,-1.402,0.427,0.366,0.076,0.938,255,1629
37224374,-0.732,-0.061,0.305,-0.071,-0.151,0.980,255,1629
37225639,-2.683,2.683,-0.427,-0.442,0.036,0.937,255,1629
37226496,-3.232,3.963,0.671,-0.243,0.034,1.208,255,1629
37227638,0.610,0.427,0.488,0.307,-0.016,1.028,255,1629
37228377,0.610,0.427,0.488,0.307,-0.016,1.028,255,1629
37229638,0.061,-0.122,0.732,0.041,-0.143,0.923,255,1629
37230365,-2.012,2.317,-0.061,-0.392,0.060,1.028,255,1629
37231639,-3.232,3.963,0.305,-0.319,0.028,1.191,255,1629
37232373,-2.378,3.293,0.793,-0.036,0.162,1.168,255,1629
37233639,0.061,0.793,0.976,0.284,-0.016,0.973,255,1629
37234674,-0.366,-0.427,0.000,0.112,-0.159,0.937,255,1629
37235639,-2.378,2.073,0.244,-0.294,0.071,1.049,255,1639
37236427,-2.805,4.024,0.549,-0.366,-0.027,1.185,255,1639
37237638,-2.622,3.476,0.488,-0.136,0.162,1.177,255,1639
37238392,-1.098,1.159,0.610,0.253,0.022,0.959,255,1639
37239638,0.976,-0.793,0.671,0.346,0.068,0.958,255,1639
37240366,0.793,-0.671,0.183,0.205,-0.097,0.887,255,1639
37241638,-2.744,3.598,0.000,-0.396,-0.011,1.132,255,1639
37242366,-2.744,3.598,0.000,-0.396,-0.011,1.132,255,1639
37243638,-0.976,1.951,1.402,0.201,0.076,0.965,255,1639
37244371,1.037,-0.366,0.305,0.310,-0.010,0.962,255,1639
37245638,0.549,-0.549,-0.183,0.251,-0.024,0.897,255,1639
37246383,-1.707,1.341,0.488,-0.150,0.004,1.109,255,1639
37247638,-2.134,3.841,0.305,-0.204,0.139,1.198,255,1639
37248369,-2.134,3.841,0.305,-0.204,0.139,1.198,255,1639
37249638,0.854,-0.183,0.732,0.299,-0.005,0.970,255,1639
37250376,1.524,-0.549,0.488,0.288,0.037,0.900,255,1639
37251639,-0.976,1.159,0.610,-0.041,-0.050,1.022,255,1639
37252367,-2.927,3.476,0.000,-0.438,0.020,0.989,255,1639
37253639,-2.073,3.598,0.488,-0.232,0.107,1.265,255,1639
37254370,-1.220,2.256,1.220,0.076,0.069,1.159,255,1639
37255638,0.671,-0.793,0.061,0.285,0.042,0.905,255,1639
37256375,-0.366,0.732,0.610,0.029,-0.074,0.980,255,1639
37257638,-2.561,2.927,0.000,-0.362,0.050,1.074,255,1639
37258361,-2.622,3.659,0.122,-0.284,0.107,1.142,255,1639
37259639,-1.463,2.622,0.915,0.026,0.024,1.201,255,1639
37260388,0.305,0.305,1.037,0.244,0.051,0.940,255,1639
37261638,-0.366,0.549,0.366,0.103,-0.046,0.994,255,1639
37262363,-0.366,0.549,0.366,0.103,-0.046,0.994,255,1639
37263639,-2.439,3.841,0.366,-0.367,0.109,1.191,255,1639
37264373,-1.646,2.561,0.549,-0.022,0.003,1.073,255,1639
37265639,-0.976,0.610,0.915,0.249,0.083,0.958,255,1639
37266363,0.488,-0.671,0.732,0.263,-0.043,0.946,255,1639
37267638,-0.061,0.671,0.366,0.164,-0.001,0.965,255,1639
37268417,-2.256,2.073,0.305,-0.204,0.014,1.078,255,1639
37269639,-1.280,2.683,0.549,-0.093,0.044,1.085,255,1639
37270408,-0.366,0.915,1.159,0.236,0.083,0.977,255,1639
37271638,-0.122,0.061,0.305,0.219,-0.037,0.898,255,1639
37272382,-0.305,0.366,0.305,0.240,0.054,0.891,255,1639
37273638,-1.646,1.890,0.671,-0.176,0.021,1.142,255,1639
37274367,-3.049,3.293,0.122,-0.377,0.013,1.156,255,1639
37275638,-0.854,1.220,1.524,0.183,0.033,1.001,255,1639
37276374,-0.854,1.220,1.524,0.183,0.033,1.001,255,1639
37277639,-0.061,0.122,0.427,0.292,0.077,0.891,255,1639
37278374,-1.463,1.646,0.488,-0.133,0.006,1.128,255,1639
37279639,-2.439,3.415,0.061,-0.344,-0.031,1.023,255,1639
37280380,-1.341,2.622,0.183,-0.218,0.119,1.138,255,1639
37281639,0.000,0.366,0.427,0.229,-0.004,0.997,255,1639
37282394,0.000,0.366,0.427,0.229,-0.004,0.997,255,1639
37283638,-0.854,1.159,0.732,-0.046,0.025,1.117,255,1639
37284696,-2.439,2.988,0.000,-0.331,0.027,1.005,255,1639
37285639,-2.012,2.622,0.427,-0.238,0.062,1.160,255,1649
37286506,-1.098,2.012,1.159,0.036,0.037,1.119,255,1649
37287639,-0.183,0.122,0.793,0.245,-0.012,1.021,255,1649
37288411,-0.671,0.122,0.732,0.268,0.061,0.833,255,1649
37289638,-1.585,2.805,0.244,-0.302,0.071,1.047,255,1649
37290382,-1.768,2.561,0.122,-0.258,-0.010,1.131,255,1649
37291638,-1.463,2.012,0.427,-0.031,0.042,1.115,255,1649
37292383,-0.305,0.366,0.854,0.215,0.025,0.948,255,1649
37293638,-0.122,0.122,0.793,0.269,0.052,0.926,255,1649
37294360,-0.549,0.976,0.122,0.137,0.024,1.019,255,1649
37295639,-1.951,2.744,0.122,-0.354,-0.008,1.195,255,1649
37296363,-1.951,2.744,0.122,-0.354,-0.008,1.195,255,1649
37297638,-1.098,1.037,1.159,0.190,0.086,0.889,255,1649
37298378,-0.488,0.610,0.793,0.247,0.014,0.971,255,1649
37299639,-0.366,0.793,0.122,0.196,0.062,1.020,255,1649
37300369,-1.585,2.012,0.244,-0.183,-0.003,1.120,255,1649
37301639,-1.829,2.683,-0.183,-0.375,-0.002,1.248,255,1649
37302511,-1.159,1.890,0.427,-0.099,0.028,0.948,255,1649
37303638,-0.549,0.671,0.305,0.186,0.000,0.931,255,1649
37304366,-0.671,0.610,0.000,0.281,0.097,0.955,255,1649
37305638,-0.610,1.707,0.610,-0.136,-0.028,1.069,255,1649
37306372,-1.463,2.317,-0.305,-0.369,0.005,1.203,255,1649
37307639,-1.890,2.561,0.122,-0.174,0.022,1.038,255,1649
37308375,-1.098,1.768,1.524,0.153,0.052,1.003,255,1649
37309639,-0.366,0.671,0.305,0.320,0.106,0.926,255,1649
37310371,-0.366,0.671,0.305,0.320,0.106,0.926,255,1649
37311638,-1.037,2.134,-0.488,-0.289,0.009,1.113,255,1649
37312366,-1.402,2.439,-0.061,-0.223,0.038,1.069,255,1649
37313638,-0.976,1.646,1.159,0.115,0.018,1.023,255,1649
37314376,-0.427,1.159,1.098,0.190,0.035,0.982,255,1649
37315639,-0.854,1.098,0.427,-0.094,-0.008,1.091,255,1649
37316371,-0.854,1.098,0.427,-0.094,-0.008,1.091,255,1649
37317638,-1.768,2.134,0.183,-0.318,0.012,1.126,255,1649
37318379,-1.585,1.829,0.610,0.040,0.017,1.067,255,1649
37319639,-1.463,1.159,0.671,0.207,0.050,1.037,255,1649
37320372,-0.183,0.488,0.427,0.298,0.119,0.924,255,1649
37321638,0.000,0.610,0.244,0.015,-0.007,1.035,255,1649
37322377,-1.037,1.220,-0.549,-0.223,-0.032,1.072,255,1649
37323639,-1.402,2.012,0.915,0.039,0.016,1.076,255,1649
37324500,-0.793,1.646,1.402,0.159,0.097,0.998,255,1649
37325638,-0.183,0.854,0.488,0.283,0.064,0.970,255,1649
37326368,-0.610,0.610,0.122,0.108,0.047,1.027,255,1649
37327638,-0.976,1.341,-0.122,-0.193,-0.046,1.075,255,1649
37328490,-2.073,2.256,-0.305,-0.399,0.013,1.103,255,1649
37329638,-1.402,1.585,1.585,0.114,0.111,0.916,255,1649
37330377,-1.402,1.585,1.585,0.114,0.111,0.916,255,1649
37331639,-0.183,0.793,-0.061,0.218,0.054,1.108,255,1649
37332379,-0.610,1.280,-0.122,-0.228,-0.089,1.073,255,1649
37333639,-1.098,1.890,-0.549,-0.398,0.040,1.125,255,1649
37334732,-1.463,1.707,0.244,0.039,-0.031,1.034,255,1649
37335523,-1.707,2.012,1.402,0.019,0.141,0.937,255,1658
37336638,0.549,0.549,0.061,0.291,0.046,1.045,255,1658
37337382,0.549,0.549,0.061,0.291,0.046,1.045,255,1658
37338638,-1.829,1.585,-0.976,-0.342,-0.050,1.194,255,1658
37339497,-1.463,1.829,0.122,-0.074,-0.008,1.025,255,1658
37340638,-2.012,2.073,1.098,0.012,0.126,0.984,255,1658
37341378,-1.280,1.585,0.427,0.296,0.083,0.895,255,1658
37342639,0.122,1.098,0.549,0.300,0.079,1.050,255,1658
37343374,0.488,0.671,0.244,-0.154,-0.046,1.086,255,1658
37344639,-2.073,2.073,0.488,-0.156,0.008,1.027,255,1658
37345379,-2.134,2.317,1.402,0.018,0.123,0.990,255,1658
37346638,-0.732,1.524,1.098,0.298,0.099,0.971,255,1658
37347377,-0.061,0.976,0.488,0.282,0.083,1.030,255,1658
37348638,-0.122,0.549,-0.183,-0.124,-0.042,1.072,255,1658
37349506,-1.341,1.463,-0.549,-0.290,-0.080,1.063,255,1658
37350638,-2.927,2.317,1.098,-0.002,0.101,1.015,255,1658
37351503,-1.341,1.951,0.976,0.296,0.076,1.040,255,1658
37352638,0.305,0.915,0.793,0.266,0.146,1.036,255,1658
37353376,0.183,0.122,-0.122,0.005,-0.093,1.082,255,1658
37354639,-1.280,0.915,-0.366,-0.318,-0.114,0.962,255,1658
37355500,-1.585,1.951,0.061,-0.282,0.014,1.052,255,1658
37356638,-1.707,2.134,0.915,0.293,0.072,1.113,255,1658
37357378,-1.707,2.134,0.915,0.293,0.072,1.113,255,1658
37358639,0.732,0.183,-0.427,0.125,-0.081,1.032,255,1658
37359376,-1.463,1.037,-0.183,-0.331,-0.116,0.986,255,1658
37360639,-1.707,1.707,-0.488,-0.364,0.018,1.059,255,1658
37361507,-2.866,2.439,0.854,0.043,0.097,1.058,255,1658
37362638,-2.073,2.134,1.159,0.192,0.116,1.096,255,1658
37363375,0.122,0.854,0.427,0.288,0.159,0.990,255,1658
37364638,-1.159,0.854,0.000,-0.346,-0.093,1.028,255,1658
37365383,-2.195,1.768,-0.549,-0.336,-0.034,1.030,255,1658
37366638,-3.049,3.293,1.098,-0.014,0.101,1.119,255,1658
37367507,-1.707,2.683,1.159,0.160,0.116,1.054,255,1658
37368638,0.366,0.976,0.732,0.354,0.181,0.941,255,1658
37369375,0.732,0.122,0.305,0.198,-0.088,1.055,255,1658
37370638,-1.829,1.890,-0.427,-0.328,-0.025,1.024,255,1658
37371497,-3.598,2.927,1.463,-0.033,0.055,1.179,255,1658
37372638,-2.317,2.073,1.402,0.106,0.207,0.936,255,1658
37373380,0.366,1.037,0.732,0.425,0.097,0.975,255,1658
37374638,0.610,0.122,0.000,0.161,-0.032,1.064,255,1658
37375369,-0.244,0.427,-0.488,-0.287,-0.157,1.060,255,1658
37376638,-1.341,1.463,-0.732,-0.361,0.004,1.039,255,1658
37377502,-3.415,2.866,0.976,-0.086,0.018,1.131,255,1658
37378638,0.183,1.524,0.915,0.399,0.142,1.032,255,1658
37379379,0.915,0.183,0.122,0.250,-0.037,1.068,255,1658
37380639,-0.488,0.305,-0.427,-0.270,-0.113,1.019,255,1658
37381497,-1.402,1.829,-0.610,-0.374,-0.078,1.124,255,1658
37382638,-3.110,3.049,0.671,-0.202,0.037,1.024,255,1658
37383730,0.122,1.463,1.402,0.396,0.139,1.035,255,1658
37384519,1.585,0.061,0.122,0.255,-0.020,1.064,255,1668
37385638,0.305,0.000,-0.793,-0.194,-0.125,1.008,255,1668
37386374,-1.890,1.463,-0.610,-0.432,-0.077,1.092,255,1668
37387639,-3.293,3.049,0.915,-0.234,0.038,1.034,255,1668
37388505,-2.500,2.866,1.280,0.185,0.224,0.959,255,1668
37389638,-0.488,1.829,1.220,0.371,0.137,1.107,255,1668
37390375,1.159,0.305,0.061,0.300,0.005,0.987,255,1668
37391639,-2.195,1.585,-0.915,-0.475,-0.123,1.066,255,1668
37392507,-3.841,3.171,0.305,-0.259,0.044,1.060,255,1668
37393638,-2.561,2.988,1.585,0.154,0.232,0.955,255,1668
37394375,-0.183,1.768,1.402,0.353,0.136,1.083,255,1668
37395639,1.159,0.061,0.183,0.366,0.008,0.960,255,1668
37396380,0.732,-0.183,0.122,-0.147,-0.096,1.083,255,1668
37397639,-4.085,2.988,0.244,-0.275,0.069,1.030,255,1668
37398376,-4.085,2.988,0.244,-0.275,0.069,1.030,255,1668
37399639,-0.427,2.073,1.402,0.349,0.149,1.074,255,1668
37400382,1.646,-0.061,0.061,0.411,0.011,0.982,255,1668
37401638,1.037,-0.366,-0.183,-0.148,-0.117,1.109,255,1668
37402500,-1.646,1.220,-0.976,-0.438,-0.210,0.989,255,1668
37403638,-3.598,2.927,0.122,-0.287,0.108,1.057,255,1668
37404592,-0.305,1.951,1.707,0.352,0.202,1.068,255,1668
37405639,2.256,-0.305,0.000,0.420,0.019,0.937,255,1668
37406420,0.488,-0.244,-0.305,-0.103,-0.141,1.141,255,1668
37407638,-1.768,1.524,-0.671,-0.469,-0.189,0.928,255,1668
37408638,-3.354,3.171,0.366,-0.321,0.117,1.094,255,1668
37409638,-3.780,3.171,1.463,0.091,0.151,1.019,255,1668
37410370,-0.976,1.829,1.646,0.369,0.204,1.166,255,1668
37411638,1.098,-0.671,-0.366,-0.055,-0.178,1.067,255,1668
37412509,-1.646,1.220,-0.793,-0.450,-0.174,0.917,255,1668
37413638,-2.988,2.805,0.366,-0.376,0.104,1.073,255,1668
37414506,-3.780,3.293,1.524,0.117,0.163,1.094,255,1668
37415638,-1.280,2.012,1.524,0.364,0.184,1.155,255,1668
37416382,2.378,0.061,0.244,0.388,0.078,0.957,255,1668
37417639,-1.707,1.098,-0.671,-0.429,-0.211,0.948,255,1668
37418497,-1.707,1.098,-0.671,-0.429,-0.211,0.948,255,1668
37419638,-3.963,3.476,1.524,0.130,0.151,1.081,255,1668
37420511,-1.341,2.195,2.012,0.338,0.250,1.141,255,1668
37421638,2.073,-0.122,0.244,0.401,0.031,0.973,255,1668
37422376,1.402,-0.488,-0.122,0.042,-0.137,1.054,255,1668
37423638,-1.402,1.159,-0.732,-0.471,-0.212,0.913,255,1668
37424509,-4.207,2.622,0.061,-0.456,0.097,1.118,255,1668
37425638,-0.976,2.073,2.012,0.308,0.286,1.117,255,1668
37426375,1.768,-0.244,0.305,0.446,-0.001,0.929,255,1668
37427639,1.341,-0.488,-0.305,0.087,-0.170,1.040,255,1668
37428417,-0.793,0.854,-0.854,-0.504,-0.192,0.896,255,1668
37429639,-4.024,2.622,0.000,-0.409,0.092,1.068,255,1668
37430524,-3.780,3.780,1.707,0.085,0.146,1.234,255,1668
37431638,2.073,-0.183,0.061,0.475,0.010,0.941,255,1668
37432381,2.073,-0.183,0.061,0.475,0.010,0.941,255,1668
37433638,-0.732,0.671,-0.915,-0.475,-0.255,0.963,255,1668
37434729,-4.268,2.561,0.122,-0.430,0.109,1.078,255,1668
37435528,-4.085,3.415,1.524,0.015,0.153,1.192,255,1678
37436638,-0.793,2.134,2.134,0.331,0.306,1.028,255,1678
37437378,2.073,-0.122,0.488,0.491,-0.002,0.979,255,1678
37438639,-0.854,0.732,-0.793,-0.407,-0.281,0.900,255,1678
37439493,-3.902,2.744,0.366,-0.464,0.114,1.160,255,1678
37440638,-4.024,3.354,1.280,-0.014,0.167,1.169,255,1678
37441366,-1.280,2.256,2.073,0.351,0.320,1.014,255,1678
37442638,2.561,0.000,0.610,0.462,-0.026,0.984,255,1678
37443388,2.012,-0.732,-0.610,0.083,-0.109,0.985,255,1678
37444638,-1.098,0.793,-0.610,-0.394,-0.268,0.965,255,1678
37445505,-3.902,2.866,0.122,-0.464,0.087,1.150,255,1678
37446638,-1.524,2.439,1.951,0.362,0.322,1.062,255,1678
37447376,2.195,0.183,0.732,0.436,-0.004,0.972,255,1678
37448638,2.561,-0.549,-0.854,0.129,-0.139,0.974,255,1678
37449375,-1.341,0.915,-0.549,-0.386,-0.255,0.999,255,1678
37450639,-3.780,2.927,0.183,-0.509,0.102,1.148,255,1678
37451513,-4.268,3.537,1.341,-0.048,0.167,1.087,255,1678
37452638,1.951,0.244,0.671,0.425,0.006,0.975,255,1678
37453375,1.951,0.244,0.671,0.425,0.006,0.975,255,1678
37454639,-0.427,1.220,-0.793,-0.400,-0.237,1.025,255,1678
37455506,-3.659,3.110,-0.305,-0.536,0.072,1.134,255,1678
37456638,-4.146,3.720,1.159,-0.053,0.202,1.108,255,1678
37457378,-1.463,2.378,1.890,0.320,0.336,1.067,255,1678
37458639,2.134,-0.915,-0.488,0.197,-0.132,0.993,255,1678
37459381,2.134,-0.915,-0.488,0.197,-0.132,0.993,255,1678
37460639,-4.207,2.805,-0.366,-0.532,0.055,1.108,255,1678
37461378,-4.268,3.780,1.402,-0.047,0.188,1.112,255,1678
37462639,-1.402,2.378,1.768,0.304,0.346,1.032,255,1678
37463384,1.463,0.061,0.671,0.492,-0.037,0.999,255,1678
37464638,2.317,-0.976,-0.488,0.210,-0.171,1.001,255,1678
37465373,-0.183,0.732,-1.037,-0.443,-0.226,0.965,255,1678
37466639,-4.085,3.720,1.768,-0.122,0.249,1.102,255,1678
37467511,-1.098,2.439,1.951,0.302,0.338,1.026,255,1678
37468638,1.402,0.244,0.793,0.508,-0.050,1.024,255,1678
37469376,2.561,-0.671,-0.854,0.156,-0.138,0.931,255,1678
37470639,-0.610,0.610,-1.037,-0.393,-0.230,0.936,255,1678
37471509,-4.085,2.988,0.122,-0.477,0.055,1.251,255,1678
37472638,-1.463,2.073,2.012,0.338,0.298,1.002,255,1678
37473376,-1.463,2.073,2.012,0.338,0.298,1.002,255,1678
37474639,2.317,-0.854,-0.915,0.198,-0.180,0.917,255,1678
37475385,-0.976,0.488,-0.671,-0.364,-0.228,0.959,255,1678
37476638,-4.146,2.988,-0.061,-0.479,0.041,1.268,255,1678
37477501,-4.573,3.537,1.280,-0.148,0.273,1.113,255,1678
37478638,-1.646,2.012,1.707,0.340,0.268,1.059,255,1678
37479383,1.890,0.732,0.610,0.421,-0.002,0.911,255,1678
37480638,-0.732,0.976,-0.549,-0.342,-0.170,1.041,255,1678
37481504,-3.841,3.110,-0.183,-0.503,0.016,1.219,255,1678
37482662,-4.695,3.598,1.280,-0.137,0.305,1.066,255,1678
37483716,-1.707,1.768,1.829,0.339,0.232,1.105,255,1678
37484640,1.707,0.244,0.671,0.395,-0.012,0.911,255,1688
37485421,2.256,-0.854,-0.854,0.228,-0.213,0.862,255,1688
37486638,-3.598,3.049,-0.061,-0.528,0.004,1.148,255,1688
37487378,-3.598,3.049,-0.061,-0.528,0.004,1.148,255,1688
37488639,-1.463,1.951,2.012,0.286,0.207,1.088,255,1688
37489375,1.768,0.244,0.610,0.388,0.021,0.903,255,1688
37490639,2.500,-0.549,-0.915,0.253,-0.219,0.876,255,1688
37491375,-0.854,1.220,-0.488,-0.349,-0.124,1.056,255,1688
37492639,-3.780,3.293,1.463,-0.083,0.262,1.168,255,1688
37493511,-1.646,1.646,1.890,0.196,0.250,1.025,255,1688
37494638,1.280,0.183,0.549,0.453,-0.043,0.935,255,1688
37495374,1.890,-0.488,-1.037,0.243,-0.166,0.904,255,1688
37496639,-1.402,1.220,-0.671,-0.354,-0.125,1.035,255,1688
37497511,-3.963,3.171,-0.122,-0.407,0.028,1.184,255,1688
37498638,-3.720,3.537,1.220,-0.156,0.274,1.187,255,1688
37499376,-1.707,1.646,1.524,0.217,0.200,1.046,255,1688
37500639,2.073,-0.183,-0.976,0.180,-0.217,0.843,255,1688
37501383,-1.280,1.402,-0.854,-0.335,-0.070,1.069,255,1688
37502638,-3.902,3.110,0.305,-0.354,-0.012,1.167,255,1688
37503504,-3.598,3.415,1.341,-0.255,0.331,1.133,255,1688
37504638,-1.280,1.829,1.585,0.261,0.162,1.039,255,1688
37505383,1.341,-0.061,0.732,0.480,-0.034,0.966,255,1688
37506638,-0.915,1.037,-0.793,-0.238,-0.043,1.096,255,1688
37507500,-3.841,3.232,0.549,-0.336,-0.011,1.146,255,1688
37508638,-3.354,2.866,1.402,-0.270,0.349,1.149,255,1688
37509377,-1.524,1.220,1.524,0.293,0.107,1.057,255,1688
37510639,0.793,0.061,0.915,0.431,-0.005,0.941,255,1688
37511364,1.646,0.183,-0.915,0.134,-0.204,0.886,255,1688
37512639,-1.524,1.524,-0.488,-0.203,-0.048,1.106,255,1688
37513497,-4.207,3.293,0.549,-0.446,0.007,1.084,255,1688
37514638,-1.402,1.341,1.585,0.318,0.062,1.047,255,1688
37515378,1.341,0.427,0.549,0.366,0.001,0.917,255,1688
37516639,1.768,-0.061,-1.037,0.181,-0.228,0.845,255,1688
37517369,-1.890,1.220,-0.305,-0.204,-0.045,1.128,255,1688
37518638,-3.780,3.171,0.549,-0.465,0.021,1.082,255,1688
37519509,-2.927,2.683,1.402,-0.181,0.346,1.170,255,1688
37520638,1.585,0.000,0.183,0.320,0.018,0.932,255,1688
37521379,1.585,0.000,0.183,0.320,0.018,0.932,255,1688
37522639,-1.280,1.220,-0.549,-0.230,-0.015,1.132,255,1688
37523508,-3.415,3.232,0.305,-0.451,0.040,1.121,255,1688
37524638,-3.415,2.500,1.037,-0.156,0.280,1.190,255,1688
37525371,-1.159,1.159,1.341,0.226,0.095,0.997,255,1688
37526639,1.402,0.366,-0.549,0.248,-0.209,0.882,255,1688
37527379,1.402,0.366,-0.549,0.248,-0.209,0.882,255,1688
37528639,-3.293,3.171,0.122,-0.398,0.017,1.114,255,1688
37529375,-2.439,2.439,1.098,-0.180,0.267,1.194,255,1688
37530639,-0.732,0.976,1.159,0.243,0.099,0.949,255,1688
37531378,0.915,0.427,0.549,0.376,-0.019,0.928,255,1688
37532664,1.220,0.793,-0.366,0.237,-0.214,0.926,255,1688
37533696,-3.232,3.049,0.854,-0.380,-0.010,1.188,255,1688
37534638,-2.134,2.500,1.280,-0.205,0.277,1.161,255,1697
37535412,-1.159,0.915,1.524,0.240,0.074,0.928,255,1697
37536638,0.793,0.366,1.159,0.390,-0.033,0.917,255,1697
37537383,0.915,0.732,-0.244,0.221,-0.166,0.917,255,1697
37538639,-1.220,1.585,-0.549,-0.251,0.005,1.093,255,1697
37539375,-3.110,3.110,0.732,-0.364,0.034,1.188,255,1697
37540639,-1.098,1.037,1.463,0.240,0.072,0.980,255,1697
37541444,-1.098,1.037,1.463,0.367,-0.045,0.895,255,1697
37542639,0.854,0.915,-0.427,0.175,-0.088,0.819,255,1697
37543408,-1.402,1.585,-0.061,-0.196,-0.015,1.201,255,1697
37544638,-3.171,2.866,0.976,-0.394,0.039,1.164,255,1697
37545493,-2.317,2.012,0.732,-0.216,0.210,1.144,255,1697
37546638,-1.646,0.915,1.341,0.271,0.077,0.937,255,1697
37547385,0.061,0.671,0.915,0.315,-0.063,0.937,255,1697
37548638,-1.707,1.463,-0.305,-0.150,-0.036,1.203,255,1697
37549505,-2.927,2.500,0.305,-0.425,0.040,1.135,255,1697
37550638,-1.646,1.585,0.488,-0.169,0.164,1.160,255,1697
37551377,-1.341,0.793,1.341,0.281,0.085,0.925,255,1697
37552639,0.427,0.671,0.549,0.292,-0.037,0.898,255,1697
37553370,0.793,1.524,-0.488,0.216,-0.027,0.922,255,1697
37554638,-2.073,2.744,0.366,-0.391,0.095,1.176,255,1697
37555367,-2.073,2.744,0.366,-0.391,0.095,1.176,255,1697
37556639,-1.402,1.159,1.463,0.232,0.126,0.917,255,1697
37557382,0.366,1.098,1.098,0.306,-0.101,0.955,255,1697
37558638,0.732,1.402,-0.061,0.191,0.011,0.931,255,1697
37559373,-1.463,1.707,0.000,-0.247,-0.072,1.161,255,1697
37560639,-2.317,1.463,0.671,-0.178,0.125,1.098,255,1697
37561393,-2.317,1.463,0.671,-0.178,0.125,1.098,255,1697
37562638,-0.061,1.402,0.793,0.296,-0.076,0.965,255,1697
37563376,0.488,1.402,-0.305,0.165,0.000,0.875,255,1697
37564639,-1.524,1.951,-0.427,-0.238,0.008,1.170,255,1697
37565381,-2.317,2.073,0.061,-0.303,-0.028,1.150,255,1697
37566639,-2.439,1.463,0.732,-0.190,0.185,1.061,255,1697
37567379,-1.951,0.671,1.524,0.282,0.069,0.993,255,1697
37568639,0.976,1.402,-0.427,0.169,-0.001,0.919,255,1697
37569415,-1.280,1.524,0.061,-0.189,-0.035,1.173,255,1697
37570639,-2.073,1.890,0.244,-0.369,0.018,1.137,255,1697
37571404,-1.951,1.037,0.610,-0.108,0.122,1.018,255,1697
37572638,-1.829,0.671,1.524,0.269,0.099,0.993,255,1697
37573386,-0.061,1.646,0.915,0.233,-0.019,0.964,255,1697
37574638,-1.220,1.707,0.183,-0.194,-0.051,1.132,255,1697
37575379,-1.220,1.707,0.183,-0.194,-0.051,1.132,255,1697
37576639,-2.256,0.976,0.610,-0.144,0.133,0.989,255,1697
37577381,-1.585,0.976,1.524,0.272,0.055,0.997,255,1697
37578639,-0.061,1.890,0.915,0.203,0.017,1.014,255,1697
37579376,0.305,1.524,-0.366,0.210,0.000,1.001,255,1697
37580639,-0.854,1.707,-0.183,-0.272,-0.006,1.124,255,1697
37581509,-1.646,1.524,-0.488,-0.292,-0.067,1.128,255,1697
37582638,-1.707,1.402,1.524,0.197,0.075,0.973,255,1697
37583729,-0.305,1.951,0.854,0.246,0.047,0.949,255,1697
37584531,0.427,1.768,-0.061,0.226,-0.049,1.062,255,1707
37585638,-0.610,1.524,-0.122,-0.277,0.014,1.065,255,1707
37586375,-1.768,1.463,0.000,-0.274,-0.061,1.158,255,1707
37587639,-2.256,1.280,0.915,0.159,0.084,0.948,255,1707
37588393,-1.707,1.341,1.280,0.159,0.084,0.948,255,1707
37589638,0.305,1.402,-0.183,0.155,-0.024,1.019,255,1707
37590372,-0.427,1.037,-0.549,-0.233,0.003,1.064,255,1707
37591639,-1.951,1.098,0.000,-0.275,-0.075,1.246,255,1707
37592377,-1.951,1.524,0.549,-0.140,0.125,0.998,255,1707
37593638,-1.524,1.524,1.037,0.204,0.068,0.866,255,1707
37594372,-0.366,2.317,0.915,0.283,0.092,1.017,255,1707
37595639,-0.244,1.159,-0.488,-0.188,-0.001,1.088,255,1707
37596586,-2.073,1.098,-0.244,-0.305,-0.134,1.205,255,1707
37597639,-2.256,1.220,0.244,-0.153,0.176,0.936,255,1707
37598553,-2.134,1.829,1.280,0.256,0.034,0.962,255,1707
37599638,-0.671,2.317,0.854,0.230,0.121,0.995,255,1707
37600382,0.244,1.524,-0.061,0.182,-0.049,1.012,255,1707
37601638,-1.585,1.402,0.061,-0.373,-0.101,1.205,255,1707
37602378,-1.585,1.402,0.061,-0.373,-0.101,1.205,255,1707
37603639,-1.829,2.073,2.134,0.215,0.116,0.984,255,1707
37604382,0.061,2.012,0.732,0.280,0.102,0.986,255,1707
37605638,0.549,1.341,-0.122,0.154,-0.003,1.078,255,1707
37606376,0.122,0.610,-0.183,-0.189,-0.096,1.142,255,1707
37607639,-1.646,1.037,-0.244,-0.388,-0.018,1.093,255,1707
37608509,-2.195,1.402,0.305,-0.055,0.060,0.974,255,1707
37609638,-0.366,1.890,0.427,0.330,0.096,1.044,255,1707
37610376,0.854,1.707,0.000,0.185,-0.035,1.094,255,1707
37611639,0.061,0.854,-0.305,-0.265,-0.086,1.043,255,1707
37612387,-1.829,1.159,-0.366,-0.340,-0.042,1.100,255,1707
37613638,-2.439,2.012,0.793,-0.060,0.038,1.011,255,1707
37614503,-2.378,2.561,1.341,0.117,0.217,0.889,255,1707
37615638,0.671,1.341,0.366,0.146,0.002,1.097,255,1707
37616378,0.671,1.341,0.366,0.146,0.002,1.097,255,1707
37617639,-2.012,1.098,-0.122,-0.348,-0.051,1.080,255,1707
37618506,-3.171,1.707,0.732,-0.055,0.015,0.970,255,1707
37619638,-2.561,2.317,1.585,0.137,0.242,0.922,255,1707
37620381,-0.122,1.768,1.098,0.398,0.074,1.115,255,1707
37621638,1.098,0.793,0.061,-0.265,-0.131,1.053,255,1707
37622375,0.000,0.122,-0.671,-0.265,-0.131,1.053,255,1707
37623639,-2.988,2.012,0.488,-0.056,0.035,0.995,255,1707
37624382,-2.500,2.622,1.829,0.178,0.259,0.944,255,1707
37625638,0.488,1.890,1.220,0.354,0.063,1.114,255,1707
37626377,1.402,0.854,-0.305,0.147,-0.025,1.042,255,1707
37627639,-0.122,0.610,-0.732,-0.323,-0.157,1.104,255,1707
37628512,-1.524,1.463,-0.549,-0.361,0.006,1.004,255,1707
37629638,-2.561,2.378,1.829,0.179,0.267,0.967,255,1707
37630378,-2.561,2.378,1.829,0.375,0.035,1.103,255,1707
37631639,1.037,0.610,0.000,0.142,-0.004,1.036,255,1707
37632404,-0.366,0.732,-0.122,-0.339,-0.204,1.115,255,1707
37633638,-2.256,1.159,-0.427,-0.369,0.015,0.919,255,1707
37634730,-3.598,2.134,0.854,0.021,0.038,1.092,255,1707
37635514,-1.890,2.622,1.768,0.164,0.276,0.984,255,1717
37636638,1.402,0.244,0.061,0.155,-0.078,1.103,255,1717
37637377,-0.488,0.854,-0.427,-0.394,-0.182,1.063,255,1717
37638639,-2.622,1.341,-0.671,-0.348,-0.005,0.945,255,1717
37639629,-3.963,2.744,1.280,-0.020,0.052,1.144,255,1717
37640638,-2.073,2.500,1.890,0.226,0.260,0.964,255,1717
37641379,1.220,1.220,0.915,0.441,0.138,0.998,255,1717
37642639,-0.183,0.915,-0.915,-0.390,-0.203,0.984,255,1717
37643509,-2.622,1.402,-0.427,-0.324,-0.006,0.989,255,1717
37644638,-4.146,2.805,1.280,-0.047,0.104,1.099,255,1717
37645497,-1.707,2.439,1.829,0.264,0.281,1.021,255,1717
37646638,0.671,1.098,0.915,0.457,0.125,1.062,255,1717
37647452,1.524,0.244,-0.061,-0.011,-0.125,1.102,255,1717
37648639,-0.488,0.610,-1.098,-0.400,-0.196,0.895,255,1717
37649553,-3.293,1.768,-0.366,-0.340,-0.028,1.046,255,1717
37650638,-1.646,2.012,1.890,0.407,0.218,1.123,255,1717
37651513,1.220,0.854,1.280,0.400,0.156,1.071,255,1717
37652638,2.012,-0.183,-0.244,0.021,-0.167,1.015,255,1717
37653370,-0.671,0.671,-1.159,-0.388,-0.201,0.900,255,1717
37654638,-3.110,1.890,-0.122,-0.423,-0.034,1.097,255,1717
37655632,-3.902,2.866,1.280,0.013,0.226,1.004,255,1717
37656638,1.646,0.915,0.854,0.346,0.182,0.991,255,1717
37657376,1.646,0.915,0.854,0.346,0.182,0.991,255,1717
37658639,-0.976,0.976,-0.854,-0.475,-0.233,0.930,255,1717
37659506,-3.720,2.378,0.122,-0.459,0.020,1.026,255,1717
37660638,-3.902,2.683,1.829,0.130,0.262,1.032,255,1717
37661379,-1.280,2.195,2.439,0.445,0.200,1.155,255,1717
37662639,2.378,-0.061,-0.610,-0.025,-0.241,1.111,255,1717
37663507,2.378,-0.061,-0.610,-0.025,-0.241,1.111,255,1717
37664638,-3.537,2.683,-0.183,-0.388,0.097,0.995,255,1717
37665502,-4.085,2.622,1.951,0.202,0.243,1.037,255,1717
37666638,-0.610,2.073,2.317,0.417,0.230,1.104,255,1717
37667377,2.622,0.061,0.183,0.406,0.053,1.015,255,1717
37668639,1.037,-0.061,-0.732,-0.136,-0.253,1.076,255,1717
37669497,-1.463,1.524,-1.585,-0.580,-0.232,1.039,255,1717
37670638,-4.085,2.378,2.317,0.222,0.273,1.054,255,1717
37671512,-0.427,1.463,2.500,0.468,0.272,1.023,255,1717
37672638,2.134,-0.244,0.549,0.411,-0.038,1.034,255,1717
37673378,1.402,0.000,-0.854,-0.259,-0.233,1.032,255,1717
37674639,-2.134,1.829,-1.646,-0.573,-0.252,1.071,255,1717
37675521,-4.756,3.232,0.732,-0.294,0.165,1.050,255,1717
37676638,0.366,1.098,2.012,0.530,0.267,1.125,255,1717
37677377,0.366,1.098,2.012,0.530,0.267,1.125,255,1717
37678638,1.402,-0.061,-1.280,-0.362,-0.242,0.934,255,1717
37679512,-2.256,1.829,-1.280,-0.547,-0.235,1.110,255,1717
37680638,-4.756,3.049,1.098,-0.277,0.190,1.036,255,1717
37681507,-3.171,2.256,2.683,0.277,0.368,1.021,255,1717
37682638,0.671,1.037,2.134,0.570,0.232,1.118,255,1717
37683704,0.976,-0.183,-1.524,-0.403,-0.270,0.856,255,1717
37684640,-3.232,2.317,-1.159,-0.576,-0.204,1.105,255,1727
37685686,-4.939,3.232,0.732,-0.203,0.239,1.028,255,1727
37686638,-3.476,2.622,2.500,0.352,0.359,1.058,255,1727
37687381,0.671,0.915,2.317,0.512,0.206,1.093,255,1727
37688638,2.866,-0.305,-0.366,0.330,-0.205,1.042,255,1727
37689380,0.366,0.488,-1.890,-0.502,-0.280,0.940,255,1727
37690639,-4.817,3.049,0.610,-0.111,0.284,1.042,255,1727
37691381,-4.817,3.049,0.610,-0.111,0.284,1.042,255,1727
37692639,1.951,0.366,1.524,0.561,0.146,1.108,255,1727
37693382,2.927,-0.549,-0.427,0.215,-0.223,1.046,255,1727
37694638,0.427,0.671,-1.646,-0.524,-0.317,0.905,255,1727
37695379,-3.720,2.622,-1.098,-0.592,-0.065,0.997,255,1727
37696639,-2.500,2.195,3.354,0.402,0.422,1.051,255,1727
37697512,-2.500,2.195,3.354,0.402,0.422,1.051,255,1727
37698638,2.927,-0.183,-0.793,0.106,-0.244,1.008,255,1727
37699376,-0.427,1.098,-1.951,-0.583,-0.380,0.950,255,1727
37700639,-4.390,2.866,-0.793,-0.563,0.072,1.063,255,1727
37701512,-5.427,3.598,2.073,0.058,0.254,1.164,255,1727
37702638,-1.646,2.195,3.293,0.454,0.441,1.059,255,1727
37703376,3.110,-0.244,0.793,0.584,0.000,1.042,255,1727
37704638,-0.854,1.524,-2.134,-0.559,-0.399,0.928,255,1727
37705519,-5.244,2.866,-0.488,-0.525,0.130,1.069,255,1727
37706638,-4.573,3.537,2.256,0.100,0.266,1.166,255,1727
37707379,-0.610,1.707,2.622,0.533,0.435,1.095,255,1727
37708639,3.354,-0.366,0.793,0.542,-0.039,1.026,255,1727
37709377,2.988,-0.061,-1.280,-0.119,-0.305,0.950,255,1727
37710638,-4.268,3.354,0.183,-0.488,0.254,1.118,255,1727
37711506,-4.573,3.293,2.805,0.211,0.319,1.142,255,1727
37712638,-0.244,1.220,2.927,0.553,0.342,1.128,255,1727
37713384,3.171,-0.366,0.244,0.453,-0.088,0.921,255,1727
37714638,1.890,-0.488,-1.890,-0.164,-0.357,0.937,255,1727
37715506,-2.927,2.256,-1.768,-0.644,-0.306,0.995,255,1727
37716638,-5.122,3.110,0.366,-0.409,0.267,1.094,255,1727
37717512,-4.451,2.866,2.683,0.325,0.387,1.194,255,1727
37718638,3.720,-0.305,0.122,0.419,-0.137,0.909,255,1727
37719378,2.012,0.183,-1.890,-0.301,-0.407,0.981,255,1727
37720639,-3.049,3.110,-1.829,-0.693,-0.191,0.998,255,1727
37721509,-5.305,3.537,0.793,-0.279,0.307,1.101,255,1727
37722638,-4.146,2.439,3.293,0.360,0.438,1.168,255,1727
37723381,1.524,0.671,2.195,0.509,0.202,1.074,255,1727
37724638,1.341,0.183,-2.012,-0.378,-0.400,0.991,255,1727
37725377,1.341,0.183,-2.012,-0.378,-0.400,0.991,255,1727
37726639,-5.366,3.537,1.341,-0.166,0.337,1.167,255,1727
37727387,-2.988,2.195,3.537,0.359,0.504,1.113,255,1727
37728639,1.585,0.244,1.768,0.610,0.061,1.006,255,1727
37729377,3.476,-0.305,-0.915,0.280,-0.238,0.896,255,1727
37730639,-4.146,3.354,-1.098,-0.628,-0.074,1.175,255,1727
37731516,-4.146,3.354,-1.098,-0.096,0.358,1.103,255,1727
37732660,-2.134,1.890,3.110,0.366,0.522,1.074,255,1727
37733713,2.439,0.061,1.220,0.607,-0.012,0.966,255,1727
37734640,3.354,-0.793,-1.341,0.171,-0.289,0.947,255,1736
37735427,-0.366,1.159,-2.134,-0.560,-0.390,0.967,255,1736
37736638,-4.817,3.354,-0.366,-0.551,0.013,1.212,255,1736
37737513,-4.817,3.354,2.378,-0.048,0.443,1.111,255,1736
37738638,2.561,-0.366,1.159,0.592,-0.033,0.967,255,1736
37739383,3.171,-0.915,-1.829,0.049,-0.368,0.937,255,1736
37740638,-1.341,1.159,-1.951,-0.613,-0.306,1.000,255,1736
37741507,-4.878,3.476,-0.122,-0.491,0.062,1.161,255,1736
37742638,-5.427,3.598,2.500,0.020,0.484,1.128,255,1736
37743377,-1.524,1.220,3.049,0.539,0.325,1.039,255,1736
37744638,2.805,-0.305,-1.890,-0.078,-0.439,0.891,255,1736
37745509,-2.012,2.256,-1.890,-0.564,-0.225,1.129,255,1736
37746638,-5.061,3.476,0.122,-0.476,0.169,1.128,255,1736
37747509,-4.146,2.988,2.500,0.151,0.501,1.181,255,1736
37748638,-0.183,0.854,2.744,0.517,0.214,0.987,255,1736
37749381,3.537,-0.732,-0.488,0.429,-0.031,0.893,255,1736
37750638,2.073,0.000,-1.951,-0.073,-0.519,0.887,255,1736
37751381,-3.110,2.561,-1.646,-0.636,-0.135,1.135,255,1736
37752639,-4.268,2.622,2.683,0.255,0.483,1.160,255,1736
37753514,0.427,0.427,2.195,0.501,0.165,0.993,255,1736
37754638,3.232,-0.915,-0.793,0.449,-0.149,0.861,255,1736
37755379,1.402,0.610,-1.829,-0.248,-0.472,0.937,255,1736
37756639,-2.988,3.049,-1.463,-0.643,-0.095,1.124,255,1736
37757511,-5.000,3.780,1.220,-0.266,0.347,1.249,255,1736
37758638,0.732,0.549,1.829,0.484,0.130,0.954,255,1736
37759377,0.732,0.549,1.829,0.484,0.130,0.954,255,1736
37760639,0.549,0.854,-2.073,-0.396,-0.367,1.015,255,1736
37761383,-3.354,3.110,-1.037,-0.563,-0.092,1.177,255,1736
37762639,-5.183,3.659,1.646,-0.229,0.426,1.195,255,1736
37763507,-2.561,1.159,2.744,0.371,0.391,1.058,255,1736
37764638,3.780,-0.549,-1.402,0.295,-0.392,0.799,255,1736
37765383,3.780,-0.549,-1.402,0.295,-0.392,0.799,255,1736
37766639,-4.085,3.232,-0.488,-0.482,-0.052,1.278,255,1736
37767507,-4.939,3.598,2.256,-0.150,0.525,1.129,255,1736
37768638,-1.890,1.098,2.683,0.426,0.315,1.010,255,1736
37769382,2.134,-0.122,1.159,0.492,0.012,0.973,255,1736
37770638,2.317,0.061,-1.646,0.144,-0.438,0.864,255,1736
37771375,-1.585,2.012,-2.134,-0.501,-0.188,1.062,255,1736
37772639,-4.085,2.500,2.439,-0.005,0.529,1.033,255,1736
37773516,-1.280,0.488,2.622,0.460,0.214,0.965,255,1736
37774638,1.890,-0.366,0.549,0.429,-0.054,0.948,255,1736
37775377,1.951,0.244,-1.768,0.040,-0.456,0.965,255,1736
37776639,-1.829,2.195,-1.220,-0.509,-0.108,1.066,255,1736
37777507,-4.512,3.841,0.915,-0.471,0.178,1.261,255,1736
37778638,-0.671,0.427,2.317,0.418,0.154,0.959,255,1736
37779377,-0.671,0.427,2.317,0.418,0.154,0.959,255,1736
37780639,1.098,0.732,-1.951,-0.058,-0.428,0.972,255,1736
37781382,-2.317,3.049,-0.976,-0.537,-0.019,1.169,255,1736
37782663,-4.512,3.415,1.220,-0.384,0.258,1.204,255,1736
37783737,-2.866,1.585,2.439,0.248,0.333,1.147,255,1736
37784514,0.427,0.549,1.829,0.349,0.166,0.805,255,1746
37785638,0.305,1.220,-1.524,-0.191,-0.309,1.009,255,1746
37786379,0.305,1.220,-1.524,-0.191,-0.309,1.009,255,1746
37787638,-4.329,3.293,1.280,-0.273,0.395,1.198,255,1746
37788373,-2.378,1.585,2.012,0.246,0.253,1.153,255,1746
37789638,0.793,0.366,0.976,0.395,0.132,0.850,255,1746
37790373,2.073,-0.122,-0.915,0.401,-0.325,0.871,255,1746
37791639,0.000,1.890,-1.585,-0.362,-0.183,1.062,255,1746
37792449,-3.354,3.293,-0.427,-0.451,-0.042,1.035,255,1746
37793639,-1.829,1.098,2.073,0.223,0.197,1.044,255,1746
37794557,1.159,-0.122,0.793,0.459,0.035,0.973,255,1746
37795638,2.073,0.610,-0.976,0.259,-0.330,0.838,255,1746
37796378,-0.549,2.073,-1.829,-0.429,-0.084,1.107,255,1746
37797639,-3.476,3.354,0.305,-0.351,-0.008,1.158,255,1746
37798505,-3.293,2.378,2.195,-0.179,0.445,1.137,255,1746
37799638,0.915,-0.183,0.793,0.462,-0.074,0.963,255,1746
37800379,0.915,-0.183,0.793,0.462,-0.074,0.963,255,1746
37801639,-1.707,2.073,-1.098,-0.372,-0.095,1.144,255,1746
37802504,-3.841,3.598,1.220,-0.425,0.108,1.312,255,1746
37803638,-2.683,1.585,1.890,-0.080,0.311,1.017,255,1746
37804429,-0.915,-0.366,1.890,0.378,0.175,0.902,255,1746
37805639,0.915,1.159,-1.220,0.025,-0.161,0.974,255,1746
37806411,0.915,1.159,-1.220,0.025,-0.161,0.974,255,1746
37807638,-3.598,3.049,0.671,-0.473,0.235,1.268,255,1746
37808379,-2.134,1.220,1.280,0.059,0.227,0.954,255,1746
37809639,-0.732,0.183,1.707,0.402,0.119,0.853,255,1746
37810377,1.159,0.610,0.000,0.271,-0.109,0.917,255,1746
37811639,-0.122,1.707,-1.098,0.049,-0.174,1.076,255,1746
37812383,-2.561,2.988,0.061,-0.415,-0.050,1.187,255,1746
37813638,-2.561,1.037,1.768,0.150,0.168,0.995,255,1746
37814377,0.122,0.305,1.768,0.357,0.103,0.861,255,1746
37815639,1.524,1.037,0.061,0.295,-0.134,0.926,255,1746
37816382,0.183,2.073,-0.854,-0.039,-0.148,1.100,255,1746
37817638,-2.073,3.049,-0.061,-0.466,0.019,1.139,255,1746
37818377,-2.378,1.768,1.159,-0.253,0.208,1.176,255,1746
37819639,0.122,0.488,1.098,0.324,0.036,0.881,255,1746
37820380,0.122,0.488,1.098,0.324,0.036,0.881,255,1746
37821639,-0.427,2.134,-0.732,-0.163,-0.155,1.165,255,1746
37822509,-2.195,2.988,-0.244,-0.472,0.042,1.071,255,1746
37823638,-2.317,1.341,0.976,-0.187,0.159,1.174,255,1746
37824384,-1.524,0.671,1.402,0.250,0.167,0.937,255,1746
37825638,-0.061,0.793,1.220,0.303,-0.025,0.936,255,1746
37826375,0.976,1.280,0.183,0.280,-0.069,0.913,255,1746
37827639,-1.707,2.378,0.244,-0.354,0.017,1.093,255,1746
37828382,-2.378,1.341,1.098,-0.159,0.201,1.088,255,1746
37829638,-1.524,0.488,1.646,0.282,0.136,0.993,255,1746
37830377,-0.061,1.524,1.463,0.316,-0.002,0.950,255,1746
37831639,0.732,1.707,-0.366,0.174,-0.084,0.922,255,1746
37832379,-0.976,2.134,-0.915,-0.339,-0.069,1.243,255,1746
37833639,-1.951,1.037,0.915,-0.070,0.221,0.902,255,1746
37834740,-1.341,0.549,1.402,0.275,0.085,0.943,255,1746
37835514,0.183,1.463,0.610,0.324,0.016,1.001,255,1756
37836638,0.061,1.707,-0.610,0.093,-0.073,1.104,255,1756
37837382,-0.671,2.012,-0.305,-0.356,-0.039,1.119,255,1756
37838639,-1.890,1.646,0.488,-0.326,0.035,1.246,255,1756
37839505,-2.256,0.549,1.402,0.073,0.124,0.902,255,1756
37840638,0.000,1.890,0.549,0.323,0.028,0.975,255,1756
37841385,-0.122,1.890,-0.488,0.039,-0.147,1.181,255,1756
37842638,-0.793,1.768,-0.244,-0.374,-0.021,1.113,255,1756
37843506,-1.829,1.098,0.427,-0.291,0.025,1.091,255,1756
37844638,-2.134,1.098,1.402,0.099,0.123,1.007,255,1756
37845380,-1.402,1.585,1.524,0.225,0.140,0.841,255,1756
37846639,0.732,1.585,-0.061,-0.091,-0.118,1.099,255,1756
37847378,0.732,1.585,-0.061,-0.091,-0.118,1.099,255,1756
37848639,-2.378,0.854,0.549,-0.236,0.075,1.065,255,1756
37849378,-2.439,1.098,1.280,0.146,0.106,1.009,255,1756
37850639,-1.524,1.646,1.463,0.251,0.114,0.967,255,1756
37851384,0.244,1.707,0.183,0.316,0.010,1.018,255,1756
37852638,0.000,1.829,-0.488,-0.170,-0.081,1.113,255,1756
37853380,-0.976,1.402,-0.610,-0.303,-0.120,1.023,255,1756
37854639,-2.317,0.854,1.280,0.194,0.068,0.957,255,1756
37855511,-1.159,2.012,1.890,0.282,0.170,1.090,255,1756
37856638,1.159,1.524,0.183,0.215,-0.026,1.011,255,1756
37857376,0.366,1.159,-0.549,-0.209,-0.016,1.139,255,1756
37858639,-1.280,1.037,-0.061,-0.289,-0.161,1.122,255,1756
37859514,-2.561,1.402,0.732,-0.202,0.205,0.907,255,1756
37860638,-0.671,2.134,1.220,0.304,0.199,1.074,255,1756
37861377,-0.671,2.134,1.220,0.304,0.199,1.074,255,1756
37862639,-0.244,1.159,-0.610,-0.218,-0.072,1.221,255,1756
37863514,-1.524,1.220,-0.183,-0.382,-0.125,1.185,255,1756
37864638,-2.561,1.098,0.183,-0.034,0.115,0.813,255,1756
37865506,-2.927,1.951,1.890,0.175,0.168,0.959,255,1756
37866638,0.854,1.585,-0.061,0.121,-0.051,1.142,255,1756
37867382,0.854,1.585,-0.061,0.121,-0.051,1.142,255,1756
37868638,-1.829,1.341,-0.427,-0.382,-0.042,1.058,255,1756
37869509,-2.866,1.220,0.854,0.040,0.085,0.942,255,1756
37870638,-2.622,2.256,1.951,0.127,0.261,0.913,255,1756
37871378,-0.122,1.829,1.098,0.377,0.089,1.051,255,1756
37872639,0.854,1.341,-0.244,0.095,-0.112,1.149,255,1756
37873378,0.183,0.732,-0.976,-0.373,-0.150,1.058,255,1756
37874639,-2.988,1.829,1.220,0.070,0.059,1.051,255,1756
37875382,-2.012,2.195,1.402,0.147,0.315,0.923,255,1756
37876639,0.610,1.707,1.220,0.422,0.038,1.155,255,1756
37877376,1.646,0.976,-0.183,-0.036,-0.032,1.055,255,1756
37878639,-0.244,0.793,-0.976,-0.332,-0.248,0.927,255,1756
37879509,-2.988,1.220,-0.061,-0.282,0.046,1.076,255,1756
37880638,-1.646,2.073,1.890,0.276,0.248,1.066,255,1756
37881380,-1.646,2.073,1.890,0.276,0.248,1.066,255,1756
37882639,1.463,0.427,-0.671,-0.083,-0.118,1.096,255,1756
37883689,-1.402,1.341,-0.915,-0.380,-0.257,1.077,255,1756
37884639,-3.171,1.768,0.000,-0.255,0.090,0.986,255,1766
37885563,-3.354,2.134,1.707,0.071,0.176,0.949,255,1766
37886638,-0.610,2.317,2.195,0.387,0.252,1.102,255,1766
37887383,1.463,1.341,0.671,0.315,0.071,1.046,255,1766
37888638,-1.524,1.280,-1.220,-0.432,-0.211,1.062,255,1766
37889509,-3.415,1.646,-0.427,-0.222,0.095,0.898,255,1766
37890638,-3.720,2.439,1.707,0.134,0.303,0.991,255,1766
37891376,-0.305,1.707,1.951,0.439,0.205,1.171,255,1766
37892638,2.378,0.549,-0.183,0.266,0.004,1.111,255,1766
37893378,1.159,0.244,-1.037,-0.223,-0.314,0.999,255,1766
37894639,-4.146,2.012,0.244,-0.137,0.083,0.975,255,1766
37895381,-4.146,2.012,0.244,-0.137,0.083,0.975,255,1766
37896638,0.305,1.402,1.768,0.451,0.230,1.115,255,1766
37897386,2.622,0.488,-0.305,0.254,-0.144,1.101,255,1766
37898638,0.427,0.671,-1.463,-0.379,-0.281,1.037,255,1766
37899377,-2.561,1.402,-1.707,-0.454,-0.090,0.948,255,1766
37900639,-4.939,2.622,0.671,0.299,0.382,1.014,255,1766
37901510,-2.561,2.073,2.256,0.299,0.382,1.014,255,1766
37902638,2.378,0.305,-0.549,0.093,-0.240,1.124,255,1766
37903375,-0.122,1.037,-2.256,-0.456,-0.280,0.816,255,1766
37904639,-3.354,1.707,-0.793,-0.408,-0.053,1.024,255,1766
37905629,-5.000,2.378,1.646,0.001,0.259,1.045,255,1766
37906638,-1.402,1.768,2.683,0.436,0.354,1.134,255,1766
37907372,2.073,0.732,1.280,0.462,0.095,1.006,255,1766
37908638,-1.402,1.341,-2.195,-0.482,-0.306,0.979,255,1766
37909512,-4.695,2.561,-0.122,-0.369,0.067,1.009,255,1766
37910638,-4.695,2.256,2.012,0.110,0.366,0.970,255,1766
37911377,-0.854,1.707,2.866,0.479,0.320,1.260,255,1766
37912639,2.988,0.610,0.793,0.422,-0.029,0.971,255,1766
37913381,1.768,0.366,-1.646,-0.255,-0.277,1.033,255,1766
37914639,-5.122,2.683,0.122,-0.282,0.175,0.837,255,1766
37915379,-5.122,2.683,0.122,-0.282,0.175,0.837,255,1766
37916638,-0.366,1.402,2.866,0.509,0.308,1.138,255,1766
37917374,2.988,-0.061,0.183,0.362,-0.158,1.081,255,1766
37918638,1.098,0.610,-1.829,-0.420,-0.371,0.981,255,1766
37919374,-2.988,2.256,-1.890,-0.597,-0.244,1.011,255,1766
37920639,-5.244,2.622,0.671,-0.096,0.278,0.974,255,1766
37921512,-3.110,2.256,3.476,0.361,0.446,1.087,255,1766
37922638,3.232,-0.061,-0.793,0.210,-0.292,1.052,255,1766
37923379,0.061,1.159,-2.561,-0.563,-0.384,0.895,255,1766
37924638,-3.902,2.195,-1.220,-0.554,-0.057,0.996,255,1766
37925512,-5.488,2.683,1.829,0.060,0.289,1.128,255,1766
37926638,-2.378,1.829,3.598,0.425,0.484,1.121,255,1766
37927375,2.378,-0.244,1.585,0.592,0.102,1.089,255,1766
37928639,-0.915,1.646,-2.805,-0.619,-0.438,0.849,255,1766
37929511,-4.878,2.927,-0.244,-0.460,0.123,1.062,255,1766
37930638,-5.122,2.988,2.866,0.174,0.344,1.092,255,1766
37931380,-0.854,1.707,3.659,0.516,0.491,1.144,255,1766
37932639,3.537,0.000,1.098,0.578,-0.127,1.014,255,1766
37933677,2.866,0.244,-1.951,-0.333,-0.318,0.999,255,1766
37934640,-1.646,1.829,-2.805,-0.356,0.229,0.975,255,1776
37935432,-5.183,3.537,0.427,-0.356,0.229,0.975,255,1776
37936638,0.427,0.793,3.598,0.664,0.363,1.170,255,1776
37937380,4.085,-0.305,0.305,0.391,-0.235,1.045,255,1776
37938638,2.439,0.488,-2.866,-0.464,-0.381,0.910,255,1776
37939382,-3.354,2.744,-1.951,-0.677,-0.336,1.184,255,1776
37940638,-5.610,3.354,1.220,-0.226,0.366,0.962,255,1776
37941509,-3.171,2.256,4.024,0.426,0.561,1.058,255,1776
37942638,4.146,-0.488,-0.976,0.180,-0.290,0.987,255,1776
37943388,0.427,0.671,-3.049,-0.562,-0.477,0.912,255,1776
37944639,-4.695,2.927,-1.098,-0.681,-0.116,1.101,255,1776
37945574,-5.976,3.232,2.256,0.005,0.436,1.054,255,1776
37946639,-3.110,1.951,4.573,0.572,0.528,1.180,255,1776
37947421,2.927,-0.061,1.829,0.630,0.082,1.033,255,1776
37948638,-0.915,1.585,-3.232,-0.679,-0.543,0.870,255,1776
37949507,-5.244,3.171,-0.793,-0.600,0.166,1.096,255,1776
37950638,-5.610,3.232,3.293,0.218,0.459,1.089,255,1776
37951381,-0.793,1.768,4.390,0.594,0.476,1.196,255,1776
37952639,3.902,-0.732,0.671,0.570,-0.080,0.874,255,1776
37953378,2.622,-0.122,-2.622,-0.249,-0.491,1.013,255,1776
37954639,-2.439,2.317,-2.927,-0.785,-0.394,1.038,255,1776
37955634,-4.817,2.500,4.512,0.413,0.537,1.116,255,1776
37956638,0.732,0.305,3.659,0.621,0.353,1.073,255,1776
37957381,4.512,-0.732,0.000,0.462,-0.271,1.004,255,1776
37958639,1.524,0.183,-3.110,-0.514,-0.569,0.905,255,1776
37959383,-3.902,2.988,-2.683,-0.778,-0.181,1.179,255,1776
37960638,-6.585,3.659,1.890,-0.124,0.358,1.008,255,1776
37961521,-3.354,2.378,5.244,0.472,0.663,1.088,255,1776
37962638,4.268,-0.793,-1.280,0.278,-0.406,0.994,255,1776
37963378,4.268,-0.793,-1.280,0.278,-0.406,0.994,255,1776
37964639,-5.061,3.171,-1.341,-0.694,0.015,1.111,255,1776
37965380,-6.402,3.537,2.927,0.114,0.442,1.118,255,1776
37966639,-2.439,1.524,4.573,0.582,0.636,1.050,255,1776
37967378,3.415,-0.305,1.585,0.659,-0.092,1.079,255,1776
37968639,3.841,-0.732,-2.378,-0.755,-0.493,0.907,255,1776
37969517,-1.159,2.012,-3.293,-0.755,-0.493,0.907,255,1776
37970638,-5.305,3.171,3.598,0.289,0.604,1.169,255,1776
37971507,0.000,0.915,4.085,0.641,0.408,1.115,255,1776
37972638,4.573,-0.793,0.122,0.515,-0.198,0.843,255,1776
37973367,2.927,-0.671,-3.232,-0.366,-0.566,0.989,255,1776
37974638,-3.293,3.049,-2.866,-0.802,-0.283,1.054,255,1776
37975638,-4.512,2.317,4.512,0.454,0.662,1.126,255,1776
37976638,1.524,0.488,3.598,0.667,0.161,1.050,255,1776
37977381,1.524,0.488,3.598,0.364,-0.327,0.865,255,1776
37978639,0.915,0.732,-3.171,-0.635,-0.562,1.020,255,1776
37979425,-4.939,3.293,-1.768,-0.698,-0.138,1.253,255,1776
37980639,-6.463,3.415,2.988,-0.056,0.527,1.026,255,1776
37981553,-2.317,1.829,5.122,0.535,0.613,1.031,255,1776
37982662,3.841,-0.671,-2.012,0.097,-0.483,0.998,255,1776
37983736,-0.976,1.829,-2.988,-0.756,-0.452,0.990,255,1776
37984640,-5.610,3.537,-0.549,-0.568,0.140,1.202,255,1785
37985562,-6.037,3.780,3.415,0.160,0.595,1.137,255,1785
37986638,-1.341,1.037,4.146,0.610,0.456,0.964,255,1785
37987386,3.415,-0.854,0.366,0.555,-0.157,1.014,255,1785
37988638,3.232,-0.244,-2.805,-0.226,-0.599,0.880,255,1785
37989509,-2.439,2.561,-2.744,-0.691,-0.311,0.946,255,1785
37990638,-4.817,2.866,4.207,0.331,0.617,1.174,255,1785
37991511,0.549,0.244,3.476,0.660,0.236,0.984,255,1785
37992638,4.085,-0.732,-0.976,0.397,-0.276,0.899,255,1785
37993375,1.463,0.366,-3.232,-0.483,-0.595,0.998,255,1785
37994639,-3.963,3.049,-1.890,-0.646,-0.126,1.092,255,1785
37995517,-5.732,3.963,2.378,-0.240,0.537,1.084,255,1785
37996638,1.890,-0.122,2.561,0.607,0.053,1.023,255,1785
37997377,1.890,-0.122,2.561,0.607,0.053,1.023,255,1785
37998639,-0.244,0.915,-3.354,-0.612,-0.402,1.086,255,1785
37999509,-5.427,3.476,-0.549,-0.613,0.012,1.298,255,1785
38000638,-5.061,3.171,2.988,0.040,0.630,1.004,255,1785
38001379,-1.280,0.915,3.902,0.556,0.392,0.968,255,1785
38002639,3.049,0.122,0.793,-0.003,-0.622,0.919,255,1785
38003382,3.110,-0.366,-2.134,-0.003,-0.622,0.919,255,1785
38004639,-5.488,3.902,0.549,-0.517,0.257,1.149,255,1785
38005502,-4.878,2.561,3.171,0.324,0.583,1.157,255,1785
38006638,0.061,0.488,3.293,0.492,0.264,0.928,255,1785
38007379,3.963,-0.976,-0.732,0.482,-0.251,0.888,255,1785
38008638,1.646,0.549,-2.622,-0.312,-0.545,0.959,255,1785
38009379,-3.659,2.988,-2.012,-0.637,-0.164,1.031,255,1785
38010639,-3.171,1.585,3.659,0.467,0.442,1.114,255,1785
38011511,1.768,0.366,1.951,0.452,0.156,0.920,255,1785
38012638,3.963,-0.854,-1.829,0.356,-0.480,0.826,255,1785
38013383,0.061,1.280,-2.744,-0.560,-0.308,1.170,255,1785
38014638,-4.390,3.049,-0.915,-0.527,-0.091,1.178,255,1785
38015509,-5.488,3.232,2.561,-0.076,0.617,1.072,255,1785
38016638,2.744,-0.488,0.427,0.477,-0.042,1.028,255,1785
38017375,2.744,-0.488,0.427,0.477,-0.042,1.028,255,1785
38018639,-1.341,1.890,-2.866,-0.642,-0.213,1.101,255,1785
38019518,-5.366,3.659,0.610,-0.471,0.204,1.310,255,1785
38020638,-3.963,2.317,3.049,0.194,0.540,1.007,255,1785
38021373,-0.610,0.366,2.439,0.463,0.274,0.766,255,1785
38022638,2.561,0.061,-0.671,0.436,-0.284,1.035,255,1785
38023383,1.524,0.915,-2.500,-0.200,-0.439,0.947,255,1785
38024638,-5.366,3.659,1.829,-0.342,0.426,1.178,255,1785
38025379,-2.622,1.707,3.110,0.339,0.396,1.046,255,1785
38026639,1.098,0.061,1.768,0.445,0.114,0.892,255,1785
38027380,3.415,-0.427,-1.646,0.283,-0.350,0.904,255,1785
38028639,0.183,1.463,-2.744,-0.346,-0.333,1.106,255,1785
38029379,-4.146,3.537,-0.305,-0.492,-0.027,1.083,255,1785
38030639,-2.073,0.671,2.622,0.406,0.282,1.014,255,1785
38031509,1.646,0.122,0.671,0.423,-0.060,0.937,255,1785
38032663,2.317,0.366,-2.012,0.142,-0.371,0.845,255,1785
38033700,-1.037,2.012,-1.585,-0.454,-0.193,1.237,255,1785
38034640,-4.207,3.598,0.671,-0.467,0.121,1.266,255,1795
38035562,-3.598,1.951,2.622,0.088,0.438,0.941,255,1795
38036638,-0.732,0.488,2.622,0.367,0.237,0.899,255,1795
38037449,2.378,0.061,-0.244,0.415,-0.210,0.972,255,1795
38038639,-2.256,2.927,-1.098,-0.497,-0.128,1.141,255,1795
38039545,-3.963,3.110,1.341,-0.342,0.346,1.279,255,1795
38040638,-2.683,1.220,2.500,0.212,0.288,1.013,255,1795
38041386,0.427,-0.122,1.524,0.373,0.185,0.841,255,1795
38042638,2.134,-0.061,-0.915,0.334,-0.286,0.950,255,1795
38043378,0.000,2.073,-2.073,-0.208,-0.236,1.116,255,1795
38044639,-3.902,2.317,1.768,-0.230,0.447,1.186,255,1795
38045392,-2.195,0.793,2.256,0.279,0.203,0.997,255,1795
38046638,0.854,-0.305,0.549,0.418,0.003,0.905,255,1795
38047378,1.585,1.159,-1.280,0.146,-0.266,0.925,255,1795
38048639,-0.915,2.195,-1.829,-0.322,-0.200,1.184,255,1795
38049513,-3.537,2.988,0.122,-0.369,0.146,1.167,255,1795
38050638,-1.280,0.000,2.073,0.309,0.241,0.871,255,1795
38051373,-1.280,0.000,2.073,0.309,0.241,0.871,255,1795
38052638,0.915,1.402,-1.220,0.013,-0.206,0.958,255,1795
38053384,-1.890,2.744,-1.037,-0.392,-0.109,1.280,255,1795
38054638,-3.720,2.866,1.341,-0.339,0.212,1.322,255,1795
38055509,-2.256,1.037,1.646,0.074,0.261,0.832,255,1795
38056638,-0.488,0.305,1.463,0.390,0.107,0.789,255,1795
38057381,0.976,1.524,-0.183,0.244,-0.169,0.983,255,1795
38058638,-2.378,2.744,-0.610,-0.387,-0.031,1.162,255,1795
38059509,-3.537,1.768,0.854,-0.318,0.263,1.153,255,1795
38060638,-2.317,0.915,1.768,0.312,0.204,1.004,255,1795
38061428,0.549,0.793,1.402,0.266,0.052,0.945,255,1795
38062639,1.402,1.341,-0.732,0.241,-0.152,0.942,255,1795
38063405,-0.732,2.012,-1.037,-0.223,-0.173,1.201,255,1795
38064638,-2.744,1.098,1.341,-0.118,0.237,1.019,255,1795
38065509,-1.951,0.427,2.256,0.319,0.210,0.997,255,1795
38066638,0.366,1.341,0.915,0.211,-0.042,1.033,255,1795
38067378,0.793,1.646,-0.366,0.200,-0.120,1.022,255,1795
38068639,-1.098,2.317,-0.732,-0.363,-0.114,1.202,255,1795
38069509,-2.683,1.768,0.244,-0.317,0.066,1.215,255,1795
38070638,-2.622,0.549,1.707,0.053,0.229,0.879,255,1795
38071381,-1.402,0.671,1.707,0.222,0.106,0.810,255,1795
38072639,0.488,2.073,-0.305,0.067,-0.183,1.193,255,1795
38073377,-1.159,2.195,-0.427,-0.421,-0.018,1.118,255,1795
38074638,-2.439,1.280,0.915,-0.165,0.074,1.086,255,1795
38075512,-2.561,1.220,1.280,0.089,0.218,1.020,255,1795
38076638,-0.793,1.159,1.524,0.246,0.087,0.821,255,1795
38077376,0.854,2.012,0.305,0.307,-0.053,1.074,255,1795
38078638,-1.890,1.829,-0.366,-0.268,-0.064,1.000,255,1795
38079509,-2.317,0.915,1.280,-0.179,0.205,1.043,255,1795
38080638,-2.561,0.488,1.280,0.209,0.140,0.993,255,1795
38081377,-1.098,2.073,1.341,0.236,0.063,1.037,255,1795
38082639,1.037,1.951,-0.305,0.178,-0.086,1.004,255,1795
38083728,0.000,1.768,-0.854,-0.256,-0.043,1.192,255,1795
38084640,-2.622,1.098,0.854,-0.126,0.277,0.815,255,1805
38085436,-2.622,1.098,0.854,-0.126,0.277,0.815,255,1805
38086638,0.122,2.256,0.915,0.197,0.131,1.147,255,1805
38087383,0.915,1.829,-0.732,0.075,-0.151,1.075,255,1805
38088639,-0.549,1.646,-0.305,-0.258,-0.070,1.142,255,1805
38089507,-1.707,1.402,0.549,-0.285,0.041,1.116,255,1805
38090638,-3.110,1.037,0.793,0.087,0.129,0.943,255,1805
38091372,-2.073,1.707,1.890,0.184,0.139,0.863,255,1805
38092639,0.488,1.524,-0.183,-0.025,-0.154,1.161,255,1805
38093385,-1.037,1.220,-0.793,-0.309,-0.139,1.039,255,1805
38094639,-2.805,0.793,0.000,-0.276,0.125,0.910,255,1805
38095506,-3.049,1.463,1.402,0.200,0.106,1.042,255,1805
38096638,-1.220,2.378,1.585,0.158,0.225,1.006,255,1805
38097382,0.915,1.646,0.305,0.280,-0.057,1.015,255,1805
38098639,-1.524,0.793,-0.549,-0.332,-0.159,1.024,255,1805
38099505,-3.232,1.220,0.610,-0.092,0.171,0.914,255,1805
38100638,-2.927,1.280,1.951,0.125,0.138,0.902,255,1805
38101378,-0.366,1.890,1.159,0.313,0.183,1.163,255,1805
38102639,0.793,1.280,0.244,0.167,-0.118,1.076,255,1805
38103376,0.000,0.671,-1.037,-0.220,-0.138,1.223,255,1805
38104639,-2.195,0.610,-0.305,-0.360,-0.055,1.032,255,1805
38105511,-3.354,1.280,0.793,0.009,0.104,0.912,255,1805
38106638,0.976,2.012,1.220,0.415,0.033,1.160,255,1805
38107372,1.341,1.524,-0.061,-0.005,-0.014,1.118,255,1805
38108639,-0.244,0.793,-1.037,-0.224,-0.298,0.890,255,1805
38109507,-2.805,1.585,-0.061,-0.358,0.150,1.021,255,1805
38110638,-3.232,1.829,1.037,0.045,0.077,1.061,255,1805
38111374,-1.890,2.561,2.012,0.243,0.297,1.060,255,1805
38112639,1.037,0.793,-0.671,-0.079,-0.096,1.242,255,1805
38113386,1.037,0.793,-0.671,-0.378,-0.225,1.048,255,1805
38114638,-3.415,1.646,0.183,-0.162,0.095,0.807,255,1805
38115376,-3.902,1.951,2.256,0.036,0.244,0.976,255,1805
38116638,-0.244,2.317,2.012,0.391,0.164,1.119,255,1805
38117381,1.463,1.159,0.793,0.255,0.021,1.139,255,1805
38118638,-2.256,1.524,-0.854,-0.483,-0.021,1.018,255,1805
38119505,-3.902,1.768,0.427,-0.041,0.032,0.878,255,1805
38120638,-3.293,2.683,2.378,0.096,0.375,0.943,255,1805
38121375,0.488,1.402,1.768,0.495,0.093,1.167,255,1805
38122639,2.378,0.976,0.244,0.112,-0.080,1.144,255,1805
38123375,0.305,1.280,-1.402,-0.352,-0.333,0.849,255,1805
38124639,-3.110,2.134,-0.854,-0.414,0.050,0.999,255,1805
38125381,-4.024,2.744,1.829,-0.035,0.167,1.067,255,1805
38126638,1.463,0.793,1.463,0.493,0.072,1.176,255,1805
38127375,1.890,0.488,-1.037,-0.083,-0.176,1.105,255,1805
38128639,-0.854,1.280,-2.012,-0.470,-0.278,1.075,255,1805
38129510,-4.207,2.256,-0.366,-0.322,0.039,0.789,255,1805
38130638,-3.720,2.561,2.134,0.054,0.333,0.933,255,1805
38131376,-0.732,1.463,2.866,0.528,0.247,1.150,255,1805
38132639,1.280,0.488,-1.768,-0.241,-0.322,1.069,255,1805
38133692,-2.317,1.524,-1.524,-0.542,-0.164,0.984,255,1805
38134640,-3.963,2.744,0.488,-0.240,0.118,0.902,255,1815
38135554,-3.659,2.317,2.988,0.271,0.424,1.031,255,1815
38136638,0.366,1.098,2.378,0.589,0.182,1.206,255,1815
38137377,2.622,0.488,-0.183,0.127,-0.128,1.072,255,1815
38138639,0.061,0.976,-2.256,-0.396,-0.398,0.876,255,1815
38139381,-3.232,2.134,-1.402,-0.580,0.006,0.999,255,1815
38140639,-2.195,2.134,3.415,0.473,0.354,1.115,255,1815
38141385,1.829,0.183,1.951,0.544,0.175,1.071,255,1815
38142638,2.073,0.183,-0.732,-0.054,-0.323,1.149,255,1815
38143379,-1.098,1.768,-2.378,-0.611,-0.303,1.067,255,1815
38144639,-4.451,2.683,-0.793,-0.410,0.019,0.773,255,1815
38145509,-4.512,2.439,3.049,0.164,0.396,1.037,255,1815
38146638,3.110,0.000,0.732,0.478,-0.078,1.129,255,1815
38147384,3.110,0.000,0.732,0.478,-0.078,1.129,255,1815
38148639,-2.134,2.012,-2.866,-0.717,-0.187,0.905,255,1815
38149507,-5.305,2.866,0.793,-0.153,0.147,0.957,255,1815
38150638,-3.659,2.012,3.720,0.372,0.488,1.036,255,1815
38151381,1.402,0.366,2.622,0.650,0.286,1.197,255,1815
38152639,0.488,1.159,-3.049,-0.600,-0.376,0.842,255,1815
38153372,0.488,1.159,-3.049,-0.600,-0.376,0.842,255,1815
38154639,-5.488,3.110,2.317,0.034,0.329,1.046,255,1815
38155382,-1.585,1.890,4.268,0.548,0.473,1.164,255,1815
38156638,2.622,-0.244,1.829,0.665,0.026,1.077,255,1815
38157376,2.988,0.122,-1.707,-0.217,-0.309,1.048,255,1815
38158639,-1.098,1.829,-3.598,-0.705,-0.436,1.044,255,1815
38159511,-5.732,3.293,-0.427,-0.432,0.122,0.822,255,1815
38160638,0.488,0.915,3.902,0.741,0.358,1.286,255,1815
38161376,3.537,-0.610,0.122,0.421,-0.187,1.075,255,1815
38162638,1.951,0.549,-3.354,-0.508,-0.426,0.916,255,1815
38163381,-2.927,2.622,-2.561,-0.755,-0.253,0.959,255,1815
38164639,-6.098,3.963,1.037,-0.166,0.307,1.021,255,1815
38165509,-3.354,2.256,4.390,0.507,0.521,1.083,255,1815
38166638,3.598,-0.244,-1.159,0.080,-0.313,1.053,255,1815
38167372,3.598,-0.244,-1.159,0.080,-0.313,1.053,255,1815
38168639,-5.061,3.293,-1.951,-0.673,0.074,0.963,255,1815
38169379,-5.671,2.683,2.500,0.143,0.414,1.084,255,1815
38170639,-0.732,1.707,5.061,0.730,0.523,1.259,255,1815
38171377,3.841,-0.976,1.463,0.627,-0.047,1.005,255,1815
38172639,2.927,0.061,-2.561,-0.325,-0.433,1.064,255,1815
38173380,-2.500,2.439,-3.902,-0.849,-0.425,1.024,255,1815
38174639,-4.512,2.927,4.329,0.347,0.577,1.062,255,1815
38175511,1.098,0.122,3.598,0.843,0.322,1.199,255,1815
38176638,4.024,-1.037,-0.427,0.312,-0.249,1.100,255,1815
38177383,1.220,0.915,-4.085,-0.649,-0.612,0.817,255,1815
38178638,-4.268,2.988,-3.232,-0.812,-0.065,1.006,255,1815
38179507,-6.585,3.720,1.829,-0.044,0.307,1.130,255,1815
38180638,3.354,-0.854,2.683,0.824,0.059,1.073,255,1815
38181381,3.354,-0.854,2.683,0.824,0.059,1.073,255,1815
38182643,-0.732,1.951,-4.634,-0.827,-0.513,0.933,255,1815
38183726,-5.549,3.902,-1.280,-0.615,0.143,1.002,255,1815
38184499,-5.549,3.110,3.598,0.192,0.528,1.068,255,1824
38185638,-0.427,0.793,5.061,0.884,0.528,1.219,255,1824
38186385,4.451,-0.854,1.098,0.555,-0.208,1.056,255,1824
38187638,-3.293,2.927,-4.024,-0.890,-0.380,1.027,255,1824
38188506,-6.159,3.902,0.915,-0.278,0.345,0.992,255,1824
38189638,-4.329,2.317,5.183,0.569,0.723,0.983,255,1824
38190382,1.707,-0.610,4.024,0.876,0.200,1.293,255,1824
38191638,4.512,-0.732,-1.159,0.125,-0.359,0.932,255,1824
38192376,0.671,0.732,-4.817,-0.706,-0.662,0.820,255,1824
38193639,-6.159,3.537,2.988,0.141,0.479,1.008,255,1824
38194381,-6.159,3.537,2.988,0.141,0.479,1.008,255,1824
38195638,4.024,-0.976,2.012,0.714,-0.102,1.033,255,1824
38196376,3.110,-0.854,-2.988,-0.218,-0.496,0.998,255,1824
38197639,-2.256,2.622,-4.207,-0.968,-0.525,1.012,255,1824
38198634,-6.646,4.207,-0.610,-0.525,0.279,0.917,255,1824
38199638,-5.427,2.866,5.244,0.470,0.688,1.099,255,1824
38200380,1.159,0.244,4.878,0.861,0.385,1.234,255,1824
38201639,1.829,0.366,-4.390,-0.664,-0.697,0.953,255,1824
38202381,-4.207,3.537,-3.232,-0.978,-0.135,1.054,255,1824
38203638,-6.829,3.537,2.073,0.004,0.427,1.035,255,1824
38204509,-3.598,2.195,5.915,0.656,0.745,1.077,255,1824
38205638,3.110,-0.732,2.866,0.833,0.076,1.041,255,1824
38206381,4.085,-1.037,-2.439,0.025,-0.558,1.081,255,1824
38207639,-5.854,3.659,-1.890,-0.683,0.217,1.155,255,1824
38208380,-5.854,3.659,-1.890,-0.683,0.217,1.155,255,1824
38209639,-0.183,0.610,5.305,0.845,0.557,1.138,255,1824
38210385,4.512,-1.646,0.915,0.625,-0.223,0.948,255,1824
38211639,2.927,-0.244,-4.146,-0.562,-0.667,0.995,255,1824
38212591,-3.049,3.049,-4.390,-0.957,-0.318,1.035,255,1824
38213639,-3.902,2.683,5.427,0.544,0.776,1.068,255,1824
38214557,2.256,-0.427,3.720,0.864,0.170,1.161,255,1824
38215638,4.390,-1.037,-1.829,0.243,-0.458,1.008,255,1824
38216384,0.793,1.037,-5.427,-0.875,-0.634,0.849,255,1824
38217638,-5.427,3.537,-2.317,-0.777,0.029,1.169,255,1824
38218385,-6.463,4.024,3.476,0.138,0.589,1.076,255,1824
38219639,-1.280,1.159,5.671,0.794,0.667,0.982,255,1824
38220380,4.207,-0.976,2.012,0.743,-0.132,1.046,255,1824
38221639,-2.195,2.317,-4.695,-0.912,-0.500,0.860,255,1824
38222522,-6.280,4.451,0.183,-0.510,0.373,1.218,255,1824
38223638,-5.305,2.805,5.061,0.501,0.777,1.112,255,1824
38224378,0.732,0.305,4.634,0.838,0.258,1.136,255,1824
38225638,4.634,-0.793,-0.915,0.360,-0.321,0.892,255,1824
38226384,1.890,0.549,-4.634,-0.686,-0.699,0.994,255,1824
38227638,-6.341,4.024,2.378,-0.065,0.600,0.918,255,1824
38228387,-6.341,4.024,2.378,-0.065,0.600,0.918,255,1824
38229639,3.598,-0.549,3.049,0.718,-0.005,1.034,255,1824
38230379,4.390,-1.037,-2.988,-0.062,-0.625,0.945,255,1824
38231639,-0.610,2.073,-4.756,-0.884,-0.546,0.922,255,1824
38232661,-6.037,3.537,-0.610,-0.622,0.297,1.133,255,1824
38233638,-5.366,3.476,4.634,0.375,0.684,1.193,255,1824
38234710,4.817,-1.402,-0.305,0.467,-0.274,0.884,255,1824
38235638,1.951,0.000,-4.085,-0.484,-0.725,1.027,255,1834
38236436,-3.293,3.171,-3.598,-0.875,-0.217,1.124,255,1834
38237638,-6.585,4.146,2.012,-0.223,0.542,1.082,255,1834
38238514,-3.659,2.073,5.671,0.643,0.700,1.061,255,1834
38239638,2.744,-0.488,3.232,0.737,0.110,0.954,255,1834
38240387,4.329,-1.037,-2.317,0.135,-0.606,0.999,255,1834
38241638,-5.305,3.598,-1.280,-0.680,0.136,1.180,255,1834
38242378,-5.305,3.598,-1.280,-0.680,0.136,1.180,255,1834
38243639,-1.280,0.671,5.061,0.735,0.523,0.889,255,1834
38244381,4.207,-0.793,0.732,0.594,-0.222,1.040,255,1834
38245639,3.049,-0.183,-3.780,-0.330,-0.738,1.000,255,1834
38246505,-2.378,2.439,-3.902,-0.823,-0.291,0.989,255,1834
38247638,-3.659,2.317,5.122,0.546,0.695,1.083,255,1834
38248509,-3.659,2.317,5.122,0.546,0.695,1.083,255,1834
38249638,5.061,-1.220,-1.524,0.290,-0.527,0.867,255,1834
38250378,0.671,0.732,-3.963,-0.667,-0.534,1.049,255,1834
38251639,-4.817,3.659,-1.280,-0.727,0.002,1.287,255,1834
38252380,-5.610,3.902,3.110,0.028,0.677,1.000,255,1834
38253639,-2.012,1.220,4.817,0.677,0.510,0.903,255,1834
38254382,3.232,-0.549,1.402,0.540,-0.104,0.959,255,1834
38255639,-1.829,2.256,-3.476,-0.785,-0.336,1.135,255,1834
38256507,-5.549,3.963,0.915,-0.508,0.388,1.189,255,1834
38257638,-4.207,2.866,4.390,0.467,0.681,1.089,255,1834
38258381,0.793,0.488,3.963,0.602,0.272,0.889,255,1834
38259638,4.085,-1.585,-1.341,0.410,-0.454,0.851,255,1834
38260377,1.159,0.488,-3.537,-0.548,-0.518,1.149,255,1834
38261639,-5.976,3.841,2.988,-0.066,0.698,1.062,255,1834
38262380,-5.976,3.841,2.988,-0.066,0.698,1.062,255,1834
38263639,2.622,-0.427,1.768,0.573,-0.036,1.005,255,1834
38264376,3.354,-0.488,-2.866,0.056,-0.680,1.025,255,1834
38265639,-1.037,2.317,-3.415,-0.740,-0.322,1.118,255,1834
38266514,-5.366,4.268,0.427,-0.477,0.296,1.186,255,1834
38267638,-4.695,2.866,4.268,0.307,0.650,1.045,255,1834
38268378,0.122,0.488,4.024,0.558,0.329,0.820,255,1834
38269639,1.646,0.976,-3.232,-0.448,-0.505,1.123,255,1834
38270382,-3.293,2.866,-1.707,-0.586,-0.156,0.964,255,1834
38271639,-5.244,3.720,2.439,-0.215,0.643,1.273,255,1834
38272509,-3.110,1.585,3.841,0.441,0.475,0.942,255,1834
38273638,1.707,0.061,1.768,0.578,-0.030,0.999,255,1834
38274380,2.866,-0.366,-1.890,0.107,-0.500,0.938,255,1834
38275639,-5.305,3.780,0.488,-0.503,0.229,1.370,255,1834
38276376,-5.305,3.780,0.488,-0.503,0.229,1.370,255,1834
38277639,-0.732,0.793,3.780,0.525,0.319,0.845,255,1834
38278376,3.110,-0.244,0.000,0.392,-0.283,1.009,255,1834
38279639,1.890,0.671,-2.683,-0.192,-0.522,0.993,255,1834
38280376,-2.744,2.500,-1.829,-0.599,-0.120,1.188,255,1834
38281639,-5.122,3.659,1.768,0.401,0.406,0.994,255,1834
38282591,1.098,-0.061,2.012,0.461,0.057,0.874,255,1834
38283639,3.049,-0.305,-1.646,0.188,-0.453,0.895,255,1834
38284730,-0.854,1.524,-2.317,-0.405,-0.313,1.228,255,1834
38285501,-4.268,3.476,0.183,-0.537,0.123,1.245,255,1844
38286638,-4.146,2.622,2.622,0.037,0.523,0.928,255,1844
38287383,-1.341,0.488,3.171,0.439,0.294,0.895,255,1844
38288638,1.341,1.037,-2.256,-0.073,-0.392,1.054,255,1844
38289372,1.341,1.037,-2.256,-0.073,-0.392,1.054,255,1844
38290639,-4.756,3.293,1.159,-0.348,0.435,1.135,255,1844
38291381,-2.988,2.134,3.171,0.262,0.348,1.001,255,1844
38292638,0.366,0.244,1.768,0.403,0.136,0.850,255,1844
38293370,2.561,0.366,-1.098,0.268,-0.376,0.989,255,1844
38294639,-0.793,2.134,-1.829,-0.348,-0.287,1.189,255,1844
38295511,-3.598,2.927,-0.305,-0.472,0.070,1.065,255,1844
38296638,-1.646,0.244,2.927,0.308,0.346,0.929,255,1844
38297376,1.280,-0.244,0.305,0.458,-0.171,0.984,255,1844
38298639,1.098,0.854,-1.646,0.019,-0.346,1.095,255,1844
38299381,-1.524,2.378,-1.585,-0.458,-0.166,1.197,255,1844
38300638,-4.390,2.805,0.976,-0.370,0.302,1.194,255,1844
38301511,-3.110,1.524,2.866,0.196,0.348,0.880,255,1844
38302638,1.829,0.549,-0.244,0.265,-0.278,1.046,255,1844
38303379,1.829,0.549,-0.244,0.265,-0.278,1.046,255,1844
38304639,-2.317,2.378,-0.610,-0.442,-0.032,0.980,255,1844
38305513,-3.354,2.622,1.402,-0.195,0.408,1.071,255,1844
38306638,-2.073,0.793,2.500,0.293,0.302,0.970,255,1844
38307375,0.793,0.732,1.280,0.379,-0.078,1.040,255,1844
38308638,1.280,0.976,-1.159,0.148,-0.272,1.028,255,1844
38309379,-1.098,1.951,-1.585,-0.434,-0.167,1.222,255,1844
38310639,-2.317,0.732,1.951,0.117,0.360,0.771,255,1844
38311512,-1.220,0.488,2.317,0.322,0.122,0.851,255,1844
38312638,1.220,0.915,0.061,0.280,-0.135,1.019,255,1844
38313382,0.427,1.159,-1.341,-0.045,-0.310,1.230,255,1844
38314639,-2.256,2.683,-0.549,-0.494,-0.032,1.018,255,1844
38315509,-2.988,1.646,1.220,-0.188,0.319,1.099,255,1844
38316638,0.183,0.976,1.098,0.237,0.048,1.007,255,1844
38317377,0.183,0.976,1.098,0.237,0.048,1.007,255,1844
38318639,-0.305,2.256,-0.854,-0.393,-0.117,1.161,255,1844
38319504,-2.744,2.073,-0.122,-0.265,0.031,1.170,255,1844
38320638,-2.561,1.280,1.951,-0.008,0.327,0.823,255,1844
38321385,-0.915,1.402,2.134,0.283,0.126,0.867,255,1844
38322638,0.610,1.951,-0.671,-0.019,-0.234,1.149,255,1844
38323378,0.610,1.951,-0.671,-0.019,-0.234,1.149,255,1844
38324639,-2.927,1.220,0.976,-0.244,0.170,1.047,255,1844
38325386,-2.927,1.524,1.585,0.162,0.206,0.928,255,1844
38326638,-0.793,1.159,1.463,0.288,0.123,0.879,255,1844
38327378,0.732,1.646,-0.061,0.272,-0.154,1.142,255,1844
38328639,-0.061,1.951,-1.098,-0.281,-0.122,1.141,255,1844
38329507,-2.134,1.280,-0.854,-0.245,-0.078,1.089,255,1844
38330638,-2.134,0.854,1.707,0.275,0.152,0.921,255,1844
38331506,-0.183,1.768,0.915,0.264,0.047,1.177,255,1844
38332638,1.280,1.890,-0.671,0.058,-0.187,1.107,255,1844
38333703,-0.732,1.524,-0.976,-0.271,-0.076,1.139,255,1844
38334639,-2.134,1.037,0.183,-0.322,0.080,1.059,255,1854
38335523,-2.744,0.915,0.976,0.085,0.212,0.860,255,1854
38336638,0.732,2.012,-0.061,0.247,-0.032,1.115,255,1854
38337377,0.732,2.012,-0.061,0.247,-0.032,1.115,255,1854
38338639,-1.646,1.280,-0.488,-0.279,-0.116,1.027,255,1854
38339509,-2.683,1.220,0.610,-0.217,0.235,0.949,255,1854
38340638,-3.110,0.854,1.707,0.271,0.103,0.939,255,1854
38341374,-0.732,2.500,1.280,0.135,0.155,1.163,255,1854
38342639,1.585,1.463,0.122,0.257,-0.164,1.084,255,1854
38343381,0.122,1.463,-0.366,-0.248,-0.069,1.229,255,1854
38344639,-3.415,1.220,0.610,0.045,0.188,0.809,255,1854
38345376,-2.317,2.073,1.890,0.120,0.202,0.907,255,1854
38346638,0.610,1.768,0.732,0.332,0.030,1.104,255,1854
38347380,0.732,1.646,-0.427,-0.005,-0.102,1.286,255,1854
38348639,-0.427,1.220,-1.220,-0.279,-0.200,0.938,255,1854
38349502,-2.988,0.976,-0.122,-0.263,0.178,0.937,255,1854
38350638,-1.524,2.622,1.402,0.194,0.252,1.091,255,1854
38351382,-1.524,2.622,1.402,0.194,0.252,1.091,255,1854
38352638,0.366,1.220,-1.098,-0.243,-0.056,1.258,255,1854
38353376,-1.646,0.488,-1.159,-0.272,-0.163,1.074,255,1854
38354639,-3.110,1.220,0.488,-0.089,0.189,0.769,255,1854
38355509,-2.195,2.500,1.890,0.036,0.213,0.848,255,1854
38356638,2.134,1.280,-0.061,0.089,-0.049,1.222,255,1854
38357374,2.134,1.280,-0.061,0.089,-0.049,1.222,255,1854
38358639,-3.171,1.402,-0.366,-0.359,0.101,1.021,255,1854
38359377,-3.659,1.829,0.671,-0.057,0.075,0.932,255,1854
38360639,-1.585,2.500,2.073,0.258,0.295,1.101,255,1854
38361376,1.341,1.098,1.585,0.372,-0.007,1.126,255,1854
38362639,1.829,0.610,-0.732,-0.009,-0.110,1.248,255,1854
38363378,-1.098,1.037,-1.098,-0.389,-0.229,1.135,255,1854
38364639,-3.476,2.378,1.890,0.070,0.250,0.879,255,1854
38365507,-0.305,1.951,2.561,0.423,0.185,1.207,255,1854
38366638,2.134,0.793,0.427,0.209,-0.029,1.214,255,1854
38367377,0.671,0.366,-1.524,-0.135,-0.335,0.963,255,1854
38368639,-2.561,1.585,-1.280,-0.534,0.073,0.983,255,1854
38369378,-4.207,2.134,0.793,-0.072,0.068,0.928,255,1854
38370639,1.098,1.037,1.646,0.481,0.095,1.156,255,1854
38371376,1.098,1.037,1.646,0.481,0.095,1.156,255,1854
38372639,-1.037,0.915,-2.378,-0.458,-0.290,0.990,255,1854
38373504,-3.598,2.012,-1.159,-0.318,0.009,0.707,255,1854
38374638,-3.720,2.744,2.073,-0.060,0.329,0.960,255,1854
38375376,-0.122,1.951,2.622,0.491,0.270,1.222,255,1854
38376639,2.561,0.000,0.854,0.396,-0.021,1.269,255,1854
38377381,1.585,0.427,-1.707,-0.194,-0.326,1.087,255,1854
38378638,-5.000,3.049,0.427,-0.181,0.117,0.870,255,1854
38379380,-3.476,2.683,3.110,0.213,0.450,0.990,255,1854
38380639,1.829,0.732,2.378,0.609,0.144,1.257,255,1854
38381375,2.439,0.305,-0.427,0.131,-0.173,1.225,255,1854
38382639,-0.488,0.610,-2.744,-0.435,-0.444,0.829,255,1854
38383726,-4.878,2.805,2.073,-0.014,0.326,0.981,255,1854
38384482,-4.878,2.805,2.073,-0.014,0.326,0.981,255,1863
38385638,2.500,0.427,1.280,0.486,-0.006,1.186,255,1863
38386376,2.439,0.000,-1.829,-0.146,-0.370,1.037,255,1863
38387639,-2.439,1.829,-2.683,-0.672,-0.189,0.960,255,1863
38388518,-5.305,3.110,-0.061,-0.294,0.135,0.836,255,1863
38389638,-3.537,2.622,3.720,0.265,0.476,1.063,255,1863
38390377,1.220,1.098,3.293,0.625,0.280,1.211,255,1863
38391639,0.183,0.732,-2.805,-0.518,-0.481,0.773,255,1863
38392376,0.183,0.732,-2.805,-0.635,-0.043,0.835,255,1863
38393639,-5.427,3.049,1.890,-0.011,0.377,1.030,255,1863
38394378,-1.341,2.500,4.329,0.558,0.463,1.250,255,1863
38395639,3.415,-0.244,1.707,0.649,-0.009,1.209,255,1863
38396377,2.805,-0.183,-1.951,-0.199,-0.433,1.058,255,1863
38397639,-5.732,3.415,0.122,-0.315,0.197,0.893,255,1863
38398507,-4.146,3.293,3.720,0.249,0.561,0.973,255,1863
38399638,1.707,0.732,3.598,0.746,0.312,1.271,255,1863
38400449,3.598,-0.732,0.122,0.287,-0.300,1.214,255,1863
38401639,1.037,0.488,-3.659,-0.560,-0.536,0.678,255,1863
38402417,-4.695,2.744,-2.500,-0.696,-0.048,0.941,255,1863
38403638,-6.402,3.780,2.317,-0.100,0.454,1.028,255,1863
38404511,-1.463,2.195,4.939,0.655,0.524,1.247,255,1863
38405638,3.354,-0.366,-2.195,-0.250,-0.415,1.047,255,1863
38406518,-1.585,1.402,-3.902,-0.697,-0.491,0.980,255,1863
38407638,-6.646,3.659,-0.122,-0.466,0.292,0.851,255,1863
38408507,-4.085,3.232,4.451,0.306,0.573,0.979,255,1863
38409638,1.463,0.793,4.573,0.836,0.345,1.363,255,1863
38410377,4.268,-0.915,-0.061,0.299,-0.304,1.071,255,1863
38411639,-5.061,3.293,-2.622,-0.837,-0.011,0.951,255,1863
38412504,-6.220,3.598,2.073,-0.030,0.425,1.029,255,1863
38413638,-1.585,2.378,5.854,0.695,0.647,1.292,255,1863
38414382,3.720,-1.037,2.439,0.730,-0.031,1.125,255,1863
38415638,3.841,-0.793,-2.927,-0.217,-0.495,1.104,255,1863
38416507,-2.256,2.012,-4.390,-0.824,-0.515,0.963,255,1863
38417638,-6.159,4.024,-0.793,-0.517,0.310,0.819,255,1863
38418516,-4.634,3.415,5.061,0.392,0.632,1.002,255,1863
38419638,5.000,-1.585,-0.122,0.321,-0.351,1.070,255,1863
38420377,1.524,0.061,-4.390,-0.585,-0.731,0.716,255,1863
38421639,-4.390,3.415,-2.988,-0.917,0.025,0.938,255,1863
38422381,-6.341,3.659,2.805,0.029,0.435,1.125,255,1863
38423638,-1.829,2.134,6.159,0.719,0.714,1.298,255,1863
38424378,3.780,-1.341,2.683,0.759,-0.058,1.062,255,1863
38425639,-2.500,1.707,-5.061,-0.964,-0.448,0.946,255,1863
38426509,-6.829,3.902,-0.549,-0.468,0.238,0.878,255,1863
38427638,-4.756,3.780,5.671,0.399,0.799,1.007,255,1863
38428384,2.073,0.488,5.122,0.915,0.341,1.248,255,1863
38429639,4.756,-1.585,-0.244,0.350,-0.426,1.118,255,1863
38430381,1.037,0.244,-5.183,-0.702,-0.724,0.772,255,1863
38431639,-6.524,4.085,3.476,0.035,0.547,1.077,255,1863
38432376,-6.524,4.085,3.476,0.035,0.547,1.077,255,1863
38433639,4.329,-1.585,2.805,0.817,-0.180,1.131,255,1863
38434730,3.537,-1.341,-3.598,-0.297,-0.603,1.063,255,1863
38435640,-2.134,2.012,-5.000,-0.965,-0.548,1.009,255,1873
38436660,-7.012,4.146,0.000,-0.430,0.368,0.842,255,1873
38437638,-4.817,3.537,5.976,0.462,0.839,1.014,255,1873
38438385,1.768,-0.061,5.122,0.982,0.281,1.295,255,1873
38439638,1.524,0.488,-5.366,-0.757,-0.807,0.797,255,1873
38440379,-5.244,3.780,-2.805,-0.896,0.076,0.939,255,1873
38441638,-6.768,3.720,3.476,0.125,0.625,1.104,255,1873
38442378,-1.159,1.707,6.890,0.821,0.730,1.199,255,1873
38443639,4.390,-1.585,2.256,0.726,-0.165,1.019,255,1873
38444381,3.354,-0.976,-4.146,-0.334,-0.702,1.053,255,1873
38445639,-7.317,3.598,0.000,-0.362,0.436,0.821,255,1873
38446507,-4.390,2.805,6.585,0.524,0.841,1.060,255,1873
38447638,2.378,-0.061,5.183,0.955,0.243,1.203,255,1873
38448381,4.939,-1.707,-1.768,0.214,-0.509,1.081,255,1873
38449639,0.427,0.366,-5.671,-0.792,-0.832,0.801,255,1873
38450377,-5.915,3.720,-2.927,-0.864,0.156,0.969,255,1873
38451639,-6.707,4.451,4.573,0.168,0.692,1.171,255,1873
38452386,-0.854,2.012,6.829,0.848,0.670,1.085,255,1873
38453638,3.049,-0.793,-4.451,-0.412,-0.853,1.085,255,1873
38454507,-2.805,2.317,-5.061,-1.023,-0.352,1.112,255,1873
38455638,-7.744,3.963,1.463,-0.277,0.469,0.904,255,1873
38456512,-4.451,3.110,7.012,0.560,0.928,0.978,255,1873
38457638,2.805,-0.610,4.512,0.956,0.148,1.139,255,1873
38458376,4.390,-1.341,-1.890,0.086,-0.644,1.155,255,1873
38459639,-6.159,3.354,-2.256,-0.742,0.193,1.075,255,1873
38460385,-6.159,3.354,-2.256,0.196,0.797,1.117,255,1873
38461638,0.244,1.159,6.280,0.936,0.573,1.096,255,1873
38462377,5.183,-1.585,0.915,0.534,-0.284,1.058,255,1873
38463639,2.744,-0.488,-5.244,-0.507,-0.831,0.989,255,1873
38464509,-3.537,2.500,-4.634,-0.909,-0.286,1.249,255,1873
38465638,-4.146,2.378,6.646,0.668,0.893,0.958,255,1873
38466509,3.049,-0.793,4.573,0.898,0.122,1.190,255,1873
38467638,5.122,-1.646,-2.378,-0.008,-0.701,1.031,255,1873
38468505,-0.305,0.488,-5.976,-0.840,-0.774,0.833,255,1873
38469638,-6.829,3.476,-1.341,-0.702,0.240,1.117,255,1873
38470509,-7.073,3.659,5.061,0.346,0.914,1.046,255,1873
38471638,-0.854,1.037,6.768,0.864,0.527,1.148,255,1873
38472377,6.463,-0.976,0.732,0.438,-0.295,1.058,255,1873
38473639,-4.268,2.805,-4.634,-0.936,-0.287,1.118,255,1873
38474514,-7.927,3.963,2.317,-0.131,0.705,0.849,255,1873
38475638,-5.488,2.317,7.561,0.724,0.923,1.019,255,1873
38476376,3.476,0.366,4.085,0.711,0.146,1.061,255,1873
38477639,6.341,-0.854,-4.146,-0.031,-0.853,1.138,255,1873
38478507,-0.671,1.585,-6.951,-0.911,-0.828,0.915,255,1873
38479638,-7.927,3.171,6.890,0.428,0.989,1.057,255,1873
38480507,-0.976,1.402,6.890,0.812,0.565,1.056,255,1873
38481638,6.280,-0.915,-0.976,0.423,-0.464,1.119,255,1873
38482382,3.537,0.305,-6.829,-0.638,-1.054,1.106,255,1873
38483638,-4.207,2.439,-4.817,-0.858,-0.231,1.135,255,1873
38484726,-8.780,2.988,4.207,0.026,0.815,0.854,255,1873
38485495,-5.183,2.622,8.171,0.657,0.965,0.900,255,1883
38486638,6.402,-0.793,-5.305,-0.120,-0.998,1.210,255,1883
38487507,0.671,1.402,-7.134,-0.908,-0.723,0.881,255,1883
38488638,-7.195,2.927,0.488,-0.431,0.422,1.062,255,1883
38489373,-7.439,2.988,7.317,0.411,1.058,1.003,255,1883
38490638,-0.488,1.402,6.341,0.755,0.521,1.000,255,1883
38491368,5.793,-0.305,-1.890,0.321,-0.624,1.143,255,1883
38492638,-3.415,2.439,-3.476,-0.649,-0.178,1.212,255,1883
38493506,-3.415,2.439,-3.476,-0.649,-0.178,1.212,255,1883
38494638,-3.963,2.439,7.378,0.647,0.817,0.785,255,1883
38495512,3.720,0.976,2.683,0.610,-0.047,1.154,255,1883
38496638,5.549,-0.793,-5.610,-0.221,-0.979,1.198,255,1883
38497505,-0.061,0.976,-6.585,-0.796,-0.659,0.990,255,1883
38498638,-6.890,2.988,0.976,-0.342,0.553,1.075,255,1883
38499509,-7.012,2.805,6.707,0.399,1.037,0.843,255,1883
38500638,5.854,-0.427,-2.988,0.183,-0.667,1.128,255,1883
38501378,2.500,0.122,-7.256,-0.614,-0.931,1.161,255,1883
38502639,-4.695,2.012,-2.317,-0.591,0.032,1.186,255,1883
38503385,-7.378,3.293,4.756,0.104,1.004,0.862,255,1883
38504639,-3.354,2.317,7.134,0.622,0.662,0.825,255,1883
38505377,4.390,0.244,0.488,0.459,-0.220,1.078,255,1883
38506638,-2.012,1.646,-5.000,-0.669,-0.502,1.033,255,1883
38507509,-7.073,2.744,2.378,-0.266,0.806,0.995,255,1883
38508638,-6.159,2.561,6.768,0.483,0.793,0.866,255,1883
38509375,0.854,1.280,3.841,0.533,0.243,1.058,255,1883
38510638,5.610,-0.915,-4.085,0.151,-0.840,1.113,255,1883
38511380,1.341,0.732,-5.915,-0.666,-0.712,1.227,255,1883
38512638,-5.183,2.378,-0.671,-0.468,0.275,1.113,255,1883
38513378,-7.256,3.049,5.427,0.204,0.897,0.898,255,1883
38514639,4.451,-0.122,-0.915,0.365,-0.396,1.079,255,1883
38515383,3.598,-0.366,-5.183,-0.324,-0.881,1.227,255,1883
38516638,-2.744,1.646,-2.866,-0.557,-0.173,1.021,255,1883
38517628,-6.524,3.293,3.537,-0.166,0.749,1.032,255,1883
38518638,-4.329,2.561,5.854,0.450,0.721,0.794,255,1883
38519383,2.195,0.732,2.012,0.439,-0.032,1.087,255,1883
38520639,-0.244,0.671,-4.512,-0.520,-0.502,1.235,255,1883
38521506,-5.061,2.744,1.159,-0.406,0.423,1.087,255,1883
38522638,-5.793,3.171,5.000,0.227,0.792,0.846,255,1883
38523377,-0.793,1.220,3.720,0.444,0.326,0.884,255,1883
38524639,4.268,-0.427,-1.829,0.249,-0.525,1.015,255,1883
38525378,2.378,-0.061,-4.695,-0.298,-0.684,1.262,255,1883
38526639,-6.159,2.988,3.780,-0.056,0.757,0.905,255,1883
38527511,-6.159,2.988,3.780,-0.056,0.757,0.905,255,1883
38528638,2.683,0.488,0.854,0.364,-0.211,0.991,255,1883
38529375,3.780,-0.366,-4.207,-0.021,-0.682,1.225,255,1883
38530639,-0.854,1.159,-3.110,-0.478,-0.388,1.198,255,1883
38531630,-5.305,2.866,1.768,-0.314,0.515,1.046,255,1883
38532638,-5.122,2.500,4.695,0.281,0.686,0.836,255,1883
38533707,3.841,-0.183,-2.744,0.233,-0.516,1.015,255,1883
38534639,1.402,0.122,-4.024,-0.310,-0.565,1.280,255,1893
38535393,-3.293,2.073,-0.488,-0.450,0.110,1.138,255,1893
38536638,-5.305,2.805,3.537,0.032,0.683,0.898,255,1893
38537383,-1.768,2.073,4.085,0.311,0.451,0.796,255,1893
38538639,2.744,0.732,-0.305,0.321,-0.262,1.021,255,1893
38539376,2.622,0.183,-3.415,-0.025,-0.592,1.286,255,1893
38540639,-5.122,2.317,2.195,-0.206,0.522,1.059,255,1893
38541381,-5.122,2.317,2.195,-0.206,0.522,1.059,255,1893
38542638,0.671,1.341,1.524,0.349,0.010,0.950,255,1893
38543376,2.622,0.610,-2.561,0.162,-0.418,1.134,255,1893
38544639,0.244,1.098,-2.866,-0.278,-0.471,1.199,255,1893
38545382,-3.476,2.134,0.549,-0.326,0.197,1.231,255,1893
38546638,-5.000,2.500,3.354,0.013,0.554,0.776,255,1893
38547376,-1.524,2.012,2.744,0.268,0.322,0.802,255,1893
38548639,2.073,1.098,-3.049,-0.072,-0.455,1.282,255,1893
38549377,-1.768,1.707,-1.159,-0.353,-0.134,1.053,255,1893
38550639,-4.390,1.646,2.134,-0.137,0.466,0.977,255,1893
38551513,-2.622,1.951,2.866,0.156,0.448,0.813,255,1893
38552638,0.305,1.280,1.159,0.282,-0.084,1.128,255,1893
38553376,2.866,0.732,-1.951,0.051,-0.301,1.181,255,1893
38554639,-3.354,1.768,0.976,-0.255,0.177,1.200,255,1893
38555380,-3.354,1.768,0.976,-0.255,0.177,1.200,255,1893
38556639,-1.402,1.341,2.012,0.280,0.123,0.903,255,1893
38557377,1.646,1.463,-0.732,0.134,-0.114,1.163,255,1893
38558639,1.037,1.280,-1.646,0.003,-0.370,1.301,255,1893
38559377,-1.524,1.890,0.183,-0.288,-0.045,0.972,255,1893
38560639,-3.171,1.707,2.195,0.192,0.181,0.960,255,1893
38561378,-3.171,1.707,2.195,0.192,0.181,0.960,255,1893
38562639,2.134,1.463,-1.463,0.183,-0.276,1.169,255,1893
38563384,-0.671,1.463,-0.732,-0.289,-0.123,1.247,255,1893
38564638,-2.988,0.854,0.427,-0.179,0.099,1.119,255,1893
38565507,-3.049,0.976,2.073,0.050,0.341,0.683,255,1893
38566638,-1.829,1.829,1.585,0.147,0.100,0.900,255,1893
38567377,0.915,1.707,-0.122,0.159,-0.085,1.162,255,1893
38568639,-1.098,0.915,-0.244,-0.163,-0.044,0.837,255,1893
38569504,-3.049,1.280,1.402,-0.186,0.275,0.935,255,1893
38570638,-3.659,1.646,1.524,0.117,0.145,0.923,255,1893
38571381,-0.122,2.500,0.732,0.080,0.081,1.126,255,1893
38572639,1.463,1.707,-0.183,0.206,-0.196,1.275,255,1893
38573375,-0.122,0.732,-0.122,-0.142,-0.057,1.202,255,1893
38574639,-3.171,1.707,0.671,-0.053,0.251,0.812,255,1893
38575506,-2.439,1.951,1.829,0.118,0.119,0.888,255,1893
38576638,0.427,2.073,0.732,0.195,-0.035,1.251,255,1893
38577375,1.402,1.159,-0.122,0.003,-0.091,1.260,255,1893
38578639,-0.793,0.793,-0.305,-0.116,-0.182,0.997,255,1893
38579497,-3.293,1.159,0.366,-0.243,0.249,0.780,255,1893
38580638,-3.049,1.585,1.402,0.068,0.094,0.842,255,1893
38581368,-0.427,3.110,1.463,0.129,0.160,1.187,255,1893
38582663,0.244,1.037,-0.244,-0.126,-0.109,1.197,255,1893
38583726,-2.134,1.098,-0.366,-0.273,0.004,0.727,255,1893
38584640,-3.963,2.134,0.793,-0.061,0.159,0.908,255,1902
38585395,-2.683,3.049,2.195,-0.001,0.216,1.006,255,1902
38586638,1.280,1.463,1.037,0.353,-0.010,1.246,255,1902
38587444,1.646,0.549,0.122,0.052,-0.090,1.261,255,1902
38588639,-3.902,0.732,0.244,-0.146,0.137,0.707,255,1902
38589404,-3.902,0.732,0.244,-0.146,0.137,0.707,255,1902
38590638,-0.854,2.439,1.768,0.283,0.200,1.173,255,1902
38591378,1.402,0.732,0.671,0.235,-0.097,1.480,255,1902
38592639,0.610,0.549,-0.854,-0.050,-0.260,0.912,255,1902
38593373,-2.683,0.732,-0.854,-0.289,0.018,0.825,255,1902
38594639,-2.012,2.988,1.890,0.101,0.299,1.188,255,1902
38595407,-2.012,2.988,1.890,0.101,0.299,1.188,255,1902
38596639,2.561,0.305,-0.427,0.063,-0.127,1.167,255,1902
38597441,-0.732,-0.122,-1.280,-0.221,-0.237,0.960,255,1902
38598639,-3.537,1.768,-0.610,-0.356,0.044,0.753,255,1902
38599529,-3.902,2.927,1.585,-0.092,0.306,0.889,255,1902
38600638,-0.671,2.439,2.866,0.391,0.249,1.250,255,1902
38601378,2.683,0.610,1.037,0.344,-0.010,1.405,255,1902
38602638,-2.927,1.220,-2.012,-0.544,0.005,0.780,255,1902
38603372,-2.927,1.220,-2.012,-0.175,0.109,0.787,255,1902
38604639,-3.110,3.110,3.232,0.181,0.400,1.295,255,1902
38605386,2.073,1.037,2.256,0.477,0.138,1.279,255,1902
38606638,2.500,-1.037,-0.793,0.196,-0.342,1.133,255,1902
38607376,-0.854,0.854,-2.378,-0.511,-0.250,1.001,255,1902
38608639,-5.122,3.354,2.744,-0.073,0.462,1.019,255,1902
38609511,0.244,2.256,3.780,0.481,0.368,1.233,255,1902
38610638,2.988,-0.549,0.671,0.401,-0.200,1.397,255,1902
38611375,0.671,-0.366,-2.439,-0.266,-0.497,0.768,255,1902
38612639,-4.024,1.768,-3.171,-0.550,-0.097,0.679,255,1902
38613633,-6.341,3.415,1.463,-0.202,0.338,0.970,255,1902
38614638,-2.012,3.354,4.268,0.358,0.512,1.326,255,1902
38615376,3.232,0.061,2.317,0.632,0.033,1.273,255,1902
38616639,-1.159,0.732,-3.902,-0.562,-0.354,0.798,255,1902
38617507,-5.915,2.988,-0.244,-0.367,0.129,0.808,255,1902
38618638,-4.085,3.720,3.720,0.076,0.638,1.077,255,1902
38619377,2.134,1.341,4.207,0.688,0.327,1.318,255,1902
38620638,4.451,-0.488,-0.061,0.293,-0.286,1.314,255,1902
38621380,1.280,0.000,-4.512,-0.459,-0.566,0.848,255,1902
38622639,-5.976,3.598,2.378,-0.167,0.556,0.936,255,1902
38623392,-5.976,3.598,2.378,-0.167,0.556,0.936,255,1902
38624638,3.902,-0.305,1.707,0.567,-0.032,1.421,255,1902
38625381,3.232,-1.037,-3.293,-0.137,-0.604,0.910,255,1902
38626638,-2.744,0.854,-4.024,-0.661,-0.363,0.720,255,1902
38627627,-6.768,3.963,0.732,-0.403,0.379,0.928,255,1902
38628638,-4.024,3.232,5.427,0.711,0.280,1.412,255,1902
38629380,2.744,0.488,4.268,0.711,0.280,1.412,255,1902
38630639,0.122,0.610,-5.061,-0.610,-0.650,0.977,255,1902
38631376,-6.159,3.293,-2.012,-0.591,0.129,0.581,255,1902
38632663,-6.341,4.146,4.085,0.012,0.680,0.975,255,1902
38633729,0.122,2.500,5.793,0.735,0.569,1.382,255,1902
38634403,5.366,-0.854,0.488,0.485,-0.256,1.333,255,1912
38635638,-4.573,2.012,-4.573,-0.794,-0.191,0.740,255,1912
38636516,-7.622,3.963,1.890,-0.232,0.538,0.954,255,1912
38637638,-3.598,2.988,6.707,0.566,0.778,1.310,255,1912
38638378,3.841,-0.671,3.354,0.751,0.070,1.249,255,1912
38639639,4.268,-1.159,-3.049,-0.047,-0.691,1.158,255,1912
38640507,-1.463,0.915,-5.610,-0.784,-0.605,0.881,255,1912
38641638,-7.439,3.598,-0.854,-0.493,0.330,0.737,255,1912
38642508,-6.524,4.329,5.854,0.267,0.824,0.980,255,1912
38643638,5.854,-1.280,-0.976,0.313,-0.459,1.228,255,1912
38644386,1.890,0.122,-6.951,-0.562,-0.943,0.798,255,1912
38645638,-5.671,3.293,-3.659,-0.822,0.044,0.692,255,1912
38646462,-7.805,4.329,4.146,-0.050,0.654,0.976,255,1912
38647639,-0.915,2.561,7.683,0.814,0.863,1.365,255,1912
38648408,6.280,-0.671,2.378,0.619,-0.194,1.305,255,1912
38649638,-3.659,1.707,-5.732,-0.915,-0.427,0.722,255,1912
38650515,-8.476,4.451,1.524,-0.358,0.537,0.843,255,1912
38651638,-4.695,3.171,7.927,0.549,0.912,1.135,255,1912
38652388,3.232,0.244,4.939,0.855,0.278,1.273,255,1912
38653638,5.305,-1.037,-3.232,0.070,-0.729,1.190,255,1912
38654377,-0.427,0.366,-7.195,-0.737,-0.867,0.933,255,1912
38655639,-6.951,3.963,-1.951,-0.682,0.259,0.740,255,1912
38656519,-7.134,3.720,6.098,0.267,0.872,0.990,255,1912
38657638,6.463,-1.463,-0.366,0.467,-0.443,1.316,255,1912
38658386,2.805,-0.610,-6.951,-0.537,-1.055,0.915,255,1912
38659639,-4.146,2.439,-4.512,-0.939,-0.091,0.705,255,1912
38660637,-8.171,4.329,3.841,-0.026,0.715,1.008,255,1912
38661638,-2.683,3.354,8.354,0.693,1.003,1.190,255,1912
38662377,5.854,-1.037,3.110,0.772,-0.116,1.156,255,1912
38663639,-1.646,1.646,-7.378,-0.961,-0.600,0.925,255,1912
38664512,-7.988,3.963,0.488,-0.304,0.448,0.781,255,1912
38665638,-6.159,3.841,8.110,0.379,1.139,0.996,255,1912
38666376,2.927,0.488,6.037,0.967,0.326,1.175,255,1912
38667639,6.585,-1.707,-2.561,0.205,-0.735,1.340,255,1912
38668379,1.341,0.427,-7.866,-0.877,-1.020,0.758,255,1912
38669639,-8.049,4.634,6.524,0.190,1.055,0.931,255,1912
38670379,-8.049,4.634,6.524,0.190,1.055,0.931,255,1912
38671639,6.280,-1.402,0.427,0.504,-0.408,1.230,255,1912
38672386,3.780,-1.098,-7.988,-0.601,-1.137,1.034,255,1912
38673638,-4.512,2.195,-5.305,-0.857,-0.222,0.858,255,1912
38674634,-9.695,4.634,4.085,-0.120,0.776,0.965,255,1912
38675638,-3.902,3.110,8.780,0.708,1.020,1.029,255,1912
38676381,4.573,-0.671,3.720,0.784,-0.047,1.188,255,1912
38677639,-1.463,1.220,-7.561,-0.908,-0.749,1.047,255,1912
38678505,-8.598,3.720,0.122,-0.421,0.560,0.796,255,1912
38679638,-6.463,3.476,7.927,0.475,1.145,0.918,255,1912
38680381,1.829,0.671,6.707,0.924,0.368,1.204,255,1912
38681639,6.951,-1.951,-3.171,0.149,-0.688,1.215,255,1912
38682402,1.646,-0.183,-8.110,-0.773,-1.156,0.928,255,1912
38683638,-8.232,4.817,6.707,0.180,1.012,0.879,255,1912
38684732,-1.463,2.256,8.841,0.904,0.722,1.146,255,1912
38685522,6.585,-1.524,0.549,0.459,-0.344,1.170,255,1922
38686638,4.512,-1.220,-7.378,-0.475,-1.237,1.180,255,1922
38687513,-4.207,2.073,-5.915,-0.907,-0.255,1.004,255,1922
38688638,-8.720,4.146,3.780,-0.136,0.866,0.829,255,1922
38689505,-4.695,3.232,9.268,0.734,0.996,0.991,255,1922
38690638,5.854,-1.402,-5.427,-0.073,-1.123,1.271,255,1922
38691509,-1.646,1.098,-7.744,-0.993,-0.716,1.065,255,1922
38692638,-8.171,3.780,0.732,-0.408,0.527,0.810,255,1922
38693504,-7.073,4.268,8.902,0.477,1.109,0.896,255,1922
38694638,1.890,1.159,7.073,0.812,0.471,1.016,255,1922
38695445,7.439,-1.220,-2.744,0.203,-0.846,1.381,255,1922
38696639,1.768,-0.244,-8.232,-0.696,0.144,0.938,255,1922
38697407,-5.610,2.622,-2.500,-0.696,0.144,0.938,255,1922
38698638,-1.646,1.768,8.232,0.846,0.768,0.993,255,1922
38699390,6.037,-1.341,0.305,0.481,-0.432,1.229,255,1922
38700638,4.024,-1.402,-7.500,-0.505,-1.146,1.181,255,1922
38701509,-3.293,1.524,-5.366,-0.826,-0.336,1.175,255,1922
38702638,-8.354,4.268,4.085,-0.161,0.872,0.792,255,1922
38703507,-4.207,3.232,8.963,0.702,1.043,0.822,255,1922
38704638,5.610,-1.524,-5.610,-0.127,-1.044,1.290,255,1922
38705507,-1.037,0.915,-7.317,-0.846,-0.763,1.088,255,1922
38706638,-7.683,3.963,1.159,-0.444,0.606,0.879,255,1922
38707511,-6.585,4.085,7.927,0.521,1.148,0.797,255,1922
38708638,1.341,1.646,6.585,0.711,0.350,1.114,255,1922
38709376,6.829,-1.220,-3.537,0.205,-0.788,1.320,255,1922
38710639,-6.280,3.232,-1.829,-0.661,0.179,0.925,255,1922
38711378,-6.280,3.232,-1.829,-0.661,0.179,0.925,255,1922
38712639,-1.524,2.622,8.537,0.722,0.682,0.940,255,1922
38713384,6.037,-0.915,-0.244,0.445,-0.479,1.064,255,1922
38714638,3.841,-1.098,-6.829,-0.456,-1.065,1.313,255,1922
38715513,-3.354,1.890,-4.085,-0.687,-0.293,1.202,255,1922
38716638,-7.805,4.085,4.146,-0.132,0.944,0.878,255,1922
38717507,-3.902,3.659,8.415,0.621,0.895,0.768,255,1922
38718638,5.000,-1.159,-5.610,-0.119,-1.072,1.369,255,1922
38719512,-0.976,0.732,-6.585,-0.739,-0.587,1.062,255,1922
38720638,-7.561,3.232,1.646,-0.349,0.576,0.908,255,1922
38721507,-6.280,4.085,7.683,0.397,0.988,0.791,255,1922
38722638,0.793,1.646,5.122,0.571,0.368,0.959,255,1922
38723379,5.488,-1.463,-3.049,0.187,-0.922,1.280,255,1922
38724638,-5.610,1.707,-1.220,-0.394,0.170,1.154,255,1922
38725378,-5.610,1.707,-1.220,-0.394,0.170,1.154,255,1922
38726639,-0.976,2.988,6.037,0.581,0.600,0.770,255,1922
38727382,4.573,-0.183,-0.854,0.402,-0.552,1.143,255,1922
38728638,3.110,-0.854,-6.280,-0.521,-0.884,1.365,255,1922
38729506,-3.110,1.159,-3.598,-0.412,-0.211,1.157,255,1922
38730638,-7.378,3.780,5.000,-0.141,0.937,0.849,255,1922
38731511,-3.171,3.720,6.951,0.495,0.809,0.696,255,1922
38732638,3.963,-0.915,-5.244,-0.241,-0.950,1.233,255,1922
38733730,-1.341,0.305,-4.695,-0.422,-0.460,1.260,255,1922
38734647,-6.768,2.683,2.683,-0.275,0.627,0.967,255,1932
38735638,-4.939,3.598,6.037,0.324,0.889,0.604,255,1932
38736382,1.037,1.646,3.720,0.416,0.144,1.062,255,1932
38737639,1.098,-0.427,-5.671,-0.412,-0.747,1.350,255,1932
38738506,1.098,-0.427,-5.671,-0.412,-0.747,1.350,255,1932
38739638,-5.732,3.780,5.732,0.118,0.889,0.764,255,1932
38740507,-1.037,2.744,5.427,0.520,0.467,0.900,255,1932
38741638,4.634,0.549,-1.280,0.166,-0.480,1.011,255,1932
38742377,3.354,-0.366,-5.610,-0.325,-0.861,1.387,255,1932
38743639,-3.415,1.646,-1.890,-0.323,0.034,1.326,255,1932
38744512,-6.463,3.110,3.963,-0.083,0.741,0.716,255,1932
38745638,2.439,1.402,0.427,0.282,-0.189,1.004,255,1932
38746378,2.988,-0.122,-4.451,-0.098,-0.858,1.418,255,1932
38747639,-1.707,0.366,-3.415,-0.385,-0.299,1.159,255,1932
38748628,-4.695,1.707,2.439,-0.113,0.623,0.898,255,1932
38749638,-4.512,2.927,5.854,0.210,0.688,0.763,255,1932
38750382,0.976,2.012,2.012,0.311,0.115,1.039,255,1932
38751639,0.183,0.000,-3.537,-0.366,-0.425,1.301,255,1932
38752387,0.183,0.000,-3.537,-0.366,-0.425,1.301,255,1932
38753638,-5.549,2.622,4.756,0.160,0.635,0.732,255,1932
38754383,-0.915,2.683,2.805,0.200,0.315,0.807,255,1932
38755638,3.476,1.098,-1.280,0.191,-0.513,1.049,255,1932
38756376,1.951,0.854,-3.659,-0.266,-0.596,1.394,255,1932
38757639,-2.744,0.793,-0.854,-0.267,0.118,1.311,255,1932
38758384,-4.878,1.768,3.902,0.022,0.602,0.778,255,1932
38759638,1.890,1.402,0.000,0.286,-0.297,1.033,255,1932
38760378,2.561,0.732,-3.415,-0.157,-0.537,1.459,255,1932
38761639,-0.976,0.732,-1.646,-0.196,-0.164,1.165,255,1932
38762514,-4.085,1.341,2.561,-0.069,0.524,0.902,255,1932
38763638,-3.537,2.439,3.293,0.031,0.527,0.654,255,1932
38764373,0.488,2.378,0.732,0.263,-0.133,1.058,255,1932
38765639,-0.366,0.366,-1.890,-0.192,-0.354,1.373,255,1932
38766512,-3.354,1.037,1.037,-0.169,0.373,0.966,255,1932
38767638,-3.476,1.890,3.354,0.073,0.539,0.714,255,1932
38768377,-0.915,2.805,2.378,0.154,0.053,0.885,255,1932
38769639,1.890,1.768,-1.402,0.062,-0.311,1.092,255,1932
38770381,0.793,1.159,-2.378,-0.100,-0.398,1.403,255,1932
38771639,-3.963,1.037,2.683,0.001,0.426,0.728,255,1932
38772376,-3.963,1.037,2.683,0.001,0.426,0.728,255,1932
38773639,1.098,1.768,-0.610,0.206,-0.214,1.064,255,1932
38774381,1.280,0.793,-2.134,-0.006,-0.397,1.560,255,1932
38775639,-1.220,0.305,-0.305,-0.177,0.042,1.089,255,1932
38776374,-2.561,0.427,1.463,0.024,0.337,0.860,255,1932
38777639,-2.622,2.378,2.439,-0.065,0.330,0.647,255,1932
38778371,0.488,2.073,0.305,0.202,-0.134,1.051,255,1932
38779639,0.000,0.671,-0.854,-0.076,-0.121,1.301,255,1932
38780375,-2.256,0.549,1.098,0.045,0.313,0.996,255,1932
38781639,-3.720,2.256,2.012,-0.184,0.315,0.729,255,1932
38782384,-1.098,2.805,0.305,0.026,-0.015,0.841,255,1932
38783638,1.707,1.890,-0.793,0.106,-0.154,1.188,255,1932
38784708,0.671,1.037,-0.671,0.028,-0.261,1.330,255,1932
38785639,-3.476,1.280,1.524,-0.141,0.248,0.568,255,1941
38786390,-3.476,1.280,1.524,-0.141,0.248,0.568,255,1941
38787638,0.183,1.829,0.183,0.080,-0.079,1.222,255,1941
38788381,0.976,0.854,-1.037,0.146,-0.280,1.451,255,1941
38789638,-0.854,0.000,0.427,0.061,0.109,1.195,255,1941
38790376,-2.500,0.976,1.341,-0.172,0.170,0.712,255,1941
38791639,-2.988,2.561,0.854,-0.175,0.203,0.721,255,1941
38792373,-0.427,2.866,0.366,0.113,-0.033,1.098,255,1941
38793639,0.244,0.305,0.244,0.018,-0.088,1.321,255,1941
38794369,-2.012,0.549,0.305,-0.094,0.167,0.899,255,1941
38795638,-3.720,1.890,1.037,-0.136,0.186,0.674,255,1941
38796381,-2.622,2.927,0.976,-0.165,0.029,0.939,255,1941
38797638,0.976,1.585,-0.061,0.174,-0.066,1.166,255,1941
38798374,0.854,0.061,0.122,0.229,-0.119,1.438,255,1941
38799639,-3.171,0.915,0.427,-0.194,0.104,0.621,255,1941
38800470,-3.171,3.171,0.671,-0.229,0.090,0.659,255,1941
38801639,0.366,2.683,0.305,0.145,0.056,1.202,255,1941
38802403,0.488,1.220,0.732,0.306,-0.120,1.551,255,1941
38803638,0.061,0.183,-0.061,0.089,0.002,1.068,255,1941
38804373,-2.439,0.915,-0.427,-0.206,0.025,0.705,255,1941
38805638,-1.280,3.232,0.854,0.042,0.130,1.105,255,1941
38806375,-1.280,3.232,0.854,0.042,0.130,1.105,255,1941
38807639,1.220,-0.488,0.366,0.157,0.031,1.241,255,1941
38808378,-1.159,-0.244,-0.427,-0.081,-0.081,0.798,255,1941
38809639,-4.451,2.805,-0.305,-0.431,0.099,0.688,255,1941
38810507,-2.927,3.780,0.854,-0.167,0.119,0.944,255,1941
38811638,0.488,1.768,1.829,0.411,0.099,1.347,255,1941
38812379,1.585,-0.549,1.037,0.308,-0.021,1.361,255,1941
38813638,-3.720,1.220,-1.159,-0.442,0.069,0.625,255,1941
38814374,-3.598,3.902,0.610,-0.319,0.101,0.593,255,1941
38815638,-0.488,3.354,2.012,0.248,0.211,1.406,255,1941
38816382,1.890,0.244,1.402,0.418,0.044,1.467,255,1941
38817638,1.098,-0.732,0.183,0.236,-0.241,1.118,255,1941
38818371,-2.439,0.976,-1.402,-0.419,-0.024,0.619,255,1941
38819638,-2.439,3.841,2.317,0.045,0.364,1.245,255,1941
38820512,1.707,0.549,1.951,0.598,0.094,1.400,255,1941
38821638,1.646,-0.976,0.122,0.251,-0.240,1.230,255,1941
38822369,-1.098,0.000,-2.256,-0.279,-0.119,0.713,255,1941
38823638,-5.610,3.293,-1.098,-0.538,-0.061,0.671,255,1941
38824621,-3.720,4.695,1.890,-0.231,0.382,1.130,255,1941
38825638,1.341,1.159,2.744,0.579,0.167,1.385,255,1941
38826376,2.988,-1.402,0.976,0.473,-0.147,1.286,255,1941
38827639,-4.085,2.378,-1.890,-0.646,-0.154,0.667,255,1941
38828507,-4.329,5.244,1.280,-0.388,0.342,0.734,255,1941
38829638,-0.366,2.500,3.232,0.484,0.367,1.333,255,1941
38830379,3.049,-0.244,2.256,0.572,-0.030,1.502,255,1941
38831639,1.890,-1.524,-1.524,0.058,-0.303,0.990,255,1941
38832375,-3.110,0.854,-2.927,-0.550,-0.236,0.637,255,1941
38833639,-2.134,3.659,4.024,0.256,0.483,1.231,255,1941
38834732,3.110,0.244,2.988,0.640,0.070,1.573,255,1941
38835522,3.171,-1.890,-0.793,0.331,-0.307,1.096,255,1951
38836638,-0.854,0.183,-3.537,-0.471,-0.374,0.705,255,1951
38837504,-5.915,4.329,-1.220,-0.673,0.123,0.674,255,1951
38838638,-3.720,4.878,3.659,-0.010,0.488,1.254,255,1951
38839378,1.524,1.159,4.024,0.671,0.347,1.354,255,1951
38840638,0.183,-0.427,-3.293,-0.394,-0.429,0.939,255,1951
38841497,-5.183,3.293,-2.683,-0.730,-0.111,0.644,255,1951
38842638,-5.549,5.000,2.256,-0.280,0.482,0.868,255,1951
38843511,-0.183,2.805,4.756,0.553,0.569,1.271,255,1951
38844638,3.963,-1.524,1.768,0.750,-0.211,1.446,255,1951
38845374,2.256,-1.341,-2.927,-0.154,-0.478,1.065,255,1951
38846639,-7.012,5.183,1.159,-0.609,0.456,0.794,255,1951
38847512,-1.524,3.720,5.366,0.472,0.682,1.227,255,1951
38848638,3.659,-1.402,3.354,0.893,0.013,1.556,255,1951
38849378,3.354,-2.378,-2.012,0.043,-0.529,1.036,255,1951
38850639,-1.707,0.305,-5.244,-0.588,-0.462,0.651,255,1951
38851513,-7.378,5.183,-0.244,-0.726,0.294,0.792,255,1951
38852638,-4.146,5.183,5.183,0.146,0.682,1.140,255,1951
38853377,2.256,-0.183,4.756,0.955,0.263,1.458,255,1951
38854639,0.610,-0.427,-5.366,-0.446,-0.668,0.855,255,1951
38855512,-6.646,4.085,-2.195,-0.899,0.106,0.745,255,1951
38856638,-5.671,5.671,4.085,-0.093,0.690,0.847,255,1951
38857378,1.280,1.524,6.159,0.869,0.566,1.417,255,1951
38858639,5.183,-2.317,0.854,0.535,-0.344,1.267,255,1951
38859381,2.378,-1.646,-5.610,-0.283,-0.748,1.112,255,1951
38860639,-7.256,5.732,2.927,-0.372,0.670,0.708,255,1951
38861509,-1.524,3.049,6.951,0.756,0.753,1.375,255,1951
38862638,4.634,-1.829,2.256,0.750,-0.154,1.470,255,1951
38863387,3.415,-2.195,-4.634,-0.052,-0.817,0.956,255,1951
38864639,-3.902,1.951,-5.427,-0.860,-0.412,0.698,255,1951
38865631,-8.110,5.915,0.732,-0.592,0.512,0.723,255,1951
38866638,-3.902,4.451,7.256,0.486,0.831,1.254,255,1951
38867381,4.512,-0.793,4.390,0.880,0.143,1.382,255,1951
38868638,-1.159,0.244,-6.829,-0.841,-0.590,0.793,255,1951
38869507,-7.805,5.000,-0.976,-0.694,0.399,0.710,255,1951
38870638,-5.671,5.000,7.317,0.249,0.892,1.080,255,1951
38871379,3.049,0.366,6.037,0.942,0.469,1.345,255,1951
38872639,5.610,-3.110,-1.463,0.433,-0.716,1.238,255,1951
38873376,0.671,-0.122,-6.890,-0.668,-0.786,1.018,255,1951
38874639,-7.744,5.732,5.793,-0.061,0.837,0.878,255,1951
38875502,0.915,1.707,7.012,0.890,0.681,1.187,255,1951
38876638,5.976,-2.500,0.488,0.640,-0.536,1.424,255,1951
38877375,2.866,-1.341,-6.707,-0.512,-0.919,1.084,255,1951
38878638,-4.573,2.622,-4.756,-0.848,-0.136,0.661,255,1951
38879637,-8.232,5.915,4.695,-0.265,0.767,0.722,255,1951
38880638,5.366,-1.646,2.805,0.813,-0.321,1.438,255,1951
38881377,5.366,-1.646,2.805,0.813,-0.321,1.438,255,1951
38882639,-3.415,1.951,-5.732,-0.822,-0.415,0.694,255,1951
38883726,-8.780,6.159,2.744,-0.484,0.646,0.842,255,1951
38884507,-4.024,4.146,7.988,0.539,1.028,1.055,255,1961
38885638,3.780,-1.341,4.695,0.954,-0.002,1.419,255,1961
38886377,5.061,-3.415,-4.329,0.014,-0.908,1.173,255,1961
38887639,-8.476,5.061,-0.305,-0.677,0.452,0.795,255,1961
38888372,-8.476,5.061,-0.305,-0.677,0.452,0.795,255,1961
38889638,3.232,0.549,6.951,1.026,0.378,1.250,255,1961
38890379,6.768,-2.622,-2.500,0.244,-0.774,1.322,255,1961
38891639,1.402,-0.122,-7.927,-0.777,-0.912,1.030,255,1961
38892506,-7.012,4.207,-2.866,-0.742,0.215,0.775,255,1961
38893638,-7.256,5.549,6.585,0.049,1.005,0.776,255,1961
38894381,0.793,2.317,7.683,0.886,0.694,1.199,255,1961
38895639,2.988,-1.646,-7.317,-0.572,-1.156,0.976,255,1961
38896507,-5.122,2.866,-5.183,-0.895,-0.030,0.914,255,1961
38897638,-8.537,5.610,4.817,-0.071,0.858,0.771,255,1961
38898509,-1.829,3.598,8.841,0.752,0.958,1.174,255,1961
38899638,6.220,-1.707,2.256,0.743,-0.288,1.272,255,1961
38900377,4.512,-2.012,-6.098,-0.378,-1.182,1.189,255,1961
38901639,-8.902,5.305,3.110,-0.369,0.784,0.819,255,1961
38902514,-3.963,4.512,9.024,0.550,1.040,0.896,255,1961
38903638,4.512,-0.915,4.878,0.948,0.068,1.221,255,1961
38904377,4.939,-2.378,-5.061,-0.122,-1.136,1.311,255,1961
38905639,-2.134,0.671,-8.049,-0.873,-0.612,1.162,255,1961
38906638,-8.537,4.573,0.610,-0.479,0.560,0.812,255,1961
38907638,2.622,1.098,6.524,0.975,0.312,1.082,255,1961
38908457,2.622,1.098,6.524,0.975,0.312,1.082,255,1961
38909639,0.549,-0.610,-8.720,-0.803,-0.913,1.105,255,1961
38910539,-7.317,3.415,-1.585,-0.557,0.356,0.866,255,1961
38911638,-7.073,5.183,7.500,0.157,1.143,0.697,255,1961
38912383,0.793,1.768,8.049,0.916,0.549,1.215,255,1961
38913638,6.524,-1.463,-1.341,0.259,-0.688,1.262,255,1961
38914380,2.012,-0.793,-8.415,-0.585,-1.175,1.087,255,1961
38915639,-7.622,5.000,6.463,0.034,1.055,0.803,255,1961
38916507,-1.402,2.439,8.537,0.811,0.751,1.037,255,1961
38917638,6.098,-1.159,0.244,0.435,-0.423,1.129,255,1961
38918379,3.780,-1.280,-7.622,-0.415,-1.242,1.321,255,1961
38919639,-3.415,2.012,-5.488,-0.750,-0.095,1.080,255,1961
38920631,-8.232,5.000,4.634,-0.057,0.952,0.819,255,1961
38921638,4.451,-0.427,2.317,0.529,-0.110,1.011,255,1961
38922381,4.451,-0.427,2.317,0.529,-0.110,1.011,255,1961
38923638,-2.866,1.220,-6.707,-0.815,-0.396,1.329,255,1961
38924509,-7.988,3.780,2.500,-0.192,0.694,0.732,255,1961
38925638,-5.488,3.780,8.659,0.484,1.045,0.716,255,1961
38926380,3.049,0.488,4.573,0.613,0.139,1.036,255,1961
38927638,5.122,-1.768,-4.695,0.011,-1.160,1.429,255,1961
38928375,-0.427,-0.122,-7.317,-0.764,-0.633,1.146,255,1961
38929639,-6.707,4.573,7.683,0.276,1.153,0.679,255,1961
38930518,1.585,1.890,5.671,0.668,0.357,0.969,255,1961
38931638,5.732,-0.915,-3.415,0.128,-0.935,1.390,255,1961
38932376,0.732,-0.427,-7.683,-0.731,-0.831,1.173,255,1961
38933639,-5.915,2.134,-0.976,-0.292,0.286,1.028,255,1961
38934731,-0.427,2.622,6.829,0.596,0.486,0.917,255,1961
38935514,-0.427,2.622,6.829,0.596,0.486,0.917,255,1971
38936638,1.646,-1.341,-7.500,-0.535,-1.001,1.348,255,1971
38937513,-4.390,1.280,-2.683,-0.352,0.030,1.123,255,1971
38938638,-7.317,3.476,5.549,0.077,1.080,0.821,255,1971
38939377,-2.500,3.049,6.951,0.553,0.659,0.744,255,1971
38940638,3.963,0.000,-0.305,0.269,-0.415,1.026,255,1971
38941385,3.537,-0.793,-6.951,-0.351,-1.021,1.367,255,1971
38942639,-7.195,3.171,4.329,0.018,0.979,0.715,255,1971
38943507,-3.780,3.598,7.500,0.420,0.760,0.645,255,1971
38944638,2.683,1.220,1.402,0.315,-0.157,1.026,255,1971
38945378,3.537,-0.793,-6.220,-0.244,-1.070,1.406,255,1971
38946639,-1.951,0.000,-4.695,-0.488,-0.364,1.187,255,1971
38947624,-6.280,1.707,2.622,-0.014,0.758,0.916,255,1971
38948638,1.341,1.707,2.317,0.270,0.071,1.053,255,1971
38949378,1.341,1.707,2.317,0.270,0.071,1.053,255,1971
38950639,-0.488,0.183,-5.183,-0.439,-0.541,1.288,255,1971
38951506,-5.305,1.098,1.341,-0.046,0.639,0.978,255,1971
38952638,-5.488,3.354,6.463,0.284,0.794,0.647,255,1971
38953378,0.183,2.744,3.293,0.219,0.262,0.920,255,1971
38954639,3.598,0.793,-3.476,0.008,-0.787,1.265,255,1971
38955375,-0.061,0.305,-5.061,-0.411,-0.689,1.412,255,1971
38956638,-5.793,2.378,5.671,0.212,0.756,0.691,255,1971
38957507,-1.585,2.439,3.659,0.217,0.350,0.703,255,1971
38958638,3.537,1.463,-2.195,0.046,-0.587,1.204,255,1971
38959380,1.890,0.854,-5.061,-0.314,-0.716,1.333,255,1971
38960639,-3.354,0.671,-0.915,-0.091,0.163,1.378,255,1971
38961376,-5.122,1.951,4.878,0.084,0.782,0.703,255,1971
38962639,2.927,2.195,-0.732,0.082,-0.414,1.084,255,1971
38963376,2.927,2.195,-0.732,0.082,-0.414,1.084,255,1971
38964639,-2.317,0.488,-1.463,-0.167,0.000,1.327,255,1971
38965380,-4.695,1.524,3.902,0.116,0.712,0.723,255,1971
38966639,-3.171,2.256,4.268,0.151,0.444,0.628,255,1971
38967378,1.646,2.805,-0.244,-0.018,-0.225,1.024,255,1971
38968638,3.415,1.707,-4.512,-0.090,-0.688,1.507,255,1971
38969382,-1.159,0.732,-1.829,-0.146,-0.174,1.195,255,1971
38970639,-3.232,1.890,4.146,0.134,0.488,0.682,255,1971
38971508,0.915,2.866,0.732,-0.028,-0.074,1.015,255,1971
38972638,2.683,1.280,-3.476,-0.052,-0.596,1.345,255,1971
38973378,-0.854,0.671,-1.768,-0.174,-0.222,1.429,255,1971
38974639,-3.720,0.305,1.829,0.144,0.514,0.868,255,1971
38975509,-4.756,1.585,4.268,0.073,0.466,0.702,255,1971
38976638,2.317,1.707,-2.561,0.049,-0.516,1.275,255,1971
38977381,2.317,1.707,-2.561,0.049,-0.516,1.275,255,1971
38978639,-3.110,-0.244,0.854,0.096,0.366,1.098,255,1971
38979375,-4.146,0.854,3.841,0.112,0.435,0.737,255,1971
38980638,-1.220,3.537,1.524,-0.109,0.144,0.679,255,1971
38981382,2.439,2.744,-1.768,0.014,-0.367,1.154,255,1971
38982653,-1.463,0.122,0.488,0.144,0.304,1.316,255,1971
38983732,-3.902,0.915,3.354,0.123,0.391,0.698,255,1971
38984640,-1.951,3.659,1.890,-0.336,0.257,0.532,255,1980
38985397,1.829,3.293,-0.915,0.034,-0.323,1.108,255,1980
38986638,0.610,1.890,-1.890,-0.049,-0.333,1.568,255,1980
38987380,-1.646,-0.061,0.427,0.136,0.162,1.202,255,1980
38988638,-3.598,-0.183,3.171,0.151,0.336,0.758,255,1980
38989374,-2.866,2.134,1.890,-0.260,0.282,0.528,255,1980
38990639,1.341,2.012,-1.768,0.022,-0.288,1.508,255,1980
38991379,-0.122,-0.183,0.061,0.234,0.022,1.239,255,1980
38992639,-2.683,-0.366,2.134,0.250,0.327,0.910,255,1980
38993374,-2.866,2.317,1.402,-0.260,0.274,0.582,255,1980
38994638,-0.305,4.451,0.061,-0.218,-0.178,1.089,255,1980
38995379,1.402,2.927,-1.890,-0.036,-0.191,1.306,255,1980
38996639,-1.768,-0.427,2.073,0.169,0.323,0.936,255,1980
38997375,-1.768,-0.427,2.073,0.169,0.323,0.936,255,1980
38998638,-2.012,3.841,0.732,-0.336,-0.088,0.797,255,1980
38999383,1.220,2.561,-0.915,-0.037,-0.064,1.258,255,1980
39000639,0.427,0.122,0.427,0.337,-0.198,1.379,255,1980
39001371,-1.463,-1.585,1.707,0.283,0.261,1.297,255,1980
39002639,-3.232,-0.244,1.220,-0.170,0.152,0.625,255,1980
39003381,-2.927,4.268,0.366,-0.423,-0.014,0.693,255,1980
39004638,0.610,1.280,0.366,0.420,-0.198,1.516,255,1980
39005375,-0.549,-1.159,1.159,0.299,0.149,1.227,255,1980
39006639,-2.378,-0.183,0.854,-0.061,0.094,0.624,255,1980
39007377,-4.085,3.780,-0.061,-0.558,-0.011,0.640,255,1980
39008639,0.000,4.512,-0.183,-0.256,0.118,1.068,255,1980
39009507,1.220,1.829,0.610,0.422,-0.178,1.641,255,1980
39010638,-1.951,-0.610,0.427,-0.034,-0.006,0.700,255,1980
39011502,-4.268,3.537,-0.732,-0.639,0.050,0.594,255,1980
39012638,-1.220,5.244,0.061,-0.315,0.141,1.084,255,1980
39013376,0.671,2.500,1.220,0.321,-0.041,1.516,255,1980
39014639,0.671,-1.829,1.159,0.555,0.013,1.370,255,1980
39015376,-0.671,-1.707,0.671,0.094,-0.030,0.733,255,1980
39016639,-2.683,5.488,0.671,-0.510,0.111,0.926,255,1980
39017374,-2.683,5.488,0.671,-0.510,0.111,0.926,255,1980
39018639,1.768,-1.646,1.159,0.676,0.004,1.479,255,1980
39019374,-0.305,-1.402,0.610,0.174,-0.111,0.853,255,1980
39020639,-3.415,2.073,-1.280,-0.552,-0.072,0.626,255,1980
39021506,-4.085,6.159,0.244,-0.653,0.187,0.756,255,1980
39022638,0.427,4.207,1.585,0.230,0.197,1.370,255,1980
39023374,2.317,-1.159,1.890,0.703,0.022,1.448,255,1980
39024639,-2.744,0.305,-1.707,-0.450,-0.074,0.549,255,1980
39025507,-4.939,5.976,0.305,-0.807,0.181,0.664,255,1980
39026638,-0.488,4.939,1.646,0.057,0.296,1.213,255,1980
39027375,2.195,-0.854,1.890,0.801,0.007,1.678,255,1980
39028639,1.098,-2.683,0.122,0.430,-0.144,1.109,255,1980
39029373,-2.195,-0.488,-2.195,-0.327,-0.267,0.618,255,1980
39030639,-2.134,5.061,2.012,-0.047,0.310,1.137,255,1980
39031513,2.134,0.305,2.500,0.704,0.068,1.597,255,1980
39032662,2.195,-3.171,0.122,0.553,-0.216,1.140,255,1980
39033733,-1.341,-0.671,-1.768,-0.202,-0.224,0.782,255,1980
39034638,-5.427,5.183,-0.366,-0.864,0.145,0.543,255,1990
39035530,-2.561,6.585,1.890,-0.235,0.370,1.086,255,1990
39036638,2.073,1.646,3.293,0.638,0.177,1.608,255,1990
39037388,3.354,-3.354,0.671,0.674,-0.208,1.278,255,1990
39038638,-5.976,4.451,-1.585,-0.927,0.003,0.500,255,1990
39039374,-4.634,6.463,1.890,-0.383,0.401,0.977,255,1990
39040639,0.915,2.317,3.476,0.574,0.343,1.587,255,1990
39041376,2.622,-3.780,1.159,0.867,-0.276,1.425,255,1990
39042639,-0.244,-2.744,-1.890,-0.079,-0.348,0.859,255,1990
39043512,-4.939,2.927,-2.378,-0.804,-0.103,0.478,255,1990
39044638,0.061,3.537,4.329,0.449,0.537,1.401,255,1990
39045506,4.268,-2.744,1.646,0.969,-0.222,1.451,255,1990
39046638,1.341,-2.744,-2.012,0.023,-0.409,1.112,255,1990
39047382,-3.841,2.134,-3.293,-0.766,-0.206,0.461,255,1990
39048638,-6.220,6.768,1.220,-0.742,0.384,0.754,255,1990
39049513,-0.366,4.024,4.207,0.304,0.647,1.255,255,1990
39050638,1.829,-3.902,-1.829,0.147,-0.466,1.089,255,1990
39051379,1.829,-3.902,-1.829,0.147,-0.466,1.089,255,1990
39052639,-7.500,6.585,0.305,-0.820,0.378,0.704,255,1990
39053377,-2.195,5.488,4.634,0.211,0.733,1.192,255,1990
39054639,4.085,-1.341,3.354,1.035,-0.062,1.677,255,1990
39055384,2.683,-3.841,-1.524,0.289,-0.502,1.082,255,1990
39056638,-2.073,0.183,-4.390,-0.606,-0.452,0.602,255,1990
39057509,-7.622,6.524,-0.549,-0.896,0.355,0.680,255,1990
39058638,3.476,-0.061,4.451,0.987,0.134,1.587,255,1990
39059381,3.841,-4.634,-1.159,0.510,-0.544,1.283,255,1990
39060638,-0.915,-1.159,-4.817,-0.532,-0.602,0.588,255,1990
39061512,-7.622,6.098,-1.220,-0.939,0.297,0.650,255,1990
39062638,-4.390,6.829,5.305,-0.075,0.746,1.002,255,1990
39063379,3.110,0.732,5.793,0.918,0.363,1.596,255,1990
39064639,0.427,-1.524,-5.183,-0.506,-0.757,0.776,255,1990
39065503,-6.646,4.695,-2.622,-0.941,0.199,0.538,255,1990
39066638,-6.037,7.134,4.573,-0.247,0.736,0.858,255,1990
39067386,1.524,1.890,6.341,0.899,0.598,1.520,255,1990
39068639,4.817,-4.207,0.000,0.803,-0.522,1.417,255,1990
39069377,0.671,-2.012,-5.549,-0.418,-0.750,0.949,255,1990
39070639,-5.976,3.963,-3.963,-0.886,-0.000,0.583,255,1990
39071638,0.061,2.988,6.402,0.727,0.754,1.270,255,1990
39072638,5.427,-4.024,1.037,0.952,-0.421,1.559,255,1990
39073374,2.805,-2.683,-4.878,-0.323,-0.790,1.017,255,1990
39074639,-4.390,2.866,-4.756,-0.828,-0.188,0.591,255,1990
39075638,-7.927,7.256,2.866,-0.573,0.729,0.663,255,1990
39076638,-1.524,3.841,6.951,0.686,0.819,1.356,255,1990
39077378,4.512,-2.927,2.805,0.948,-0.288,1.485,255,1990
39078639,-3.537,2.073,-5.610,-0.811,-0.347,0.617,255,1990
39079506,-7.744,7.622,2.073,-0.709,0.707,0.706,255,1990
39080638,-2.134,4.695,6.951,0.527,0.864,1.171,255,1990
39081377,5.427,-1.951,4.085,1.018,-0.088,1.482,255,1990
39082639,4.695,-4.146,-4.146,0.065,-0.919,1.151,255,1990
39083734,-2.439,0.793,-6.341,-0.855,-0.468,0.763,255,1990
39084640,-3.598,4.939,7.256,0.464,0.939,1.098,255,2000
39085532,3.902,-1.159,4.878,0.979,0.134,1.444,255,2000
39086638,4.817,-3.902,-3.841,0.259,-0.947,1.243,255,2000
39087381,-1.585,0.793,-6.890,-0.801,-0.659,0.753,255,2000
39088638,-7.622,6.524,-0.854,-0.788,0.522,0.676,255,2000
39089511,-5.610,5.915,7.195,0.285,0.964,1.002,255,2000
39090638,3.293,-0.061,6.037,0.937,0.344,1.354,255,2000
39091375,5.671,-3.780,-2.805,0.428,-0.908,1.320,255,2000
39092639,-7.134,5.244,-1.951,-0.828,0.375,0.640,255,2000
39093382,-6.524,6.159,6.951,0.149,0.975,0.908,255,2000
39094638,2.378,0.671,6.951,0.891,0.557,1.206,255,2000
39095375,6.341,-4.024,-1.585,0.564,-0.828,1.387,255,2000
39096639,0.610,-1.280,-7.317,-0.756,-0.855,1.064,255,2000
39097513,-5.915,3.780,-3.171,-0.751,0.226,0.667,255,2000
39098638,1.220,1.829,7.622,0.889,0.676,1.071,255,2000
39099377,1.220,1.829,7.622,0.889,0.676,1.071,255,2000
39100639,0.976,-1.402,-7.866,-0.708,-0.969,0.968,255,2000
39101507,-5.610,3.780,-4.390,-0.729,0.066,0.819,255,2000
39102638,-8.110,6.463,5.732,-0.090,1.008,0.808,255,2000
39103376,0.000,2.378,7.866,0.847,0.778,1.126,255,2000
39104639,5.915,-2.683,0.671,0.653,-0.666,1.458,255,2000
39105385,2.500,-1.707,-7.683,-0.608,-1.002,1.011,255,2000
39106638,-7.622,6.707,4.695,-0.218,1.096,0.810,255,2000
39107506,-0.854,3.415,8.476,0.827,0.827,1.062,255,2000
39108638,5.366,-2.195,1.524,0.696,-0.435,1.335,255,2000
39109380,3.171,-3.110,-7.683,-0.466,-1.100,1.194,255,2000
39110639,-4.634,2.012,-5.976,-0.831,-0.230,0.853,255,2000
39111632,-8.598,6.220,4.024,-0.233,1.012,0.865,255,2000
39112638,5.122,-1.402,2.622,0.689,-0.291,1.374,255,2000
39113382,5.122,-1.402,2.622,0.689,-0.291,1.374,255,2000
39114638,-2.866,1.829,-6.341,-0.774,-0.352,0.917,255,2000
39115507,-7.744,5.854,2.744,-0.312,0.987,0.779,255,2000
39116638,-3.293,3.902,8.598,0.658,0.850,0.929,255,2000
39117377,4.268,-0.854,3.171,0.643,-0.060,1.296,255,2000
39118639,-2.378,1.463,-6.585,-0.832,-0.390,1.179,255,2000
39119507,-2.378,1.463,-6.585,-0.316,0.836,0.722,255,2000
39120638,-4.573,4.207,8.354,0.494,0.912,0.827,255,2000
39121383,3.537,-0.183,3.720,0.662,0.070,1.176,255,2000
39122638,5.061,-2.744,-5.244,-0.004,-1.177,1.345,255,2000
39123503,-1.951,0.610,-7.256,-0.806,-0.541,1.184,255,2000
39124638,-6.646,4.146,1.098,-0.314,0.707,0.696,255,2000
39125509,-4.451,4.146,8.476,0.490,0.979,0.779,255,2000
39126638,5.610,-2.073,-4.207,0.024,-1.139,1.375,255,2000
39127376,-0.427,0.610,-7.683,-0.776,-0.584,1.089,255,2000
39128639,-6.585,3.841,0.488,-0.317,0.593,0.813,255,2000
39129509,-5.488,5.000,7.866,0.286,1.033,0.758,255,2000
39130638,2.317,0.915,4.939,0.669,0.288,1.148,255,2000
