timestamp_us,gyro_x,gyro_y,gyro_z,accel_x,accel_y,accel_z,motor_id,motor_command
520502400,-0.976,1.524,-0.183,0.004,0.031,1.041,3,48
520503644,-1.098,1.463,-0.244,-0.003,0.022,1.038,3,48
520504639,-1.098,1.707,-0.183,0.005,0.026,1.038,3,48
520505169,-1.098,1.585,-0.305,-0.004,0.024,1.040,3,48
520506701,-1.280,1.402,-0.305,-0.003,0.024,1.040,3,48
520507217,-1.280,1.402,-0.305,-0.003,0.024,1.040,3,48
520508701,-1.159,1.220,-0.244,-0.000,0.028,1.037,3,48
520509213,-1.220,1.220,-0.183,0.002,0.026,1.038,3,48
520510701,-1.098,1.280,-0.122,0.004,0.027,1.034,3,48
520511212,-1.159,1.585,0.000,0.003,0.037,1.041,3,48
520512701,-1.037,1.585,0.183,0.001,0.021,1.037,3,48
520513211,-1.037,1.585,0.183,0.001,0.021,1.037,3,48
520514700,-0.976,1.646,0.061,0.006,0.026,1.035,3,48
520515212,-0.976,1.524,-0.183,0.005,0.031,1.039,3,48
520516700,-1.037,1.524,-0.183,-0.002,0.025,1.031,3,48
520517207,-1.402,1.463,-0.122,-0.000,0.022,1.033,3,48
520518700,-1.341,1.402,-0.122,-0.004,0.031,1.041,3,48
520519212,-1.037,1.463,-0.122,-0.004,0.031,1.041,3,48
520520700,-1.159,1.402,-0.122,0.000,0.030,1.040,3,48
520521212,-1.159,1.402,-0.122,0.000,0.030,1.040,3,48
520522700,-1.159,1.463,0.061,-0.003,0.026,1.035,3,48
520523212,-1.463,1.341,0.183,0.002,0.032,1.038,3,48
520524700,-1.220,1.402,0.122,0.002,0.035,1.037,3,48
520525212,-1.098,1.220,0.427,0.002,0.028,1.038,3,48
520526700,-1.402,1.341,0.000,-0.000,0.025,1.044,3,48
520527208,-1.402,1.341,0.000,-0.000,0.025,1.044,3,48
520528700,-1.341,1.524,0.305,0.003,0.022,1.039,3,48
520529210,-1.159,1.646,0.122,-0.007,0.024,1.036,3,48
520530700,-1.159,1.707,0.122,0.002,0.032,1.038,3,48
520531218,-1.220,1.402,0.061,0.001,0.032,1.037,3,48
520532215,-1.159,1.402,0.000,-0.007,0.022,1.039,3,48
520533698,-1.220,1.463,0.244,0.001,0.032,1.043,3,48
520534208,-1.220,1.463,0.244,0.001,0.032,1.043,3,48
520535707,-1.341,1.341,0.183,-0.001,0.038,1.042,3,48
520536221,-1.037,1.463,0.122,-0.004,0.026,1.031,3,48
520537706,-0.793,1.280,0.183,0.004,0.029,1.030,3,48
520538219,-0.671,1.585,0.488,-0.001,0.015,1.040,3,48
520539706,-1.159,1.402,0.427,-0.005,0.032,1.042,3,48
520540219,-1.159,1.402,0.427,-0.005,0.032,1.042,3,48
520541701,-1.280,1.402,0.305,0.001,0.024,1.029,3,48
520542213,-1.280,1.402,0.305,-0.003,0.029,1.039,3,48
520543700,-0.854,1.524,0.366,-0.002,0.025,1.038,3,48
520544213,-1.037,1.402,0.427,0.003,0.029,1.040,3,48
520545700,-1.159,1.524,0.549,0.000,0.029,1.040,3,48
520546210,-0.915,1.707,0.671,0.001,0.025,1.041,3,48
520547707,-0.976,1.585,0.427,0.002,0.031,1.037,3,48
520548224,-0.976,1.585,0.427,0.002,0.031,1.037,3,48
520549701,-1.341,1.585,0.793,-0.001,0.025,1.038,3,48
520550213,-1.220,1.524,0.610,0.001,0.029,1.038,3,48
520551733,-1.280,1.585,0.427,0.005,0.028,1.043,3,48
520552250,-1.159,1.463,0.549,-0.000,0.026,1.042,3,48
520553508,-1.220,1.220,0.549,0.001,0.025,1.033,3,48
520554639,-0.671,1.341,0.732,0.002,0.022,1.034,3,58
520555604,-0.793,1.402,0.488,0.006,0.028,1.041,3,58
520556638,-0.854,1.402,0.549,0.007,0.024,1.042,3,58
520557574,-1.098,1.280,0.427,-0.005,0.030,1.043,3,58
520558639,-1.037,1.463,0.427,0.002,0.025,1.031,3,58
520559570,-1.220,1.524,0.488,0.004,0.026,1.042,3,58
520560640,-0.854,1.585,0.976,0.007,0.029,1.037,3,58
520561576,-0.915,1.646,0.854,-0.001,0.027,1.044,3,58
520562640,-0.854,1.341,0.793,-0.007,0.026,1.040,3,58
520563567,-1.159,1.402,0.732,-0.000,0.022,1.034,3,58
520564640,-1.220,1.341,0.793,-0.001,0.022,1.036,3,58
520565576,-1.159,1.463,0.549,-0.006,0.036,1.040,3,58
520566640,-1.098,1.585,0.732,0.002,0.024,1.036,3,58
520567578,-0.854,1.524,0.793,-0.003,0.032,1.045,3,58
520568640,-0.854,1.585,0.915,0.000,0.029,1.037,3,58
520569585,-1.037,1.707,1.159,0.000,0.031,1.043,3,58
520570640,-0.915,1.829,0.915,0.009,0.022,1.035,3,58
520571574,-0.915,1.585,0.732,0.000,0.024,1.040,3,58
520572640,-1.098,1.463,0.488,-0.001,0.031,1.035,3,58
520573630,-1.524,1.463,0.610,0.000,0.023,1.039,3,58
520574154,-1.402,1.463,0.793,0.000,0.023,1.039,3,58
520575703,-0.915,1.646,0.915,0.001,0.028,1.035,3,58
520576217,-0.915,1.646,0.915,0.001,0.028,1.035,3,58
520577705,-1.037,1.585,0.732,-0.005,0.036,1.038,3,58
520578226,-1.159,1.585,1.098,0.000,0.027,1.035,3,58
520579701,-0.915,1.341,0.976,-0.004,0.032,1.044,3,58
520580212,-0.915,1.280,0.915,0.001,0.028,1.034,3,58
520581700,-0.915,1.707,0.915,-0.001,0.023,1.039,3,58
520582214,-0.915,1.707,0.915,-0.001,0.023,1.039,3,58
520583705,-1.159,1.524,0.793,-0.002,0.026,1.028,3,58
520584226,-1.159,1.402,0.671,0.003,0.022,1.038,3,58
520585701,-1.341,1.463,0.732,0.000,0.027,1.040,3,58
520586212,-1.402,1.341,0.610,-0.002,0.030,1.033,3,58
520587700,-1.341,1.341,0.549,-0.008,0.031,1.036,3,58
520588212,-1.341,1.341,0.549,-0.008,0.031,1.036,3,58
520589699,-1.280,1.463,0.732,-0.003,0.022,1.037,3,58
520590208,-1.159,1.646,0.793,-0.008,0.029,1.037,3,58
520591699,-1.098,1.585,0.793,0.001,0.028,1.045,3,58
520592208,-0.915,1.341,0.976,0.004,0.031,1.042,3,58
520593699,-1.037,1.280,0.976,0.006,0.021,1.047,3,58
520594207,-1.037,1.280,0.976,0.006,0.021,1.047,3,58
520595699,-1.220,1.524,0.732,0.001,0.025,1.032,3,58
520596205,-1.220,1.524,0.732,0.001,0.025,1.032,3,58
520597699,-1.280,1.341,0.793,0.000,0.034,1.039,3,58
520598212,-1.220,1.463,0.793,-0.003,0.028,1.034,3,58
520599699,-0.976,1.646,1.037,-0.003,0.033,1.039,3,58
520600208,-0.976,1.463,1.098,-0.000,0.030,1.030,3,58
520601699,-0.976,1.341,0.732,0.001,0.025,1.036,3,58
520602208,-0.976,1.341,0.732,0.001,0.025,1.036,3,58
520603484,-1.098,1.341,0.915,0.000,0.023,1.047,3,58
520604639,-1.220,1.341,0.793,-0.004,0.027,1.043,3,68
520605634,-1.280,1.402,0.732,-0.006,0.028,1.037,3,68
520606151,-1.280,1.463,0.488,0.002,0.027,1.039,3,68
520607700,-1.280,1.524,0.549,0.002,0.035,1.035,3,68
520608209,-1.280,1.524,0.549,0.002,0.035,1.035,3,68
520609699,-1.159,1.341,0.732,0.004,0.026,1.040,3,68
520610202,-1.159,1.341,0.732,0.004,0.026,1.040,3,68
520611699,-0.854,1.524,0.671,-0.002,0.022,1.045,3,68
520612206,-0.854,1.402,0.671,-0.005,0.025,1.040,3,68
520613698,-0.732,1.463,0.732,-0.000,0.025,1.027,3,68
520614210,-0.915,1.341,0.549,-0.001,0.029,1.041,3,68
520615707,-1.280,1.585,0.610,-0.011,0.029,1.035,3,68
520616217,-1.280,1.585,0.610,-0.011,0.029,1.035,3,68
520617701,-0.793,1.646,0.366,0.001,0.023,1.042,3,68
520618212,-0.976,1.646,0.183,0.002,0.027,1.039,3,68
520619700,-0.976,1.585,0.061,0.003,0.023,1.040,3,68
520620211,-1.098,1.463,0.305,0.001,0.023,1.039,3,68
520621700,-0.854,1.402,0.366,-0.001,0.026,1.039,3,68
520622211,-0.854,1.402,0.366,-0.001,0.026,1.039,3,68
520623700,-0.854,1.341,0.366,-0.006,0.036,1.033,3,68
520624214,-0.854,1.585,0.610,-0.001,0.029,1.037,3,68
520625700,-1.159,1.585,0.610,-0.004,0.034,1.035,3,68
520626215,-1.220,1.585,0.671,-0.001,0.027,1.049,3,68
520627700,-0.976,1.220,0.061,-0.000,0.023,1.032,3,68
520628214,-0.976,1.220,0.061,-0.000,0.023,1.032,3,68
520629700,-0.915,1.341,0.122,0.001,0.024,1.046,3,68
520630207,-0.915,1.341,0.122,0.001,0.024,1.046,3,68
520631700,-1.280,1.524,0.244,0.000,0.033,1.040,3,68
520632211,-1.098,1.585,0.366,-0.006,0.032,1.035,3,68
520633700,-1.280,1.646,0.122,-0.000,0.021,1.034,3,68
520634213,-1.280,1.585,0.183,-0.009,0.029,1.035,3,68
520635700,-1.402,1.707,0.122,0.001,0.021,1.033,3,68
520636212,-1.402,1.707,0.122,0.001,0.021,1.033,3,68
520637700,-0.915,1.585,0.183,0.004,0.040,1.042,3,68
520638208,-1.220,1.402,0.305,-0.007,0.034,1.032,3,68
520639700,-0.915,1.220,0.366,-0.001,0.024,1.039,3,68
520640208,-1.159,1.402,0.305,0.004,0.029,1.038,3,68
520641700,-1.159,1.402,0.000,0.004,0.025,1.038,3,68
520642214,-1.159,1.402,0.000,0.004,0.025,1.038,3,68
520643700,-0.976,1.280,0.061,0.002,0.028,1.038,3,68
520644211,-0.976,1.280,0.061,0.002,0.028,1.038,3,68
520645700,-1.220,1.646,0.122,0.003,0.026,1.036,3,68
520646208,-1.463,1.524,0.061,-0.006,0.025,1.035,3,68
520647700,-1.280,1.463,0.244,-0.001,0.030,1.038,3,68
520648214,-1.037,1.524,0.427,0.001,0.033,1.038,3,68
520649708,-1.037,1.463,-0.061,-0.000,0.025,1.037,3,68
520650230,-1.037,1.463,-0.061,-0.000,0.025,1.037,3,68
520651701,-1.037,1.463,0.000,0.003,0.028,1.029,3,68
520652213,-1.220,1.646,-0.183,0.001,0.029,1.047,3,68
520653483,-0.976,1.646,-0.183,-0.002,0.029,1.032,3,68
520654639,-0.976,1.402,0.000,-0.004,0.026,1.038,3,77
520655655,-1.341,1.341,-0.061,-0.004,0.025,1.037,3,77
520656174,-1.341,1.341,-0.061,-0.004,0.025,1.037,3,77
520657701,-1.220,1.402,-0.061,0.010,0.021,1.039,3,77
520658215,-1.280,1.402,-0.366,0.021,0.012,1.029,3,77
520659699,-1.159,1.280,-0.244,0.004,0.025,1.031,3,77
520660208,-1.098,1.341,-0.549,-0.017,0.049,1.040,3,77
520661699,-0.732,1.585,-0.244,-0.016,0.047,1.036,3,77
520662208,-0.732,1.585,-0.244,-0.016,0.047,1.036,3,77
520663699,-0.915,1.220,-0.244,-0.004,0.026,1.024,3,77
520664208,-0.915,1.220,-0.244,-0.004,0.026,1.024,3,77
520665699,-0.976,1.402,-0.305,0.006,0.016,1.047,3,77
520666208,-1.220,1.463,-0.305,0.003,0.025,1.038,3,77
520667699,-1.220,1.524,-0.122,0.005,0.010,1.046,3,77
520668208,-1.220,1.524,-0.183,0.006,0.014,1.042,3,77
520669699,-1.098,1.707,-0.183,-0.014,0.020,1.037,3,77
520670207,-1.098,1.707,-0.183,-0.014,0.020,1.037,3,77
520671699,-0.915,1.646,0.061,-0.010,0.033,1.033,3,77
520672212,-0.793,1.585,0.000,-0.027,0.059,1.049,3,77
520673699,-0.854,1.524,0.183,-0.005,0.042,1.039,3,77
520674208,-1.037,1.463,0.183,-0.000,0.030,1.023,3,77
520675700,-1.280,1.341,0.061,0.036,0.016,1.055,3,77
520676203,-1.280,1.341,0.061,0.036,0.016,1.055,3,77
520677699,-1.037,1.402,0.122,0.023,0.017,1.041,3,77
520678208,-1.037,1.402,0.122,0.023,0.017,1.041,3,77
520679699,-1.463,1.585,0.366,-0.006,0.019,1.043,3,77
520680212,-0.976,1.768,0.427,-0.013,0.029,1.045,3,77
520681699,-1.220,1.768,0.427,0.005,0.030,1.029,3,77
520682208,-0.976,1.402,0.427,-0.005,0.032,1.050,3,77
520683699,-0.976,1.341,0.427,-0.014,0.048,1.034,3,77
520684212,-0.976,1.341,0.427,-0.014,0.048,1.034,3,77
520685699,-1.280,1.341,0.732,-0.016,0.036,1.042,3,77
520686205,-1.280,1.402,0.610,0.007,0.024,1.032,3,77
520687699,-1.402,1.280,0.488,0.021,0.009,1.041,3,77
520688208,-1.463,1.220,0.488,0.006,0.015,1.044,3,77
520689699,-1.341,1.402,0.671,-0.006,0.016,1.052,3,77
520690208,-1.341,1.402,0.671,-0.006,0.016,1.052,3,77
520691699,-0.915,1.585,0.549,-0.014,0.025,1.048,3,77
520692208,-0.793,1.585,0.854,0.011,0.037,1.017,3,77
520693699,-0.854,1.829,0.732,-0.019,0.064,1.042,3,77
520694208,-0.915,1.463,0.488,-0.028,0.043,1.042,3,77
520695699,-1.280,1.280,0.305,-0.004,0.034,1.033,3,77
520696208,-1.280,1.280,0.305,-0.004,0.034,1.033,3,77
520697699,-1.159,1.037,0.427,0.014,0.020,1.044,3,77
520698207,-1.159,1.037,0.427,0.014,0.020,1.044,3,77
520699699,-0.976,1.341,0.366,0.023,0.008,1.041,3,77
520700205,-1.037,1.463,0.305,0.005,0.020,1.043,3,77
520701699,-0.915,1.585,0.549,-0.001,0.014,1.042,3,77
520702208,-0.549,1.585,0.671,-0.007,0.028,1.043,3,77
520703425,-0.976,1.524,0.610,-0.002,0.040,1.036,3,77
520704639,-0.976,1.402,0.488,-0.017,0.049,1.033,3,87
520705631,-1.159,1.463,0.366,-0.003,0.029,1.015,3,87
520706149,-1.646,1.341,0.671,-0.034,0.038,1.037,3,87
520707701,-1.768,1.402,0.732,0.021,0.021,1.067,3,87
520708212,-1.524,1.159,0.732,0.005,0.010,1.030,3,87
520709700,-1.098,1.341,0.488,0.028,0.003,1.045,3,87
520710213,-1.098,1.341,0.488,0.028,0.003,1.045,3,87
520711700,-0.854,1.524,0.427,0.013,0.028,1.046,3,87
520712207,-0.854,1.524,0.427,0.013,0.028,1.046,3,87
520713700,-1.098,1.402,0.549,-0.006,0.026,1.044,3,87
520714212,-1.220,1.463,0.671,-0.018,0.035,1.025,3,87
520715700,-1.098,1.463,0.732,-0.004,0.048,1.030,3,87
520716212,-1.159,1.341,0.854,-0.007,0.039,1.052,3,87
520717700,-0.976,1.402,0.549,0.007,0.030,1.033,3,87
520718214,-0.976,1.402,0.549,0.007,0.030,1.033,3,87
520719700,-1.037,1.280,0.732,-0.014,0.007,1.039,3,87
520720214,-1.098,1.098,0.427,0.015,0.022,1.022,3,87
520721700,-1.220,1.463,0.488,0.017,0.024,1.042,3,87
520722207,-1.220,1.707,0.854,0.005,0.023,1.042,3,87
520723700,-0.976,1.524,0.915,-0.000,0.029,1.032,3,87
520724212,-0.976,1.524,0.915,-0.000,0.029,1.032,3,87
520725701,-1.280,1.646,0.671,-0.016,0.033,1.038,3,87
520726206,-1.280,1.646,0.793,-0.002,0.029,1.024,3,87
520727700,-1.402,1.341,0.793,-0.009,0.031,1.036,3,87
520728213,-1.280,1.280,0.610,-0.017,0.032,1.045,3,87
520729700,-1.098,1.402,0.610,0.009,0.024,1.040,3,87
520730212,-1.098,1.402,0.610,0.009,0.024,1.040,3,87
520731700,-0.915,1.463,0.671,0.009,0.016,1.042,3,87
520732212,-0.915,1.463,0.671,0.009,0.016,1.042,3,87
520733700,-1.098,1.524,0.732,0.000,0.017,1.045,3,87
520734212,-1.159,1.463,0.915,-0.007,0.039,1.045,3,87
520735700,-0.854,1.585,0.854,0.004,0.026,1.038,3,87
520736212,-0.976,1.463,0.976,-0.016,0.035,1.039,3,87
520737700,-1.037,1.280,0.854,-0.008,0.029,1.042,3,87
520738212,-1.037,1.280,0.854,-0.008,0.029,1.042,3,87
520739700,-1.098,1.402,0.793,0.005,0.026,1.041,3,87
520740210,-1.159,1.341,0.854,0.014,0.037,1.034,3,87
520741700,-1.646,1.159,0.854,0.012,0.021,1.040,3,87
520742219,-1.341,1.402,0.732,-0.003,0.021,1.032,3,87
520743700,-1.037,1.463,0.671,0.007,0.021,1.035,3,87
520744219,-1.037,1.463,0.671,0.007,0.021,1.035,3,87
520745700,-0.793,1.524,0.671,-0.004,0.029,1.037,3,87
520746207,-0.793,1.524,0.671,-0.004,0.029,1.037,3,87
520747700,-1.098,1.585,0.671,0.009,0.035,1.029,3,87
520748207,-0.976,1.402,0.671,-0.010,0.021,1.046,3,87
520749700,-0.854,1.341,0.671,0.001,0.034,1.039,3,87
520750212,-0.854,1.159,0.549,-0.005,0.021,1.037,3,87
520751700,-1.037,1.463,0.732,0.013,0.031,1.048,3,87
520752212,-1.037,1.463,0.732,0.013,0.031,1.048,3,87
520753413,-1.037,1.220,0.427,-0.022,0.041,1.037,3,87
520754639,-1.341,1.524,0.854,0.005,0.035,1.040,3,97
520755633,-1.037,1.707,1.098,-0.006,0.034,1.047,3,97
520756148,-0.976,1.890,0.793,-0.002,0.027,1.044,3,97
520757700,-1.341,1.402,0.671,-0.003,0.043,1.044,3,97
520758212,-1.341,1.402,0.671,-0.003,0.043,1.044,3,97
520759699,-1.341,1.585,0.793,-0.010,0.033,1.034,3,97
520760205,-1.524,1.646,0.732,0.010,0.022,1.035,3,97
520761699,-1.280,1.341,0.732,0.011,0.012,1.039,3,97
520762208,-0.976,1.220,0.610,-0.002,0.028,1.039,3,97
520763699,-1.402,1.463,0.671,-0.001,0.033,1.038,3,97
520764208,-1.402,1.463,0.671,-0.001,0.033,1.038,3,97
520765699,-0.976,1.524,0.671,0.000,0.027,1.035,3,97
520766207,-0.976,1.524,0.671,0.000,0.027,1.035,3,97
520767700,-0.976,1.463,0.488,-0.007,0.027,1.038,3,97
520768211,-0.854,1.402,0.549,-0.009,0.043,1.028,3,97
520769699,-0.915,1.524,0.671,0.002,0.032,1.038,3,97
520770205,-0.915,1.402,0.488,0.001,0.036,1.037,3,97
520771699,-1.524,1.220,0.366,-0.002,0.024,1.035,3,97
520772210,-1.524,1.220,0.366,-0.002,0.024,1.035,3,97
520773699,-1.280,1.463,0.549,0.008,0.015,1.031,3,97
520774205,-1.341,1.402,0.671,0.000,0.021,1.044,3,97
520775699,-1.341,1.463,0.549,0.003,0.020,1.031,3,97
520776212,-1.280,1.524,0.488,0.003,0.014,1.040,3,97
520777699,-0.854,1.646,0.061,0.009,0.020,1.035,3,97
520778205,-0.854,1.646,0.061,0.009,0.020,1.035,3,97
520779699,-1.159,1.463,0.427,-0.001,0.026,1.041,3,97
520780209,-1.159,1.463,0.427,-0.001,0.026,1.041,3,97
520781709,-1.037,1.585,0.061,0.002,0.028,1.034,3,97
520782230,-1.220,1.585,-0.122,-0.001,0.028,1.032,3,97
520783700,-0.976,1.402,0.183,-0.008,0.042,1.037,3,97
520784212,-0.976,1.463,0.122,0.013,0.029,1.043,3,97
520785699,-1.159,1.402,0.183,0.004,0.025,1.037,3,97
520786210,-1.159,1.402,0.183,0.004,0.025,1.037,3,97
520787699,-1.159,1.585,0.061,-0.004,0.033,1.038,3,97
520788208,-0.976,1.524,0.061,-0.006,0.018,1.041,3,97
520789699,-1.159,1.402,0.000,-0.001,0.026,1.039,3,97
520790212,-0.976,1.463,-0.061,-0.002,0.021,1.028,3,97
520791701,-0.915,1.524,0.000,-0.013,0.038,1.039,3,97
520792207,-0.915,1.524,0.000,-0.013,0.038,1.039,3,97
520793699,-1.098,1.463,0.305,-0.008,0.025,1.039,3,97
520794208,-0.915,1.280,0.122,0.002,0.017,1.039,3,97
520795699,-0.793,1.280,0.061,-0.005,0.031,1.038,3,97
520796213,-0.793,1.463,-0.183,-0.011,0.033,1.042,3,97
520797699,-0.915,1.463,0.000,-0.001,0.032,1.042,3,97
520798212,-0.915,1.463,0.000,-0.001,0.032,1.042,3,97
520799699,-0.854,1.402,0.305,-0.001,0.034,1.034,3,97
520800205,-0.854,1.402,0.305,-0.001,0.034,1.034,3,97
520801699,-1.707,1.585,-0.183,-0.005,0.021,1.040,3,97
520802212,-1.585,1.463,-0.061,0.002,0.036,1.043,3,97
520803431,-1.402,1.524,0.000,0.004,0.024,1.043,3,97
520804639,-1.402,1.463,0.122,0.007,0.025,1.037,3,107
520805636,-1.280,1.646,0.061,0.002,0.024,1.039,3,107
520806151,-1.280,1.646,0.061,0.002,0.024,1.039,3,107
520807701,-1.098,1.768,0.244,-0.007,0.035,1.035,3,107
520808217,-0.976,1.768,0.244,0.007,0.024,1.030,3,107
520809700,-0.976,1.707,0.122,0.009,0.032,1.035,3,107
520810210,-1.037,1.585,0.000,0.003,0.021,1.042,3,107
520811700,-1.037,1.341,0.000,-0.001,0.020,1.041,3,107
520812214,-1.037,1.341,0.000,-0.001,0.020,1.041,3,107
520813700,-1.402,1.463,0.061,-0.005,0.035,1.037,3,107
520814212,-1.402,1.463,0.061,-0.005,0.035,1.037,3,107
520815700,-1.159,1.341,0.061,-0.007,0.028,1.034,3,107
520816215,-1.159,1.463,0.061,-0.004,0.022,1.040,3,107
520817700,-1.280,1.402,0.305,0.012,0.026,1.042,3,107
520818210,-0.976,1.402,0.305,-0.004,0.028,1.043,3,107
520819700,-0.854,1.463,0.000,0.002,0.036,1.028,3,107
520820212,-0.854,1.463,0.000,0.002,0.036,1.028,3,107
520821700,-0.915,1.524,0.183,-0.001,0.036,1.038,3,107
520822211,-1.037,1.341,0.000,0.007,0.023,1.031,3,107
520823700,-1.159,1.159,0.122,-0.001,0.020,1.030,3,107
520824215,-1.098,1.220,0.061,0.003,0.029,1.036,3,107
520825700,-1.220,1.341,0.244,-0.007,0.041,1.033,3,107
520826214,-1.220,1.341,0.244,-0.007,0.041,1.033,3,107
520827700,-1.524,1.463,0.122,0.001,0.022,1.038,3,107
520828214,-1.280,1.524,0.244,0.003,0.019,1.038,3,107
520829700,-1.341,1.585,0.244,-0.002,0.031,1.037,3,107
520830212,-1.341,1.646,0.488,-0.010,0.040,1.031,3,107
520831700,-1.159,1.402,0.610,-0.000,0.029,1.042,3,107
520832212,-1.159,1.402,0.610,-0.000,0.029,1.042,3,107
520833701,-1.159,1.220,0.244,0.000,0.026,1.041,3,107
520834212,-1.159,1.220,0.244,0.000,0.026,1.041,3,107
520835700,-1.159,1.707,0.183,-0.006,0.021,1.034,3,107
520836210,-1.402,1.829,0.122,0.008,0.017,1.034,3,107
520837700,-1.524,1.524,0.000,0.006,0.023,1.033,3,107
520838212,-1.463,1.524,0.000,0.006,0.029,1.040,3,107
520839700,-1.220,1.646,0.366,-0.007,0.029,1.043,3,107
520840218,-1.220,1.646,0.366,-0.007,0.029,1.043,3,107
520841700,-0.976,1.463,0.122,-0.020,0.041,1.038,3,107
520842212,-1.341,1.463,0.610,-0.011,0.031,1.036,3,107
520843700,-1.220,1.524,0.610,-0.004,0.044,1.034,3,107
520844207,-1.280,1.341,0.732,0.001,0.028,1.041,3,107
520845700,-1.098,1.220,0.244,0.002,0.025,1.042,3,107
520846207,-1.098,1.220,0.244,0.002,0.025,1.042,3,107
520847700,-1.280,1.707,0.549,0.008,0.031,1.041,3,107
520848212,-1.280,1.707,0.549,0.008,0.031,1.041,3,107
520849700,-1.159,1.890,0.488,-0.001,0.019,1.033,3,107
520850212,-1.159,1.768,0.488,-0.002,0.019,1.045,3,107
520851700,-1.280,1.463,0.854,0.005,0.031,1.046,3,107
520852208,-1.098,1.463,0.549,0.008,0.038,1.024,3,107
520853408,-1.098,1.463,0.549,-0.020,0.026,1.047,3,107
520854639,-0.854,1.402,0.549,-0.010,0.024,1.038,3,116
520855638,-1.280,1.341,0.671,-0.003,0.026,1.038,3,116
520856152,-1.220,1.098,1.037,0.008,0.030,1.037,3,116
520857700,-1.037,1.220,0.793,-0.016,0.039,1.036,3,116
520858212,-1.098,1.098,0.610,0.001,0.020,1.049,3,116
520859699,-0.793,1.280,0.549,0.007,0.013,1.037,3,116
520860212,-0.793,1.280,0.549,0.007,0.013,1.037,3,116
520861699,-1.159,1.768,0.671,-0.011,0.037,1.037,3,116
520862208,-1.159,1.646,0.671,0.010,0.017,1.022,3,116
520863699,-1.402,1.585,0.732,-0.014,0.018,1.046,3,116
520864208,-1.220,1.524,0.732,-0.004,0.022,1.034,3,116
520865699,-0.976,1.646,0.549,-0.005,0.025,1.031,3,116
520866205,-1.037,1.646,0.488,-0.005,0.025,1.031,3,116
520867699,-0.671,1.524,0.122,-0.014,0.015,1.061,3,116
520868208,-0.671,1.524,0.122,-0.014,0.015,1.061,3,116
520869699,-0.732,1.585,0.488,-0.001,0.041,1.014,3,116
520870213,-0.793,1.524,0.427,0.003,0.035,1.021,3,116
520871713,-0.915,1.463,0.305,0.016,0.022,1.061,3,116
520872237,-1.159,1.159,0.366,-0.014,0.022,1.040,3,116
520873699,-0.915,1.524,0.915,0.018,0.021,1.040,3,116
520874205,-0.915,1.524,0.915,0.018,0.021,1.040,3,116
520875699,-1.159,1.280,0.549,-0.006,0.019,1.041,3,116
520876212,-0.854,1.463,0.671,0.013,0.029,1.027,3,116
520877699,-0.976,1.463,0.793,0.003,0.022,1.028,3,116
520878208,-1.341,1.402,0.793,-0.021,0.027,1.046,3,116
520879699,-1.037,1.463,0.976,-0.001,0.023,1.042,3,116
520880212,-1.037,1.463,0.976,-0.001,0.023,1.042,3,116
520881707,-1.341,1.341,0.671,0.000,0.029,1.031,3,116
520882226,-1.341,1.341,0.671,0.000,0.029,1.031,3,116
520883700,-1.037,1.402,0.732,-0.008,0.018,1.051,3,116
520884212,-1.037,1.463,0.793,-0.000,0.020,1.025,3,116
520885699,-0.854,1.585,0.671,0.011,0.021,1.035,3,116
520886205,-0.976,1.524,0.671,0.000,0.024,1.044,3,116
520887699,-1.220,1.585,0.732,0.004,0.029,1.031,3,116
520888205,-1.220,1.585,0.732,0.004,0.029,1.031,3,116
520889699,-1.341,1.768,0.793,-0.003,0.029,1.042,3,116
520890213,-1.341,1.646,0.732,0.005,0.031,1.033,3,116
520891699,-1.341,1.463,0.549,-0.002,0.025,1.038,3,116
520892208,-1.402,1.402,0.610,-0.005,0.019,1.038,3,116
520893699,-1.463,1.463,0.915,-0.001,0.021,1.034,3,116
520894208,-1.463,1.463,0.915,-0.001,0.021,1.034,3,116
520895707,-0.793,1.402,0.671,-0.005,0.023,1.042,3,116
520896228,-0.854,1.402,0.793,0.005,0.025,1.026,3,116
520897699,-0.854,1.585,0.610,-0.000,0.027,1.037,3,116
520898212,-1.098,1.463,0.549,0.009,0.034,1.040,3,116
520899699,-1.341,1.463,0.427,-0.006,0.029,1.040,3,116
520900205,-1.341,1.463,0.671,-0.006,0.029,1.040,3,116
520901699,-0.915,1.585,0.488,-0.017,0.026,1.046,3,116
520902208,-0.915,1.585,0.488,-0.017,0.026,1.046,3,116
520903428,-0.854,1.280,0.549,-0.007,0.030,1.021,3,116
520904639,-0.915,1.159,0.671,-0.003,0.022,1.041,3,126
520905630,-1.341,1.220,0.854,-0.002,0.030,1.047,3,126
520906150,-1.402,1.524,0.610,0.010,0.024,1.042,3,126
520907701,-0.732,1.402,0.793,0.008,0.035,1.036,3,126
520908217,-0.732,1.402,0.793,0.008,0.035,1.036,3,126
520909700,-1.280,1.524,0.305,-0.001,0.036,1.046,3,126
520910208,-1.341,1.524,0.305,-0.005,0.007,1.035,3,126
520911700,-1.220,1.707,0.610,-0.007,0.019,1.037,3,126
520912212,-0.915,1.524,0.671,-0.015,0.036,1.031,3,126
520913700,-0.915,1.341,0.488,0.023,0.026,1.042,3,126
520914210,-0.915,1.341,0.488,0.023,0.026,1.042,3,126
520915700,-0.915,1.463,0.366,-0.002,0.045,1.039,3,126
520916207,-0.915,1.463,0.366,-0.002,0.045,1.039,3,126
520917700,-1.280,1.402,0.427,-0.011,0.037,1.041,3,126
520918212,-1.341,1.280,0.244,-0.033,0.019,1.031,3,126
520919700,-1.463,1.341,0.183,-0.005,0.013,1.027,3,126
520920213,-1.402,1.402,0.488,0.003,0.014,1.028,3,126
520921700,-0.915,1.280,0.427,0.008,0.026,1.049,3,126
520922214,-0.915,1.280,0.427,0.008,0.026,1.049,3,126
520923700,-0.793,1.524,0.366,0.005,0.022,1.037,3,126
520924211,-0.793,1.646,0.549,-0.000,0.031,1.028,3,126
520925701,-0.976,1.707,0.488,-0.019,0.033,1.043,3,126
520926212,-1.037,1.768,0.671,-0.006,0.024,1.036,3,126
520927700,-1.098,1.463,0.610,-0.010,0.024,1.041,3,126
520928212,-1.098,1.463,0.610,-0.010,0.024,1.041,3,126
520929700,-1.220,1.524,0.427,0.003,0.037,1.044,3,126
520930207,-1.341,1.402,0.244,0.013,0.022,1.041,3,126
520931700,-1.159,1.402,0.061,0.010,0.007,1.037,3,126
520932218,-0.976,1.280,0.183,0.006,0.026,1.039,3,126
520933700,-0.976,1.524,0.305,0.000,0.035,1.038,3,126
520934212,-0.915,1.768,0.305,0.000,0.035,1.038,3,126
520935701,-0.732,1.707,0.000,-0.020,0.026,1.036,3,126
520936213,-0.732,1.707,0.000,-0.020,0.026,1.036,3,126
520937700,-0.915,1.585,0.305,-0.003,0.042,1.036,3,126
520938212,-1.098,1.402,0.244,-0.019,0.030,1.044,3,126
520939700,-1.280,1.220,0.244,0.000,0.025,1.037,3,126
520940207,-1.280,1.098,0.183,0.004,0.027,1.039,3,126
520941700,-1.098,1.402,0.183,0.001,0.012,1.038,3,126
520942210,-1.098,1.402,0.183,0.001,0.012,1.038,3,126
520943709,-1.098,1.341,0.244,0.003,0.019,1.041,3,126
520944233,-1.098,1.524,0.366,-0.012,0.013,1.040,3,126
520945701,-0.854,1.646,0.427,-0.005,0.021,1.037,3,126
520946211,-0.671,1.585,0.244,0.001,0.024,1.035,3,126
520947700,-0.976,1.463,0.244,0.001,0.032,1.039,3,126
520948218,-0.976,1.463,0.244,0.001,0.032,1.039,3,126
520949708,-0.854,1.402,0.244,-0.002,0.041,1.038,3,126
520950225,-0.854,1.402,0.244,-0.002,0.041,1.038,3,126
520951220,-1.341,1.463,0.061,0.000,0.014,1.041,3,126
520952362,-1.098,1.402,0.244,-0.004,0.022,1.043,3,126
520953639,-1.037,1.402,0.183,0.003,0.029,1.035,3,136
520954636,-1.159,1.280,0.427,0.011,0.018,1.046,3,136
520955152,-1.159,1.280,0.427,0.011,0.018,1.046,3,136
520956700,-1.280,1.341,0.183,0.006,0.041,1.039,3,136
520957212,-1.280,1.341,0.183,0.006,0.041,1.039,3,136
520958699,-0.793,1.524,0.122,-0.012,0.030,1.043,3,136
520959211,-1.098,1.585,0.122,-0.004,0.032,1.039,3,136
520960699,-1.280,1.341,0.183,0.002,0.031,1.035,3,136
520961205,-1.402,1.524,0.183,-0.011,0.037,1.043,3,136
520962699,-1.098,1.098,0.183,0.012,0.025,1.040,3,136
520963208,-1.098,1.098,0.183,0.012,0.025,1.040,3,136
520964699,-0.793,1.585,0.427,0.008,0.014,1.042,3,136
520965217,-1.037,1.646,0.244,0.007,0.015,1.032,3,136
520966699,-0.915,1.707,0.183,-0.005,0.028,1.041,3,136
520967210,-0.915,1.646,0.122,-0.016,0.023,1.039,3,136
520968699,-0.915,1.707,0.244,-0.018,0.045,1.037,3,136
520969211,-0.915,1.707,0.244,-0.018,0.045,1.037,3,136
520970699,-1.098,1.341,0.244,-0.000,0.032,1.042,3,136
520971211,-1.037,1.220,0.122,0.009,0.020,1.037,3,136
520972700,-1.341,1.098,0.244,0.010,0.020,1.037,3,136
520973211,-1.341,1.341,0.244,0.011,0.022,1.025,3,136
520974699,-1.280,1.463,0.366,0.027,0.023,1.040,3,136
520975208,-1.280,1.463,0.366,0.027,0.023,1.040,3,136
520976699,-0.854,1.829,0.366,-0.005,0.034,1.034,3,136
520977209,-0.854,1.829,0.366,-0.005,0.034,1.034,3,136
520978699,-0.854,1.463,0.427,-0.015,0.038,1.033,3,136
520979217,-0.793,1.524,0.427,-0.001,0.026,1.043,3,136
520980699,-0.854,1.463,0.488,0.021,0.031,1.033,3,136
520981209,-0.854,1.585,0.549,-0.007,0.037,1.043,3,136
520982699,-1.341,1.524,0.366,0.009,0.022,1.028,3,136
520983208,-1.341,1.524,0.366,0.009,0.022,1.028,3,136
520984699,-1.220,1.646,0.183,-0.027,0.022,1.036,3,136
520985212,-1.341,1.585,0.366,0.003,0.031,1.026,3,136
520986699,-1.402,1.585,0.366,0.006,0.036,1.037,3,136
520987209,-1.220,1.585,0.488,0.003,0.021,1.029,3,136
520988699,-1.159,1.402,0.549,0.001,0.031,1.042,3,136
520989208,-1.159,1.402,0.549,0.001,0.031,1.042,3,136
520990699,-1.098,1.341,0.488,-0.010,0.036,1.031,3,136
520991208,-1.098,1.341,0.488,-0.010,0.036,1.031,3,136
520992699,-0.854,1.220,0.427,-0.007,0.018,1.040,3,136
520993205,-1.037,1.220,0.671,-0.016,0.017,1.038,3,136
520994699,-0.793,1.402,0.549,0.009,0.021,1.045,3,136
520995209,-0.976,1.280,0.610,0.024,0.025,1.035,3,136
520996699,-1.159,1.524,0.427,0.005,0.024,1.051,3,136
520997205,-1.159,1.524,0.427,0.005,0.024,1.051,3,136
520998699,-0.915,1.463,0.610,-0.009,0.024,1.040,3,136
520999208,-0.671,1.707,0.549,-0.001,0.017,1.042,3,136
521000699,-0.793,1.402,0.610,0.007,0.021,1.025,3,136
521001240,-0.915,1.463,0.671,-0.024,0.036,1.046,3,136
521002428,-1.280,1.341,0.305,-0.012,0.030,1.030,3,136
521003639,-1.341,1.341,0.488,-0.008,0.021,1.043,3,146
521004626,-0.976,1.402,0.671,0.001,0.019,1.040,3,146
521005639,-1.098,1.463,0.671,0.016,0.029,1.029,3,146
521006575,-1.098,1.707,0.793,-0.002,0.033,1.044,3,146
521007640,-1.037,1.585,0.732,0.000,-0.004,1.032,3,146
521008584,-1.098,1.768,0.610,-0.004,0.032,1.035,3,146
521009640,-0.976,1.768,0.549,-0.013,0.015,1.034,3,146
521010579,-1.098,1.585,0.732,-0.014,0.046,1.037,3,146
521011640,-0.915,1.341,0.610,0.006,0.022,1.041,3,146
521012577,-1.098,1.463,0.610,-0.013,0.030,1.024,3,146
521013640,-1.098,1.524,0.732,0.002,0.042,1.053,3,146
521014570,-1.159,1.402,0.732,0.028,0.015,1.037,3,146
521015640,-1.402,1.280,1.037,0.000,0.023,1.059,3,146
521016579,-0.854,1.463,0.549,0.004,0.015,1.027,3,146
521017640,-1.159,1.463,0.427,-0.022,0.030,1.015,3,146
521018575,-1.280,1.646,0.732,0.017,0.016,1.036,3,146
521019640,-1.280,1.646,0.732,0.004,0.030,1.041,3,146
521020574,-0.915,1.707,0.732,-0.019,0.048,1.046,3,146
521021640,-0.549,1.280,0.793,0.007,0.018,1.025,3,146
521022574,-1.159,1.585,0.610,-0.004,0.035,1.023,3,146
521023640,-1.159,1.646,0.549,-0.009,0.032,1.032,3,146
521024574,-1.098,1.524,0.732,-0.000,0.036,1.035,3,146
521025639,-1.037,1.341,0.488,-0.010,0.020,1.046,3,146
521026575,-1.159,1.463,0.732,-0.018,0.049,1.036,3,146
521027640,-1.159,1.463,0.854,0.022,0.022,1.047,3,146
521028578,-1.159,1.585,0.976,-0.008,0.021,1.045,3,146
521029640,-1.037,1.280,1.098,0.007,0.010,1.028,3,146
521030579,-0.793,1.098,0.854,-0.004,0.041,1.037,3,146
521031640,-0.488,1.220,0.793,0.015,0.025,1.044,3,146
521032574,-0.732,1.280,0.732,-0.013,0.030,1.043,3,146
521033640,-1.037,1.707,0.610,-0.002,0.037,1.046,3,146
521034579,-1.280,1.646,0.610,-0.002,0.035,1.031,3,146
521035639,-1.402,1.280,0.610,-0.013,0.029,1.027,3,146
521036578,-1.402,1.280,0.427,-0.016,0.021,1.046,3,146
521037639,-1.159,1.037,0.732,0.004,0.026,1.040,3,146
521038574,-1.098,1.341,0.610,0.014,0.022,1.048,3,146
521039640,-1.037,1.585,0.610,0.002,0.030,1.032,3,146
521040575,-1.220,1.768,0.488,0.000,0.018,1.041,3,146
521041640,-1.220,1.646,0.610,-0.004,0.025,1.036,3,146
521042573,-1.159,1.402,0.610,0.004,0.014,1.037,3,146
521043639,-1.341,1.402,0.732,0.001,0.050,1.026,3,146
521044635,-1.280,1.341,0.915,0.014,0.026,1.048,3,146
521045161,-1.280,1.341,0.915,0.014,0.026,1.048,3,146
521046701,-1.037,1.463,0.671,0.004,0.036,1.041,3,146
521047206,-0.915,1.524,0.610,0.008,0.016,1.025,3,146
521048700,-0.976,1.585,0.610,-0.010,0.029,1.038,3,146
521049208,-1.402,1.463,0.549,0.003,0.016,1.039,3,146
521050728,-1.280,1.524,0.549,0.004,0.031,1.042,3,146
521051237,-1.280,1.524,0.549,0.004,0.031,1.042,3,146
521052462,-0.976,1.463,0.427,-0.020,0.030,1.041,3,146
521053639,-0.915,1.463,0.854,0.012,0.013,1.039,3,155
521054646,-0.793,1.463,0.732,0.007,0.039,1.030,3,155
521055155,-0.854,1.585,0.671,-0.008,0.026,1.037,3,155
521056700,-0.671,1.463,0.183,-0.006,0.038,1.031,3,155
521057213,-0.671,1.463,0.183,-0.006,0.038,1.031,3,155
521058699,-1.220,1.280,0.366,-0.012,0.043,1.028,3,155
521059210,-1.220,1.280,0.366,-0.012,0.043,1.028,3,155
521060699,-0.793,1.524,0.610,0.005,0.032,1.039,3,155
521061207,-1.159,1.524,0.488,0.001,0.029,1.040,3,155
521062709,-1.220,1.524,0.183,0.015,0.010,1.038,3,155
521063230,-1.159,1.646,0.244,-0.006,0.053,1.041,3,155
521064699,-0.915,1.524,0.122,-0.016,0.032,1.036,3,155
521065205,-0.915,1.524,0.122,-0.016,0.032,1.036,3,155
521066699,-1.037,1.585,0.122,0.010,0.010,1.033,3,155
521067210,-0.915,1.524,0.122,-0.012,0.039,1.031,3,155
521068699,-0.915,1.402,0.244,0.015,0.014,1.033,3,155
521069205,-1.098,1.402,0.305,-0.023,0.038,1.035,3,155
521070699,-1.098,1.402,0.305,0.004,0.024,1.029,3,155
521071210,-1.098,1.402,0.305,0.004,0.024,1.029,3,155
521072699,-1.159,1.585,0.305,0.020,0.009,1.034,3,155
521073212,-1.098,1.463,0.488,-0.013,0.026,1.030,3,155
521074699,-1.220,1.402,0.488,0.011,0.009,1.037,3,155
521075207,-0.976,1.159,0.366,-0.004,0.031,1.043,3,155
521076699,-1.341,1.402,0.549,-0.005,0.026,1.042,3,155
521077212,-1.341,1.402,0.549,-0.005,0.026,1.042,3,155
521078699,-1.098,1.646,0.000,0.002,0.014,1.027,3,155
521079210,-1.098,1.646,0.000,0.002,0.014,1.027,3,155
521080700,-1.098,1.341,0.366,0.000,0.014,1.028,3,155
521081212,-1.280,1.341,0.305,-0.004,0.037,1.037,3,155
521082700,-1.098,1.463,0.244,0.006,0.027,1.044,3,155
521083205,-1.159,1.646,0.305,-0.015,0.026,1.040,3,155
521084699,-1.098,1.646,0.305,0.004,0.022,1.030,3,155
521085213,-1.098,1.646,0.305,0.004,0.022,1.030,3,155
521086699,-1.159,1.463,0.427,0.013,0.015,1.035,3,155
521087210,-1.098,1.280,0.244,-0.022,0.034,1.039,3,155
521088699,-1.159,1.341,0.244,-0.007,0.023,1.042,3,155
521089205,-1.159,1.463,0.549,0.000,0.037,1.027,3,155
521090699,-1.037,1.280,0.305,0.018,0.030,1.032,3,155
521091210,-1.037,1.280,0.305,0.018,0.030,1.032,3,155
521092699,-0.915,1.463,0.305,0.000,0.026,1.036,3,155
521093207,-0.915,1.463,0.305,0.000,0.026,1.036,3,155
521094699,-0.793,1.402,0.427,-0.016,0.019,1.039,3,155
521095211,-1.098,1.341,0.366,-0.006,0.041,1.039,3,155
521096699,-0.854,1.585,0.244,-0.001,0.025,1.033,3,155
521097210,-0.854,1.585,0.427,0.001,0.027,1.033,3,155
521098707,-1.220,1.463,0.122,-0.009,0.029,1.030,3,155
521099231,-1.220,1.463,0.122,-0.009,0.029,1.030,3,155
521100699,-1.341,1.341,0.244,-0.004,0.022,1.039,3,155
521101237,-1.098,1.463,0.366,-0.011,0.041,1.047,3,155
521102462,-1.220,1.524,0.244,0.023,0.043,1.041,3,155
521103639,-1.402,1.524,0.122,-0.014,0.026,1.031,3,165
521104639,-1.098,1.463,0.061,0.009,0.021,1.009,3,165
521105152,-1.098,1.463,0.061,0.009,0.021,1.009,3,165
521106701,-0.976,1.524,0.366,0.011,0.037,1.057,3,165
521107211,-0.976,1.768,0.427,-0.016,0.035,1.049,3,165
521108700,-1.037,1.585,0.427,0.003,0.015,1.032,3,165
521109207,-1.037,1.524,0.488,0.008,0.039,1.034,3,165
521110700,-1.280,1.341,0.244,-0.010,0.035,1.037,3,165
521111214,-1.280,1.341,0.244,-0.010,0.035,1.037,3,165
521112700,-0.915,1.402,-0.061,0.008,0.046,1.039,3,165
521113211,-0.915,1.402,-0.061,0.008,0.046,1.039,3,165
521114700,-1.280,1.707,0.061,-0.003,0.023,1.030,3,165
521115218,-1.220,1.829,0.366,0.014,0.030,1.030,3,165
521116700,-1.220,1.829,0.183,0.015,0.004,1.041,3,165
521117207,-1.341,1.585,0.183,-0.022,0.040,1.049,3,165
521118700,-1.159,1.341,0.366,-0.018,0.036,1.042,3,165
521119211,-1.159,1.341,0.366,-0.018,0.036,1.042,3,165
521120700,-0.854,1.585,0.183,-0.017,0.029,1.028,3,165
521121218,-0.915,1.768,0.183,0.016,0.019,1.024,3,165
521122700,-1.220,1.402,0.122,-0.008,0.027,1.031,3,165
521123212,-1.524,1.037,0.183,-0.013,0.029,1.042,3,165
521124700,-1.037,1.220,0.122,-0.000,0.031,1.044,3,165
521125207,-1.037,1.220,0.122,-0.000,0.031,1.044,3,165
521126701,-1.280,1.463,0.122,0.000,0.011,1.038,3,165
521127215,-1.280,1.463,0.122,0.000,0.011,1.038,3,165
521128700,-1.098,1.463,0.427,0.013,0.019,1.036,3,165
521129211,-1.159,1.280,0.305,-0.024,0.042,1.042,3,165
521130700,-1.098,1.220,0.366,0.004,0.024,1.040,3,165
521131212,-0.915,1.707,0.305,-0.003,0.043,1.041,3,165
521132700,-1.098,1.585,0.183,0.001,0.017,1.029,3,165
521133212,-1.098,1.585,0.183,0.001,0.017,1.029,3,165
521134700,-1.159,1.402,0.366,-0.005,0.016,1.043,3,165
521135212,-1.220,1.341,0.366,-0.018,0.034,1.033,3,165
521136700,-1.220,1.220,0.366,0.003,0.016,1.047,3,165
521137218,-1.280,1.280,0.488,-0.011,0.028,1.029,3,165
521138700,-1.220,1.341,0.488,-0.002,0.023,1.027,3,165
521139212,-1.220,1.341,0.488,-0.002,0.023,1.027,3,165
521140700,-1.280,1.341,0.732,-0.004,0.022,1.035,3,165
521141212,-1.220,1.402,0.549,-0.009,0.033,1.038,3,165
521142700,-1.220,1.463,0.366,0.012,0.022,1.031,3,165
521143214,-1.341,1.463,0.488,-0.009,0.034,1.041,3,165
521144700,-1.280,1.707,0.305,-0.004,0.019,1.037,3,165
521145211,-1.280,1.707,0.305,-0.004,0.019,1.037,3,165
521146700,-1.280,1.585,0.610,-0.001,0.003,1.043,3,165
521147218,-1.280,1.585,0.610,-0.001,0.003,1.043,3,165
521148712,-0.610,1.341,0.549,0.018,0.017,1.029,3,165
521149237,-0.732,1.402,0.549,0.006,0.032,1.044,3,165
521150700,-0.793,1.463,0.732,0.007,0.021,1.042,3,165
521151238,-0.915,1.524,0.549,-0.009,0.022,1.044,3,165
521152463,-1.280,1.646,0.732,-0.000,0.026,1.030,3,165
521153639,-0.976,1.341,0.854,0.007,0.030,1.028,3,175
521154635,-1.280,1.098,0.854,0.003,0.026,1.041,3,175
521155152,-1.220,1.098,0.854,0.003,0.028,1.037,3,175
521156700,-1.037,1.220,0.610,-0.018,0.048,1.040,3,175
521157215,-0.915,1.159,0.549,0.004,0.020,1.039,3,175
521158699,-1.037,1.402,0.976,0.011,0.006,1.034,3,175
521159212,-1.037,1.402,0.976,0.011,0.006,1.034,3,175
521160699,-0.915,1.098,0.549,0.005,0.019,1.033,3,175
521161210,-0.915,1.098,0.549,0.005,0.019,1.033,3,175
521162699,-0.793,1.220,0.732,-0.010,0.021,1.054,3,175
521163207,-1.280,1.220,0.793,-0.007,0.039,1.036,3,175
521164699,-1.098,1.280,0.793,0.002,0.019,1.036,3,175
521165212,-1.159,1.341,0.549,0.017,0.030,1.035,3,175
521166699,-1.220,1.341,0.610,-0.025,0.028,1.043,3,175
521167213,-1.220,1.341,0.610,-0.025,0.028,1.043,3,175
521168699,-1.341,1.646,0.427,-0.006,0.030,1.045,3,175
521169213,-1.280,1.585,0.549,-0.006,0.021,1.045,3,175
521170699,-1.220,1.707,0.488,0.016,0.024,1.032,3,175
521171207,-1.402,1.524,0.549,0.005,0.021,1.033,3,175
521172699,-1.220,1.402,0.488,-0.012,0.028,1.043,3,175
521173207,-1.220,1.402,0.488,-0.012,0.028,1.043,3,175
521174699,-1.220,1.402,0.732,-0.021,0.030,1.021,3,175
521175210,-0.915,1.402,0.671,0.030,0.023,1.043,3,175
521176699,-0.915,1.524,0.732,-0.023,0.020,1.041,3,175
521177212,-0.854,1.585,0.793,0.007,0.029,1.038,3,175
521178699,-1.098,1.524,0.915,0.016,0.033,1.040,3,175
521179207,-0.976,1.646,0.854,0.016,0.033,1.040,3,175
521180699,-1.037,1.159,0.488,-0.013,0.030,1.031,3,175
521181210,-1.037,1.159,0.488,-0.013,0.030,1.031,3,175
521182699,-1.463,1.524,0.732,-0.010,0.009,1.028,3,175
521183207,-1.159,1.768,0.854,0.000,0.034,1.035,3,175
521184699,-0.976,1.585,0.854,-0.000,0.015,1.045,3,175
521185207,-1.098,1.524,0.732,0.002,0.020,1.038,3,175
521186699,-1.159,1.280,0.427,-0.005,0.033,1.033,3,175
521187212,-1.159,1.280,0.427,-0.005,0.033,1.033,3,175
521188699,-1.098,1.524,0.244,0.006,0.018,1.038,3,175
521189210,-1.098,1.585,0.122,-0.004,0.035,1.027,3,175
521190699,-1.037,1.524,0.427,0.020,0.031,1.038,3,175
521191207,-1.159,1.402,0.305,-0.009,0.032,1.041,3,175
521192699,-1.159,1.220,0.366,-0.004,0.025,1.041,3,175
521193212,-1.159,1.220,0.366,-0.004,0.025,1.041,3,175
521194699,-1.341,1.402,0.793,-0.000,0.021,1.040,3,175
521195210,-1.341,1.402,0.793,-0.000,0.021,1.040,3,175
521196699,-0.854,1.402,0.610,-0.006,0.026,1.036,3,175
521197210,-0.732,1.524,0.183,-0.019,0.040,1.042,3,175
521198699,-0.854,1.402,0.427,-0.005,0.020,1.044,3,175
521199210,-0.793,1.463,0.488,0.008,0.021,1.041,3,175
521200699,-0.976,1.585,0.549,0.003,0.028,1.030,3,175
521201237,-0.976,1.585,0.549,0.003,0.028,1.030,3,175
521202435,-1.220,1.585,0.305,-0.006,0.038,1.032,3,175
521203639,-1.220,1.524,0.244,-0.011,0.035,1.045,3,185
521204623,-1.098,1.585,0.427,0.004,0.036,1.037,3,185
521205639,-1.037,1.463,0.366,-0.003,0.020,1.040,3,185
521206581,-1.341,1.402,0.488,0.007,0.021,1.028,3,185
521207640,-1.098,1.463,0.366,-0.008,0.030,1.034,3,185
521208574,-0.976,1.524,0.427,-0.016,0.028,1.043,3,185
521209640,-0.976,1.524,0.366,0.001,0.023,1.039,3,185
521210580,-1.159,1.280,0.366,-0.003,0.022,1.032,3,185
521211639,-1.280,1.524,0.549,0.002,0.024,1.030,3,185
521212575,-1.341,1.463,0.427,0.009,0.026,1.031,3,185
521213639,-1.037,1.585,0.549,0.011,0.023,1.045,3,185
521214579,-1.159,1.463,0.427,-0.011,0.040,1.041,3,185
521215640,-1.037,1.646,0.305,0.008,0.024,1.039,3,185
521216571,-1.220,1.646,0.488,0.003,0.031,1.038,3,185
521217639,-0.976,1.768,0.549,0.002,0.026,1.043,3,185
521218574,-1.098,1.585,0.427,0.002,0.032,1.032,3,185
521219640,-1.159,1.341,0.549,-0.022,0.034,1.046,3,185
521220578,-0.976,1.585,0.610,-0.009,0.023,1.039,3,185
521221639,-0.976,1.585,0.488,0.008,0.014,1.039,3,185
521222574,-0.976,1.463,0.305,-0.005,0.024,1.035,3,185
521223639,-1.098,1.524,0.305,-0.000,0.018,1.042,3,185
521224579,-0.854,1.646,0.427,-0.007,0.031,1.032,3,185
521225640,-0.732,1.707,0.366,-0.003,0.027,1.044,3,185
521226570,-0.915,1.402,0.488,-0.009,0.025,1.032,3,185
521227640,-1.037,1.341,0.244,-0.009,0.019,1.044,3,185
521228579,-1.341,1.402,0.183,-0.005,0.034,1.035,3,185
521229639,-1.280,1.524,0.244,-0.011,0.021,1.039,3,185
521230578,-1.159,1.524,0.305,0.012,0.023,1.030,3,185
521231640,-1.220,1.646,0.427,-0.012,0.023,1.042,3,185
521232574,-0.915,1.341,0.366,0.009,0.031,1.031,3,185
521233640,-1.037,1.280,0.305,0.005,0.025,1.034,3,185
521234574,-1.463,1.646,0.122,-0.006,0.039,1.040,3,185
521235640,-1.098,1.768,0.183,-0.004,0.016,1.028,3,185
521236573,-0.976,1.524,0.305,0.001,0.028,1.048,3,185
521237640,-1.098,1.585,0.305,0.005,0.022,1.039,3,185
521238627,-0.976,1.341,0.244,-0.004,0.018,1.053,3,185
521239153,-0.915,1.402,0.183,0.021,0.042,1.010,3,185
521240700,-1.159,1.585,0.122,0.013,0.032,1.048,3,185
521241214,-1.159,1.585,0.122,0.013,0.032,1.048,3,185
521242700,-1.098,0.976,0.366,0.014,0.012,1.023,3,185
521243218,-1.098,1.220,0.427,-0.024,0.041,1.022,3,185
521244700,-1.220,1.220,0.549,0.010,0.040,1.027,3,185
521245218,-0.915,1.463,0.305,-0.000,0.036,1.057,3,185
521246700,-0.854,1.159,0.244,0.002,0.028,1.037,3,185
521247218,-0.732,1.402,0.122,0.002,0.028,1.037,3,185
521248700,-1.220,1.707,0.183,-0.021,0.030,1.040,3,185
521249212,-1.220,1.707,0.183,-0.021,0.030,1.040,3,185
521250700,-1.159,1.585,0.305,-0.009,0.034,1.039,3,185
521251237,-1.220,1.463,0.122,-0.005,0.007,1.037,3,185
521252459,-1.098,1.341,0.061,-0.011,0.027,1.044,3,185
521253639,-0.732,1.463,0.244,0.000,0.035,1.031,3,194
521254636,-1.220,1.585,0.305,-0.011,0.029,1.048,3,194
521255152,-1.220,1.585,0.305,-0.011,0.029,1.048,3,194
521256700,-1.098,1.524,0.427,-0.003,0.023,1.042,3,194
521257212,-1.524,1.402,0.488,0.013,0.015,1.033,3,194
521258699,-1.463,1.341,0.549,-0.015,0.024,1.039,3,194
521259212,-1.159,1.402,0.305,0.001,0.025,1.048,3,194
521260707,-1.098,1.341,0.427,-0.011,0.033,1.030,3,194
521261223,-1.098,1.341,0.427,-0.011,0.033,1.030,3,194
521262700,-0.976,1.463,0.366,0.001,0.016,1.043,3,194
521263217,-0.976,1.463,0.366,0.001,0.016,1.043,3,194
521264699,-0.915,1.098,0.366,-0.001,0.017,1.037,3,194
521265210,-0.854,1.341,0.183,-0.005,0.024,1.032,3,194
521266699,-0.976,1.280,0.122,0.004,0.034,1.045,3,194
521267205,-1.098,1.220,0.305,0.012,0.023,1.033,3,194
521268699,-1.037,1.707,0.366,0.012,0.018,1.027,3,194
521269210,-1.037,1.707,0.366,0.012,0.018,1.027,3,194
521270699,-1.280,1.463,0.305,-0.008,0.028,1.037,3,194
521271210,-1.159,1.341,0.488,0.003,0.032,1.038,3,194
521272699,-1.037,1.341,0.427,-0.002,0.023,1.041,3,194
521273213,-1.037,1.707,0.366,-0.005,0.034,1.041,3,194
521274699,-0.976,1.646,0.427,-0.004,0.036,1.042,3,194
521275210,-0.976,1.646,0.427,-0.004,0.036,1.042,3,194
521276699,-1.098,1.646,0.244,-0.006,0.023,1.040,3,194
521277207,-1.037,1.707,0.122,0.000,0.026,1.036,3,194
521278700,-1.098,1.707,0.122,0.016,0.022,1.023,3,194
521279212,-0.976,1.524,0.305,-0.001,0.033,1.047,3,194
521280699,-0.915,1.463,0.427,0.002,0.034,1.049,3,194
521281205,-0.976,1.646,0.549,-0.011,0.030,1.044,3,194
521282699,-1.159,1.524,0.610,-0.005,0.023,1.032,3,194
521283205,-1.159,1.524,0.610,-0.005,0.023,1.032,3,194
521284699,-0.854,1.524,0.732,-0.005,0.030,1.042,3,194
521285205,-0.793,1.280,0.610,-0.004,0.034,1.042,3,194
521286699,-0.793,1.402,0.793,-0.001,0.029,1.032,3,194
521287205,-0.793,1.585,0.915,0.004,0.027,1.034,3,194
521288699,-0.915,1.463,0.549,-0.004,0.031,1.040,3,194
521289209,-0.915,1.463,0.549,-0.004,0.031,1.040,3,194
521290699,-1.037,1.159,0.732,-0.006,0.037,1.042,3,194
521291210,-0.976,1.402,0.549,-0.001,0.028,1.038,3,194
521292699,-1.159,1.463,0.427,0.010,0.025,1.039,3,194
521293207,-0.915,1.341,0.488,-0.007,0.021,1.036,3,194
521294699,-0.976,1.341,0.793,0.008,0.020,1.033,3,194
521295210,-0.976,1.341,0.793,0.008,0.020,1.033,3,194
521296699,-0.854,1.646,0.732,0.023,0.040,1.026,3,194
521297205,-0.854,1.646,0.732,0.023,0.040,1.026,3,194
521298699,-1.098,1.159,0.671,-0.021,0.036,1.023,3,194
521299213,-0.976,1.585,0.793,0.033,0.035,1.030,3,194
521300726,-1.037,1.768,0.610,-0.012,0.035,1.055,3,194
521301238,-0.671,1.463,0.427,0.005,0.029,1.072,3,194
521302464,-0.793,1.220,0.427,0.004,-0.004,1.028,3,194
521303639,-1.159,1.646,0.488,-0.000,0.031,1.042,3,204
521304634,-1.098,1.829,0.549,0.004,0.050,1.058,3,204
521305149,-1.098,1.341,0.488,-0.015,0.016,1.038,3,204
521306701,-1.159,1.220,0.427,0.000,0.021,1.030,3,204
521307210,-1.098,1.463,0.732,0.014,0.029,1.033,3,204
521308700,-0.976,1.646,0.427,-0.021,0.040,1.034,3,204
521309219,-0.976,1.646,0.427,-0.021,0.040,1.034,3,204
521310700,-1.098,1.037,0.732,0.019,0.016,1.044,3,204
521311219,-1.098,0.732,0.610,-0.003,0.018,1.044,3,204
521312700,-1.280,0.976,0.549,-0.004,0.037,1.031,3,204
521313212,-1.098,1.341,0.488,0.008,0.043,1.041,3,204
521314700,-0.854,1.463,0.671,-0.002,0.022,1.052,3,204
521315210,-0.854,1.463,0.671,-0.013,0.011,1.046,3,204
521316700,-1.159,1.646,0.488,0.005,0.035,1.033,3,204
521317207,-1.159,1.646,0.488,0.005,0.035,1.033,3,204
521318700,-1.159,1.524,0.488,-0.001,0.020,1.048,3,204
521319219,-0.793,1.402,0.671,-0.007,0.023,1.043,3,204
521320711,-1.159,1.585,0.793,0.000,0.026,1.032,3,204
521321229,-1.341,1.341,0.854,-0.003,0.034,1.036,3,204
521322700,-1.220,1.524,0.549,-0.006,0.025,1.031,3,204
521323211,-1.220,1.524,0.549,-0.006,0.025,1.031,3,204
521324700,-0.732,1.463,0.793,-0.000,0.025,1.036,3,204
521325211,-0.976,1.341,0.732,-0.009,0.030,1.040,3,204
521326700,-1.037,1.524,0.549,0.011,0.013,1.041,3,204
521327210,-0.793,1.646,0.427,-0.003,0.027,1.039,3,204
521328700,-1.159,1.707,0.305,-0.003,0.027,1.037,3,204
521329212,-1.159,1.707,0.305,-0.003,0.027,1.037,3,204
521330700,-0.854,1.585,0.427,0.003,0.010,1.030,3,204
521331210,-0.854,1.585,0.427,0.003,0.010,1.030,3,204
521332700,-0.915,1.463,0.488,0.004,0.039,1.043,3,204
521333219,-0.915,1.402,0.671,-0.004,0.032,1.044,3,204
521334700,-1.037,1.524,0.244,0.000,0.028,1.034,3,204
521335212,-0.976,1.524,0.488,0.003,0.008,1.040,3,204
521336700,-0.976,1.463,0.244,-0.002,0.027,1.042,3,204
521337211,-0.976,1.463,0.244,-0.002,0.027,1.042,3,204
521338700,-1.037,1.585,0.488,0.000,0.023,1.036,3,204
521339210,-1.098,1.585,0.549,-0.002,0.012,1.036,3,204
521340700,-1.037,1.341,0.427,-0.001,0.040,1.042,3,204
521341208,-0.915,1.280,0.305,-0.002,0.032,1.041,3,204
521342700,-1.402,1.280,0.549,-0.008,0.030,1.040,3,204
521343211,-1.402,1.280,0.549,-0.008,0.030,1.040,3,204
521344700,-1.220,1.585,0.427,-0.009,0.033,1.046,3,204
521345210,-1.159,1.341,0.366,-0.002,0.024,1.033,3,204
521346700,-1.220,1.280,0.244,0.006,0.021,1.036,3,204
521347211,-1.280,1.341,0.488,0.000,0.022,1.032,3,204
521348700,-0.976,1.402,0.610,0.007,0.025,1.042,3,204
521349211,-0.915,1.220,0.549,-0.012,0.021,1.049,3,204
521350700,-1.341,1.341,0.427,-0.004,0.013,1.011,3,204
521351240,-1.341,1.341,0.427,-0.004,0.013,1.011,3,204
521352469,-1.098,1.220,0.549,0.013,0.016,1.008,3,204
521353639,-1.220,1.402,0.244,-0.025,0.020,1.047,3,214
521354632,-1.402,1.585,0.244,-0.005,0.035,1.036,3,214
521355149,-1.524,1.402,0.610,0.027,0.031,1.025,3,214
521356700,-0.732,1.463,0.671,-0.004,0.003,1.016,3,214
521357217,-0.732,1.463,0.671,-0.004,0.003,1.016,3,214
521358699,-1.159,1.463,0.549,0.003,0.046,1.023,3,214
521359212,-1.037,1.402,0.366,0.009,0.032,1.083,3,214
521360699,-1.037,1.159,0.183,-0.024,0.008,1.043,3,214
521361205,-0.793,1.280,0.244,0.003,0.004,1.019,3,214
521362699,-1.220,1.646,0.427,-0.011,0.033,1.053,3,214
521363207,-1.220,1.646,0.427,-0.011,0.033,1.053,3,214
521364699,-1.341,1.524,0.305,0.004,0.027,1.025,3,214
521365213,-1.341,1.524,0.305,0.004,0.027,1.025,3,214
521366699,-1.037,1.280,0.244,-0.015,0.013,1.040,3,214
521367209,-1.037,1.159,0.427,-0.009,0.040,1.040,3,214
521368699,-1.098,1.402,0.122,0.021,0.029,1.036,3,214
521369211,-1.220,1.524,0.244,0.004,0.020,1.032,3,214
521370699,-1.220,1.707,0.427,-0.002,0.020,1.042,3,214
521371205,-1.220,1.707,0.427,-0.002,0.020,1.042,3,214
521372699,-1.707,1.280,0.183,0.001,0.025,1.047,3,214
521373207,-1.463,1.220,0.061,-0.005,0.014,1.038,3,214
521374709,-1.159,1.890,0.183,-0.006,0.033,1.044,3,214
521375230,-0.976,1.829,0.305,0.010,0.035,1.027,3,214
521376699,-0.976,1.280,0.366,0.005,0.020,1.038,3,214
521377212,-0.976,1.280,0.366,0.005,0.020,1.038,3,214
521378699,-1.159,1.402,0.122,-0.005,0.035,1.041,3,214
521379210,-1.159,1.402,0.122,0.003,0.023,1.036,3,214
521380699,-0.854,1.463,0.183,-0.007,0.021,1.042,3,214
521381210,-1.098,1.646,0.366,0.008,0.023,1.036,3,214
521382699,-0.976,1.585,0.122,-0.010,0.021,1.040,3,214
521383205,-0.915,1.159,-0.122,-0.000,0.027,1.033,3,214
521384700,-1.220,1.463,0.061,-0.014,0.024,1.036,3,214
521385205,-1.220,1.463,0.061,-0.014,0.024,1.036,3,214
521386699,-0.854,1.585,0.000,0.000,0.029,1.038,3,214
521387210,-0.976,1.829,0.000,0.008,0.024,1.037,3,214
521388700,-1.159,1.768,0.366,-0.002,0.023,1.030,3,214
521389220,-1.341,1.707,0.427,-0.009,0.028,1.049,3,214
521390699,-0.915,1.646,0.305,0.005,0.025,1.031,3,214
521391205,-0.915,1.646,0.305,0.005,0.025,1.031,3,214
521392699,-0.976,1.463,0.122,-0.016,0.031,1.038,3,214
521393209,-0.915,1.402,0.488,0.009,0.030,1.047,3,214
521394699,-1.159,1.646,0.366,-0.003,0.019,1.035,3,214
521395212,-1.098,1.524,0.183,0.005,0.025,1.040,3,214
521396699,-1.159,1.524,0.183,-0.012,0.039,1.041,3,214
521397207,-1.159,1.524,0.183,-0.012,0.039,1.041,3,214
521398699,-0.915,1.280,0.427,0.003,0.031,1.047,3,214
521399213,-0.915,1.280,0.427,0.003,0.031,1.047,3,214
521400699,-0.854,1.098,0.244,-0.004,0.014,1.038,3,214
521401236,-1.037,1.524,0.488,0.012,0.049,1.065,3,214
521402465,-1.280,1.524,0.427,-0.010,0.021,1.021,3,214
521403639,-0.976,1.280,0.122,0.023,0.014,1.027,3,224
521404641,-1.098,1.220,0.244,-0.024,0.014,1.014,3,224
521405154,-1.098,1.220,0.244,-0.024,0.014,1.014,3,224
521406701,-0.732,1.402,0.488,0.023,0.031,1.061,3,224
521407211,-0.976,1.159,0.244,-0.014,0.006,1.038,3,224
521408700,-1.037,1.159,0.305,-0.008,0.025,1.033,3,224
521409211,-1.220,1.463,0.671,0.010,0.052,1.016,3,224
521410700,-1.220,1.280,0.366,-0.021,0.014,1.058,3,224
521411218,-1.220,1.280,0.366,-0.021,0.014,1.058,3,224
521412700,-1.646,1.280,0.610,0.022,0.025,1.019,3,224
521413218,-1.341,1.098,0.427,-0.027,0.018,1.047,3,224
521414700,-1.220,1.402,0.244,-0.002,0.021,1.039,3,224
521415208,-1.098,1.402,0.427,0.014,0.023,1.030,3,224
521416700,-1.280,1.159,0.366,0.007,0.039,1.041,3,224
521417212,-1.159,1.159,0.244,-0.017,0.033,1.041,3,224
521418700,-0.915,1.524,0.427,0.015,0.029,1.048,3,224
521419212,-0.915,1.524,0.427,0.015,0.029,1.048,3,224
521420700,-1.159,1.402,0.305,-0.008,0.017,1.031,3,224
521421211,-1.098,1.585,0.244,0.012,0.023,1.038,3,224
521422700,-1.402,1.402,0.366,0.009,0.030,1.031,3,224
521423218,-1.220,1.341,0.427,0.001,0.014,1.041,3,224
521424700,-1.159,1.707,0.488,0.012,0.030,1.032,3,224
521425214,-1.159,1.707,0.488,0.012,0.030,1.032,3,224
521426700,-1.098,1.402,0.488,-0.001,0.021,1.052,3,224
521427218,-1.159,1.524,0.366,-0.000,0.024,1.040,3,224
521428217,-0.915,1.524,0.183,0.002,0.032,1.021,3,224
521429696,-1.159,1.585,0.244,-0.001,0.034,1.032,3,224
521430199,-1.280,1.585,0.488,0.002,0.022,1.046,3,224
521431707,-0.915,1.707,0.427,0.011,0.006,1.030,3,224
521432224,-0.915,1.707,0.427,0.011,0.006,1.030,3,224
521433701,-0.671,1.341,0.427,-0.008,0.024,1.031,3,224
521434207,-0.732,1.280,0.610,-0.005,0.021,1.048,3,224
521435700,-1.037,1.463,0.305,0.020,0.028,1.037,3,224
521436211,-0.854,1.524,0.366,-0.002,0.031,1.033,3,224
521437700,-1.037,1.463,0.671,0.005,0.031,1.052,3,224
521438211,-1.037,1.463,0.671,0.005,0.031,1.052,3,224
521439700,-1.341,1.585,0.427,-0.009,0.018,1.023,3,224
521440208,-1.341,1.585,0.427,-0.009,0.018,1.023,3,224
521441700,-1.037,1.463,0.427,-0.008,0.030,1.042,3,224
521442211,-1.159,1.463,0.427,-0.005,0.023,1.033,3,224
521443700,-1.037,1.646,0.366,0.002,0.021,1.036,3,224
521444211,-0.854,1.463,0.061,0.003,0.028,1.043,3,224
521445700,-1.098,1.585,0.244,0.006,0.031,0.992,3,224
521446215,-1.098,1.585,0.244,0.006,0.031,0.992,3,224
521447700,-1.280,1.524,0.366,0.011,0.017,1.025,3,224
521448208,-0.976,1.159,0.488,-0.029,0.021,1.056,3,224
521449700,-1.159,1.646,0.366,0.009,0.040,1.048,3,224
521450215,-1.220,1.646,0.549,-0.013,0.044,1.062,3,224
521451706,-1.037,1.037,0.427,0.006,-0.001,1.047,3,224
521452223,-1.037,1.037,0.427,0.006,-0.001,1.047,3,224
521453503,-0.915,1.402,0.671,0.031,0.069,1.026,3,224
521454639,-0.793,1.646,0.854,0.039,-0.005,1.080,3,233
521455643,-0.793,1.524,0.549,-0.047,0.005,1.064,3,233
521456154,-0.793,1.280,0.549,0.000,0.051,0.997,3,233
521457701,-1.159,1.585,0.305,0.001,0.014,1.071,3,233
521458211,-1.159,1.585,0.305,0.001,0.014,1.071,3,233
521459707,-1.159,1.463,0.671,0.019,0.043,1.002,3,233
521460223,-1.159,1.463,0.671,0.019,0.043,1.002,3,233
521461700,-1.280,1.280,0.244,-0.019,0.008,1.062,3,233
521462209,-0.976,1.280,0.366,-0.016,0.017,1.026,3,233
521463709,-0.976,1.220,0.610,0.034,0.030,1.015,3,233
521464235,-1.280,1.341,0.793,-0.006,0.032,1.054,3,233
521465701,-1.220,1.524,0.549,0.012,0.018,1.023,3,233
521466213,-1.220,1.524,0.549,0.012,0.018,1.023,3,233
521467699,-1.402,1.402,0.488,-0.019,0.036,1.051,3,233
521468210,-1.341,1.524,0.488,-0.007,0.021,1.027,3,233
521469699,-0.854,1.585,0.427,0.022,0.024,1.031,3,233
521470205,-1.037,1.463,0.366,0.012,0.030,1.057,3,233
521471699,-1.037,1.402,0.488,0.003,0.019,1.026,3,233
521472205,-1.037,1.402,0.488,0.003,0.019,1.026,3,233
521473699,-1.402,1.402,0.549,-0.006,0.030,1.038,3,233
521474210,-1.402,1.402,0.549,-0.006,0.030,1.038,3,233
521475699,-1.220,1.585,0.122,0.001,0.017,1.033,3,233
521476210,-1.280,1.585,0.366,-0.002,0.030,1.050,3,233
521477707,-1.159,1.341,0.549,-0.017,0.024,1.035,3,233
521478227,-0.976,1.585,0.366,0.009,0.014,1.031,3,233
521479700,-1.280,1.646,0.732,-0.002,0.020,1.045,3,233
521480211,-1.280,1.646,0.732,-0.002,0.020,1.045,3,233
521481699,-1.220,1.585,0.244,0.004,0.020,1.030,3,233
521482207,-1.037,1.341,0.305,0.003,0.025,1.045,3,233
521483699,-0.854,1.524,0.610,-0.006,0.034,1.040,3,233
521484210,-0.915,1.341,0.671,0.001,0.019,1.033,3,233
521485699,-1.220,1.402,0.427,0.005,0.034,1.039,3,233
521486211,-1.220,1.402,0.427,0.005,0.034,1.039,3,233
521487699,-1.220,1.524,0.610,0.008,0.027,1.023,3,233
521488207,-1.098,1.646,0.671,0.000,0.005,1.024,3,233
521489700,-0.854,1.707,0.488,0.017,0.025,1.057,3,233
521490210,-0.915,1.402,0.427,-0.026,0.034,1.061,3,233
521491699,-1.037,1.463,0.305,-0.006,0.031,1.016,3,233
521492212,-0.732,1.585,0.610,-0.006,0.031,1.016,3,233
521493699,-1.098,1.524,0.244,-0.025,0.016,1.052,3,233
521494210,-1.098,1.524,0.244,-0.025,0.016,1.052,3,233
521495699,-1.037,1.524,0.671,0.010,0.039,1.050,3,233
521496207,-1.037,1.402,0.610,0.035,0.034,1.081,3,233
521497699,-0.976,1.220,0.427,-0.068,0.001,1.039,3,233
521498205,-0.976,1.524,0.366,0.006,0.030,1.010,3,233
521499708,-1.341,1.402,0.549,-0.014,0.015,1.062,3,233
521500225,-1.341,1.402,0.549,-0.014,0.015,1.062,3,233
521501700,-0.793,1.646,0.549,0.032,0.042,1.004,3,233
521502211,-1.037,1.463,0.671,0.025,0.035,1.063,3,233
521503456,-0.976,1.098,0.549,-0.048,0.013,1.050,3,233
521504639,-1.098,1.463,0.610,-0.009,0.025,0.993,3,243
521505634,-0.793,1.402,0.671,0.038,0.039,1.030,3,243
521506152,-0.915,1.220,0.488,-0.013,0.017,1.074,3,243
521507701,-0.854,1.646,0.305,0.028,0.038,1.015,3,243
521508211,-0.854,1.646,0.305,0.028,0.038,1.015,3,243
521509700,-1.402,1.402,0.122,-0.017,0.034,1.058,3,243
521510218,-1.402,1.341,0.183,-0.008,0.018,1.009,3,243
521511700,-1.341,1.463,0.122,0.024,0.023,1.029,3,243
521512211,-1.524,1.707,0.244,0.012,0.023,1.073,3,243
521513700,-0.793,1.280,0.244,0.000,0.014,1.020,3,243
521514207,-0.793,1.280,0.244,0.000,0.014,1.020,3,243
521515701,-1.524,1.402,0.061,0.001,0.033,1.066,3,243
521516206,-1.341,1.585,0.061,-0.014,0.034,1.031,3,243
521517711,-1.341,1.341,0.122,-0.004,0.030,1.008,3,243
521518236,-1.220,1.463,0.061,0.018,0.021,1.043,3,243
521519700,-1.159,1.524,0.183,-0.023,0.031,1.032,3,243
521520207,-1.159,1.524,0.183,-0.023,0.031,1.032,3,243
521521700,-1.341,1.280,0.061,0.011,0.005,1.032,3,243
521522208,-1.037,1.341,0.244,-0.004,0.010,1.048,3,243
521523700,-0.915,1.707,0.183,-0.007,0.031,1.045,3,243
521524208,-1.098,1.646,0.244,0.012,0.031,1.036,3,243
521525700,-1.280,1.463,0.122,0.004,0.017,1.045,3,243
521526211,-1.098,1.707,0.000,0.004,0.017,1.045,3,243
521527700,-0.854,1.463,0.305,0.013,0.037,1.027,3,243
521528207,-0.854,1.463,0.305,0.013,0.037,1.027,3,243
521529700,-1.098,1.646,0.488,0.000,0.027,1.020,3,243
521530213,-1.402,1.646,0.244,-0.016,0.028,1.084,3,243
521531700,-1.463,1.646,0.244,0.009,0.025,1.049,3,243
521532211,-1.159,1.585,0.488,-0.019,0.027,1.000,3,243
521533700,-1.280,1.646,0.305,-0.001,0.010,1.069,3,243
521534207,-1.280,1.646,0.305,-0.001,0.010,1.069,3,243
521535709,-0.854,1.768,0.427,0.011,0.034,1.078,3,243
521536231,-0.976,1.280,0.305,0.012,0.009,1.009,3,243
521537701,-1.098,1.463,0.366,-0.042,0.005,1.023,3,243
521538206,-0.915,1.768,0.732,0.005,0.064,1.023,3,243
521539700,-1.098,1.098,0.305,-0.042,-0.008,1.058,3,243
521540214,-1.098,1.098,0.305,-0.042,-0.008,1.058,3,243
521541700,-1.280,1.585,0.488,0.040,0.052,1.032,3,243
521542211,-1.280,1.585,0.488,0.040,0.052,1.032,3,243
521543700,-1.280,1.280,0.183,-0.062,0.018,1.045,3,243
521544218,-1.037,1.585,0.244,0.006,0.021,1.004,3,243
521545700,-1.159,1.585,0.244,0.053,0.026,1.055,3,243
521546211,-1.098,1.280,0.183,-0.035,0.024,1.077,3,243
521547700,-1.098,1.768,0.366,0.023,0.047,1.004,3,243
521548212,-1.098,1.768,0.366,0.023,0.047,1.004,3,243
521549700,-1.463,1.098,0.122,-0.037,0.028,1.074,3,243
521550212,-1.341,1.280,0.122,-0.015,0.051,1.018,3,243
521551700,-1.037,1.463,0.427,0.035,0.043,0.996,3,243
521552207,-1.220,1.341,0.305,0.007,0.016,1.044,3,243
521553432,-1.098,1.585,0.427,-0.014,0.014,1.070,3,243
521554639,-1.098,1.220,0.366,0.012,0.036,1.017,3,253
521555625,-0.976,1.280,0.122,-0.004,0.012,1.004,3,253
521556641,-0.671,1.646,0.244,0.010,0.011,1.049,3,253
521557577,-0.976,1.646,0.488,0.013,0.032,1.085,3,253
521558641,-1.159,1.402,0.244,-0.012,0.051,1.036,3,253
521559573,-1.037,1.585,0.244,-0.018,0.028,1.002,3,253
521560641,-1.098,1.646,0.244,0.003,0.026,1.077,3,253
521561574,-1.159,1.341,0.366,-0.008,0.029,1.062,3,253
521562641,-0.976,1.098,0.244,0.002,0.034,1.023,3,253
521563570,-0.793,1.280,0.488,0.020,0.028,1.005,3,253
521564641,-0.854,1.402,0.488,-0.007,0.018,1.036,3,253
521565576,-1.159,1.646,0.305,0.017,0.014,1.051,3,253
521566641,-1.159,1.585,0.488,0.014,0.024,1.027,3,253
521567573,-1.159,1.707,0.732,-0.006,0.035,1.030,3,253
521568642,-1.037,1.585,0.366,0.021,0.021,1.020,3,253
521569578,-1.341,1.402,0.244,0.005,0.015,1.037,3,253
521570641,-1.220,1.524,0.305,-0.026,0.028,1.042,3,253
521571578,-1.037,1.646,0.549,0.016,0.048,1.088,3,253
521572641,-0.976,1.280,0.488,0.008,0.041,1.040,3,253
521573575,-1.098,1.463,0.671,-0.040,0.007,0.957,3,253
521574641,-1.280,1.463,0.427,0.018,0.008,1.102,3,253
521575573,-1.585,1.280,0.549,-0.046,0.032,1.057,3,253
521576642,-1.098,1.341,0.793,0.000,0.045,1.053,3,253
521577580,-1.159,1.341,0.488,0.045,0.020,0.969,3,253
521578641,-1.159,1.341,0.305,-0.062,-0.001,1.036,3,253
521579574,-0.976,1.707,0.427,-0.012,0.042,1.038,3,253
521580641,-1.098,1.280,0.366,-0.039,0.014,1.040,3,253
521581574,-1.280,1.341,0.366,-0.062,0.020,1.007,3,253
521582641,-1.463,1.646,0.610,0.059,0.041,1.008,3,253
521583654,-1.707,1.463,0.671,0.021,0.033,1.069,3,253
521584184,-1.646,1.098,0.549,-0.076,0.013,1.076,3,253
521585699,-1.098,1.463,0.549,0.003,0.037,1.019,3,253
521586212,-1.037,1.585,0.793,0.066,0.028,1.012,3,253
521587699,-1.220,1.280,0.732,-0.044,0.025,1.038,3,253
521588207,-1.220,1.280,0.732,-0.044,0.025,1.038,3,253
521589699,-1.037,1.463,0.549,-0.013,0.049,1.057,3,253
521590208,-0.915,1.098,0.488,-0.047,0.036,1.023,3,253
521591699,-0.854,1.463,0.610,0.021,0.025,0.995,3,253
521592208,-0.915,1.524,0.549,0.034,0.034,1.049,3,253
521593699,-1.098,1.402,0.183,-0.016,0.033,1.087,3,253
521594208,-1.098,1.341,0.305,-0.028,0.032,1.059,3,253
521595699,-1.402,1.463,0.366,0.000,0.028,1.004,3,253
521596208,-1.402,1.463,0.366,0.000,0.028,1.004,3,253
521597699,-1.159,1.280,0.488,0.009,0.026,1.057,3,253
521598208,-1.159,1.707,0.610,0.008,0.031,1.074,3,253
521599699,-0.915,1.585,0.488,-0.015,0.045,1.044,3,253
521600212,-0.854,1.768,0.549,-0.018,0.030,0.998,3,253
521601700,-0.732,1.463,0.610,0.001,0.017,1.057,3,253
521602212,-0.732,1.463,0.610,0.001,0.017,1.057,3,253
521603441,-0.854,1.402,0.854,-0.016,0.028,1.033,3,253
521604639,-0.976,1.220,0.610,-0.003,0.020,1.057,3,263
521605628,-1.159,1.280,0.610,0.028,0.029,1.042,3,263
521606143,-0.976,1.341,0.549,0.001,0.025,1.030,3,263
521607701,-0.915,1.402,0.488,0.016,0.018,1.008,3,263
521608211,-0.915,1.402,0.488,0.016,0.018,1.008,3,263
521609700,-0.915,1.524,0.549,-0.012,0.022,1.048,3,263
521610207,-0.915,1.524,0.549,-0.012,0.022,1.048,3,263
521611700,-0.793,1.280,0.793,0.001,0.031,1.029,3,263
521612212,-0.793,1.585,0.549,-0.057,0.025,0.995,3,263
521613700,-0.854,1.768,0.610,0.030,0.042,1.037,3,263
521614212,-1.159,1.159,0.549,0.010,0.011,1.042,3,263
521615700,-0.976,1.402,0.793,0.017,0.049,1.043,3,263
521616212,-0.976,1.402,0.793,0.017,0.049,1.043,3,263
521617700,-1.341,1.280,0.427,-0.092,0.010,1.010,3,263
521618212,-0.976,1.524,0.488,0.021,0.049,0.997,3,263
521619700,-0.915,1.646,0.671,0.055,0.028,1.042,3,263
521620219,-0.976,1.341,0.427,-0.059,0.005,1.073,3,263
521621700,-0.976,1.402,0.671,0.053,0.062,0.995,3,263
521622207,-0.976,1.402,0.671,0.053,0.062,0.995,3,263
521623700,-1.280,1.159,0.488,-0.050,0.004,1.033,3,263
521624210,-1.280,1.585,0.427,0.029,0.039,1.006,3,263
521625700,-0.915,1.463,0.610,0.032,0.018,1.036,3,263
521626214,-1.159,1.341,0.366,-0.057,0.021,1.083,3,263
521627700,-1.280,1.402,0.549,-0.003,0.029,1.050,3,263
521628214,-1.037,1.707,0.732,0.010,0.025,1.015,3,263
521629700,-1.037,1.220,0.549,-0.001,0.023,1.015,3,263
521630213,-1.037,1.220,0.549,-0.001,0.023,1.015,3,263
521631700,-0.915,1.220,0.366,-0.001,0.030,1.070,3,263
521632211,-1.098,1.159,0.244,-0.018,0.031,1.050,3,263
521633700,-0.976,1.402,0.122,0.011,0.027,1.036,3,263
521634219,-0.854,1.402,0.244,0.000,0.011,1.027,3,263
521635701,-1.159,1.341,0.549,0.004,0.027,1.033,3,263
521636214,-1.159,1.341,0.549,0.004,0.027,1.033,3,263
521637700,-0.976,1.524,0.183,0.007,0.022,1.064,3,263
521638207,-0.854,1.524,0.427,-0.013,0.036,1.037,3,263
521639700,-0.793,1.524,0.305,-0.016,0.025,1.041,3,263
521640207,-1.098,1.524,0.488,0.024,0.024,1.024,3,263
521641700,-1.037,1.463,0.549,-0.017,0.026,1.050,3,263
521642207,-1.037,1.463,0.549,-0.017,0.026,1.050,3,263
521643700,-0.854,1.585,0.366,0.009,0.022,1.021,3,263
521644212,-0.854,1.585,0.366,0.009,0.022,1.021,3,263
521645700,-1.402,1.463,0.305,0.026,0.023,1.025,3,263
521646219,-1.341,1.402,0.366,0.020,0.023,1.025,3,263
521647700,-1.037,1.402,0.610,-0.040,0.018,1.071,3,263
521648211,-0.854,1.646,0.549,0.033,0.049,1.092,3,263
521649700,-1.220,1.646,0.366,-0.047,0.016,1.034,3,263
521650212,-1.220,1.646,0.366,-0.047,0.016,1.034,3,263
521651701,-1.037,1.524,0.488,0.023,0.016,0.989,3,263
521652212,-1.280,1.585,0.122,-0.065,0.013,1.046,3,263
521653423,-1.159,1.585,0.488,0.048,0.042,1.097,3,263
521654638,-1.220,1.524,0.549,-0.006,0.019,1.042,3,272
521655617,-1.037,1.341,0.549,0.032,0.036,1.017,3,272
521656638,-1.159,1.402,0.732,0.026,0.029,1.028,3,272
521657579,-1.098,1.402,0.488,-0.040,0.003,1.052,3,272
521658640,-1.098,1.646,0.305,0.000,0.035,1.021,3,272
521659580,-1.220,1.829,0.549,0.029,0.046,1.027,3,272
521660640,-1.159,1.646,-0.061,-0.033,0.013,1.043,3,272
521661575,-1.220,1.646,-0.122,-0.025,0.024,1.056,3,272
521662640,-0.793,1.402,0.000,-0.048,0.019,1.045,3,272
521663583,-0.976,1.341,-0.122,-0.010,0.035,1.017,3,272
521664640,-1.280,1.585,0.183,0.009,0.022,1.021,3,272
521665575,-1.037,1.524,0.305,-0.016,0.021,1.031,3,272
521666640,-0.793,1.463,0.244,0.004,0.036,1.046,3,272
521667575,-1.037,1.463,0.366,0.000,0.023,1.042,3,272
521668640,-0.915,1.829,0.183,-0.015,0.029,1.067,3,272
521669584,-0.915,1.524,0.610,0.007,0.039,1.043,3,272
521670640,-1.341,1.524,0.549,-0.008,0.008,1.038,3,272
521671575,-1.037,1.341,0.305,-0.006,0.018,1.024,3,272
521672640,-1.098,1.220,0.305,0.009,0.041,1.013,3,272
521673572,-0.915,1.402,0.305,-0.006,0.023,1.040,3,272
521674640,-0.732,1.524,0.122,0.006,0.023,1.056,3,272
521675573,-0.854,1.585,0.305,-0.001,0.033,1.031,3,272
521676640,-1.037,1.280,0.488,0.017,0.032,1.020,3,272
521677628,-1.220,1.341,0.427,-0.003,0.028,1.028,3,272
521678154,-1.220,1.341,0.427,-0.003,0.028,1.028,3,272
521679699,-0.915,1.463,0.366,0.042,0.025,1.042,3,272
521680209,-1.098,1.341,0.610,-0.012,0.017,1.062,3,272
521681699,-0.976,1.463,0.549,-0.001,0.030,1.050,3,272
521682206,-1.037,1.220,0.305,0.039,0.034,1.059,3,272
521683706,-1.159,1.524,0.366,-0.020,0.045,1.000,3,272
521684223,-1.159,1.524,0.366,-0.020,0.045,1.000,3,272
521685700,-1.280,1.524,0.427,-0.049,0.009,1.043,3,272
521686212,-0.854,1.524,0.488,0.001,0.054,1.098,3,272
521687705,-0.915,1.159,0.366,0.045,0.016,1.014,3,272
521688221,-0.671,1.280,0.488,-0.044,0.014,1.046,3,272
521689701,-0.976,1.768,0.366,0.030,0.021,1.022,3,272
521690213,-0.976,1.768,0.366,0.030,0.021,1.022,3,272
521691699,-0.915,1.402,0.610,0.020,0.024,1.042,3,272
521692217,-1.159,1.524,0.610,0.017,0.043,1.028,3,272
521693699,-1.159,1.585,0.610,-0.021,0.020,1.042,3,272
521694206,-1.098,1.463,0.549,-0.003,0.045,1.040,3,272
521695699,-0.915,1.585,0.549,0.018,0.038,1.021,3,272
521696217,-1.037,1.524,0.427,-0.026,0.016,1.040,3,272
521697699,-1.220,1.280,0.549,0.020,0.036,1.056,3,272
521698207,-1.220,1.280,0.549,0.020,0.036,1.056,3,272
521699699,-0.976,1.220,0.122,0.005,0.020,1.052,3,272
521700207,-1.341,1.402,0.610,0.000,0.021,1.026,3,272
521701700,-1.280,1.463,0.122,-0.033,0.030,1.028,3,272
521702213,-0.976,1.220,0.000,0.021,0.022,1.003,3,272
521703457,-1.220,1.280,0.427,0.002,0.036,1.027,3,272
521704639,-1.159,1.707,0.488,0.005,0.034,1.034,3,282
521705626,-1.037,1.524,0.549,-0.003,0.032,1.041,3,282
521706143,-1.037,1.524,0.549,-0.003,0.032,1.041,3,282
521707701,-1.220,1.524,0.183,-0.005,0.019,1.032,3,282
521708212,-1.524,1.402,0.488,-0.001,0.024,1.038,3,282
521709708,-1.037,1.646,0.183,-0.002,0.024,1.036,3,282
521710229,-1.037,1.646,0.183,-0.002,0.024,1.036,3,282
521711701,-1.159,1.585,0.305,0.024,0.029,1.044,3,282
521712213,-1.159,1.585,0.305,0.024,0.029,1.044,3,282
521713700,-1.524,1.280,0.183,-0.022,0.019,1.040,3,282
521714212,-1.280,1.159,0.427,0.015,0.037,1.059,3,282
521715700,-1.280,1.280,0.488,0.009,0.013,1.004,3,282
521716211,-1.220,1.341,0.610,-0.039,0.032,1.029,3,282
521717700,-1.280,1.646,0.671,-0.013,0.021,1.052,3,282
521718219,-1.280,1.646,0.671,-0.013,0.021,1.052,3,282
521719700,-0.732,1.220,0.488,0.036,0.012,1.031,3,282
521720219,-1.098,1.280,0.549,-0.032,0.026,1.040,3,282
521721700,-0.915,1.341,0.549,0.001,0.040,1.063,3,282
521722212,-1.037,1.463,0.671,0.023,0.031,0.995,3,282
521723707,-1.098,1.402,0.488,0.004,0.015,1.064,3,282
521724224,-1.098,1.402,0.488,0.004,0.015,1.064,3,282
521725700,-1.402,1.402,0.671,-0.028,0.020,1.037,3,282
521726216,-1.280,1.280,0.427,0.015,0.021,1.047,3,282
521727700,-0.915,1.341,0.610,0.014,0.027,1.032,3,282
521728212,-0.854,1.280,0.488,-0.022,0.015,1.048,3,282
521729700,-0.610,1.280,0.427,0.028,0.041,1.050,3,282
521730219,-0.610,1.159,0.549,0.008,0.033,1.035,3,282
521731700,-1.098,1.463,0.610,0.023,0.042,1.018,3,282
521732214,-1.098,1.463,0.610,0.023,0.042,1.018,3,282
521733700,-1.341,1.585,0.305,-0.024,0.020,1.043,3,282
521734207,-1.220,1.585,0.610,0.020,0.034,1.028,3,282
521735700,-1.220,1.524,0.793,-0.026,0.022,1.042,3,282
521736207,-0.915,1.402,0.549,-0.016,0.024,1.044,3,282
521737700,-1.037,1.463,0.488,-0.013,0.032,1.052,3,282
521738212,-1.037,1.463,0.488,-0.013,0.032,1.052,3,282
521739700,-1.280,1.585,0.549,0.007,0.027,1.035,3,282
521740219,-0.976,1.585,0.305,-0.010,0.022,1.048,3,282
521741700,-0.976,1.646,0.305,-0.012,0.013,1.040,3,282
521742212,-0.854,1.585,0.427,-0.006,0.029,1.017,3,282
521743700,-0.976,1.341,0.488,0.006,0.042,1.037,3,282
521744219,-0.976,1.341,0.488,0.006,0.042,1.037,3,282
521745700,-0.976,1.463,0.549,0.013,0.027,1.044,3,282
521746214,-0.976,1.463,0.549,0.013,0.027,1.044,3,282
521747700,-1.220,1.463,0.549,-0.028,0.035,1.020,3,282
521748215,-1.646,1.402,0.305,0.003,0.021,1.032,3,282
521749700,-1.707,1.341,0.610,-0.003,0.032,1.028,3,282
521750219,-1.646,1.585,0.610,-0.016,0.026,1.070,3,282
521751700,-1.220,1.463,0.793,-0.022,0.031,1.040,3,282
521752212,-1.220,1.463,0.793,-0.022,0.031,1.040,3,282
521753436,-1.280,1.341,0.488,0.002,0.040,1.025,3,282
521754638,-1.463,1.646,0.488,-0.013,0.026,1.044,3,292
521755629,-1.524,1.768,0.549,0.014,0.029,1.056,3,292
521756148,-1.463,1.402,0.549,0.000,0.027,1.037,3,292
521757701,-0.915,1.341,0.488,0.020,0.032,1.031,3,292
521758218,-0.915,1.341,0.488,0.020,0.032,1.031,3,292
521759699,-0.854,1.585,0.549,-0.010,0.024,1.043,3,292
521760208,-0.854,1.585,0.549,-0.010,0.024,1.043,3,292
521761699,-1.037,1.220,0.549,-0.005,0.017,1.013,3,292
521762205,-1.220,1.341,0.549,-0.010,0.030,1.040,3,292
521763699,-1.098,1.707,0.610,0.028,0.042,1.046,3,292
521764205,-1.159,1.585,0.366,-0.031,0.021,1.044,3,292
521765699,-1.159,1.524,0.854,0.008,0.026,1.050,3,292
521766207,-1.159,1.524,0.854,0.008,0.026,1.050,3,292
521767699,-0.732,1.341,0.488,0.011,0.030,1.044,3,292
521768212,-1.280,1.220,0.122,0.000,0.028,1.023,3,292
521769699,-1.402,1.280,0.366,-0.012,0.037,1.050,3,292
521770208,-1.098,1.220,0.305,0.025,0.027,1.021,3,292
521771699,-0.915,1.280,0.427,-0.003,0.017,1.052,3,292
521772208,-0.915,1.280,0.427,-0.003,0.017,1.052,3,292
521773699,-0.854,1.463,0.732,0.007,0.031,1.042,3,292
521774212,-0.732,1.341,0.610,-0.001,0.008,1.032,3,292
521775709,-1.159,1.646,0.427,-0.012,0.026,1.032,3,292
521776230,-1.159,1.524,0.549,-0.001,0.026,1.044,3,292
521777700,-0.549,1.463,0.671,-0.019,0.033,1.038,3,292
521778213,-0.549,1.463,0.671,-0.019,0.033,1.038,3,292
521779699,-0.976,1.524,0.305,-0.011,0.030,1.063,3,292
521780212,-0.976,1.524,0.305,-0.011,0.030,1.063,3,292
521781699,-1.037,1.463,0.427,-0.000,0.008,1.032,3,292
521782208,-0.976,1.585,0.427,-0.004,0.032,1.024,3,292
521783699,-0.915,1.280,0.305,0.009,0.018,1.040,3,292
521784208,-1.159,1.220,0.366,-0.004,0.016,1.040,3,292
521785699,-1.037,1.220,0.427,0.034,0.017,1.046,3,292
521786205,-1.037,1.220,0.427,0.034,0.017,1.046,3,292
521787699,-1.220,1.463,0.427,0.000,0.035,1.040,3,292
521788208,-1.402,1.341,0.488,0.015,0.023,1.033,3,292
521789699,-1.524,1.646,0.366,-0.031,0.024,1.030,3,292
521790205,-1.098,1.646,0.183,0.000,0.040,1.053,3,292
521791699,-1.098,1.524,0.549,-0.021,0.033,1.049,3,292
521792207,-1.098,1.524,0.549,-0.021,0.033,1.049,3,292
521793699,-0.854,1.341,0.366,-0.010,0.015,1.019,3,292
521794208,-0.854,1.341,0.366,-0.010,0.015,1.019,3,292
521795699,-1.098,1.463,0.427,0.023,0.037,1.048,3,292
521796208,-1.159,1.402,0.305,-0.024,0.009,1.050,3,292
521797699,-1.037,1.463,0.061,0.001,0.036,1.038,3,292
521798205,-1.098,1.463,0.183,-0.003,0.019,1.046,3,292
521799699,-1.159,1.402,0.122,0.022,0.020,1.035,3,292
521800212,-1.159,1.402,0.122,0.022,0.020,1.035,3,292
521801699,-0.976,1.463,0.183,-0.006,0.027,1.039,3,292
521802207,-0.976,1.159,0.488,0.014,0.022,1.029,3,292
521803439,-1.098,1.159,0.122,-0.003,0.038,1.044,3,292
521804639,-1.037,1.402,0.244,0.019,0.019,1.052,3,302
521805621,-0.915,1.463,0.671,-0.001,0.028,1.060,3,302
521806638,-0.793,1.524,0.183,0.002,0.016,1.035,3,302
521807568,-0.915,1.524,0.183,-0.018,0.028,1.018,3,302
521808638,-0.915,1.280,0.305,0.005,0.029,1.047,3,302
521809568,-1.159,1.402,0.061,0.001,0.024,1.053,3,302
521810638,-1.220,1.220,0.061,-0.007,0.043,1.051,3,302
521811633,-1.037,1.280,0.244,-0.001,0.031,1.021,3,302
521812155,-1.159,1.463,0.244,-0.003,0.024,1.023,3,302
521813700,-1.341,1.524,0.244,-0.020,0.021,1.028,3,302
521814210,-1.341,1.524,0.244,-0.020,0.021,1.028,3,302
521815700,-1.098,1.098,0.305,0.029,0.016,1.034,3,302
521816211,-1.159,1.280,0.427,-0.024,0.034,1.033,3,302
521817700,-1.098,1.646,0.488,0.024,0.021,1.052,3,302
521818214,-1.037,1.402,0.427,0.003,0.024,1.016,3,302
521819700,-0.976,1.585,0.610,0.037,0.025,1.034,3,302
521820212,-0.976,1.585,0.610,0.037,0.025,1.034,3,302
521821700,-0.854,1.646,0.488,-0.001,0.034,1.049,3,302
521822211,-0.915,1.463,0.488,0.020,0.035,1.036,3,302
521823707,-0.976,1.463,0.366,-0.027,0.034,1.031,3,302
521824228,-1.280,1.646,0.366,0.015,0.040,1.051,3,302
521825701,-1.280,1.463,0.366,-0.022,0.020,1.034,3,302
521826208,-1.280,1.463,0.366,-0.022,0.020,1.034,3,302
521827700,-1.098,1.463,0.427,-0.032,0.019,1.064,3,302
521828212,-1.098,1.463,0.427,-0.032,0.019,1.064,3,302
521829700,-1.037,1.341,0.610,-0.016,0.014,1.055,3,302
521830218,-1.220,1.585,0.427,-0.016,0.035,1.024,3,302
521831700,-1.220,1.402,0.427,0.015,0.037,1.042,3,302
521832212,-1.220,1.524,0.305,-0.030,0.033,1.032,3,302
521833700,-0.732,1.646,0.244,0.004,0.027,1.040,3,302
521834212,-0.732,1.646,0.244,0.004,0.027,1.040,3,302
521835700,-0.854,1.524,0.061,0.015,0.017,1.034,3,302
521836212,-1.220,1.646,0.183,-0.022,0.024,1.022,3,302
521837700,-1.098,1.646,0.305,0.009,0.030,1.050,3,302
521838210,-1.098,1.585,0.244,0.001,0.012,1.031,3,302
521839706,-1.037,1.402,0.244,0.004,0.032,1.036,3,302
521840225,-1.037,1.402,0.244,0.004,0.032,1.036,3,302
521841702,-1.098,1.402,0.183,0.002,0.029,1.023,3,302
521842214,-1.220,1.524,0.366,-0.020,0.021,1.059,3,302
521843700,-1.098,1.463,0.305,0.010,0.031,1.040,3,302
521844211,-1.220,1.280,0.488,0.015,0.019,1.043,3,302
521845700,-1.037,1.585,0.488,0.037,0.014,1.046,3,302
521846214,-1.037,1.585,0.488,0.037,0.014,1.046,3,302
521847700,-1.159,1.585,0.427,0.015,0.029,1.038,3,302
521848212,-1.159,1.585,0.427,0.015,0.029,1.038,3,302
521849700,-1.159,1.585,0.671,-0.028,0.026,1.033,3,302
521850212,-1.159,1.280,0.854,0.022,0.029,1.038,3,302
521851700,-1.098,1.341,0.854,-0.003,0.025,1.028,3,302
521852211,-1.159,1.402,0.549,-0.015,0.044,1.046,3,302
521853439,-1.159,1.463,0.610,0.018,0.030,1.035,3,302
521854638,-1.098,1.341,0.549,0.015,0.038,1.046,3,312
521855622,-1.341,1.402,0.549,-0.000,0.012,1.031,3,312
521856638,-1.159,1.341,0.427,-0.010,0.029,1.038,3,312
521857584,-1.037,1.402,0.610,0.018,0.024,1.041,3,312
521858640,-1.402,1.463,0.610,-0.033,0.007,1.034,3,312
521859575,-1.098,1.402,0.244,0.040,0.030,1.058,3,312
521860640,-1.098,1.524,0.427,-0.005,0.030,1.030,3,312
521861579,-1.037,1.341,0.122,0.014,0.035,1.037,3,312
521862640,-1.280,1.402,0.183,-0.032,0.031,1.022,3,312
521863582,-1.098,1.524,0.244,0.016,0.023,1.045,3,312
521864640,-1.280,1.524,0.366,-0.007,0.025,1.026,3,312
521865583,-0.976,1.402,0.244,-0.014,0.040,1.036,3,312
521866640,-1.159,1.585,0.000,-0.033,0.027,1.009,3,312
521867588,-1.098,1.646,0.061,0.019,0.018,1.058,3,312
521868640,-1.220,1.402,0.305,-0.004,0.014,1.038,3,312
521869583,-0.915,1.524,0.488,0.003,0.026,1.036,3,312
521870640,-0.671,1.524,0.366,0.008,0.026,1.029,3,312
521871579,-1.037,1.463,0.122,0.006,0.032,1.036,3,312
521872640,-0.915,1.402,0.671,-0.003,0.036,1.019,3,312
521873583,-0.732,1.463,0.793,0.019,0.018,1.020,3,312
521874640,-0.793,1.463,0.488,-0.021,0.039,1.044,3,312
521875574,-0.732,1.463,0.488,0.002,0.026,1.039,3,312
521876640,-0.854,1.341,0.671,0.014,0.003,1.046,3,312
521877576,-1.037,1.341,0.610,-0.027,0.034,1.058,3,312
521878640,-1.098,1.220,0.671,0.035,0.005,1.048,3,312
521879583,-1.098,1.402,0.488,-0.012,0.025,1.032,3,312
521880640,-0.854,1.220,0.610,0.003,0.016,1.025,3,312
521881571,-1.037,1.280,0.488,-0.017,0.045,1.022,3,312
521882640,-1.037,1.220,0.427,0.020,0.027,1.035,3,312
521883569,-1.341,1.463,0.488,-0.031,0.025,1.020,3,312
521884640,-1.280,1.402,0.427,-0.000,0.046,1.000,3,312
521885586,-0.976,1.585,0.671,-0.010,0.017,1.062,3,312
521886640,-0.976,1.402,0.427,0.037,0.028,1.055,3,312
521887575,-1.402,1.402,0.610,-0.046,0.008,1.040,3,312
521888640,-1.098,1.524,0.366,0.040,0.036,1.066,3,312
521889576,-1.220,1.341,0.488,-0.028,0.021,1.045,3,312
521890640,-1.280,1.280,0.549,-0.009,0.028,1.026,3,312
521891579,-1.220,1.402,0.671,0.017,0.034,1.042,3,312
521892640,-1.098,1.524,0.732,-0.033,0.025,1.017,3,312
521893575,-0.915,1.524,0.488,0.011,0.019,1.039,3,312
521894640,-1.159,1.585,0.305,0.008,0.030,1.062,3,312
521895578,-1.159,1.646,0.366,0.002,0.021,1.043,3,312
521896640,-1.220,1.768,0.427,-0.020,0.036,1.040,3,312
521897574,-0.793,1.768,0.671,0.016,0.013,1.034,3,312
521898640,-1.037,1.280,0.732,-0.005,0.021,1.027,3,312
521899575,-1.159,1.402,0.427,0.001,0.018,1.021,3,312
521900640,-1.280,1.463,0.610,0.011,0.026,1.044,3,312
521901653,-1.037,1.585,0.854,-0.021,0.034,1.066,3,312
521902177,-1.037,1.585,0.854,-0.021,0.034,1.066,3,312
521903429,-1.341,1.524,0.122,0.010,0.010,1.049,3,312
521904639,-1.585,1.463,0.366,-0.021,0.036,1.046,3,321
521905607,-1.524,1.098,0.366,0.033,0.022,1.025,3,321
521906638,-1.220,1.159,0.488,-0.018,0.027,1.011,3,321
521907592,-1.159,1.585,0.427,0.006,0.037,1.029,3,321
521908638,-1.402,1.646,0.488,-0.016,0.047,1.036,3,321
521909571,-1.341,1.646,0.183,0.025,0.010,1.035,3,321
521910638,-1.341,1.829,0.244,-0.022,0.026,1.061,3,321
521911580,-1.037,1.585,0.488,0.027,0.031,1.042,3,321
521912638,-0.915,1.341,0.610,-0.011,0.021,1.036,3,321
521913575,-0.854,1.707,0.427,-0.016,0.053,1.070,3,321
521914638,-1.159,1.768,0.793,-0.057,0.018,1.008,3,321
521915574,-1.037,1.890,0.732,0.042,0.047,1.017,3,321
521916638,-1.037,1.707,0.732,-0.042,0.005,1.066,3,321
521917571,-1.159,1.585,0.427,-0.005,0.035,1.042,3,321
521918638,-0.976,1.220,0.732,0.008,0.016,1.049,3,321
521919568,-1.098,1.402,0.488,-0.034,0.017,1.027,3,321
521920638,-0.793,1.585,0.488,-0.020,0.031,1.020,3,321
521921588,-0.854,1.341,0.366,0.026,0.031,1.033,3,321
521922638,-0.793,1.280,0.427,-0.006,0.020,1.032,3,321
521923571,-1.098,1.463,0.244,-0.015,0.038,1.045,3,321
521924638,-1.220,1.341,0.244,0.009,0.018,1.057,3,321
521925572,-1.280,1.341,0.305,-0.014,0.024,1.053,3,321
521926638,-1.280,1.402,0.183,0.009,0.011,1.040,3,321
521927568,-0.915,1.524,0.244,-0.006,0.031,1.020,3,321
521928638,-0.976,1.646,0.244,-0.003,0.025,1.046,3,321
521929580,-1.280,1.707,0.366,0.017,0.018,1.045,3,321
521930638,-1.341,1.585,0.427,-0.013,0.028,1.064,3,321
521931575,-1.220,1.341,0.427,-0.000,0.025,1.048,3,321
521932638,-1.280,1.159,0.366,0.009,0.021,1.032,3,321
521933582,-1.402,1.402,0.488,-0.008,0.041,1.023,3,321
521934638,-0.793,1.402,0.671,-0.026,0.038,1.029,3,321
521935572,-0.854,1.463,0.183,0.030,0.021,1.057,3,321
521936638,-1.098,1.463,0.244,-0.009,0.012,1.058,3,321
521937578,-1.037,1.707,0.244,-0.000,0.042,1.056,3,321
521938638,-0.854,1.463,0.305,0.018,0.009,1.041,3,321
521939572,-0.915,1.646,0.122,-0.016,0.042,1.019,3,321
521940638,-0.976,1.646,0.305,0.027,0.036,1.008,3,321
521941573,-1.220,1.524,0.610,-0.032,0.020,1.000,3,321
521942638,-1.159,1.646,0.793,0.017,0.000,1.073,3,321
521943572,-1.220,1.524,0.915,-0.050,0.042,1.046,3,321
521944638,-1.220,1.463,0.671,0.051,0.030,1.035,3,321
521945576,-1.159,1.280,0.610,-0.047,0.002,1.030,3,321
521946638,-0.854,1.402,0.732,0.022,0.055,1.019,3,321
521947571,-0.732,1.402,0.488,-0.024,0.007,1.034,3,321
521948638,-0.976,1.402,0.610,0.002,0.011,1.061,3,321
521949568,-1.280,1.524,0.793,-0.006,0.026,1.043,3,321
521950667,-0.915,1.220,0.427,0.011,0.037,1.056,3,321
521951753,-1.098,1.280,0.427,-0.017,0.035,1.020,3,321
521952297,-0.976,1.402,0.244,0.010,0.031,1.018,3,331
521953383,-0.915,1.768,0.488,-0.010,0.019,1.026,3,331
521954638,-0.854,1.768,0.549,-0.018,0.017,1.046,3,331
521955588,-1.098,1.524,0.305,0.004,0.035,1.029,3,331
521956640,-1.159,1.524,0.305,0.002,0.018,1.035,3,331
521957571,-1.159,1.890,0.366,0.004,0.037,1.034,3,331
521958640,-1.280,1.951,0.488,-0.003,0.037,1.027,3,331
521959571,-1.220,1.768,0.427,-0.016,0.019,1.040,3,331
521960640,-1.341,1.402,0.366,0.007,0.002,1.067,3,331
521961572,-1.463,1.402,0.061,-0.026,0.021,1.074,3,331
521962640,-0.976,1.280,0.183,-0.022,0.036,1.000,3,331
521963576,-0.732,1.280,0.183,0.015,0.027,1.042,3,331
521964640,-0.976,1.402,0.366,-0.008,0.013,1.052,3,331
521965573,-1.159,1.524,0.488,-0.005,0.042,1.070,3,331
521966640,-1.037,1.402,0.305,0.016,0.001,1.051,3,331
521967570,-1.463,1.280,0.305,-0.015,0.042,1.033,3,331
521968640,-1.341,1.280,0.549,-0.021,0.013,1.002,3,331
521969580,-1.220,1.463,0.366,0.001,0.053,1.052,3,331
521970640,-1.037,1.585,0.610,0.018,0.002,1.080,3,331
521971640,-1.098,1.646,0.732,-0.046,0.052,1.043,3,331
521972163,-1.098,1.280,0.732,0.045,0.032,1.035,3,331
521973699,-1.341,1.524,0.427,-0.034,0.006,1.014,3,331
521974205,-1.098,1.463,0.244,0.019,0.055,1.032,3,331
521975699,-1.037,1.402,0.183,-0.012,0.030,1.020,3,331
521976208,-1.037,1.402,0.183,-0.012,0.030,1.020,3,331
521977699,-1.280,1.524,0.122,-0.006,0.025,1.013,3,331
521978208,-1.159,1.341,0.000,0.004,0.042,1.043,3,331
521979700,-1.098,1.524,0.244,-0.014,0.023,1.024,3,331
521980214,-0.854,1.585,0.244,-0.001,0.018,1.044,3,331
521981704,-1.037,1.341,0.366,-0.010,0.015,1.024,3,331
521982219,-1.037,1.341,0.366,-0.010,0.015,1.024,3,331
521983703,-0.671,1.585,0.305,0.004,0.040,1.036,3,331
521984215,-0.671,1.585,0.305,0.004,0.040,1.036,3,331
521985699,-0.732,1.585,0.366,0.001,0.036,1.043,3,331
521986208,-0.732,1.402,0.427,-0.001,0.028,1.044,3,331
521987704,-0.915,1.646,0.061,0.010,0.023,1.010,3,331
521988219,-0.854,1.402,0.183,-0.029,0.042,1.011,3,331
521989702,-1.280,1.280,0.427,0.000,0.008,1.080,3,331
521990217,-1.280,1.280,0.427,0.000,0.008,1.080,3,331
521991700,-0.976,1.402,0.488,0.021,0.014,1.004,3,331
521992206,-1.280,1.524,0.671,-0.022,0.046,1.009,3,331
521993699,-1.220,1.341,0.549,0.034,0.021,1.057,3,331
521994212,-1.098,1.159,0.427,-0.031,0.005,1.069,3,331
521995699,-0.732,1.341,0.549,-0.003,0.014,1.015,3,331
521996207,-0.732,1.341,0.549,-0.003,0.014,1.015,3,331
521997699,-1.037,1.707,0.610,0.026,0.041,1.018,3,331
521998207,-1.037,1.707,0.610,0.026,0.041,1.018,3,331
521999699,-1.341,1.707,0.366,0.034,0.042,1.086,3,331
522000208,-1.341,1.585,0.488,-0.028,0.005,1.051,3,331
522001699,-1.524,1.585,0.366,-0.000,0.054,0.991,3,331
522002212,-0.915,1.463,0.549,-0.019,0.017,1.028,3,331
522003478,-1.037,1.463,0.427,0.009,0.021,1.032,3,331
522004639,-1.402,1.280,0.610,-0.007,0.031,1.032,3,341
522005609,-1.341,1.402,0.427,0.008,0.046,1.040,3,341
522006638,-1.220,1.585,0.000,-0.000,0.016,1.022,3,341
522007580,-0.854,1.463,0.122,-0.011,0.021,1.036,3,341
522008638,-0.793,1.585,0.610,-0.006,0.023,1.045,3,341
522009584,-0.976,1.524,0.671,0.007,0.021,1.044,3,341
522010638,-0.915,1.585,0.366,0.001,0.043,1.033,3,341
522011576,-0.976,1.585,0.549,0.004,0.018,1.037,3,341
522012638,-0.854,1.463,0.366,0.001,0.022,1.050,3,341
522013572,-0.915,1.585,0.305,-0.002,0.022,1.040,3,341
522014638,-1.220,1.524,0.122,0.020,0.029,1.000,3,341
522015568,-1.280,1.463,0.305,-0.022,0.028,1.017,3,341
522016638,-1.098,1.280,0.488,-0.009,0.007,1.069,3,341
522017584,-1.341,1.341,0.427,0.004,0.035,1.013,3,341
522018638,-1.159,1.159,0.549,0.012,0.018,1.008,3,341
522019568,-1.220,1.341,0.854,-0.023,0.055,1.037,3,341
522020638,-0.915,1.280,0.610,0.030,0.013,1.079,3,341
522021573,-1.037,1.707,0.610,-0.025,0.023,1.071,3,341
522022638,-0.915,1.646,0.610,0.033,0.046,0.995,3,341
522023572,-0.976,1.768,0.488,0.001,0.049,1.047,3,341
522024638,-1.037,1.524,0.610,0.009,0.013,1.104,3,341
522025645,-1.159,1.341,0.610,-0.039,0.032,1.030,3,341
522026172,-1.159,1.463,0.610,0.025,0.033,1.000,3,341
522027700,-1.341,1.585,0.488,-0.007,0.002,1.029,3,341
522028212,-1.341,1.768,0.366,-0.013,0.041,1.055,3,341
522029700,-1.220,1.220,0.244,0.004,0.041,0.999,3,341
522030210,-1.220,1.220,0.244,0.004,0.041,0.999,3,341
522031700,-1.159,1.341,0.366,0.015,0.015,1.037,3,341
522032207,-1.159,1.341,0.366,0.015,0.015,1.037,3,341
522033700,-0.793,1.524,0.610,0.011,0.021,1.045,3,341
522034210,-0.854,1.463,0.427,-0.020,0.039,1.019,3,341
522035700,-0.976,1.402,0.549,0.005,0.029,1.042,3,341
522036214,-0.976,1.585,0.366,0.001,0.007,1.043,3,341
522037700,-1.037,1.159,0.183,0.006,0.014,1.029,3,341
522038207,-1.037,1.159,0.183,0.006,0.014,1.029,3,341
522039700,-0.976,1.463,0.366,-0.016,0.034,1.068,3,341
522040211,-1.098,1.463,0.305,-0.000,0.025,1.047,3,341
522041700,-1.098,1.646,0.488,-0.001,0.021,0.996,3,341
522042211,-1.098,1.707,0.427,0.003,0.024,1.015,3,341
522043700,-0.854,1.524,0.488,-0.024,0.033,1.068,3,341
522044212,-0.854,1.524,0.488,-0.024,0.033,1.068,3,341
522045700,-1.037,1.280,0.610,-0.020,0.046,1.015,3,341
522046207,-1.341,1.220,0.610,0.034,0.035,1.049,3,341
522047700,-1.220,1.280,0.671,-0.023,0.012,1.070,3,341
522048211,-0.976,1.280,0.549,0.020,0.045,1.029,3,341
522049700,-0.854,1.463,0.732,-0.018,0.047,1.024,3,341
522050210,-0.854,1.463,0.732,-0.018,0.047,1.024,3,341
522051700,-0.854,1.585,0.427,-0.029,0.032,1.053,3,341
522052212,-0.854,1.585,0.427,-0.029,0.032,1.053,3,341
522053459,-0.793,1.524,0.793,0.005,0.004,1.023,3,341
522054639,-1.098,1.585,0.732,-0.018,0.046,1.048,3,351
522055605,-1.037,1.524,0.732,-0.010,0.017,1.064,3,351
522056638,-1.280,1.585,0.549,-0.000,0.032,0.998,3,351
522057585,-1.280,1.341,0.244,0.012,0.005,1.039,3,351
522058640,-0.976,1.159,0.366,-0.011,0.031,1.058,3,351
522059586,-0.854,1.402,0.244,0.025,0.023,1.042,3,351
522060640,-0.854,1.280,0.366,-0.016,0.035,1.028,3,351
522061575,-1.037,1.463,0.366,-0.003,0.032,1.053,3,351
522062640,-1.220,1.341,0.610,-0.009,0.011,1.048,3,351
522063575,-1.220,1.280,0.366,0.000,0.030,1.005,3,351
522064640,-1.280,1.341,0.244,0.016,0.021,1.056,3,351
522065579,-0.976,1.280,0.183,-0.002,0.029,1.076,3,351
522066640,-1.159,1.220,0.305,0.028,0.025,1.009,3,351
522067585,-1.402,1.585,0.671,-0.024,0.033,0.997,3,351
522068640,-1.098,1.768,0.854,0.016,0.019,1.050,3,351
522069571,-1.341,1.646,0.793,-0.005,0.016,1.076,3,351
522070640,-0.976,0.915,0.366,0.017,0.014,1.005,3,351
522071574,-0.854,1.037,0.366,-0.009,0.046,1.058,3,351
522072640,-0.976,1.402,0.427,0.025,0.014,1.083,3,351
522073579,-0.976,1.463,0.183,-0.025,0.040,1.038,3,351
522074640,-0.976,1.646,0.183,0.025,0.049,0.994,3,351
522075572,-0.854,1.463,0.671,-0.018,0.013,1.012,3,351
522076640,-1.280,1.646,0.488,-0.006,0.043,1.094,3,351
522077581,-1.402,1.524,0.488,0.010,-0.003,1.034,3,351
522078640,-1.341,1.402,0.366,-0.002,0.042,1.042,3,351
522079571,-1.402,1.341,0.305,0.010,0.008,1.044,3,351
522080640,-1.098,1.524,0.244,-0.022,0.037,1.003,3,351
522081576,-1.159,1.585,0.244,0.001,0.022,1.049,3,351
522082640,-1.220,1.524,0.305,-0.011,0.038,1.058,3,351
522083649,-1.341,1.341,0.427,-0.010,0.021,1.042,3,351
522084177,-1.159,1.280,0.427,-0.008,0.031,1.017,3,351
522085699,-0.915,1.341,0.183,0.009,0.019,1.056,3,351
522086209,-0.915,1.341,0.183,0.009,0.019,1.056,3,351
522087699,-0.793,1.463,0.305,0.006,0.019,1.016,3,351
522088211,-1.159,1.585,0.122,0.005,0.021,1.060,3,351
522089699,-1.220,1.524,0.122,-0.014,0.017,1.052,3,351
522090209,-1.098,1.341,0.183,0.009,0.027,1.012,3,351
522091699,-0.671,1.585,0.244,0.012,0.016,1.075,3,351
522092213,-0.671,1.585,0.244,0.012,0.016,1.075,3,351
522093699,-1.037,1.524,0.244,-0.004,0.032,1.004,3,351
522094212,-1.159,1.402,0.366,0.014,0.007,1.023,3,351
522095699,-1.341,1.524,0.427,-0.024,0.040,1.081,3,351
522096212,-1.037,1.341,0.305,0.027,0.004,1.017,3,351
522097699,-1.159,1.280,0.549,0.032,0.024,1.063,3,351
522098205,-1.159,1.280,0.549,0.032,0.024,1.063,3,351
522099699,-0.976,1.220,0.488,0.017,0.051,1.005,3,351
522100209,-0.976,1.220,0.488,0.017,0.051,1.005,3,351
522101699,-1.341,1.341,0.488,-0.014,0.046,1.062,3,351
522102205,-1.037,1.402,0.366,0.010,0.008,1.113,3,351
522103461,-1.037,1.341,0.305,-0.027,0.030,0.987,3,351
522104639,-0.854,1.402,0.305,0.024,-0.004,1.043,3,360
522105616,-1.402,1.159,0.244,-0.027,0.048,1.066,3,360
522106638,-1.341,1.159,0.366,0.002,0.015,1.015,3,360
522107585,-1.159,1.585,0.549,-0.004,0.042,1.047,3,360
522108638,-1.280,1.402,0.427,-0.013,0.006,1.044,3,360
522109568,-1.159,1.037,0.488,0.001,0.022,1.022,3,360
522110638,-0.854,0.976,0.488,0.001,0.030,1.022,3,360
522111641,-1.037,1.341,0.305,-0.022,0.039,1.037,3,360
522112165,-1.037,1.341,0.305,-0.022,0.039,1.037,3,360
522113701,-1.280,1.524,0.366,-0.000,0.024,1.052,3,360
522114213,-1.098,1.463,0.305,-0.013,0.013,1.061,3,360
522115701,-1.037,1.341,0.244,0.006,0.022,1.018,3,360
522116210,-1.037,1.646,0.488,-0.008,0.042,0.996,3,360
522117700,-1.098,1.463,0.244,-0.004,0.019,1.046,3,360
522118210,-1.098,1.524,0.427,-0.004,0.019,1.046,3,360
522119700,-0.793,1.585,0.427,0.011,0.021,1.044,3,360
522120212,-0.793,1.585,0.427,0.011,0.021,1.044,3,360
522121700,-0.976,1.159,0.488,0.020,0.004,0.997,3,360
522122218,-1.037,1.463,0.366,-0.029,0.056,1.023,3,360
522123700,-1.159,1.707,0.671,0.036,0.020,1.091,3,360
522124218,-1.159,1.707,0.732,-0.024,0.030,1.073,3,360
522125700,-1.159,1.402,0.610,-0.009,0.020,1.016,3,360
522126218,-1.159,1.402,0.610,-0.009,0.020,1.016,3,360
522127700,-1.159,1.220,0.610,0.004,0.008,1.028,3,360
522128207,-1.098,1.402,0.488,-0.014,0.039,1.062,3,360
522129700,-0.854,1.341,0.366,0.003,0.047,1.062,3,360
522130218,-1.098,1.159,0.244,-0.001,0.012,1.018,3,360
522131235,-1.220,1.220,0.488,-0.028,0.050,1.001,3,360
522132696,-1.341,1.524,0.793,-0.027,0.044,1.035,3,360
522133199,-1.341,1.524,0.793,-0.027,0.044,1.035,3,360
522134700,-1.037,1.220,0.305,-0.014,0.034,1.012,3,360
522135214,-0.976,1.463,0.488,0.017,0.025,1.045,3,360
522136698,-1.037,1.402,0.366,-0.006,0.018,1.023,3,360
522137203,-1.159,1.524,0.305,-0.015,0.035,1.056,3,360
522138700,-0.854,1.463,0.061,0.006,0.029,1.006,3,360
522139214,-0.854,1.463,0.061,0.006,0.029,1.006,3,360
522140697,-0.976,1.646,0.183,0.007,0.015,1.062,3,360
522141208,-0.976,1.646,0.183,0.007,0.015,1.062,3,360
522142700,-0.854,1.280,0.549,0.013,0.022,0.998,3,360
522143207,-1.159,1.707,0.549,-0.033,0.044,1.078,3,360
522144698,-1.280,1.585,0.427,0.032,0.007,1.023,3,360
522145202,-1.037,1.585,0.427,-0.034,0.029,1.000,3,360
522146700,-1.098,1.341,0.305,-0.012,0.031,1.062,3,360
522147210,-1.098,1.341,0.305,-0.012,0.031,1.062,3,360
522148698,-0.854,1.402,0.671,-0.016,0.015,1.042,3,360
522149202,-0.976,1.341,0.549,0.008,0.048,1.062,3,360
522150700,-0.732,1.280,0.366,0.018,0.006,1.023,3,360
522151243,-1.220,1.341,0.183,-0.006,0.046,1.008,3,360
522152503,-1.159,1.646,0.427,0.019,0.036,1.129,3,360
522153639,-0.549,1.341,0.427,-0.007,0.056,1.014,3,370
522154609,-0.671,1.463,0.488,0.027,-0.005,1.061,3,370
522155640,-1.037,1.280,0.488,-0.020,0.048,1.043,3,370
522156581,-1.220,1.159,0.488,0.008,0.015,1.030,3,370
522157641,-1.098,1.463,0.610,-0.009,0.035,1.046,3,370
522158578,-1.037,1.341,0.427,-0.008,0.015,1.035,3,370
522159641,-0.549,1.524,0.549,0.000,0.030,1.039,3,370
522160582,-0.671,1.585,0.427,0.007,0.006,1.065,3,370
522161641,-0.671,1.646,0.305,-0.011,0.041,1.004,3,370
522162573,-1.037,1.524,0.488,-0.007,0.019,1.057,3,370
522163641,-1.098,1.280,0.671,0.004,0.022,1.033,3,370
522164570,-0.732,1.402,0.610,-0.009,0.028,1.035,3,370
522165641,-0.976,1.280,0.549,-0.020,0.039,1.068,3,370
522166575,-0.976,1.280,0.610,0.026,0.012,0.975,3,370
522167641,-0.915,1.524,0.854,-0.028,0.045,1.044,3,370
522168574,-1.220,1.463,0.732,0.022,0.026,1.071,3,370
522169641,-1.280,1.280,0.549,-0.015,0.021,1.014,3,370
522170581,-1.280,1.463,0.488,0.003,0.045,1.058,3,370
522171642,-1.037,1.463,0.488,-0.023,0.020,1.062,3,370
522172574,-0.915,1.159,0.488,0.014,0.046,0.984,3,370
522173641,-1.037,1.524,0.366,0.012,0.045,1.077,3,370
522174573,-0.976,1.646,0.305,0.021,0.001,1.002,3,370
522175641,-1.341,1.524,0.366,-0.025,0.050,1.031,3,370
522176570,-1.098,1.646,0.488,0.020,0.035,1.125,3,370
522177641,-1.220,1.159,0.305,-0.017,0.003,0.983,3,370
522178573,-1.159,1.463,0.366,-0.016,0.067,1.057,3,370
522179641,-1.220,1.341,0.488,-0.021,0.031,1.011,3,370
522180578,-1.159,1.280,0.122,0.006,0.017,1.070,3,370
522181641,-1.646,1.524,0.488,-0.002,0.032,1.023,3,370
522182582,-1.220,1.463,0.671,0.011,0.024,1.039,3,370
522183642,-1.159,1.524,0.549,-0.006,0.029,1.032,3,370
522184570,-0.976,1.341,0.244,0.001,0.032,1.036,3,370
522185641,-1.280,1.524,0.305,0.008,0.023,1.023,3,370
522186647,-1.280,1.402,0.427,0.013,0.024,1.031,3,370
522187176,-1.280,1.402,0.427,0.013,0.024,1.031,3,370
522188699,-1.341,1.341,0.244,-0.006,0.028,1.051,3,370
522189209,-1.280,1.220,0.305,0.008,0.013,1.016,3,370
522190699,-1.341,1.402,0.122,-0.006,0.039,1.020,3,370
522191207,-1.159,1.646,0.305,0.020,0.018,1.093,3,370
522192699,-1.280,1.402,0.427,0.021,0.009,1.014,3,370
522193207,-1.280,1.402,0.427,0.021,0.009,1.014,3,370
522194699,-1.098,1.220,0.488,0.031,0.006,0.995,3,370
522195210,-1.098,1.220,0.488,0.031,0.006,0.995,3,370
522196699,-1.159,1.524,0.305,0.029,0.025,1.063,3,370
522197207,-1.280,1.280,0.427,-0.031,0.014,1.043,3,370
522198699,-1.220,1.463,0.366,0.018,0.048,1.012,3,370
522199210,-1.341,1.524,0.793,-0.009,0.010,1.106,3,370
522200726,-0.915,1.280,0.671,0.009,0.031,1.100,3,370
522201238,-0.915,1.280,0.671,0.009,0.031,1.100,3,370
522202503,-0.915,1.402,0.427,-0.005,0.051,1.048,3,370
522203638,-1.037,1.402,0.549,0.016,0.029,1.039,3,380
522204604,-1.280,1.585,0.488,-0.022,0.047,1.055,3,380
522205639,-0.854,1.524,0.488,-0.004,0.006,1.021,3,380
522206571,-0.854,1.768,0.671,-0.013,0.039,1.039,3,380
522207640,-0.854,1.220,0.183,-0.030,0.043,1.038,3,380
522208579,-0.915,1.402,0.366,-0.003,0.023,1.045,3,380
522209640,-1.220,1.402,0.488,0.002,0.038,1.017,3,380
522210571,-1.159,1.646,0.122,-0.011,0.016,1.051,3,380
522211639,-1.037,1.646,0.183,0.005,0.024,1.031,3,380
522212575,-1.037,1.402,0.366,0.002,0.022,1.036,3,380
522213640,-0.732,1.280,0.549,-0.015,0.023,1.044,3,380
522214571,-0.793,1.402,0.488,0.019,0.017,1.001,3,380
522215640,-1.037,1.646,0.549,-0.012,0.039,1.072,3,380
522216580,-1.037,1.463,0.671,0.028,0.006,1.021,3,380
522217640,-0.915,1.463,0.915,-0.028,0.031,1.044,3,380
522218571,-0.793,1.341,0.610,0.024,0.025,1.075,3,380
522219639,-0.976,1.037,0.732,-0.012,0.032,0.996,3,380
522220578,-1.037,1.220,0.427,0.021,0.053,1.052,3,380
522221640,-1.341,1.463,0.366,0.001,0.057,1.002,3,380
522222643,-1.463,1.646,0.366,0.014,0.008,1.095,3,380
522223169,-1.463,1.646,0.366,0.014,0.008,1.095,3,380
522224703,-0.915,1.463,0.427,0.020,0.035,1.039,3,380
522225215,-1.098,1.524,0.061,-0.010,-0.004,1.071,3,380
522226700,-0.976,1.707,0.183,0.022,0.016,1.042,3,380
522227207,-0.976,1.707,0.183,0.022,0.016,1.042,3,380
522228700,-0.976,1.585,0.305,0.006,0.013,1.033,3,380
522229211,-0.976,1.585,0.305,0.006,0.013,1.033,3,380
522230700,-1.159,1.524,0.244,0.006,0.009,1.020,3,380
522231212,-1.037,1.524,0.244,-0.018,0.033,1.056,3,380
522232700,-0.915,1.585,0.244,-0.002,0.017,1.027,3,380
522233218,-1.098,1.524,0.305,-0.001,0.045,1.026,3,380
522234705,-1.037,1.585,0.244,-0.003,0.037,1.004,3,380
522235218,-1.037,1.585,0.244,-0.003,0.037,1.004,3,380
522236703,-1.037,1.829,0.366,0.017,0.018,1.043,3,380
522237217,-0.915,1.768,0.427,-0.002,0.024,1.011,3,380
522238700,-1.098,1.768,0.366,0.012,0.024,1.063,3,380
522239214,-0.976,1.768,0.671,-0.011,0.045,1.035,3,380
522240700,-0.671,1.463,0.488,-0.014,0.047,1.089,3,380
522241212,-0.671,1.463,0.488,-0.014,0.047,1.089,3,380
522242700,-0.915,1.341,0.183,-0.034,0.036,1.069,3,380
522243212,-0.915,1.341,0.183,-0.034,0.036,1.069,3,380
522244700,-1.159,1.402,0.549,-0.032,0.009,1.060,3,380
522245213,-1.220,1.707,0.427,0.026,0.044,1.063,3,380
522246700,-1.159,1.463,0.915,-0.007,0.014,1.057,3,380
522247215,-1.463,1.280,0.732,0.004,0.042,0.985,3,380
522248700,-1.341,1.341,0.488,-0.019,0.004,0.959,3,380
522249210,-1.341,1.341,0.488,-0.019,0.004,0.959,3,380
522250700,-1.220,1.341,0.305,0.000,0.013,1.003,3,380
522251238,-1.098,1.463,0.061,-0.027,0.045,1.048,3,380
522252500,-1.159,1.341,0.000,0.004,0.007,1.043,3,380
522253638,-1.098,1.402,0.122,-0.014,0.042,1.021,3,390
522254595,-0.915,1.341,0.427,-0.003,0.023,1.021,3,390
522255640,-0.732,1.341,0.122,-0.000,0.025,1.038,3,390
522256579,-0.793,1.341,0.122,0.006,0.037,1.050,3,390
522257641,-1.098,1.402,0.244,-0.001,0.019,1.020,3,390
522258575,-0.854,1.646,0.488,0.004,0.032,1.064,3,390
522259641,-1.098,1.402,0.366,0.005,0.007,1.002,3,390
522260570,-1.159,1.524,0.183,-0.005,0.029,1.026,3,390
522261641,-1.098,1.341,0.122,-0.001,0.019,0.994,3,390
522262643,-0.793,1.951,0.183,0.006,0.033,1.074,3,390
522263170,-0.793,1.951,0.183,0.006,0.033,1.074,3,390
522264702,-0.915,1.524,0.244,0.002,0.029,1.018,3,390
522265213,-0.976,1.585,0.488,-0.019,0.011,1.062,3,390
522266699,-0.854,1.463,0.732,-0.002,0.055,1.030,3,390
522267211,-0.915,1.220,0.732,0.012,0.001,1.046,3,390
522268699,-1.098,1.159,0.244,0.042,0.016,1.000,3,390
522269205,-1.098,1.159,0.244,0.042,0.016,1.000,3,390
522270699,-1.341,1.220,0.793,0.027,0.046,0.983,3,390
522271210,-1.402,1.524,0.366,0.006,-0.011,1.136,3,390
522272699,-1.341,1.707,0.488,-0.031,0.058,0.970,3,390
522273211,-1.341,1.280,0.305,0.024,0.019,1.066,3,390
522274699,-1.585,1.402,0.366,-0.002,0.025,1.050,3,390
522275210,-1.585,1.402,0.366,-0.002,0.025,1.050,3,390
522276699,-0.915,1.829,0.427,-0.003,0.023,1.020,3,390
522277210,-0.915,1.829,0.427,-0.003,0.023,1.020,3,390
522278699,-1.098,1.402,-0.061,-0.013,0.021,1.020,3,390
522279205,-1.280,1.585,0.061,-0.001,0.046,1.046,3,390
522280704,-1.280,1.585,0.305,0.005,0.023,1.029,3,390
522281222,-1.037,1.646,0.122,-0.011,0.032,1.030,3,390
522282702,-0.915,1.463,0.305,0.003,0.010,0.989,3,390
522283216,-0.915,1.463,0.305,0.003,0.010,0.989,3,390
522284699,-1.098,1.220,0.305,0.011,0.019,1.022,3,390
522285207,-1.159,1.159,0.183,-0.003,0.035,1.027,3,390
522286699,-1.098,1.707,0.305,0.006,0.022,1.069,3,390
522287207,-1.220,1.707,0.244,-0.001,0.034,0.979,3,390
522288699,-1.159,1.402,0.488,-0.008,0.057,1.038,3,390
522289205,-1.159,1.402,0.488,-0.008,0.057,1.038,3,390
522290699,-1.341,1.280,0.610,-0.040,0.052,1.041,3,390
522291207,-1.098,1.463,0.610,0.048,0.012,1.003,3,390
522292699,-1.280,1.646,0.305,-0.035,0.021,1.128,3,390
522293213,-1.220,1.280,0.549,0.018,0.042,0.975,3,390
522294699,-1.098,1.524,0.610,-0.018,0.044,0.973,3,390
522295210,-1.098,1.524,0.610,-0.018,0.044,0.973,3,390
522296699,-1.098,1.280,0.671,-0.014,0.034,1.007,3,390
522297213,-1.098,1.280,0.671,-0.014,0.034,1.007,3,390
522298699,-1.037,1.402,0.366,-0.016,0.018,1.034,3,390
522299205,-0.854,1.402,0.183,-0.016,0.029,1.021,3,390
522300699,-0.854,1.524,0.366,0.004,0.039,1.054,3,390
522301235,-0.854,1.524,0.183,-0.007,0.017,1.011,3,390
522302483,-0.915,1.707,0.366,-0.012,0.040,1.051,3,390
522303639,-0.976,1.463,0.427,-0.015,0.024,1.032,3,399
522304607,-1.098,1.585,0.427,0.004,0.008,1.062,3,399
522305640,-1.159,1.707,0.427,-0.000,0.013,0.989,3,399
522306576,-1.402,1.768,0.427,0.003,0.032,1.076,3,399
522307640,-1.341,1.280,0.732,0.007,0.008,1.018,3,399
522308579,-1.280,1.402,0.488,-0.011,0.044,1.041,3,399
522309640,-1.098,1.220,0.488,-0.006,0.039,0.985,3,399
522310575,-1.341,1.159,0.427,-0.011,0.007,1.083,3,399
522311640,-1.341,1.280,0.610,-0.014,0.054,1.012,3,399
522312573,-1.220,1.524,0.732,0.025,0.016,1.065,3,399
522313639,-1.341,1.402,0.427,-0.035,0.035,1.002,3,399
522314575,-1.159,1.220,0.427,0.033,0.033,1.109,3,399
522315639,-0.915,1.220,0.793,-0.003,0.058,1.010,3,399
522316578,-1.159,1.402,0.427,0.016,0.002,1.083,3,399
522317639,-1.220,1.402,0.244,-0.016,0.031,0.996,3,399
522318575,-0.854,1.280,0.366,0.010,0.020,1.069,3,399
522319639,-1.098,1.341,0.488,-0.003,0.020,0.992,3,399
522320571,-0.854,1.341,0.427,-0.019,0.036,1.083,3,399
522321640,-0.732,1.341,0.305,-0.012,0.012,1.000,3,399
522322575,-0.854,1.280,0.305,-0.002,0.042,1.048,3,399
522323639,-1.220,1.159,0.305,-0.003,0.021,1.060,3,399
522324571,-1.280,1.585,0.183,-0.003,0.030,1.018,3,399
522325640,-1.098,1.524,0.671,0.015,0.028,1.039,3,399
522326577,-1.159,1.646,0.671,-0.002,0.019,1.044,3,399
522327640,-0.793,1.463,0.305,0.004,-0.003,0.987,3,399
522328570,-0.732,1.768,0.549,-0.015,0.031,1.079,3,399
522329640,-0.976,1.585,0.488,-0.012,0.037,1.089,3,399
522330571,-0.793,1.585,0.671,0.019,0.026,1.005,3,399
522331640,-0.915,1.585,0.549,-0.020,0.039,1.059,3,399
522332571,-1.037,1.463,0.610,0.022,0.029,1.039,3,399
522333640,-1.037,1.220,0.244,-0.043,0.022,1.045,3,399
522334579,-1.098,1.220,0.366,0.024,0.044,1.057,3,399
522335640,-1.098,0.976,0.549,-0.017,0.030,1.057,3,399
522336575,-1.402,1.341,0.610,-0.007,0.039,0.963,3,399
522337640,-1.585,1.585,0.732,0.008,0.009,1.095,3,399
522338575,-1.341,1.463,0.488,0.022,0.029,1.003,3,399
522339640,-0.976,1.402,0.610,-0.005,0.019,1.086,3,399
522340574,-1.159,1.220,0.305,-0.009,0.021,0.987,3,399
522341640,-1.159,1.341,0.427,0.002,0.034,1.078,3,399
522342580,-1.341,1.463,0.488,-0.021,0.018,0.992,3,399
522343640,-1.098,1.463,0.488,-0.021,0.010,0.991,3,399
522344571,-1.159,1.524,0.427,0.019,0.041,1.057,3,399
522345640,-1.037,1.280,0.366,0.000,0.020,1.021,3,399
522346575,-1.037,1.220,0.305,-0.012,0.025,1.038,3,399
522347640,-0.915,1.524,0.244,0.004,0.017,1.035,3,399
522348575,-1.037,1.524,0.549,-0.008,0.021,1.016,3,399
522349640,-1.098,1.220,0.549,-0.006,0.016,0.976,3,399
522350574,-1.098,1.463,0.549,0.015,0.042,1.091,3,399
522351640,-0.671,1.280,0.549,0.006,0.013,0.982,3,399
522352742,-0.610,1.585,0.488,-0.005,0.041,1.068,3,399
522353286,-0.915,1.402,0.488,-0.005,0.019,1.014,3,409
522354352,-1.220,1.707,0.671,0.000,0.041,1.050,3,409
522355638,-1.341,1.585,0.732,-0.004,0.012,1.041,3,409
522356570,-1.341,1.280,0.671,-0.032,0.058,1.021,3,409
522357640,-1.098,1.098,0.793,-0.039,0.022,1.003,3,409
522358576,-0.976,1.098,0.854,0.020,0.038,1.090,3,409
522359640,-1.037,1.585,0.671,-0.002,-0.007,0.999,3,409
522360570,-0.854,1.768,0.488,0.011,0.068,1.092,3,409
522361640,-0.854,1.220,0.488,0.012,0.009,0.968,3,409
522362567,-1.098,1.402,0.183,-0.012,0.027,1.086,3,409
522363640,-1.463,1.463,0.671,-0.005,0.023,1.089,3,409
522364583,-1.402,1.159,0.549,-0.029,0.033,0.999,3,409
522365640,-1.341,1.220,0.244,-0.016,0.018,1.087,3,409
522366571,-1.037,1.585,0.183,0.008,0.047,0.988,3,409
522367640,-0.793,1.524,0.366,0.014,0.034,1.072,3,409
522368586,-1.037,1.280,0.061,-0.005,0.022,0.975,3,409
522369640,-1.037,1.402,0.122,0.002,0.031,1.083,3,409
522370579,-1.159,1.524,0.122,-0.007,0.032,1.086,3,409
522371640,-1.159,1.220,0.122,-0.004,0.001,0.996,3,409
522372643,-1.220,1.463,0.305,0.014,0.040,1.065,3,409
522373170,-1.098,1.707,0.549,0.013,0.008,1.016,3,409
522374702,-0.854,1.707,0.427,-0.004,0.033,1.040,3,409
522375221,-0.854,1.646,0.427,-0.004,0.018,1.029,3,409
522376699,-0.854,1.585,0.366,0.009,0.029,1.041,3,409
522377208,-0.854,1.585,0.366,0.009,0.029,1.041,3,409
522378699,-0.976,1.524,0.732,0.015,0.039,1.085,3,409
522379208,-0.976,1.524,0.732,0.015,0.039,1.085,3,409
522380699,-1.098,1.280,0.427,-0.001,0.055,1.053,3,409
522381205,-1.463,1.220,0.183,0.003,0.010,1.044,3,409
522382706,-1.463,1.524,0.488,0.021,0.038,1.034,3,409
522383225,-1.463,1.159,0.549,-0.010,0.020,1.028,3,409
522384700,-1.098,1.402,0.427,-0.014,0.040,1.059,3,409
522385209,-1.098,1.402,0.427,-0.014,0.040,1.059,3,409
522386699,-0.976,1.280,0.793,-0.022,0.060,1.048,3,409
522387210,-1.037,1.220,0.610,-0.008,0.012,1.010,3,409
522388699,-1.159,1.280,0.183,0.002,0.049,1.059,3,409
522389213,-1.098,1.280,0.061,-0.011,0.020,1.010,3,409
522390699,-1.098,1.280,-0.122,-0.001,0.021,1.004,3,409
522391207,-1.098,1.280,-0.122,-0.001,0.021,1.004,3,409
522392707,-0.854,1.220,0.366,0.008,0.020,1.032,3,409
522393229,-1.037,1.159,0.305,-0.010,0.013,1.037,3,409
522394700,-1.037,1.463,0.183,0.028,0.020,1.012,3,409
522395212,-0.671,1.402,0.305,-0.006,0.029,1.027,3,409
522396699,-0.854,1.646,0.366,-0.013,0.028,1.030,3,409
522397212,-0.854,1.646,0.366,-0.013,0.028,1.030,3,409
522398699,-0.976,1.463,0.610,-0.008,0.039,1.048,3,409
522399208,-0.976,1.463,0.610,-0.008,0.039,1.048,3,409
522400699,-1.220,1.220,0.488,0.019,0.047,1.001,3,409
522401233,-1.341,1.341,0.427,-0.011,-0.000,1.058,3,409
522402501,-1.463,1.402,0.183,-0.017,0.054,1.031,3,409
522403638,-1.341,1.463,0.427,0.007,0.009,1.049,3,419
522404603,-1.098,1.585,0.488,0.006,0.021,1.047,3,419
522405638,-1.341,1.463,0.366,0.001,0.014,1.055,3,419
522406644,-1.098,1.402,0.305,-0.001,0.021,0.998,3,419
522407174,-0.854,1.341,0.366,-0.021,0.022,1.082,3,419
522408701,-1.098,1.463,0.244,-0.002,0.029,0.972,3,419
522409211,-1.098,1.585,0.183,-0.020,0.034,1.059,3,419
522410700,-0.976,1.463,0.488,0.006,0.039,1.096,3,419
522411207,-0.976,1.463,0.488,0.006,0.039,1.096,3,419
522412700,-1.159,1.280,0.244,0.001,0.021,1.091,3,419
522413212,-1.159,1.280,0.244,0.001,0.021,1.091,3,419
522414700,-1.220,1.585,0.183,0.015,0.012,1.067,3,419
522415214,-1.098,1.402,0.366,0.001,0.014,0.977,3,419
522416700,-0.793,1.402,0.549,0.010,0.016,1.083,3,419
522417211,-0.854,1.524,0.366,0.011,0.024,1.015,3,419
522418700,-0.854,1.463,0.610,-0.004,0.038,1.014,3,419
522419212,-0.854,1.463,0.610,-0.004,0.038,1.014,3,419
522420700,-0.915,1.280,0.610,-0.013,0.036,0.985,3,419
522421211,-0.854,1.220,0.610,-0.005,0.024,1.111,3,419
522422700,-0.976,1.098,0.305,0.000,0.021,0.997,3,419
522423212,-1.098,0.854,0.427,-0.001,0.049,1.089,3,419
522424708,-1.707,1.341,0.244,0.023,0.033,1.072,3,419
522425220,-1.707,1.341,0.244,0.023,0.033,1.072,3,419
522426702,-1.159,1.402,0.122,0.015,0.001,1.051,3,419
522427214,-1.098,1.341,0.488,-0.008,0.038,1.048,3,419
522428700,-1.341,1.524,0.427,-0.003,-0.008,0.995,3,419
522429207,-1.220,1.585,0.122,-0.026,0.054,1.076,3,419
522430700,-0.915,1.646,0.183,-0.003,0.053,1.063,3,419
522431219,-0.915,1.646,0.183,-0.003,0.053,1.063,3,419
522432700,-0.976,1.341,0.244,0.001,0.028,1.069,3,419
522433219,-0.976,1.341,0.244,0.001,0.028,1.069,3,419
522434700,-1.280,1.768,0.366,0.000,0.011,1.067,3,419
522435212,-1.159,1.707,0.366,0.012,0.010,1.023,3,419
522436700,-0.854,1.707,0.366,-0.001,0.010,1.050,3,419
522437211,-0.793,1.341,0.366,0.015,0.016,1.025,3,419
522438707,-0.610,1.280,0.610,-0.007,0.014,1.037,3,419
522439229,-0.610,1.280,0.610,-0.007,0.014,1.037,3,419
522440701,-1.159,1.402,0.610,0.003,0.016,1.060,3,419
522441208,-1.037,1.524,0.549,-0.014,0.049,1.000,3,419
522442700,-1.220,1.220,0.793,-0.015,0.026,1.104,3,419
522443212,-1.402,1.098,0.671,-0.001,0.015,0.984,3,419
522444706,-1.402,1.159,0.549,-0.009,0.008,0.993,3,419
522445222,-1.402,1.159,0.549,-0.009,0.008,0.993,3,419
522446702,-1.220,1.220,0.427,0.006,0.016,0.999,3,419
522447214,-1.220,1.220,0.427,0.006,0.016,0.999,3,419
522448700,-1.280,1.463,0.732,-0.006,0.036,1.036,3,419
522449219,-1.341,1.585,0.366,-0.013,-0.002,1.031,3,419
522450700,-1.098,1.707,0.610,-0.017,0.055,1.063,3,419
522451237,-1.037,1.463,0.610,-0.026,0.006,1.015,3,419
522452500,-1.098,1.585,0.427,0.003,0.049,1.058,3,419
522453639,-0.976,1.402,0.305,-0.001,0.033,1.060,3,429
522454605,-0.976,1.402,0.183,-0.014,0.038,1.006,3,429
522455638,-0.915,1.707,0.244,-0.004,0.013,1.043,3,429
522456584,-1.037,1.707,0.366,0.015,0.025,1.018,3,429
522457640,-1.159,1.402,0.488,-0.004,0.008,1.015,3,429
522458571,-0.915,1.280,0.488,0.011,0.017,1.035,3,429
522459640,-1.037,1.402,0.549,-0.000,0.023,1.059,3,429
522460593,-0.732,1.463,0.366,-0.007,0.055,0.984,3,429
522461640,-1.159,1.463,0.610,0.005,0.027,1.085,3,429
522462571,-1.159,1.280,0.610,-0.012,0.033,0.989,3,429
522463640,-0.915,1.280,0.244,-0.004,0.037,1.116,3,429
522464586,-1.098,1.341,0.488,0.000,0.012,0.984,3,429
522465640,-1.037,1.159,0.854,-0.002,0.011,1.048,3,429
522466576,-1.159,1.402,0.610,0.012,0.021,1.035,3,429
522467640,-1.220,1.402,0.732,0.024,0.021,1.080,3,429
522468579,-1.037,1.402,0.427,-0.006,0.006,0.992,3,429
522469640,-1.220,1.707,0.366,0.014,0.033,1.070,3,429
522470571,-1.341,1.768,0.427,-0.023,-0.006,1.021,3,429
522471640,-1.037,1.768,0.427,-0.006,0.041,1.026,3,429
522472571,-1.037,1.463,0.244,-0.003,0.042,1.031,3,429
522473640,-0.732,1.524,0.305,0.004,0.047,1.070,3,429
522474564,-1.037,1.280,0.061,0.003,0.033,0.995,3,429
522475640,-0.854,1.524,0.183,0.002,0.030,1.067,3,429
522476568,-1.037,1.585,0.122,0.000,0.010,1.007,3,429
522477640,-1.098,1.585,0.244,-0.006,0.000,1.039,3,429
522478574,-1.098,1.524,0.183,0.001,0.022,1.036,3,429
522479640,-1.037,1.341,0.427,0.021,0.041,1.062,3,429
522480646,-0.976,1.463,0.610,0.004,0.029,1.039,3,429
522481174,-0.976,1.463,0.610,0.004,0.029,1.039,3,429
522482699,-1.159,1.524,0.671,-0.019,0.057,0.994,3,429
522483212,-1.402,1.463,0.366,0.017,0.013,1.061,3,429
522484699,-1.646,1.341,0.488,-0.024,0.059,1.017,3,429
522485212,-1.524,1.280,0.305,-0.017,0.023,1.028,3,429
522486699,-1.280,1.037,0.610,-0.012,0.023,1.005,3,429
522487212,-1.280,1.037,0.610,-0.012,0.023,1.005,3,429
522488699,-1.220,1.585,0.488,0.014,0.037,1.012,3,429
522489212,-1.159,1.646,0.549,0.009,0.015,1.052,3,429
522490699,-0.793,1.585,0.610,0.000,0.015,1.049,3,429
522491205,-1.037,1.585,0.427,-0.036,0.019,1.025,3,429
522492699,-1.159,1.402,0.244,-0.011,0.046,1.016,3,429
522493213,-1.159,1.402,0.244,-0.011,0.046,1.016,3,429
522494699,-1.037,1.524,0.183,0.004,0.042,1.056,3,429
522495210,-0.976,1.768,0.366,0.001,0.026,1.012,3,429
522496699,-1.280,1.585,0.244,-0.002,0.027,1.042,3,429
522497208,-1.098,1.768,0.427,0.014,0.007,0.995,3,429
522498699,-0.915,1.768,0.610,0.013,0.028,0.986,3,429
522499212,-1.159,1.280,0.488,0.013,0.028,0.986,3,429
522500699,-0.976,1.524,0.610,0.009,0.025,1.029,3,429
522501235,-0.976,1.524,0.610,0.009,0.025,1.029,3,429
522502500,-1.098,1.707,0.915,0.000,0.040,1.090,3,429
522503639,-0.976,1.768,0.610,0.000,0.032,0.989,3,438
522504608,-1.220,1.463,0.549,-0.013,0.034,1.087,3,438
522505638,-1.402,1.037,0.488,0.002,0.012,1.009,3,438
522506580,-1.341,1.037,0.488,0.000,0.028,1.060,3,438
522507638,-1.341,1.037,0.488,-0.006,0.007,1.024,3,438
522508572,-1.463,1.220,0.305,0.010,0.039,1.086,3,438
522509638,-1.280,1.402,0.488,-0.002,0.005,1.024,3,438
522510584,-1.220,1.829,0.793,0.016,0.035,1.034,3,438
522511638,-0.976,1.707,0.549,-0.021,-0.001,1.052,3,438
522512572,-0.915,1.585,0.305,0.003,0.025,1.001,3,438
522513638,-0.732,1.341,0.610,0.006,0.026,1.034,3,438
522514575,-0.976,1.402,0.305,-0.003,0.033,1.045,3,438
522515638,-1.280,1.707,0.244,0.001,0.033,1.045,3,438
522516576,-1.341,1.768,0.244,-0.004,0.035,1.011,3,438
522517638,-1.280,1.829,0.244,0.004,0.026,1.061,3,438
522518572,-1.159,1.646,0.122,-0.018,0.005,0.998,3,438
522519638,-0.854,1.159,0.427,0.012,0.026,1.026,3,438
522520578,-0.671,1.220,0.427,0.018,0.024,1.024,3,438
522521638,-0.732,1.402,0.427,-0.006,0.047,1.075,3,438
522522576,-0.976,1.402,0.671,-0.002,0.018,0.991,3,438
522523638,-0.732,1.524,0.671,0.005,0.057,1.052,3,438
522524572,-0.915,1.402,0.793,-0.023,0.015,1.042,3,438
522525638,-0.915,1.646,0.610,-0.008,0.019,1.029,3,438
522526572,-1.037,1.402,0.427,-0.002,0.055,1.079,3,438
522527638,-1.220,1.280,0.610,0.009,0.027,1.074,3,438
522528580,-1.280,0.976,0.610,0.005,0.032,1.057,3,438
522529638,-0.976,1.159,0.427,0.010,0.009,1.020,3,438
522530568,-0.854,1.585,0.305,0.009,0.037,1.044,3,438
522531638,-0.793,1.524,0.427,-0.018,0.004,1.049,3,438
522532579,-1.037,1.707,0.488,-0.013,0.021,1.018,3,438
522533638,-0.915,1.463,0.427,0.007,0.025,1.037,3,438
522534580,-0.793,1.524,0.549,0.001,0.042,1.050,3,438
522535638,-0.915,1.402,0.427,0.001,0.029,1.039,3,438
522536649,-1.098,1.524,0.366,-0.010,0.035,1.010,3,438
522537170,-1.341,1.707,0.427,0.004,0.033,1.056,3,438
522538700,-1.463,1.646,0.305,-0.021,0.004,1.009,3,438
522539213,-1.463,1.585,0.305,0.009,0.024,1.044,3,438
522540700,-0.976,1.402,0.183,0.012,0.026,1.016,3,438
522541212,-0.976,1.402,0.183,0.012,0.026,1.016,3,438
522542700,-1.037,1.341,0.366,0.001,0.030,1.004,3,438
522543218,-0.732,1.585,0.427,0.005,0.059,1.024,3,438
522544700,-1.037,1.280,0.549,-0.013,0.022,1.060,3,438
522545207,-1.098,1.463,0.610,-0.010,0.017,1.029,3,438
522546700,-1.220,1.098,0.610,0.001,0.027,1.021,3,438
522547212,-1.220,1.098,0.610,0.001,0.027,1.021,3,438
522548700,-1.220,1.402,0.732,0.002,0.025,1.062,3,438
522549218,-1.220,1.402,0.732,0.002,0.025,1.062,3,438
522550243,-1.220,1.829,0.305,0.008,0.035,1.030,3,438
522551638,-1.098,1.646,0.305,-0.019,0.001,1.062,3,438
522552758,-0.976,1.402,0.122,-0.007,0.024,1.014,3,438
522553308,-0.671,1.463,0.122,-0.007,0.033,1.030,3,448
522554382,-0.610,1.524,0.244,0.011,0.026,1.029,3,448
522555638,-0.976,1.402,0.061,0.002,0.021,1.046,3,448
522556575,-0.915,1.524,0.183,-0.007,0.032,1.014,3,448
522557640,-0.793,1.829,0.061,0.007,0.027,1.038,3,448
522558571,-1.280,1.585,0.244,-0.031,0.020,1.024,3,448
522559640,-1.341,1.646,0.244,0.004,0.022,1.002,3,448
522560567,-0.915,1.524,0.549,0.012,0.041,1.055,3,448
522561640,-1.341,1.280,0.610,-0.004,0.048,1.047,3,448
522562575,-1.341,1.463,0.366,0.007,0.036,1.054,3,448
522563640,-1.098,1.585,0.305,0.014,0.035,1.000,3,448
522564572,-1.402,1.463,0.305,-0.015,0.035,1.069,3,448
522565640,-1.585,1.402,0.305,-0.009,0.004,1.032,3,448
522566573,-1.402,1.463,0.366,0.008,0.040,1.020,3,448
522567640,-1.037,1.280,0.488,-0.022,0.019,1.055,3,448
522568579,-0.915,1.585,0.549,0.006,0.039,1.056,3,448
522569640,-0.671,1.341,0.549,-0.012,0.012,1.052,3,448
522570584,-0.854,1.341,0.488,0.004,0.036,1.025,3,448
522571640,-0.854,1.646,0.488,-0.022,0.000,1.044,3,448
522572576,-0.671,1.524,0.427,-0.003,0.017,1.057,3,448
522573640,-0.549,1.280,0.488,0.002,0.039,1.037,3,448
522574573,-0.915,1.280,-0.244,0.009,0.028,1.057,3,448
522575640,-0.732,1.585,0.000,-0.009,0.022,1.020,3,448
522576567,-0.732,1.585,0.305,-0.008,0.041,1.017,3,448
522577640,-0.854,1.463,0.305,0.012,0.018,1.042,3,448
522578573,-1.159,1.524,0.244,-0.022,0.022,1.010,3,448
522579640,-1.220,1.524,0.366,0.010,0.021,1.041,3,448
522580568,-1.341,1.524,0.427,0.021,0.033,1.015,3,448
522581640,-0.976,1.341,0.488,0.011,0.033,1.049,3,448
522582571,-0.976,1.220,0.549,-0.004,0.054,1.040,3,448
522583640,-1.098,1.402,0.793,0.011,0.022,1.017,3,448
522584576,-1.280,1.463,0.610,-0.006,0.037,1.042,3,448
522585640,-1.341,1.402,0.366,-0.004,0.024,1.035,3,448
522586580,-1.280,1.707,0.549,0.007,0.022,1.049,3,448
522587640,-1.159,1.280,0.427,-0.019,0.023,1.031,3,448
522588579,-0.915,1.402,0.244,0.004,0.016,1.044,3,448
522589640,-0.854,1.402,0.305,-0.007,0.025,1.067,3,448
522590567,-0.793,1.341,0.305,-0.007,0.002,1.042,3,448
522591640,-0.915,1.402,0.366,-0.007,0.019,1.026,3,448
522592569,-0.732,1.524,0.427,-0.009,0.026,1.057,3,448
522593640,-0.915,1.402,0.305,0.021,0.015,1.034,3,448
522594567,-1.037,1.707,0.305,0.003,0.026,1.042,3,448
522595640,-1.159,1.402,0.183,-0.012,0.026,1.013,3,448
522596579,-0.854,1.646,0.061,0.011,0.025,1.037,3,448
522597640,-0.915,1.646,0.244,-0.022,0.019,1.031,3,448
522598571,-0.854,1.646,0.366,0.005,0.020,0.995,3,448
522599640,-0.915,1.646,0.488,0.003,0.033,1.059,3,448
522600571,-0.976,1.159,0.427,0.003,0.023,1.019,3,448
522601640,-1.037,1.280,0.610,-0.010,0.042,1.074,3,448
522602739,-1.159,1.402,0.732,-0.000,0.036,1.033,3,448
522603287,-1.159,1.402,0.732,-0.000,0.036,1.033,3,458
522604347,-1.280,1.220,0.305,-0.007,0.007,1.043,3,458
522605638,-1.341,1.402,0.610,0.011,0.037,1.025,3,458
522606568,-1.463,1.463,0.610,0.005,0.038,1.034,3,458
522607638,-1.220,1.341,0.427,-0.013,0.022,1.073,3,458
522608584,-1.341,1.707,0.610,-0.032,0.011,1.041,3,458
522609638,-1.098,1.524,0.427,0.023,0.023,1.049,3,458
522610572,-1.159,1.280,0.183,-0.016,0.021,1.055,3,458
522611638,-1.098,1.280,0.305,-0.012,0.011,1.025,3,458
522612579,-1.037,1.402,0.305,0.007,0.026,1.049,3,458
522613638,-1.220,1.402,0.427,0.006,0.033,1.041,3,458
522614580,-0.976,1.524,0.427,0.000,0.013,1.030,3,458
522615638,-0.976,1.585,0.488,0.015,0.034,1.040,3,458
522616579,-0.793,1.585,0.366,-0.003,0.012,1.018,3,458
522617638,-1.098,1.585,0.305,0.010,0.037,1.039,3,458
522618568,-1.280,1.463,0.671,0.001,0.030,1.025,3,458
522619638,-1.159,1.524,0.610,0.013,0.028,1.026,3,458
522620653,-1.280,1.524,0.671,-0.010,0.043,1.050,3,458
522621174,-1.098,1.402,0.732,-0.005,0.028,1.021,3,458
522622700,-1.220,1.220,0.427,0.001,0.038,1.070,3,458
522623213,-1.220,1.220,0.427,0.001,0.038,1.070,3,458
522624708,-1.646,1.280,0.305,0.004,0.043,1.037,3,458
522625227,-1.402,1.280,0.610,0.020,0.023,1.022,3,458
522626700,-1.341,1.098,0.610,-0.004,0.033,1.069,3,458
522627212,-1.280,1.220,0.427,0.005,0.030,1.043,3,458
522628700,-1.341,1.524,0.610,0.022,0.033,1.046,3,458
522629207,-1.341,1.524,0.610,0.022,0.033,1.046,3,458
522630700,-0.976,1.220,0.122,-0.005,0.012,1.033,3,458
522631210,-0.854,1.402,0.183,-0.000,0.038,1.044,3,458
522632700,-0.732,1.341,0.244,0.009,0.029,1.036,3,458
522633211,-0.488,1.585,0.122,-0.009,0.016,1.016,3,458
522634700,-0.610,2.073,0.305,0.000,0.021,1.029,3,458
522635210,-0.671,1.707,0.610,0.010,0.040,1.046,3,458
522636700,-0.976,1.646,0.610,0.004,0.033,1.027,3,458
522637212,-0.976,1.646,0.610,0.004,0.033,1.027,3,458
522638700,-0.915,1.341,0.793,0.017,0.016,1.019,3,458
522639218,-0.915,1.463,0.610,-0.017,0.048,1.035,3,458
522640700,-0.732,1.402,0.366,-0.004,0.031,1.032,3,458
522641218,-0.915,1.463,0.488,0.000,0.038,1.006,3,458
522642700,-1.585,1.402,0.549,-0.013,0.010,1.031,3,458
522643212,-1.585,1.402,0.549,-0.013,0.010,1.031,3,458
522644700,-1.524,1.280,0.793,0.014,0.017,1.000,3,458
522645212,-1.341,1.341,0.549,-0.011,0.029,1.055,3,458
522646700,-1.341,1.341,0.549,0.013,0.013,1.061,3,458
522647211,-1.402,1.524,0.366,-0.030,0.014,1.070,3,458
522648700,-1.098,1.402,0.366,-0.013,0.018,1.059,3,458
522649210,-1.098,1.402,0.366,-0.013,0.018,1.059,3,458
522650700,-0.549,1.707,0.305,0.010,0.042,1.042,3,458
522651239,-0.549,1.707,0.305,0.010,0.042,1.042,3,458
522652499,-1.037,1.585,0.427,-0.010,0.014,1.043,3,458
522653639,-0.854,1.768,0.610,0.001,0.028,1.022,3,468
522654681,-0.976,1.707,0.183,0.018,0.030,1.051,3,468
522655193,-1.037,1.524,0.549,-0.007,0.020,1.025,3,468
522656703,-0.915,1.646,0.366,0.003,0.041,1.043,3,468
522657221,-0.915,1.646,0.366,0.003,0.041,1.043,3,468
522658699,-1.159,1.341,0.427,-0.015,0.039,1.014,3,468
522659208,-1.159,1.524,0.610,-0.005,0.040,1.048,3,468
522660699,-1.098,1.646,0.610,0.011,0.020,1.038,3,468
522661212,-1.341,1.707,0.671,-0.001,0.043,1.026,3,468
522662704,-1.341,1.037,0.427,0.009,0.023,1.048,3,468
522663214,-1.341,1.037,0.427,0.009,0.023,1.048,3,468
522664702,-1.159,1.280,0.366,-0.031,0.019,1.002,3,468
522665216,-0.915,1.463,0.183,0.011,0.017,1.024,3,468
522666699,-0.854,1.463,0.244,-0.007,0.021,1.094,3,468
522667208,-0.671,1.402,0.122,-0.002,0.018,1.045,3,468
522668699,-0.915,1.829,0.244,0.006,0.017,1.017,3,468
522669208,-0.793,1.707,0.305,-0.016,0.025,1.042,3,468
522670699,-0.549,1.463,0.122,0.000,0.039,1.054,3,468
522671205,-0.549,1.463,0.122,0.000,0.039,1.054,3,468
522672700,-0.915,1.829,0.549,-0.008,0.029,1.037,3,468
522673221,-1.159,1.768,0.244,0.021,0.029,1.032,3,468
522674699,-1.098,1.951,0.122,-0.022,0.034,1.017,3,468
522675205,-1.098,1.585,0.427,0.012,0.020,1.038,3,468
522676699,-0.976,1.524,0.488,-0.016,0.036,1.032,3,468
522677207,-0.976,1.524,0.488,-0.016,0.036,1.032,3,468
522678699,-1.646,1.280,0.549,0.004,0.054,1.042,3,468
522679208,-1.159,1.585,0.488,-0.011,0.032,1.029,3,468
522680699,-1.037,1.463,0.488,-0.011,0.025,1.018,3,468
522681212,-1.037,1.220,0.671,-0.002,0.032,1.046,3,468
522682699,-1.220,1.098,0.549,-0.001,0.038,1.069,3,468
522683212,-1.220,1.098,0.549,-0.001,0.038,1.069,3,468
522684699,-1.098,1.524,0.427,-0.026,0.018,1.041,3,468
522685212,-1.098,1.524,0.427,-0.026,0.018,1.041,3,468
522686699,-0.915,1.341,0.549,-0.015,0.019,1.047,3,468
522687212,-0.915,1.220,0.610,0.009,0.010,1.037,3,468
522688699,-0.976,1.402,0.427,0.000,0.035,1.042,3,468
522689207,-1.220,1.524,0.488,-0.003,0.035,1.056,3,468
522690699,-0.793,1.829,0.610,-0.006,0.028,1.028,3,468
522691212,-0.793,1.829,0.610,-0.006,0.028,1.028,3,468
522692699,-0.854,1.402,0.488,-0.019,0.021,1.030,3,468
522693205,-1.098,1.707,0.427,0.006,0.026,1.011,3,468
522694699,-1.037,1.585,0.427,0.000,0.043,1.046,3,468
522695208,-1.098,1.341,0.488,0.008,0.013,1.020,3,468
522696700,-1.463,1.707,0.488,0.001,0.044,1.043,3,468
522697212,-1.463,1.707,0.488,0.001,0.044,1.043,3,468
522698699,-1.098,1.280,0.610,-0.006,0.055,1.036,3,468
522699212,-1.098,1.280,0.610,-0.000,0.016,1.031,3,468
522700726,-1.220,1.341,0.549,-0.016,0.022,1.023,3,468
522701234,-1.463,1.220,0.671,0.014,0.043,1.056,3,468
522702490,-1.402,1.646,0.549,-0.024,0.021,1.064,3,468
522703639,-1.037,1.524,0.488,0.011,0.006,1.048,3,477
522704603,-0.976,1.524,0.244,-0.011,0.009,1.052,3,477
522705638,-0.976,1.585,0.244,0.007,0.027,1.046,3,477
522706580,-0.793,1.646,0.000,0.002,0.015,1.034,3,477
522707638,-0.793,1.402,0.244,0.010,0.021,1.054,3,477
522708572,-0.732,1.463,0.183,0.001,0.035,1.073,3,477
522709638,-0.671,1.646,0.183,0.000,0.029,1.045,3,477
522710568,-0.793,1.890,0.427,-0.006,0.027,1.011,3,477
522711638,-0.549,1.463,0.427,-0.010,0.035,1.048,3,477
522712572,-0.732,1.524,0.488,-0.008,0.030,1.008,3,477
522713638,-1.159,1.646,0.061,0.024,0.028,1.032,3,477
522714584,-1.159,1.524,0.244,-0.002,0.043,1.050,3,477
522715638,-1.524,1.098,0.488,0.000,0.027,1.008,3,477
522716576,-1.463,1.402,0.366,-0.002,0.040,1.015,3,477
522717638,-1.646,1.280,0.488,0.003,0.021,1.018,3,477
522718579,-1.707,0.915,0.610,-0.010,0.022,1.049,3,477
522719638,-1.646,1.280,0.427,0.009,0.045,1.019,3,477
522720572,-1.463,1.341,0.488,-0.003,0.021,1.021,3,477
522721638,-1.341,1.341,0.305,-0.003,0.013,1.049,3,477
522722576,-1.341,1.098,0.122,-0.001,0.019,1.107,3,477
522723638,-1.220,1.707,0.122,0.000,0.030,1.022,3,477
522724567,-1.037,1.524,0.061,-0.010,0.024,1.031,3,477
522725638,-1.159,1.524,0.122,0.007,0.020,1.072,3,477
522726572,-0.854,1.585,0.427,-0.006,0.028,1.071,3,477
522727638,-0.732,1.646,0.122,0.010,0.019,1.025,3,477
522728568,-0.732,1.585,0.305,0.003,0.041,1.021,3,477
522729638,-0.793,1.707,0.366,-0.002,0.013,1.050,3,477
522730576,-1.098,2.012,0.427,-0.012,0.033,1.038,3,477
522731638,-1.280,1.585,0.183,0.018,0.013,1.026,3,477
522732583,-1.098,1.463,0.366,-0.004,0.039,1.062,3,477
522733638,-0.854,1.341,0.366,-0.006,0.040,1.006,3,477
522734568,-1.220,1.585,0.427,0.001,0.048,1.027,3,477
522735638,-1.341,1.707,0.610,-0.003,0.047,1.051,3,477
522736576,-1.341,1.280,0.671,-0.003,0.028,1.023,3,477
522737638,-1.280,1.402,0.488,0.002,0.036,1.028,3,477
522738572,-1.220,1.098,0.671,-0.003,0.017,1.013,3,477
522739638,-1.098,1.098,0.610,0.005,0.014,1.064,3,477
522740576,-0.976,1.341,0.305,-0.000,0.024,1.093,3,477
522741638,-1.280,1.402,0.366,-0.015,0.004,1.029,3,477
522742572,-1.341,1.951,0.244,0.001,0.023,1.023,3,477
522743638,-1.037,1.646,0.183,-0.001,0.018,1.032,3,477
522744647,-0.427,1.768,0.305,-0.002,0.028,1.070,3,477
522745174,-0.427,1.768,0.305,-0.002,0.028,1.070,3,477
522746700,-0.854,1.951,0.183,-0.003,0.042,1.014,3,477
522747210,-0.793,1.707,0.244,0.009,0.023,1.056,3,477
522748700,-0.976,1.829,0.244,-0.003,0.037,1.048,3,477
522749218,-1.037,1.829,0.610,-0.005,0.035,1.023,3,477
522750700,-1.280,1.524,0.244,-0.000,0.044,1.055,3,477
522751239,-1.280,1.524,0.244,-0.000,0.044,1.055,3,477
522752500,-1.463,1.402,0.671,-0.004,0.042,1.028,3,477
522753639,-1.585,1.402,0.488,-0.001,0.042,1.057,3,487
522754677,-1.280,1.098,0.427,-0.001,0.022,1.016,3,487
522755188,-1.341,1.037,0.427,-0.001,0.015,1.045,3,487
522756708,-1.768,1.159,0.488,0.007,0.038,1.049,3,487
522757226,-1.890,1.098,0.549,-0.008,0.010,1.003,3,487
522758699,-1.280,1.341,0.366,0.004,0.025,1.086,3,487
522759212,-1.280,1.341,0.366,0.004,0.025,1.086,3,487
522760699,-0.793,1.707,0.366,-0.005,0.021,1.033,3,487
522761208,-0.488,1.585,0.427,0.008,0.016,1.018,3,487
522762699,-0.366,1.585,0.427,-0.006,0.019,1.053,3,487
522763208,-0.488,1.585,0.671,0.012,0.020,1.069,3,487
522764699,-0.549,1.768,0.366,0.000,0.036,1.022,3,487
522765205,-0.549,1.768,0.366,0.000,0.036,1.022,3,487
522766701,-0.915,1.890,0.427,0.011,0.035,1.039,3,487
522767214,-0.915,1.890,0.427,0.011,0.035,1.039,3,487
522768699,-0.854,1.707,0.366,-0.000,0.031,1.028,3,487
522769205,-1.159,1.524,0.488,0.004,0.029,1.011,3,487
522770700,-1.280,1.280,0.671,-0.001,0.041,1.021,3,487
522771211,-1.646,1.220,0.793,0.002,0.030,1.042,3,487
522772699,-1.585,1.341,0.488,-0.005,0.030,1.011,3,487
522773205,-1.585,1.341,0.488,-0.005,0.030,1.011,3,487
522774699,-1.524,1.098,0.366,0.020,0.030,1.033,3,487
522775205,-1.646,0.976,0.305,-0.033,0.017,1.056,3,487
522776699,-1.402,1.159,0.427,-0.004,0.016,1.017,3,487
522777208,-1.341,1.402,0.427,0.025,0.005,1.050,3,487
522778699,-0.976,1.402,0.122,0.003,0.009,1.022,3,487
522779205,-0.976,1.402,0.122,0.003,0.009,1.022,3,487
522780699,-0.732,1.707,0.122,-0.004,0.030,1.050,3,487
522781211,-0.610,1.890,0.305,0.004,0.015,1.038,3,487
522782699,-0.305,2.073,0.366,-0.009,0.025,1.028,3,487
522783208,-0.305,1.829,0.427,0.012,0.033,1.042,3,487
522784699,-0.671,1.890,0.183,0.012,0.026,1.037,3,487
522785205,-0.671,1.890,0.183,0.012,0.026,1.037,3,487
522786699,-1.159,1.280,0.671,-0.015,0.029,1.011,3,487
522787208,-1.159,1.280,0.671,-0.015,0.029,1.011,3,487
522788699,-1.280,1.585,0.793,0.000,0.056,1.056,3,487
522789208,-1.280,1.524,0.732,-0.010,0.045,1.014,3,487
522790699,-1.341,1.707,0.793,-0.001,0.039,1.016,3,487
522791211,-1.707,1.463,0.915,0.006,0.019,1.026,3,487
522792707,-1.707,1.220,0.061,0.014,0.013,1.043,3,487
522793230,-1.707,1.220,0.061,0.014,0.013,1.043,3,487
522794699,-1.463,1.524,0.305,-0.018,0.023,1.042,3,487
522795208,-1.402,1.341,0.549,0.009,-0.014,1.032,3,487
522796699,-1.220,1.524,0.488,-0.010,0.021,1.032,3,487
522797208,-0.671,1.646,0.000,0.009,0.024,1.064,3,487
522798699,-0.488,1.890,0.427,0.002,0.024,1.049,3,487
522799207,-0.488,1.890,0.427,0.002,0.024,1.049,3,487
522800700,-0.488,1.463,0.366,-0.007,0.036,1.024,3,487
522801249,-0.793,1.829,0.427,0.008,0.028,1.050,3,487
522802501,-1.098,1.890,0.366,0.001,0.050,1.057,3,487
522803639,-0.854,1.524,0.305,-0.001,0.041,1.016,3,497
522804662,-1.037,1.585,0.122,0.020,0.028,1.022,3,497
522805180,-0.915,1.463,0.305,-0.002,0.042,1.041,3,497
522806703,-1.280,1.220,0.671,-0.001,0.037,1.034,3,497
522807210,-1.280,1.220,0.671,-0.001,0.037,1.034,3,497
522808700,-1.402,1.159,0.427,-0.007,0.027,1.001,3,497
522809212,-1.646,1.159,0.488,-0.010,0.011,1.031,3,497
522810700,-2.134,1.402,0.244,0.028,0.026,1.067,3,497
522811212,-1.829,1.280,0.549,-0.040,0.026,1.033,3,497
522812700,-1.220,1.463,0.427,0.016,0.007,1.048,3,497
522813212,-1.220,1.463,0.427,0.016,0.007,1.048,3,497
522814700,-0.854,1.402,0.305,0.000,0.005,1.035,3,497
522815211,-0.732,1.707,0.488,0.007,0.014,1.042,3,497
522816701,-0.793,1.890,0.366,-0.003,0.026,1.060,3,497
522817210,-0.671,1.707,0.122,0.001,0.028,1.035,3,497
522818700,-0.244,1.890,0.305,0.008,0.037,1.032,3,497
522819212,-0.244,1.890,0.305,0.008,0.037,1.032,3,497
522820700,-0.671,1.890,0.427,0.008,0.042,1.042,3,497
522821207,-0.671,1.890,0.427,0.008,0.042,1.042,3,497
522822700,-0.732,1.524,0.732,-0.019,0.045,1.031,3,497
522823212,-1.098,1.159,0.732,0.004,0.024,1.015,3,497
522824700,-1.037,1.280,0.793,0.003,0.050,1.021,3,497
522825210,-1.037,1.341,0.793,-0.013,0.064,1.054,3,497
522826700,-1.707,1.220,0.488,0.006,0.024,1.069,3,497
522827207,-1.707,1.220,0.488,0.006,0.024,1.069,3,497
522828700,-1.890,1.220,0.671,-0.021,0.022,0.990,3,497
522829210,-1.768,1.220,0.305,0.026,0.001,1.061,3,497
522830705,-1.463,1.037,0.061,-0.002,0.013,1.085,3,497
522831218,-1.463,1.280,0.244,-0.010,-0.003,1.046,3,497
522832703,-0.793,1.707,0.244,0.013,0.016,1.040,3,497
522833215,-0.793,1.707,0.244,0.013,0.016,1.040,3,497
522834700,-0.427,1.585,0.305,0.002,0.015,1.018,3,497
522835207,-0.427,1.585,0.305,0.002,0.015,1.018,3,497
522836700,-0.793,1.890,0.305,0.006,0.030,1.055,3,497
522837211,-0.610,1.707,0.488,-0.030,0.044,1.041,3,497
522838700,-0.610,1.768,0.427,0.005,0.036,1.023,3,497
522839212,-0.610,1.585,0.488,0.002,0.055,1.032,3,497
522840700,-1.220,1.098,0.793,0.001,0.027,1.023,3,497
522841212,-1.220,1.098,0.793,0.001,0.027,1.023,3,497
522842708,-1.159,1.159,0.732,-0.017,0.063,1.035,3,497
522843223,-1.220,0.915,0.671,-0.004,0.031,1.043,3,497
522844700,-1.646,0.976,0.610,0.005,0.023,1.069,3,497
522845210,-2.012,0.915,0.854,-0.011,0.034,1.012,3,497
522846700,-1.768,1.098,0.305,0.037,0.002,1.062,3,497
522847209,-1.768,1.098,0.305,0.037,0.002,1.062,3,497
522848700,-1.280,1.159,0.122,-0.012,0.006,1.054,3,497
522849207,-0.732,1.280,0.244,0.004,0.015,1.045,3,497
522850700,-0.793,1.646,0.488,0.005,0.010,1.041,3,497
522851241,-0.305,1.768,0.305,-0.011,0.016,1.046,3,497
522852500,0.000,1.890,0.122,0.005,0.015,1.017,3,497
522853639,-0.305,1.890,0.183,-0.010,0.042,1.061,3,507
522854608,-0.366,1.951,0.305,-0.023,0.043,1.045,3,507
522855638,-0.549,1.890,0.488,0.017,0.044,1.028,3,507
522856570,-0.488,1.646,0.610,0.004,0.059,1.038,3,507
522857640,-0.732,1.280,0.610,-0.020,0.042,1.023,3,507
522858579,-1.037,1.159,0.671,-0.009,0.033,1.019,3,507
522859640,-1.890,1.280,0.976,-0.008,0.061,1.048,3,507
522860579,-1.646,1.220,0.671,-0.014,0.021,1.022,3,507
522861640,-1.768,1.159,0.549,0.019,0.025,1.049,3,507
522862573,-1.951,1.159,0.488,-0.008,0.041,1.039,3,507
522863640,-1.951,0.976,0.549,-0.023,0.024,1.012,3,507
522864567,-1.951,0.793,0.244,0.033,-0.004,1.056,3,507
522865640,-1.768,1.220,0.000,-0.004,0.002,1.052,3,507
522866571,-1.463,1.341,-0.122,-0.012,-0.002,1.052,3,507
522867640,-0.976,1.768,0.305,0.009,0.004,1.054,3,507
522868571,-0.549,1.524,0.183,-0.012,0.015,1.058,3,507
522869640,-0.305,1.646,0.183,0.008,0.023,1.015,3,507
522870572,-0.061,1.646,0.305,0.025,0.019,1.036,3,507
522871640,-0.366,1.951,0.244,0.003,0.033,1.040,3,507
522872567,-0.427,1.951,0.366,-0.036,0.056,1.024,3,507
522873640,-0.610,1.951,0.610,0.018,0.041,1.049,3,507
522874579,-0.854,1.707,0.488,-0.020,0.057,1.062,3,507
522875640,-1.037,1.646,0.427,-0.007,0.054,0.984,3,507
522876575,-1.280,1.341,0.427,0.014,0.061,1.010,3,507
522877640,-1.463,1.402,0.549,-0.005,0.057,1.049,3,507
522878577,-1.585,1.341,0.854,-0.023,0.042,1.015,3,507
522879640,-1.890,1.159,0.549,0.015,0.019,1.038,3,507
522880571,-2.012,1.280,0.427,0.003,0.027,1.061,3,507
522881640,-1.707,1.037,0.549,0.016,-0.020,1.019,3,507
522882578,-1.768,1.463,0.671,0.010,-0.004,1.047,3,507
522883640,-1.463,1.402,0.488,-0.004,0.011,1.062,3,507
522884574,-1.341,1.585,0.488,-0.004,-0.001,1.028,3,507
522885640,-1.037,1.524,0.549,0.009,-0.011,1.035,3,507
522886649,-0.671,1.707,0.427,-0.001,0.007,1.027,3,507
522887176,-0.061,1.768,0.366,0.006,0.022,1.050,3,507
522888699,-0.061,1.646,0.427,0.009,0.030,1.037,3,507
522889205,-0.061,1.646,0.427,0.009,0.030,1.037,3,507
522890699,-0.427,1.646,0.366,-0.012,0.059,1.026,3,507
522891205,-0.671,1.524,0.427,0.011,0.030,1.021,3,507
522892699,-0.915,1.463,0.366,0.002,0.045,1.024,3,507
522893211,-0.976,1.402,0.549,-0.009,0.078,1.050,3,507
522894699,-1.463,1.280,0.488,0.001,0.037,1.032,3,507
522895212,-1.463,1.280,0.488,0.001,0.037,1.032,3,507
522896699,-2.134,0.976,0.610,-0.028,0.032,1.023,3,507
522897205,-2.317,1.220,0.732,0.023,0.019,1.034,3,507
522898699,-1.829,1.159,0.671,0.021,0.026,1.046,3,507
522899212,-1.890,0.976,0.488,-0.031,0.002,1.061,3,507
522900699,-1.585,1.037,0.366,0.016,-0.008,1.029,3,507
522901240,-1.585,1.037,0.366,0.016,-0.008,1.029,3,507
522902484,-0.915,1.585,0.183,-0.014,-0.017,1.044,3,507
522903638,-0.427,1.951,0.244,0.011,0.012,1.041,3,516
522904609,-0.122,1.646,0.244,0.023,0.023,1.048,3,516
522905638,-0.183,1.707,0.244,-0.026,0.031,1.060,3,516
522906576,-0.122,1.890,0.305,-0.017,0.034,1.036,3,516
522907638,-0.122,1.829,0.549,-0.011,0.057,1.032,3,516
522908579,-0.488,1.585,0.427,-0.020,0.044,1.003,3,516
522909638,-0.854,1.585,0.427,0.006,0.038,1.030,3,516
522910580,-0.976,1.341,0.427,0.021,0.059,1.065,3,516
522911638,-1.159,1.037,0.488,-0.021,0.062,1.040,3,516
522912650,-1.341,0.976,0.854,-0.020,0.053,1.048,3,516
522913173,-1.890,1.220,0.671,0.039,0.030,1.027,3,516
522914706,-1.951,0.854,0.793,-0.012,0.025,1.008,3,516
522915217,-1.951,0.854,0.793,-0.012,0.025,1.008,3,516
522916700,-1.829,1.341,0.244,-0.010,0.003,1.055,3,516
522917218,-1.524,1.402,0.427,-0.010,0.006,1.050,3,516
522918700,-1.341,1.524,0.549,0.001,-0.012,1.014,3,516
522919208,-1.159,1.646,0.549,0.014,-0.019,1.049,3,516
522920708,-0.183,1.463,0.244,-0.001,0.031,1.053,3,516
522921224,-0.183,1.463,0.244,-0.001,0.031,1.053,3,516
522922707,-0.061,1.829,0.183,0.004,0.042,1.034,3,516
522923224,-0.061,1.829,0.183,0.004,0.042,1.034,3,516
522924701,-0.366,1.707,0.305,-0.000,0.052,1.017,3,516
522925211,-0.549,1.463,0.488,0.020,0.035,1.021,3,516
522926701,-0.549,1.463,0.732,-0.009,0.055,1.034,3,516
522927206,-0.732,1.159,0.732,-0.012,0.067,1.035,3,516
522928700,-1.829,1.280,0.610,0.019,0.045,1.026,3,516
522929208,-1.829,1.280,0.610,0.019,0.045,1.026,3,516
522930700,-2.134,0.854,0.671,-0.011,0.036,1.037,3,516
522931212,-2.134,0.671,0.427,0.022,0.003,1.036,3,516
522932700,-2.134,1.220,0.305,0.004,0.022,1.028,3,516
522933213,-1.951,1.098,0.366,-0.025,0.009,1.069,3,516
522934700,-1.646,1.402,0.488,0.022,-0.014,1.049,3,516
522935210,-1.646,1.402,0.488,0.022,-0.014,1.049,3,516
522936700,-1.098,1.280,0.427,-0.007,0.001,1.043,3,516
522937207,-1.098,1.280,0.427,-0.007,0.001,1.043,3,516
522938700,-0.183,1.768,0.183,0.003,0.010,1.057,3,516
522939208,0.061,1.890,-0.061,-0.019,0.034,1.069,3,516
522940700,0.183,1.890,0.305,-0.019,0.049,1.029,3,516
522941210,0.244,1.829,0.610,0.009,0.034,1.018,3,516
522942700,-0.427,1.585,0.366,-0.013,0.067,1.060,3,516
522943212,-0.427,1.585,0.366,-0.013,0.067,1.060,3,516
522944700,-1.220,1.159,0.610,-0.001,0.038,1.040,3,516
522945212,-1.951,1.402,0.610,0.006,0.077,1.068,3,516
522946700,-2.012,0.976,0.793,-0.026,0.063,1.011,3,516
522947212,-2.012,0.976,0.610,0.020,0.024,1.024,3,516
522948700,-2.073,0.915,0.549,-0.024,0.028,1.071,3,516
522949210,-2.073,0.915,0.549,-0.024,0.028,1.071,3,516
522950726,-2.012,1.159,0.366,0.027,-0.012,1.040,3,516
522951238,-1.585,1.098,0.305,-0.000,-0.007,1.073,3,516
522952495,-1.098,1.220,0.427,-0.001,-0.013,1.056,3,516
522953639,-0.671,1.707,0.366,0.023,-0.010,1.002,3,526
522954684,-0.366,1.768,0.244,0.023,-0.001,1.065,3,526
522955212,0.122,1.524,0.427,-0.003,0.022,1.052,3,526
522956700,0.305,1.890,0.366,0.000,0.024,1.027,3,526
522957213,0.305,1.890,0.366,0.000,0.024,1.027,3,526
522958700,-0.122,1.951,0.793,-0.027,0.067,1.041,3,526
522959212,-0.305,1.646,0.732,-0.009,0.057,0.993,3,526
522960699,-0.427,1.402,0.732,0.007,0.059,1.031,3,526
522961208,-0.793,1.402,0.610,0.002,0.051,1.075,3,526
522962699,-1.463,1.098,0.610,-0.009,0.058,1.009,3,526
522963208,-1.463,1.098,0.610,-0.009,0.058,1.009,3,526
522964699,-2.256,1.159,0.366,0.005,0.038,1.040,3,526
522965205,-2.317,0.793,0.244,-0.028,0.024,1.035,3,526
522966699,-2.622,0.732,0.305,0.013,0.004,1.032,3,526
522967208,-2.378,0.915,0.305,0.022,-0.012,1.064,3,526
522968699,-1.280,1.402,0.061,-0.003,-0.013,1.030,3,526
522969208,-1.280,1.402,0.061,-0.003,-0.013,1.030,3,526
522970699,-0.610,1.890,0.305,0.014,-0.006,1.073,3,526
522971205,-0.610,1.890,0.305,0.014,-0.006,1.073,3,526
522972699,0.000,2.012,0.671,-0.003,0.020,1.003,3,526
522973205,0.122,2.134,0.610,0.014,0.023,1.032,3,526
522974699,0.122,2.134,0.427,-0.009,0.030,1.062,3,526
522975208,0.122,2.073,0.488,-0.030,0.069,1.053,3,526
522976699,-0.183,1.402,0.488,0.002,0.045,1.036,3,526
522977207,-0.183,1.402,0.488,0.002,0.045,1.036,3,526
522978699,-1.280,1.159,0.671,-0.022,0.086,1.047,3,526
522979212,-1.646,1.037,0.427,-0.017,0.061,1.007,3,526
522980699,-1.585,0.976,0.305,0.030,0.048,1.026,3,526
522981208,-1.829,0.976,0.244,0.007,0.046,1.045,3,526
522982699,-2.744,1.037,0.488,0.021,0.000,1.026,3,526
522983208,-2.744,1.037,0.488,0.021,0.000,1.026,3,526
522984699,-2.317,1.524,0.366,-0.033,-0.006,1.058,3,526
522985208,-1.768,1.524,0.366,0.008,-0.016,1.024,3,526
522986699,-1.280,1.524,0.427,0.044,-0.038,1.020,3,526
522987212,-0.732,1.829,0.427,0.005,-0.012,1.076,3,526
522988699,-0.061,1.890,0.366,-0.000,0.022,1.002,3,526
522989207,-0.061,1.890,0.366,-0.000,0.022,1.002,3,526
522990700,0.183,2.134,0.427,-0.022,0.021,1.072,3,526
522991203,0.183,2.134,0.427,-0.022,0.021,1.072,3,526
522992699,-0.183,1.707,0.549,-0.009,0.051,0.986,3,526
522993208,-0.366,1.585,0.366,0.008,0.046,1.034,3,526
522994699,-0.976,1.280,0.732,-0.003,0.080,1.057,3,526
522995212,-1.463,1.220,0.915,-0.015,0.083,1.046,3,526
522996699,-2.256,0.976,0.610,0.035,0.039,1.041,3,526
522997207,-2.256,0.976,0.610,0.035,0.039,1.041,3,526
522998699,-2.439,0.793,0.366,-0.017,0.029,1.048,3,526
522999208,-2.317,0.976,0.427,0.017,-0.005,1.019,3,526
523000699,-2.317,1.402,0.305,0.009,-0.009,1.065,3,526
523001236,-2.256,1.524,0.549,-0.018,-0.018,1.052,3,526
523002487,-2.012,1.524,0.366,-0.007,-0.014,1.029,3,526
523003639,-0.915,1.646,0.305,0.004,-0.009,1.075,3,536
523004614,-0.244,2.012,0.183,0.003,0.004,1.052,3,536
523005638,0.244,2.256,0.427,-0.006,0.018,1.000,3,536
523006572,0.244,2.195,0.549,-0.010,0.008,1.041,3,536
523007638,0.244,2.378,0.488,-0.014,0.015,1.065,3,536
523008572,0.244,2.195,0.610,-0.024,0.062,1.026,3,536
523009638,-0.488,1.341,0.244,-0.000,0.048,1.029,3,536
523010669,-0.366,1.098,0.427,0.004,0.072,1.044,3,536
523011192,-0.366,1.098,0.427,0.004,0.072,1.044,3,536
523012701,-1.220,0.793,0.427,0.002,0.080,1.002,3,536
523013214,-2.195,0.732,0.305,0.030,0.033,1.041,3,536
523014700,-2.500,0.915,0.366,0.018,0.051,1.056,3,536
523015207,-2.317,0.854,0.183,-0.004,0.037,1.062,3,536
523016700,-2.378,1.098,0.244,0.011,-0.019,1.044,3,536
523017212,-2.378,1.098,0.244,0.011,-0.019,1.044,3,536
523018712,-1.890,1.341,0.305,-0.006,-0.003,1.040,3,536
523019236,-1.159,1.280,0.061,0.022,-0.039,1.007,3,536
523020700,-0.854,1.890,0.122,0.020,-0.020,1.070,3,536
523021211,-0.488,1.829,0.366,0.004,0.000,1.066,3,536
523022701,0.122,2.073,0.488,-0.013,0.021,1.010,3,536
523023213,0.122,2.073,0.488,-0.013,0.021,1.010,3,536
523024700,0.244,1.829,0.427,-0.006,0.044,1.044,3,536
523025212,0.244,1.829,0.427,-0.006,0.044,1.044,3,536
523026700,0.000,1.402,0.610,-0.005,0.066,0.990,3,536
523027219,-0.366,1.159,0.488,0.001,0.059,1.047,3,536
523028700,-0.854,1.280,0.305,-0.004,0.091,1.043,3,536
523029219,-1.341,0.976,0.610,-0.012,0.097,1.041,3,536
523030700,-2.439,0.854,0.488,0.033,0.037,1.013,3,536
523031212,-2.439,0.854,0.488,0.033,0.037,1.013,3,536
523032700,-2.988,1.280,0.549,-0.021,0.012,1.088,3,536
523033212,-2.622,1.159,0.427,-0.004,-0.023,1.020,3,536
523034700,-2.500,1.646,0.183,0.010,-0.033,1.039,3,536
523035208,-2.134,1.646,-0.122,0.011,-0.031,1.068,3,536
523036700,-0.732,1.707,0.305,0.024,-0.015,0.996,3,536
523037219,-0.732,1.707,0.305,0.024,-0.015,0.996,3,536
523038700,0.122,2.195,0.671,-0.003,0.007,1.066,3,536
523039212,0.122,2.195,0.671,-0.003,0.007,1.066,3,536
523040700,0.549,2.073,0.549,-0.011,0.044,0.994,3,536
523041212,0.610,1.646,0.671,-0.001,0.031,1.021,3,536
523042705,0.549,1.585,0.549,-0.023,0.044,1.050,3,536
523043218,0.122,1.524,0.793,-0.021,0.106,1.047,3,536
523044703,-1.037,1.098,0.549,0.012,0.077,1.045,3,536
523045216,-1.037,1.098,0.549,0.012,0.077,1.045,3,536
523046700,-2.317,0.610,0.793,-0.021,0.078,1.069,3,536
523047213,-2.622,0.610,0.366,0.014,0.043,1.027,3,536
523048700,-2.805,0.671,0.549,0.010,0.002,0.983,3,536
523049219,-2.744,0.793,0.122,0.017,-0.016,1.072,3,536
523050700,-2.378,1.341,0.244,-0.004,-0.003,1.026,3,536
523051241,-2.378,1.341,0.244,-0.004,-0.003,1.026,3,536
523052491,-1.341,1.646,0.122,0.006,-0.032,1.083,3,536
523053639,-0.854,1.951,0.244,0.012,-0.007,1.053,3,546
523054617,-0.366,2.256,0.366,0.009,-0.005,1.017,3,546
523055638,0.000,2.500,0.610,-0.006,0.003,1.028,3,546
523056575,0.244,2.256,0.549,-0.000,0.004,1.060,3,546
523057640,0.488,1.890,0.549,-0.022,0.070,1.025,3,546
523058584,0.305,1.768,0.549,-0.019,0.072,0.994,3,546
523059640,-0.061,1.524,0.610,-0.003,0.062,1.048,3,546
523060571,-0.427,1.341,0.854,-0.006,0.102,1.042,3,546
523061640,-0.793,0.915,0.854,-0.006,0.115,1.025,3,546
523062579,-1.463,0.793,0.549,0.007,0.056,0.989,3,546
523063640,-2.134,0.854,0.244,0.026,0.042,1.015,3,546
523064578,-2.622,1.037,0.305,-0.019,0.030,1.085,3,546
523065640,-2.683,1.098,0.244,0.004,-0.014,1.009,3,546
523066580,-2.988,1.402,0.183,0.008,-0.040,1.030,3,546
523067640,-2.439,1.585,0.183,0.007,-0.033,1.083,3,546
523068577,-1.951,1.890,0.183,-0.007,-0.023,1.039,3,546
523069640,-1.463,1.768,0.122,0.025,-0.013,1.003,3,546
523070575,-0.854,1.707,0.000,0.021,-0.036,1.051,3,546
523071640,-0.183,2.073,0.488,-0.013,0.010,1.054,3,546
523072571,0.122,2.195,0.549,-0.019,0.042,1.008,3,546
523073640,0.366,2.012,0.671,-0.014,0.031,1.004,3,546
523074575,0.610,1.890,0.610,-0.019,0.047,1.051,3,546
523075640,0.305,1.524,0.488,-0.020,0.091,1.041,3,546
523076575,-0.427,1.098,0.854,-0.031,0.114,1.039,3,546
523077640,-1.463,0.854,0.488,0.030,0.054,1.026,3,546
523078583,-1.951,0.671,0.488,-0.012,0.078,1.081,3,546
523079640,-2.134,0.671,0.244,0.012,0.067,1.039,3,546
523080584,-2.134,0.915,0.122,-0.014,0.035,0.989,3,546
523081640,-2.439,0.793,-0.061,0.021,-0.022,1.026,3,546
523082588,-2.683,1.280,0.183,-0.004,-0.022,1.094,3,546
523083640,-2.439,1.524,0.122,0.001,-0.001,1.035,3,546
523084571,-2.134,1.524,0.000,0.018,-0.031,1.004,3,546
523085640,-0.732,1.890,0.244,0.019,-0.034,1.104,3,546
523086571,-0.366,2.256,0.427,-0.012,-0.009,1.052,3,546
523087640,-0.061,2.378,0.610,-0.009,0.009,1.004,3,546
523088572,0.427,2.500,0.671,0.001,0.008,1.008,3,546
523089640,0.549,2.439,0.427,-0.018,0.011,1.050,3,546
523090646,0.366,2.256,0.244,-0.028,0.063,1.050,3,546
523091173,0.549,1.768,0.488,-0.021,0.106,1.042,3,546
523092699,-0.610,1.159,0.671,-0.002,0.077,1.036,3,546
523093206,-0.610,1.159,0.671,-0.002,0.077,1.036,3,546
523094699,-1.829,0.427,0.610,-0.026,0.095,1.073,3,546
523095212,-2.439,0.427,0.549,0.014,0.074,1.009,3,546
523096699,-2.622,0.549,0.366,0.023,0.026,0.988,3,546
523097211,-2.744,1.159,0.366,0.019,-0.003,1.069,3,546
523098699,-2.561,1.341,-0.061,0.018,-0.007,1.005,3,546
523099212,-2.561,1.341,-0.061,0.018,-0.007,1.005,3,546
523100699,-1.890,1.524,0.000,0.021,-0.035,1.088,3,546
523101237,-1.463,2.012,0.122,-0.000,-0.021,1.070,3,546
523102510,-0.549,2.317,0.366,0.002,-0.020,1.021,3,546
523103639,0.000,2.195,0.366,-0.005,-0.010,0.998,3,556
523104603,0.427,2.195,0.366,0.008,-0.005,1.053,3,556
523105638,0.976,2.073,0.549,-0.035,0.063,1.037,3,556
523106572,0.732,1.951,0.671,-0.019,0.102,1.019,3,556
523107638,0.427,1.524,0.549,-0.020,0.065,1.002,3,556
523108572,-0.183,1.280,0.610,-0.007,0.078,1.049,3,556
523109638,-0.671,0.793,0.671,0.005,0.117,1.066,3,556
523110576,-1.220,0.549,0.610,-0.019,0.099,1.054,3,556
523111638,-2.256,0.549,0.183,0.032,0.031,1.042,3,556
523112572,-2.683,0.671,0.122,0.011,0.013,1.077,3,556
523113638,-2.927,0.854,0.061,0.004,0.027,1.070,3,556
523114575,-3.110,0.793,0.183,0.025,-0.015,0.991,3,556
523115638,-2.744,1.220,0.122,0.038,-0.061,1.040,3,556
523116580,-1.890,1.707,0.000,0.017,-0.045,1.097,3,556
523117638,-1.646,2.012,0.244,0.003,-0.021,1.040,3,556
523118580,-0.976,2.073,0.244,0.003,-0.028,1.002,3,556
523119638,0.183,2.378,0.488,-0.005,-0.015,1.070,3,556
523120577,0.244,2.195,0.732,-0.028,0.010,1.046,3,556
523121638,0.549,2.073,0.610,-0.039,0.065,1.039,3,556
523122572,0.671,1.707,0.549,-0.022,0.084,1.012,3,556
523123638,0.427,1.402,0.488,-0.025,0.057,1.000,3,556
523124576,0.122,1.159,0.549,-0.011,0.073,1.050,3,556
523125638,-1.280,0.793,0.549,-0.012,0.107,1.066,3,556
523126572,-1.768,0.427,0.610,0.015,0.067,0.982,3,556
523127638,-2.378,0.549,0.671,0.030,0.032,1.042,3,556
523128576,-2.622,0.854,0.366,0.012,0.021,1.061,3,556
523129638,-2.744,0.915,0.366,-0.001,0.050,1.077,3,556
523130633,-2.927,0.854,0.122,0.037,-0.027,0.982,3,556
523131152,-2.256,1.037,0.183,0.036,-0.063,1.044,3,556
523132702,-1.829,1.890,0.122,-0.003,-0.027,1.053,3,556
523133214,-1.829,1.890,0.122,-0.003,-0.027,1.053,3,556
523134700,-0.610,2.256,0.488,-0.006,-0.036,1.007,3,556
523135207,0.183,2.378,0.610,-0.009,-0.013,1.057,3,556
523136700,0.671,2.134,0.671,-0.028,0.002,1.058,3,556
523137210,0.976,1.951,0.671,-0.036,0.056,1.042,3,556
523138700,0.732,1.402,0.732,-0.021,0.075,0.989,3,556
523139210,0.732,1.402,0.732,-0.021,0.075,0.989,3,556
523140700,-0.488,1.220,0.793,0.004,0.113,1.046,3,556
523141212,-0.488,1.220,0.793,0.004,0.113,1.046,3,556
523142700,-1.585,0.671,0.305,-0.008,0.088,0.968,3,556
523143214,-2.561,0.671,0.244,0.029,0.028,1.000,3,556
523144700,-2.805,0.793,0.061,0.017,0.020,1.086,3,556
523145212,-3.232,0.915,0.366,-0.003,0.032,1.078,3,556
523146700,-3.049,1.341,0.244,0.037,-0.045,1.008,3,556
523147214,-3.049,1.341,0.244,0.037,-0.045,1.008,3,556
523148700,-1.768,2.073,0.244,0.002,-0.031,1.075,3,556
523149207,-1.280,2.256,0.244,0.004,-0.012,1.021,3,556
523150700,-0.793,2.317,0.244,-0.014,-0.020,1.000,3,556
523151246,-0.427,2.561,0.549,-0.010,-0.021,1.042,3,556
523152512,0.000,2.317,0.671,-0.019,-0.001,1.057,3,556
523153638,0.793,1.951,0.915,-0.022,0.092,1.043,3,565
523154688,0.976,1.585,0.671,-0.028,0.081,1.004,3,565
523155209,0.488,1.098,0.549,-0.001,0.062,1.016,3,565
523156705,0.000,1.037,0.549,0.008,0.101,1.044,3,565
523157214,-0.854,0.976,0.549,-0.017,0.104,1.081,3,565
523158702,-1.585,0.549,0.305,0.011,0.043,0.952,3,565
523159216,-2.256,0.427,0.366,0.011,0.043,0.952,3,565
523160699,-2.683,0.793,0.061,0.003,0.022,1.101,3,565
523161207,-2.683,0.793,0.061,0.003,0.022,1.101,3,565
523162699,-2.805,1.220,0.305,0.036,-0.023,0.989,3,565
523163208,-2.500,1.585,0.244,0.047,-0.060,1.048,3,565
523164699,-1.707,2.073,0.244,0.013,-0.039,1.104,3,565
523165212,-1.341,2.256,0.305,0.003,-0.043,1.041,3,565
523166699,-0.305,2.317,0.244,-0.012,-0.018,0.999,3,565
523167208,-0.305,2.317,0.244,-0.012,-0.018,0.999,3,565
523168699,0.610,1.951,0.732,-0.028,0.018,1.049,3,565
523169208,0.549,1.707,0.976,-0.026,0.074,1.053,3,565
523170699,0.549,1.463,0.854,-0.036,0.119,1.058,3,565
523171208,0.366,1.159,0.915,-0.023,0.096,0.968,3,565
523172699,-0.854,0.976,0.671,-0.005,0.090,1.113,3,565
523173208,-0.854,0.976,0.671,-0.005,0.090,1.113,3,565
523174699,-1.951,0.183,0.488,0.006,0.087,1.038,3,565
523175208,-1.951,0.183,0.488,0.006,0.087,1.038,3,565
523176699,-2.744,0.854,0.122,0.030,-0.004,1.086,3,565
523177208,-3.049,1.159,0.183,0.032,-0.004,1.083,3,565
523178699,-2.683,1.341,0.122,-0.003,0.000,1.040,3,565
523179208,-2.439,1.646,-0.183,0.036,-0.033,0.994,3,565
523180699,-1.646,2.378,0.305,0.008,-0.045,1.093,3,565
523181205,-1.646,2.378,0.305,0.008,-0.045,1.093,3,565
523182699,-0.122,2.561,0.244,-0.027,0.008,1.033,3,565
523183208,0.244,2.195,0.610,-0.033,0.020,1.020,3,565
523184699,0.427,1.951,0.732,-0.023,0.019,1.013,3,565
523185208,0.305,1.829,0.671,-0.016,0.031,1.049,3,565
523186699,0.183,1.402,0.671,-0.032,0.134,1.097,3,565
523187208,0.183,1.402,0.671,-0.032,0.134,1.097,3,565
523188699,-0.854,0.549,0.549,-0.016,0.075,0.924,3,565
523189212,-1.341,0.427,0.244,0.043,0.062,1.085,3,565
523190707,-2.256,0.488,0.305,-0.004,0.073,1.086,3,565
523191230,-2.683,0.671,0.244,0.006,0.059,1.046,3,565
523192705,-3.049,0.732,0.183,0.060,-0.048,1.069,3,565
523193222,-3.110,1.098,0.183,0.060,-0.048,1.069,3,565
523194699,-2.134,2.073,0.000,0.007,-0.027,1.038,3,565
523195213,-2.134,2.073,0.000,0.007,-0.027,1.038,3,565
523196699,-1.463,2.500,0.244,-0.005,-0.045,1.011,3,565
523197205,-0.671,2.439,0.366,-0.014,-0.047,1.058,3,565
523198699,0.061,2.500,0.488,-0.014,-0.021,1.056,3,565
523199205,0.610,2.378,0.793,-0.022,0.024,1.048,3,565
523200725,0.671,1.585,0.854,-0.036,0.062,1.003,3,565
523201234,0.671,1.585,0.854,-0.036,0.062,1.003,3,565
523202491,0.122,0.793,0.854,-0.005,0.098,1.059,3,565
523203638,-0.366,0.671,0.793,-0.009,0.098,1.070,3,575
523204603,-1.037,0.610,0.549,-0.034,0.117,1.046,3,575
523205638,-1.341,0.183,0.183,0.017,0.055,0.933,3,575
523206580,-2.195,0.427,0.122,0.036,0.017,1.048,3,575
523207638,-2.866,0.915,0.244,0.038,0.039,1.059,3,575
523208576,-2.744,1.037,0.244,0.040,-0.014,0.981,3,575
523209638,-2.500,1.707,-0.122,0.034,-0.038,1.022,3,575
523210572,-2.378,2.256,0.122,0.022,-0.041,1.073,3,575
523211638,-1.707,2.256,0.305,0.001,-0.032,1.059,3,575
523212639,-1.341,2.561,0.244,-0.027,-0.029,1.034,3,575
523213157,-0.488,2.439,0.610,-0.020,-0.009,1.005,3,575
523214702,0.366,2.134,0.976,-0.021,0.000,1.030,3,575
523215216,0.366,2.134,0.976,-0.021,0.000,1.030,3,575
523216701,0.610,1.524,0.854,-0.037,0.088,1.038,3,575
523217216,0.122,1.280,0.732,-0.030,0.116,1.044,3,575
523218700,-0.061,0.915,0.915,-0.005,0.081,0.973,3,575
523219212,-0.671,0.427,0.854,-0.010,0.063,0.985,3,575
523220695,-1.829,0.183,0.549,-0.007,0.096,1.084,3,575
523221200,-1.829,0.183,0.549,-0.007,0.096,1.084,3,575
523222700,-2.317,0.549,0.122,0.042,0.012,0.972,3,575
523223212,-2.378,0.854,0.244,0.063,-0.023,1.079,3,575
523224700,-2.195,1.402,0.183,0.025,-0.016,1.101,3,575
523225212,-2.317,1.768,0.061,0.009,-0.016,1.027,3,575
523226700,-2.134,2.317,0.061,0.019,-0.023,1.002,3,575
523227207,-1.646,2.622,0.183,0.002,-0.042,1.008,3,575
523228700,-0.122,2.683,0.427,-0.012,-0.025,1.045,3,575
523229212,-0.122,2.683,0.427,-0.012,-0.025,1.045,3,575
523230700,0.610,2.012,1.098,-0.034,0.059,1.028,3,575
523231209,0.549,1.585,0.915,-0.053,0.078,1.043,3,575
523232700,0.610,1.098,0.854,-0.032,0.047,0.976,3,575
523233207,0.488,0.732,0.671,-0.005,0.080,0.984,3,575
523234700,-0.488,0.305,0.305,-0.019,0.111,1.088,3,575
523235210,-0.488,0.305,0.305,-0.019,0.111,1.088,3,575
523236700,-1.951,0.244,0.366,0.031,0.021,0.956,3,575
523237212,-2.500,0.671,-0.244,0.031,0.022,1.086,3,575
523238700,-2.500,0.915,-0.122,0.051,0.022,1.098,3,575
523239210,-2.622,1.220,-0.183,0.017,0.021,1.053,3,575
523240700,-2.073,2.134,0.061,0.036,-0.037,1.027,3,575
523241212,-2.073,2.134,0.061,0.036,-0.037,1.027,3,575
523242700,-0.915,2.500,0.549,-0.027,-0.041,1.058,3,575
523243212,-0.915,2.500,0.549,-0.027,-0.041,1.058,3,575
523244700,-0.244,2.683,0.488,-0.039,0.021,1.040,3,575
523245209,0.244,2.073,0.610,-0.040,0.043,1.034,3,575
523246700,0.488,1.829,0.854,-0.042,0.035,0.947,3,575
523247212,0.427,1.829,0.549,-0.035,0.040,1.021,3,575
523248700,0.061,1.037,0.549,-0.022,0.100,1.098,3,575
523249209,0.061,1.037,0.549,-0.022,0.100,1.098,3,575
523250700,-0.915,0.244,0.183,0.019,0.051,0.925,3,575
523251232,-1.890,0.183,0.183,0.040,0.030,1.048,3,575
523252485,-2.317,0.427,0.244,0.028,0.053,1.124,3,575
523253639,-2.561,0.549,0.061,0.035,0.035,1.054,3,585
523254609,-2.622,0.915,0.061,0.051,0.000,0.984,3,585
523255638,-2.195,1.829,-0.244,0.025,-0.042,1.059,3,585
523256576,-1.646,2.500,0.122,0.006,-0.016,1.074,3,585
523257640,-1.402,2.866,0.366,-0.021,-0.024,1.032,3,585
523258575,-0.976,2.805,0.610,-0.014,-0.010,1.027,3,585
523259640,-0.488,2.805,0.488,-0.035,0.003,1.034,3,585
523260571,0.183,2.378,0.610,-0.040,0.011,1.009,3,585
523261640,0.183,1.463,0.732,-0.043,0.058,1.019,3,585
523262580,0.305,1.646,0.732,-0.035,0.120,1.161,3,585
523263640,0.305,1.280,0.671,-0.030,0.104,1.040,3,585
523264575,-0.183,0.732,0.488,-0.035,0.081,0.931,3,585
523265640,-0.793,0.183,0.122,0.042,0.033,0.961,3,585
523266569,-1.463,0.183,0.122,0.019,0.054,1.137,3,585
523267640,-2.134,0.122,0.244,-0.000,0.081,1.098,3,585
523268576,-2.378,0.915,-0.183,0.072,-0.008,0.969,3,585
523269640,-2.195,1.463,-0.183,0.062,-0.024,1.069,3,585
523270659,-2.195,1.951,-0.061,0.017,-0.024,1.060,3,585
523271178,-1.890,2.500,0.061,0.007,-0.008,1.065,3,585
523272706,-1.829,2.744,0.000,-0.009,-0.023,1.014,3,585
523273226,-1.463,2.622,0.305,-0.014,-0.007,1.017,3,585
523274699,-0.122,2.256,0.488,-0.030,-0.008,0.987,3,585
523275212,-0.122,2.256,0.488,-0.030,-0.008,0.987,3,585
523276699,0.183,1.707,0.732,-0.044,0.048,1.068,3,585
523277207,0.183,1.707,0.732,-0.044,0.048,1.068,3,585
523278699,0.000,1.098,0.793,-0.047,0.094,0.989,3,585
523279205,-0.244,0.427,0.488,-0.031,0.084,0.938,3,585
523280696,-0.854,0.427,0.427,0.021,0.019,0.983,3,585
523281208,-1.463,0.305,0.366,0.015,0.054,1.134,3,585
523282699,-1.829,0.244,-0.061,0.051,0.048,1.017,3,585
523283208,-1.829,0.244,-0.061,0.051,0.048,1.017,3,585
523284699,-2.073,1.098,-0.061,0.064,-0.028,1.070,3,585
523285208,-2.134,1.829,0.122,0.022,-0.023,1.046,3,585
523286699,-1.524,2.439,0.000,0.013,-0.013,1.075,3,585
523287213,-1.402,2.683,0.061,-0.005,-0.025,1.024,3,585
523288699,-0.610,2.866,0.732,-0.019,-0.009,1.023,3,585
523289207,-0.610,2.866,0.732,-0.019,-0.009,1.023,3,585
523290699,0.061,2.195,0.915,-0.045,0.006,1.008,3,585
523291212,0.061,2.195,0.915,-0.051,0.051,1.079,3,585
523292699,0.366,1.585,0.793,-0.036,0.103,1.161,3,585
523293208,0.000,1.159,0.610,-0.049,0.105,0.999,3,585
523294699,-0.610,0.488,0.549,-0.039,0.080,0.929,3,585
523295211,-0.976,0.122,0.305,0.022,0.016,0.968,3,585
523296694,-1.768,0.244,0.244,0.010,0.066,1.120,3,585
523297211,-1.768,0.244,0.244,0.010,0.066,1.120,3,585
523298699,-2.378,0.854,-0.061,0.073,-0.002,0.979,3,585
523299208,-2.012,1.402,0.061,0.058,-0.027,1.054,3,585
523300699,-1.890,1.951,0.122,0.033,-0.024,1.046,3,585
523301238,-1.524,2.561,0.000,0.020,-0.010,1.077,3,585
523302497,-1.402,2.683,0.244,-0.006,-0.016,1.036,3,585
523303639,-0.305,3.110,0.671,-0.027,-0.005,1.021,3,595
523304607,0.183,2.561,0.488,-0.035,0.004,0.992,3,595
523305638,-0.061,2.256,0.732,-0.033,0.011,0.986,3,595
523306572,0.061,1.951,0.915,-0.058,0.039,1.049,3,595
523307638,0.305,1.829,0.610,-0.032,0.094,1.179,3,595
523308574,0.061,1.159,0.610,-0.053,0.105,1.040,3,595
523309638,-0.915,0.183,0.366,0.027,0.020,0.952,3,595
523310568,-1.524,0.244,0.183,0.026,0.043,1.102,3,595
523311638,-2.012,-0.183,0.244,0.021,0.068,1.131,3,595
523312572,-2.256,0.122,0.244,0.037,0.050,1.034,3,595
523313638,-2.073,0.488,0.244,0.048,0.009,0.983,3,595
523314572,-2.073,1.220,0.183,0.076,-0.032,1.022,3,595
523315638,-1.768,2.683,-0.061,0.021,-0.015,1.066,3,595
523316579,-1.220,2.805,0.427,-0.002,-0.025,1.038,3,595
523317638,-0.915,2.988,0.427,-0.030,-0.026,1.046,3,595
523318577,-0.488,2.744,0.671,-0.032,-0.013,1.048,3,595
523319638,-0.122,2.561,0.915,-0.050,0.019,1.017,3,595
523320579,0.000,2.134,0.976,-0.038,0.021,0.929,3,595
523321638,-0.061,1.768,0.854,-0.046,0.037,0.959,3,595
523322568,-0.183,1.524,0.732,-0.015,0.075,1.124,3,595
523323638,-0.732,0.732,0.427,-0.046,0.109,1.037,3,595
523324580,-1.037,0.061,0.610,0.021,0.040,0.949,3,595
523325638,-1.707,0.061,0.244,0.022,0.032,0.973,3,595
523326576,-1.890,0.305,0.000,0.024,0.044,1.115,3,595
523327638,-1.890,0.610,0.122,0.039,0.033,1.104,3,595
523328576,-2.134,0.793,0.061,0.051,0.030,1.042,3,595
523329638,-2.195,1.890,0.061,0.052,-0.031,1.016,3,595
523330580,-1.768,2.439,0.061,0.016,-0.030,1.035,3,595
523331638,-1.402,2.805,-0.183,-0.011,-0.022,1.061,3,595
523332584,-0.854,3.049,0.244,-0.016,-0.015,1.047,3,595
523333638,-0.732,2.683,0.488,-0.035,-0.003,1.050,3,595
523334583,-0.061,2.683,0.610,-0.032,0.039,1.112,3,595
523335638,0.061,2.134,0.732,-0.071,0.056,0.998,3,595
523336576,-0.122,1.402,1.037,-0.027,0.062,0.981,3,595
523337638,-0.366,1.280,1.037,-0.031,0.052,1.111,3,595
523338580,-0.732,0.549,0.549,-0.030,0.095,1.156,3,595
523339638,-1.098,-0.061,0.366,-0.012,0.076,1.026,3,595
523340576,-1.585,-0.122,0.366,0.014,0.054,0.942,3,595
523341638,-2.195,-0.122,0.305,0.044,0.033,0.974,3,595
523342580,-2.622,0.549,0.305,0.078,0.004,1.120,3,595
523343638,-2.073,1.220,-0.061,0.049,0.017,1.062,3,595
523344576,-2.073,1.646,0.061,0.058,-0.012,0.969,3,595
523345638,-1.829,2.561,0.488,0.028,-0.014,1.036,3,595
523346574,-1.280,3.171,0.366,-0.006,-0.029,1.020,3,595
523347638,-1.098,3.049,0.427,-0.037,-0.010,1.005,3,595
523348572,-0.488,2.622,0.549,-0.037,-0.015,0.992,3,595
523349638,0.000,2.195,0.793,-0.055,0.042,1.185,3,595
523350575,0.122,1.890,0.793,-0.071,0.099,1.082,3,595
523351638,0.000,1.220,0.610,-0.045,0.096,0.909,3,595
523352738,-0.366,0.854,0.549,-0.021,0.050,0.917,3,595
523353283,-0.915,0.610,0.427,0.010,0.040,1.041,3,604
523354330,-1.341,0.305,0.305,0.009,0.047,1.163,3,604
523355638,-1.585,-0.183,0.061,-0.002,0.061,1.084,3,604
523356567,-1.768,0.000,0.244,0.021,0.050,0.993,3,604
523357640,-2.012,0.793,0.183,0.075,-0.021,1.079,3,604
523358579,-2.134,1.402,0.061,0.045,-0.010,1.075,3,604
523359640,-2.012,1.951,-0.244,0.040,-0.001,1.062,3,604
523360643,-1.951,2.500,0.000,-0.000,-0.008,1.021,3,604
523361155,-1.037,2.988,0.427,0.004,-0.033,1.038,3,604
523362704,-0.427,2.927,0.732,-0.040,-0.002,1.053,3,604
523363217,-0.061,2.378,0.488,-0.053,-0.003,0.980,3,604
523364699,0.366,2.073,0.854,-0.053,0.028,0.988,3,604
523365207,0.366,2.073,0.854,-0.053,0.028,0.988,3,604
523366699,-0.183,1.280,0.366,-0.055,0.100,1.183,3,604
523367212,-0.549,0.610,0.488,-0.052,0.095,1.050,3,604
523368699,-1.159,0.122,0.244,0.005,0.064,0.937,3,604
523369208,-1.707,-0.244,0.549,0.029,0.039,0.962,3,604
523370699,-2.134,0.183,0.061,0.049,0.040,1.112,3,604
523371205,-2.134,0.183,0.061,0.049,0.040,1.112,3,604
523372699,-1.951,0.854,0.122,0.063,-0.010,0.983,3,604
523373205,-1.707,1.646,0.061,0.060,-0.023,1.032,3,604
523374699,-1.463,2.500,0.244,0.038,-0.021,1.033,3,604
523375208,-1.341,2.988,0.244,0.005,-0.013,1.053,3,604
523376699,-0.427,2.988,0.671,-0.037,-0.027,1.031,3,604
523377207,-0.427,2.988,0.671,-0.037,-0.027,1.031,3,604
523378699,0.061,2.500,0.854,-0.053,0.059,1.146,3,604
523379208,0.061,2.500,0.854,-0.053,0.059,1.146,3,604
523380699,0.427,1.463,1.037,-0.042,0.089,0.912,3,604
523381208,-0.183,0.976,0.854,-0.007,0.050,0.927,3,604
523382699,-0.793,0.366,0.610,-0.028,0.047,1.068,3,604
523383212,-1.402,0.366,0.488,-0.015,0.064,1.163,3,604
523384699,-1.890,0.000,0.122,0.029,0.057,0.979,3,604
523385213,-1.890,0.000,0.122,0.029,0.057,0.979,3,604
523386699,-2.012,0.976,-0.122,0.085,-0.021,1.099,3,604
523387211,-1.707,1.159,0.061,0.062,-0.008,1.080,3,604
523388707,-1.402,1.768,0.061,0.040,0.008,1.040,3,604
523389227,-1.463,2.622,0.183,0.037,-0.009,1.014,3,604
523390707,-0.549,3.354,0.671,-0.038,-0.019,1.069,3,604
523391227,-0.549,3.354,0.671,-0.038,-0.019,1.069,3,604
523392699,-0.122,2.378,0.549,-0.039,0.031,0.937,3,604
523393209,-0.122,2.378,0.549,-0.039,0.031,0.937,3,604
523394699,0.244,2.073,0.793,-0.053,0.065,1.092,3,604
523395212,0.122,1.585,0.732,-0.019,0.081,1.187,3,604
523396699,-0.427,0.732,0.488,-0.054,0.094,1.089,3,604
523397213,-1.098,0.000,0.427,-0.033,0.064,0.958,3,604
523398700,-2.073,0.061,0.366,0.031,0.031,1.054,3,604
523399210,-2.073,0.061,0.366,0.031,0.031,1.054,3,604
523400725,-2.073,0.488,0.183,0.049,0.029,1.085,3,604
523401238,-1.951,0.854,0.122,0.077,0.011,1.016,3,604
523402501,-2.134,1.524,-0.122,0.065,-0.013,0.991,3,604
523403639,-2.256,2.378,0.061,0.037,-0.001,1.047,3,614
523404619,-1.159,3.110,0.671,-0.024,-0.019,1.001,3,614
523405638,-0.854,2.805,0.488,-0.038,-0.034,0.950,3,614
523406584,-0.305,2.317,0.549,-0.023,0.012,1.081,3,614
523407638,-0.244,2.256,0.976,-0.056,0.037,1.150,3,614
523408579,0.000,1.951,0.854,-0.097,0.091,1.111,3,614
523409638,0.122,1.463,0.549,-0.053,0.104,0.942,3,614
523410572,-0.305,1.037,0.427,-0.017,0.055,0.930,3,614
523411638,-0.854,0.427,0.305,-0.001,0.037,1.140,3,614
523412568,-1.463,-0.061,0.061,0.010,0.064,1.108,3,614
523413638,-1.829,-0.183,-0.061,0.014,0.057,1.022,3,614
523414576,-1.890,0.000,0.122,0.053,0.021,0.966,3,614
523415638,-1.768,0.610,0.061,0.118,-0.011,1.033,3,614
523416568,-2.012,1.159,0.000,0.086,-0.015,1.083,3,614
523417638,-1.707,2.805,0.549,0.017,-0.005,1.013,3,614
523418572,-1.402,3.049,0.488,-0.005,-0.031,1.036,3,614
523419638,-0.915,2.988,0.610,-0.032,-0.030,1.103,3,614
523420572,-0.488,2.744,0.793,-0.049,0.019,1.083,3,614
523421638,0.061,2.500,0.854,-0.057,0.040,1.061,3,614
523422575,0.000,1.951,0.671,-0.072,0.064,0.885,3,614
523423638,-0.488,1.585,0.610,-0.037,0.062,0.994,3,614
523424567,-0.671,1.341,0.427,-0.049,0.045,1.010,3,614
523425638,-1.220,0.244,0.305,-0.034,0.054,1.105,3,614
523426580,-1.585,-0.061,0.244,-0.019,0.062,1.003,3,614
523427638,-1.829,-0.244,0.061,0.033,0.042,0.975,3,614
523428568,-1.951,-0.061,0.061,0.097,0.008,1.012,3,614
523429638,-1.829,0.488,0.000,0.084,0.003,1.111,3,614
523430571,-1.951,0.732,0.000,0.043,-0.000,1.068,3,614
523431638,-1.524,2.561,0.000,0.035,-0.001,1.023,3,614
523432623,-1.402,3.232,0.305,0.001,-0.034,1.096,3,614
523433152,-1.402,3.232,0.305,0.001,-0.034,1.096,3,614
523434704,-0.061,2.927,0.366,-0.035,0.029,1.011,3,614
523435217,-0.061,2.561,0.732,-0.053,0.042,0.955,3,614
523436700,0.000,2.134,0.915,-0.075,0.036,0.953,3,614
523437212,0.061,2.073,0.610,-0.042,0.039,1.028,3,614
523438700,-0.610,0.976,0.244,-0.046,0.091,1.111,3,614
523439214,-0.610,0.976,0.244,-0.046,0.091,1.111,3,614
523440700,-1.463,0.122,-0.244,0.006,0.053,0.958,3,614
523441210,-1.890,-0.305,0.061,0.025,0.033,0.971,3,614
523442700,-2.073,0.183,0.183,0.081,0.016,1.086,3,614
523443219,-1.890,0.427,0.000,0.082,0.029,1.124,3,614
523444700,-1.585,1.524,0.244,0.062,0.003,1.001,3,614
523445207,-1.585,1.524,0.244,0.062,0.003,1.001,3,614
523446712,-1.280,2.988,0.183,0.021,-0.015,1.072,3,614
523447232,-1.280,2.988,0.183,0.021,-0.015,1.072,3,614
523448701,-0.305,2.866,0.427,-0.033,0.020,0.967,3,614
523449214,-0.244,2.500,0.671,-0.030,0.023,0.963,3,614
523450700,-0.305,2.378,0.854,-0.071,0.034,0.993,3,614
523451245,-0.122,2.012,1.159,-0.050,0.048,1.092,3,614
523452504,-0.366,1.707,0.854,-0.058,0.070,1.140,3,614
523453639,-1.159,0.366,0.244,-0.045,0.061,0.988,3,624
523454609,-1.402,-0.061,0.305,0.009,0.040,0.953,3,624
523455638,-1.524,-0.244,0.244,0.029,0.029,1.015,3,624
523456576,-1.890,0.000,0.366,0.061,0.037,1.118,3,624
523457640,-1.707,0.061,0.183,0.067,0.031,1.097,3,624
523458579,-1.768,0.366,0.000,0.057,0.018,1.054,3,624
523459640,-1.707,2.256,0.366,0.054,0.002,1.038,3,624
523460570,-1.341,2.744,0.366,0.029,-0.018,1.040,3,624
523461640,-1.098,2.988,0.305,-0.030,-0.013,1.026,3,624
523462576,-0.610,2.988,0.610,-0.029,0.023,0.987,3,624
523463640,-0.061,2.744,0.671,-0.032,0.014,0.994,3,624
523464571,-0.366,2.439,0.488,-0.073,0.024,1.035,3,624
523465640,-0.427,1.768,0.854,-0.057,0.080,1.112,3,624
523466571,-0.793,1.280,0.549,-0.054,0.080,1.050,3,624
523467640,-1.280,0.305,0.305,-0.034,0.038,0.975,3,624
523468584,-1.524,-0.061,0.061,-0.010,0.038,0.949,3,624
523469640,-1.524,-0.122,0.000,0.022,0.034,1.018,3,624
523470563,-1.646,-0.122,0.122,0.059,0.035,1.121,3,624
523471640,-1.585,0.244,0.000,0.057,0.022,1.086,3,624
523472578,-1.829,0.549,-0.183,0.074,0.006,1.041,3,624
523473640,-1.585,2.256,0.183,0.053,-0.005,1.038,3,624
523474562,-1.280,2.683,0.122,0.019,-0.003,1.044,3,624
523475640,-1.037,3.049,0.427,-0.026,-0.014,1.039,3,624
523476581,-0.549,3.110,0.488,-0.016,0.021,0.989,3,624
523477640,-0.427,2.500,0.854,-0.030,0.025,1.003,3,624
523478580,-0.732,2.317,1.037,-0.064,0.025,1.007,3,624
523479640,-0.549,1.707,0.915,-0.055,0.073,1.108,3,624
523480590,-0.854,1.280,0.732,-0.053,0.073,1.093,3,624
523481640,-0.915,0.549,0.305,-0.058,0.044,0.993,3,624
523482563,-1.280,0.122,0.305,-0.015,0.040,0.956,3,624
523483640,-1.829,-0.244,0.244,0.021,0.023,0.984,3,624
523484575,-2.073,-0.061,0.244,0.068,0.028,1.101,3,624
523485640,-1.951,0.488,0.000,0.062,0.019,1.044,3,624
523486639,-1.890,1.220,0.244,0.067,0.014,1.022,3,624
523487159,-1.890,1.220,0.244,0.067,0.014,1.022,3,624
523488704,-1.098,2.805,0.305,0.020,-0.021,1.072,3,624
523489215,-0.732,2.927,0.427,-0.028,-0.018,1.037,3,624
523490699,-0.305,2.866,0.671,-0.026,0.038,1.012,3,624
523491208,-0.549,2.805,0.671,-0.051,0.044,1.010,3,624
523492699,-0.366,2.134,0.915,-0.063,0.041,1.021,3,624
523493212,-0.366,2.134,0.915,-0.063,0.041,1.021,3,624
523494699,-0.854,1.463,0.366,-0.066,0.051,1.105,3,624
523495208,-0.854,1.463,0.366,-0.066,0.051,1.105,3,624
523496699,-1.585,0.122,0.366,-0.015,0.042,0.974,3,624
523497207,-2.012,-0.183,0.244,0.029,0.033,0.976,3,624
523498699,-1.951,-0.305,0.000,0.083,0.023,1.027,3,624
523499205,-1.463,0.122,-0.061,0.068,0.014,1.124,3,624
523500700,-1.524,1.159,0.183,0.070,0.027,1.020,3,624
523501240,-1.524,1.159,0.183,0.070,0.027,1.020,3,624
523502471,-1.037,2.805,0.183,0.011,-0.019,1.072,3,624
523503638,-0.793,2.927,0.488,-0.025,-0.016,1.025,3,634
523504605,-0.671,2.866,0.610,-0.004,0.036,1.029,3,634
523505638,-0.854,2.744,0.915,-0.046,0.047,1.044,3,634
523506580,-0.305,2.500,1.037,-0.053,0.048,1.000,3,634
523507638,-0.549,2.012,1.098,-0.043,0.051,1.002,3,634
523508572,-0.427,1.341,0.610,-0.060,0.033,1.079,3,634
523509638,-0.671,0.793,0.427,-0.055,0.042,1.147,3,634
523510576,-1.159,0.000,0.183,-0.015,0.042,1.039,3,634
523511638,-1.463,-0.244,0.244,0.017,0.041,0.981,3,634
523512578,-1.768,-0.244,0.305,0.076,0.010,0.996,3,634
523513638,-1.768,0.732,-0.244,0.066,0.021,1.078,3,634
523514576,-1.951,1.341,-0.122,0.060,0.014,1.029,3,634
523515638,-1.524,2.195,0.122,0.046,0.012,1.036,3,634
523516576,-1.098,2.622,0.549,0.016,-0.024,1.017,3,634
523517638,-0.732,2.744,0.549,-0.027,-0.012,1.044,3,634
523518578,-0.610,2.866,0.976,-0.005,0.024,1.045,3,634
523519638,-0.549,2.744,0.915,-0.066,0.071,1.073,3,634
523520576,-0.732,1.890,0.976,-0.071,0.076,1.009,3,634
523521638,-1.037,1.768,0.915,-0.054,0.066,0.944,3,634
523522583,-1.646,1.098,0.610,-0.060,0.027,1.029,3,634
523523638,-1.768,0.427,0.122,-0.030,0.016,1.057,3,634
523524572,-1.707,-0.122,0.488,-0.017,0.045,1.131,3,634
523525638,-1.768,-0.366,0.549,0.027,0.047,1.034,3,634
523526584,-1.402,-0.427,0.122,0.053,0.031,1.024,3,634
523527638,-1.585,0.732,-0.122,0.091,0.001,1.044,3,634
523528634,-1.463,1.402,0.061,0.069,0.016,1.055,3,634
523529153,-1.463,1.402,0.061,0.069,0.016,1.055,3,634
523530702,-0.854,2.744,0.183,0.009,-0.003,1.026,3,634
523531216,-0.854,3.110,0.671,-0.005,0.023,1.013,3,634
523532700,-0.793,2.927,1.037,-0.013,0.013,0.975,3,634
523533210,-0.427,2.866,0.915,-0.067,0.031,1.060,3,634
523534700,-0.793,2.012,0.793,-0.078,0.080,1.124,3,634
523535213,-0.793,2.012,0.793,-0.078,0.080,1.124,3,634
523536700,-1.098,1.220,0.488,-0.068,0.037,0.978,3,634
523537212,-1.768,0.366,0.122,-0.019,0.029,0.958,3,634
523538700,-1.829,-0.122,-0.061,0.000,0.022,1.002,3,634
523539208,-1.890,-0.061,0.122,0.056,0.026,1.104,3,634
523540701,-1.646,0.366,0.244,0.062,0.002,1.036,3,634
523541213,-1.646,0.366,0.244,0.062,0.002,1.036,3,634
523542700,-1.280,1.951,0.122,0.085,-0.004,1.039,3,634
523543212,-1.220,2.439,0.183,0.034,-0.013,1.074,3,634
523544700,-0.427,2.622,0.122,-0.006,-0.014,1.027,3,634
523545212,0.061,2.805,0.427,-0.006,0.044,1.025,3,634
523546700,-0.305,2.622,0.793,-0.063,0.050,0.965,3,634
523547212,-0.305,2.622,0.793,-0.063,0.050,0.965,3,634
523548700,-0.915,1.951,1.037,-0.048,0.069,0.974,3,634
523549209,-0.915,1.951,1.037,-0.048,0.069,0.974,3,634
523550700,-1.037,1.341,0.488,-0.050,0.032,1.151,3,634
523551239,-1.402,0.488,0.305,-0.027,0.041,1.066,3,634
523552495,-1.646,0.061,0.122,0.007,0.037,0.977,3,634
523553638,-1.280,-0.305,0.122,0.087,-0.013,1.062,3,643
523554609,-1.890,0.366,0.061,0.074,0.015,1.093,3,643
523555638,-1.829,0.854,0.183,0.073,0.024,1.029,3,643
523556579,-1.524,1.768,0.366,0.054,0.019,1.027,3,643
523557640,-1.037,2.256,0.427,0.008,-0.011,1.004,3,643
523558568,-0.427,2.805,0.732,-0.015,0.003,1.031,3,643
523559640,-0.061,2.805,0.854,0.012,0.022,1.025,3,643
523560567,-0.366,2.500,1.098,-0.060,0.046,1.084,3,643
523561640,-0.244,1.890,0.976,-0.074,0.075,1.049,3,643
523562571,-0.854,1.707,0.671,-0.059,0.068,0.996,3,643
523563640,-1.220,1.220,0.610,-0.053,0.023,0.951,3,643
523564587,-1.585,0.610,0.671,-0.029,0.012,0.993,3,643
523565640,-1.707,0.244,0.305,-0.016,0.024,1.063,3,643
523566575,-1.646,-0.061,0.122,0.031,0.036,1.111,3,643
523567640,-1.098,0.000,0.000,0.054,0.004,1.031,3,643
523568573,-1.220,0.793,0.122,0.072,0.003,1.029,3,643
523569640,-1.280,1.646,0.244,0.079,0.000,1.035,3,643
523570581,-1.159,2.195,0.305,0.039,0.001,1.079,3,643
523571640,-0.854,2.500,0.183,-0.003,-0.017,1.038,3,643
523572657,-0.488,2.500,0.488,0.001,0.042,1.011,3,643
523573178,-0.549,2.561,0.793,-0.012,0.041,1.016,3,643
523574699,-0.549,2.500,0.732,-0.063,0.047,1.014,3,643
523575208,-0.549,2.500,0.732,-0.063,0.047,1.014,3,643
523576699,-0.854,1.768,0.915,-0.073,0.042,1.104,3,643
523577208,-1.341,1.280,0.427,-0.062,0.035,1.136,3,643
523578705,-1.585,0.610,0.366,-0.033,0.031,1.051,3,643
523579222,-1.707,0.244,0.122,0.000,0.027,0.979,3,643
523580705,-1.524,0.061,0.244,0.075,-0.004,1.067,3,643
523581228,-1.524,0.061,0.244,0.075,-0.004,1.067,3,643
523582700,-1.402,0.915,0.244,0.064,0.030,1.032,3,643
523583214,-1.402,0.915,0.244,0.064,0.030,1.032,3,643
523584699,-1.159,2.439,0.366,0.021,-0.005,1.006,3,643
523585211,-0.610,2.439,0.732,0.000,0.004,1.032,3,643
523586699,-0.488,2.500,1.037,0.005,0.021,1.002,3,643
523587207,-0.488,2.134,1.159,-0.044,0.036,1.064,3,643
523588699,-0.671,2.195,0.671,-0.073,0.083,1.124,3,643
523589209,-0.671,2.195,0.671,-0.073,0.083,1.124,3,643
523590699,-1.280,1.220,0.610,-0.064,0.034,0.942,3,643
523591211,-1.707,0.671,0.610,-0.006,0.013,0.968,3,643
523592699,-1.768,0.366,0.366,-0.021,0.003,1.026,3,643
523593207,-1.768,0.427,0.366,0.053,0.014,1.094,3,643
523594699,-1.585,0.366,-0.061,0.056,0.004,1.031,3,643
523595207,-1.585,0.366,-0.061,0.056,0.004,1.031,3,643
523596699,-1.524,1.585,0.366,0.072,0.002,1.045,3,643
523597205,-1.524,1.585,0.366,0.072,0.002,1.045,3,643
523598699,-0.976,2.561,0.366,-0.004,-0.006,1.040,3,643
523599207,-0.854,2.805,0.305,-0.006,0.038,1.010,3,643
523600699,-0.671,2.744,0.671,-0.021,0.060,1.080,3,643
523601241,-0.732,2.378,0.854,-0.055,0.062,1.001,3,643
523602548,-0.854,1.829,0.610,-0.040,0.062,0.925,3,643
523603639,-0.976,1.585,0.610,-0.054,0.035,1.099,3,653
523604680,-1.220,1.341,0.488,-0.029,0.029,1.097,3,653
523605193,-1.646,0.671,0.122,-0.038,0.014,1.127,3,653
523606701,-1.524,0.122,0.183,-0.003,0.025,0.998,3,653
523607209,-1.524,0.000,0.427,0.053,0.023,1.003,3,653
523608700,-1.463,0.610,0.000,0.073,-0.002,1.077,3,653
523609214,-1.463,0.610,0.000,0.073,-0.002,1.077,3,653
523610700,-1.098,1.890,0.488,0.042,0.021,1.011,3,653
523611207,-1.098,2.195,0.427,0.005,0.011,1.023,3,653
523612700,-1.037,2.256,0.549,-0.014,0.028,1.027,3,653
523613218,-0.610,2.683,0.549,-0.002,0.032,0.962,3,653
523614700,-0.671,2.256,0.793,-0.055,0.046,0.999,3,653
523615207,-0.671,2.256,0.793,-0.055,0.046,0.999,3,653
523616700,-1.098,1.951,0.671,-0.056,0.065,1.090,3,653
523617207,-1.098,1.951,0.671,-0.056,0.065,1.090,3,653
523618700,-1.524,0.793,0.122,-0.031,0.022,0.956,3,653
523619212,-1.463,0.549,0.183,-0.017,0.022,0.978,3,653
523620700,-1.646,0.427,0.183,0.061,0.016,1.022,3,653
523621212,-1.341,0.305,0.061,0.063,-0.001,1.093,3,653
523622709,-1.402,0.854,0.061,0.055,0.014,1.009,3,653
523623228,-1.402,0.854,0.061,0.055,0.014,1.009,3,653
523624701,-1.098,2.500,0.244,0.037,-0.004,1.018,3,653
523625205,-0.671,2.683,0.122,-0.014,0.004,1.033,3,653
523626700,-0.427,2.744,0.549,0.004,0.014,1.007,3,653
523627211,-0.305,2.378,0.854,-0.034,0.039,1.040,3,653
523628700,-0.549,2.073,0.488,-0.065,0.080,1.107,3,653
523629214,-0.549,2.073,0.488,-0.065,0.080,1.107,3,653
523630700,-1.768,1.463,0.305,-0.049,0.047,0.941,3,653
523631207,-1.768,1.463,0.305,-0.049,0.047,0.941,3,653
523632700,-2.073,0.671,0.183,-0.024,-0.004,0.997,3,653
523633218,-2.073,0.427,0.061,0.031,0.006,1.078,3,653
523634700,-1.951,0.427,0.122,0.059,0.005,1.088,3,653
523635218,-1.829,0.610,0.183,0.043,0.012,1.045,3,653
523636700,-1.341,1.585,0.305,0.075,0.012,1.020,3,653
523637210,-1.341,1.585,0.305,0.075,0.012,1.020,3,653
523638700,-1.037,2.622,0.427,-0.019,-0.007,1.021,3,653
523639212,-0.610,2.622,0.549,-0.015,0.032,1.043,3,653
523640700,-0.488,2.500,0.732,-0.016,0.045,1.089,3,653
523641212,-0.610,2.195,0.793,-0.052,0.062,1.134,3,653
523642700,-0.854,1.646,0.427,-0.052,0.082,0.970,3,653
523643207,-0.854,1.646,0.427,-0.052,0.082,0.970,3,653
523644700,-1.646,1.037,0.244,-0.003,0.019,1.027,3,653
523645207,-1.829,0.732,0.488,-0.028,-0.016,1.061,3,653
523646700,-2.073,0.671,0.366,0.025,0.006,1.072,3,653
523647215,-2.134,0.366,0.183,0.047,0.031,1.058,3,653
523648700,-1.098,0.610,0.183,0.074,-0.013,1.031,3,653
523649207,-1.098,0.610,0.183,0.074,-0.013,1.031,3,653
523650700,-0.793,2.378,0.549,0.042,0.003,1.046,3,653
523651240,-0.793,2.378,0.549,0.042,0.003,1.046,3,653
523652466,-0.488,2.744,0.305,-0.034,0.030,1.033,3,653
523653638,-0.366,2.500,0.610,-0.034,0.048,1.113,3,663
523654637,-0.366,2.012,0.610,-0.056,0.061,1.076,3,663
523655151,-0.183,1.646,0.732,-0.070,0.087,0.977,3,663
523656700,-1.098,1.402,0.671,-0.034,0.061,0.989,3,663
523657212,-1.098,1.402,0.671,-0.034,0.061,0.989,3,663
523658699,-2.073,1.037,0.122,-0.035,-0.019,1.095,3,663
523659208,-2.073,0.610,0.061,-0.002,0.014,1.083,3,663
523660699,-1.951,0.061,0.366,0.050,0.019,0.998,3,663
523661208,-1.280,0.549,0.488,0.050,0.012,1.016,3,663
523662699,-1.037,1.220,0.183,0.067,-0.005,1.060,3,663
523663213,-1.037,1.220,0.183,0.067,-0.005,1.060,3,663
523664699,-0.793,2.439,0.427,-0.000,0.015,1.034,3,663
523665213,-0.793,2.439,0.427,-0.000,0.015,1.034,3,663
523666700,-0.183,2.622,0.732,-0.036,0.042,1.116,3,663
523667212,0.305,2.378,0.671,-0.048,0.053,1.041,3,663
523668699,0.122,1.890,0.915,-0.054,0.086,0.958,3,663
523669208,-0.671,1.341,0.854,-0.039,0.043,0.968,3,663
523670699,-1.280,1.220,0.427,-0.002,0.054,1.043,3,663
523671205,-1.280,1.220,0.427,-0.002,0.054,1.043,3,663
523672699,-1.951,0.732,0.000,-0.019,0.003,1.075,3,663
523673208,-2.134,0.183,0.000,0.052,0.013,0.996,3,663
523674700,-1.890,0.549,0.183,0.055,0.012,1.009,3,663
523675220,-1.463,0.732,0.244,0.078,-0.019,1.053,3,663
523676699,-1.280,1.829,0.427,0.032,0.022,1.046,3,663
523677213,-1.280,1.829,0.427,0.032,0.022,1.046,3,663
523678699,-0.793,2.805,0.732,-0.026,0.022,1.025,3,663
523679212,-0.488,2.805,0.732,-0.050,0.038,1.125,3,663
523680699,-0.549,2.317,0.915,-0.056,0.047,1.055,3,663
523681205,-0.427,1.829,0.732,-0.052,0.088,0.965,3,663
523682699,-1.220,1.402,0.488,-0.049,0.062,1.005,3,663
523683213,-1.220,1.402,0.488,-0.049,0.062,1.005,3,663
523684712,-1.890,0.793,0.183,-0.019,-0.014,1.090,3,663
523685241,-1.890,0.793,0.183,-0.019,-0.014,1.090,3,663
523686237,-1.951,0.366,0.122,0.045,0.013,1.031,3,663
523687640,-1.585,0.549,0.305,0.051,0.013,1.003,3,663
523688576,-1.098,0.610,0.122,0.071,-0.004,1.056,3,663
523689640,-1.341,1.402,0.000,0.058,-0.008,1.052,3,663
523690595,-0.610,2.439,0.610,0.011,0.021,1.042,3,663
523691640,-0.488,2.683,0.732,-0.018,0.030,1.034,3,663
523692571,-0.366,2.927,0.610,-0.052,0.034,1.146,3,663
523693640,-0.183,2.317,0.732,-0.069,0.066,1.086,3,663
523694576,-0.427,1.646,0.610,-0.048,0.091,0.976,3,663
523695640,-0.854,1.402,0.854,-0.057,0.065,0.954,3,663
523696587,-1.098,1.220,0.671,-0.021,0.058,0.985,3,663
523697640,-2.012,0.854,0.305,-0.019,-0.008,1.065,3,663
523698579,-2.134,0.732,0.183,0.017,-0.007,1.076,3,663
523699640,-1.890,0.549,0.244,0.036,0.006,1.044,3,663
523700582,-1.585,0.549,0.122,0.043,0.008,1.012,3,663
523701640,-1.220,0.793,0.305,0.084,0.004,1.035,3,663
523702741,-0.915,1.341,0.305,0.062,-0.002,1.039,3,663
523703291,-0.610,1.951,0.366,0.019,0.020,1.027,3,673
523704372,-0.610,2.439,0.488,0.007,0.031,1.026,3,673
523705638,-0.305,2.317,0.549,-0.052,0.018,1.143,3,673
523706576,-0.366,2.195,0.427,-0.059,0.070,1.104,3,673
523707638,-0.488,1.646,0.793,-0.040,0.068,1.023,3,673
523708576,-1.037,1.280,0.732,-0.059,0.077,0.998,3,673
523709638,-1.402,0.976,0.488,-0.009,0.053,0.934,3,673
523710572,-1.768,0.976,0.244,-0.006,0.020,0.996,3,673
523711638,-2.134,0.488,0.000,0.021,-0.009,1.083,3,673
523712584,-2.073,0.305,0.183,0.033,-0.007,1.054,3,673
523713638,-1.646,0.549,0.183,0.054,0.005,1.035,3,673
523714570,-1.220,0.793,0.610,0.083,0.000,1.035,3,673
523715638,-0.976,1.402,0.366,0.047,0.013,1.041,3,673
523716572,-0.671,2.195,0.244,0.012,0.018,1.029,3,673
523717638,-0.427,2.683,0.671,-0.024,0.037,0.968,3,673
523718568,-0.549,2.500,0.671,-0.053,0.004,1.059,3,673
523719638,-0.183,2.317,0.854,-0.060,0.061,1.091,3,673
523720582,-0.244,1.890,0.915,-0.041,0.079,1.103,3,673
523721638,-0.976,1.402,0.549,-0.060,0.072,1.071,3,673
523722572,-1.341,0.976,0.366,-0.028,0.070,1.016,3,673
523723638,-1.768,0.732,0.305,-0.011,0.017,1.002,3,673
523724575,-1.951,0.366,0.305,0.035,-0.016,1.049,3,673
523725638,-2.012,0.549,0.244,0.048,0.007,1.052,3,673
523726572,-1.463,1.098,-0.061,0.062,0.012,1.064,3,673
523727638,-1.220,1.098,0.122,0.075,0.005,1.045,3,673
523728639,-1.037,1.524,0.122,0.044,0.004,1.038,3,673
523729162,-0.732,2.317,0.305,0.017,0.033,1.033,3,673
523730700,-0.366,2.500,0.610,-0.038,0.044,0.938,3,673
523731212,-0.366,2.500,0.610,-0.038,0.044,0.938,3,673
523732700,0.244,2.134,0.854,-0.028,0.056,1.028,3,673
523733212,0.244,2.134,0.854,-0.028,0.056,1.028,3,673
523734700,-0.854,1.402,0.915,-0.069,0.056,1.098,3,673
523735219,-1.402,1.098,0.549,-0.027,0.049,1.127,3,673
523736700,-1.829,0.854,0.366,-0.022,0.019,1.056,3,673
523737212,-2.012,0.488,0.305,0.002,0.007,1.024,3,673
523738700,-1.646,0.366,0.122,0.050,0.003,1.021,3,673
523739207,-1.646,0.366,0.122,0.050,0.003,1.021,3,673
523740700,-1.037,1.280,0.061,0.051,0.005,1.061,3,673
523741211,-0.976,1.890,0.244,0.018,0.015,1.052,3,673
523742700,-1.037,2.500,0.488,0.010,0.033,1.047,3,673
523743212,-0.549,2.683,0.610,-0.003,0.041,1.100,3,673
523744700,-0.122,2.195,0.610,-0.078,0.064,0.986,3,673
523745214,-0.122,2.195,0.610,-0.078,0.064,0.986,3,673
523746700,-1.037,1.707,0.976,-0.044,0.062,0.973,3,673
523747210,-1.098,1.220,0.732,-0.048,0.057,1.036,3,673
523748712,-1.220,1.037,0.427,-0.018,0.016,1.032,3,673
523749233,-1.402,0.854,0.427,-0.010,0.009,1.072,3,673
523750700,-1.585,0.732,-0.061,0.031,-0.005,1.026,3,673
523751243,-1.707,0.427,-0.244,0.031,-0.005,1.026,3,673
523752467,-1.037,0.793,0.122,0.083,0.003,1.052,3,673
523753638,-0.976,1.341,0.305,0.051,0.000,1.026,3,682
523754643,-0.610,1.890,0.366,0.008,0.017,1.019,3,682
523755154,-0.488,2.317,0.610,0.012,0.034,0.985,3,682
523756700,-0.549,2.500,0.793,-0.025,0.047,1.050,3,682
523757213,-0.549,2.439,0.671,-0.048,0.028,1.094,3,682
523758699,-0.854,1.829,0.732,-0.038,0.082,1.062,3,682
523759205,-0.854,1.829,0.732,-0.038,0.082,1.062,3,682
523760699,-1.585,0.976,0.427,-0.034,0.055,1.005,3,682
523761208,-2.073,0.793,0.244,-0.012,0.012,0.988,3,682
523762699,-2.134,0.488,-0.061,0.005,-0.008,1.010,3,682
523763207,-2.012,0.793,-0.061,0.047,-0.014,1.066,3,682
523764699,-1.402,0.793,0.183,0.055,0.008,1.051,3,682
523765205,-1.402,0.793,0.183,0.055,0.008,1.051,3,682
523766699,-0.854,1.707,0.244,0.032,0.022,1.043,3,682
523767210,-0.854,1.707,0.244,0.032,0.022,1.043,3,682
523768699,-0.793,2.439,0.488,-0.005,0.052,0.970,3,682
523769207,-0.610,2.317,0.793,-0.039,0.054,0.955,3,682
523770699,-0.549,2.073,0.976,-0.050,0.041,0.987,3,682
523771213,-0.427,1.890,0.915,-0.043,0.067,1.032,3,682
523772699,-1.280,0.976,0.610,-0.062,0.057,1.108,3,682
523773212,-1.280,0.976,0.610,-0.062,0.057,1.108,3,682
523774699,-1.524,0.976,0.061,-0.020,0.010,1.073,3,682
523775208,-1.829,0.610,-0.061,0.019,-0.002,1.021,3,682
523776699,-1.829,0.122,0.000,0.059,-0.017,1.004,3,682
523777207,-1.585,0.366,0.122,0.047,-0.001,1.017,3,682
523778707,-0.610,1.341,0.427,0.048,0.001,1.032,3,682
523779223,-0.610,1.341,0.427,0.048,0.001,1.032,3,682
523780709,-0.427,2.378,0.366,-0.011,0.028,1.063,3,682
523781224,-0.488,2.561,0.610,-0.005,0.042,1.085,3,682
523782699,-0.244,2.195,0.610,-0.050,0.042,1.081,3,682
523783208,-0.305,1.829,0.671,-0.067,0.070,1.032,3,682
523784699,-0.488,1.829,0.915,-0.027,0.063,1.041,3,682
523785208,-0.793,1.524,0.793,-0.027,0.063,1.041,3,682
523786699,-1.524,0.915,0.671,-0.008,0.017,0.983,3,682
523787212,-1.524,0.915,0.671,-0.008,0.017,0.983,3,682
523788699,-1.829,0.488,-0.061,0.036,-0.007,1.088,3,682
523789205,-1.951,0.427,-0.122,0.044,-0.031,1.045,3,682
523790699,-1.463,0.610,0.000,0.056,0.002,1.061,3,682
523791208,-1.037,1.098,0.122,0.087,0.000,1.052,3,682
523792699,-0.732,2.256,0.366,0.009,0.032,0.995,3,682
523793208,-0.732,2.256,0.366,0.009,0.032,0.995,3,682
523794699,-0.671,2.622,0.671,-0.029,0.053,0.991,3,682
523795208,-0.549,2.256,0.732,-0.055,0.041,1.034,3,682
523796699,-0.488,1.890,1.037,-0.054,0.061,1.042,3,682
523797213,-0.488,1.341,0.732,-0.033,0.081,1.021,3,682
523798699,-1.463,0.854,0.427,-0.024,0.043,1.109,3,682
523799208,-1.463,0.854,0.427,-0.024,0.043,1.109,3,682
523800699,-1.768,0.488,0.000,0.016,-0.001,0.994,3,682
523801238,-1.768,0.488,0.000,0.016,-0.001,0.994,3,682
523802445,-1.463,0.732,0.183,0.041,-0.013,1.016,3,682
523803639,-1.220,0.915,-0.061,0.084,0.000,1.050,3,692
523804643,-1.159,1.220,0.183,0.051,-0.009,1.052,3,692
523805154,-0.854,2.012,0.244,0.015,0.030,1.027,3,692
523806701,-0.122,2.927,0.427,-0.023,0.049,1.063,3,692
523807212,-0.122,2.927,0.427,-0.023,0.049,1.063,3,692
523808700,-0.061,2.073,0.488,-0.064,0.077,0.998,3,692
523809218,-0.488,1.829,0.732,-0.032,0.081,1.038,3,692
523810700,-1.037,1.280,0.854,-0.026,0.064,1.035,3,692
523811214,-1.402,0.793,0.854,-0.050,0.053,0.967,3,692
523812700,-2.012,1.037,0.305,0.006,-0.001,1.050,3,692
523813212,-2.012,1.037,0.305,0.006,-0.001,1.050,3,692
523814700,-1.646,0.488,0.000,0.028,-0.038,1.044,3,692
523815212,-1.341,0.793,-0.061,0.072,0.011,1.051,3,692
523816700,-0.854,1.098,0.122,0.079,-0.014,1.065,3,692
523817207,-0.488,1.646,-0.244,0.003,0.021,1.043,3,692
523818700,-0.488,2.439,0.305,0.015,0.027,0.996,3,692
523819212,-0.366,2.805,0.488,-0.014,0.050,0.984,3,692
523820700,-0.366,2.073,0.793,-0.065,0.043,1.015,3,692
523821207,-0.366,2.073,0.793,-0.065,0.043,1.015,3,692
523822700,-0.793,1.402,0.854,-0.041,0.068,1.027,3,692
523823212,-1.220,1.220,0.732,-0.041,0.054,1.112,3,692
523824700,-1.524,0.854,0.610,-0.025,0.027,1.077,3,692
523825218,-2.073,0.549,0.305,0.010,0.020,1.057,3,692
523826700,-2.256,0.427,0.000,0.039,-0.025,1.012,3,692
523827214,-2.256,0.427,0.000,0.039,-0.025,1.012,3,692
523828700,-1.220,0.976,0.000,0.093,0.002,1.016,3,692
523829207,-0.976,1.646,0.122,0.043,0.003,1.039,3,692
523830700,-0.854,2.134,0.183,0.004,0.023,0.980,3,692
523831218,-0.732,2.439,0.366,-0.010,0.049,0.984,3,692
523832700,-0.122,2.500,0.549,-0.095,0.044,1.086,3,692
523833212,-0.122,2.500,0.549,-0.095,0.044,1.086,3,692
523834700,-0.610,1.890,1.098,-0.040,0.072,1.066,3,692
523835212,-0.610,1.890,1.098,-0.040,0.072,1.066,3,692
523836700,-1.585,0.976,0.427,-0.036,0.034,1.080,3,692
523837218,-2.073,0.732,0.305,-0.004,0.021,1.018,3,692
523838700,-2.073,0.854,0.183,0.049,-0.007,1.041,3,692
523839212,-2.012,0.610,0.000,0.047,-0.030,1.025,3,692
523840700,-1.159,1.037,0.122,0.095,-0.020,1.043,3,692
523841218,-1.159,1.037,0.122,0.095,-0.020,1.043,3,692
523842700,-0.671,1.951,0.244,0.004,0.008,1.062,3,692
523843214,-0.366,2.378,0.549,-0.015,0.035,1.043,3,692
523844700,-0.183,2.622,0.671,-0.001,0.061,1.060,3,692
523845213,0.122,2.561,0.549,-0.079,0.060,1.053,3,692
523846700,-0.183,1.951,0.854,-0.042,0.085,1.032,3,692
523847212,-0.183,1.951,0.854,-0.042,0.085,1.032,3,692
523848700,-1.341,0.976,0.915,-0.044,0.052,0.961,3,692
523849212,-2.012,0.976,0.610,-0.011,0.020,1.004,3,692
523850726,-2.256,0.793,0.610,0.034,-0.010,1.062,3,692
523851236,-2.012,0.488,0.183,0.044,-0.034,1.066,3,692
523852443,-1.890,0.610,0.122,0.042,-0.041,1.051,3,692
523853639,-1.280,1.159,0.122,0.084,-0.003,1.064,3,702
523854639,-1.037,1.646,0.061,0.009,0.004,1.047,3,702
523855148,-1.037,1.646,0.061,0.009,0.004,1.047,3,702
523856700,-0.427,2.683,0.610,-0.017,0.062,1.026,3,702
523857212,-0.305,2.500,0.854,-0.065,0.075,1.021,3,702
523858699,-0.305,2.134,0.915,-0.081,0.091,0.976,3,702
523859209,-0.366,1.829,0.793,-0.037,0.087,1.004,3,702
523860699,-1.280,0.793,0.671,-0.038,0.054,1.062,3,702
523861205,-1.280,0.793,0.671,-0.038,0.054,1.062,3,702
523862699,-1.646,0.671,0.366,0.028,0.017,1.069,3,702
523863209,-2.256,0.488,0.305,0.053,-0.028,1.062,3,702
523864699,-2.073,0.244,-0.183,0.052,-0.045,1.054,3,702
523865209,-1.341,0.488,-0.061,0.076,-0.025,1.026,3,702
523866699,-0.732,1.829,0.244,0.030,0.004,1.041,3,702
523867205,-0.732,1.829,0.244,0.030,0.004,1.041,3,702
523868699,0.061,2.622,0.610,-0.029,0.075,1.033,3,702
523869211,0.061,2.622,0.610,-0.029,0.075,1.033,3,702
523870699,-0.061,2.561,0.549,-0.082,0.089,1.008,3,702
523871209,-0.122,1.890,0.671,-0.049,0.083,0.991,3,702
523872699,-0.366,1.585,0.610,-0.056,0.083,1.035,3,702
523873209,-1.220,1.098,0.488,-0.032,0.060,1.110,3,702
523874699,-2.439,0.915,0.427,0.026,0.009,1.039,3,702
523875209,-2.439,0.915,0.427,0.026,0.009,1.039,3,702
523876699,-2.378,0.305,-0.183,0.061,-0.042,1.020,3,702
523877205,-1.707,0.793,-0.122,0.075,-0.021,1.025,3,702
523878699,-1.159,1.159,0.122,0.102,-0.015,1.017,3,702
523879205,-0.976,1.829,0.122,0.051,0.002,1.048,3,702
523880699,-0.305,2.622,0.366,-0.029,0.063,1.025,3,702
523881212,-0.305,2.622,0.366,-0.029,0.063,1.025,3,702
523882699,0.305,2.500,0.793,-0.091,0.072,1.029,3,702
523883205,0.305,2.500,0.793,-0.057,0.074,0.983,3,702
523884699,-0.549,1.585,0.793,-0.057,0.088,1.064,3,702
523885205,-1.159,1.037,0.671,-0.032,0.062,1.115,3,702
523886699,-1.585,0.549,0.549,-0.045,0.042,1.097,3,702
523887212,-1.707,0.305,0.488,0.021,0.017,1.027,3,702
523888699,-2.073,0.427,0.000,0.066,-0.052,1.015,3,702
523889209,-2.073,0.427,0.000,0.066,-0.052,1.015,3,702
523890699,-1.524,1.402,-0.244,0.114,-0.019,1.005,3,702
523891205,-0.915,1.585,-0.061,0.052,0.006,1.056,3,702
523892699,-0.427,2.195,0.488,-0.006,0.021,1.017,3,702
523893209,0.244,2.561,0.488,-0.035,0.056,1.006,3,702
523894699,-0.122,2.256,1.037,-0.099,0.084,1.045,3,702
523895212,-0.122,2.256,1.037,-0.099,0.084,1.045,3,702
523896699,-0.610,1.402,0.610,-0.062,0.091,1.072,3,702
523897209,-1.220,1.037,0.671,-0.043,0.066,1.089,3,702
523898699,-1.707,0.610,0.610,-0.049,0.046,1.095,3,702
523899209,-1.951,0.610,0.671,0.021,0.009,1.019,3,702
523900699,-2.439,0.183,-0.122,0.066,-0.051,1.015,3,702
523901239,-2.439,0.183,-0.122,0.066,-0.051,1.015,3,702
523902441,-1.220,0.976,0.000,0.105,-0.035,1.029,3,702
523903638,-1.159,1.585,0.122,0.056,-0.005,1.065,3,712
523904639,-0.549,2.073,0.305,-0.004,0.012,1.024,3,712
523905151,-0.183,2.500,0.671,-0.038,0.053,0.998,3,712
523906701,0.244,2.988,0.854,-0.045,0.070,1.025,3,712
523907217,0.061,2.500,0.976,-0.098,0.093,1.039,3,712
523908700,-0.488,1.402,0.976,-0.076,0.090,1.073,3,712
523909219,-0.488,1.402,0.976,-0.076,0.090,1.073,3,712
523910700,-1.829,0.610,0.671,-0.047,0.050,1.058,3,712
523911212,-2.256,0.610,0.366,0.014,0.006,1.007,3,712
523912700,-2.317,0.488,0.122,0.062,-0.030,1.042,3,712
523913207,-2.256,0.427,-0.244,0.065,-0.051,1.039,3,712
523914713,-1.585,1.402,0.000,0.115,-0.030,1.041,3,712
523915242,-1.585,1.402,0.000,0.115,-0.030,1.041,3,712
523916700,-0.305,2.439,-0.061,0.002,0.008,1.032,3,712
523917212,-0.061,2.866,0.366,-0.042,0.046,1.016,3,712
523918700,0.000,2.988,0.610,-0.036,0.064,1.025,3,712
523919214,0.061,2.683,0.732,-0.098,0.086,1.036,3,712
523920701,-0.244,2.195,0.976,-0.080,0.097,1.016,3,712
523921211,-0.488,1.524,0.915,-0.082,0.101,1.057,3,712
523922700,-1.707,0.671,0.854,-0.045,0.043,1.055,3,712
523923212,-1.707,0.671,0.854,-0.045,0.043,1.055,3,712
523924700,-2.378,0.061,0.366,0.077,-0.028,1.049,3,712
523925211,-2.439,0.244,0.000,0.083,-0.052,1.044,3,712
523926700,-1.829,0.610,-0.061,0.080,-0.053,1.022,3,712
523927212,-1.220,1.280,0.061,0.106,-0.034,1.027,3,712
523928700,-0.427,2.195,0.305,0.001,0.007,1.029,3,712
523929210,-0.427,2.195,0.305,0.001,0.007,1.029,3,712
523930710,0.305,2.866,0.549,-0.039,0.080,1.020,3,712
523931228,0.183,2.561,0.732,-0.104,0.102,1.032,3,712
523932700,-0.183,2.317,0.854,-0.093,0.100,0.995,3,712
523933214,-0.610,1.646,0.854,-0.089,0.100,1.068,3,712
523934700,-1.890,0.793,0.732,-0.045,0.050,1.086,3,712
523935219,-1.890,0.793,0.732,-0.045,0.050,1.086,3,712
523936700,-2.439,0.244,0.366,0.067,-0.041,1.057,3,712
523937208,-2.439,0.244,0.366,0.067,-0.041,1.057,3,712
523938700,-2.317,0.488,-0.183,0.081,-0.058,1.026,3,712
523939214,-1.585,1.341,-0.061,0.122,-0.040,1.004,3,712
523940700,-0.488,1.951,0.244,0.077,-0.010,1.056,3,712
523941211,-0.061,2.317,0.183,0.005,-0.001,1.034,3,712
523942700,0.732,3.049,0.610,-0.049,0.080,1.008,3,712
523943210,0.732,3.049,0.610,-0.049,0.080,1.008,3,712
523944700,0.061,2.317,0.732,-0.105,0.105,0.979,3,712
523945211,-0.366,1.707,0.732,-0.089,0.106,1.076,3,712
523946700,-0.854,1.037,0.549,-0.059,0.074,1.108,3,712
523947212,-1.890,0.427,0.549,-0.038,0.048,1.090,3,712
523948700,-2.683,0.000,0.366,0.071,-0.047,1.079,3,712
523949214,-2.683,0.000,0.366,0.071,-0.047,1.079,3,712
523950700,-2.256,0.610,-0.061,0.097,-0.063,1.025,3,712
523951237,-1.463,1.159,0.122,0.128,-0.039,1.027,3,712
523952462,-0.854,1.890,0.183,0.079,-0.024,1.049,3,712
523953638,-0.305,2.500,0.061,-0.001,0.008,1.036,3,721
523954681,0.244,3.354,0.427,-0.040,0.061,1.018,3,721
523955200,0.305,3.415,0.488,-0.056,0.089,0.994,3,721
523956701,0.000,2.439,0.915,-0.119,0.109,0.975,3,721
523957214,0.000,2.439,0.915,-0.119,0.109,0.975,3,721
523958700,-1.037,0.610,0.793,-0.057,0.074,1.132,3,721
523959220,-2.073,0.183,0.854,-0.039,0.050,1.083,3,721
523960699,-2.866,0.061,0.610,0.035,0.007,1.031,3,721
523961208,-2.927,0.183,0.183,0.084,-0.049,1.059,3,721
523962699,-2.195,0.610,-0.183,0.098,-0.064,1.025,3,721
523963205,-2.195,0.610,-0.183,0.098,-0.064,1.025,3,721
523964699,-0.732,1.951,0.000,0.067,-0.019,1.059,3,721
523965208,0.061,2.927,0.183,-0.012,0.010,1.035,3,721
523966699,0.549,3.293,0.305,-0.047,0.067,1.034,3,721
523967211,0.732,3.293,0.610,-0.068,0.095,1.013,3,721
523968699,0.366,2.195,1.037,-0.121,0.111,1.001,3,721
523969208,0.366,2.195,1.037,-0.121,0.111,1.001,3,721
523970699,-1.280,0.732,0.793,-0.045,0.072,1.091,3,721
523971208,-1.280,0.732,0.793,-0.045,0.072,1.091,3,721
523972699,-2.439,0.061,0.305,0.048,-0.010,1.064,3,721
523973205,-2.866,-0.183,0.122,0.092,-0.064,1.055,3,721
523974699,-2.744,-0.366,-0.122,0.108,-0.084,1.068,3,721
523975208,-2.256,0.061,-0.061,0.134,-0.067,1.039,3,721
523976699,-0.488,2.256,0.122,0.062,-0.032,1.052,3,721
523977205,-0.488,2.256,0.122,0.062,-0.032,1.052,3,721
523978699,0.793,3.354,0.305,-0.043,0.075,1.033,3,721
523979205,0.549,3.354,0.610,-0.081,0.109,1.040,3,721
523980699,0.366,2.805,0.671,-0.146,0.143,1.047,3,721
523981208,0.244,2.134,0.793,-0.126,0.124,1.031,3,721
523982699,-1.402,0.549,0.854,-0.053,0.090,0.973,3,721
523983208,-1.402,0.549,0.854,-0.053,0.090,0.973,3,721
523984699,-2.927,-0.122,0.488,0.051,-0.028,1.037,3,721
523985211,-2.927,-0.122,0.488,0.096,-0.078,1.066,3,721
523986699,-3.171,0.000,-0.183,0.118,-0.093,1.048,3,721
523987205,-2.256,0.427,-0.183,0.130,-0.064,1.050,3,721
523988699,-0.976,1.524,0.061,0.124,-0.048,1.050,3,721
523989207,-0.122,2.073,0.183,0.053,-0.027,1.050,3,721
523990699,0.671,3.659,0.305,-0.068,0.083,1.012,3,721
523991213,0.671,3.659,0.305,-0.068,0.083,1.012,3,721
523992699,0.366,2.805,0.488,-0.158,0.136,1.083,3,721
523993208,-0.061,2.195,0.610,-0.123,0.139,1.010,3,721
523994699,-0.915,1.341,0.793,-0.089,0.124,0.997,3,721
523995213,-2.073,0.366,0.793,-0.052,0.070,1.041,3,721
523996699,-2.927,-0.244,0.549,0.071,-0.047,1.029,3,721
523997207,-2.927,-0.244,0.549,0.071,-0.047,1.029,3,721
523998699,-2.500,-0.183,-0.183,0.130,-0.091,1.024,3,721
523999208,-1.768,0.793,-0.366,0.142,-0.063,1.032,3,721
524000699,-1.037,1.585,-0.061,0.115,-0.046,1.068,3,721
524001233,0.000,2.439,0.122,0.041,-0.022,1.027,3,721
524002439,0.671,3.293,0.366,-0.037,0.036,1.003,3,721
524003638,0.854,3.415,0.793,-0.109,0.122,1.000,3,731
524004637,0.488,2.683,0.793,-0.146,0.133,0.994,3,731
524005151,0.488,2.683,0.793,-0.146,0.133,0.994,3,731
524006701,-1.159,1.037,0.976,-0.104,0.114,1.081,3,731
524007209,-2.012,0.366,0.793,-0.056,0.069,1.100,3,731
524008700,-2.378,0.000,0.549,0.019,-0.001,1.049,3,731
524009212,-2.683,-0.183,0.427,0.081,-0.057,1.072,3,731
524010709,-2.439,0.061,-0.183,0.129,-0.083,1.037,3,731
524011230,-2.439,0.061,-0.183,0.129,-0.083,1.037,3,731
524012700,-0.854,1.707,0.000,0.109,-0.051,1.050,3,731
524013218,0.122,2.622,0.183,0.018,-0.007,1.037,3,731
524014701,0.671,3.476,0.488,-0.034,0.055,1.049,3,731
524015217,0.610,3.902,0.671,-0.086,0.106,1.029,3,731
524016700,0.061,2.561,0.793,-0.159,0.154,1.047,3,731
524017213,0.061,2.561,0.793,-0.159,0.154,1.047,3,731
524018700,-1.524,0.915,0.366,-0.102,0.107,1.044,3,731
524019207,-1.524,0.915,0.366,-0.102,0.107,1.044,3,731
524020700,-2.805,-0.061,0.305,0.034,-0.017,1.049,3,731
524021218,-2.988,-0.366,0.122,0.098,-0.058,1.084,3,731
524022700,-2.683,-0.488,0.122,0.130,-0.100,1.083,3,731
524023212,-2.500,0.000,0.122,0.151,-0.081,1.034,3,731
524024700,-1.037,2.134,0.244,0.083,-0.047,1.061,3,731
524025212,-1.037,2.134,0.244,0.083,-0.047,1.061,3,731
524026700,0.610,3.476,0.610,-0.047,0.063,1.016,3,731
524027208,0.671,3.659,0.488,-0.105,0.123,1.032,3,731
524028700,0.671,3.232,0.732,-0.166,0.136,1.066,3,731
524029218,0.671,1.890,0.854,-0.146,0.169,0.997,3,731
524030700,-1.646,0.793,0.854,-0.080,0.101,1.057,3,731
524031218,-1.646,0.793,0.854,-0.080,0.101,1.057,3,731
524032700,-3.232,-0.549,0.549,0.038,-0.041,1.026,3,731
524033212,-3.354,-0.549,0.305,0.124,-0.080,1.003,3,731
524034700,-3.049,-0.427,0.000,0.154,-0.112,1.030,3,731
524035215,-2.012,0.610,0.305,0.167,-0.087,1.058,3,731
524036700,0.000,2.561,0.061,0.054,-0.035,1.030,3,731
524037212,0.000,2.561,0.061,0.054,-0.035,1.030,3,731
524038700,0.854,3.841,0.610,-0.066,0.091,0.986,3,731
524039212,0.854,3.841,0.610,-0.066,0.091,0.986,3,731
524040700,0.854,2.866,0.610,-0.177,0.154,1.041,3,731
524041211,0.122,1.951,0.671,-0.128,0.139,1.083,3,731
524042700,-1.037,1.098,0.976,-0.140,0.137,1.065,3,731
524043207,-1.829,0.366,0.854,-0.056,0.095,1.012,3,731
524044700,-3.354,-0.671,0.122,0.070,-0.052,1.067,3,731
524045214,-3.354,-0.671,0.122,0.070,-0.052,1.067,3,731
524046700,-3.171,-0.244,0.366,0.165,-0.105,1.036,3,731
524047212,-2.012,0.610,0.183,0.163,-0.087,1.067,3,731
524048700,-0.732,1.707,0.122,0.121,-0.079,1.061,3,731
524049207,0.427,3.110,0.183,0.026,-0.015,1.041,3,731
524050700,1.037,3.902,0.488,-0.114,0.130,1.067,3,731
524051236,1.037,3.902,0.488,-0.114,0.130,1.067,3,731
524052459,0.488,2.378,0.610,-0.176,0.190,0.988,3,731
524053638,-0.122,1.341,0.671,-0.146,0.159,0.971,3,741
524054643,-1.280,0.671,0.610,-0.093,0.125,1.053,3,741
524055153,-2.500,0.000,0.427,-0.022,0.049,1.045,3,741
524056700,-3.476,-0.732,0.366,0.017,-0.032,1.022,3,741
524057217,-3.537,-0.793,0.061,0.118,-0.080,1.007,3,741
524058700,-2.744,0.061,0.061,0.171,-0.107,1.051,3,741
524059214,-2.744,0.061,0.061,0.171,-0.107,1.051,3,741
524060699,-0.366,2.561,0.122,0.080,-0.053,1.031,3,741
524061205,0.549,3.354,0.305,-0.002,0.027,1.042,3,741
524062699,0.976,4.085,0.549,-0.061,0.074,0.976,3,741
524063211,1.220,3.720,0.793,-0.142,0.140,0.957,3,741
524064699,0.366,2.317,0.793,-0.163,0.143,1.062,3,741
524065205,0.366,2.317,0.793,-0.163,0.143,1.062,3,741
524066712,-1.951,0.244,0.549,-0.066,0.100,0.990,3,741
524067238,-3.049,-0.366,0.488,-0.011,0.004,1.059,3,741
524068237,-3.598,-0.732,0.183,0.090,-0.047,1.073,3,741
524069640,-3.415,-0.793,0.122,0.152,-0.107,1.079,3,741
524070588,-3.110,-0.366,0.000,0.176,-0.107,1.037,3,741
524071640,-0.976,1.829,0.305,0.135,-0.067,1.055,3,741
524072582,0.122,3.110,0.488,0.034,-0.031,1.034,3,741
524073640,0.732,4.024,0.488,-0.039,0.040,1.011,3,741
524074579,1.280,4.390,0.549,-0.108,0.097,1.021,3,741
524075640,0.976,3.598,0.793,-0.142,0.168,1.009,3,741
524076578,0.671,2.439,0.793,-0.191,0.179,1.012,3,741
524077640,-1.524,1.098,0.915,-0.094,0.121,1.104,3,741
524078571,-2.622,0.427,0.732,-0.047,0.036,1.048,3,741
524079640,-3.293,-0.183,0.366,0.038,-0.024,1.052,3,741
524080580,-3.537,-0.671,0.061,0.137,-0.082,1.019,3,741
524081640,-3.537,-0.732,-0.122,0.159,-0.115,1.050,3,741
524082586,-2.500,-0.122,-0.122,0.176,-0.110,1.060,3,741
524083640,-1.402,1.280,-0.061,0.176,-0.094,1.056,3,741
524084575,-0.244,2.439,0.122,0.077,-0.057,1.068,3,741
524085640,0.976,3.902,0.732,-0.073,0.078,1.042,3,741
524086584,1.463,3.780,0.793,-0.141,0.155,1.036,3,741
524087640,1.220,3.049,0.854,-0.155,0.163,1.007,3,741
524088576,0.610,2.195,0.488,-0.189,0.177,1.027,3,741
524089640,-0.549,1.280,0.549,-0.116,0.160,0.955,3,741
524090583,-1.768,0.488,0.671,-0.069,0.078,1.018,3,741
524091640,-3.354,-0.427,0.427,0.103,-0.053,1.059,3,741
524092575,-3.598,-0.549,0.488,0.149,-0.108,1.020,3,741
524093640,-3.232,-0.183,0.427,0.171,-0.120,1.014,3,741
524094583,-2.073,0.488,0.427,0.182,-0.097,1.046,3,741
524095640,-1.037,1.707,0.427,0.124,-0.072,1.056,3,741
524096587,-0.122,2.927,0.305,0.014,-0.021,1.021,3,741
524097640,0.854,3.841,0.610,-0.042,0.055,0.935,3,741
524098573,1.159,3.902,0.976,-0.096,0.121,1.002,3,741
524099640,0.183,2.561,0.976,-0.188,0.173,1.074,3,741
524100617,-0.671,1.402,0.732,-0.149,0.160,1.098,3,741
524101174,-0.671,1.402,0.732,-0.085,0.115,1.056,3,741
524102429,-2.439,0.000,0.488,-0.028,0.035,1.062,3,741
524103638,-2.927,-0.427,0.366,0.054,-0.027,1.051,3,751
524104607,-3.476,-0.854,0.122,0.152,-0.103,1.085,3,751
524105638,-2.195,0.366,0.122,0.189,-0.109,1.063,3,751
524106580,-1.159,1.524,0.183,0.146,-0.085,1.036,3,751
524107638,-0.061,2.683,0.427,0.066,-0.043,1.050,3,751
524108571,0.793,3.780,0.671,-0.031,0.021,1.095,3,751
524109638,1.280,3.902,0.671,-0.071,0.097,1.021,3,751
524110580,1.220,3.476,0.610,-0.141,0.159,0.965,3,751
524111638,0.000,2.012,0.610,-0.167,0.166,0.991,3,751
524112567,-1.159,0.915,0.549,-0.126,0.142,1.101,3,751
524113638,-2.561,0.122,0.610,-0.069,0.057,1.051,3,751
524114580,-3.476,-0.366,0.549,0.011,-0.002,1.041,3,751
524115638,-3.780,-0.732,0.061,0.128,-0.076,1.015,3,751
524116576,-3.293,-0.854,-0.122,0.159,-0.125,1.051,3,751
524117638,-2.866,-0.061,0.000,0.176,-0.116,1.051,3,751
524118572,-1.829,1.037,0.000,0.169,-0.108,1.095,3,751
524119638,0.366,3.354,0.671,0.006,-0.015,1.077,3,751
524120564,0.976,3.902,0.732,-0.060,0.086,1.055,3,751
524121638,1.341,3.659,0.549,-0.124,0.128,1.019,3,751
524122576,1.037,3.171,0.427,-0.149,0.172,1.007,3,751
524123638,0.427,2.317,0.610,-0.169,0.173,1.016,3,751
524124576,-0.671,1.098,0.427,-0.160,0.182,0.978,3,751
524125638,-2.988,0.000,0.122,-0.010,0.014,1.002,3,751
524126567,-3.354,-0.488,0.000,0.097,-0.048,1.035,3,751
524127638,-3.415,-0.854,-0.061,0.129,-0.109,1.033,3,751
524128571,-3.293,-0.671,-0.183,0.174,-0.120,0.998,3,751
524129638,-2.256,0.671,0.305,0.184,-0.096,1.024,3,751
524130576,-1.037,2.195,0.610,0.132,-0.082,1.074,3,751
524131638,0.305,3.354,0.427,0.021,-0.027,1.058,3,751
524132580,0.915,3.902,0.427,-0.104,0.098,1.065,3,751
524133638,1.037,3.415,0.549,-0.153,0.173,1.076,3,751
524134572,0.549,2.500,0.488,-0.181,0.180,1.074,3,751
524135638,-0.366,1.585,0.610,-0.145,0.164,0.973,3,751
524136580,-1.768,0.610,0.549,-0.094,0.125,1.006,3,751
524137638,-2.805,0.061,0.366,-0.034,0.048,1.030,3,751
524138572,-2.988,-0.488,0.183,0.076,-0.018,1.067,3,751
524139638,-3.354,-0.671,-0.061,0.155,-0.104,1.006,3,751
524140584,-2.500,0.305,0.122,0.176,-0.118,1.040,3,751
524141638,-1.280,1.402,0.183,0.151,-0.066,1.007,3,751
524142576,-0.366,2.683,0.549,0.042,-0.049,1.026,3,751
524143638,0.671,3.720,0.732,-0.037,0.042,0.996,3,751
524144575,1.280,4.146,0.793,-0.078,0.105,1.058,3,751
524145638,1.280,3.659,0.610,-0.188,0.189,1.069,3,751
524146575,0.000,2.134,0.610,-0.138,0.157,1.085,3,751
524147638,-1.280,0.976,0.549,-0.121,0.135,1.021,3,751
524148572,-2.744,0.244,0.427,-0.048,0.054,1.039,3,751
524149638,-3.293,-0.488,0.366,0.059,0.004,1.043,3,751
524150564,-3.598,-0.854,0.122,0.138,-0.103,1.074,3,751
524151638,-3.415,-0.732,0.061,0.142,-0.109,1.039,3,751
524152741,-1.707,1.341,0.305,0.161,-0.083,1.041,3,751
524153289,-1.707,1.341,0.305,0.161,-0.083,1.041,3,760
524154365,-0.610,2.561,0.366,0.055,-0.060,1.022,3,760
524155638,1.220,3.902,0.854,-0.082,0.092,0.986,3,760
524156583,1.220,3.841,0.610,-0.146,0.167,1.025,3,760
524157640,0.671,3.171,0.915,-0.189,0.178,1.019,3,760
524158587,-0.366,2.195,0.732,-0.169,0.176,1.127,3,760
524159640,-2.683,0.305,0.671,-0.071,0.071,1.047,3,760
524160590,-3.537,-0.305,0.488,0.034,-0.005,1.059,3,760
524161640,-3.963,-0.793,0.183,0.126,-0.086,1.078,3,760
524162584,-3.415,-0.671,-0.183,0.148,-0.117,1.040,3,760
524163640,-2.744,0.183,0.061,0.208,-0.129,1.043,3,760
524164588,-1.768,1.280,0.183,0.173,-0.100,1.069,3,760
524165640,-0.366,2.317,0.427,0.083,-0.071,1.057,3,760
524166576,0.732,3.415,0.793,-0.009,0.028,1.006,3,760
524167640,1.341,4.024,0.671,-0.131,0.169,0.987,3,760
524168580,1.280,3.232,0.549,-0.197,0.190,1.001,3,760
524169640,0.244,2.378,0.610,-0.181,0.178,1.080,3,760
524170578,-0.854,1.524,0.732,-0.129,0.154,1.071,3,760
524171640,-1.951,0.366,0.549,-0.072,0.078,1.036,3,760
524172571,-3.049,-0.549,0.305,0.017,0.015,1.056,3,760
524173640,-3.659,-0.732,0.122,0.147,-0.124,1.041,3,760
524174580,-2.927,-0.061,0.122,0.190,-0.124,1.048,3,760
524175640,-1.890,1.159,0.122,0.182,-0.116,1.070,3,760
524176587,-0.427,2.256,0.610,0.098,-0.084,1.071,3,760
524177640,0.549,3.293,0.671,-0.000,-0.005,1.023,3,760
524178585,1.280,3.598,0.549,-0.083,0.086,0.984,3,760
524179640,1.646,3.537,0.549,-0.190,0.184,0.996,3,760
524180576,0.549,2.256,0.488,-0.201,0.195,1.039,3,760
524181640,-0.549,1.402,0.488,-0.121,0.140,1.054,3,760
524182589,-1.890,0.183,0.366,-0.087,0.096,1.031,3,760
524183640,-2.866,-0.488,0.000,0.016,0.006,1.065,3,760
524184571,-3.537,-0.915,-0.122,0.107,-0.074,1.054,3,760
524185640,-3.720,-0.549,-0.122,0.151,-0.114,1.046,3,760
524186589,-3.232,-0.244,0.122,0.204,-0.127,1.049,3,760
524187640,-0.671,2.012,0.488,0.100,-0.081,1.070,3,760
524188576,0.610,2.927,0.610,0.006,-0.005,1.028,3,760
524189640,0.915,3.902,0.854,-0.056,0.080,1.012,3,760
524190583,1.220,3.780,0.549,-0.114,0.160,0.986,3,760
524191640,1.098,3.049,0.366,-0.197,0.186,1.016,3,760
524192576,0.366,2.256,0.488,-0.187,0.194,1.019,3,760
524193640,-2.256,0.244,0.549,-0.080,0.090,1.022,3,760
524194590,-3.415,-0.549,0.427,0.015,0.013,1.084,3,760
524195640,-3.902,-1.098,0.061,0.108,-0.075,1.052,3,760
524196583,-3.598,-1.098,0.000,0.154,-0.121,1.043,3,760
524197640,-3.049,-0.488,0.000,0.208,-0.127,1.049,3,760
524198571,-2.195,0.793,0.244,0.197,-0.130,1.067,3,760
524199640,-0.793,2.378,0.549,0.110,-0.087,1.074,3,760
524200580,0.427,3.232,0.610,0.011,-0.005,1.033,3,760
524201640,1.463,4.146,0.671,-0.121,0.154,0.988,3,760
524202740,1.280,3.354,0.671,-0.191,0.189,1.016,3,760
524203290,0.305,2.439,0.671,-0.199,0.190,1.019,3,770
524204357,-0.610,1.280,0.732,-0.159,0.170,1.052,3,770
524205638,-1.890,0.427,0.732,-0.071,0.096,1.021,3,770
524206583,-3.171,-0.427,0.366,0.005,0.013,1.079,3,770
524207638,-4.085,-1.098,0.244,0.148,-0.129,1.036,3,770
524208572,-3.354,-0.549,0.305,0.206,-0.138,1.045,3,770
524209638,-2.073,0.671,0.610,0.195,-0.125,1.074,3,770
524210579,-0.732,2.012,0.305,0.102,-0.099,1.067,3,770
524211638,0.244,3.354,0.549,0.021,-0.010,1.018,3,770
524212576,1.098,3.963,0.915,-0.057,0.082,1.010,3,770
524213638,1.707,3.841,1.037,-0.203,0.181,1.010,3,770
524214579,0.305,2.439,0.793,-0.194,0.195,1.033,3,770
524215638,-0.671,1.585,0.549,-0.148,0.171,1.038,3,770
524216576,-2.012,0.427,0.610,-0.089,0.102,1.029,3,770
524217638,-2.988,-0.366,0.305,0.009,0.000,1.068,3,770
524218581,-3.354,-0.854,0.061,0.109,-0.086,1.054,3,770
524219638,-3.902,-1.037,-0.244,0.150,-0.124,1.038,3,770
524220579,-3.110,-0.366,0.305,0.213,-0.130,1.041,3,770
524221638,-0.610,2.256,0.610,0.109,-0.090,1.038,3,770
524222576,0.427,3.293,0.793,0.017,-0.012,1.000,3,770
524223638,1.280,4.085,0.915,-0.065,0.084,0.998,3,770
524224567,1.829,4.085,0.915,-0.121,0.154,0.981,3,770
524225638,1.463,3.537,0.793,-0.206,0.190,1.031,3,770
524226572,0.366,2.805,0.671,-0.190,0.191,1.120,3,770
524227638,-2.378,0.305,0.549,-0.089,0.110,1.040,3,770
524228580,-3.293,-0.793,0.244,0.021,0.005,1.063,3,770
524229638,-3.902,-1.098,-0.122,0.116,-0.077,1.063,3,770
524230572,-4.268,-1.037,-0.061,0.168,-0.124,1.031,3,770
524231638,-3.537,-0.366,0.183,0.224,-0.129,1.021,3,770
524232591,-2.195,0.610,0.488,0.190,-0.132,1.032,3,770
524233638,-0.610,2.195,0.732,0.093,-0.098,1.007,3,770
524234576,0.793,3.598,0.854,0.003,-0.008,1.011,3,770
524235638,1.768,4.146,0.366,-0.140,0.152,1.016,3,770
524236575,1.646,3.354,0.610,-0.216,0.193,1.076,3,770
524237638,0.915,2.500,0.610,-0.175,0.205,1.131,3,770
524238579,-0.793,1.037,0.305,-0.158,0.178,1.046,3,770
524239638,-2.256,0.122,0.488,-0.063,0.117,1.041,3,770
524240576,-3.415,-0.732,0.183,0.037,-0.008,1.041,3,770
524241638,-3.720,-1.402,0.061,0.179,-0.136,1.018,3,770
524242579,-3.110,-0.183,0.488,0.216,-0.144,1.033,3,770
524243638,-1.829,1.220,0.305,0.181,-0.141,1.032,3,770
524244576,-0.610,2.561,0.427,0.083,-0.089,1.033,3,770
524245638,0.671,3.659,0.793,0.004,0.004,1.023,3,770
524246572,1.768,4.207,1.037,-0.068,0.095,1.017,3,770
524247638,2.073,4.146,0.976,-0.153,0.155,1.054,3,770
524248575,0.244,2.439,0.610,-0.173,0.207,1.032,3,770
524249638,-1.280,1.341,0.610,-0.144,0.187,1.048,3,770
524250580,-2.622,0.122,0.549,-0.060,0.109,1.012,3,770
524251638,-3.598,-0.793,0.366,0.037,-0.011,1.043,3,770
524252737,-4.024,-1.341,-0.183,0.131,-0.109,1.028,3,770
524253279,-3.963,-1.098,0.000,0.185,-0.142,1.015,3,780
524254341,-3.049,-0.122,0.183,0.219,-0.153,1.048,3,780
524255638,-0.366,2.683,0.549,0.062,-0.085,1.080,3,780
524256583,0.915,3.720,0.488,0.011,0.013,1.045,3,780
524257640,2.073,4.207,0.793,-0.083,0.120,1.075,3,780
524258588,2.378,4.024,0.732,-0.168,0.171,1.065,3,780
524259640,1.707,3.293,0.732,-0.195,0.223,1.022,3,780
524260576,0.366,2.134,0.671,-0.188,0.222,0.974,3,780
524261640,-2.683,-0.305,0.488,-0.059,0.089,0.994,3,780
524262586,-3.659,-1.402,0.305,0.055,-0.037,1.033,3,780
524263640,-4.207,-1.768,0.000,0.140,-0.128,1.028,3,780
524264571,-4.268,-1.220,0.183,0.216,-0.157,1.051,3,780
524265640,-3.232,-0.244,0.549,0.235,-0.161,1.077,3,780
524266577,-1.768,1.037,0.366,0.160,-0.152,1.109,3,780
524267640,0.061,2.866,0.549,0.061,-0.073,1.080,3,780
524268573,1.159,3.902,0.976,-0.006,0.047,1.054,3,780
524269640,2.012,3.902,0.793,-0.191,0.201,0.997,3,780
524270579,1.524,2.805,0.793,-0.223,0.237,0.942,3,780
524271640,0.488,1.829,0.610,-0.179,0.222,1.014,3,780
524272576,-1.220,0.671,0.549,-0.140,0.163,1.033,3,780
524273640,-2.744,-0.305,0.244,-0.034,0.060,1.068,3,780
524274583,-3.659,-1.280,-0.244,0.082,-0.066,1.049,3,780
524275640,-3.720,-1.037,-0.122,0.236,-0.167,1.031,3,780
524276588,-2.683,0.183,0.244,0.236,-0.153,1.051,3,780
524277640,-1.341,1.463,0.305,0.147,-0.146,1.058,3,780
524278587,0.061,2.866,0.793,0.033,-0.039,1.011,3,780
524279640,1.280,4.146,0.793,-0.034,0.067,0.993,3,780
524280576,2.195,4.390,0.732,-0.143,0.150,0.956,3,780
524281640,1.890,4.024,0.854,-0.203,0.219,1.046,3,780
524282583,-0.183,1.646,0.610,-0.194,0.208,1.041,3,780
524283640,-2.012,0.427,0.549,-0.095,0.126,1.054,3,780
524284575,-3.415,-0.488,0.061,-0.004,0.033,1.061,3,780
524285640,-4.146,-1.341,-0.427,0.120,-0.075,1.064,3,780
524286588,-4.146,-1.159,-0.061,0.189,-0.134,1.015,3,780
524287640,-3.598,-0.488,0.183,0.236,-0.153,1.028,3,780
524288588,-2.012,0.732,0.305,0.224,-0.182,1.032,3,780
524289640,0.610,3.841,0.610,0.027,-0.028,1.032,3,780
524290575,1.524,4.573,0.854,-0.056,0.073,0.992,3,780
524291640,2.073,4.451,1.037,-0.169,0.178,1.093,3,780
524292584,1.951,3.720,0.854,-0.208,0.222,1.104,3,780
524293640,0.610,2.744,0.305,-0.226,0.247,1.040,3,780
524294580,-0.976,1.463,0.183,-0.163,0.216,1.003,3,780
524295640,-3.659,-0.732,0.183,0.029,0.008,1.034,3,780
524296579,-4.268,-1.707,0.122,0.129,-0.104,1.037,3,780
524297640,-4.451,-1.646,0.061,0.203,-0.154,1.021,3,780
524298584,-3.598,-0.549,0.244,0.240,-0.176,1.076,3,780
524299640,-2.256,1.037,0.488,0.194,-0.184,1.076,3,780
524300575,-0.549,2.500,0.671,0.085,-0.110,1.086,3,780
524301640,1.280,3.720,0.915,0.033,0.004,1.088,3,780
524302740,2.378,4.146,0.732,-0.193,0.217,0.975,3,780
524303286,2.378,4.146,0.732,-0.193,0.217,0.975,3,790
524304344,0.427,2.317,0.488,-0.237,0.256,1.014,3,790
524305638,-1.220,1.220,0.549,-0.149,0.205,1.010,3,790
524306580,-3.049,-0.061,0.244,-0.074,0.072,1.028,3,790
524307638,-4.268,-1.280,-0.061,0.053,-0.033,1.025,3,790
524308576,-4.573,-1.768,-0.061,0.157,-0.131,1.053,3,790
524309638,-2.744,-0.061,0.183,0.258,-0.184,1.069,3,790
524310576,-1.341,1.402,0.427,0.171,-0.151,1.045,3,790
524311638,0.183,3.171,0.793,0.072,-0.083,1.029,3,790
524312576,1.463,4.207,1.037,-0.008,0.051,0.982,3,790
524313638,2.378,4.451,1.159,-0.148,0.146,0.998,3,790
524314576,2.317,4.146,0.854,-0.194,0.221,1.003,3,790
524315638,1.524,3.049,0.671,-0.253,0.245,1.038,3,790
524316575,-1.646,0.671,0.488,-0.120,0.160,1.081,3,790
524317638,-3.354,-0.732,0.427,-0.026,0.050,1.042,3,790
524318576,-4.329,-1.585,-0.061,0.111,-0.079,1.048,3,790
524319638,-4.573,-1.768,-0.122,0.193,-0.144,0.999,3,790
524320584,-4.024,-0.915,0.061,0.252,-0.187,1.022,3,790
524321638,-2.683,0.305,0.000,0.234,-0.205,1.043,3,790
524322576,-0.976,1.951,0.305,0.138,-0.146,1.046,3,790
524323638,2.012,4.756,0.671,-0.065,0.071,1.028,3,790
524324584,2.683,4.573,0.854,-0.166,0.182,1.086,3,790
524325638,2.439,3.780,0.732,-0.189,0.246,1.107,3,790
524326578,1.220,2.683,0.305,-0.265,0.279,1.006,3,790
524327638,-0.061,1.220,0.305,-0.172,0.250,0.985,3,790
524328572,-2.195,-0.061,0.244,-0.083,0.113,1.007,3,790
524329638,-4.878,-1.585,-0.427,0.137,-0.120,1.043,3,790
524330580,-5.000,-1.524,-0.183,0.212,-0.180,1.081,3,790
524331638,-3.841,-0.854,-0.183,0.250,-0.210,1.079,3,790
524332583,-2.317,0.671,0.061,0.206,-0.196,1.066,3,790
524333638,-0.610,2.744,0.305,0.106,-0.111,1.055,3,790
524334576,0.976,4.207,0.488,0.012,-0.000,1.050,3,790
524335638,2.256,4.451,0.793,-0.127,0.133,0.993,3,790
524336581,2.744,4.451,0.793,-0.185,0.237,0.933,3,790
524337638,0.976,2.500,0.366,-0.232,0.248,1.073,3,790
524338578,-0.732,0.915,0.305,-0.151,0.193,1.059,3,790
524339638,-2.866,-0.549,0.122,-0.068,0.087,1.049,3,790
524340576,-4.451,-1.463,-0.183,0.105,-0.042,1.050,3,790
524341638,-4.817,-1.768,-0.122,0.180,-0.143,1.031,3,790
524342582,-4.451,-1.220,-0.061,0.251,-0.184,0.982,3,790
524343638,-1.585,1.463,0.488,0.167,-0.160,1.045,3,790
524344580,0.549,3.049,0.610,0.058,-0.095,1.039,3,790
524345638,2.073,4.207,0.671,-0.059,0.047,0.996,3,790
524346579,2.744,4.451,1.159,-0.151,0.183,1.129,3,790
524347638,2.866,4.268,0.976,-0.198,0.236,1.140,3,790
524348576,1.646,3.171,0.793,-0.266,0.279,1.002,3,790
524349638,0.244,1.890,0.793,-0.196,0.266,0.992,3,790
524350582,-3.537,-0.915,0.183,0.002,0.057,1.029,3,790
524351638,-4.451,-1.890,0.061,0.133,-0.109,1.027,3,790
524352742,-4.817,-1.585,-0.061,0.192,-0.184,1.061,3,790
524353290,-4.146,-0.854,0.061,0.261,-0.224,1.103,3,800
524354367,-2.805,0.671,0.366,0.247,-0.214,1.050,3,800
524355638,-1.037,2.500,0.671,0.127,-0.132,1.073,3,800
524356579,0.915,4.024,0.854,0.015,-0.032,1.098,3,800
524357640,2.805,4.695,1.098,-0.186,0.245,0.919,3,800
524358583,2.256,3.841,0.610,-0.272,0.264,0.980,3,800
524359640,1.098,2.744,0.305,-0.241,0.265,1.098,3,800
524360579,-0.915,1.037,0.244,-0.175,0.204,1.045,3,800
524361640,-2.866,-0.244,0.183,-0.094,0.119,1.052,3,800
524362576,-4.268,-1.220,0.061,0.086,-0.027,1.045,3,800
524363640,-4.634,-1.951,-0.244,0.258,-0.211,0.959,3,800
524364575,-3.293,-0.488,-0.122,0.282,-0.206,1.014,3,800
524365640,-1.646,1.585,0.366,0.192,-0.191,1.063,3,800
524366583,0.610,3.171,0.854,0.069,-0.138,1.068,3,800
524367640,2.134,4.207,1.037,-0.060,0.031,1.073,3,800
524368575,3.049,4.573,1.220,-0.120,0.182,1.104,3,800
524369640,2.988,4.146,1.037,-0.221,0.250,1.101,3,800
524370585,2.317,3.110,0.732,-0.270,0.308,0.983,3,800
524371640,-2.012,0.366,0.427,-0.158,0.187,0.972,3,800
524372579,-3.537,-0.793,0.366,-0.018,0.066,1.050,3,800
524373640,-4.756,-1.829,-0.061,0.129,-0.116,1.060,3,800
524374583,-5.122,-1.890,-0.244,0.198,-0.209,1.089,3,800
524375640,-4.329,-1.098,0.000,0.291,-0.228,1.051,3,800
524376575,-2.866,0.366,0.366,0.255,-0.216,1.020,3,800
524377640,1.280,3.537,0.854,0.002,-0.040,1.000,3,800
524378579,2.439,4.573,1.341,-0.099,0.136,0.975,3,800
524379640,3.232,4.817,1.341,-0.174,0.228,1.024,3,800
524380579,2.683,3.659,0.976,-0.291,0.278,1.094,3,800
524381640,1.280,2.378,0.549,-0.234,0.265,1.052,3,800
524382575,-1.220,1.280,0.366,-0.189,0.237,1.066,3,800
524383640,-2.988,-0.244,0.183,-0.071,0.144,1.012,3,800
524384580,-5.061,-1.768,-0.427,0.154,-0.158,1.010,3,800
524385640,-4.634,-1.402,0.122,0.261,-0.219,0.980,3,800
524386584,-3.963,-0.183,0.366,0.286,-0.229,1.069,3,800
524387640,-2.134,1.646,0.549,0.186,-0.215,1.164,3,800
524388588,0.244,2.927,0.732,0.056,-0.118,1.162,3,800
524389640,2.012,4.085,0.915,-0.038,0.057,1.062,3,800
524390575,2.866,4.695,1.037,-0.119,0.207,0.954,3,800
524391640,2.195,3.476,0.549,-0.278,0.307,1.053,3,800
524392579,0.366,1.951,0.366,-0.230,0.264,0.994,3,800
524393640,-2.012,0.427,0.305,-0.136,0.173,1.019,3,800
524394579,-4.024,-0.854,0.122,0.027,0.050,1.052,3,800
524395640,-5.305,-1.890,-0.183,0.130,-0.116,1.077,3,800
524396586,-5.305,-1.951,0.000,0.216,-0.201,1.029,3,800
524397640,-2.439,0.671,0.427,0.252,-0.225,0.983,3,800
524398571,-0.549,2.378,0.488,0.114,-0.148,0.995,3,800
524399640,1.159,3.598,0.915,-0.004,-0.049,1.054,3,800
524400581,2.317,4.634,1.098,-0.095,0.124,1.132,3,800
524401640,3.049,4.329,1.220,-0.190,0.250,1.121,3,800
524402737,2.622,3.537,1.037,-0.263,0.286,1.030,3,800
524403286,1.220,2.439,0.366,-0.238,0.308,1.023,3,809
524404344,-1.098,1.098,0.244,-0.180,0.233,0.991,3,809
524405638,-4.756,-1.402,0.061,0.082,-0.066,1.032,3,809
524406580,-5.488,-1.890,-0.305,0.155,-0.184,1.062,3,809
524407638,-4.878,-1.341,-0.244,0.260,-0.232,1.075,3,809
524408580,-3.720,-0.122,0.305,0.287,-0.246,1.132,3,809
524409638,-1.402,1.524,0.488,0.176,-0.195,1.085,3,809
524410580,0.671,2.927,0.671,0.054,-0.088,0.979,3,809
524411638,2.622,4.512,1.341,-0.153,0.222,0.931,3,809
524412578,2.866,4.085,1.098,-0.271,0.275,1.058,3,809
524413638,1.646,3.293,0.671,-0.247,0.284,1.098,3,809
524414576,-0.427,1.707,0.549,-0.221,0.250,1.051,3,809
524415638,-2.439,0.305,0.183,-0.114,0.165,1.018,3,809
524416578,-3.963,-1.037,0.000,0.062,0.017,1.040,3,809
524417638,-5.244,-1.951,-0.366,0.142,-0.126,1.017,3,809
524418576,-4.146,-0.732,-0.122,0.280,-0.248,1.008,3,809
524419638,-2.378,1.098,0.549,0.215,-0.225,1.105,3,809
524420586,0.000,2.866,0.610,0.092,-0.159,1.182,3,809
524421638,1.707,3.841,0.793,-0.014,-0.010,1.105,3,809
524422568,2.988,4.512,0.976,-0.098,0.183,0.992,3,809
524423638,3.171,4.451,0.976,-0.207,0.273,0.948,3,809
524424584,2.500,3.659,0.610,-0.283,0.324,1.043,3,809
524425638,-1.280,0.854,0.122,-0.173,0.188,1.015,3,809
524426576,-3.293,-0.366,-0.061,-0.000,0.071,1.055,3,809
524427638,-4.634,-1.585,-0.122,0.115,-0.095,1.062,3,809
524428647,-5.183,-2.073,-0.305,0.208,-0.189,0.997,3,809
524429158,-4.817,-1.341,-0.183,0.292,-0.232,0.969,3,809
524430712,-3.476,0.183,0.122,0.263,-0.237,0.958,3,809
524431237,-1.280,2.195,0.427,0.145,-0.187,1.112,3,809
524432700,2.317,4.451,1.098,-0.077,0.108,1.126,3,809
524433211,2.317,4.451,1.098,-0.077,0.108,1.126,3,809
524434700,3.171,3.963,0.915,-0.271,0.318,0.963,3,809
524435211,1.829,2.927,0.610,-0.241,0.319,1.006,3,809
524436700,-0.366,1.402,0.488,-0.207,0.241,0.981,3,809
524437211,-2.378,-0.122,0.366,-0.055,0.137,1.032,3,809
524438700,-5.183,-2.256,-0.061,0.161,-0.167,1.059,3,809
524439211,-5.183,-2.256,-0.061,0.161,-0.167,1.059,3,809
524440700,-4.146,-0.122,0.183,0.277,-0.249,1.010,3,809
524441209,-1.890,1.402,0.549,0.187,-0.202,0.979,3,809
524442700,0.244,2.988,0.732,0.057,-0.107,1.005,3,809
524443209,2.073,4.268,0.854,-0.055,0.065,1.030,3,809
524444700,3.049,4.634,0.976,-0.247,0.284,1.121,3,809
524445210,3.049,4.207,0.976,-0.247,0.284,1.121,3,809
524446700,0.000,2.195,0.427,-0.232,0.292,1.050,3,809
524447209,0.000,2.195,0.427,-0.232,0.292,1.050,3,809
524448701,-4.268,-1.098,0.122,0.035,0.006,1.022,3,809
524449212,-5.610,-1.768,0.122,0.134,-0.136,1.044,3,809
524450700,-5.305,-1.646,-0.061,0.236,-0.236,1.080,3,809
524451236,-4.390,-0.732,0.427,0.276,-0.263,1.083,3,809
524452496,-2.683,0.793,0.610,0.218,-0.229,1.044,3,809
524453639,2.195,4.268,1.098,-0.017,0.021,0.967,3,819
524454612,3.232,4.939,1.098,-0.121,0.166,0.965,3,819
524455638,3.171,4.878,1.098,-0.242,0.274,1.064,3,819
524456586,2.439,3.902,0.854,-0.257,0.305,1.083,3,819
524457640,0.915,2.439,0.488,-0.248,0.289,1.059,3,819
524458581,-1.220,1.037,0.183,-0.161,0.212,1.037,3,819
524459640,-4.817,-1.707,-0.122,0.115,-0.083,1.011,3,819
524460578,-5.244,-1.829,-0.305,0.216,-0.205,1.039,3,819
524461640,-4.817,-1.341,0.183,0.264,-0.277,1.080,3,819
524462589,-3.049,0.305,0.488,0.238,-0.266,1.115,3,819
524463640,-0.854,2.012,0.671,0.147,-0.196,1.075,3,819
524464578,1.037,3.902,0.854,0.010,-0.022,1.051,3,819
524465640,3.476,4.451,0.854,-0.213,0.258,0.954,3,819
524466583,2.561,4.024,0.732,-0.259,0.327,1.091,3,819
524467640,0.915,2.622,0.610,-0.249,0.301,1.031,3,819
524468576,-0.915,1.220,0.122,-0.192,0.234,1.040,3,819
524469640,-2.866,-0.305,-0.183,-0.036,0.099,1.018,3,819
524470575,-4.512,-1.768,-0.183,0.088,-0.050,1.000,3,819
524471640,-5.366,-2.134,-0.183,0.207,-0.177,1.000,3,819
524472584,-4.878,-1.524,-0.122,0.261,-0.264,1.038,3,819
524473640,-1.280,1.768,0.549,0.169,-0.222,1.107,3,819
524474578,0.976,3.293,0.854,0.052,-0.077,1.126,3,819
524475640,2.561,4.329,1.159,-0.053,0.092,1.003,3,819
524476572,3.354,4.451,1.098,-0.172,0.239,0.928,3,819
524477640,2.866,4.146,0.793,-0.250,0.327,1.042,3,819
524478583,1.463,3.049,0.610,-0.262,0.324,1.029,3,819
524479640,-2.866,-0.122,-0.244,-0.078,0.124,1.043,3,819
524480583,-4.756,-1.220,-0.183,0.061,-0.008,1.016,3,819
524481640,-5.427,-1.890,-0.122,0.185,-0.141,0.985,3,819
524482576,-5.305,-1.341,-0.061,0.244,-0.244,1.002,3,819
524483640,-4.268,-0.244,0.366,0.260,-0.294,1.084,3,819
524484588,-2.073,1.341,0.488,0.180,-0.247,1.106,3,819
524485640,0.183,3.110,0.854,0.080,-0.114,1.146,3,819
524486575,3.232,4.634,1.341,-0.151,0.219,0.966,3,819
524487640,3.293,4.451,0.915,-0.223,0.325,0.991,3,819
524488579,2.317,3.598,0.610,-0.256,0.356,1.004,3,819
524489640,0.305,1.951,0.244,-0.220,0.279,1.020,3,819
524490575,-2.012,0.427,0.122,-0.106,0.148,1.046,3,819
524491640,-4.085,-0.732,0.061,0.034,0.001,1.030,3,819
524492581,-5.427,-1.707,-0.183,0.169,-0.124,0.980,3,819
524493640,-4.390,-0.549,0.183,0.254,-0.292,1.045,3,819
524494580,-2.561,1.159,0.427,0.190,-0.253,1.094,3,819
524495640,-0.122,2.805,1.037,0.099,-0.133,1.120,3,819
524496579,1.951,4.146,1.280,-0.036,0.008,1.114,3,819
524497640,3.171,4.390,1.037,-0.132,0.191,1.055,3,819
524498576,3.171,4.085,0.671,-0.211,0.293,0.970,3,819
524499640,0.488,2.195,0.427,-0.223,0.289,0.991,3,819
524500586,-1.524,0.610,-0.305,-0.140,0.165,1.038,3,819
524501640,-3.659,-0.732,-0.244,-0.006,0.042,1.034,3,819
524502736,-5.183,-1.402,-0.244,0.141,-0.100,1.007,3,819
524503272,-5.488,-1.524,-0.183,0.232,-0.222,0.974,3,829
524504330,-4.512,-0.610,0.061,0.233,-0.288,1.015,3,829
524505638,-2.988,0.854,0.549,0.209,-0.250,1.062,3,829
524506580,-0.915,2.378,0.915,0.126,-0.156,1.083,3,829
524507638,3.354,4.146,1.220,-0.122,0.158,1.105,3,829
524508583,3.659,4.085,1.402,-0.198,0.286,1.016,3,829
524509638,2.866,3.841,0.915,-0.247,0.373,1.009,3,829
524510580,0.915,2.378,0.366,-0.223,0.322,0.987,3,829
524511638,-1.463,0.915,-0.122,-0.155,0.182,1.025,3,829
524512580,-3.780,-0.732,-0.366,-0.021,0.062,1.043,3,829
524513638,-5.793,-1.829,-0.183,0.226,-0.206,0.962,3,829
524514665,-4.573,-0.976,-0.122,0.236,-0.277,0.993,3,829
524515189,-4.573,-0.976,-0.122,0.236,-0.277,0.993,3,829
524516700,-0.793,2.317,0.732,0.126,-0.182,1.072,3,829
524517210,1.402,3.659,0.915,0.007,-0.052,1.130,3,829
524518700,3.110,4.207,0.976,-0.106,0.141,1.118,3,829
524519210,3.354,3.841,0.976,-0.185,0.266,1.027,3,829
524520700,1.098,2.439,0.488,-0.229,0.333,0.983,3,829
524521204,1.098,2.439,0.488,-0.229,0.333,0.983,3,829
524522700,-3.415,-0.183,-0.427,-0.029,0.068,1.040,3,829
524523209,-5.000,-1.402,-0.366,0.105,-0.081,1.024,3,829
524524700,-5.793,-1.585,-0.183,0.216,-0.202,0.953,3,829
524525213,-5.183,-1.159,0.061,0.223,-0.271,1.008,3,829
524526700,-1.402,2.012,0.549,0.142,-0.191,1.077,3,829
524527209,-1.402,2.012,0.549,0.142,-0.191,1.077,3,829
524528700,2.927,4.146,0.976,-0.086,0.131,1.099,3,829
524529209,2.927,4.146,0.976,-0.086,0.131,1.099,3,829
524530700,2.927,3.963,0.793,-0.239,0.371,1.008,3,829
524531209,1.220,2.744,0.732,-0.230,0.330,0.989,3,829
524532700,-0.915,1.524,0.122,-0.152,0.206,1.033,3,829
524533209,-3.049,0.000,-0.244,-0.044,0.091,1.045,3,829
524534700,-5.549,-1.463,-0.061,0.203,-0.184,0.952,3,829
524535204,-5.549,-1.463,-0.061,0.203,-0.184,0.952,3,829
524536701,-3.415,0.488,0.366,0.213,-0.261,1.054,3,829
524537211,-0.976,1.951,0.549,0.143,-0.199,1.093,3,829
524538700,0.915,3.354,0.793,0.015,-0.060,1.168,3,829
524539209,2.683,3.963,0.976,-0.078,0.118,1.029,3,829
524540700,3.232,4.146,0.610,-0.222,0.351,1.033,3,829
524541209,3.232,4.146,0.610,-0.222,0.351,1.033,3,829
524542700,-0.976,1.463,0.244,-0.156,0.213,1.031,3,829
524543209,-2.927,0.000,-0.183,-0.017,0.088,1.032,3,829
524544700,-4.939,-1.098,-0.244,0.078,-0.060,0.984,3,829
524545210,-5.732,-1.585,-0.427,0.169,-0.173,0.954,3,829
524546700,-4.939,-0.976,0.000,0.239,-0.281,1.066,3,829
524547208,-3.537,0.305,0.244,0.197,-0.267,1.106,3,829
524548700,1.159,3.232,1.220,0.041,-0.050,1.092,3,829
524549210,1.159,3.232,1.220,0.041,-0.050,1.092,3,829
524550700,3.537,4.207,0.976,-0.182,0.260,1.016,3,829
524551238,2.988,3.902,0.732,-0.211,0.333,1.055,3,829
524552491,1.524,2.683,0.610,-0.232,0.290,1.035,3,829
524553638,-0.915,1.524,0.244,-0.143,0.237,1.024,3,839
524554616,-4.695,-0.915,0.000,0.071,-0.070,0.965,3,839
524555638,-5.183,-1.220,-0.183,0.155,-0.181,0.963,3,839
524556580,-5.000,-0.915,-0.122,0.229,-0.250,1.055,3,839
524557640,-3.598,0.183,0.305,0.184,-0.280,1.178,3,839
524558579,-1.402,1.402,0.671,0.130,-0.189,1.177,3,839
524559640,0.732,2.683,1.037,0.048,-0.036,0.997,3,839
524560579,2.195,3.659,1.037,-0.054,0.129,0.907,3,839
524561640,2.683,3.841,0.732,-0.203,0.308,1.077,3,839
524562579,1.341,2.805,0.427,-0.229,0.281,1.055,3,839
524563640,-0.854,1.524,0.305,-0.130,0.223,0.997,3,839
524564575,-2.744,0.183,-0.122,-0.021,0.093,0.999,3,839
524565640,-4.207,-0.976,-0.244,0.071,-0.082,0.980,3,839
524566587,-4.939,-1.220,0.000,0.138,-0.192,1.051,3,839
524567640,-3.110,0.244,0.549,0.174,-0.262,1.151,3,839
524568579,-0.976,1.463,0.671,0.136,-0.171,1.069,3,839
524569640,0.793,2.561,0.610,0.045,0.005,0.903,3,839
524570571,2.256,3.598,0.732,-0.072,0.133,0.935,3,839
524571640,3.232,4.085,0.732,-0.187,0.246,1.116,3,839
524572580,2.378,3.232,0.793,-0.193,0.293,1.091,3,839
524573640,0.671,2.439,0.610,-0.211,0.284,1.063,3,839
524574578,-1.037,1.220,0.183,-0.102,0.229,0.973,3,839
524575640,-4.695,-0.793,-0.244,0.052,-0.081,1.042,3,839
524576578,-5.122,-0.793,-0.244,0.139,-0.196,1.101,3,839
524577640,-4.512,-0.183,0.427,0.223,-0.255,1.104,3,839
524578584,-2.988,0.549,0.427,0.157,-0.228,0.992,3,839
524579640,-0.793,1.646,0.549,0.117,-0.154,0.946,3,839
524580584,1.159,3.110,0.671,0.017,0.000,0.979,3,839
524581640,3.110,3.841,0.976,-0.176,0.230,1.084,3,839
524582566,2.561,3.415,0.854,-0.170,0.310,1.070,3,839
524583640,0.854,2.500,0.488,-0.186,0.295,1.009,3,839
524584579,-1.280,1.524,0.244,-0.081,0.216,1.004,3,839
524585640,-3.659,0.061,0.061,-0.009,0.039,1.041,3,839
524586579,-4.939,-0.915,-0.183,0.059,-0.108,1.061,3,839
524587640,-5.000,-0.854,-0.244,0.163,-0.184,1.032,3,839
524588591,-2.805,0.732,0.427,0.142,-0.231,0.921,3,839
524589640,-0.671,1.951,0.488,0.079,-0.135,1.030,3,839
524590587,0.793,2.805,0.732,0.029,-0.006,1.148,3,839
524591640,1.890,3.415,0.915,-0.096,0.134,1.157,3,839
524592575,2.317,3.476,0.793,-0.162,0.267,1.042,3,839
524593640,1.829,3.232,0.610,-0.179,0.311,0.995,3,839
524594578,0.427,2.500,0.122,-0.160,0.300,0.999,3,839
524595640,-3.354,-0.061,0.000,-0.023,0.010,1.049,3,839
524596573,-4.756,-0.671,0.000,0.083,-0.104,0.978,3,839
524597640,-5.183,-0.793,0.122,0.172,-0.186,0.941,3,839
524598580,-4.390,0.000,0.366,0.166,-0.235,0.979,3,839
524599640,-2.805,1.037,0.427,0.119,-0.241,1.120,3,839
524600567,-0.732,1.951,0.793,0.080,-0.132,1.154,3,839
524601640,2.317,3.354,0.732,-0.102,0.165,0.991,3,839
524602740,2.317,3.659,0.488,-0.153,0.290,1.033,3,839
524603286,2.317,3.659,0.488,-0.153,0.290,1.033,3,848
524604355,0.122,2.439,0.549,-0.148,0.262,1.045,3,848
524605638,-1.707,1.037,0.183,-0.052,0.134,1.046,3,848
524606588,-3.354,0.183,0.061,-0.003,0.005,0.979,3,848
524607638,-4.573,-0.549,0.061,0.087,-0.101,0.960,3,848
524608575,-4.817,-0.427,0.244,0.159,-0.210,1.016,3,848
524609638,-1.951,1.159,0.549,0.119,-0.229,1.124,3,848
524610580,-0.061,2.012,0.793,0.088,-0.072,1.049,3,848
524611638,1.463,2.622,1.159,0.004,0.083,0.961,3,848
524612574,2.378,3.293,1.280,-0.126,0.208,1.041,3,848
524613638,2.439,3.354,1.037,-0.165,0.257,1.042,3,848
524614576,1.098,2.683,0.854,-0.169,0.272,1.059,3,848
524615638,-2.012,0.732,-0.122,-0.036,0.107,1.000,3,848
524616576,-3.780,0.061,-0.244,0.005,-0.019,0.992,3,848
524617638,-4.573,-0.366,-0.122,0.103,-0.131,1.079,3,848
524618574,-4.329,-0.183,0.183,0.165,-0.219,1.097,3,848
524619638,-3.049,0.244,0.244,0.145,-0.232,1.049,3,848
524620576,-1.280,1.220,0.366,0.104,-0.163,0.979,3,848
524621638,0.427,2.073,0.671,0.070,-0.042,0.934,3,848
524622579,2.744,3.476,0.549,-0.138,0.201,1.132,3,848
524623638,2.195,3.049,0.427,-0.152,0.273,1.066,3,848
524624580,0.915,2.317,0.488,-0.153,0.284,0.994,3,848
524625638,-0.488,1.463,0.244,-0.090,0.221,1.016,3,848
524626580,-2.561,0.305,0.061,-0.028,0.078,1.035,3,848
524627638,-3.902,-0.244,-0.061,0.024,-0.050,1.072,3,848
524628572,-4.329,-0.366,-0.183,0.132,-0.155,0.974,3,848
524629638,-2.805,0.610,0.427,0.116,-0.232,1.016,3,848
524630584,-1.037,1.524,0.549,0.086,-0.157,1.073,3,848
524631638,0.549,2.195,0.915,0.034,-0.021,1.136,3,848
524632575,2.012,2.744,0.793,-0.073,0.107,1.102,3,848
524633638,2.561,2.866,0.610,-0.114,0.234,1.042,3,848
524634576,2.073,2.866,0.488,-0.151,0.296,1.021,3,848
524635638,-0.976,1.524,0.061,-0.080,0.161,1.047,3,848
524636575,-3.049,0.610,-0.122,-0.022,0.042,1.025,3,848
524637638,-4.329,-0.488,-0.122,0.058,-0.073,0.944,3,848
524638580,-4.695,-0.427,0.061,0.137,-0.173,1.006,3,848
524639638,-4.146,0.183,0.183,0.126,-0.235,1.071,3,848
524640576,-2.683,0.976,0.366,0.104,-0.245,1.104,3,848
524641638,-1.159,1.829,0.671,0.093,-0.112,1.096,3,848
524642588,0.732,2.622,0.976,0.021,0.023,1.009,3,848
524643638,1.890,3.171,0.793,-0.132,0.259,1.030,3,848
524644575,1.098,2.805,0.671,-0.143,0.266,1.054,3,848
524645638,0.183,2.073,0.183,-0.123,0.242,1.047,3,848
524646583,-1.463,1.098,0.305,-0.042,0.126,1.012,3,848
524647638,-3.171,0.183,0.000,-0.003,0.015,0.977,3,848
524648576,-4.329,-0.122,0.122,0.077,-0.106,1.088,3,848
524649638,-3.415,0.305,0.427,0.130,-0.236,1.055,3,848
524650576,-1.951,1.220,0.549,0.104,-0.180,0.993,3,848
524651638,-0.122,1.951,0.793,0.068,-0.064,0.917,3,848
524652739,1.402,2.439,0.854,-0.050,0.066,1.075,3,848
524653280,2.317,2.866,0.854,-0.095,0.168,1.130,3,858
524654343,2.195,2.927,0.854,-0.136,0.254,1.062,3,858
524655638,1.402,2.500,0.732,-0.128,0.287,1.007,3,858
524656578,-2.439,0.976,0.183,-0.050,0.103,1.042,3,858
524657640,-3.720,0.549,-0.061,0.022,-0.039,1.060,3,858
524658584,-4.573,0.244,0.061,0.099,-0.126,0.955,3,858
524659640,-4.329,0.244,0.122,0.117,-0.202,0.974,3,858
524660588,-3.171,0.610,0.244,0.110,-0.227,0.985,3,858
524661640,-1.159,1.402,0.671,0.080,-0.160,1.073,3,858
524662584,0.244,2.134,0.854,0.037,-0.048,1.167,3,858
524663640,2.134,2.500,0.549,-0.083,0.232,1.023,3,858
524664579,1.768,2.927,0.549,-0.128,0.287,1.021,3,858
524665640,0.244,2.195,0.183,-0.126,0.274,1.042,3,858
524666584,-1.159,0.976,-0.122,-0.069,0.177,1.037,3,858
524667640,-2.805,0.366,-0.122,-0.013,0.055,0.986,3,858
524668586,-3.720,0.061,0.061,0.055,-0.057,0.958,3,858
524669640,-3.659,0.488,0.305,0.102,-0.233,1.077,3,858
524670575,-2.317,1.037,0.366,0.093,-0.212,1.111,3,858
524671640,-0.366,1.402,0.610,0.079,-0.096,1.015,3,858
524672575,1.037,1.951,0.915,0.007,0.035,0.935,3,858
524673640,2.134,2.866,0.915,-0.069,0.149,1.076,3,858
524674574,2.744,2.744,0.915,-0.128,0.244,1.064,3,858
524675640,1.768,2.439,0.610,-0.114,0.263,1.065,3,858
524676579,0.122,1.768,0.183,-0.093,0.235,1.029,3,858
524677640,-3.354,0.427,0.000,0.010,0.005,1.070,3,858
524678570,-4.390,-0.122,0.000,0.074,-0.114,1.050,3,858
524679640,-4.329,0.000,0.183,0.114,-0.197,0.965,3,858
524680566,-3.476,0.671,0.488,0.104,-0.208,0.991,3,858
524681640,-1.890,1.402,0.610,0.081,-0.173,0.973,3,858
524682575,-0.183,2.012,0.854,0.036,-0.071,1.124,3,858
524683640,2.195,2.378,0.915,-0.070,0.189,1.047,3,858
524684590,1.829,2.744,0.549,-0.113,0.282,1.026,3,858
524685640,0.976,2.622,0.305,-0.128,0.280,1.016,3,858
524686584,-0.671,1.646,-0.061,-0.068,0.181,1.038,3,858
524687640,-2.500,0.732,-0.122,-0.030,0.084,1.019,3,858
524688576,-3.963,0.549,0.122,0.042,-0.031,0.938,3,858
524689640,-4.634,0.427,0.061,0.084,-0.131,1.031,3,858
524690580,-2.622,0.915,0.549,0.093,-0.226,1.124,3,858
524691640,-0.915,1.402,0.671,0.080,-0.135,1.066,3,858
524692575,0.305,1.890,0.976,0.028,0.015,0.941,3,858
524693640,1.585,2.378,0.915,-0.055,0.134,1.026,3,858
524694587,2.195,2.927,0.793,-0.105,0.221,1.073,3,858
524695640,1.646,2.500,0.366,-0.107,0.259,1.064,3,858
524696587,0.244,1.890,0.183,-0.090,0.234,1.047,3,858
524697640,-3.110,0.610,0.183,-0.002,0.021,1.059,3,858
524698583,-4.268,0.183,-0.061,0.054,-0.088,1.069,3,858
524699640,-4.390,0.061,0.183,0.097,-0.177,0.969,3,858
524700574,-3.720,0.671,0.366,0.088,-0.204,0.991,3,858
524701640,-2.012,1.220,0.488,0.086,-0.168,0.946,3,858
524702752,-0.305,1.707,0.854,0.021,-0.077,1.117,3,858
524703299,1.220,2.256,0.976,-0.000,0.043,1.167,3,868
524704350,1.829,2.317,0.976,-0.064,0.172,1.033,3,868
524705638,1.098,2.378,0.488,-0.100,0.254,1.016,3,868
524706583,-0.488,1.768,0.183,-0.068,0.197,1.045,3,868
524707638,-2.195,1.037,0.183,-0.025,0.084,1.030,3,868
524708571,-3.537,0.244,0.183,0.029,-0.021,0.927,3,868
524709638,-4.329,0.122,0.183,0.060,-0.120,1.035,3,868
524710579,-4.024,0.427,0.244,0.087,-0.226,1.076,3,868
524711638,-1.341,0.976,0.610,0.065,-0.138,1.075,3,868
524712571,0.244,1.646,0.976,0.030,0.003,0.931,3,868
524713638,1.220,2.134,0.915,-0.042,0.127,1.013,3,868
524714576,1.768,2.683,0.976,-0.080,0.217,1.077,3,868
524715638,1.280,2.622,0.671,-0.100,0.251,1.061,3,868
524716568,0.305,2.012,0.427,-0.089,0.231,1.037,3,868
524717638,-2.988,0.793,-0.122,0.001,0.049,1.069,3,868
524718634,-4.146,0.366,-0.305,0.057,-0.084,1.076,3,868
524719153,-4.146,0.366,-0.305,0.057,-0.084,1.076,3,868
524720704,-3.476,1.037,0.305,0.090,-0.190,0.962,3,868
524721217,-2.134,1.159,0.671,0.068,-0.170,0.970,3,868
524722700,-0.610,1.707,0.793,0.026,-0.077,1.150,3,868
524723219,0.793,1.829,1.037,0.013,0.030,1.166,3,868
524724700,1.585,2.622,0.854,-0.082,0.270,1.018,3,868
524725212,1.585,2.622,0.854,-0.082,0.270,1.018,3,868
524726700,-0.610,1.707,0.183,-0.052,0.193,1.040,3,868
524727212,-1.951,0.854,0.122,-0.013,0.092,1.002,3,868
524728700,-3.354,0.366,0.061,0.032,-0.040,0.926,3,868
524729219,-3.902,0.366,-0.122,0.046,-0.121,1.106,3,868
524730700,-2.683,0.854,0.305,0.071,-0.199,1.096,3,868
524731219,-2.683,0.854,0.305,0.071,-0.199,1.096,3,868
524732700,0.366,1.585,0.793,0.032,-0.003,0.912,3,868
524733219,0.366,1.585,0.793,0.032,-0.003,0.912,3,868
524734700,2.012,2.073,0.610,-0.069,0.200,1.067,3,868
524735219,1.524,2.073,0.366,-0.080,0.242,1.062,3,868
524736700,0.183,1.768,0.183,-0.059,0.244,1.019,3,868
524737214,-1.646,1.280,-0.122,-0.026,0.128,1.048,3,868
524738700,-4.024,0.610,-0.183,0.073,-0.094,0.962,3,868
524739210,-4.024,0.610,-0.183,0.073,-0.094,0.962,3,868
524740700,-3.659,1.098,0.488,0.051,-0.186,1.013,3,868
524741212,-1.951,1.280,0.732,0.036,-0.180,1.142,3,868
524742700,-0.305,1.707,0.793,0.030,-0.064,1.145,3,868
524743214,1.220,1.890,0.854,0.006,0.037,1.000,3,868
524744700,1.768,2.683,0.610,-0.071,0.259,1.032,3,868
524745212,1.768,2.683,0.610,-0.071,0.259,1.032,3,868
524746700,-0.244,1.646,0.244,-0.030,0.184,1.025,3,868
524747214,-0.244,1.646,0.244,-0.030,0.184,1.025,3,868
524748700,-3.598,0.549,0.061,0.025,-0.025,1.047,3,868
524749207,-4.207,0.610,0.000,0.051,-0.141,1.146,3,868
524750726,-3.537,0.793,0.244,0.062,-0.195,1.017,3,868
524751240,-2.378,1.220,0.488,0.061,-0.171,0.983,3,868
524752488,-1.037,1.524,0.732,-0.002,0.014,1.125,3,868
524753639,1.646,1.951,0.976,-0.045,0.106,1.034,3,878
524754609,1.707,1.951,0.305,-0.049,0.224,1.055,3,878
524755638,0.915,2.378,0.427,-0.073,0.251,1.021,3,878
524756580,0.000,1.890,0.061,-0.043,0.231,1.041,3,878
524757640,-1.341,1.341,-0.305,-0.008,0.097,1.053,3,878
524758578,-2.805,0.915,-0.183,-0.002,0.011,0.999,3,878
524759640,-3.780,1.220,0.366,0.054,-0.169,1.068,3,878
524760582,-2.805,1.280,0.427,0.047,-0.205,1.139,3,878
524761640,-1.524,1.220,0.610,0.046,-0.160,1.118,3,878
524762584,-0.244,1.524,0.915,0.035,-0.020,0.901,3,878
524763640,0.915,2.012,0.732,-0.010,0.082,1.056,3,878
524764578,1.280,2.561,0.549,-0.065,0.194,1.062,3,878
524765640,0.427,1.890,0.427,-0.058,0.227,1.004,3,878
524766675,-0.915,1.585,0.183,-0.011,0.169,1.040,3,878
524767199,-0.915,1.585,0.183,-0.011,0.169,1.040,3,878
524768700,-3.659,0.915,0.061,0.026,-0.052,1.079,3,878
524769221,-3.902,0.610,0.427,0.069,-0.144,0.876,3,878
524770699,-3.171,0.915,0.488,0.039,-0.167,0.939,3,878
524771212,-1.829,1.402,0.610,0.037,-0.188,1.088,3,878
524772705,0.610,1.585,0.732,-0.007,0.021,1.023,3,878
524773223,0.610,1.585,0.732,-0.007,0.021,1.023,3,878
524774706,1.463,2.012,0.427,-0.065,0.234,1.012,3,878
524775225,0.671,2.073,0.366,-0.065,0.239,1.066,3,878
524776699,-0.671,1.402,0.305,-0.012,0.178,1.005,3,878
524777212,-1.951,0.732,0.244,-0.009,0.077,0.981,3,878
524778699,-3.598,0.976,-0.061,0.038,-0.110,1.148,3,878
524779210,-3.598,0.976,-0.061,0.038,-0.110,1.148,3,878
524780699,-2.317,1.220,0.488,0.049,-0.160,0.939,3,878
524781204,-2.317,1.220,0.488,0.049,-0.160,0.939,3,878
524782699,0.244,1.951,0.732,-0.006,-0.011,1.154,3,878
524783210,1.280,1.890,0.854,-0.052,0.107,1.033,3,878
524784699,1.585,2.256,0.549,-0.049,0.199,1.066,3,878
524785205,0.732,2.134,0.305,-0.065,0.239,1.023,3,878
524786699,-1.646,1.220,0.366,0.001,0.114,1.023,3,878
524787204,-1.646,1.220,0.366,0.001,0.114,1.023,3,878
524788699,-3.902,0.549,-0.061,0.036,-0.090,0.961,3,878
524789210,-4.085,0.976,0.488,0.047,-0.164,1.171,3,878
524790699,-3.171,1.402,0.549,0.026,-0.199,1.137,3,878
524791211,-1.707,1.220,0.610,0.042,-0.147,0.975,3,878
524792699,0.793,2.134,0.793,-0.031,0.076,1.131,3,878
524793211,0.793,2.134,0.793,-0.031,0.076,1.131,3,878
524794699,1.098,1.951,0.549,-0.073,0.232,1.066,3,878
524795211,0.244,1.768,0.305,-0.033,0.227,1.010,3,878
524796699,-1.037,1.341,0.427,0.013,0.143,1.069,3,878
524797211,-2.378,0.915,0.305,0.005,0.031,1.057,3,878
524798699,-3.598,1.037,0.244,0.066,-0.135,0.883,3,878
524799212,-3.598,1.037,0.244,0.066,-0.135,0.883,3,878
524800699,-1.768,1.646,0.549,0.016,-0.175,1.177,3,878
524801240,-1.768,1.646,0.549,0.016,-0.175,1.177,3,878
524802499,1.159,1.768,0.793,-0.015,0.050,0.976,3,878
524803638,1.707,2.012,0.732,-0.035,0.188,1.062,3,887
524804675,1.463,1.829,0.671,-0.058,0.220,1.031,3,887
524805194,0.854,2.073,0.244,-0.051,0.229,1.033,3,887
524806711,-2.012,1.098,0.122,0.001,0.068,1.048,3,887
524807232,-2.012,1.098,0.122,0.001,0.068,1.048,3,887
524808216,-3.049,0.793,0.061,0.012,-0.041,1.114,3,887
524809697,-3.171,1.159,0.488,0.049,-0.166,0.892,3,887
524810204,-1.768,1.585,0.488,0.017,-0.167,1.032,3,887
524811700,-0.549,1.768,0.793,0.012,-0.106,1.174,3,887
524812210,0.427,1.646,0.854,-0.007,0.002,1.065,3,887
524813700,1.159,1.890,0.610,-0.056,0.221,1.031,3,887
524814208,1.159,1.890,0.610,-0.056,0.221,1.031,3,887
524815700,-0.427,1.524,-0.061,0.001,0.193,0.999,3,887
524816208,-1.768,1.159,0.122,0.011,0.085,0.993,3,887
524817706,-2.927,0.915,-0.061,-0.001,-0.024,1.074,3,887
524818223,-3.720,1.037,0.000,0.033,-0.098,1.165,3,887
524819710,-2.866,1.159,0.549,0.013,-0.154,0.907,3,887
524820223,-2.866,1.159,0.549,0.013,-0.154,0.907,3,887
524821700,0.305,1.890,0.610,-0.008,-0.032,1.139,3,887
524822212,1.402,1.646,0.427,-0.036,0.096,1.020,3,887
524823700,1.341,2.012,0.427,-0.040,0.198,1.045,3,887
524824207,1.037,2.073,0.549,-0.062,0.248,1.044,3,887
524825700,0.122,1.768,0.366,-0.003,0.221,1.044,3,887
524826212,-1.280,1.159,0.122,0.009,0.114,0.989,3,887
524827700,-3.293,0.976,0.244,0.022,-0.079,1.115,3,887
524828212,-3.293,0.976,0.244,0.022,-0.079,1.115,3,887
524829700,-2.866,1.159,0.305,0.024,-0.183,0.976,3,887
524830213,-1.524,1.402,0.488,0.029,-0.123,0.903,3,887
524831700,-0.183,1.768,0.549,0.009,-0.041,1.035,3,887
524832213,0.976,2.012,0.732,-0.044,0.069,1.104,3,887
524833700,1.159,1.890,0.732,-0.057,0.233,1.028,3,887
524834207,1.159,1.890,0.732,-0.057,0.233,1.028,3,887
524835700,-0.793,1.402,0.122,0.012,0.132,1.031,3,887
524836207,-2.439,0.915,-0.061,-0.005,0.045,0.963,3,887
524837700,-3.476,0.854,0.000,0.023,-0.053,0.976,3,887
524838213,-3.963,1.341,0.244,0.027,-0.137,1.129,3,887
524839700,-1.768,1.098,0.427,0.033,-0.147,0.978,3,887
524840213,-1.768,1.098,0.427,0.033,-0.147,0.978,3,887
524841700,0.610,1.951,0.610,-0.037,0.057,1.106,3,887
524842207,0.610,1.951,0.610,-0.037,0.057,1.106,3,887
524843700,1.220,1.890,0.244,-0.055,0.222,1.039,3,887
524844207,0.549,1.646,0.427,-0.009,0.233,1.043,3,887
524845700,-0.854,1.585,0.366,0.011,0.149,1.076,3,887
524846207,-2.378,0.915,0.183,-0.000,0.055,1.016,3,887
524847701,-3.476,1.220,0.183,0.030,-0.108,0.991,3,887
524848209,-3.476,1.220,0.183,0.030,-0.108,0.991,3,887
524849700,-2.012,1.159,0.427,0.021,-0.174,1.126,3,887
524850212,-0.610,1.463,0.610,0.028,-0.071,0.943,3,887
524851700,0.488,1.707,0.671,-0.009,0.032,1.032,3,887
524852212,0.976,1.890,0.671,-0.049,0.149,1.069,3,887
524853458,1.341,1.890,0.671,-0.048,0.205,1.045,3,887
524854639,-0.122,1.463,0.305,0.003,0.170,1.069,3,897
524855612,-1.768,1.098,0.122,-0.003,0.070,1.077,3,897
524856638,-2.805,0.671,0.183,0.013,-0.020,0.971,3,897
524857591,-3.415,0.915,0.305,0.044,-0.106,0.894,3,897
524858639,-3.354,1.280,0.244,-0.003,-0.159,1.054,3,897
524859575,-2.317,1.463,0.427,0.003,-0.164,1.187,3,897
524860640,0.366,1.524,0.671,-0.015,0.015,0.957,3,897
524861586,1.098,1.890,0.366,-0.035,0.150,1.050,3,897
524862640,1.098,1.890,0.305,-0.041,0.202,1.046,3,897
524863584,0.854,1.768,0.549,-0.021,0.225,1.040,3,897
524864640,-0.061,1.402,0.366,0.022,0.160,1.042,3,897
524865577,-1.585,0.976,0.122,-0.007,0.082,1.070,3,897
524866640,-2.683,1.037,-0.122,0.019,-0.010,1.065,3,897
524867571,-3.171,1.341,0.305,0.008,-0.145,0.982,3,897
524868640,-2.317,1.524,0.427,-0.008,-0.173,1.113,3,897
524869590,-1.037,1.768,0.610,0.011,-0.110,1.157,3,897
524870640,0.427,1.463,0.732,-0.008,-0.019,0.981,3,897
524871571,1.341,1.768,0.549,-0.036,0.121,1.042,3,897
524872640,1.341,1.890,0.305,-0.047,0.194,1.038,3,897
524873587,0.854,1.951,0.488,-0.012,0.223,1.034,3,897
524874640,-1.402,1.098,-0.122,0.005,0.088,1.051,3,897
524875588,-2.622,0.915,0.244,0.008,0.003,1.102,3,897
524876640,-3.354,0.854,0.488,0.051,-0.080,0.955,3,897
524877574,-3.415,1.402,0.488,0.016,-0.132,0.949,3,897
524878640,-2.561,1.646,0.366,-0.021,-0.161,1.040,3,897
524879575,-1.220,1.463,0.488,0.005,-0.121,1.165,3,897
524880640,0.854,1.341,0.549,-0.021,0.096,1.044,3,897
524881572,1.037,1.585,0.671,-0.042,0.194,1.037,3,897
524882640,0.915,1.890,0.488,-0.012,0.230,1.049,3,897
524883575,0.122,1.341,0.305,0.019,0.186,0.992,3,897
524884640,-1.280,0.732,0.061,0.008,0.098,1.027,3,897
524885570,-2.683,1.037,0.061,0.013,0.003,1.123,3,897
524886640,-3.476,1.098,0.366,0.046,-0.061,1.021,3,897
524887575,-3.476,1.280,0.427,0.014,-0.124,0.945,3,897
524888640,-1.585,1.829,0.610,-0.005,-0.111,1.155,3,897
524889575,0.000,1.524,0.549,-0.005,-0.049,1.072,3,897
524890640,0.732,1.220,0.549,-0.039,0.086,1.037,3,897
524891582,1.341,1.402,0.671,-0.027,0.198,1.038,3,897
524892640,0.793,1.829,0.610,-0.011,0.233,1.042,3,897
524893587,0.061,1.402,0.305,0.013,0.187,0.990,3,897
524894640,-2.195,0.671,0.305,0.005,0.021,1.112,3,897
524895575,-2.988,1.037,0.427,0.044,-0.061,1.050,3,897
524896640,-3.537,1.098,0.427,0.021,-0.121,0.949,3,897
524897575,-2.683,1.829,0.366,-0.012,-0.156,0.968,3,897
524898640,-1.159,1.951,0.488,-0.000,-0.122,1.117,3,897
524899585,-0.244,1.646,0.610,-0.013,-0.057,1.102,3,897
524900640,0.549,1.341,0.488,-0.028,0.080,1.038,3,897
524901598,0.976,1.646,0.488,-0.015,0.242,1.042,3,897
524902640,-0.061,1.220,0.366,0.027,0.203,0.994,3,897
524903741,-1.341,1.098,0.122,0.004,0.093,1.007,3,897
524904290,-2.622,0.915,0.244,0.018,0.013,1.115,3,907
524905345,-3.232,1.159,0.366,0.045,-0.060,1.062,3,907
524906638,-3.354,1.341,0.427,0.019,-0.128,0.963,3,907
524907584,-2.622,1.402,0.305,-0.025,-0.164,0.945,3,907
524908638,0.000,1.646,0.488,-0.005,-0.059,1.124,3,907
524909572,0.793,1.585,0.610,-0.021,0.065,1.037,3,907
524910638,1.037,1.829,0.793,-0.045,0.192,1.046,3,907
524911572,0.793,1.768,0.732,-0.002,0.230,1.037,3,907
524912638,0.000,1.341,0.244,0.019,0.199,0.992,3,907
524913567,-1.463,1.159,0.061,0.010,0.122,1.012,3,907
524914638,-3.354,1.402,0.183,0.047,-0.059,1.060,3,907
524915575,-3.537,1.646,0.427,0.020,-0.123,0.963,3,907
524916638,-2.866,1.646,0.549,-0.013,-0.157,0.950,3,907
524917576,-1.585,1.646,0.549,-0.004,-0.115,1.098,3,907
524918638,-0.061,1.707,0.671,-0.021,-0.062,1.117,3,907
524919647,0.793,1.585,0.671,-0.037,0.062,1.038,3,907
524920168,1.098,1.829,0.610,-0.034,0.174,1.033,3,907
524921708,0.549,1.463,0.244,0.029,0.197,0.986,3,907
524922227,0.549,1.463,0.244,0.029,0.197,0.986,3,907
524923700,-2.500,0.976,-0.183,0.011,0.037,1.122,3,907
524924207,-2.500,0.976,-0.183,0.046,-0.064,1.011,3,907
524925700,-3.598,1.402,0.305,0.013,-0.110,0.961,3,907
524926210,-2.805,1.768,0.427,-0.029,-0.160,0.992,3,907
524927700,-1.646,1.829,0.305,-0.017,-0.131,1.132,3,907
524928207,-0.427,1.585,0.549,-0.016,-0.053,1.065,3,907
524929700,0.610,1.707,0.549,-0.041,0.174,1.042,3,907
524930201,0.610,1.707,0.549,-0.041,0.174,1.042,3,907
524931700,0.000,1.341,0.305,0.022,0.193,1.013,3,907
524932201,-1.280,0.976,0.244,0.011,0.110,1.065,3,907
524933701,-2.256,1.098,0.061,0.030,0.022,1.110,3,907
524934210,-3.110,1.037,0.061,0.043,-0.059,0.943,3,907
524935700,-2.500,1.524,0.183,-0.049,-0.161,1.070,3,907
524936201,-2.500,1.524,0.183,-0.049,-0.161,1.070,3,907
524937700,-0.122,1.524,0.610,-0.014,-0.046,0.986,3,907
524938202,0.793,1.768,0.488,-0.027,0.075,1.059,3,907
524939700,1.280,1.646,0.488,-0.029,0.177,1.034,3,907
524940210,1.098,1.524,0.671,0.008,0.226,1.028,3,907
524941700,-1.402,0.915,0.244,0.010,0.105,1.091,3,907
524942201,-1.402,0.915,0.244,0.010,0.105,1.091,3,907
524943700,-3.415,1.037,0.366,0.026,-0.058,0.908,3,907
524944215,-3.415,1.037,0.366,0.026,-0.058,0.908,3,907
524945700,-2.622,1.707,0.610,-0.038,-0.171,1.132,3,907
524946210,-1.585,1.768,0.671,-0.012,-0.120,1.111,3,907
524947700,-0.366,1.707,0.915,-0.017,-0.032,0.944,3,907
524948201,0.610,1.646,0.793,-0.036,0.085,1.079,3,907
524949700,0.549,1.402,0.549,0.008,0.215,1.026,3,907
524950214,0.549,1.402,0.549,0.008,0.215,1.026,3,907
524951700,-1.280,1.037,0.000,0.025,0.093,1.092,3,907
524952207,-2.439,1.280,0.183,0.023,0.026,0.972,3,907
524953453,-2.988,1.159,0.427,0.037,-0.065,0.930,3,907
524954638,-3.049,1.707,0.610,-0.029,-0.127,1.060,3,917
524955615,-2.500,1.646,0.610,-0.037,-0.160,1.165,3,917
524956638,0.000,1.646,0.427,-0.024,-0.016,0.958,3,917
524957582,0.732,1.707,0.366,-0.027,0.100,1.078,3,917
524958640,0.793,1.829,0.305,-0.023,0.169,1.000,3,917
524959579,0.732,1.524,0.488,0.009,0.219,1.045,3,917
524960640,-0.183,1.159,0.122,0.033,0.179,1.091,3,917
524961571,-1.585,0.671,0.122,0.029,0.097,1.070,3,917
524962640,-2.866,1.280,0.488,0.032,-0.072,0.996,3,917
524963572,-3.171,1.890,0.854,-0.029,-0.138,1.138,3,917
524964640,-2.378,1.829,0.854,-0.032,-0.167,1.142,3,917
524965580,-1.098,1.707,0.671,-0.011,-0.099,0.933,3,917
524966640,0.061,1.524,0.549,-0.017,-0.003,1.021,3,917
524967572,0.793,1.646,0.244,-0.040,0.094,1.070,3,917
524968640,0.976,1.341,0.366,-0.031,0.175,1.017,3,917
524969570,0.854,1.341,0.427,0.040,0.167,1.080,3,917
524970640,-1.768,0.610,0.549,0.032,0.089,1.000,3,917
524971582,-2.805,0.793,0.549,0.030,0.010,0.910,3,917
524972640,-3.415,1.463,0.732,0.029,-0.087,1.105,3,917
524973571,-2.988,1.585,0.549,-0.029,-0.149,1.150,3,917
524974640,-2.317,1.768,0.488,-0.034,-0.145,1.012,3,917
524975581,-0.976,1.707,0.427,-0.012,-0.081,0.912,3,917
524976640,0.488,1.463,0.549,-0.036,0.091,1.044,3,917
524977578,0.732,1.341,0.854,-0.023,0.182,1.053,3,917
524978640,0.671,1.341,0.732,0.033,0.226,1.073,3,917
524979581,-0.488,0.915,0.366,0.049,0.174,1.034,3,917
524980640,-1.829,1.098,0.122,0.013,0.093,0.929,3,917
524981571,-2.622,1.463,0.244,0.024,-0.005,1.077,3,917
524982640,-3.110,1.829,0.488,-0.022,-0.150,0.989,3,917
524983575,-2.317,1.951,0.488,-0.034,-0.120,0.925,3,917
524984640,-1.098,2.195,0.610,-0.030,-0.070,1.077,3,917
524985574,-0.061,1.951,0.793,-0.035,-0.001,1.080,3,917
524986640,0.671,1.341,0.488,-0.029,0.111,1.029,3,917
524987643,0.915,1.646,0.366,-0.004,0.204,1.072,3,917
524988172,0.427,1.402,0.183,0.047,0.223,1.033,3,917
524989699,-2.134,1.098,0.244,0.015,0.069,1.025,3,917
524990216,-2.134,1.098,0.244,0.015,0.069,1.025,3,917
524991699,-3.293,1.341,0.732,0.017,-0.105,1.019,3,917
524992216,-3.293,1.341,0.732,-0.041,-0.130,0.888,3,917
524993699,-2.134,1.890,0.427,-0.053,-0.111,1.057,3,917
524994212,-0.793,1.768,0.610,-0.012,-0.082,1.164,3,917
524995699,0.244,1.280,0.671,-0.057,0.018,1.021,3,917
524996211,0.854,1.159,0.610,-0.037,0.125,1.053,3,917
524997699,0.183,0.854,0.305,0.050,0.215,0.998,3,917
524998212,0.183,0.854,0.305,0.050,0.215,0.998,3,917
524999694,-2.012,1.280,0.122,0.025,0.045,1.146,3,917
525000203,-2.744,1.524,0.122,0.051,-0.023,1.011,3,917
525001699,-3.415,1.829,0.366,0.010,-0.089,0.887,3,917
525002213,-2.683,1.890,0.427,-0.068,-0.138,1.042,3,917
525003461,-1.524,1.890,0.671,-0.042,-0.130,1.173,3,917
525004638,0.244,1.159,0.732,-0.036,0.058,1.068,3,926
525005607,0.427,1.220,0.488,-0.026,0.150,1.020,3,926
525006638,0.549,1.280,0.671,0.035,0.211,1.014,3,926
525007576,0.122,1.098,0.488,0.056,0.193,1.017,3,926
525008638,-1.037,0.854,0.122,0.037,0.110,1.101,3,926
525009575,-2.195,1.159,0.122,0.036,0.033,1.043,3,926
525010638,-3.110,1.951,0.549,-0.037,-0.104,1.029,3,926
525011576,-2.500,2.256,0.549,-0.062,-0.160,1.188,3,926
525012638,-1.341,1.951,0.732,-0.037,-0.111,1.038,3,926
525013584,-0.122,1.585,0.793,-0.019,-0.032,1.001,3,926
525014638,0.488,1.585,0.610,-0.053,0.072,1.088,3,926
525015576,0.549,1.220,0.366,-0.034,0.158,1.000,3,926
525016638,-0.549,1.220,0.488,0.072,0.165,1.083,3,926
525017580,-1.280,0.854,0.671,0.031,0.104,1.057,3,926
525018638,-2.195,1.098,0.427,0.032,0.014,0.873,3,926
525019575,-3.049,1.524,0.671,0.030,-0.054,1.058,3,926
525020638,-3.293,1.768,0.671,-0.034,-0.132,1.197,3,926
525021588,-2.622,1.646,0.488,-0.054,-0.147,0.992,3,926
525022638,-1.220,1.707,0.610,-0.030,-0.078,0.914,3,926
525023585,-0.061,1.829,0.366,-0.041,-0.018,1.106,3,926
525024638,0.854,1.402,0.549,-0.016,0.166,1.063,3,926
525025580,0.305,1.220,0.488,0.060,0.227,1.038,3,926
525026638,-0.488,1.037,0.305,0.062,0.156,1.059,3,926
525027572,-1.280,0.976,0.183,0.035,0.065,0.917,3,926
525028638,-2.622,1.341,0.366,0.016,0.004,1.088,3,926
525029576,-2.988,1.707,0.488,0.048,-0.093,1.161,3,926
525030638,-2.439,2.012,0.244,-0.063,-0.122,0.975,3,926
525031582,-0.915,2.012,0.488,-0.037,-0.083,1.129,3,926
525032638,0.366,1.341,0.427,-0.046,-0.009,1.030,3,926
525033584,0.976,1.037,0.427,-0.045,0.098,1.060,3,926
525034638,0.854,0.854,0.366,-0.001,0.196,1.042,3,926
525035574,0.427,0.976,0.732,0.084,0.210,1.014,3,926
525036638,-0.488,0.793,0.488,0.050,0.124,0.989,3,926
525037568,-1.585,1.159,0.183,0.017,0.046,1.077,3,926
525038638,-2.805,1.768,0.488,0.026,-0.072,0.888,3,926
525039568,-2.378,2.134,0.549,-0.089,-0.125,1.049,3,926
525040638,-1.402,1.829,0.488,-0.064,-0.125,1.131,3,926
525041580,-0.610,1.524,0.427,-0.036,-0.079,1.026,3,926
525042638,0.000,1.341,0.305,-0.038,0.067,1.056,3,926
525043592,0.244,1.402,0.549,-0.027,0.122,1.025,3,926
525044638,0.305,1.220,0.427,0.080,0.183,1.045,3,926
525045572,-0.976,0.915,0.305,0.052,0.104,1.112,3,926
525046638,-2.378,1.280,0.122,0.021,0.043,0.992,3,926
525047578,-2.866,1.768,0.305,0.041,-0.021,0.861,3,926
525048638,-2.988,2.256,0.427,-0.034,-0.106,1.116,3,926
525049580,-2.195,2.195,0.549,-0.059,-0.143,1.151,3,926
525050638,-0.244,1.646,0.427,-0.045,-0.024,1.071,3,926
525051761,0.610,1.402,0.244,-0.033,0.066,1.068,3,926
525052302,0.610,1.402,0.244,-0.033,0.066,1.068,3,936
525053371,0.488,0.976,0.488,0.044,0.201,1.044,3,936
525054638,-0.305,0.915,0.549,0.095,0.163,1.111,3,936
525055583,-1.707,1.098,0.488,0.050,0.089,0.939,3,936
525056640,-2.317,1.463,0.305,0.016,0.031,0.955,3,936
525057571,-2.805,1.890,0.244,0.022,-0.048,1.167,3,936
525058640,-2.012,1.890,0.549,-0.060,-0.120,0.936,3,936
525059579,-1.280,2.195,0.244,-0.078,-0.083,1.052,3,936
525060640,-0.305,1.890,0.305,-0.040,-0.009,1.059,3,936
525061575,0.488,1.037,0.488,-0.012,0.090,1.063,3,936
525062640,0.427,0.915,0.427,-0.013,0.167,1.070,3,936
525063585,0.549,0.976,0.366,0.094,0.191,1.036,3,936
525064640,-2.012,0.793,0.244,0.012,0.064,1.076,3,936
525065571,-2.744,1.463,0.488,0.033,-0.001,1.142,3,936
525066640,-3.110,1.646,0.671,0.025,-0.079,0.897,3,936
525067574,-2.744,2.195,0.366,-0.078,-0.117,0.990,3,936
525068640,-2.012,2.134,0.427,-0.070,-0.127,1.171,3,936
525069580,-0.793,1.951,0.549,-0.057,-0.086,1.008,3,936
525070640,0.122,1.585,0.488,-0.034,0.047,1.046,3,936
525071571,0.305,1.402,0.549,-0.025,0.113,1.033,3,936
525072640,0.122,1.159,0.244,0.097,0.179,1.041,3,936
525073575,-0.854,0.732,-0.061,0.066,0.096,1.112,3,936
525074640,-2.073,0.732,0.244,0.023,0.050,0.959,3,936
525075571,-2.744,1.280,0.366,0.032,-0.026,0.885,3,936
525076640,-2.988,2.134,0.610,-0.027,-0.083,1.173,3,936
525077579,-2.378,2.195,0.488,-0.061,-0.137,1.102,3,936
525078640,-0.183,1.951,0.488,-0.049,-0.023,1.099,3,936
525079575,0.366,1.707,0.671,-0.031,0.067,1.080,3,936
525080640,0.610,1.220,0.305,-0.037,0.137,1.023,3,936
525081570,0.610,0.976,0.305,0.068,0.190,1.060,3,936
525082640,-0.244,0.854,0.427,0.108,0.152,1.044,3,936
525083567,-1.402,0.793,0.244,0.044,0.096,0.938,3,936
525084640,-2.988,2.317,0.915,0.040,-0.055,1.118,3,936
525085577,-3.049,2.317,0.793,-0.037,-0.112,0.896,3,936
525086640,-2.439,2.317,0.488,-0.100,-0.113,1.021,3,936
525087575,-1.098,2.317,0.732,-0.063,-0.099,1.137,3,936
525088640,-0.061,1.524,0.610,-0.041,0.011,1.018,3,936
525089587,0.366,1.159,0.610,-0.030,0.092,1.066,3,936
525090640,0.366,1.402,0.793,0.014,0.171,1.034,3,936
525091580,0.244,1.098,0.610,0.097,0.196,0.991,3,936
525092640,-1.768,0.854,0.244,0.034,0.057,1.088,3,936
525093574,-2.561,1.280,0.427,0.054,-0.004,0.900,3,936
525094640,-2.988,1.951,0.549,-0.004,-0.071,0.968,3,936
525095575,-2.439,2.256,0.610,-0.093,-0.130,1.219,3,936
525096640,-1.463,1.829,0.671,-0.085,-0.125,1.011,3,936
525097589,-0.488,1.951,0.610,-0.064,-0.052,0.993,3,936
525098640,0.244,1.098,0.488,-0.039,0.115,1.002,3,936
525099566,0.671,0.732,0.305,0.050,0.188,1.021,3,936
525100640,0.244,0.793,0.366,0.119,0.158,1.118,3,936
525101737,-1.159,0.549,0.244,0.057,0.089,0.971,3,936
525102279,-2.317,1.463,0.427,0.007,0.045,0.953,3,946
525103363,-2.927,2.134,0.610,0.038,-0.025,1.142,3,946
525104638,-2.866,2.195,0.488,-0.033,-0.118,1.048,3,946
525105595,-2.134,2.195,0.366,-0.094,-0.089,1.084,3,946
525106638,-0.366,1.768,0.427,-0.048,-0.025,1.058,3,946
525107580,0.000,1.037,0.305,-0.025,0.081,1.093,3,946
525108638,0.122,1.098,0.610,-0.005,0.161,1.062,3,946
525109571,0.427,0.915,0.610,0.103,0.207,1.020,3,946
525110638,-0.366,0.549,0.305,0.100,0.128,1.001,3,946
525111572,-1.402,0.915,0.244,0.034,0.067,1.108,3,946
525112638,-2.683,2.195,0.671,0.012,-0.051,0.901,3,946
525113575,-2.378,2.561,0.549,-0.084,-0.104,1.138,3,946
525114638,-1.890,2.439,0.244,-0.088,-0.126,1.136,3,946
525115584,-1.098,1.707,0.183,-0.086,-0.070,0.945,3,946
525116638,-0.122,1.646,0.427,-0.029,0.046,1.067,3,946
525117584,0.305,1.037,0.427,-0.048,0.115,1.007,3,946
525118638,0.488,0.976,0.427,0.121,0.162,1.105,3,946
525119580,-0.671,0.488,0.183,0.070,0.104,1.019,3,946
525120638,-1.890,0.915,0.305,0.016,0.049,0.916,3,946
525121579,-2.622,1.768,0.488,0.037,-0.021,1.112,3,946
525122638,-2.866,2.134,0.366,-0.038,-0.093,1.109,3,946
525123584,-2.378,2.012,0.427,-0.084,-0.128,0.907,3,946
525124638,-1.463,2.012,0.427,-0.086,-0.081,1.048,3,946
525125588,-0.549,1.768,0.671,-0.054,-0.026,1.086,3,946
525126638,0.366,0.915,0.427,-0.021,0.146,1.060,3,946
525127578,0.305,0.793,0.366,0.114,0.193,1.030,3,946
525128638,-0.244,0.610,0.427,0.108,0.137,0.995,3,946
525129572,-1.646,0.793,0.427,0.038,0.075,1.112,3,946
525130638,-2.317,1.098,0.488,0.047,0.014,1.001,3,946
525131579,-2.744,1.585,0.671,0.015,-0.043,0.901,3,946
525132638,-2.012,2.256,0.671,-0.093,-0.126,1.126,3,946
525133576,-0.854,1.646,0.671,-0.075,-0.082,0.953,3,946
525134638,0.061,1.402,0.671,-0.013,0.036,1.076,3,946
525135579,0.183,0.793,0.671,-0.032,0.098,1.019,3,946
525136638,0.183,0.732,0.488,0.038,0.177,1.020,3,946
525137572,0.122,0.793,0.244,0.130,0.164,1.107,3,946
525138638,-1.037,0.732,0.183,0.082,0.105,1.000,3,946
525139572,-1.951,0.976,0.366,0.023,0.058,0.937,3,946
525140638,-3.049,2.073,0.549,-0.041,-0.084,1.055,3,946
525141576,-2.500,2.073,0.610,-0.094,-0.105,0.888,3,946
525142638,-1.646,2.256,0.549,-0.089,-0.100,1.093,3,946
525143576,-0.488,1.768,0.610,-0.059,-0.029,1.073,3,946
525144638,-0.061,0.976,0.305,-0.036,0.069,1.071,3,946
525145588,0.183,0.976,0.183,-0.010,0.142,1.050,3,946
525146638,-0.488,0.732,0.427,0.101,0.118,1.023,3,946
525147572,-1.707,0.915,0.427,0.044,0.081,1.129,3,946
525148638,-2.256,1.585,0.549,0.059,0.007,0.931,3,946
525149576,-2.988,2.073,0.427,-0.009,-0.035,0.942,3,946
525150638,-2.805,2.805,0.549,-0.094,-0.109,1.183,3,946
525151755,-1.829,2.317,0.549,-0.107,-0.114,1.083,3,946
525152302,-0.732,1.707,0.488,-0.088,-0.059,0.954,3,956
525153374,-0.305,1.463,0.305,-0.021,0.031,1.067,3,956
525154638,0.183,1.159,0.366,0.067,0.167,1.054,3,956
525155575,0.244,0.976,0.366,0.131,0.154,1.114,3,956
525156640,-0.976,0.793,0.305,0.080,0.092,0.956,3,956
525157580,-1.829,1.646,0.488,0.024,0.056,0.998,3,956
525158640,-2.561,2.195,0.610,0.035,-0.019,1.147,3,956
525159574,-2.683,2.195,0.549,-0.034,-0.097,0.959,3,956
525160640,-1.098,2.439,0.244,-0.096,-0.095,1.147,3,956
525161579,0.000,1.829,0.244,-0.055,-0.023,1.043,3,956
525162640,0.366,1.037,0.244,-0.044,0.082,1.088,3,956
525163576,0.244,0.915,0.305,0.017,0.134,1.034,3,956
525164640,0.061,0.915,0.427,0.134,0.178,1.012,3,956
525165572,-0.732,0.793,0.610,0.101,0.110,1.091,3,956
525166640,-2.134,1.402,0.427,0.049,0.007,0.876,3,956
525167584,-2.622,2.134,0.793,-0.028,-0.050,1.070,3,956
525168640,-2.439,2.378,0.610,-0.087,-0.128,1.168,3,956
525169591,-1.890,2.012,0.427,-0.112,-0.092,0.917,3,956
525170640,-0.732,1.890,0.366,-0.066,-0.029,1.053,3,956
525171579,-0.122,1.341,0.427,-0.029,0.034,1.066,3,956
525172640,0.183,1.098,0.366,-0.029,0.112,1.031,3,956
525173586,0.305,1.037,0.427,0.083,0.175,1.060,3,956
525174640,-1.220,0.732,0.488,0.062,0.096,0.997,3,956
525175580,-1.890,1.341,0.610,0.037,0.034,1.126,3,956
525176640,-1.951,2.073,0.305,0.038,-0.037,0.953,3,956
525177578,-2.134,2.256,0.183,-0.073,-0.085,0.933,3,956
525178640,-1.829,2.317,0.305,-0.134,-0.100,1.115,3,956
525179575,-0.976,1.951,0.305,-0.085,-0.095,1.071,3,956
525180640,0.183,0.488,0.549,-0.032,0.092,1.063,3,956
525181575,0.427,0.549,0.366,0.047,0.166,0.994,3,956
525182640,0.000,0.610,0.305,0.127,0.156,1.084,3,956
525183563,-0.671,0.854,0.061,0.106,0.103,1.067,3,956
525184640,-1.463,1.098,0.000,0.031,0.062,0.909,3,956
525185636,-2.317,2.134,0.183,0.022,-0.007,1.078,3,956
525186160,-2.744,2.439,0.427,-0.040,-0.068,1.124,3,956
525187706,-1.585,2.256,0.549,-0.118,-0.090,0.994,3,956
525188219,-1.585,2.256,0.549,-0.118,-0.090,0.994,3,956
525189699,-0.305,0.671,0.183,-0.036,0.055,1.058,3,956
525190217,0.061,0.915,0.244,0.003,0.132,1.086,3,956
525191699,0.427,0.854,0.305,0.126,0.181,1.013,3,956
525192212,-0.122,0.610,0.305,0.132,0.120,1.035,3,956
525193699,-1.951,1.890,0.366,0.042,0.016,0.931,3,956
525194212,-1.951,1.890,0.366,0.042,0.016,0.931,3,956
525195699,-2.561,2.439,0.610,-0.102,-0.094,1.186,3,956
525196212,-2.561,2.439,0.610,-0.102,-0.094,1.186,3,956
525197699,-0.488,1.768,0.610,-0.100,-0.035,0.967,3,956
525198212,0.183,1.585,0.671,-0.015,0.033,1.084,3,956
525199699,-0.305,0.793,0.488,-0.034,0.089,1.017,3,956
525200213,-0.244,0.610,0.427,0.073,0.170,1.051,3,956
525201699,-1.280,0.427,0.305,0.079,0.100,0.956,3,956
525202212,-1.280,0.427,0.305,0.079,0.100,0.956,3,956
525203454,-2.134,2.073,0.793,0.020,-0.042,1.076,3,956
525204638,-2.256,2.256,0.793,-0.062,-0.082,0.901,3,965
525205674,-2.195,2.561,0.732,-0.125,-0.101,1.015,3,965
525206190,-1.524,2.317,0.549,-0.101,-0.076,1.143,3,965
525207707,-0.183,0.793,0.427,-0.037,0.090,1.066,3,965
525208224,-0.183,0.793,0.427,-0.037,0.090,1.066,3,965
525209700,-0.305,0.671,0.427,0.129,0.172,1.041,3,965
525210203,-1.037,0.854,0.244,0.124,0.115,1.123,3,965
525211700,-1.890,0.915,0.427,0.067,0.049,0.930,3,965
525212203,-2.378,1.829,0.488,0.015,0.004,0.993,3,965
525213700,-1.890,2.317,0.671,-0.107,-0.107,1.008,3,965
525214203,-1.890,2.317,0.671,-0.107,-0.107,1.008,3,965
525215700,-0.488,1.707,0.671,-0.068,-0.023,1.094,3,965
525216210,-0.488,1.707,0.671,-0.068,-0.023,1.094,3,965
525217700,0.061,0.793,0.610,-0.012,0.122,1.093,3,965
525218207,0.427,0.732,0.671,0.125,0.175,1.013,3,965
525219701,-0.122,0.549,0.549,0.144,0.127,1.011,3,965
525220212,-1.341,0.793,0.305,0.070,0.082,1.128,3,965
525221700,-2.317,2.195,0.366,-0.013,-0.031,0.909,3,965
525222209,-2.317,2.195,0.366,-0.013,-0.031,0.909,3,965
525223700,-2.378,2.378,0.610,-0.126,-0.113,1.054,3,965
525224219,-1.220,1.646,0.244,-0.094,-0.049,0.981,3,965
525225700,-0.366,1.402,0.427,-0.030,0.033,1.071,3,965
525226203,-0.061,0.793,0.427,-0.022,0.101,1.017,3,965
525227700,0.183,0.671,0.610,0.154,0.153,1.066,3,965
525228203,0.183,0.671,0.610,0.154,0.153,1.066,3,965
525229700,-1.707,1.524,0.488,0.024,0.041,1.125,3,965
525230219,-1.707,1.524,0.488,0.024,0.041,1.125,3,965
525231700,-2.378,2.256,0.427,-0.080,-0.081,0.896,3,965
525232207,-2.134,2.378,0.549,-0.143,-0.099,1.080,3,965
525233700,-1.220,2.195,0.732,-0.126,-0.087,1.100,3,965
525234203,-0.244,1.402,0.732,-0.045,0.004,1.043,3,965
525235700,0.244,0.427,0.610,0.047,0.154,1.002,3,965
525236210,0.244,0.427,0.610,0.047,0.154,1.002,3,965
525237700,-0.488,0.610,0.061,0.140,0.105,1.062,3,965
525238207,-1.341,0.793,0.244,0.052,0.056,0.928,3,965
525239700,-1.951,2.134,0.610,0.008,-0.014,1.108,3,965
525240206,-2.378,2.744,0.549,-0.051,-0.063,1.093,3,965
525241700,-1.463,2.439,0.122,-0.161,-0.084,1.034,3,965
525242203,-1.463,2.439,0.122,-0.161,-0.084,1.034,3,965
525243700,-0.244,0.854,0.305,-0.015,0.058,1.066,3,965
525244209,-0.061,0.427,0.244,0.022,0.127,1.074,3,965
525245700,0.183,0.366,0.427,0.148,0.184,1.010,3,965
525246219,-0.122,0.488,0.305,0.146,0.120,1.098,3,965
525247700,-2.073,1.585,0.244,0.027,0.009,0.852,3,965
525248203,-2.073,1.585,0.244,0.027,0.009,0.852,3,965
525249700,-2.256,2.866,0.427,-0.104,-0.116,1.145,3,965
525250210,-2.256,2.866,0.427,-0.104,-0.116,1.145,3,965
525251701,-0.976,1.890,0.366,-0.091,-0.036,1.065,3,965
525252212,-0.244,1.341,0.244,-0.027,0.048,1.062,3,965
525253504,-0.244,0.671,0.366,-0.009,0.120,1.075,3,965
525254638,-0.244,0.427,0.488,0.118,0.172,1.046,3,975
525255658,-0.915,0.671,0.366,0.110,0.086,1.083,3,975
525256175,-0.915,0.671,0.366,0.110,0.086,1.083,3,975
525257700,-2.317,2.378,0.488,-0.005,-0.038,0.857,3,975
525258213,-2.439,3.049,0.427,-0.106,-0.085,1.081,3,975
525259699,-2.012,2.744,0.610,-0.147,-0.100,1.115,3,975
525260212,-1.037,1.951,0.732,-0.135,-0.078,1.004,3,975
525261699,-0.061,0.610,0.732,-0.009,0.100,0.999,3,975
525262212,-0.061,0.610,0.732,-0.009,0.100,0.999,3,975
525263694,0.000,0.549,0.610,0.176,0.152,1.090,3,975
525264200,0.000,0.549,0.610,0.176,0.152,1.090,3,975
525265699,-1.707,1.159,0.122,0.042,0.043,1.104,3,975
525266213,-2.317,2.256,0.305,0.008,-0.036,1.089,3,975
525267699,-2.378,2.561,0.488,-0.074,-0.076,0.872,3,975
525268212,-2.134,2.988,0.549,-0.147,-0.092,1.066,3,975
525269699,-0.244,1.463,0.305,-0.071,-0.009,1.033,3,975
525270221,-0.244,1.463,0.305,-0.071,-0.009,1.033,3,975
525271699,0.122,0.061,0.122,0.063,0.150,1.026,3,975
525272212,0.244,0.000,0.305,0.167,0.164,1.079,3,975
525273699,-0.427,0.183,0.122,0.160,0.110,1.065,3,975
525274212,-1.341,1.037,0.305,0.086,0.052,0.907,3,975
525275699,-2.378,2.988,0.610,-0.061,-0.063,1.026,3,975
525276221,-2.378,2.988,0.610,-0.061,-0.063,1.026,3,975
525277699,-1.463,2.561,0.366,-0.164,-0.092,1.096,3,975
525278212,-0.488,1.524,0.183,-0.096,-0.029,1.006,3,975
525279699,-0.061,0.671,0.061,-0.004,0.048,1.090,3,975
525280212,-0.183,0.244,0.305,0.046,0.125,1.037,3,975
525281699,-0.549,0.610,0.366,0.175,0.114,1.117,3,975
525282216,-0.549,0.610,0.366,0.175,0.114,1.117,3,975
525283699,-2.134,2.012,0.732,-0.005,0.004,0.936,3,975
525284212,-2.134,2.012,0.732,-0.005,0.004,0.936,3,975
525285699,-2.195,2.805,0.610,-0.123,-0.091,1.004,3,975
525286212,-1.890,2.073,0.671,-0.174,-0.102,0.925,3,975
525287699,-0.915,1.768,0.427,-0.114,-0.054,1.076,3,975
525288221,-0.427,0.854,0.427,-0.026,0.038,1.076,3,975
525289699,0.244,0.122,0.610,0.140,0.191,1.008,3,975
525290212,0.244,0.122,0.610,0.140,0.191,1.008,3,975
525291699,-1.159,1.037,0.488,0.125,0.084,1.146,3,975
525292212,-1.646,1.829,0.549,0.046,0.023,0.898,3,975
525293699,-2.378,2.866,0.610,-0.062,-0.044,0.983,3,975
525294217,-2.500,3.049,0.732,-0.130,-0.082,1.154,3,975
525295699,-0.854,1.829,0.366,-0.152,-0.056,1.084,3,975
525296212,-0.854,1.829,0.366,-0.152,-0.056,1.084,3,975
525297699,-0.244,0.427,0.366,0.003,0.108,1.052,3,975
525298216,-0.244,0.427,0.366,0.003,0.108,1.052,3,975
525299699,-0.244,0.366,0.366,0.192,0.147,1.016,3,975
525300212,-1.037,0.732,0.305,0.140,0.082,1.083,3,975
525301699,-1.707,1.585,0.549,0.059,0.024,1.124,3,975
525302212,-2.439,2.622,0.732,-0.027,-0.041,0.840,3,975
525303426,-2.439,3.537,0.427,-0.129,-0.071,1.081,3,975
525304638,-0.854,1.829,0.366,-0.171,-0.067,0.986,3,985
525305638,-0.366,1.280,0.305,-0.070,0.006,1.068,3,985
525306151,-0.122,0.244,0.427,0.005,0.104,0.988,3,985
525307701,0.000,0.122,0.427,0.110,0.165,1.054,3,985
525308205,0.000,0.122,0.122,0.197,0.141,1.088,3,985
525309700,-1.585,1.524,0.183,0.067,0.042,1.140,3,985
525310219,-1.585,1.524,0.183,0.067,0.042,1.140,3,985
525311700,-2.622,2.866,0.610,-0.102,-0.066,0.926,3,985
525312209,-2.378,2.988,0.366,-0.168,-0.104,1.158,3,985
525313700,-1.280,2.195,0.183,-0.184,-0.096,0.993,3,985
525314210,-0.305,1.280,0.183,-0.068,0.002,1.055,3,985
525315700,-0.244,0.427,0.244,0.087,0.156,1.057,3,985
525316203,-0.122,0.244,0.122,0.087,0.156,1.057,3,985
525317700,-0.671,0.061,0.549,0.171,0.097,1.010,3,985
525318207,-0.671,0.061,0.549,0.171,0.097,1.010,3,985
525319700,-2.439,2.439,0.427,-0.000,-0.022,1.132,3,985
525320203,-2.622,3.110,0.610,-0.102,-0.055,0.897,3,985
525321701,-2.012,3.110,0.549,-0.146,-0.097,1.081,3,985
525322210,-1.341,2.561,0.244,-0.209,-0.092,1.053,3,985
525323700,0.244,0.671,0.122,0.005,0.068,1.042,3,985
525324209,0.244,0.671,0.122,0.005,0.068,1.042,3,985
525325700,0.000,0.183,0.305,0.179,0.159,1.074,3,985
525326203,-0.427,0.366,0.122,0.200,0.096,1.041,3,985
525327700,-1.341,0.976,0.122,0.090,0.060,0.950,3,985
525328219,-2.134,2.256,0.549,-0.002,0.007,1.180,3,985
525329700,-2.073,2.927,0.244,-0.148,-0.099,1.018,3,985
525330219,-2.073,2.927,0.244,-0.148,-0.099,1.018,3,985
525331700,-0.793,1.585,0.183,-0.137,-0.019,0.992,3,985
525332203,-0.793,1.585,0.183,-0.137,-0.019,0.992,3,985
525333700,-0.183,-0.122,0.183,0.085,0.136,1.040,3,985
525334203,0.122,-0.122,0.488,0.176,0.164,1.065,3,985
525335700,-0.366,0.305,0.488,0.226,0.091,1.060,3,985
525336207,-1.280,1.220,0.549,0.120,0.064,0.940,3,985
525337700,-2.195,2.988,0.610,-0.094,-0.044,1.005,3,985
525338203,-2.195,2.988,0.610,-0.094,-0.044,1.005,3,985
525339700,-1.402,2.683,0.915,-0.235,-0.093,1.115,3,985
525340207,-0.610,1.646,0.610,-0.148,-0.029,0.991,3,985
525341700,-0.061,0.793,0.488,-0.013,0.061,1.079,3,985
525342209,-0.061,-0.061,0.366,0.070,0.118,1.049,3,985
525343700,-0.183,0.122,0.488,0.218,0.110,1.100,3,985
525344210,-0.183,0.122,0.488,0.218,0.110,1.100,3,985
525345700,-1.951,2.195,0.366,0.009,0.009,1.069,3,985
525346219,-2.317,3.171,0.732,-0.088,-0.050,1.080,3,985
525347700,-1.890,3.171,0.793,-0.133,-0.108,0.910,3,985
525348219,-1.585,2.866,0.549,-0.241,-0.084,1.102,3,985
525349700,-0.671,2.134,0.366,-0.015,0.058,1.088,3,985
525350219,-0.122,1.159,0.793,-0.015,0.058,1.088,3,985
525351700,0.122,-0.427,0.305,0.169,0.161,1.046,3,985
525352203,0.122,-0.427,0.305,0.169,0.161,1.046,3,985
525353403,-1.402,1.037,0.122,0.157,0.071,0.991,3,985
525354639,-2.073,2.073,0.671,0.018,0.022,0.969,3,995
525355639,-2.378,3.476,0.671,-0.072,-0.045,1.140,3,995
525356151,-1.829,3.476,0.427,-0.131,-0.099,0.934,3,995
525357700,-0.671,1.951,0.549,-0.184,-0.045,1.015,3,995
525358211,-0.671,1.951,0.549,-0.184,-0.045,1.015,3,995
525359699,0.122,0.061,0.549,0.056,0.125,1.062,3,995
525360211,0.000,-0.488,0.366,0.170,0.168,1.015,3,995
525361699,-0.183,-0.305,0.366,0.236,0.112,1.097,3,995
525362211,-1.220,0.793,0.427,0.174,0.072,1.034,3,995
525363699,-2.500,3.171,0.488,-0.073,-0.050,1.131,3,995
525364212,-2.500,3.171,0.488,-0.073,-0.050,1.131,3,995
525365699,-1.463,2.622,0.549,-0.235,-0.109,1.019,3,995
525366211,-1.463,2.622,0.549,-0.235,-0.109,1.019,3,995
525367699,0.244,0.793,0.488,-0.038,0.057,1.081,3,995
525368212,0.000,0.122,0.366,0.039,0.124,1.071,3,995
525369699,0.183,0.000,0.305,0.167,0.167,1.019,3,995
525370221,-0.244,0.122,0.183,0.231,0.108,1.103,3,995
525371699,-1.829,1.890,0.305,0.043,0.022,0.924,3,995
525372212,-1.829,1.890,0.305,0.043,0.022,0.924,3,995
525373699,-2.256,3.293,0.427,-0.148,-0.098,0.975,3,995
525374211,-1.585,2.744,0.244,-0.240,-0.104,1.014,3,995
525375699,-0.671,2.317,0.366,-0.206,-0.054,1.033,3,995
525376212,-0.122,0.915,0.366,-0.038,0.037,1.082,3,995
525377699,0.305,-0.610,0.183,0.173,0.169,1.030,3,995
525378212,0.305,-0.610,0.183,0.173,0.169,1.030,3,995
525379699,-1.220,0.610,0.305,0.179,0.078,1.022,3,995
525380212,-2.134,1.768,0.549,0.043,0.033,0.939,3,995
525381699,-2.439,3.354,0.671,-0.056,-0.039,1.130,3,995
525382221,-2.317,3.354,0.610,-0.158,-0.076,0.966,3,995
525383699,-1.707,2.866,0.366,-0.215,-0.053,1.009,3,995
525384212,-0.915,2.134,0.366,-0.215,-0.053,1.009,3,995
525385699,-0.244,-0.061,0.549,0.055,0.112,1.060,3,995
525386221,-0.244,-0.061,0.549,0.055,0.112,1.060,3,995
525387699,-0.427,-0.244,0.427,0.247,0.117,1.104,3,995
525388212,-1.402,0.488,0.305,0.199,0.085,1.006,3,995
525389699,-1.951,1.707,0.610,0.057,0.038,0.973,3,995
525390211,-2.134,3.537,0.732,-0.065,-0.039,1.119,3,995
525391699,-1.402,2.988,0.732,-0.250,-0.102,1.038,3,995
525392211,-1.402,2.988,0.732,-0.250,-0.102,1.038,3,995
525393699,-0.244,0.854,0.610,-0.065,0.046,1.067,3,995
525394212,-0.122,-0.244,0.793,0.047,0.113,1.059,3,995
525395699,0.244,-0.671,0.549,0.187,0.158,1.044,3,995
525396212,-0.488,-0.549,0.061,0.262,0.112,1.101,3,995
525397699,-2.378,1.951,0.366,0.070,0.027,0.997,3,995
525398216,-2.378,1.951,0.366,0.070,0.027,0.997,3,995
525399699,-2.134,3.780,0.305,-0.173,-0.088,0.926,3,995
525400216,-2.134,3.780,0.305,-0.173,-0.088,0.926,3,995
525401699,-1.037,2.439,0.427,-0.218,-0.053,1.011,3,995
525402211,-0.305,1.098,0.427,-0.079,0.052,1.068,3,995
525403415,-0.061,-0.183,0.305,0.049,0.115,1.024,3,995
525404638,-0.427,-0.549,0.305,0.251,0.110,1.112,3,1004
525405633,-1.280,0.244,0.305,0.205,0.075,0.964,3,1004
525406147,-1.280,0.244,0.305,0.205,0.075,0.964,3,1004
525407701,-2.683,3.476,0.671,-0.066,-0.052,1.109,3,1004
525408210,-2.073,3.598,0.366,-0.178,-0.092,0.898,3,1004
525409700,-1.646,3.232,0.488,-0.263,-0.101,1.092,3,1004
525410210,-0.854,2.256,0.244,-0.221,-0.052,1.008,3,1004
525411700,-0.183,-0.305,0.366,0.043,0.123,1.010,3,1004
525412209,-0.183,-0.305,0.366,0.043,0.123,1.010,3,1004
525413700,-0.305,-0.488,0.305,0.261,0.096,1.098,3,1004
525414206,-1.524,0.366,0.000,0.191,0.078,0.943,3,1004
525415700,-2.073,1.829,0.305,0.089,0.021,1.095,3,1004
525416206,-2.439,3.232,0.549,-0.049,-0.050,1.046,3,1004
525417700,-2.012,3.780,0.427,-0.189,-0.094,0.903,3,1004
525418219,-1.829,3.354,0.061,-0.265,-0.104,1.132,3,1004
525419700,-0.671,1.220,0.488,-0.094,0.053,1.064,3,1004
525420203,-0.671,1.220,0.488,-0.094,0.053,1.064,3,1004
525421700,-0.061,-0.549,0.488,0.216,0.169,1.105,3,1004
525422206,-0.488,-0.427,0.305,0.263,0.106,1.055,3,1004
525423700,-1.037,0.549,0.183,0.173,0.088,0.942,3,1004
525424219,-1.646,2.439,0.366,0.099,0.021,1.167,3,1004
525425700,-1.890,3.659,0.488,-0.212,-0.089,0.965,3,1004
525426209,-1.890,3.659,0.488,-0.212,-0.089,0.965,3,1004
525427700,-0.366,2.195,0.305,-0.212,-0.034,1.030,3,1004
525428203,0.061,0.915,0.305,-0.109,0.056,1.033,3,1004
525429700,0.244,-0.183,0.305,0.078,0.133,1.025,3,1004
525430210,0.244,-0.793,0.305,0.219,0.178,1.109,3,1004
525431700,-1.280,0.427,0.427,0.174,0.072,1.040,3,1004
525432209,-1.280,0.427,0.427,0.174,0.072,1.040,3,1004
525433700,-2.683,3.415,0.732,-0.078,-0.053,0.891,3,1004
525434203,-2.683,3.415,0.732,-0.078,-0.053,0.891,3,1004
525435700,-1.585,3.659,0.549,-0.268,-0.112,1.023,3,1004
525436209,-0.732,2.195,0.427,-0.201,-0.034,1.045,3,1004
525437700,-0.122,0.488,0.244,-0.100,0.062,1.006,3,1004
525438219,-0.122,-0.549,0.488,0.105,0.150,1.069,3,1004
525439700,-1.037,-0.793,0.610,0.260,0.104,0.973,3,1004
525440209,-1.037,-0.793,0.610,0.260,0.104,0.973,3,1004
525441700,-2.317,2.561,0.671,0.096,0.003,0.986,3,1004
525442209,-2.683,3.659,0.732,-0.104,-0.043,0.956,3,1004
525443700,-1.829,4.268,0.244,-0.232,-0.102,1.143,3,1004
525444203,-1.098,3.293,0.122,-0.287,-0.097,0.963,3,1004
525445700,-0.183,0.610,0.244,-0.092,0.074,1.007,3,1004
525446209,-0.183,0.610,0.244,-0.092,0.074,1.007,3,1004
525447700,-0.183,-0.915,0.610,0.247,0.133,1.028,3,1004
525448207,-1.037,-0.671,0.610,0.262,0.107,1.043,3,1004
525449700,-1.646,0.854,0.488,0.196,0.069,1.165,3,1004
525450203,-2.134,2.378,0.671,0.073,0.003,0.899,3,1004
525451700,-2.195,3.659,0.488,-0.121,-0.053,1.092,3,1004
525452209,-1.951,4.268,0.549,-0.239,-0.095,1.057,3,1004
525453429,-1.220,3.171,0.366,-0.275,-0.085,0.977,3,1004
525454638,-0.061,0.122,0.183,-0.086,0.088,1.029,3,1014
525455636,0.122,-0.854,0.427,0.126,0.146,1.062,3,1014
525456151,-0.244,-1.220,0.183,0.254,0.146,1.019,3,1014
525457700,-0.976,-0.183,0.000,0.256,0.094,1.125,3,1014
525458211,-1.585,1.159,0.305,0.190,0.058,1.066,3,1014
525459699,-2.378,3.963,0.610,-0.130,-0.058,1.163,3,1014
525460216,-2.378,3.963,0.610,-0.130,-0.058,1.163,3,1014
525461699,-1.159,3.171,0.122,-0.279,-0.066,1.029,3,1014
525462218,-0.366,1.768,0.061,-0.181,-0.015,1.018,3,1014
525463699,0.000,0.305,0.122,-0.083,0.104,1.070,3,1014
525464216,0.122,-0.793,0.427,0.146,0.147,0.998,3,1014
525465699,-1.159,-0.427,0.610,0.265,0.098,1.137,3,1014
525466211,-1.159,-0.427,0.610,0.265,0.098,1.137,3,1014
525467699,-2.256,2.988,0.610,0.039,-0.017,1.091,3,1014
525468216,-2.256,2.988,0.610,0.039,-0.017,1.091,3,1014
525469699,-1.951,3.963,0.305,-0.272,-0.104,0.922,3,1014
525470212,-1.159,3.171,0.244,-0.270,-0.065,1.038,3,1014
525471699,-0.549,1.768,0.244,-0.177,-0.005,1.046,3,1014
525472212,-0.244,0.305,0.244,-0.049,0.102,1.063,3,1014
525473699,-0.366,-0.976,0.366,0.267,0.137,1.151,3,1014
525474212,-0.366,-0.976,0.366,0.267,0.137,1.151,3,1014
525475699,-1.829,1.159,0.427,0.159,0.051,1.004,3,1014
525476212,-2.500,3.232,0.610,0.019,-0.029,1.110,3,1014
525477699,-1.890,4.024,0.427,-0.167,-0.082,0.951,3,1014
525478213,-1.463,3.902,0.244,-0.280,-0.093,1.074,3,1014
525479699,-0.427,1.280,0.061,-0.160,0.012,1.043,3,1014
525480212,-0.427,1.280,0.061,-0.160,0.012,1.043,3,1014
525481699,-0.244,-1.341,0.610,0.189,0.156,1.126,3,1014
525482216,-0.610,-1.280,0.610,0.304,0.120,1.032,3,1014
525483699,-1.341,-0.488,0.610,0.249,0.098,0.964,3,1014
525484213,-1.829,1.646,0.549,0.152,0.025,1.182,3,1014
525485699,-2.500,3.049,0.366,-0.014,-0.043,0.931,3,1014
525486216,-2.378,3.963,0.366,-0.210,-0.080,1.023,3,1014
525487699,-0.854,2.744,0.244,-0.267,-0.035,1.032,3,1014
525488218,-0.854,2.744,0.244,-0.267,-0.035,1.032,3,1014
525489699,-0.183,-0.244,0.183,0.040,0.137,1.064,3,1014
525490213,0.000,-1.280,0.427,0.215,0.153,1.076,3,1014
525491699,-0.488,-1.341,0.427,0.306,0.104,0.969,3,1014
525492211,-1.524,0.183,0.549,0.239,0.082,1.167,3,1014
525493699,-2.500,3.354,0.549,-0.043,-0.048,0.980,3,1014
525494212,-2.500,3.354,0.549,-0.043,-0.048,0.980,3,1014
525495699,-1.463,3.902,0.244,-0.305,-0.092,0.981,3,1014
525496216,-0.671,2.561,0.183,-0.258,-0.023,1.028,3,1014
525497699,0.061,0.610,0.305,-0.141,0.053,0.995,3,1014
525498212,0.061,-0.549,0.305,0.081,0.137,1.073,3,1014
525499699,-0.671,-1.037,0.366,0.294,0.106,1.141,3,1014
525500212,-0.671,-1.037,0.366,0.294,0.106,1.141,3,1014
525501699,-2.134,2.378,0.732,0.110,-0.001,0.944,3,1014
525502212,-2.134,2.378,0.732,0.110,-0.001,0.944,3,1014
525503481,-2.012,4.512,0.366,-0.243,-0.116,0.947,3,1014
525504638,-1.463,3.537,0.366,-0.305,-0.067,1.038,3,1024
525505635,-0.549,2.134,0.122,-0.247,-0.019,1.013,3,1024
525506151,-0.061,0.549,0.305,-0.125,0.086,1.067,3,1024
525507701,-0.061,-1.524,0.671,0.251,0.138,1.117,3,1024
525508211,-0.061,-1.524,0.671,0.251,0.138,1.117,3,1024
525509700,-1.768,0.366,0.732,0.209,0.047,0.910,3,1024
525510202,-2.256,2.805,0.732,0.073,-0.026,1.138,3,1024
525511700,-2.317,4.146,0.671,-0.123,-0.065,1.016,3,1024
525512213,-1.646,4.268,0.427,-0.269,-0.093,0.963,3,1024
525513700,-0.366,1.829,0.061,-0.235,-0.005,1.075,3,1024
525514210,-0.366,1.829,0.061,-0.235,-0.005,1.075,3,1024
525515700,-0.061,-1.220,0.671,0.149,0.148,1.049,3,1024
525516207,-0.061,-1.220,0.671,0.283,0.135,1.125,3,1024
525517700,-1.037,-1.037,0.671,0.300,0.079,0.946,3,1024
525518210,-1.402,1.037,0.671,0.182,0.044,1.146,3,1024
525519700,-1.585,3.232,0.732,0.041,-0.039,1.013,3,1024
525520213,-1.951,4.207,0.549,-0.178,-0.075,0.969,3,1024
525521700,-1.098,3.171,0.305,-0.314,-0.065,1.005,3,1024
525522213,-1.098,3.171,0.305,-0.314,-0.065,1.005,3,1024
525523700,-0.122,-0.061,0.244,-0.007,0.123,1.048,3,1024
525524202,-0.061,-1.220,0.366,0.188,0.166,1.096,3,1024
525525700,-0.427,-1.524,0.488,0.303,0.120,0.953,3,1024
525526202,-0.915,-0.183,0.366,0.272,0.088,1.163,3,1024
525527700,-2.195,3.293,0.549,-0.019,-0.044,0.982,3,1024
525528202,-2.195,3.293,0.549,-0.019,-0.044,0.982,3,1024
525529700,-1.402,4.085,0.244,-0.303,-0.090,0.979,3,1024
525530213,-0.671,3.293,0.183,-0.282,-0.044,1.021,3,1024
525531700,-0.183,1.220,0.244,-0.186,0.056,0.998,3,1024
525532210,-0.061,-0.366,0.427,0.057,0.141,1.061,3,1024
525533700,-0.793,-1.463,0.427,0.318,0.109,1.179,3,1024
525534213,-0.793,-1.463,0.427,0.318,0.109,1.179,3,1024
525535700,-2.073,2.073,0.854,0.128,0.005,0.995,3,1024
525536210,-2.073,2.073,0.854,0.128,0.005,0.995,3,1024
525537700,-2.012,4.329,0.305,-0.238,-0.108,0.911,3,1024
525538213,-1.402,4.024,0.122,-0.320,-0.081,1.056,3,1024
525539700,-0.610,2.683,-0.183,-0.271,-0.017,1.030,3,1024
525540210,-0.305,0.854,0.000,-0.132,0.090,1.054,3,1024
525541700,-0.366,-1.463,0.488,0.268,0.142,1.174,3,1024
525542202,-0.366,-1.463,0.488,0.268,0.142,1.174,3,1024
525543700,-1.585,0.610,0.610,0.225,0.047,1.069,3,1024
525544210,-2.195,2.988,0.732,0.086,-0.028,1.102,3,1024
525545700,-2.500,4.146,0.671,-0.124,-0.066,0.917,3,1024
525546213,-1.951,4.756,0.488,-0.266,-0.078,1.101,3,1024
525547700,-0.488,2.012,0.061,-0.237,-0.016,1.025,3,1024
525548202,-0.488,2.012,0.061,-0.237,-0.016,1.025,3,1024
525549700,0.244,-1.341,0.488,0.152,0.162,1.119,3,1024
525550213,-0.488,-1.890,0.671,0.299,0.123,0.956,3,1024
525551700,-1.280,-1.037,0.610,0.295,0.080,1.124,3,1024
525552210,-2.134,0.976,0.610,0.204,0.033,1.092,3,1024
525553447,-2.622,3.110,0.915,0.034,-0.034,0.941,3,1024
525554638,-1.341,4.451,0.305,-0.314,-0.090,0.963,3,1034
525555637,-0.488,3.415,0.000,-0.292,-0.046,1.023,3,1034
525556151,-0.488,3.415,0.000,-0.292,-0.046,1.023,3,1034
525557700,0.122,-0.305,0.244,0.021,0.136,1.081,3,1034
525558222,0.061,-1.585,0.549,0.215,0.154,0.992,3,1034
525559699,-0.671,-1.402,0.610,0.293,0.116,1.162,3,1034
525560212,-1.402,0.244,0.549,0.289,0.063,1.020,3,1034
525561699,-2.195,4.085,0.488,-0.022,-0.048,1.147,3,1034
525562213,-2.195,4.085,0.488,-0.022,-0.048,1.147,3,1034
525563699,-1.037,4.329,0.122,-0.307,-0.075,1.072,3,1034
525564212,-0.549,2.805,0.061,-0.288,-0.033,1.031,3,1034
525565699,-0.183,1.220,0.183,-0.162,0.083,1.038,3,1034
525566216,0.000,-0.610,0.549,0.091,0.148,0.972,3,1034
525567699,-0.610,-1.341,0.549,0.332,0.090,0.958,3,1034
525568212,-0.610,-1.341,0.549,0.332,0.090,0.958,3,1034
525569699,-2.012,2.927,1.037,0.140,-0.015,1.095,3,1034
525570212,-2.012,2.927,1.037,0.140,-0.015,1.095,3,1034
525571699,-1.585,4.756,0.427,-0.288,-0.074,1.103,3,1034
525572216,-0.793,3.780,0.061,-0.318,-0.059,0.996,3,1034
525573699,-0.427,2.317,0.000,-0.233,-0.010,1.001,3,1034
525574216,-0.366,0.488,0.183,-0.073,0.116,1.030,3,1034
525575699,-1.159,-1.829,0.854,0.289,0.119,0.988,3,1034
525576212,-1.159,-1.829,0.854,0.289,0.119,0.988,3,1034
525577699,-1.829,1.280,0.610,0.208,0.035,0.975,3,1034
525578212,-2.378,3.110,0.610,0.052,-0.011,1.028,3,1034
525579699,-1.951,4.573,0.244,-0.152,-0.095,1.073,3,1034
525580213,-1.524,4.695,0.183,-0.318,-0.064,0.988,3,1034
525581699,-0.427,1.707,0.305,-0.234,0.037,1.030,3,1034
525582212,-0.427,1.707,0.305,-0.234,0.037,1.030,3,1034
525583699,-0.366,-1.463,0.854,0.215,0.126,1.056,3,1034
525584212,-0.366,-1.463,0.854,0.314,0.123,1.166,3,1034
525585699,-1.159,-0.366,0.915,0.280,0.040,0.931,3,1034
525586216,-2.012,2.073,0.976,0.151,0.031,1.135,3,1034
525587699,-1.829,3.780,0.793,-0.021,-0.034,0.981,3,1034
525588212,-1.646,4.390,0.610,-0.236,-0.110,1.033,3,1034
525589699,-0.305,2.622,-0.183,-0.238,-0.016,1.053,3,1034
525590212,-0.305,2.622,-0.183,-0.238,-0.016,1.053,3,1034
525591699,-0.061,-0.854,0.427,0.074,0.137,1.101,3,1034
525592212,-0.732,-1.585,0.671,0.261,0.122,1.046,3,1034
525593699,-1.220,-1.341,0.671,0.306,0.085,1.000,3,1034
525594212,-1.890,0.366,0.732,0.237,0.040,1.183,3,1034
525595699,-2.256,4.085,0.549,-0.099,-0.057,1.131,3,1034
525596212,-2.256,4.085,0.549,-0.099,-0.057,1.131,3,1034
525597699,-0.732,4.024,-0.244,-0.295,-0.048,1.035,3,1034
525598213,-0.061,2.073,-0.183,-0.239,-0.001,0.963,3,1034
525599699,-0.061,0.061,0.061,-0.032,0.125,1.091,3,1034
525600216,0.122,-1.524,0.366,0.147,0.131,0.970,3,1034
525601699,-1.159,-0.671,0.732,0.295,0.071,1.091,3,1034
525602216,-1.159,-0.671,0.732,0.295,0.071,1.091,3,1034
525603421,-1.646,1.159,1.037,0.019,-0.005,1.197,3,1034
525604638,-1.768,4.573,0.305,-0.171,-0.123,0.889,3,1044
525605633,-1.341,4.451,-0.122,-0.333,-0.047,1.065,3,1044
525606151,-0.671,3.293,0.061,-0.260,-0.029,0.990,3,1044
525607701,-0.488,1.646,0.122,-0.182,0.063,1.042,3,1044
525608210,-0.305,-0.366,0.122,0.033,0.124,0.992,3,1044
525609700,-1.220,-1.463,0.427,0.300,0.087,0.945,3,1044
525610209,-1.220,-1.463,0.427,0.300,0.087,0.945,3,1044
525611700,-2.256,2.256,0.915,0.136,0.005,1.057,3,1044
525612201,-2.317,3.720,0.854,-0.062,-0.045,0.979,3,1044
525613700,-1.768,4.512,0.366,-0.250,-0.102,1.080,3,1044
525614214,-1.159,3.963,0.183,-0.307,-0.050,1.017,3,1044
525615700,-0.122,0.549,0.244,-0.105,0.118,1.045,3,1044
525616201,-0.122,0.549,0.244,-0.105,0.118,1.045,3,1044
525617700,-0.549,-1.951,0.488,0.250,0.100,0.996,3,1044
525618201,-0.549,-1.951,0.488,0.250,0.100,0.996,3,1044
525619700,-1.890,0.732,0.549,0.224,0.024,0.926,3,1044
525620210,-2.134,2.927,0.732,0.044,-0.001,1.153,3,1044
525621708,-2.012,4.268,0.427,-0.127,-0.090,0.967,3,1044
525622228,-1.463,4.268,0.122,-0.303,-0.066,1.044,3,1044
525623701,-0.244,1.829,-0.061,-0.225,0.061,1.057,3,1044
525624217,-0.244,1.829,-0.061,-0.225,0.061,1.057,3,1044
525625700,0.122,-1.463,0.549,0.185,0.110,1.180,3,1044
525626210,-0.610,-1.463,0.671,0.284,0.090,0.996,3,1044
525627700,-1.646,-0.488,0.854,0.257,0.062,1.034,3,1044
525628210,-2.317,1.890,0.793,0.167,0.015,1.122,3,1044
525629714,-1.463,4.512,0.305,-0.230,-0.091,1.122,3,1044
525630236,-1.463,4.512,0.305,-0.230,-0.091,1.122,3,1044
525631218,-1.037,4.207,0.122,-0.292,-0.049,0.983,3,1044
525632693,-0.366,0.793,0.488,-0.127,0.104,1.000,3,1044
525633195,-0.244,-0.915,0.671,0.111,0.127,1.091,3,1044
525634700,-0.671,-1.890,1.098,0.226,0.095,0.971,3,1044
525635201,-1.098,-1.098,0.976,0.280,0.087,1.215,3,1044
525636700,-2.012,2.561,1.098,0.065,-0.001,1.126,3,1044
525637213,-2.012,2.561,1.098,0.065,-0.001,1.126,3,1044
525638708,-1.341,4.573,0.122,-0.289,-0.065,1.030,3,1044
525639228,-0.610,3.537,0.061,-0.252,-0.044,0.959,3,1044
525640700,0.000,1.890,0.183,-0.239,0.056,1.047,3,1044
525641202,0.122,-0.061,0.488,-0.002,0.114,0.946,3,1044
525642702,-0.854,-1.646,0.793,0.265,0.100,1.017,3,1044
525643213,-0.854,-1.646,0.793,0.265,0.100,1.017,3,1044
525644700,-1.829,1.951,0.854,0.171,0.021,1.129,3,1044
525645208,-1.829,1.951,0.854,0.171,0.021,1.129,3,1044
525646700,-1.341,4.756,0.122,-0.212,-0.090,1.123,3,1044
525647207,-0.793,4.329,0.000,-0.287,-0.049,0.987,3,1044
525648700,-0.549,2.927,0.000,-0.253,-0.014,1.001,3,1044
525649213,-0.427,0.976,-0.061,-0.137,0.086,1.007,3,1044
525650700,-0.427,-1.646,0.305,0.211,0.090,0.960,3,1044
525651232,-0.427,-1.646,0.305,0.211,0.090,0.960,3,1044
525652472,-1.463,0.427,0.976,0.232,0.031,0.958,3,1044
525653638,-2.073,2.561,1.098,0.073,-0.007,1.116,3,1053
525654635,-1.707,4.329,0.732,-0.111,-0.097,1.017,3,1053
525655143,-1.341,4.512,0.305,-0.265,-0.073,1.007,3,1053
525656700,-0.183,2.012,0.000,-0.240,0.052,1.053,3,1053
525657221,-0.183,2.012,0.000,-0.240,0.052,1.053,3,1053
525658700,-0.427,-1.463,0.610,0.161,0.116,1.156,3,1053
525659212,-0.915,-1.646,0.671,0.264,0.096,1.021,3,1053
525660699,-1.159,-0.488,0.976,0.258,0.069,1.031,3,1053
525661213,-2.256,1.829,1.220,0.176,-0.001,1.125,3,1053
525662708,-1.768,4.756,0.366,-0.202,-0.090,1.132,3,1053
525663231,-1.768,4.756,0.366,-0.202,-0.090,1.132,3,1053
525664700,-0.732,2.866,-0.061,-0.269,-0.006,0.998,3,1053
525665214,-0.732,2.866,-0.061,-0.269,-0.006,0.998,3,1053
525666699,-0.244,-0.976,0.366,0.095,0.131,1.076,3,1053
525667216,-0.610,-1.951,0.488,0.200,0.096,0.968,3,1053
525668699,-1.341,-1.463,0.732,0.262,0.089,1.213,3,1053
525669212,-2.317,0.000,1.037,0.244,0.029,0.950,3,1053
525670701,-1.890,3.902,0.793,-0.095,-0.088,0.981,3,1053
525671213,-1.890,3.902,0.793,-0.095,-0.088,0.981,3,1053
525672699,-0.671,3.537,0.183,-0.271,-0.024,0.986,3,1053
525673216,-0.244,2.073,-0.183,-0.226,0.036,1.048,3,1053
525674699,0.061,-0.244,0.061,-0.018,0.132,0.936,3,1053
525675213,-0.122,-1.463,0.427,0.176,0.112,1.188,3,1053
525676699,-1.524,-0.671,0.976,0.248,0.079,1.129,3,1053
525677216,-1.524,-0.671,0.976,0.248,0.079,1.129,3,1053
525678699,-2.073,3.476,0.854,-0.022,-0.046,0.997,3,1053
525679216,-2.073,3.476,0.854,-0.022,-0.046,0.997,3,1053
525680699,-1.037,3.841,0.305,-0.269,-0.042,1.016,3,1053
525681213,-0.671,2.744,0.000,-0.264,-0.006,0.948,3,1053
525682699,-0.244,0.854,-0.061,-0.107,0.108,1.075,3,1053
525683213,-0.427,-0.915,0.305,0.090,0.116,0.995,3,1053
525684699,-0.854,-1.220,0.671,0.268,0.082,1.113,3,1053
525685216,-0.854,-1.220,0.671,0.268,0.082,1.113,3,1053
525686699,-1.646,2.744,0.793,0.078,-0.013,1.164,3,1053
525687213,-1.220,4.329,0.610,-0.146,-0.087,0.916,3,1053
525688699,-1.037,4.512,0.305,-0.248,-0.062,1.040,3,1053
525689216,-0.549,3.659,-0.061,-0.270,-0.022,1.022,3,1053
525690711,0.122,-0.183,0.061,0.008,0.125,1.017,3,1053
525691238,0.122,-0.183,0.061,0.008,0.125,1.017,3,1053
525692699,-0.793,-1.707,0.549,0.246,0.087,0.948,3,1053
525693213,-1.463,-0.122,0.854,0.259,0.055,1.207,3,1053
525694699,-1.768,1.768,0.976,0.142,0.004,0.942,3,1053
525695211,-1.829,3.780,0.915,-0.048,-0.036,1.112,3,1053
525696699,-1.341,4.817,0.427,-0.273,-0.026,1.017,3,1053
525697212,-0.671,4.390,0.061,-0.273,-0.026,1.017,3,1053
525698699,-0.183,1.159,0.244,-0.097,0.107,1.070,3,1053
525699212,-0.183,1.159,0.244,-0.097,0.107,1.070,3,1053
525700699,-0.610,-1.829,0.732,0.206,0.110,1.184,3,1053
525701241,-1.280,-1.220,0.854,0.280,0.051,0.954,3,1053
525702465,-1.951,0.854,1.402,0.202,0.041,1.115,3,1053
525703638,-2.134,3.110,1.098,0.048,-0.029,1.061,3,1063
525704637,-0.976,4.573,0.061,-0.252,-0.071,0.979,3,1063
525705151,-0.976,4.573,0.061,-0.252,-0.071,0.979,3,1063
525706701,-0.183,1.585,-0.366,-0.193,0.062,0.949,3,1063
525707210,0.244,-0.366,-0.061,0.025,0.128,1.141,3,1063
525708236,-0.427,-2.073,0.305,0.183,0.106,0.953,3,1063
525709638,-0.976,-1.951,0.610,0.258,0.101,1.118,3,1063
525710621,-1.463,-0.183,0.976,0.248,0.043,1.079,3,1063
525711638,-1.646,3.902,0.732,-0.062,-0.051,1.100,3,1063
525712588,-1.341,4.573,0.549,-0.212,-0.082,0.993,3,1063
525713638,-1.098,4.329,0.122,-0.266,-0.042,0.993,3,1063
525714580,-0.549,2.744,0.000,-0.256,0.033,1.025,3,1063
525715638,-0.183,0.549,0.061,-0.052,0.101,0.944,3,1063
525716578,-0.427,-1.341,0.427,0.110,0.122,1.117,3,1063
525717638,-1.159,-1.463,0.793,0.264,0.056,1.021,3,1063
525718580,-1.890,1.098,1.159,0.176,0.021,1.135,3,1063
525719638,-1.890,3.049,0.915,0.021,-0.048,0.955,3,1063
525720584,-1.463,4.329,0.366,-0.163,-0.071,1.109,3,1063
525721638,-0.976,4.695,0.244,-0.265,-0.043,0.993,3,1063
525722588,-0.366,3.537,-0.061,-0.270,-0.026,0.962,3,1063
525723638,-0.061,1.402,0.061,-0.149,0.086,1.048,3,1063
525724579,-0.122,-0.732,0.366,0.088,0.115,1.027,3,1063
525725638,-1.159,-1.585,0.427,0.281,0.079,1.136,3,1063
525726575,-1.829,0.061,0.976,0.216,0.030,0.970,3,1063
525727638,-2.073,2.500,0.976,0.097,-0.009,1.168,3,1063
525728575,-1.707,3.902,0.732,-0.099,-0.078,0.931,3,1063
525729638,-1.280,4.756,0.244,-0.247,-0.063,1.042,3,1063
525730588,-0.488,3.659,-0.244,-0.260,-0.032,1.037,3,1063
525731638,-0.305,0.061,-0.061,-0.021,0.117,1.011,3,1063
525732582,-0.732,-1.402,0.427,0.174,0.100,1.088,3,1063
525733638,-0.915,-1.768,0.671,0.246,0.094,0.994,3,1063
525734576,-1.280,-0.427,0.915,0.248,0.049,1.191,3,1063
525735638,-1.768,1.585,1.037,0.145,-0.005,0.921,3,1063
525736588,-1.829,3.537,1.037,-0.021,-0.037,1.161,3,1063
525737638,-1.707,4.695,0.610,-0.200,-0.077,0.976,3,1063
525738580,-0.427,2.988,-0.244,-0.256,0.004,0.977,3,1063
525739638,0.061,1.098,-0.244,-0.084,0.096,1.008,3,1063
525740576,0.122,-1.037,0.000,0.092,0.118,1.017,3,1063
525741638,-0.610,-1.768,0.488,0.233,0.103,1.152,3,1063
525742576,-1.098,-1.402,0.549,0.250,0.054,0.952,3,1063
525743638,-1.585,0.793,0.732,0.188,0.026,1.197,3,1063
525744572,-1.646,2.744,0.732,0.035,-0.025,0.947,3,1063
525745638,-0.976,4.878,0.183,-0.257,-0.050,0.964,3,1063
525746574,-0.427,3.963,-0.305,-0.268,-0.012,0.997,3,1063
525747638,-0.366,1.890,-0.244,-0.167,0.067,1.004,3,1063
525748576,-0.427,-0.427,0.122,0.048,0.133,1.079,3,1063
525749638,-0.671,-2.012,0.305,0.185,0.088,0.974,3,1063
525750583,-1.341,-1.829,0.610,0.258,0.070,1.171,3,1063
525751638,-2.134,2.073,1.037,0.103,0.006,1.210,3,1063
525752740,-1.829,3.841,0.915,-0.081,-0.068,0.913,3,1063
525753291,-1.829,3.841,0.915,-0.081,-0.068,0.913,3,1073
525754384,-0.366,4.024,-0.183,-0.242,-0.048,1.009,3,1073
525755638,-0.061,2.500,-0.244,-0.216,0.047,1.004,3,1073
525756586,-0.183,0.244,0.244,-0.022,0.104,0.959,3,1073
525757640,-0.427,-1.524,0.549,0.148,0.116,1.129,3,1073
525758579,-1.037,-2.317,0.427,0.235,0.089,0.956,3,1073
525759640,-1.951,1.098,0.793,0.148,0.001,0.950,3,1073
525760640,-1.951,3.476,0.610,-0.008,-0.023,1.134,3,1073
525761168,-1.951,3.476,0.610,-0.008,-0.023,1.134,3,1073
525762700,-0.976,4.390,0.122,-0.244,-0.038,1.023,3,1073
525763213,-0.671,2.866,-0.183,-0.263,-0.001,0.968,3,1073
525764705,-0.244,0.976,0.000,0.110,0.129,1.030,3,1073
525765214,-0.427,-1.037,0.488,0.110,0.129,1.030,3,1073
525766700,-1.646,-1.768,0.854,0.227,0.055,0.937,3,1073
525767214,-1.646,-1.768,0.854,0.227,0.055,0.937,3,1073
525768699,-2.012,2.988,0.915,0.053,-0.012,0.904,3,1073
525769216,-1.646,4.390,1.037,-0.146,-0.059,1.140,3,1073
525770699,-0.976,4.756,0.427,-0.260,-0.051,0.983,3,1073
525771212,-0.610,3.780,-0.122,-0.224,-0.016,1.000,3,1073
525772699,0.000,-0.366,0.183,0.042,0.115,1.049,3,1073
525773216,0.000,-0.366,0.183,0.042,0.115,1.049,3,1073
525774699,-1.037,-1.463,0.488,0.261,0.062,1.137,3,1073
525775213,-1.768,-0.305,0.732,0.203,0.032,0.924,3,1073
525776699,-1.890,2.012,0.793,0.117,0.003,1.175,3,1073
525777212,-1.768,3.841,0.610,-0.089,-0.078,0.949,3,1073
525778699,-0.732,4.024,0.000,-0.232,-0.040,1.043,3,1073
525779212,-0.732,4.024,0.000,-0.232,-0.040,1.043,3,1073
525780699,0.000,0.366,0.244,-0.020,0.126,1.035,3,1073
525781212,0.000,0.366,0.244,-0.020,0.126,1.035,3,1073
525782699,-0.854,-2.195,0.671,0.257,0.087,1.098,3,1073
525783212,-1.585,-0.671,0.793,0.193,0.015,1.083,3,1073
525784699,-1.890,1.402,1.037,0.136,0.007,1.023,3,1073
525785213,-1.951,3.841,0.976,0.014,-0.034,1.123,3,1073
525786699,-0.732,4.512,-0.061,-0.229,-0.036,1.011,3,1073
525787212,-0.732,4.512,-0.061,-0.229,-0.036,1.011,3,1073
525788699,-0.305,1.220,0.061,-0.084,0.105,0.929,3,1073
525789212,-0.610,-0.793,0.244,0.104,0.084,1.164,3,1073
525790699,-1.220,-1.829,0.671,0.219,0.109,0.956,3,1073
525791212,-1.463,-1.280,0.732,0.251,0.049,1.173,3,1073
525792699,-1.951,2.866,0.976,0.031,-0.011,1.109,3,1073
525793213,-1.951,2.866,0.976,0.031,-0.011,1.109,3,1073
525794699,-0.854,4.878,0.061,-0.252,-0.017,1.023,3,1073
525795212,-0.610,3.537,-0.061,-0.233,-0.017,0.947,3,1073
525796699,-0.427,1.585,-0.061,-0.129,0.097,1.034,3,1073
525797216,-0.305,-0.976,0.061,0.082,0.110,0.952,3,1073
525798699,-0.915,-2.012,0.305,0.209,0.101,1.188,3,1073
525799213,-1.524,-1.707,0.427,0.229,0.048,0.932,3,1073
525800711,-2.073,2.256,1.159,0.087,-0.005,0.921,3,1073
525801266,-2.073,2.256,1.159,0.087,-0.005,0.921,3,1073
525802540,-0.915,4.939,0.000,-0.271,-0.048,0.963,3,1073
525803638,-0.427,4.268,-0.244,-0.219,-0.010,0.987,3,1083
525804610,-0.183,2.378,0.000,-0.147,0.059,0.987,3,1083
525805638,0.000,0.244,0.366,0.005,0.114,1.041,3,1083
525806568,-1.341,-1.829,0.671,0.252,0.093,1.136,3,1083
525807638,-1.768,-0.671,0.854,0.222,0.021,0.990,3,1083
525808579,-2.256,1.768,1.098,0.099,0.010,1.143,3,1083
525809638,-2.012,3.720,0.793,-0.074,-0.071,0.972,3,1083
525810591,-1.646,4.878,0.305,-0.234,-0.057,1.036,3,1083
525811638,-1.037,4.146,-0.122,-0.223,-0.028,1.058,3,1083
525812580,-0.488,2.622,0.000,-0.213,0.050,0.950,3,1083
525813638,-0.183,-1.646,0.427,0.162,0.074,0.941,3,1083
525814572,-0.976,-1.890,0.427,0.226,0.089,1.187,3,1083
525815638,-1.646,-0.793,0.854,0.224,0.032,0.990,3,1083
525816575,-1.768,1.280,0.976,0.120,0.024,1.143,3,1083
525817638,-1.707,3.293,0.793,-0.005,-0.058,1.007,3,1083
525818584,-1.463,4.268,0.427,-0.226,-0.051,1.052,3,1083
525819638,-0.305,3.476,0.061,-0.194,0.045,1.033,3,1083
525820579,-0.061,1.098,-0.183,-0.072,0.095,0.940,3,1083
525821638,-0.427,-1.220,0.061,0.116,0.083,1.129,3,1083
525822572,-1.159,-2.378,0.610,0.190,0.094,0.934,3,1083
525823638,-1.585,-1.280,0.976,0.249,0.063,1.236,3,1083
525824576,-2.134,0.549,1.037,0.143,0.006,0.966,3,1083
525825638,-2.012,2.988,0.671,0.018,-0.032,1.165,3,1083
525826580,-1.646,4.451,0.366,-0.176,-0.082,0.992,3,1083
525827638,-0.549,3.537,-0.183,-0.237,0.007,0.984,3,1083
525828572,-0.488,1.524,-0.305,-0.097,0.095,0.930,3,1083
525829638,-0.549,-0.732,0.366,0.100,0.104,1.122,3,1083
525830584,-0.854,-1.890,0.305,0.196,0.078,0.981,3,1083
525831638,-1.524,-1.585,0.549,0.223,0.062,1.121,3,1083
525832580,-2.012,0.366,1.220,0.188,0.016,1.049,3,1083
525833638,-1.585,4.573,0.427,-0.146,-0.094,1.086,3,1083
525834674,-0.915,5.000,-0.061,-0.256,-0.019,1.016,3,1083
525835200,-0.915,5.000,-0.061,-0.256,-0.019,1.016,3,1083
525836700,-0.244,2.195,-0.183,-0.120,0.085,1.048,3,1083
525837210,-0.366,-0.244,0.122,0.030,0.090,0.959,3,1083
525838700,-0.976,-1.768,0.610,0.165,0.080,1.165,3,1083
525839209,-1.646,-2.195,0.671,0.240,0.076,0.893,3,1083
525840700,-2.012,1.951,0.793,0.063,-0.007,0.955,3,1083
525841207,-2.012,1.951,0.793,0.063,-0.007,0.955,3,1083
525842700,-1.829,4.634,0.427,-0.248,-0.047,0.969,3,1083
525843209,-1.159,4.573,0.000,-0.248,-0.018,1.000,3,1083
525844700,-0.610,2.683,0.061,-0.167,0.067,0.997,3,1083
525845207,-0.488,0.244,0.183,0.026,0.108,0.990,3,1083
525846700,-1.524,-1.707,0.488,0.233,0.079,1.048,3,1083
525847203,-1.524,-1.707,0.488,0.233,0.079,1.048,3,1083
525848700,-2.195,1.585,1.098,0.093,0.011,1.124,3,1083
525849203,-2.195,1.585,1.098,0.093,0.011,1.124,3,1083
525850700,-1.280,4.756,0.488,-0.219,-0.061,0.990,3,1083
525851244,-0.610,4.512,0.122,-0.223,-0.002,1.053,3,1083
525852515,0.000,3.110,0.183,-0.171,0.036,0.957,3,1083
525853638,-0.488,-1.220,0.366,0.117,0.063,0.915,3,1092
525854601,-1.159,-1.768,0.427,0.233,0.104,1.219,3,1092
525855638,-1.707,-1.037,0.732,0.230,0.032,0.935,3,1092
525856582,-2.317,0.915,1.220,0.121,0.017,1.221,3,1092
525857640,-1.951,2.988,0.915,-0.032,-0.062,0.954,3,1092
525858575,-1.646,4.573,0.488,-0.183,-0.059,1.063,3,1092
525859640,-1.098,4.390,0.061,-0.238,-0.027,0.994,3,1092
525860591,-0.610,3.720,-0.244,-0.219,0.030,1.026,3,1092
525861640,-0.366,-0.854,0.183,0.131,0.091,1.032,3,1092
525862578,-0.854,-2.073,0.305,0.205,0.081,1.068,3,1092
525863640,-1.341,-1.341,0.671,0.236,0.039,1.112,3,1092
525864585,-2.134,0.488,1.098,0.134,0.013,1.031,3,1092
525865640,-1.951,3.110,0.854,0.009,-0.034,1.123,3,1092
525866579,-1.707,4.390,0.488,-0.170,-0.064,1.035,3,1092
525867640,-0.366,3.780,-0.244,-0.212,0.031,1.022,3,1092
525868578,0.061,1.585,-0.244,-0.092,0.082,0.907,3,1092
525869640,-0.122,-0.732,0.122,0.074,0.087,1.133,3,1092
525870574,-1.098,-1.951,0.549,0.185,0.080,0.930,3,1092
525871640,-1.585,-1.341,0.854,0.253,0.065,1.227,3,1092
525872578,-2.256,-0.305,0.854,0.157,0.015,0.940,3,1092
525873640,-2.317,2.195,0.671,0.024,-0.013,1.203,3,1092
525874584,-1.159,4.756,0.061,-0.217,-0.034,0.997,3,1092
525875640,-0.854,3.963,0.000,-0.256,0.007,0.982,3,1092
525876574,-0.488,1.890,0.183,-0.105,0.071,0.936,3,1092
525877640,-0.244,-0.366,0.366,0.080,0.098,1.114,3,1092
525878576,-1.037,-2.073,0.427,0.181,0.069,0.943,3,1092
525879640,-1.524,-1.768,0.671,0.234,0.066,1.185,3,1092
525880592,-2.073,0.244,1.037,0.174,0.010,0.974,3,1092
525881640,-1.646,3.902,0.549,-0.122,-0.077,1.025,3,1092
525882588,-1.037,4.817,-0.183,-0.238,-0.013,1.022,3,1092
525883640,-0.366,4.024,-0.366,-0.227,0.006,0.946,3,1092
525884583,-0.366,2.561,-0.183,-0.108,0.080,0.998,3,1092
525885640,-0.610,0.183,0.000,0.021,0.088,1.041,3,1092
525886567,-0.732,-1.707,0.305,0.154,0.091,1.034,3,1092
525887640,-1.829,-0.488,0.976,0.197,0.022,1.119,3,1092
525888581,-1.951,1.707,0.976,0.063,-0.005,1.049,3,1092
525889640,-1.585,4.024,0.732,-0.098,-0.063,1.084,3,1092
525890587,-1.220,4.939,0.244,-0.216,-0.021,1.028,3,1092
525891640,-0.732,4.207,-0.122,-0.229,-0.020,0.934,3,1092
525892581,-0.061,2.683,0.122,-0.140,0.075,1.030,3,1092
525893640,-0.061,0.244,0.427,0.025,0.087,0.951,3,1092
525894580,-0.610,-1.402,0.305,0.177,0.092,1.121,3,1092
525895640,-1.646,-0.427,0.915,0.189,0.026,1.223,3,1092
525896584,-2.073,1.585,0.854,0.070,0.002,0.964,3,1092
525897640,-1.951,3.720,0.854,-0.071,-0.040,1.141,3,1092
525898576,-1.220,4.939,0.488,-0.225,-0.029,0.975,3,1092
525899640,-0.915,4.573,-0.122,-0.214,-0.014,0.957,3,1092
525900588,-0.244,3.049,-0.183,-0.132,0.059,1.045,3,1092
525901640,-1.098,-1.280,0.427,0.141,0.093,1.149,3,1092
525902741,-1.402,-2.134,0.793,0.215,0.050,0.922,3,1092
525903291,-1.402,-2.134,0.793,0.215,0.050,0.922,3,1102
525904368,-1.768,1.098,0.915,0.090,-0.015,0.983,3,1102
525905638,-1.463,3.415,0.793,-0.063,-0.031,1.135,3,1102
525906592,-1.098,4.817,0.244,-0.193,-0.036,0.971,3,1102
525907638,-0.549,4.695,-0.183,-0.243,-0.023,0.994,3,1102
525908592,-0.305,0.427,-0.122,0.009,0.104,0.972,3,1102
525909638,-0.793,-1.585,0.244,0.150,0.096,1.086,3,1102
525910579,-1.341,-2.195,0.610,0.211,0.076,0.990,3,1102
525911638,-1.768,-1.341,0.854,0.180,0.030,1.143,3,1102
525912588,-2.012,1.037,0.732,0.114,-0.009,1.078,3,1102
525913638,-1.951,2.988,0.549,-0.052,-0.027,1.081,3,1102
525914588,-1.098,4.573,0.488,-0.196,-0.040,0.973,3,1102
525915638,-0.122,3.354,-0.244,-0.177,0.057,0.996,3,1102
525916591,-0.122,1.341,-0.061,-0.017,0.098,1.015,3,1102
525917638,-0.732,-0.915,0.244,0.091,0.099,1.006,3,1102
525918583,-1.463,-1.646,0.488,0.213,0.071,1.048,3,1102
525919638,-1.829,-1.220,0.854,0.199,0.035,1.050,3,1102
525920579,-2.134,0.610,0.915,0.108,-0.000,1.142,3,1102
525921638,-1.159,4.268,0.244,-0.183,-0.042,0.988,3,1102
525922585,-0.793,4.512,-0.061,-0.212,-0.026,1.055,3,1102
525923638,-0.549,3.293,-0.244,-0.195,0.028,0.974,3,1102
525924580,-0.610,1.098,-0.305,-0.011,0.106,1.034,3,1102
525925638,-0.793,-1.341,0.061,0.143,0.084,0.971,3,1102
525926588,-1.402,-1.829,0.732,0.200,0.072,1.109,3,1102
525927638,-1.890,-1.341,0.915,0.167,0.020,1.003,3,1102
525928580,-1.829,0.976,0.854,0.112,0.018,1.197,3,1102
525929638,-1.402,4.573,0.244,-0.189,-0.044,1.020,3,1102
525930584,-1.037,4.512,-0.061,-0.195,-0.017,1.028,3,1102
525931638,-0.305,3.537,-0.244,-0.165,0.031,0.971,3,1102
525932580,-0.061,1.524,0.061,-0.042,0.103,1.060,3,1102
525933638,-0.793,-0.854,-0.061,0.092,0.077,0.925,3,1102
525934570,-1.280,-1.524,0.244,0.210,0.086,1.160,3,1102
525935638,-1.890,0.427,1.280,0.123,0.005,1.206,3,1102
525936576,-1.646,2.500,0.732,-0.030,-0.033,0.986,3,1102
525937638,-1.220,4.329,0.427,-0.165,-0.048,1.057,3,1102
525938580,-0.854,4.573,0.061,-0.229,-0.019,1.047,3,1102
525939638,-0.488,3.476,0.000,-0.203,0.028,0.968,3,1102
525940576,-0.061,1.524,0.000,-0.031,0.103,1.019,3,1102
525941638,-0.488,-0.732,0.427,0.129,0.088,0.920,3,1102
525942568,-1.220,-2.073,0.427,0.213,0.074,1.206,3,1102
525943638,-1.890,0.671,1.159,0.120,0.037,1.228,3,1102
525944572,-1.890,2.805,1.098,-0.009,-0.051,0.961,3,1102
525945638,-1.341,4.390,0.610,-0.181,-0.036,1.062,3,1102
525946582,-0.793,4.390,0.122,-0.193,-0.012,1.012,3,1102
525947638,-0.610,3.720,-0.244,-0.168,0.021,0.982,3,1102
525948584,-0.244,1.768,-0.244,-0.046,0.091,1.028,3,1102
525949638,-1.280,-1.585,0.305,0.203,0.087,1.160,3,1102
525950582,-1.402,-1.524,0.915,0.175,0.040,0.922,3,1102
525951638,-1.951,0.122,1.159,0.145,0.024,1.203,3,1102
525952741,-1.768,2.073,0.854,-0.025,-0.050,0.966,3,1102
525953292,-1.280,4.390,0.244,-0.162,-0.034,1.062,3,1112
525954434,-0.732,4.573,0.000,-0.191,-0.030,1.045,3,1112
525955639,0.122,1.463,-0.061,-0.038,0.100,1.003,3,1112
525956646,-0.183,-0.732,0.366,0.125,0.095,0.961,3,1112
525957176,-0.183,-0.732,0.366,0.125,0.095,0.961,3,1112
525958692,-1.524,-1.524,0.732,0.144,0.015,0.922,3,1112
525959195,-1.707,0.732,1.037,0.137,0.039,1.221,3,1112
525960699,-1.829,2.683,1.037,-0.009,-0.042,0.971,3,1112
525961203,-1.341,4.085,0.488,-0.205,-0.005,1.073,3,1112
525962697,-0.610,3.659,-0.183,-0.160,0.016,0.998,3,1112
525963206,-0.610,3.659,-0.183,-0.160,0.016,0.998,3,1112
525964699,-0.366,-0.549,0.305,0.082,0.063,0.929,3,1112
525965216,-0.366,-0.549,0.305,0.209,0.085,1.176,3,1112
525966697,-1.463,-1.768,0.854,0.182,0.021,0.930,3,1112
525967216,-1.951,0.244,0.915,0.140,0.020,1.194,3,1112
525968699,-1.585,2.439,0.671,-0.029,-0.049,0.984,3,1112
525969212,-1.402,3.963,0.183,-0.186,-0.025,1.071,3,1112
525970697,-0.610,3.720,-0.183,-0.191,0.025,0.965,3,1112
525971211,-0.610,3.720,-0.183,-0.191,0.025,0.965,3,1112
525972699,-0.183,-0.671,0.427,0.124,0.077,0.942,3,1112
525973212,-1.280,-1.707,0.488,0.201,0.088,1.137,3,1112
525974697,-1.951,-1.341,0.549,0.148,0.013,0.980,3,1112
525975216,-1.951,0.488,0.793,0.148,0.020,1.223,3,1112
525976699,-1.524,4.329,0.427,-0.196,-0.026,1.063,3,1112
525977212,-1.524,4.329,0.427,-0.196,-0.026,1.063,3,1112
525978697,-0.122,3.720,0.061,-0.161,0.034,0.998,3,1112
525979216,0.366,1.707,-0.061,-0.049,0.092,1.021,3,1112
525980699,0.061,-0.427,0.427,0.084,0.071,0.945,3,1112
525981213,-0.793,-1.280,0.732,0.208,0.095,1.142,3,1112
525982697,-1.890,0.122,0.793,0.094,0.019,1.146,3,1112
525983207,-1.890,0.122,0.793,0.094,0.019,1.146,3,1112
525984699,-1.402,3.963,0.244,-0.182,-0.035,1.046,3,1112
525985213,-1.402,3.963,0.244,-0.182,-0.035,1.046,3,1112
525986697,0.000,3.415,-0.061,-0.188,0.048,0.975,3,1112
525987207,0.244,1.341,-0.122,-0.005,0.075,0.999,3,1112
525988700,-0.366,-1.098,0.305,0.114,0.077,0.996,3,1112
525989212,-1.098,-1.707,0.915,0.192,0.081,1.087,3,1112
525990697,-2.134,0.732,0.976,0.119,0.024,1.125,3,1112
525991207,-2.134,0.732,0.976,0.119,0.024,1.125,3,1112
525992699,-1.159,4.268,0.244,-0.199,-0.036,1.019,3,1112
525993211,-0.732,4.573,0.000,-0.186,0.004,0.996,3,1112
525994697,-0.366,3.659,-0.061,-0.154,0.028,1.001,3,1112
525995207,0.000,1.707,-0.122,-0.026,0.090,0.990,3,1112
525996699,-1.280,-1.463,0.610,0.206,0.082,1.019,3,1112
525997216,-1.280,-1.463,0.610,0.206,0.082,1.019,3,1112
525998697,-2.195,0.488,1.098,0.093,0.006,1.073,3,1112
525999211,-2.195,0.488,1.098,0.093,0.006,1.073,3,1112
526000699,-1.463,4.024,0.305,-0.183,-0.037,1.022,3,1112
526001239,-1.159,4.573,-0.061,-0.190,-0.015,1.021,3,1112
526002504,-0.671,3.354,-0.122,-0.175,0.052,0.994,3,1112
526003638,-0.305,-0.915,0.305,0.137,0.079,1.105,3,1122
526004618,-1.159,-1.768,0.732,0.175,0.067,0.949,3,1122
526005638,-1.707,-1.280,1.037,0.183,0.032,1.197,3,1122
526006583,-2.195,0.793,1.280,0.095,0.005,0.976,3,1122
526007638,-2.012,2.866,0.793,-0.055,-0.045,1.158,3,1122
526008576,-1.463,4.268,0.610,-0.202,-0.027,0.984,3,1122
526009638,-0.549,4.817,0.122,-0.191,0.001,0.989,3,1122
526010650,0.000,1.220,0.061,-0.023,0.092,0.965,3,1122
526011172,0.000,1.220,0.061,-0.023,0.092,0.965,3,1122
526012704,-1.280,-1.829,0.610,0.179,0.071,0.898,3,1122
526013216,-1.829,-1.159,0.976,0.190,0.029,1.232,3,1122
526014700,-2.317,0.610,0.976,0.080,-0.002,1.000,3,1122
526015210,-2.012,2.927,0.732,-0.059,-0.042,1.148,3,1122
526016700,-0.854,4.329,0.122,-0.203,-0.011,0.953,3,1122
526017207,-0.854,4.329,0.122,-0.203,-0.011,0.953,3,1122
526018700,0.305,0.793,0.183,0.008,0.093,0.992,3,1122
526019214,0.305,0.793,0.183,0.008,0.093,0.992,3,1122
526020695,-0.976,-1.829,0.671,0.175,0.069,1.001,3,1122
526021198,-1.707,-0.488,1.098,0.182,0.032,1.154,3,1122
526022700,-2.073,1.098,1.037,0.079,-0.002,1.031,3,1122
526023214,-1.707,3.171,0.671,-0.083,-0.059,1.143,3,1122
526024700,-1.220,4.268,0.000,-0.190,0.006,0.951,3,1122
526025214,-1.220,4.268,0.000,-0.190,0.006,0.951,3,1122
526026700,-0.366,0.976,0.061,0.023,0.083,1.089,3,1122
526027210,-0.976,-0.915,0.488,0.130,0.050,0.941,3,1122
526028700,-1.585,-1.585,0.793,0.185,0.077,1.142,3,1122
526029207,-1.646,-0.732,0.976,0.173,0.015,1.012,3,1122
526030700,-1.280,3.049,0.427,-0.110,-0.049,1.057,3,1122
526031201,-1.280,3.049,0.427,-0.110,-0.049,1.057,3,1122
526032700,-0.732,4.207,0.122,-0.209,0.009,0.947,3,1122
526033209,-0.732,4.207,0.122,-0.209,0.009,0.947,3,1122
526034700,-0.427,0.732,-0.061,0.069,0.084,1.087,3,1122
526035209,-1.280,-1.402,0.427,0.131,0.064,0.938,3,1122
526036700,-1.463,-1.280,0.732,0.187,0.060,1.163,3,1122
526037201,-1.768,-0.671,1.098,0.148,0.013,0.965,3,1122
526038700,-1.707,3.049,0.671,-0.116,-0.048,1.056,3,1122
526039201,-1.707,3.049,0.671,-0.116,-0.048,1.056,3,1122
526040700,-0.061,4.451,-0.244,-0.184,0.020,0.968,3,1122
526041214,0.183,2.744,-0.488,-0.082,0.071,0.979,3,1122
526042700,-0.183,0.732,-0.122,0.049,0.066,1.016,3,1122
526043210,-0.976,-1.341,0.610,0.146,0.077,1.038,3,1122
526044700,-2.134,-0.671,1.037,0.151,0.029,1.099,3,1122
526045214,-2.134,-0.671,1.037,0.151,0.029,1.099,3,1122
526046700,-1.159,3.293,0.305,-0.112,-0.033,1.097,3,1122
526047205,-0.915,4.207,0.000,-0.170,-0.014,1.020,3,1122
526048700,-0.549,4.268,-0.244,-0.204,0.023,0.984,3,1122
526049201,-0.183,2.683,-0.183,-0.042,0.077,0.995,3,1122
526050700,-1.098,-1.402,0.488,0.169,0.084,1.151,3,1122
526051242,-1.098,-1.402,0.488,0.169,0.084,1.151,3,1122
526052507,-1.768,-0.122,0.915,0.123,0.032,1.205,3,1122
526053638,-1.707,1.829,0.854,-0.017,-0.042,0.984,3,1131
526054609,-1.463,3.415,0.244,-0.147,-0.027,1.089,3,1131
526055638,-0.793,4.207,-0.305,-0.179,-0.009,1.016,3,1131
526056594,-0.427,3.720,-0.305,-0.172,0.019,0.988,3,1131
526057640,-0.122,2.134,-0.061,0.076,0.066,0.959,3,1131
526058575,-1.524,-1.220,0.793,0.173,0.088,1.076,3,1131
526059640,-1.707,-1.402,1.037,0.174,0.032,1.021,3,1131
526060579,-2.134,0.244,1.220,0.113,0.017,1.152,3,1131
526061640,-2.012,1.890,0.915,-0.019,-0.015,1.040,3,1131
526062579,-1.463,3.780,0.488,-0.146,-0.031,1.040,3,1131
526063640,-0.854,4.451,0.061,-0.192,-0.005,1.045,3,1131
526064588,-0.488,3.963,-0.183,-0.154,0.027,1.002,3,1131
526065640,-0.305,-0.366,0.183,0.121,0.073,1.088,3,1131
526066584,-1.220,-1.951,0.427,0.172,0.057,0.944,3,1131
526067640,-1.524,-1.463,0.915,0.156,0.040,1.219,3,1131
526068581,-1.951,0.488,0.976,0.095,-0.015,0.993,3,1131
526069640,-1.829,2.500,0.854,-0.037,-0.018,1.164,3,1131
526070587,-1.341,3.841,0.305,-0.171,-0.020,1.006,3,1131
526071640,-0.488,3.537,-0.366,-0.120,0.058,1.002,3,1131
526072581,-0.122,1.280,0.122,-0.007,0.083,0.998,3,1131
526073640,-0.610,-0.427,0.488,0.123,0.054,1.028,3,1131
526074571,-1.280,-1.463,0.732,0.171,0.073,1.021,3,1131
526075640,-1.646,-1.037,0.976,0.166,0.024,1.119,3,1131
526076587,-2.073,0.366,1.037,0.051,0.019,1.112,3,1131
526077640,-1.646,2.622,0.854,-0.082,-0.035,1.092,3,1131
526078571,-0.854,4.207,0.305,-0.154,-0.019,1.003,3,1131
526079640,-0.488,3.293,-0.183,-0.122,0.064,0.956,3,1131
526080574,-0.488,1.463,0.122,0.047,0.092,1.081,3,1131
526081640,-1.098,-0.915,0.427,0.142,0.053,0.922,3,1131
526082587,-1.402,-1.646,0.915,0.181,0.044,1.153,3,1131
526083640,-1.585,-0.793,1.098,0.123,0.005,0.972,3,1131
526084574,-1.585,1.159,1.098,0.054,0.012,1.157,3,1131
526085640,-0.610,4.329,0.610,-0.183,-0.012,1.046,3,1131
526086575,-0.122,4.146,0.000,-0.163,0.012,0.947,3,1131
526087640,-0.244,2.622,-0.061,-0.082,0.088,0.990,3,1131
526088572,-0.488,0.671,0.366,0.049,0.069,0.967,3,1131
526089640,-0.915,-1.220,0.488,0.134,0.082,1.088,3,1131
526090582,-1.220,-1.646,0.915,0.168,0.036,1.000,3,1131
526091640,-1.768,-0.671,1.280,0.001,-0.015,1.023,3,1131
526092571,-1.037,3.110,0.549,-0.117,-0.030,1.089,3,1131
526093640,-0.671,4.390,0.183,-0.176,-0.021,1.071,3,1131
526094579,-0.549,4.024,0.000,-0.197,0.012,0.978,3,1131
526095640,-0.244,2.439,0.000,-0.051,0.079,0.976,3,1131
526096567,-0.183,0.122,0.061,0.107,0.073,0.949,3,1131
526097640,-0.793,-1.280,0.366,0.177,0.077,1.075,3,1131
526098582,-1.463,-1.463,0.854,0.132,0.026,1.042,3,1131
526099640,-1.768,1.829,1.402,-0.024,-0.003,1.066,3,1131
526100579,-1.098,3.476,0.793,-0.155,-0.026,1.040,3,1131
526101640,-0.854,4.146,-0.183,-0.157,-0.026,1.002,3,1131
526102749,-0.671,3.841,-0.671,-0.137,0.042,1.030,3,1131
526103295,-0.244,2.378,-0.366,-0.008,0.073,0.938,3,1141
526104350,-0.671,0.427,0.305,0.094,0.087,1.093,3,1141
526105638,-1.341,-1.220,0.915,0.191,0.024,1.220,3,1141
526106581,-2.073,0.000,0.854,0.060,0.007,1.027,3,1141
526107638,-1.890,2.012,0.732,-0.045,-0.027,1.124,3,1141
526108576,-1.098,3.780,0.183,-0.174,-0.002,1.013,3,1141
526109638,-0.976,4.268,-0.061,-0.182,-0.027,0.983,3,1141
526110584,-0.427,3.537,0.061,-0.143,0.046,0.984,3,1141
526111638,-0.061,1.159,0.183,0.036,0.089,1.027,3,1141
526112576,-0.671,-0.793,0.549,0.148,0.070,0.957,3,1141
526113638,-1.463,-1.037,0.976,0.116,0.010,1.038,3,1141
526114583,-2.073,0.854,1.037,0.087,0.016,1.164,3,1141
526115638,-1.646,2.622,0.976,-0.085,-0.024,1.074,3,1141
526116575,-0.732,4.207,0.305,-0.177,-0.017,1.039,3,1141
526117638,-0.488,4.512,-0.061,-0.163,0.007,0.947,3,1141
526118579,-0.305,3.232,-0.244,-0.090,0.062,0.973,3,1141
526119638,-0.915,-0.671,0.244,0.108,0.081,1.016,3,1141
526120576,-1.220,-1.402,0.976,0.185,0.051,1.057,3,1141
526121638,-1.646,-1.037,1.098,0.128,0.024,1.076,3,1141
526122584,-1.951,0.915,1.159,0.008,-0.001,1.059,3,1141
526123638,-1.646,3.171,0.732,-0.107,-0.025,1.111,3,1141
526124653,-1.098,4.390,0.183,-0.160,-0.028,1.067,3,1141
526125177,-0.610,4.024,-0.305,-0.191,0.007,0.983,3,1141
526126701,-0.244,0.488,0.183,0.109,0.090,0.977,3,1141
526127212,-0.244,0.488,0.183,0.109,0.090,0.977,3,1141
526128695,-1.524,-1.341,0.915,0.097,0.016,1.009,3,1141
526129198,-1.951,0.122,1.098,0.135,0.039,1.101,3,1141
526130700,-1.890,1.768,1.220,0.007,-0.013,1.073,3,1141
526131203,-1.402,3.354,0.549,-0.179,-0.003,1.069,3,1141
526132700,-0.549,3.963,-0.122,-0.115,0.035,1.015,3,1141
526133207,-0.549,3.963,-0.122,-0.115,0.035,1.015,3,1141
526134700,-0.671,0.244,0.122,0.077,0.094,1.077,3,1141
526135207,-0.671,0.244,0.122,0.077,0.094,1.077,3,1141
526136700,-1.341,-1.280,0.915,0.176,0.030,1.199,3,1141
526137209,-1.646,-0.244,0.915,0.064,0.021,1.035,3,1141
526138700,-1.768,2.012,0.732,-0.066,-0.036,1.136,3,1141
526139209,-0.854,4.024,0.122,-0.158,0.000,1.006,3,1141
526140701,-0.427,3.659,-0.122,-0.125,0.029,0.951,3,1141
526141210,-0.427,3.659,-0.122,-0.125,0.029,0.951,3,1141
526142700,-0.488,-0.610,0.366,0.143,0.070,0.905,3,1141
526143219,-1.402,-1.585,0.732,0.159,0.042,1.149,3,1141
526144700,-1.585,-0.854,1.037,0.089,0.013,1.014,3,1141
526145219,-1.707,0.976,0.915,0.104,0.010,1.200,3,1141
526146700,-0.732,3.963,0.061,-0.154,-0.014,1.055,3,1141
526147210,-0.732,3.963,0.061,-0.154,-0.014,1.055,3,1141
526148700,-0.549,3.110,-0.488,-0.066,0.066,0.997,3,1141
526149203,-0.366,1.280,0.000,0.026,0.052,0.957,3,1141
526150729,-1.280,-0.366,0.549,0.140,0.107,1.081,3,1141
526151238,-1.768,-1.341,0.976,0.164,0.026,0.980,3,1141
526152504,-2.317,-0.610,1.098,0.110,0.015,1.183,3,1141
526153638,-1.585,2.866,0.610,-0.128,-0.021,1.087,3,1151
526154606,-1.159,4.085,0.122,-0.145,-0.011,1.059,3,1151
526155638,-0.793,3.963,-0.183,-0.166,0.017,1.004,3,1151
526156579,-0.610,2.378,-0.366,-0.026,0.053,0.941,3,1151
526157640,-0.610,0.366,0.000,0.106,0.057,1.046,3,1151
526158579,-0.976,-1.037,0.549,0.149,0.081,0.963,3,1151
526159640,-1.524,-1.402,0.793,0.132,0.032,1.169,3,1151
526160586,-1.768,1.768,1.037,-0.035,-0.016,1.192,3,1151
526161640,-1.524,3.415,0.488,-0.167,-0.017,1.023,3,1151
526162583,-1.037,4.207,0.183,-0.144,-0.003,0.998,3,1151
526163640,-0.793,3.963,-0.183,-0.108,0.037,0.981,3,1151
526164575,-0.549,1.890,-0.244,0.001,0.086,1.047,3,1151
526165640,-0.854,-0.244,0.244,0.096,0.039,0.963,3,1151
526166574,-1.341,-1.220,0.488,0.172,0.083,1.070,3,1151
526167640,-2.256,0.549,1.037,0.047,0.007,1.166,3,1151
526168578,-2.256,2.256,0.732,-0.104,-0.029,1.091,3,1151
526169640,-1.646,3.902,0.122,-0.150,-0.006,1.032,3,1151
526170587,-0.854,4.451,-0.122,-0.164,0.018,0.930,3,1151
526171640,-0.488,3.110,-0.122,-0.068,0.059,0.987,3,1151
526172572,-0.366,1.220,-0.183,0.072,0.045,0.992,3,1151
526173640,-1.402,-1.585,0.671,0.157,0.040,0.969,3,1151
526174574,-1.585,-0.732,0.976,0.120,0.032,1.179,3,1151
526175640,-1.220,0.793,0.854,0.013,-0.030,1.021,3,1151
526176575,-1.220,2.622,0.732,-0.143,-0.021,1.125,3,1151
526177640,-0.854,4.146,0.122,-0.144,-0.003,1.013,3,1151
526178584,-0.427,4.268,-0.061,-0.152,0.025,1.017,3,1151
526179640,-0.183,3.049,-0.244,-0.041,0.074,0.937,3,1151
526180579,-0.549,0.671,0.305,0.068,0.055,1.071,3,1151
526181640,-1.707,-1.341,1.159,0.167,0.037,1.157,3,1151
526182576,-1.646,-0.244,1.159,0.072,0.013,1.008,3,1151
526183640,-1.585,1.463,1.220,-0.042,-0.015,1.184,3,1151
526184579,-1.098,3.293,0.549,-0.147,-0.010,1.024,3,1151
526185640,-0.732,4.146,-0.061,-0.147,0.006,0.995,3,1151
526186576,-0.427,3.841,-0.244,-0.105,0.017,0.968,3,1151
526187640,-0.488,0.061,0.061,0.097,0.037,0.920,3,1151
526188576,-1.220,-1.220,0.793,0.170,0.086,1.122,3,1151
526189640,-1.463,-1.037,1.159,0.116,0.023,0.999,3,1151
526190580,-1.768,0.488,1.159,0.059,0.011,1.218,3,1151
526191640,-1.646,2.073,0.976,-0.114,-0.031,1.057,3,1151
526192579,-1.585,3.659,0.366,-0.138,0.002,1.043,3,1151
526193640,-1.159,4.207,0.061,-0.167,0.028,0.933,3,1151
526194582,-0.366,1.402,0.122,0.031,0.033,0.941,3,1151
526195640,-1.037,-0.061,0.427,0.130,0.078,1.119,3,1151
526196583,-1.220,-1.280,0.671,0.162,0.039,0.933,3,1151
526197640,-1.951,-0.427,1.098,0.116,0.027,1.154,3,1151
526198571,-1.768,1.098,0.976,-0.018,-0.005,1.041,3,1151
526199640,-1.280,2.927,0.427,-0.127,-0.016,1.117,3,1151
526200586,-0.976,4.268,0.061,-0.153,0.008,1.033,3,1151
526201640,0.061,2.500,-0.061,-0.026,0.068,0.900,3,1151
526202737,-0.305,0.671,0.305,0.092,0.058,1.098,3,1151
526203282,-1.524,-1.220,0.549,0.131,0.070,0.918,3,1161
526204333,-1.829,-1.280,1.159,0.153,0.039,1.167,3,1161
526205638,-1.951,-0.305,1.341,0.066,0.012,1.028,3,1161
526206579,-1.707,1.524,0.610,-0.052,-0.031,1.182,3,1161
526207638,-0.854,3.841,-0.061,-0.149,0.002,0.986,3,1161
526208576,-0.122,3.841,-0.305,-0.089,0.041,0.955,3,1161
526209638,0.000,1.951,-0.305,0.042,0.067,1.077,3,1161
526210583,-0.610,-0.366,0.244,0.083,0.048,0.939,3,1161
526211638,-1.220,-1.037,0.671,0.178,0.057,1.075,3,1161
526212584,-1.646,-1.098,1.098,0.111,0.025,1.070,3,1161
526213638,-2.195,0.732,1.159,0.029,0.000,1.116,3,1161
526214581,-1.402,2.256,0.671,-0.113,-0.018,1.099,3,1161
526215638,-0.549,4.085,-0.244,-0.147,0.023,0.966,3,1161
526216585,-0.183,2.866,-0.366,-0.022,0.046,0.980,3,1161
526217638,-0.366,0.854,-0.305,0.066,0.041,0.989,3,1161
526218575,-1.098,-0.671,0.183,0.137,0.064,1.014,3,1161
526219638,-1.646,-1.402,0.671,0.148,0.044,1.068,3,1161
526220580,-1.951,-0.305,1.037,0.089,0.029,1.054,3,1161
526221638,-1.646,3.171,0.488,-0.150,-0.014,1.055,3,1161
526222588,-1.037,4.329,0.000,-0.166,0.002,1.011,3,1161
526223638,-0.671,4.146,-0.488,-0.104,0.029,0.974,3,1161
526224571,-0.183,2.195,-0.610,-0.013,0.084,1.028,3,1161
526225638,-0.610,0.366,0.061,0.095,0.027,0.942,3,1161
526226576,-0.976,-1.037,0.549,0.167,0.071,1.096,3,1161
526227638,-1.463,-1.098,0.976,0.112,0.026,1.004,3,1161
526228579,-1.646,1.768,0.915,-0.083,-0.012,1.094,3,1161
526229638,-0.854,3.476,0.183,-0.139,-0.006,1.054,3,1161
526230588,-0.488,4.207,-0.122,-0.162,0.020,0.914,3,1161
526231638,-0.427,3.354,-0.305,-0.042,0.042,1.020,3,1161
526232576,-0.427,1.402,-0.183,0.032,0.053,0.941,3,1161
526233638,-0.915,-0.427,0.061,0.131,0.071,1.118,3,1161
526234575,-1.280,-1.402,0.732,0.141,0.027,0.930,3,1161
526235638,-1.768,0.915,0.915,-0.007,-0.019,1.034,3,1161
526236579,-1.159,2.805,0.610,-0.131,-0.002,1.102,3,1161
526237638,-0.610,3.963,0.122,-0.155,0.000,1.016,3,1161
526238587,-0.610,3.902,-0.305,-0.122,0.022,1.040,3,1161
526239638,-0.488,2.500,-0.122,-0.020,0.061,0.919,3,1161
526240576,-0.976,0.854,0.366,0.090,0.043,1.057,3,1161
526241638,-1.829,-1.524,1.098,0.142,0.014,1.126,3,1161
526242591,-1.890,-0.366,1.037,0.056,0.013,1.105,3,1161
526243638,-1.829,1.341,1.037,-0.061,-0.013,1.141,3,1161
526244576,-1.463,3.232,0.305,-0.158,0.005,1.021,3,1161
526245638,-0.915,4.146,-0.122,-0.159,0.009,0.971,3,1161
526246575,-0.488,3.659,-0.427,-0.075,0.037,0.973,3,1161
526247638,-0.061,2.012,-0.244,0.048,0.060,1.008,3,1161
526248579,-0.915,-0.183,0.427,0.112,0.060,1.030,3,1161
526249638,-2.134,-0.793,1.159,0.108,0.030,1.130,3,1161
526250578,-1.951,0.427,0.793,0.001,-0.007,1.050,3,1161
526251638,-1.220,2.256,0.427,-0.100,-0.020,1.109,3,1161
526252741,-0.488,3.902,-0.061,-0.152,0.011,1.055,3,1161
526253289,-0.244,4.207,-0.305,-0.146,0.026,1.014,3,1170
526254362,-0.122,2.988,-0.366,-0.021,0.049,0.907,3,1170
526255638,-1.159,-0.854,0.671,0.132,0.065,0.922,3,1170
526256580,-1.524,-1.463,1.098,0.162,0.043,1.165,3,1170
526257640,-1.890,-0.549,1.341,0.066,0.003,1.039,3,1170
526258576,-1.585,1.402,1.159,-0.049,-0.014,1.166,3,1170
526259640,-1.098,3.110,0.610,-0.139,0.006,1.021,3,1170
526260575,-0.610,3.963,0.122,-0.147,-0.001,1.008,3,1170
526261640,-0.244,4.024,-0.183,-0.097,0.028,0.947,3,1170
526262579,-0.366,0.183,0.244,0.099,0.038,0.905,3,1170
526263640,-1.280,-0.976,0.488,0.151,0.072,1.095,3,1170
526264582,-1.707,-1.220,0.793,0.129,0.023,1.039,3,1170
526265640,-1.768,0.244,0.915,0.020,-0.002,1.113,3,1170
526266577,-1.280,2.256,0.671,-0.103,-0.017,1.106,3,1170
526267640,-1.037,3.841,0.183,-0.138,-0.006,1.076,3,1170
526268575,-0.915,4.329,-0.305,-0.172,0.025,0.945,3,1170
526269640,-0.488,1.220,0.183,0.073,0.048,0.984,3,1170
526270578,-0.976,-0.366,0.427,0.134,0.052,0.996,3,1170
526271640,-1.646,-1.646,0.732,0.161,0.046,1.101,3,1170
526272575,-2.012,-0.671,1.037,0.080,0.028,1.071,3,1170
526273640,-1.890,1.220,0.915,-0.042,-0.013,1.125,3,1170
526274578,-1.402,2.805,0.366,-0.146,0.008,1.043,3,1170
526275640,-0.793,4.207,-0.244,-0.105,0.039,0.949,3,1170
526276575,-0.244,2.256,-0.427,0.013,0.068,1.054,3,1170
526277640,-0.488,0.244,0.061,0.092,0.013,0.897,3,1170
526278576,-1.220,-0.915,0.793,0.152,0.073,1.131,3,1170
526279640,-1.707,-1.159,1.098,0.130,0.033,1.010,3,1170
526280572,-2.134,0.244,1.037,0.049,-0.004,1.139,3,1170
526281640,-1.951,2.073,0.732,-0.103,-0.024,1.113,3,1170
526282582,-1.341,3.659,0.366,-0.149,0.014,1.076,3,1170
526283640,-0.366,3.171,-0.244,-0.054,0.065,0.994,3,1170
526284587,-0.061,1.280,-0.122,0.054,0.056,0.977,3,1170
526285640,-0.732,-0.427,0.549,0.132,0.046,1.033,3,1170
526286579,-1.646,-1.402,0.854,0.155,0.048,1.064,3,1170
526287640,-2.134,-0.732,1.341,0.101,0.021,1.080,3,1170
526288576,-2.012,0.610,0.976,-0.027,-0.004,1.116,3,1170
526289640,-0.671,3.963,-0.183,-0.145,-0.017,1.011,3,1170
526290581,-0.244,4.024,-0.366,-0.111,0.033,0.971,3,1170
526291640,-0.183,2.622,-0.183,-0.005,0.067,1.035,3,1170
526292574,-0.305,0.793,0.061,0.093,0.031,0.895,3,1170
526293640,-1.098,-0.488,0.549,0.141,0.069,1.121,3,1170
526294573,-1.646,-1.037,1.098,0.105,0.037,1.015,3,1170
526295640,-1.646,0.061,1.098,0.050,0.003,1.117,3,1170
526296572,-0.976,3.720,0.244,-0.136,0.007,1.096,3,1170
526297640,-0.305,4.268,-0.183,-0.146,0.021,0.931,3,1170
526298578,-0.061,3.232,-0.305,-0.046,0.056,0.985,3,1170
526299640,-0.122,1.463,0.122,0.073,0.042,0.958,3,1170
526300571,-0.854,-0.305,0.610,0.102,0.059,1.043,3,1170
526301640,-1.585,-1.463,1.037,0.145,0.034,1.065,3,1170
526302737,-1.890,0.732,1.098,-0.034,-0.008,1.112,3,1170
526303277,-1.890,0.732,1.098,-0.034,-0.008,1.112,3,1180
526304337,-1.220,2.256,0.488,-0.135,0.002,1.069,3,1180
526305638,-0.488,4.085,-0.366,-0.105,0.029,0.967,3,1180
526306583,-0.305,2.683,-0.366,-0.015,0.059,1.022,3,1180
526307638,-0.732,0.732,0.183,0.094,0.049,0.887,3,1180
526308572,-1.341,-0.793,0.793,0.144,0.046,1.158,3,1180
526309638,-2.134,-0.061,1.220,0.044,0.000,1.129,3,1180
526310587,-1.707,1.463,0.854,-0.105,-0.012,1.094,3,1180
526311638,-1.280,3.415,0.122,-0.125,0.017,1.099,3,1180
526312576,-0.549,4.146,0.061,-0.142,0.030,0.932,3,1180
526313638,-0.244,3.659,-0.305,-0.039,0.032,0.992,3,1180
526314576,-0.366,1.707,-0.305,0.059,0.039,1.006,3,1180
526315638,-0.915,-0.183,0.427,0.116,0.057,0.991,3,1180
526316576,-1.768,-1.098,0.915,0.133,0.043,1.042,3,1180
526317638,-1.829,0.854,0.854,-0.027,-0.012,1.167,3,1180
526318584,-1.280,2.500,0.366,-0.155,0.013,1.052,3,1180
526319638,-0.793,3.720,0.000,-0.122,0.001,1.041,3,1180
526320568,-0.732,4.085,-0.366,-0.102,0.032,0.951,3,1180
526321638,-0.488,2.500,-0.244,0.000,0.054,1.050,3,1180
526322576,-0.732,0.488,-0.122,0.118,0.038,0.882,3,1180
526323638,-1.890,-0.976,1.159,0.088,0.024,1.065,3,1180
526324576,-1.890,0.122,1.220,0.042,0.014,1.102,3,1180
526325638,-1.585,1.768,0.793,-0.120,-0.011,1.096,3,1180
526326579,-0.915,3.354,0.244,-0.125,0.011,1.105,3,1180
526327638,-0.488,4.085,0.000,-0.136,0.027,0.958,3,1180
526328564,-0.427,3.354,-0.305,-0.043,0.035,0.937,3,1180
526329638,-0.366,1.524,-0.061,0.082,0.030,1.025,3,1180
526330576,-1.707,-1.159,1.159,0.124,0.028,1.139,3,1180
526331638,-1.646,-0.732,1.159,0.076,0.013,1.067,3,1180
526332584,-1.951,0.854,0.976,-0.053,-0.006,1.186,3,1180
526333638,-1.463,2.561,0.488,-0.151,0.019,1.018,3,1180
526334576,-1.159,3.720,-0.244,-0.125,0.022,1.013,3,1180
526335638,-0.549,4.024,-0.366,-0.080,0.037,0.951,3,1180
526336575,-0.122,2.500,-0.305,0.020,0.042,1.053,3,1180
526337638,-1.707,-0.610,0.671,0.137,0.051,1.020,3,1180
526338575,-1.890,-1.037,1.159,0.105,0.033,1.118,3,1180
526339638,-1.646,-0.061,1.341,0.014,-0.010,1.044,3,1180
526340579,-1.280,1.951,0.732,-0.122,-0.002,1.133,3,1180
526341638,-1.037,3.476,0.366,-0.112,0.013,1.047,3,1180
526342575,-0.488,3.841,-0.122,-0.120,0.037,1.016,3,1180
526343638,-0.305,1.646,-0.061,0.072,0.037,1.096,3,1180
526344583,-1.280,-0.183,0.488,0.116,0.059,0.909,3,1180
526345638,-1.463,-1.037,1.037,0.125,0.029,1.120,3,1180
526346576,-1.707,-0.488,1.098,0.067,0.012,1.097,3,1180
526347638,-1.707,1.159,1.159,-0.064,-0.020,1.184,3,1180
526348578,-1.585,2.744,0.610,-0.127,0.026,1.019,3,1180
526349638,-0.976,3.659,0.122,-0.110,0.028,0.974,3,1180
526350576,-0.488,3.598,0.061,-0.057,0.036,0.986,3,1180
526351638,-0.793,0.610,0.366,0.102,0.048,1.039,3,1180
526352751,-1.341,-0.427,0.793,0.137,0.046,0.958,3,1180
526353300,-1.646,-0.549,1.037,0.098,0.030,1.142,3,1190
526354356,-1.768,0.061,0.854,-0.015,-0.013,1.055,3,1190
526355638,-1.646,1.951,0.427,-0.125,-0.003,1.128,3,1190
526356577,-1.220,3.659,0.000,-0.133,0.026,1.021,3,1190
526357640,-0.305,2.805,-0.305,-0.004,0.051,0.958,3,1190
526358571,-0.671,1.341,-0.244,0.085,0.024,1.024,3,1190
526359640,-1.341,-0.366,0.488,0.129,0.052,1.013,3,1190
526360574,-1.707,-0.793,0.915,0.110,0.017,1.033,3,1190
526361640,-1.829,-0.244,0.915,0.059,0.003,1.166,3,1190
526362584,-1.402,1.037,0.854,-0.097,-0.005,1.113,3,1190
526363640,-0.671,3.049,0.244,-0.115,0.023,1.069,3,1190
526364580,-0.183,3.598,-0.244,-0.022,0.048,1.019,3,1190
526365640,-0.122,2.012,-0.122,0.039,0.027,0.950,3,1190
526366575,-0.671,0.427,0.244,0.103,0.049,1.034,3,1190
526367640,-1.463,-1.159,0.854,0.125,0.036,1.018,3,1190
526368579,-1.890,-0.915,1.037,0.073,0.036,1.061,3,1190
526369640,-1.829,0.488,0.854,-0.035,-0.001,1.154,3,1190
526370648,-1.341,2.134,0.732,-0.128,0.002,1.083,3,1190
526371177,-0.915,3.415,0.366,-0.124,0.028,1.033,3,1190
526372701,-0.183,2.805,-0.549,0.023,0.051,1.057,3,1190
526373209,-0.183,2.805,-0.549,0.023,0.051,1.057,3,1190
526374699,-1.524,-0.122,0.610,0.136,0.059,1.056,3,1190
526375212,-1.585,-0.793,1.098,0.098,0.028,1.072,3,1190
526376699,-1.951,-0.061,1.402,0.031,-0.002,1.103,3,1190
526377212,-1.463,1.463,1.037,-0.118,0.002,1.108,3,1190
526378699,-0.488,3.841,-0.244,-0.130,0.038,0.994,3,1190
526379213,-0.488,3.841,-0.244,-0.130,0.038,0.994,3,1190
526380699,-0.366,1.951,-0.122,0.071,0.029,1.075,3,1190
526381212,-1.037,0.061,0.366,0.100,0.041,0.923,3,1190
526382699,-1.585,-0.915,0.732,0.134,0.037,1.085,3,1190
526383212,-1.829,-0.549,0.976,0.062,0.017,1.085,3,1190
526384699,-1.646,2.561,0.671,-0.128,0.009,1.034,3,1190
526385212,-1.646,2.561,0.671,-0.128,0.009,1.034,3,1190
526386699,-0.488,3.841,0.000,-0.059,0.050,1.003,3,1190
526387212,-0.305,2.622,-0.244,0.032,0.039,0.943,3,1190
526388699,-0.976,0.854,0.061,0.092,0.040,1.066,3,1190
526389212,-1.341,-0.732,0.793,0.117,0.036,0.951,3,1190
526390699,-1.768,-0.732,1.159,0.086,0.030,1.126,3,1190
526391213,-2.134,0.000,0.915,-0.025,0.006,1.071,3,1190
526392699,-1.402,3.293,0.427,-0.135,0.022,1.029,3,1190
526393213,-1.402,3.293,0.427,-0.135,0.022,1.029,3,1190
526394699,-0.610,2.988,-0.427,-0.015,0.053,1.004,3,1190
526395213,-0.671,1.220,-0.122,0.085,0.004,0.936,3,1190
526396699,-1.159,0.000,0.671,0.136,0.058,1.079,3,1190
526397212,-1.829,-0.976,1.037,0.088,0.030,1.011,3,1190
526398699,-1.463,0.976,1.037,-0.104,0.004,1.104,3,1190
526399213,-1.463,0.976,1.037,-0.104,0.004,1.104,3,1190
526400729,-0.488,3.902,0.000,-0.129,0.035,0.942,3,1190
526401241,-0.244,3.293,-0.427,-0.028,0.038,0.961,3,1190
526402512,-0.244,1.829,-0.183,0.047,0.032,1.015,3,1190
526403638,-1.037,0.427,0.427,0.114,0.041,0.958,3,1200
526404608,-1.707,-0.793,0.976,0.133,0.029,1.090,3,1200
526405638,-1.890,0.610,1.280,-0.036,0.005,1.187,3,1200
526406585,-1.463,2.134,0.854,-0.133,0.009,1.036,3,1200
526407638,-1.037,3.415,0.244,-0.127,0.024,1.037,3,1200
526408579,-0.427,3.780,-0.244,-0.081,0.036,0.961,3,1200
526409638,0.000,2.866,-0.183,0.030,0.058,1.016,3,1200
526410572,-0.427,0.732,0.061,0.099,0.028,0.984,3,1200
526411638,-1.768,-0.732,1.280,0.091,0.026,1.114,3,1200
526412573,-1.951,-0.244,1.463,0.003,0.007,1.072,3,1200
526413638,-1.402,1.585,0.976,-0.108,0.016,1.125,3,1200
526414576,-0.976,3.293,0.244,-0.139,0.018,1.054,3,1200
526415638,-0.549,3.841,-0.305,-0.094,0.033,1.026,3,1200
526416588,-0.183,3.354,-0.366,-0.018,0.046,0.941,3,1200
526417638,-0.427,2.012,-0.244,0.081,0.016,0.984,3,1200
526418584,-1.098,0.000,0.244,0.121,0.061,1.031,3,1200
526419638,-2.012,-0.549,1.159,0.042,0.019,1.137,3,1200
526420580,-1.829,0.610,0.854,-0.080,0.011,1.133,3,1200
526421638,-1.463,2.439,0.610,-0.130,0.039,1.107,3,1200
526422579,-0.915,3.780,0.122,-0.126,0.026,0.930,3,1200
526423638,-0.244,3.902,-0.061,-0.018,0.033,0.984,3,1200
526424588,-0.488,2.073,-0.244,0.055,0.030,0.988,3,1200
526425638,-1.341,-0.671,0.976,0.124,0.030,1.073,3,1200
526426576,-1.707,-0.610,1.402,0.068,0.020,1.073,3,1200
526427638,-1.463,0.427,1.098,-0.033,0.011,1.171,3,1200
526428584,-0.915,2.195,0.610,-0.133,0.036,1.037,3,1200
526429638,-0.549,3.415,-0.061,-0.109,0.016,1.030,3,1200
526430583,-0.305,3.841,-0.366,-0.086,0.029,0.963,3,1200
526431638,-0.122,2.927,-0.427,0.036,0.059,0.998,3,1200
526432576,-1.220,-0.488,0.793,0.108,0.030,0.981,3,1200
526433638,-1.768,-0.854,1.341,0.079,0.012,1.112,3,1200
526434583,-1.890,-0.305,1.098,0.014,0.005,1.063,3,1200
526435638,-1.402,1.280,0.793,-0.088,0.016,1.117,3,1200
526436572,-1.098,2.927,0.610,-0.128,0.021,1.055,3,1200
526437638,-0.610,4.085,0.061,-0.088,0.042,1.032,3,1200
526438591,-0.305,3.476,-0.366,-0.019,0.052,0.947,3,1200
526439638,-1.280,0.244,0.732,0.113,0.039,1.046,3,1200
526440576,-1.524,-0.793,1.037,0.078,0.021,1.015,3,1200
526441638,-2.012,-0.366,1.159,0.052,0.011,1.108,3,1200
526442579,-1.890,0.793,1.098,-0.085,0.021,1.132,3,1200
526443638,-1.341,2.500,0.305,-0.100,0.024,1.121,3,1200
526444584,-0.549,3.963,-0.305,-0.124,0.029,0.957,3,1200
526445638,-0.183,2.378,-0.366,0.078,0.026,1.014,3,1200
526446584,-0.793,0.671,0.305,0.100,0.036,0.942,3,1200
526447638,-1.402,-0.549,0.610,0.111,0.012,1.086,3,1200
526448575,-1.707,-0.976,1.037,0.050,0.028,1.085,3,1200
526449638,-1.707,0.244,1.280,-0.042,0.022,1.171,3,1200
526450582,-1.098,1.951,0.549,-0.124,0.017,1.034,3,1200
526451638,-0.671,3.110,-0.122,-0.125,0.027,1.010,3,1200
526452742,0.000,2.866,-0.427,0.035,0.042,0.944,3,1200
526453288,0.000,2.866,-0.427,0.035,0.042,0.944,3,1209
526454352,-0.671,0.915,-0.122,0.093,0.023,0.979,3,1209
526455638,-1.646,-0.671,1.402,0.078,0.021,1.124,3,1209
526456576,-1.829,-0.183,1.280,-0.008,0.004,1.084,3,1209
526457640,-1.402,1.402,0.732,-0.110,0.023,1.122,3,1209
526458579,-0.854,3.049,0.000,-0.118,0.010,1.053,3,1209
526459640,-0.061,3.293,-0.671,-0.006,0.055,1.013,3,1209
526460567,-0.183,1.951,-0.183,0.087,0.014,0.918,3,1209
526461640,-1.280,0.305,0.427,0.108,0.032,1.062,3,1209
526462579,-1.890,-0.793,0.915,0.097,0.011,1.048,3,1209
526463640,-2.195,-0.366,1.341,0.037,0.002,1.096,3,1209
526464576,-1.707,0.854,0.915,-0.101,0.028,1.102,3,1209
526465640,-1.037,2.439,0.427,-0.095,0.026,1.128,3,1209
526466586,-0.366,3.780,-0.366,-0.026,0.033,0.909,3,1209
526467640,-0.427,2.378,-0.488,0.094,0.043,1.016,3,1209
526468576,-0.915,0.244,0.244,0.104,0.026,0.999,3,1209
526469640,-1.524,-0.427,0.915,0.097,0.016,1.053,3,1209
526470582,-1.768,-0.732,1.220,0.049,0.020,1.100,3,1209
526471640,-1.707,0.183,1.159,-0.065,0.009,1.145,3,1209
526472583,-1.280,2.012,0.549,-0.102,0.038,1.082,3,1209
526473640,-0.732,3.902,-0.183,-0.021,0.035,0.993,3,1209
526474573,-0.244,2.683,-0.183,0.034,0.041,0.990,3,1209
526475640,-0.915,1.220,0.122,0.112,0.028,0.966,3,1209
526476575,-1.220,-0.305,0.671,0.085,0.023,1.036,3,1209
526477640,-1.463,-0.671,1.220,0.070,0.009,1.062,3,1209
526478571,-1.768,0.244,1.402,-0.034,-0.008,1.174,3,1209
526479640,-0.671,2.744,0.366,-0.089,0.026,1.051,3,1209
526480580,-0.488,3.720,-0.183,-0.067,0.042,0.980,3,1209
526481640,0.000,2.988,-0.610,0.026,0.037,1.003,3,1209
526482571,-0.549,1.585,-0.122,0.102,0.025,0.980,3,1209
526483640,-1.159,0.183,0.671,0.082,0.021,0.939,3,1209
526484575,-1.463,-0.549,1.159,0.091,0.024,1.139,3,1209
526485640,-1.646,-0.549,1.098,-0.008,-0.006,1.064,3,1209
526486575,-1.585,0.854,0.610,-0.125,0.035,1.128,3,1209
526487640,-0.549,3.841,-0.427,-0.066,0.050,0.997,3,1209
526488576,-0.183,3.293,-0.610,-0.004,0.048,0.997,3,1209
526489640,-0.366,2.012,-0.305,0.086,0.011,0.918,3,1209
526490571,-1.220,0.793,0.427,0.118,0.039,1.059,3,1209
526491640,-1.341,-0.488,1.037,0.081,0.003,1.051,3,1209
526492580,-1.402,-0.305,1.341,0.012,0.021,1.082,3,1209
526493640,-0.915,2.500,0.610,-0.102,0.042,1.110,3,1209
526494576,-0.549,3.537,-0.183,-0.089,0.053,0.999,3,1209
526495640,-0.122,3.598,-0.488,-0.016,0.041,0.926,3,1209
526496579,-0.122,2.195,-0.488,0.071,0.014,1.047,3,1209
526497640,-0.671,0.549,0.122,0.107,0.032,0.959,3,1209
526498571,-1.280,-0.305,0.915,0.074,0.003,1.024,3,1209
526499640,-1.585,-0.366,1.159,0.057,0.001,1.132,3,1209
526500568,-1.463,0.366,1.098,-0.088,0.008,1.140,3,1209
526501640,-0.915,3.293,0.366,-0.110,0.052,0.944,3,1209
526502738,-0.488,3.598,0.000,-0.001,0.048,1.002,3,1209
526503285,-0.122,2.500,-0.610,0.042,0.018,0.986,3,1219
526504346,-0.854,1.463,-0.122,0.096,0.035,0.944,3,1219
526505638,-1.341,0.000,0.671,0.104,0.019,1.058,3,1219
526506572,-1.829,-0.671,1.037,0.040,0.021,1.062,3,1219
526507638,-1.707,1.524,0.732,-0.113,0.014,1.041,3,1219
526508584,-1.159,2.683,0.122,-0.101,0.054,1.036,3,1219
526509638,-0.671,3.476,-0.244,-0.032,0.033,1.001,3,1219
526510579,-0.183,2.866,-0.427,0.034,0.033,0.959,3,1219
526511638,-0.915,1.524,-0.122,0.099,0.027,1.036,3,1219
526512576,-1.463,0.000,0.610,0.108,0.022,0.945,3,1219
526513638,-1.829,-0.366,1.037,-0.034,-0.010,1.102,3,1219
526514576,-1.463,0.793,0.793,-0.114,0.021,1.146,3,1219
526515638,-1.220,2.744,0.122,-0.111,0.053,1.049,3,1219
526516583,-0.427,3.963,-0.305,-0.059,0.059,0.998,3,1219
526517638,-0.122,3.415,-0.549,0.033,0.049,1.023,3,1219
526518580,-0.549,1.951,-0.366,0.057,0.006,0.947,3,1219
526519638,-1.341,0.732,0.488,0.110,0.036,0.979,3,1219
526520579,-1.890,-0.122,1.037,0.073,0.030,1.073,3,1219
526521638,-1.707,0.671,0.976,-0.108,0.008,1.140,3,1219
526522585,-1.585,2.195,0.488,-0.108,0.036,1.073,3,1219
526523638,-0.976,3.476,0.061,-0.065,0.059,1.018,3,1219
526524582,-0.488,3.476,-0.244,-0.001,0.050,0.977,3,1219
526525638,-0.427,2.378,-0.305,0.080,-0.010,0.951,3,1219
526526576,-0.976,0.854,0.305,0.102,0.031,1.027,3,1219
526527638,-1.890,-0.427,1.402,0.038,0.009,1.123,3,1219
526528580,-2.012,0.305,1.037,-0.108,0.012,1.107,3,1219
526529638,-1.280,1.768,0.244,-0.097,0.047,1.103,3,1219
526530576,-0.732,2.927,0.122,-0.079,0.070,0.988,3,1219
526531638,-0.305,3.476,-0.244,0.011,0.044,0.935,3,1219
526532590,-0.427,2.500,-0.488,0.069,0.006,1.040,3,1219
526533638,-1.037,0.915,0.122,0.087,0.013,0.956,3,1219
526534572,-1.646,-0.183,0.854,0.045,-0.003,1.126,3,1219
526535638,-1.524,-0.183,1.280,-0.090,0.012,1.168,3,1219
526536576,-1.159,1.402,0.671,-0.110,0.044,1.096,3,1219
526537638,-0.793,3.171,0.122,-0.094,0.063,0.948,3,1219
526538581,-0.610,3.598,-0.366,-0.006,0.053,0.966,3,1219
526539638,-0.183,2.805,-0.549,0.050,0.016,1.047,3,1219
526540576,-0.732,1.768,-0.305,0.078,0.004,0.924,3,1219
526541638,-1.585,-0.488,1.220,0.042,0.008,1.051,3,1219
526542580,-1.585,-0.122,1.220,-0.065,0.006,1.220,3,1219
526543638,-1.463,1.159,1.037,-0.116,0.026,1.057,3,1219
526544576,-1.159,2.439,0.427,-0.094,0.052,0.989,3,1219
526545638,-0.671,3.415,-0.305,-0.017,0.062,1.006,3,1219
526546580,-0.488,2.988,-0.366,0.043,0.019,0.965,3,1219
526547638,-1.220,0.183,0.610,0.094,0.015,0.998,3,1219
526548584,-1.524,-0.305,1.098,0.048,0.018,1.035,3,1219
526549638,-1.646,0.061,1.159,-0.047,0.005,1.182,3,1219
526550580,-1.098,0.976,0.793,-0.114,0.023,1.080,3,1219
526551638,-0.549,2.317,0.305,-0.104,0.060,1.060,3,1219
526552740,-0.244,3.476,-0.183,-0.025,0.052,0.997,3,1219
526553286,-0.183,3.171,-0.488,0.030,0.042,0.980,3,1229
526554347,-0.549,1.829,-0.183,0.082,0.017,1.021,3,1229
526555638,-1.829,-0.183,0.976,0.071,0.018,1.086,3,1229
526556580,-1.829,-0.366,1.037,-0.026,0.006,1.081,3,1229
526557640,-1.585,0.488,1.220,-0.118,0.027,1.143,3,1229
526558580,-1.159,1.890,0.549,-0.111,0.040,1.058,3,1229
526559640,-0.427,3.537,-0.061,-0.049,0.053,0.993,3,1229
526560575,0.061,3.293,-0.549,0.019,0.050,1.016,3,1229
526561640,-0.793,0.915,0.244,0.106,0.023,0.994,3,1229
526562567,-1.402,-0.122,0.854,0.070,0.016,1.074,3,1229
526563640,-1.646,-0.427,1.524,-0.002,0.002,1.051,3,1229
526564567,-1.220,0.671,1.098,-0.095,0.020,1.141,3,1229
526565640,-1.098,2.134,0.488,-0.111,0.047,1.073,3,1229
526566579,-0.488,3.232,-0.061,-0.067,0.066,1.021,3,1229
526567640,-0.305,3.293,-0.244,0.015,0.045,0.994,3,1229
526568571,-0.610,2.500,-0.122,0.108,0.028,1.015,3,1229
526569640,-1.220,-0.183,0.610,0.064,0.015,1.044,3,1229
526570580,-1.402,-0.366,0.854,0.022,0.009,1.086,3,1229
526571640,-1.341,0.061,1.098,-0.092,0.017,1.127,3,1229
526572583,-0.976,1.463,0.427,-0.103,0.050,1.097,3,1229
526573640,-0.427,2.927,-0.061,-0.074,0.062,1.023,3,1229
526574654,0.000,3.171,0.000,0.000,0.039,0.934,3,1229
526575178,-0.244,2.805,-0.305,0.078,0.000,0.988,3,1229
526576706,-1.341,0.122,0.671,0.077,0.002,1.025,3,1229
526577235,-1.341,0.122,0.671,0.077,0.002,1.025,3,1229
526578699,-1.463,-0.122,1.280,-0.095,0.021,1.136,3,1229
526579212,-1.159,1.098,0.854,-0.087,0.047,1.101,3,1229
526580699,-0.793,2.500,0.305,-0.099,0.066,1.008,3,1229
526581212,-0.366,3.598,-0.305,0.006,0.043,0.929,3,1229
526582699,-1.037,1.280,-0.061,0.082,0.016,0.956,3,1229
526583212,-1.037,1.280,-0.061,0.082,0.016,0.956,3,1229
526584699,-1.890,-0.244,1.037,0.028,0.005,1.093,3,1229
526585212,-1.646,-0.183,1.220,-0.075,0.017,1.159,3,1229
526586699,-1.463,0.976,0.671,-0.101,0.033,1.116,3,1229
526587212,-0.793,2.622,-0.183,-0.094,0.063,0.964,3,1229
526588699,-0.427,2.805,-0.244,0.067,0.041,1.036,3,1229
526589212,-0.427,2.805,-0.244,0.067,0.041,1.036,3,1229
526590699,-1.463,0.549,0.793,0.088,-0.001,1.020,3,1229
526591218,-1.463,0.549,0.793,0.022,0.014,1.089,3,1229
526592221,-1.768,-0.244,1.280,-0.062,0.007,1.160,3,1229
526593640,-1.220,1.037,1.098,-0.119,0.044,1.089,3,1229
526594666,-0.549,2.256,0.488,-0.101,0.059,0.984,3,1229
526595189,-0.488,3.232,-0.244,0.003,0.054,1.020,3,1229
526596699,-0.732,1.646,-0.244,0.097,0.009,0.967,3,1229
526597212,-0.732,1.646,-0.244,0.097,0.009,0.967,3,1229
526598699,-1.707,-0.305,1.280,0.029,0.004,1.088,3,1229
526599213,-1.829,-0.061,1.098,-0.054,0.022,1.173,3,1229
526600699,-1.341,0.915,0.610,-0.115,0.041,1.062,3,1229
526601239,-1.037,2.073,0.366,-0.091,0.052,1.005,3,1229
526602509,-0.610,3.110,0.183,-0.008,0.055,1.031,3,1229
526603638,-0.610,1.890,-0.305,0.088,0.019,0.982,3,1239
526604603,-1.159,0.732,0.244,0.087,-0.008,1.006,3,1239
526605638,-1.585,-0.183,0.854,0.044,0.018,1.074,3,1239
526606578,-1.585,0.061,1.280,-0.029,0.005,1.152,3,1239
526607638,-1.220,0.915,1.098,-0.122,0.039,1.056,3,1239
526608576,-0.793,2.134,0.183,-0.086,0.056,1.055,3,1239
526609638,-0.427,3.354,-0.427,0.040,0.047,0.951,3,1239
526610582,-0.976,2.012,-0.244,0.097,0.006,1.004,3,1239
526611638,-1.463,0.610,0.183,0.080,-0.004,0.972,3,1239
526612580,-1.768,-0.061,0.732,0.045,0.009,1.070,3,1239
526613638,-1.890,-0.366,1.037,-0.028,0.009,1.131,3,1239
526614587,-1.524,0.305,0.915,-0.101,0.030,1.088,3,1239
526615638,-0.976,3.171,-0.183,-0.040,0.058,1.003,3,1239
526616576,-0.732,3.171,-0.183,0.034,0.060,0.992,3,1239
526617638,-0.854,2.256,-0.122,0.091,0.004,0.994,3,1239
526618576,-1.402,1.341,0.122,0.065,0.010,0.945,3,1239
526619638,-1.768,0.488,0.854,0.046,0.006,1.074,3,1239
526620580,-1.890,-0.183,1.220,-0.031,-0.009,1.109,3,1239
526621638,-1.585,0.305,1.098,-0.109,0.045,1.113,3,1239
526622584,-0.976,1.707,0.366,-0.076,0.042,1.077,3,1239
526623638,-0.549,2.927,-0.122,0.032,0.043,1.005,3,1239
526624576,-0.549,2.256,-0.244,0.094,0.020,0.959,3,1239
526625638,-0.976,1.280,0.183,0.064,0.010,0.940,3,1239
526626572,-1.280,0.305,0.793,0.074,0.002,1.103,3,1239
526627638,-1.646,-0.122,1.220,-0.036,-0.006,1.061,3,1239
526628578,-1.646,0.366,0.976,-0.125,0.050,1.134,3,1239
526629638,-1.159,2.744,0.061,-0.047,0.079,1.007,3,1239
526630576,-0.427,3.110,-0.366,0.039,0.047,1.016,3,1239
526631638,-0.549,2.378,-0.122,0.075,-0.010,0.914,3,1239
526632579,-1.159,1.768,0.549,0.071,0.021,0.978,3,1239
526633638,-1.463,0.610,0.854,0.084,-0.002,1.089,3,1239
526634572,-1.829,-0.122,1.220,-0.028,-0.012,1.052,3,1239
526635638,-1.646,0.366,1.098,-0.113,0.042,1.135,3,1239
526636576,-1.220,1.585,0.610,-0.041,0.082,1.022,3,1239
526637638,-0.366,3.171,-0.244,0.026,0.050,1.023,3,1239
526638576,-0.366,2.439,-0.366,0.074,0.005,0.899,3,1239
526639638,-1.280,1.646,0.305,0.083,0.011,1.003,3,1239
526640572,-1.585,0.366,1.037,0.074,0.006,1.066,3,1239
526641638,-1.768,-0.183,1.037,-0.029,-0.009,1.060,3,1239
526642583,-1.524,0.122,0.854,-0.120,0.020,1.133,3,1239
526643638,-0.549,2.439,0.183,-0.046,0.081,1.019,3,1239
526644582,-0.183,2.927,-0.305,0.027,0.056,1.024,3,1239
526645638,-0.549,2.500,-0.549,0.082,-0.003,0.939,3,1239
526646575,-1.341,1.768,0.122,0.093,0.019,1.003,3,1239
526647638,-1.524,0.671,0.732,0.054,0.006,1.044,3,1239
526648580,-1.768,-0.061,1.220,-0.009,-0.018,1.039,3,1239
526649638,-0.915,1.159,0.671,-0.079,0.052,1.096,3,1239
526650572,-0.671,2.439,0.122,-0.044,0.088,1.017,3,1239
526651638,-0.427,2.988,-0.305,0.038,0.055,1.019,3,1239
526652745,-0.366,2.683,-0.305,0.070,0.002,0.958,3,1239
526653293,-1.037,1.585,0.244,0.091,0.017,0.991,3,1248
526654343,-1.524,0.488,0.732,0.051,0.014,1.042,3,1248
526655638,-1.646,-0.122,1.037,-0.003,-0.026,1.045,3,1248
526656583,-1.463,0.061,1.280,-0.116,0.021,1.147,3,1248
526657640,-0.915,2.378,0.305,-0.053,0.089,1.028,3,1248
526658584,-0.793,3.110,-0.305,0.029,0.057,1.005,3,1248
526659640,-0.610,2.805,-0.549,0.056,0.003,0.964,3,1248
526660577,-1.098,2.073,0.183,0.100,0.016,0.998,3,1248
526661640,-1.768,0.671,1.037,0.062,0.010,1.023,3,1248
526662571,-2.012,-0.183,1.280,-0.006,-0.013,1.062,3,1248
526663640,-1.037,1.220,0.915,-0.095,0.052,1.102,3,1248
526664591,-0.793,2.378,0.244,-0.052,0.088,1.015,3,1248
526665640,-0.488,2.927,0.000,0.035,0.051,0.995,3,1248
526666571,-0.488,2.866,-0.305,0.069,0.007,0.955,3,1248
526667640,-1.341,1.951,0.061,0.108,0.007,1.005,3,1248
526668582,-1.829,0.732,0.549,0.049,0.014,1.026,3,1248
526669640,-1.890,0.000,1.098,0.001,-0.013,1.077,3,1248
526670567,-1.707,0.000,1.037,-0.120,0.016,1.124,3,1248
526671640,-1.037,2.134,0.000,-0.050,0.092,1.008,3,1248
526672570,-0.549,2.561,-0.305,0.039,0.061,0.997,3,1248
526673640,-0.427,2.317,-0.427,0.062,-0.018,0.960,3,1248
526674574,-0.793,1.646,0.061,0.090,0.009,1.005,3,1248
526675640,-1.280,0.488,0.610,0.060,0.014,1.032,3,1248
526676586,-1.585,0.122,0.976,0.014,-0.021,1.071,3,1248
526677640,-1.159,1.220,0.671,-0.090,0.051,1.101,3,1248
526678576,-0.854,2.378,0.061,-0.053,0.099,1.019,3,1248
526679640,-0.427,2.988,-0.061,0.040,0.065,0.999,3,1248
526680571,-0.488,2.622,-0.305,0.063,-0.003,0.970,3,1248
526681640,-1.037,2.012,-0.122,0.085,0.002,0.999,3,1248
526682582,-1.341,0.854,0.671,0.059,0.007,1.020,3,1248
526683640,-1.341,-0.183,0.976,-0.116,0.024,1.125,3,1248
526684575,-1.280,0.793,0.610,-0.087,0.044,1.102,3,1248
526685640,-0.793,2.134,0.305,-0.049,0.089,1.010,3,1248
526686583,-0.183,3.110,-0.183,0.037,0.059,0.997,3,1248
526687640,-0.488,2.988,-0.488,0.067,0.005,0.955,3,1248
526688571,-1.220,1.890,0.000,0.089,0.007,1.003,3,1248
526689640,-1.341,0.671,0.549,0.051,0.012,1.034,3,1248
526690573,-1.646,0.244,1.037,-0.016,-0.011,1.053,3,1248
526691640,-1.159,1.037,0.732,-0.106,0.058,1.102,3,1248
526692575,-0.915,2.073,0.000,-0.042,0.093,1.030,3,1248
526693640,-0.488,2.622,-0.305,0.048,0.066,1.007,3,1248
526694567,-0.610,2.561,-0.183,0.061,0.002,0.952,3,1248
526695640,-1.037,1.890,-0.122,0.088,-0.006,0.988,3,1248
526696570,-1.646,0.793,0.549,0.069,0.008,1.043,3,1248
526697640,-1.402,-0.061,1.037,-0.126,0.012,1.151,3,1248
526698579,-0.732,0.793,0.732,-0.102,0.050,1.096,3,1248
526699640,-0.610,1.951,0.366,-0.042,0.086,1.013,3,1248
526700575,-0.366,2.744,-0.061,0.041,0.068,1.014,3,1248
526701640,-0.610,2.683,-0.366,0.078,-0.008,0.952,3,1248
526702753,-1.037,2.073,0.183,0.089,0.009,0.982,3,1248
526703302,-1.829,0.793,0.488,0.058,0.000,1.034,3,1258
526704342,-1.890,0.000,1.037,-0.018,-0.009,1.049,3,1258
526705638,-0.915,1.098,0.793,-0.100,0.037,1.101,3,1258
526706576,-0.671,2.195,0.000,-0.038,0.073,1.021,3,1258
526707638,-0.244,2.744,-0.305,0.042,0.062,1.016,3,1258
526708568,-0.366,2.500,-0.122,0.081,0.002,0.938,3,1258
526709638,-1.098,1.890,0.366,0.091,0.003,0.995,3,1258
526710578,-1.524,0.732,0.549,0.042,0.002,1.048,3,1258
526711638,-1.341,0.305,0.976,-0.111,0.024,1.136,3,1258
526712576,-0.793,0.976,0.793,-0.101,0.050,1.102,3,1258
526713638,-0.549,2.073,0.427,-0.041,0.085,1.012,3,1258
526714575,-0.183,2.622,-0.061,0.043,0.067,1.021,3,1258
526715638,-0.305,2.561,-0.305,0.079,-0.013,0.961,3,1258
526716579,-0.793,2.012,0.061,0.080,0.012,0.978,3,1258
526717638,-1.341,0.915,0.671,-0.033,-0.021,1.054,3,1258
526718576,-1.280,0.305,1.159,-0.113,0.028,1.152,3,1258
526719638,-0.976,1.341,0.793,-0.094,0.046,1.094,3,1258
526720584,-0.610,2.134,0.244,-0.047,0.081,1.011,3,1258
526721638,-0.183,2.683,-0.183,0.049,0.075,1.012,3,1258
526722581,-0.488,2.378,-0.427,0.089,0.005,0.971,3,1258
526723638,-1.037,1.951,0.122,0.078,0.010,0.969,3,1258
526724575,-1.646,0.854,0.671,0.037,-0.004,1.039,3,1258
526725638,-1.341,0.244,0.976,-0.118,0.038,1.137,3,1258
526726583,-0.976,1.037,0.671,-0.088,0.045,1.099,3,1258
526727638,-0.488,2.317,0.366,-0.032,0.074,1.017,3,1258
526728580,-0.061,2.744,0.122,0.061,0.057,0.999,3,1258
526729638,-0.305,2.439,-0.061,0.097,-0.003,0.983,3,1258
526730580,-1.098,1.951,0.366,0.064,0.007,0.965,3,1258
526731638,-1.768,0.427,1.098,-0.047,-0.013,1.082,3,1258
526732580,-1.707,0.183,0.976,-0.115,0.036,1.116,3,1258
526733638,-1.098,1.037,0.488,-0.079,0.051,1.092,3,1258
526734581,-0.549,2.317,0.183,-0.016,0.084,1.032,3,1258
526735638,0.000,2.683,-0.122,0.057,0.063,0.967,3,1258
526736568,-0.366,2.195,-0.244,0.103,-0.005,0.987,3,1258
526737638,-0.671,1.829,0.244,0.075,-0.003,0.985,3,1258
526738570,-1.524,0.976,0.732,0.029,-0.003,1.036,3,1258
526739638,-1.646,0.305,1.037,-0.121,0.039,1.081,3,1258
526740572,-0.976,1.220,0.610,-0.067,0.046,1.100,3,1258
526741638,-0.549,2.500,-0.061,-0.002,0.076,1.032,3,1258
526742575,-0.427,2.805,-0.366,0.065,0.062,0.954,3,1258
526743638,-0.671,2.439,-0.610,0.104,-0.006,0.994,3,1258
526744576,-1.341,1.707,0.122,0.058,-0.005,0.989,3,1258
526745638,-2.317,0.488,0.854,-0.051,-0.006,1.127,3,1258
526746585,-1.707,0.366,1.098,-0.120,0.037,1.068,3,1258
526747638,-1.220,0.854,0.671,-0.075,0.054,1.061,3,1258
526748584,-0.610,2.134,0.183,-0.001,0.067,1.042,3,1258
526749638,-0.183,2.683,-0.122,0.052,0.065,0.951,3,1258
526750576,-0.732,2.317,0.000,0.097,-0.005,1.002,3,1258
526751638,-1.280,1.585,0.244,0.022,0.004,1.051,3,1258
526752739,-2.073,0.488,0.915,-0.071,-0.010,1.147,3,1258
526753289,-2.073,0.488,0.915,-0.071,-0.010,1.147,3,1268
526754351,-0.915,1.159,0.732,-0.074,0.063,1.029,3,1268
526755638,-0.793,2.317,0.000,0.017,0.073,1.030,3,1268
526756580,-0.549,2.866,-0.122,0.058,0.062,1.028,3,1268
526757640,-0.915,2.561,0.000,0.080,-0.004,0.948,3,1268
526758575,-0.915,1.829,0.305,0.062,-0.013,0.986,3,1268
526759640,-1.585,0.427,1.037,-0.087,-0.010,1.176,3,1268
526760582,-1.341,0.671,0.854,-0.113,0.048,1.076,3,1268
526761640,-0.915,1.280,0.610,-0.062,0.076,0.999,3,1268
526762656,-0.671,2.317,0.122,0.025,0.063,0.983,3,1268
526763179,-0.305,2.561,-0.305,0.077,0.054,1.097,3,1268
526764705,-0.671,2.317,-0.061,0.081,-0.010,0.938,3,1268
526765226,-1.220,1.829,0.305,0.048,-0.010,0.979,3,1268
526766699,-1.829,0.488,1.098,-0.098,-0.011,1.151,3,1268
526767216,-1.829,0.488,1.098,-0.098,-0.011,1.151,3,1268
526768699,-0.854,1.341,0.793,-0.061,0.072,1.016,3,1268
526769221,-0.305,2.256,0.366,0.030,0.068,0.954,3,1268
526770699,-0.610,2.561,0.061,0.098,0.033,1.064,3,1268
526771212,-1.098,1.890,0.244,0.067,-0.014,0.960,3,1268
526772699,-1.768,0.671,0.976,-0.010,-0.022,1.058,3,1268
526773212,-1.768,0.671,0.976,-0.010,-0.022,1.058,3,1268
526774699,-1.341,0.610,0.671,-0.079,0.046,1.125,3,1268
526775216,-1.159,1.524,0.366,-0.062,0.088,1.014,3,1268
526776705,-0.854,2.561,0.122,0.047,0.052,0.983,3,1268
526777221,-0.488,2.500,0.000,0.090,0.037,0.996,3,1268
526778705,-1.646,1.280,0.488,0.043,0.002,1.011,3,1268
526779221,-1.646,1.280,0.488,0.043,0.002,1.011,3,1268
526780699,-1.829,0.305,0.732,-0.118,-0.003,1.113,3,1268
526781216,-1.829,0.305,0.732,-0.118,-0.003,1.113,3,1268
526782699,-0.610,1.524,0.427,-0.034,0.095,1.013,3,1268
526783218,-0.183,2.378,0.122,0.064,0.077,1.035,3,1268
526784699,-0.488,2.683,0.000,0.097,-0.004,0.947,3,1268
526785221,-1.220,2.195,0.183,0.074,0.002,1.000,3,1268
526786699,-2.073,0.671,0.793,-0.037,-0.029,1.026,3,1268
526787212,-2.073,0.671,0.793,-0.037,-0.029,1.026,3,1268
526788699,-0.976,1.037,1.037,-0.082,0.048,1.100,3,1268
526789221,-0.976,1.585,0.305,-0.021,0.099,1.019,3,1268
526790699,-0.427,2.256,0.183,0.069,0.069,1.030,3,1268
526791212,-0.488,2.317,-0.305,0.086,-0.010,0.984,3,1268
526792699,-1.463,1.280,0.549,0.041,0.003,1.016,3,1268
526793212,-1.463,1.280,0.549,0.041,0.003,1.016,3,1268
526794699,-1.341,0.366,0.915,-0.134,0.025,1.122,3,1268
526795221,-1.341,0.366,0.915,-0.134,0.025,1.122,3,1268
526796699,-0.427,2.256,0.183,-0.002,0.099,1.044,3,1268
526797212,-0.244,2.561,0.061,0.083,0.059,0.990,3,1268
526798699,-0.549,2.195,-0.061,0.073,-0.003,1.004,3,1268
526799212,-1.037,1.890,-0.061,0.062,-0.004,0.969,3,1268
526800707,-1.829,0.915,0.915,-0.087,-0.029,1.133,3,1268
526801249,-1.829,0.915,0.915,-0.087,-0.029,1.133,3,1268
526802499,-1.341,0.671,0.671,-0.073,0.075,1.062,3,1268
526803638,-0.793,1.890,0.183,0.027,0.087,1.040,3,1278
526804626,-0.366,2.317,-0.061,0.067,0.061,0.985,3,1278
526805143,-0.854,2.073,-0.244,0.084,-0.010,0.987,3,1278
526806701,-1.768,1.220,0.793,0.032,-0.004,1.039,3,1278
526807210,-1.768,1.220,0.793,0.032,-0.004,1.039,3,1278
526808700,-1.341,0.610,0.671,-0.122,0.025,1.090,3,1278
526809207,-0.610,1.280,0.854,-0.074,0.077,1.008,3,1278
526810700,-0.427,2.012,0.427,0.047,0.095,0.991,3,1278
526811219,-0.488,2.378,-0.122,0.091,0.038,1.069,3,1278
526812700,-1.402,2.012,0.122,0.079,0.005,0.977,3,1278
526813207,-1.402,2.012,0.122,0.079,0.005,0.977,3,1278
526814700,-1.585,0.610,0.793,-0.118,-0.012,1.154,3,1278
526815219,-1.585,0.610,0.793,-0.118,-0.012,1.154,3,1278
526816700,-0.671,1.220,0.427,-0.064,0.094,0.993,3,1278
526817203,-0.366,2.317,0.000,0.066,0.093,0.959,3,1278
526818700,-0.610,2.378,-0.427,0.092,0.018,1.060,3,1278
526819203,-1.159,2.195,-0.244,0.067,-0.004,0.972,3,1278
526820700,-2.195,1.159,0.671,0.001,-0.021,1.054,3,1278
526821203,-2.195,1.159,0.671,0.001,-0.021,1.054,3,1278
526822700,-1.463,0.793,0.671,-0.103,0.047,1.121,3,1278
526823203,-0.854,1.463,0.366,-0.033,0.101,1.001,3,1278
526824700,-0.549,2.134,0.061,0.082,0.092,1.022,3,1278
526825207,-0.549,2.134,0.000,0.074,-0.002,0.980,3,1278
526826700,-1.098,1.341,0.671,0.060,0.013,1.033,3,1278
526827219,-1.098,1.341,0.671,0.060,0.013,1.033,3,1278
526828700,-1.524,0.549,0.793,-0.143,0.012,1.153,3,1278
526829209,-1.524,0.549,0.793,-0.143,0.012,1.153,3,1278
526830700,-0.671,1.707,0.549,-0.016,0.096,1.013,3,1278
526831210,-0.427,2.439,0.305,0.077,0.083,1.018,3,1278
526832700,-0.610,2.256,-0.244,0.083,-0.008,0.993,3,1278
526833219,-1.159,2.073,0.061,0.067,0.001,0.977,3,1278
526834700,-1.890,0.732,1.037,-0.063,-0.026,1.074,3,1278
526835207,-1.890,0.732,1.037,-0.063,-0.026,1.074,3,1278
526836700,-1.159,0.854,0.610,-0.077,0.045,1.092,3,1278
526837209,-0.732,1.890,0.183,0.002,0.108,1.035,3,1278
526838700,-0.244,2.134,0.061,0.079,0.071,0.976,3,1278
526839219,-0.732,2.073,-0.244,0.082,-0.011,1.010,3,1278
526840700,-1.768,1.463,0.549,0.035,0.024,1.019,3,1278
526841203,-1.768,1.463,0.549,0.035,0.024,1.019,3,1278
526842700,-1.463,0.488,0.732,-0.138,0.022,1.092,3,1278
526843206,-1.098,0.976,0.610,-0.075,0.065,1.038,3,1278
526844700,-0.549,2.012,0.305,0.039,0.096,1.030,3,1278
526845209,-0.427,2.256,-0.061,0.086,0.054,1.031,3,1278
526846700,-1.341,1.890,0.305,0.078,-0.015,0.957,3,1278
526847219,-1.341,1.890,0.305,0.078,-0.015,0.957,3,1278
526848700,-1.951,0.671,0.671,-0.119,-0.019,1.154,3,1278
526849203,-1.951,0.671,0.671,-0.119,-0.019,1.154,3,1278
526850700,-0.671,1.159,0.549,-0.076,0.085,1.007,3,1278
526851244,-0.488,2.012,0.183,0.061,0.087,0.973,3,1278
526852482,-0.305,2.195,-0.122,0.092,0.041,1.063,3,1278
526853638,-0.610,1.829,-0.122,0.068,-0.006,0.967,3,1288
526854620,-1.829,1.159,0.793,0.005,-0.018,1.060,3,1288
526855638,-1.463,0.732,1.037,-0.123,0.003,1.112,3,1288
526856576,-0.915,0.854,0.854,-0.103,0.040,1.130,3,1288
526857640,-0.610,1.463,0.610,-0.050,0.098,1.014,3,1288
526858584,-0.366,1.951,0.305,0.057,0.080,0.997,3,1288
526859640,-0.488,2.134,-0.183,0.093,0.007,0.984,3,1288
526860570,-0.976,1.890,0.244,0.062,0.001,0.975,3,1288
526861640,-1.890,0.793,0.488,-0.038,-0.019,1.034,3,1288
526862666,-1.524,0.549,0.732,-0.134,0.032,1.128,3,1288
526863196,-1.524,0.549,0.732,-0.134,0.032,1.128,3,1288
526864700,-0.427,1.646,0.488,-0.023,0.092,1.004,3,1288
526865209,0.000,2.317,0.122,0.080,0.076,1.014,3,1288
526866700,-0.244,2.317,0.183,0.098,-0.008,0.981,3,1288
526867212,-0.915,2.256,0.488,0.061,0.003,0.997,3,1288
526868699,-1.768,0.854,0.915,-0.075,-0.017,1.083,3,1288
526869216,-1.768,0.854,0.915,-0.075,-0.017,1.083,3,1288
526870699,-1.098,1.037,0.488,-0.083,0.052,1.084,3,1288
526871212,-0.671,1.768,0.183,0.002,0.093,1.039,3,1288
526872699,-0.122,2.256,0.183,0.084,0.071,0.974,3,1288
526873216,-0.610,2.439,-0.061,0.103,-0.000,0.995,3,1288
526874700,-1.646,1.585,0.915,0.017,-0.004,1.048,3,1288
526875212,-1.646,1.585,0.915,0.017,-0.004,1.048,3,1288
526876699,-1.646,0.488,0.854,-0.121,0.021,1.081,3,1288
526877212,-1.159,0.854,0.549,-0.086,0.081,1.006,3,1288
526878699,-0.976,1.707,0.427,0.048,0.075,0.992,3,1288
526879209,-0.610,2.195,0.000,0.100,0.058,1.057,3,1288
526880699,-1.159,1.768,0.244,0.046,-0.004,0.986,3,1288
526881212,-1.159,1.768,0.244,0.046,-0.004,0.986,3,1288
526882699,-1.646,0.976,0.610,-0.122,0.000,1.114,3,1288
526883213,-1.646,0.976,0.610,-0.122,0.000,1.114,3,1288
526884699,-1.037,1.402,0.305,-0.052,0.094,1.030,3,1288
526885216,-0.549,1.646,-0.061,0.060,0.089,1.000,3,1288
526886699,-0.549,2.012,-0.366,0.108,0.018,0.986,3,1288
526887212,-1.098,1.951,-0.122,0.073,0.000,0.992,3,1288
526888699,-1.646,1.220,0.732,-0.034,-0.020,1.012,3,1288
526889212,-1.646,1.220,0.732,-0.034,-0.020,1.012,3,1288
526890699,-0.732,0.549,0.732,-0.097,0.024,1.108,3,1288
526891212,-0.305,1.037,0.488,-0.023,0.095,1.014,3,1288
526892699,-0.183,1.768,0.183,0.076,0.083,1.016,3,1288
526893216,-0.488,1.951,0.000,0.115,0.011,1.002,3,1288
526894699,-1.646,1.707,0.427,0.040,-0.010,1.026,3,1288
526895216,-1.646,1.707,0.427,0.040,-0.010,1.026,3,1288
526896699,-1.768,0.549,0.793,-0.153,0.041,1.081,3,1288
526897212,-1.768,0.549,0.793,-0.153,0.041,1.081,3,1288
526898699,-0.793,1.524,0.244,0.017,0.086,1.049,3,1288
526899216,-0.183,1.768,0.366,0.076,0.077,1.026,3,1288
526900699,-0.610,1.951,0.000,0.110,-0.021,0.981,3,1288
526901243,-1.280,1.890,0.122,0.029,0.005,0.931,3,1288
526902491,-1.707,1.707,0.793,0.032,0.003,1.066,3,1288
526903639,-1.402,0.671,0.976,-0.136,0.046,1.080,3,1297
526904615,-0.732,0.732,0.610,-0.051,0.069,1.021,3,1297
526905638,-0.732,1.707,0.366,0.043,0.078,0.971,3,1297
526906580,-0.305,2.073,-0.305,0.103,0.065,1.105,3,1297
526907638,-0.610,2.012,0.000,0.081,-0.016,0.953,3,1297
526908576,-1.159,2.073,0.305,0.035,0.001,0.990,3,1297
526909638,-1.463,0.671,1.098,-0.141,-0.012,1.107,3,1297
526910576,-1.098,0.671,0.732,-0.095,0.049,1.115,3,1297
526911638,-0.793,0.854,0.427,-0.041,0.095,1.012,3,1297
526912571,-0.610,1.768,0.122,0.066,0.083,1.019,3,1297
526913638,-0.488,2.134,0.000,0.128,0.017,0.941,3,1297
526914568,-1.037,2.134,-0.061,0.051,0.009,1.027,3,1297
526915638,-1.768,1.098,0.549,-0.042,-0.035,1.017,3,1297
526916572,-1.585,0.915,0.671,-0.159,0.029,1.120,3,1297
526917638,-0.976,0.915,0.610,-0.065,0.044,1.118,3,1297
526918580,-0.732,1.098,0.366,-0.040,0.111,1.025,3,1297
526919638,-0.305,1.646,-0.061,0.098,0.070,0.990,3,1297
526920583,-0.610,1.829,-0.244,0.103,-0.007,1.000,3,1297
526921638,-1.280,2.134,0.366,0.043,0.005,0.965,3,1297
526922575,-2.073,1.037,0.732,-0.098,-0.037,1.130,3,1297
526923638,-1.768,0.427,0.549,-0.140,0.027,1.073,3,1297
526924588,-1.037,0.732,0.427,-0.073,0.065,1.066,3,1297
526925638,-0.549,1.829,0.244,0.050,0.096,1.038,3,1297
526926576,-0.488,2.012,0.183,0.093,0.068,1.033,3,1297
526927638,-0.793,2.012,-0.061,0.076,-0.021,0.974,3,1297
526928582,-1.098,1.707,0.488,0.037,-0.004,0.953,3,1297
526929638,-1.768,1.037,0.610,-0.146,-0.022,1.133,3,1297
526930581,-1.098,0.610,0.610,-0.113,0.037,1.115,3,1297
526931638,-1.037,0.671,0.427,-0.050,0.096,1.007,3,1297
526932577,-0.610,1.646,0.122,0.073,0.092,0.975,3,1297
526933638,-0.427,1.890,0.000,0.111,0.019,1.050,3,1297
526934568,-1.037,1.707,0.366,0.048,-0.017,0.972,3,1297
526935638,-2.012,1.524,0.915,-0.010,-0.029,0.998,3,1297
526936583,-1.951,1.098,0.976,-0.163,0.010,1.138,3,1297
526937638,-1.341,0.793,0.610,-0.086,0.034,1.101,3,1297
526938576,-0.976,1.098,0.366,-0.012,0.099,1.010,3,1297
526939638,-0.366,1.707,0.244,0.112,0.089,1.026,3,1297
526940576,-0.610,1.768,0.000,0.098,-0.006,0.988,3,1297
526941638,-1.220,2.378,0.000,0.048,-0.017,0.991,3,1297
526942564,-1.585,2.073,0.488,0.056,0.003,0.985,3,1297
526943638,-1.768,0.671,0.671,-0.158,0.014,1.106,3,1297
526944576,-1.402,0.671,0.488,-0.078,0.060,1.080,3,1297
526945638,-0.915,1.524,0.366,0.029,0.110,1.042,3,1297
526946586,-0.427,2.073,0.122,0.104,0.075,0.998,3,1297
526947638,-0.854,1.890,0.000,0.083,-0.016,1.003,3,1297
526948568,-1.220,1.829,0.305,0.054,-0.009,0.956,3,1297
526949638,-1.707,1.402,0.793,-0.118,-0.024,1.157,3,1297
526950583,-1.280,1.037,0.427,-0.136,0.028,1.126,3,1297
526951638,-0.854,1.098,0.183,-0.066,0.086,1.015,3,1297
526952740,-0.488,1.707,0.183,0.077,0.105,0.967,3,1297
526953290,-0.549,1.890,0.122,0.119,0.039,1.064,3,1307
526954363,-1.220,1.768,-0.122,0.062,-0.010,0.992,3,1307
526955638,-1.402,1.890,0.305,0.051,0.008,1.006,3,1307
526956668,-1.768,0.976,0.915,-0.157,0.005,1.104,3,1307
526957191,-1.768,0.976,0.915,-0.157,0.005,1.104,3,1307
526958699,-1.037,1.037,0.427,-0.031,0.098,0.992,3,1307
526959211,-0.366,1.707,0.305,0.113,0.091,1.039,3,1307
526960699,-0.549,1.829,0.000,0.097,0.008,0.994,3,1307
526961211,-1.098,2.134,-0.061,0.052,-0.010,0.992,3,1307
526962700,-1.951,1.098,0.854,-0.074,-0.030,1.049,3,1307
526963210,-1.951,1.098,0.854,-0.074,-0.030,1.049,3,1307
526964699,-1.159,0.793,0.427,-0.079,0.044,1.097,3,1307
526965215,-1.159,0.793,0.427,-0.079,0.044,1.097,3,1307
526966699,-0.366,1.829,0.183,0.111,0.074,0.983,3,1307
526967215,-0.976,1.951,-0.061,0.092,-0.012,1.008,3,1307
526968699,-1.402,2.195,0.122,0.045,-0.010,0.966,3,1307
526969210,-1.707,1.524,0.793,0.036,-0.004,1.035,3,1307
526970699,-1.524,0.488,0.549,-0.139,0.019,1.112,3,1307
526971211,-1.524,0.488,0.549,-0.139,0.019,1.112,3,1307
526972699,-0.732,1.402,0.305,0.083,0.113,0.970,3,1307
526973215,-0.671,1.585,0.183,0.121,0.042,1.046,3,1307
526974699,-0.793,1.829,0.000,0.058,-0.019,0.987,3,1307
526975220,-1.098,2.195,0.488,0.046,-0.008,1.030,3,1307
526976699,-1.646,0.793,0.854,-0.143,-0.005,1.114,3,1307
526977211,-1.646,0.793,0.854,-0.143,-0.005,1.114,3,1307
526978699,-1.037,1.280,0.183,-0.038,0.094,0.993,3,1307
526979210,-0.488,1.768,0.061,0.100,0.101,1.019,3,1307
526980699,-0.671,1.890,-0.122,0.109,0.002,1.006,3,1307
526981215,-1.220,2.256,0.183,0.039,-0.009,0.992,3,1307
526982699,-1.098,1.829,0.732,-0.073,-0.009,1.083,3,1307
526983215,-1.585,1.220,0.793,-0.073,-0.009,1.083,3,1307
526984699,-1.220,0.427,0.671,-0.084,0.041,1.085,3,1307
526985211,-1.220,0.427,0.671,-0.084,0.041,1.085,3,1307
526986699,-0.549,1.707,0.244,0.120,0.081,1.006,3,1307
526987220,-0.793,1.829,0.061,0.094,-0.022,0.993,3,1307
526988699,-1.220,2.012,0.488,0.047,-0.011,0.961,3,1307
526989210,-1.646,1.646,0.732,0.021,0.006,1.033,3,1307
526990699,-1.402,0.854,0.671,-0.136,0.023,1.125,3,1307
526991220,-1.402,0.854,0.671,-0.136,0.023,1.125,3,1307
526992699,-0.488,1.829,0.122,0.081,0.103,0.967,3,1307
526993210,-0.427,2.073,0.061,0.115,0.047,1.021,3,1307
526994699,-0.915,1.951,0.061,0.063,-0.028,0.987,3,1307
526995211,-1.341,1.951,0.488,0.037,-0.014,1.046,3,1307
526996699,-1.707,0.793,0.610,-0.142,0.013,1.125,3,1307
526997215,-1.707,0.793,0.610,-0.142,0.013,1.125,3,1307
526998699,-0.549,0.854,0.549,-0.030,0.102,1.013,3,1307
526999211,-0.549,0.854,0.549,-0.030,0.102,1.013,3,1307
527000699,-0.671,1.829,0.061,0.108,0.010,1.009,3,1307
527001240,-1.463,2.134,0.183,0.025,-0.008,0.998,3,1307
527002491,-1.829,1.890,0.732,0.037,-0.008,1.009,3,1307
527003639,-1.280,0.976,0.366,-0.159,0.030,1.069,3,1317
527004614,-1.037,0.976,0.610,-0.091,0.044,1.069,3,1317
527005639,-0.732,1.341,0.305,0.038,0.094,1.025,3,1317
527006584,-0.549,1.646,-0.244,0.112,0.082,1.030,3,1317
527007639,-0.976,1.829,-0.061,0.092,-0.021,0.996,3,1317
527008572,-1.220,1.768,0.366,0.037,-0.025,0.975,3,1317
527009639,-1.646,1.524,0.671,0.002,-0.007,1.048,3,1317
527010580,-1.524,1.220,0.610,-0.119,-0.011,1.116,3,1317
527011639,-0.793,0.732,0.366,-0.055,0.080,1.012,3,1317
527012576,-0.732,1.280,0.183,0.077,0.101,0.996,3,1317
527013639,-0.549,2.012,0.061,0.125,0.039,0.995,3,1317
527014584,-1.159,1.951,0.305,0.056,-0.012,0.996,3,1317
527015640,-1.463,1.890,0.610,0.035,-0.023,1.019,3,1317
527016575,-2.073,1.585,0.976,-0.038,-0.011,1.007,3,1317
527017639,-1.341,0.793,0.549,-0.093,0.031,1.115,3,1317
527018576,-0.732,0.976,0.122,-0.021,0.101,1.041,3,1317
527019639,-0.122,1.341,0.305,0.128,0.091,0.953,3,1317
527020576,-0.305,1.890,0.244,0.107,-0.007,1.010,3,1317
527021639,-0.915,2.134,0.183,0.039,-0.028,0.993,3,1317
527022576,-1.585,2.073,0.305,0.008,-0.002,1.052,3,1317
527023639,-1.951,1.280,0.671,-0.079,-0.016,1.138,3,1317
527024576,-1.037,0.671,0.427,-0.083,0.073,1.026,3,1317
527025639,-0.427,1.402,0.488,0.055,0.102,0.975,3,1317
527026572,-0.061,1.707,0.183,0.129,0.062,1.040,3,1317
527027639,-0.732,1.829,0.183,0.065,-0.017,1.000,3,1317
527028584,-1.280,2.317,0.305,0.022,-0.021,1.035,3,1317
527029639,-1.951,1.829,0.610,-0.018,-0.015,1.010,3,1317
527030576,-1.768,1.159,0.793,-0.139,0.011,1.102,3,1317
527031639,-0.549,0.793,0.427,-0.038,0.096,1.023,3,1317
527032579,-0.122,1.341,0.366,0.112,0.089,1.000,3,1317
527033639,-0.732,1.951,0.427,0.126,0.015,0.988,3,1317
527034572,-1.098,2.317,0.122,0.029,-0.009,1.013,3,1317
527035639,-1.341,2.134,0.244,0.047,-0.024,1.022,3,1317
527036576,-1.646,1.524,0.305,-0.090,-0.020,1.104,3,1317
527037639,-0.976,0.732,0.366,-0.067,0.043,1.065,3,1317
527038576,-0.671,1.524,0.183,0.053,0.107,1.023,3,1317
527039640,-0.183,1.463,0.305,0.113,0.077,1.083,3,1317
527040580,-0.793,1.829,-0.061,0.097,-0.021,0.984,3,1317
527041639,-1.646,2.195,0.305,0.010,-0.024,0.958,3,1317
527042572,-1.829,1.951,0.915,0.032,-0.010,1.041,3,1317
527043639,-2.012,1.159,0.671,-0.149,-0.012,1.096,3,1317
527044580,-1.402,0.793,0.305,-0.118,0.033,1.122,3,1317
527045639,-0.427,1.037,0.122,0.092,0.103,1.023,3,1317
527046580,-0.488,1.402,0.061,0.112,0.032,0.987,3,1317
527047639,-1.220,2.134,0.061,0.053,-0.023,1.003,3,1317
527048575,-1.585,2.500,0.488,0.023,-0.002,1.012,3,1317
527049639,-1.585,1.707,0.549,-0.031,-0.037,1.029,3,1317
527050576,-1.402,1.220,0.793,-0.175,0.018,1.108,3,1317
527051639,-0.488,1.341,0.183,0.023,0.122,1.053,3,1317
527052745,-0.183,1.768,0.244,0.109,0.082,0.972,3,1317
527053293,-0.183,1.768,0.244,0.109,0.082,0.972,3,1327
527054339,-1.159,2.134,0.244,0.029,-0.017,0.961,3,1327
527055638,-0.976,2.073,0.732,0.042,0.010,1.069,3,1327
527056584,-1.585,1.524,0.854,-0.126,-0.018,1.142,3,1327
527057639,-1.280,1.037,0.427,-0.137,0.022,1.106,3,1327
527058579,-0.793,1.159,0.305,0.090,0.113,0.976,3,1327
527059639,-0.366,1.585,0.061,0.137,0.030,1.066,3,1327
527060590,-0.915,1.768,0.000,0.048,-0.026,0.994,3,1327
527061639,-1.341,2.317,0.244,0.027,0.004,1.022,3,1327
527062583,-1.707,1.707,0.671,-0.012,-0.019,0.969,3,1327
527063639,-1.585,1.159,0.854,-0.174,0.017,1.143,3,1327
527064576,-0.915,0.793,0.366,-0.106,0.024,1.096,3,1327
527065639,-0.244,1.220,0.244,0.125,0.093,0.976,3,1327
527066571,-0.793,1.585,0.061,0.106,-0.016,1.015,3,1327
527067639,-1.463,2.134,0.183,0.029,-0.031,0.986,3,1327
527068577,-1.585,2.195,0.549,0.043,0.007,1.006,3,1327
527069639,-1.768,1.524,0.793,-0.099,-0.026,1.170,3,1327
527070574,-1.220,0.793,0.610,-0.156,0.015,1.098,3,1327
527071639,-0.549,1.159,0.183,0.099,0.115,0.956,3,1327
527072590,-0.366,1.646,0.488,0.127,0.061,1.089,3,1327
527073639,-0.793,1.707,0.305,0.052,-0.021,1.003,3,1327
527074571,-0.976,2.378,0.366,0.022,0.000,1.016,3,1327
527075639,-1.646,1.951,0.976,0.016,-0.018,0.988,3,1327
527076589,-1.707,1.159,0.732,-0.168,0.008,1.114,3,1327
527077639,-1.098,0.976,0.488,-0.120,0.015,1.120,3,1327
527078579,-0.854,1.098,0.488,-0.023,0.108,1.014,3,1327
527079639,-0.427,1.646,0.061,0.108,0.008,1.013,3,1327
527080571,-0.976,2.012,0.122,0.021,-0.023,0.993,3,1327
527081639,-1.463,2.073,0.549,0.041,0.010,0.973,3,1327
527082585,-2.012,1.585,0.915,-0.075,-0.018,1.164,3,1327
527083639,-1.707,0.915,0.488,-0.167,0.014,1.081,3,1327
527084579,-1.037,0.671,0.427,-0.098,0.050,1.040,3,1327
527085639,-0.305,1.463,0.122,0.135,0.073,1.078,3,1327
527086575,-0.976,1.585,0.061,0.056,-0.021,0.999,3,1327
527087639,-1.341,2.134,0.427,0.026,-0.017,0.991,3,1327
527088575,-1.646,1.768,0.549,0.013,-0.000,1.022,3,1327
527089639,-2.012,1.098,0.427,-0.147,-0.008,1.080,3,1327
527090587,-1.402,1.037,0.305,-0.139,0.027,1.129,3,1327
527091639,-0.915,1.159,0.244,-0.022,0.100,1.004,3,1327
527092569,-0.366,1.220,0.122,0.130,0.110,1.022,3,1327
527093639,-1.402,1.951,-0.061,0.034,-0.026,0.998,3,1327
527094571,-1.768,2.134,0.366,0.042,-0.004,0.978,3,1327
527095639,-1.951,1.829,0.793,-0.066,-0.022,1.129,3,1327
527096576,-1.402,1.159,0.732,-0.182,0.015,1.089,3,1327
527097639,-1.220,0.732,0.549,-0.094,0.049,1.068,3,1327
527098571,-0.671,1.098,0.244,0.072,0.106,1.005,3,1327
527099639,-0.976,1.890,0.000,0.064,-0.026,1.000,3,1327
527100563,-1.159,2.256,0.366,0.008,-0.009,0.993,3,1327
527101639,-1.341,2.134,1.037,0.013,-0.010,1.029,3,1327
527102749,-1.585,1.280,0.915,-0.151,-0.001,1.080,3,1327
527103297,-1.280,1.098,0.366,-0.134,0.021,1.122,3,1336
527104372,-0.793,1.220,0.366,-0.046,0.087,0.990,3,1336
527105638,-0.305,1.585,0.000,0.125,0.017,1.016,3,1336
527106578,-0.793,2.073,0.000,0.037,-0.013,0.998,3,1336
527107638,-1.402,2.256,0.549,0.038,-0.014,0.991,3,1336
527108571,-1.707,1.707,0.854,-0.065,-0.021,1.088,3,1336
527109638,-0.915,0.976,0.915,-0.171,0.022,1.082,3,1336
527110574,-0.671,0.610,0.244,-0.090,0.030,1.082,3,1336
527111638,-0.488,1.159,0.244,0.040,0.105,1.033,3,1336
527112572,-0.183,1.402,0.183,0.137,0.092,1.034,3,1336
527113638,-1.341,2.195,0.427,0.018,-0.032,0.981,3,1336
527114579,-1.646,1.951,0.793,0.001,-0.007,1.042,3,1336
527115638,-1.585,1.159,0.915,-0.129,-0.013,1.075,3,1336
527116576,-1.159,0.976,0.366,-0.134,0.036,1.126,3,1336
527117638,-0.854,0.976,0.183,-0.055,0.088,0.999,3,1336
527118579,-0.366,1.159,0.305,0.113,0.114,1.018,3,1336
527119638,-0.915,1.585,0.061,0.039,-0.023,1.015,3,1336
527120584,-1.341,1.890,0.549,0.032,-0.018,0.993,3,1336
527121638,-2.073,1.280,0.976,-0.055,-0.014,1.098,3,1336
527122588,-1.829,1.037,0.549,-0.162,0.030,1.066,3,1336
527123638,-1.341,0.732,0.427,-0.093,0.039,1.083,3,1336
527124584,-0.854,1.037,0.244,0.042,0.106,1.017,3,1336
527125638,-0.183,1.341,0.000,0.149,0.084,1.045,3,1336
527126573,-0.549,1.707,-0.122,0.096,-0.021,0.990,3,1336
527127638,-1.463,2.134,0.915,0.002,-0.013,1.015,3,1336
527128577,-1.524,1.159,1.098,-0.136,0.009,1.094,3,1336
527129638,-0.610,0.915,0.610,-0.123,0.022,1.138,3,1336
527130582,-0.305,0.793,0.244,-0.044,0.080,1.008,3,1336
527131638,0.122,1.220,0.061,0.115,0.110,0.998,3,1336
527132575,-0.549,1.707,0.183,0.136,0.019,1.009,3,1336
527133638,-1.768,2.317,0.915,0.017,-0.022,1.006,3,1336
527134582,-1.829,1.890,1.159,-0.071,-0.014,1.091,3,1336
527135638,-1.463,1.280,0.915,-0.164,0.042,1.065,3,1336
527136580,-0.976,0.854,0.610,-0.093,0.052,1.062,3,1336
527137638,-0.427,1.220,0.305,0.045,0.094,1.017,3,1336
527138572,-0.305,1.402,0.244,0.151,0.086,1.032,3,1336
527139638,-1.402,2.500,0.061,0.010,-0.024,1.017,3,1336
527140587,-1.646,2.317,0.610,-0.007,-0.023,1.013,3,1336
527141638,-1.890,1.402,0.793,-0.133,0.023,1.079,3,1336
527142576,-1.280,1.159,0.366,-0.116,0.023,1.144,3,1336
527143638,-0.732,0.976,0.549,-0.041,0.084,1.011,3,1336
527144578,-0.305,1.280,0.244,0.118,0.107,1.002,3,1336
527145638,-0.610,1.402,0.183,0.144,0.009,1.006,3,1336
527146576,-1.402,1.951,0.122,0.025,-0.008,1.000,3,1336
527147638,-1.768,1.585,0.854,-0.080,-0.011,1.147,3,1336
527148578,-1.280,0.671,0.549,-0.149,0.033,1.066,3,1336
527149638,-0.915,0.183,0.183,-0.079,0.050,1.044,3,1336
527150576,-0.427,1.037,0.244,0.051,0.094,0.968,3,1336
527151638,-0.244,1.463,0.183,0.154,0.072,1.064,3,1336
527152740,-1.463,2.195,0.488,0.013,-0.033,1.037,3,1336
527153289,-1.463,2.195,0.488,0.013,-0.033,1.037,3,1346
527154348,-1.585,2.195,0.671,-0.013,-0.022,0.969,3,1346
527155639,-1.098,1.037,0.732,-0.091,0.030,1.117,3,1346
527156580,-0.671,0.793,0.488,-0.038,0.099,1.045,3,1346
527157640,-0.427,1.159,0.244,0.121,0.095,0.966,3,1346
527158571,-0.732,1.646,0.305,0.127,0.007,1.027,3,1346
527159640,-1.220,1.890,0.366,0.006,-0.018,0.953,3,1346
527160571,-1.585,2.134,0.610,-0.100,-0.029,1.145,3,1346
527161640,-1.098,0.793,0.671,-0.151,0.034,1.073,3,1346
527162571,-0.549,0.549,0.427,-0.066,0.065,1.023,3,1346
527163640,-0.183,0.854,0.244,0.080,0.102,0.984,3,1346
527164576,0.122,1.463,0.183,0.146,0.064,1.031,3,1346
527165640,-0.793,1.707,0.122,0.066,-0.032,1.013,3,1346
527166576,-1.280,2.317,0.549,0.015,-0.008,1.042,3,1346
527167640,-1.463,1.585,0.549,-0.160,0.021,1.112,3,1346
527168585,-1.159,0.976,0.305,-0.096,0.034,1.106,3,1346
527169640,-1.037,0.732,0.610,0.009,0.104,1.066,3,1346
527170571,-0.488,0.793,0.366,0.123,0.095,0.951,3,1346
527171640,-0.732,1.463,0.305,0.115,0.003,1.025,3,1346
527172576,-1.341,2.317,0.427,0.007,-0.028,0.942,3,1346
527173640,-1.646,1.646,0.793,-0.113,-0.038,1.107,3,1346
527174575,-1.220,0.732,0.244,-0.134,0.034,1.112,3,1346
527175640,-0.976,0.488,0.305,-0.059,0.078,0.998,3,1346
527176584,-0.610,0.915,0.305,0.103,0.118,1.027,3,1346
527177640,-0.244,1.402,0.122,0.141,0.038,1.001,3,1346
527178574,-0.976,1.951,0.244,0.035,-0.022,1.001,3,1346
527179640,-1.280,2.378,0.244,0.024,-0.011,1.000,3,1346
527180579,-1.707,2.012,0.732,-0.044,-0.020,1.062,3,1346
527181640,-0.732,0.793,0.366,-0.089,0.046,1.077,3,1346
527182664,-0.732,0.915,0.305,0.054,0.109,1.049,3,1346
527183191,-0.732,0.915,0.305,0.054,0.109,1.049,3,1346
527184700,-1.037,1.585,0.183,0.079,-0.022,1.010,3,1346
527185212,-1.463,2.256,0.305,0.004,-0.025,0.959,3,1346
527186699,-1.829,2.195,0.854,0.021,-0.010,1.055,3,1346
527187212,-2.012,1.463,0.732,-0.137,0.002,1.058,3,1346
527188699,-0.427,0.610,0.427,-0.046,0.089,0.981,3,1346
527189212,-0.427,0.610,0.427,-0.046,0.089,0.981,3,1346
527190694,0.000,1.341,0.183,0.121,0.022,0.996,3,1346
527191210,-0.854,2.012,0.061,0.014,-0.031,1.020,3,1346
527192699,-1.159,2.378,0.488,0.028,0.006,0.970,3,1346
527193213,-1.646,1.829,0.915,-0.057,-0.014,1.166,3,1346
527194699,-0.854,0.793,0.427,-0.097,0.046,1.053,3,1346
527195213,-0.854,0.793,0.427,-0.097,0.046,1.053,3,1346
527196699,-0.488,1.098,0.061,0.160,0.072,1.090,3,1346
527197216,-1.159,1.402,0.244,0.054,-0.022,0.993,3,1346
527198699,-1.463,2.256,0.610,0.005,-0.019,1.032,3,1346
527199216,-1.768,2.256,0.915,0.008,-0.030,0.975,3,1346
527200728,-1.098,0.671,0.183,-0.122,0.021,1.106,3,1346
527201240,-1.098,0.671,0.183,-0.122,0.021,1.106,3,1346
527202481,-0.183,0.915,0.366,0.143,0.109,0.968,3,1346
527203638,-0.732,1.220,0.061,0.106,-0.007,1.034,3,1356
527204623,-1.280,2.073,0.061,-0.004,-0.026,0.977,3,1356
527205638,-1.585,2.195,0.427,0.038,-0.013,1.028,3,1356
527206580,-1.951,1.951,1.037,-0.107,-0.005,1.138,3,1356
527207638,-0.488,0.671,0.305,-0.082,0.084,1.016,3,1356
527208581,-0.183,0.793,0.061,0.107,0.119,0.987,3,1356
527209638,-0.549,1.280,0.122,0.148,0.049,1.016,3,1356
527210576,-1.341,1.585,0.244,0.038,-0.037,0.997,3,1356
527211638,-1.707,2.195,0.305,0.024,-0.019,1.025,3,1356
527212576,-1.890,1.951,0.793,-0.027,-0.024,1.000,3,1356
527213638,-1.707,1.402,0.732,-0.168,0.022,1.110,3,1356
527214579,-0.915,0.671,0.244,-0.115,0.032,1.098,3,1356
527215638,-0.244,0.915,0.244,0.159,0.111,0.996,3,1356
527216584,-0.732,1.463,0.000,0.089,-0.011,1.012,3,1356
527217638,-1.220,2.378,0.244,0.007,-0.037,0.965,3,1356
527218577,-1.280,2.195,0.671,0.014,-0.015,1.063,3,1356
527219638,-1.585,1.463,0.854,-0.123,-0.008,1.064,3,1356
527220576,-1.159,1.037,0.366,-0.149,0.028,1.123,3,1356
527221638,-0.488,0.854,0.488,0.153,0.120,1.025,3,1356
527222578,-0.793,1.159,0.183,0.137,0.028,1.009,3,1356
527223638,-1.098,2.012,0.244,0.022,-0.029,1.013,3,1356
527224570,-1.280,2.744,0.610,0.020,-0.020,0.970,3,1356
527225638,-1.646,2.134,0.793,-0.056,-0.009,1.153,3,1356
527226577,-1.341,1.037,0.549,-0.172,0.025,1.062,3,1356
527227638,-0.854,0.549,0.366,-0.098,0.041,1.054,3,1356
527228576,-0.427,0.915,0.061,0.160,0.085,1.060,3,1356
527229638,-0.671,1.524,-0.061,0.049,-0.030,0.999,3,1356
527230572,-0.976,2.378,0.305,0.003,-0.022,1.038,3,1356
527231638,-1.524,2.256,0.915,0.010,-0.023,0.968,3,1356
527232576,-1.707,1.585,0.915,-0.152,0.029,1.120,3,1356
527233638,-1.098,0.915,0.549,-0.126,0.025,1.114,3,1356
527234590,-0.671,0.732,0.183,-0.014,0.101,1.068,3,1356
527235638,-0.915,1.280,-0.122,0.109,0.006,1.024,3,1356
527236572,-1.402,2.317,0.122,0.010,-0.036,0.969,3,1356
527237638,-1.646,2.500,0.427,0.007,-0.011,1.065,3,1356
527238582,-2.134,1.951,0.732,-0.103,-0.017,1.095,3,1356
527239638,-1.829,1.220,0.793,-0.161,0.029,1.109,3,1356
527240580,-1.220,0.610,0.366,-0.070,0.071,0.996,3,1356
527241638,-0.061,1.402,0.610,0.149,0.043,1.014,3,1356
527242580,-0.854,1.829,0.488,0.034,-0.017,1.021,3,1356
527243638,-1.159,2.500,0.488,0.015,-0.039,0.987,3,1356
527244576,-1.585,2.012,0.854,-0.050,-0.010,1.099,3,1356
527245638,-1.646,1.220,0.610,-0.160,0.025,1.060,3,1356
527246588,-0.976,0.671,0.366,-0.101,0.036,1.079,3,1356
527247638,-0.671,0.671,0.366,0.059,0.099,1.013,3,1356
527248575,-0.549,0.915,0.305,0.164,0.096,1.040,3,1356
527249638,-1.768,2.378,0.305,-0.007,-0.035,1.029,3,1356
527250590,-1.890,2.439,0.610,-0.001,-0.019,0.972,3,1356
527251638,-1.707,1.707,0.854,-0.134,0.020,1.110,3,1356
527252738,-0.976,1.220,0.427,-0.130,0.032,1.125,3,1356
527253288,-0.549,0.671,0.244,-0.023,0.091,1.047,3,1366
527254364,-0.183,0.854,0.366,0.138,0.106,0.954,3,1366
527255638,-1.280,2.195,0.427,0.020,-0.030,1.009,3,1366
527256576,-1.098,2.683,0.732,0.005,-0.019,1.054,3,1366
527257639,-1.707,2.073,0.854,-0.086,-0.018,1.114,3,1366
527258582,-1.646,1.159,0.854,-0.158,0.023,1.088,3,1366
527259639,-1.037,0.549,0.427,-0.065,0.066,1.014,3,1366
527260584,-0.610,0.732,0.305,0.087,0.119,1.041,3,1366
527261639,-0.427,1.341,0.366,0.165,0.050,1.002,3,1366
527262585,-0.732,1.707,0.244,0.013,-0.037,1.002,3,1366
527263639,-1.585,2.195,0.793,-0.049,-0.034,1.098,3,1366
527264587,-1.707,1.402,0.732,-0.163,0.040,1.050,3,1366
527265639,-1.402,0.915,0.549,-0.088,0.033,1.080,3,1366
527266577,-0.610,0.915,0.488,0.037,0.099,1.043,3,1366
527267639,-0.061,0.671,0.366,0.154,0.105,1.035,3,1366
527268571,-0.671,1.524,0.488,0.088,-0.013,1.008,3,1366
527269639,-1.524,2.622,0.793,-0.010,-0.024,0.976,3,1366
527270578,-2.195,1.707,0.915,-0.149,0.014,1.084,3,1366
527271639,-1.280,0.915,0.366,-0.104,0.017,1.129,3,1366
527272588,-0.610,0.610,0.183,-0.021,0.094,1.030,3,1366
527273639,-0.183,0.854,0.061,0.126,0.105,0.961,3,1366
527274581,-0.244,1.402,0.000,0.153,0.017,1.031,3,1366
527275639,-1.220,2.500,0.427,0.028,-0.026,1.074,3,1366
527276571,-1.707,2.195,0.793,-0.100,-0.021,1.114,3,1366
527277639,-1.220,1.159,0.427,-0.148,0.034,1.091,3,1366
527278576,-0.549,0.671,0.305,-0.058,0.079,0.997,3,1366
527279639,-0.488,0.976,0.183,0.106,0.105,1.044,3,1366
527280575,-0.366,1.159,0.305,0.160,0.057,0.977,3,1366
527281639,-0.854,1.829,0.549,0.034,-0.032,1.010,3,1366
527282576,-1.220,2.744,0.671,0.007,-0.015,0.994,3,1366
527283639,-1.524,1.585,0.854,-0.185,0.016,1.053,3,1366
527284588,-0.976,0.854,0.427,-0.089,0.046,1.078,3,1366
527285639,-0.244,0.732,0.183,0.069,0.098,1.001,3,1366
527286575,-0.244,0.854,0.122,0.153,0.101,1.099,3,1366
527287639,-0.732,1.646,0.122,0.082,-0.020,1.004,3,1366
527288573,-1.524,2.683,0.366,-0.012,-0.002,1.005,3,1366
527289639,-1.951,1.524,0.610,-0.151,0.009,1.124,3,1366
527290584,-0.915,0.915,0.305,-0.122,0.025,1.105,3,1366
527291639,-0.427,0.793,0.488,-0.001,0.106,1.067,3,1366
527292643,-0.366,0.854,0.427,0.146,0.111,0.942,3,1366
527293174,-0.488,1.341,0.366,0.111,0.001,1.041,3,1366
527294700,-0.976,2.317,0.427,-0.022,-0.032,0.960,3,1366
527295214,-1.524,2.683,0.671,0.038,-0.014,1.085,3,1366
527296699,-1.524,1.220,0.488,-0.159,0.041,1.108,3,1366
527297220,-1.524,1.220,0.488,-0.159,0.041,1.108,3,1366
527298699,-0.610,0.976,0.366,0.144,0.120,1.045,3,1366
527299211,-0.549,1.159,0.061,0.137,0.037,1.000,3,1366
527300699,-1.220,1.829,-0.061,0.013,-0.021,1.016,3,1366
527301244,-1.463,2.378,0.488,0.023,-0.016,0.960,3,1366
527302496,-1.951,2.073,0.915,-0.048,-0.025,1.167,3,1366
527303639,-0.793,0.915,0.427,-0.092,0.045,1.051,3,1375
527304615,-0.305,1.037,0.488,0.077,0.109,0.989,3,1375
527305639,-0.305,0.915,0.183,0.160,0.078,1.094,3,1375
527306580,-0.976,1.341,0.122,0.046,-0.032,0.988,3,1375
527307639,-1.646,2.439,0.427,-0.009,-0.008,1.039,3,1375
527308576,-1.768,2.256,1.159,0.006,-0.035,0.935,3,1375
527309639,-1.159,0.671,0.488,-0.130,0.023,1.090,3,1375
527310580,-0.427,0.732,0.366,0.025,0.107,1.071,3,1375
527311639,-0.183,0.854,0.366,0.166,0.113,0.983,3,1375
527312576,-0.793,1.463,0.061,0.099,0.001,1.037,3,1375
527313639,-1.463,2.378,0.366,-0.024,-0.035,0.947,3,1375
527314572,-1.646,2.317,0.488,0.024,-0.016,1.082,3,1375
527315640,-2.195,1.646,0.732,-0.116,-0.019,1.041,3,1375
527316584,-1.463,1.159,0.244,-0.149,0.022,1.125,3,1375
527317639,-0.244,0.610,0.305,0.162,0.120,1.025,3,1375
527318585,-0.305,0.793,0.244,0.128,0.026,1.020,3,1375
527319639,-1.159,1.951,0.488,-0.005,-0.029,1.004,3,1375
527320580,-1.402,2.988,0.488,0.012,-0.023,0.972,3,1375
527321639,-1.890,2.500,0.854,-0.058,-0.023,1.178,3,1375
527322579,-1.890,1.220,0.549,-0.162,0.033,1.075,3,1375
527323639,-0.366,0.793,0.366,0.119,0.125,0.992,3,1375
527324582,-0.488,0.976,0.488,0.163,0.068,1.035,3,1375
527325639,-0.976,1.707,0.427,0.021,-0.037,0.993,3,1375
527326568,-1.402,2.622,0.488,0.000,-0.019,1.008,3,1375
527327640,-1.524,2.195,0.854,-0.036,-0.023,1.049,3,1375
527328575,-1.585,1.585,0.671,-0.174,0.020,1.086,3,1375
527329639,-0.671,0.488,0.366,-0.114,0.036,1.065,3,1375
527330585,-0.183,0.671,0.427,0.175,0.108,1.046,3,1375
527331639,-1.098,1.341,0.122,0.073,-0.012,1.011,3,1375
527332576,-1.585,2.317,0.305,-0.021,-0.022,1.024,3,1375
527333639,-1.768,2.561,0.671,0.023,-0.032,0.982,3,1375
527334576,-2.012,1.585,0.610,-0.136,0.018,1.100,3,1375
527335639,-1.037,0.854,0.183,-0.130,0.019,1.108,3,1375
527336576,-0.549,0.671,0.244,-0.012,0.102,1.038,3,1375
527337639,-0.427,1.037,0.244,0.115,0.019,1.043,3,1375
527338584,-1.341,2.073,0.488,-0.014,-0.029,0.966,3,1375
527339639,-1.402,2.683,0.671,0.004,-0.022,1.087,3,1375
527340572,-1.829,2.134,0.549,-0.111,-0.010,1.072,3,1375
527341639,-1.524,1.220,0.427,-0.147,0.035,1.121,3,1375
527342585,-0.793,0.366,0.305,-0.066,0.072,0.971,3,1375
527343639,-0.305,0.610,0.244,0.149,0.043,1.017,3,1375
527344572,-1.220,1.524,0.305,0.014,-0.019,1.025,3,1375
527345639,-1.463,2.561,0.488,0.017,-0.044,0.971,3,1375
527346582,-1.951,2.622,0.976,-0.056,-0.007,1.168,3,1375
527347639,-1.829,1.341,0.549,-0.161,0.027,1.051,3,1375
527348576,-0.915,0.549,0.427,-0.105,0.047,1.049,3,1375
527349640,0.000,0.427,0.122,0.093,0.110,0.968,3,1375
527350563,0.122,0.549,0.244,0.162,0.082,1.059,3,1375
527351639,-1.402,2.622,0.549,-0.015,-0.036,1.020,3,1375
527352741,-1.829,2.561,0.854,-0.043,-0.018,1.023,3,1375
527353293,-1.707,2.012,0.915,-0.148,0.015,1.082,3,1385
527354368,-1.037,0.671,0.610,-0.103,0.028,1.084,3,1385
527355638,-0.549,0.427,0.366,0.042,0.098,1.066,3,1385
527356576,-0.061,0.610,0.305,0.169,0.106,1.008,3,1385
527357639,-1.524,2.561,0.610,-0.002,-0.025,1.013,3,1385
527358573,-1.585,2.744,0.610,-0.014,-0.028,0.997,3,1385
527359639,-1.829,2.012,0.915,-0.123,0.008,1.096,3,1385
527360571,-1.220,1.220,0.610,-0.128,0.035,1.111,3,1385
527361639,-0.427,0.427,0.244,-0.029,0.085,1.028,3,1385
527362579,0.366,0.549,0.122,0.150,0.118,0.969,3,1385
527363639,-0.244,0.793,0.122,0.133,0.017,1.025,3,1385
527364566,-0.976,1.890,0.122,-0.002,-0.027,0.992,3,1385
527365639,-1.829,2.378,0.610,-0.095,-0.021,1.059,3,1385
527366576,-1.402,1.280,0.610,-0.141,0.040,1.124,3,1385
527367639,-0.915,0.671,0.488,-0.058,0.069,0.991,3,1385
527368576,-0.366,0.305,0.427,0.131,0.117,1.019,3,1385
527369639,-0.610,0.915,0.366,0.166,0.032,1.041,3,1385
527370570,-1.220,1.890,0.488,0.019,-0.008,1.001,3,1385
527371639,-1.951,2.561,0.915,-0.075,-0.021,1.162,3,1385
527372575,-1.829,1.463,0.732,-0.154,0.043,1.060,3,1385
527373639,-0.915,0.671,0.610,-0.072,0.042,1.035,3,1385
527374575,0.000,0.793,0.122,0.087,0.110,1.003,3,1385
527375639,0.122,0.610,0.183,0.172,0.072,1.031,3,1385
527376572,-0.610,1.341,0.305,0.037,-0.015,0.964,3,1385
527377639,-1.220,2.744,0.427,-0.057,-0.034,1.078,3,1385
527378586,-1.585,1.524,0.610,-0.153,0.036,1.062,3,1385
527379639,-1.159,0.549,0.427,-0.079,0.027,1.077,3,1385
527380580,-0.427,0.427,0.061,0.047,0.092,1.036,3,1385
527381639,0.061,0.610,0.061,0.169,0.115,1.064,3,1385
527382579,-0.732,1.280,0.366,0.092,-0.012,1.011,3,1385
527383639,-1.341,2.744,0.610,-0.021,-0.014,1.034,3,1385
527384571,-1.463,2.805,0.732,-0.019,-0.042,0.948,3,1385
527385639,-1.524,1.098,0.305,-0.107,0.031,1.093,3,1385
527386578,-0.671,0.427,0.061,0.002,0.093,1.074,3,1385
527387639,-0.366,0.366,-0.061,0.151,0.113,1.001,3,1385
527388563,-0.732,1.220,0.122,0.128,0.007,1.043,3,1385
527389639,-1.585,2.195,0.488,-0.037,-0.011,0.966,3,1385
527390573,-1.890,2.988,0.732,0.024,-0.029,1.055,3,1385
527391639,-1.341,1.707,0.549,-0.142,0.042,1.121,3,1385
527392567,-0.549,0.671,0.061,-0.031,0.081,0.991,3,1385
527393639,-0.183,0.671,-0.061,0.148,0.105,1.002,3,1385
527394575,-0.366,0.793,0.183,0.130,0.025,1.025,3,1385
527395639,-0.793,1.951,0.488,-0.017,-0.022,0.992,3,1385
527396571,-1.402,2.866,0.427,0.016,-0.028,1.056,3,1385
527397639,-1.707,2.134,0.610,-0.082,-0.029,1.116,3,1385
527398576,-1.524,0.976,0.244,-0.164,0.029,1.079,3,1385
527399639,-0.183,0.915,0.244,0.134,0.117,1.036,3,1385
527400584,-0.366,0.732,0.183,0.161,0.058,0.986,3,1385
527401639,-1.341,1.646,0.488,0.008,-0.027,1.018,3,1385
527402737,-1.585,2.866,0.366,-0.004,-0.029,0.967,3,1385
527403285,-1.951,2.561,1.037,-0.042,-0.015,1.191,3,1395
527404348,-1.951,1.402,0.671,-0.162,0.008,1.054,3,1395
527405638,-0.244,0.793,-0.122,0.100,0.109,0.977,3,1395
527406574,-0.122,0.610,0.183,0.179,0.081,1.062,3,1395
527407639,-1.037,1.098,0.366,0.009,-0.023,0.988,3,1395
527408560,-1.341,2.622,0.549,-0.012,-0.012,1.027,3,1395
527409639,-1.280,2.622,0.976,-0.015,-0.030,0.994,3,1395
527410587,-1.768,1.890,0.793,-0.160,0.021,1.107,3,1395
527411639,-1.341,0.488,0.305,0.063,0.104,1.039,3,1395
527412580,0.122,0.549,0.244,0.188,0.106,1.063,3,1395
527413639,-0.488,1.220,0.244,0.066,-0.008,1.029,3,1395
527414577,-1.585,2.622,0.427,-0.039,-0.018,1.021,3,1395
527415639,-1.463,3.110,0.854,0.026,-0.042,0.937,3,1395
527416584,-1.890,1.951,0.549,-0.135,0.016,1.109,3,1395
527417639,-1.585,0.915,0.122,-0.134,0.019,1.094,3,1395
527418580,-0.854,0.671,0.366,0.006,0.104,1.068,3,1395
527419639,-0.915,0.854,0.122,0.099,0.008,1.062,3,1395
527420632,-1.341,2.012,0.244,-0.051,-0.030,0.957,3,1395
527421150,-1.341,2.012,0.244,-0.051,-0.030,0.957,3,1395
527422712,-1.829,2.317,0.793,-0.110,0.000,1.021,3,1395
527423235,-1.159,1.646,0.549,-0.143,0.031,1.136,3,1395
527424701,-0.488,0.732,0.366,-0.048,0.086,0.968,3,1395
527425215,0.061,0.549,0.061,0.182,0.129,1.002,3,1395
527426700,-1.463,1.768,0.366,-0.047,-0.030,0.985,3,1395
527427204,-1.463,1.768,0.366,-0.047,-0.030,0.985,3,1395
527428700,-1.890,2.683,1.098,-0.074,-0.029,1.102,3,1395
527429220,-1.585,1.341,0.610,-0.164,0.027,1.104,3,1395
527430700,-0.915,0.488,0.244,-0.080,0.064,0.987,3,1395
527431210,-0.305,0.305,0.305,0.165,0.139,1.031,3,1395
527432700,-1.220,1.890,0.549,-0.022,-0.008,1.012,3,1395
527433211,-1.220,1.890,0.549,-0.022,-0.008,1.012,3,1395
527434700,-1.402,2.866,0.793,-0.046,-0.019,1.202,3,1395
527435204,-1.280,1.280,0.610,-0.166,0.019,1.053,3,1395
527436700,-0.732,0.488,0.305,-0.094,0.054,1.028,3,1395
527437210,0.000,0.488,0.122,0.123,0.123,0.981,3,1395
527438697,-1.098,1.524,0.488,-0.002,-0.024,1.006,3,1395
527439208,-1.098,1.524,0.488,-0.002,-0.024,1.006,3,1395
527440700,-1.524,2.744,0.793,-0.026,-0.024,1.134,3,1395
527441211,-1.524,2.744,0.793,-0.026,-0.024,1.134,3,1395
527442700,-1.220,0.793,0.244,-0.105,0.031,1.048,3,1395
527443210,-0.366,0.366,0.122,0.082,0.110,0.991,3,1395
527444697,0.061,0.488,0.000,0.204,0.106,1.072,3,1395
527445205,-0.854,0.976,0.122,0.041,-0.024,1.018,3,1395
527446700,-1.463,2.744,0.793,-0.020,-0.030,0.967,3,1395
527447210,-1.463,2.744,0.793,-0.020,-0.030,0.967,3,1395
527448700,-1.646,0.610,0.488,-0.114,0.016,1.054,3,1395
527449204,-0.854,0.183,0.305,0.040,0.101,1.059,3,1395
527450700,-0.366,0.244,0.488,0.198,0.124,1.025,3,1395
527451240,-0.976,0.732,0.549,0.064,-0.003,1.037,3,1395
527452494,-1.524,2.500,0.366,-0.032,-0.014,1.034,3,1395
527453639,-1.829,2.256,0.793,-0.124,0.005,1.104,3,1405
527454621,-1.220,0.976,0.549,-0.114,0.010,1.102,3,1405
527455638,-0.610,0.305,0.183,-0.011,0.100,1.080,3,1405
527456591,-0.305,0.061,0.122,0.184,0.123,0.975,3,1405
527457639,-0.732,0.671,0.427,0.106,0.015,1.029,3,1405
527458572,-1.220,2.134,0.610,-0.044,-0.035,0.982,3,1405
527459639,-1.646,2.439,0.976,-0.108,-0.001,1.074,3,1405
527460581,-1.341,1.280,0.793,-0.131,0.031,1.125,3,1405
527461639,-0.488,0.488,0.427,-0.045,0.081,1.002,3,1405
527462584,0.061,0.122,0.122,0.169,0.127,0.986,3,1405
527463639,-0.427,0.427,0.366,0.143,0.017,1.035,3,1405
527464577,-1.159,2.073,0.549,-0.021,-0.022,0.996,3,1405
527465639,-1.707,3.049,0.732,-0.009,-0.037,1.069,3,1405
527466576,-2.012,2.744,0.976,-0.094,-0.016,1.043,3,1405
527467639,-0.854,0.427,0.183,-0.064,0.057,0.970,3,1405
527468574,-0.061,0.061,0.366,0.149,0.136,1.015,3,1405
527469639,-0.427,0.427,0.427,0.164,0.037,1.053,3,1405
527470566,-0.976,1.585,0.366,-0.012,-0.016,1.015,3,1405
527471639,-1.220,3.110,0.244,-0.023,-0.031,1.048,3,1405
527472578,-2.012,3.049,0.610,-0.084,-0.029,1.097,3,1405
527473639,-1.098,0.488,0.122,-0.061,0.054,0.993,3,1405
527474571,-0.732,0.122,0.183,0.118,0.118,1.044,3,1405
527475639,-0.427,0.488,0.427,0.185,0.052,1.032,3,1405
527476580,-1.037,1.341,0.549,-0.007,0.008,0.975,3,1405
527477639,-1.646,2.683,0.732,-0.022,-0.032,0.990,3,1405
527478580,-2.012,2.805,0.793,-0.077,-0.029,1.170,3,1405
527479639,-1.707,1.463,0.549,-0.137,0.023,1.035,3,1405
527480580,-0.488,0.305,0.183,0.106,0.113,1.003,3,1405
527481639,-0.366,0.488,0.000,0.190,0.078,1.037,3,1405
527482579,-0.854,1.159,0.366,0.000,-0.003,0.973,3,1405
527483639,-1.220,2.683,0.488,-0.005,-0.039,1.019,3,1405
527484568,-1.707,3.171,0.732,-0.062,-0.042,1.161,3,1405
527485639,-1.646,2.195,0.427,-0.151,0.027,1.031,3,1405
527486577,-0.793,0.610,0.061,-0.076,0.032,1.037,3,1405
527487639,0.061,-0.061,0.244,0.192,0.098,1.037,3,1405
527488572,-0.671,0.793,0.671,0.041,-0.008,1.027,3,1405
527489639,-1.402,2.866,0.732,-0.029,-0.007,1.031,3,1405
527490576,-1.646,3.049,0.488,-0.052,-0.028,1.068,3,1405
527491639,-1.829,2.622,0.427,-0.146,0.006,1.050,3,1405
527492580,-1.037,0.976,0.183,-0.092,0.028,1.047,3,1405
527493639,0.122,0.000,0.061,0.184,0.115,1.083,3,1405
527494575,-0.610,0.732,0.183,0.073,-0.008,1.023,3,1405
527495639,-1.220,2.683,0.427,-0.042,0.003,1.020,3,1405
527496580,-1.341,3.171,0.610,-0.017,-0.036,0.962,3,1405
527497639,-1.951,2.317,0.793,-0.152,-0.007,1.080,3,1405
527498587,-1.585,0.793,0.427,-0.119,0.028,1.061,3,1405
527499639,-0.732,0.366,0.488,0.057,0.085,1.056,3,1405
527500576,-0.427,0.000,0.488,0.189,0.114,1.056,3,1405
527501639,-1.341,2.134,0.610,-0.061,0.005,0.985,3,1405
527502746,-1.463,3.110,0.671,0.008,-0.040,0.953,3,1405
527503297,-1.646,2.378,0.793,-0.146,-0.007,1.099,3,1414
527504359,-1.341,1.098,0.244,-0.128,0.023,1.081,3,1414
527505638,-0.671,0.549,0.305,0.017,0.087,1.065,3,1414
527506582,-0.244,0.000,0.244,0.172,0.124,0.990,3,1414
527507639,-1.220,2.012,0.671,-0.058,-0.006,0.956,3,1414
527508572,-1.707,3.049,0.793,0.021,-0.034,1.024,3,1414
527509639,-2.195,2.561,0.732,-0.118,-0.016,1.056,3,1414
527510581,-1.463,1.402,0.183,-0.143,0.037,1.118,3,1414
527511639,-0.610,0.488,0.122,-0.013,0.076,1.026,3,1414
527512581,0.000,0.183,0.183,0.174,0.127,0.979,3,1414
527513639,-0.366,0.549,0.183,0.137,0.010,1.058,3,1414
527514575,-1.463,3.049,0.793,0.027,-0.021,1.069,3,1414
527515639,-2.134,2.622,0.976,-0.092,-0.021,1.037,3,1414
527516581,-1.707,1.463,0.366,-0.156,0.027,1.143,3,1414
527517639,-0.549,0.671,0.305,-0.049,0.077,0.983,3,1414
527518578,0.000,0.122,0.488,0.176,0.134,0.999,3,1414
527519639,-0.427,0.122,0.366,0.146,0.027,1.042,3,1414
527520560,-1.402,1.463,0.915,-0.051,-0.019,0.986,3,1414
527521639,-1.890,2.805,0.793,-0.067,-0.038,1.073,3,1414
527522587,-1.646,1.463,0.427,-0.161,0.029,1.116,3,1414
527523640,-0.732,0.549,0.183,-0.069,0.056,0.967,3,1414
527524568,0.122,0.000,0.122,0.169,0.136,1.021,3,1414
527525639,-0.244,0.122,0.305,0.167,0.028,1.034,3,1414
527526565,-1.159,1.585,0.366,-0.048,-0.011,0.998,3,1414
527527640,-2.012,3.232,0.915,-0.064,-0.033,1.160,3,1414
527528576,-1.951,1.707,0.427,-0.156,0.031,1.086,3,1414
527529639,-1.098,0.671,0.183,-0.084,0.055,0.986,3,1414
527530578,-0.183,0.183,0.183,0.162,0.126,1.010,3,1414
527531639,-0.061,-0.183,0.305,0.186,0.048,1.036,3,1414
527532574,-0.976,1.341,0.732,-0.035,-0.014,1.014,3,1414
527533639,-1.524,3.110,0.793,-0.015,-0.030,0.949,3,1414
527534576,-1.890,3.293,1.098,-0.046,-0.025,1.213,3,1414
527535639,-0.671,0.610,0.122,-0.092,0.051,1.015,3,1414
527536579,-0.122,0.244,0.183,0.139,0.117,0.984,3,1414
527537639,-0.427,0.244,0.366,0.198,0.060,1.030,3,1414
527538576,-1.280,1.159,0.427,-0.024,-0.011,1.018,3,1414
527539639,-1.098,2.988,0.488,-0.023,-0.028,0.950,3,1414
527540587,-1.463,3.232,0.671,-0.041,-0.035,1.198,3,1414
527541639,-0.854,0.793,0.244,-0.101,0.041,1.019,3,1414
527542576,-0.183,0.183,-0.061,0.128,0.115,0.974,3,1414
527543639,-0.427,0.183,0.244,0.202,0.070,1.054,3,1414
527544576,-1.159,0.732,0.427,-0.004,-0.015,1.024,3,1414
527545639,-1.585,2.744,0.427,-0.035,-0.016,0.958,3,1414
527546576,-2.012,3.415,0.732,-0.021,-0.033,1.172,3,1414
527547639,-2.134,2.195,0.671,-0.153,0.030,1.056,3,1414
527548578,-0.427,0.366,0.061,0.097,0.104,0.977,3,1414
527549640,-0.122,0.122,0.061,0.217,0.097,1.058,3,1414
527550572,-0.793,0.732,0.366,0.012,-0.021,1.025,3,1414
527551639,-1.402,2.805,0.610,-0.052,-0.021,0.994,3,1414
527552740,-1.707,3.293,0.793,-0.026,-0.029,1.101,3,1414
527553290,-2.012,2.439,0.732,-0.145,0.015,1.055,3,1424
527554360,-1.585,0.793,0.244,-0.109,0.023,1.032,3,1424
527555638,-0.305,-0.122,0.305,0.211,0.107,1.049,3,1424
527556592,-0.671,0.549,0.427,0.034,-0.000,1.045,3,1424
527557639,-1.280,2.378,0.732,-0.050,-0.020,1.012,3,1424
527558589,-1.707,3.110,0.976,-0.036,-0.032,1.039,3,1424
527559639,-1.829,2.317,0.671,-0.133,0.017,1.059,3,1424
527560592,-1.098,0.793,0.244,-0.123,0.018,1.058,3,1424
527561639,0.183,-0.183,0.183,0.208,0.105,1.043,3,1424
527562575,-0.732,0.549,0.244,0.050,-0.001,1.037,3,1424
527563639,-1.402,2.500,0.427,-0.054,-0.013,1.025,3,1424
527564578,-1.524,3.293,0.793,-0.036,-0.036,1.000,3,1424
527565639,-1.646,2.683,0.488,-0.126,0.019,1.059,3,1424
527566580,-0.976,0.915,0.183,-0.115,0.014,1.057,3,1424
527567639,-0.427,0.244,0.000,0.039,0.090,1.050,3,1424
527568574,0.305,-0.305,0.122,0.211,0.117,1.017,3,1424
527569639,-1.341,2.439,0.854,-0.061,-0.005,1.019,3,1424
527570584,-1.829,3.415,0.854,-0.037,-0.048,1.003,3,1424
527571639,-1.890,2.744,0.488,-0.117,0.017,1.071,3,1424
527572581,-1.402,1.159,0.122,-0.113,0.017,1.071,3,1424
527573639,-0.366,0.183,0.244,0.033,0.074,1.038,3,1424
527574575,0.488,-0.427,0.244,0.208,0.124,1.028,3,1424
527575639,-1.220,2.561,0.671,-0.066,-0.010,1.042,3,1424
527576576,-1.524,3.598,0.976,-0.034,-0.040,0.984,3,1424
527577639,-1.707,3.110,0.854,-0.121,0.010,1.074,3,1424
527578582,-1.402,1.341,0.427,-0.104,0.017,1.067,3,1424
527579639,-0.732,0.244,0.305,0.042,0.070,1.039,3,1424
527580577,0.122,-0.427,0.366,0.207,0.133,0.995,3,1424
527581639,-0.488,0.183,0.671,0.089,-0.011,1.076,3,1424
527582583,-1.524,3.415,0.793,-0.046,-0.039,0.971,3,1424
527583639,-2.134,3.049,0.671,-0.132,-0.000,1.065,3,1424
527584594,-1.707,1.463,0.427,-0.108,0.025,1.077,3,1424
527585639,-0.732,0.305,0.244,0.048,0.065,1.041,3,1424
527586575,0.183,-0.305,-0.061,0.204,0.125,1.006,3,1424
527587639,-0.610,0.244,0.244,0.091,-0.006,1.074,3,1424
527588581,-1.280,2.317,0.488,-0.070,0.005,1.034,3,1424
527589639,-1.951,3.232,0.854,-0.127,-0.012,1.070,3,1424
527590575,-1.463,1.402,0.305,-0.106,0.027,1.067,3,1424
527591639,-0.610,0.122,0.305,0.050,0.063,1.045,3,1424
527592574,-0.122,-0.366,0.427,0.199,0.118,1.027,3,1424
527593639,-0.793,0.183,0.732,0.094,-0.007,1.064,3,1424
527594571,-1.524,2.256,0.732,-0.078,0.023,1.002,3,1424
527595639,-2.012,3.049,0.854,-0.140,-0.007,1.079,3,1424
527596591,-1.402,1.463,0.305,-0.116,0.020,1.065,3,1424
527597639,-0.610,0.427,0.061,0.060,0.061,1.043,3,1424
527598579,-0.122,-0.122,-0.061,0.195,0.127,1.048,3,1424
527599639,-1.037,0.488,0.427,0.094,-0.007,1.064,3,1424
527600584,-1.829,2.317,0.854,-0.081,0.013,0.997,3,1424
527601639,-1.646,3.537,0.732,-0.015,-0.041,0.951,3,1424
527602738,-1.585,1.463,0.244,-0.125,0.031,1.055,3,1424
527603283,-1.585,1.463,0.244,-0.125,0.031,1.055,3,1434
527604362,0.122,-0.427,0.244,0.202,0.121,1.053,3,1434
527605638,-0.244,-0.183,0.549,0.099,-0.009,1.048,3,1434
527606577,-1.037,1.951,0.793,-0.093,0.021,0.991,3,1434
527607638,-1.402,3.049,0.854,-0.001,-0.033,0.961,3,1434
527608587,-1.951,2.866,0.732,-0.134,-0.000,1.090,3,1434
527609638,-0.549,0.366,0.061,0.032,0.063,1.061,3,1434
527610586,0.000,-0.427,0.061,0.204,0.134,1.042,3,1434
527611638,-0.549,0.122,0.366,0.089,-0.001,1.055,3,1434
527612582,-1.585,2.012,0.732,-0.083,0.013,1.000,3,1434
527613638,-1.768,3.354,0.976,-0.007,-0.034,0.950,3,1434
527614575,-1.890,2.805,0.915,-0.123,0.004,1.099,3,1434
527615639,-1.159,1.463,0.122,-0.138,0.029,1.077,3,1434
527616584,-0.061,-0.122,-0.244,0.212,0.133,1.038,3,1434
527617639,-0.427,0.183,0.183,0.092,-0.009,1.050,3,1434
527618572,-1.280,2.073,0.366,-0.098,0.006,1.000,3,1434
527619639,-1.585,3.354,0.915,-0.004,-0.038,0.948,3,1434
527620575,-2.195,2.866,0.854,-0.114,0.001,1.090,3,1434
527621639,-1.951,1.524,0.122,-0.145,0.016,1.083,3,1434
527622656,-0.976,0.549,-0.061,0.225,0.132,1.038,3,1434
527623180,-0.305,-0.427,0.244,0.225,0.132,1.038,3,1434
527624700,-1.098,1.951,0.549,-0.099,0.005,1.009,3,1434
527625220,-1.098,1.951,0.549,-0.099,0.005,1.009,3,1434
527626700,-1.951,3.049,0.793,-0.117,0.013,1.093,3,1434
527627204,-1.341,1.402,0.183,-0.150,0.020,1.076,3,1434
527628700,-0.610,0.427,0.000,0.031,0.069,1.044,3,1434
527629204,0.183,-0.244,-0.122,0.233,0.128,1.029,3,1434
527630700,-1.402,2.317,0.793,-0.092,0.016,1.027,3,1434
527631204,-1.402,2.317,0.793,-0.092,0.016,1.027,3,1434
527632700,-1.829,3.293,0.976,-0.108,0.010,1.102,3,1434
527633211,-1.463,1.524,0.061,-0.145,0.013,1.072,3,1434
527634700,-0.671,0.732,-0.061,0.044,0.066,1.047,3,1434
527635210,-0.061,-0.244,0.183,0.232,0.126,1.025,3,1434
527636700,-1.707,2.012,0.671,-0.090,0.018,1.039,3,1434
527637211,-1.707,2.012,0.671,-0.090,0.018,1.039,3,1434
527638700,-1.646,3.171,0.732,-0.104,0.006,1.106,3,1434
527639204,-1.280,1.463,0.305,-0.142,0.018,1.063,3,1434
527640700,-0.671,0.488,0.183,0.039,0.070,1.047,3,1434
527641204,-0.244,0.000,-0.061,0.235,0.125,1.030,3,1434
527642700,-0.915,0.061,0.244,0.080,-0.017,1.042,3,1434
527643204,-1.646,1.951,0.671,-0.092,0.025,1.033,3,1434
527644700,-1.951,3.293,0.915,-0.108,0.009,1.084,3,1434
527645220,-1.951,3.293,0.915,-0.108,0.009,1.084,3,1434
527646700,-0.732,0.610,-0.061,0.056,0.072,1.030,3,1434
527647204,0.061,-0.366,0.061,0.233,0.128,1.028,3,1434
527648700,-0.793,-0.122,0.488,0.073,-0.031,1.046,3,1434
527649220,-1.707,2.012,0.915,-0.083,0.012,1.024,3,1434
527650728,-1.829,3.415,0.915,-0.110,0.008,1.085,3,1434
527651238,-1.829,3.415,0.915,-0.110,0.008,1.085,3,1434
527652496,-0.549,0.366,0.000,0.050,0.062,1.029,3,1434
527653639,0.366,-0.305,-0.183,0.238,0.117,1.026,3,1444
527654618,-0.488,-0.122,0.183,0.079,-0.005,1.050,3,1444
527655638,-1.280,2.073,0.793,-0.074,0.008,1.021,3,1444
527656580,-1.585,3.476,1.098,-0.031,-0.026,1.030,3,1444
527657639,-1.951,1.280,0.244,-0.124,0.021,1.051,3,1444
527658575,-1.098,0.366,0.061,0.051,0.076,1.038,3,1444
527659639,-0.244,-0.183,0.122,0.235,0.116,1.026,3,1444
527660571,-0.732,-0.183,0.488,0.056,-0.006,1.043,3,1444
527661639,-1.463,2.073,0.732,-0.068,0.006,1.032,3,1444
527662577,-1.707,3.537,1.037,-0.047,-0.023,1.077,3,1444
527663639,-1.646,1.341,0.244,-0.121,0.022,1.035,3,1444
527664575,-0.732,0.305,0.122,0.057,0.072,1.013,3,1444
527665639,0.244,-0.244,0.000,0.229,0.110,1.019,3,1444
527666581,-0.671,-0.061,0.488,0.047,-0.005,1.038,3,1444
527667639,-1.159,2.195,0.610,-0.084,-0.014,1.023,3,1444
527668575,-1.341,3.841,0.915,-0.051,-0.026,1.110,3,1444
527669639,-1.524,3.232,0.671,-0.115,0.021,1.030,3,1444
527670578,-1.280,1.402,0.305,-0.102,0.019,1.021,3,1444
527671639,0.305,-0.671,-0.183,0.229,0.104,1.037,3,1444
527672583,-0.549,-0.061,0.183,0.028,-0.007,1.015,3,1444
527673639,-1.098,2.134,0.732,-0.068,0.001,1.027,3,1444
527674652,-1.585,3.476,1.098,-0.054,-0.025,1.159,3,1444
527675178,-1.890,2.988,0.549,-0.120,0.018,1.026,3,1444
527676700,-1.220,1.463,0.061,-0.086,0.022,1.019,3,1444
527677212,-0.305,0.244,-0.183,0.099,0.074,0.970,3,1444
527678699,-0.915,0.000,0.305,0.020,-0.012,1.052,3,1444
527679211,-0.915,0.000,0.305,0.020,-0.012,1.052,3,1444
527680699,-1.646,3.780,1.037,-0.061,-0.006,1.180,3,1444
527681211,-1.707,2.988,0.488,-0.131,0.014,1.027,3,1444
527682699,-1.341,1.220,0.061,-0.069,0.040,0.997,3,1444
527683211,-0.549,0.000,-0.183,0.123,0.081,0.967,3,1444
527684699,-1.220,0.061,0.427,-0.022,-0.011,1.053,3,1444
527685211,-1.220,0.061,0.427,-0.022,-0.011,1.053,3,1444
527686699,-1.890,3.476,1.341,-0.047,-0.018,1.178,3,1444
527687211,-2.134,2.561,0.793,-0.144,0.018,1.042,3,1444
527688699,-1.402,1.220,0.122,-0.067,0.029,0.985,3,1444
527689216,-0.366,0.000,-0.061,0.130,0.091,0.977,3,1444
527690699,-0.732,0.427,0.732,-0.047,-0.004,1.061,3,1444
527691211,-0.732,0.427,0.732,-0.047,-0.004,1.061,3,1444
527692699,-1.585,3.659,1.220,-0.059,-0.021,1.147,3,1444
527693211,-1.585,3.659,1.220,-0.059,-0.021,1.147,3,1444
527694699,-1.098,0.915,-0.061,-0.078,0.036,0.971,3,1444
527695215,-0.305,-0.244,-0.488,0.162,0.097,0.972,3,1444
527696699,0.000,-0.793,-0.183,0.205,0.058,1.017,3,1444
527697211,-0.732,0.366,0.366,-0.058,-0.009,1.063,3,1444
527698699,-1.646,3.841,1.098,-0.063,-0.027,1.121,3,1444
527699211,-1.646,3.841,1.098,-0.063,-0.027,1.121,3,1444
527700699,-1.037,1.037,0.000,-0.067,0.035,0.960,3,1444
527701244,-0.366,0.000,-0.061,0.180,0.104,0.973,3,1444
527702489,-0.183,-0.732,-0.122,0.186,0.047,1.045,3,1444
527703638,-0.915,0.427,0.305,-0.072,-0.003,1.049,3,1453
527704617,-1.341,2.683,0.915,-0.058,-0.008,1.097,3,1453
527705638,-1.829,2.744,0.366,-0.141,0.039,1.118,3,1453
527706585,-1.159,0.915,0.000,-0.060,0.038,0.967,3,1453
527707639,-0.122,-0.122,-0.122,0.198,0.108,0.962,3,1453
527708572,-0.305,-0.671,-0.122,0.190,0.028,1.075,3,1453
527709639,-1.402,0.854,0.549,-0.098,-0.005,1.024,3,1453
527710576,-1.707,2.927,0.854,-0.036,-0.008,1.045,3,1453
527711639,-1.829,2.622,0.671,-0.133,0.033,1.136,3,1453
527712585,-1.037,0.915,0.061,-0.049,0.033,0.978,3,1453
527713639,-0.061,-0.244,-0.366,0.209,0.116,0.960,3,1453
527714572,-0.305,-0.488,-0.366,0.173,0.024,1.090,3,1453
527715640,-1.585,1.037,0.305,-0.120,0.001,1.003,3,1453
527716649,-1.402,3.171,0.549,-0.014,-0.021,1.030,3,1453
527717178,-1.890,3.293,0.671,-0.075,0.000,1.040,3,1453
527718701,-1.098,1.037,0.122,-0.020,0.029,0.997,3,1453
527719212,-1.098,1.037,0.122,-0.020,0.029,0.997,3,1453
527720700,-1.037,-0.366,0.061,0.149,0.002,1.091,3,1453
527721210,-1.524,1.037,0.488,-0.129,0.013,1.004,3,1453
527722700,-1.402,3.232,0.976,-0.010,-0.026,0.984,3,1453
527723208,-2.012,3.598,1.220,-0.071,0.000,1.069,3,1453
527724701,-0.305,1.037,0.305,-0.003,0.043,1.009,3,1453
527725215,-0.305,1.037,0.305,-0.003,0.043,1.009,3,1453
527726700,-0.488,-0.549,0.244,0.128,-0.014,1.062,3,1453
527727220,-0.488,-0.549,0.244,0.128,-0.014,1.062,3,1453
527728240,-1.463,3.598,1.098,-0.028,-0.031,0.937,3,1453
527729639,-1.585,3.537,0.854,-0.075,0.000,1.094,3,1453
527730597,-1.402,1.951,0.000,-0.140,0.016,1.070,3,1453
527731639,-0.061,-0.305,0.061,0.250,0.133,1.018,3,1453
527732585,-0.610,-0.427,0.488,0.089,-0.019,1.042,3,1453
527733639,-1.768,1.646,0.671,-0.128,0.021,1.030,3,1453
527734580,-1.646,3.293,0.854,-0.049,-0.015,0.991,3,1453
527735639,-1.951,3.537,0.793,-0.078,0.019,1.076,3,1453
527736582,-1.402,1.707,0.183,-0.137,0.023,1.052,3,1453
527737639,-0.732,0.610,0.183,0.059,0.050,1.021,3,1453
527738580,0.488,-0.366,-0.122,0.256,0.115,1.014,3,1453
527739639,-1.463,1.707,0.854,-0.119,0.020,1.013,3,1453
527740580,-1.341,3.476,1.280,-0.037,-0.008,1.096,3,1453
527741640,-1.707,3.720,0.915,-0.094,0.010,1.048,3,1453
527742576,-1.524,1.890,0.244,-0.125,0.017,1.022,3,1453
527743640,-0.549,0.549,0.000,0.077,0.051,0.987,3,1453
527744573,0.183,-0.488,0.000,0.261,0.111,1.007,3,1453
527745639,-1.829,2.012,0.610,-0.110,0.005,1.001,3,1453
527746572,-1.951,3.720,1.159,-0.028,-0.012,1.173,3,1453
527747639,-1.829,3.476,0.915,-0.096,0.021,1.031,3,1453
527748583,-1.098,1.829,0.122,-0.105,0.012,1.011,3,1453
527749639,0.000,0.549,-0.061,0.114,0.064,0.960,3,1453
527750572,0.244,-0.427,0.122,0.245,0.096,1.019,3,1453
527751639,-1.098,-0.061,0.488,-0.020,-0.010,1.053,3,1453
527752757,-1.890,3.659,1.098,-0.030,-0.013,1.171,3,1453
527753310,-1.890,3.659,1.098,-0.030,-0.013,1.171,3,1463
527754389,-1.280,1.463,0.122,-0.100,0.021,0.971,3,1463
527755638,-0.671,0.061,-0.061,0.142,0.091,0.980,3,1463
527756577,-0.366,-0.793,-0.122,0.233,0.062,1.046,3,1463
527757639,-1.098,0.000,0.305,-0.048,-0.006,1.033,3,1463
527758574,-1.524,2.317,0.732,-0.089,0.009,1.053,3,1463
527759639,-1.951,3.293,0.671,-0.116,0.046,1.075,3,1463
527760578,-1.341,1.220,-0.122,-0.081,0.022,0.946,3,1463
527761639,-0.732,-0.061,0.000,0.174,0.095,0.991,3,1463
527762563,-0.244,-0.854,0.122,0.229,0.039,1.057,3,1463
527763639,-1.220,0.244,0.610,-0.094,-0.004,1.022,3,1463
527764583,-1.037,2.378,0.976,-0.083,0.005,1.058,3,1463
527765639,-1.402,3.049,0.366,-0.113,0.056,1.101,3,1463
527766580,-0.854,1.220,-0.122,-0.051,0.019,0.973,3,1463
527767639,-0.122,-0.122,-0.061,0.174,0.112,0.993,3,1463
527768581,-0.488,-0.549,0.122,0.205,0.021,1.079,3,1463
527769639,-1.646,0.610,0.732,-0.115,0.008,1.004,3,1463
527770572,-1.646,2.866,0.915,-0.049,-0.006,1.000,3,1463
527771639,-1.951,3.659,1.159,-0.073,0.000,1.096,3,1463
527772581,-1.707,2.744,0.610,-0.127,0.041,1.083,3,1463
527773639,0.244,-0.366,-0.183,0.198,0.120,1.017,3,1463
527774584,-0.366,-0.549,0.000,0.163,0.004,1.083,3,1463
527775639,-1.341,0.915,0.610,-0.127,0.009,0.992,3,1463
527776572,-1.585,2.988,0.915,-0.044,0.004,0.954,3,1463
527777639,-2.012,3.780,1.098,-0.080,-0.001,1.098,3,1463
527778649,-1.829,2.256,0.305,-0.132,0.042,1.064,3,1463
527779176,-0.732,0.915,-0.122,0.042,0.019,1.017,3,1463
527780700,-0.488,-0.915,-0.183,0.110,-0.032,1.059,3,1463
527781213,-0.488,-0.915,-0.183,0.110,-0.032,1.059,3,1463
527782699,-1.280,3.232,1.037,-0.045,0.011,1.039,3,1463
527783211,-1.646,3.659,0.915,-0.090,-0.004,1.054,3,1463
527784699,-1.220,2.012,0.122,-0.119,0.042,1.043,3,1463
527785215,-0.305,0.610,0.000,0.083,0.021,1.016,3,1463
527786699,-0.732,-0.671,0.061,0.043,-0.034,1.065,3,1463
527787215,-0.732,-0.671,0.061,0.043,-0.034,1.065,3,1463
527788699,-1.341,3.293,1.341,-0.031,0.012,1.144,3,1463
527789211,-1.707,3.537,0.915,-0.092,0.005,1.019,3,1463
527790699,-1.402,2.134,0.244,-0.114,0.022,0.991,3,1463
527791212,-0.671,0.732,0.061,0.112,0.045,0.999,3,1463
527792699,-1.341,-0.305,0.305,-0.014,-0.034,1.097,3,1463
527793211,-1.341,-0.305,0.305,-0.014,-0.034,1.097,3,1463
527794699,-1.524,3.415,1.341,-0.028,0.004,1.194,3,1463
527795211,-1.524,3.415,1.341,-0.028,0.004,1.194,3,1463
527796699,-1.098,1.829,0.061,-0.117,0.032,0.952,3,1463
527797215,-0.183,0.427,-0.183,0.156,0.074,0.955,3,1463
527798699,0.061,-0.976,-0.244,0.247,0.061,1.011,3,1463
527799211,-1.220,-0.305,0.305,-0.080,-0.032,1.090,3,1463
527800699,-1.463,3.415,1.402,-0.037,0.001,1.138,3,1463
527801244,-1.463,3.415,1.402,-0.037,0.001,1.138,3,1463
527802500,-1.037,1.341,0.000,-0.098,0.024,0.959,3,1463
527803639,-0.244,0.305,0.000,0.197,0.095,0.926,3,1473
527804610,-0.183,-0.793,-0.061,0.228,0.048,1.082,3,1473
527805638,-1.341,0.122,0.244,-0.123,-0.021,1.049,3,1473
527806580,-1.646,2.683,0.610,-0.069,0.002,1.056,3,1473
527807639,-1.890,2.988,0.488,-0.106,0.041,1.132,3,1473
527808584,-1.280,1.280,0.061,-0.059,0.021,0.967,3,1473
527809639,-0.427,-0.244,-0.061,0.211,0.104,0.957,3,1473
527810576,-0.427,-0.732,-0.122,0.183,0.001,1.085,3,1473
527811640,-1.524,0.488,0.488,-0.148,0.003,1.033,3,1473
527812641,-1.402,3.049,1.098,-0.053,-0.005,0.979,3,1473
527813167,-1.707,3.780,1.037,-0.042,0.017,1.085,3,1473
527814701,-0.915,1.159,-0.061,-0.004,0.026,1.006,3,1473
527815215,-0.915,1.159,-0.061,-0.004,0.026,1.006,3,1473
527816700,-0.671,-0.915,-0.061,0.136,-0.028,1.054,3,1473
527817215,-1.463,0.671,0.366,-0.163,0.024,1.041,3,1473
527818700,-1.341,2.805,0.732,-0.058,-0.004,0.981,3,1473
527819211,-1.341,3.780,0.732,-0.041,0.020,1.087,3,1473
527820700,-1.402,0.976,-0.183,0.042,0.032,1.022,3,1473
527821202,-1.402,0.976,-0.183,0.042,0.032,1.022,3,1473
527822700,-0.793,-0.671,0.183,0.051,-0.036,1.076,3,1473
527823208,-1.524,1.463,0.305,-0.145,0.024,1.019,3,1473
527824700,-1.524,3.171,0.854,-0.041,0.008,1.151,3,1473
527825216,-1.768,3.415,0.732,-0.054,0.016,1.037,3,1473
527826700,-0.549,0.610,-0.244,0.092,0.051,0.981,3,1473
527827211,-0.549,0.610,-0.244,0.092,0.051,0.981,3,1473
527828695,-0.854,-0.305,0.061,-0.019,-0.027,1.080,3,1473
527829200,-0.854,-0.305,0.061,-0.019,-0.027,1.080,3,1473
527830700,-1.341,3.720,1.463,-0.044,0.005,1.187,3,1473
527831211,-1.829,3.476,1.098,-0.079,0.031,1.056,3,1473
527832700,-1.159,1.524,0.000,-0.096,0.028,0.973,3,1473
527833215,-0.793,0.549,-0.183,0.148,0.069,0.937,3,1473
527834700,-1.159,-0.305,0.305,-0.081,-0.015,1.052,3,1473
527835202,-1.159,-0.305,0.305,-0.081,-0.015,1.052,3,1473
527836700,-1.524,3.659,1.098,-0.041,0.009,1.077,3,1473
527837216,-1.585,3.049,0.671,-0.077,0.041,1.112,3,1473
527838700,-1.220,1.402,0.183,-0.059,0.018,0.964,3,1473
527839207,-0.427,0.122,0.000,0.181,0.097,0.924,3,1473
527840700,-1.280,0.122,0.244,-0.126,0.004,1.061,3,1473
527841211,-1.280,0.122,0.244,-0.126,0.004,1.061,3,1473
527842700,-1.524,3.537,1.402,-0.047,0.021,1.087,3,1473
527843202,-1.524,3.537,1.402,-0.047,0.021,1.087,3,1473
527844700,-0.976,1.341,0.183,-0.012,0.003,0.988,3,1473
527845202,-0.122,0.000,-0.122,0.203,0.116,0.960,3,1473
527846700,-0.610,-0.793,0.000,0.170,-0.008,1.074,3,1473
527847211,-1.159,0.549,0.671,-0.140,0.021,1.064,3,1473
527848700,-1.280,4.024,1.159,-0.042,0.013,1.090,3,1473
527849215,-1.280,4.024,1.159,-0.042,0.013,1.090,3,1473
527850700,-0.793,1.098,-0.183,0.037,0.008,1.002,3,1473
527851241,0.000,-0.366,-0.366,0.252,0.110,0.939,3,1473
527852481,-0.854,-0.793,0.122,0.094,-0.021,1.114,3,1473
527853638,-1.829,1.037,0.671,-0.162,0.024,1.056,3,1483
527854621,-1.646,3.780,1.037,-0.066,0.018,1.011,3,1483
527855638,-1.220,2.439,0.183,-0.072,0.034,0.997,3,1483
527856583,-0.427,0.671,-0.244,0.088,0.023,0.979,3,1483
527857639,0.061,-0.610,-0.366,0.252,0.086,0.943,3,1483
527858558,-1.159,-0.549,-0.061,-0.001,-0.023,1.089,3,1483
527859639,-1.585,1.829,0.671,-0.138,0.008,1.092,3,1483
527860709,-1.829,3.659,1.098,-0.088,0.039,1.041,3,1483
527861230,-1.829,3.659,1.098,-0.088,0.039,1.041,3,1483
527862693,-0.427,0.671,-0.305,0.149,0.054,0.937,3,1483
527863204,-0.427,0.671,-0.305,0.149,0.054,0.937,3,1483
527864696,-0.976,-0.488,0.000,-0.083,-0.022,1.034,3,1483
527865207,-1.280,1.951,0.305,-0.113,0.017,1.108,3,1483
527866696,-1.341,3.720,1.220,-0.062,0.024,1.104,3,1483
527867211,-1.524,3.537,1.037,-0.082,0.051,1.097,3,1483
527868699,-0.061,0.122,-0.061,0.199,0.086,0.981,3,1483
527869216,-0.061,0.122,-0.061,0.199,0.086,0.981,3,1483
527870692,-1.280,-0.183,0.305,-0.148,0.003,1.039,3,1483
527871200,-1.524,2.073,0.854,-0.086,0.012,0.986,3,1483
527872697,-1.585,3.902,1.098,-0.064,0.025,1.136,3,1483
527873207,-1.463,3.354,0.610,-0.104,0.052,1.083,3,1483
527874697,-0.061,-0.244,-0.244,0.230,0.100,1.013,3,1483
527875211,-0.061,-0.244,-0.244,0.230,0.100,1.013,3,1483
527876697,-1.524,0.427,0.671,-0.179,0.020,1.014,3,1483
527877207,-1.524,0.427,0.671,-0.179,0.020,1.014,3,1483
527878697,-1.646,3.780,0.976,-0.054,0.021,1.069,3,1483
527879211,-1.585,2.744,0.305,-0.097,0.048,1.057,3,1483
527880697,-0.793,1.280,-0.122,0.071,0.004,1.018,3,1483
527881207,-0.061,-0.122,-0.244,0.273,0.097,0.949,3,1483
527882697,-1.951,1.280,0.671,-0.188,0.016,1.042,3,1483
527883206,-1.951,1.280,0.671,-0.188,0.016,1.042,3,1483
527884697,-1.890,3.293,1.098,-0.047,0.023,1.025,3,1483
527885207,-1.098,1.951,0.366,-0.111,0.038,0.951,3,1483
527886697,-0.244,0.793,-0.122,0.138,0.032,0.963,3,1483
527887211,-0.183,-0.305,-0.305,0.278,0.083,0.981,3,1483
527888694,-1.951,1.951,0.732,-0.158,0.016,1.072,3,1483
527889205,-1.951,1.951,0.732,-0.158,0.016,1.072,3,1483
527890695,-1.585,3.232,0.915,-0.052,0.043,1.085,3,1483
527891204,-0.915,1.829,0.061,-0.095,0.041,0.952,3,1483
527892699,-0.305,0.488,0.061,0.195,0.059,0.919,3,1483
527893213,-0.183,-0.549,-0.061,0.253,0.033,1.064,3,1483
527894694,-1.463,2.134,0.732,-0.117,0.008,1.014,3,1483
527895208,-1.463,2.134,0.732,-0.117,0.008,1.014,3,1483
527896699,-1.280,3.049,0.732,-0.096,0.047,1.125,3,1483
527897212,-1.280,3.049,0.732,-0.096,0.047,1.125,3,1483
527898695,0.183,-0.305,-0.427,0.233,0.095,0.989,3,1483
527899206,-0.427,-0.732,-0.183,0.195,-0.026,1.052,3,1483
527900727,-1.524,0.427,0.671,-0.193,0.012,1.038,3,1483
527901239,-1.402,2.439,1.280,-0.105,0.014,0.980,3,1483
527902483,-1.463,3.476,1.098,-0.022,0.044,1.104,3,1483
527903638,-1.037,1.280,0.122,0.026,0.021,1.029,3,1492
527904623,0.183,0.061,0.122,0.273,0.098,0.948,3,1492
527905638,-0.610,-0.610,0.061,0.085,-0.041,1.074,3,1492
527906585,-1.707,0.915,0.305,-0.193,0.022,1.026,3,1492
527907638,-1.524,2.927,1.037,-0.071,0.026,1.164,3,1492
527908576,-1.463,3.354,1.220,-0.036,0.036,1.042,3,1492
527909638,-0.305,0.976,0.000,0.113,0.034,0.970,3,1492
527910580,-0.061,-0.183,-0.244,0.285,0.074,0.983,3,1492
527911638,-1.402,-0.244,0.244,-0.031,-0.048,1.078,3,1492
527912574,-1.768,1.646,0.488,-0.176,0.013,1.064,3,1492
527913638,-1.402,3.232,1.098,-0.070,0.038,1.152,3,1492
527914576,-1.768,3.232,0.854,-0.036,0.055,1.097,3,1492
527915638,-0.427,0.549,0.305,0.176,0.056,0.905,3,1492
527916574,0.183,-0.305,-0.061,0.261,0.020,1.047,3,1492
527917638,-1.524,-0.122,0.183,-0.118,-0.017,1.074,3,1492
527918572,-1.768,1.890,0.854,-0.134,0.018,1.055,3,1492
527919638,-1.768,3.171,1.402,-0.048,0.050,1.079,3,1492
527920582,-1.341,3.171,0.915,-0.062,0.039,1.119,3,1492
527921638,-0.793,1.768,0.122,-0.046,0.006,0.969,3,1492
527922659,-0.915,-0.549,-0.244,0.183,-0.015,1.043,3,1492
527923187,-0.915,-0.549,-0.244,0.183,-0.015,1.043,3,1492
527924700,-1.707,2.134,0.976,-0.129,0.009,0.999,3,1492
527925203,-1.402,3.476,1.098,-0.036,0.045,1.102,3,1492
527926700,-1.585,2.378,0.366,-0.063,0.033,1.065,3,1492
527927209,-1.159,1.159,0.000,0.029,0.028,1.030,3,1492
527928700,-0.671,-0.549,0.000,0.073,-0.038,1.079,3,1492
527929207,-0.671,-0.549,0.000,0.073,-0.038,1.079,3,1492
527930700,-1.646,3.049,0.976,-0.097,0.034,1.197,3,1492
527931203,-1.646,3.049,0.976,-0.097,0.034,1.197,3,1492
527932700,-0.915,2.317,0.488,-0.075,0.024,0.982,3,1492
527933203,-0.366,0.671,-0.183,0.115,0.037,0.954,3,1492
527934697,-0.427,-0.549,-0.427,0.266,0.061,1.018,3,1492
527935205,-1.341,-0.244,0.305,-0.038,-0.028,1.033,3,1492
527936700,-1.890,3.171,1.341,-0.087,0.029,1.105,3,1492
527937219,-1.890,3.171,1.341,-0.087,0.029,1.105,3,1492
527938700,-1.646,1.646,-0.061,-0.047,0.007,0.953,3,1492
527939203,-0.671,0.244,-0.122,0.161,0.070,0.974,3,1492
527940697,-0.366,-0.305,-0.305,0.242,-0.005,1.005,3,1492
527941210,-1.524,0.122,0.061,-0.133,0.000,1.056,3,1492
527942701,-1.890,3.476,1.220,-0.063,0.048,1.140,3,1492
527943210,-1.890,3.476,1.220,-0.063,0.048,1.140,3,1492
527944700,-0.854,1.402,0.244,0.004,0.000,1.002,3,1492
527945210,-0.854,1.402,0.244,0.004,0.000,1.002,3,1492
527946700,-0.915,-0.976,0.122,0.153,-0.021,1.084,3,1492
527947207,-1.463,0.488,0.488,-0.171,0.018,1.054,3,1492
527948700,-1.646,2.561,1.220,-0.123,0.031,1.103,3,1492
527949203,-1.951,3.659,1.220,-0.052,0.023,1.020,3,1492
527950700,-0.732,0.793,0.183,0.087,0.007,0.992,3,1492
527951241,-0.732,0.793,0.183,0.087,0.007,0.992,3,1492
527952468,-1.098,-0.427,0.000,0.027,-0.056,1.082,3,1492
527953639,-2.012,1.280,0.732,-0.185,0.022,1.114,3,1502
527954628,-1.707,3.049,1.341,-0.098,0.042,1.182,3,1502
527955143,-1.585,3.476,1.037,-0.054,0.047,1.050,3,1502
527956700,-0.488,0.549,-0.122,0.154,0.023,0.916,3,1502
527957210,-0.488,0.549,-0.122,0.154,0.023,0.916,3,1502
527958694,-1.037,-0.244,0.427,-0.111,-0.023,1.062,3,1502
527959201,-1.463,1.951,1.037,-0.128,0.011,1.060,3,1502
527960699,-1.646,3.232,1.402,-0.071,0.063,1.120,3,1502
527961212,-1.524,2.866,1.159,-0.066,0.048,1.107,3,1502
527962699,-0.122,0.305,-0.183,0.214,0.072,1.002,3,1502
527963212,-0.122,0.305,-0.183,0.214,0.072,1.002,3,1502
527964699,-1.585,0.549,0.366,-0.185,0.003,1.024,3,1502
527965216,-1.585,0.549,0.366,-0.185,0.003,1.024,3,1502
527966699,-1.707,3.659,0.854,-0.048,0.055,1.099,3,1502
527967212,-1.402,2.622,0.488,-0.068,0.064,1.068,3,1502
527968699,-0.488,1.524,0.061,0.056,0.004,1.023,3,1502
527969221,0.305,-0.061,-0.244,0.262,0.072,0.912,3,1502
527970699,-1.768,0.854,0.122,-0.199,0.009,1.055,3,1502
527971212,-1.768,0.854,0.122,-0.199,0.009,1.055,3,1502
527972699,-1.463,3.293,1.280,-0.040,0.044,1.028,3,1502
527973212,-0.854,2.195,0.305,-0.089,0.052,0.949,3,1502
527974699,-0.427,0.915,-0.183,0.154,0.024,0.915,3,1502
527975212,-0.427,-0.183,-0.305,0.280,0.052,1.008,3,1502
527976694,-1.707,1.768,0.793,-0.151,0.011,1.100,3,1502
527977200,-1.707,1.768,0.793,-0.151,0.011,1.100,3,1502
527978699,-1.768,3.110,0.976,-0.042,0.063,1.127,3,1502
527979216,-1.768,3.110,0.976,-0.042,0.063,1.127,3,1502
527980699,0.122,0.427,-0.366,0.200,0.070,0.980,3,1502
527981212,-0.366,-0.488,-0.610,0.224,-0.021,1.003,3,1502
527982694,-1.707,0.244,0.122,-0.189,0.004,1.045,3,1502
527983201,-1.768,2.134,0.793,-0.141,0.009,1.001,3,1502
527984699,-1.280,2.683,0.366,-0.047,0.058,1.092,3,1502
527985221,-1.280,2.683,0.366,-0.047,0.058,1.092,3,1502
527986699,0.244,0.122,0.061,0.285,0.068,0.903,3,1502
527987212,-0.549,-0.610,0.122,0.085,-0.046,1.076,3,1502
527988694,-1.707,0.976,0.366,-0.194,0.017,1.038,3,1502
527989203,-1.220,2.683,0.976,-0.126,0.045,1.204,3,1502
527990699,-0.915,2.012,0.549,-0.081,0.050,0.968,3,1502
527991212,-0.915,2.012,0.549,-0.081,0.050,0.968,3,1502
527992699,-0.610,-0.244,-0.305,0.299,0.042,1.012,3,1502
527993212,-1.646,-0.488,0.183,-0.078,-0.043,1.067,3,1502
527994699,-1.829,1.585,0.366,-0.179,0.012,1.099,3,1502
527995212,-1.829,3.110,1.037,-0.081,0.053,1.094,3,1502
527996699,-0.671,1.951,0.427,-0.057,0.019,0.950,3,1502
527997216,-0.671,1.951,0.427,-0.057,0.019,0.950,3,1502
527998699,-0.305,-0.305,-0.305,0.229,-0.026,1.019,3,1502
527999212,-0.305,-0.305,-0.305,0.229,-0.026,1.019,3,1502
528000699,-1.463,1.951,0.793,-0.165,0.006,0.996,3,1502
528001247,-1.402,3.537,1.220,-0.053,0.067,1.135,3,1502
528002472,-1.159,2.805,0.549,-0.041,0.051,1.099,3,1502
528003638,-0.854,1.402,-0.122,0.252,0.071,0.897,3,1512
528004615,-0.915,-0.610,0.061,0.106,-0.051,1.055,3,1512
528005638,-1.707,0.854,0.366,-0.197,0.015,1.040,3,1512
528006582,-1.707,2.805,1.098,-0.141,0.041,1.199,3,1512
528007638,-1.402,3.537,1.463,-0.037,0.062,1.041,3,1512
528008580,-0.610,2.317,0.793,-0.062,0.046,0.980,3,1512
528009638,-0.122,1.037,-0.061,0.122,0.023,0.924,3,1512
528010665,-1.159,0.000,0.427,-0.048,-0.052,1.056,3,1512
528011187,-1.159,0.000,0.427,-0.048,-0.052,1.056,3,1512
528012701,-1.829,2.866,1.220,-0.099,0.052,1.092,3,1512
528013215,-1.829,2.866,1.220,-0.099,0.052,1.092,3,1512
528014700,-1.037,1.890,0.610,-0.050,0.012,0.951,3,1512
528015209,0.122,0.549,0.183,0.187,0.047,0.959,3,1512
528016697,0.000,-0.183,0.000,0.227,-0.013,0.983,3,1512
528017204,-1.463,0.244,0.061,-0.146,-0.007,1.077,3,1512
528018701,-1.707,3.476,1.402,-0.079,0.077,1.143,3,1512
528019210,-1.707,3.476,1.402,-0.079,0.077,1.143,3,1512
528020700,-0.854,1.768,0.000,0.045,0.000,1.018,3,1512
528021203,-0.305,0.366,-0.366,0.247,0.062,0.881,3,1512
528022697,-0.671,-0.366,-0.244,0.117,-0.040,1.077,3,1512
528023207,-1.585,0.915,0.000,-0.182,0.006,1.061,3,1512
528024700,-1.585,3.476,1.524,-0.054,0.081,1.022,3,1512
528025203,-1.585,3.476,1.524,-0.054,0.081,1.022,3,1512
528026700,-0.183,0.976,0.122,0.121,0.027,0.934,3,1512
528027219,0.061,-0.122,-0.366,0.283,0.028,1.006,3,1512
528028700,-0.732,-0.122,0.122,-0.035,-0.046,0.997,3,1512
528029209,-1.829,1.829,0.671,-0.179,0.020,1.117,3,1512
528030700,-1.646,3.598,1.098,-0.039,0.073,1.115,3,1512
528031210,-1.646,3.598,1.098,-0.039,0.073,1.115,3,1512
528032700,-0.366,0.183,-0.488,0.196,0.054,0.997,3,1512
528033219,-0.366,0.183,-0.488,0.196,0.054,0.997,3,1512
528034695,-1.220,0.061,0.305,-0.158,-0.012,1.060,3,1512
528035206,-1.524,1.707,0.976,-0.167,0.030,1.028,3,1512
528036700,-1.646,3.110,1.341,-0.073,0.064,1.116,3,1512
528037207,-1.220,2.805,0.732,-0.024,0.072,1.041,3,1512
528038700,-0.183,0.061,-0.244,0.247,0.051,0.873,3,1512
528039219,-0.183,0.061,-0.244,0.247,0.051,0.873,3,1512
528040695,-1.829,0.915,0.488,-0.200,0.017,1.080,3,1512
528041206,-1.829,2.683,1.402,-0.145,0.053,1.221,3,1512
528042700,-1.707,3.415,1.098,-0.058,0.062,1.028,3,1512
528043209,-0.854,2.439,0.488,-0.034,0.067,0.976,3,1512
528044711,-0.183,0.183,-0.244,0.275,0.030,0.962,3,1512
528045231,-0.183,0.183,-0.244,0.275,0.030,0.962,3,1512
528046696,-1.768,2.134,0.549,-0.156,0.004,1.069,3,1512
528047203,-1.768,2.134,0.549,-0.156,0.004,1.069,3,1512
528048700,-1.402,3.049,0.915,-0.062,0.076,1.112,3,1512
528049203,-0.427,1.768,0.366,-0.006,0.026,0.976,3,1512
528050700,-0.122,0.549,-0.244,0.234,0.056,0.975,3,1512
528051237,-0.732,-0.427,-0.122,0.201,-0.048,1.041,3,1512
528052478,-1.768,0.732,0.610,-0.200,0.002,1.019,3,1512
528053638,-1.463,3.354,1.220,-0.057,0.077,1.070,3,1522
528054622,-1.220,2.500,0.915,-0.066,0.070,1.012,3,1522
528055638,-0.183,1.280,0.122,0.104,-0.003,0.994,3,1522
528056577,0.122,0.244,-0.366,0.276,0.054,0.939,3,1522
528057640,-0.854,-0.122,0.061,0.003,-0.059,1.055,3,1522
528058571,-1.829,1.220,0.488,-0.189,0.005,1.108,3,1522
528059640,-1.463,3.293,0.976,-0.025,0.062,1.091,3,1522
528060584,-0.610,2.134,0.183,-0.050,0.059,0.945,3,1522
528061640,0.122,0.732,0.061,0.191,0.037,0.941,3,1522
528062567,-0.183,0.061,0.183,0.264,-0.014,0.979,3,1522
528063640,-1.585,0.305,0.549,-0.156,-0.036,1.045,3,1522
528064566,-1.890,1.890,0.671,-0.155,0.006,1.005,3,1522
528065640,-1.037,3.049,0.854,-0.043,0.077,1.112,3,1522
528066571,-0.305,1.524,0.122,0.031,0.015,1.015,3,1522
528067640,0.000,0.000,-0.061,0.266,0.059,0.928,3,1522
528068558,-0.854,-0.488,0.122,0.144,-0.061,1.057,3,1522
528069640,-1.707,0.854,0.427,-0.228,-0.001,1.044,3,1522
528070632,-2.012,2.683,1.037,-0.126,0.054,1.171,3,1522
528071154,-2.012,3.171,1.037,-0.030,0.071,1.042,3,1522
528072700,-0.305,1.037,-0.061,0.145,0.017,0.931,3,1522
528073213,-0.305,1.037,-0.061,0.145,0.017,0.931,3,1522
528074699,-1.341,0.061,0.305,-0.060,-0.062,1.063,3,1522
528075212,-2.134,1.890,0.732,-0.190,0.008,1.091,3,1522
528076699,-1.768,3.354,1.037,-0.107,0.083,1.113,3,1522
528077212,-1.646,3.415,0.793,-0.013,0.073,1.134,3,1522
528078699,0.122,0.427,-0.244,0.216,0.057,0.975,3,1522
528079212,0.122,0.427,-0.244,0.216,0.057,0.975,3,1522
528080694,-1.768,0.366,0.000,-0.203,0.005,1.054,3,1522
528081200,-1.768,0.366,0.000,-0.203,0.005,1.054,3,1522
528082699,-1.524,3.415,1.159,-0.045,0.088,1.089,3,1522
528083217,-1.037,2.622,0.549,-0.015,0.065,1.056,3,1522
528084699,-0.549,1.402,0.122,0.062,0.008,1.019,3,1522
528085212,0.305,0.244,0.122,0.258,0.061,0.904,3,1522
528086699,-2.317,1.098,0.061,-0.226,0.022,1.076,3,1522
528087216,-2.317,1.098,0.061,-0.226,0.022,1.076,3,1522
528088699,-1.220,3.415,1.037,0.002,0.073,1.080,3,1522
528089216,-0.732,2.073,0.244,-0.026,0.051,0.973,3,1522
528090699,-0.305,0.854,-0.244,0.174,0.033,0.913,3,1522
528091212,0.122,0.183,-0.122,0.256,-0.003,0.973,3,1522
528092694,-1.768,1.463,0.793,-0.188,-0.001,1.012,3,1522
528093200,-1.768,1.463,0.793,-0.188,-0.001,1.012,3,1522
528094712,-1.280,2.805,0.793,0.005,0.065,1.107,3,1522
528095237,-0.671,1.341,0.061,0.030,0.027,1.018,3,1522
528096700,-0.488,0.122,-0.183,0.253,0.055,0.900,3,1522
528097213,-0.549,-0.427,0.000,0.154,-0.070,1.047,3,1522
528098699,-1.951,2.683,1.098,-0.174,0.042,1.208,3,1522
528099212,-1.951,2.683,1.098,-0.174,0.042,1.208,3,1522
528100729,-0.793,2.439,0.793,-0.030,0.054,0.989,3,1522
528101240,-0.793,2.439,0.793,-0.030,0.054,0.989,3,1522
528102500,-0.488,-0.122,-0.122,0.272,0.029,1.000,3,1522
528103638,-1.524,-0.366,0.061,-0.027,-0.055,1.041,3,1532
528104619,-2.195,1.463,0.610,-0.201,0.011,1.124,3,1532
528105638,-1.768,2.805,1.098,-0.122,0.071,1.106,3,1532
528106579,-0.671,1.707,0.549,0.008,0.020,0.946,3,1532
528107638,-0.061,0.183,0.122,0.206,0.047,0.937,3,1532
528108568,-0.366,-0.549,0.000,0.211,-0.035,0.998,3,1532
528109638,-1.341,0.427,0.427,-0.160,-0.001,1.085,3,1532
528110576,-1.768,2.073,0.976,-0.210,0.026,1.092,3,1532
528111638,-1.768,3.415,1.280,-0.078,0.091,1.076,3,1532
528112585,-1.341,2.988,0.549,-0.009,0.083,1.018,3,1532
528113638,0.000,-0.366,-0.427,0.245,0.041,0.900,3,1532
528114574,-1.159,-0.244,-0.427,0.066,-0.063,1.041,3,1532
528115638,-1.951,0.976,0.122,-0.207,0.015,1.140,3,1532
528116576,-1.768,2.561,1.098,-0.169,0.067,1.172,3,1532
528117638,-1.463,3.232,1.341,-0.040,0.086,1.100,3,1532
528118580,-0.976,2.317,0.671,0.013,0.053,0.953,3,1532
528119638,0.000,-0.305,-0.366,0.240,-0.041,0.922,3,1532
528120568,-1.159,-0.122,0.122,-0.162,-0.021,1.054,3,1532
528121638,-1.951,1.829,0.793,-0.189,0.019,1.012,3,1532
528122576,-1.829,3.537,1.524,-0.104,0.092,1.176,3,1532
528123638,-1.463,3.049,0.854,-0.023,0.086,1.060,3,1532
528124585,-0.671,1.585,0.000,0.082,0.010,1.032,3,1532
528125638,-0.122,0.305,-0.610,0.259,0.031,0.874,3,1532
528126573,-0.915,-0.427,-0.549,0.113,-0.073,1.102,3,1532
528127638,-2.378,2.378,0.976,-0.158,0.070,1.220,3,1532
528128587,-2.012,3.293,1.341,-0.045,0.074,1.045,3,1532
528129638,-1.159,2.439,0.427,-0.020,0.094,0.976,3,1532
528130591,-0.122,0.732,-0.183,0.189,0.004,0.909,3,1532
528131638,0.305,-0.122,-0.244,0.286,-0.004,0.927,3,1532
528132560,-0.915,-0.183,0.305,-0.125,-0.061,1.068,3,1532
528133638,-1.829,3.049,1.341,-0.125,0.108,1.187,3,1532
528134576,-1.646,3.049,1.098,-0.043,0.080,1.120,3,1532
528135638,-0.488,1.890,0.305,0.053,0.031,0.994,3,1532
528136576,-0.122,0.427,-0.061,0.271,0.035,0.918,3,1532
528137638,-0.610,-0.366,-0.427,0.174,-0.080,1.076,3,1532
528138578,-1.768,0.854,0.183,-0.251,-0.007,1.009,3,1532
528139638,-2.073,2.439,1.220,-0.149,0.058,1.181,3,1532
528140576,-0.915,2.256,0.793,-0.052,0.099,0.993,3,1532
528141638,0.122,1.402,-0.122,0.172,0.000,0.925,3,1532
528142574,-0.122,0.244,-0.366,0.310,0.009,0.954,3,1532
528143638,-1.280,0.061,0.061,-0.080,-0.078,1.030,3,1532
528144572,-1.707,1.707,0.488,-0.207,-0.011,1.077,3,1532
528145638,-1.524,3.049,1.159,-0.141,0.123,1.151,3,1532
528146576,-1.402,2.988,0.976,-0.040,0.073,1.150,3,1532
528147638,0.244,0.793,0.061,0.265,0.046,0.966,3,1532
528148572,-0.427,-0.305,-0.122,0.211,-0.077,1.016,3,1532
528149638,-1.707,0.732,0.305,-0.222,-0.014,1.030,3,1532
528150576,-2.073,2.195,1.037,-0.180,0.050,1.146,3,1532
528151638,-1.646,3.110,1.524,-0.054,0.078,1.067,3,1532
528152739,-1.220,2.317,0.793,-0.066,0.094,0.992,3,1532
528153288,-0.183,0.976,0.122,0.132,0.001,0.945,3,1541
528154416,-0.244,0.061,-0.610,0.318,0.025,0.961,3,1541
528155639,-2.073,1.585,0.427,-0.221,-0.004,1.101,3,1541
528156595,-1.646,2.805,1.280,-0.139,0.094,1.117,3,1541
528157639,-1.341,2.988,1.159,-0.030,0.077,1.156,3,1541
528158573,-0.549,1.768,0.366,-0.021,0.051,0.942,3,1541
528159639,0.122,0.671,0.061,0.231,0.042,0.978,3,1541
528160562,-0.732,-0.122,-0.122,0.233,-0.061,0.962,3,1541
528161639,-2.012,1.890,1.098,-0.190,0.027,1.105,3,1541
528162573,-1.585,3.049,1.341,-0.062,0.096,1.087,3,1541
528163639,-1.037,2.317,0.671,-0.043,0.079,1.027,3,1541
528164567,-0.122,1.098,0.061,0.098,0.017,0.995,3,1541
528165639,0.061,0.122,-0.305,0.303,0.031,0.929,3,1541
528166563,-1.341,-0.122,-0.183,0.045,-0.093,1.017,3,1541
528167639,-2.134,2.744,1.037,-0.160,0.088,1.141,3,1541
528168572,-1.707,3.171,0.854,-0.003,0.092,1.148,3,1541
528169639,-0.915,2.012,0.427,-0.036,0.058,0.953,3,1541
528170559,-0.061,0.610,0.000,0.208,0.029,0.963,3,1541
528171639,-0.427,-0.122,-0.305,0.256,-0.042,0.943,3,1541
528172561,-1.890,0.549,0.122,-0.152,-0.038,1.056,3,1541
528173639,-2.378,2.012,0.976,-0.220,0.016,1.071,3,1541
528174571,-1.098,2.622,1.098,-0.016,0.097,1.056,3,1541
528175639,-0.061,1.585,0.305,0.080,0.021,1.023,3,1541
528176567,0.244,0.305,-0.061,0.267,0.027,0.912,3,1541
528177639,-0.671,0.000,-0.183,0.085,-0.086,1.023,3,1541
528178559,-1.768,1.280,0.122,-0.229,0.000,1.082,3,1541
528179639,-2.073,2.744,1.098,-0.167,0.061,1.159,3,1541
528180567,-1.890,3.476,1.098,-0.009,0.101,1.127,3,1541
528181639,-0.061,0.915,0.122,0.196,0.026,0.931,3,1541
528182563,-0.183,0.183,-0.244,0.251,-0.042,0.938,3,1541
528183639,-1.524,0.427,0.244,-0.126,-0.040,1.059,3,1541
528184567,-2.012,2.073,0.671,-0.221,0.002,1.054,3,1541
528185639,-1.707,3.232,1.341,-0.103,0.110,1.134,3,1541
528186562,-1.341,2.805,0.915,-0.009,0.095,1.089,3,1541
528187639,0.061,0.061,-0.061,0.251,0.037,0.891,3,1541
528188559,-0.610,-0.366,-0.122,0.104,-0.088,1.033,3,1541
528189639,-1.768,0.976,0.244,-0.221,-0.005,1.083,3,1541
528190559,-1.890,2.561,0.915,-0.186,0.067,1.187,3,1541
528191639,-1.524,3.232,1.220,-0.023,0.100,1.114,3,1541
528192583,-1.037,2.378,0.671,0.001,0.060,0.999,3,1541
528193639,-0.244,0.793,0.122,0.189,0.027,0.929,3,1541
528194616,-1.098,0.366,0.000,-0.100,-0.038,1.069,3,1541
528195639,-1.890,1.585,0.427,-0.229,-0.002,1.070,3,1541
528196579,-2.134,3.049,1.280,-0.118,0.109,1.155,3,1541
528197639,-1.768,2.805,1.159,0.004,0.102,1.070,3,1541
528198596,-0.549,1.463,0.366,0.090,0.018,1.012,3,1541
528199639,0.061,0.305,-0.183,0.255,0.028,0.857,3,1541
528200575,-0.610,0.122,-0.305,0.108,-0.077,1.059,3,1541
528201639,-1.829,2.805,0.793,-0.197,0.066,1.202,3,1541
528202755,-1.707,3.354,1.098,-0.054,0.104,1.077,3,1541
528203302,-0.976,2.195,0.793,0.012,0.083,0.995,3,1551
528204372,-0.122,0.854,0.061,0.185,0.033,0.959,3,1551
528205639,-0.244,0.000,-0.610,0.271,-0.043,0.916,3,1551
528206560,-1.341,0.061,-0.122,-0.129,-0.055,1.032,3,1551
528207639,-2.073,2.256,0.488,-0.205,0.018,1.037,3,1551
528208579,-1.402,2.866,1.098,-0.023,0.099,1.091,3,1551
528209639,-0.549,1.646,0.305,0.084,0.018,1.032,3,1551
528210569,-0.122,0.305,0.000,0.280,0.047,0.853,3,1551
528211640,-0.915,-0.305,0.000,0.108,-0.091,1.079,3,1551
528212554,-2.195,1.159,0.122,-0.242,-0.025,1.051,3,1551
528213640,-2.195,2.744,1.159,-0.170,0.081,1.212,3,1551
528214572,-1.890,3.232,1.341,-0.042,0.091,1.074,3,1551
528215639,-0.061,0.976,0.061,0.206,0.021,0.939,3,1551
528216574,-0.061,-0.183,-0.305,0.292,-0.022,0.898,3,1551
528217639,-1.341,-0.061,-0.183,-0.147,-0.074,1.067,3,1551
528218695,-2.012,1.768,0.366,-0.217,0.003,1.043,3,1551
528219198,-2.073,3.232,1.341,-0.100,0.106,1.177,3,1551
528220700,-1.707,2.622,1.220,-0.029,0.103,1.095,3,1551
528221220,-0.549,1.159,0.305,0.074,0.024,1.027,3,1551
528222697,-0.549,-0.244,-0.183,0.121,-0.105,1.064,3,1551
528223208,-0.549,-0.244,-0.183,0.121,-0.105,1.064,3,1551
528224700,-2.195,2.744,0.915,-0.159,0.075,1.204,3,1551
528225208,-2.012,3.232,1.280,-0.036,0.093,1.082,3,1551
528226697,-1.280,2.073,0.732,-0.024,0.094,0.974,3,1551
528227208,-0.488,0.671,0.061,0.208,0.015,0.949,3,1551
528228700,-1.280,-0.244,0.183,-0.158,-0.067,1.055,3,1551
528229220,-1.280,-0.244,0.183,-0.158,-0.067,1.055,3,1551
528230697,-1.524,3.232,1.280,-0.092,0.112,1.165,3,1551
528231208,-1.280,2.622,1.159,-0.029,0.110,1.099,3,1551
528232700,-0.305,1.341,0.305,0.079,0.019,1.026,3,1551
528233208,0.183,0.366,-0.061,0.292,0.041,0.875,3,1551
528234697,-0.915,0.061,-0.183,-0.263,-0.008,1.055,3,1551
528235206,-2.134,1.220,-0.061,-0.263,-0.008,1.055,3,1551
528236700,-1.951,3.415,1.098,-0.017,0.085,1.104,3,1551
528237204,-1.951,3.415,1.098,-0.017,0.085,1.104,3,1551
528238697,-0.183,0.793,0.061,0.217,0.021,0.943,3,1551
528239206,0.000,0.122,-0.366,0.278,-0.049,0.915,3,1551
528240697,-1.037,0.000,-0.183,-0.151,-0.060,1.032,3,1551
528241203,-1.768,1.829,0.610,-0.229,-0.005,1.060,3,1551
528242697,-1.524,2.744,0.915,-0.011,0.088,1.094,3,1551
528243208,-1.524,2.744,0.915,-0.011,0.088,1.094,3,1551
528244700,0.122,0.183,-0.183,0.299,0.031,0.873,3,1551
528245220,-0.671,-0.061,-0.122,0.088,-0.110,1.027,3,1551
528246695,-2.073,1.402,-0.061,-0.258,-0.002,1.076,3,1551
528247199,-2.134,2.744,0.915,-0.178,0.080,1.177,3,1551
528248697,-0.671,1.890,0.671,-0.025,0.069,0.963,3,1551
528249205,-0.671,1.890,0.671,-0.025,0.069,0.963,3,1551
528250700,0.000,0.061,-0.122,0.277,-0.037,0.937,3,1551
528251234,0.000,0.061,-0.122,0.277,-0.037,0.937,3,1551
528252423,-2.317,1.951,0.671,-0.237,0.008,1.068,3,1551
528253638,-1.890,3.171,1.524,-0.108,0.112,1.137,3,1561
528254610,-1.159,2.561,1.098,-0.002,0.095,1.085,3,1561
528255638,0.488,0.122,-0.122,0.284,0.034,0.899,3,1561
528256571,-0.610,-0.061,-0.305,0.075,-0.106,1.013,3,1561
528257639,-2.134,1.463,0.122,-0.255,0.007,1.079,3,1561
528258575,-2.134,2.744,1.098,-0.193,0.068,1.162,3,1561
528259639,-1.585,3.293,1.037,-0.009,0.098,1.140,3,1561
528260567,-0.732,2.012,0.610,-0.012,0.071,0.953,3,1561
528261639,0.122,0.610,0.000,0.218,0.044,0.964,3,1561
528262575,-0.183,-0.122,-0.305,0.256,-0.056,0.937,3,1561
528263639,-2.073,2.073,0.671,-0.228,0.001,1.093,3,1561
528264575,-1.951,3.293,1.524,-0.115,0.119,1.133,3,1561
528265639,-1.280,2.744,1.037,0.007,0.102,1.045,3,1561
528266578,-0.549,1.220,0.244,0.104,0.024,1.007,3,1561
528267639,0.000,-0.122,-0.122,0.289,0.018,0.914,3,1561
528268562,-0.793,-0.305,-0.122,0.065,-0.092,1.014,3,1561
528269639,-1.829,2.744,1.280,-0.192,0.073,1.150,3,1561
528270581,-1.402,3.049,1.280,-0.023,0.108,1.149,3,1561
528271639,-0.488,1.829,0.915,0.017,0.056,0.972,3,1561
528272578,0.061,0.427,0.061,0.221,0.044,0.958,3,1561
528273639,-0.244,-0.244,-0.366,0.241,-0.054,0.934,3,1561
528274552,-1.890,0.549,-0.061,-0.138,-0.048,1.040,3,1561
528275640,-2.134,1.951,0.732,-0.238,0.011,1.118,3,1561
528276576,-1.402,2.622,1.037,-0.014,0.119,1.033,3,1561
528277639,-0.610,1.159,0.305,0.129,0.011,0.963,3,1561
528278577,-0.244,-0.061,0.122,0.292,0.020,0.947,3,1561
528279639,-0.732,-0.305,0.244,0.040,-0.089,0.963,3,1561
528280544,-1.768,1.341,0.732,-0.214,-0.027,1.089,3,1561
528281640,-2.195,2.866,1.341,-0.225,0.083,1.181,3,1561
528282579,-1.585,3.476,1.220,-0.044,0.118,1.158,3,1561
528283639,-0.122,0.244,-0.183,0.234,0.045,0.965,3,1561
528284579,-0.610,-0.854,-0.244,0.239,-0.075,0.998,3,1561
528285639,-1.829,0.732,0.061,-0.188,-0.036,1.024,3,1561
528286571,-2.256,2.500,0.915,-0.235,0.037,1.150,3,1561
528287639,-1.829,3.110,1.341,-0.108,0.103,1.080,3,1561
528288567,-1.037,2.500,0.976,-0.017,0.120,1.000,3,1561
528289639,-0.061,0.000,-0.122,0.337,0.007,0.936,3,1561
528290564,-1.341,-0.427,0.122,-0.037,-0.096,0.999,3,1561
528291639,-1.829,1.890,0.549,-0.233,-0.021,1.072,3,1561
528292580,-1.768,3.171,1.402,-0.178,0.104,1.198,3,1561
528293639,-1.220,2.988,1.341,-0.025,0.116,1.157,3,1561
528294577,-0.244,1.768,0.549,0.031,0.051,0.994,3,1561
528295639,0.305,0.305,0.122,0.281,0.044,0.901,3,1561
528296567,-0.854,-0.305,0.061,0.216,-0.089,1.062,3,1561
528297639,-2.012,2.683,0.854,-0.214,0.053,1.191,3,1561
528298575,-1.829,3.476,1.585,-0.075,0.104,1.076,3,1561
528299639,-0.671,2.256,0.976,-0.015,0.129,1.010,3,1561
528300588,0.244,0.915,0.000,0.170,0.010,0.929,3,1561
528301639,0.122,-0.061,-0.305,0.325,-0.010,0.904,3,1561
528302735,-2.195,1.951,0.366,-0.255,-0.012,1.045,3,1561
528303275,-2.195,1.951,0.366,-0.255,-0.012,1.045,3,1571
528304328,-2.256,3.110,1.098,-0.147,0.112,1.188,3,1571
528305638,-0.366,1.402,0.427,0.062,0.048,1.032,3,1571
528306668,0.610,-0.061,-0.061,0.274,0.039,0.863,3,1571
528307190,-0.061,-0.488,-0.183,0.158,-0.110,1.041,3,1571
528308697,-1.463,0.793,0.061,-0.249,-0.031,1.041,3,1571
528309204,-2.134,2.683,0.915,-0.202,0.064,1.185,3,1571
528310700,-0.854,2.195,0.732,0.001,0.107,0.984,3,1571
528311204,-0.854,2.195,0.732,0.001,0.107,0.984,3,1571
528312706,-0.244,-0.122,-0.427,0.287,-0.036,0.883,3,1571
528313225,-1.341,0.305,-0.061,-0.131,-0.067,1.046,3,1571
528314702,-2.073,2.195,0.427,-0.231,-0.008,1.085,3,1571
528315219,-2.134,3.354,1.220,-0.119,0.113,1.140,3,1571
528316700,-0.061,1.402,0.305,0.095,0.033,1.023,3,1571
528317208,-0.061,1.402,0.305,0.095,0.033,1.023,3,1571
528318700,-0.854,-0.183,-0.183,0.077,-0.120,1.007,3,1571
528319210,-0.854,-0.183,-0.183,0.077,-0.120,1.007,3,1571
528320700,-2.073,2.500,1.159,-0.194,0.081,1.145,3,1571
528321204,-1.768,3.293,1.341,-0.028,0.106,1.178,3,1571
528322700,-0.488,1.890,0.793,-0.002,0.084,0.963,3,1571
528323204,0.183,0.122,0.122,0.231,0.030,0.978,3,1571
528324697,-1.585,0.366,0.488,-0.188,-0.049,1.013,3,1571
528325205,-1.585,0.366,0.488,-0.188,-0.049,1.013,3,1571
528326710,-1.768,3.354,1.402,-0.098,0.102,1.094,3,1571
528327234,-0.915,2.500,1.159,-0.030,0.119,1.041,3,1571
528328701,0.000,1.220,0.427,0.138,0.021,0.957,3,1571
528329215,0.061,0.061,-0.183,0.320,0.022,0.933,3,1571
528330699,-1.768,1.829,0.305,-0.229,-0.033,1.008,3,1571
528331214,-1.768,1.829,0.305,-0.229,-0.033,1.008,3,1571
528332700,-1.707,3.171,1.280,-0.002,0.106,1.183,3,1571
528333210,-0.549,1.524,0.732,0.032,0.062,1.020,3,1571
528334706,0.122,0.183,0.000,0.267,0.050,0.893,3,1571
528335226,-0.427,-0.183,-0.061,0.200,-0.105,0.981,3,1571
528336699,-1.402,1.037,0.183,-0.217,-0.034,1.045,3,1571
528337216,-1.646,2.683,0.915,-0.245,0.037,1.216,3,1571
528338701,-0.610,2.073,1.037,0.007,0.123,1.009,3,1571
528339213,-0.610,2.073,1.037,0.007,0.123,1.009,3,1571
528340700,-0.366,-0.366,-0.122,0.291,-0.024,0.957,3,1571
528341204,-1.463,0.122,-0.183,-0.073,-0.099,1.005,3,1571
528342700,-2.317,1.768,0.061,-0.254,-0.013,1.016,3,1571
528343210,-2.073,3.171,1.159,-0.161,0.109,1.159,3,1571
528344700,-0.366,1.524,0.549,0.095,0.042,1.056,3,1571
528345204,-0.366,1.524,0.549,0.095,0.042,1.056,3,1571
528346700,-0.549,-0.183,-0.305,0.107,-0.106,0.991,3,1571
528347220,-2.012,1.037,-0.122,-0.218,-0.020,1.065,3,1571
528348700,-2.439,2.683,0.610,-0.239,0.059,1.187,3,1571
528349220,-1.646,3.537,1.280,-0.027,0.114,1.126,3,1571
528350700,0.000,0.610,0.305,0.220,0.040,0.961,3,1571
528351237,0.000,0.610,0.305,0.220,0.040,0.961,3,1571
528352460,-1.829,0.671,-0.183,-0.119,-0.060,1.021,3,1571
528353638,-2.317,2.073,0.427,-0.249,0.001,1.109,3,1580
528354618,-1.829,3.232,1.280,-0.144,0.115,1.119,3,1580
528355638,-0.793,2.561,1.159,0.020,0.108,1.058,3,1580
528356578,0.244,1.037,0.610,0.125,0.031,0.988,3,1580
528357639,-1.037,-0.305,-0.061,0.040,-0.093,0.989,3,1580
528358579,-1.890,1.585,0.366,-0.236,-0.018,1.056,3,1580
528359639,-1.524,2.927,1.037,-0.235,0.082,1.157,3,1580
528360576,-1.402,3.354,1.159,-0.021,0.116,1.160,3,1580
528361639,-0.610,1.768,0.854,0.072,0.058,0.996,3,1580
528362583,0.000,0.122,0.183,0.247,0.036,0.906,3,1580
528363639,-0.671,-0.366,-0.244,0.213,-0.069,0.996,3,1580
528364550,-1.829,0.732,-0.061,-0.186,-0.044,1.042,3,1580
528365639,-1.646,3.232,0.915,-0.114,0.112,1.076,3,1580
528366576,-0.793,2.378,1.037,0.035,0.138,1.023,3,1580
528367639,-0.244,1.037,0.305,0.185,0.029,0.963,3,1580
528368579,-0.244,-0.122,-0.183,0.294,-0.020,0.894,3,1580
528369639,-1.037,-0.244,-0.122,-0.070,-0.089,1.000,3,1580
528370701,-1.951,1.951,-0.244,-0.247,-0.009,1.051,3,1580
528371218,-1.829,3.171,0.915,-0.182,0.108,1.198,3,1580
528372699,-0.244,1.768,0.671,0.109,0.046,1.026,3,1580
528373215,-0.244,1.768,0.671,0.109,0.046,1.026,3,1580
528374699,-0.427,-0.549,-0.427,0.116,-0.106,1.007,3,1580
528375211,-1.829,0.915,-0.183,-0.236,-0.030,1.074,3,1580
528376699,-2.134,2.683,0.854,-0.233,0.066,1.159,3,1580
528377211,-1.890,3.354,1.402,-0.047,0.107,1.163,3,1580
528378699,0.122,0.610,0.061,0.227,0.041,0.994,3,1580
528379215,0.122,0.610,0.061,0.227,0.041,0.994,3,1580
528380694,-1.585,0.793,-0.061,-0.165,-0.056,1.018,3,1580
528381204,-2.195,2.195,0.549,-0.247,0.002,1.131,3,1580
528382699,-2.073,3.049,1.159,-0.135,0.103,1.133,3,1580
528383212,-1.159,2.622,0.854,-0.024,0.136,1.024,3,1580
528384699,-0.305,-0.244,-0.854,0.345,0.019,0.904,3,1580
528385215,-0.305,-0.244,-0.854,0.345,0.019,0.904,3,1580
528386694,-2.195,1.768,-0.122,-0.254,-0.037,1.037,3,1580
528387204,-2.195,1.768,-0.122,-0.254,-0.037,1.037,3,1580
528388699,-1.585,2.927,1.098,-0.026,0.111,1.194,3,1580
528389211,-0.183,1.768,0.671,0.052,0.091,1.019,3,1580
528390699,0.427,0.183,0.061,0.293,0.039,0.899,3,1580
528391211,-0.305,-0.610,-0.244,0.204,-0.106,0.995,3,1580
528392694,-1.829,2.744,0.610,-0.241,0.048,1.187,3,1580
528393200,-1.829,2.744,0.610,-0.241,0.048,1.187,3,1580
528394699,-0.610,2.012,1.220,-0.007,0.138,1.000,3,1580
528395215,0.366,0.671,0.610,0.207,0.019,0.957,3,1580
528396699,0.305,-0.061,-0.122,0.303,-0.044,0.899,3,1580
528397211,-1.220,0.122,-0.366,-0.115,-0.074,1.023,3,1580
528398697,-2.195,3.354,1.037,-0.146,0.108,1.137,3,1580
528399203,-2.195,3.354,1.037,-0.146,0.108,1.137,3,1580
528400699,0.000,1.280,0.488,0.114,0.041,1.026,3,1580
528401246,0.122,-0.183,-0.122,0.328,0.036,0.914,3,1580
528402472,-1.341,-0.244,-0.183,0.066,-0.110,0.993,3,1580
528403638,-2.439,1.585,0.183,-0.238,-0.042,1.038,3,1590
528404621,-2.317,2.622,0.976,-0.217,0.087,1.159,3,1590
528405638,-0.732,2.012,0.549,0.017,0.093,1.007,3,1590
528406588,0.122,0.305,0.000,0.281,0.053,0.948,3,1590
528407639,-0.610,-0.366,-0.427,0.249,-0.084,0.945,3,1590
528408551,-1.768,0.671,-0.183,-0.196,-0.071,1.015,3,1590
528409639,-2.195,2.683,0.732,-0.260,0.029,1.198,3,1590
528410584,-2.012,3.232,1.341,-0.095,0.098,1.082,3,1590
528411639,-1.098,2.256,1.159,-0.014,0.148,1.031,3,1590
528412581,-0.122,0.000,0.000,0.312,-0.017,0.937,3,1590
528413639,-1.220,0.061,-0.366,-0.066,-0.103,1.001,3,1590
528414568,-2.134,1.829,-0.183,-0.258,-0.040,1.018,3,1590
528415639,-1.951,3.232,0.915,-0.187,0.109,1.159,3,1590
528416580,-1.646,2.744,1.159,-0.002,0.120,1.139,3,1590
528417639,-0.549,1.280,0.488,0.087,0.062,1.065,3,1590
528418584,0.000,0.122,-0.061,0.297,0.039,0.877,3,1590
528419639,-2.195,1.341,-0.366,-0.221,-0.032,1.047,3,1590
528420568,-2.500,2.683,0.671,-0.240,0.069,1.151,3,1590
528421639,-1.646,3.293,1.524,-0.048,0.111,1.176,3,1590
528422574,-0.305,1.951,0.915,0.005,0.097,0.987,3,1590
528423639,0.427,0.305,0.244,0.245,0.049,0.958,3,1590
528424575,-0.488,-0.427,-0.183,0.254,-0.062,0.937,3,1590
528425639,-2.195,2.256,0.488,-0.260,0.010,1.177,3,1590
528426580,-1.951,3.415,1.220,-0.133,0.112,1.085,3,1590
528427639,-0.915,2.378,1.098,0.002,0.130,1.052,3,1590
528428576,-0.061,1.159,0.183,0.172,0.045,0.956,3,1590
528429639,0.122,-0.183,-0.305,0.302,-0.005,0.956,3,1590
528430576,-0.915,0.122,-0.061,-0.025,-0.104,1.007,3,1590
528431639,-1.707,1.951,0.244,-0.258,-0.042,1.006,3,1590
528432576,-1.890,3.110,1.037,-0.216,0.105,1.162,3,1590
528433639,-0.305,1.707,0.793,0.094,0.067,1.059,3,1590
528434579,0.488,0.000,0.000,0.271,0.022,0.879,3,1590
528435639,-0.305,-0.488,-0.305,0.136,-0.102,0.965,3,1590
528436540,-1.646,1.159,-0.122,-0.203,-0.035,1.059,3,1590
528437639,-2.012,2.561,0.793,-0.253,0.042,1.157,3,1590
528438578,-1.463,3.354,1.159,-0.056,0.128,1.153,3,1590
528439639,0.000,0.122,0.000,0.230,0.061,0.958,3,1590
528440563,-0.549,-0.610,-0.244,0.267,-0.056,0.956,3,1590
528441639,-1.707,0.549,-0.183,-0.123,-0.063,1.027,3,1590
528442583,-1.890,2.134,0.244,-0.269,-0.003,1.141,3,1590
528443640,-1.768,3.415,0.854,-0.158,0.093,1.083,3,1590
528444580,-0.732,2.866,1.037,0.006,0.136,1.046,3,1590
528445639,0.183,1.159,0.366,0.177,0.042,0.984,3,1590
528446575,0.122,-0.366,-0.061,-0.022,-0.091,0.969,3,1590
528447639,-1.646,1.829,0.122,-0.248,-0.039,1.016,3,1590
528448576,-1.768,3.232,0.732,-0.220,0.092,1.199,3,1590
528449639,-1.402,3.049,1.220,-0.018,0.138,1.139,3,1590
528450580,-0.183,1.646,0.854,0.099,0.049,1.049,3,1590
528451639,0.427,-0.183,0.183,0.280,0.047,0.871,3,1590
528452740,-1.829,0.793,-0.244,-0.226,-0.034,1.063,3,1590
528453292,-1.829,0.793,-0.244,-0.226,-0.034,1.063,3,1600
528454352,-2.134,2.378,0.427,-0.241,0.061,1.146,3,1600
528455638,-0.915,2.195,1.037,0.025,0.089,0.977,3,1600
528456591,0.000,0.488,0.427,0.236,0.054,1.024,3,1600
528457639,-0.427,-0.488,-0.244,0.296,-0.057,0.928,3,1600
528458572,-1.768,0.488,0.427,-0.153,-0.056,0.992,3,1600
528459639,-1.098,3.780,1.280,-0.141,0.103,1.113,3,1600
528460581,-0.549,2.927,1.220,-0.023,0.143,1.024,3,1600
528461639,0.366,1.098,0.488,0.160,0.030,0.963,3,1600
528462591,0.183,-0.183,-0.122,0.347,0.017,0.897,3,1600
528463639,-0.915,-0.366,0.000,-0.017,-0.102,1.020,3,1600
528464571,-1.829,1.890,0.000,-0.267,-0.062,1.029,3,1600
528465639,-1.890,3.232,0.854,-0.187,0.101,1.181,3,1600
528466578,-1.829,3.110,1.220,-0.013,0.121,1.155,3,1600
528467639,0.122,-0.061,0.366,0.287,0.044,0.887,3,1600
528468570,-0.915,-0.610,-0.305,0.155,-0.106,0.964,3,1600
528469639,-2.012,1.159,-0.366,-0.254,-0.039,1.048,3,1600
528470587,-2.195,2.744,0.549,-0.233,0.091,1.147,3,1600
528471639,-1.707,3.537,1.341,-0.043,0.084,1.175,3,1600
528472580,-0.305,2.195,1.037,-0.008,0.109,0.975,3,1600
528473639,-0.793,-0.366,-0.366,0.292,-0.062,0.943,3,1600
528474578,-2.134,0.549,-0.061,-0.181,-0.057,0.986,3,1600
528475639,-2.134,2.195,0.427,-0.249,0.009,1.170,3,1600
528476579,-1.524,3.110,0.854,-0.114,0.094,1.094,3,1600
528477639,-0.732,2.378,0.915,-0.010,0.140,1.039,3,1600
528478587,0.183,0.915,0.488,0.184,0.028,0.961,3,1600
528479639,0.000,-0.366,0.244,0.335,-0.010,0.932,3,1600
528480547,-1.159,-0.244,-0.061,-0.066,-0.093,0.991,3,1600
528481639,-2.317,3.354,0.732,-0.167,0.118,1.146,3,1600
528482690,-1.585,2.866,1.402,-0.009,0.128,1.135,3,1600
528483207,-0.244,1.341,0.915,0.095,0.050,1.069,3,1600
528484699,0.244,-0.305,0.244,0.306,0.047,0.896,3,1600
528485211,-1.098,-0.305,-0.366,0.095,-0.099,1.003,3,1600
528486699,-2.439,2.744,1.098,-0.235,0.093,1.143,3,1600
528487211,-2.439,2.744,1.098,-0.235,0.093,1.143,3,1600
528488699,-0.305,2.012,0.915,0.032,0.083,1.005,3,1600
528489212,-0.305,2.012,0.915,0.032,0.083,1.005,3,1600
528490699,-0.244,-0.366,0.244,0.237,-0.083,0.948,3,1600
528491212,-1.463,0.915,0.244,-0.201,-0.050,1.016,3,1600
528492699,-1.707,2.683,0.244,-0.254,0.034,1.218,3,1600
528493218,-1.524,3.415,0.854,-0.093,0.095,1.071,3,1600
528494699,-0.244,1.037,0.610,0.219,0.038,0.990,3,1600
528495216,-0.244,1.037,0.610,0.219,0.038,0.990,3,1600
528496699,-1.159,0.366,0.061,-0.082,-0.081,0.990,3,1600
528497218,-2.317,2.134,0.305,-0.251,-0.016,1.062,3,1600
528498703,-2.073,3.598,1.280,-0.169,0.113,1.125,3,1600
528499218,-1.159,2.988,1.524,-0.005,0.106,1.097,3,1600
528500738,0.244,-0.183,0.183,0.312,0.036,0.920,3,1600
528501258,0.244,-0.183,0.183,0.312,0.036,0.920,3,1600
528502551,-2.439,1.341,-0.183,-0.228,-0.037,0.957,3,1600
528503638,-2.012,2.561,0.671,-0.245,0.091,1.146,3,1610
528504653,-1.524,3.415,0.915,-0.024,0.092,1.204,3,1610
528505167,-0.732,1.768,0.427,0.059,0.081,1.061,3,1610
528506701,-0.427,0.061,0.183,0.271,0.042,0.879,3,1610
528507210,-0.976,-0.732,0.488,0.190,-0.087,0.948,3,1610
528508695,-2.317,2.500,0.183,-0.264,0.030,1.199,3,1610
528509203,-2.317,2.500,0.183,-0.264,0.030,1.199,3,1610
528510700,-0.488,2.134,1.037,0.024,0.099,0.994,3,1610
528511201,0.244,0.305,0.793,0.221,0.036,0.978,3,1610
528512700,0.061,-0.488,-0.061,0.274,-0.042,0.951,3,1610
528513201,-1.585,0.305,-0.061,-0.099,-0.060,0.993,3,1610
528514700,-1.768,3.598,1.220,-0.170,0.093,1.103,3,1610
528515209,-1.768,3.598,1.220,-0.170,0.093,1.103,3,1610
528516700,0.000,1.341,0.366,0.173,0.028,0.995,3,1610
528517210,0.000,-0.427,-0.122,0.308,0.007,0.942,3,1610
528518701,-0.732,-0.610,-0.244,0.003,-0.083,0.990,3,1610
528519213,-1.707,1.585,-0.061,-0.250,-0.026,1.001,3,1610
528520700,-1.463,3.415,1.037,0.001,0.121,1.146,3,1610
528521214,-1.463,3.415,1.037,0.001,0.121,1.146,3,1610
528522700,0.061,-0.427,0.183,0.269,0.054,0.860,3,1610
528523207,0.061,-0.427,0.183,0.269,0.054,0.860,3,1610
528524695,-2.073,1.037,-0.183,-0.194,-0.032,1.060,3,1610
528525206,-2.317,2.744,0.488,-0.267,0.071,1.143,3,1610
528526700,-1.829,3.598,0.976,-0.071,0.097,1.171,3,1610
528527210,-0.427,2.317,0.976,0.042,0.091,1.005,3,1610
528528700,-0.854,-0.915,-0.183,0.266,-0.076,0.986,3,1610
528529209,-0.854,-0.915,-0.183,0.266,-0.076,0.986,3,1610
528530695,-1.890,2.561,0.061,-0.275,0.023,1.149,3,1610
528531199,-1.768,3.659,0.549,-0.123,0.095,1.088,3,1610
528532700,-1.098,2.683,0.976,0.014,0.141,1.030,3,1610
528533201,0.061,0.793,0.671,0.192,0.020,0.985,3,1610
528534700,-1.159,-0.366,-0.061,-0.073,-0.057,0.995,3,1610
528535207,-1.159,-0.366,-0.061,-0.073,-0.057,0.995,3,1610
528536392,-2.378,3.598,0.915,-0.173,0.112,1.140,3,1610
528537638,-1.463,2.988,1.280,-0.027,0.117,1.089,3,1610
528538589,0.183,1.463,0.488,0.121,0.026,1.024,3,1610
528539638,0.244,-0.122,-0.061,0.340,0.039,0.885,3,1610
528540572,-1.280,-0.488,-0.183,0.069,-0.088,0.996,3,1610
528541638,-1.768,2.988,0.793,-0.244,0.102,1.173,3,1610
528542585,-1.707,3.293,1.098,-0.029,0.094,1.188,3,1610
528543639,-0.183,1.890,0.854,0.053,0.080,1.067,3,1610
528544635,0.427,0.061,0.732,0.282,0.045,0.904,3,1610
528545155,-0.549,-0.671,0.366,0.217,-0.097,0.964,3,1610
528546695,-1.890,1.037,0.122,-0.229,-0.033,1.016,3,1610
528547200,-2.256,2.744,0.549,-0.251,0.062,1.147,3,1610
528548711,-1.037,2.134,1.280,-0.015,0.112,0.985,3,1610
528549235,-1.037,2.134,1.280,-0.015,0.112,0.985,3,1610
528550220,0.305,0.305,0.549,0.225,0.052,1.031,3,1610
528551690,-2.195,0.244,0.183,-0.149,-0.054,0.969,3,1610
528552191,-2.500,2.500,0.488,-0.264,0.006,1.165,3,1610
528553421,-1.768,3.659,1.037,-0.123,0.096,1.088,3,1610
528554638,-1.098,2.805,0.671,-0.022,0.143,1.058,3,1619
528555640,-0.427,-0.488,0.427,0.327,0.001,0.938,3,1619
528556151,-0.427,-0.488,0.427,0.327,0.001,0.938,3,1619
528557711,-1.951,1.707,-0.183,-0.255,-0.028,1.039,3,1619
528558233,-2.012,3.415,0.549,-0.184,0.106,1.131,3,1619
528559210,-1.341,3.110,1.159,-0.017,0.107,1.145,3,1619
528560693,0.244,1.524,0.610,0.093,0.039,1.077,3,1619
528561203,0.732,-0.366,0.305,0.320,0.048,0.878,3,1619
528562699,-1.768,1.220,0.305,-0.199,-0.062,0.975,3,1619
528563210,-1.768,1.220,0.305,-0.199,-0.062,0.975,3,1619
528564712,-1.402,3.415,0.976,-0.036,0.083,1.197,3,1619
528565232,-0.122,2.073,0.427,0.031,0.084,1.051,3,1619
528566225,0.366,0.244,0.427,0.285,0.047,0.915,3,1619
528567691,-0.549,-0.793,0.122,0.204,-0.087,0.965,3,1619
528568193,-1.524,0.732,-0.122,-0.195,-0.044,1.020,3,1619
528569700,-1.951,3.659,0.610,-0.076,0.095,1.107,3,1619
528570211,-1.951,3.659,0.610,-0.076,0.095,1.107,3,1619
528571700,0.183,0.610,0.427,0.237,0.036,1.011,3,1619
528572211,-0.122,-0.549,-0.061,0.282,-0.045,0.942,3,1619
528573700,-1.585,0.183,-0.366,-0.106,-0.058,0.984,3,1619
528574208,-2.134,2.195,0.183,-0.242,-0.008,1.159,3,1619
528575700,-0.793,2.744,0.793,-0.008,0.116,1.046,3,1619
528576211,-0.793,2.744,0.793,-0.008,0.116,1.046,3,1619
528577700,0.000,-0.427,0.366,0.301,0.006,0.943,3,1619
528578218,-1.098,-0.305,0.061,-0.019,-0.090,0.985,3,1619
528579701,-1.890,1.585,0.000,-0.259,-0.021,0.992,3,1619
528580214,-1.951,3.476,0.610,-0.212,0.107,1.130,3,1619
528581700,-1.159,3.354,0.915,0.106,0.045,1.087,3,1619
528582208,0.122,1.463,0.488,0.106,0.045,1.087,3,1619
528583700,-1.341,-0.610,-0.061,0.086,-0.084,0.979,3,1619
528584208,-1.341,-0.610,-0.061,0.086,-0.084,0.979,3,1619
528585700,-2.134,3.049,0.732,-0.257,0.086,1.140,3,1619
528586212,-1.463,3.841,0.854,-0.024,0.094,1.193,3,1619
528587700,0.000,1.890,0.305,0.072,0.075,1.067,3,1619
528588211,0.427,0.244,0.061,0.263,0.042,0.890,3,1619
528589700,-1.768,0.610,0.122,-0.188,-0.024,1.022,3,1619
528590212,-1.768,0.610,0.122,-0.188,-0.024,1.022,3,1619
528591700,-1.829,3.841,0.671,-0.072,0.110,1.144,3,1619
528592214,-0.488,2.561,0.732,0.012,0.092,1.002,3,1619
528593700,0.549,0.610,0.549,0.235,0.042,0.979,3,1619
528594208,-0.305,-0.610,0.000,0.255,-0.055,0.945,3,1619
528595695,-2.012,2.439,0.427,-0.279,0.029,1.167,3,1619
528596198,-2.012,2.439,0.427,-0.279,0.029,1.167,3,1619
528597700,-0.549,2.683,0.976,0.020,0.119,1.065,3,1619
528598212,-0.549,2.683,0.976,0.020,0.119,1.065,3,1619
528599700,-0.183,-0.366,0.488,0.301,-0.030,0.948,3,1619
528600211,-1.159,-0.488,0.183,-0.052,-0.056,0.952,3,1619
528601700,-2.134,1.524,-0.061,-0.243,-0.012,1.029,3,1619
528602212,-2.195,3.537,0.610,-0.203,0.089,1.152,3,1619
528603452,-0.976,3.354,1.098,-0.007,0.106,1.092,3,1619
528604638,0.366,-0.427,-0.244,0.312,0.042,0.910,3,1629
528605635,-1.159,-0.854,-0.061,0.061,-0.081,1.004,3,1629
528606151,-1.951,1.402,0.061,-0.232,-0.037,1.001,3,1629
528607700,-1.951,3.232,0.488,-0.251,0.109,1.182,3,1629
528608212,-1.707,3.415,0.732,-0.021,0.087,1.154,3,1629
528609699,0.366,0.122,0.488,0.274,0.042,0.891,3,1629
528610209,0.366,0.122,0.488,0.274,0.042,0.891,3,1629
528611694,-2.134,0.854,-0.061,-0.204,-0.025,1.031,3,1629
528612213,-2.195,2.744,0.366,-0.255,0.083,1.131,3,1629
528613699,-1.463,4.085,0.793,-0.067,0.075,1.169,3,1629
528614211,-0.122,2.378,0.793,0.017,0.083,1.002,3,1629
528615699,0.610,0.183,0.183,0.273,0.032,0.988,3,1629
528616209,-0.488,-1.037,0.122,0.260,-0.080,0.971,3,1629
528617699,-1.951,2.378,0.488,-0.263,0.048,1.173,3,1629
528618209,-1.951,2.378,0.488,-0.263,0.048,1.173,3,1629
528619699,-1.037,2.561,0.915,-0.016,0.103,1.011,3,1629
528620205,0.183,0.854,0.915,0.222,0.026,1.037,3,1629
528621699,-0.061,-0.549,0.488,0.313,-0.052,0.945,3,1629
528622212,-1.524,-0.488,0.000,-0.110,-0.040,0.958,3,1629
528623699,-1.585,3.415,1.098,-0.156,0.110,1.094,3,1629
528624205,-1.585,3.415,1.098,-0.156,0.110,1.094,3,1629
528625699,0.427,1.402,0.183,0.169,0.014,0.999,3,1629
528626205,-0.061,-0.244,0.183,0.311,0.012,0.929,3,1629
528627699,-1.341,-0.366,0.549,-0.027,-0.076,0.985,3,1629
528628209,-2.256,1.646,0.427,-0.253,-0.017,1.041,3,1629
528629699,-1.402,3.232,1.280,-0.017,0.087,1.132,3,1629
528630210,-1.402,3.232,1.280,-0.017,0.087,1.132,3,1629
528631699,0.427,-0.427,0.244,0.314,0.032,0.893,3,1629
528632211,0.427,-0.427,0.244,0.314,0.032,0.893,3,1629
528633694,-2.195,1.098,0.000,-0.227,-0.032,0.930,3,1629
528634198,-1.707,2.744,0.732,-0.250,0.126,1.158,3,1629
528635699,-1.341,3.598,0.732,-0.007,0.063,1.173,3,1629
528636212,0.000,2.256,0.244,0.057,0.063,1.095,3,1629
528637699,-0.610,-0.793,0.427,0.171,-0.102,0.977,3,1629
528638205,-0.610,-0.793,0.427,0.171,-0.102,0.977,3,1629
528639694,-2.378,2.561,0.488,-0.249,0.093,1.103,3,1629
528640207,-1.585,3.780,1.159,-0.051,0.078,1.175,3,1629
528641699,-0.183,2.561,0.854,0.011,0.089,1.015,3,1629
528642205,0.610,0.122,0.305,0.266,0.021,0.977,3,1629
528643699,-1.890,0.366,0.122,-0.177,-0.026,1.000,3,1629
528644211,-1.890,0.366,0.122,-0.177,-0.026,1.000,3,1629
528645699,-1.951,3.720,0.549,-0.084,0.089,1.070,3,1629
528646212,-0.732,2.744,0.549,-0.002,0.106,1.000,3,1629
528647699,0.427,0.854,0.671,0.235,0.011,1.025,3,1629
528648210,0.000,-0.671,0.366,0.272,-0.047,0.961,3,1629
528649699,-1.646,-0.183,0.061,-0.093,-0.037,0.982,3,1629
528650209,-2.500,2.012,0.183,-0.240,0.014,1.139,3,1629
528651699,-0.244,3.171,0.976,-0.007,0.109,1.046,3,1629
528652205,-0.244,3.171,0.976,-0.007,0.109,1.046,3,1629
528653401,-0.122,-0.366,0.122,0.286,-0.002,0.953,3,1629
528654638,-1.280,-0.549,0.488,-0.042,-0.059,0.992,3,1639
528655636,-2.317,1.341,0.183,-0.227,-0.002,1.014,3,1639
528656151,-2.439,3.171,0.427,-0.206,0.131,1.105,3,1639
528657701,-0.061,1.585,0.732,0.127,0.020,1.073,3,1639
528658212,-0.061,1.585,0.732,0.127,0.020,1.073,3,1639
528659700,-1.341,-0.732,0.061,0.056,-0.086,0.994,3,1639
528660207,-2.378,1.280,0.305,-0.215,-0.003,0.922,3,1639
528661700,-1.829,2.988,0.671,-0.247,0.115,1.144,3,1639
528662213,-1.585,3.780,0.671,-0.001,0.081,1.165,3,1639
528663700,0.305,0.000,0.122,0.264,0.010,0.921,3,1639
528664212,0.305,0.000,0.122,0.264,0.010,0.921,3,1639
528665695,-2.317,0.244,0.061,-0.169,-0.015,0.977,3,1639
528666198,-2.317,0.244,0.061,-0.169,-0.015,0.977,3,1639
528667700,-1.585,3.841,1.037,-0.061,0.082,1.181,3,1639
528668212,-0.061,2.500,0.793,0.050,0.064,1.048,3,1639
528669700,0.305,0.366,0.305,0.269,0.007,0.920,3,1639
528670207,-0.854,-0.793,0.366,0.188,-0.065,0.961,3,1639
528671695,-1.951,2.378,0.671,-0.257,0.066,1.153,3,1639
528672200,-1.951,2.378,0.671,-0.257,0.066,1.153,3,1639
528673700,-0.732,2.805,0.793,0.031,0.068,0.998,3,1639
528674211,0.610,0.549,0.183,0.218,0.017,1.009,3,1639
528675700,-0.305,-0.793,-0.122,0.263,-0.054,0.995,3,1639
528676212,-1.890,-0.183,0.061,-0.102,-0.024,0.975,3,1639
528677700,-1.768,3.598,0.915,-0.122,0.092,1.061,3,1639
528678212,-1.768,3.598,0.915,-0.122,0.092,1.061,3,1639
528679700,-0.061,1.037,0.427,0.201,0.001,1.048,3,1639
528680209,-0.061,-0.671,0.305,0.290,-0.048,0.947,3,1639
528681711,-1.402,-0.732,0.366,-0.062,-0.036,0.979,3,1639
528682238,-2.927,1.341,0.305,-0.237,0.017,1.067,3,1639
528683700,-2.439,3.476,0.732,-0.177,0.109,1.120,3,1639
528684212,-0.976,3.780,0.915,-0.012,0.102,1.068,3,1639
528685700,-0.061,-0.305,0.244,0.294,0.007,0.909,3,1639
528686212,-0.061,-0.305,0.244,0.294,0.007,0.909,3,1639
528687695,-2.134,1.402,0.488,-0.240,-0.004,1.038,3,1639
528688200,-2.134,3.537,0.549,-0.205,0.143,1.118,3,1639
528689700,-1.463,3.598,0.671,-0.010,0.090,1.113,3,1639
528690212,0.183,1.768,0.610,0.094,0.019,1.054,3,1639
528691700,-1.402,-1.159,0.000,0.073,-0.077,1.007,3,1639
528692213,-1.402,-1.159,0.000,0.073,-0.077,1.007,3,1639
528693700,-2.317,2.744,0.854,-0.229,0.132,1.134,3,1639
528694211,-1.707,3.780,0.915,-0.012,0.070,1.160,3,1639
528695700,-0.366,2.439,0.305,0.057,0.043,1.092,3,1639
528696212,0.305,0.061,0.366,0.281,0.021,0.913,3,1639
528697700,-2.256,0.671,0.122,-0.195,0.006,0.991,3,1639
528698212,-2.256,0.671,0.122,-0.195,0.006,0.991,3,1639
528699700,-1.402,3.841,0.976,-0.041,0.077,1.182,3,1639
528700212,-1.402,3.841,0.976,-0.041,0.077,1.182,3,1639
528701700,0.366,0.244,0.000,0.265,0.014,0.966,3,1639
528702212,-0.976,-0.732,0.244,0.204,-0.096,0.967,3,1639
528703413,-1.890,0.366,0.488,-0.193,0.005,1.002,3,1639
528704638,-1.890,3.841,0.244,-0.042,0.081,1.118,3,1649
528705644,-0.610,2.805,0.671,-0.018,0.088,0.979,3,1649
528706154,-0.610,2.805,0.671,-0.018,0.088,0.979,3,1649
528707700,0.000,-0.610,0.305,0.255,-0.062,0.960,3,1649
528708213,-1.585,-0.244,0.488,-0.152,-0.012,0.981,3,1649
528709712,-2.073,1.951,0.732,-0.246,0.044,1.163,3,1649
528710240,-1.707,3.537,0.854,-0.094,0.102,1.064,3,1649
528711225,-0.854,3.110,0.610,-0.002,0.099,1.022,3,1649
528712640,-0.122,-0.610,0.427,0.276,-0.031,0.948,3,1649
528713583,-1.829,-0.549,0.183,-0.086,-0.018,0.978,3,1649
528714640,-2.744,1.829,0.305,-0.216,0.024,1.120,3,1649
528715579,-2.195,3.598,0.915,-0.155,0.122,1.088,3,1649
528716640,-0.854,3.293,0.915,-0.002,0.089,1.060,3,1649
528717567,0.122,1.768,0.244,0.177,-0.010,1.019,3,1649
528718640,-1.402,-0.488,0.610,-0.055,-0.056,0.998,3,1649
528719584,-2.378,1.707,0.244,-0.221,0.019,1.021,3,1649
528720640,-2.256,3.232,0.488,-0.197,0.150,1.104,3,1649
528721582,-1.463,3.354,0.671,-0.001,0.068,1.138,3,1649
528722640,0.305,1.707,0.427,0.129,-0.001,1.077,3,1649
528723571,0.488,-0.488,0.366,0.290,0.004,0.924,3,1649
528724640,-1.524,-1.159,0.183,0.018,-0.075,1.020,3,1649
528725580,-1.951,2.866,0.732,-0.221,0.153,1.129,3,1649
528726640,-1.524,3.841,0.732,0.012,0.066,1.166,3,1649
528727592,0.122,2.134,0.366,0.087,0.024,1.097,3,1649
528728640,0.854,-0.122,0.244,0.285,0.015,0.925,3,1649
528729570,-0.854,-0.915,0.122,0.087,-0.087,0.993,3,1649
528730640,-2.683,0.427,0.366,-0.195,-0.001,0.932,3,1649
528731595,-2.500,2.378,0.793,-0.242,0.137,1.125,3,1649
528732640,-0.244,2.744,0.122,0.065,0.055,1.080,3,1649
528733600,0.305,0.366,0.000,0.270,-0.008,0.929,3,1649
528734640,-0.671,-0.732,0.305,0.129,-0.088,0.976,3,1649
528735559,-2.134,0.305,0.427,-0.173,0.001,0.999,3,1649
528736640,-2.866,2.195,0.427,-0.257,0.116,1.113,3,1649
528737580,-1.585,3.963,0.671,-0.050,0.095,1.172,3,1649
528738640,0.854,0.793,-0.122,0.264,-0.007,0.937,3,1649
528739571,-0.732,-0.732,0.244,0.168,-0.088,0.978,3,1649
528740640,-2.195,0.000,0.549,-0.164,0.002,1.029,3,1649
528741567,-2.622,2.073,0.549,-0.252,0.098,1.140,3,1649
528742640,-1.951,3.720,0.549,-0.078,0.113,1.123,3,1649
528743588,-0.549,3.232,0.549,0.020,0.064,1.016,3,1649
528744640,0.427,1.159,0.427,0.250,-0.033,0.983,3,1649
528745572,-0.610,-0.610,0.000,0.214,-0.067,0.969,3,1649
528746640,-2.683,2.012,0.610,-0.263,0.075,1.175,3,1649
528747583,-1.768,3.598,0.793,-0.115,0.128,1.064,3,1649
528748640,-0.610,3.354,0.488,0.029,0.084,1.038,3,1649
528749576,0.732,1.524,0.183,0.209,-0.027,1.032,3,1649
528750640,0.549,-0.305,0.183,0.240,-0.064,0.983,3,1649
528751610,-1.524,-0.427,0.122,-0.088,-0.032,0.958,3,1649
528752640,-1.768,3.476,0.915,-0.154,0.132,1.060,3,1649
528753745,-0.549,3.598,0.488,0.028,0.098,1.059,3,1649
528754297,-0.549,3.598,0.488,0.028,0.098,1.059,3,1658
528755395,0.000,-0.183,-0.061,0.274,-0.065,0.944,3,1658
528756638,-1.280,-0.610,0.305,-0.073,-0.037,0.959,3,1658
528757580,-2.744,1.159,0.061,-0.229,0.043,1.075,3,1658
528758638,-2.378,3.354,0.427,-0.183,0.141,1.104,3,1658
528759583,0.793,1.890,-0.061,0.165,-0.027,1.028,3,1658
528760638,0.244,-0.061,0.061,0.282,-0.040,0.910,3,1658
528761572,-1.220,-0.671,0.427,-0.039,-0.054,1.021,3,1658
528762638,-2.500,1.341,0.427,-0.226,0.020,1.059,3,1658
528763570,-2.561,3.354,0.610,-0.192,0.178,1.116,3,1658
528764638,-1.646,3.659,1.037,0.004,0.078,1.092,3,1658
528765580,0.366,2.195,0.549,0.135,-0.028,1.055,3,1658
528766638,-1.220,-0.793,0.061,0.024,-0.081,1.045,3,1658
528767570,-2.744,0.976,0.549,-0.257,0.015,0.985,3,1658
528768638,-2.012,2.805,0.793,-0.215,0.182,1.136,3,1658
528769580,-1.341,3.780,0.915,0.010,0.082,1.127,3,1658
528770638,0.305,2.561,0.366,0.088,0.006,1.094,3,1658
528771578,0.854,-0.061,0.244,0.315,-0.017,0.890,3,1658
528772638,-2.744,0.610,0.244,-0.227,0.002,0.929,3,1658
528773575,-2.134,2.317,0.915,-0.248,0.185,1.146,3,1658
528774638,-1.280,3.476,0.915,0.003,0.075,1.148,3,1658
528775582,0.061,2.683,0.183,0.077,0.038,1.097,3,1658
528776638,0.610,0.549,0.000,0.286,-0.020,0.919,3,1658
528777568,-0.549,-0.793,0.305,0.105,-0.112,1.013,3,1658
528778638,-2.317,0.671,0.305,-0.194,0.001,0.958,3,1658
528779582,-2.500,2.378,0.671,-0.251,0.182,1.117,3,1658
528780638,0.122,2.683,0.488,0.039,0.062,1.074,3,1658
528781581,0.549,0.549,0.183,0.279,-0.036,0.948,3,1658
528782638,-0.549,-0.549,0.305,0.133,-0.121,0.994,3,1658
528783560,-1.951,0.366,0.305,-0.200,0.014,1.001,3,1658
528784638,-2.744,1.890,0.610,-0.248,0.164,1.092,3,1658
528785576,-2.012,3.780,0.793,-0.031,0.089,1.158,3,1658
528786638,0.793,0.427,0.000,0.277,-0.041,0.983,3,1658
528787564,-0.671,-0.610,0.061,0.157,-0.125,0.974,3,1658
528788638,-2.073,0.305,0.366,-0.190,0.008,1.014,3,1658
528789583,-2.439,1.829,0.793,-0.233,0.143,1.105,3,1658
528790638,-2.012,3.171,0.793,-0.049,0.115,1.127,3,1658
528791579,-0.244,2.683,0.610,0.011,0.070,0.991,3,1658
528792638,1.280,0.732,0.244,0.278,-0.048,1.000,3,1658
528793574,-0.061,-0.732,0.305,-0.178,-0.007,1.006,3,1658
528794638,-2.134,1.768,0.610,-0.246,0.113,1.156,3,1658
528795580,-1.646,3.415,0.488,-0.074,0.141,1.079,3,1658
528796638,-0.427,3.171,0.244,-0.003,0.082,1.001,3,1658
528797574,1.037,1.341,-0.183,0.256,-0.061,1.016,3,1658
528798638,0.122,-0.183,0.061,0.226,-0.106,0.965,3,1658
528799576,-1.951,-0.305,0.488,-0.144,-0.015,0.995,3,1658
528800638,-1.585,3.232,0.793,-0.110,0.157,1.044,3,1658
528801739,-0.183,3.354,0.305,0.019,0.091,1.028,3,1658
528802276,0.915,1.768,-0.183,0.247,-0.049,1.013,3,1668
528803382,0.305,-0.061,0.061,0.224,-0.091,0.958,3,1668
528804638,-1.890,-0.244,0.305,-0.119,-0.032,1.000,3,1668
528805584,-3.049,1.402,0.915,-0.249,0.083,1.163,3,1668
528806640,-0.488,3.354,0.610,0.026,0.091,1.042,3,1668
528807575,0.915,1.829,-0.183,0.232,-0.042,1.031,3,1668
528808640,0.488,-0.061,0.000,0.243,-0.093,0.951,3,1668
528809575,-1.341,-0.671,0.610,-0.083,-0.054,1.000,3,1668
528810640,-2.805,1.341,0.671,-0.239,0.064,1.125,3,1668
528811582,-2.317,3.110,1.037,-0.179,0.179,1.067,3,1668
528812640,-0.366,3.354,0.671,0.037,0.090,1.061,3,1668
528813582,1.098,1.890,-0.366,0.202,-0.051,1.027,3,1668
528814640,-1.159,-0.915,0.305,-0.062,-0.053,1.003,3,1668
528815584,-2.744,1.159,0.427,-0.243,0.064,1.082,3,1668
528816640,-2.622,3.110,1.037,-0.193,0.195,1.082,3,1668
528817577,-1.280,3.049,0.854,0.024,0.085,1.078,3,1668
528818640,0.549,1.829,0.000,0.191,-0.036,1.027,3,1668
528819575,0.244,-0.305,0.061,0.257,-0.074,0.940,3,1668
528820640,-3.049,0.732,0.549,-0.241,0.048,1.061,3,1668
528821578,-2.744,2.927,0.793,-0.196,0.198,1.092,3,1668
528822640,-1.159,3.659,0.854,0.029,0.096,1.073,3,1668
528823575,0.976,2.073,0.061,0.159,-0.040,1.071,3,1668
528824640,0.854,0.000,-0.366,0.272,-0.063,0.929,3,1668
528825569,-1.220,-0.976,0.183,-0.015,-0.084,1.009,3,1668
528826640,-2.805,1.098,0.610,-0.239,0.052,1.018,3,1668
528827579,-2.622,2.927,0.671,0.017,0.110,1.081,3,1668
528828640,0.549,2.378,-0.122,0.144,-0.040,1.058,3,1668
528829583,1.159,0.183,-0.122,0.303,-0.058,0.908,3,1668
528830640,-0.976,-0.915,0.366,0.000,-0.087,1.032,3,1668
528831576,-2.683,0.732,0.549,-0.242,0.039,1.002,3,1668
528832640,-2.439,2.500,0.915,-0.218,0.215,1.134,3,1668
528833583,-1.585,3.293,0.732,0.009,0.112,1.094,3,1668
528834640,0.976,0.488,0.366,0.316,-0.044,0.912,3,1668
528835567,-1.098,-0.854,0.610,0.036,-0.105,1.023,3,1668
528836640,-2.744,0.915,0.732,-0.247,0.025,0.982,3,1668
528837586,-2.439,2.500,1.037,-0.230,0.208,1.134,3,1668
528838640,-1.585,3.415,0.732,0.005,0.110,1.113,3,1668
528839584,0.366,2.683,0.427,0.105,-0.008,1.085,3,1668
528840640,-0.671,-0.793,-0.061,0.061,-0.130,1.013,3,1668
528841583,-2.805,0.610,0.305,-0.242,0.020,0.960,3,1668
528842640,-2.683,2.195,1.220,-0.243,0.218,1.144,3,1668
528843586,-1.402,3.476,1.037,0.010,0.097,1.132,3,1668
528844640,0.122,2.744,0.183,0.080,0.024,1.094,3,1668
528845571,0.610,0.610,-0.122,0.310,-0.061,0.915,3,1668
528846640,-0.427,-0.549,0.366,0.083,-0.130,0.998,3,1668
528847567,-2.439,0.610,0.366,-0.236,0.025,0.957,3,1668
528848640,-1.707,3.415,0.976,-0.002,0.111,1.144,3,1668
528849563,0.244,2.744,0.244,0.077,0.028,1.070,3,1668
528850640,1.037,0.549,-0.061,0.283,-0.059,0.935,3,1668
528851601,-0.366,-0.488,0.305,0.106,-0.128,1.003,3,1668
528852640,-2.500,0.549,0.427,-0.208,0.019,0.966,3,1668
528853741,-1.646,3.537,1.098,0.002,0.099,1.149,3,1668
528854290,-1.646,3.537,1.098,0.002,0.099,1.149,3,1678
528855361,0.427,2.866,0.244,0.063,0.036,1.055,3,1678
528856638,-0.549,-0.366,0.122,0.109,-0.143,1.000,3,1678
528857587,-2.256,0.671,0.427,-0.222,0.022,0.999,3,1678
528858638,-2.988,2.012,0.976,-0.243,0.190,1.084,3,1678
528859587,-2.134,3.659,1.159,-0.022,0.129,1.151,3,1678
528860638,0.244,2.866,0.549,0.053,0.054,1.012,3,1678
528861575,1.220,0.671,-0.366,0.134,-0.152,0.997,3,1678
528862638,-2.378,-0.183,0.305,-0.207,0.017,1.011,3,1678
528863588,-2.988,1.768,0.671,-0.237,0.171,1.106,3,1678
528864638,-2.195,3.537,0.671,-0.029,0.139,1.149,3,1678
528865588,-0.305,2.866,0.366,0.059,0.049,1.005,3,1678
528866638,1.098,0.976,-0.183,0.279,-0.072,0.968,3,1678
528867580,-0.610,-0.183,-0.183,0.153,-0.155,0.990,3,1678
528868638,-3.171,1.951,0.793,-0.247,0.151,1.124,3,1678
528869580,-2.439,3.537,0.976,-0.054,0.169,1.119,3,1678
528870638,-0.366,3.110,0.244,0.033,0.068,0.982,3,1678
528871576,1.220,1.280,-0.244,0.295,-0.082,0.973,3,1678
528872638,0.000,-0.061,0.000,0.159,-0.145,0.997,3,1678
528873572,-2.256,0.000,0.427,-0.186,-0.004,1.017,3,1678
528874638,-2.317,3.232,1.037,-0.060,0.181,1.109,3,1678
528875576,-0.610,2.927,0.366,0.056,0.067,0.993,3,1678
528876638,0.793,1.098,-0.305,0.288,-0.083,0.966,3,1678
528877576,-0.061,-0.488,-0.183,0.183,-0.146,0.983,3,1678
528878638,-2.073,-0.244,0.488,-0.181,-0.019,1.020,3,1678
528879584,-2.805,1.585,0.915,-0.271,0.134,1.164,3,1678
528880638,-2.073,3.232,0.854,-0.081,0.198,1.092,3,1678
528881574,-0.427,3.171,0.427,0.046,0.084,1.008,3,1678
528882638,0.427,-0.244,-0.122,0.188,-0.147,0.975,3,1678
528883572,-2.012,-0.061,0.305,-0.165,-0.016,1.014,3,1678
528884638,-3.049,1.829,0.854,-0.273,0.121,1.165,3,1678
528885579,-2.073,3.293,0.854,-0.098,0.193,1.076,3,1678
528886638,-0.671,3.293,0.366,0.059,0.082,1.017,3,1678
528887580,0.610,1.341,-0.122,0.268,-0.095,1.000,3,1678
528888638,-2.012,-0.427,0.183,-0.133,-0.024,1.012,3,1678
528889576,-3.232,1.463,0.610,-0.286,0.128,1.161,3,1678
528890638,-2.561,3.049,0.976,-0.104,0.195,1.050,3,1678
528891582,-0.854,3.293,0.366,0.064,0.102,1.026,3,1678
528892638,0.793,1.524,-0.244,0.258,-0.081,1.006,3,1678
528893576,0.427,-0.183,-0.061,0.225,-0.138,0.978,3,1678
528894638,-1.829,-0.244,0.183,-0.125,-0.030,0.990,3,1678
528895590,-3.293,1.585,0.732,-0.134,0.188,1.058,3,1678
528896638,-0.793,3.354,0.488,0.071,0.110,1.033,3,1678
528897645,0.976,1.585,-0.244,0.239,-0.074,1.062,3,1678
528898178,0.610,0.000,-0.061,0.245,-0.130,0.989,3,1678
528899700,-1.524,-0.488,0.366,-0.127,-0.048,0.950,3,1678
528900201,-3.110,1.280,0.915,-0.286,0.116,1.132,3,1678
528901701,-0.793,3.293,0.427,0.045,0.123,1.039,3,1678
528902218,-0.793,3.293,0.427,0.045,0.123,1.039,3,1678
528903452,0.244,0.000,-0.061,0.260,-0.139,0.952,3,1678
528904638,-1.524,-0.732,0.488,-0.118,-0.049,0.958,3,1688
528905635,-2.866,1.280,0.915,-0.254,0.088,1.137,3,1688
528906152,-2.134,2.866,1.402,-0.139,0.197,1.074,3,1688
528907700,-0.793,3.110,0.915,0.047,0.121,1.036,3,1688
528908217,0.854,1.829,-0.427,0.216,-0.059,1.047,3,1688
528909699,-1.220,-0.549,0.122,-0.121,-0.066,0.976,3,1688
528910212,-1.220,-0.549,0.122,-0.121,-0.066,0.976,3,1688
528911699,-2.927,3.232,0.915,-0.167,0.221,1.082,3,1688
528912212,-1.280,3.598,0.427,0.032,0.119,1.045,3,1688
528913699,0.732,1.951,-0.488,0.203,-0.050,1.038,3,1688
528914212,0.122,0.122,-0.122,0.285,-0.114,0.935,3,1688
528915699,-2.927,1.220,0.854,-0.260,0.068,1.128,3,1688
528916212,-2.927,1.220,0.854,-0.260,0.068,1.128,3,1688
528917699,-0.854,3.049,1.037,0.034,0.114,1.047,3,1688
528918217,-0.854,3.049,1.037,0.034,0.114,1.047,3,1688
528919699,0.671,-0.183,-0.183,0.299,-0.119,0.923,3,1688
528920212,-1.098,-0.610,0.244,-0.095,-0.083,0.995,3,1688
528921699,-2.988,1.098,0.427,-0.251,0.054,1.136,3,1688
528922212,-2.805,2.805,0.854,-0.168,0.246,1.079,3,1688
528923699,0.793,2.195,-0.061,0.185,-0.045,1.042,3,1688
528924217,0.793,2.195,-0.061,0.185,-0.045,1.042,3,1688
528925699,-1.402,-0.549,0.305,-0.090,-0.093,0.998,3,1688
528926211,-2.805,1.098,0.732,-0.267,0.064,1.116,3,1688
528927699,-2.805,2.866,1.220,-0.173,0.247,1.094,3,1688
528928212,-1.402,3.049,1.037,0.041,0.114,1.063,3,1688
528929699,0.549,0.122,-0.183,0.293,-0.106,0.915,3,1688
528930221,0.549,0.122,-0.183,0.293,-0.106,0.915,3,1688
528931694,-2.805,1.220,0.610,-0.254,0.053,1.111,3,1688
528932200,-2.866,3.110,1.037,-0.182,0.253,1.079,3,1688
528933699,-1.402,3.354,0.854,0.048,0.117,1.066,3,1688
528934212,0.549,2.134,-0.183,0.203,-0.042,1.069,3,1688
528935699,-1.159,-0.610,0.244,-0.092,-0.096,1.007,3,1688
528936217,-1.159,-0.610,0.244,-0.092,-0.096,1.007,3,1688
528937699,-2.805,2.927,1.037,-0.196,0.250,1.081,3,1688
528938217,-2.805,2.927,1.037,-0.196,0.250,1.081,3,1688
528939699,0.915,2.195,-0.366,0.200,-0.048,1.065,3,1688
528940213,0.793,0.244,-0.244,0.271,-0.124,0.912,3,1688
528941699,-1.037,-0.488,0.366,-0.101,-0.104,1.008,3,1688
528942211,-2.683,1.037,0.610,-0.249,0.063,1.103,3,1688
528943699,-1.098,3.232,0.671,0.050,0.111,1.045,3,1688
528944212,-1.098,3.232,0.671,0.050,0.111,1.045,3,1688
528945699,0.732,0.183,-0.305,0.281,-0.129,0.913,3,1688
528946212,-1.402,-0.610,0.488,-0.098,-0.104,1.014,3,1688
528947699,-3.049,0.976,1.037,-0.257,0.064,1.106,3,1688
528948212,-2.561,2.744,1.220,-0.193,0.264,1.082,3,1688
528949699,0.793,2.256,0.000,0.210,-0.050,1.068,3,1688
528950212,0.793,2.256,0.000,0.210,-0.050,1.068,3,1688
528951700,-1.402,-0.366,0.183,-0.090,-0.116,1.022,3,1688
528952213,-1.402,-0.366,0.183,-0.090,-0.116,1.022,3,1688
528953421,-2.744,2.805,1.341,-0.195,0.248,1.077,3,1688
528954638,-1.159,3.232,0.915,0.039,0.120,1.039,3,1697
528955635,0.793,2.317,-0.305,0.217,-0.047,1.060,3,1697
528956151,0.915,0.244,-0.305,0.279,-0.138,0.918,3,1697
528957701,-2.744,1.098,0.976,-0.275,0.086,1.123,3,1697
528958220,-2.744,1.098,0.976,-0.275,0.086,1.123,3,1697
528959700,-1.402,3.171,0.976,0.059,0.118,1.043,3,1697
528960219,0.671,2.439,-0.061,0.237,-0.066,1.048,3,1697
528961700,0.427,0.183,-0.061,0.272,-0.130,0.933,3,1697
528962210,-1.341,-0.488,0.305,-0.088,-0.108,1.014,3,1697
528963700,-2.561,2.744,1.463,-0.194,0.249,1.081,3,1697
528964219,-2.561,2.744,1.463,-0.194,0.249,1.081,3,1697
528965700,0.915,2.256,-0.061,0.217,-0.047,1.029,3,1697
528966206,0.915,0.183,0.000,0.258,-0.140,0.944,3,1697
528967700,-1.037,-0.366,0.244,-0.090,-0.104,1.011,3,1697
528968219,-2.805,1.037,0.793,-0.287,0.088,1.115,3,1697
528969700,-0.915,3.598,1.098,0.056,0.147,1.047,3,1697
528970203,-0.915,3.598,1.098,0.056,0.147,1.047,3,1697
528971700,0.610,0.000,-0.244,0.276,-0.154,0.938,3,1697
528972203,0.610,0.000,-0.244,0.276,-0.154,0.938,3,1697
528973695,-3.110,1.341,0.854,-0.274,0.087,1.125,3,1697
528974203,-2.805,3.049,1.402,-0.180,0.258,1.090,3,1697
528975700,-1.159,3.537,1.037,0.057,0.132,1.032,3,1697
528976207,0.793,2.256,-0.244,0.223,-0.060,1.043,3,1697
528977700,-0.915,-0.488,0.244,-0.125,-0.103,0.992,3,1697
528978219,-0.915,-0.488,0.244,-0.125,-0.103,0.992,3,1697
528979695,-2.439,3.110,1.463,-0.168,0.256,1.072,3,1697
528980198,-0.976,3.476,1.037,0.065,0.139,1.027,3,1697
528981700,1.463,2.073,-0.427,0.219,-0.067,1.062,3,1697
528982219,1.037,0.122,-0.488,0.300,-0.162,0.934,3,1697
528983700,-2.988,1.280,0.793,-0.297,0.087,1.159,3,1697
528984210,-2.988,1.280,0.793,-0.297,0.087,1.159,3,1697
528985700,-1.098,3.232,0.854,0.077,0.137,1.018,3,1697
528986203,-1.098,3.232,0.854,0.077,0.137,1.018,3,1697
528987700,0.793,0.122,-0.244,0.294,-0.173,0.938,3,1697
528988219,-1.402,-0.427,0.183,-0.151,-0.096,0.976,3,1697
528989700,-3.659,1.402,0.915,-0.291,0.099,1.184,3,1697
528990207,-3.049,2.744,1.402,-0.145,0.264,1.059,3,1697
528991700,0.915,1.768,-0.061,0.236,-0.069,1.061,3,1697
528992209,0.915,1.768,-0.061,0.236,-0.069,1.061,3,1697
528993700,-1.585,-0.427,0.061,-0.164,-0.094,0.963,3,1697
528994203,-3.537,1.585,0.732,-0.306,0.113,1.203,3,1697
528995700,-3.049,3.110,1.341,-0.132,0.262,1.047,3,1697
528996203,-1.159,2.805,0.793,0.062,0.144,1.011,3,1697
528997700,0.610,-0.183,-0.122,0.279,-0.185,0.939,3,1697
528998207,0.610,-0.183,-0.122,0.279,-0.185,0.939,3,1697
528999695,-2.988,1.341,0.915,-0.307,0.112,1.209,3,1697
529000203,-2.195,2.683,1.402,-0.118,0.254,1.048,3,1697
529001701,-0.488,3.049,0.549,0.070,0.151,1.000,3,1697
529002215,1.098,1.829,-0.427,0.257,-0.097,1.047,3,1697
529003424,0.549,0.244,-0.305,0.258,-0.183,0.964,3,1697
529004638,-3.110,1.159,0.671,-0.294,0.114,1.192,3,1707
529005642,-2.561,2.805,1.220,-0.121,0.253,1.053,3,1707
529006153,-2.561,2.805,1.220,-0.121,0.253,1.053,3,1707
529007700,1.037,1.768,-0.305,0.279,-0.105,1.028,3,1707
529008211,0.610,-0.061,-0.183,0.242,-0.190,0.971,3,1707
529009699,-1.768,-0.183,0.610,-0.200,-0.072,0.988,3,1707
529010216,-3.354,1.524,1.220,-0.303,0.130,1.190,3,1707
529011699,-0.915,2.805,0.610,0.069,0.137,1.000,3,1707
529012212,-0.915,2.805,0.610,0.069,0.137,1.000,3,1707
529013699,0.549,0.000,-0.427,0.233,-0.194,0.973,3,1707
529014212,-1.707,-0.122,0.061,-0.195,-0.059,1.020,3,1707
529015699,-3.110,1.524,0.732,-0.292,0.137,1.168,3,1707
529016212,-2.500,2.805,0.976,-0.104,0.263,1.092,3,1707
529017699,1.098,1.463,-0.183,0.315,-0.108,0.987,3,1707
529018212,1.098,1.463,-0.183,0.315,-0.108,0.987,3,1707
529019699,-1.707,-0.183,0.244,-0.203,-0.056,1.018,3,1707
529020212,-1.707,-0.183,0.244,-0.203,-0.056,1.018,3,1707
529021699,-2.378,2.988,1.280,-0.103,0.267,1.123,3,1707
529022212,-0.244,2.927,0.854,0.082,0.121,1.005,3,1707
529023699,1.220,1.280,-0.122,0.316,-0.114,0.957,3,1707
529024221,0.183,-0.183,-0.366,0.192,-0.214,0.976,3,1707
529025699,-3.049,1.463,1.037,-0.292,0.182,1.124,3,1707
529026212,-3.049,1.463,1.037,-0.292,0.182,1.124,3,1707
529027699,-0.244,2.927,0.793,0.098,0.108,1.009,3,1707
529028212,1.463,1.159,-0.427,0.320,-0.124,0.957,3,1707
529029699,0.061,-0.183,-0.366,0.176,-0.211,0.970,3,1707
529030212,-2.378,0.000,0.183,-0.213,-0.056,1.019,3,1707
529031699,-2.561,3.049,1.402,-0.065,0.254,1.166,3,1707
529032212,-2.561,3.049,1.402,-0.065,0.254,1.166,3,1707
529033699,1.463,1.098,-0.549,0.325,-0.140,0.945,3,1707
529034212,0.244,-0.305,-0.427,0.146,-0.209,0.963,3,1707
529035699,-2.378,0.183,0.366,-0.221,-0.046,0.995,3,1707
529036216,-3.232,1.768,0.915,-0.302,0.212,1.123,3,1707
529037699,0.183,2.744,0.671,0.118,0.092,1.027,3,1707
529038212,0.183,2.744,0.671,0.118,0.092,1.027,3,1707
529039699,0.183,-0.366,-0.305,0.128,-0.214,0.951,3,1707
529040212,0.183,-0.366,-0.305,0.128,-0.214,0.951,3,1707
529041694,-3.415,1.829,0.732,-0.308,0.240,1.133,3,1707
529042201,-2.439,3.293,1.524,-0.041,0.233,1.181,3,1707
529043699,0.000,2.622,0.610,0.131,0.079,1.048,3,1707
529044212,1.402,0.549,-0.610,0.327,-0.138,0.932,3,1707
529045699,-2.256,0.244,0.366,-0.248,-0.039,0.976,3,1707
529046216,-2.256,0.244,0.366,-0.248,-0.039,0.976,3,1707
529047699,-2.439,3.537,1.280,-0.029,0.201,1.167,3,1707
529048212,0.183,2.866,0.061,0.131,0.073,1.068,3,1707
529049699,1.402,0.732,-0.610,0.341,-0.123,0.932,3,1707
529050212,-0.244,-0.244,-0.061,0.106,-0.213,0.949,3,1707
529051700,-3.354,1.951,1.463,-0.303,0.259,1.140,3,1707
529052213,-3.354,1.951,1.463,-0.303,0.259,1.140,3,1707
529053426,-0.061,2.744,0.000,0.131,0.057,1.084,3,1707
529054638,1.341,0.549,-0.549,0.358,-0.142,0.921,3,1717
529055642,0.061,-0.488,-0.427,0.066,-0.216,0.990,3,1717
529056152,-2.317,0.671,0.122,-0.294,-0.020,0.957,3,1717
529057701,-3.110,2.012,0.915,-0.275,0.279,1.133,3,1717
529058214,-2.195,3.110,1.037,0.006,0.188,1.128,3,1717
529059712,1.585,0.427,-0.793,0.370,-0.159,0.895,3,1717
529060238,1.585,0.427,-0.793,0.370,-0.159,0.895,3,1717
529061230,-0.244,-0.671,-0.244,-0.308,-0.003,0.953,3,1717
529062687,-3.049,2.317,1.280,-0.267,0.308,1.125,3,1717
529063188,-2.012,2.927,1.280,0.024,0.191,1.117,3,1717
529064700,0.305,2.622,0.305,0.154,0.020,1.087,3,1717
529065219,1.524,0.244,-0.549,0.362,-0.157,0.863,3,1717
529066700,-2.866,0.732,0.305,-0.314,-0.008,0.993,3,1717
529067207,-2.866,0.732,0.305,-0.314,-0.008,0.993,3,1717
529068700,-2.256,3.110,1.463,0.041,0.188,1.094,3,1717
529069220,0.671,2.317,0.366,0.188,-0.002,1.095,3,1717
529070712,1.585,0.427,-0.610,0.356,-0.176,0.880,3,1717
529071232,-0.671,-0.183,-0.061,-0.058,-0.174,1.019,3,1717
529072336,-2.683,0.854,0.610,-0.297,0.025,1.054,3,1717
529073639,-1.707,2.927,1.280,0.047,0.177,1.073,3,1717
529074579,0.976,2.195,-0.305,0.213,-0.023,1.098,3,1717
529075639,1.341,0.366,-0.793,0.323,-0.189,0.885,3,1717
529076580,-0.854,-0.244,-0.305,-0.094,-0.164,1.007,3,1717
529077639,-2.805,1.037,0.366,-0.297,0.056,1.112,3,1717
529078695,-1.463,2.927,1.098,0.059,0.174,1.042,3,1717
529079205,-1.463,2.927,1.098,0.059,0.174,1.042,3,1717
529080700,1.341,0.488,-0.427,0.304,-0.211,0.900,3,1717
529081204,1.341,0.488,-0.427,0.304,-0.211,0.900,3,1717
529082700,-3.049,1.341,0.488,-0.309,0.076,1.161,3,1717
529083220,-2.866,2.866,1.585,-0.184,0.308,1.057,3,1717
529084700,-1.037,2.683,1.098,0.066,0.161,1.026,3,1717
529085204,1.341,1.890,-0.244,0.267,-0.054,1.068,3,1717
529086700,-1.585,-0.183,0.122,-0.149,-0.133,1.019,3,1717
529087204,-1.585,-0.183,0.122,-0.149,-0.133,1.019,3,1717
529088700,-2.805,2.805,1.463,-0.174,0.286,1.046,3,1717
529089204,-0.732,2.988,0.915,0.076,0.158,1.020,3,1717
529090700,1.402,1.768,-0.305,0.313,-0.081,1.010,3,1717
529091220,0.915,0.244,-0.244,0.251,-0.224,0.945,3,1717
529092700,-3.598,1.768,0.549,-0.321,0.135,1.201,3,1717
529093204,-3.598,1.768,0.549,-0.321,0.135,1.201,3,1717
529094700,-0.793,2.988,1.037,0.083,0.157,1.012,3,1717
529095220,1.220,1.159,-0.366,0.318,-0.098,0.962,3,1717
529096700,0.793,-0.366,-0.427,0.222,-0.228,0.965,3,1717
529097204,-1.646,-0.244,0.061,-0.202,-0.088,1.021,3,1717
529098700,-3.232,1.280,1.037,-0.312,0.161,1.167,3,1717
529099208,-2.683,2.805,1.463,-0.115,0.297,1.128,3,1717
529100700,1.524,1.159,-0.122,0.331,-0.124,0.944,3,1717
529101240,1.524,1.159,-0.122,0.331,-0.124,0.944,3,1717
529102465,-1.951,0.061,0.244,-0.212,-0.083,1.002,3,1717
529103638,-3.415,1.707,0.854,-0.314,0.195,1.127,3,1727
529104645,-2.683,3.232,1.402,-0.087,0.282,1.181,3,1727
529105157,-0.122,2.744,0.915,0.116,0.124,0.999,3,1727
529106700,0.427,-0.366,-0.305,0.146,-0.246,0.934,3,1727
529107215,0.427,-0.366,-0.305,0.146,-0.246,0.934,3,1727
529108694,-3.476,1.646,1.159,-0.314,0.225,1.122,3,1727
529109199,-2.622,3.354,1.280,-0.056,0.257,1.187,3,1727
529110699,-0.183,2.683,0.671,0.144,0.101,1.038,3,1727
529111210,1.585,0.671,-0.732,0.344,-0.137,0.951,3,1727
529112699,-2.195,0.366,0.183,-0.261,-0.053,0.972,3,1727
529113210,-2.195,0.366,0.183,-0.261,-0.053,0.972,3,1727
529114699,-2.378,3.476,1.402,-0.030,0.226,1.158,3,1727
529115210,-2.378,3.476,1.402,-0.030,0.226,1.158,3,1727
529116699,1.402,0.793,-0.427,0.372,-0.150,0.926,3,1727
529117211,-0.061,-0.366,-0.305,0.076,-0.244,0.950,3,1727
529118699,-2.561,0.976,0.549,-0.315,-0.029,0.958,3,1727
529119211,-3.354,2.012,1.341,-0.297,0.294,1.139,3,1727
529120699,0.305,2.622,0.427,0.162,0.061,1.079,3,1727
529121211,0.305,2.622,0.427,0.162,0.061,1.079,3,1727
529122699,-0.061,-0.366,-0.183,0.021,-0.221,1.027,3,1727
529123217,-2.195,0.915,0.549,-0.335,-0.010,0.993,3,1727
529124699,-2.927,2.378,1.280,-0.252,0.313,1.124,3,1727
529125210,-2.195,3.110,1.524,0.029,0.208,1.100,3,1727
529126699,1.463,0.427,-0.610,0.369,-0.189,0.853,3,1727
529127215,1.463,0.427,-0.610,0.369,-0.189,0.853,3,1727
529128699,-2.927,0.976,0.122,-0.334,0.009,1.068,3,1727
529129211,-2.927,0.976,0.122,-0.334,0.009,1.068,3,1727
529130699,-1.951,3.354,1.524,0.040,0.212,1.058,3,1727
529131211,0.854,2.561,0.305,0.213,-0.015,1.080,3,1727
529132699,1.402,0.610,-0.488,0.352,-0.196,0.899,3,1727
529133210,-1.463,-0.244,0.000,-0.095,-0.190,1.000,3,1727
529134701,-3.537,2.378,1.402,-0.195,0.332,1.071,3,1727
529135214,-3.537,2.378,1.402,-0.195,0.332,1.071,3,1727
529136699,1.220,2.073,-0.244,0.245,-0.031,1.073,3,1727
529137210,1.341,0.366,-0.793,0.331,-0.225,0.916,3,1727
529138699,-1.037,-0.122,-0.183,-0.146,-0.160,0.976,3,1727
529139210,-3.110,1.646,0.671,-0.349,0.081,1.194,3,1727
529140266,-3.232,2.866,1.402,-0.156,0.324,1.041,3,1727
529141639,0.915,1.951,-0.122,0.276,-0.064,1.062,3,1727
529142582,0.915,0.244,-0.305,0.295,-0.255,0.948,3,1727
529143639,-1.341,0.122,0.061,-0.196,-0.132,0.972,3,1727
529144580,-3.354,1.707,0.854,-0.322,0.114,1.203,3,1727
529145639,-2.744,2.866,1.524,-0.146,0.323,1.051,3,1727
529146590,-0.976,2.927,1.098,0.077,0.187,1.001,3,1727
529147640,0.671,0.061,-0.671,0.242,-0.251,0.985,3,1727
529148579,-1.524,0.061,0.000,-0.239,-0.110,0.990,3,1727
529149640,-3.293,1.768,0.854,-0.320,0.151,1.148,3,1727
529150578,-2.927,2.927,1.280,-0.104,0.322,1.137,3,1727
529151640,-0.793,2.561,0.915,0.085,0.155,0.989,3,1727
529152740,1.098,0.976,-0.488,0.348,-0.123,0.970,3,1727
529153282,0.122,0.000,-0.732,0.188,-0.277,0.986,3,1736
529154412,-1.951,0.366,-0.061,-0.238,-0.083,0.980,3,1736
529155638,-2.805,3.171,1.524,-0.065,0.291,1.191,3,1736
529156630,-0.305,2.744,0.610,0.112,0.137,1.003,3,1736
529157638,1.768,1.098,-0.793,0.366,-0.137,0.967,3,1736
529158585,0.366,-0.244,-0.366,0.131,-0.259,0.958,3,1736
529159638,-2.134,0.427,0.183,-0.239,-0.066,0.934,3,1736
529160575,-3.476,1.951,0.976,-0.318,0.249,1.107,3,1736
529161638,-0.183,2.988,0.427,0.147,0.107,1.071,3,1736
529162582,1.280,0.915,-0.671,0.368,-0.162,0.974,3,1736
529163638,-0.427,-0.061,-0.366,0.065,-0.253,0.977,3,1736
529164576,-2.866,0.549,0.244,-0.284,-0.050,0.901,3,1736
529165638,-3.841,2.012,1.098,-0.306,0.288,1.112,3,1736
529166588,-2.500,3.110,1.402,0.010,0.245,1.149,3,1736
529167638,1.829,0.610,-0.549,0.388,-0.200,0.928,3,1736
529168580,-0.061,-0.183,-0.305,0.001,-0.247,0.998,3,1736
529169638,-2.805,0.854,0.549,-0.319,-0.004,0.991,3,1736
529170576,-3.415,2.378,1.280,-0.264,0.331,1.100,3,1736
529171638,-2.012,2.927,1.220,0.023,0.242,1.090,3,1736
529172580,0.915,2.256,0.183,0.232,0.019,1.089,3,1736
529173638,1.768,0.305,-0.610,0.353,-0.216,0.921,3,1736
529174579,-0.732,-0.305,-0.488,-0.060,-0.208,1.015,3,1736
529175638,-3.354,2.622,1.463,-0.213,0.327,1.063,3,1736
529176697,-1.524,2.927,1.524,0.055,0.226,1.034,3,1736
529177210,1.159,2.073,-0.183,0.271,-0.014,1.094,3,1736
529178700,1.402,0.183,-1.098,0.342,-0.262,0.958,3,1736
529179209,-0.854,-0.061,-0.671,-0.136,-0.183,0.959,3,1736
529180274,-2.927,1.220,0.549,-0.359,0.082,1.144,3,1736
529181638,-1.098,3.049,1.220,0.055,0.214,1.028,3,1736
529182576,0.915,1.951,-0.366,0.319,-0.062,1.066,3,1736
529183639,0.854,0.122,-0.915,0.306,-0.270,0.978,3,1736
529184572,-1.646,-0.061,-0.366,-0.214,-0.147,0.954,3,1736
529185639,-3.476,1.463,0.671,-0.347,0.133,1.124,3,1736
529186701,-3.171,2.622,1.402,-0.132,0.341,1.106,3,1736
529187212,-1.159,2.805,1.220,0.078,0.179,0.998,3,1736
529188700,1.341,-0.183,-0.488,0.249,-0.305,0.958,3,1736
529189210,1.341,-0.183,-0.488,0.249,-0.305,0.958,3,1736
529190700,-3.415,1.829,0.976,-0.325,0.197,1.098,3,1736
529191210,-2.927,3.293,1.768,-0.070,0.335,1.181,3,1736
529192700,-0.366,2.378,0.793,0.092,0.153,1.013,3,1736
529193215,2.012,0.854,-0.732,0.368,-0.120,1.002,3,1736
529194700,-2.073,0.427,0.122,-0.295,-0.081,0.924,3,1736
529195210,-2.073,0.427,0.122,-0.295,-0.081,0.924,3,1736
529196700,-2.561,3.171,1.890,-0.019,0.272,1.179,3,1736
529197210,-2.561,3.171,1.890,-0.019,0.272,1.179,3,1736
529198700,1.524,0.488,-0.488,0.396,-0.177,0.908,3,1736
529199211,-0.183,-0.305,-0.549,0.062,-0.270,1.014,3,1736
529200700,-2.744,0.549,0.061,-0.314,-0.060,0.905,3,1736
529201238,-3.598,2.073,1.341,-0.290,0.316,1.125,3,1736
529202470,-2.561,2.927,1.524,0.011,0.249,1.163,3,1736
529203638,1.707,0.244,-0.610,0.380,-0.187,0.861,3,1746
529204630,-0.366,-0.061,-0.244,-0.027,-0.250,1.028,3,1746
529205150,-2.988,1.220,0.366,-0.328,-0.014,1.000,3,1746
529206220,-3.293,2.561,1.159,-0.252,0.349,1.120,3,1746
529207695,-1.829,2.744,1.524,0.046,0.227,1.080,3,1746
529208200,0.427,2.073,0.244,0.229,0.017,1.106,3,1746
529209699,-1.280,-0.183,0.000,-0.098,-0.207,1.004,3,1746
529210211,-1.280,-0.183,0.000,-0.098,-0.207,1.004,3,1746
529211700,-3.110,2.927,1.402,-0.189,0.349,1.060,3,1746
529212212,-1.402,2.744,1.280,0.046,0.228,1.017,3,1746
529213699,1.159,1.463,-0.244,0.289,-0.027,1.078,3,1746
529214215,1.220,-0.122,-0.488,0.317,-0.247,0.930,3,1746
529215699,-3.049,1.341,1.037,-0.352,0.083,1.208,3,1746
529216215,-3.049,1.341,1.037,-0.352,0.083,1.208,3,1746
529217699,-1.159,2.683,1.280,0.075,0.218,1.012,3,1746
529218211,1.220,1.341,-0.122,0.351,-0.091,0.995,3,1746
529219699,0.793,0.122,-0.366,0.254,-0.287,0.991,3,1746
529220219,-1.646,0.366,0.183,-0.219,-0.132,0.960,3,1746
529221699,-3.232,3.049,1.402,-0.098,0.333,1.160,3,1746
529222215,-3.232,3.049,1.402,-0.098,0.333,1.160,3,1746
529223699,1.585,1.280,-0.122,0.370,-0.129,0.978,3,1746
529224211,1.585,1.280,-0.122,0.370,-0.129,0.978,3,1746
529225699,-2.012,0.366,-0.122,-0.237,-0.100,0.918,3,1746
529226219,-3.659,1.768,1.098,-0.344,0.243,1.109,3,1746
529227699,-2.683,3.293,1.768,-0.043,0.284,1.201,3,1746
529228215,0.183,2.439,0.732,0.135,0.150,1.061,3,1746
529229699,0.671,-0.366,-0.488,0.092,-0.274,0.958,3,1746
529230211,0.671,-0.366,-0.488,0.092,-0.274,0.958,3,1746
529231694,-3.720,2.012,1.585,-0.330,0.285,1.115,3,1746
529232208,-2.561,3.049,1.707,-0.013,0.271,1.167,3,1746
529233699,-0.061,2.134,0.671,0.182,0.086,1.104,3,1746
529234211,1.646,0.122,-0.732,0.379,-0.197,0.939,3,1746
529235699,-2.317,1.037,0.305,-0.316,-0.029,0.986,3,1746
529236211,-2.317,1.037,0.305,-0.316,-0.029,0.986,3,1746
529237699,-2.134,3.110,1.768,0.036,0.249,1.100,3,1746
529238215,0.671,2.256,0.305,0.239,0.043,1.100,3,1746
529239699,1.524,0.183,-0.671,0.349,-0.235,0.922,3,1746
529240218,-0.610,-0.244,-0.427,-0.072,-0.217,0.991,3,1746
529241279,-3.049,1.159,0.549,-0.357,0.031,1.130,3,1746
529242639,-1.646,2.866,1.707,0.053,0.236,1.037,3,1746
529243575,0.854,1.463,0.061,0.293,-0.030,1.090,3,1746
529244639,0.793,-0.183,-0.610,0.330,-0.261,0.964,3,1746
529245581,-1.159,-0.122,-0.183,-0.162,-0.184,0.945,3,1746
529246639,-3.293,1.585,0.671,-0.358,0.097,1.152,3,1746
529247710,-3.232,2.744,1.341,-0.160,0.343,1.054,3,1746
529248226,-1.280,2.744,1.280,0.066,0.207,1.013,3,1746
529249699,0.854,-0.183,-0.671,0.282,-0.284,0.988,3,1746
529250215,0.854,-0.183,-0.671,0.282,-0.284,0.988,3,1746
529251694,-3.232,1.951,0.793,-0.346,0.164,1.102,3,1746
529252204,-3.110,3.232,1.646,-0.103,0.348,1.152,3,1746
529253404,-0.793,2.866,1.037,0.093,0.166,1.000,3,1746
529254640,2.012,1.159,-0.427,0.352,-0.112,1.021,3,1756
529255626,0.671,-0.305,-0.793,0.221,-0.313,0.935,3,1756
529256639,-3.659,1.707,1.220,-0.338,0.233,1.106,3,1756
529257584,-2.805,3.171,1.951,-0.039,0.302,1.188,3,1756
529258640,-0.122,2.500,0.671,0.115,0.135,1.049,3,1756
529259576,1.646,0.427,-0.610,0.404,-0.155,0.942,3,1756
529260639,-0.122,-0.061,-0.427,0.098,-0.305,0.992,3,1756
529261567,-2.439,0.976,0.061,-0.333,-0.059,0.909,3,1756
529262639,-2.500,3.110,1.402,0.006,0.275,1.167,3,1756
529263559,0.305,2.378,0.366,0.178,0.094,1.097,3,1756
529264639,2.073,0.305,-0.610,0.391,-0.188,0.859,3,1756
529265635,0.061,0.000,-0.427,-0.016,-0.270,1.028,3,1756
529266161,-2.622,1.159,0.244,-0.344,-0.029,0.992,3,1756
529267701,-3.476,2.622,1.280,-0.250,0.349,1.125,3,1756
529268213,-2.256,2.988,1.829,0.038,0.252,1.081,3,1756
529269700,1.585,0.244,-0.549,0.357,-0.237,0.873,3,1756
529270210,1.585,0.244,-0.549,0.357,-0.237,0.873,3,1756
529271700,-2.927,1.585,0.305,-0.365,0.047,1.183,3,1756
529272204,-2.927,1.585,0.305,-0.178,0.353,1.038,3,1756
529273700,-1.098,2.805,1.646,0.053,0.242,1.023,3,1756
529274210,1.341,1.951,-0.183,0.304,-0.034,1.073,3,1756
529275700,1.159,0.244,-0.854,0.309,-0.286,0.955,3,1756
529276204,-1.402,0.183,-0.305,-0.210,-0.177,0.941,3,1756
529277700,-3.049,2.622,1.402,-0.121,0.363,1.079,3,1756
529278204,-3.049,2.622,1.402,-0.121,0.363,1.079,3,1756
529279700,1.768,1.220,-0.427,0.352,-0.098,1.009,3,1756
529280220,1.098,-0.061,-0.610,0.217,-0.312,0.977,3,1756
529281700,-1.646,0.305,-0.061,-0.231,-0.138,0.931,3,1756
529282220,-3.598,1.890,0.915,-0.355,0.210,1.093,3,1756
529283700,-0.305,2.561,0.976,0.133,0.163,1.028,3,1756
529284220,-0.305,2.561,0.976,0.133,0.163,1.028,3,1756
529285700,0.610,0.000,-0.854,0.108,-0.304,0.947,3,1756
529286220,-2.317,0.610,0.122,-0.275,-0.083,0.856,3,1756
529287700,-3.902,1.890,1.402,-0.322,0.276,1.115,3,1756
529288204,-2.561,3.232,1.524,-0.032,0.295,1.189,3,1756
529289700,2.073,0.305,-0.488,0.394,-0.197,0.943,3,1756
529290210,2.073,0.305,-0.488,0.394,-0.197,0.943,3,1756
529291700,-2.927,1.159,0.183,-0.330,-0.034,0.985,3,1756
529292204,-2.927,1.159,0.183,-0.330,-0.034,0.985,3,1756
529293700,-2.195,2.744,1.585,0.045,0.258,1.096,3,1756
529294208,0.732,2.134,0.427,0.240,0.058,1.150,3,1756
529295700,1.707,0.366,-0.793,0.368,-0.253,0.889,3,1756
529296204,-0.854,-0.183,-0.549,-0.079,-0.243,1.005,3,1756
529297261,-3.171,1.707,0.549,-0.371,0.040,1.129,3,1756
529298639,-1.159,2.866,1.585,0.063,0.252,1.052,3,1756
529299584,1.098,1.768,0.061,0.318,-0.023,1.061,3,1756
529300640,1.280,0.183,-0.915,0.294,-0.277,0.951,3,1756
529301612,-1.037,0.244,-0.366,-0.171,-0.188,0.998,3,1756
529302639,-3.537,1.829,0.854,-0.370,0.104,1.153,3,1756
529303739,-0.976,2.866,1.159,0.091,0.207,0.988,3,1756
529304290,-0.976,2.866,1.159,0.091,0.207,0.988,3,1766
529305386,1.220,-0.183,-0.549,0.227,-0.321,0.967,3,1766
529306638,-1.829,0.122,-0.366,-0.219,-0.143,0.961,3,1766
529307588,-3.720,1.768,0.671,-0.377,0.196,1.120,3,1766
529308639,-3.110,3.659,1.951,-0.075,0.336,1.189,3,1766
529309582,-0.183,2.683,1.037,0.137,0.161,1.054,3,1766
529310639,0.549,-0.244,-0.549,0.117,-0.317,0.976,3,1766
529311575,-2.378,0.976,0.305,-0.305,-0.106,0.884,3,1766
529312639,-3.780,2.317,1.402,-0.335,0.287,1.159,3,1766
529313567,-3.049,3.171,1.768,-0.007,0.301,1.164,3,1766
529314639,-0.061,2.256,1.098,0.162,0.117,1.083,3,1766
529315571,1.707,0.366,-0.549,0.403,-0.184,0.874,3,1766
529316639,0.061,-0.244,-0.427,0.022,-0.295,1.022,3,1766
529317572,-3.720,2.805,1.159,-0.247,0.347,1.100,3,1766
529318639,-2.439,2.927,1.707,0.045,0.270,1.072,3,1766
529319582,0.671,2.134,0.427,0.229,0.052,1.135,3,1766
529320639,1.707,0.427,-1.037,0.389,-0.261,0.924,3,1766
529321571,-0.793,0.061,-0.793,-0.112,-0.259,0.941,3,1766
529322639,-3.171,1.646,0.305,-0.376,0.046,1.191,3,1766
529323579,-3.354,2.866,1.646,-0.181,0.365,1.009,3,1766
529324639,1.159,1.524,-0.488,0.317,-0.038,1.106,3,1766
529325571,0.976,-0.305,-0.793,0.289,-0.303,0.952,3,1766
529326639,-1.280,0.366,-0.305,-0.225,-0.187,0.939,3,1766
529327579,-3.476,1.829,0.732,-0.369,0.142,1.121,3,1766
529328639,-3.232,2.927,1.524,-0.080,0.368,1.126,3,1766
529329576,-0.793,2.683,1.402,0.092,0.212,1.002,3,1766
529330639,1.098,0.000,-0.793,0.184,-0.326,0.971,3,1766
529331579,-2.012,0.671,-0.244,-0.257,-0.132,0.916,3,1766
529332639,-3.902,2.073,1.098,-0.349,0.251,1.057,3,1766
529333579,-2.988,3.476,1.829,-0.028,0.323,1.198,3,1766
529334639,-0.122,2.500,0.854,0.133,0.155,1.062,3,1766
529335637,2.012,0.427,-0.854,0.397,-0.179,0.931,3,1766
529336154,0.183,-0.183,-0.549,0.036,-0.304,1.028,3,1766
529337699,-3.293,2.500,1.159,-0.291,0.337,1.136,3,1766
529338221,-3.293,2.500,1.159,-0.291,0.337,1.136,3,1766
529339699,0.183,2.073,0.305,0.235,0.068,1.146,3,1766
529340211,0.183,2.073,0.305,0.372,-0.235,0.864,3,1766
529341697,-0.671,-0.244,-0.488,-0.078,-0.262,1.006,3,1766
529342207,-3.049,1.585,-0.061,-0.367,0.018,1.140,3,1766
529343272,-3.293,2.988,1.524,-0.203,0.353,1.018,3,1766
529344639,1.280,1.829,-0.183,0.319,-0.018,1.085,3,1766
529345575,1.341,0.183,-0.915,0.299,-0.298,0.951,3,1766
529346639,-1.159,0.244,-0.183,-0.197,-0.197,0.953,3,1766
529347578,-3.598,1.585,0.854,-0.360,0.111,1.135,3,1766
529348639,-3.171,2.744,1.768,-0.106,0.375,1.111,3,1766
529349567,-1.098,2.561,1.463,0.084,0.229,1.014,3,1766
529350640,1.524,0.793,0.061,0.371,-0.101,1.016,3,1766
529351761,-1.890,0.122,-0.061,-0.234,-0.150,0.883,3,1766
529352307,-1.890,0.122,-0.061,-0.234,-0.150,0.883,3,1776
529353401,-3.293,3.415,1.829,-0.054,0.344,1.198,3,1776
529354638,-0.183,2.378,0.854,0.148,0.167,1.069,3,1776
529355576,1.768,0.488,-0.305,0.412,-0.173,0.997,3,1776
529356638,0.366,0.000,-0.366,0.069,-0.308,0.963,3,1776
529357568,-2.317,0.915,0.305,-0.306,-0.094,0.908,3,1776
529358638,-2.378,2.988,1.707,0.030,0.297,1.138,3,1776
529359575,0.427,2.134,0.549,0.208,0.100,1.134,3,1776
529360638,1.890,0.244,-0.610,0.380,-0.231,0.909,3,1776
529361576,-0.366,-0.122,-0.427,-0.055,-0.266,1.008,3,1776
529362638,-2.805,1.341,0.427,-0.362,0.010,1.100,3,1776
529363706,-3.049,2.805,1.585,-0.225,0.343,1.006,3,1776
529364211,-1.524,2.866,1.707,0.041,0.278,1.053,3,1776
529365697,1.524,-0.122,-0.793,0.303,-0.282,0.961,3,1776
529366207,1.524,-0.122,-0.793,0.303,-0.282,0.961,3,1776
529367700,-3.354,1.707,0.732,-0.377,0.095,1.121,3,1776
529368203,-3.110,2.683,1.585,-0.141,0.396,1.103,3,1776
529369697,-1.037,2.683,1.646,0.089,0.226,1.006,3,1776
529370204,1.463,0.854,-0.244,0.374,-0.073,0.996,3,1776
529371700,-1.585,0.183,0.000,-0.234,-0.167,0.940,3,1776
529372203,-1.585,0.183,0.000,-0.234,-0.167,0.940,3,1776
529373697,-2.683,3.415,1.707,-0.054,0.341,1.183,3,1776
529374204,-2.683,3.415,1.707,-0.054,0.341,1.183,3,1776
529375700,2.134,0.671,-0.671,0.422,-0.142,0.957,3,1776
529376203,0.305,-0.183,-0.732,0.076,-0.327,0.976,3,1776
529377695,-2.500,0.671,0.000,-0.324,-0.105,0.902,3,1776
529378206,-3.841,2.134,1.341,-0.316,0.304,1.134,3,1776
529379700,-0.061,2.134,0.671,0.193,0.101,1.110,3,1776
529380219,-0.061,2.134,0.671,0.193,0.101,1.110,3,1776
529381697,0.183,-0.183,-0.427,-0.037,-0.301,0.974,3,1776
529382207,-2.744,1.098,0.305,-0.376,-0.008,1.102,3,1776
529383700,-3.476,2.866,1.829,-0.229,0.367,1.044,3,1776
529384203,-2.012,2.744,2.134,0.059,0.278,1.054,3,1776
529385697,1.402,-0.244,-0.671,0.338,-0.294,0.934,3,1776
529386204,1.402,-0.244,-0.671,0.338,-0.294,0.934,3,1776
529387700,-3.598,1.768,0.793,-0.374,0.092,1.154,3,1776
529388203,-3.476,2.683,1.585,-0.115,0.374,1.065,3,1776
529389697,-1.280,2.744,1.341,0.083,0.241,1.007,3,1776
529390205,1.585,1.159,-0.183,0.367,-0.064,1.084,3,1776
529391700,-1.768,0.427,-0.244,-0.245,-0.158,0.923,3,1776
529392207,-1.768,0.427,-0.244,-0.245,-0.158,0.923,3,1776
529393697,-3.110,3.293,2.134,-0.032,0.336,1.176,3,1776
529394207,-3.110,3.293,2.134,-0.032,0.336,1.176,3,1776
529395700,2.317,0.671,-0.488,0.407,-0.167,0.977,3,1776
529396203,0.854,-0.122,-0.915,0.060,-0.321,1.008,3,1776
529397697,-1.890,1.037,0.061,-0.317,-0.090,0.891,3,1776
529398207,-3.232,2.378,1.280,-0.306,0.345,1.124,3,1776
529399700,0.549,2.378,0.610,0.220,0.096,1.130,3,1776
529400219,0.549,2.378,0.610,0.220,0.096,1.130,3,1776
529401697,-0.244,-0.061,-0.366,-0.071,-0.285,1.018,3,1776
529402207,-3.110,1.402,0.366,-0.375,0.001,1.098,3,1776
529403535,-3.354,2.683,1.341,-0.206,0.363,1.046,3,1776
529404639,-1.707,2.561,1.585,0.049,0.279,1.057,3,1785
529405632,1.707,0.305,-0.793,0.312,-0.301,0.939,3,1785
529406639,-1.341,0.122,-0.366,-0.191,-0.218,0.953,3,1785
529407579,-3.598,1.646,0.793,-0.373,0.110,1.168,3,1785
529408640,-3.354,2.622,1.707,-0.119,0.378,1.091,3,1785
529409582,-1.159,2.500,1.220,0.090,0.247,1.019,3,1785
529410640,1.646,0.793,-0.488,0.370,-0.095,1.044,3,1785
529411578,1.037,-0.183,-0.671,0.188,-0.333,0.974,3,1785
529412640,-3.963,1.768,1.098,-0.345,0.210,1.097,3,1785
529413583,-3.110,3.293,1.890,-0.041,0.350,1.198,3,1785
529414640,-0.183,2.500,1.037,0.146,0.178,1.078,3,1785
529415575,1.890,0.488,-0.549,0.410,-0.188,0.996,3,1785
529416640,0.671,0.000,-0.976,0.039,-0.312,0.969,3,1785
529417570,-2.317,0.915,0.000,-0.299,-0.095,0.924,3,1785
529418640,-3.720,2.622,1.280,-0.325,0.336,1.089,3,1785
529419579,0.671,2.134,0.366,0.234,0.090,1.152,3,1785
529420640,1.829,0.000,-0.549,0.371,-0.250,0.896,3,1785
529421567,-0.488,-0.183,-0.854,-0.079,-0.280,1.023,3,1785
529422640,-3.598,0.976,0.244,-0.374,-0.004,1.120,3,1785
529423702,-3.963,2.622,1.585,-0.200,0.363,0.999,3,1785
529424213,-1.646,2.866,1.890,0.055,0.283,1.048,3,1785
529425699,1.707,-0.183,-0.793,0.275,-0.309,0.981,3,1785
529426212,1.707,-0.183,-0.793,0.275,-0.309,0.981,3,1785
529427699,-3.598,1.890,0.671,-0.389,0.134,1.091,3,1785
529428212,-3.598,1.890,0.671,-0.389,0.134,1.091,3,1785
529429699,-0.793,2.561,1.280,0.113,0.230,1.024,3,1785
529430216,2.012,0.915,-0.366,0.402,-0.107,1.037,3,1785
529431699,0.915,-0.183,-0.732,0.147,-0.348,0.955,3,1785
529432212,-2.256,0.366,-0.244,-0.260,-0.175,0.861,3,1785
529433699,-2.805,3.354,1.768,-0.024,0.353,1.169,3,1785
529434216,-2.805,3.354,1.768,-0.024,0.353,1.169,3,1785
529435699,2.378,0.244,-0.671,0.408,-0.198,0.947,3,1785
529436212,0.610,-0.305,-0.549,-0.005,-0.313,0.996,3,1785
529437697,-2.988,1.159,0.000,-0.339,-0.070,1.018,3,1785
529438204,-4.146,2.805,1.098,-0.270,0.358,1.053,3,1785
529439699,1.037,1.829,0.305,0.245,0.070,1.160,3,1785
529440212,1.037,1.829,0.305,0.245,0.070,1.160,3,1785
529441699,-0.427,-0.305,-0.610,-0.143,-0.268,0.943,3,1785
529442212,-0.427,-0.305,-0.610,-0.143,-0.268,0.943,3,1785
529443370,-3.963,2.927,1.524,-0.156,0.383,1.030,3,1785
529444640,-1.463,2.988,1.402,0.083,0.265,1.032,3,1785
529445578,1.280,1.402,-0.122,0.345,-0.038,1.085,3,1785
529446640,-1.098,0.244,-0.366,-0.225,-0.197,0.929,3,1785
529447588,-3.537,1.951,0.793,-0.377,0.194,1.045,3,1785
529448640,-3.415,3.171,2.012,-0.047,0.379,1.164,3,1785
529449578,-0.183,2.073,1.037,0.125,0.208,1.060,3,1785
529450640,2.134,0.183,-0.610,0.409,-0.160,0.989,3,1785
529451756,0.427,-0.183,-0.793,0.064,-0.341,1.023,3,1785
529452301,-2.317,1.220,-0.183,-0.313,-0.139,0.852,3,1795
529453392,-3.598,2.622,1.159,-0.306,0.333,1.135,3,1795
529454638,0.427,2.073,0.366,0.218,0.119,1.147,3,1795
529455580,2.195,-0.061,-0.610,0.384,-0.253,0.904,3,1795
529456638,-0.061,-0.122,-0.671,-0.077,-0.290,0.982,3,1795
529457686,-3.171,1.585,0.305,-0.387,0.018,1.146,3,1795
529458189,-3.598,2.805,1.524,-0.186,0.378,1.004,3,1795
529459700,1.463,1.402,-0.061,0.329,-0.011,1.112,3,1795
529460214,1.463,1.402,-0.061,0.329,-0.011,1.112,3,1795
529461700,-1.037,0.305,-0.549,-0.229,-0.235,0.921,3,1795
529462214,-1.037,0.305,-0.549,-0.229,-0.235,0.921,3,1795
529463700,-3.354,2.927,1.768,-0.067,0.364,1.118,3,1795
529464201,-0.854,2.622,1.280,0.108,0.237,1.030,3,1795
529465700,1.768,0.854,-0.610,0.410,-0.146,1.045,3,1795
529466209,0.976,-0.122,-1.037,0.093,-0.348,0.986,3,1795
529467700,-3.720,2.378,1.098,-0.340,0.294,1.067,3,1795
529468207,-3.720,2.378,1.098,-0.340,0.294,1.067,3,1795
529469700,0.122,2.378,0.610,0.213,0.141,1.125,3,1795
529470201,2.012,0.061,-0.854,0.385,-0.234,0.916,3,1795
529471700,0.122,-0.061,-0.671,-0.049,-0.325,1.013,3,1795
529472207,-3.110,1.341,0.061,-0.350,-0.028,1.087,3,1795
529473700,-2.073,2.439,1.646,0.034,0.313,1.056,3,1795
529474215,-2.073,2.439,1.646,0.034,0.313,1.056,3,1795
529475700,1.707,-0.122,-0.793,0.296,-0.312,0.992,3,1795
529476201,1.707,-0.122,-0.793,0.296,-0.312,0.992,3,1795
529477700,-3.598,1.951,0.671,-0.372,0.109,1.087,3,1795
529478207,-3.720,3.110,1.890,-0.113,0.410,1.124,3,1795
529479700,-1.098,2.622,1.524,0.114,0.245,1.034,3,1795
529480201,1.890,0.671,-0.183,0.386,-0.094,1.054,3,1795
529481700,-1.768,0.427,-0.366,-0.248,-0.180,0.825,3,1795
529482201,-1.768,0.427,-0.366,-0.248,-0.180,0.825,3,1795
529483700,-2.927,3.354,1.707,-0.008,0.342,1.169,3,1795
529484201,-0.183,2.317,0.793,0.201,0.173,1.121,3,1795
529485700,1.829,0.244,-0.671,0.409,-0.225,0.981,3,1795
529486210,0.061,-0.183,-0.915,-0.038,-0.319,0.990,3,1795
529487695,-3.902,2.866,1.463,-0.241,0.336,1.010,3,1795
529488195,-3.902,2.866,1.463,-0.241,0.336,1.010,3,1795
529489700,1.220,1.768,0.244,0.312,0.035,1.100,3,1795
529490207,2.012,-0.122,-0.793,0.300,-0.303,0.956,3,1795
529491700,-0.610,0.122,-0.732,-0.163,-0.257,1.015,3,1795
529492214,-3.354,1.768,0.610,-0.387,0.099,1.084,3,1795
529493700,-1.159,2.561,1.585,0.123,0.245,1.018,3,1795
529494201,-1.159,2.561,1.585,0.123,0.245,1.018,3,1795
529495700,1.341,-0.122,-0.915,0.167,-0.364,0.974,3,1795
529496207,1.341,-0.122,-0.915,0.167,-0.364,0.974,3,1795
529497700,-4.085,1.890,0.854,-0.379,0.262,1.115,3,1795
529498215,-3.293,3.110,1.890,-0.022,0.362,1.171,3,1795
529499700,-0.122,2.561,1.220,0.154,0.172,1.101,3,1795
529500201,1.829,0.366,-0.366,0.425,-0.176,0.951,3,1795
529501700,-2.500,0.976,0.061,-0.348,-0.065,0.992,3,1795
529502214,-2.500,0.976,0.061,-0.348,-0.065,0.992,3,1795
529503424,-2.439,2.683,1.829,0.055,0.309,1.080,3,1795
529504638,0.976,1.768,0.305,0.256,0.069,1.189,3,1805
529505629,1.707,0.000,-0.671,0.384,-0.307,0.918,3,1805
529506143,-0.793,0.000,-0.366,-0.163,-0.283,0.946,3,1805
529507695,-3.415,2.744,1.829,-0.142,0.395,1.033,3,1805
529508200,-3.415,2.744,1.829,-0.142,0.395,1.033,3,1805
529509699,1.402,1.098,-0.122,0.345,-0.041,1.081,3,1805
529510212,1.402,1.098,-0.122,0.345,-0.041,1.081,3,1805
529511699,-1.524,0.244,-0.244,-0.251,-0.188,0.902,3,1805
529512213,-4.085,1.829,1.098,-0.383,0.242,1.045,3,1805
529513713,-3.415,3.293,1.951,-0.020,0.354,1.160,3,1805
529514243,-0.427,2.439,1.402,0.151,0.193,1.061,3,1805
529515233,1.890,0.244,-0.488,0.438,-0.196,0.958,3,1805
529516640,-2.622,1.159,0.122,-0.317,-0.111,0.891,3,1805
529517592,-3.720,2.500,1.585,-0.283,0.345,1.125,3,1805
529518640,-2.561,2.927,2.012,0.051,0.311,1.110,3,1805
529519590,0.732,2.134,0.610,0.242,0.089,1.172,3,1805
529520640,2.073,0.061,-0.488,0.361,-0.280,0.909,3,1805
529521574,-0.244,-0.061,-0.488,-0.145,-0.279,0.967,3,1805
529522640,-3.780,2.805,1.280,-0.153,0.395,1.031,3,1805
529523710,-1.037,2.744,1.524,0.090,0.289,1.026,3,1805
529524225,1.463,1.159,-0.183,0.370,-0.055,1.084,3,1805
529525699,1.037,-0.122,-0.671,0.215,-0.361,1.002,3,1805
529526212,-1.585,0.488,-0.244,-0.237,-0.229,0.883,3,1805
529527699,-2.927,3.110,1.951,-0.034,0.370,1.175,3,1805
529528212,-2.927,3.110,1.951,-0.034,0.370,1.175,3,1805
529529699,2.622,0.305,-0.305,0.406,-0.177,1.005,3,1805
529530212,2.622,0.305,-0.305,0.406,-0.177,1.005,3,1805
529531699,-2.378,1.341,-0.122,-0.324,-0.104,0.932,3,1805
529532217,-3.841,2.683,1.341,-0.295,0.360,1.090,3,1805
529533699,-2.500,2.988,1.768,0.039,0.325,1.059,3,1805
529534212,0.732,2.012,0.183,0.271,0.101,1.168,3,1805
529535699,-0.244,-0.061,-0.732,-0.149,-0.295,1.008,3,1805
529536212,-0.244,-0.061,-0.732,-0.149,-0.295,1.008,3,1805
529537398,-3.659,2.866,1.890,-0.161,0.402,1.026,3,1805
529538640,-1.524,2.927,1.890,0.103,0.296,1.035,3,1805
529539584,1.463,1.220,0.122,0.374,-0.047,1.049,3,1805
529540640,1.585,-0.061,-0.610,0.198,-0.373,1.008,3,1805
529541580,-1.402,0.427,-0.366,-0.238,-0.220,0.827,3,1805
529542640,-3.232,3.293,2.195,-0.050,0.398,1.185,3,1805
529543579,-0.366,2.561,1.220,0.172,0.214,1.111,3,1805
529544640,1.890,0.366,-0.854,0.417,-0.197,1.009,3,1805
529545592,0.488,-0.122,-0.976,-0.001,-0.351,0.968,3,1805
529546640,-2.683,0.976,-0.061,-0.312,-0.098,0.988,3,1805
529547601,-4.207,2.500,1.463,-0.282,0.330,1.029,3,1805
529548640,0.732,1.768,0.549,0.299,0.071,1.149,3,1805
529549593,1.829,-0.122,-0.854,0.342,-0.307,0.949,3,1805
529550640,-0.793,0.183,-0.793,-0.146,-0.301,1.017,3,1805
529551611,-3.598,1.585,0.671,-0.385,0.073,1.082,3,1805
529552640,-3.415,2.744,1.890,-0.169,0.412,1.083,3,1805
529553741,-1.037,2.561,1.707,0.110,0.289,1.027,3,1805
529554290,2.073,1.037,-0.061,0.367,-0.038,1.074,3,1815
529555384,1.829,-0.427,-1.037,0.182,-0.354,0.983,3,1815
529556638,-4.085,2.134,0.976,-0.390,0.256,1.108,3,1815
529557583,-3.780,3.354,2.012,-0.017,0.369,1.155,3,1815
529558638,-0.671,2.378,1.037,0.181,0.166,1.120,3,1815
529559577,1.463,0.122,-0.732,0.410,-0.184,0.980,3,1815
529560638,0.183,-0.183,-0.915,0.001,-0.340,0.994,3,1815
529561627,-2.866,1.463,-0.122,-0.331,-0.085,1.010,3,1815
529562152,-3.841,2.988,1.524,-0.264,0.340,1.043,3,1815
529563701,1.524,1.768,0.671,0.264,0.079,1.190,3,1815
529564212,1.524,1.768,0.671,0.264,0.079,1.190,3,1815
529565700,-0.671,0.000,-0.427,-0.173,-0.289,0.957,3,1815
529566219,-3.415,1.707,0.793,-0.399,0.073,1.090,3,1815
529567705,-3.598,2.927,1.829,-0.132,0.397,1.062,3,1815
529568216,-1.463,2.744,1.585,0.122,0.269,1.017,3,1815
529569700,1.402,-0.122,-0.732,0.195,-0.371,0.999,3,1815
529570203,1.402,-0.122,-0.732,0.195,-0.371,0.999,3,1815
529571700,-4.085,2.012,0.976,-0.367,0.254,1.054,3,1815
529572209,-3.232,3.232,2.012,-0.011,0.378,1.174,3,1815
529573700,0.305,2.195,1.159,0.188,0.186,1.083,3,1815
529574203,2.561,0.061,-0.793,0.399,-0.199,0.965,3,1815
529575700,-3.232,1.220,0.244,-0.372,-0.070,1.016,3,1815
529576219,-3.232,1.220,0.244,-0.372,-0.070,1.016,3,1815
529577700,-2.378,2.378,1.951,0.054,0.336,1.079,3,1815
529578209,-2.378,2.378,1.951,0.054,0.336,1.079,3,1815
529579700,1.829,-0.305,-1.159,0.338,-0.336,0.968,3,1815
529580219,-0.671,0.549,-1.037,-0.207,-0.273,0.939,3,1815
529581700,-3.659,2.012,0.305,-0.373,0.110,1.115,3,1815
529582206,-3.598,2.927,2.012,-0.090,0.377,1.061,3,1815
529583700,1.768,1.037,-0.183,0.394,-0.108,1.081,3,1815
529584207,1.768,1.037,-0.183,0.394,-0.108,1.081,3,1815
529585700,-1.890,0.793,-0.305,-0.264,-0.188,0.850,3,1815
529586209,-3.963,2.439,1.098,-0.367,0.312,1.047,3,1815
529587700,-3.293,3.232,1.829,0.018,0.356,1.156,3,1815
529588203,0.183,2.012,0.793,0.224,0.156,1.135,3,1815
529589700,0.061,-0.183,-0.915,-0.068,-0.335,1.001,3,1815
529590210,0.061,-0.183,-0.915,-0.068,-0.335,1.001,3,1815
529591700,-4.146,2.866,1.585,-0.197,0.357,0.997,3,1815
529592209,-1.951,2.561,1.707,0.062,0.333,1.075,3,1815
529593700,1.402,1.341,0.122,0.340,0.011,1.093,3,1815
529594203,1.646,-0.061,-0.854,0.269,-0.350,1.022,3,1815
529595700,-3.537,1.829,0.732,-0.378,0.161,1.030,3,1815
529596210,-3.537,1.829,0.732,-0.378,0.161,1.030,3,1815
529597700,-0.366,2.439,1.280,0.152,0.254,1.072,3,1815
529598203,-0.366,2.439,1.280,0.152,0.254,1.072,3,1815
529599700,1.037,0.000,-0.732,0.036,-0.358,0.967,3,1815
529600203,-2.378,0.976,-0.183,-0.281,-0.160,0.874,3,1815
529601700,-3.841,2.561,1.037,-0.319,0.329,1.070,3,1815
529602203,-2.744,2.805,1.890,0.048,0.339,1.102,3,1815
529603437,0.671,2.195,0.610,0.258,0.142,1.199,3,1815
529604638,-0.244,0.305,-0.915,-0.126,-0.323,1.026,3,1824
529605640,-3.476,1.768,0.122,-0.374,0.039,1.111,3,1824
529606153,-3.841,3.171,1.646,-0.175,0.402,1.014,3,1824
529607700,-1.463,2.988,1.707,0.103,0.307,1.027,3,1824
529608211,1.463,1.280,-0.061,0.370,-0.021,1.060,3,1824
529609699,-1.341,0.244,-0.793,-0.231,-0.254,0.838,3,1824
529610212,-1.341,0.244,-0.793,-0.231,-0.254,0.838,3,1824
529611699,-3.537,3.293,1.829,-0.035,0.391,1.161,3,1824
529612209,-3.537,3.293,1.829,-0.035,0.391,1.161,3,1824
529613699,2.073,-0.061,-0.915,0.418,-0.208,1.033,3,1824
529614213,0.793,-0.061,-1.220,-0.016,-0.357,0.985,3,1824
529615699,-2.683,1.159,-0.122,-0.345,-0.087,1.029,3,1824
529616216,-4.024,3.110,1.280,-0.263,0.348,0.979,3,1824
529617699,1.220,1.829,0.488,0.312,0.071,1.151,3,1824
529618216,1.220,1.829,0.488,0.312,0.071,1.151,3,1824
529619699,-0.427,0.122,-0.976,-0.223,-0.287,0.973,3,1824
529620216,-3.720,1.646,0.549,-0.374,0.113,1.014,3,1824
529621699,-3.598,2.744,1.951,-0.101,0.400,1.114,3,1824
529622212,-1.280,2.378,1.951,0.130,0.276,1.037,3,1824
529623699,0.854,-0.366,-1.098,0.107,-0.370,1.039,3,1824
529624212,0.854,-0.366,-1.098,0.107,-0.370,1.039,3,1824
529625699,-4.268,2.256,0.976,-0.360,0.309,1.092,3,1824
529626216,-3.293,2.927,1.829,0.041,0.376,1.120,3,1824
529627699,0.427,1.951,0.854,0.221,0.176,1.171,3,1824
529628212,2.683,-0.366,-0.854,0.398,-0.271,0.980,3,1824
529629699,-3.049,1.646,0.305,-0.372,-0.001,1.155,3,1824
529630212,-3.049,1.646,0.305,-0.372,-0.001,1.155,3,1824
529631220,-4.085,2.927,1.829,-0.200,0.395,0.974,3,1824
529632694,1.585,1.098,0.305,0.346,0.011,1.134,3,1824
529633198,1.463,-0.427,-0.976,0.229,-0.383,1.021,3,1824
529634699,-1.402,0.610,-0.610,-0.244,-0.258,0.892,3,1824
529635212,-4.024,2.256,0.732,-0.381,0.217,0.989,3,1824
529636699,-0.366,2.439,1.524,0.171,0.240,1.069,3,1824
529637216,-0.366,2.439,1.524,0.171,0.240,1.069,3,1824
529638699,0.793,0.122,-0.915,-0.020,-0.370,1.024,3,1824
529639212,0.793,0.122,-0.915,-0.020,-0.370,1.024,3,1824
529640699,-3.841,2.988,1.524,-0.256,0.352,1.036,3,1824
529641211,-2.622,2.866,1.951,0.044,0.370,1.076,3,1824
529642699,1.098,2.012,0.366,0.311,0.064,1.189,3,1824
529643212,2.256,0.000,-0.915,0.334,-0.336,0.978,3,1824
529644703,-3.841,1.951,0.549,-0.387,0.108,1.073,3,1824
529645220,-3.841,1.951,0.549,-0.387,0.108,1.073,3,1824
529646699,-0.976,2.622,1.768,0.145,0.304,1.052,3,1824
529647212,2.317,0.732,-0.122,0.393,-0.087,1.083,3,1824
529648699,1.646,-0.061,-0.793,0.100,-0.390,0.988,3,1824
529649212,-1.890,0.976,-0.366,-0.291,-0.191,0.826,3,1824
529650699,-2.927,2.683,2.195,0.016,0.381,1.116,3,1824
529651241,-2.927,2.683,2.195,0.016,0.381,1.116,3,1824
529652464,1.951,-0.244,-0.976,0.395,-0.292,0.971,3,1824
529653638,-0.061,-0.183,-0.671,-0.121,-0.346,1.006,3,1834
529654703,-3.293,1.524,0.488,-0.363,-0.018,1.133,3,1834
529655215,-4.512,2.744,1.951,-0.194,0.400,0.969,3,1834
529656693,-1.829,2.683,1.890,0.101,0.331,1.042,3,1834
529657193,1.524,0.915,0.061,0.370,-0.009,1.086,3,1834
529658701,-1.341,0.549,-0.427,-0.243,-0.258,0.851,3,1834
529659220,-1.341,0.549,-0.427,-0.243,-0.258,0.851,3,1834
529660698,-3.476,3.476,2.134,-0.043,0.391,1.157,3,1834
529661209,-0.305,2.317,1.220,0.192,0.240,1.104,3,1834
529662700,2.195,0.183,-0.549,0.400,-0.188,1.047,3,1834
529663219,0.732,-0.183,-1.159,-0.012,-0.379,0.983,3,1834
529664698,-3.902,2.988,1.402,-0.259,0.341,0.992,3,1834
529665204,-3.902,2.988,1.402,-0.259,0.341,0.992,3,1834
529666700,1.341,1.585,0.610,0.338,0.078,1.136,3,1834
529667209,2.317,-0.366,-1.098,0.313,-0.337,1.031,3,1834
529668698,-0.671,0.122,-0.854,-0.206,-0.311,0.990,3,1834
529669209,-4.024,1.524,0.793,-0.376,0.115,1.010,3,1834
529670700,-1.341,2.500,1.646,0.147,0.297,1.077,3,1834
529671203,-1.341,2.500,1.646,0.147,0.297,1.077,3,1834
529672698,1.585,-0.488,-1.159,0.084,-0.377,0.987,3,1834
529673204,1.585,-0.488,-1.159,0.084,-0.377,0.987,3,1834
529674700,-4.207,2.622,1.280,-0.342,0.307,1.057,3,1834
529675210,-3.232,2.805,2.317,0.040,0.391,1.112,3,1834
529676698,-0.061,2.073,1.159,0.269,0.155,1.233,3,1834
529677204,2.561,-0.305,-0.610,0.396,-0.287,0.981,3,1834
529678700,-3.110,1.402,0.244,-0.393,0.006,1.076,3,1834
529679210,-3.110,1.402,0.244,-0.393,0.006,1.076,3,1834
529680698,-1.951,2.500,2.012,0.120,0.332,1.028,3,1834
529681209,1.646,0.976,0.183,0.373,-0.012,1.103,3,1834
529682700,1.707,-0.793,-0.732,0.230,-0.385,1.032,3,1834
529683203,-1.159,0.305,-0.732,-0.282,-0.260,0.855,3,1834
529684698,-3.232,3.354,2.012,0.003,0.379,1.138,3,1834
529685204,-3.232,3.354,2.012,0.003,0.379,1.138,3,1834
529686700,2.622,-0.183,-0.793,0.424,-0.224,1.028,3,1834
529687203,2.622,-0.183,-0.793,0.424,-0.224,1.028,3,1834
529688698,-2.378,1.524,-0.122,-0.374,-0.075,1.078,3,1834
529689204,-4.085,2.927,1.585,-0.229,0.371,0.954,3,1834
529690700,-2.195,2.500,2.195,0.068,0.366,1.055,3,1834
529691210,1.585,1.402,0.488,0.342,0.058,1.176,3,1834
529692698,-0.854,0.732,-0.610,-0.259,-0.298,0.916,3,1834
529693204,-0.854,0.732,-0.610,-0.259,-0.298,0.916,3,1834
529694695,-3.598,3.110,2.012,-0.069,0.410,1.099,3,1834
529695210,-0.976,2.073,1.585,0.162,0.272,1.058,3,1834
529696698,2.256,0.183,-0.488,0.432,-0.168,1.037,3,1834
529697204,1.037,-0.061,-1.037,0.023,-0.390,1.036,3,1834
529698700,-4.390,2.744,1.402,-0.289,0.338,1.086,3,1834
529699207,-4.390,2.744,1.402,-0.289,0.338,1.086,3,1834
529700698,0.122,1.829,0.488,0.283,0.131,1.210,3,1834
529701238,2.195,0.061,-0.854,0.355,-0.333,0.983,3,1834
529702434,-0.366,0.427,-0.915,-0.206,-0.318,0.966,3,1834
529703638,-3.659,2.012,0.427,-0.379,0.090,1.104,3,1844
529704627,-4.146,3.049,1.829,-0.109,0.398,1.021,3,1844
529705638,1.585,0.671,-0.244,0.403,-0.080,1.091,3,1844
529706578,1.280,-0.366,-1.402,0.096,-0.393,1.019,3,1844
529707640,-1.646,0.854,-0.671,-0.271,-0.232,0.827,3,1844
529708577,-4.085,2.378,1.037,-0.347,0.305,1.039,3,1844
529709640,-3.232,3.354,2.317,0.030,0.361,1.108,3,1844
529710584,0.183,2.134,1.037,0.252,0.198,1.181,3,1844
529711640,0.244,0.000,-1.098,-0.138,-0.350,0.999,3,1844
529712571,-2.927,1.646,0.366,-0.352,-0.026,1.130,3,1844
529713640,-4.329,3.171,1.890,-0.201,0.404,0.977,3,1844
529714574,-1.585,3.049,1.829,0.107,0.339,1.038,3,1844
529715640,1.646,1.159,0.061,0.363,0.005,1.080,3,1844
529716574,1.890,-0.549,-0.976,0.206,-0.392,1.033,3,1844
529717640,-1.159,0.427,-0.793,-0.267,-0.273,0.837,3,1844
529718576,-3.780,2.073,0.671,-0.385,0.230,1.009,3,1844
529719640,-0.427,2.012,1.037,0.238,0.246,1.136,3,1844
529720588,2.378,-0.366,-0.671,0.404,-0.234,1.035,3,1844
529721640,0.427,-0.061,-0.793,-0.069,-0.374,0.999,3,1844
529722572,-2.744,1.768,-0.061,-0.344,-0.067,1.085,3,1844
529723640,-4.329,3.049,1.341,-0.237,0.350,0.945,3,1844
529724582,-2.256,2.866,1.890,0.087,0.363,1.039,3,1844
529725640,2.378,-0.610,-1.220,0.267,-0.364,1.063,3,1844
529726578,-0.366,0.366,-1.220,-0.229,-0.315,0.914,3,1844
529727640,-3.476,1.951,0.610,-0.396,0.177,1.010,3,1844
529728575,-3.415,3.293,2.134,-0.059,0.404,1.113,3,1844
529729640,-0.671,2.317,1.707,0.187,0.274,1.115,3,1844
529730571,2.683,0.000,-0.549,0.414,-0.180,1.087,3,1844
529731640,0.915,-0.488,-1.098,0.007,-0.373,0.979,3,1844
529732575,-2.500,1.037,-0.061,-0.284,0.335,0.971,3,1844
529733640,-2.805,2.988,2.256,0.066,0.383,1.039,3,1844
529734571,0.976,1.524,0.854,0.309,0.100,1.204,3,1844
529735640,2.378,-0.305,-0.793,0.322,-0.333,1.059,3,1844
529736575,-0.366,0.427,-0.793,-0.219,-0.320,0.967,3,1844
529737640,-3.902,1.829,0.183,-0.393,0.096,0.982,3,1844
529738578,-3.780,3.171,1.524,-0.087,0.421,1.082,3,1844
529739640,2.439,0.366,-0.427,0.422,-0.098,1.053,3,1844
529740571,1.463,-0.488,-1.341,0.099,-0.392,1.058,3,1844
529741640,-2.073,0.915,-0.671,-0.327,-0.215,0.802,3,1844
529742575,-4.146,2.622,1.280,-0.350,0.314,1.084,3,1844
529743640,-3.476,2.866,2.378,0.058,0.381,1.090,3,1844
529744576,0.061,2.073,0.915,0.252,0.173,1.218,3,1844
529745640,0.000,0.061,-1.098,-0.155,-0.349,0.970,3,1844
529746562,-3.598,1.646,-0.061,-0.375,0.015,1.112,3,1844
529747640,-4.024,2.927,1.768,-0.147,0.416,0.979,3,1844
529748574,-1.646,2.622,1.890,0.142,0.338,1.034,3,1844
529749640,1.707,1.037,-0.183,0.392,-0.036,1.108,3,1844
529750582,1.646,-0.366,-0.976,0.147,-0.386,1.035,3,1844
529751640,-1.220,0.732,-0.610,-0.290,-0.259,0.839,3,1844
529752741,-3.659,3.598,2.378,0.033,0.377,1.125,3,1844
529753286,-3.659,3.598,2.378,0.033,0.377,1.125,3,1854
529754364,0.000,2.256,1.341,0.394,-0.251,1.008,3,1854
529755638,0.427,-0.305,-1.037,-0.106,-0.371,0.994,3,1854
529756580,-3.049,1.890,-0.122,-0.375,-0.037,1.114,3,1854
529757638,-4.024,3.110,1.463,-0.201,0.388,0.956,3,1854
529758578,-1.524,2.683,1.768,0.087,0.355,1.046,3,1854
529759638,2.073,-0.549,-1.220,0.228,-0.383,1.029,3,1854
529760580,-1.402,0.427,-0.976,-0.272,-0.289,0.888,3,1854
529761638,-4.024,2.073,0.793,-0.383,0.209,0.958,3,1854
529762587,-4.207,3.354,2.134,-0.034,0.413,1.149,3,1854
529763638,-0.549,2.317,1.280,0.214,0.244,1.080,3,1854
529764580,2.317,-0.061,-0.793,0.399,-0.186,1.042,3,1854
529765638,1.098,-0.122,-0.976,-0.036,-0.393,1.015,3,1854
529766582,-4.390,2.744,1.524,-0.250,0.390,0.978,3,1854
529767638,-2.561,2.561,2.134,0.071,0.371,1.060,3,1854
529768576,0.854,1.524,0.061,0.348,0.085,1.149,3,1854
529769638,2.195,-0.305,-1.402,0.287,-0.382,1.057,3,1854
529770576,-0.854,0.427,-1.098,-0.253,-0.316,0.933,3,1854
529771638,-3.902,2.134,0.610,-0.375,0.145,0.989,3,1854
529772579,-3.902,3.598,2.012,-0.077,0.422,1.110,3,1854
529773638,2.744,0.122,-0.366,0.419,-0.169,1.079,3,1854
529774583,1.159,-0.061,-1.159,-0.025,-0.380,0.993,3,1854
529775638,-2.439,1.220,-0.427,-0.332,-0.165,0.967,3,1854
529776580,-3.963,2.927,1.524,-0.288,0.354,0.981,3,1854
529777638,-2.866,2.744,2.195,0.050,0.408,1.048,3,1854
529778582,0.976,1.646,0.793,0.349,0.099,1.142,3,1854
529779638,-0.488,0.000,-1.341,-0.224,-0.351,0.996,3,1854
529780576,-3.780,1.646,0.549,-0.405,0.114,0.979,3,1854
529781638,-4.268,3.476,2.134,-0.092,0.435,1.065,3,1854
529782586,-1.280,2.500,1.463,0.200,0.305,1.082,3,1854
529783638,2.195,0.488,-0.549,0.418,-0.125,1.118,3,1854
529784576,1.463,-0.427,-1.463,0.039,-0.420,0.986,3,1854
529785638,-2.439,1.098,-0.549,-0.357,-0.175,0.892,3,1854
529786583,-4.634,2.622,1.646,-0.316,0.329,0.981,3,1854
529787638,0.671,1.951,0.915,0.332,0.140,1.174,3,1854
529788580,2.805,-0.244,-1.037,0.354,-0.338,1.065,3,1854
529789638,0.183,0.122,-1.037,-0.227,-0.362,1.014,3,1854
529790584,-3.354,1.646,0.366,-0.399,0.085,0.987,3,1854
529791638,-3.659,3.110,2.317,-0.117,0.441,1.064,3,1854
529792579,-1.037,2.256,2.195,0.181,0.318,1.035,3,1854
529793638,1.707,-0.305,-1.463,0.080,-0.406,1.045,3,1854
529794588,-1.951,0.915,-0.732,-0.348,-0.241,0.833,3,1854
529795638,-4.024,2.622,1.159,-0.350,0.336,1.034,3,1854
529796580,-3.537,2.622,2.256,0.059,0.403,1.066,3,1854
529797638,0.366,1.707,1.159,0.299,0.171,1.239,3,1854
529798584,3.110,-0.488,-0.854,0.377,-0.308,1.025,3,1854
529799638,0.183,-0.122,-1.341,-0.199,-0.383,0.958,3,1854
529800588,-4.146,3.171,2.195,-0.116,0.422,1.023,3,1854
529801638,-1.646,2.683,2.195,0.152,0.346,1.039,3,1854
529802738,1.951,0.610,-0.061,0.428,-0.061,1.082,3,1854
529803288,1.524,-0.305,-1.524,0.103,-0.405,1.070,3,1863
529804372,-1.341,1.098,-0.976,-0.322,-0.265,0.780,3,1863
529805638,-4.207,2.622,1.280,-0.372,0.326,1.068,3,1863
529806599,-3.415,2.927,2.195,0.057,0.398,1.058,3,1863
529807639,2.195,-0.549,-0.915,0.390,-0.309,1.030,3,1863
529808584,0.000,-0.366,-1.220,-0.184,-0.381,0.975,3,1863
529809639,-3.354,2.012,0.244,-0.390,0.021,1.117,3,1863
529810579,-4.451,3.110,2.012,-0.139,0.400,0.966,3,1863
529811639,-1.280,2.561,2.195,0.136,0.360,1.029,3,1863
529812584,2.317,0.732,-0.061,0.430,-0.054,1.116,3,1863
529813640,-1.280,0.793,-0.427,-0.325,-0.282,0.825,3,1863
529814591,-4.451,2.500,1.220,-0.374,0.313,1.021,3,1863
529815640,-3.415,3.110,2.561,0.040,0.397,1.067,3,1863
529816588,0.183,1.768,1.280,0.309,0.220,1.194,3,1863
529817640,2.378,-0.732,-0.732,0.375,-0.311,1.055,3,1863
529818578,0.305,-0.366,-1.220,-0.191,-0.379,0.987,3,1863
529819640,-3.293,1.768,0.427,-0.379,0.007,1.100,3,1863
529820575,-4.634,3.049,2.073,-0.169,0.406,0.958,3,1863
529821640,1.768,0.366,0.122,0.421,-0.047,1.108,3,1863
529822576,1.951,-0.793,-1.098,0.117,-0.399,1.053,3,1863
529823640,-1.402,0.793,-0.854,-0.307,-0.302,0.808,3,1863
529824584,-4.329,2.622,1.159,-0.387,0.303,1.003,3,1863
529825640,-3.354,3.110,2.500,0.032,0.410,1.063,3,1863
529826584,0.305,2.256,1.220,0.313,0.213,1.197,3,1863
529827640,0.549,0.000,-1.341,-0.160,-0.387,1.021,3,1863
529828578,-3.415,2.012,0.061,-0.402,-0.003,1.055,3,1863
529829640,-4.451,3.232,1.951,-0.162,0.410,0.971,3,1863
529830575,-1.402,2.866,2.195,0.149,0.374,1.039,3,1863
529831640,2.012,0.732,0.000,0.436,-0.040,1.116,3,1863
529832569,2.012,-0.549,-1.280,0.123,-0.399,1.040,3,1863
529833640,-1.585,0.793,-0.854,-0.319,-0.275,0.808,3,1863
529834582,-4.451,2.744,1.098,0.040,0.414,1.073,3,1863
529835640,-0.305,2.134,1.280,0.303,0.225,1.219,3,1863
529836576,2.683,-0.671,-0.976,0.374,-0.299,1.039,3,1863
529837640,0.610,-0.122,-1.463,-0.172,-0.389,1.044,3,1863
529838591,-3.354,1.707,0.305,-0.410,0.002,1.044,3,1863
529839640,-4.024,2.927,2.134,-0.164,0.408,0.968,3,1863
529840582,-1.524,2.683,2.317,0.157,0.387,1.043,3,1863
529841640,2.073,-0.549,-0.915,0.108,-0.394,1.042,3,1863
529842572,-1.402,0.976,-0.549,-0.331,-0.285,0.793,3,1863
529843640,-4.390,2.805,1.159,-0.361,0.275,1.028,3,1863
529844594,-3.476,3.293,2.317,0.029,0.424,1.087,3,1863
529845640,-0.122,2.256,1.159,0.305,0.209,1.251,3,1863
529846575,2.500,-0.610,-0.854,0.388,-0.283,1.052,3,1863
529847640,-3.537,1.524,-0.183,-0.421,0.003,1.004,3,1863
529848577,-4.390,2.744,2.073,-0.166,0.415,0.983,3,1863
529849640,-2.195,2.683,2.317,0.145,0.361,1.026,3,1863
529850588,1.707,0.976,-0.061,0.426,-0.019,1.102,3,1863
529851640,2.439,-0.671,-1.341,0.162,-0.405,1.080,3,1863
529852748,-1.341,0.610,-0.854,-0.331,-0.283,0.799,3,1863
529853294,-4.390,2.378,1.098,-0.379,0.284,1.062,3,1873
529854369,-3.537,3.232,2.378,0.037,0.410,1.071,3,1873
529855638,2.439,-0.488,-1.037,0.418,-0.287,1.060,3,1873
529856584,0.427,-0.305,-1.341,-0.173,-0.377,0.990,3,1873
529857638,-3.354,1.585,0.061,-0.403,-0.027,1.066,3,1873
529858580,-4.268,2.927,2.256,-0.181,0.425,0.936,3,1873
529859638,-1.890,2.805,2.256,0.162,0.345,1.029,3,1873
529860580,1.646,0.915,0.061,0.407,-0.003,1.115,3,1873
529861638,-1.463,0.793,-0.976,-0.325,-0.302,0.797,3,1873
529862576,-4.329,2.500,1.159,-0.387,0.303,1.034,3,1873
529863638,-3.598,3.537,2.500,0.021,0.403,1.067,3,1873
529864583,-0.061,2.012,1.585,0.292,0.228,1.170,3,1873
529865638,2.683,-0.610,-0.854,0.400,-0.289,1.065,3,1873
529866579,0.793,-0.183,-1.585,-0.176,-0.386,1.006,3,1873
529867638,-3.049,1.951,-0.061,-0.401,-0.018,1.104,3,1873
529868584,-4.390,3.293,2.134,-0.159,0.404,0.935,3,1873
529869638,1.707,0.671,0.183,0.433,-0.024,1.124,3,1873
529870580,2.317,-0.366,-1.280,0.135,-0.385,1.084,3,1873
529871638,-1.037,0.976,-0.793,-0.319,-0.297,0.829,3,1873
529872584,-4.329,2.439,1.220,-0.389,0.316,0.986,3,1873
529873638,-3.780,3.232,2.378,0.040,0.408,1.076,3,1873
529874580,-0.122,1.829,1.463,0.322,0.226,1.182,3,1873
529875638,0.549,-0.183,-1.768,-0.182,-0.404,0.995,3,1873
529876586,-3.415,1.707,0.061,-0.424,0.019,1.098,3,1873
529877638,-4.634,2.927,2.012,-0.150,0.399,0.940,3,1873
529878579,-1.585,2.927,2.134,0.156,0.365,1.039,3,1873
529879638,1.890,0.671,-0.061,0.432,-0.030,1.131,3,1873
529880582,2.195,-0.793,-1.524,0.111,-0.414,1.065,3,1873
529881638,-1.220,0.732,-1.037,-0.377,0.310,1.009,3,1873
529882579,-3.415,3.293,2.378,0.038,0.415,1.057,3,1873
529883638,0.366,2.134,1.341,0.332,0.214,1.216,3,1873
529884576,2.561,-0.671,-0.915,0.383,-0.321,1.061,3,1873
529885638,0.122,-0.366,-1.524,-0.210,-0.372,1.019,3,1873
529886592,-3.537,1.890,-0.122,-0.397,0.007,1.059,3,1873
529887638,-4.756,3.232,1.646,-0.147,0.419,0.963,3,1873
529888579,-1.707,2.927,2.012,0.164,0.381,1.027,3,1873
529889638,2.012,-0.671,-1.585,0.083,-0.398,1.064,3,1873
529890584,-1.159,0.610,-1.098,-0.341,-0.277,0.813,3,1873
529891638,-3.841,2.927,1.098,-0.381,0.315,1.012,3,1873
529892580,-3.537,3.232,2.195,0.052,0.417,1.047,3,1873
529893638,0.244,1.890,0.976,0.350,0.211,1.222,3,1873
529894585,2.927,-0.488,-1.098,0.369,-0.337,1.078,3,1873
529895638,-3.963,1.768,-0.061,-0.406,0.040,0.964,3,1873
529896579,-4.451,3.476,2.012,-0.133,0.422,1.021,3,1873
529897638,-1.524,2.378,1.829,0.195,0.355,1.053,3,1873
529898583,2.622,0.427,-0.427,0.452,-0.104,1.131,3,1873
529899638,2.256,-0.549,-1.585,0.062,-0.419,1.027,3,1873
529900579,-1.890,0.793,-0.976,-0.378,-0.247,0.867,3,1873
529901638,-4.451,3.049,1.280,-0.349,0.325,0.954,3,1873
529902737,0.671,1.829,1.159,0.357,0.154,1.224,3,1873
529903280,0.671,1.829,1.159,0.357,0.154,1.224,3,1883
529904358,0.305,0.122,-1.646,-0.246,-0.383,1.010,3,1883
529905638,-3.841,1.829,0.061,-0.423,0.074,0.929,3,1883
529906582,-4.756,3.415,2.073,-0.104,0.437,1.036,3,1883
529907640,-1.402,2.439,2.134,0.210,0.322,1.029,3,1883
529908579,2.256,0.061,-0.061,0.449,-0.095,1.093,3,1883
529909640,-1.829,1.159,-0.915,-0.390,-0.228,0.896,3,1883
529910577,-4.573,3.110,1.037,-0.328,0.355,0.980,3,1883
529911640,-3.293,2.927,2.195,0.082,0.408,1.022,3,1883
529912584,1.098,1.768,1.037,0.353,0.165,1.229,3,1883
529913640,2.927,-0.488,-1.280,0.361,-0.358,1.088,3,1883
529914576,-0.244,0.122,-1.646,-0.289,-0.382,1.013,3,1883
529915640,-3.902,2.073,0.183,-0.079,0.443,1.026,3,1883
529916584,-1.829,2.439,2.256,0.217,0.334,1.034,3,1883
529917640,2.622,0.061,0.061,0.462,-0.147,1.115,3,1883
529918581,1.768,-0.305,-1.280,0.000,-0.428,1.066,3,1883
529919640,-2.317,1.098,-0.793,-0.404,-0.202,0.934,3,1883
529920576,-4.756,3.171,1.524,-0.300,0.368,0.962,3,1883
529921640,-3.110,2.988,2.561,0.070,0.412,1.030,3,1883
529922579,0.732,1.524,0.732,0.388,0.125,1.221,3,1883
529923640,-0.488,0.183,-1.585,-0.291,-0.380,0.971,3,1883
529924578,-4.146,2.256,0.366,-0.427,0.150,0.925,3,1883
529925640,-4.817,3.354,2.561,-0.056,0.442,1.053,3,1883
529926584,-0.854,2.439,2.195,0.242,0.304,1.064,3,1883
529927640,2.805,-0.183,-0.549,0.471,-0.180,1.123,3,1883
529928576,1.524,-0.488,-1.768,-0.034,-0.443,1.030,3,1883
529929640,-4.268,3.293,1.768,-0.266,0.374,0.929,3,1883
529930587,-2.622,2.927,2.622,0.092,0.413,1.008,3,1883
529931640,1.585,1.159,0.671,0.424,0.086,1.202,3,1883
529932575,2.927,-0.671,-1.402,0.265,-0.378,1.107,3,1883
529933640,-0.793,0.366,-1.646,-0.314,-0.358,0.894,3,1883
529934585,-4.207,2.012,0.671,-0.414,0.191,0.915,3,1883
529935640,-4.329,3.720,2.317,-0.037,0.445,1.102,3,1883
529936578,-1.098,2.134,1.585,0.286,0.280,1.107,3,1883
529937640,0.976,-0.549,-1.768,-0.083,-0.438,0.997,3,1883
529938585,-2.927,1.707,-0.549,-0.430,-0.087,1.077,3,1883
529939640,-5.122,3.232,1.890,-0.237,0.392,0.880,3,1883
529940584,-2.622,3.232,2.561,0.131,0.403,1.005,3,1883
529941640,1.280,1.341,0.610,0.453,0.045,1.139,3,1883
529942587,2.012,-0.732,-1.280,0.209,-0.392,1.124,3,1883
529943640,-4.207,2.500,0.671,-0.421,0.238,0.979,3,1883
529944575,-4.329,3.537,2.378,0.003,0.427,1.083,3,1883
529945640,-0.549,2.134,1.768,0.306,0.272,1.170,3,1883
529946578,2.866,-0.610,-0.671,0.429,-0.265,1.106,3,1883
529947640,0.671,-0.366,-1.463,-0.127,-0.411,1.033,3,1883
529948582,-2.988,1.524,0.000,-0.427,-0.066,1.043,3,1883
529949640,-4.451,3.232,1.768,0.167,0.383,1.020,3,1883
529950580,1.402,0.671,0.488,0.453,0.002,1.140,3,1883
529951640,2.317,-0.793,-1.220,0.166,-0.401,1.109,3,1883
529952741,-1.098,0.671,-1.098,-0.364,-0.318,0.801,3,1883
529953290,-4.085,2.622,0.976,-0.404,0.273,1.014,3,1893
529954374,-3.720,3.293,2.561,0.026,0.428,1.042,3,1893
529955638,-0.061,2.012,1.585,0.327,0.242,1.205,3,1893
529956591,2.439,-0.732,-0.854,0.428,-0.298,1.103,3,1893
529957638,-2.988,2.134,0.000,-0.445,-0.006,0.985,3,1893
529958586,-4.573,3.415,1.890,-0.176,0.425,0.969,3,1893
529959638,-2.134,2.805,2.439,0.185,0.371,1.009,3,1893
529960576,1.890,0.610,0.366,0.473,-0.049,1.111,3,1893
529961638,1.829,-0.854,-1.768,0.119,-0.412,1.099,3,1893
529962581,-1.463,0.854,-1.159,-0.391,-0.275,0.821,3,1893
529963638,-4.024,3.354,2.561,0.062,0.416,1.044,3,1893
529964581,-0.183,1.768,1.707,0.346,0.221,1.251,3,1893
529965638,2.927,-0.549,-0.793,0.414,-0.320,1.095,3,1893
529966580,0.427,-0.244,-1.524,-0.253,-0.386,1.034,3,1893
529967638,-3.598,2.134,0.305,-0.433,0.027,0.945,3,1893
529968588,-4.451,3.537,2.317,-0.127,0.433,0.972,3,1893
529969638,-1.829,2.805,2.805,0.195,0.355,1.011,3,1893
529970579,2.134,0.305,0.305,0.473,-0.083,1.121,3,1893
529971638,-1.890,1.037,-0.915,-0.399,-0.253,0.913,3,1893
529972585,-4.573,3.354,1.463,-0.349,0.338,0.955,3,1893
529973638,-3.720,3.293,2.866,0.073,0.433,0.999,3,1893
529974571,0.793,1.646,1.402,0.401,0.164,1.220,3,1893
529975638,2.988,-0.915,-1.463,0.345,-0.345,1.157,3,1893
529976574,-0.122,0.122,-1.707,-0.289,-0.394,0.996,3,1893
529977638,-4.756,3.902,2.378,-0.093,0.454,1.007,3,1893
529978584,-1.280,2.683,2.561,0.252,0.323,1.036,3,1893
529979638,2.500,-0.061,-0.122,0.486,-0.147,1.162,3,1893
529980585,1.159,-0.549,-1.463,-0.019,-0.438,1.056,3,1893
529981638,-2.378,1.220,-0.793,-0.418,-0.170,1.045,3,1893
529982654,-4.634,3.415,1.646,-0.289,0.382,0.921,3,1893
529983181,-3.232,3.171,2.927,0.110,0.407,0.962,3,1893
529984700,2.927,-0.915,-1.280,0.269,-0.397,1.140,3,1893
529985209,2.927,-0.915,-1.280,0.269,-0.397,1.140,3,1893
529986700,-4.146,2.378,0.854,-0.428,0.201,0.949,3,1893
529987210,-4.573,3.598,2.561,-0.056,0.474,1.038,3,1893
529988700,-0.732,2.073,2.134,0.318,0.279,1.130,3,1893
529989203,2.622,-0.610,-0.366,0.447,-0.229,1.167,3,1893
529990700,-2.927,1.707,-0.488,-0.427,-0.086,1.043,3,1893
529991207,-2.927,1.707,-0.488,-0.427,-0.086,1.043,3,1893
529992700,-2.561,2.744,2.561,0.173,0.383,1.001,3,1893
529993219,-2.561,2.744,2.561,0.173,0.383,1.001,3,1893
529994700,2.439,-1.098,-1.524,0.179,-0.418,1.129,3,1893
529995203,-0.915,0.732,-1.341,-0.375,-0.328,0.815,3,1893
529996700,-4.451,2.927,1.037,-0.405,0.276,0.983,3,1893
529997209,-4.207,3.537,2.683,0.017,0.437,1.014,3,1893
529998700,3.232,-0.610,-1.037,0.413,-0.292,1.190,3,1893
529999203,3.232,-0.610,-1.037,0.413,-0.292,1.190,3,1893
530000729,-3.537,1.585,-0.305,-0.458,0.006,0.914,3,1893
530001234,-4.573,3.476,1.829,-0.173,0.435,0.936,3,1893
530002466,-2.317,2.866,2.622,0.214,0.356,1.029,3,1893
530003638,1.890,0.183,0.366,0.489,-0.094,1.132,3,1902
530004630,-1.585,0.976,-0.854,-0.398,-0.246,0.951,3,1902
530005149,-1.585,0.976,-0.854,-0.398,-0.246,0.951,3,1902
530006700,-3.963,3.415,2.805,0.062,0.445,0.988,3,1902
530007210,0.854,1.768,1.585,0.423,0.138,1.144,3,1902
530008699,3.476,-0.793,-1.037,0.350,-0.329,1.243,3,1902
530009212,0.549,-0.183,-1.707,-0.257,-0.404,0.968,3,1902
530010699,-4.634,3.841,2.622,-0.124,0.456,0.956,3,1902
530011212,-4.634,3.841,2.622,-0.124,0.456,0.956,3,1902
530012699,2.622,0.000,-0.183,0.483,-0.172,1.121,3,1902
530013213,2.622,0.000,-0.183,0.483,-0.172,1.121,3,1902
530014701,-1.951,1.280,-0.915,-0.441,-0.183,1.001,3,1902
530015215,-4.268,3.476,1.707,-0.344,0.377,0.930,3,1902
530016699,-2.927,3.232,2.805,0.149,0.424,0.944,3,1902
530017212,0.793,1.037,0.976,0.453,0.083,1.167,3,1902
530018699,-0.183,0.183,-1.768,-0.338,-0.355,0.921,3,1902
530019215,-0.183,0.183,-1.768,-0.338,-0.355,0.921,3,1902
530020699,-4.634,3.720,2.317,-0.034,0.458,0.986,3,1902
530021215,-0.976,2.378,2.073,0.328,0.289,1.153,3,1902
530022699,2.988,-0.427,-0.793,0.485,-0.280,1.131,3,1902
530023212,1.524,-0.671,-1.951,-0.125,-0.402,1.071,3,1902
530024699,-4.756,3.720,1.646,-0.272,0.427,0.938,3,1902
530025212,-4.756,3.720,1.646,-0.272,0.427,0.938,3,1902
530026699,2.012,0.793,0.671,0.506,-0.016,1.153,3,1902
530027212,2.012,0.793,0.671,0.506,-0.016,1.153,3,1902
530028699,-0.976,0.305,-1.463,-0.342,-0.296,0.914,3,1902
530029212,-4.268,2.744,1.098,-0.474,0.272,0.930,3,1902
530030699,-4.207,3.659,2.561,0.009,0.446,1.003,3,1902
530031212,-0.183,2.317,2.195,0.411,0.223,1.174,3,1902
530032699,0.854,-0.549,-1.768,-0.203,-0.349,0.986,3,1902
530033212,0.854,-0.549,-1.768,-0.203,-0.349,0.986,3,1902
530034699,-5.000,4.085,2.134,-0.252,0.429,0.904,3,1902
530035212,-1.890,2.988,2.622,0.274,0.359,1.018,3,1902
530036699,2.256,0.366,0.610,0.511,-0.118,1.166,3,1902
530037212,2.317,-0.732,-1.646,0.033,-0.404,1.176,3,1902
530038699,-5.427,3.293,1.463,-0.429,0.312,0.921,3,1902
530039212,-5.427,3.293,1.463,-0.429,0.312,0.921,3,1902
530040699,0.854,1.341,1.341,0.466,0.147,1.162,3,1902
530041213,2.744,-1.098,-1.098,0.369,-0.392,1.168,3,1902
530042699,0.549,0.122,-1.890,-0.297,-0.287,0.963,3,1902
530043215,-3.354,2.195,0.183,-0.390,0.083,0.891,3,1902
530044699,-1.098,2.744,1.951,0.322,0.319,1.132,3,1902
530045215,-1.098,2.744,1.951,0.322,0.319,1.132,3,1902
530046699,1.585,-0.976,-1.341,-0.078,-0.385,1.097,3,1902
530047212,1.585,-0.976,-1.341,-0.078,-0.385,1.097,3,1902
530048699,-4.390,3.415,1.524,-0.328,0.339,0.920,3,1902
530049215,-2.805,3.476,2.317,0.072,0.378,0.906,3,1902
530050699,1.280,0.854,0.793,0.514,0.029,1.186,3,1902
530051238,1.890,-1.341,-1.402,0.238,-0.409,1.154,3,1902
530052447,-0.305,0.061,-1.402,-0.366,-0.232,0.974,3,1902
530053638,-4.207,4.024,2.561,-0.111,0.406,0.948,3,1912
530054643,-0.488,2.439,1.829,0.363,0.204,1.158,3,1912
530055154,2.561,-0.610,-0.671,0.431,-0.258,1.190,3,1912
530056701,0.793,-0.488,-1.646,-0.145,-0.376,1.024,3,1912
530057220,-2.378,1.463,-0.854,-0.417,0.037,0.968,3,1912
530058700,-2.134,3.110,2.256,0.200,0.328,1.032,3,1912
530059210,-2.134,3.110,2.256,0.200,0.328,1.032,3,1912
530060700,2.195,-0.854,-1.159,0.102,-0.406,1.117,3,1912
530061203,2.195,-0.854,-1.159,0.102,-0.406,1.117,3,1912
530062700,-4.512,2.805,1.098,-0.355,0.289,0.852,3,1912
530063219,-3.841,3.841,2.683,-0.016,0.397,0.871,3,1912
530064700,0.915,1.829,1.524,0.437,0.150,1.177,3,1912
530065219,2.622,-0.976,-0.915,0.390,-0.348,1.238,3,1912
530066700,-3.110,2.195,0.366,-0.423,0.127,0.934,3,1912
530067209,-3.110,2.195,0.366,-0.423,0.127,0.934,3,1912
530068700,-1.037,2.866,2.012,0.255,0.301,1.137,3,1912
530069219,2.622,-0.183,-0.610,0.495,-0.205,1.142,3,1912
530070700,0.854,-1.037,-1.707,-0.049,-0.377,1.117,3,1912
530071209,-2.134,1.220,-1.098,-0.388,-0.067,0.994,3,1912
530072700,-2.561,3.659,2.317,0.072,0.395,0.890,3,1912
530073203,-2.561,3.659,2.317,0.072,0.395,0.890,3,1912
530074700,2.195,-1.280,-1.280,0.225,-0.406,1.142,3,1912
530075203,-0.427,0.427,-1.220,-0.333,-0.228,1.012,3,1912
530076700,-3.537,2.866,0.549,-0.362,0.182,0.911,3,1912
530077219,-4.329,4.146,2.378,-0.102,0.405,0.892,3,1912
530078700,-0.183,2.439,1.890,0.449,-0.302,1.208,3,1912
530079207,2.622,-0.366,-0.854,0.449,-0.302,1.208,3,1912
530080700,-2.256,1.585,-0.427,-0.400,0.029,0.947,3,1912
530081203,-2.256,1.585,-0.427,-0.400,0.029,0.947,3,1912
530082700,-1.890,3.659,2.744,0.193,0.345,1.028,3,1912
530083203,2.012,0.061,0.488,0.485,-0.081,1.188,3,1912
530084716,1.646,-0.976,-1.037,0.074,-0.411,1.076,3,1912
530085238,-1.220,0.854,-0.671,-0.383,-0.122,1.145,3,1912
530086236,-4.268,2.744,1.098,-0.329,0.269,0.879,3,1912
530087638,0.122,1.402,1.280,0.433,0.138,1.171,3,1912
530088585,2.012,-1.159,-1.159,0.373,-0.378,1.224,3,1912
530089638,0.000,0.000,-1.220,-0.280,-0.281,0.947,3,1912
530090579,-3.110,2.317,0.122,-0.416,0.101,0.941,3,1912
530091638,-4.573,3.902,2.195,-0.168,0.391,0.881,3,1912
530092574,-1.037,2.805,2.256,0.314,0.291,1.117,3,1912
530093638,1.463,-0.671,-1.098,-0.083,-0.371,1.154,3,1912
530094582,-1.707,1.402,-0.671,-0.375,-0.045,0.988,3,1912
530095638,-4.573,3.598,1.768,-0.321,0.369,0.937,3,1912
530096581,-2.744,3.293,2.927,0.079,0.383,0.921,3,1912
530097638,1.585,0.610,1.037,0.504,-0.003,1.181,3,1912
530098587,2.439,-1.280,-1.280,0.203,-0.408,1.165,3,1912
530099638,-4.146,2.561,0.671,-0.370,0.172,0.883,3,1912
530100576,-4.451,3.841,2.866,-0.067,0.416,0.886,3,1912
530101638,-0.183,1.829,1.646,0.388,0.193,1.109,3,1912
530102738,2.561,-0.976,-0.854,0.406,-0.338,1.204,3,1912
530103289,0.427,-0.427,-1.463,-0.197,-0.316,1.025,3,1922
530104385,-3.415,1.524,-0.244,-0.375,0.062,0.993,3,1922
530105638,-5.122,3.902,2.073,-0.246,0.394,0.924,3,1922
530106596,-1.646,3.354,2.622,0.202,0.337,1.043,3,1922
530107639,1.159,-0.732,-1.159,0.022,-0.403,1.129,3,1922
530108576,-1.463,1.159,-0.244,-0.398,-0.086,1.057,3,1922
530109639,-4.207,3.232,1.585,-0.333,0.259,0.908,3,1922
530110577,-2.866,3.780,2.683,0.048,0.401,0.815,3,1922
530111639,1.220,0.915,1.098,0.445,0.124,1.184,3,1922
530112584,2.134,-1.098,-1.037,0.313,-0.410,1.182,3,1922
530113639,-3.415,2.256,0.122,-0.397,0.169,0.949,3,1922
530114581,-4.207,4.024,2.073,-0.129,0.397,0.932,3,1922
530115639,-0.488,2.988,2.012,0.312,0.280,1.182,3,1922
530116575,2.622,-0.427,-0.366,0.499,-0.270,1.187,3,1922
530117639,0.976,-0.732,-1.524,-0.145,-0.378,1.093,3,1922
530118587,-2.439,1.402,-0.671,-0.403,-0.003,0.918,3,1922
530119639,-4.817,3.963,1.524,-0.262,0.363,0.926,3,1922
530120579,2.073,0.610,0.488,0.459,-0.034,1.159,3,1922
530121639,1.890,-0.732,-1.402,0.154,-0.412,1.126,3,1922
530122585,-0.854,0.427,-1.159,-0.348,-0.189,1.145,3,1922
530123639,-4.085,2.561,1.037,-0.364,0.262,0.881,3,1922
530124588,-3.476,3.841,2.744,-0.023,0.389,0.883,3,1922
530125639,0.732,1.646,1.707,0.418,0.175,1.151,3,1922
530126571,2.622,-1.098,-0.915,0.395,-0.355,1.242,3,1922
530127639,-2.988,1.951,0.305,-0.417,0.104,0.936,3,1922
530128574,-4.329,4.146,2.256,-0.186,0.400,0.896,3,1922
530129639,-0.976,3.171,2.378,0.292,0.314,1.117,3,1922
530130588,2.744,-0.061,0.061,0.511,-0.202,1.142,3,1922
530131639,1.220,-0.732,-1.341,-0.081,-0.379,1.134,3,1922
530132577,-2.134,1.402,-0.854,-0.369,-0.067,1.048,3,1922
530133639,-2.927,3.902,2.561,0.065,0.385,0.900,3,1922
530134580,1.402,1.220,0.610,0.505,0.018,1.174,3,1922
530135639,2.500,-1.037,-1.402,0.258,-0.425,1.166,3,1922
530136591,-0.427,0.305,-1.280,-0.373,-0.215,1.022,3,1922
530137639,-3.537,2.622,0.976,-0.369,0.171,0.923,3,1922
530138584,-4.024,4.024,2.805,-0.096,0.418,0.878,3,1922
530139639,0.305,2.439,2.256,0.380,0.206,1.145,3,1922
530140581,2.866,-0.549,-0.488,0.426,-0.317,1.197,3,1922
530141639,-3.171,1.402,-0.183,-0.380,0.051,0.960,3,1922
530142583,-5.183,3.841,1.768,-0.259,0.406,0.914,3,1922
530143639,-2.195,3.110,2.500,0.212,0.343,1.023,3,1922
530144588,2.317,-0.061,0.244,0.521,-0.116,1.204,3,1922
530145639,1.341,-0.854,-1.463,0.062,-0.440,1.090,3,1922
530146637,-1.768,1.220,-0.915,-0.386,-0.110,1.104,3,1922
530147169,-4.878,3.171,1.585,-0.340,0.261,0.881,3,1922
530148700,0.915,1.341,1.159,0.473,0.095,1.179,3,1922
530149218,0.915,1.341,1.159,0.473,0.095,1.179,3,1922
530150699,-0.061,-0.122,-1.585,-0.309,-0.269,0.960,3,1922
530151243,-3.476,2.378,-0.122,-0.390,0.154,0.926,3,1922
530152609,-4.634,3.963,2.012,-0.162,0.427,0.887,3,1922
530153155,-0.732,2.744,1.768,0.357,0.243,1.114,3,1932
530154701,0.732,-0.793,-1.768,-0.133,-0.398,1.106,3,1932
530155210,0.732,-0.793,-1.768,-0.133,-0.398,1.106,3,1932
530156701,-5.366,3.598,1.585,-0.270,0.387,0.941,3,1932
530157210,-2.805,3.293,2.439,0.164,0.344,0.950,3,1932
530158700,2.134,0.488,0.549,0.475,-0.039,1.159,3,1932
530159203,1.951,-0.793,-1.463,0.159,-0.441,1.182,3,1932
530160700,-4.756,2.927,1.098,-0.370,0.289,0.855,3,1932
530161208,-4.756,2.927,1.098,-0.370,0.289,0.855,3,1932
530162700,0.549,1.707,1.463,0.443,0.155,1.162,3,1932
530163220,0.549,1.707,1.463,0.443,0.155,1.162,3,1932
530164700,0.122,-0.122,-1.402,-0.291,-0.319,0.975,3,1932
530165210,-3.293,2.439,0.061,-0.426,0.128,0.955,3,1932
530166700,-4.634,3.841,2.195,-0.145,0.382,0.923,3,1932
530167209,-1.402,2.805,2.073,0.294,0.320,1.149,3,1932
530168700,1.159,-1.098,-1.707,-0.109,-0.401,1.131,3,1932
530169219,1.159,-1.098,-1.707,-0.109,-0.401,1.131,3,1932
530170700,-4.756,3.598,1.280,-0.285,0.380,0.861,3,1932
530171219,-2.439,3.537,2.561,0.114,0.401,0.877,3,1932
530172700,1.890,0.915,0.671,0.538,-0.026,1.168,3,1932
530173209,2.195,-1.159,-1.707,0.159,-0.438,1.178,3,1932
530174700,-4.512,2.866,0.732,-0.389,0.234,0.863,3,1932
530175208,-4.512,2.866,0.732,-0.389,0.234,0.863,3,1932
530176700,0.488,1.402,1.768,0.428,0.200,1.156,3,1932
530177203,2.805,-1.098,-1.159,0.387,-0.403,1.267,3,1932
530178700,0.366,-0.183,-1.951,-0.266,-0.339,0.925,3,1932
530179209,-3.110,2.073,-0.122,-0.409,0.134,0.965,3,1932
530180700,-4.878,4.329,2.317,-0.192,0.424,0.851,3,1932
530181203,-1.463,2.988,2.256,0.309,0.317,1.108,3,1932
530182700,0.976,-1.098,-1.707,-0.115,-0.423,1.200,3,1932
530183208,0.976,-1.098,-1.707,-0.115,-0.423,1.200,3,1932
530184700,-5.122,3.720,1.524,-0.279,0.360,0.913,3,1932
530185203,-2.988,3.476,2.561,0.146,0.409,0.891,3,1932
530186700,1.524,0.549,0.549,0.501,-0.008,1.196,3,1932
530187219,1.707,-1.280,-1.951,0.155,-0.452,1.157,3,1932
530188700,-4.390,3.049,0.610,-0.360,0.247,0.849,3,1932
530189208,-4.390,3.049,0.610,-0.360,0.247,0.849,3,1932
530190700,0.244,1.646,1.646,0.470,0.172,1.146,3,1932
530191219,2.256,-1.098,-1.280,0.380,-0.398,1.283,3,1932
530192700,0.122,-0.061,-1.646,-0.306,-0.313,0.949,3,1932
530193219,-2.988,2.256,0.000,-0.434,0.104,0.927,3,1932
530194700,-0.915,2.561,2.378,0.348,0.309,1.133,3,1932
530195209,-0.915,2.561,2.378,0.348,0.309,1.133,3,1932
530196700,1.463,-0.976,-2.012,-0.106,-0.389,1.179,3,1932
530197208,1.463,-0.976,-2.012,-0.106,-0.389,1.179,3,1932
530198700,-5.061,3.659,1.707,-0.299,0.393,0.900,3,1932
530199219,-2.927,3.415,2.988,0.129,0.376,0.905,3,1932
530200700,1.768,0.549,0.854,0.533,-0.040,1.228,3,1932
530201239,2.134,-1.159,-1.463,0.153,-0.458,1.145,3,1932
530202459,-0.976,0.854,-1.220,-0.397,-0.152,1.116,3,1932
530203638,-4.207,4.146,2.744,-0.016,0.437,0.810,3,1941
530204640,0.244,1.463,1.829,0.460,0.187,1.181,3,1941
530205149,2.439,-1.159,-0.976,0.378,-0.420,1.260,3,1941
530206700,0.305,-0.183,-1.585,-0.292,-0.300,0.969,3,1941
530207215,-3.049,1.951,0.183,-0.396,0.132,0.930,3,1941
530208699,-1.280,2.805,2.439,0.343,0.298,1.097,3,1941
530209211,-1.280,2.805,2.439,0.343,0.298,1.097,3,1941
530210699,1.341,-1.220,-1.646,-0.140,-0.432,1.140,3,1941
530211215,-2.134,1.402,-0.732,-0.413,0.020,0.952,3,1941
530212699,-5.000,4.146,1.707,-0.262,0.354,0.895,3,1941
530213215,-2.622,3.476,2.805,0.146,0.411,0.936,3,1941
530214699,1.768,0.183,0.732,0.515,-0.046,1.192,3,1941
530215211,2.012,-1.159,-1.707,0.110,-0.435,1.199,3,1941
530216699,-4.390,2.866,1.037,-0.390,0.267,0.806,3,1941
530217215,-4.390,2.866,1.037,-0.390,0.267,0.806,3,1941
530218699,0.793,1.585,1.280,0.520,0.120,1.167,3,1941
530219211,2.378,-1.402,-1.220,0.326,-0.398,1.223,3,1941
530220699,0.244,-0.183,-1.646,-0.338,-0.295,1.021,3,1941
530221211,-3.110,2.439,0.122,-0.420,0.135,0.896,3,1941
530222699,-0.854,2.683,2.500,0.389,0.263,1.158,3,1941
530223211,-0.854,2.683,2.500,0.389,0.263,1.158,3,1941
530224699,1.098,-0.976,-2.195,-0.143,-0.401,1.087,3,1941
530225215,-2.622,1.037,-0.793,-0.391,0.042,0.946,3,1941
530226699,-5.671,3.963,2.134,-0.287,0.432,0.908,3,1941
530227210,-2.317,3.415,3.415,0.204,0.359,0.935,3,1941
530228699,1.890,-1.280,-2.073,0.040,-0.443,1.208,3,1941
530229211,1.890,-1.280,-2.073,0.040,-0.443,1.208,3,1941
530230699,-3.963,3.415,1.463,-0.391,0.299,0.882,3,1941
530231210,-3.963,3.415,1.463,-0.391,0.299,0.882,3,1941
530232699,1.159,0.976,1.341,0.526,0.093,1.187,3,1941
530233211,2.622,-1.220,-1.463,0.238,-0.439,1.252,3,1941
530234699,0.305,0.061,-1.829,-0.333,-0.264,1.054,3,1941
530235220,-3.720,2.866,0.488,-0.400,0.227,0.876,3,1941
530236699,-0.183,2.378,2.561,0.403,0.236,1.153,3,1941
530237211,-0.183,2.378,2.561,0.403,0.236,1.153,3,1941
530238699,0.305,-0.854,-2.012,-0.243,-0.406,0.992,3,1941
530239215,-2.927,1.707,-0.183,-0.451,0.121,0.923,3,1941
530240699,-5.183,4.268,2.500,-0.176,0.392,0.854,3,1941
530241212,-1.707,3.171,2.744,0.256,0.367,1.051,3,1941
530242699,2.012,-1.037,-1.890,-0.031,-0.459,1.221,3,1941
530243211,2.012,-1.037,-1.890,-0.031,-0.459,1.221,3,1941
530244699,-4.573,3.963,1.463,-0.360,0.362,0.862,3,1941
530245210,-3.049,4.268,3.049,0.088,0.426,0.838,3,1941
530246699,1.585,0.915,1.159,0.551,0.014,1.217,3,1941
530247215,2.256,-1.098,-1.646,0.195,-0.477,1.180,3,1941
530248699,-0.976,0.305,-1.768,-0.393,-0.184,1.147,3,1941
530249217,-4.390,2.683,0.854,-0.377,0.233,0.829,3,1941
530250728,0.244,1.707,1.890,0.476,0.185,1.150,3,1941
530251241,0.244,1.707,1.890,0.476,0.185,1.150,3,1941
530252438,0.610,-0.549,-1.646,-0.280,-0.349,0.957,3,1941
530253638,-2.744,2.134,0.061,-0.402,0.115,0.949,3,1951
530254636,-4.939,4.024,2.500,-0.194,0.430,0.841,3,1951
530255149,-1.159,2.866,2.683,0.331,0.308,1.104,3,1951
530256701,1.585,-1.098,-2.012,-0.119,-0.420,1.192,3,1951
530257216,1.585,-1.098,-2.012,-0.119,-0.420,1.192,3,1951
530258700,-5.183,4.329,1.707,-0.292,0.364,0.894,3,1951
530259220,-2.927,3.902,2.988,0.144,0.409,0.903,3,1951
530260700,1.524,0.427,0.671,0.536,-0.046,1.232,3,1951
530261210,1.707,-1.402,-1.890,0.114,-0.475,1.155,3,1951
530262700,-4.634,2.927,1.341,-0.396,0.273,0.827,3,1951
530263210,-4.634,2.927,1.341,-0.396,0.273,0.827,3,1951
530264700,0.549,1.463,1.585,0.537,0.129,1.170,3,1951
530265204,0.549,1.463,1.585,0.537,0.129,1.170,3,1951
530266700,0.549,-0.122,-1.829,-0.351,-0.292,1.015,3,1951
530267220,-3.110,2.500,0.366,-0.396,0.170,0.874,3,1951
530268700,-4.634,4.390,2.866,-0.152,0.455,0.825,3,1951
530269210,-0.610,2.561,2.500,0.384,0.267,1.156,3,1951
530270700,1.341,-0.671,-2.134,-0.202,-0.394,1.047,3,1951
530271204,1.341,-0.671,-2.134,-0.202,-0.394,1.047,3,1951
530272700,-5.061,4.085,2.134,-0.256,0.415,0.893,3,1951
530273220,-1.951,3.537,2.805,0.252,0.359,0.984,3,1951
530274700,2.195,-0.183,0.061,0.556,-0.162,1.241,3,1951
530275211,1.402,-1.220,-2.073,-0.016,-0.451,1.198,3,1951
530276700,-4.512,3.841,1.341,-0.353,0.335,0.851,3,1951
530277204,-4.512,3.841,1.341,-0.353,0.335,0.851,3,1951
530278700,0.976,0.854,1.220,0.540,0.037,1.153,3,1951
530279211,2.317,-1.280,-1.341,0.203,-0.458,1.267,3,1951
530280700,-0.549,0.122,-1.890,-0.364,-0.248,1.104,3,1951
530281204,-4.512,2.744,0.366,-0.414,0.290,0.850,3,1951
530282700,-4.817,4.268,2.927,-0.060,0.440,0.790,3,1951
530283207,0.061,2.012,2.195,0.468,0.196,1.169,3,1951
530284700,-0.427,-0.610,-2.256,-0.303,-0.379,0.976,3,1951
530285204,-0.427,-0.610,-2.256,-0.303,-0.379,0.976,3,1951
530286389,-4.939,4.268,2.561,-0.181,0.438,0.833,3,1951
530287639,-1.159,2.805,2.744,0.353,0.317,1.143,3,1951
530288579,2.500,-0.671,0.183,0.492,-0.268,1.232,3,1951
530289639,1.524,-1.220,-1.890,-0.121,-0.464,1.152,3,1951
530290583,-5.000,4.085,1.585,-0.297,0.392,0.876,3,1951
530291639,-2.134,3.598,2.683,0.163,0.399,0.885,3,1951
530292582,2.317,0.244,0.915,0.567,-0.066,1.278,3,1951
530293639,2.073,-1.585,-1.829,0.071,-0.493,1.194,3,1951
530294576,-1.037,0.671,-1.646,-0.411,-0.139,1.114,3,1951
530295639,-4.451,3.049,1.159,-0.368,0.295,0.848,3,1951
530296579,-3.780,3.902,2.866,0.028,0.456,0.795,3,1951
530297639,2.683,-1.524,-0.976,0.271,-0.454,1.267,3,1951
530298576,0.427,-0.244,-1.890,-0.342,-0.282,1.055,3,1951
530299639,-3.598,2.561,0.183,-0.409,0.204,0.896,3,1951
530300588,-5.122,4.268,2.744,-0.157,0.464,0.797,3,1951
530301639,-0.671,2.378,2.195,0.436,0.264,1.137,3,1951
530302738,2.439,-1.159,-0.488,0.468,-0.352,1.296,3,1951
530303282,0.366,-0.854,-1.951,-0.230,-0.412,1.009,3,1961
530304357,-3.232,1.585,-0.305,-0.435,0.071,0.928,3,1961
530305638,-1.829,3.293,2.866,0.301,0.355,1.059,3,1961
530306588,2.500,-0.488,0.305,0.535,-0.182,1.220,3,1961
530307639,2.256,-1.341,-1.951,-0.039,-0.465,1.223,3,1961
530308583,-0.732,1.098,-1.220,-0.425,-0.049,0.977,3,1961
530309639,-4.268,3.659,1.402,-0.330,0.371,0.885,3,1961
530310580,-3.049,4.085,2.927,0.075,0.442,0.829,3,1961
530311639,2.439,-1.463,-1.707,0.203,-0.480,1.225,3,1961
530312583,-0.671,0.122,-2.073,-0.382,-0.190,1.128,3,1961
530313639,-4.207,2.683,0.549,-0.384,0.223,0.812,3,1961
530314650,-4.024,4.268,2.744,-0.067,0.466,0.776,3,1961
530315181,0.366,1.707,2.012,0.520,0.154,1.164,3,1961
530316700,2.317,-1.280,-1.098,0.348,-0.402,1.275,3,1961
530317214,0.305,-0.366,-2.317,-0.322,-0.333,1.000,3,1961
530318699,-4.939,4.085,2.012,-0.193,0.462,0.831,3,1961
530319211,-4.939,4.085,2.012,-0.193,0.462,0.831,3,1961
530320699,2.683,-0.915,-0.305,0.484,-0.275,1.271,3,1961
530321211,1.037,-1.159,-2.256,-0.172,-0.422,1.115,3,1961
530322699,-2.561,1.341,-1.159,-0.434,0.048,0.943,3,1961
530323211,-5.366,4.268,1.768,-0.266,0.387,0.899,3,1961
530324699,2.073,-0.122,0.671,0.550,-0.124,1.268,3,1961
530325215,2.073,-0.122,0.671,0.550,-0.124,1.268,3,1961
530326699,-1.280,1.037,-1.585,-0.419,-0.105,1.088,3,1961
530327211,-4.878,3.293,1.220,-0.347,0.326,0.812,3,1961
530328699,-3.963,4.085,2.805,0.052,0.459,0.791,3,1961
530329211,0.793,1.280,1.341,0.536,0.070,1.149,3,1961
530330699,-0.366,0.244,-2.073,-0.378,-0.255,1.131,3,1961
530331211,-0.366,0.244,-2.073,-0.378,-0.255,1.131,3,1961
530332699,-4.695,4.390,2.805,-0.073,0.469,0.780,3,1961
530333211,-4.695,4.390,2.805,-0.073,0.469,0.780,3,1961
530334699,2.317,-1.220,-1.037,0.388,-0.393,1.312,3,1961
530335211,0.366,-0.488,-2.683,-0.302,-0.363,0.982,3,1961
530336711,-3.110,2.256,-0.610,-0.425,0.134,0.944,3,1961
530337234,-5.000,4.329,2.378,-0.195,0.460,0.807,3,1961
530338699,2.622,-0.671,-0.122,0.497,-0.263,1.284,3,1961
530339211,2.622,-0.671,-0.122,0.497,-0.263,1.284,3,1961
530340699,-2.683,1.463,-0.976,-0.441,0.034,0.893,3,1961
530341216,-5.793,4.268,1.829,-0.284,0.425,0.854,3,1961
530342699,-2.805,3.720,2.866,0.187,0.394,0.889,3,1961
530343211,2.012,0.122,0.671,0.565,-0.110,1.269,3,1961
530344699,-1.463,0.854,-1.707,-0.414,-0.138,1.028,3,1961
530345215,-1.463,0.854,-1.707,-0.414,-0.138,1.028,3,1961
530346699,-4.146,3.841,3.110,0.078,0.434,0.787,3,1961
530347211,-4.146,3.841,3.110,0.549,0.078,1.190,3,1961
530348699,2.439,-1.585,-1.341,0.232,-0.491,1.256,3,1961
530349220,-0.366,0.366,-1.890,-0.365,-0.253,1.133,3,1961
530350699,-4.146,2.866,0.549,-0.404,0.251,0.837,3,1961
530351241,-4.695,4.085,3.049,-0.087,0.463,0.766,3,1961
530352469,0.061,2.012,2.378,0.465,0.225,1.125,3,1961
530353638,0.183,-0.915,-2.317,-0.288,-0.386,0.948,3,1971
530354635,-3.110,1.890,-0.244,-0.431,0.155,0.958,3,1971
530355149,-5.305,4.146,2.683,-0.182,0.440,0.826,3,1971
530356701,-1.463,3.110,2.927,0.333,0.333,1.097,3,1971
530357206,2.317,-0.610,-0.061,0.534,-0.276,1.237,3,1971
530358700,-2.134,1.098,-1.280,-0.425,0.005,0.926,3,1971
530359219,-2.134,1.098,-1.280,-0.425,0.005,0.926,3,1971
530360700,-2.744,4.207,2.988,0.187,0.399,0.880,3,1971
530361219,1.768,0.488,0.976,0.581,-0.098,1.279,3,1971
530362700,1.341,-1.280,-2.012,0.033,-0.486,1.205,3,1971
530363219,-1.524,0.976,-1.646,-0.418,-0.147,1.069,3,1971
530364700,-4.146,3.963,2.988,0.021,0.476,0.801,3,1971
530365202,-4.146,3.963,2.988,0.021,0.476,0.801,3,1971
530366700,2.378,-1.646,-1.402,0.233,-0.473,1.293,3,1971
530367219,2.378,-1.646,-1.402,0.233,-0.473,1.293,3,1971
530368700,-4.329,2.744,0.549,-0.394,0.237,0.822,3,1971
530369219,-4.939,4.451,3.293,-0.095,0.475,0.765,3,1971
530370700,-0.122,1.890,2.439,0.515,0.176,1.136,3,1971
530371209,2.378,-1.402,-1.037,0.383,-0.379,1.339,3,1971
530372700,-2.866,2.012,-0.244,-0.420,0.142,0.885,3,1971
530373202,-2.866,2.012,-0.244,-0.420,0.142,0.885,3,1971
530374700,-1.098,3.293,2.866,0.386,0.295,1.080,3,1971
530375208,2.805,-0.671,0.305,0.499,-0.308,1.278,3,1971
530376700,1.463,-1.280,-2.134,-0.168,-0.441,1.148,3,1971
530377209,-2.317,1.402,-1.159,-0.438,0.045,0.936,3,1971
530378700,-1.402,3.902,3.110,0.207,0.398,0.931,3,1971
530379202,-1.402,3.902,3.110,0.207,0.398,0.931,3,1971
530380700,1.951,-1.707,-2.317,-0.011,-0.505,1.220,3,1971
530381209,1.951,-1.707,-2.317,-0.011,-0.505,1.220,3,1971
530382700,-5.366,3.841,1.890,-0.351,0.377,0.852,3,1971
530383219,-3.841,4.085,3.293,0.135,0.457,0.801,3,1971
530384700,1.220,0.732,1.402,0.577,-0.004,1.230,3,1971
530385206,2.256,-1.341,-1.829,0.133,-0.512,1.311,3,1971
530386700,-4.634,2.866,0.854,-0.380,0.312,0.751,3,1971
530387202,-4.634,2.866,0.854,-0.380,0.312,0.751,3,1971
530388716,0.793,1.646,2.073,0.563,0.123,1.132,3,1971
530389244,2.744,-1.707,-1.463,0.292,-0.442,1.344,3,1971
530390698,-0.183,-0.549,-2.439,-0.370,-0.330,1.141,3,1971
530391205,-4.268,2.622,0.427,-0.447,0.215,0.835,3,1971
530392265,-5.122,4.878,3.049,-0.100,0.481,0.736,3,1971
530393639,2.866,-1.280,-0.427,0.456,-0.406,1.363,3,1971
530394584,0.793,-1.037,-2.561,-0.290,-0.433,0.986,3,1971
530395639,-2.927,1.768,-0.610,-0.423,0.143,0.945,3,1971
530396579,-5.610,4.207,2.744,-0.218,0.481,0.783,3,1971
530397639,-1.707,3.476,3.293,0.323,0.358,1.091,3,1971
530398588,2.622,-0.488,0.000,0.560,-0.281,1.307,3,1971
530399639,-2.317,0.915,-1.220,-0.486,0.031,0.887,3,1971
530400583,-5.366,4.085,2.195,-0.289,0.429,0.822,3,1971
530401639,-2.500,3.841,3.415,0.242,0.418,0.934,3,1971
530402748,2.012,0.061,1.098,0.557,-0.111,1.270,3,1971
530403302,2.073,-1.402,-2.195,0.014,-0.549,1.271,3,1980
530404393,-0.854,0.976,-1.768,-0.411,-0.108,1.026,3,1980
530405638,-3.598,4.268,3.110,0.046,0.463,0.771,3,1980
530406581,2.012,1.341,1.524,0.562,0.062,1.208,3,1980
530407639,3.049,-1.463,-1.829,0.224,-0.532,1.251,3,1980
530408666,-0.183,-0.183,-2.134,-0.407,-0.235,1.178,3,1980
530409191,-4.146,2.866,1.037,-0.427,0.281,0.828,3,1980
530410307,-4.573,4.634,3.293,-0.031,0.491,0.722,3,1980
530411639,0.305,2.195,2.317,0.512,0.202,1.122,3,1980
530412579,2.439,-1.585,-0.671,0.361,-0.477,1.391,3,1980
530413639,-3.537,2.317,0.061,-0.410,0.212,0.905,3,1980
530414583,-5.427,4.207,3.110,-0.169,0.499,0.748,3,1980
530415639,-0.610,2.988,3.232,0.423,0.295,1.098,3,1980
530416574,3.049,-1.037,-0.244,0.511,-0.361,1.371,3,1980
530417640,1.220,-0.976,-2.683,-0.247,-0.450,1.074,3,1980
530418589,-2.622,1.707,-0.793,-0.472,0.084,0.882,3,1980
530419640,-1.707,3.780,3.171,0.326,0.391,1.034,3,1980
530420580,2.866,-0.366,0.610,0.541,-0.236,1.257,3,1980
530421640,2.378,-1.463,-2.500,-0.108,-0.497,1.239,3,1980
530422586,-1.159,0.915,-1.646,-0.408,-0.043,0.944,3,1980
530423640,-5.122,4.024,1.646,-0.315,0.437,0.852,3,1980
530424580,-2.866,3.780,3.232,0.120,0.438,0.842,3,1980
530425640,2.256,0.244,1.220,0.623,-0.069,1.277,3,1980
530426589,-1.159,0.549,-1.829,-0.426,-0.167,1.048,3,1980
530427640,-4.878,3.110,1.159,-0.387,0.312,0.833,3,1980
530428634,-4.146,4.146,3.049,0.064,0.494,0.767,3,1980
530429157,-4.146,4.146,3.049,0.064,0.494,0.767,3,1980
530430700,2.683,-1.524,-1.463,0.231,-0.507,1.365,3,1980
530431219,0.183,0.000,-2.317,-0.371,-0.277,1.131,3,1980
530432700,-4.512,4.573,3.049,-0.110,0.497,0.701,3,1980
530433213,-4.512,4.573,3.049,-0.110,0.497,0.701,3,1980
530434700,2.622,-1.524,-1.280,0.405,-0.402,1.371,3,1980
530435214,2.622,-1.524,-1.280,0.405,-0.402,1.371,3,1980
530436699,-3.171,2.134,-0.488,-0.479,0.175,0.834,3,1980
530437217,-5.549,4.207,2.622,-0.138,0.485,0.771,3,1980
530438699,-1.341,2.744,3.049,0.429,0.309,1.121,3,1980
530439216,2.744,-0.915,-0.122,0.462,-0.345,1.306,3,1980
530440699,-2.744,1.402,-1.037,-0.421,0.059,0.950,3,1980
530441212,-2.744,1.402,-1.037,-0.421,0.059,0.950,3,1980
530442699,-1.585,3.780,3.293,0.265,0.394,0.994,3,1980
530443221,2.683,-0.305,0.671,0.592,-0.216,1.288,3,1980
530444699,1.951,-1.585,-2.195,-0.047,-0.528,1.222,3,1980
530445213,-1.524,0.793,-1.524,-0.483,-0.054,0.895,3,1980
530446699,-2.927,3.963,3.232,0.194,0.468,0.856,3,1980
530447212,-2.927,3.963,3.232,0.194,0.468,0.856,3,1980
530448699,2.256,-1.463,-2.134,0.067,-0.539,1.264,3,1980
530449212,2.256,-1.463,-2.134,0.067,-0.539,1.264,3,1980
530450699,-4.878,2.805,1.280,-0.354,0.360,0.774,3,1980
530451237,-4.329,4.024,3.293,-0.006,0.484,0.774,3,1980
530452481,0.732,1.341,1.707,0.586,0.092,1.147,3,1980
530453638,-0.183,-0.183,-2.866,-0.384,-0.326,1.187,3,1990
530454701,-3.963,2.744,0.061,-0.451,0.254,0.821,3,1990
530455208,-3.963,2.744,0.061,-0.451,0.254,0.821,3,1990
530456696,0.122,2.195,2.622,0.510,0.231,1.098,3,1990
530457202,2.805,-1.463,-0.793,0.354,-0.430,1.392,3,1990
530458701,0.732,-0.732,-2.927,-0.316,-0.408,1.020,3,1990
530459220,-3.415,2.195,-0.610,-0.407,0.179,0.927,3,1990
530460698,-1.402,3.110,3.110,0.407,0.312,1.087,3,1990
530461209,-1.402,3.110,3.110,0.407,0.312,1.087,3,1990
530462700,1.037,-1.402,-2.622,-0.216,-0.510,1.076,3,1990
530463203,-2.317,1.463,-1.037,-0.491,0.078,0.898,3,1990
530464698,-5.061,4.390,2.317,-0.234,0.452,0.773,3,1990
530465209,-1.707,3.780,3.171,0.313,0.415,1.015,3,1990
530466700,2.256,-1.524,-2.500,-0.089,-0.496,1.261,3,1990
530467203,2.256,-1.524,-2.500,-0.089,-0.496,1.261,3,1990
530468698,-5.488,4.146,1.829,-0.325,0.427,0.834,3,1990
530469204,-5.488,4.146,1.829,-0.325,0.427,0.834,3,1990
530470700,2.195,0.061,1.098,0.609,-0.088,1.295,3,1990
530471203,2.195,-2.134,-2.073,0.058,-0.536,1.289,3,1990
530472698,-0.793,0.488,-2.134,-0.411,-0.179,1.049,3,1990
530473204,-4.207,3.415,1.159,-0.372,0.353,0.815,3,1990
530474700,1.463,1.341,1.646,0.571,0.054,1.200,3,1990
530475207,1.463,1.341,1.646,0.571,0.054,1.200,3,1990
530476698,-0.183,-0.366,-2.439,-0.375,-0.236,1.167,3,1990
530477204,-4.207,2.683,0.427,-0.418,0.295,0.775,3,1990
530478274,-4.573,4.573,3.049,-0.082,0.505,0.714,3,1990
530479638,0.610,2.073,2.317,0.546,0.160,1.106,3,1990
530480576,2.988,-1.585,-1.037,0.358,-0.455,1.424,3,1990
530481638,-3.232,2.378,0.000,-0.399,0.205,0.833,3,1990
530482571,-5.122,4.390,2.866,-0.134,0.497,0.724,3,1990
530483638,-0.488,2.744,2.927,0.440,0.294,1.121,3,1990
530484588,3.171,-1.037,-0.366,0.452,-0.397,1.343,3,1990
530485639,0.854,-0.732,-2.683,-0.247,-0.458,1.100,3,1990
530486576,-2.744,1.951,-0.732,-0.431,0.103,0.897,3,1990
530487639,-1.585,3.659,3.110,0.362,0.361,1.061,3,1990
530488578,2.805,-0.549,0.244,0.534,-0.289,1.343,3,1990
530489639,1.768,-1.463,-2.927,-0.148,-0.499,1.142,3,1990
530490575,-2.317,1.402,-1.646,-0.460,0.044,0.918,3,1990
530491639,-5.671,4.573,2.134,-0.266,0.454,0.836,3,1990
530492580,-2.439,3.902,3.171,0.253,0.431,0.926,3,1990
530493639,2.195,-0.061,0.854,0.572,-0.184,1.308,3,1990
530494572,2.012,-1.585,-2.439,-0.029,-0.523,1.286,3,1990
530495639,-4.756,4.146,1.707,-0.363,0.412,0.830,3,1990
530496582,-3.110,4.268,3.354,0.158,0.461,0.772,3,1990
530497639,1.951,0.488,1.341,0.597,-0.026,1.277,3,1990
530498572,2.622,-1.951,-2.134,0.092,-0.541,1.307,3,1990
530499639,-0.549,0.366,-2.378,-0.411,-0.211,1.137,3,1990
530500580,-4.512,3.171,1.159,-0.366,0.378,0.772,3,1990
530501639,0.854,1.951,2.317,0.546,0.102,1.137,3,1990
530502740,2.500,-1.341,-1.220,0.268,-0.500,1.323,3,1990
530503288,-0.305,-0.183,-2.317,-0.383,-0.335,1.197,3,2000
530504506,-4.024,2.927,0.427,-0.436,0.270,0.806,3,2000
530505638,-4.878,4.634,3.293,-0.035,0.495,0.730,3,2000
530506584,0.061,2.073,2.683,0.529,0.226,1.083,3,2000
530507639,0.366,-0.976,-2.866,-0.325,-0.427,1.062,3,2000
530508589,-3.354,2.439,-0.244,-0.426,0.192,0.887,3,2000
530509639,-5.488,4.756,2.988,-0.182,0.521,0.740,3,2000
530510575,-0.549,3.110,2.988,0.413,0.320,1.091,3,2000
530511639,3.354,-0.976,-0.305,0.484,-0.350,1.394,3,2000
530512587,1.280,-1.524,-2.927,-0.241,-0.492,1.049,3,2000
530513639,-2.866,1.402,-1.159,-0.466,0.116,0.910,3,2000
530514576,-5.793,4.329,2.317,-0.207,0.474,0.779,3,2000
530515639,2.378,-0.854,0.427,0.555,-0.279,1.353,3,2000
530516577,1.524,-1.585,-2.561,-0.117,-0.523,1.194,3,2000
530517639,-1.829,0.793,-1.463,-0.442,-0.019,0.899,3,2000
530518579,-5.488,4.390,2.134,-0.303,0.451,0.804,3,2000
530519639,-2.805,4.024,3.232,0.238,0.452,0.875,3,2000
530520589,2.256,0.061,0.976,0.594,-0.165,1.285,3,2000
530521639,-0.915,0.488,-2.073,-0.457,-0.110,0.972,3,2000
530522574,-4.939,3.963,1.646,-0.320,0.430,0.825,3,2000
530523639,-3.537,4.634,3.780,0.100,0.492,0.771,3,2000
530524593,2.012,1.098,1.829,0.613,-0.035,1.281,3,2000
530525639,2.378,-1.341,-2.073,0.113,-0.540,1.304,3,2000
530526586,-1.037,0.671,-2.439,-0.431,-0.233,1.079,3,2000
530527639,-4.756,3.232,0.976,-0.400,0.329,0.796,3,2000
530528587,-4.268,4.329,3.354,0.584,0.099,1.163,3,2000
530529639,2.622,-1.768,-1.402,0.267,-0.535,1.363,3,2000
530530592,-0.244,-0.427,-2.744,-0.392,-0.291,1.198,3,2000
530531639,-3.963,2.744,0.366,-0.370,0.265,0.756,3,2000
530532711,-4.512,4.939,3.841,-0.100,0.559,0.702,3,2000
530533223,0.549,2.500,2.927,0.549,0.174,1.081,3,2000
530534699,0.244,-0.732,-2.927,-0.376,-0.409,1.187,3,2000
530535211,0.244,-0.732,-2.927,-0.376,-0.409,1.187,3,2000
530536699,-5.305,4.512,2.988,-0.132,0.526,0.656,3,2000
530537211,-5.305,4.512,2.988,-0.132,0.526,0.656,3,2000
530538699,3.049,-1.159,-0.183,0.420,-0.431,1.407,3,2000
530539216,1.159,-1.220,-2.744,-0.310,-0.481,1.089,3,2000
530540699,-3.049,1.585,-0.732,-0.418,0.146,0.886,3,2000
530541211,-5.549,4.329,2.927,-0.188,0.540,0.759,3,2000
530542699,3.232,-0.671,0.366,0.512,-0.326,1.358,3,2000
530543211,3.232,-0.671,0.366,0.512,-0.326,1.358,3,2000
530544699,-2.500,1.280,-1.341,-0.500,0.050,0.892,3,2000
530545220,-5.061,4.512,2.561,-0.261,0.505,0.783,3,2000
530546699,-1.768,3.598,3.537,0.370,0.425,1.040,3,2000
530547211,2.561,-0.549,0.915,0.561,-0.271,1.337,3,2000
530548699,-2.073,0.610,-2.073,-0.436,-0.020,0.903,3,2000
530549211,-2.073,0.610,-2.073,-0.436,-0.020,0.903,3,2000
