timestamp_us,gyro_x,gyro_y,gyro_z,accel_x,accel_y,accel_z,motor_id,motor_command
260631253,-1.463,1.585,0.061,-0.005,0.035,1.036,255,48
260632638,-1.159,1.524,0.305,0.000,0.034,1.037,255,48
260633420,-0.976,1.402,0.244,0.003,0.028,1.029,255,48
260634640,-1.037,1.646,0.427,-0.002,0.025,1.038,255,48
260635386,-0.976,1.341,0.549,-0.009,0.029,1.032,255,48
260636638,-1.098,1.463,0.610,0.003,0.026,1.041,255,48
260637369,-1.037,1.463,0.305,0.004,0.029,1.043,255,48
260638638,-0.976,1.280,0.305,-0.001,0.034,1.039,255,48
260639374,-0.915,1.280,0.549,-0.008,0.025,1.039,255,48
260640639,-0.976,1.402,0.732,-0.001,0.032,1.035,255,48
260641438,-0.976,1.402,0.732,-0.001,0.032,1.035,255,48
260642639,-0.976,1.768,0.427,0.002,0.034,1.036,255,48
260643425,-1.220,1.646,0.427,0.000,0.031,1.040,255,48
260644639,-1.159,1.524,0.305,-0.003,0.026,1.034,255,48
260645385,-0.915,1.463,0.305,-0.006,0.026,1.035,255,48
260646638,-1.098,1.646,0.305,-0.005,0.028,1.042,255,48
260647374,-1.159,1.768,0.244,-0.009,0.030,1.038,255,48
260648638,-1.280,1.402,0.244,-0.007,0.028,1.043,255,48
260649369,-1.159,1.220,0.183,0.000,0.028,1.041,255,48
260650638,-1.098,1.280,0.366,0.004,0.027,1.037,255,48
260651374,-1.220,1.463,0.488,-0.003,0.024,1.038,255,48
260652639,-1.220,1.585,0.671,-0.005,0.034,1.037,255,48
260653379,-1.220,1.646,0.488,-0.001,0.030,1.038,255,48
260654639,-1.280,1.707,0.488,0.004,0.023,1.033,255,48
260655375,-1.280,1.707,0.488,0.004,0.023,1.033,255,48
260656639,-1.220,1.646,0.183,0.003,0.037,1.043,255,48
260657367,-1.159,1.585,0.183,-0.007,0.033,1.039,255,48
260658639,-1.037,1.646,0.427,-0.003,0.023,1.032,255,48
260659365,-1.159,1.768,0.244,0.000,0.026,1.034,255,48
260660639,-1.037,1.463,0.549,0.005,0.028,1.035,255,48
260661363,-1.037,1.463,0.549,0.005,0.028,1.035,255,48
260662638,-0.732,1.463,0.427,0.000,0.022,1.032,255,48
260663372,-0.671,1.585,0.366,0.009,0.025,1.030,255,48
260664638,-1.037,1.585,0.549,-0.001,0.032,1.041,255,48
260665422,-0.915,1.585,0.549,-0.003,0.027,1.034,255,48
260666639,-0.793,1.646,0.732,-0.007,0.029,1.038,255,48
260667389,-0.976,1.341,0.671,0.003,0.026,1.041,255,48
260668638,-1.220,1.341,0.488,-0.006,0.020,1.046,255,48
260669379,-1.402,1.524,0.488,-0.003,0.031,1.042,255,48
260670639,-1.402,1.646,0.549,0.000,0.030,1.034,255,48
260671367,-1.463,1.829,0.671,-0.006,0.037,1.034,255,48
260672638,-1.220,1.585,0.488,-0.009,0.031,1.033,255,48
260673384,-0.915,1.646,0.366,-0.009,0.034,1.041,255,48
260674639,-1.037,1.341,0.488,-0.009,0.029,1.025,255,48
260675370,-1.037,1.341,0.488,-0.009,0.029,1.025,255,48
260676638,-0.793,1.707,0.549,-0.002,0.026,1.042,255,48
260677370,-0.976,1.402,0.854,0.000,0.024,1.035,255,48
260678639,-1.159,1.341,0.610,-0.000,0.037,1.032,255,48
260679368,-1.159,1.402,0.610,-0.006,0.029,1.042,255,48
260680658,-0.793,1.402,0.671,0.008,0.032,1.043,255,48
260681739,-0.915,1.463,0.305,-0.011,0.029,1.035,255,48
260682641,-1.098,1.402,0.305,0.001,0.022,1.029,255,58
260683454,-1.037,1.402,0.549,-0.004,0.025,1.040,255,58
260684639,-1.098,1.341,0.366,0.001,0.030,1.040,255,58
260685422,-1.341,1.585,0.427,0.007,0.028,1.036,255,58
260686639,-1.341,1.524,0.549,-0.002,0.026,1.040,255,58
260687390,-0.915,1.463,0.488,-0.005,0.025,1.043,255,58
260688638,-0.915,1.646,0.427,-0.000,0.033,1.041,255,58
260689367,-0.915,1.646,0.427,-0.000,0.033,1.041,255,58
260690638,-0.976,1.524,0.610,-0.006,0.030,1.040,255,58
260691370,-0.976,1.220,0.488,0.001,0.026,1.039,255,58
260692639,-0.915,1.098,0.549,0.000,0.029,1.041,255,58
260693409,-0.854,1.463,0.427,-0.003,0.031,1.042,255,58
260694639,-1.037,1.463,0.427,-0.003,0.026,1.039,255,58
260695390,-1.037,1.463,0.427,-0.003,0.026,1.039,255,58
260696638,-0.976,1.463,0.610,0.002,0.029,1.034,255,58
260697374,-0.854,1.524,0.427,-0.001,0.023,1.044,255,58
260698639,-0.976,1.768,0.366,-0.003,0.031,1.041,255,58
260699414,-1.098,1.463,0.427,-0.006,0.021,1.041,255,58
260700639,-1.037,1.707,0.366,-0.000,0.029,1.040,255,58
260701382,-0.976,1.646,0.183,0.000,0.022,1.038,255,58
260702638,-0.976,1.524,0.427,-0.005,0.040,1.039,255,58
260703383,-0.915,1.463,0.427,-0.001,0.036,1.040,255,58
260704638,-1.037,1.646,0.305,-0.002,0.021,1.041,255,58
260705408,-1.098,1.402,0.183,0.005,0.027,1.038,255,58
260706639,-0.976,1.341,0.244,-0.002,0.026,1.038,255,58
260707385,-1.159,1.463,0.427,-0.000,0.029,1.035,255,58
260708638,-1.159,1.585,0.610,-0.003,0.028,1.043,255,58
260709374,-1.159,1.585,0.610,-0.003,0.028,1.043,255,58
260710639,-0.610,1.463,0.305,-0.009,0.022,1.033,255,58
260711366,-0.915,1.524,0.244,-0.005,0.032,1.042,255,58
260712639,-0.793,1.463,0.427,0.000,0.032,1.037,255,58
260713361,-0.671,1.585,0.488,-0.009,0.024,1.040,255,58
260714638,-0.793,1.341,0.366,-0.007,0.026,1.040,255,58
260715375,-0.854,1.524,0.549,-0.007,0.020,1.037,255,58
260716639,-0.915,1.524,0.183,0.000,0.027,1.045,255,58
260717374,-1.220,1.159,0.122,-0.002,0.022,1.040,255,58
260718639,-1.159,1.402,0.488,-0.001,0.028,1.031,255,58
260719405,-1.037,1.220,0.427,-0.002,0.030,1.031,255,58
260720639,-0.793,1.220,0.549,-0.002,0.027,1.041,255,58
260721387,-0.732,1.098,0.610,-0.006,0.028,1.032,255,58
260722638,-1.037,1.341,0.427,-0.004,0.036,1.036,255,58
260723369,-1.037,1.341,0.427,-0.004,0.036,1.036,255,58
260724638,-1.220,1.524,0.427,0.000,0.031,1.044,255,58
260725364,-1.280,1.463,0.305,0.007,0.026,1.033,255,58
260726639,-1.463,1.220,0.183,-0.001,0.031,1.038,255,58
260727404,-1.402,1.402,0.427,0.002,0.031,1.042,255,58
260728639,-1.341,1.524,0.488,-0.007,0.037,1.033,255,58
260729387,-1.341,1.524,0.488,-0.007,0.037,1.033,255,58
260730638,-1.037,1.707,0.488,0.006,0.026,1.031,255,58
260731721,-0.976,1.768,0.427,-0.004,0.030,1.034,255,58
260732641,-1.037,1.524,0.427,-0.005,0.032,1.034,255,68
260733396,-1.098,1.402,0.366,-0.005,0.024,1.030,255,68
260734638,-1.037,1.463,0.366,-0.000,0.039,1.040,255,68
260735378,-1.037,1.341,0.488,-0.007,0.027,1.031,255,68
260736639,-0.854,1.402,0.305,-0.001,0.029,1.036,255,68
260737434,-0.915,1.341,0.183,0.001,0.034,1.035,255,68
260738639,-0.793,1.402,0.366,-0.005,0.031,1.037,255,68
260739421,-0.915,1.280,0.671,0.005,0.034,1.034,255,68
260740639,-0.793,1.341,0.671,-0.004,0.024,1.035,255,68
260741376,-1.037,1.585,0.610,-0.001,0.029,1.041,255,68
260742639,-1.098,1.524,0.427,0.005,0.037,1.034,255,68
260743369,-1.098,1.524,0.427,0.005,0.037,1.034,255,68
260744639,-1.037,1.341,0.549,-0.003,0.031,1.033,255,68
260745363,-0.976,1.402,0.488,-0.002,0.022,1.034,255,68
260746638,-0.915,1.585,0.427,-0.002,0.034,1.034,255,68
260747370,-0.732,1.341,0.427,-0.000,0.032,1.033,255,68
260748638,-0.854,1.220,0.488,-0.005,0.021,1.024,255,68
260749368,-1.220,1.341,0.244,-0.010,0.028,1.034,255,68
260750638,-1.280,1.402,0.122,-0.000,0.027,1.039,255,68
260751375,-1.341,1.341,0.244,0.003,0.031,1.031,255,68
260752639,-1.098,1.402,0.305,0.004,0.024,1.038,255,68
260753366,-0.854,1.585,0.549,0.003,0.030,1.039,255,68
260754638,-1.037,1.463,0.671,-0.011,0.028,1.036,255,68
260755371,-0.793,1.646,0.610,-0.002,0.034,1.043,255,68
260756639,-1.341,1.585,0.488,-0.007,0.022,1.034,255,68
260757365,-1.341,1.585,0.488,-0.007,0.022,1.034,255,68
260758639,-1.463,1.280,0.610,-0.004,0.029,1.038,255,68
260759367,-1.220,1.341,0.427,0.004,0.030,1.028,255,68
260760638,-1.098,1.463,0.244,-0.002,0.024,1.034,255,68
260761368,-1.098,1.585,0.244,-0.003,0.031,1.033,255,68
260762639,-1.037,1.768,0.427,0.002,0.032,1.039,255,68
260763366,-0.793,1.768,0.427,0.002,0.032,1.039,255,68
260764638,-1.098,1.585,0.122,-0.003,0.032,1.037,255,68
260765370,-1.037,1.402,0.122,0.001,0.034,1.038,255,68
260766638,-1.220,1.402,0.244,-0.002,0.026,1.032,255,68
260767411,-0.854,1.646,0.183,-0.009,0.026,1.031,255,68
260768639,-0.915,1.463,0.183,-0.006,0.027,1.040,255,68
260769378,-0.854,1.524,0.122,0.003,0.033,1.024,255,68
260770639,-1.037,1.524,0.366,-0.001,0.024,1.050,255,68
260771405,-1.037,1.585,0.488,-0.007,0.022,1.039,255,68
260772639,-1.220,1.402,0.610,-0.010,0.034,1.037,255,68
260773388,-1.341,1.463,0.244,-0.002,0.035,1.036,255,68
260774638,-1.280,1.707,0.122,0.001,0.033,1.036,255,68
260775409,-0.976,1.646,0.305,-0.012,0.028,1.035,255,68
260776639,-1.098,1.220,0.610,-0.011,0.029,1.041,255,68
260777387,-1.098,1.220,0.610,-0.011,0.029,1.041,255,68
260778638,-0.732,1.585,0.488,-0.002,0.022,1.040,255,68
260779370,-0.854,1.585,0.427,-0.005,0.025,1.037,255,68
260780639,-1.098,1.402,0.183,0.006,0.025,1.042,255,68
260781710,-0.854,1.220,0.244,0.001,0.026,1.031,255,68
260782641,-0.854,1.220,0.122,-0.002,0.023,1.036,255,77
260783393,-0.793,1.280,0.549,-0.010,0.027,1.041,255,77
260784638,-0.793,1.341,0.366,0.007,0.024,1.032,255,77
260785379,-0.793,1.524,0.305,-0.000,0.032,1.037,255,77
260786638,-0.854,1.585,0.549,0.022,0.024,1.036,255,77
260787377,-0.610,1.585,0.610,0.025,0.023,1.037,255,77
260788639,-1.037,1.707,0.427,-0.036,0.036,1.049,255,77
260789371,-1.098,1.707,0.061,-0.037,0.006,1.040,255,77
260790638,-1.037,1.646,0.366,-0.005,0.023,1.038,255,77
260791373,-1.037,1.646,0.366,-0.005,0.023,1.038,255,77
260792639,-1.220,1.280,0.244,0.020,0.035,1.038,255,77
260793372,-1.098,0.915,0.183,0.013,0.025,1.038,255,77
260794638,-0.976,0.976,0.122,0.015,0.037,1.034,255,77
260795374,-1.037,1.280,0.122,0.010,0.041,1.048,255,77
260796639,-0.976,1.524,0.061,0.019,0.010,1.031,255,77
260797369,-0.915,1.829,0.183,0.019,0.010,1.031,255,77
260798639,-1.098,1.890,0.366,-0.016,0.026,1.033,255,77
260799375,-1.220,1.951,0.366,-0.016,0.021,1.033,255,77
260800639,-1.220,1.585,0.244,-0.039,0.024,1.042,255,77
260801370,-1.037,1.220,0.183,-0.024,0.025,1.032,255,77
260802638,-0.854,1.280,0.305,0.011,0.034,1.046,255,77
260803377,-0.915,1.098,0.427,0.015,0.035,1.033,255,77
260804639,-0.976,1.220,0.122,0.030,0.038,1.039,255,77
260805370,-0.976,1.220,0.122,0.030,0.038,1.039,255,77
260806638,-1.220,1.280,0.549,0.003,0.032,1.039,255,77
260807370,-1.463,1.524,0.854,-0.011,0.022,1.039,255,77
260808638,-1.037,1.768,0.671,-0.011,0.013,1.044,255,77
260809383,-0.793,1.829,0.854,-0.001,0.029,1.032,255,77
260810639,-0.854,1.646,0.732,-0.012,0.027,1.029,255,77
260811434,-0.854,1.646,0.732,-0.012,0.027,1.029,255,77
260812639,-1.159,1.220,0.976,-0.008,0.032,1.032,255,77
260813397,-0.976,1.402,1.037,-0.004,0.049,1.037,255,77
260814638,-1.220,1.402,1.098,-0.006,0.038,1.034,255,77
260815370,-1.098,1.402,0.976,0.001,0.026,1.031,255,77
260816638,-1.402,1.220,0.854,-0.002,0.033,1.029,255,77
260817420,-1.524,1.098,1.098,0.001,0.022,1.038,255,77
260818639,-1.280,1.402,0.976,-0.010,0.017,1.047,255,77
260819408,-1.280,1.646,1.098,-0.006,0.020,1.038,255,77
260820639,-1.098,1.585,0.793,0.000,0.027,1.030,255,77
260821386,-0.854,1.585,0.732,0.009,0.034,1.019,255,77
260822639,-0.915,1.646,0.610,0.002,0.073,1.030,255,77
260823369,-1.098,1.768,0.427,-0.021,0.007,1.045,255,77
260824638,-1.098,1.707,0.610,0.031,0.015,1.040,255,77
260825376,-1.098,1.707,0.610,0.031,0.015,1.040,255,77
260826639,-1.280,1.402,0.488,0.005,0.020,1.059,255,77
260827375,-0.976,1.280,0.366,-0.002,-0.004,1.039,255,77
260828638,-0.915,1.341,0.305,-0.028,0.013,1.029,255,77
260829374,-0.915,1.585,0.793,0.005,0.000,1.036,255,77
260830639,-0.854,1.707,0.610,-0.004,0.027,1.040,255,77
260831722,-0.549,1.402,0.549,-0.001,0.039,1.045,255,77
260832641,-0.610,1.280,0.427,0.015,0.058,1.029,255,87
260833397,-0.610,1.220,0.610,0.007,0.061,1.032,255,87
260834638,-0.732,1.220,0.549,-0.009,0.076,1.039,255,87
260835374,-1.098,1.402,0.427,0.011,0.027,1.033,255,87
260836639,-1.402,1.402,0.488,-0.008,0.023,1.037,255,87
260837369,-1.463,1.646,0.366,-0.021,0.013,1.040,255,87
260838638,-1.524,1.585,0.183,0.014,0.001,1.027,255,87
260839440,-1.220,1.524,0.427,0.014,-0.005,1.029,255,87
260840639,-1.037,1.585,0.427,-0.002,0.001,1.040,255,87
260841391,-1.159,2.012,0.488,-0.031,0.006,1.040,255,87
260842638,-1.098,1.829,0.427,-0.023,0.042,1.032,255,87
260843380,-0.976,1.524,0.244,-0.007,0.050,1.029,255,87
260844639,-0.671,1.585,0.244,0.008,0.049,1.038,255,87
260845364,-0.671,1.585,0.244,0.008,0.049,1.038,255,87
260846638,-0.976,1.280,0.244,-0.030,0.045,1.038,255,87
260847375,-1.098,1.280,0.183,-0.028,0.025,1.044,255,87
260848639,-1.280,1.585,0.183,-0.007,0.026,1.033,255,87
260849378,-1.341,1.402,0.305,0.017,0.008,1.026,255,87
260850639,-1.220,1.463,0.305,0.021,0.004,1.036,255,87
260851373,-1.159,1.341,0.305,0.011,-0.009,1.037,255,87
260852638,-1.159,1.524,0.183,0.007,0.019,1.037,255,87
260853369,-0.915,1.768,0.366,-0.001,0.033,1.032,255,87
260854638,-0.793,1.890,0.549,-0.004,0.025,1.042,255,87
260855415,-0.793,2.134,0.183,-0.003,0.035,1.040,255,87
260856639,-1.037,1.646,-0.061,-0.012,0.024,1.033,255,87
260857380,-1.159,1.463,0.000,-0.030,0.036,1.040,255,87
260858638,-1.463,1.341,0.305,-0.003,0.035,1.036,255,87
260859360,-1.463,1.341,0.305,-0.003,0.035,1.036,255,87
260860638,-1.280,1.098,0.000,0.004,0.030,1.037,255,87
260861374,-1.341,1.159,0.183,0.018,0.030,1.037,255,87
260862639,-1.341,1.463,0.671,0.014,0.038,1.037,255,87
260863379,-1.159,1.341,0.549,0.025,0.016,1.044,255,87
260864639,-1.341,1.341,0.122,-0.005,0.025,1.046,255,87
260865382,-1.463,1.402,0.305,-0.005,0.025,1.046,255,87
260866639,-1.037,1.890,0.305,-0.018,0.019,1.042,255,87
260867371,-1.098,1.768,0.488,0.008,0.026,1.031,255,87
260868639,-1.220,1.463,0.305,-0.005,0.014,1.046,255,87
260869374,-1.280,1.402,-0.061,0.001,0.032,1.036,255,87
260870639,-0.976,1.585,0.244,-0.028,0.028,1.037,255,87
260871370,-0.976,1.646,0.244,-0.020,0.049,1.032,255,87
260872638,-1.159,1.280,0.366,-0.002,0.049,1.037,255,87
260873374,-1.159,1.280,0.366,-0.002,0.049,1.037,255,87
260874639,-1.220,1.037,0.549,-0.007,0.031,1.042,255,87
260875370,-1.280,1.037,0.488,0.020,0.025,1.023,255,87
260876638,-1.402,1.463,0.671,0.009,0.015,1.041,255,87
260877380,-1.463,1.707,0.305,0.013,0.021,1.046,255,87
260878639,-0.976,1.402,0.061,-0.018,0.029,1.029,255,87
260879370,-0.976,1.402,0.061,-0.018,0.029,1.029,255,87
260880638,-0.732,1.463,0.366,-0.010,0.008,1.032,255,87
260881720,-0.915,1.524,0.366,-0.031,0.044,1.046,255,87
260882641,-1.220,1.463,0.366,-0.008,0.025,1.037,255,97
260883410,-1.463,1.037,0.305,0.006,0.062,1.044,255,97
260884638,-1.463,1.098,0.427,0.014,0.033,1.035,255,97
260885379,-1.463,1.463,0.366,-0.007,0.037,1.037,255,97
260886639,-1.037,1.646,0.244,0.001,0.021,1.031,255,97
260887373,-1.098,1.768,0.305,0.012,0.037,1.047,255,97
260888639,-0.976,1.646,0.366,0.004,0.018,1.020,255,97
260889369,-0.915,1.341,0.488,-0.008,0.005,1.042,255,97
260890638,-0.854,1.463,0.427,-0.037,0.003,1.025,255,97
260891372,-0.671,1.402,0.366,-0.020,0.029,1.045,255,97
260892639,-0.671,1.220,0.305,0.002,0.047,1.030,255,97
260893369,-0.671,1.220,0.305,0.002,0.047,1.030,255,97
260894638,-0.915,1.402,0.061,-0.018,0.017,1.039,255,97
260895372,-1.341,1.463,0.061,-0.010,0.051,1.031,255,97
260896638,-1.524,1.524,0.549,0.022,0.047,1.019,255,97
260897371,-1.646,1.463,0.610,0.034,0.037,1.048,255,97
260898638,-1.341,1.524,0.305,0.010,0.005,1.034,255,97
260899376,-1.037,1.524,0.061,-0.011,0.001,1.037,255,97
260900639,-1.402,1.768,0.305,-0.005,0.021,1.046,255,97
260901366,-1.098,2.012,0.366,0.008,0.009,1.035,255,97
260902639,-0.915,2.073,0.671,-0.001,0.016,1.042,255,97
260903370,-0.854,1.829,0.366,-0.016,0.015,1.043,255,97
260904638,-0.793,1.707,0.122,-0.022,0.040,1.028,255,97
260905372,-0.854,1.646,0.366,-0.023,0.050,1.039,255,97
260906639,-1.220,1.220,0.122,-0.001,0.041,1.039,255,97
260907370,-1.220,1.220,0.122,-0.001,0.041,1.039,255,97
260908638,-0.854,1.280,0.366,-0.016,0.047,1.024,255,97
260909375,-1.341,1.220,0.427,-0.007,0.037,1.034,255,97
260910638,-1.524,1.280,0.671,-0.018,0.021,1.041,255,97
260911372,-1.585,1.463,0.549,0.023,0.033,1.044,255,97
260912639,-1.341,1.585,0.366,0.015,0.033,1.036,255,97
260913379,-1.341,1.585,0.366,0.015,0.033,1.036,255,97
260914639,-1.220,1.646,0.610,0.005,0.023,1.028,255,97
260915371,-1.220,1.951,0.305,0.004,0.023,1.034,255,97
260916638,-1.280,1.890,0.427,-0.001,0.008,1.031,255,97
260917369,-0.976,1.951,0.488,-0.030,0.028,1.039,255,97
260918638,-0.976,1.768,0.488,-0.021,0.010,1.025,255,97
260919370,-0.976,1.585,0.610,-0.041,0.054,1.028,255,97
260920638,-0.976,1.159,0.549,-0.039,0.036,1.043,255,97
260921374,-0.915,1.341,0.488,-0.010,0.055,1.030,255,97
260922638,-0.976,1.159,0.732,0.024,0.026,1.029,255,97
260923369,-1.037,1.159,0.671,0.020,0.054,1.030,255,97
260924639,-1.037,1.159,0.366,0.007,0.034,1.054,255,97
260925375,-1.402,1.280,0.549,0.015,0.032,1.045,255,97
260926639,-1.463,1.707,0.854,0.011,0.009,1.032,255,97
260927379,-1.463,1.707,0.854,0.011,0.009,1.032,255,97
260928639,-1.098,1.646,0.366,0.007,-0.008,1.050,255,97
260929374,-1.159,1.585,0.122,-0.022,0.034,1.018,255,97
260930639,-0.854,1.890,0.305,-0.005,0.011,1.059,255,97
260931686,-0.732,1.829,0.610,-0.015,0.048,1.022,255,97
260932641,-0.732,1.829,0.549,-0.011,0.031,1.020,255,107
260933400,-0.488,1.829,0.671,-0.024,0.042,1.029,255,107
260934638,-0.793,1.220,0.366,-0.014,0.037,1.043,255,107
260935384,-0.732,1.341,0.244,-0.024,0.033,1.027,255,107
260936638,-1.159,1.220,0.488,0.016,0.024,1.041,255,107
260937371,-1.220,1.159,0.488,0.015,0.027,1.025,255,107
260938639,-1.280,0.854,0.610,0.030,0.043,1.021,255,107
260939376,-1.341,1.037,0.793,-0.000,0.013,1.050,255,107
260940639,-1.524,1.280,0.549,0.022,0.016,1.037,255,107
260941381,-1.524,1.280,0.549,0.035,0.032,1.033,255,107
260942639,-1.037,1.829,0.488,0.000,0.020,1.043,255,107
260943378,-0.732,1.951,0.610,0.002,0.030,1.035,255,107
260944638,-0.854,1.829,0.488,-0.010,0.033,1.038,255,107
260945370,-0.854,1.646,0.793,-0.026,0.040,1.018,255,107
260946638,-0.976,1.768,0.427,-0.015,0.027,1.047,255,107
260947378,-0.976,1.768,0.427,-0.015,0.027,1.047,255,107
260948639,-0.976,1.585,0.671,0.015,0.029,1.027,255,107
260949371,-1.037,1.402,0.488,-0.005,0.025,1.046,255,107
260950639,-1.159,1.341,0.244,0.001,0.011,1.045,255,107
260951444,-1.220,1.220,0.427,-0.008,0.017,1.022,255,107
260952639,-1.280,1.220,0.610,0.016,0.033,1.032,255,107
260953392,-1.159,1.220,0.610,-0.009,0.030,1.050,255,107
260954638,-0.976,1.402,0.488,0.009,0.023,1.021,255,107
260955381,-0.854,1.463,0.305,0.028,0.050,1.025,255,107
260956638,-0.976,1.707,0.488,0.009,0.058,1.035,255,107
260957371,-0.976,1.768,0.427,-0.005,0.026,1.055,255,107
260958639,-0.976,1.951,0.305,-0.045,0.030,1.035,255,107
260959375,-1.159,1.951,0.549,-0.022,0.021,1.032,255,107
260960639,-1.402,1.524,0.732,0.003,0.023,1.035,255,107
260961379,-1.402,1.524,0.732,0.003,0.023,1.035,255,107
260962639,-1.646,1.707,0.488,-0.019,-0.008,1.039,255,107
260963354,-1.463,1.829,0.427,-0.025,0.015,1.039,255,107
260964638,-1.159,1.463,0.610,0.016,0.032,1.044,255,107
260965374,-1.098,0.915,0.732,0.027,0.016,1.048,255,107
260966639,-0.976,0.915,0.610,-0.016,0.029,1.023,255,107
260967368,-0.488,1.037,0.488,-0.006,0.029,1.030,255,107
260968638,-0.671,1.524,0.549,0.003,0.049,1.038,255,107
260969374,-1.098,1.463,0.610,-0.001,0.053,1.015,255,107
260970639,-1.098,1.585,0.488,0.003,0.033,1.042,255,107
260971414,-1.341,1.646,0.244,-0.010,0.029,1.041,255,107
260972639,-1.524,1.646,0.183,0.015,0.035,1.044,255,107
260973393,-1.402,1.890,0.488,0.002,0.013,1.040,255,107
260974638,-1.463,1.646,0.366,-0.009,0.004,1.043,255,107
260975377,-1.463,1.646,0.366,-0.009,0.004,1.043,255,107
260976639,-1.341,1.463,0.305,-0.001,0.019,1.039,255,107
260977371,-1.037,1.585,0.610,-0.001,0.021,1.041,255,107
260978639,-0.793,1.524,0.427,-0.017,0.033,1.052,255,107
260979367,-0.610,1.524,0.366,-0.024,0.031,1.020,255,107
260980638,-0.915,1.524,0.549,-0.022,0.052,1.023,255,107
260981716,-1.159,1.220,0.610,0.004,0.050,1.039,255,107
260982641,-1.220,1.098,0.732,0.007,0.050,1.036,255,116
260983408,-1.220,1.159,0.488,0.020,0.031,1.042,255,116
260984638,-1.463,1.341,0.732,0.014,0.032,1.041,255,116
260985381,-1.524,1.280,0.610,0.002,0.021,1.040,255,116
260986639,-1.646,1.159,0.366,0.023,0.013,1.043,255,116
260987380,-1.463,1.646,0.488,0.023,0.009,1.031,255,116
260988639,-1.341,1.768,0.366,0.016,0.023,1.042,255,116
260989374,-1.037,1.768,0.488,-0.000,-0.005,1.041,255,116
260990639,-1.037,2.195,0.366,-0.030,0.029,1.040,255,116
260991387,-0.610,2.195,0.427,-0.022,0.032,1.042,255,116
260992638,-0.488,1.890,0.488,-0.039,0.066,1.030,255,116
260993380,-0.488,1.341,0.366,-0.030,0.059,1.036,255,116
260994639,-1.159,1.037,0.305,0.001,0.045,1.026,255,116
260995443,-1.585,0.793,0.427,0.006,0.053,1.042,255,116
260996639,-1.524,0.671,0.122,0.010,0.029,1.039,255,116
260997392,-1.768,0.732,-0.122,0.011,0.020,1.052,255,116
260998638,-1.646,0.915,0.000,0.042,0.009,1.029,255,116
260999379,-1.585,1.341,0.305,0.051,0.012,1.041,255,116
261000639,-1.220,1.707,0.427,0.026,-0.008,1.037,255,116
261001379,-1.341,2.073,0.305,0.011,-0.014,1.036,255,116
261002638,-0.366,2.195,0.305,-0.015,0.041,1.030,255,116
261003382,-0.549,1.951,0.366,-0.044,0.034,1.047,255,116
261004639,-0.671,1.829,0.488,-0.064,0.057,1.023,255,116
261005380,-0.610,1.646,0.488,-0.026,0.059,1.027,255,116
261006639,-0.793,1.707,0.488,-0.015,0.079,1.033,255,116
261007376,-1.341,1.220,0.061,-0.020,0.025,1.038,255,116
261008639,-1.280,0.793,0.366,0.026,0.029,1.025,255,116
261009377,-1.280,0.793,0.366,0.026,0.029,1.025,255,116
261010639,-1.524,0.793,0.244,0.015,-0.017,1.033,255,116
261011383,-1.463,1.098,0.061,0.017,0.003,1.051,255,116
261012638,-0.915,1.402,0.305,0.031,0.023,1.035,255,116
261013369,-0.915,1.646,0.183,0.032,0.019,1.051,255,116
261014638,-0.976,1.707,0.061,-0.019,0.033,1.036,255,116
261015380,-0.976,1.707,0.061,-0.019,0.033,1.036,255,116
261016639,-0.854,1.829,0.122,-0.036,0.072,1.035,255,116
261017379,-1.098,1.646,0.305,-0.021,0.040,1.038,255,116
261018639,-1.220,1.159,0.122,-0.013,0.037,1.028,255,116
261019383,-1.220,1.098,0.427,-0.013,0.026,1.031,255,116
261020639,-1.280,1.280,0.732,-0.025,0.025,1.046,255,116
261021379,-1.402,1.220,0.427,0.008,0.015,1.035,255,116
261022639,-1.159,1.037,0.061,0.003,0.017,1.051,255,116
261023372,-1.098,1.037,0.244,0.006,0.013,1.048,255,116
261024639,-1.098,1.220,0.427,0.048,0.039,1.028,255,116
261025369,-0.976,1.402,0.061,0.012,0.017,1.046,255,116
261026639,-0.732,1.341,0.122,0.002,0.036,1.026,255,116
261027370,-0.793,1.585,0.366,-0.009,0.045,1.048,255,116
261028638,-1.280,1.402,0.244,-0.041,0.028,1.050,255,116
261029384,-1.280,1.402,0.244,-0.041,0.028,1.050,255,116
261030638,-1.402,1.585,0.183,-0.020,0.044,1.037,255,116
261031721,-1.524,1.402,0.305,-0.009,0.039,1.029,255,116
261032641,-1.220,1.159,0.488,-0.005,0.019,1.044,255,126
261033408,-0.793,1.220,0.305,-0.012,0.001,1.036,255,126
261034638,-0.671,1.463,0.122,0.030,0.017,1.029,255,126
261035438,-0.976,1.159,0.305,0.007,0.040,1.049,255,126
261036639,-1.098,1.402,0.610,0.025,0.016,1.058,255,126
261037398,-1.159,1.463,0.305,0.035,0.022,1.027,255,126
261038638,-1.280,1.646,0.244,-0.017,0.041,1.047,255,126
261039380,-1.220,1.707,0.122,-0.012,0.046,1.035,255,126
261040639,-1.159,1.524,0.061,-0.005,0.013,1.049,255,126
261041380,-1.220,1.707,-0.061,-0.020,0.021,1.035,255,126
261042639,-1.159,1.524,0.183,-0.021,0.037,1.041,255,126
261043372,-1.159,1.524,0.183,-0.021,0.037,1.041,255,126
261044638,-1.402,1.220,0.366,-0.007,0.035,1.046,255,126
261045371,-1.463,1.280,0.427,0.018,0.046,1.017,255,126
261046639,-1.524,1.159,0.549,0.014,0.017,1.050,255,126
261047385,-0.976,1.341,0.610,0.018,0.019,1.030,255,126
261048638,-1.220,1.220,0.366,0.011,0.022,1.028,255,126
261049372,-1.220,1.220,0.366,0.011,0.022,1.028,255,126
261050639,-1.098,1.585,0.305,-0.002,0.006,1.051,255,126
261051382,-0.915,1.646,0.061,-0.005,0.017,1.018,255,126
261052638,-0.915,1.829,0.122,-0.037,0.025,1.044,255,126
261053371,-0.793,1.524,0.427,-0.031,0.041,1.034,255,126
261054638,-0.671,1.280,0.610,0.009,0.048,1.042,255,126
261055369,-0.854,1.463,0.366,-0.007,0.056,1.031,255,126
261056638,-1.098,1.280,0.549,-0.005,0.035,1.030,255,126
261057371,-1.402,1.220,0.488,0.019,0.021,1.049,255,126
261058638,-1.707,1.402,0.549,0.006,0.026,1.040,255,126
261059376,-1.402,1.463,0.305,-0.008,0.014,1.049,255,126
261060639,-0.915,1.402,0.244,0.007,-0.002,1.035,255,126
261061370,-0.854,1.402,0.366,0.026,0.014,1.036,255,126
261062639,-1.220,1.707,0.427,-0.007,0.025,1.034,255,126
261063375,-1.220,1.707,0.427,-0.007,0.025,1.034,255,126
261064639,-0.915,1.585,0.366,0.018,0.054,1.025,255,126
261065371,-1.037,1.402,0.366,-0.009,0.051,1.037,255,126
261066639,-0.915,1.646,0.305,-0.055,0.021,1.042,255,126
261067377,-0.976,1.585,0.488,0.006,0.039,1.027,255,126
261068639,-1.098,1.707,0.488,0.001,0.062,1.027,255,126
261069366,-1.159,1.646,0.671,-0.033,0.030,1.048,255,126
261070638,-1.646,1.341,0.610,0.021,0.042,1.030,255,126
261071375,-1.220,1.098,0.427,0.012,0.007,1.035,255,126
261072639,-1.220,1.220,0.305,-0.005,0.016,1.040,255,126
261073368,-1.280,1.098,0.488,0.028,0.020,1.039,255,126
261074639,-1.159,1.280,0.427,0.012,0.042,1.042,255,126
261075375,-1.098,1.585,0.488,-0.030,0.000,1.030,255,126
261076639,-0.915,1.524,0.549,0.016,0.041,1.019,255,126
261077379,-0.915,1.524,0.549,0.016,0.041,1.019,255,126
261078639,-0.671,1.707,0.366,-0.019,0.034,1.057,255,126
261079377,-0.915,1.463,0.366,-0.021,0.030,1.039,255,126
261080638,-1.159,1.646,0.671,0.011,0.045,1.021,255,126
261081723,-1.098,1.402,0.610,0.022,0.040,1.040,255,126
261082641,-1.463,1.646,0.671,-0.021,0.034,1.032,255,136
261083401,-1.463,1.646,0.671,-0.021,0.034,1.032,255,136
261084638,-1.098,1.341,0.610,-0.029,0.008,1.017,255,136
261085383,-1.037,1.402,0.488,-0.008,0.013,1.059,255,136
261086638,-0.427,1.524,0.793,0.036,0.049,1.028,255,136
261087370,-0.610,1.280,0.488,0.073,0.032,1.043,255,136
261088638,-0.671,1.524,0.549,-0.040,0.051,1.044,255,136
261089376,-0.732,1.768,0.427,0.031,0.035,1.013,255,136
261090639,-0.854,2.073,0.427,-0.071,0.044,1.015,255,136
261091370,-0.915,2.073,0.671,-0.045,0.000,1.049,255,136
261092639,-1.037,1.646,0.915,0.009,0.057,1.038,255,136
261093383,-1.280,1.280,0.793,-0.025,0.029,1.029,255,136
261094638,-1.585,1.098,0.671,-0.004,0.014,1.032,255,136
261095372,-1.280,1.402,0.427,0.015,0.017,1.043,255,136
261096639,-1.159,1.280,0.732,0.034,0.024,1.037,255,136
261097376,-1.159,1.280,0.732,0.034,0.024,1.037,255,136
261098639,-0.915,1.646,0.854,0.006,0.047,1.039,255,136
261099371,-0.732,1.646,0.732,-0.009,0.000,1.047,255,136
261100638,-0.976,1.524,0.305,-0.053,0.041,1.009,255,136
261101378,-1.098,1.585,0.427,0.002,0.038,1.040,255,136
261102639,-1.098,1.402,0.854,0.007,0.012,1.069,255,136
261103376,-1.098,1.402,0.305,-0.027,0.028,1.038,255,136
261104639,-0.732,1.402,0.488,0.044,0.015,1.024,255,136
261105377,-1.220,1.098,0.427,-0.038,0.032,1.066,255,136
261106639,-1.280,1.280,0.366,-0.029,0.033,1.019,255,136
261107370,-1.159,1.402,0.427,0.040,0.036,1.037,255,136
261108638,-0.976,1.280,0.488,0.008,0.062,1.045,255,136
261109364,-1.037,1.402,0.305,-0.009,0.033,1.065,255,136
261110639,-1.159,1.890,0.305,0.000,0.042,1.017,255,136
261111370,-1.159,1.890,0.305,0.000,0.042,1.017,255,136
261112639,-1.159,1.220,0.122,-0.029,0.021,1.022,255,136
261113371,-1.098,1.098,0.183,0.019,0.006,1.035,255,136
261114638,-1.037,1.220,0.488,0.017,0.035,1.025,255,136
261115371,-1.159,1.280,0.549,-0.007,0.041,1.062,255,136
261116638,-0.854,1.585,0.732,0.009,0.010,1.027,255,136
261117369,-0.854,1.585,0.732,0.009,0.010,1.027,255,136
261118638,-1.098,1.341,0.366,-0.012,0.026,1.020,255,136
261119373,-1.341,1.463,0.244,-0.003,0.020,1.042,255,136
261120639,-1.402,1.280,0.183,0.021,0.036,1.036,255,136
261121371,-1.524,1.220,0.488,0.008,0.014,1.055,255,136
261122639,-1.159,1.341,0.610,0.008,0.024,1.030,255,136
261123368,-0.793,1.768,0.366,0.021,0.034,1.044,255,136
261124639,-0.366,1.768,0.427,-0.016,0.025,1.042,255,136
261125371,-0.854,1.829,0.305,-0.004,0.019,1.027,255,136
261126639,-1.098,1.402,0.427,-0.019,0.032,1.036,255,136
261127374,-1.341,1.280,0.671,-0.022,0.034,1.043,255,136
261128639,-1.341,1.159,0.793,0.032,0.041,1.024,255,136
261129372,-0.976,1.341,0.610,0.008,0.040,1.041,255,136
261130639,-1.037,1.646,0.610,0.024,0.030,1.043,255,136
261131696,-1.098,1.768,0.549,0.013,0.024,1.017,255,136
261132641,-1.220,1.890,0.549,-0.044,0.032,1.042,255,146
261133405,-1.280,1.768,0.549,0.013,0.012,1.032,255,146
261134638,-1.402,1.402,0.488,0.009,0.016,1.044,255,146
261135379,-1.159,1.280,0.122,-0.068,0.019,1.022,255,146
261136639,-1.159,1.280,0.305,0.018,0.042,1.058,255,146
261137372,-0.915,1.098,0.427,0.055,0.039,1.034,255,146
261138639,-1.037,1.951,-0.122,0.033,0.025,1.071,255,146
261139371,-0.915,1.829,0.061,0.063,0.039,1.020,255,146
261140639,-1.220,1.890,0.427,-0.067,0.028,1.024,255,146
261141378,-1.098,1.890,0.244,-0.001,0.008,1.044,255,146
261142639,-0.915,1.707,0.244,0.008,0.036,1.043,255,146
261143438,-0.610,1.402,0.549,-0.032,0.027,1.026,255,146
261144639,-0.915,1.280,0.244,0.042,0.032,1.017,255,146
261145394,-0.915,1.280,0.244,0.042,0.032,1.017,255,146
261146638,-1.098,1.220,0.366,-0.012,0.028,1.025,255,146
261147371,-1.341,1.280,0.244,0.062,0.032,1.057,255,146
261148638,-1.220,1.341,0.488,-0.018,0.034,1.030,255,146
261149385,-0.915,1.768,0.488,-0.013,0.038,1.043,255,146
261150638,-0.854,1.707,0.183,-0.076,0.024,1.022,255,146
261151371,-0.854,1.707,0.183,-0.076,0.024,1.022,255,146
261152639,-1.037,1.463,0.427,0.046,0.023,1.016,255,146
261153374,-1.098,1.280,0.244,-0.074,0.025,1.048,255,146
261154639,-0.854,1.280,0.366,0.037,0.012,1.032,255,146
261155371,-1.098,1.280,0.305,0.030,0.028,1.041,255,146
261156639,-1.280,1.463,0.488,-0.017,0.063,1.042,255,146
261157376,-1.280,1.402,0.488,0.019,0.008,1.046,255,146
261158638,-1.098,1.524,0.244,-0.009,0.030,1.040,255,146
261159371,-1.159,1.402,0.122,-0.019,0.023,1.032,255,146
261160639,-0.976,1.402,0.183,-0.005,0.016,1.023,255,146
261161382,-1.098,1.463,0.244,0.002,0.010,1.043,255,146
261162639,-1.341,1.280,0.122,0.028,0.021,1.031,255,146
261163373,-1.341,1.280,0.244,-0.001,-0.003,1.051,255,146
261164639,-1.402,1.768,0.366,0.024,0.010,1.048,255,146
261165376,-1.402,1.768,0.366,0.024,0.010,1.048,255,146
261166639,-1.280,1.646,0.183,-0.020,0.042,1.028,255,146
261167379,-1.098,1.524,0.305,0.006,0.002,1.026,255,146
261168639,-1.098,1.463,0.244,-0.021,0.062,1.048,255,146
261169427,-1.402,1.037,0.244,0.004,-0.011,1.041,255,146
261170639,-1.280,1.098,0.244,-0.011,0.027,1.023,255,146
261171401,-1.220,1.341,0.061,-0.009,0.047,1.061,255,146
261172638,-0.854,1.585,0.427,0.002,0.026,1.054,255,146
261173379,-0.915,1.524,0.183,0.011,0.035,1.002,255,146
261174639,-1.402,1.585,0.244,-0.009,0.016,1.048,255,146
261175373,-1.098,1.768,0.244,-0.014,0.017,1.049,255,146
261176639,-1.098,1.524,0.488,-0.002,0.044,1.044,255,146
261177373,-1.280,1.341,0.427,0.009,0.015,1.025,255,146
261178639,-1.159,1.707,0.427,0.033,0.029,1.057,255,146
261179381,-1.159,1.707,0.427,0.033,0.029,1.057,255,146
261180638,-1.037,1.646,0.366,0.055,0.042,1.041,255,146
261181721,-1.037,1.585,0.305,-0.019,0.011,1.060,255,146
261182641,-1.037,1.707,0.244,-0.038,0.021,1.015,255,155
261183412,-1.037,1.646,0.488,0.030,0.062,1.050,255,155
261184638,-1.098,1.463,0.549,-0.011,0.011,1.062,255,155
261185434,-1.098,1.463,0.549,-0.011,0.011,1.062,255,155
261186639,-1.341,1.341,0.427,0.007,0.056,1.043,255,155
261187445,-1.037,1.402,0.488,0.017,0.015,1.090,255,155
261188639,-1.037,1.524,0.427,-0.018,0.045,1.041,255,155
261189390,-1.159,1.890,0.366,0.000,0.006,1.020,255,155
261190638,-0.976,1.829,0.305,0.012,0.072,1.007,255,155
261191376,-1.037,1.829,0.305,0.030,0.020,1.066,255,155
261192639,-0.915,1.707,0.366,0.017,0.041,1.058,255,155
261193380,-0.976,1.646,0.488,0.009,0.007,1.021,255,155
261194639,-1.098,1.707,0.488,-0.044,0.038,1.074,255,155
261195376,-0.793,1.402,0.488,0.014,0.021,1.006,255,155
261196639,-1.159,1.585,0.610,-0.031,0.033,1.028,255,155
261197382,-1.402,1.524,0.610,0.021,0.036,1.054,255,155
261198638,-1.341,1.890,0.488,0.009,0.049,1.037,255,155
261199374,-1.341,1.890,0.488,0.009,0.049,1.037,255,155
261200639,-1.280,1.402,0.366,-0.026,-0.007,1.012,255,155
261201378,-1.098,1.768,0.305,-0.021,0.020,1.032,255,155
261202639,-0.976,1.585,0.366,-0.015,0.027,1.059,255,155
261203376,-1.037,1.524,0.549,0.013,0.049,1.048,255,155
261204639,-0.976,1.524,0.427,0.004,0.028,1.033,255,155
261205376,-0.671,1.585,0.427,-0.000,0.028,1.023,255,155
261206639,-1.037,1.280,0.305,-0.006,0.027,1.027,255,155
261207373,-1.098,1.463,0.671,-0.058,0.034,1.040,255,155
261208639,-1.098,1.341,0.427,0.017,0.024,1.056,255,155
261209382,-1.280,1.341,0.549,-0.006,0.043,1.033,255,155
261210638,-0.915,1.341,0.732,0.016,0.040,1.039,255,155
261211376,-0.671,1.524,0.488,-0.002,0.026,1.035,255,155
261212639,-0.854,1.463,0.732,-0.002,-0.007,1.043,255,155
261213363,-0.854,1.463,0.732,-0.002,-0.007,1.043,255,155
261214638,-1.159,1.585,0.732,0.021,0.040,1.068,255,155
261215378,-0.915,1.341,0.610,0.030,0.038,1.018,255,155
261216639,-0.793,1.646,0.732,0.003,0.033,1.051,255,155
261217376,-1.037,1.646,0.549,0.026,0.024,1.032,255,155
261218638,-1.098,1.707,0.732,-0.030,0.022,1.033,255,155
261219376,-1.098,1.707,0.732,-0.030,0.022,1.033,255,155
261220639,-1.402,1.220,0.183,-0.004,0.036,1.031,255,155
261221381,-0.915,1.098,0.610,0.006,0.025,1.040,255,155
261222639,-0.976,1.037,0.671,0.021,0.049,1.022,255,155
261223370,-1.098,1.159,0.610,0.044,0.011,1.034,255,155
261224638,-1.037,1.402,0.549,-0.038,0.008,1.051,255,155
261225379,-0.915,1.707,0.366,0.007,0.024,1.032,255,155
261226638,-0.610,1.463,0.427,-0.007,0.060,1.049,255,155
261227365,-0.671,1.524,0.488,0.010,0.016,1.041,255,155
261228639,-0.854,1.646,0.732,0.004,0.053,1.013,255,155
261229374,-0.793,1.768,0.427,-0.001,0.021,1.057,255,155
261230639,-0.915,1.768,0.427,-0.031,0.018,1.030,255,155
261231744,-1.280,1.463,0.488,0.007,0.032,1.037,255,155
261232641,-1.280,1.402,0.549,-0.016,0.026,1.042,255,165
261233426,-1.280,1.402,0.549,-0.016,0.026,1.042,255,165
261234638,-1.220,1.524,0.732,-0.021,0.012,1.021,255,165
261235383,-1.220,1.829,0.793,0.006,0.048,1.069,255,165
261236638,-1.037,1.646,0.488,0.006,-0.000,1.027,255,165
261237378,-1.098,1.585,0.549,-0.010,0.025,1.042,255,165
261238639,-1.098,1.646,0.549,0.007,0.053,1.044,255,165
261239376,-1.159,1.585,0.427,-0.012,0.012,1.015,255,165
261240639,-0.793,1.341,0.427,-0.013,-0.014,1.028,255,165
261241377,-1.159,1.280,0.305,-0.022,0.049,1.048,255,165
261242639,-0.976,1.280,0.488,0.036,0.010,1.035,255,165
261243379,-0.976,1.220,0.610,-0.048,0.033,1.024,255,165
261244639,-0.976,1.585,0.427,0.011,0.047,1.056,255,165
261245376,-0.976,1.524,0.366,0.005,0.001,1.019,255,165
261246639,-0.732,1.585,0.793,0.038,0.013,1.035,255,165
261247419,-0.488,1.524,0.549,-0.035,0.027,1.041,255,165
261248639,-0.610,1.463,0.427,0.013,0.025,1.046,255,165
261249394,-0.793,1.341,0.732,-0.000,0.021,1.040,255,165
261250638,-0.976,1.463,0.854,0.015,0.041,1.044,255,165
261251378,-1.280,1.280,0.732,-0.015,0.016,1.021,255,165
261252638,-1.220,1.707,0.305,0.039,0.015,1.045,255,165
261253372,-1.220,1.707,0.305,0.039,0.015,1.045,255,165
261254639,-0.976,1.341,0.427,0.006,0.054,1.069,255,165
261255375,-0.732,1.280,0.305,0.006,0.004,1.029,255,165
261256639,-0.854,1.341,0.427,-0.029,0.077,1.036,255,165
261257372,-0.915,1.463,0.427,0.003,-0.010,1.021,255,165
261258639,-1.341,1.585,0.671,0.010,0.053,1.030,255,165
261259375,-1.220,1.463,0.366,0.007,0.011,1.019,255,165
261260639,-1.159,1.341,0.793,-0.006,0.023,1.029,255,165
261261378,-1.098,1.159,0.732,0.005,0.029,1.039,255,165
261262639,-1.098,1.341,0.427,-0.019,0.032,1.066,255,165
261263375,-1.098,1.646,0.427,0.018,0.041,0.983,255,165
261264638,-1.220,1.707,0.183,-0.019,-0.002,1.058,255,165
261265378,-1.098,1.768,0.183,0.021,0.042,1.027,255,165
261266639,-0.976,1.463,0.366,-0.042,0.063,1.017,255,165
261267372,-0.976,1.463,0.366,-0.042,0.063,1.017,255,165
261268639,-1.159,1.159,0.122,0.006,0.046,1.046,255,165
261269376,-0.915,1.280,0.244,0.008,0.032,1.049,255,165
261270639,-1.098,1.402,0.488,-0.012,0.016,1.053,255,165
261271372,-0.976,1.463,0.366,0.036,0.054,1.021,255,165
261272639,-1.280,1.524,0.488,-0.024,0.005,1.072,255,165
261273379,-1.280,1.463,0.488,-0.044,0.045,1.004,255,165
261274639,-0.915,1.280,0.732,0.006,0.030,1.031,255,165
261275372,-1.159,1.463,0.305,0.042,0.031,1.062,255,165
261276639,-1.341,1.463,0.183,-0.028,-0.012,1.032,255,165
261277439,-1.341,1.524,0.244,-0.002,0.054,1.001,255,165
261278639,-1.159,1.341,0.427,0.001,0.030,1.061,255,165
261279424,-1.220,1.646,0.305,-0.049,0.060,1.010,255,165
261280640,-1.037,1.280,0.610,-0.019,0.013,1.004,255,165
261281721,-0.854,1.159,0.183,0.032,0.011,1.066,255,165
261282641,-1.037,1.524,0.122,-0.028,0.019,1.014,255,175
261283407,-1.341,1.890,0.427,0.037,0.052,1.028,255,175
261284638,-1.402,1.890,0.427,-0.042,0.049,1.053,255,175
261285380,-0.915,1.890,0.610,-0.000,0.011,1.039,255,175
261286639,-0.976,1.524,0.366,0.012,0.035,1.000,255,175
261287382,-0.976,1.524,0.366,0.012,0.035,1.000,255,175
261288638,-0.732,1.402,0.122,-0.008,0.026,1.003,255,175
261289374,-0.976,1.646,0.183,-0.008,0.029,1.059,255,175
261290638,-0.732,1.402,0.244,-0.029,0.019,1.019,255,175
261291382,-1.037,1.646,0.427,-0.019,0.021,1.043,255,175
261292638,-0.915,1.585,0.427,-0.031,0.036,1.033,255,175
261293379,-1.098,1.341,0.122,0.045,0.028,1.063,255,175
261294639,-1.280,1.585,0.305,0.001,0.035,1.020,255,175
261295444,-1.341,1.707,0.366,0.004,0.021,1.073,255,175
261296639,-1.159,1.890,0.244,-0.039,0.030,1.015,255,175
261297391,-1.280,1.524,0.488,0.017,0.015,1.039,255,175
261298638,-1.341,1.402,0.366,-0.035,0.056,0.996,255,175
261299379,-1.098,1.585,0.427,0.049,0.018,1.089,255,175
261300639,-0.976,1.707,-0.061,0.014,0.003,1.017,255,175
261301373,-0.976,1.707,-0.061,0.014,0.003,1.017,255,175
261302639,-1.098,1.768,0.122,0.020,0.012,1.042,255,175
261303378,-1.098,1.707,0.244,-0.052,0.049,1.040,255,175
261304639,-0.854,1.524,0.366,0.047,0.047,1.044,255,175
261305374,-0.915,1.402,0.427,0.009,0.014,1.048,255,175
261306639,-0.671,1.585,0.122,0.011,0.023,1.005,255,175
261307380,-0.915,1.585,0.122,-0.003,0.021,1.065,255,175
261308639,-1.220,1.524,0.366,-0.010,0.028,1.096,255,175
261309373,-1.220,1.341,0.244,-0.019,0.065,1.005,255,175
261310639,-1.037,1.280,0.244,0.033,-0.010,1.074,255,175
261311378,-1.098,1.098,0.244,-0.005,0.053,1.004,255,175
261312639,-0.976,1.159,0.122,0.045,-0.007,1.059,255,175
261313373,-0.976,1.524,0.061,-0.062,0.065,1.025,255,175
261314639,-0.976,1.707,0.244,-0.022,0.051,1.052,255,175
261315378,-0.976,1.707,0.244,-0.022,0.051,1.052,255,175
261316639,-0.793,1.341,0.061,0.021,0.026,1.057,255,175
261317373,-0.610,1.159,0.183,-0.002,0.037,1.009,255,175
261318638,-0.732,1.341,0.061,-0.000,0.029,1.051,255,175
261319380,-0.671,1.768,0.427,-0.035,0.025,1.029,255,175
261320639,-1.220,1.341,0.366,0.011,0.026,1.022,255,175
261321376,-1.220,1.341,0.366,0.011,0.026,1.022,255,175
261322639,-1.037,1.220,0.122,0.001,0.022,1.051,255,175
261323417,-1.098,1.037,0.244,0.004,0.028,1.043,255,175
261324639,-1.098,1.524,0.305,-0.053,0.017,1.041,255,175
261325384,-1.098,1.280,0.488,0.026,0.017,1.039,255,175
261326638,-1.220,1.280,0.305,0.008,0.018,1.017,255,175
261327376,-1.159,1.280,0.427,0.020,0.033,1.041,255,175
261328638,-1.037,1.524,0.183,-0.026,0.021,1.064,255,175
261329378,-0.854,1.402,0.000,-0.019,0.018,1.035,255,175
261330639,-0.976,1.646,0.488,-0.018,0.025,1.029,255,175
261331725,-0.732,1.463,0.732,0.030,0.027,1.037,255,175
261332641,-0.915,1.402,0.549,-0.007,0.049,1.015,255,185
261333402,-0.854,1.159,0.427,-0.018,0.009,1.061,255,185
261334638,-1.220,1.402,0.000,-0.034,-0.001,1.082,255,185
261335379,-1.220,1.402,0.000,-0.034,-0.001,1.082,255,185
261336639,-1.341,1.037,0.366,0.048,0.038,1.023,255,185
261337372,-1.341,1.341,0.549,0.000,0.017,0.973,255,185
261338639,-1.220,1.646,0.427,-0.032,0.042,1.064,255,185
261339374,-1.037,1.646,0.305,0.056,0.015,1.065,255,185
261340639,-1.646,1.463,0.244,-0.048,0.024,1.054,255,185
261341380,-1.159,1.524,0.244,0.005,0.013,1.028,255,185
261342639,-1.037,1.341,0.671,0.000,0.006,0.993,255,185
261343370,-1.220,1.524,0.671,-0.010,0.084,1.014,255,185
261344639,-1.098,1.768,0.793,0.030,0.004,1.027,255,185
261345377,-0.915,1.463,0.427,-0.014,0.044,1.092,255,185
261346638,-1.220,1.341,0.305,-0.066,-0.012,1.018,255,185
261347375,-1.037,1.341,0.549,-0.017,0.051,1.036,255,185
261348639,-1.463,1.585,0.549,-0.028,0.050,1.057,255,185
261349380,-1.463,1.585,0.549,-0.028,0.050,1.057,255,185
261350639,-0.976,1.585,0.488,0.001,0.025,1.027,255,185
261351376,-1.159,1.524,0.427,-0.023,0.008,1.030,255,185
261352639,-1.402,1.707,0.427,-0.011,0.050,1.038,255,185
261353372,-1.402,1.585,0.732,0.020,0.009,1.040,255,185
261354639,-1.341,1.585,0.732,0.013,-0.024,1.046,255,185
261355382,-1.341,1.585,0.732,0.013,-0.024,1.046,255,185
261356638,-0.854,1.707,0.488,-0.024,0.019,1.034,255,185
261357379,-0.854,1.524,0.549,0.001,0.047,1.029,255,185
261358639,-0.976,1.707,0.610,0.007,0.028,1.050,255,185
261359366,-0.854,1.707,0.549,-0.013,0.024,1.039,255,185
261360639,-1.159,1.585,0.732,-0.018,0.038,1.053,255,185
261361373,-1.159,1.341,0.610,0.040,0.020,1.040,255,185
261362639,-0.793,1.463,0.610,0.004,0.003,1.048,255,185
261363381,-0.854,1.585,0.366,0.007,0.006,1.039,255,185
261364638,-1.341,1.280,0.366,0.011,0.057,1.044,255,185
261365369,-1.159,1.280,0.610,-0.008,0.002,1.039,255,185
261366638,-1.159,1.463,0.427,0.026,0.046,0.996,255,185
261367374,-1.159,1.646,0.305,0.003,0.036,1.066,255,185
261368639,-1.098,1.768,0.671,0.016,0.043,1.075,255,185
261369373,-1.098,1.768,0.671,0.016,0.043,1.075,255,185
261370638,-1.280,1.463,0.671,0.025,0.037,1.041,255,185
261371383,-1.402,1.402,0.366,-0.010,0.040,1.037,255,185
261372638,-1.159,1.341,0.366,-0.015,0.033,0.998,255,185
261373373,-1.220,1.341,0.610,-0.014,0.027,1.074,255,185
261374639,-0.793,1.707,0.671,-0.003,0.014,1.025,255,185
261375382,-1.098,1.707,0.427,0.007,0.026,1.064,255,185
261376639,-0.915,1.280,0.244,0.003,0.038,1.041,255,185
261377369,-0.793,1.585,0.305,-0.007,0.044,1.035,255,185
261378638,-0.976,1.707,0.366,-0.010,0.034,1.031,255,185
261379375,-0.915,1.463,0.122,0.016,0.005,1.045,255,185
261380639,-0.915,1.585,0.305,-0.030,0.043,1.031,255,185
261381704,-1.463,1.402,0.366,-0.022,0.078,1.011,255,185
261382641,-1.402,1.402,0.244,-0.007,-0.005,1.046,255,194
261383396,-1.402,1.402,0.244,-0.007,-0.005,1.046,255,194
261384638,-1.159,1.585,0.366,0.012,-0.014,1.031,255,194
261385382,-1.220,1.463,0.732,-0.007,0.050,1.060,255,194
261386638,-0.915,1.341,0.671,0.027,0.028,1.030,255,194
261387372,-1.098,1.280,0.488,-0.017,0.053,1.039,255,194
261388639,-1.280,1.768,0.366,-0.027,0.032,1.034,255,194
261389378,-1.280,1.768,0.366,-0.027,0.032,1.034,255,194
261390639,-1.402,1.585,0.427,-0.006,0.044,1.089,255,194
261391373,-1.463,1.402,0.366,0.016,0.042,1.007,255,194
261392639,-1.646,1.463,0.122,-0.030,0.014,1.066,255,194
261393380,-1.341,1.463,0.183,-0.007,0.021,1.018,255,194
261394639,-1.280,1.646,0.122,0.005,0.018,1.005,255,194
261395373,-1.159,1.585,0.488,-0.002,0.036,1.051,255,194
261396639,-1.159,1.341,0.244,0.001,0.061,1.000,255,194
261397445,-0.915,1.341,0.488,-0.027,0.030,1.069,255,194
261398639,-0.854,1.463,0.549,0.013,0.032,1.038,255,194
261399390,-1.037,1.280,0.305,-0.004,0.042,1.009,255,194
261400638,-1.220,1.220,0.366,-0.007,0.004,1.068,255,194
261401380,-1.159,1.707,0.549,-0.009,0.057,1.068,255,194
261402639,-1.585,1.707,0.549,-0.029,0.042,0.978,255,194
261403374,-1.585,1.707,0.549,-0.029,0.042,0.978,255,194
261404639,-1.402,1.220,0.549,0.012,0.020,1.079,255,194
261405380,-1.524,1.585,0.732,-0.059,0.031,1.023,255,194
261406639,-1.524,1.585,0.732,0.032,0.050,1.024,255,194
261407375,-1.585,1.585,0.610,-0.018,0.025,1.038,255,194
261408639,-1.341,1.341,0.366,-0.022,-0.005,1.024,255,194
261409379,-1.220,1.280,0.427,-0.020,0.031,1.050,255,194
261410639,-1.402,1.341,0.427,-0.002,0.028,1.086,255,194
261411374,-1.037,1.220,0.122,-0.037,0.035,0.990,255,194
261412639,-1.159,1.341,0.366,-0.007,0.018,1.054,255,194
261413373,-1.037,1.220,0.671,0.022,0.016,1.031,255,194
261414639,-1.341,1.463,0.427,0.020,0.022,1.043,255,194
261415382,-1.098,1.524,0.366,-0.014,0.026,1.017,255,194
261416638,-1.159,1.280,0.488,-0.030,-0.003,1.053,255,194
261417376,-1.159,1.280,0.488,-0.030,-0.003,1.053,255,194
261418639,-1.098,1.585,0.488,0.005,0.023,1.025,255,194
261419380,-1.037,1.402,0.366,0.002,0.048,1.032,255,194
261420639,-0.915,1.341,0.610,-0.005,0.011,1.085,255,194
261421373,-0.915,1.402,0.488,-0.011,0.046,1.014,255,194
261422639,-0.976,1.402,0.244,0.006,0.018,1.045,255,194
261423377,-0.976,1.402,0.244,0.006,0.018,1.045,255,194
261424639,-0.732,1.463,0.305,0.014,0.015,1.027,255,194
261425376,-0.732,1.402,0.366,0.011,0.041,1.005,255,194
261426638,-0.793,1.463,0.183,-0.004,0.013,1.053,255,194
261427380,-0.976,1.524,0.000,-0.015,0.016,1.041,255,194
261428638,-0.854,1.585,0.244,-0.001,0.029,1.017,255,194
261429421,-1.037,1.402,0.183,0.013,0.040,1.027,255,194
261430639,-0.610,1.524,0.122,-0.049,0.022,1.033,255,194
261431721,-0.732,1.280,0.122,-0.006,0.024,1.030,255,194
261432641,-1.037,1.220,0.183,0.005,0.045,1.051,255,204
261433406,-0.976,1.341,0.244,0.006,0.021,1.036,255,204
261434638,-1.159,1.524,0.244,0.040,0.021,1.033,255,204
261435369,-1.037,1.585,0.244,-0.045,0.004,1.024,255,204
261436638,-1.098,1.402,0.427,0.012,0.021,1.047,255,204
261437377,-1.098,1.402,0.427,0.012,0.021,1.047,255,204
261438639,-0.671,1.646,0.183,0.000,0.014,1.057,255,204
261439375,-0.854,1.707,-0.061,-0.005,0.017,1.021,255,204
261440639,-1.098,1.402,0.000,-0.043,0.060,1.042,255,204
261441387,-1.037,1.280,0.244,0.022,0.028,1.042,255,204
261442638,-1.037,1.585,0.061,-0.004,0.030,1.052,255,204
261443370,-1.098,1.646,0.183,-0.016,0.017,1.022,255,204
261444639,-1.098,1.707,0.610,-0.025,0.040,1.030,255,204
261445378,-1.098,1.524,0.610,-0.008,0.037,1.037,255,204
261446639,-1.098,1.585,0.305,-0.010,0.014,1.060,255,204
261447370,-1.098,1.524,0.000,0.009,0.013,1.014,255,204
261448638,-1.159,1.707,0.061,0.008,0.032,1.051,255,204
261449369,-1.098,1.524,0.366,0.002,0.057,1.013,255,204
261450638,-1.037,1.585,0.122,-0.002,0.007,1.015,255,204
261451370,-1.037,1.585,0.122,-0.002,0.007,1.015,255,204
261452638,-1.220,1.524,0.488,-0.007,0.027,1.025,255,204
261453375,-1.220,1.585,0.366,-0.008,0.055,1.030,255,204
261454639,-1.220,1.768,0.427,-0.013,0.016,1.086,255,204
261455372,-1.098,1.524,0.244,-0.009,0.022,1.004,255,204
261456639,-1.098,1.220,0.122,-0.000,0.000,1.045,255,204
261457374,-1.098,1.220,0.122,-0.000,0.000,1.045,255,204
261458638,-1.159,1.585,0.427,-0.005,0.044,1.029,255,204
261459371,-1.341,1.646,0.549,-0.011,0.023,0.996,255,204
261460638,-0.976,1.585,0.488,0.002,0.039,1.065,255,204
261461374,-1.341,1.341,0.427,0.020,-0.016,1.041,255,204
261462639,-0.793,1.524,0.366,-0.063,0.090,1.036,255,204
261463370,-0.610,1.220,0.366,0.055,0.013,1.028,255,204
261464639,-0.854,1.341,0.488,0.002,0.003,1.025,255,204
261465375,-0.854,1.341,0.488,0.010,0.020,1.040,255,204
261466639,-1.098,1.707,0.732,0.039,0.057,1.023,255,204
261467369,-1.280,1.402,0.305,-0.044,0.020,1.074,255,204
261468638,-1.037,1.341,0.122,-0.022,0.017,0.966,255,204
261469385,-1.159,1.463,0.305,0.022,0.030,1.044,255,204
261470639,-0.915,1.646,0.305,0.014,0.012,1.056,255,204
261471371,-0.915,1.646,0.305,0.014,0.012,1.056,255,204
261472639,-0.732,1.829,0.488,0.011,0.038,0.992,255,204
261473377,-1.220,1.768,0.610,0.002,0.020,1.037,255,204
261474639,-1.220,1.646,0.671,-0.010,0.027,1.039,255,204
261475373,-0.976,1.402,0.366,0.006,0.025,1.068,255,204
261476639,-1.098,1.220,0.427,-0.001,0.027,1.019,255,204
261477428,-1.037,1.220,0.549,-0.010,0.026,1.061,255,204
261478639,-1.098,1.585,0.671,-0.020,0.025,1.019,255,204
261479390,-1.341,1.402,0.427,0.034,0.008,1.050,255,204
261480638,-1.463,1.585,0.366,-0.007,0.041,1.007,255,204
261481726,-1.220,1.646,0.366,-0.012,0.027,1.081,255,204
261482641,-0.915,1.707,0.183,-0.007,0.026,1.018,255,214
261483406,-0.793,1.707,0.305,-0.002,0.021,1.048,255,214
261484638,-0.671,1.402,0.427,-0.010,0.006,1.029,255,214
261485376,-0.671,1.402,0.427,-0.010,0.006,1.029,255,214
261486639,-0.732,1.341,0.671,-0.023,0.003,1.043,255,214
261487374,-1.098,1.341,0.610,-0.006,0.038,1.045,255,214
261488639,-1.037,1.159,0.732,0.042,0.030,1.036,255,214
261489371,-1.037,1.402,0.366,-0.023,0.018,1.029,255,214
261490639,-0.732,1.524,0.427,-0.006,0.002,1.044,255,214
261491383,-1.098,1.463,0.244,-0.006,0.002,1.044,255,214
261492639,-0.976,1.220,0.549,0.011,0.040,1.066,255,214
261493371,-0.976,1.280,0.366,-0.021,0.002,1.029,255,214
261494638,-0.915,1.341,0.244,-0.007,0.044,1.042,255,214
261495374,-1.159,1.585,0.671,-0.013,0.047,1.035,255,214
261496639,-1.341,1.463,0.915,0.018,0.018,1.031,255,214
261497379,-1.220,1.341,0.732,-0.009,0.038,1.057,255,214
261498639,-0.976,1.463,0.488,-0.014,0.035,1.051,255,214
261499378,-1.220,1.341,0.488,0.018,0.048,0.997,255,214
261500639,-1.220,1.220,0.488,-0.008,-0.014,1.080,255,214
261501384,-0.976,1.402,0.488,-0.013,0.057,1.017,255,214
261502638,-1.159,1.280,0.610,0.007,0.024,1.062,255,214
261503428,-0.976,1.280,0.671,-0.019,0.044,0.980,255,214
261504639,-0.976,1.341,0.427,-0.034,0.038,1.017,255,214
261505428,-0.976,1.341,0.427,-0.034,0.038,1.017,255,214
261506638,-1.159,1.524,0.732,-0.039,0.113,1.042,255,214
261507384,-1.220,1.463,0.488,0.006,-0.027,1.011,255,214
261508638,-0.915,1.341,0.610,-0.016,0.071,1.057,255,214
261509382,-0.915,1.037,0.488,0.042,-0.007,1.003,255,214
261510638,-1.402,1.402,0.488,-0.017,0.045,1.050,255,214
261511376,-1.280,1.524,0.488,-0.038,0.066,1.029,255,214
261512639,-1.280,1.402,0.244,0.010,0.036,1.024,255,214
261513377,-0.854,1.402,0.366,-0.032,0.019,1.036,255,214
261514639,-1.037,1.220,0.732,-0.005,0.019,1.004,255,214
261515373,-1.341,1.341,0.854,0.021,0.056,1.061,255,214
261516639,-1.524,1.524,0.610,-0.006,0.016,1.041,255,214
261517381,-1.159,1.707,0.366,-0.038,0.016,1.014,255,214
261518639,-1.098,1.585,0.610,0.004,0.062,1.041,255,214
261519376,-1.098,1.585,0.610,0.004,0.062,1.041,255,214
261520639,-1.280,1.220,0.000,-0.022,0.025,1.024,255,214
261521390,-1.159,1.524,0.305,0.014,0.048,1.027,255,214
261522638,-1.341,1.159,0.549,0.025,0.027,0.994,255,214
261523376,-0.915,1.402,0.671,-0.001,0.036,1.056,255,214
261524638,-1.159,1.341,0.122,0.027,0.013,1.012,255,214
261525436,-1.341,1.280,0.122,0.027,0.013,1.012,255,214
261526639,-1.646,1.707,0.488,-0.027,0.015,1.040,255,214
261527392,-1.463,1.768,0.427,-0.010,0.028,1.040,255,214
261528638,-0.915,1.829,0.305,0.016,0.023,1.030,255,214
261529381,-0.976,1.646,0.366,-0.008,0.022,1.042,255,214
261530639,-1.037,1.707,0.244,0.000,0.028,1.032,255,214
261531724,-0.915,1.524,0.305,-0.017,0.052,1.039,255,214
261532641,-0.915,1.524,0.427,0.030,-0.007,1.006,255,224
261533394,-1.098,1.585,0.244,-0.020,0.016,1.066,255,224
261534638,-1.159,1.585,0.244,-0.013,0.030,1.033,255,224
261535382,-1.280,1.524,0.488,0.029,0.040,1.033,255,224
261536639,-1.098,1.220,0.244,-0.015,0.026,1.034,255,224
261537378,-1.220,1.220,0.122,-0.017,0.011,1.060,255,224
261538639,-1.159,1.646,0.793,-0.012,0.050,1.051,255,224
261539382,-1.159,1.646,0.793,-0.012,0.050,1.051,255,224
261540639,-0.854,1.341,0.732,0.025,-0.004,1.033,255,224
261541374,-1.037,1.585,0.427,-0.039,0.023,1.061,255,224
261542639,-1.037,1.585,0.366,0.013,0.045,1.003,255,224
261543374,-1.037,1.341,0.366,0.009,0.021,1.022,255,224
261544639,-1.037,1.524,0.427,-0.028,0.037,1.043,255,224
261545379,-0.976,1.585,0.427,0.003,0.014,1.039,255,224
261546639,-0.915,1.646,0.549,-0.008,0.024,1.053,255,224
261547373,-0.854,1.463,0.610,-0.004,0.063,1.029,255,224
261548639,-0.793,1.707,0.610,0.010,0.014,1.036,255,224
261549373,-0.854,1.463,0.488,-0.015,0.022,1.032,255,224
261550639,-0.732,1.463,0.244,-0.024,0.034,1.043,255,224
261551375,-0.976,1.159,0.488,0.038,0.019,1.043,255,224
261552639,-0.854,1.585,0.427,-0.042,0.011,1.057,255,224
261553370,-0.854,1.585,0.427,-0.042,0.011,1.057,255,224
261554638,-1.098,1.037,0.305,0.036,0.044,1.000,255,224
261555381,-1.159,1.098,0.610,-0.033,0.068,1.048,255,224
261556638,-0.976,1.220,0.366,-0.019,0.007,1.064,255,224
261557377,-0.915,1.098,0.366,0.006,0.001,1.049,255,224
261558639,-0.549,1.159,0.427,-0.004,-0.001,1.036,255,224
261559374,-0.732,1.341,0.549,-0.004,-0.001,1.036,255,224
261560639,-1.098,1.341,-0.122,-0.003,0.027,1.033,255,224
261561378,-1.341,1.341,0.305,0.062,0.050,1.041,255,224
261562639,-1.220,1.524,0.427,-0.024,-0.010,1.035,255,224
261563383,-1.220,1.524,0.488,-0.054,0.081,1.023,255,224
261564638,-0.915,1.280,0.610,0.048,0.002,1.016,255,224
261565376,-1.220,1.280,0.671,0.051,0.021,1.071,255,224
261566638,-0.854,1.646,0.671,-0.008,0.029,1.011,255,224
261567371,-0.854,1.646,0.671,-0.008,0.029,1.011,255,224
261568639,-1.524,1.585,0.122,0.018,0.001,1.037,255,224
261569371,-1.280,1.646,0.366,-0.068,0.032,1.070,255,224
261570638,-1.280,1.585,0.671,0.019,0.042,1.013,255,224
261571379,-1.585,1.402,0.610,0.027,0.044,1.044,255,224
261572639,-1.707,1.524,0.305,-0.020,-0.004,1.052,255,224
261573383,-1.707,1.524,0.305,-0.020,-0.004,1.052,255,224
261574639,-1.220,1.341,0.549,0.008,0.029,1.056,255,224
261575378,-1.159,1.341,0.549,-0.032,0.037,1.035,255,224
261576639,-1.220,1.524,0.366,0.030,0.007,1.043,255,224
261577381,-1.037,1.585,0.366,0.023,0.014,1.058,255,224
261578638,-0.976,1.585,0.366,-0.034,0.044,1.026,255,224
261579379,-1.098,1.402,0.305,0.007,0.013,1.028,255,224
261580638,-1.159,1.463,0.122,-0.007,0.015,1.075,255,224
261581689,-1.159,1.524,0.366,-0.027,0.054,1.000,255,224
261582641,-1.402,1.890,0.549,0.025,0.004,1.030,255,233
261583391,-1.098,1.646,0.549,-0.019,0.042,1.074,255,233
261584638,-1.220,1.463,0.305,-0.007,0.023,1.036,255,233
261585384,-1.280,1.402,0.305,0.017,0.010,0.997,255,233
261586638,-0.915,1.524,0.366,-0.013,0.061,1.064,255,233
261587379,-0.915,1.524,0.366,-0.013,0.061,1.064,255,233
261588639,-0.732,1.341,-0.305,-0.002,-0.002,1.040,255,233
261589504,-0.854,1.463,0.000,-0.036,0.031,0.990,255,233
261590638,-0.854,1.707,0.610,0.003,0.049,1.023,255,233
261591388,-0.793,1.707,0.366,0.012,0.026,1.062,255,233
261592638,-0.854,1.463,0.061,-0.009,0.008,1.063,255,233
261593373,-0.976,1.463,0.366,-0.045,0.028,0.974,255,233
261594639,-1.037,1.341,0.610,0.004,0.039,1.054,255,233
261595359,-0.915,1.220,0.610,0.015,-0.004,1.050,255,233
261596638,-0.915,1.524,0.183,-0.072,0.044,1.001,255,233
261597370,-0.732,1.707,0.427,0.035,0.007,1.048,255,233
261598638,-0.854,1.341,0.549,0.010,0.055,1.063,255,233
261599381,-0.915,1.220,0.671,-0.019,0.031,0.990,255,233
261600639,-0.854,1.220,0.244,0.033,0.015,1.042,255,233
261601379,-0.854,1.220,0.244,-0.011,0.073,1.088,255,233
261602639,-0.671,1.402,0.671,-0.031,0.017,1.018,255,233
261603383,-0.793,1.280,0.366,0.021,-0.006,0.980,255,233
261604639,-0.854,1.463,0.610,0.024,0.058,1.089,255,233
261605370,-1.220,1.463,0.793,-0.019,0.029,1.056,255,233
261606639,-1.098,1.707,0.305,0.041,0.051,0.984,255,233
261607381,-1.098,1.707,0.305,0.041,0.051,0.984,255,233
261608639,-1.280,1.402,0.488,-0.058,0.048,1.056,255,233
261609371,-1.037,1.585,0.305,-0.025,0.005,1.020,255,233
261610638,-1.159,1.402,0.305,0.058,0.057,1.041,255,233
261611376,-1.280,1.402,0.427,0.006,0.022,1.013,255,233
261612639,-1.098,1.646,0.305,-0.081,0.036,1.025,255,233
261613378,-1.220,1.646,0.549,0.043,0.035,1.057,255,233
261614639,-1.220,1.098,0.122,-0.045,0.014,0.973,255,233
261615383,-0.854,1.585,0.244,-0.045,0.044,0.992,255,233
261616638,-0.915,1.829,0.671,0.078,0.048,1.068,255,233
261617378,-0.976,1.463,0.610,0.005,0.024,1.101,255,233
261618639,-1.098,1.646,0.366,-0.061,-0.014,0.990,255,233
261619382,-1.037,1.646,0.305,0.002,0.057,1.000,255,233
261620638,-1.159,1.341,0.488,-0.037,0.024,1.074,255,233
261621370,-1.159,1.341,0.488,-0.037,0.024,1.074,255,233
261622639,-1.220,1.585,0.305,0.036,0.067,0.997,255,233
261623381,-1.402,1.402,0.671,0.020,0.009,1.107,255,233
261624639,-1.341,1.341,0.366,-0.049,0.014,1.031,255,233
261625379,-1.280,1.341,0.000,0.015,-0.007,1.022,255,233
261626639,-1.098,1.585,0.366,0.028,0.072,1.004,255,233
261627385,-1.037,1.585,0.610,-0.009,-0.007,1.091,255,233
261628638,-1.159,1.585,0.366,0.016,0.009,1.050,255,233
261629378,-1.159,1.402,0.366,0.021,0.054,1.072,255,233
261630639,-0.854,1.585,0.732,-0.016,0.010,1.028,255,233
261631698,-0.854,1.585,0.427,-0.031,0.032,0.955,255,233
261632641,-1.037,1.524,0.305,0.050,0.008,1.053,255,243
261633401,-1.159,1.646,0.366,-0.022,0.051,1.119,255,243
261634638,-1.037,1.707,0.793,0.001,0.010,0.981,255,243
261635378,-1.037,1.707,0.793,0.024,0.035,0.985,255,243
261636638,-1.402,1.463,0.549,-0.017,0.040,1.109,255,243
261637378,-1.220,1.585,0.793,-0.000,0.012,1.088,255,243
261638639,-1.159,1.341,0.610,-0.024,0.021,1.004,255,243
261639378,-1.341,1.402,0.610,0.060,0.036,1.000,255,243
261640639,-1.037,1.524,0.427,-0.027,0.009,1.084,255,243
261641383,-1.037,1.524,0.427,-0.027,0.009,1.084,255,243
261642639,-1.037,1.585,0.549,0.006,0.043,0.968,255,243
261643370,-0.915,1.585,0.610,-0.002,0.025,1.038,255,243
261644638,-0.976,1.524,0.366,-0.048,0.018,1.024,255,243
261645371,-1.159,1.585,0.549,0.034,0.041,1.063,255,243
261646639,-1.159,1.524,0.915,0.015,0.017,1.035,255,243
261647372,-1.037,1.585,0.610,-0.041,0.042,1.009,255,243
261648639,-1.159,0.976,0.793,0.025,0.028,1.033,255,243
261649376,-1.159,1.402,0.854,-0.063,0.007,1.005,255,243
261650639,-0.915,1.768,0.549,0.030,0.045,1.041,255,243
261651370,-1.220,1.585,0.610,0.028,0.063,1.104,255,243
261652639,-1.159,1.220,0.610,-0.046,0.003,0.953,255,243
261653384,-1.037,1.159,0.549,-0.011,0.006,0.958,255,243
261654639,-1.463,1.341,0.549,-0.002,0.059,1.174,255,243
261655370,-1.463,1.341,0.549,-0.002,0.059,1.174,255,243
261656639,-0.976,1.098,0.671,0.054,0.022,0.891,255,243
261657370,-1.159,1.341,0.549,0.056,0.016,1.021,255,243
261658638,-1.098,1.646,0.366,-0.078,0.061,1.067,255,243
261659377,-1.220,1.585,0.183,-0.028,0.013,1.141,255,243
261660638,-1.341,1.402,0.366,0.088,0.052,1.013,255,243
261661379,-1.585,1.098,0.549,-0.007,-0.010,1.026,255,243
261662639,-0.915,1.707,0.183,0.043,0.030,1.057,255,243
261663376,-0.854,1.159,0.610,0.046,0.058,1.062,255,243
261664639,-1.159,1.159,0.488,-0.028,-0.017,1.010,255,243
261665468,-0.915,1.646,0.122,-0.034,0.039,1.085,255,243
261666639,-0.610,1.280,0.610,0.054,0.048,1.036,255,243
261667401,-1.037,1.341,0.854,-0.006,0.026,1.010,255,243
261668638,-1.098,1.829,0.305,0.028,0.036,1.104,255,243
261669378,-1.098,1.829,0.305,0.028,0.036,1.104,255,243
261670639,-0.915,1.646,0.732,-0.006,0.024,1.043,255,243
261671381,-1.098,1.463,0.305,-0.038,0.025,0.897,255,243
261672638,-1.159,1.463,0.610,0.032,0.014,0.965,255,243
261673379,-1.159,1.646,0.854,0.010,0.033,1.142,255,243
261674639,-1.280,1.341,0.305,-0.050,0.035,1.081,255,243
261675381,-1.280,1.341,0.305,-0.050,0.035,1.081,255,243
261676638,-1.037,1.463,0.671,0.016,-0.007,0.981,255,243
261677376,-1.098,1.768,0.732,-0.036,0.058,0.984,255,243
261678639,-1.220,1.768,0.427,-0.002,0.051,1.093,255,243
261679381,-1.220,1.646,0.366,-0.007,0.044,1.119,255,243
261680638,-1.098,1.646,0.244,-0.002,0.001,1.024,255,243
261681746,-1.159,1.646,0.244,-0.004,0.025,0.976,255,243
261682641,-1.280,1.707,0.244,-0.013,0.052,1.033,255,253
261683434,-0.915,1.402,0.183,-0.029,0.027,1.033,255,253
261684638,-1.402,0.976,0.366,0.035,0.026,1.072,255,253
261685382,-1.220,1.220,0.427,-0.034,0.029,1.126,255,253
261686639,-0.732,1.463,0.549,0.006,-0.032,1.057,255,253
261687372,-1.037,1.280,0.244,-0.015,0.096,0.970,255,253
261688638,-1.098,1.585,0.488,-0.060,0.029,0.974,255,253
261689381,-1.098,1.585,0.488,-0.060,0.029,0.974,255,253
261690639,-1.341,0.915,0.793,-0.019,0.021,1.169,255,253
261691376,-1.098,1.220,0.671,-0.088,0.037,0.967,255,253
261692639,-1.159,1.585,0.549,0.059,0.050,0.954,255,253
261693380,-1.220,1.463,0.122,0.039,0.013,0.991,255,253
261694638,-1.159,1.341,0.183,-0.056,0.003,1.043,255,253
261695372,-1.341,1.646,0.122,-0.055,0.045,1.074,255,253
261696638,-1.646,1.341,0.610,-0.020,-0.025,1.072,255,253
261697382,-1.037,1.646,0.122,-0.062,0.022,0.904,255,253
261698639,-1.402,1.890,0.122,0.068,0.000,1.002,255,253
261699438,-1.768,1.463,0.305,0.011,0.069,1.048,255,253
261700639,-1.829,1.402,0.366,-0.061,0.007,1.048,255,253
261701413,-1.341,1.463,0.183,0.030,0.044,1.013,255,253
261702638,-1.463,1.280,0.305,-0.033,0.018,1.107,255,253
261703379,-1.463,1.280,0.305,-0.033,0.018,1.107,255,253
261704639,-0.976,1.463,0.183,0.056,0.029,0.957,255,253
261705378,-0.915,1.341,0.488,0.011,0.017,0.976,255,253
261706639,-1.280,1.829,0.061,-0.059,0.025,1.081,255,253
261707373,-1.098,1.829,0.183,0.059,0.044,1.118,255,253
261708639,-1.341,1.098,0.488,-0.020,0.017,0.963,255,253
261709379,-1.341,1.098,0.488,-0.020,0.017,0.963,255,253
261710639,-1.098,1.341,0.305,0.047,0.020,0.962,255,253
261711375,-1.524,1.341,0.183,-0.009,0.021,1.107,255,253
261712638,-1.159,1.463,0.366,-0.029,0.029,1.038,255,253
261713377,-1.098,1.585,0.549,0.014,0.054,1.052,255,253
261714638,-0.976,1.585,0.488,0.004,0.026,1.076,255,253
261715371,-0.976,1.402,0.244,-0.007,0.009,1.027,255,253
261716638,-0.732,1.646,0.549,0.035,0.042,1.008,255,253
261717380,-1.463,1.524,0.488,-0.009,0.004,1.005,255,253
261718639,-0.854,1.524,0.488,-0.021,0.049,1.017,255,253
261719373,-0.854,1.768,0.427,-0.008,0.013,1.063,255,253
261720639,-0.976,1.463,0.427,0.045,0.030,1.014,255,253
261721378,-0.915,1.524,0.305,-0.058,0.033,1.049,255,253
261722639,-0.732,1.524,0.122,-0.036,0.030,1.096,255,253
261723375,-0.732,1.524,0.122,-0.036,0.030,1.096,255,253
261724639,-1.037,1.585,0.305,-0.024,0.048,0.957,255,253
261725380,-0.610,1.829,0.488,0.004,0.008,0.895,255,253
261726639,-0.671,1.524,0.549,0.023,0.033,1.071,255,253
261727365,-1.402,1.280,0.061,-0.007,0.048,1.078,255,253
261728638,-1.037,1.707,0.366,-0.074,0.019,1.134,255,253
261729374,-0.610,1.585,0.366,0.030,0.040,1.041,255,253
261730639,-1.463,1.585,0.122,-0.077,-0.030,0.987,255,253
261731716,-0.976,1.707,0.366,-0.009,0.080,1.013,255,253
261732641,-1.220,1.402,0.671,0.047,0.032,1.036,255,263
261733417,-1.402,1.159,0.366,-0.014,0.031,1.041,255,263
261734638,-1.098,1.220,-0.061,-0.116,-0.007,1.012,255,263
261735511,-1.280,1.585,0.549,0.083,0.051,0.999,255,263
261736638,-1.220,1.341,0.122,-0.086,0.037,1.035,255,263
261737378,-1.220,1.341,0.122,-0.086,0.037,1.035,255,263
261738639,-1.098,1.220,0.854,0.060,0.045,1.036,255,263
261739382,-1.159,1.220,0.549,-0.049,0.001,0.991,255,263
261740638,-1.220,1.280,0.427,-0.016,0.020,0.938,255,263
261741372,-1.280,1.768,0.549,0.062,0.030,1.011,255,263
261742639,-1.220,1.402,0.488,-0.022,0.052,1.050,255,263
261743383,-1.220,1.402,0.488,-0.022,0.052,1.050,255,263
261744638,-0.915,1.280,0.427,0.000,0.031,1.031,255,263
261745380,-1.220,1.341,0.488,-0.014,0.004,1.008,255,263
261746639,-1.159,1.402,0.488,0.047,0.046,0.997,255,263
261747377,-1.524,1.646,0.122,-0.030,0.011,1.089,255,263
261748639,-1.585,1.646,0.366,-0.003,0.032,1.074,255,263
261749381,-1.463,1.707,0.427,0.025,0.049,1.030,255,263
261750638,-1.159,1.646,0.305,0.002,0.012,0.979,255,263
261751375,-1.280,1.646,0.244,0.029,0.007,1.018,255,263
261752639,-1.159,1.646,0.366,-0.009,0.053,1.039,255,263
261753381,-1.098,1.524,0.427,-0.007,0.013,1.106,255,263
261754639,-1.341,1.402,0.427,-0.005,0.023,1.072,255,263
261755370,-1.463,1.768,0.427,0.001,0.029,1.062,255,263
261756639,-1.159,1.159,0.122,0.006,0.009,1.023,255,263
261757452,-1.098,1.463,0.488,-0.033,0.041,1.036,255,263
261758639,-0.915,1.280,0.610,0.037,0.018,0.981,255,263
261759416,-1.159,1.220,0.610,-0.020,0.059,0.995,255,263
261760638,-1.098,1.524,0.610,0.006,-0.009,1.037,255,263
261761374,-0.976,1.524,0.366,-0.016,0.050,1.058,255,263
261762639,-1.037,1.280,0.305,0.038,0.015,1.100,255,263
261763371,-1.341,1.280,0.610,-0.058,0.059,1.013,255,263
261764639,-1.037,1.159,0.549,0.076,0.050,1.004,255,263
261765373,-1.341,1.220,0.305,-0.090,0.019,0.982,255,263
261766639,-0.915,1.585,0.305,0.001,0.017,1.086,255,263
261767396,-0.854,1.341,0.610,0.046,0.073,1.085,255,263
261768640,-1.159,1.280,0.610,-0.017,0.003,1.048,255,263
261769409,-1.098,1.159,0.122,-0.112,0.024,1.026,255,263
261770639,-1.159,1.280,0.793,0.053,0.071,1.034,255,263
261771378,-1.159,1.280,0.793,0.053,0.071,1.034,255,263
261772639,-0.915,1.524,0.183,0.029,0.019,1.038,255,263
261773379,-1.037,1.524,0.671,0.045,0.067,1.053,255,263
261774639,-0.915,1.280,0.305,-0.039,0.005,1.031,255,263
261775374,-1.037,1.280,0.061,-0.065,0.032,1.111,255,263
261776639,-0.854,0.976,0.305,-0.003,0.022,1.050,255,263
261777374,-0.854,0.976,0.305,-0.003,0.022,1.050,255,263
261778639,-1.037,1.220,0.549,0.019,0.030,1.064,255,263
261779374,-0.549,1.585,0.671,0.020,0.039,1.007,255,263
261780639,-1.220,1.402,0.366,-0.017,0.026,1.085,255,263
261781709,-0.915,1.524,0.366,-0.011,0.034,1.045,255,263
261782641,-0.854,1.585,0.488,0.006,0.008,1.045,255,272
261783420,-0.976,1.402,0.366,0.012,0.041,1.006,255,272
261784638,-0.915,1.585,0.366,-0.017,0.003,1.013,255,272
261785373,-0.976,1.524,0.366,0.052,0.020,0.999,255,272
261786638,-1.341,1.524,0.610,-0.023,0.045,1.054,255,272
261787379,-0.854,1.585,0.366,-0.003,0.024,1.032,255,272
261788639,-1.037,1.524,0.061,0.016,0.006,1.078,255,272
261789369,-1.098,1.524,0.488,-0.006,0.042,1.041,255,272
261790638,-0.976,1.646,0.549,0.041,0.018,0.984,255,272
261791376,-0.976,1.646,0.549,0.041,0.018,0.984,255,272
261792639,-0.793,1.585,0.366,0.021,0.000,1.019,255,272
261793372,-1.341,1.098,0.427,0.015,0.059,1.065,255,272
261794639,-1.280,1.585,0.488,-0.019,0.015,0.990,255,272
261795377,-1.159,1.707,0.549,0.010,0.036,1.092,255,272
261796639,-1.159,1.524,0.610,-0.010,0.059,1.020,255,272
261797369,-1.280,1.646,0.915,0.056,-0.001,1.080,255,272
261798639,-1.037,1.402,0.183,0.093,0.038,1.044,255,272
261799374,-1.768,1.280,0.915,-0.029,0.034,1.018,255,272
261800638,-1.280,1.402,0.610,-0.045,0.035,1.018,255,272
261801372,-1.037,1.098,0.549,0.089,0.027,1.010,255,272
261802639,-1.524,1.402,0.793,-0.067,0.046,0.964,255,272
261803378,-0.976,1.646,0.610,-0.041,-0.009,1.056,255,272
261804639,-1.098,1.585,0.732,-0.005,-0.015,1.115,255,272
261805370,-1.098,1.585,0.732,-0.005,-0.015,1.115,255,272
261806638,-0.793,1.707,0.366,0.085,0.062,0.992,255,272
261807377,-1.037,1.524,0.976,-0.010,0.047,1.100,255,272
261808639,-0.732,1.280,0.305,-0.068,-0.017,1.027,255,272
261809371,-1.098,1.768,0.122,0.004,0.040,1.055,255,272
261810638,-1.463,1.463,0.549,-0.050,-0.008,1.086,255,272
261811375,-1.463,1.463,0.549,-0.050,-0.008,1.086,255,272
261812638,-1.463,1.646,0.671,0.024,0.034,1.081,255,272
261813372,-1.341,1.524,0.671,-0.006,0.022,1.012,255,272
261814639,-1.402,1.220,0.427,-0.002,0.036,1.087,255,272
261815371,-1.280,1.524,0.488,-0.051,0.000,1.078,255,272
261816639,-0.854,1.463,0.244,0.058,0.023,0.984,255,272
261817383,-1.280,1.098,0.610,-0.038,0.047,1.073,255,272
261818638,-1.037,1.159,0.244,0.025,0.014,1.068,255,272
261819370,-0.549,1.220,0.244,-0.047,0.044,0.961,255,272
261820638,-1.037,1.524,0.488,0.033,0.025,1.094,255,272
261821377,-1.037,1.585,0.061,0.054,0.023,0.990,255,272
261822639,-1.220,1.646,0.183,-0.051,0.024,1.039,255,272
261823369,-1.098,1.585,0.488,-0.021,0.025,1.066,255,272
261824638,-1.341,1.402,0.549,-0.084,0.022,1.077,255,272
261825378,-1.341,1.402,0.549,-0.084,0.022,1.077,255,272
261826639,-1.220,1.220,0.427,0.080,0.017,1.045,255,272
261827371,-0.854,1.463,0.732,-0.032,0.052,1.027,255,272
261828638,-0.915,1.585,0.427,-0.017,0.010,1.110,255,272
261829372,-0.976,1.280,0.305,0.076,0.057,0.969,255,272
261830639,-1.159,1.341,0.732,-0.036,0.023,1.058,255,272
261831683,-1.402,1.341,0.122,0.063,0.041,1.000,255,272
261832641,-1.585,1.402,0.610,-0.044,0.013,1.037,255,282
261833416,-0.915,1.524,0.305,0.019,0.042,1.025,255,282
261834638,-1.098,1.280,0.305,0.022,0.051,0.983,255,282
261835382,-1.098,1.341,0.610,-0.030,-0.003,1.021,255,282
261836638,-0.976,1.585,0.061,0.011,0.054,1.110,255,282
261837370,-1.341,1.402,0.488,0.021,0.021,1.048,255,282
261838638,-0.854,1.585,0.122,0.011,0.076,1.029,255,282
261839375,-0.854,1.585,0.122,0.011,0.076,1.029,255,282
261840639,-1.037,1.280,0.610,-0.053,0.013,1.011,255,282
261841373,-0.732,1.646,0.122,0.020,0.036,1.013,255,282
261842639,-0.976,1.646,0.671,0.004,0.059,1.060,255,282
261843376,-0.915,1.524,0.610,0.000,0.010,1.071,255,282
261844639,-1.037,1.646,0.549,-0.013,0.035,1.025,255,282
261845374,-1.037,1.646,0.549,-0.013,0.035,1.025,255,282
261846639,-1.402,1.159,0.366,-0.026,0.037,0.958,255,282
261847380,-1.037,1.585,0.488,-0.028,0.019,1.114,255,282
261848639,-0.793,1.585,0.671,0.015,0.028,1.059,255,282
261849370,-0.976,1.341,0.549,0.011,0.029,1.025,255,282
261850638,-0.976,1.585,0.610,-0.044,0.017,1.027,255,282
261851377,-0.793,1.707,0.305,0.020,0.018,1.029,255,282
261852639,-0.854,1.707,0.549,-0.012,0.039,1.044,255,282
261853372,-0.915,1.524,0.305,0.010,0.024,1.060,255,282
261854638,-0.976,1.402,0.488,-0.029,0.038,1.002,255,282
261855373,-1.220,1.341,0.610,0.002,-0.000,1.084,255,282
261856638,-0.976,1.341,0.427,0.031,0.066,0.982,255,282
261857378,-1.037,1.220,0.549,-0.056,0.000,1.032,255,282
261858639,-0.915,1.402,0.549,0.052,0.067,1.011,255,282
261859373,-0.915,1.402,0.549,0.052,0.067,1.011,255,282
261860639,-0.915,1.402,0.183,0.021,0.052,1.073,255,282
261861368,-1.280,1.220,0.244,0.056,0.022,1.014,255,282
261862638,-1.159,1.463,0.549,-0.062,0.051,1.022,255,282
261863435,-0.976,1.341,0.305,0.030,0.008,1.024,255,282
261864639,-1.341,1.341,0.366,0.031,0.049,1.018,255,282
261865410,-1.280,1.524,0.305,-0.063,0.011,1.065,255,282
261866638,-1.341,1.280,0.305,-0.031,-0.016,1.000,255,282
261867382,-0.976,1.707,0.122,-0.023,0.061,1.054,255,282
261868638,-0.854,1.585,0.549,0.034,0.017,1.047,255,282
261869377,-1.159,1.463,0.732,-0.021,0.011,1.044,255,282
261870638,-0.854,1.646,0.305,0.026,0.041,1.072,255,282
261871381,-1.280,1.220,0.488,-0.032,0.042,0.977,255,282
261872638,-1.220,1.159,0.000,0.016,0.052,1.012,255,282
261873384,-1.220,1.159,0.000,0.016,0.052,1.012,255,282
261874638,-0.854,1.402,0.061,0.024,-0.012,1.063,255,282
261875366,-1.220,1.280,0.122,0.010,0.029,0.987,255,282
261876639,-1.220,1.951,0.732,-0.045,0.064,1.063,255,282
261877373,-0.915,1.707,0.244,0.046,-0.022,1.038,255,282
261878639,-1.341,1.585,0.427,-0.073,0.008,1.043,255,282
261879376,-1.341,1.585,0.427,-0.073,0.008,1.043,255,282
261880640,-1.098,1.463,0.427,-0.015,0.051,0.960,255,282
261881713,-1.098,1.524,0.549,-0.053,0.017,1.103,255,282
261882641,-0.732,1.585,0.061,0.021,0.025,1.018,255,292
261883415,-1.037,1.463,0.244,0.022,0.043,1.000,255,292
261884638,-1.159,1.220,0.427,-0.055,0.005,1.088,255,292
261885384,-0.671,1.463,0.183,0.011,0.015,0.997,255,292
261886639,-0.976,1.463,0.549,-0.042,0.011,1.056,255,292
261887372,-1.098,1.707,0.305,0.016,0.045,1.029,255,292
261888639,-1.037,1.220,0.183,0.009,0.006,1.063,255,292
261889376,-1.037,1.402,0.366,-0.024,0.036,1.041,255,292
261890639,-1.098,1.402,0.366,0.019,0.048,1.032,255,292
261891372,-0.488,1.524,0.427,-0.001,-0.003,1.058,255,292
261892638,-0.671,1.890,0.549,0.022,0.024,1.006,255,292
261893378,-0.671,1.890,0.549,0.022,0.024,1.006,255,292
261894638,-0.915,1.402,0.549,-0.009,0.032,1.020,255,292
261895371,-1.220,1.402,0.549,-0.010,0.028,1.067,255,292
261896638,-1.280,1.341,0.122,0.010,0.025,0.999,255,292
261897372,-1.280,1.341,0.610,0.017,0.039,1.042,255,292
261898638,-1.280,1.524,0.671,-0.084,0.017,1.065,255,292
261899381,-0.854,1.524,0.427,0.089,0.028,1.035,255,292
261900639,-1.159,1.341,0.183,-0.023,0.059,1.021,255,292
261901373,-1.220,1.402,0.244,0.044,0.012,1.041,255,292
261902639,-1.159,1.402,0.305,-0.031,0.036,1.052,255,292
261903378,-0.915,1.402,-0.244,0.031,0.044,1.066,255,292
261904639,-0.976,1.220,0.488,-0.026,0.017,0.959,255,292
261905372,-1.463,1.524,0.488,-0.002,0.040,1.104,255,292
261906639,-1.341,1.646,0.671,-0.020,0.032,1.066,255,292
261907381,-1.341,1.646,0.671,-0.020,0.032,1.066,255,292
261908639,-1.098,1.585,0.427,-0.000,0.030,0.971,255,292
261909382,-1.098,1.951,0.732,-0.009,0.022,1.072,255,292
261910639,-0.854,1.402,0.305,0.030,0.040,1.032,255,292
261911379,-1.402,1.463,0.610,-0.036,0.034,0.999,255,292
261912639,-1.037,1.402,0.366,0.068,0.014,1.071,255,292
261913373,-1.037,1.402,0.366,0.068,0.014,1.071,255,292
261914639,-1.098,1.280,0.427,-0.007,0.010,1.025,255,292
261915373,-1.402,1.341,0.305,0.010,0.027,1.019,255,292
261916639,-1.585,1.524,0.610,0.029,0.043,1.022,255,292
261917374,-1.341,1.402,0.488,-0.052,-0.008,1.027,255,292
261918639,-0.915,1.707,0.610,0.038,0.043,1.009,255,292
261919378,-1.037,1.280,0.732,0.009,0.021,1.118,255,292
261920639,-1.220,1.524,0.488,0.052,0.013,1.090,255,292
261921372,-0.732,1.585,0.793,-0.015,0.042,1.009,255,292
261922638,-1.159,1.768,0.732,-0.007,0.043,1.069,255,292
261923377,-0.671,1.463,0.366,0.030,0.017,1.031,255,292
261924639,-0.488,1.037,0.122,0.000,0.009,0.998,255,292
261925372,-0.976,1.463,0.488,-0.053,0.089,1.046,255,292
261926638,-1.463,1.463,0.366,-0.029,0.057,1.072,255,292
261927378,-1.463,1.463,0.366,-0.029,0.057,1.072,255,292
261928639,-1.280,1.463,0.122,0.069,0.018,1.064,255,292
261929372,-1.220,1.341,0.671,-0.045,0.023,0.978,255,292
261930639,-1.341,1.585,0.793,-0.029,0.023,1.071,255,292
261931680,-1.098,1.585,0.366,0.075,0.028,1.068,255,292
261932641,-1.341,1.585,0.671,-0.047,-0.001,1.042,255,302
261933467,-1.280,1.463,0.671,-0.042,0.056,1.083,255,302
261934639,-1.463,1.402,0.488,-0.057,0.038,1.084,255,302
261935416,-1.159,1.098,0.305,-0.008,0.041,1.021,255,302
261936638,-1.402,1.402,0.366,0.011,0.002,1.050,255,302
261937381,-1.159,1.159,0.244,0.008,0.039,1.024,255,302
261938638,-1.220,1.341,0.488,-0.040,0.069,1.002,255,302
261939375,-1.341,1.585,0.427,0.021,-0.021,1.051,255,302
261940639,-1.098,1.585,0.732,0.021,0.025,1.060,255,302
261941378,-1.098,1.585,0.732,0.021,0.025,1.060,255,302
261942639,-0.671,1.463,0.122,-0.027,0.035,1.062,255,302
261943412,-0.793,1.524,0.915,-0.001,0.027,1.031,255,302
261944639,-0.976,1.402,0.305,0.012,0.013,1.016,255,302
261945420,-0.976,1.280,0.549,-0.032,0.069,0.964,255,302
261946638,-0.915,1.524,0.366,0.017,0.015,1.006,255,302
261947380,-0.915,1.524,0.366,0.017,0.015,1.006,255,302
261948638,-1.280,1.585,0.732,-0.021,0.010,1.009,255,302
261949376,-1.037,1.280,0.549,0.051,-0.017,1.038,255,302
261950639,-0.915,1.585,0.671,-0.035,0.086,1.028,255,302
261951374,-0.366,1.707,0.488,0.036,-0.018,1.009,255,302
261952639,-0.793,1.585,0.427,0.005,0.040,1.063,255,302
261953379,-0.915,1.646,0.671,0.006,0.020,1.011,255,302
261954639,-1.159,1.768,0.488,0.031,0.039,1.039,255,302
261955373,-0.854,1.402,0.244,0.007,0.006,1.027,255,302
261956639,-0.976,1.707,0.610,-0.066,0.062,1.057,255,302
261957375,-0.610,1.524,0.366,0.078,0.013,1.028,255,302
261958639,-0.915,1.159,0.549,-0.044,0.054,1.051,255,302
261959373,-1.159,1.646,0.549,-0.021,0.008,1.027,255,302
261960639,-1.341,1.159,0.183,-0.035,0.023,1.016,255,302
261961380,-1.341,1.159,0.183,-0.035,0.023,1.016,255,302
261962639,-1.037,1.280,0.122,0.029,0.030,1.025,255,302
261963357,-1.463,1.341,0.244,-0.014,0.016,1.040,255,302
261964638,-1.463,1.524,0.305,-0.043,0.011,1.027,255,302
261965379,-1.585,1.463,0.305,0.064,0.049,0.975,255,302
261966639,-1.463,1.402,0.305,-0.055,0.049,1.050,255,302
261967375,-0.976,1.402,0.488,0.009,0.038,1.069,255,302
261968639,-1.159,1.463,0.183,-0.009,0.043,1.005,255,302
261969375,-1.402,1.707,0.732,0.005,0.045,1.029,255,302
261970639,-0.915,1.341,0.244,0.003,-0.002,1.074,255,302
261971377,-0.854,1.585,0.366,-0.042,0.053,1.032,255,302
261972639,-1.037,1.585,0.610,0.033,0.021,1.117,255,302
261973376,-0.793,1.524,0.305,-0.010,0.027,1.013,255,302
261974639,-1.341,1.707,0.793,-0.006,0.042,0.969,255,302
261975379,-1.341,1.707,0.793,-0.006,0.042,0.969,255,302
261976638,-1.402,1.585,0.793,-0.038,0.042,1.108,255,302
261977368,-1.037,1.341,0.305,0.018,0.008,0.971,255,302
261978638,-1.220,1.220,0.427,-0.039,0.049,1.047,255,302
261979375,-1.037,1.463,0.732,0.009,0.015,1.059,255,302
261980638,-0.915,1.585,0.366,-0.059,0.021,0.936,255,302
261981699,-1.037,1.585,0.488,0.033,0.040,1.073,255,302
261982641,-0.854,1.463,0.366,0.019,0.002,1.062,255,312
261983418,-0.854,1.524,0.122,-0.045,0.038,1.012,255,312
261984638,-1.098,1.707,0.732,0.002,0.015,1.093,255,312
261985381,-0.976,1.829,0.366,0.044,0.053,1.006,255,312
261986638,-1.098,1.646,0.366,-0.020,-0.003,1.048,255,312
261987379,-1.159,1.585,0.732,-0.020,0.034,1.055,255,312
261988639,-1.220,1.402,0.366,-0.069,0.052,0.994,255,312
261989383,-1.280,1.829,0.488,0.033,0.010,1.039,255,312
261990638,-1.037,1.707,0.366,0.002,0.042,1.016,255,312
261991376,-1.341,1.707,0.671,-0.027,0.031,1.029,255,312
261992639,-1.098,1.585,0.244,0.019,0.018,1.073,255,312
261993378,-1.037,1.463,0.427,-0.004,0.031,0.998,255,312
261994639,-0.427,1.402,0.244,0.024,-0.022,1.021,255,312
261995370,-0.427,1.402,0.244,0.024,-0.022,1.021,255,312
261996639,-0.732,1.585,0.366,-0.006,0.028,1.009,255,312
261997376,-0.793,1.524,0.671,0.020,0.033,1.038,255,312
261998638,-1.098,1.768,0.061,-0.053,0.039,1.099,255,312
261999371,-1.159,1.280,0.427,0.054,0.035,1.037,255,312
262000638,-1.280,1.402,0.610,-0.027,0.002,1.080,255,312
262001382,-0.976,1.463,0.366,-0.010,0.030,0.989,255,312
262002639,-1.159,1.707,0.427,-0.011,0.013,0.981,255,312
262003372,-1.098,1.463,0.427,-0.005,0.068,1.071,255,312
262004639,-1.159,1.280,0.732,-0.047,0.009,1.067,255,312
262005377,-1.220,1.159,0.488,0.033,0.020,1.038,255,312
262006639,-1.220,1.159,0.549,-0.019,0.031,1.071,255,312
262007380,-0.915,1.524,0.671,0.030,0.009,0.980,255,312
262008639,-1.037,1.402,0.610,0.051,0.031,0.989,255,312
262009369,-1.037,1.402,0.610,0.051,0.031,0.989,255,312
262010638,-0.854,1.585,-0.061,-0.043,0.049,0.959,255,312
262011372,-0.976,1.402,0.244,0.044,-0.015,1.099,255,312
262012638,-0.732,1.402,0.244,-0.011,0.072,0.981,255,312
262013382,-0.793,1.463,0.244,0.035,-0.020,1.050,255,312
262014638,-0.732,1.585,0.244,0.043,0.015,1.024,255,312
262015379,-0.732,1.585,0.244,0.043,0.015,1.024,255,312
262016639,-1.159,1.646,0.427,-0.014,0.022,1.011,255,312
262017382,-1.280,1.524,0.061,0.014,0.020,1.129,255,312
262018638,-0.854,1.402,0.366,-0.015,0.073,0.918,255,312
262019378,-1.159,1.402,0.488,0.020,0.008,1.097,255,312
262020639,-0.671,1.341,0.366,-0.032,0.061,0.970,255,312
262021381,-0.854,1.341,0.183,0.004,0.002,1.081,255,312
262022639,-1.159,1.341,0.610,0.032,0.007,1.022,255,312
262023370,-1.280,1.220,0.488,-0.048,0.030,1.065,255,312
262024639,-0.854,1.402,0.549,0.042,0.027,1.019,255,312
262025383,-1.646,1.524,0.549,-0.035,0.043,1.091,255,312
262026639,-1.220,1.341,0.183,0.025,0.041,0.949,255,312
262027379,-1.585,1.585,0.244,-0.009,0.011,1.079,255,312
262028639,-1.220,1.524,0.366,0.000,0.068,1.049,255,312
262029390,-1.220,1.524,0.366,0.000,0.068,1.049,255,312
262030638,-0.732,1.402,0.366,0.022,0.028,0.944,255,312
262031682,-1.341,1.585,0.610,-0.054,0.021,1.141,255,312
262032641,-1.037,1.402,0.549,0.017,0.037,1.007,255,321
262033421,-1.402,1.159,0.549,-0.008,0.001,1.145,255,321
262034638,-1.220,1.341,0.549,-0.011,0.038,0.972,255,321
262035378,-0.915,1.341,0.427,-0.014,0.055,1.055,255,321
262036639,-1.098,1.341,0.427,0.014,0.005,0.976,255,321
262037370,-1.280,1.524,0.305,-0.053,0.021,0.995,255,321
262038638,-1.098,1.585,0.732,0.064,0.051,1.040,255,321
262039377,-1.402,1.280,0.610,-0.015,-0.013,1.137,255,321
262040639,-1.159,1.402,0.366,-0.012,0.066,0.984,255,321
262041372,-1.341,1.037,0.366,0.039,-0.008,1.098,255,321
262042639,-1.220,1.280,0.305,0.055,-0.001,1.033,255,321
262043376,-1.220,1.280,0.305,0.055,-0.001,1.033,255,321
262044639,-1.280,1.768,0.305,0.022,-0.002,1.069,255,321
262045372,-1.159,1.585,0.488,0.004,0.022,1.085,255,321
262046639,-0.732,1.707,0.366,-0.037,0.053,0.993,255,321
262047373,-1.037,1.402,0.061,0.014,-0.003,1.036,255,321
262048639,-0.854,1.341,0.122,-0.021,-0.011,1.050,255,321
262049370,-0.854,1.341,0.122,-0.021,-0.011,1.050,255,321
262050639,-1.159,1.524,0.305,0.025,0.003,1.061,255,321
262051382,-1.037,1.707,0.549,-0.021,0.045,0.988,255,321
262052639,-1.280,1.768,0.671,-0.000,0.043,1.076,255,321
262053378,-1.037,1.463,0.549,-0.015,-0.020,1.073,255,321
262054639,-1.159,1.768,0.549,-0.016,0.061,1.100,255,321
262055378,-1.159,1.463,0.488,0.041,-0.007,0.961,255,321
262056638,-1.585,1.951,0.183,0.023,0.004,1.083,255,321
262057374,-1.280,1.524,0.366,0.013,0.061,1.026,255,321
262058639,-1.524,1.402,0.305,-0.077,0.020,1.059,255,321
262059379,-1.037,1.463,0.610,0.054,0.025,1.086,255,321
262060639,-0.854,1.646,0.793,-0.065,-0.005,1.087,255,321
262061382,-1.098,1.646,0.610,0.011,0.057,0.965,255,321
262062638,-1.220,1.402,0.610,-0.015,0.001,1.019,255,321
262063369,-1.220,1.402,0.610,-0.015,0.001,1.019,255,321
262064638,-1.098,1.280,0.610,0.021,0.012,1.100,255,321
262065381,-1.037,1.098,0.366,-0.052,0.033,1.060,255,321
262066639,-1.280,1.220,0.549,0.028,0.023,1.040,255,321
262067378,-1.280,1.159,0.366,-0.006,0.037,0.956,255,321
262068639,-1.159,1.341,0.122,0.014,0.012,1.104,255,321
262069372,-1.280,1.463,0.122,-0.007,0.025,1.007,255,321
262070639,-1.220,1.402,0.427,0.015,0.028,1.120,255,321
262071378,-1.098,1.402,0.488,0.003,0.020,1.044,255,321
262072639,-1.037,1.341,0.305,-0.019,0.020,1.054,255,321
262073377,-0.854,1.402,0.305,0.049,0.036,0.932,255,321
262074638,-1.098,1.524,0.366,-0.034,0.042,1.078,255,321
262075370,-1.037,1.707,0.244,0.023,0.022,1.032,255,321
262076639,-0.915,1.585,0.427,-0.028,0.057,1.053,255,321
262077382,-0.915,1.585,0.427,-0.028,0.057,1.053,255,321
262078638,-1.220,1.280,0.427,-0.043,0.055,1.054,255,321
262079378,-1.037,1.524,0.305,0.059,0.022,1.007,255,321
262080639,-1.220,1.646,0.732,-0.021,0.025,1.073,255,321
262081657,-0.915,1.463,0.305,0.012,0.057,0.966,255,321
262082641,-1.037,1.341,0.366,0.018,0.071,1.003,255,331
262083424,-1.037,1.341,0.366,0.018,0.071,1.003,255,331
262084638,-0.976,1.524,0.671,-0.027,0.047,1.052,255,331
262085379,-1.037,1.037,0.366,0.058,0.007,0.990,255,331
262086639,-1.159,1.463,0.427,-0.066,0.036,1.047,255,331
262087385,-1.159,1.524,0.366,0.055,0.033,1.021,255,331
262088639,-1.402,1.402,0.671,-0.078,0.041,1.040,255,331
262089379,-1.220,1.646,0.244,0.042,0.024,1.014,255,331
262090639,-1.463,1.585,0.488,0.004,0.043,0.979,255,331
262091381,-1.280,1.402,0.488,-0.006,0.017,1.079,255,331
262092639,-1.220,1.402,0.671,0.000,0.057,1.029,255,331
262093379,-1.280,1.341,0.244,0.007,-0.002,1.063,255,331
262094638,-0.854,1.524,0.305,-0.035,0.044,0.971,255,331
262095384,-1.280,1.402,0.244,0.041,0.017,1.025,255,331
262096638,-1.098,1.220,0.305,0.011,0.056,1.021,255,331
262097377,-1.098,1.220,0.305,0.011,0.056,1.021,255,331
262098639,-0.915,1.524,0.671,0.044,0.048,1.057,255,331
262099382,-1.098,1.341,0.244,-0.021,0.007,1.065,255,331
262100639,-1.220,1.280,0.305,-0.003,0.062,0.978,255,331
262101378,-1.037,1.402,0.549,0.026,-0.003,1.003,255,331
262102639,-0.793,1.341,0.610,-0.018,0.072,1.042,255,331
262103378,-0.976,1.463,0.427,0.027,-0.015,1.110,255,331
262104639,-0.976,1.524,0.183,0.004,0.010,1.037,255,331
262105375,-1.098,1.463,0.244,-0.003,0.025,1.033,255,331
262106639,-1.098,1.524,0.305,0.001,0.062,0.985,255,331
262107379,-1.159,1.280,0.305,0.027,-0.014,1.077,255,331
262108639,-1.341,1.524,0.549,-0.023,0.085,1.060,255,331
262109372,-1.402,1.280,0.671,-0.005,-0.029,1.066,255,331
262110639,-1.159,1.341,0.366,0.011,0.029,0.956,255,331
262111383,-1.159,1.341,0.366,0.011,0.029,0.956,255,331
262112638,-0.854,1.280,0.427,0.024,0.067,1.070,255,331
262113378,-1.037,1.341,0.549,-0.026,0.012,1.097,255,331
262114639,-1.280,1.646,0.549,0.000,0.026,1.074,255,331
262115384,-0.915,1.280,0.793,0.010,0.011,1.042,255,331
262116638,-0.976,1.402,0.427,0.028,0.056,1.017,255,331
262117377,-0.976,1.402,0.427,0.028,0.056,1.017,255,331
262118639,-1.098,1.037,0.488,0.009,0.010,1.078,255,331
262119372,-0.732,0.915,0.793,0.011,0.047,1.048,255,331
262120638,-0.793,1.159,0.610,-0.032,0.027,0.937,255,331
262121373,-1.098,1.463,0.671,0.021,0.045,1.022,255,331
262122638,-1.402,1.646,0.488,-0.022,0.025,1.064,255,331
262123378,-1.341,1.402,0.366,0.018,0.008,1.092,255,331
262124639,-1.098,1.463,0.244,-0.022,-0.002,0.975,255,331
262125382,-1.098,1.402,0.305,0.031,0.033,1.073,255,331
262126638,-0.976,1.402,0.244,-0.011,0.030,0.979,255,331
262127378,-1.037,1.646,0.427,-0.023,0.021,1.093,255,331
262128639,-1.280,1.402,0.366,0.042,0.035,1.024,255,331
262129381,-1.220,1.585,0.305,-0.020,0.008,1.065,255,331
262130639,-1.159,1.402,0.366,-0.019,0.016,0.997,255,331
262131657,-1.220,1.463,0.549,-0.015,0.049,1.054,255,331
262132641,-1.220,1.341,0.427,0.015,-0.000,1.088,255,341
262133430,-1.524,1.098,0.427,-0.019,0.040,1.062,255,341
262134638,-1.280,1.220,0.610,0.022,0.005,1.004,255,341
262135454,-1.646,1.402,0.488,-0.005,0.045,1.017,255,341
262136639,-1.159,1.585,0.549,-0.042,0.038,1.054,255,341
262137415,-1.159,1.402,0.488,0.056,-0.002,1.070,255,341
262138638,-0.915,1.707,0.793,0.017,0.034,1.035,255,341
262139381,-1.037,1.585,0.610,-0.004,0.061,1.068,255,341
262140638,-0.915,1.646,0.610,-0.033,0.031,1.063,255,341
262141375,-1.098,1.341,0.488,0.016,0.025,1.068,255,341
262142639,-0.915,1.220,0.305,-0.029,0.026,0.974,255,341
262143381,-1.402,1.646,0.366,-0.006,0.019,1.057,255,341
262144638,-0.915,1.524,0.488,-0.048,0.055,1.096,255,341
262145369,-0.915,1.524,0.488,-0.048,0.055,1.096,255,341
262146638,-0.732,1.341,0.488,-0.037,0.075,0.997,255,341
262147376,-0.976,1.280,0.427,0.046,-0.015,1.006,255,341
262148638,-0.610,1.646,0.549,-0.023,0.065,1.022,255,341
262149378,-0.793,1.463,0.427,-0.028,-0.003,1.093,255,341
262150639,-0.915,1.341,0.183,-0.013,0.011,1.025,255,341
262151370,-0.915,1.341,0.183,-0.013,0.011,1.025,255,341
262152639,-0.793,1.524,0.122,0.003,0.012,1.014,255,341
262153373,-0.915,1.280,0.244,-0.012,0.055,1.016,255,341
262154639,-1.159,1.402,0.488,0.027,0.006,1.069,255,341
262155368,-0.793,1.585,0.427,-0.031,0.043,0.996,255,341
262156638,-1.159,1.768,0.610,0.026,0.025,1.112,255,341
262157370,-0.854,1.463,0.488,-0.014,0.017,1.042,255,341
262158638,-1.341,1.524,0.610,0.039,0.024,0.986,255,341
262159374,-1.159,1.524,0.549,-0.056,0.023,0.988,255,341
262160639,-1.159,1.585,0.427,0.051,0.016,1.155,255,341
262161375,-1.037,1.463,0.366,-0.036,0.022,1.082,255,341
262162639,-0.915,1.524,0.061,0.000,0.055,0.998,255,341
262163380,-1.098,1.402,0.366,0.018,-0.001,0.964,255,341
262164639,-1.098,1.280,0.366,0.022,0.011,1.129,255,341
262165369,-1.098,1.280,0.366,0.022,0.011,1.129,255,341
262166638,-0.854,1.524,0.183,0.022,0.056,0.936,255,341
262167374,-0.915,1.646,0.427,0.000,0.010,1.057,255,341
262168639,-1.098,1.402,0.122,-0.020,0.054,1.109,255,341
262169370,-1.341,1.463,0.610,-0.007,0.003,1.083,255,341
262170639,-1.463,1.402,0.366,-0.025,0.022,0.982,255,341
262171380,-1.220,1.524,0.427,-0.014,0.044,0.968,255,341
262172638,-1.037,1.341,0.183,-0.062,0.057,1.082,255,341
262173408,-1.037,1.341,0.244,0.063,0.020,1.027,255,341
262174639,-1.280,1.524,0.488,-0.032,0.047,1.077,255,341
262175422,-1.159,1.707,0.244,0.020,0.019,1.028,255,341
262176638,-1.402,1.524,0.061,0.016,0.011,1.066,255,341
262177379,-1.037,1.280,0.061,-0.008,0.038,0.957,255,341
262178639,-1.037,1.524,0.366,-0.018,0.045,1.052,255,341
262179381,-1.037,1.524,0.366,-0.018,0.045,1.052,255,341
262180638,-1.463,1.402,0.488,0.020,0.011,1.074,255,341
262181700,-1.280,1.585,0.488,-0.035,0.048,0.980,255,341
262182641,-1.646,1.768,0.366,0.018,-0.008,1.076,255,351
262183428,-1.341,1.585,0.488,-0.004,0.046,1.010,255,351
262184638,-1.098,1.402,0.000,0.006,0.058,0.996,255,351
262185383,-0.854,1.280,0.244,0.006,0.058,0.996,255,351
262186638,-0.854,1.402,0.000,0.011,0.046,1.073,255,351
262187371,-1.098,1.220,0.244,-0.013,0.025,1.028,255,351
262188638,-0.915,1.402,0.366,-0.007,0.044,0.999,255,351
262189376,-0.854,1.402,0.427,0.027,0.001,1.022,255,351
262190639,-1.220,1.463,0.488,-0.021,0.081,1.110,255,351
262191424,-1.037,1.463,0.305,0.004,0.001,1.017,255,351
262192639,-1.159,1.341,0.427,0.011,0.037,0.989,255,351
262193427,-1.646,1.341,0.610,0.001,0.037,1.111,255,351
262194639,-1.707,1.463,0.183,-0.010,0.009,0.986,255,351
262195397,-1.585,1.707,0.427,-0.013,0.041,1.050,255,351
262196639,-1.463,1.341,0.183,-0.001,-0.006,1.033,255,351
262197430,-1.159,1.707,0.427,-0.029,0.069,1.035,255,351
262198639,-1.220,1.280,0.549,-0.014,0.042,1.008,255,351
262199408,-1.220,1.280,0.549,-0.014,0.042,1.008,255,351
262200638,-1.098,1.341,0.244,-0.025,0.054,1.068,255,351
262201381,-1.159,1.402,0.305,0.022,0.025,1.064,255,351
262202639,-1.280,1.341,0.305,-0.014,0.023,1.011,255,351
262203375,-1.341,1.402,0.366,0.011,0.033,1.029,255,351
262204639,-1.402,1.280,0.061,0.001,-0.001,1.048,255,351
262205398,-1.098,1.341,0.122,-0.010,0.041,0.972,255,351
262206639,-0.976,1.463,0.061,0.006,0.039,1.115,255,351
262207401,-0.732,1.463,0.427,-0.018,0.012,1.091,255,351
262208638,-1.037,1.402,0.427,0.012,0.033,1.032,255,351
262209374,-1.037,1.402,0.671,-0.021,0.021,0.937,255,351
262210638,-1.524,1.585,0.610,0.035,0.035,1.036,255,351
262211380,-1.341,1.524,0.610,-0.034,0.018,1.050,255,351
262212638,-1.098,1.159,0.549,0.010,0.030,0.965,255,351
262213372,-1.098,1.159,0.549,0.010,0.030,0.965,255,351
262214638,-1.159,1.402,0.793,0.026,0.037,1.088,255,351
262215380,-1.037,1.402,0.549,-0.027,0.019,1.022,255,351
262216639,-1.098,1.341,0.305,0.021,0.054,0.999,255,351
262217371,-1.341,1.220,0.427,-0.031,0.023,0.986,255,351
262218638,-1.707,1.463,0.366,-0.011,0.034,0.985,255,351
262219380,-1.585,1.280,0.671,-0.011,0.034,0.985,255,351
262220639,-0.976,1.524,0.610,0.018,0.037,1.165,255,351
262221375,-1.341,1.463,0.488,-0.033,0.007,1.028,255,351
262222639,-1.280,1.463,0.732,-0.010,0.034,1.008,255,351
262223381,-1.037,1.341,0.549,0.016,0.019,0.996,255,351
262224638,-1.159,1.463,0.488,-0.017,-0.005,1.104,255,351
262225377,-0.793,1.220,0.549,0.008,0.077,1.008,255,351
262226639,-1.037,1.463,0.305,0.018,0.093,1.051,255,351
262227372,-1.037,1.463,0.305,0.018,0.093,1.051,255,351
262228638,-0.976,1.585,0.427,-0.002,0.072,1.003,255,351
262229368,-1.037,1.402,0.305,-0.002,0.007,1.034,255,351
262230638,-0.976,1.341,0.244,0.000,0.024,1.098,255,351
262231694,-0.732,1.220,0.488,-0.008,0.043,1.021,255,351
262232641,-1.037,1.341,0.427,-0.026,0.053,1.044,255,360
262233431,-1.037,1.341,0.427,-0.026,0.053,1.044,255,360
262234638,-1.098,1.768,0.488,-0.020,0.038,0.974,255,360
262235378,-0.915,1.646,0.427,0.022,0.042,1.073,255,360
262236639,-1.159,1.463,0.610,-0.027,-0.001,1.037,255,360
262237375,-1.098,1.585,0.366,0.011,0.050,1.080,255,360
262238639,-1.098,1.341,0.427,-0.022,0.012,1.003,255,360
262239376,-0.854,1.707,0.549,-0.014,0.053,1.050,255,360
262240638,-0.915,1.768,0.488,-0.045,0.038,1.043,255,360
262241370,-0.793,1.341,0.488,0.049,0.038,0.984,255,360
262242638,-0.915,1.524,0.427,-0.054,0.008,1.017,255,360
262243370,-0.915,1.524,0.671,0.006,0.074,1.061,255,360
262244638,-0.976,1.280,0.915,0.018,-0.009,1.085,255,360
262245369,-1.098,1.524,0.732,-0.039,0.064,1.021,255,360
262246638,-1.037,1.768,0.610,-0.007,0.026,0.963,255,360
262247370,-1.037,1.768,0.610,-0.007,0.026,0.963,255,360
262248638,-1.159,1.585,0.488,0.004,0.020,1.020,255,360
262249373,-0.976,1.646,0.305,0.008,0.030,1.019,255,360
262250639,-0.671,1.585,0.122,-0.016,0.014,1.065,255,360
262251370,-0.976,1.524,0.488,0.029,0.041,1.042,255,360
262252638,-1.220,1.402,0.305,0.019,0.014,1.028,255,360
262253373,-1.098,1.402,0.305,0.019,0.014,1.028,255,360
262254639,-0.915,1.707,0.183,-0.002,0.000,1.009,255,360
262255372,-1.037,1.341,0.000,0.003,0.030,1.062,255,360
262256639,-1.037,1.463,0.305,0.011,0.024,1.025,255,360
262257383,-1.524,1.707,0.366,-0.001,0.039,1.099,255,360
262258638,-1.220,1.524,0.427,-0.005,0.046,1.012,255,360
262259424,-1.098,1.463,0.366,0.016,0.019,0.978,255,360
262260639,-1.220,1.463,0.244,0.017,0.006,1.084,255,360
262261412,-1.280,1.585,0.427,-0.008,0.059,1.036,255,360
262262638,-0.915,1.037,0.305,0.016,0.013,0.950,255,360
262263376,-1.098,1.463,0.488,-0.026,0.040,1.169,255,360
262264639,-1.159,1.585,0.671,-0.015,0.016,1.015,255,360
262265383,-1.585,1.402,0.549,-0.008,0.045,0.968,255,360
262266638,-1.098,1.463,0.671,-0.042,0.037,1.163,255,360
262267368,-1.098,1.463,0.671,-0.042,0.037,1.163,255,360
262268638,-0.915,1.402,0.793,-0.015,0.044,1.018,255,360
262269375,-1.037,1.646,0.671,0.012,0.037,1.102,255,360
262270639,-1.220,1.524,0.549,-0.006,0.009,0.961,255,360
262271369,-1.220,1.463,0.305,-0.021,0.034,1.046,255,360
262272638,-1.159,1.524,0.305,0.031,-0.012,1.120,255,360
262273383,-1.280,1.585,0.488,-0.059,0.080,1.024,255,360
262274638,-0.976,1.646,0.183,-0.039,0.061,1.079,255,360
262275377,-0.915,1.280,0.366,0.065,-0.019,1.056,255,360
262276638,-1.341,1.280,0.244,-0.044,0.060,0.995,255,360
262277369,-1.037,1.707,0.305,0.017,0.000,1.056,255,360
262278638,-1.341,1.402,0.427,-0.007,0.044,1.061,255,360
262279381,-1.159,1.402,0.183,-0.020,0.026,0.927,255,360
262280638,-1.280,1.524,0.122,-0.040,0.013,1.062,255,360
262281702,-1.159,1.463,0.183,0.040,0.036,1.016,255,360
262282641,-0.976,1.402,0.305,-0.034,0.026,1.031,255,370
262283431,-0.732,1.585,0.427,0.021,0.036,1.053,255,370
262284638,-1.220,1.159,0.366,0.008,-0.010,1.009,255,370
262285375,-1.159,1.646,0.305,-0.017,0.078,0.991,255,370
262286639,-1.159,1.768,0.610,0.028,-0.020,1.112,255,370
262287382,-0.976,1.463,0.549,-0.017,0.069,1.031,255,370
262288638,-1.220,1.220,0.488,-0.007,0.035,1.061,255,370
262289378,-1.098,1.220,0.427,-0.014,0.037,1.037,255,370
262290639,-1.037,1.341,0.671,0.020,-0.000,1.004,255,370
262291385,-1.037,1.646,0.427,-0.017,0.081,1.044,255,370
262292638,-0.976,1.585,0.427,-0.004,-0.022,1.074,255,370
262293378,-1.037,1.341,0.427,-0.013,0.080,1.026,255,370
262294639,-0.732,1.890,0.732,-0.020,0.021,1.031,255,370
262295378,-0.732,1.890,0.732,-0.015,0.047,1.068,255,370
262296639,-1.280,1.829,0.305,0.007,0.007,1.010,255,370
262297378,-0.976,1.524,0.610,-0.049,0.079,1.051,255,370
262298639,-0.854,1.159,0.305,0.010,-0.006,1.007,255,370
262299375,-0.976,1.402,0.366,-0.000,0.070,1.110,255,370
262300639,-1.037,1.463,0.183,-0.003,0.041,1.027,255,370
262301381,-1.037,1.463,0.183,-0.003,0.041,1.027,255,370
262302639,-1.341,1.159,0.366,0.017,0.036,1.028,255,370
262303378,-0.976,1.646,0.244,-0.021,0.025,1.019,255,370
262304639,-0.793,1.707,-0.183,0.014,0.030,1.016,255,370
262305381,-1.280,1.402,0.183,-0.001,0.015,1.109,255,370
262306638,-1.280,1.280,0.244,0.013,0.028,0.950,255,370
262307377,-1.280,1.463,0.244,-0.023,0.010,1.098,255,370
262308639,-0.854,1.524,0.366,-0.017,0.030,0.992,255,370
262309381,-0.732,1.524,0.671,0.002,0.042,1.116,255,370
262310638,-0.671,1.524,0.427,-0.026,0.022,1.044,255,370
262311370,-0.732,1.341,0.549,0.030,0.023,0.989,255,370
262312638,-1.037,1.341,0.183,-0.042,0.048,1.095,255,370
262313381,-1.037,1.646,0.427,0.014,0.012,1.001,255,370
262314638,-1.220,1.524,0.610,0.040,0.009,1.112,255,370
262315378,-1.220,1.524,0.610,0.040,0.009,1.112,255,370
262316639,-1.220,1.585,0.610,0.004,-0.008,1.007,255,370
262317380,-1.159,1.524,0.671,-0.003,0.078,1.144,255,370
262318639,-1.037,1.402,0.427,0.004,0.004,0.945,255,370
262319375,-1.159,1.524,0.610,-0.014,0.043,1.041,255,370
262320639,-1.098,1.524,0.427,-0.003,0.009,1.072,255,370
262321373,-1.098,1.280,0.488,0.001,0.024,0.961,255,370
262322639,-1.098,1.585,0.488,-0.001,0.028,1.060,255,370
262323415,-0.915,1.524,0.122,0.001,0.032,1.050,255,370
262324639,-0.915,1.280,0.366,0.010,0.002,1.034,255,370
262325423,-1.220,1.220,0.366,0.009,0.030,1.050,255,370
262326639,-1.037,1.341,0.366,0.009,0.021,0.989,255,370
262327378,-1.159,1.159,0.183,-0.003,0.027,1.066,255,370
262328639,-0.732,1.280,0.183,-0.013,0.017,1.035,255,370
262329378,-0.732,1.280,0.183,-0.013,0.017,1.035,255,370
262330639,-0.976,1.220,0.488,0.003,0.009,1.094,255,370
262331691,-1.037,1.524,0.610,-0.017,0.049,0.978,255,370
262332641,-1.037,1.341,0.488,0.006,0.021,1.113,255,380
262333419,-1.037,1.341,0.549,-0.029,0.031,1.019,255,380
262334638,-0.854,1.341,0.244,-0.028,0.029,1.110,255,380
262335384,-0.854,1.341,0.244,-0.028,0.029,1.110,255,380
262336638,-1.220,1.585,0.427,-0.038,0.023,1.054,255,380
262337369,-0.915,1.585,0.305,0.021,0.030,1.042,255,380
262338638,-1.098,1.524,0.671,-0.010,0.039,1.113,255,380
262339371,-0.854,1.280,0.793,0.012,0.035,0.959,255,380
262340638,-1.037,1.402,0.671,-0.027,0.040,1.114,255,380
262341370,-0.915,1.463,0.549,0.016,0.035,0.953,255,380
262342638,-1.220,1.524,0.549,-0.009,0.004,1.042,255,380
262343373,-0.854,1.524,0.488,-0.015,0.069,1.027,255,380
262344639,-1.159,1.463,0.244,0.018,-0.022,1.071,255,380
262345375,-1.280,1.524,0.610,-0.023,0.093,1.016,255,380
262346638,-1.098,1.707,0.366,0.000,-0.027,1.025,255,380
262347376,-0.854,1.707,0.488,0.003,0.078,1.062,255,380
262348639,-0.915,1.341,0.366,-0.003,0.086,1.041,255,380
262349367,-0.915,1.341,0.366,-0.003,0.086,1.041,255,380
262350638,-1.098,1.341,0.183,0.005,0.075,1.068,255,380
262351373,-0.976,1.524,0.061,-0.005,0.000,0.974,255,380
262352638,-1.037,1.159,0.427,0.015,0.034,1.040,255,380
262353370,-0.610,1.402,0.427,-0.018,0.027,1.046,255,380
262354638,-0.915,1.280,0.366,0.032,0.024,1.058,255,380
262355371,-0.976,1.402,0.610,-0.044,0.041,1.019,255,380
262356638,-1.098,1.585,0.671,-0.034,0.062,1.044,255,380
262357430,-0.854,1.220,0.549,0.017,0.003,0.987,255,380
262358639,-1.159,1.646,0.671,-0.018,0.066,1.151,255,380
262359414,-0.671,1.585,0.427,0.005,-0.012,0.911,255,380
262360638,-1.098,1.890,0.671,-0.022,0.064,1.147,255,380
262361375,-0.854,1.768,0.732,-0.005,0.024,0.974,255,380
262362638,-0.915,1.280,0.671,-0.001,0.034,1.096,255,380
262363391,-1.220,1.402,0.854,-0.002,0.032,0.965,255,380
262364639,-1.220,1.524,0.549,0.005,0.029,1.083,255,380
262365407,-0.610,1.524,0.732,-0.005,0.062,0.978,255,380
262366638,-1.341,1.402,0.244,-0.003,-0.025,1.051,255,380
262367418,-0.610,1.402,0.244,-0.020,0.077,1.031,255,380
262368639,-1.402,1.402,0.427,-0.051,0.072,1.078,255,380
262369409,-1.402,1.402,0.427,-0.051,0.072,1.078,255,380
262370638,-1.646,1.463,0.488,-0.000,0.032,1.044,255,380
262371378,-1.220,1.768,0.305,-0.013,0.033,0.981,255,380
262372639,-1.037,1.585,-0.244,0.012,0.002,1.077,255,380
262373378,-0.732,1.524,0.000,-0.028,0.052,1.006,255,380
262374639,-1.220,1.402,0.488,0.045,0.007,1.091,255,380
262375381,-1.341,1.524,0.549,-0.050,0.040,0.981,255,380
262376638,-1.220,1.707,0.427,-0.027,0.027,1.007,255,380
262377381,-1.159,1.341,0.488,0.012,0.042,1.024,255,380
262378638,-1.220,1.585,0.366,-0.002,0.000,1.082,255,380
262379363,-0.854,1.585,0.549,-0.016,0.070,0.993,255,380
262380638,-0.976,1.524,0.427,0.030,-0.007,1.077,255,380
262381706,-1.159,1.646,0.671,0.008,-0.008,1.026,255,380
262382641,-0.976,1.402,0.549,-0.034,0.046,1.070,255,390
262383422,-0.976,1.402,0.549,-0.034,0.046,1.070,255,390
262384638,-0.976,1.280,0.488,-0.002,0.032,1.001,255,390
262385379,-1.098,1.524,0.488,-0.027,0.050,1.072,255,390
262386639,-1.280,1.402,0.610,0.042,-0.012,1.051,255,390
262387380,-1.159,1.159,0.732,-0.079,0.077,0.996,255,390
262388639,-1.037,1.463,0.671,0.068,-0.015,1.104,255,390
262389372,-1.280,1.098,0.244,-0.047,0.083,1.061,255,390
262390638,-1.463,1.280,-0.061,0.004,0.092,1.012,255,390
262391373,-1.280,1.585,0.244,0.000,-0.011,1.021,255,390
262392638,-1.463,1.159,0.427,0.017,0.050,1.078,255,390
262393379,-1.159,1.159,0.488,-0.047,0.020,0.991,255,390
262394639,-1.402,1.220,0.549,0.035,0.039,1.028,255,390
262395376,-1.280,1.402,0.610,-0.034,0.020,1.062,255,390
262396638,-1.220,1.341,0.183,-0.001,0.022,1.026,255,390
262397425,-0.976,1.524,0.305,0.002,0.051,1.043,255,390
262398639,-1.159,1.646,0.244,0.001,0.008,1.057,255,390
262399433,-0.976,1.463,0.061,-0.033,0.028,1.010,255,390
262400639,-0.976,1.463,0.549,0.037,0.018,1.083,255,390
262401401,-0.793,1.402,0.427,-0.016,0.022,0.946,255,390
262402638,-1.098,1.402,0.610,-0.041,0.018,1.006,255,390
262403380,-1.098,1.402,0.610,-0.041,0.018,1.006,255,390
262404639,-0.976,1.707,0.671,-0.052,0.034,1.090,255,390
262405375,-0.976,1.585,0.854,0.047,0.015,0.987,255,390
262406639,-1.159,1.463,0.610,-0.090,0.030,1.092,255,390
262407380,-1.098,1.707,0.732,0.068,0.040,0.959,255,390
262408639,-1.341,1.341,0.793,-0.049,0.041,1.148,255,390
262409376,-0.732,1.524,0.427,0.027,0.019,1.010,255,390
262410639,-0.915,1.341,0.549,-0.007,0.029,1.065,255,390
262411378,-0.915,1.098,0.671,0.013,0.063,0.998,255,390
262412639,-1.098,1.220,0.427,-0.020,-0.032,1.069,255,390
262413378,-0.915,1.646,0.610,-0.000,0.080,1.034,255,390
262414639,-1.159,1.280,0.427,0.043,-0.038,1.106,255,390
262415381,-0.915,1.341,0.305,-0.023,0.090,0.980,255,390
262416638,-1.098,1.402,0.061,0.013,0.069,1.001,255,390
262417371,-1.098,1.402,0.061,0.013,0.069,1.001,255,390
262418638,-0.976,1.341,0.244,0.000,0.051,1.006,255,390
262419383,-0.854,1.890,0.122,0.003,0.023,1.018,255,390
262420638,-0.976,1.524,0.305,-0.016,0.042,1.085,255,390
262421372,-1.037,1.341,0.305,0.013,0.038,0.978,255,390
262422638,-0.976,1.524,0.488,-0.024,0.015,1.066,255,390
262423379,-0.976,1.646,0.305,0.008,0.024,1.024,255,390
262424639,-0.976,1.524,0.305,-0.004,0.026,1.014,255,390
262425372,-1.159,1.585,0.549,0.022,0.018,1.060,255,390
262426639,-0.976,1.220,0.793,-0.012,0.047,0.989,255,390
262427378,-1.037,1.768,0.671,-0.008,0.018,1.096,255,390
262428639,-1.220,1.463,0.549,-0.003,0.032,0.991,255,390
262429375,-1.037,1.341,0.305,-0.042,0.055,1.097,255,390
262430639,-0.610,1.524,0.488,-0.034,0.040,1.029,255,390
262431702,-0.854,1.707,0.305,0.031,0.012,1.093,255,390
262432641,-0.610,1.463,0.244,-0.044,0.059,0.925,255,399
262433420,-1.098,1.768,0.427,0.044,-0.007,1.189,255,399
262434638,-1.098,1.402,0.488,-0.019,0.068,0.942,255,399
262435378,-1.341,1.524,0.366,0.010,-0.014,1.080,255,399
262436639,-0.976,1.585,0.549,0.028,-0.008,1.061,255,399
262437382,-0.976,1.585,0.549,0.028,-0.008,1.061,255,399
262438638,-0.976,1.402,0.122,0.017,0.015,1.032,255,399
262439377,-1.280,1.524,0.000,-0.027,0.044,1.013,255,399
262440638,-1.037,1.463,0.061,0.010,0.041,1.024,255,399
262441387,-1.159,1.341,0.305,-0.004,0.019,1.069,255,399
262442638,-0.732,1.524,0.305,-0.009,0.052,0.969,255,399
262443377,-0.793,1.402,0.061,-0.001,0.016,1.073,255,399
262444639,-1.037,1.402,0.244,0.022,0.020,1.042,255,399
262445429,-0.976,1.646,0.061,-0.037,0.019,1.031,255,399
262446639,-0.793,1.402,0.305,0.047,0.030,1.018,255,399
262447409,-0.854,1.829,0.366,-0.053,0.024,1.089,255,399
262448638,-0.915,1.585,0.671,0.036,0.034,0.986,255,399
262449378,-1.098,1.402,0.610,-0.019,0.015,1.053,255,399
262450638,-1.098,1.463,0.305,-0.059,0.015,1.088,255,399
262451378,-1.098,1.463,0.305,-0.059,0.015,1.088,255,399
262452639,-0.671,1.524,0.976,0.010,0.016,1.039,255,399
262453378,-0.671,1.402,1.037,-0.027,0.031,1.031,255,399
262454639,-1.159,1.646,0.610,0.025,0.021,1.081,255,399
262455382,-1.524,1.402,0.671,-0.027,0.017,1.064,255,399
262456639,-1.524,1.585,0.610,0.016,0.046,1.013,255,399
262457377,-1.402,1.220,0.549,-0.005,0.037,1.068,255,399
262458638,-0.915,1.463,0.244,-0.044,0.063,1.079,255,399
262459382,-1.098,1.524,0.610,0.058,0.001,1.003,255,399
262460639,-1.159,1.463,0.183,-0.058,0.045,1.081,255,399
262461378,-1.280,1.402,0.000,0.013,0.000,0.996,255,399
262462639,-1.159,1.341,0.122,-0.017,0.070,1.000,255,399
262463368,-1.098,1.402,0.427,0.020,0.022,1.058,255,399
262464638,-0.793,1.402,0.244,0.005,0.043,0.990,255,399
262465372,-0.793,1.402,0.244,0.005,0.043,0.990,255,399
262466639,-1.341,1.280,0.000,0.014,0.034,1.026,255,399
262467381,-1.159,1.402,0.061,0.008,-0.006,0.965,255,399
262468638,-1.098,1.463,0.305,-0.046,0.052,1.114,255,399
262469365,-1.159,1.280,0.488,0.057,-0.005,0.937,255,399
262470638,-0.854,1.585,0.610,-0.002,0.002,0.965,255,399
262471380,-0.854,1.585,0.610,-0.002,0.002,0.965,255,399
262472639,-0.976,1.707,0.732,-0.009,0.049,1.023,255,399
262473368,-1.037,1.463,0.610,-0.025,0.018,1.087,255,399
262474638,-1.098,1.646,0.488,0.021,0.051,1.075,255,399
262475380,-0.976,1.341,0.488,-0.020,0.028,1.079,255,399
262476639,-0.854,1.280,0.366,-0.002,0.039,1.023,255,399
262477369,-0.671,0.976,0.305,0.007,0.038,0.979,255,399
262478638,-1.220,1.037,0.244,0.052,0.049,0.979,255,399
262479369,-1.463,1.402,0.427,-0.030,0.001,1.092,255,399
262480638,-1.280,1.524,0.183,0.003,0.031,0.965,255,399
262481751,-0.793,1.707,0.183,-0.008,0.023,1.081,255,399
262482416,-1.037,1.524,0.366,0.030,0.039,1.021,255,409
262483638,-0.915,1.707,0.244,-0.034,0.031,1.083,255,409
262484373,-0.854,1.463,0.244,-0.005,0.033,0.965,255,409
262485639,-1.220,1.463,0.488,-0.003,0.035,0.973,255,409
262486368,-1.098,1.585,0.305,-0.004,0.035,1.059,255,409
262487639,-1.098,1.463,0.244,-0.019,0.021,1.003,255,409
262488366,-0.976,1.585,0.549,0.036,0.027,1.047,255,409
262489639,-0.610,1.585,0.366,-0.030,0.004,1.040,255,409
262490366,-0.732,1.402,0.183,0.016,0.035,0.996,255,409
262491639,-0.976,1.341,0.549,-0.003,0.048,0.961,255,409
262492367,-0.976,1.341,0.549,-0.003,0.048,0.961,255,409
262493639,-0.976,1.463,0.488,-0.022,0.028,0.951,255,409
262494364,-0.915,1.524,0.366,0.029,0.031,1.104,255,409
262495638,-0.976,1.524,0.610,-0.028,0.014,1.021,255,409
262496367,-1.098,1.524,0.488,-0.014,0.060,1.087,255,409
262497638,-1.280,1.402,0.732,-0.008,0.041,1.054,255,409
262498372,-1.280,1.402,0.732,-0.008,0.041,1.054,255,409
262499639,-1.402,1.341,0.854,-0.039,0.018,1.119,255,409
262500365,-0.976,1.402,0.549,0.061,0.035,1.016,255,409
262501639,-1.098,1.220,0.549,-0.042,0.015,1.122,255,409
262502372,-0.915,1.098,0.488,0.015,0.010,0.986,255,409
262503638,-0.915,1.585,0.061,-0.009,0.021,1.073,255,409
262504361,-1.220,1.402,0.366,0.014,0.035,0.951,255,409
262505638,-0.854,1.280,0.549,-0.043,0.045,1.058,255,409
262506371,-0.854,1.280,0.549,0.046,0.025,1.039,255,409
262507639,-0.854,1.159,0.305,-0.051,0.063,0.987,255,409
262508362,-0.793,1.585,0.244,0.024,0.007,1.077,255,409
262509638,-0.915,1.890,0.122,-0.030,0.044,1.004,255,409
262510366,-1.098,1.220,0.122,0.017,0.017,1.063,255,409
262511638,-0.915,0.915,0.366,0.000,-0.006,1.038,255,409
262512367,-0.915,0.915,0.366,0.000,-0.006,1.038,255,409
262513638,-0.976,1.524,0.366,-0.008,0.025,1.096,255,409
262514363,-0.732,1.707,0.488,-0.006,0.060,0.941,255,409
262515638,-0.732,1.890,0.854,0.019,-0.025,1.112,255,409
262516364,-0.976,1.463,0.610,-0.031,0.057,0.986,255,409
262517638,-0.976,1.585,0.671,0.024,0.022,1.138,255,409
262518371,-1.220,1.402,0.610,-0.050,0.044,0.978,255,409
262519638,-1.585,1.280,0.793,0.003,0.024,1.066,255,409
262520363,-1.585,1.280,0.671,-0.015,0.026,1.030,255,409
262521638,-1.280,1.585,0.610,0.007,0.032,1.063,255,409
262522373,-1.341,1.280,0.488,0.015,0.039,1.011,255,409
262523639,-1.159,1.463,0.366,0.026,0.002,1.070,255,409
262524364,-1.280,0.976,0.122,-0.052,0.068,1.069,255,409
262525639,-1.341,1.585,0.244,-0.074,0.084,1.123,255,409
262526374,-1.341,1.585,0.244,-0.074,0.084,1.123,255,409
262527639,-1.098,1.524,0.061,-0.082,0.089,1.052,255,409
262528365,-0.732,1.280,0.122,0.043,-0.018,1.001,255,409
262529638,-1.037,1.646,0.000,-0.021,0.069,1.063,255,409
262530402,-0.915,1.524,0.061,-0.014,0.006,0.968,255,409
262531638,-1.037,1.585,0.183,-0.020,0.044,0.944,255,409
262532719,-1.098,1.524,0.488,0.032,-0.021,1.041,255,409
262533641,-0.854,1.463,0.549,-0.034,0.064,0.951,255,419
262534390,-0.671,1.402,0.610,0.044,-0.012,1.147,255,419
262535638,-0.671,1.524,0.671,-0.036,0.071,0.949,255,419
262536370,-0.488,1.768,0.854,0.025,-0.010,1.100,255,419
262537638,-0.366,1.646,0.732,-0.009,0.042,0.964,255,419
262538358,-0.915,1.707,0.427,-0.026,0.027,1.092,255,419
262539638,-1.098,1.707,0.366,-0.073,0.059,1.043,255,419
262540360,-1.098,1.707,0.366,-0.073,0.059,1.043,255,419
262541638,-0.793,1.280,0.488,-0.039,0.057,1.097,255,419
262542361,-1.220,1.159,0.305,0.027,0.007,1.006,255,419
262543638,-1.159,1.463,0.427,-0.001,0.049,1.116,255,419
262544431,-1.463,1.098,0.549,0.016,0.037,0.939,255,419
262545639,-0.793,1.280,0.183,-0.062,0.062,1.035,255,419
262546384,-0.793,1.280,0.183,-0.062,0.062,1.035,255,419
262547639,-1.037,1.524,0.549,-0.037,0.065,1.045,255,419
262548369,-1.220,1.159,0.244,0.001,0.007,0.992,255,419
262549638,-0.854,1.585,0.000,-0.008,0.049,1.000,255,419
262550420,-0.854,1.402,0.183,-0.017,0.051,1.035,255,419
262551640,-1.280,1.402,0.305,0.029,0.005,1.111,255,419
262552395,-1.159,1.829,-0.183,-0.036,0.019,0.908,255,419
262553639,-1.220,1.280,0.061,-0.002,0.037,0.954,255,419
262554377,-1.098,1.159,0.549,0.017,0.012,1.087,255,419
262555639,-1.098,1.341,0.366,-0.025,0.005,0.958,255,419
262556382,-1.220,1.220,0.549,0.058,0.038,1.077,255,419
262557639,-0.854,1.585,0.549,-0.053,0.056,0.943,255,419
262558376,-1.037,1.768,0.732,0.052,-0.001,1.111,255,419
262559639,-1.098,1.707,0.793,0.073,0.014,1.112,255,419
262560380,-1.098,1.707,0.793,0.073,0.014,1.112,255,419
262561640,-0.732,1.341,0.427,0.061,0.049,1.067,255,419
262562376,-1.220,1.280,0.427,-0.039,0.003,1.104,255,419
262563639,-1.159,1.280,0.488,0.005,0.038,0.982,255,419
262564380,-1.341,1.707,0.549,0.015,0.027,1.119,255,419
262565639,-1.402,1.159,0.427,0.034,-0.005,1.110,255,419
262566376,-1.402,1.585,0.061,0.034,-0.005,1.110,255,419
262567640,-1.098,1.707,0.244,0.062,-0.013,1.106,255,419
262568430,-1.098,1.341,0.183,-0.065,0.054,1.001,255,419
262569640,-0.915,1.037,0.122,0.027,0.013,1.017,255,419
262570400,-1.220,1.402,0.061,-0.031,0.043,0.995,255,419
262571639,-1.341,1.707,0.366,-0.008,0.070,1.043,255,419
262572380,-1.341,1.951,0.183,0.019,0.001,1.043,255,419
262573640,-1.585,1.707,0.061,0.068,-0.042,1.057,255,419
262574418,-1.341,1.402,0.366,-0.065,0.065,1.015,255,419
262575640,-1.341,1.341,0.427,0.047,-0.005,1.049,255,419
262576389,-1.402,1.402,0.549,-0.021,0.042,0.991,255,419
262577639,-1.220,1.341,0.671,0.038,0.006,1.012,255,419
262578379,-0.915,1.524,0.427,-0.020,0.046,0.998,255,419
262579639,-0.732,1.524,0.488,-0.006,0.033,0.961,255,419
262580371,-0.732,1.524,0.488,-0.006,0.033,0.961,255,419
262581639,-0.610,1.463,0.427,-0.025,0.031,1.006,255,419
262582722,-0.854,1.524,0.549,0.002,0.023,1.064,255,419
262583641,-0.793,1.341,0.610,-0.027,0.049,1.064,255,429
262584400,-1.463,0.915,0.732,0.021,0.025,1.025,255,429
262585638,-1.524,1.159,0.671,-0.002,0.038,1.096,255,429
262586379,-1.585,0.915,0.610,-0.008,0.026,0.987,255,429
262587639,-1.524,1.463,0.183,-0.076,0.057,1.043,255,429
262588379,-1.402,1.341,0.122,0.091,-0.022,1.119,255,429
262589639,-1.341,1.707,0.061,-0.098,0.067,0.987,255,429
262590377,-1.463,1.220,0.366,0.044,0.000,1.027,255,429
262591639,-1.402,1.646,0.244,-0.022,0.057,1.006,255,429
262592381,-1.463,1.463,0.488,-0.023,0.050,1.061,255,429
262593639,-1.159,1.585,0.366,-0.032,0.071,0.970,255,429
262594379,-1.159,1.585,0.366,-0.032,0.071,0.970,255,429
262595639,-1.037,1.585,0.549,-0.009,0.066,0.977,255,429
262596377,-1.341,1.341,0.488,-0.008,-0.020,1.070,255,429
262597639,-1.098,1.402,0.244,0.001,0.025,0.922,255,429
262598377,-1.220,1.463,0.549,0.018,0.016,1.072,255,429
262599639,-0.976,1.402,0.366,0.042,0.010,1.115,255,429
262600380,-0.793,1.829,0.549,0.042,0.010,1.115,255,429
262601639,-0.610,1.768,0.549,0.049,0.000,1.046,255,429
262602376,-1.220,1.890,0.671,-0.070,0.061,1.082,255,429
262603639,-1.098,1.829,0.732,0.028,0.017,0.987,255,429
262604380,-1.220,1.585,0.671,-0.012,0.043,1.166,255,429
262605639,-1.037,1.220,0.305,-0.021,0.013,0.968,255,429
262606378,-1.280,1.402,0.305,0.023,0.043,1.133,255,429
262607639,-1.524,1.220,0.366,0.017,0.019,0.922,255,429
262608380,-1.524,1.220,0.366,-0.021,0.035,1.125,255,429
262609639,-1.098,1.707,0.122,0.006,0.027,0.978,255,429
262610375,-1.341,2.012,0.000,-0.001,0.017,1.112,255,429
262611639,-1.220,1.341,0.305,-0.047,0.079,1.033,255,429
262612458,-1.159,1.402,0.305,0.049,-0.017,1.037,255,429
262613639,-1.280,1.402,0.061,0.049,-0.036,1.011,255,429
262614391,-1.280,1.402,0.061,0.049,-0.036,1.011,255,429
262615638,-1.159,1.646,0.244,0.032,-0.011,0.987,255,429
262616381,-0.915,1.646,0.244,-0.025,0.012,1.000,255,429
262617639,-1.098,1.402,0.488,0.016,0.029,1.000,255,429
262618374,-1.037,1.585,0.549,0.006,-0.012,1.029,255,429
262619639,-0.732,1.341,0.427,0.027,0.057,1.003,255,429
262620378,-1.037,1.463,0.549,-0.000,-0.006,1.094,255,429
262621638,-1.220,1.524,0.305,0.021,0.009,1.090,255,429
262622378,-1.098,1.037,0.366,-0.027,0.041,1.002,255,429
262623639,-0.915,1.098,0.488,-0.009,0.069,1.066,255,429
262624377,-0.793,0.976,0.671,-0.011,0.001,1.071,255,429
262625639,-0.854,1.280,0.427,0.009,0.040,1.048,255,429
262626371,-1.098,1.280,0.671,-0.018,0.027,1.047,255,429
262627638,-1.524,1.159,0.488,0.020,0.012,1.110,255,429
262628380,-1.524,1.159,0.488,0.020,0.012,1.110,255,429
262629639,-0.976,1.463,0.427,0.048,-0.009,1.038,255,429
262630396,-1.159,1.829,0.305,-0.067,0.059,1.022,255,429
262631638,-1.220,1.280,0.000,0.036,0.003,1.034,255,429
262632724,-1.159,1.402,-0.183,-0.040,0.056,1.039,255,429
262633641,-1.341,1.341,0.549,-0.003,0.007,1.127,255,438
262634413,-1.463,1.585,0.183,-0.003,0.007,1.127,255,438
262635638,-1.402,1.585,0.427,0.025,0.001,1.088,255,438
262636443,-1.159,1.585,0.549,-0.027,0.024,0.936,255,438
262637639,-1.646,1.463,0.366,0.006,-0.005,1.078,255,438
262638393,-1.646,1.402,0.671,-0.019,0.037,0.998,255,438
262639638,-1.037,1.402,0.732,0.055,0.001,1.011,255,438
262640372,-1.159,1.768,1.098,-0.032,0.056,1.056,255,438
262641639,-1.159,1.768,0.732,-0.051,0.042,1.089,255,438
262642379,-1.159,1.768,0.732,0.037,0.023,0.992,255,438
262643639,-1.220,1.585,0.610,-0.085,0.048,1.077,255,438
262644373,-0.976,1.341,0.366,0.050,0.013,1.047,255,438
262645639,-1.037,1.280,0.183,-0.018,0.071,1.032,255,438
262646379,-1.220,1.159,0.427,-0.019,0.020,1.073,255,438
262647639,-1.341,1.280,0.427,-0.056,0.036,1.075,255,438
262648376,-1.341,1.280,0.427,-0.056,0.036,1.075,255,438
262649638,-1.463,1.280,0.183,0.000,0.035,1.030,255,438
262650381,-1.280,1.402,0.305,-0.009,0.020,1.102,255,438
262651638,-1.463,1.220,0.183,0.021,0.031,1.008,255,438
262652380,-0.976,1.524,0.244,-0.037,0.055,1.001,255,438
262653639,-1.159,1.890,0.366,0.001,0.020,1.081,255,438
262654373,-0.854,1.768,0.061,0.036,0.036,1.033,255,438
262655639,-1.280,1.280,0.610,0.041,-0.002,1.036,255,438
262656375,-1.159,1.707,0.793,-0.015,0.052,0.988,255,438
262657639,-1.220,1.585,0.793,-0.004,-0.040,1.030,255,438
262658375,-1.037,1.524,0.610,-0.023,0.089,0.979,255,438
262659639,-0.915,1.280,0.732,0.026,-0.022,1.077,255,438
262660374,-0.793,1.341,0.732,-0.004,0.043,0.959,255,438
262661638,-0.732,1.585,0.610,-0.018,0.061,1.060,255,438
262662376,-0.732,1.585,0.610,-0.018,0.061,1.060,255,438
262663638,-0.854,1.402,0.610,-0.023,0.052,1.067,255,438
262664380,-0.793,1.341,0.671,0.000,0.018,1.024,255,438
262665639,-0.671,1.463,0.488,-0.005,0.036,1.027,255,438
262666376,-1.402,1.220,0.671,-0.035,0.060,1.120,255,438
262667639,-1.341,1.098,0.549,0.046,0.018,1.041,255,438
262668374,-1.524,1.463,0.244,-0.046,0.031,1.093,255,438
262669638,-1.159,1.585,0.122,0.035,0.019,1.019,255,438
262670377,-0.915,1.402,0.305,-0.075,0.039,1.105,255,438
262671639,-0.976,1.402,0.366,0.066,-0.001,1.041,255,438
262672379,-1.524,1.524,0.427,-0.070,0.066,1.069,255,438
262673639,-1.159,1.402,0.427,0.039,0.022,0.986,255,438
262674375,-1.098,1.707,0.488,0.009,0.031,1.036,255,438
262675639,-1.280,1.463,0.000,0.066,-0.034,1.035,255,438
262676374,-1.280,1.463,0.000,0.066,-0.034,1.035,255,438
262677639,-0.915,1.829,0.305,-0.005,-0.061,1.076,255,438
262678377,-0.671,1.402,0.244,0.003,0.060,0.947,255,438
262679639,-0.488,1.524,0.732,0.008,-0.026,1.039,255,438
262680395,-0.671,1.402,0.427,0.002,0.086,0.976,255,438
262681638,-0.610,1.280,0.427,-0.024,0.073,1.050,255,438
262682713,-0.610,1.829,0.488,0.014,0.001,1.044,255,438
262683641,-0.854,1.646,0.671,-0.026,0.078,1.019,255,448
262684478,-0.854,1.524,0.305,-0.006,0.036,1.031,255,448
262685639,-0.976,1.159,0.427,0.017,0.025,1.079,255,448
262686393,-1.159,1.037,0.305,-0.041,0.062,1.052,255,448
262687638,-1.280,1.220,0.427,0.056,0.012,1.076,255,448
262688374,-1.402,1.463,0.488,-0.023,0.063,1.062,255,448
262689639,-1.220,1.646,0.305,0.013,0.043,1.061,255,448
262690380,-1.402,1.524,0.549,-0.039,0.047,1.052,255,448
262691639,-1.463,1.402,0.305,0.056,0.017,1.086,255,448
262692377,-1.220,1.524,0.488,-0.049,0.030,1.081,255,448
262693638,-1.220,0.854,0.366,0.036,0.026,1.019,255,448
262694380,-1.159,1.646,0.366,0.007,0.023,0.985,255,448
262695639,-0.976,1.829,0.427,0.028,-0.005,1.022,255,448
262696375,-0.976,1.829,0.427,0.028,-0.005,1.022,255,448
262697639,-1.098,1.707,0.549,0.026,-0.028,0.993,255,448
262698380,-0.671,1.463,0.305,-0.048,0.051,1.025,255,448
262699639,-0.915,1.402,0.610,0.056,0.005,1.024,255,448
262700376,-0.976,1.402,0.610,-0.045,0.043,0.949,255,448
262701639,-1.037,2.012,0.610,0.056,0.004,1.094,255,448
262702381,-0.854,1.707,0.366,-0.022,0.046,1.002,255,448
262703639,-0.915,1.463,0.061,-0.008,0.042,1.057,255,448
262704375,-1.220,1.159,0.305,-0.011,0.019,1.045,255,448
262705639,-1.159,0.976,0.427,0.016,0.045,0.994,255,448
262706364,-0.915,1.341,0.366,-0.009,0.043,1.103,255,448
262707638,-1.037,1.402,0.366,-0.021,0.033,0.999,255,448
262708368,-1.402,1.646,0.244,0.022,0.007,1.100,255,448
262709639,-1.159,1.098,0.427,0.017,-0.016,0.984,255,448
262710379,-1.159,1.098,0.427,0.017,-0.016,0.984,255,448
262711638,-1.585,1.280,0.427,-0.025,0.023,1.060,255,448
262712377,-1.159,1.463,0.488,0.067,0.025,1.019,255,448
262713639,-1.341,1.707,0.732,-0.074,0.059,1.108,255,448
262714382,-0.915,1.341,0.244,0.083,-0.021,0.989,255,448
262715639,-1.037,1.159,0.793,0.025,0.002,1.016,255,448
262716372,-1.037,1.159,0.793,0.025,0.002,1.016,255,448
262717639,-0.915,1.463,0.549,-0.047,0.042,1.002,255,448
262718376,-0.732,1.829,0.549,0.061,0.001,1.066,255,448
262719639,-0.488,1.098,0.488,-0.040,0.051,0.957,255,448
262720407,-0.305,1.524,0.549,0.042,0.005,1.055,255,448
262721639,-0.610,1.646,0.549,-0.045,0.044,1.023,255,448
262722386,-0.549,1.524,0.732,0.032,0.031,1.000,255,448
262723639,-0.732,1.341,0.305,0.036,0.042,0.993,255,448
262724378,-1.280,1.280,0.183,-0.013,0.036,1.072,255,448
262725639,-1.646,1.037,0.183,-0.013,0.052,1.040,255,448
262726378,-1.220,1.098,0.183,0.040,0.021,1.085,255,448
262727639,-1.463,1.402,0.366,-0.041,0.034,1.107,255,448
262728379,-1.402,1.402,0.549,-0.007,0.027,0.970,255,448
262729639,-1.829,1.280,0.549,-0.032,0.056,1.104,255,448
262730398,-1.829,1.280,0.549,-0.032,0.056,1.104,255,448
262731638,-1.402,1.768,0.488,-0.042,0.056,1.095,255,448
262732719,-1.159,0.976,0.610,0.006,0.021,1.036,255,448
262733640,-0.976,1.463,0.366,0.060,0.026,0.999,255,458
262734403,-1.098,1.890,0.671,-0.104,0.042,1.109,255,458
262735638,-0.976,1.463,0.549,0.057,0.001,0.958,255,458
262736440,-0.915,2.073,0.488,-0.014,0.033,1.035,255,458
262737639,-0.976,1.707,0.488,0.022,0.032,1.009,255,458
262738394,-0.610,1.768,0.793,-0.015,0.031,1.008,255,458
262739638,-0.732,1.585,0.671,0.035,0.034,1.074,255,458
262740381,-0.732,1.280,0.366,-0.044,0.027,0.965,255,458
262741638,-0.915,1.829,0.427,0.034,0.036,1.055,255,458
262742377,-1.098,1.707,0.549,-0.041,0.045,1.026,255,458
262743639,-1.280,1.585,0.366,-0.031,0.061,1.098,255,458
262744377,-1.280,1.585,0.366,-0.031,0.061,1.098,255,458
262745639,-1.463,1.524,0.305,0.024,0.058,1.071,255,458
262746380,-1.463,1.463,0.305,-0.020,0.026,1.071,255,458
262747639,-1.646,1.341,0.244,-0.004,0.031,0.985,255,458
262748372,-1.524,1.585,0.244,-0.011,0.031,1.104,255,458
262749639,-1.341,1.585,0.305,0.014,0.004,1.028,255,458
262750372,-1.341,1.585,0.305,0.014,0.004,1.028,255,458
262751639,-1.402,1.341,0.610,0.030,0.023,1.009,255,458
262752375,-1.098,1.463,0.427,-0.008,0.015,1.056,255,458
262753639,-1.341,1.463,0.549,-0.016,0.037,1.065,255,458
262754381,-1.037,1.646,0.244,0.014,-0.021,0.975,255,458
262755639,-1.037,1.951,0.610,-0.018,0.047,1.090,255,458
262756377,-0.915,1.341,0.610,0.008,-0.013,1.013,255,458
262757639,-0.854,1.341,0.488,-0.000,0.053,1.058,255,458
262758383,-0.854,1.646,0.610,0.023,0.001,1.069,255,458
262759638,-0.915,1.524,0.610,-0.068,0.086,0.985,255,458
262760375,-0.793,1.585,0.427,0.063,-0.010,1.028,255,458
262761639,-1.037,1.524,0.488,-0.067,0.087,1.038,255,458
262762380,-1.098,1.341,0.610,0.032,-0.010,0.977,255,458
262763639,-1.037,0.854,0.305,-0.007,0.014,1.056,255,458
262764373,-1.037,0.854,0.305,-0.007,0.014,1.056,255,458
262765639,-1.524,1.463,0.183,-0.023,0.051,1.100,255,458
262766380,-1.585,1.280,0.122,0.001,-0.007,0.973,255,458
262767638,-1.951,1.585,-0.061,-0.038,0.047,1.088,255,458
262768377,-2.134,1.524,0.366,0.002,0.027,1.074,255,458
262769639,-1.707,1.524,0.305,0.022,0.026,1.012,255,458
262770375,-1.280,1.220,0.488,-0.071,0.026,1.083,255,458
262771639,-0.671,1.463,0.427,0.012,0.017,1.009,255,458
262772374,-0.854,1.646,0.549,-0.067,0.045,1.090,255,458
262773639,-0.610,1.585,0.244,0.065,0.007,1.016,255,458
262774377,-0.366,1.951,0.610,-0.049,0.014,1.064,255,458
262775639,-1.098,1.341,0.854,0.017,0.028,1.003,255,458
262776374,-0.976,1.280,0.305,0.016,-0.008,0.970,255,458
262777639,-0.427,1.463,0.549,0.065,0.000,1.078,255,458
262778382,-0.427,1.463,0.549,0.065,0.000,1.078,255,458
262779638,-0.488,1.463,0.488,0.021,0.007,0.982,255,458
262780393,-0.854,1.524,0.732,-0.024,0.069,1.083,255,458
262781638,-0.732,1.098,0.610,0.014,0.029,1.048,255,458
262782712,-1.098,1.098,0.427,-0.021,0.035,0.998,255,458
262783641,-1.280,1.098,0.305,0.028,0.007,1.067,255,468
262784412,-1.280,1.098,0.305,0.028,0.007,1.067,255,468
262785638,-2.134,1.159,0.366,-0.021,-0.011,1.008,255,468
262786378,-2.012,1.463,0.244,0.023,0.046,1.030,255,468
262787639,-1.890,1.220,0.488,-0.048,0.010,1.144,255,468
262788381,-1.829,1.037,0.488,0.050,-0.005,0.957,255,468
262789639,-1.220,1.707,0.366,-0.039,0.034,1.061,255,468
262790378,-1.341,1.098,0.671,0.010,0.021,1.051,255,468
262791638,-1.098,1.890,0.610,-0.083,0.009,1.107,255,468
262792380,-1.280,1.280,0.366,0.032,0.011,0.983,255,468
262793639,-0.976,1.585,0.427,0.020,0.016,1.021,255,468
262794378,-0.793,1.280,0.610,-0.052,0.019,1.012,255,468
262795639,-0.610,1.402,0.610,0.039,0.008,1.063,255,468
262796382,-0.366,1.037,0.610,-0.026,0.049,1.028,255,468
262797638,-0.366,1.402,0.488,-0.040,-0.002,1.053,255,468
262798379,-0.366,1.402,0.488,-0.040,-0.002,1.053,255,468
262799639,-0.671,1.402,0.305,-0.004,-0.006,1.074,255,468
262800371,-1.098,1.341,0.427,-0.014,0.077,0.961,255,468
262801639,-1.463,1.220,0.305,0.033,0.026,1.052,255,468
262802378,-1.646,1.159,0.244,-0.006,0.057,1.076,255,468
262803639,-1.646,0.976,0.244,-0.017,0.043,0.981,255,468
262804381,-1.707,1.463,0.427,0.030,0.001,1.071,255,468
262805639,-1.402,1.220,0.244,0.048,-0.022,0.969,255,468
262806370,-1.463,1.768,0.427,-0.024,0.038,1.050,255,468
262807638,-1.707,1.280,0.488,-0.042,0.023,1.095,255,468
262808380,-1.220,1.280,0.610,0.058,0.016,0.980,255,468
262809639,-1.159,1.829,0.915,-0.050,0.041,1.123,255,468
262810377,-0.915,1.220,0.549,0.025,-0.017,1.001,255,468
262811639,-0.732,1.890,0.610,-0.033,0.026,1.085,255,468
262812382,-0.732,1.890,0.610,-0.033,0.026,1.085,255,468
262813639,-0.366,1.463,0.732,-0.050,0.002,1.068,255,468
262814378,-0.488,1.159,0.854,0.049,0.034,1.019,255,468
262815638,-0.488,1.890,0.976,0.007,0.021,1.029,255,468
262816377,-0.793,1.463,0.793,-0.040,0.055,0.970,255,468
262817639,-1.159,1.341,0.427,-0.057,0.079,0.994,255,468
262818381,-1.159,1.341,0.427,-0.057,0.079,0.994,255,468
262819639,-1.220,1.463,0.549,-0.008,0.072,1.043,255,468
262820378,-1.524,1.280,0.488,-0.001,0.058,1.021,255,468
262821639,-1.463,1.159,0.122,-0.013,0.035,1.068,255,468
262822381,-1.646,1.402,0.122,0.010,0.044,1.050,255,468
262823639,-1.890,1.402,0.000,-0.027,0.041,0.963,255,468
262824379,-1.951,1.524,0.427,-0.018,-0.011,1.105,255,468
262825639,-1.524,1.646,0.610,0.016,-0.023,1.000,255,468
262826389,-0.976,1.646,0.366,-0.048,0.013,1.089,255,468
262827638,-1.220,1.524,0.488,0.042,0.008,1.040,255,468
262828371,-0.732,1.829,0.427,-0.009,0.049,0.949,255,468
262829638,-0.610,2.317,0.549,-0.013,-0.024,1.125,255,468
262830385,-0.488,1.768,0.549,-0.009,0.071,1.043,255,468
262831638,-0.366,1.463,0.610,-0.032,0.050,0.992,255,468
262832697,-0.488,1.646,0.671,0.040,-0.011,1.057,255,468
262833641,-0.427,1.585,0.671,-0.066,0.083,1.032,255,477
262834405,-0.732,1.341,0.549,0.054,-0.010,1.026,255,477
262835638,-0.732,1.829,0.549,-0.020,0.084,1.064,255,477
262836381,-0.671,1.220,0.671,-0.020,0.025,0.993,255,477
262837638,-0.976,1.220,0.061,0.029,0.052,1.030,255,477
262838377,-1.463,0.915,0.366,-0.001,0.049,1.079,255,477
262839639,-1.646,1.585,0.549,0.005,0.020,1.130,255,477
262840442,-1.829,0.793,0.000,0.018,0.031,0.996,255,477
262841639,-1.646,1.341,0.183,-0.011,0.058,1.015,255,477
262842397,-1.463,1.646,0.305,-0.035,-0.021,1.071,255,477
262843638,-1.402,1.220,0.305,0.017,0.025,1.012,255,477
262844387,-1.098,1.220,0.427,0.004,0.006,1.046,255,477
262845638,-1.037,1.646,0.427,0.053,0.015,0.947,255,477
262846370,-1.037,1.646,0.427,0.053,0.015,0.947,255,477
262847638,-0.610,1.280,0.305,0.012,0.004,1.090,255,477
262848372,-0.366,1.707,0.488,-0.005,0.036,0.949,255,477
262849639,-0.366,1.829,0.549,-0.024,-0.006,1.123,255,477
262850368,-0.732,1.829,0.732,0.020,0.053,1.044,255,477
262851638,-0.549,1.646,0.732,-0.062,0.110,1.014,255,477
262852374,-0.549,1.646,0.732,-0.062,0.110,1.014,255,477
262853639,-0.854,1.585,0.488,-0.054,0.109,1.059,255,477
262854377,-1.280,1.098,0.488,0.006,-0.001,1.012,255,477
262855639,-1.402,1.585,0.488,0.003,0.079,1.090,255,477
262856420,-1.524,1.280,0.549,-0.003,0.058,0.981,255,477
262857639,-1.585,1.402,0.305,0.003,0.008,0.963,255,477
262858387,-1.646,1.341,0.488,-0.017,0.080,1.115,255,477
262859638,-1.524,1.524,0.305,-0.004,0.015,1.015,255,477
262860378,-1.890,1.280,0.305,-0.023,0.052,1.045,255,477
262861638,-2.012,1.037,0.183,0.017,-0.041,0.987,255,477
262862376,-1.829,1.707,0.122,-0.017,0.040,1.075,255,477
262863639,-1.768,1.646,0.549,-0.015,-0.012,1.099,255,477
262864381,-1.280,1.524,0.244,0.070,0.032,0.932,255,477
262865638,-0.793,1.341,0.488,0.047,0.000,1.012,255,477
262866370,-0.793,1.341,0.488,0.047,0.000,1.012,255,477
262867638,-0.488,2.134,0.732,-0.074,-0.010,1.112,255,477
262868383,-0.488,1.707,0.854,0.054,0.053,1.010,255,477
262869638,-0.122,1.646,0.549,-0.024,0.023,1.047,255,477
262870376,-0.427,1.524,0.366,-0.018,0.060,1.020,255,477
262871639,-0.671,1.585,0.366,0.058,0.019,1.042,255,477
262872376,-0.915,1.463,0.427,-0.079,0.086,1.017,255,477
262873639,-1.341,1.585,0.549,-0.039,0.087,1.070,255,477
262874377,-1.768,1.220,0.305,0.027,0.048,0.994,255,477
262875639,-1.951,1.220,0.122,-0.023,0.025,0.994,255,477
262876380,-2.012,1.220,0.122,0.000,0.037,1.116,255,477
262877639,-2.134,0.854,0.366,0.016,0.041,0.984,255,477
262878366,-1.890,1.098,0.244,-0.020,0.012,1.056,255,477
262879639,-1.768,1.098,0.183,-0.016,-0.012,0.936,255,477
262880404,-1.463,1.524,0.305,0.021,0.016,1.113,255,477
262881638,-1.341,1.463,0.610,0.002,0.008,1.064,255,477
262882720,-0.976,1.646,0.549,-0.003,-0.005,0.944,255,477
262883641,-0.610,1.768,0.610,0.005,0.012,1.086,255,487
262884407,-0.488,1.646,0.549,0.003,-0.000,1.082,255,487
262885638,-0.244,1.951,0.488,-0.058,0.010,1.047,255,487
262886380,-0.244,1.951,0.488,-0.058,0.010,1.047,255,487
262887639,-0.244,1.768,0.427,-0.037,0.074,1.041,255,487
262888378,-0.610,1.341,0.671,0.002,0.014,1.042,255,487
262889639,-0.610,1.524,0.549,0.062,0.069,1.039,255,487
262890380,-0.915,1.341,0.671,-0.046,0.062,1.045,255,487
262891639,-1.220,0.976,0.488,0.021,0.038,0.979,255,487
262892375,-1.524,1.341,0.366,0.001,0.097,1.063,255,487
262893639,-1.890,1.341,0.061,-0.024,0.045,1.001,255,487
262894439,-1.951,1.402,0.305,0.024,0.049,1.072,255,487
262895639,-2.073,1.037,0.305,-0.019,-0.006,1.063,255,487
262896391,-2.073,0.915,0.244,-0.021,0.050,0.975,255,487
262897638,-1.646,1.341,0.000,0.027,-0.038,1.089,255,487
262898385,-1.463,1.341,0.183,-0.036,0.086,0.998,255,487
262899638,-1.402,1.646,0.244,-0.003,0.016,1.116,255,487
262900381,-1.402,1.646,0.244,-0.003,0.016,1.116,255,487
262901638,-0.610,1.768,0.488,-0.050,0.020,0.976,255,487
262902382,-0.671,1.585,0.854,0.044,-0.015,1.097,255,487
262903639,-0.244,1.646,0.549,0.016,0.035,0.955,255,487
262904377,0.122,1.951,0.793,-0.055,0.012,1.054,255,487
262905639,-0.244,1.646,0.610,0.025,0.056,1.066,255,487
262906377,-0.122,1.646,0.549,0.038,0.038,1.029,255,487
262907639,-0.976,1.037,0.549,0.047,0.026,0.992,255,487
262908380,-1.037,1.159,0.366,0.009,0.104,1.079,255,487
262909639,-1.341,0.976,0.671,-0.023,0.062,1.028,255,487
262910377,-1.402,1.341,0.366,-0.013,0.024,1.012,255,487
262911638,-1.829,1.341,0.427,0.002,0.083,1.036,255,487
262912380,-1.890,0.671,0.427,-0.007,0.032,0.994,255,487
262913639,-2.378,1.098,0.427,-0.003,0.010,1.058,255,487
262914375,-2.378,1.098,0.427,-0.003,0.010,1.058,255,487
262915639,-1.524,1.220,0.122,-0.040,0.014,1.021,255,487
262916382,-1.585,1.280,0.122,-0.004,-0.047,1.079,255,487
262917639,-0.976,1.159,0.244,0.042,0.030,0.967,255,487
262918376,-0.915,1.585,0.244,-0.040,-0.008,1.075,255,487
262919638,-0.244,1.890,0.427,0.038,0.012,0.948,255,487
262920379,-0.244,1.890,0.427,0.038,0.012,0.948,255,487
262921639,-0.549,1.463,0.549,0.010,0.008,1.072,255,487
262922376,-0.305,2.012,0.549,0.015,0.045,1.013,255,487
262923639,-0.122,2.134,0.793,-0.037,0.067,1.069,255,487
262924380,-0.122,1.829,0.610,0.071,0.046,0.994,255,487
262925639,-0.427,1.768,0.244,-0.050,0.075,1.028,255,487
262926377,-0.671,1.159,0.427,0.021,0.055,1.022,255,487
262927639,-1.341,1.280,0.427,-0.023,0.122,1.009,255,487
262928380,-1.829,1.220,0.061,0.005,0.020,1.003,255,487
262929639,-1.768,0.793,0.061,-0.016,0.053,0.991,255,487
262930397,-2.317,1.098,0.061,0.015,0.040,1.092,255,487
262931638,-2.256,1.159,0.305,-0.030,0.012,1.039,255,487
262932716,-2.073,1.402,0.000,0.006,-0.008,1.124,255,487
262933641,-1.646,0.976,0.061,-0.030,-0.027,0.946,255,497
262934411,-1.646,0.976,0.061,-0.030,-0.027,0.946,255,497
262935638,-1.463,1.890,0.549,-0.007,-0.021,1.151,255,497
262936381,-0.854,1.768,0.305,-0.007,0.012,0.997,255,497
262937638,0.061,1.951,0.427,0.009,0.011,0.994,255,497
262938371,0.183,1.890,0.488,-0.019,0.003,1.088,255,497
262939638,0.610,1.890,0.427,0.022,0.012,0.980,255,497
262940368,0.488,2.134,0.488,-0.049,0.034,1.077,255,497
262941638,0.000,2.012,0.366,0.041,0.077,1.037,255,497
262942376,-0.305,1.707,0.427,-0.089,0.046,1.023,255,497
262943639,-0.488,1.341,0.366,0.076,0.080,1.003,255,497
262944378,-1.037,1.463,0.488,-0.010,0.061,1.079,255,497
262945639,-1.341,1.159,0.488,-0.033,0.083,1.050,255,497
262946381,-1.951,1.341,0.244,-0.003,0.041,0.964,255,497
262947638,-2.683,1.220,0.305,-0.029,0.057,1.022,255,497
262948371,-2.683,1.220,0.305,-0.029,0.057,1.022,255,497
262949638,-2.683,1.341,0.366,0.048,0.014,1.100,255,497
262950382,-2.622,1.220,0.610,-0.036,0.045,1.116,255,497
262951639,-1.951,1.220,0.732,0.001,-0.041,0.978,255,497
262952437,-1.524,1.585,0.427,0.010,-0.045,1.084,255,497
262953639,-0.549,1.768,0.366,-0.012,-0.037,1.006,255,497
262954404,-0.549,1.768,0.366,-0.012,-0.037,1.006,255,497
262955638,-0.061,1.646,0.610,0.056,-0.020,1.041,255,497
262956373,0.122,1.890,0.427,-0.045,0.072,1.083,255,497
262957639,0.183,1.707,0.671,-0.003,-0.008,1.028,255,497
262958377,0.488,1.890,0.305,0.050,0.082,0.969,255,497
262959639,0.366,1.707,0.671,-0.031,0.065,1.014,255,497
262960377,-0.244,1.220,0.732,-0.005,0.048,1.052,255,497
262961639,-1.159,1.280,0.427,0.007,0.089,1.074,255,497
262962379,-1.524,1.037,0.122,-0.040,0.073,1.028,255,497
262963639,-2.134,0.915,0.244,0.002,0.060,0.998,255,497
262964374,-2.378,0.976,0.244,0.048,0.021,1.038,255,497
262965639,-2.622,0.732,0.305,-0.036,0.075,1.048,255,497
262966379,-2.683,1.098,0.122,-0.034,0.015,1.017,255,497
262967639,-2.683,1.402,0.305,-0.023,0.041,1.010,255,497
262968376,-2.683,1.402,0.305,-0.023,0.041,1.010,255,497
262969639,-1.768,1.707,0.305,-0.004,-0.025,1.148,255,497
262970381,-1.220,1.707,0.366,0.005,-0.030,1.049,255,497
262971639,-0.549,1.646,0.427,-0.004,-0.015,1.012,255,497
262972376,-0.183,1.829,0.366,-0.041,-0.020,1.078,255,497
262973638,0.122,1.768,0.488,0.070,-0.014,1.040,255,497
262974377,0.549,2.073,0.244,-0.053,0.037,0.990,255,497
262975639,0.732,2.073,0.671,0.032,0.033,1.030,255,497
262976379,0.671,1.768,0.854,-0.031,0.092,1.054,255,497
262977639,-0.183,1.463,0.671,0.018,0.052,1.029,255,497
262978376,-0.427,1.646,0.427,-0.016,0.085,0.991,255,497
262979638,-1.037,1.463,0.610,0.020,0.082,1.079,255,497
262980397,-1.707,0.854,0.122,-0.022,0.083,0.967,255,497
262981638,-2.439,0.976,0.183,0.013,0.028,1.065,255,497
262982710,-2.744,1.037,0.427,0.007,0.032,1.013,255,497
262983641,-2.988,0.976,0.488,-0.022,0.041,0.985,255,507
262984414,-3.110,1.463,0.305,0.022,-0.000,1.048,255,507
262985638,-2.744,1.159,0.305,0.010,-0.048,1.104,255,507
262986377,-2.012,1.280,0.366,-0.034,0.000,1.010,255,507
262987639,-0.915,1.646,0.610,0.022,-0.013,0.975,255,507
262988382,-0.915,1.646,0.610,0.022,-0.013,0.975,255,507
262989638,-0.061,1.890,0.427,-0.026,0.018,1.095,255,507
262990378,0.305,2.012,0.549,0.058,0.017,1.019,255,507
262991639,0.732,2.134,0.549,-0.042,0.013,1.074,255,507
262992378,0.793,1.768,0.549,-0.007,0.042,1.040,255,507
262993639,0.671,1.890,0.549,0.022,0.073,0.987,255,507
262994373,0.549,1.890,0.610,-0.034,0.079,1.019,255,507
262995638,-0.671,1.524,0.366,0.028,0.088,1.047,255,507
262996377,-1.280,1.341,0.366,-0.009,0.099,1.091,255,507
262997639,-2.134,1.159,0.366,-0.007,0.095,0.972,255,507
262998376,-2.500,1.402,0.366,-0.002,0.040,0.996,255,507
262999638,-2.622,1.280,0.366,-0.002,0.107,1.041,255,507
263000369,-2.744,0.915,0.305,-0.004,0.015,1.101,255,507
263001639,-2.866,1.402,0.305,0.025,0.016,1.079,255,507
263002384,-2.866,1.402,0.305,0.025,0.016,1.079,255,507
263003638,-2.317,1.341,0.061,-0.004,-0.034,0.963,255,507
263004379,-1.890,1.707,0.244,0.005,-0.035,1.150,255,507
263005639,-1.098,1.524,0.366,0.018,-0.024,0.997,255,507
263006383,-0.122,1.951,0.183,0.001,-0.028,0.993,255,507
263007638,0.427,2.012,0.366,-0.036,-0.019,1.092,255,507
263008370,0.976,1.829,0.305,0.046,0.004,1.059,255,507
263009639,0.854,1.890,0.488,-0.013,0.005,1.062,255,507
263010369,0.732,1.890,0.610,0.018,0.102,1.067,255,507
263011638,0.549,1.890,0.793,0.033,0.063,1.055,255,507
263012377,0.244,1.280,0.427,-0.032,0.117,1.017,255,507
263013639,-0.549,1.341,0.305,-0.004,0.081,0.991,255,507
263014381,-1.341,1.463,0.488,0.026,0.066,1.014,255,507
263015639,-2.744,0.671,0.549,0.006,0.042,0.973,255,507
263016375,-2.744,0.671,0.549,0.006,0.042,0.973,255,507
263017639,-3.354,0.793,0.793,0.048,-0.014,1.130,255,507
263018374,-3.476,0.671,0.488,-0.050,0.032,1.028,255,507
263019639,-2.927,1.098,0.305,0.044,-0.017,0.945,255,507
263020378,-2.988,1.280,0.244,0.021,-0.055,1.104,255,507
263021639,-1.646,1.646,0.427,0.034,-0.049,1.016,255,507
263022384,-1.646,1.646,0.427,0.034,-0.049,1.016,255,507
263023638,0.000,1.646,0.244,-0.003,-0.031,0.996,255,507
263024370,0.854,1.829,0.183,-0.047,0.002,1.050,255,507
263025638,1.341,1.646,0.488,0.021,0.007,1.035,255,507
263026378,1.341,1.890,0.671,0.033,0.036,1.021,255,507
263027639,1.159,1.890,0.793,-0.077,0.099,1.093,255,507
263028377,0.854,1.402,0.671,0.044,0.037,1.049,255,507
263029638,-0.244,1.402,0.549,-0.028,0.079,1.018,255,507
263030393,-0.732,1.098,0.366,-0.019,0.088,1.075,255,507
263031638,-1.524,1.098,0.366,0.016,0.134,0.961,255,507
263032688,-2.378,1.159,0.244,-0.006,0.065,1.064,255,507
263033641,-2.805,1.159,0.305,-0.022,0.037,1.113,255,516
263034399,-3.476,0.854,0.366,-0.004,0.062,1.002,255,516
263035638,-3.476,0.793,0.427,0.029,-0.012,1.084,255,516
263036380,-3.476,0.793,0.427,0.029,-0.012,1.084,255,516
263037639,-2.744,1.280,0.427,-0.020,-0.079,1.013,255,516
263038381,-2.134,2.073,0.427,0.030,-0.050,1.095,255,516
263039638,-1.220,2.134,0.427,0.014,-0.029,0.992,255,516
263040382,-0.366,2.134,0.366,-0.045,-0.048,1.064,255,516
263041638,0.305,1.890,0.305,0.039,-0.039,1.078,255,516
263042377,1.098,2.134,0.366,0.016,0.021,0.965,255,516
263043639,1.463,2.073,0.427,0.008,0.079,1.040,255,516
263044382,1.159,1.646,0.366,0.016,0.055,1.001,255,516
263045638,1.037,1.585,0.488,-0.033,0.119,1.035,255,516
263046370,0.305,1.585,0.305,-0.004,0.092,1.025,255,516
263047638,-0.305,1.341,0.427,-0.002,0.100,1.021,255,516
263048373,-1.159,1.037,0.671,0.007,0.120,1.015,255,516
263049639,-2.805,0.671,0.122,-0.054,0.063,1.022,255,516
263050376,-2.805,0.671,0.122,-0.054,0.063,1.022,255,516
263051639,-4.085,1.037,0.244,-0.006,0.043,0.978,255,516
263052369,-3.659,0.854,0.183,0.014,-0.012,1.008,255,516
263053639,-3.476,0.976,0.488,-0.018,-0.010,1.129,255,516
263054379,-3.110,1.220,0.488,0.027,-0.104,1.090,255,516
263055639,-1.341,1.890,0.427,-0.010,-0.063,1.003,255,516
263056380,-1.341,1.890,0.427,-0.010,-0.063,1.003,255,516
263057639,0.183,1.829,0.244,0.002,-0.055,0.950,255,516
263058381,1.280,1.890,0.427,-0.040,0.027,0.989,255,516
263059638,1.524,2.012,0.732,0.002,0.023,1.125,255,516
263060377,1.829,1.890,0.366,0.038,0.058,1.014,255,516
263061639,1.646,2.195,0.305,-0.043,0.045,1.068,255,516
263062381,1.098,1.402,0.732,0.006,0.102,0.996,255,516
263063639,-0.366,1.585,0.244,-0.018,0.100,1.042,255,516
263064368,-1.098,1.037,0.244,0.004,0.140,1.081,255,516
263065638,-1.768,0.671,0.427,-0.003,0.102,0.921,255,516
263066380,-2.622,0.976,0.427,-0.030,0.049,1.042,255,516
263067638,-3.476,1.159,0.427,0.014,0.083,1.148,255,516
263068377,-4.024,0.549,0.427,-0.015,0.022,0.938,255,516
263069639,-3.537,1.280,0.305,0.005,-0.017,1.168,255,516
263070381,-3.537,1.280,0.305,0.005,-0.017,1.168,255,516
263071638,-2.500,1.280,0.122,-0.023,-0.044,0.948,255,516
263072379,-1.646,1.951,0.488,0.027,-0.092,1.093,255,516
263073639,-0.427,1.768,0.671,-0.016,-0.034,1.114,255,516
263074385,0.122,1.768,0.183,0.007,-0.047,0.974,255,516
263075639,0.671,1.951,0.366,-0.023,-0.027,1.059,255,516
263076378,1.524,2.073,0.671,0.031,0.034,1.026,255,516
263077639,2.134,2.073,0.244,-0.083,0.083,1.093,255,516
263078383,1.463,1.707,0.427,0.069,0.062,1.030,255,516
263079638,1.098,1.829,0.610,-0.048,0.154,0.955,255,516
263080378,0.305,1.341,0.427,-0.004,0.081,1.082,255,516
263081638,-0.793,1.037,0.488,-0.009,0.170,1.005,255,516
263082671,-1.646,1.098,0.549,-0.026,0.077,1.113,255,516
263083641,-2.988,1.037,0.305,-0.024,0.107,1.074,255,526
263084409,-2.988,1.037,0.305,-0.024,0.107,1.074,255,526
263085638,-3.902,0.732,0.244,0.050,0.002,1.045,255,526
263086380,-3.659,0.915,0.061,-0.010,-0.017,1.082,255,526
263087639,-3.537,0.976,0.122,-0.047,-0.028,0.990,255,526
263088377,-3.232,1.220,0.183,0.023,-0.105,1.094,255,526
263089639,-1.098,1.768,0.610,-0.038,-0.047,0.936,255,526
263090373,-1.098,1.768,0.610,-0.038,-0.047,0.936,255,526
263091639,0.915,1.768,0.427,0.020,-0.021,1.132,255,526
263092384,1.341,2.073,0.854,0.017,-0.014,0.933,255,526
263093638,1.829,2.317,0.854,-0.064,0.067,1.052,255,526
263094373,2.073,1.890,0.488,0.015,0.058,1.125,255,526
263095639,1.829,1.951,0.427,0.027,0.094,0.993,255,526
263096376,1.341,1.707,0.488,-0.049,0.131,0.983,255,526
263097639,-0.793,1.280,0.488,0.000,0.155,0.958,255,526
263098371,-1.585,0.915,0.366,0.026,0.105,1.022,255,526
263099639,-2.378,0.915,0.366,-0.023,0.084,1.039,255,526
263100391,-3.232,0.854,0.244,-0.062,0.090,1.018,255,526
263101638,-3.841,0.732,0.366,0.028,0.062,1.047,255,526
263102369,-4.085,0.793,0.488,0.061,-0.029,1.052,255,526
263103638,-3.902,1.098,0.305,-0.031,-0.025,0.938,255,526
263104380,-3.902,1.098,0.305,-0.031,-0.025,0.938,255,526
263105638,-2.073,1.768,0.671,0.014,-0.101,1.119,255,526
263106382,-1.220,2.195,0.366,-0.030,-0.091,0.929,255,526
263107638,-0.061,2.256,0.427,-0.015,-0.043,1.025,255,526
263108382,0.671,2.134,0.427,0.062,-0.021,1.133,255,526
263109638,1.524,2.134,0.488,-0.013,-0.011,1.057,255,526
263110375,1.829,2.500,0.488,-0.065,0.029,1.023,255,526
263111639,1.829,2.073,0.610,0.006,0.107,1.024,255,526
263112378,1.220,1.707,0.793,-0.022,0.107,1.118,255,526
263113639,0.427,1.463,0.366,-0.002,0.134,1.047,255,526
263114371,-0.061,0.915,0.305,0.001,0.115,0.890,255,526
263115639,-1.402,0.854,0.183,0.001,0.159,1.089,255,526
263116445,-2.683,1.098,0.244,0.020,0.077,1.110,255,526
263117639,-3.720,1.098,0.183,0.034,0.076,0.874,255,526
263118399,-3.720,1.098,0.183,0.034,0.076,0.874,255,526
263119638,-4.085,0.671,0.305,-0.030,-0.053,1.178,255,526
263120385,-3.841,0.854,-0.061,0.009,-0.073,0.932,255,526
263121638,-3.537,1.585,0.305,0.016,-0.065,1.002,255,526
263122379,-2.256,1.463,0.366,-0.005,-0.086,1.154,255,526
263123639,-0.366,1.951,0.488,-0.009,-0.089,1.030,255,526
263124379,-0.366,1.951,0.488,-0.009,-0.089,1.030,255,526
263125638,1.341,2.256,0.183,0.009,0.030,0.969,255,526
263126381,1.890,2.500,0.183,-0.054,0.033,1.121,255,526
263127639,2.378,2.134,0.244,-0.016,0.059,1.077,255,526
263128380,2.195,1.951,0.549,0.026,0.109,0.949,255,526
263129639,1.524,1.768,0.305,-0.053,0.119,1.021,255,526
263130399,0.793,1.220,0.305,0.014,0.157,1.125,255,526
263131638,-1.098,0.793,0.061,0.009,0.096,0.966,255,526
263132709,-2.317,0.976,0.549,-0.012,0.143,1.055,255,526
263133641,-3.110,0.549,0.793,-0.019,0.095,1.099,255,536
263134412,-3.963,0.366,0.488,0.003,-0.016,0.983,255,536
263135638,-4.451,0.610,0.427,0.050,0.013,0.944,255,536
263136379,-4.268,0.854,0.488,0.015,-0.010,1.073,255,536
263137639,-2.927,1.585,0.305,0.018,-0.103,1.012,255,536
263138380,-2.927,1.585,0.305,0.018,-0.103,1.012,255,536
263139638,-1.280,1.707,0.427,0.010,-0.039,0.997,255,536
263140376,-0.427,2.073,0.610,-0.033,-0.046,1.093,255,536
263141639,0.610,2.317,0.305,-0.004,-0.063,1.099,255,536
263142372,1.159,2.317,0.183,0.022,-0.002,1.039,255,536
263143639,1.768,2.378,0.610,-0.022,0.073,0.965,255,536
263144376,1.768,1.951,0.671,-0.069,0.074,1.064,255,536
263145639,0.976,1.829,0.549,0.005,0.102,1.010,255,536
263146369,0.244,1.463,0.244,-0.027,0.134,1.002,255,536
263147638,-0.488,1.280,0.183,-0.018,0.193,1.027,255,536
263148379,-1.463,0.854,0.000,-0.005,0.092,1.075,255,536
263149638,-2.378,0.671,0.183,0.018,0.067,0.996,255,536
263150375,-3.171,0.488,0.183,0.022,0.086,1.002,255,536
263151639,-4.390,0.671,0.366,0.035,-0.015,1.053,255,536
263152387,-4.390,0.671,0.366,0.035,-0.015,1.053,255,536
263153638,-3.902,1.280,0.427,-0.001,-0.083,1.048,255,536
263154380,-3.171,1.402,0.305,-0.056,-0.072,0.967,255,536
263155639,-1.890,1.951,0.305,0.039,-0.092,1.050,255,536
263156384,-1.098,2.195,0.366,0.026,-0.104,1.211,255,536
263157638,0.976,2.073,0.244,-0.023,0.036,0.995,255,536
263158377,0.976,2.073,0.244,-0.023,0.036,0.995,255,536
263159638,2.317,2.622,0.366,-0.034,0.058,1.102,255,536
263160371,1.951,2.378,0.610,-0.029,0.048,1.057,255,536
263161639,1.707,1.829,0.427,-0.013,0.130,1.004,255,536
263162370,1.280,1.524,0.427,-0.021,0.145,0.946,255,536
263163639,0.305,1.220,0.427,0.011,0.145,1.063,255,536
263164377,-0.976,0.915,0.427,0.001,0.113,1.133,255,536
263165639,-2.439,0.488,0.427,-0.001,0.137,0.931,255,536
263166438,-3.415,0.610,0.427,0.064,0.056,1.057,255,536
263167639,-4.085,0.732,0.183,-0.009,0.035,1.204,255,536
263168394,-4.085,0.671,0.244,-0.003,-0.042,1.029,255,536
263169638,-4.390,1.037,0.244,0.010,-0.030,0.841,255,536
263170376,-4.390,1.585,0.610,0.037,-0.101,1.119,255,536
263171639,-2.134,2.256,0.427,-0.032,-0.083,0.986,255,536
263172383,-2.134,2.256,0.427,-0.032,-0.083,0.986,255,536
263173638,-0.122,2.134,0.366,0.029,-0.043,1.055,255,536
263174378,1.159,2.439,0.244,-0.045,-0.018,1.100,255,536
263175639,1.585,2.622,0.366,-0.030,0.042,1.127,255,536
263176381,1.890,2.134,0.305,0.017,0.048,1.005,255,536
263177639,2.012,2.012,0.488,-0.042,0.117,0.955,255,536
263178377,1.707,1.829,0.305,-0.021,0.109,1.077,255,536
263179639,0.305,0.915,0.488,0.003,0.102,0.972,255,536
263180395,-1.037,0.671,0.244,-0.002,0.123,0.957,255,536
263181638,-2.134,0.793,0.305,-0.020,0.141,1.041,255,536
263182709,-2.622,0.732,0.122,0.031,0.106,1.117,255,536
263183641,-3.841,0.610,0.183,0.006,0.018,0.972,255,546
263184405,-4.390,0.854,0.244,0.035,0.005,0.988,255,546
263185638,-3.720,1.159,0.366,0.005,-0.066,1.031,255,546
263186381,-3.720,1.159,0.366,0.005,-0.066,1.031,255,546
263187639,-2.378,1.829,0.366,0.019,-0.128,1.046,255,546
263188380,-1.220,1.890,0.488,0.032,-0.062,1.037,255,546
263189638,-0.366,2.012,0.610,-0.041,-0.041,1.007,255,546
263190385,0.183,2.256,0.366,0.001,-0.015,1.075,255,546
263191638,1.829,2.317,0.427,-0.021,0.034,0.988,255,546
263192377,1.829,2.317,0.427,-0.021,0.034,0.988,255,546
263193639,1.951,1.707,0.427,-0.040,0.156,1.051,255,546
263194383,1.585,1.463,0.427,0.023,0.092,1.071,255,546
263195639,0.793,0.976,0.366,-0.018,0.131,0.991,255,546
263196377,-0.122,0.854,0.366,0.004,0.131,0.996,255,546
263197639,-1.524,0.671,0.244,-0.040,0.160,0.969,255,546
263198376,-2.134,0.610,0.549,0.001,0.092,1.059,255,546
263199639,-4.268,0.610,0.427,0.000,0.021,1.090,255,546
263200381,-4.146,0.671,0.366,-0.023,0.025,0.992,255,546
263201639,-3.902,1.037,0.183,0.042,-0.067,0.913,255,546
263202390,-3.841,2.134,0.305,0.010,-0.081,1.168,255,546
263203638,-2.866,2.012,0.427,0.001,-0.103,1.126,255,546
263204446,-1.890,1.951,0.488,-0.016,-0.045,0.879,255,546
263205639,0.244,2.317,0.427,0.021,-0.043,1.148,255,546
263206401,0.244,2.317,0.427,0.021,-0.043,1.148,255,546
263207638,1.829,2.561,0.366,-0.046,0.042,1.030,255,546
263208385,1.768,2.073,0.366,-0.009,0.042,0.938,255,546
263209638,1.768,1.890,0.244,-0.039,0.129,0.978,255,546
263210377,1.585,1.829,0.488,0.000,0.079,1.137,255,546
263211639,0.671,1.341,0.488,-0.005,0.151,1.085,255,546
263212385,-0.244,0.854,0.488,-0.006,0.131,0.977,255,546
263213638,-1.768,0.854,0.366,0.011,0.087,1.009,255,546
263214370,-2.683,1.159,0.610,0.063,0.065,1.196,255,546
263215638,-3.476,0.732,0.732,-0.048,0.086,1.136,255,546
263216380,-3.598,0.549,0.610,0.038,-0.014,0.881,255,546
263217639,-4.024,0.915,0.610,0.055,-0.061,0.962,255,546
263218376,-3.841,1.585,0.671,0.021,-0.054,1.183,255,546
263219638,-2.256,1.890,0.244,-0.001,-0.087,0.994,255,546
263220410,-2.256,1.890,0.244,-0.001,-0.087,0.994,255,546
263221639,-0.244,2.134,0.122,0.003,-0.070,1.016,255,546
263222414,0.671,2.439,0.183,-0.054,0.002,1.077,255,546
263223639,1.220,2.256,0.488,-0.014,0.013,1.146,255,546
263224394,1.707,1.951,0.366,0.008,0.025,0.980,255,546
263225638,1.829,1.951,0.305,-0.019,0.097,1.051,255,546
263226376,1.463,1.585,0.427,-0.019,0.097,1.051,255,546
263227639,0.183,0.915,0.122,0.003,0.112,1.058,255,546
263228379,-0.854,0.793,0.305,-0.013,0.130,0.900,255,546
263229639,-1.585,0.793,0.244,0.023,0.077,0.945,255,546
263230389,-2.561,0.732,0.488,0.021,0.134,1.116,255,546
263231638,-3.293,0.549,0.427,-0.018,0.070,1.076,255,546
263232716,-3.720,0.549,0.610,0.043,-0.048,1.073,255,546
263233641,-3.720,0.976,0.549,0.001,-0.035,1.039,255,556
263234408,-3.598,1.829,0.488,-0.025,-0.038,1.013,255,556
263235638,-2.927,2.134,0.427,0.032,-0.093,1.118,255,556
263236378,-1.890,2.256,0.488,0.022,-0.066,1.143,255,556
263237639,-0.915,2.012,0.305,-0.017,-0.071,0.936,255,556
263238384,0.122,2.012,0.183,-0.065,0.019,0.975,255,556
263239638,1.220,2.317,0.488,-0.015,0.020,1.140,255,556
263240378,1.220,2.317,0.488,-0.015,0.020,1.140,255,556
263241639,1.402,1.646,0.488,-0.010,0.111,0.953,255,556
263242383,1.220,1.402,0.366,-0.038,0.143,0.990,255,556
263243638,0.793,0.976,0.122,-0.004,0.116,1.084,255,556
263244377,-0.427,0.732,0.427,0.023,0.083,1.124,255,556
263245639,-1.402,0.427,0.610,-0.010,0.116,0.997,255,556
263246374,-2.134,0.305,0.366,0.001,0.077,0.994,255,556
263247639,-3.171,0.671,0.366,0.039,0.024,1.114,255,556
263248434,-3.293,0.976,0.732,0.041,-0.012,1.178,255,556
263249639,-3.902,1.037,0.488,-0.010,-0.059,1.021,255,556
263250394,-3.415,1.280,0.488,-0.021,0.006,0.854,255,556
263251638,-2.866,1.890,0.793,0.036,-0.115,1.028,255,556
263252378,-2.134,2.256,0.610,0.030,-0.053,1.286,255,556
263253639,-0.122,2.073,0.305,-0.026,-0.017,0.887,255,556
263254381,-0.122,2.073,0.305,-0.026,-0.017,0.887,255,556
263255639,0.915,2.012,0.305,-0.012,0.042,1.053,255,556
263256375,1.585,1.768,0.305,-0.061,0.036,1.148,255,556
263257639,1.280,1.585,0.122,0.012,0.067,1.119,255,556
263258377,0.976,1.159,0.183,-0.044,0.138,0.911,255,556
263259639,0.854,0.793,0.610,0.044,0.077,1.073,255,556
263260375,-0.427,0.671,0.305,0.044,0.077,1.073,255,556
263261639,-1.585,0.427,0.427,-0.002,0.075,1.196,255,556
263262382,-2.866,0.366,0.610,0.004,0.027,0.885,255,556
263263639,-3.293,0.488,0.671,0.029,0.048,0.775,255,556
263264377,-3.476,1.280,0.732,0.059,-0.008,1.153,255,556
263265638,-3.659,1.585,0.427,-0.008,-0.020,1.249,255,556
263266377,-3.232,1.768,0.305,-0.003,-0.006,1.041,255,556
263267639,-2.012,2.256,0.305,0.030,-0.075,1.037,255,556
263268378,-0.915,2.256,0.427,-0.021,-0.010,1.057,255,556
263269639,-0.366,2.622,0.366,-0.027,-0.007,1.106,255,556
263270381,0.122,2.378,0.305,-0.026,0.003,1.126,255,556
263271639,0.305,2.073,0.366,0.021,0.005,0.970,255,556
263272374,0.793,1.585,0.305,-0.089,0.077,0.919,255,556
263273639,0.610,1.341,0.122,-0.013,0.157,1.211,255,556
263274370,0.610,1.341,0.122,-0.013,0.157,1.211,255,556
263275639,-0.488,0.305,0.366,0.035,0.042,0.891,255,556
263276379,-0.671,0.671,0.488,0.015,0.092,0.924,255,556
263277639,-1.585,0.732,0.549,0.018,0.111,1.137,255,556
263278368,-2.195,1.037,0.854,-0.006,0.055,1.119,255,556
263279638,-2.500,0.915,0.793,0.010,0.052,0.973,255,556
263280373,-2.866,1.280,0.366,0.109,-0.029,1.012,255,556
263281638,-2.561,1.890,0.305,-0.022,0.023,0.997,255,556
263282717,-2.134,2.256,0.122,0.014,-0.040,1.102,255,556
263283641,-1.829,2.561,0.183,0.018,-0.044,1.209,255,565
263284417,-1.280,2.073,0.305,-0.008,-0.073,1.061,255,565
263285638,-0.732,2.195,-0.061,-0.047,0.022,0.844,255,565
263286379,-0.122,2.195,0.305,-0.019,0.006,1.003,255,565
263287639,0.549,1.768,0.244,-0.041,0.035,1.186,255,565
263288377,0.549,1.768,0.244,-0.041,0.035,1.186,255,565
263289639,0.366,0.915,0.366,-0.025,0.080,0.901,255,565
263290379,0.061,0.549,0.427,-0.002,0.110,0.937,255,565
263291639,-0.366,0.671,0.366,0.002,0.112,1.011,255,565
263292367,-0.915,0.976,0.427,0.019,0.039,1.182,255,565
263293638,-1.341,1.037,0.549,0.022,0.045,0.938,255,565
263294380,-1.951,1.037,0.488,0.022,0.045,0.938,255,565
263295639,-2.500,1.280,0.488,0.045,-0.000,0.965,255,565
263296380,-2.988,1.890,0.915,0.048,-0.033,1.271,255,565
263297639,-2.683,1.768,0.549,-0.039,0.002,1.209,255,565
263298376,-2.134,1.768,0.610,-0.000,-0.027,0.818,255,565
263299639,-1.890,2.317,0.488,0.007,-0.015,0.899,255,565
263300378,-1.341,2.134,0.122,0.004,-0.062,1.150,255,565
263301639,0.000,2.134,-0.061,-0.007,-0.004,1.082,255,565
263302466,0.305,1.159,-0.183,-0.047,0.054,0.994,255,565
263303639,0.061,0.976,0.122,0.001,-0.038,0.842,255,565
263304431,-0.061,0.976,0.488,-0.043,0.083,0.935,255,565
263305639,0.122,1.159,0.305,-0.016,0.089,1.197,255,565
263306394,-0.305,0.854,0.366,0.010,0.101,1.235,255,565
263307638,-0.976,0.549,0.488,0.001,0.046,0.769,255,565
263308367,-0.976,0.549,0.488,0.001,0.046,0.769,255,565
263309638,-1.890,1.098,0.793,0.005,0.090,1.212,255,565
263310361,-2.073,1.159,0.732,0.030,0.039,1.318,255,565
263311639,-2.439,1.220,0.671,0.011,0.015,1.040,255,565
263312378,-2.378,1.463,0.427,-0.000,-0.038,0.809,255,565
263313639,-2.256,1.951,0.305,0.033,-0.033,0.975,255,565
263314383,-2.195,2.134,0.366,0.007,0.006,1.085,255,565
263315638,-1.341,2.195,0.183,0.016,-0.028,1.137,255,565
263316379,-0.610,2.195,0.244,-0.004,0.000,1.046,255,565
263317639,-0.366,1.951,0.427,-0.012,-0.009,0.904,255,565
263318375,-0.061,1.951,0.183,-0.072,0.038,0.937,255,565
263319639,-0.183,1.768,-0.183,-0.027,0.063,1.137,255,565
263320381,-0.488,0.915,0.061,-0.027,0.071,1.227,255,565
263321639,-0.671,0.488,0.671,0.029,0.036,0.871,255,565
263322370,-0.671,0.488,0.671,0.029,0.036,0.871,255,565
263323639,-0.976,0.976,0.671,-0.015,0.126,1.163,255,565
263324361,-1.220,0.854,0.671,0.028,0.045,1.121,255,565
263325639,-1.585,0.915,0.427,0.053,0.019,0.963,255,565
263326382,-1.890,1.402,0.366,0.051,0.005,1.078,255,565
263327638,-2.134,1.524,0.244,-0.020,0.006,0.954,255,565
263328377,-2.073,1.951,0.427,0.009,0.043,0.983,255,565
263329638,-1.524,2.317,0.244,0.001,0.007,1.244,255,565
263330398,-1.280,2.073,0.183,0.018,-0.042,1.149,255,565
263331638,-1.402,2.134,0.000,-0.076,0.060,0.882,255,565
263332714,-1.037,1.890,0.122,-0.016,0.002,0.853,255,565
263333641,-1.098,1.768,0.305,-0.042,0.038,1.018,255,575
263334406,-0.549,1.220,0.183,-0.037,0.048,1.241,255,575
263335638,-0.915,0.732,0.366,0.006,-0.000,1.033,255,575
263336380,-0.915,0.732,0.366,0.003,0.070,0.788,255,575
263337639,-0.793,0.549,0.915,-0.004,0.079,0.931,255,575
263338348,-0.549,0.915,0.610,-0.004,0.026,1.066,255,575
263339639,-0.732,1.280,0.732,0.092,0.019,1.210,255,575
263340365,-1.037,1.341,0.915,0.003,0.081,1.176,255,575
263341639,-1.159,1.402,0.610,0.026,0.019,0.791,255,575
263342369,-1.159,1.402,0.610,0.026,0.019,0.791,255,575
263343639,-1.220,2.256,0.549,-0.012,0.024,1.350,255,575
263344377,-1.341,2.195,0.488,-0.013,0.040,1.122,255,575
263345639,-1.159,1.951,0.244,-0.023,0.023,0.949,255,575
263346378,-1.220,1.524,0.000,-0.005,-0.020,0.835,255,575
263347639,-1.402,1.890,0.122,-0.018,0.022,0.969,255,575
263348380,-1.037,1.890,0.183,-0.066,0.057,1.167,255,575
263349638,-0.976,1.159,0.671,-0.023,0.028,1.176,255,575
263350377,-0.793,0.610,0.793,0.008,-0.018,0.852,255,575
263351639,-0.610,0.793,0.671,-0.003,0.040,0.765,255,575
263352341,-0.854,0.976,0.732,0.042,0.053,1.006,255,575
263353639,-0.671,0.976,0.793,0.013,0.051,1.215,255,575
263354360,-0.488,1.463,0.793,0.011,0.053,1.278,255,575
263355639,-0.671,1.585,0.671,0.013,0.038,0.744,255,575
263356370,-0.671,1.585,0.671,0.013,0.038,0.744,255,575
263357638,-1.220,2.500,0.793,-0.038,0.040,1.229,255,575
263358375,-0.915,2.073,0.427,-0.060,0.076,1.240,255,575
263359639,-0.915,1.768,0.366,0.021,0.039,1.083,255,575
263360378,-1.341,1.768,0.671,0.023,0.010,0.995,255,575
263361639,-1.707,1.646,0.122,-0.017,-0.017,0.988,255,575
263362376,-1.585,1.890,-0.061,-0.055,0.020,0.869,255,575
263363639,-1.585,1.524,0.305,-0.018,0.069,1.229,255,575
263364371,-1.220,1.098,0.366,-0.056,-0.002,1.211,255,575
263365638,-1.159,0.854,0.305,-0.023,-0.042,0.974,255,575
263366375,-1.220,0.793,0.549,0.040,0.016,0.805,255,575
263367639,-1.220,0.732,0.610,0.014,0.070,0.923,255,575
263368370,-0.732,1.037,0.793,-0.007,0.054,1.177,255,575
263369638,-0.671,1.280,0.671,0.068,0.011,1.083,255,575
263370366,-0.671,1.280,0.671,0.068,0.011,1.083,255,575
263371639,-1.159,1.829,0.610,0.028,0.003,0.998,255,575
263372370,-0.854,1.585,0.366,-0.035,0.070,0.903,255,575
263373638,-1.037,1.585,0.305,-0.021,0.056,1.047,255,575
263374371,-0.915,1.951,0.305,0.046,0.006,1.171,255,575
263375638,-1.159,2.073,0.305,0.006,0.014,1.071,255,575
263376369,-1.159,2.073,0.305,0.006,0.014,1.071,255,575
263377639,-1.585,1.829,0.122,0.006,0.018,0.799,255,575
263378375,-1.829,1.646,0.244,-0.040,0.068,1.092,255,575
263379639,-1.463,1.220,0.000,-0.037,0.023,1.272,255,575
263380392,-1.402,0.915,0.610,-0.000,-0.011,1.197,255,575
263381638,-1.402,0.427,0.793,0.019,-0.000,1.007,255,575
263382701,-0.854,0.793,0.854,0.005,0.005,0.855,255,575
263383641,-0.854,1.220,0.671,-0.004,0.036,0.992,255,585
263384397,-0.854,1.524,0.610,0.061,0.013,1.248,255,585
263385638,-1.037,1.829,0.854,0.026,0.029,1.321,255,585
263386378,-0.793,1.829,0.671,-0.013,0.029,1.070,255,585
263387638,-0.793,1.463,0.488,0.013,0.023,0.721,255,585
263388383,-0.732,1.707,0.122,0.005,0.043,0.824,255,585
263389639,-0.610,2.500,-0.061,-0.042,0.109,1.311,255,585
263390371,-0.610,2.500,-0.061,-0.042,0.109,1.311,255,585
263391639,-1.220,1.646,-0.061,-0.010,0.034,0.934,255,585
263392384,-1.585,1.524,0.000,-0.013,-0.019,0.808,255,585
263393639,-1.768,1.585,0.122,-0.022,0.039,0.875,255,585
263394387,-1.707,1.098,0.000,-0.055,0.048,1.106,255,585
263395638,-1.341,0.915,0.488,0.026,0.002,1.279,255,585
263396377,-1.280,0.610,0.793,-0.014,0.014,1.189,255,585
263397638,-1.280,0.610,0.854,0.031,-0.012,0.696,255,585
263398379,-1.159,1.098,0.915,0.016,0.022,0.784,255,585
263399639,-0.732,1.707,1.037,0.058,0.026,1.156,255,585
263400378,-0.854,1.890,0.610,-0.013,0.056,1.409,255,585
263401639,-0.427,1.585,0.610,-0.003,0.039,1.237,255,585
263402378,-0.793,1.280,0.305,0.027,0.020,0.858,255,585
263403639,-1.402,2.195,0.122,-0.035,0.037,1.020,255,585
263404382,-1.402,2.195,0.122,-0.022,0.071,1.079,255,585
263405638,-1.037,2.073,0.183,-0.047,0.082,1.092,255,585
263406380,-1.220,1.768,0.305,-0.030,0.054,1.130,255,585
263407639,-1.280,1.646,0.183,-0.001,-0.016,1.144,255,585
263408384,-1.463,1.220,0.183,-0.017,0.007,0.950,255,585
263409638,-1.768,0.732,0.732,-0.016,0.016,0.950,255,585
263410374,-1.768,0.732,0.732,-0.016,0.016,0.950,255,585
263411639,-1.646,0.732,0.976,0.008,0.035,1.238,255,585
263412383,-1.341,0.854,0.976,0.033,-0.002,0.994,255,585
263413638,-1.220,1.341,0.854,0.031,-0.021,0.955,255,585
263414371,-0.610,1.585,0.854,0.070,0.011,0.961,255,585
263415639,-0.671,2.012,0.732,-0.013,0.044,1.078,255,585
263416382,-0.122,2.134,0.671,-0.004,0.055,1.060,255,585
263417639,-0.366,2.378,0.183,-0.006,0.056,1.095,255,585
263418371,-0.671,2.561,0.244,-0.029,0.050,1.220,255,585
263419638,-0.244,2.317,0.061,-0.037,0.045,1.083,255,585
263420384,-0.915,1.768,-0.244,-0.036,0.042,0.793,255,585
263421638,-1.220,1.524,-0.305,-0.027,0.071,0.824,255,585
263422378,-1.037,1.829,0.183,-0.029,0.033,1.070,255,585
263423639,-1.829,0.915,0.061,-0.051,0.026,1.213,255,585
263424382,-1.829,0.915,0.061,-0.051,0.026,1.213,255,585
263425638,-2.195,0.610,0.793,0.028,-0.007,0.896,255,585
263426371,-1.707,0.610,0.976,0.029,0.005,0.951,255,585
263427638,-1.159,0.793,0.610,0.013,0.027,0.804,255,585
263428375,-1.037,1.220,0.854,0.045,0.006,1.081,255,585
263429639,-0.793,1.890,0.732,0.044,0.007,1.244,255,585
263430391,-0.793,2.256,0.610,0.011,0.040,1.308,255,585
263431638,-0.854,1.951,0.244,-0.024,0.026,0.800,255,585
263432696,-0.854,2.012,0.305,-0.019,0.062,0.751,255,585
263433641,-0.366,2.134,0.122,-0.012,0.044,1.125,255,595
263434487,-0.488,2.073,0.061,-0.048,0.096,1.348,255,595
263435639,-0.976,1.341,0.244,-0.029,0.042,1.181,255,595
263436397,-1.159,1.159,-0.183,-0.019,0.037,0.970,255,595
263437638,-1.524,0.976,0.000,0.005,0.013,0.877,255,595
263438394,-1.585,0.915,0.061,-0.059,0.019,0.926,255,595
263439638,-1.524,1.037,0.549,0.040,-0.012,1.161,255,595
263440380,-1.585,1.098,0.671,0.026,0.000,1.245,255,595
263441638,-1.098,1.159,0.732,0.015,0.000,1.272,255,595
263442379,-1.098,0.976,0.976,0.042,-0.017,0.885,255,595
263443639,-0.610,1.890,0.732,0.060,0.001,0.881,255,595
263444403,-0.610,1.890,0.732,0.060,0.001,0.881,255,595
263445639,-0.305,2.622,0.183,-0.011,0.066,1.306,255,595
263446413,0.061,2.256,0.305,-0.032,0.044,1.161,255,595
263447639,-0.610,2.134,0.122,-0.046,0.052,0.942,255,595
263448387,-0.854,1.829,0.000,-0.012,0.025,0.922,255,595
263449638,-1.524,1.524,0.183,0.001,0.044,1.084,255,595
263450413,-1.220,1.037,0.244,-0.040,0.077,0.964,255,595
263451639,-1.829,0.915,0.244,0.021,0.013,1.053,255,595
263452390,-2.134,1.098,0.366,-0.013,0.020,1.167,255,595
263453638,-1.707,0.915,0.488,0.002,0.010,1.127,255,595
263454377,-1.768,0.488,0.427,0.022,-0.042,0.983,255,595
263455638,-1.220,0.488,0.732,0.044,-0.011,0.903,255,595
263456380,-1.280,0.671,0.976,0.070,-0.008,0.931,255,595
263457639,0.000,2.073,1.037,-0.005,0.028,1.111,255,595
263458375,0.000,2.073,1.037,-0.005,0.028,1.111,255,595
263459639,0.061,2.317,0.488,0.023,0.046,0.979,255,595
263460369,0.244,2.561,0.183,-0.012,0.049,1.113,255,595
263461639,-0.305,2.012,0.000,-0.036,0.052,1.093,255,595
263462377,-0.793,1.829,-0.122,-0.057,0.062,0.905,255,595
263463639,-1.037,1.585,0.000,-0.047,0.098,0.830,255,595
263464381,-1.402,1.585,-0.061,-0.024,0.065,1.059,255,595
263465639,-1.585,1.098,-0.183,-0.056,0.084,1.164,255,595
263466376,-1.829,0.732,0.122,-0.008,0.004,1.053,255,595
263467638,-1.768,0.610,0.183,0.006,-0.008,0.950,255,595
263468378,-1.951,0.305,0.183,0.018,-0.046,0.870,255,595
263469639,-1.646,0.488,0.610,0.025,0.033,0.902,255,595
263470370,-1.037,0.610,0.854,0.042,-0.030,1.052,255,595
263471639,-0.671,1.646,0.732,0.053,-0.022,1.212,255,595
263472380,-0.671,1.646,0.732,0.053,-0.022,1.212,255,595
263473638,-0.122,2.317,0.671,-0.029,0.017,1.006,255,595
263474377,-0.305,2.378,0.366,0.000,0.064,0.783,255,595
263475639,0.183,2.317,0.427,-0.006,0.053,0.851,255,595
263476378,-0.183,2.195,0.183,-0.017,0.077,1.121,255,595
263477639,-0.915,1.341,-0.183,-0.057,0.053,1.155,255,595
263478377,-0.915,1.341,-0.183,-0.057,0.053,1.155,255,595
263479639,-1.768,0.854,-0.061,0.008,0.027,0.961,255,595
263480398,-2.317,0.915,0.000,-0.019,0.007,0.983,255,595
263481638,-2.500,0.366,0.488,0.017,-0.007,0.919,255,595
263482719,-1.890,0.732,0.854,-0.014,0.017,0.976,255,595
263483641,-1.890,0.488,0.732,0.018,-0.035,1.153,255,604
263484407,-1.768,0.671,0.549,0.057,-0.004,1.238,255,604
263485638,-0.732,1.159,1.098,0.069,0.000,0.877,255,604
263486383,-0.549,1.524,1.098,0.014,0.014,0.825,255,604
263487639,-0.183,2.561,0.732,0.041,0.058,0.916,255,604
263488376,0.122,2.927,0.366,0.014,0.020,1.166,255,604
263489639,0.122,2.744,0.427,-0.077,0.105,1.216,255,604
263490377,-0.061,2.195,0.366,-0.039,0.073,1.085,255,604
263491639,-0.732,1.829,-0.427,-0.042,0.067,1.044,255,604
263492379,-0.732,1.829,-0.427,-0.042,0.067,1.044,255,604
263493639,-1.463,1.341,0.000,-0.041,0.065,0.994,255,604
263494381,-1.768,0.488,0.122,-0.025,0.004,0.846,255,604
263495638,-2.073,0.366,0.122,0.021,-0.004,0.891,255,604
263496381,-2.439,0.305,0.244,0.014,0.013,1.163,255,604
263497639,-2.073,0.427,0.793,0.020,-0.017,1.206,255,604
263498382,-1.585,0.427,0.793,0.003,-0.018,1.146,255,604
263499638,-1.402,1.159,1.098,0.085,-0.017,0.965,255,604
263500379,-0.854,1.951,1.037,0.040,0.010,1.020,255,604
263501639,0.183,2.439,0.915,-0.019,0.062,1.052,255,604
263502380,0.488,2.744,0.793,0.007,0.050,1.021,255,604
263503638,0.610,2.500,0.427,0.005,0.045,0.981,255,604
263504367,0.061,2.439,0.366,-0.052,0.089,1.065,255,604
263505638,-0.854,2.256,-0.122,-0.086,0.117,1.090,255,604
263506377,-0.854,2.256,-0.122,-0.086,0.117,1.090,255,604
263507639,-1.585,1.159,-0.183,-0.030,0.053,0.771,255,604
263508378,-2.012,0.610,-0.061,-0.002,-0.005,0.910,255,604
263509638,-2.622,0.305,0.488,0.001,0.049,1.151,255,604
263510501,-2.866,0.488,0.427,-0.010,-0.019,1.173,255,604
263511638,-1.951,0.732,0.671,0.060,-0.099,1.099,255,604
263512378,-1.951,0.732,0.671,0.060,-0.099,1.099,255,604
263513639,-1.463,0.915,1.159,0.060,-0.039,0.963,255,604
263514382,-0.488,1.646,1.037,0.043,0.058,0.878,255,604
263515639,0.305,2.134,1.037,0.021,-0.020,0.901,255,604
263516377,0.610,2.927,0.671,0.015,0.070,1.108,255,604
263517638,0.793,3.049,0.610,0.024,0.074,1.265,255,604
263518380,0.610,2.866,0.488,-0.097,0.105,1.257,255,604
263519639,-0.854,2.195,-0.183,-0.046,0.082,0.835,255,604
263520379,-1.585,1.646,-0.061,-0.086,0.097,0.874,255,604
263521639,-1.829,0.976,-0.122,-0.036,0.029,1.054,255,604
263522378,-1.768,0.671,0.061,-0.040,0.060,1.024,255,604
263523639,-1.890,0.000,0.061,-0.009,0.060,1.055,255,604
263524371,-2.500,-0.061,0.122,-0.006,0.007,1.079,255,604
263525639,-2.317,0.671,0.610,0.062,-0.051,1.078,255,604
263526378,-2.317,0.671,0.610,0.062,-0.051,1.078,255,604
263527639,-1.829,0.549,0.732,0.065,-0.023,0.837,255,604
263528384,-0.427,1.220,1.280,0.075,-0.046,0.924,255,604
263529638,-0.061,2.134,1.037,0.053,0.042,1.122,255,604
263530396,0.000,2.866,0.610,-0.042,0.043,1.213,255,604
263531638,0.549,3.476,0.732,-0.003,0.135,1.206,255,604
263532700,0.061,2.988,0.183,-0.048,0.080,0.940,255,604
263533641,-0.366,2.683,0.061,-0.058,0.083,1.040,255,614
263534396,-0.854,1.951,0.244,-0.084,0.109,1.130,255,614
263535638,-1.220,1.159,0.366,-0.081,0.044,0.963,255,614
263536384,-1.890,0.305,-0.183,-0.044,0.065,0.817,255,614
263537638,-2.439,0.183,0.061,0.018,0.023,0.958,255,614
263538379,-2.683,-0.244,0.183,0.023,0.006,1.228,255,614
263539639,-2.317,0.610,0.244,0.058,-0.038,1.098,255,614
263540371,-2.317,0.610,0.244,0.058,-0.038,1.098,255,614
263541639,-1.707,0.732,0.854,0.074,-0.054,0.917,255,614
263542384,-0.854,1.707,1.220,0.065,-0.039,0.984,255,614
263543638,-0.244,1.768,0.671,0.037,0.042,1.059,255,614
263544370,-0.366,2.683,0.671,-0.035,0.044,1.098,255,614
263545638,0.671,3.293,1.037,0.015,0.094,0.992,255,614
263546377,0.671,3.293,1.037,0.015,0.094,0.992,255,614
263547639,-0.244,2.439,0.122,-0.093,0.140,1.225,255,614
263548371,-0.793,1.707,0.183,-0.104,0.078,1.023,255,614
263549639,-1.707,0.793,0.122,-0.070,0.058,0.812,255,614
263550440,-2.012,0.427,0.061,-0.033,0.032,0.811,255,614
263551639,-2.439,0.488,0.244,0.007,0.022,1.019,255,614
263552412,-2.622,-0.366,0.122,0.002,0.032,1.183,255,614
263553638,-2.683,0.183,0.610,0.070,-0.030,1.111,255,614
263554390,-2.073,0.671,0.671,0.089,-0.080,1.082,255,614
263555638,-1.585,1.159,0.793,0.089,-0.056,1.010,255,614
263556370,-1.159,1.707,0.732,0.052,-0.036,1.022,255,614
263557638,0.122,2.012,0.976,0.043,0.014,0.895,255,614
263558381,0.610,2.317,0.854,0.008,0.050,0.878,255,614
263559639,0.793,3.598,0.549,-0.040,0.140,1.092,255,614
263560373,0.793,3.598,0.549,-0.040,0.140,1.092,255,614
263561639,0.000,2.500,-0.061,-0.126,0.121,1.130,255,614
263562393,-0.915,1.768,-0.305,-0.099,0.073,1.018,255,614
263563638,-1.646,0.976,0.000,-0.079,0.086,0.980,255,614
263564379,-2.012,0.549,0.122,-0.027,0.002,0.979,255,614
263565638,-2.561,-0.061,0.061,0.008,0.049,1.010,255,614
263566372,-2.256,-0.488,0.305,-0.001,-0.000,0.936,255,614
263567639,-2.439,0.122,0.671,0.085,-0.028,1.087,255,614
263568502,-2.012,0.976,0.671,0.080,-0.043,1.211,255,614
263569638,-1.768,1.341,0.671,0.078,-0.070,1.175,255,614
263570380,-0.671,1.402,0.671,0.038,-0.000,1.093,255,614
263571639,-0.366,2.012,0.732,0.077,0.006,0.850,255,614
263572376,0.122,2.378,0.854,0.016,0.016,0.866,255,614
263573639,0.854,3.293,0.610,-0.053,0.124,1.133,255,614
263574377,0.854,3.293,0.610,-0.053,0.124,1.133,255,614
263575639,0.122,2.561,0.366,-0.080,0.083,0.957,255,614
263576377,-1.098,1.585,0.244,-0.089,0.110,0.915,255,614
263577639,-1.829,1.280,0.122,-0.103,0.060,1.065,255,614
263578381,-2.317,0.671,0.122,-0.039,0.042,1.272,255,614
263579638,-2.622,-0.793,0.122,0.022,-0.024,0.937,255,614
263580405,-2.622,-0.793,0.122,0.022,-0.024,0.937,255,614
263581638,-2.500,-0.122,0.671,0.050,-0.022,0.942,255,614
263582707,-2.256,0.610,0.793,0.105,-0.058,1.080,255,614
263583641,-1.768,1.159,0.549,0.053,-0.036,1.127,255,624
263584410,-0.671,1.707,0.732,0.016,-0.024,1.135,255,624
263585638,-0.122,1.890,0.610,0.087,-0.015,0.937,255,624
263586380,0.122,2.683,0.610,0.015,0.030,1.038,255,624
263587638,0.671,3.415,0.427,-0.077,0.141,1.178,255,624
263588377,0.488,3.354,0.183,-0.068,0.110,1.018,255,624
263589639,-0.366,2.805,-0.122,-0.048,0.067,0.881,255,624
263590375,-1.098,2.134,-0.061,-0.119,0.088,0.772,255,624
263591639,-1.768,1.341,-0.244,-0.097,0.052,0.980,255,624
263592381,-2.622,0.732,0.122,-0.070,0.097,1.233,255,624
263593639,-2.683,-0.854,0.000,0.032,-0.018,1.136,255,624
263594382,-2.683,-0.854,0.000,0.032,-0.018,1.136,255,624
263595638,-2.683,0.122,0.793,0.114,-0.031,1.007,255,624
263596386,-2.317,0.854,0.915,0.109,-0.072,0.971,255,624
263597638,-1.646,1.341,0.732,0.027,-0.027,0.982,255,624
263598380,-0.732,2.012,0.793,0.046,-0.039,0.990,255,624
263599639,-0.122,2.256,0.976,0.079,0.006,0.889,255,624
263600376,0.305,2.439,1.098,-0.002,0.020,1.027,255,624
263601639,0.793,3.232,0.671,-0.101,0.128,1.234,255,624
263602367,0.183,2.988,0.305,-0.084,0.142,1.161,255,624
263603638,-0.122,2.622,0.183,-0.086,0.110,1.067,255,624
263604378,-0.915,1.707,0.061,-0.073,0.047,0.859,255,624
263605638,-1.646,0.915,-0.122,-0.114,0.091,0.924,255,624
263606371,-2.378,0.488,0.305,-0.022,0.058,1.014,255,624
263607638,-3.232,-0.610,-0.061,0.007,-0.040,0.995,255,624
263608504,-2.927,-0.732,0.305,0.053,-0.021,1.025,255,624
263609638,-2.317,-0.122,0.610,0.122,-0.076,1.136,255,624
263610377,-2.317,0.549,0.549,0.098,-0.060,1.218,255,624
263611639,-1.768,1.280,0.549,0.070,-0.055,1.139,255,624
263612383,-0.488,1.951,0.732,0.058,-0.016,0.983,255,624
263613638,0.366,2.683,0.671,0.011,0.026,0.926,255,624
263614372,0.366,2.683,0.671,0.011,0.026,0.926,255,624
263615639,0.793,3.659,0.549,-0.062,0.091,1.021,255,624
263616373,0.305,3.110,0.244,-0.073,0.161,1.103,255,624
263617639,0.061,2.561,0.000,-0.134,0.081,0.960,255,624
263618379,-1.098,1.646,-0.183,-0.110,0.063,0.904,255,624
263619638,-1.951,0.793,0.183,-0.117,0.071,1.006,255,624
263620382,-2.561,0.183,0.244,-0.000,0.054,1.211,255,624
263621638,-3.049,-0.854,0.549,0.016,-0.057,1.062,255,624
263622384,-2.866,-0.549,0.305,0.096,-0.035,0.938,255,624
263623639,-2.805,0.244,0.488,0.116,-0.071,0.875,255,624
263624380,-1.951,0.976,0.793,0.098,-0.054,1.002,255,624
263625639,-0.610,1.341,0.915,0.062,-0.056,1.051,255,624
263626379,-0.366,2.195,0.610,0.051,-0.006,1.082,255,624
263627639,0.549,3.049,0.976,-0.004,0.062,1.006,255,624
263628370,0.549,3.049,0.976,-0.004,0.062,1.006,255,624
263629638,0.427,3.415,0.244,-0.073,0.135,1.042,255,624
263630399,0.061,3.110,0.244,-0.084,0.152,1.258,255,624
263631638,-0.610,2.195,-0.183,-0.111,0.084,1.225,255,624
263632692,-1.585,1.341,-0.061,-0.122,0.061,0.954,255,624
263633641,-2.134,0.549,-0.061,-0.058,0.021,0.749,255,634
263634400,-2.744,0.061,0.305,-0.001,0.085,0.840,255,634
263635638,-2.439,-0.732,0.488,0.036,-0.010,1.142,255,634
263636456,-2.561,-0.305,0.427,0.070,-0.067,1.163,255,634
263637639,-2.195,0.671,0.488,0.112,-0.020,1.116,255,634
263638394,-1.402,1.280,0.610,0.101,-0.103,1.084,255,634
263639638,-1.037,2.134,0.305,0.050,-0.054,1.045,255,634
263640376,-0.366,2.744,0.549,0.047,-0.006,1.058,255,634
263641639,0.976,2.988,0.610,-0.038,0.112,1.038,255,634
263642369,0.976,2.988,0.610,-0.038,0.112,1.038,255,634
263643638,0.366,3.049,0.427,-0.076,0.155,0.815,255,634
263644376,-0.122,2.805,0.244,-0.063,0.138,0.923,255,634
263645639,-0.854,2.195,0.000,-0.124,0.115,1.175,255,634
263646388,-1.463,0.793,-0.305,-0.113,0.032,1.166,255,634
263647638,-2.622,-0.549,0.305,0.015,0.009,1.007,255,634
263648381,-2.622,-0.549,0.305,0.015,0.009,1.007,255,634
263649638,-3.049,-0.305,0.305,0.037,-0.049,1.107,255,634
263650374,-2.439,-0.061,0.244,0.125,-0.055,0.976,255,634
263651639,-2.195,0.976,0.732,0.118,-0.024,0.965,255,634
263652384,-1.463,1.707,0.671,0.084,-0.084,0.998,255,634
263653639,-0.610,2.500,0.610,0.038,-0.044,1.028,255,634
263654370,-0.061,2.744,0.610,0.057,-0.003,0.985,255,634
263655638,1.159,3.049,0.610,-0.084,0.127,1.099,255,634
263656375,0.854,3.293,0.366,-0.096,0.106,1.142,255,634
263657639,0.061,2.744,0.427,-0.072,0.140,1.019,255,634
263658370,-0.488,2.378,0.244,-0.101,0.094,0.963,255,634
263659638,-1.280,1.707,-0.122,-0.127,0.077,1.078,255,634
263660382,-2.439,0.671,-0.061,-0.082,0.070,1.139,255,634
263661639,-3.415,-0.671,0.610,0.028,0.001,0.951,255,634
263662416,-3.415,-0.671,0.610,0.028,0.001,0.951,255,634
263663639,-2.744,-0.427,0.488,0.106,-0.072,0.935,255,634
263664421,-2.195,0.488,0.732,0.111,-0.062,1.050,255,634
263665639,-1.280,1.524,0.366,0.104,-0.048,1.099,255,634
263666452,-0.915,2.195,0.305,0.048,-0.044,1.132,255,634
263667639,0.122,2.561,0.671,0.020,0.000,1.029,255,634
263668389,0.488,2.805,0.366,0.050,0.034,0.968,255,634
263669638,0.915,3.415,0.671,-0.077,0.088,1.117,255,634
263670379,0.488,2.988,0.244,-0.105,0.165,1.112,255,634
263671639,0.000,2.683,0.488,-0.073,0.141,1.155,255,634
263672381,-0.854,1.829,0.183,-0.121,0.086,0.964,255,634
263673639,-1.707,1.037,-0.183,-0.129,0.059,0.865,255,634
263674377,-2.378,0.183,-0.061,-0.042,-0.001,0.813,255,634
263675639,-2.683,-0.854,0.305,0.086,-0.037,1.170,255,634
263676500,-2.561,-0.793,0.061,0.052,-0.047,1.228,255,634
263677638,-2.256,0.122,0.366,0.108,-0.060,1.116,255,634
263678377,-1.402,1.220,0.671,0.120,-0.055,1.038,255,634
263679639,-0.610,1.890,0.671,0.107,-0.075,1.054,255,634
263680402,-0.122,2.683,0.427,0.023,-0.053,1.054,255,634
263681638,0.915,3.171,0.793,0.001,0.110,1.083,255,634
263682755,1.220,3.354,0.549,-0.083,0.107,1.052,255,634
263683436,1.098,3.049,0.305,-0.104,0.107,0.878,255,643
263684638,0.244,2.866,0.122,-0.091,0.144,0.792,255,643
263685374,-0.732,2.134,0.366,-0.076,0.106,0.958,255,643
263686639,-1.707,1.341,-0.061,-0.136,0.086,1.060,255,643
263687379,-2.439,0.305,-0.183,-0.094,0.042,1.198,255,643
263688638,-2.805,-0.854,0.183,0.054,-0.014,1.061,255,643
263689367,-2.805,-0.854,0.183,0.054,-0.014,1.061,255,643
263690638,-2.622,-0.244,0.549,0.104,-0.071,1.053,255,643
263691369,-2.195,0.610,0.488,0.133,-0.058,1.043,255,643
263692639,-1.524,1.524,0.671,0.102,-0.035,1.021,255,643
263693366,-0.305,2.317,0.549,0.054,-0.038,1.038,255,643
263694638,0.244,2.988,0.366,0.017,-0.015,0.991,255,643
263695365,0.732,3.171,0.427,0.018,0.050,0.940,255,643
263696639,0.671,3.354,0.366,-0.106,0.117,1.022,255,643
263697360,0.488,3.354,0.244,-0.132,0.171,1.131,255,643
263698639,-0.427,2.561,0.305,-0.101,0.115,1.106,255,643
263699373,-0.976,1.402,0.183,-0.134,0.093,0.976,255,643
263700639,-1.768,0.427,0.000,-0.070,0.031,0.981,255,643
263701372,-2.622,-0.305,0.366,-0.041,0.051,1.082,255,643
263702639,-3.171,-0.976,0.610,0.092,-0.019,1.178,255,643
263703373,-3.171,-0.976,0.610,0.092,-0.019,1.178,255,643
263704638,-2.561,0.061,0.122,0.126,-0.082,0.959,255,643
263705363,-1.890,1.098,0.488,0.113,-0.057,0.984,255,643
263706638,-0.976,2.073,0.427,0.125,-0.069,1.049,255,643
263707373,-0.122,2.744,0.305,0.022,-0.020,1.030,255,643
263708638,0.793,3.354,0.671,-0.017,0.017,1.009,255,643
263709363,1.280,3.415,0.732,-0.020,0.109,1.008,255,643
263710638,0.610,2.866,0.122,-0.133,0.146,0.947,255,643
263711373,-0.183,2.561,0.183,-0.113,0.128,0.957,255,643
263712639,-0.854,1.890,0.366,-0.107,0.117,1.088,255,643
263713368,-1.585,0.976,0.305,-0.085,0.107,1.193,255,643
263714638,-2.500,0.000,0.122,-0.069,0.019,1.250,255,643
263715372,-3.049,-0.610,0.061,-0.007,0.007,1.041,255,643
263716639,-2.927,-0.854,0.488,0.114,-0.074,0.938,255,643
263717364,-2.927,-0.854,0.488,0.114,-0.074,0.938,255,643
263718638,-1.646,1.037,0.183,0.095,-0.059,1.059,255,643
263719372,-0.671,1.951,0.488,0.143,-0.041,1.035,255,643
263720639,-0.305,2.805,0.366,0.030,-0.021,1.039,255,643
263721366,0.244,3.659,0.366,-0.027,-0.007,0.974,255,643
263722639,0.976,3.659,0.427,-0.097,0.109,0.938,255,643
263723373,0.976,3.659,0.427,-0.097,0.109,0.938,255,643
263724639,0.549,2.317,0.549,-0.140,0.188,1.177,255,643
263725366,-0.549,1.707,0.671,-0.116,0.113,1.188,255,643
263726638,-1.280,0.854,0.488,-0.091,0.075,1.180,255,643
263727365,-2.439,-0.122,0.305,-0.076,0.027,0.998,255,643
263728638,-3.232,-0.793,0.366,0.022,-0.009,0.888,255,643
263729364,-3.232,-1.037,0.488,0.086,0.019,0.919,255,643
263730638,-2.256,-0.671,0.366,0.109,-0.047,1.096,255,643
263731703,-1.890,0.732,0.427,0.096,-0.062,1.018,255,643
263732641,-1.463,1.829,0.488,0.133,-0.040,1.037,255,653
263733411,-0.915,2.805,0.305,0.058,-0.042,1.030,255,653
263734638,-0.061,3.354,0.427,0.007,-0.038,0.982,255,653
263735375,0.793,3.476,0.549,-0.038,0.060,1.005,255,653
263736639,0.671,3.232,0.366,-0.108,0.123,1.188,255,653
263737376,0.671,3.232,0.366,-0.108,0.123,1.188,255,653
263738639,-0.671,1.890,0.549,-0.089,0.107,1.034,255,653
263739378,-1.768,0.976,0.488,-0.106,0.078,0.950,255,653
263740639,-2.378,0.244,0.427,-0.052,0.066,0.986,255,653
263741379,-2.927,-0.488,0.488,-0.008,0.025,1.086,255,653
263742639,-3.110,-1.037,0.427,0.043,0.009,1.089,255,653
263743366,-2.683,-1.463,0.305,0.137,-0.054,1.023,255,653
263744638,-2.134,0.366,0.244,0.116,-0.067,0.998,255,653
263745381,-1.280,1.768,0.549,0.135,-0.057,1.059,255,653
263746639,-0.610,2.866,0.122,0.076,-0.040,1.056,255,653
263747379,-0.061,3.232,-0.061,-0.015,-0.016,1.002,255,653
263748639,0.671,3.415,0.244,-0.030,0.053,1.003,255,653
263749495,0.915,3.537,0.549,-0.067,0.108,1.028,255,653
263750638,0.854,3.049,0.427,-0.134,0.152,0.995,255,653
263751377,0.854,3.049,0.427,-0.134,0.152,0.995,255,653
263752639,-0.793,1.220,0.488,-0.118,0.129,1.148,255,653
263753388,-1.890,0.488,0.366,-0.090,0.057,1.170,255,653
263754638,-2.805,-0.549,0.244,-0.039,0.041,1.149,255,653
263755370,-2.988,-1.280,0.793,0.052,-0.026,0.991,255,653
263756639,-2.805,-0.671,0.793,0.167,-0.094,0.986,255,653
263757381,-2.805,-0.671,0.793,0.167,-0.094,0.986,255,653
263758638,-1.646,1.707,0.610,0.103,-0.033,1.080,255,653
263759369,-0.549,2.683,0.366,0.105,-0.041,1.032,255,653
263760639,-0.061,3.537,0.061,-0.013,-0.005,1.015,255,653
263761378,0.549,3.902,0.122,-0.040,0.033,0.958,255,653
263762639,1.037,3.659,0.427,-0.049,0.103,0.952,255,653
263763369,0.976,3.415,0.305,-0.125,0.104,0.917,255,653
263764638,-0.122,2.134,0.488,-0.128,0.150,1.037,255,653
263765371,-1.341,1.646,0.610,-0.145,0.116,1.140,255,653
263766638,-2.256,0.610,0.671,-0.090,0.058,1.266,255,653
263767384,-2.988,-0.671,0.610,-0.032,0.000,1.082,255,653
263768638,-3.232,-1.098,0.854,0.059,-0.002,1.017,255,653
263769380,-2.561,-1.463,0.671,0.161,-0.062,0.989,255,653
263770639,-2.195,0.244,0.549,0.142,-0.093,1.080,255,653
263771461,-1.159,1.707,0.183,0.095,-0.006,1.074,255,653
263772639,-0.854,2.927,0.244,0.129,-0.030,1.060,255,653
263773405,0.061,3.476,0.427,0.001,0.012,1.002,255,653
263774638,0.549,3.963,0.122,-0.046,0.010,1.022,255,653
263775374,0.854,3.720,0.427,-0.044,0.110,0.897,255,653
263776639,0.854,3.354,0.610,-0.105,0.123,0.937,255,653
263777379,0.427,2.866,0.427,-0.175,0.154,0.976,255,653
263778639,-1.220,1.402,0.549,-0.118,0.119,1.060,255,653
263779379,-2.134,0.244,0.610,-0.086,0.061,1.133,255,653
263780640,-2.988,-0.610,0.610,-0.011,-0.005,1.032,255,653
263781724,-3.415,-1.402,0.671,0.062,-0.050,1.015,255,653
263782504,-3.232,-1.159,0.854,0.152,-0.022,1.058,255,663
263783638,-2.195,0.427,0.244,0.092,-0.058,1.100,255,663
263784382,-2.195,0.427,0.244,0.092,-0.058,1.100,255,663
263785638,-0.610,2.927,0.122,0.095,-0.002,1.060,255,663
263786374,0.244,3.659,0.366,0.023,-0.008,1.061,255,663
263787638,0.915,4.024,0.244,-0.055,0.023,1.022,255,663
263788370,1.098,4.146,0.488,-0.098,0.095,0.983,255,663
263789638,0.854,3.537,0.549,-0.105,0.143,1.029,255,663
263790376,0.549,2.805,0.305,-0.193,0.171,1.039,255,663
263791638,-1.341,0.854,0.610,-0.115,0.098,1.014,255,663
263792375,-2.195,-0.061,0.854,-0.083,0.071,0.878,255,663
263793639,-2.988,-0.854,0.610,0.037,-0.043,0.932,255,663
263794375,-3.293,-0.976,0.732,0.057,-0.022,1.010,255,663
263795638,-3.171,-1.280,0.549,0.168,-0.065,1.110,255,663
263796375,-2.561,-0.976,0.549,0.165,-0.051,1.147,255,663
263797639,-0.854,1.402,0.061,0.119,-0.060,1.031,255,663
263798375,-0.854,1.402,0.061,0.119,-0.060,1.031,255,663
263799638,0.427,4.085,0.061,0.047,-0.014,1.041,255,663
263800375,0.915,4.573,0.000,-0.111,0.046,1.010,255,663
263801639,1.220,4.268,0.183,-0.094,0.074,0.995,255,663
263802381,0.915,3.171,0.549,-0.141,0.154,1.074,255,663
263803638,0.305,2.744,0.671,-0.201,0.160,1.069,255,663
263804370,-0.488,1.646,0.549,-0.150,0.160,1.211,255,663
263805638,-2.744,-0.183,0.793,-0.032,0.017,0.959,255,663
263806376,-3.049,-0.671,0.671,0.009,0.001,0.956,255,663
263807638,-3.415,-1.098,0.366,0.119,-0.072,0.936,255,663
263808374,-3.049,-1.037,0.183,0.162,-0.039,1.068,255,663
263809639,-2.500,-0.854,0.183,0.160,-0.073,1.098,255,663
263810376,-1.829,0.244,0.183,0.174,-0.069,1.121,255,663
263811638,-0.183,3.476,0.244,0.096,-0.023,1.018,255,663
263812376,-0.183,3.476,0.244,0.096,-0.023,1.018,255,663
263813638,0.854,4.451,0.183,-0.101,0.043,0.966,255,663
263814375,0.793,4.085,0.244,-0.121,0.092,0.958,255,663
263815638,0.976,3.476,0.488,-0.165,0.154,0.945,255,663
263816369,0.183,2.195,0.610,-0.169,0.119,1.017,255,663
263817639,-1.524,0.122,1.037,-0.070,0.060,1.084,255,663
263818380,-1.524,0.122,1.037,-0.070,0.060,1.084,255,663
263819638,-3.293,-1.098,0.610,0.068,-0.049,1.038,255,663
263820372,-3.537,-1.159,0.183,0.107,-0.063,1.009,255,663
263821639,-3.293,-0.976,0.183,0.170,-0.078,0.998,255,663
263822382,-2.805,-0.549,0.244,0.200,-0.091,1.117,255,663
263823638,-1.768,0.671,0.183,0.168,-0.053,1.106,255,663
263824377,-0.671,2.256,-0.061,0.081,-0.031,1.066,255,663
263825638,0.549,4.634,-0.244,-0.019,0.039,0.996,255,663
263826379,1.037,4.634,-0.122,-0.099,0.049,1.072,255,663
263827638,0.915,3.902,0.000,-0.196,0.115,0.901,255,663
263828378,0.854,2.988,0.183,-0.167,0.143,1.022,255,663
263829639,0.000,1.829,0.549,-0.177,0.189,1.038,255,663
263830403,-0.610,0.854,0.793,-0.139,0.133,1.091,255,663
263831638,-2.988,-0.671,0.793,-0.023,0.005,1.053,255,663
263832677,-3.232,-1.037,0.793,0.104,-0.028,0.973,255,663
263833641,-3.598,-1.463,0.671,0.125,-0.075,0.994,255,673
263834410,-2.927,-1.159,0.610,0.188,-0.091,1.080,255,673
263835638,-1.951,-0.122,0.732,0.197,-0.089,1.084,255,673
263836384,-1.098,1.098,0.366,0.159,-0.077,1.063,255,673
263837638,0.061,2.256,0.000,0.112,-0.011,1.043,255,673
263838379,0.610,3.720,-0.183,0.017,0.005,0.981,255,673
263839638,1.220,4.634,-0.061,-0.127,0.076,1.025,255,673
263840365,0.732,3.780,0.305,-0.167,0.130,0.886,255,673
263841638,0.549,2.927,0.671,-0.201,0.155,0.980,255,673
263842371,-0.427,1.280,0.732,-0.169,0.142,0.986,255,673
263843639,-1.098,0.305,0.976,-0.136,0.167,1.170,255,673
263844374,-2.073,-0.305,1.037,-0.070,0.065,1.170,255,673
263845639,-3.110,-1.646,0.671,0.111,-0.048,1.029,255,673
263846379,-3.110,-1.646,0.671,0.111,-0.048,1.029,255,673
263847638,-3.110,-0.610,0.610,0.185,-0.079,1.013,255,673
263848373,-1.829,0.488,0.366,0.211,-0.113,1.033,255,673
263849639,-1.159,1.585,0.000,0.162,-0.017,1.099,255,673
263850379,-0.366,3.110,-0.122,0.071,-0.034,1.086,255,673
263851638,0.854,4.695,-0.305,-0.086,0.070,1.052,255,673
263852364,0.854,4.695,-0.305,-0.086,0.070,1.052,255,673
263853638,0.610,3.598,0.061,-0.218,0.152,1.054,255,673
263854368,0.122,2.744,0.366,-0.207,0.120,0.904,255,673
263855639,-0.671,1.402,0.610,-0.146,0.167,0.930,255,673
263856374,-1.646,0.000,0.793,-0.105,0.114,0.933,255,673
263857639,-2.561,-0.671,0.610,-0.046,0.050,1.051,255,673
263858372,-2.927,-1.220,0.610,0.035,0.054,1.043,255,673
263859638,-3.293,-0.915,0.854,0.154,-0.057,1.148,255,673
263860369,-3.293,-0.915,0.854,0.207,-0.131,1.044,255,673
263861638,-2.012,0.976,0.305,0.222,-0.112,1.032,255,673
263862378,-0.854,2.012,-0.183,0.135,-0.042,0.975,255,673
263863638,0.000,3.354,-0.183,0.071,-0.013,1.040,255,673
263864378,0.488,4.512,-0.366,-0.063,0.056,1.007,255,673
263865639,1.098,4.573,0.000,-0.178,0.129,0.990,255,673
263866373,1.098,4.573,0.000,-0.178,0.129,0.990,255,673
263867638,0.183,2.561,0.549,-0.186,0.118,1.107,255,673
263868370,-0.732,0.732,0.732,-0.187,0.167,0.958,255,673
263869639,-1.585,-0.671,1.402,-0.046,0.091,1.065,255,673
263870370,-2.622,-1.463,1.524,-0.040,0.042,1.046,255,673
263871638,-3.293,-1.646,0.976,0.113,-0.019,1.021,255,673
263872379,-3.659,-1.585,0.793,0.190,-0.067,1.046,255,673
263873639,-2.561,0.244,0.183,0.205,-0.104,1.139,255,673
263874378,-1.341,1.524,-0.061,0.172,-0.074,1.061,255,673
263875638,-0.244,2.988,-0.061,0.154,-0.051,1.095,255,673
263876376,0.244,4.085,-0.305,-0.001,-0.009,1.050,255,673
263877639,1.098,4.939,-0.488,-0.074,0.038,1.004,255,673
263878368,1.280,4.878,-0.061,-0.153,0.107,0.958,255,673
263879639,0.549,3.232,0.427,-0.250,0.161,1.071,255,673
263880396,0.549,3.232,0.427,-0.250,0.161,1.071,255,673
263881638,-1.402,0.000,1.220,-0.107,0.143,1.078,255,673
263882677,-2.134,-1.341,1.707,-0.086,0.095,1.035,255,673
263883641,-2.927,-1.585,1.585,0.070,0.020,1.038,255,682
263884426,-3.293,-1.463,1.159,0.158,-0.045,1.021,255,682
263885638,-2.927,-0.427,0.488,0.236,-0.120,1.081,255,682
263886389,-2.927,-0.427,0.488,0.236,-0.120,1.081,255,682
263887638,-0.915,2.134,-0.122,0.168,-0.056,1.092,255,682
263888379,0.061,3.354,-0.305,0.052,-0.029,1.065,255,682
263889639,0.549,4.817,-0.183,-0.051,0.042,1.037,255,682
263890383,1.159,5.122,-0.244,-0.114,0.089,1.051,255,682
263891639,1.098,4.695,0.061,-0.170,0.130,0.984,255,682
263892378,0.671,3.415,0.122,-0.234,0.137,0.889,255,682
263893639,-0.671,0.793,1.159,-0.168,0.135,1.024,255,682
263894381,-1.646,-0.549,1.585,-0.065,0.125,1.059,255,682
263895639,-2.683,-1.524,1.585,-0.020,0.068,1.133,255,682
263896380,-3.110,-1.890,1.280,0.089,0.001,1.146,255,682
263897639,-3.354,-1.402,1.220,0.170,-0.081,1.090,255,682
263898385,-3.293,-1.098,0.488,0.228,-0.123,1.103,255,682
263899638,-1.524,1.402,0.061,0.227,-0.126,1.038,255,682
263900379,-1.524,1.402,0.061,0.227,-0.126,1.038,255,682
263901639,0.488,4.085,-0.549,0.025,-0.029,1.003,255,682
263902380,0.732,5.122,-0.305,-0.105,0.087,1.031,255,682
263903639,1.341,5.488,-0.305,-0.179,0.076,0.961,255,682
263904380,0.976,4.878,-0.244,-0.221,0.150,1.054,255,682
263905639,0.610,3.476,0.122,-0.272,0.177,1.075,255,682
263906384,-0.183,1.829,0.793,-0.211,0.152,1.129,255,682
263907638,-2.317,-1.220,1.402,-0.018,0.084,1.027,255,682
263908379,-3.415,-1.768,1.341,0.049,-0.004,0.992,255,682
263909639,-3.598,-1.707,0.976,0.166,-0.054,0.957,255,682
263910381,-3.720,-1.220,0.915,0.234,-0.123,1.065,255,682
263911639,-3.232,-0.366,0.549,0.221,-0.080,1.042,255,682
263912379,-2.256,0.976,0.183,0.226,-0.126,1.109,255,682
263913639,0.183,3.537,-0.366,0.104,-0.035,1.033,255,682
263914381,0.183,3.537,-0.366,0.104,-0.035,1.033,255,682
263915639,1.646,5.244,-0.427,-0.142,0.076,0.939,255,682
263916379,1.463,5.244,0.000,-0.175,0.142,1.071,255,682
263917639,0.976,3.963,0.244,-0.277,0.183,0.921,255,682
263918384,-0.061,2.439,0.488,-0.244,0.153,1.021,255,682
263919638,-0.915,0.549,0.793,-0.048,0.113,1.017,255,682
263920384,-2.073,-0.793,1.098,-0.048,0.113,1.017,255,682
263921638,-3.293,-2.073,1.159,0.122,-0.003,1.074,255,682
263922383,-3.537,-1.829,1.037,0.207,-0.111,1.142,255,682
263923639,-3.232,-1.159,0.610,0.221,-0.092,1.033,255,682
263924379,-2.561,0.183,0.183,0.264,-0.152,1.103,255,682
263925639,-1.524,1.402,0.000,0.216,-0.077,0.989,255,682
263926371,-0.183,3.232,-0.427,0.118,-0.056,1.064,255,682
263927639,1.463,5.366,-0.549,-0.110,0.064,1.035,255,682
263928388,1.341,5.366,-0.061,-0.221,0.125,1.072,255,682
263929638,1.341,4.390,0.122,-0.243,0.163,1.025,255,682
263930399,0.549,2.805,0.488,-0.271,0.154,1.101,255,682
263931638,-0.061,1.280,0.854,-0.228,0.202,0.979,255,682
263932675,-1.524,-0.488,1.402,-0.103,0.090,0.978,255,682
263933641,-3.232,-2.012,1.585,0.125,-0.026,1.000,255,692
263934427,-3.232,-2.012,1.585,0.125,-0.026,1.000,255,692
263935638,-3.720,-1.159,0.976,0.230,-0.106,1.037,255,692
263936387,-3.171,-0.305,0.305,0.278,-0.146,1.162,255,692
263937638,-1.951,1.159,0.122,0.205,-0.068,1.027,255,692
263938380,-0.854,2.622,-0.366,0.179,-0.103,1.120,255,692
263939639,0.427,4.024,-0.976,0.011,0.014,1.020,255,692
263940383,1.220,5.061,-0.976,-0.013,-0.011,1.083,255,692
263941638,1.341,4.939,-0.122,-0.195,0.098,0.925,255,692
263942375,0.793,3.720,0.183,-0.267,0.199,0.897,255,692
263943638,0.183,1.829,0.427,-0.276,0.160,0.894,255,692
263944379,-0.915,0.305,1.159,-0.134,0.145,0.984,255,692
263945639,-2.073,-1.037,1.402,-0.092,0.130,1.073,255,692
263946380,-3.049,-2.012,1.524,0.086,0.046,1.214,255,692
263947638,-3.963,-1.463,0.854,0.242,-0.106,1.047,255,692
263948380,-3.963,-1.463,0.854,0.242,-0.106,1.047,255,692
263949639,-2.134,0.366,0.122,0.283,-0.116,0.982,255,692
263950380,-1.646,2.012,-0.366,0.168,-0.120,1.092,255,692
263951639,-0.122,4.024,-0.610,0.112,-0.039,0.984,255,692
263952381,0.610,5.183,-0.610,-0.029,0.002,1.078,255,692
263953638,1.463,5.427,-0.366,-0.210,0.124,0.958,255,692
263954378,1.341,5.427,-0.366,-0.210,0.124,0.958,255,692
263955639,0.305,2.805,0.549,-0.286,0.181,1.015,255,692
263956376,-0.671,0.793,1.098,-0.197,0.171,1.096,255,692
263957638,-1.585,-0.915,1.768,-0.138,0.153,1.053,255,692
263958379,-2.683,-2.073,1.524,0.056,0.052,1.120,255,692
263959639,-3.110,-2.622,1.280,0.121,0.029,0.984,255,692
263960379,-3.902,-1.951,0.976,0.232,-0.144,1.095,255,692
263961639,-2.988,0.427,0.366,0.322,-0.165,0.972,255,692
263962385,-2.012,1.524,-0.244,0.193,-0.080,1.087,255,692
263963638,-0.488,3.354,-0.488,0.137,-0.108,1.073,255,692
263964380,0.610,4.573,-0.732,-0.015,0.016,1.097,255,692
263965639,1.220,5.488,-0.610,-0.115,0.044,0.983,255,692
263966383,1.402,5.549,-0.488,-0.208,0.134,1.038,255,692
263967638,0.732,3.232,0.305,-0.252,0.185,0.990,255,692
263968375,0.732,3.232,0.305,-0.252,0.185,0.990,255,692
263969639,-1.159,-0.793,1.463,-0.088,0.150,1.038,255,692
263970380,-2.378,-2.195,1.707,-0.018,0.101,1.040,255,692
263971638,-3.171,-2.500,1.585,0.127,0.029,0.980,255,692
263972379,-4.268,-2.256,1.280,0.192,-0.093,1.136,255,692
263973639,-3.963,-1.280,0.671,0.252,-0.092,0.992,255,692
263974387,-3.354,-0.122,0.061,0.288,-0.135,1.101,255,692
263975638,-1.159,2.805,-0.732,0.139,-0.076,1.075,255,692
263976379,0.488,4.268,-0.854,0.043,-0.051,1.057,255,692
263977639,1.463,5.427,-0.610,-0.063,0.082,0.973,255,692
263978378,1.646,5.549,-0.549,-0.235,0.072,0.990,255,692
263979639,1.707,4.939,-0.427,-0.262,0.171,0.837,255,692
263980398,0.854,3.598,-0.122,-0.295,0.191,0.931,255,692
263981638,-0.976,0.061,1.159,-0.149,0.143,1.044,255,692
263982669,-2.134,-1.341,1.463,-0.061,0.137,1.084,255,692
263983641,-3.232,-2.378,1.768,0.109,0.017,1.113,255,702
263984429,-4.146,-2.317,1.159,0.136,-0.021,1.089,255,702
263985638,-3.720,-1.402,1.098,0.248,-0.123,1.090,255,702
263986386,-3.232,-0.732,0.732,0.301,-0.151,1.159,255,702
263987638,-2.561,0.732,0.061,0.201,-0.136,1.060,255,702
263988378,-1.463,2.561,-0.427,0.201,-0.136,1.060,255,702
263989638,1.037,5.000,-0.427,-0.012,-0.015,1.037,255,702
263990376,1.280,5.488,-0.671,-0.260,0.116,0.945,255,702
263991638,1.463,5.000,-0.427,-0.222,0.135,0.919,255,702
263992381,0.671,3.537,0.122,-0.346,0.224,0.970,255,702
263993639,0.000,2.439,0.610,-0.262,0.156,0.988,255,702
263994374,-0.915,0.549,1.037,-0.222,0.203,1.110,255,702
263995639,-2.744,-2.378,2.073,0.074,0.076,1.100,255,702
263996391,-3.720,-2.622,1.524,0.126,-0.037,1.159,255,702
263997638,-4.024,-1.951,0.976,0.268,-0.118,1.122,255,702
263998379,-3.659,-0.854,0.732,0.271,-0.147,1.047,255,702
263999639,-2.622,0.732,0.244,0.296,-0.131,1.031,255,702
264000389,-1.646,2.195,-0.305,0.188,-0.136,1.049,255,702
264001639,0.976,5.061,-0.976,-0.051,-0.006,1.075,255,702
264002379,0.976,5.061,-0.976,-0.051,-0.006,1.075,255,702
264003639,1.524,5.305,-0.061,-0.256,0.144,1.014,255,702
264004378,1.463,4.024,0.244,-0.330,0.173,0.966,255,702
264005639,0.793,2.622,0.427,-0.281,0.199,1.025,255,702
264006375,-0.488,0.671,0.976,-0.235,0.209,1.021,255,702
264007639,-1.524,-0.915,1.280,-0.047,0.159,1.044,255,702
264008378,-2.744,-2.256,1.890,0.038,0.090,1.116,255,702
264009639,-3.963,-2.073,1.220,0.217,-0.099,1.087,255,702
264010378,-3.720,-0.793,0.854,0.290,-0.112,1.036,255,702
264011639,-3.110,0.610,0.305,0.300,-0.168,1.065,255,702
264012381,-1.829,1.768,-0.427,0.191,-0.120,1.005,255,702
264013639,-0.488,3.354,-0.854,0.134,-0.117,1.089,255,702
264014384,0.671,4.878,-1.159,-0.043,0.024,1.088,255,702
264015638,1.524,5.305,-0.610,-0.265,0.114,1.030,255,702
264016381,1.524,5.305,-0.610,-0.265,0.114,1.030,255,702
264017639,0.244,2.683,0.793,-0.274,0.164,1.039,255,702
264018376,-0.244,0.976,1.098,-0.262,0.246,0.921,255,702
264019639,-1.463,-1.037,1.280,-0.062,0.137,1.075,255,702
264020381,-2.622,-2.439,1.463,0.021,0.129,1.023,255,702
264021639,-3.293,-2.683,1.463,0.181,-0.068,1.062,255,702
264022442,-4.329,-2.073,1.463,0.181,-0.068,1.062,255,702
264023639,-3.110,-0.061,0.366,0.284,-0.170,1.112,255,702
264024453,-2.012,1.463,-0.610,0.199,-0.136,0.963,255,702
264025640,-0.732,3.171,-0.915,0.130,-0.117,1.098,255,702
264026391,0.427,4.573,-0.488,0.012,-0.013,1.059,255,702
264027639,1.220,5.366,-0.671,-0.160,0.032,1.083,255,702
264028375,1.890,5.244,-0.488,-0.268,0.110,1.060,255,702
264029639,0.732,2.988,0.488,-0.292,0.211,0.989,255,702
264030377,0.732,2.988,0.488,-0.239,0.205,0.953,255,702
264031639,-1.220,-0.610,1.646,-0.101,0.194,1.050,255,702
264032691,-2.073,-1.951,1.768,0.015,0.119,1.020,255,702
264033641,-3.537,-2.439,1.463,0.122,0.008,1.029,255,712
264034441,-4.024,-2.012,1.220,0.204,-0.042,0.987,255,712
264035638,-3.537,-0.183,0.488,0.279,-0.181,1.042,255,712
264036385,-3.537,-0.183,0.488,0.279,-0.181,1.042,255,712
264037638,-0.976,3.354,-0.549,0.132,-0.143,1.041,255,712
264038388,0.122,4.634,-0.549,0.006,-0.000,1.040,255,712
264039638,1.159,5.305,-0.427,-0.124,0.015,1.081,255,712
264040375,2.012,5.244,-0.427,-0.256,0.125,1.016,255,712
264041639,1.463,4.512,0.000,-0.263,0.130,1.066,255,712
264042383,1.159,2.744,0.671,-0.299,0.231,0.939,255,712
264043638,-0.549,-0.366,1.585,-0.123,0.169,1.024,255,712
264044380,-2.012,-1.829,1.768,0.009,0.132,1.093,255,712
264045638,-3.171,-2.561,1.768,0.110,0.014,1.022,255,712
264046380,-4.207,-2.256,1.280,0.210,-0.040,0.991,255,712
264047639,-4.207,-1.280,0.915,0.289,-0.123,1.062,255,712
264048444,-3.780,-0.183,0.183,0.306,-0.162,1.092,255,712
264049639,-0.915,3.293,-0.488,0.125,-0.125,1.041,255,712
264050432,-0.915,3.293,-0.488,0.014,-0.029,1.091,255,712
264051638,1.098,5.000,-0.549,-0.122,0.021,0.982,255,712
264052380,1.646,5.000,-0.366,-0.243,0.086,1.032,255,712
264053639,1.341,4.390,-0.122,-0.267,0.164,0.945,255,712
264054379,0.610,2.927,0.427,-0.265,0.208,1.026,255,712
264055639,0.366,1.159,0.915,-0.288,0.205,1.041,255,712
264056370,-0.488,-0.366,1.463,-0.079,0.185,1.020,255,712
264057639,-2.805,-2.439,1.646,0.111,0.028,0.950,255,712
264058385,-3.963,-1.646,1.220,0.181,-0.031,1.030,255,712
264059638,-3.720,-1.220,1.037,0.305,-0.104,1.013,255,712
264060380,-3.659,0.061,0.366,0.228,-0.154,1.098,255,712
264061639,-2.622,1.646,-0.366,0.179,-0.172,1.024,255,712
264062385,-1.463,3.232,-0.488,0.141,-0.105,1.067,255,712
264063638,0.976,4.695,-0.488,-0.083,0.014,1.049,255,712
264064379,0.976,4.695,-0.488,-0.271,0.088,0.999,255,712
264065639,1.951,4.512,0.244,-0.212,0.142,0.970,255,712
264066376,1.220,3.110,0.976,-0.286,0.212,0.985,255,712
264067639,0.549,1.463,1.341,-0.233,0.238,0.982,255,712
264068379,-0.793,-0.244,1.585,-0.095,0.156,1.112,255,712
264069639,-3.171,-2.073,1.402,0.124,0.002,1.076,255,712
264070380,-3.171,-2.073,1.402,0.124,0.002,1.076,255,712
264071639,-3.841,-1.037,0.793,0.285,-0.097,1.046,255,712
264072386,-3.232,-0.061,0.244,0.243,-0.170,1.107,255,712
264073638,-1.951,1.646,-0.366,0.176,-0.132,1.038,255,712
264074381,-1.037,2.866,-0.427,0.129,-0.154,1.070,255,712
264075639,0.061,4.024,-0.427,-0.015,-0.006,0.992,255,712
264076380,0.976,4.634,-0.427,-0.125,-0.007,1.095,255,712
264077639,1.829,4.207,0.305,-0.248,0.121,1.039,255,712
264078379,1.220,2.622,0.488,-0.265,0.228,1.004,255,712
264079639,0.549,1.159,1.159,-0.190,0.214,1.042,255,712
264080400,-0.183,-0.305,1.463,-0.086,0.209,1.078,255,712
264081638,-1.524,-1.646,1.646,0.050,0.133,1.023,255,712
264082694,-2.927,-1.829,1.646,0.163,-0.045,1.017,255,712
264083641,-3.780,-0.366,0.610,0.263,-0.102,1.059,255,721
264084446,-3.780,-0.366,0.610,0.216,-0.156,1.041,255,721
264085638,-2.378,1.585,-0.427,0.170,-0.173,1.057,255,721
264086387,-0.976,3.232,-0.610,0.121,-0.128,1.033,255,721
264087638,-0.305,3.659,-0.671,-0.013,-0.041,1.040,255,721
264088505,0.671,4.512,-0.610,-0.166,0.023,1.016,255,721
264089638,1.585,4.268,-0.366,-0.223,0.076,0.970,255,721
264090375,1.646,3.780,0.122,-0.220,0.165,0.952,255,721
264091639,0.732,1.159,1.280,-0.163,0.217,0.995,255,721
264092376,-0.366,-0.122,1.707,-0.062,0.191,1.006,255,721
264093639,-1.768,-1.220,1.402,0.032,0.136,1.066,255,721
264094380,-2.927,-1.220,1.220,0.081,0.039,1.138,255,721
264095639,-3.537,-0.915,0.793,0.155,-0.038,1.077,255,721
264096378,-3.659,-0.244,0.610,0.235,-0.100,1.053,255,721
264097639,-2.439,1.707,-0.427,0.164,-0.178,1.001,255,721
264098388,-1.341,2.988,-0.671,0.073,-0.096,1.029,255,721
264099638,-0.366,3.841,-0.305,0.008,-0.076,1.100,255,721
264100375,0.488,4.085,-0.366,-0.159,0.051,1.032,255,721
264101639,1.280,4.268,-0.305,-0.207,0.053,1.020,255,721
264102374,1.098,3.293,0.122,-0.190,0.156,0.957,255,721
264103639,0.183,1.098,1.585,-0.105,0.179,0.990,255,721
264104373,0.183,1.098,1.585,-0.105,0.179,0.990,255,721
264105638,-2.012,-0.732,1.280,0.095,0.090,1.107,255,721
264106379,-2.805,-1.280,1.098,0.045,0.071,1.062,255,721
264107639,-3.232,-0.732,0.976,0.192,-0.042,1.092,255,721
264108373,-3.659,-0.183,0.244,0.233,-0.124,1.090,255,721
264109638,-3.598,0.854,-0.366,0.149,-0.166,1.034,255,721
264110388,-2.927,1.646,-0.427,0.134,-0.133,1.051,255,721
264111638,-0.427,3.537,-0.183,-0.038,-0.031,0.998,255,721
264112507,0.427,3.720,-0.305,-0.146,0.005,1.027,255,721
264113638,1.402,3.720,0.244,-0.159,0.084,0.978,255,721
264114377,1.220,3.171,0.671,-0.203,0.181,1.015,255,721
264115639,1.037,2.073,1.280,-0.135,0.178,1.021,255,721
264116369,0.549,0.793,1.341,-0.128,0.179,0.989,255,721
264117638,-1.890,-0.610,1.280,0.066,0.112,1.112,255,721
264118379,-1.890,-0.610,1.280,0.066,0.112,1.112,255,721
264119639,-3.659,-0.305,0.305,0.176,-0.055,1.062,255,721
264120378,-3.902,0.305,-0.061,0.159,-0.116,1.077,255,721
264121639,-3.354,1.037,-0.427,0.143,-0.158,1.077,255,721
264122383,-2.317,1.890,-0.427,0.095,-0.140,1.074,255,721
264123638,-0.976,2.744,-0.366,0.059,-0.079,1.030,255,721
264124381,-0.061,3.293,-0.244,-0.024,-0.054,1.079,255,721
264125639,1.463,3.354,0.305,-0.131,0.071,1.046,255,721
264126505,1.524,2.622,0.793,-0.180,0.170,1.000,255,721
264127638,1.037,1.890,1.159,-0.128,0.194,1.093,255,721
264128376,0.122,0.732,1.280,-0.120,0.200,1.059,255,721
264129639,-0.427,-0.183,1.280,-0.021,0.149,1.037,255,721
264130402,-1.768,-0.671,1.159,0.055,0.110,0.929,255,721
264131638,-3.415,-0.061,0.427,0.121,-0.061,1.028,255,721
264132659,-3.354,0.122,-0.305,0.148,-0.113,1.050,255,721
264133641,-3.354,1.159,-0.427,0.134,-0.135,1.078,255,731
264134427,-2.256,2.134,-0.427,0.088,-0.120,1.054,255,731
264135638,-1.463,2.378,-0.244,0.030,-0.090,1.065,255,731
264136388,-0.305,2.805,-0.244,-0.064,-0.039,1.023,255,731
264137638,1.280,3.232,0.427,-0.146,0.087,0.965,255,731
264138497,1.280,2.805,0.976,-0.142,0.161,1.007,255,731
264139638,1.280,2.073,1.341,-0.095,0.168,1.055,255,731
264140379,0.366,0.732,1.159,-0.074,0.210,1.007,255,731
264141638,-0.549,0.305,1.280,-0.007,0.173,1.040,255,731
264142370,-1.829,-0.183,1.159,0.056,0.086,1.135,255,731
264143638,-2.866,-0.305,0.427,0.065,0.026,1.136,255,731
264144372,-3.354,-0.061,0.000,0.145,-0.094,1.073,255,731
264145639,-2.988,1.159,-0.183,0.111,-0.158,1.012,255,731
264146377,-2.134,1.524,-0.183,0.052,-0.091,0.981,255,731
264147639,-0.854,2.378,-0.122,0.026,-0.094,1.059,255,731
264148386,0.000,2.805,0.305,-0.067,0.000,1.052,255,731
264149638,0.915,3.232,0.671,-0.115,0.009,1.000,255,731
264150365,1.037,2.622,0.732,-0.105,0.123,0.967,255,731
264151639,1.098,1.585,1.220,-0.085,0.195,1.041,255,731
264152385,1.098,1.585,1.220,-0.085,0.195,1.041,255,731
264153638,-0.854,0.366,1.159,0.040,0.151,1.136,255,731
264154369,-2.256,0.061,0.915,-0.005,0.090,1.056,255,731
264155638,-3.110,0.122,0.427,0.078,-0.001,1.048,255,731
264156373,-3.415,0.610,0.122,0.122,-0.093,1.051,255,731
264157639,-3.110,0.793,-0.061,0.094,-0.101,1.059,255,731
264158376,-3.049,0.976,-0.305,0.110,-0.153,1.131,255,731
264159638,-0.976,2.317,-0.244,0.027,-0.120,1.081,255,731
264160377,0.061,2.744,0.305,-0.082,0.017,0.992,255,731
264161639,0.976,3.110,0.488,-0.073,0.006,1.091,255,731
264162367,1.098,2.805,0.793,-0.094,0.164,0.994,255,731
264163638,1.280,2.195,0.976,-0.085,0.161,1.132,255,731
264164376,0.854,1.463,1.098,-0.074,0.198,1.006,255,731
264165639,-1.159,0.488,0.915,-0.007,0.132,1.003,255,731
264166370,-1.159,0.488,0.915,-0.007,0.132,1.003,255,731
264167638,-2.988,0.366,0.488,0.069,-0.017,1.050,255,731
264168374,-3.232,0.305,0.122,0.080,-0.099,1.021,255,731
264169638,-3.110,0.488,-0.427,0.080,-0.079,1.056,255,731
264170373,-2.439,1.220,-0.183,0.070,-0.145,1.068,255,731
264171639,-0.915,2.256,0.549,-0.014,-0.063,1.059,255,731
264172380,-0.915,2.256,0.549,-0.014,-0.063,1.059,255,731
264173639,1.037,2.622,0.793,-0.066,0.084,1.009,255,731
264174373,1.463,2.378,0.671,-0.065,0.108,0.995,255,731
264175639,1.463,2.012,0.854,-0.087,0.191,1.008,255,731
264176373,0.793,1.646,1.098,-0.063,0.188,1.044,255,731
264177638,-0.305,1.280,0.976,-0.064,0.170,1.095,255,731
264178450,-1.585,0.793,0.732,-0.016,0.131,1.068,255,731
264179639,-3.415,0.488,-0.122,0.080,-0.059,1.049,255,731
264180439,-3.293,0.488,-0.244,0.060,-0.114,1.016,255,731
264181638,-3.232,0.610,-0.366,0.102,-0.145,1.043,255,731
264182707,-2.256,1.037,-0.183,0.054,-0.102,1.023,255,731
264183641,-1.402,1.768,0.305,0.070,-0.119,1.073,255,741
264184428,-0.488,2.317,0.671,-0.027,-0.023,1.029,255,741
264185638,0.976,2.805,0.732,-0.041,0.131,1.032,255,741
264186385,0.976,2.805,0.732,-0.041,0.131,1.032,255,741
264187639,1.280,2.195,0.854,-0.088,0.201,1.080,255,741
264188375,0.793,1.585,0.976,-0.060,0.186,1.000,255,741
264189639,-0.732,1.280,0.854,-0.052,0.175,1.086,255,741
264190377,-2.012,0.671,0.671,-0.003,0.072,1.023,255,741
264191639,-3.232,0.793,0.244,0.008,0.010,0.962,255,741
264192368,-3.841,0.366,-0.061,0.036,-0.105,1.000,255,741
264193638,-3.293,0.549,0.122,0.107,-0.155,1.043,255,741
264194378,-2.317,1.037,0.183,0.051,-0.109,1.048,255,741
264195639,-1.402,1.463,0.000,0.043,-0.099,1.017,255,741
264196381,0.061,2.500,0.427,0.030,0.034,0.940,255,741
264197638,0.854,2.744,0.732,-0.039,0.036,0.990,255,741
264198379,1.341,2.988,0.732,-0.080,0.125,0.996,255,741
264199639,0.793,2.012,0.854,-0.043,0.199,1.076,255,741
264200370,0.793,2.012,0.854,-0.043,0.199,1.076,255,741
264201638,-1.341,1.098,0.549,-0.026,0.106,1.061,255,741
264202373,-2.744,0.793,0.122,-0.025,0.056,1.057,255,741
264203639,-3.598,0.427,-0.061,0.011,-0.059,1.007,255,741
264204380,-4.024,0.366,-0.061,0.026,-0.083,1.070,255,741
264205639,-2.622,0.061,0.122,0.098,-0.106,1.051,255,741
264206373,-2.622,0.061,0.122,0.098,-0.106,1.051,255,741
264207639,-0.366,1.951,0.976,0.032,-0.039,1.018,255,741
264208379,0.793,2.622,0.671,-0.009,-0.014,1.028,255,741
264209639,1.220,2.866,0.854,0.006,0.137,1.032,255,741
264210371,1.768,2.866,0.488,-0.107,0.159,1.114,255,741
264211638,1.463,2.439,0.610,-0.082,0.228,1.000,255,741
264212378,0.244,1.951,0.732,-0.090,0.215,0.958,255,741
264213638,-2.073,0.976,0.427,-0.075,0.079,1.025,255,741
264214373,-3.171,0.732,-0.122,-0.070,0.013,1.007,255,741
264215639,-3.963,0.061,0.000,0.056,-0.091,1.096,255,741
264216375,-4.024,-0.244,-0.061,0.060,-0.109,1.036,255,741
264217639,-3.476,-0.305,0.183,0.134,-0.143,1.035,255,741
264218509,-2.561,0.610,0.366,0.101,-0.171,1.034,255,741
264219638,0.000,2.439,0.854,0.026,-0.025,1.044,255,741
264220368,0.000,2.439,0.854,0.026,-0.025,1.044,255,741
264221638,1.463,2.927,0.793,-0.078,0.107,1.018,255,741
264222370,2.073,2.622,0.610,-0.064,0.225,1.043,255,741
264223638,1.220,2.317,0.854,-0.053,0.193,1.101,255,741
264224376,0.244,1.890,0.854,-0.156,0.220,0.962,255,741
264225639,-1.159,1.402,0.427,-0.080,0.129,0.992,255,741
264226376,-2.866,0.732,0.122,-0.063,0.053,1.052,255,741
264227639,-3.902,-0.488,0.183,0.057,-0.078,1.023,255,741
264228379,-3.841,-0.244,0.305,0.121,-0.167,1.040,255,741
264229639,-2.683,0.061,-0.061,0.084,-0.127,1.031,255,741
264230400,-1.524,0.976,0.427,0.118,-0.142,0.985,255,741
264231638,-0.549,1.768,0.610,0.070,-0.046,1.012,255,741
264232674,1.280,3.049,0.610,-0.017,0.108,0.960,255,741
264233641,1.585,2.927,0.610,-0.067,0.190,1.013,255,751
264234421,1.585,2.805,0.549,-0.072,0.201,1.019,255,751
264235638,0.732,2.439,0.427,-0.185,0.228,1.096,255,751
264236376,-0.976,1.768,0.427,-0.103,0.187,1.064,255,751
264237639,-2.073,1.220,0.122,-0.086,0.091,1.111,255,751
264238376,-3.293,0.122,-0.122,-0.043,0.023,1.092,255,751
264239639,-4.085,-0.915,0.244,0.069,-0.117,1.012,255,751
264240375,-4.085,-0.915,0.244,0.069,-0.117,1.012,255,751
264241639,-2.439,0.488,0.610,0.110,-0.120,1.003,255,751
264242382,-1.220,1.341,0.610,0.134,-0.140,1.071,255,751
264243638,0.244,2.439,0.671,0.049,0.006,1.003,255,751
264244371,1.280,3.537,0.854,0.036,0.073,1.104,255,751
264245639,1.890,3.780,0.732,-0.074,0.177,0.974,255,751
264246373,1.829,3.354,0.366,-0.111,0.223,0.939,255,751
264247639,-0.427,2.500,0.427,-0.112,0.210,1.115,255,751
264248370,-2.073,1.280,0.061,-0.163,0.107,1.109,255,751
264249639,-3.476,0.488,-0.183,-0.061,0.056,1.042,255,751
264250381,-4.207,-0.366,0.061,0.044,-0.072,1.071,255,751
264251638,-4.390,-0.793,0.122,0.067,-0.126,1.009,255,751
264252376,-3.780,-0.610,0.183,0.133,-0.167,1.065,255,751
264253638,-1.280,1.159,0.732,0.140,-0.113,1.063,255,751
264254381,-1.280,1.159,0.732,0.140,-0.113,1.063,255,751
264255638,1.524,3.110,0.915,0.037,0.069,1.087,255,751
264256376,1.951,3.902,0.488,-0.053,0.114,1.093,255,751
264257638,2.256,3.537,0.305,-0.086,0.236,0.973,255,751
264258376,1.585,3.171,0.549,-0.157,0.225,0.990,255,751
264259639,0.244,2.317,0.427,-0.170,0.227,1.014,255,751
264260373,-1.646,1.341,0.183,-0.163,0.160,1.046,255,751
264261639,-4.146,-0.427,-0.061,-0.026,-0.012,1.001,255,751
264262507,-4.634,-1.037,0.183,0.067,-0.142,0.982,255,751
264263638,-4.268,-0.976,0.366,0.126,-0.159,1.019,255,751
264264376,-3.415,-0.549,0.549,0.197,-0.174,1.037,255,751
264265639,-1.951,0.488,0.671,0.176,-0.120,1.010,255,751
264266382,0.061,1.829,0.793,0.152,-0.069,1.123,255,751
264267638,2.195,3.902,0.915,-0.030,0.123,1.139,255,751
264268375,2.195,3.902,0.915,-0.030,0.123,1.139,255,751
264269639,1.585,3.659,0.366,-0.185,0.230,1.064,255,751
264270376,0.793,2.805,0.305,-0.192,0.229,0.997,255,751
264271638,-0.976,1.585,0.610,-0.157,0.179,0.973,255,751
264272378,-2.683,0.549,0.244,-0.149,0.080,0.988,255,751
264273639,-4.695,-0.854,0.244,0.079,-0.100,0.983,255,751
264274373,-4.695,-0.854,0.244,0.079,-0.100,0.983,255,751
264275638,-3.354,-0.854,0.549,0.223,-0.155,1.029,255,751
264276380,-1.951,0.427,0.732,0.194,-0.146,1.070,255,751
264277639,-0.488,2.012,0.793,0.180,-0.087,1.046,255,751
264278372,0.671,3.232,0.488,0.014,-0.005,1.009,255,751
264279639,1.951,4.329,0.610,-0.021,0.066,1.133,255,751
264280390,2.134,4.207,0.366,-0.083,0.184,1.083,255,751
264281638,0.976,3.110,0.366,-0.211,0.245,1.102,255,751
264282662,-0.549,2.073,0.305,-0.174,0.177,0.947,255,751
264283641,-2.378,1.098,0.549,-0.151,0.134,1.007,255,760
264284425,-3.537,-0.488,0.305,-0.038,0.030,0.994,255,760
264285638,-4.573,-1.463,0.244,0.056,-0.093,1.092,255,760
264286380,-4.573,-1.951,0.183,0.143,-0.136,1.049,255,760
264287639,-2.622,0.305,0.610,0.240,-0.158,1.046,255,760
264288385,-2.622,0.305,0.610,0.240,-0.158,1.046,255,760
264289638,0.244,3.049,0.671,0.115,-0.069,1.009,255,760
264290378,1.646,3.780,0.671,-0.034,0.099,1.008,255,760
264291639,2.256,4.268,0.549,-0.077,0.133,1.033,255,760
264292376,2.317,4.024,0.366,-0.197,0.228,1.009,255,760
264293639,1.463,3.354,0.244,-0.194,0.273,1.091,255,760
264294379,-0.305,2.317,0.549,-0.198,0.202,1.017,255,760
264295639,-3.659,-0.061,0.244,-0.048,0.023,1.097,255,760
264296375,-4.329,-1.524,0.244,0.049,-0.037,1.090,255,760
264297639,-4.878,-1.829,0.122,0.151,-0.144,1.146,255,760
264298390,-4.146,-1.341,0.427,0.208,-0.178,1.100,255,760
264299638,-2.805,-0.122,0.488,0.212,-0.175,1.003,255,760
264300383,-0.976,1.159,0.671,0.228,-0.159,1.018,255,760
264301638,1.829,3.963,0.427,-0.023,0.033,0.974,255,760
264302379,1.829,3.963,0.427,-0.023,0.033,0.974,255,760
264303639,1.890,4.390,0.305,-0.188,0.243,0.936,255,760
264304371,1.037,4.146,0.366,-0.215,0.271,1.086,255,760
264305638,-0.061,2.439,0.000,-0.242,0.215,1.129,255,760
264306379,-2.073,1.037,0.366,-0.169,0.169,1.035,255,760
264307639,-4.695,-1.524,0.000,0.053,-0.046,1.118,255,760
264308381,-4.695,-1.524,0.000,0.053,-0.046,1.118,255,760
264309638,-4.024,-1.280,0.183,0.204,-0.176,1.077,255,760
264310383,-2.744,-0.183,0.793,0.271,-0.170,1.024,255,760
264311639,-1.341,0.976,0.793,0.197,-0.161,1.027,255,760
264312378,0.488,2.683,0.549,0.070,-0.085,1.020,255,760
264313639,1.524,3.720,0.610,0.046,0.044,0.913,255,760
264314377,2.073,4.451,0.305,-0.115,0.177,0.933,255,760
264315639,1.463,3.659,0.305,-0.249,0.295,1.062,255,760
264316440,0.305,2.683,0.610,-0.224,0.238,1.147,255,760
264317639,-1.646,1.280,0.610,-0.177,0.157,1.075,255,760
264318428,-3.049,-0.122,0.366,-0.053,0.075,1.042,255,760
264319638,-4.329,-1.159,0.122,0.061,-0.069,1.047,255,760
264320386,-4.878,-1.707,-0.122,0.117,-0.150,1.052,255,760
264321638,-3.354,-0.183,0.610,0.266,-0.214,1.119,255,760
264322513,-1.890,1.159,0.488,0.221,-0.144,1.089,255,760
264323638,-0.122,2.805,0.305,0.094,-0.046,1.055,255,760
264324379,1.585,4.390,0.488,0.026,0.005,1.045,255,760
264325639,2.317,4.756,0.488,-0.127,0.184,0.981,255,760
264326381,2.439,4.634,0.488,-0.206,0.246,0.992,255,760
264327639,1.707,3.780,0.793,-0.232,0.255,1.036,255,760
264328379,0.305,2.378,0.488,-0.249,0.254,0.992,255,760
264329639,-3.415,-0.488,0.610,-0.049,0.086,1.004,255,760
264330404,-4.695,-1.220,0.244,0.048,-0.052,1.059,255,760
264331638,-5.000,-1.951,0.183,0.136,-0.138,1.050,255,760
264332684,-4.390,-1.524,0.488,0.269,-0.215,1.051,255,760
264333641,-3.232,-0.061,0.793,0.292,-0.171,1.137,255,770
264334433,-1.341,1.159,0.671,0.219,-0.183,1.180,255,770
264335638,1.524,4.024,0.366,-0.020,0.035,1.022,255,770
264336385,1.524,4.024,0.366,-0.020,0.035,1.022,255,770
264337638,2.378,4.756,0.427,-0.246,0.268,0.943,255,770
264338374,1.829,3.841,0.488,-0.218,0.248,0.914,255,770
264339639,-0.061,2.195,0.610,-0.268,0.274,1.004,255,770
264340378,-1.829,0.854,0.427,-0.191,0.160,0.990,255,770
264341639,-4.878,-1.829,0.610,0.076,-0.049,1.110,255,770
264342375,-4.878,-1.829,0.610,0.076,-0.049,1.110,255,770
264343639,-4.146,-2.012,0.366,0.267,-0.222,1.055,255,770
264344383,-2.988,-0.122,0.549,0.296,-0.182,1.055,255,770
264345638,-1.402,1.585,0.671,0.231,-0.200,1.100,255,770
264346378,0.427,3.110,0.488,0.058,-0.080,1.018,255,770
264347639,1.951,4.268,0.366,-0.025,0.023,0.948,255,770
264348378,2.744,4.634,0.244,-0.125,0.154,0.993,255,770
264349639,2.195,3.537,0.427,-0.256,0.293,1.075,255,770
264350376,0.183,2.317,0.549,-0.284,0.256,1.089,255,770
264351639,-2.073,0.549,0.732,-0.188,0.204,1.026,255,770
264352436,-3.232,-0.793,0.732,-0.020,0.048,1.017,255,770
264353639,-4.634,-1.829,0.732,0.060,-0.019,1.063,255,770
264354420,-5.244,-2.439,0.610,0.248,-0.217,1.034,255,770
264355638,-3.293,-0.183,0.427,0.345,-0.257,1.087,255,770
264356388,-3.293,-0.183,0.427,0.345,-0.257,1.087,255,770
264357638,0.305,3.537,0.305,0.068,-0.127,1.027,255,770
264358375,2.256,4.573,0.122,-0.061,0.027,1.014,255,770
264359639,2.805,5.000,-0.122,-0.124,0.167,0.968,255,770
264360378,2.744,4.573,0.549,-0.260,0.272,0.997,255,770
264361639,2.073,3.659,0.671,-0.312,0.285,1.089,255,770
264362376,0.549,2.195,0.671,-0.251,0.272,1.017,255,770
264363639,-3.598,-1.220,0.427,-0.011,0.094,1.036,255,770
264364381,-5.000,-2.134,0.366,0.139,-0.080,1.114,255,770
264365639,-5.183,-2.256,0.305,0.212,-0.148,1.083,255,770
264366384,-4.573,-1.402,0.183,0.290,-0.234,1.079,255,770
264367638,-3.415,0.366,0.427,0.298,-0.194,1.061,255,770
264368380,-1.463,2.073,0.183,0.200,-0.221,1.034,255,770
264369639,2.378,4.756,0.244,-0.041,0.000,0.991,255,770
264370390,2.378,4.756,0.244,-0.041,0.000,0.991,255,770
264371638,3.171,4.695,0.305,-0.289,0.265,0.997,255,770
264372379,2.012,3.415,0.610,-0.277,0.325,1.158,255,770
264373639,0.183,1.707,0.732,-0.219,0.256,1.030,255,770
264374378,-1.890,0.061,0.488,-0.150,0.217,1.082,255,770
264375639,-5.244,-2.378,0.854,0.152,-0.066,1.088,255,770
264376376,-5.244,-2.378,0.854,0.152,-0.066,1.088,255,770
264377639,-4.634,-1.037,0.244,0.287,-0.223,1.001,255,770
264378388,-3.110,0.610,0.427,0.307,-0.250,0.993,255,770
264379638,-0.976,2.439,0.366,0.160,-0.160,1.007,255,770
264380398,0.732,3.902,0.244,0.025,-0.100,1.004,255,770
264381638,2.744,5.122,0.244,-0.091,0.091,1.078,255,770
264382696,3.293,4.573,0.366,-0.323,0.323,1.105,255,770
264383640,1.707,3.171,0.427,-0.248,0.271,1.098,255,780
264384435,-0.183,0.915,0.915,-0.236,0.300,0.953,255,780
264385638,-2.683,-0.610,0.915,-0.087,0.190,0.996,255,780
264386379,-4.512,-1.890,0.183,0.051,0.038,1.033,255,780
264387639,-5.610,-2.439,0.244,0.146,-0.100,1.027,255,780
264388384,-5.488,-1.768,0.122,0.213,-0.207,1.096,255,780
264389638,-2.683,0.915,0.305,0.284,-0.225,1.093,255,780
264390378,-2.683,0.915,0.305,0.284,-0.225,1.093,255,780
264391639,1.341,4.634,0.061,-0.028,-0.059,1.027,255,780
264392379,2.988,5.427,0.122,-0.129,0.098,1.033,255,780
264393639,3.415,5.244,0.305,-0.218,0.229,1.003,255,780
264394372,3.049,4.390,0.549,-0.297,0.323,1.045,255,780
264395639,1.646,2.378,0.610,-0.280,0.320,0.975,255,780
264396374,-0.915,0.976,0.793,-0.217,0.287,1.049,255,780
264397639,-4.878,-2.378,0.610,0.081,0.008,1.044,255,780
264398375,-5.854,-2.317,0.427,0.160,-0.150,1.037,255,780
264399639,-5.244,-1.951,0.244,0.253,-0.264,1.014,255,780
264400386,-3.841,-0.305,0.366,0.325,-0.252,1.019,255,780
264401638,-2.134,1.341,0.549,0.306,-0.246,1.088,255,780
264402380,0.122,3.354,0.183,0.083,-0.152,1.094,255,780
264403639,2.866,5.305,0.122,-0.151,0.185,1.074,255,780
264404378,2.866,5.305,0.122,-0.151,0.185,1.074,255,780
264405638,2.927,3.720,0.366,-0.341,0.353,0.916,255,780
264406375,0.732,2.317,0.732,-0.258,0.320,0.972,255,780
264407639,-1.463,0.427,0.854,-0.193,0.271,0.952,255,780
264408378,-3.293,-1.037,0.793,-0.027,0.142,1.031,255,780
264409639,-5.488,-2.683,0.244,0.205,-0.172,1.077,255,780
264410379,-5.488,-2.683,0.244,0.205,-0.172,1.077,255,780
264411639,-3.780,-0.305,0.122,0.327,-0.263,1.076,255,780
264412383,-1.646,1.890,0.366,0.224,-0.239,1.053,255,780
264413638,0.366,3.902,0.122,0.035,-0.152,0.988,255,780
264414376,2.256,5.244,0.000,-0.106,0.035,0.959,255,780
264415639,3.415,5.305,0.183,-0.178,0.170,0.960,255,780
264416380,3.354,4.451,0.366,-0.277,0.304,0.966,255,780
264417639,0.488,1.829,0.793,-0.262,0.324,1.007,255,780
264418380,-1.707,0.122,0.976,-0.147,0.231,1.050,255,780
264419639,-3.963,-1.280,0.854,0.058,0.086,1.097,255,780
264420381,-5.793,-2.195,0.793,0.176,-0.078,1.051,255,780
264421639,-6.159,-2.012,0.244,0.230,-0.215,1.008,255,780
264422379,-5.183,-1.098,0.061,0.326,-0.284,1.054,255,780
264423638,-1.220,2.866,0.488,0.152,-0.208,1.070,255,780
264424382,-1.220,2.866,0.488,0.152,-0.208,1.070,255,780
264425638,2.805,5.427,0.122,-0.137,0.072,0.993,255,780
264426375,3.598,5.061,0.549,-0.220,0.231,1.040,255,780
264427639,3.415,4.268,0.549,-0.290,0.329,1.065,255,780
264428379,1.829,2.927,0.488,-0.304,0.362,0.971,255,780
264429638,-0.244,1.159,0.610,-0.220,0.294,1.072,255,780
264430373,-2.805,-0.549,0.854,-0.074,0.229,1.041,255,780
264431638,-5.915,-2.439,0.671,0.180,-0.129,1.025,255,780
264432674,-5.732,-2.134,0.000,0.265,-0.266,1.023,255,780
264433641,-4.329,-0.610,0.061,0.308,-0.288,1.030,255,790
264434433,-2.500,1.463,0.244,0.245,-0.287,1.079,255,790
264435638,0.000,3.415,0.427,0.076,-0.183,1.076,255,790
264436380,2.256,4.756,0.427,-0.055,-0.071,1.112,255,790
264437638,3.659,4.634,0.732,-0.240,0.280,1.034,255,790
264438390,3.659,4.634,0.732,-0.240,0.280,1.034,255,790
264439638,1.524,2.012,0.671,-0.271,0.345,1.010,255,790
264440374,-1.159,0.122,0.488,-0.188,0.303,0.959,255,790
264441639,-3.537,-1.341,0.671,0.014,0.119,1.016,255,790
264442380,-5.122,-2.195,0.610,0.131,-0.004,1.046,255,790
264443639,-5.671,-1.524,0.061,0.324,-0.273,1.088,255,790
264444373,-5.671,-1.524,0.061,0.324,-0.273,1.088,255,790
264445639,-1.890,2.378,0.122,0.178,-0.233,1.057,255,790
264446381,0.305,3.963,0.366,0.047,-0.183,0.995,255,790
264447638,2.500,5.122,0.549,-0.124,0.048,0.940,255,790
264448369,3.780,5.305,0.793,-0.220,0.150,0.950,255,790
264449638,4.085,4.817,0.732,-0.290,0.384,1.007,255,790
264450378,2.805,3.354,1.037,-0.298,0.327,1.105,255,790
264451639,-1.707,-0.305,0.793,-0.048,0.208,1.075,255,790
264452374,-3.963,-1.829,0.549,0.055,0.114,1.037,255,790
264453639,-5.732,-2.378,0.427,0.176,-0.116,1.036,255,790
264454383,-6.220,-2.195,-0.183,0.292,-0.203,1.021,255,790
264455638,-5.915,-0.671,-0.183,0.287,-0.336,1.053,255,790
264456621,-3.598,0.915,-0.305,0.273,-0.301,1.083,255,790
264457638,1.524,4.512,0.244,-0.050,-0.094,1.051,255,790
264458380,1.524,4.512,0.244,-0.050,-0.094,1.051,255,790
264459639,4.207,4.878,1.098,-0.214,0.318,1.059,255,790
264460372,3.537,4.024,0.915,-0.274,0.349,1.020,255,790
264461639,1.890,2.317,0.427,-0.291,0.426,1.003,255,790
264462381,-0.427,0.671,0.610,-0.172,0.332,1.022,255,790
264463638,-2.683,-0.915,0.671,-0.021,0.199,0.991,255,790
264464375,-4.634,-1.890,0.854,0.107,0.009,0.990,255,790
264465639,-6.037,-1.585,-0.427,0.309,-0.307,1.046,255,790
264466500,-4.695,-0.427,-0.244,0.280,-0.343,1.052,255,790
264467638,-2.683,1.829,0.183,0.205,-0.279,1.089,255,790
264468509,-0.122,3.415,0.122,0.065,-0.212,1.098,255,790
264469638,2.012,4.634,0.305,-0.110,0.008,1.025,255,790
264470368,3.780,5.000,0.671,-0.198,0.135,1.012,255,790
264471638,3.293,3.110,0.976,-0.273,0.371,1.058,255,790
264472375,3.293,3.110,0.976,-0.273,0.371,1.058,255,790
264473639,-1.220,0.000,0.854,-0.089,0.264,1.068,255,790
264474367,-3.780,-1.646,0.732,0.060,0.141,1.110,255,790
264475639,-5.549,-2.500,0.488,0.185,-0.097,1.076,255,790
264476387,-6.585,-1.951,-0.305,0.241,-0.195,0.998,255,790
264477638,-4.085,0.854,0.000,0.208,-0.316,1.012,255,790
264478502,-4.085,0.854,0.000,0.208,-0.316,1.012,255,790
264479638,1.280,4.207,0.000,-0.021,-0.108,1.045,255,790
264480392,3.415,4.817,0.488,-0.151,0.011,1.023,255,790
264481638,4.390,4.756,0.915,-0.212,0.311,1.090,255,790
264482683,4.024,3.720,1.098,-0.211,0.353,1.106,255,790
264483641,2.439,2.317,0.793,-0.304,0.427,0.998,255,800
264484426,0.061,1.159,0.671,-0.184,0.355,0.965,255,800
264485638,-5.000,-1.829,0.427,0.106,0.045,1.032,255,800
264486383,-6.159,-2.073,-0.366,0.192,-0.165,1.084,255,800
264487639,-6.646,-1.159,-0.549,0.260,-0.318,1.156,255,800
264488634,-5.366,-0.183,-0.427,0.261,-0.356,1.066,255,800
264489638,-3.354,1.585,0.122,0.207,-0.320,1.061,255,800
264490509,-0.244,3.598,0.366,0.071,-0.229,1.043,255,800
264491638,3.963,4.817,0.671,-0.195,0.164,0.963,255,800
264492376,3.963,4.817,0.671,-0.195,0.164,0.963,255,800
264493639,3.841,2.988,0.854,-0.266,0.402,1.051,255,800
264494383,1.768,1.829,1.220,-0.240,0.422,1.037,255,800
264495638,-0.976,0.183,1.098,-0.106,0.267,1.000,255,800
264496369,-3.841,-1.280,0.732,0.038,0.180,1.042,255,800
264497638,-6.159,-2.439,0.488,0.176,-0.081,1.083,255,800
264498388,-6.829,-1.829,-0.183,0.227,-0.187,1.010,255,800
264499638,-4.146,0.915,-0.183,0.250,-0.355,1.112,255,800
264500506,-1.585,2.317,0.488,0.106,-0.288,1.036,255,800
264501638,1.159,3.537,0.671,0.010,-0.163,1.023,255,800
264502379,3.232,4.573,0.488,-0.156,0.054,1.066,255,800
264503639,4.451,4.573,1.037,-0.190,0.273,1.090,255,800
264504377,4.573,3.659,1.220,-0.234,0.376,1.033,255,800
264505639,0.488,1.463,1.037,-0.179,0.341,0.989,255,800
264506380,0.488,1.463,1.037,-0.179,0.341,0.989,255,800
264507639,-5.122,-1.341,0.427,0.106,0.051,1.030,255,800
264508375,-6.463,-1.768,0.000,0.175,-0.139,1.080,255,800
264509639,-6.463,-1.280,-0.549,0.228,-0.344,1.172,255,800
264510524,-5.427,-0.183,-0.549,0.245,-0.362,1.031,255,800
264511638,0.000,3.110,0.305,0.089,-0.220,1.037,255,800
264512502,0.000,3.110,0.305,0.089,-0.220,1.037,255,800
264513638,3.963,4.451,0.854,-0.164,0.180,0.954,255,800
264514383,4.451,4.390,1.280,-0.212,0.360,1.053,255,800
264515639,3.598,3.049,1.402,-0.235,0.430,1.117,255,800
264516376,1.463,1.524,0.915,-0.207,0.384,1.016,255,800
264517639,-1.402,0.549,0.427,-0.083,0.305,1.071,255,800
264518377,-4.207,-0.915,0.488,0.055,0.181,1.023,255,800
264519639,-7.195,-1.463,-0.427,0.160,-0.266,1.005,255,800
264520509,-6.280,-0.793,-0.793,0.251,-0.363,1.033,255,800
264521638,-4.390,0.854,-0.244,0.220,-0.400,1.131,255,800
264522511,-1.829,2.317,0.122,0.112,-0.292,1.153,255,800
264523638,0.976,3.537,0.610,-0.046,-0.134,1.072,255,800
264524379,3.171,4.329,0.793,-0.132,0.083,1.017,255,800
264525639,4.512,3.293,1.220,-0.213,0.415,0.979,255,800
264526381,4.512,3.293,1.220,-0.213,0.415,0.979,255,800
264527639,-0.122,1.098,0.915,-0.192,0.351,0.968,255,800
264528375,-3.049,-0.061,0.915,-0.044,0.240,1.002,255,800
264529639,-5.122,-0.854,0.122,0.136,0.014,1.078,255,800
264530403,-6.646,-1.646,-0.549,0.151,-0.202,1.060,255,800
264531638,-6.463,-1.220,-0.976,0.212,-0.325,1.057,255,800
264532735,-2.927,1.646,0.244,0.125,-0.328,1.008,255,800
264533624,0.244,3.171,0.244,0.025,-0.208,1.047,255,809
264534638,2.439,4.024,0.488,-0.102,-0.050,1.031,255,809
264535368,4.207,4.451,1.159,-0.152,0.253,1.089,255,809
264536638,4.878,3.659,1.280,-0.119,0.346,1.092,255,809
264537375,3.720,2.805,0.854,-0.220,0.479,0.947,255,809
264538638,1.159,1.768,0.488,-0.218,0.381,1.081,255,809
264539369,-2.073,0.305,0.549,-0.072,0.305,1.000,255,809
264540638,-6.707,-1.524,-0.183,0.109,-0.127,1.026,255,809
264541509,-7.073,-1.341,-0.549,0.167,-0.313,1.063,255,809
264542638,-6.098,-0.671,-0.854,0.236,-0.385,1.157,255,809
264543629,-4.329,0.854,-0.244,0.179,-0.372,1.097,255,809
264544638,-1.098,2.317,0.244,0.088,-0.257,1.034,255,809
264545380,1.768,3.476,0.488,-0.022,-0.104,0.970,255,809
264546639,4.939,4.024,1.037,-0.160,0.329,0.973,255,809
264547376,4.939,4.024,1.037,-0.160,0.329,0.973,255,809
264548639,2.561,2.439,0.671,-0.213,0.450,1.004,255,809
264549381,-0.671,1.341,0.488,-0.146,0.326,1.051,255,809
264550638,-3.598,-0.061,0.488,-0.008,0.220,1.010,255,809
264551378,-5.976,-1.402,0.000,0.114,-0.052,1.003,255,809
264552639,-6.951,-0.915,-0.793,0.197,-0.393,1.056,255,809
264553521,-5.000,0.366,-0.183,0.201,-0.398,1.068,255,809
264554638,-2.073,1.463,0.610,0.141,-0.354,1.148,255,809
264555376,1.037,2.683,0.610,0.028,-0.169,1.072,255,809
264556639,3.293,3.537,1.037,-0.063,0.018,1.054,255,809
264557375,4.634,4.024,1.341,-0.102,0.324,0.923,255,809
264558639,4.634,3.963,1.463,-0.171,0.424,1.001,255,809
264559378,3.415,3.171,0.854,-0.188,0.483,1.070,255,809
264560639,-2.378,0.488,0.305,-0.060,0.273,0.996,255,809
264561378,-5.000,-0.366,0.244,0.079,0.042,1.050,255,809
264562638,-7.012,-1.098,-0.305,0.064,-0.191,1.089,255,809
264563503,-7.134,-1.098,-0.732,0.121,-0.326,1.052,255,809
264564638,-5.915,-0.488,-0.305,0.246,-0.434,1.003,255,809
264565631,-3.293,1.098,0.488,0.155,-0.311,1.097,255,809
264566638,2.927,3.232,0.793,-0.020,-0.027,1.080,255,809
264567375,2.927,3.232,0.793,-0.020,-0.027,1.080,255,809
264568639,5.122,3.841,1.341,-0.150,0.421,1.011,255,809
264569378,4.146,3.537,1.341,-0.170,0.481,1.033,255,809
264570639,1.768,2.866,0.793,-0.199,0.441,0.990,255,809
264571378,-1.280,1.463,0.244,-0.140,0.287,0.921,255,809
264572639,-4.329,-0.183,0.122,-0.005,0.154,1.040,255,809
264573382,-6.646,-1.037,-0.183,0.051,-0.136,1.108,255,809
264574639,-6.524,-0.671,-0.549,0.193,-0.398,1.032,255,809
264575630,-4.207,0.122,0.061,0.202,-0.391,1.000,255,809
264576638,-1.341,1.585,0.549,0.122,-0.293,1.036,255,809
264577378,1.463,2.622,0.915,0.026,-0.107,0.994,255,809
264578639,4.024,3.780,1.159,-0.033,0.123,1.102,255,809
264579373,5.488,4.024,1.159,-0.107,0.343,1.073,255,809
264580639,2.683,2.500,0.549,-0.183,0.451,1.054,255,809
264581679,-0.549,1.951,0.183,-0.179,0.368,0.986,255,809
264582641,-3.659,0.732,0.000,-0.055,0.189,1.001,255,819
264583429,-6.280,-0.610,-0.061,0.007,-0.057,1.073,255,819
264584638,-7.317,-1.220,-0.488,0.060,-0.282,1.092,255,819
264585630,-6.890,-0.976,-0.427,0.124,-0.393,1.061,255,819
264586638,-2.439,0.732,0.244,0.150,-0.264,1.026,255,819
264587507,0.854,2.256,0.610,0.073,-0.188,0.996,255,819
264588638,3.659,3.293,1.037,0.004,0.074,0.971,255,819
264589374,5.122,4.024,1.280,-0.067,0.301,1.007,255,819
264590639,5.366,3.598,1.341,-0.127,0.435,1.125,255,819
264591382,3.720,2.927,0.793,-0.206,0.470,0.997,255,819
264592638,0.549,2.683,0.305,-0.201,0.390,1.076,255,819
264593375,-2.622,1.341,0.244,-0.089,0.266,1.002,255,819
264594639,-7.317,-0.854,-0.549,0.021,-0.213,1.069,255,819
264595507,-7.195,-0.976,-0.671,0.126,-0.390,1.064,255,819
264596638,-5.732,-0.976,-0.488,0.205,-0.434,1.046,255,819
264597628,-3.049,-0.183,0.244,0.176,-0.352,1.072,255,819
264598638,0.061,1.524,0.976,0.105,-0.215,1.089,255,819
264599378,3.049,2.927,1.341,0.063,0.035,0.953,255,819
264600639,5.366,4.268,1.463,-0.134,0.435,1.071,255,819
264601376,5.366,4.268,1.463,-0.134,0.435,1.071,255,819
264602639,1.341,3.537,0.427,-0.227,0.431,1.005,255,819
264603378,-1.829,2.195,-0.061,-0.151,0.299,1.072,255,819
264604639,-4.695,0.488,-0.244,-0.058,0.077,1.024,255,819
264605376,-6.707,-0.793,-0.366,0.017,-0.166,1.020,255,819
264606639,-7.256,-1.524,-0.488,0.096,-0.332,1.017,255,819
264607632,-3.720,-0.366,0.366,0.222,-0.405,1.077,255,819
264608638,-0.549,0.976,0.732,0.136,-0.246,1.110,255,819
264609371,2.378,2.378,1.159,0.118,-0.050,1.030,255,819
264610638,4.634,3.476,1.341,0.026,0.215,0.967,255,819
264611379,5.610,4.024,1.037,-0.087,0.400,0.997,255,819
264612638,4.390,4.268,0.793,-0.174,0.474,1.071,255,819
264613375,2.012,3.720,0.549,-0.232,0.442,1.021,255,819
264614639,-4.207,0.915,0.244,-0.089,0.129,0.996,255,819
264615380,-4.207,0.915,0.244,-0.089,0.129,0.996,255,819
264616639,-7.744,-1.524,-0.488,0.076,-0.276,1.020,255,819
264617507,-7.073,-1.646,0.122,0.176,-0.411,1.061,255,819
264618638,-4.756,-0.915,0.427,0.195,-0.437,1.055,255,819
264619382,-1.341,0.305,0.549,0.198,-0.293,1.101,255,819
264620638,4.512,2.988,1.159,0.041,0.155,0.988,255,819
264621376,4.512,2.988,1.159,0.041,0.155,0.988,255,819
264622639,4.939,4.390,0.915,-0.160,0.476,1.042,255,819
264623375,2.805,3.902,0.427,-0.235,0.471,1.013,255,819
264624638,-0.244,2.622,0.061,-0.228,0.333,1.039,255,819
264625376,-3.415,1.220,-0.122,-0.159,0.175,1.039,255,819
264626639,-6.341,-0.427,-0.122,-0.090,-0.066,1.047,255,819
264627513,-7.378,-1.524,-0.305,0.056,-0.240,1.001,255,819
264628638,-5.244,-1.402,0.488,0.212,-0.441,1.040,255,819
264629512,-1.951,-0.061,0.793,0.225,-0.331,1.077,255,819
264630638,1.280,1.646,1.220,0.182,-0.138,1.125,255,819
264631678,3.780,3.171,1.341,0.076,0.108,1.069,255,819
264632641,5.305,3.902,1.037,0.028,0.303,0.902,255,829
264633426,4.878,4.512,0.915,-0.150,0.502,1.025,255,829
264634638,0.244,3.598,0.061,-0.259,0.407,1.031,255,829
264635378,0.244,3.598,0.061,-0.259,0.407,1.031,255,829
264636639,-6.037,0.122,-0.122,-0.116,0.021,1.056,255,829
264637375,-7.500,-1.220,-0.427,0.021,-0.258,0.965,255,829
264638638,-7.256,-1.707,-0.244,0.146,-0.353,1.052,255,829
264639625,-5.427,-1.646,0.122,0.184,-0.480,1.039,255,829
264640638,-2.805,-0.610,0.854,0.248,-0.334,1.047,255,829
264641375,0.610,0.671,1.341,0.205,-0.188,1.114,255,829
264642639,5.244,3.537,1.098,0.035,0.283,0.925,255,829
264643377,5.244,4.268,0.976,-0.102,0.456,0.954,255,829
264644639,3.293,5.122,0.488,-0.232,0.497,1.034,255,829
264645371,0.671,4.024,0.000,-0.269,0.395,1.056,255,829
264646638,-2.805,2.561,-0.244,-0.268,0.233,1.061,255,829
264647384,-5.671,0.610,-0.061,-0.156,0.009,1.062,255,829
264648638,-7.622,-1.951,-0.183,0.084,-0.375,1.014,255,829
264649504,-6.341,-1.890,0.305,0.217,-0.420,1.090,255,829
264650638,-3.415,-1.402,0.671,0.226,-0.369,1.061,255,829
264651376,0.122,0.488,1.220,0.275,-0.187,1.165,255,829
264652639,2.866,2.195,1.280,0.156,0.012,1.062,255,829
264653375,5.122,3.598,0.915,0.085,0.252,0.933,255,829
264654638,3.841,5.305,0.427,-0.208,0.471,1.068,255,829
264655376,3.841,5.305,0.427,-0.208,0.471,1.068,255,829
264656639,-1.707,2.744,-0.061,-0.264,0.222,0.993,255,829
264657374,-4.878,0.732,-0.366,-0.171,0.076,1.013,255,829
264658638,-6.768,-0.976,-0.122,-0.049,-0.193,0.978,255,829
264659513,-7.134,-1.951,-0.366,0.067,-0.314,0.988,255,829
264660638,-6.280,-2.195,0.305,0.197,-0.456,1.127,255,829
264661505,-3.476,-1.585,0.488,0.279,-0.346,1.072,255,829
264662638,2.988,1.890,1.037,0.198,-0.002,1.077,255,829
264663378,5.061,3.659,0.915,0.081,0.234,0.948,255,829
264664639,5.061,5.000,0.793,-0.096,0.423,0.990,255,829
264665368,3.841,5.427,0.488,-0.227,0.471,1.069,255,829
264666638,1.098,4.268,0.122,-0.300,0.383,1.024,255,829
264667377,-2.195,2.927,0.305,-0.290,0.309,1.005,255,829
264668639,-7.012,-0.732,-0.366,-0.114,-0.137,0.986,255,829
264669513,-7.134,-1.951,-0.183,0.097,-0.329,1.007,255,829
264670638,-6.402,-2.012,0.488,0.201,-0.402,1.099,255,829
264671506,-3.354,-1.585,0.610,0.296,-0.392,1.106,255,829
264672638,-0.061,-0.793,1.037,0.280,-0.239,1.142,255,829
264673377,2.805,1.524,1.037,0.192,-0.014,1.003,255,829
264674639,4.878,3.537,1.037,0.085,0.219,0.920,255,829
264675370,5.244,4.817,0.915,-0.101,0.400,1.006,255,829
264676638,1.524,4.512,-0.061,-0.326,0.383,1.041,255,829
264677373,-1.524,2.927,-0.244,-0.270,0.298,1.039,255,829
264678639,-4.512,1.037,-0.183,-0.178,0.077,1.018,255,829
264679381,-6.524,-0.732,-0.122,-0.128,-0.139,0.999,255,829
264680638,-7.134,-2.073,0.000,0.077,-0.312,1.034,255,829
264681728,-3.780,-1.768,0.610,0.331,-0.368,1.086,255,829
264682495,-3.780,-1.768,0.610,0.331,-0.368,1.086,255,839
264683638,2.195,1.890,0.793,0.185,-0.017,0.952,255,839
264684389,4.329,3.720,0.671,0.090,0.213,0.948,255,839
264685638,4.939,5.000,0.854,-0.082,0.374,1.110,255,839
264686373,4.024,5.183,0.366,-0.231,0.444,1.055,255,839
264687638,1.280,4.329,-0.122,-0.303,0.390,1.028,255,839
264688380,-1.646,3.110,-0.122,-0.284,0.269,1.004,255,839
264689638,-6.463,-0.671,0.183,-0.089,-0.161,1.071,255,839
264690506,-7.012,-1.829,-0.122,0.059,-0.297,1.058,255,839
264691638,-6.341,-1.890,0.305,0.268,-0.401,1.106,255,839
264692507,-3.659,-1.646,0.610,0.312,-0.357,1.037,255,839
264693638,-0.305,-0.183,0.671,0.265,-0.226,1.038,255,839
264694453,2.073,1.768,0.793,0.196,-0.026,0.976,255,839
264695639,4.817,5.000,0.549,-0.074,0.333,1.096,255,839
264696413,4.817,5.000,0.549,-0.074,0.333,1.096,255,839
264697638,1.341,4.512,0.000,-0.324,0.382,1.058,255,839
264698392,-1.341,2.866,0.183,-0.267,0.345,0.994,255,839
264699638,-4.329,1.220,0.244,-0.170,0.042,1.044,255,839
264700388,-6.402,-0.976,0.061,-0.132,-0.121,1.062,255,839
264701638,-6.707,-2.317,-0.122,0.110,-0.333,1.072,255,839
264702689,-3.354,-1.707,0.915,0.290,-0.342,0.961,255,839
264703639,-0.305,-0.305,0.915,0.275,-0.231,0.933,255,839
264704408,2.378,2.195,0.610,0.159,-0.008,1.029,255,839
264705638,4.329,3.598,0.671,0.093,0.180,1.166,255,839
264706363,5.000,4.573,0.793,-0.120,0.375,1.025,255,839
264707639,3.720,4.878,0.366,-0.243,0.401,1.033,255,839
264708376,0.793,4.512,0.061,-0.330,0.428,1.040,255,839
264709639,-4.207,0.549,0.061,-0.167,0.070,1.080,255,839
264710383,-4.207,0.549,0.061,-0.167,0.070,1.080,255,839
264711639,-7.012,-2.134,0.122,0.115,-0.285,1.007,255,839
264712384,-6.098,-2.195,0.793,0.288,-0.357,0.917,255,839
264713638,-3.415,-1.098,1.037,0.280,-0.343,1.071,255,839
264714387,-0.488,0.488,0.854,0.227,-0.232,1.067,255,839
264715638,2.256,2.256,0.854,0.046,0.210,1.095,255,839
264716379,3.780,3.963,1.159,0.046,0.210,1.095,255,839
264717639,3.232,4.939,0.122,-0.297,0.437,1.002,255,839
264718386,0.976,4.268,0.305,-0.302,0.391,0.994,255,839
264719638,-1.890,2.744,0.549,-0.226,0.296,1.060,255,839
264720375,-4.756,0.793,0.671,-0.179,0.005,1.078,255,839
264721639,-6.646,-0.793,0.366,-0.042,-0.124,0.988,255,839
264722514,-6.890,-1.951,0.244,0.145,-0.294,0.951,255,839
264723638,-3.049,-0.793,0.366,0.272,-0.360,1.032,255,839
264724380,-3.049,-0.793,0.366,0.254,-0.224,1.132,255,839
264725639,2.622,2.317,0.488,0.161,0.063,1.096,255,839
264726385,4.268,3.902,0.549,0.022,0.209,0.958,255,839
264727638,4.512,5.244,0.610,-0.165,0.391,1.084,255,839
264728380,2.927,4.573,0.366,-0.285,0.391,1.061,255,839
264729639,-2.134,2.256,0.366,-0.250,0.209,1.022,255,839
264730408,-2.134,2.256,0.366,-0.250,0.209,1.022,255,839
264731638,-6.341,-1.159,0.305,-0.013,-0.142,0.990,255,839
264732727,-6.341,-1.829,0.183,0.161,-0.308,1.015,255,839
264733518,-5.183,-1.585,0.427,0.256,-0.385,1.072,255,848
264734638,-2.317,-0.610,0.427,0.293,-0.323,1.107,255,848
264735380,0.305,0.854,0.671,0.219,-0.121,1.083,255,848
264736639,3.902,3.659,0.732,-0.017,0.273,1.095,255,848
264737374,3.902,3.659,0.732,-0.017,0.273,1.095,255,848
264738638,2.683,4.695,0.488,-0.299,0.419,1.055,255,848
264739375,0.366,3.232,0.671,-0.254,0.351,0.996,255,848
264740639,-2.500,1.707,0.488,-0.179,0.205,1.000,255,848
264741369,-5.122,0.244,0.427,-0.109,-0.022,1.013,255,848
264742638,-6.402,-0.854,0.305,0.037,-0.186,1.058,255,848
264743374,-6.341,-1.585,0.305,0.169,-0.308,1.070,255,848
264744639,-1.707,0.061,0.366,0.228,-0.281,1.019,255,848
264745374,1.037,1.707,0.488,0.192,-0.117,0.875,255,848
264746638,2.927,3.232,0.854,0.083,0.094,1.052,255,848
264747365,4.451,4.024,0.366,-0.092,0.227,1.104,255,848
264748638,3.902,4.451,0.305,-0.206,0.389,1.089,255,848
264749377,2.012,4.207,0.488,-0.267,0.389,1.008,255,848
264750638,-3.354,0.915,0.610,-0.130,0.120,1.075,255,848
264751370,-3.354,0.915,0.610,-0.130,0.120,1.075,255,848
264752638,-6.098,-0.732,0.366,0.084,-0.217,1.022,255,848
264753375,-6.280,-1.159,0.244,0.222,-0.324,0.993,255,848
264754638,-4.085,-0.610,0.183,0.225,-0.349,1.037,255,848
264755375,-1.280,0.305,0.244,0.234,-0.270,1.034,255,848
264756639,3.293,3.049,0.549,-0.006,0.108,1.094,255,848
264757372,3.293,3.049,0.549,-0.006,0.108,1.094,255,848
264758638,3.659,4.390,0.854,-0.240,0.418,1.038,255,848
264759367,1.707,3.537,0.732,-0.270,0.397,1.005,255,848
264760638,-0.915,2.317,0.366,-0.179,0.304,1.060,255,848
264761377,-3.841,0.732,0.488,-0.108,0.106,1.050,255,848
264762638,-5.488,-0.244,0.305,-0.001,-0.047,0.986,255,848
264763492,-6.159,-0.915,0.183,0.108,-0.270,1.011,255,848
264764638,-3.293,-0.549,0.122,0.225,-0.350,1.035,255,848
264765379,-1.098,0.915,0.305,0.247,-0.203,1.119,255,848
264766638,1.707,2.256,0.488,0.071,-0.030,1.050,255,848
264767367,3.537,3.354,0.183,-0.019,0.163,1.040,255,848
264768638,3.963,4.085,0.427,-0.173,0.339,1.066,255,848
264769373,3.171,3.902,0.671,-0.215,0.391,1.021,255,848
264770638,-1.890,1.829,0.488,-0.162,0.217,1.032,255,848
264771367,-1.890,1.829,0.488,-0.162,0.217,1.032,255,848
264772638,-5.732,-0.305,0.122,0.061,-0.155,1.045,255,848
264773379,-6.159,-0.854,0.366,0.123,-0.248,1.109,255,848
264774638,-5.244,-0.854,0.549,0.225,-0.379,1.121,255,848
264775370,-2.561,0.183,-0.061,0.240,-0.300,1.012,255,848
264776638,0.183,1.402,0.183,0.128,-0.171,0.906,255,848
264777378,2.378,2.378,0.854,0.021,0.016,0.999,255,848
264778638,3.659,3.598,0.854,-0.168,0.352,1.063,255,848
264779367,2.317,3.476,0.976,-0.190,0.432,0.988,255,848
264780639,0.549,2.561,0.488,-0.169,0.340,1.013,255,848
264781665,-2.439,1.585,0.244,-0.153,0.209,1.071,255,848
264782641,-4.512,0.427,0.366,-0.031,-0.004,1.101,255,858
264783438,-5.976,-0.427,0.427,0.089,-0.138,0.960,255,858
264784638,-4.390,-0.183,-0.061,0.204,-0.350,1.005,255,858
264785509,-1.951,0.671,-0.305,0.188,-0.321,1.025,255,858
264786638,0.671,2.134,0.183,0.064,-0.122,1.057,255,858
264787381,2.866,2.988,0.610,-0.029,0.079,1.137,255,858
264788639,3.780,3.110,0.671,-0.074,0.265,1.087,255,858
264789374,3.476,3.598,0.915,-0.200,0.408,1.029,255,858
264790639,-0.244,1.890,0.793,-0.137,0.314,1.049,255,858
264791382,-0.244,1.890,0.793,-0.137,0.314,1.049,255,858
264792638,-5.000,-0.061,0.122,0.028,-0.047,0.963,255,858
264793376,-5.976,-0.366,-0.183,0.116,-0.222,1.027,255,858
264794639,-5.366,-0.671,0.000,0.177,-0.344,0.991,255,858
264795509,-3.598,-0.183,-0.183,0.159,-0.358,1.075,255,858
264796638,-0.915,1.098,-0.305,0.146,-0.274,1.173,255,858
264797512,1.585,2.256,0.061,0.019,-0.023,0.990,255,858
264798638,4.146,3.293,0.793,-0.134,0.336,1.041,255,858
264799379,3.232,3.293,0.793,-0.184,0.369,1.058,255,858
264800639,1.341,2.439,0.732,-0.167,0.404,1.046,255,858
264801377,-1.220,1.524,0.488,-0.089,0.250,0.995,255,858
264802639,-3.841,0.427,0.244,-0.043,0.093,1.008,255,858
264803380,-5.305,-0.122,0.000,0.062,-0.142,1.147,255,858
264804639,-5.183,0.000,-0.183,0.129,-0.342,1.006,255,858
264805361,-5.183,0.000,-0.183,0.129,-0.342,1.006,255,858
264806638,-0.122,1.890,0.061,0.083,-0.176,0.939,255,858
264807378,2.012,2.683,0.427,-0.032,0.014,1.166,255,858
264808639,3.598,2.805,0.976,-0.048,0.235,1.076,255,858
264809375,3.537,3.110,1.341,-0.166,0.351,1.075,255,858
264810639,2.378,2.927,1.159,-0.156,0.428,0.983,255,858
264811383,0.061,1.768,0.976,-0.109,0.352,1.036,255,858
264812639,-4.756,0.061,0.305,-0.007,0.004,1.022,255,858
264813373,-6.220,-0.427,0.183,0.131,-0.205,0.840,255,858
264814639,-6.159,0.305,0.000,0.091,-0.278,1.073,255,858
264815375,-4.329,0.427,-0.366,0.131,-0.432,1.101,255,858
264816639,-1.768,1.098,-0.061,0.103,-0.247,1.139,255,858
264817386,1.037,1.951,0.244,0.055,-0.104,1.032,255,858
264818639,3.659,2.988,0.671,-0.109,0.294,1.073,255,858
264819376,3.659,2.988,0.671,-0.109,0.294,1.073,255,858
264820639,1.463,2.683,1.098,-0.133,0.432,1.017,255,858
264821375,-0.976,1.707,0.732,-0.036,0.281,1.032,255,858
264822639,-3.415,0.732,0.122,-0.053,0.101,0.990,255,858
264823372,-5.244,0.183,0.000,0.061,-0.099,1.046,255,858
264824639,-5.427,0.305,-0.122,0.101,-0.354,0.998,255,858
264825368,-5.427,0.305,-0.122,0.101,-0.354,0.998,255,858
264826638,-0.793,1.646,-0.122,0.085,-0.216,0.970,255,858
264827381,2.012,2.317,0.488,-0.018,-0.050,1.067,255,858
264828639,3.415,2.561,0.732,-0.082,0.193,1.076,255,858
264829380,3.720,2.866,1.037,-0.119,0.342,1.026,255,858
264830639,3.110,2.744,1.098,-0.127,0.437,1.073,255,858
264831669,-1.951,1.037,0.488,-0.018,0.205,1.056,255,858
264832641,-4.451,0.549,0.244,0.015,0.029,1.098,255,868
264833433,-5.854,0.000,-0.183,0.039,-0.159,0.946,255,868
264834638,-6.280,0.366,-0.244,0.089,-0.281,0.983,255,868
264835385,-5.000,0.732,-0.305,0.060,-0.368,1.000,255,868
264836638,-2.134,0.915,-0.183,0.103,-0.323,1.177,255,868
264837392,0.427,1.402,0.549,0.033,-0.134,1.108,255,868
264838638,3.902,2.744,0.976,-0.082,0.271,1.024,255,868
264839368,3.902,2.744,0.976,-0.082,0.271,1.024,255,868
264840638,1.890,2.317,1.220,-0.079,0.405,1.053,255,868
264841375,-0.610,1.463,0.915,-0.016,0.310,0.977,255,868
264842639,-2.988,1.037,0.610,0.000,0.147,0.937,255,868
264843379,-5.183,0.366,-0.122,0.013,-0.089,1.061,255,868
264844639,-6.098,0.732,-0.366,0.055,-0.206,1.180,255,868
264845368,-5.549,0.732,-0.305,0.063,-0.348,0.994,255,868
264846638,-1.098,1.159,0.122,0.036,-0.247,0.909,255,868
264847378,1.707,1.951,0.732,-0.017,-0.036,1.109,255,868
264848639,3.415,2.256,1.159,-0.060,0.175,1.135,255,868
264849374,3.659,2.073,1.098,-0.042,0.350,1.016,255,868
264850639,2.683,2.256,1.098,-0.097,0.417,1.037,255,868
264851377,0.854,1.829,0.793,-0.008,0.367,1.022,255,868
264852639,-4.146,0.793,-0.244,-0.011,0.034,0.972,255,868
264853372,-4.146,0.793,-0.244,-0.011,0.034,0.972,255,868
264854639,-5.854,0.610,-0.366,0.088,-0.318,1.114,255,868
264855383,-4.573,1.098,-0.610,-0.001,-0.356,1.102,255,868
264856638,-2.256,1.280,-0.183,0.044,-0.329,1.108,255,868
264857505,0.244,1.585,0.305,0.031,-0.116,0.933,255,868
264858638,3.659,2.195,1.280,-0.030,0.273,1.116,255,868
264859373,3.659,2.195,1.280,-0.030,0.273,1.116,255,868
264860639,1.768,2.012,1.159,-0.027,0.414,1.018,255,868
264861372,-0.671,1.646,0.610,0.021,0.314,1.006,255,868
264862639,-3.415,1.159,0.305,-0.009,0.113,1.006,255,868
264863378,-5.183,0.854,-0.366,-0.023,-0.068,1.068,255,868
264864639,-6.037,0.915,-0.427,0.046,-0.236,1.028,255,868
264865505,-5.183,0.732,-0.244,0.021,-0.338,0.988,255,868
264866638,-0.732,1.341,0.183,0.022,-0.241,1.097,255,868
264867378,1.585,1.341,1.037,0.000,-0.026,1.130,255,868
264868639,3.598,1.585,1.341,0.008,0.185,1.051,255,868
264869375,3.720,2.195,1.402,-0.060,0.341,1.019,255,868
264870639,2.927,2.378,1.280,-0.014,0.417,1.030,255,868
264871377,0.793,1.890,0.854,0.024,0.376,1.075,255,868
264872638,-4.207,1.098,-0.427,-0.014,0.015,0.896,255,868
264873370,-4.207,1.098,-0.427,-0.014,0.015,0.896,255,868
264874638,-6.159,1.280,-0.366,-0.029,-0.299,1.197,255,868
264875511,-4.573,0.854,-0.183,0.017,-0.359,1.137,255,868
264876638,-2.134,1.037,0.122,-0.001,-0.253,1.011,255,868
264877429,0.549,0.732,0.610,0.051,-0.124,0.887,255,868
264878639,2.500,1.159,1.220,-0.003,0.095,1.085,255,868
264879413,3.659,1.524,0.915,-0.013,0.270,1.074,255,868
264880638,1.646,2.012,1.037,0.040,0.398,0.995,255,868
264881693,-0.427,1.585,0.549,0.039,0.276,1.084,255,868
264882641,-3.171,0.976,0.183,-0.006,0.073,1.103,255,878
264883431,-4.939,1.220,-0.549,-0.057,-0.082,1.001,255,878
264884638,-5.976,1.220,-0.488,-0.018,-0.242,0.844,255,878
264885638,-5.061,1.220,-0.183,-0.037,-0.321,1.070,255,878
264886638,-0.854,0.915,0.366,0.002,-0.163,1.116,255,878
264887504,1.646,1.159,1.159,0.031,0.017,0.993,255,878
264888638,3.293,1.341,1.159,0.031,0.222,1.068,255,878
264889376,3.049,2.012,0.976,0.007,0.341,1.030,255,878
264890638,1.951,2.195,1.098,0.017,0.407,1.002,255,878
264891368,0.244,1.890,0.793,0.069,0.329,0.988,255,878
264892638,-4.634,1.890,-0.732,-0.095,-0.019,1.074,255,878
264893507,-4.634,1.890,-0.732,-0.095,-0.019,1.074,255,878
264894638,-5.671,1.707,-0.305,-0.056,-0.254,0.973,255,878
264895622,-3.963,1.341,-0.122,-0.028,-0.347,1.041,255,878
264896638,-1.951,0.793,0.305,-0.031,-0.222,0.974,255,878
264897507,0.183,0.854,0.854,-0.009,-0.081,1.092,255,878
264898638,2.439,1.098,1.585,0.015,0.162,1.012,255,878
264899371,3.049,1.098,1.524,0.058,0.292,1.076,255,878
264900638,0.976,1.707,1.098,0.069,0.348,1.022,255,878
264901375,-1.463,1.646,0.366,0.053,0.220,1.090,255,878
264902638,-3.902,1.585,-0.366,-0.055,0.040,1.002,255,878
264903377,-5.549,1.768,-0.854,-0.022,-0.146,0.911,255,878
264904639,-5.793,1.829,-0.305,-0.064,-0.248,1.137,255,878
264905634,-4.329,1.159,-0.061,-0.054,-0.371,1.157,255,878
264906638,-0.122,0.610,0.793,0.016,-0.132,0.827,255,878
264907497,1.829,0.976,1.707,0.038,0.116,1.091,255,878
264908638,2.927,0.976,1.829,0.038,0.224,1.100,255,878
264909369,2.805,1.341,1.341,0.019,0.374,1.060,255,878
264910638,1.524,1.585,1.280,0.064,0.384,0.923,255,878
264911375,-0.854,1.585,0.427,0.089,0.273,1.067,255,878
264912638,-3.476,1.768,-0.183,-0.039,0.097,1.154,255,878
264913379,-5.061,1.646,-0.488,-0.027,-0.103,0.978,255,878
264914639,-4.878,1.890,-0.122,-0.088,-0.361,1.138,255,878
264915630,-2.561,1.463,0.183,-0.081,-0.301,1.157,255,878
264916638,-0.366,1.037,0.366,-0.018,-0.186,1.078,255,878
264917379,1.707,1.098,1.159,0.076,0.028,0.965,255,878
264918639,3.049,0.793,1.402,0.055,0.223,1.083,255,878
264919374,3.293,1.037,1.037,0.031,0.306,1.023,255,878
264920639,0.305,1.585,0.671,0.113,0.332,0.972,255,878
264921371,0.305,1.585,0.671,0.113,0.332,0.972,255,878
264922638,-4.207,1.402,-0.305,-0.065,-0.075,1.126,255,878
264923509,-5.732,1.890,-0.427,-0.054,-0.167,1.001,255,878
264924638,-4.939,1.707,-0.122,-0.096,-0.282,0.948,255,878
264925628,-3.354,1.768,0.244,-0.086,-0.320,1.064,255,878
264926638,1.159,0.610,0.976,0.082,-0.030,1.060,255,878
264927381,1.159,0.610,0.976,0.082,-0.030,1.060,255,878
264928639,3.537,1.098,1.220,0.040,0.283,1.055,255,878
264929368,2.683,1.951,0.976,0.044,0.386,1.021,255,878
264930638,0.976,1.829,0.915,0.085,0.369,1.013,255,878
264931668,-1.524,1.768,0.183,0.050,0.185,1.039,255,878
264932641,-3.963,1.829,-0.488,-0.056,0.027,0.987,255,887
264933429,-5.244,2.134,-0.671,-0.108,-0.159,1.116,255,887
264934638,-4.146,1.220,-0.244,-0.097,-0.299,1.072,255,887
264935643,-1.951,0.915,0.183,-0.021,-0.263,0.931,255,887
264936638,0.244,0.610,1.037,0.030,-0.076,0.951,255,887
264937369,2.195,0.854,1.768,0.080,0.097,1.104,255,887
264938638,2.927,0.610,1.280,0.043,0.249,1.114,255,887
264939372,2.317,1.585,1.159,0.057,0.406,0.987,255,887
264940638,-1.159,1.890,0.183,0.076,0.246,1.073,255,887
264941374,-1.159,1.890,0.183,0.076,0.246,1.073,255,887
264942638,-4.878,2.317,-0.610,-0.088,-0.087,0.879,255,887
264943504,-5.671,2.256,-0.427,-0.112,-0.235,1.108,255,887
264944638,-4.634,1.829,0.122,-0.100,-0.320,1.191,255,887
264945509,-2.378,1.220,0.244,-0.069,-0.277,1.080,255,887
264946638,-0.122,0.732,0.610,0.041,-0.144,0.882,255,887
264947367,1.768,0.610,1.220,0.051,0.065,1.063,255,887
264948638,2.988,1.341,1.220,0.055,0.350,1.019,255,887
264949367,1.890,1.585,0.427,0.106,0.380,0.958,255,887
264950638,-0.366,1.646,0.244,0.092,0.258,1.129,255,887
264951368,-2.561,2.012,-0.244,-0.055,0.084,1.095,255,887
264952638,-4.878,2.317,-0.427,-0.100,-0.053,0.918,255,887
264953512,-5.427,2.561,-0.183,-0.105,-0.188,0.928,255,887
264954638,-2.866,1.402,-0.061,-0.070,-0.312,1.167,255,887
264955629,-0.488,0.854,0.366,-0.017,-0.171,1.002,255,887
264956638,1.524,0.671,1.037,0.067,0.015,1.025,255,887
264957377,2.866,0.854,1.341,0.085,0.211,1.082,255,887
264958639,2.805,1.159,1.220,0.071,0.328,0.970,255,887
264959371,1.951,1.402,0.915,0.109,0.375,0.948,255,887
264960639,-2.134,1.768,-0.183,-0.056,0.128,1.081,255,887
264961379,-2.134,1.768,-0.183,-0.056,0.128,1.081,255,887
264962639,-5.244,1.951,-0.122,-0.108,-0.150,0.929,255,887
264963507,-5.000,1.707,0.122,-0.073,-0.306,1.070,255,887
264964638,-3.537,1.280,0.061,-0.112,-0.303,1.097,255,887
264965379,-0.732,0.854,0.488,-0.035,-0.224,1.112,255,887
264966639,1.220,0.427,1.585,0.099,-0.031,1.012,255,887
264967375,2.744,0.366,1.280,0.101,0.182,0.983,255,887
264968638,2.500,1.768,0.976,0.115,0.346,1.080,255,887
264969375,2.500,1.768,0.976,0.072,0.327,1.039,255,887
264970638,-2.134,2.317,-0.183,-0.029,0.178,0.996,255,887
264971374,-4.024,2.134,-0.549,-0.112,-0.006,1.042,255,887
264972638,-5.427,2.073,-0.366,-0.121,-0.139,1.084,255,887
264973634,-5.244,1.585,-0.183,-0.123,-0.257,1.040,255,887
264974638,-1.829,0.854,0.305,-0.026,-0.222,1.046,255,887
264975506,0.366,0.183,1.280,0.095,-0.075,1.167,255,887
264976638,2.134,-0.061,1.341,0.136,0.135,0.999,255,887
264977371,2.866,0.915,1.280,0.104,0.259,0.957,255,887
264978639,2.683,1.585,1.098,0.092,0.362,1.098,255,887
264979370,1.098,2.134,0.610,0.115,0.325,1.049,255,887
264980639,-1.768,2.622,0.122,-0.031,0.217,0.950,255,887
264981660,-4.817,2.439,-0.427,-0.113,-0.123,1.166,255,887
264982641,-5.488,1.890,-0.183,-0.159,-0.244,1.057,255,897
264983691,-4.268,1.585,-0.244,-0.157,-0.284,0.967,255,897
264984638,-2.317,0.488,0.488,-0.014,-0.225,0.909,255,897
264985509,0.366,0.549,1.220,0.084,-0.092,1.101,255,897
264986638,2.012,0.305,1.341,0.147,0.078,1.073,255,897
264987381,2.805,0.915,1.037,0.110,0.246,1.016,255,897
264988639,1.037,2.378,0.732,0.114,0.365,1.071,255,897
264989376,1.037,2.378,0.732,0.114,0.365,1.071,255,897
264990639,-3.354,2.073,-0.549,-0.109,0.047,0.977,255,897
264991379,-4.817,2.378,-0.427,-0.166,-0.116,1.110,255,897
264992639,-5.366,2.073,0.122,-0.142,-0.206,1.078,255,897
264993513,-4.573,1.585,0.305,-0.141,-0.287,1.058,255,897
264994638,-2.378,0.610,0.366,0.062,-0.096,0.978,255,897
264995445,-0.122,0.122,0.488,0.062,-0.096,0.978,255,897
264996639,2.500,0.488,0.915,0.118,0.222,1.104,255,897
264997433,2.378,1.341,0.671,0.088,0.337,1.008,255,897
264998639,1.280,2.195,0.488,0.121,0.367,1.023,255,897
264999402,-0.610,2.378,0.244,-0.009,0.205,1.034,255,897
265000638,-2.744,2.378,-0.488,-0.151,0.082,1.030,255,897
265001383,-4.390,2.073,-0.427,-0.128,-0.094,1.006,255,897
265002639,-4.512,1.159,0.122,-0.146,-0.290,1.090,255,897
265003509,-2.744,0.427,0.366,-0.012,-0.249,1.032,255,897
265004638,-0.793,-0.061,1.220,0.081,-0.129,0.952,255,897
265005379,1.646,0.000,1.341,0.172,0.055,1.090,255,897
265006639,2.622,0.488,1.098,0.155,0.196,1.101,255,897
265007382,2.622,1.463,0.549,0.092,0.333,0.988,255,897
265008638,-0.305,2.744,0.000,-0.014,0.236,1.079,255,897
265009380,-0.305,2.744,0.000,-0.014,0.236,1.079,255,897
265010639,-4.756,2.744,-0.183,-0.168,-0.078,0.971,255,897
265011509,-5.671,2.012,-0.061,-0.151,-0.164,1.082,255,897
265012638,-4.573,1.037,0.244,-0.146,-0.296,1.168,255,897
265013502,-2.683,0.488,0.671,-0.023,-0.245,1.028,255,897
265014638,-0.793,-0.061,1.280,0.076,-0.120,0.898,255,897
265015385,1.159,-0.061,1.402,0.190,0.025,1.122,255,897
265016638,2.561,1.159,0.854,0.112,0.276,0.952,255,897
265017374,1.463,2.378,0.244,0.087,0.332,1.048,255,897
265018639,-0.488,2.683,0.061,-0.009,0.231,1.116,255,897
265019374,-2.439,2.988,-0.427,-0.120,0.108,0.947,255,897
265020639,-4.146,2.561,-0.427,-0.170,-0.038,0.945,255,897
265021515,-4.817,2.012,-0.061,-0.173,-0.176,1.155,255,897
265022638,-2.622,0.732,0.488,-0.074,-0.202,1.044,255,897
265023506,-0.610,-0.061,1.037,0.137,-0.143,0.946,255,897
265024638,0.976,-0.183,1.402,0.193,0.054,1.075,255,897
265025382,2.195,0.549,1.220,0.151,0.167,1.024,255,897
265026639,2.561,1.220,0.915,0.129,0.270,1.039,255,897
265027378,1.829,2.500,0.488,0.075,0.321,1.028,255,897
265028639,0.000,2.927,0.244,-0.100,0.088,0.998,255,897
265029370,-2.256,2.866,-0.305,-0.100,0.088,0.998,255,897
265030638,-4.512,2.317,0.305,-0.170,-0.166,1.151,255,897
265031709,-4.085,1.463,0.793,-0.158,-0.240,1.131,255,897
265032641,-2.683,0.732,0.915,-0.064,-0.209,1.071,255,907
265033434,-0.976,-0.183,1.402,0.151,-0.134,0.956,255,907
265034638,0.854,-0.183,1.341,0.149,0.026,0.992,255,907
265035378,1.829,0.549,0.976,0.191,0.163,1.064,255,907
265036639,1.402,2.012,0.488,0.063,0.333,0.973,255,907
265037373,1.402,2.012,0.488,-0.008,0.217,1.057,255,907
265038639,-2.378,2.317,-0.122,-0.122,0.079,1.011,255,907
265039379,-3.902,2.317,-0.061,-0.175,-0.045,0.950,255,907
265040639,-4.878,2.195,0.366,-0.188,-0.155,1.077,255,907
265041506,-4.146,1.463,0.671,-0.142,-0.256,1.112,255,907
265042638,-0.671,-0.183,1.098,0.164,-0.104,0.934,255,907
265043387,-0.671,-0.183,1.098,0.164,-0.104,0.934,255,907
265044638,2.256,0.610,0.366,0.152,0.147,1.088,255,907
265045377,1.890,1.646,0.000,0.091,0.278,0.979,255,907
265046639,1.280,2.744,0.244,0.046,0.317,0.922,255,907
265047383,-0.366,2.866,0.244,-0.008,0.242,1.159,255,907
265048638,-2.195,2.500,-0.061,-0.137,0.048,1.006,255,907
265049366,-3.720,2.256,-0.305,-0.186,-0.003,0.918,255,907
265050639,-4.207,1.159,0.732,-0.102,-0.206,1.192,255,907
265051504,-2.500,0.366,0.793,0.018,-0.208,1.053,255,907
265052638,-0.610,-0.244,0.854,0.144,-0.138,0.935,255,907
265053371,0.854,0.061,0.732,0.142,0.006,1.104,255,907
265054639,2.378,0.854,0.549,0.145,0.156,1.008,255,907
265055362,2.622,1.646,0.488,0.104,0.278,0.991,255,907
265056639,-0.488,2.683,-0.122,-0.070,0.234,1.071,255,907
265057375,-0.488,2.683,-0.122,-0.070,0.234,1.071,255,907
265058639,-4.024,2.561,-0.122,-0.183,-0.015,1.024,255,907
265059513,-4.939,1.707,0.549,-0.123,-0.142,1.198,255,907
265060638,-4.329,0.610,0.793,-0.079,-0.212,1.070,255,907
265061377,-2.561,0.183,0.854,0.012,-0.208,1.055,255,907
265062639,-0.732,0.000,1.037,0.155,0.040,1.094,255,907
265063378,0.732,0.183,0.854,0.155,0.040,1.094,255,907
265064639,2.256,1.890,0.305,0.083,0.256,1.071,255,907
265065375,1.524,2.561,0.366,0.048,0.281,0.984,255,907
265066639,-0.183,2.866,0.305,-0.086,0.224,1.016,255,907
265067379,-2.012,2.500,0.244,-0.119,0.085,1.000,255,907
265068638,-3.598,2.256,0.183,-0.181,-0.022,1.065,255,907
265069378,-4.512,1.768,0.671,-0.124,-0.149,1.067,255,907
265070639,-2.500,0.549,0.976,0.019,-0.190,0.969,255,907
265071380,-2.500,0.549,0.976,0.123,-0.088,0.995,255,907
265072639,1.341,0.427,0.793,0.188,0.013,1.062,255,907
265073371,2.439,0.732,0.366,0.103,0.186,1.037,255,907
265074638,2.195,1.829,0.549,0.094,0.228,1.005,255,907
265075378,1.037,2.378,0.183,-0.009,0.283,1.071,255,907
265076639,-2.744,2.500,0.183,-0.130,0.095,0.912,255,907
265077369,-2.744,2.500,0.183,-0.130,0.095,0.912,255,907
265078638,-4.268,1.341,0.549,-0.084,-0.174,1.201,255,907
265079380,-3.598,0.671,0.488,-0.064,-0.209,1.013,255,907
265080639,-1.951,0.671,0.366,0.067,-0.154,0.940,255,907
265081682,-0.488,0.610,0.549,0.133,-0.075,1.098,255,907
265082641,1.037,0.366,0.488,0.141,0.034,1.087,255,917
265083422,1.707,1.037,0.427,0.119,0.164,0.960,255,917
265084638,0.671,2.805,0.183,-0.025,0.282,1.089,255,917
265085383,-0.793,2.561,0.122,-0.084,0.189,1.005,255,917
265086638,-2.561,2.073,0.061,-0.144,0.077,0.940,255,917
265087374,-3.963,1.463,0.427,-0.104,-0.070,1.187,255,917
265088638,-4.390,1.159,0.610,-0.095,-0.161,1.089,255,917
265089387,-3.902,0.976,0.549,-0.021,-0.180,0.956,255,917
265090639,-0.305,0.610,0.488,0.152,-0.088,1.195,255,917
265091376,-0.305,0.610,0.488,0.152,-0.088,1.195,255,917
265092639,2.073,1.402,0.000,0.089,0.166,1.048,255,917
265093376,1.524,2.378,-0.061,-0.010,0.265,1.031,255,917
265094639,0.671,2.561,0.366,-0.023,0.287,1.023,255,917
265095369,-0.915,2.561,0.427,-0.126,0.178,0.999,255,917
265096638,-2.744,2.256,-0.122,-0.124,0.026,1.085,255,917
265097377,-3.902,1.524,0.122,-0.105,-0.057,1.147,255,917
265098638,-3.598,0.610,0.671,-0.001,-0.167,0.970,255,917
265099427,-1.707,0.549,0.427,0.108,-0.156,1.080,255,917
265100639,0.122,0.366,0.488,0.151,-0.100,1.167,255,917
265101416,1.341,0.366,0.366,0.131,0.040,0.999,255,917
265102638,1.768,1.585,0.244,0.032,0.205,0.940,255,917
265103374,1.341,2.744,0.366,-0.028,0.253,1.012,255,917
265104639,-1.098,2.317,-0.183,-0.116,0.135,0.981,255,917
265105384,-1.098,2.317,-0.183,-0.112,0.021,1.078,255,917
265106638,-3.963,1.159,0.427,-0.102,-0.039,1.007,255,917
265107378,-4.329,0.854,0.610,0.005,-0.154,1.013,255,917
265108639,-3.659,0.549,0.488,-0.016,-0.167,1.048,255,917
265109378,-1.707,0.732,0.244,0.088,-0.181,1.189,255,917
265110639,1.280,1.159,0.305,0.085,0.094,1.016,255,917
265111374,1.280,1.159,0.305,0.085,0.094,1.016,255,917
265112639,1.220,2.561,0.244,-0.052,0.284,0.999,255,917
265113376,0.305,2.439,0.549,-0.028,0.233,0.983,255,917
265114639,-1.341,2.012,0.366,-0.097,0.099,1.151,255,917
265115381,-2.805,1.768,0.427,-0.137,0.061,1.082,255,917
265116639,-3.841,1.524,0.549,-0.040,-0.062,0.891,255,917
265117415,-3.720,1.037,0.854,-0.010,-0.129,1.089,255,917
265118639,-1.159,0.366,0.183,0.123,-0.179,0.983,255,917
265119426,0.183,0.976,0.366,0.077,-0.008,1.034,255,917
265120638,1.098,1.646,0.061,0.088,0.081,1.116,255,917
265121378,1.463,1.646,-0.122,-0.043,0.202,0.937,255,917
265122639,1.159,2.378,0.061,-0.023,0.254,0.956,255,917
265123380,0.000,2.012,0.488,-0.039,0.213,1.127,255,917
265124639,-2.805,1.524,0.549,-0.086,0.027,0.913,255,917
265125380,-2.805,1.524,0.549,-0.086,0.027,0.913,255,917
265126639,-3.659,1.037,0.671,0.027,-0.174,1.195,255,917
265127382,-2.744,0.915,0.366,0.026,-0.194,1.003,255,917
265128639,-1.341,0.854,0.244,0.105,-0.130,0.948,255,917
265129378,0.305,1.341,0.305,0.103,0.011,1.075,255,917
265130639,1.280,1.524,0.183,0.002,0.080,0.981,255,917
265131693,1.098,2.134,0.183,-0.053,0.262,0.994,255,917
265132641,-0.549,1.829,0.488,-0.018,0.220,1.015,255,926
265133434,-1.768,1.341,0.671,-0.085,0.102,1.016,255,926
265134638,-3.171,1.159,0.488,-0.031,-0.005,1.066,255,926
265135379,-3.841,1.280,0.671,-0.006,-0.086,1.108,255,926
265136639,-3.110,1.037,0.610,0.008,-0.174,1.119,255,926
265137382,-1.951,1.037,0.061,0.059,-0.153,0.931,255,926
265138639,0.610,1.402,0.244,0.043,-0.001,1.050,255,926
265139422,1.646,1.707,0.244,0.008,0.092,1.115,255,926
265140639,1.585,2.073,0.366,-0.070,0.217,1.000,255,926
265141413,0.793,2.134,0.488,-0.034,0.267,1.037,255,926
265142638,-0.854,1.707,0.915,-0.021,0.194,1.013,255,926
265143376,-2.561,1.768,0.488,-0.053,0.091,1.032,255,926
265144638,-3.841,1.341,0.671,0.057,-0.091,0.995,255,926
265145376,-3.841,1.341,0.671,0.057,-0.091,0.995,255,926
265146639,-2.012,1.463,0.305,0.041,-0.171,1.095,255,926
265147377,-0.183,1.585,0.244,0.050,-0.098,1.057,255,926
265148639,0.915,1.585,0.305,0.036,0.021,1.018,255,926
265149376,1.402,1.951,0.305,-0.061,0.113,1.049,255,926
265150639,1.280,1.951,0.183,-0.076,0.238,1.008,255,926
265151377,0.549,1.585,0.610,0.017,0.233,0.950,255,926
265152639,-2.134,1.098,0.793,-0.006,0.029,1.189,255,926
265153379,-3.659,1.098,0.427,-0.036,-0.011,0.880,255,926
265154639,-4.024,1.280,0.427,0.064,-0.128,1.039,255,926
265155378,-3.415,1.037,0.549,0.071,-0.148,1.173,255,926
265156639,-1.585,1.341,-0.061,-0.008,-0.152,1.048,255,926
265157507,0.061,1.585,0.000,0.053,-0.111,1.006,255,926
265158638,1.341,2.012,0.610,-0.087,0.143,0.910,255,926
265159382,1.341,2.012,0.610,-0.087,0.143,0.910,255,926
265160638,0.183,1.220,0.915,-0.005,0.211,1.140,255,926
265161380,-0.915,0.915,0.915,-0.035,0.147,1.048,255,926
265162639,-2.317,0.671,0.671,-0.026,0.026,0.919,255,926
265163375,-3.537,1.159,0.732,0.026,-0.019,1.049,255,926
265164639,-3.598,1.463,0.854,0.098,-0.140,1.181,255,926
265165382,-2.561,1.585,0.244,0.032,-0.174,1.024,255,926
265166638,-0.061,1.951,-0.122,0.008,-0.036,1.086,255,926
265167376,0.976,1.829,0.488,-0.053,0.084,1.086,255,926
265168638,1.463,1.951,0.671,-0.081,0.195,1.045,255,926
265169378,1.037,1.768,0.732,-0.021,0.227,0.964,255,926
265170639,-0.122,1.341,0.976,-0.038,0.190,1.027,255,926
265171376,-1.890,0.793,0.793,0.011,0.103,1.034,255,926
265172639,-3.720,1.037,0.793,0.080,-0.072,1.093,255,926
265173379,-3.720,1.037,0.793,0.080,-0.072,1.093,255,926
265174639,-1.890,1.524,0.000,0.002,-0.177,0.984,255,926
265175372,-0.549,2.012,-0.122,-0.013,-0.144,1.154,255,926
265176639,0.427,1.829,0.000,-0.021,0.002,0.967,255,926
265177501,0.915,1.890,0.366,-0.032,0.132,1.008,255,926
265178638,1.098,1.463,1.098,-0.035,0.238,1.056,255,926
265179377,1.098,1.463,1.098,-0.035,0.238,1.056,255,926
265180639,-2.012,1.098,1.159,-0.011,0.112,1.059,255,926
265181705,-3.049,0.854,0.732,0.095,-0.013,1.055,255,926
265182641,-3.476,1.159,0.549,0.035,-0.058,0.929,255,936
265183433,-2.988,1.463,-0.061,0.028,-0.212,1.115,255,936
265184638,-1.890,1.463,0.000,-0.014,-0.132,1.126,255,936
265185384,-0.427,1.707,0.000,-0.046,-0.093,0.966,255,936
265186638,0.732,1.585,0.366,-0.090,0.117,0.977,255,936
265187377,0.854,1.890,0.671,-0.046,0.220,0.959,255,936
265188639,0.183,1.341,1.159,0.019,0.220,1.115,255,936
265189377,-1.280,1.037,1.341,0.028,0.153,1.109,255,936
265190638,-2.622,0.610,0.976,0.053,0.074,0.964,255,936
265191377,-3.415,0.793,0.732,0.081,-0.033,0.970,255,936
265192639,-2.561,1.585,-0.183,0.014,-0.187,1.073,255,936
265193379,-2.561,1.585,-0.183,0.014,-0.187,1.073,255,936
265194638,-0.244,2.012,-0.183,-0.008,-0.051,1.059,255,936
265195507,0.488,1.829,0.061,-0.062,0.043,1.071,255,936
265196638,0.854,1.646,0.427,-0.136,0.150,1.069,255,936
265197373,0.610,1.463,0.549,-0.002,0.252,1.011,255,936
265198639,-0.305,0.854,1.159,0.042,0.218,1.000,255,936
265199376,-1.524,0.610,1.037,0.050,0.119,0.989,255,936
265200639,-3.476,1.524,0.610,0.068,-0.047,1.078,255,936
265201382,-3.110,1.829,0.244,0.005,-0.167,0.987,255,936
265202638,-2.134,2.195,0.061,-0.036,-0.140,0.969,255,936
265203379,-0.732,2.317,-0.305,-0.025,-0.163,1.093,255,936
265204639,0.427,1.951,-0.183,-0.074,0.016,0.996,255,936
265205511,1.159,1.646,0.183,-0.088,0.057,1.034,255,936
265206638,0.854,1.220,1.524,0.055,0.235,1.034,255,936
265207370,0.854,1.220,1.524,0.055,0.235,1.034,255,936
265208638,-2.439,0.915,1.159,0.050,0.070,1.119,255,936
265209381,-3.171,0.976,0.549,0.069,0.024,0.930,255,936
265210639,-3.720,1.463,0.366,0.041,-0.090,1.047,255,936
265211378,-2.866,1.890,-0.183,-0.046,-0.144,1.133,255,936
265212639,-0.183,1.707,-0.061,-0.104,-0.066,0.993,255,936
265213627,0.549,1.585,0.305,-0.066,0.011,1.064,255,936
265214638,0.976,1.280,0.671,-0.085,0.172,0.996,255,936
265215376,1.037,1.280,0.854,-0.011,0.224,0.926,255,936
265216639,0.244,0.915,1.098,0.114,0.215,1.136,255,936
265217381,-1.037,0.854,1.037,0.089,0.129,1.029,255,936
265218639,-2.378,1.220,0.427,0.056,0.067,0.952,255,936
265219376,-3.598,1.768,0.305,0.090,-0.032,1.170,255,936
265220639,-2.561,2.134,-0.366,-0.073,-0.168,0.965,255,936
265221512,-1.280,2.256,-0.427,-0.073,-0.139,1.005,255,936
265222638,0.366,1.890,-0.061,-0.097,-0.035,1.059,255,936
265223506,0.793,1.159,0.183,-0.101,0.094,1.091,255,936
265224638,1.037,0.854,0.671,-0.063,0.175,1.079,255,936
265225377,0.610,0.732,1.098,0.069,0.237,0.988,255,936
265226639,-1.646,0.915,0.549,0.082,0.107,1.108,255,936
265227370,-1.646,0.915,0.549,0.082,0.107,1.108,255,936
265228638,-2.927,1.829,0.305,0.059,-0.068,0.933,255,936
265229380,-2.866,2.683,0.061,-0.076,-0.179,1.070,255,936
265230639,-1.951,2.561,-0.610,-0.110,-0.157,1.102,255,936
265231726,-0.732,2.195,-0.244,-0.109,-0.119,1.006,255,936
265232614,0.244,1.707,0.000,-0.088,0.063,0.986,255,946
265233638,0.549,0.915,1.341,0.003,0.231,1.062,255,946
265234379,0.549,0.915,1.341,0.003,0.231,1.062,255,946
265235638,-1.037,0.488,1.341,0.092,0.191,1.037,255,946
265236367,-2.134,0.732,0.610,0.101,0.069,0.951,255,946
265237639,-3.110,1.646,0.305,0.091,-0.010,1.044,255,946
265238378,-3.293,2.378,0.061,-0.043,-0.148,1.129,255,946
265239639,-1.341,2.378,-0.122,-0.125,-0.152,0.903,255,946
265240507,-1.341,2.378,-0.122,-0.125,-0.152,0.903,255,946
265241638,0.732,0.976,0.549,-0.121,0.044,1.051,255,946
265242509,1.098,0.793,0.976,-0.056,0.163,0.986,255,946
265243638,0.793,0.610,1.280,0.107,0.245,1.071,255,946
265244376,-0.122,0.549,1.280,0.166,0.233,1.021,255,946
265245639,-1.341,0.915,1.098,0.122,0.121,1.044,255,946
265246378,-2.439,1.341,0.427,0.116,0.005,1.145,255,946
265247639,-3.232,2.805,-0.061,-0.075,-0.153,1.054,255,946
265248512,-2.256,2.866,-0.366,-0.176,-0.168,1.077,255,946
265249638,-0.854,2.134,-0.366,-0.135,-0.098,1.017,255,946
265250628,0.488,1.280,-0.122,-0.064,-0.024,1.034,255,946
265251638,0.976,1.037,0.366,-0.127,0.121,1.083,255,946
265252381,0.793,1.037,1.402,0.076,0.196,1.009,255,946
265253638,-0.976,0.488,1.220,0.191,0.164,1.066,255,946
265254376,-0.976,0.488,1.220,0.191,0.164,1.066,255,946
265255639,-3.110,2.073,-0.061,0.058,-0.041,1.023,255,946
265256383,-3.354,2.744,0.122,-0.016,-0.096,1.133,255,946
265257639,-2.683,2.439,-0.305,-0.152,-0.167,1.027,255,946
265258509,-1.341,2.317,-0.244,-0.193,-0.145,0.917,255,946
265259638,-0.488,2.073,-0.061,-0.122,-0.075,1.108,255,946
265260631,0.793,0.366,1.037,-0.037,0.194,1.080,255,946
265261638,0.610,0.183,1.707,0.168,0.263,0.986,255,946
265262372,-0.366,-0.122,1.646,0.222,0.245,1.006,255,946
265263639,-1.463,0.549,0.976,0.159,0.082,1.079,255,946
265264381,-2.439,1.829,0.183,0.085,0.024,1.077,255,946
265265638,-3.354,2.561,0.000,0.052,-0.069,0.959,255,946
265266377,-3.049,3.049,-0.122,-0.134,-0.139,1.012,255,946
265267639,-1.037,2.256,-0.244,-0.165,-0.154,1.043,255,946
265268636,0.366,1.098,0.305,-0.101,0.019,0.964,255,946
265269638,0.732,0.366,0.793,-0.066,0.133,1.055,255,946
265270368,1.159,0.244,1.098,0.076,0.231,1.056,255,946
265271638,0.732,-0.183,1.341,0.214,0.248,1.084,255,946
265272377,-0.549,0.122,1.280,0.190,0.180,1.076,255,946
265273639,-3.171,2.317,-0.305,0.098,-0.027,1.067,255,946
265274378,-3.171,2.317,-0.305,0.098,-0.027,1.067,255,946
265275639,-3.049,2.927,-0.549,-0.197,-0.197,0.981,255,946
265276507,-2.073,2.805,-0.549,-0.229,-0.164,0.942,255,946
265277638,-0.671,2.073,0.122,-0.159,-0.079,1.183,255,946
265278506,0.610,0.488,0.793,-0.057,0.077,1.037,255,946
265279638,1.280,0.000,1.341,0.005,0.178,1.006,255,946
265280401,1.037,-0.122,1.463,0.174,0.238,1.033,255,946
265281638,-1.341,1.159,0.549,0.190,0.124,1.078,255,946
265282678,-2.561,1.951,0.122,0.122,0.053,1.016,255,946
265283641,-3.110,2.744,-0.244,-0.012,-0.070,0.932,255,956
265284553,-3.415,3.293,-0.671,-0.201,-0.208,1.102,255,956
265285638,-2.866,2.744,-0.671,-0.267,-0.171,1.099,255,956
265286632,-1.585,2.195,0.000,-0.192,-0.117,0.931,255,956
265287638,0.854,0.244,1.037,-0.015,0.125,1.050,255,956
265288378,0.854,0.244,1.037,-0.015,0.125,1.050,255,956
265289638,0.427,0.061,1.524,0.234,0.274,1.094,255,956
265290380,-0.549,0.061,1.341,0.283,0.178,1.018,255,956
265291639,-1.890,1.159,0.610,0.148,0.109,0.897,255,956
265292378,-2.805,2.622,-0.244,0.025,-0.083,1.129,255,956
265293639,-3.293,3.293,-0.549,-0.151,-0.135,1.060,255,956
265294513,-2.683,3.537,-0.793,-0.265,-0.188,0.933,255,956
265295638,-0.610,1.402,0.793,-0.139,-0.062,1.160,255,956
265296591,0.793,-0.183,1.220,-0.065,0.056,1.053,255,956
265297639,1.280,-0.549,1.341,0.039,0.179,1.054,255,956
265298428,1.098,-0.183,1.524,0.248,0.275,1.006,255,956
265299638,0.183,0.305,1.280,0.294,0.251,1.042,255,956
265300376,-1.402,1.098,0.610,0.212,0.131,1.146,255,956
265301639,-3.537,3.293,-0.610,-0.073,-0.074,0.982,255,956
265302509,-3.415,3.841,-0.671,-0.266,-0.209,1.120,255,956
265303638,-2.622,3.232,-0.244,-0.276,-0.136,1.052,255,956
265304633,-0.854,1.524,0.122,-0.170,-0.115,0.991,255,956
265305638,0.671,0.732,0.610,-0.119,-0.021,1.053,255,956
265306383,1.037,-0.366,1.220,0.016,0.095,1.073,255,956
265307638,0.427,-0.183,1.585,0.345,0.281,1.037,255,956
265308377,0.427,-0.183,1.585,0.345,0.281,1.037,255,956
265309638,-2.012,2.195,-0.305,0.085,0.021,1.138,255,956
265310381,-3.293,3.232,-0.610,-0.013,-0.056,1.037,255,956
265311639,-3.598,3.537,-0.244,-0.218,-0.114,0.945,255,956
265312630,-3.110,3.232,-0.183,-0.271,-0.185,0.987,255,956
265313638,-1.768,2.012,0.183,-0.236,-0.169,1.082,255,956
265314509,-0.305,0.793,0.610,-0.178,-0.067,1.029,255,956
265315638,0.976,-0.732,1.768,0.167,0.239,1.039,255,956
265316378,0.854,-0.671,1.768,0.348,0.252,1.046,255,956
265317639,-0.061,0.244,0.915,0.290,0.229,1.111,255,956
265318379,-1.098,1.646,0.061,0.154,0.062,0.957,255,956
265319639,-2.744,2.683,-0.488,-0.012,0.003,0.963,255,956
265320417,-3.598,4.024,-0.305,-0.184,-0.074,1.071,255,956
265321639,-2.012,2.256,-0.183,-0.338,-0.154,0.947,255,956
265322673,-0.610,1.280,0.244,-0.186,-0.104,1.127,255,956
265323638,0.732,-0.122,0.854,-0.037,0.048,1.043,255,956
265324376,1.220,-0.671,1.585,0.093,0.193,1.098,255,956
265325639,1.037,-0.671,1.646,0.353,0.238,1.036,255,956
265326381,0.183,0.061,1.159,0.313,0.247,1.023,255,956
265327639,-1.402,1.341,0.305,0.246,0.104,1.104,255,956
265328377,-2.683,3.110,-0.549,0.051,0.044,1.063,255,956
265329639,-3.902,3.902,-0.610,-0.294,-0.195,1.076,255,956
265330537,-2.683,3.232,-0.549,-0.350,-0.187,1.130,255,956
265331638,-1.098,1.646,0.000,-0.241,-0.141,0.963,255,956
265332732,0.061,0.610,0.854,-0.091,0.020,1.064,255,956
265333533,0.793,-0.793,1.098,0.083,0.124,1.019,255,965
265334638,0.976,-0.671,1.463,0.277,0.210,1.084,255,965
265335366,0.732,0.244,1.220,0.316,0.282,1.063,255,965
265336638,-2.134,2.317,-0.427,0.099,0.104,0.958,255,965
265337375,-2.683,3.598,-0.915,-0.093,-0.062,1.116,255,965
265338638,-3.354,3.598,-0.549,-0.237,-0.136,0.968,255,965
265339622,-3.110,3.110,-0.427,-0.364,-0.199,0.968,255,965
265340638,-2.073,2.073,0.305,-0.283,-0.144,1.146,255,965
265341503,-0.122,0.305,1.037,-0.114,-0.038,1.033,255,965
265342638,1.159,-1.098,1.280,0.198,0.200,1.023,255,965
265343367,1.159,-1.098,1.280,0.198,0.200,1.023,255,965
265344638,-0.122,0.610,1.037,0.317,0.206,1.068,255,965
265345370,-1.524,1.829,0.122,0.164,0.144,1.046,255,965
265346638,-2.988,3.171,-0.732,-0.044,-0.050,0.847,255,965
265347497,-3.598,4.268,-0.854,-0.250,-0.097,1.091,255,965
265348638,-2.439,2.439,0.061,-0.329,-0.151,0.947,255,965
265349507,-2.439,2.439,0.061,-0.163,-0.065,1.158,255,965
265350638,0.610,-0.427,1.220,0.029,0.021,1.076,255,965
265351374,1.037,-0.915,1.402,0.155,0.151,1.066,255,965
265352639,1.037,-0.305,1.402,0.326,0.278,1.009,255,965
265353371,0.427,0.610,0.915,0.404,0.238,1.011,255,965
265354639,-1.098,1.768,0.183,0.183,0.157,1.051,255,965
265355368,-2.561,3.110,-0.610,-0.011,-0.037,1.123,255,965
265356638,-3.598,4.207,-0.305,-0.323,-0.158,1.087,255,965
265357632,-2.561,2.866,0.366,-0.351,-0.140,1.136,255,965
265358638,-0.854,1.037,0.610,-0.243,-0.153,0.938,255,965
265359369,0.488,-0.122,0.915,-0.017,0.000,1.083,255,965
265360638,0.976,-0.793,1.524,0.167,0.120,1.084,255,965
265361379,0.976,-0.366,1.524,0.317,0.254,1.050,255,965
265362639,-0.366,1.341,0.305,0.291,0.151,0.961,255,965
265363376,-0.366,1.341,0.305,0.291,0.151,0.961,255,965
265364639,-2.744,4.207,-0.793,-0.199,-0.068,1.110,255,965
265365510,-3.232,4.146,-0.366,-0.326,-0.102,0.898,255,965
265366638,-2.866,2.744,-0.061,-0.306,-0.163,1.056,255,965
265367629,-1.585,1.524,0.427,-0.325,-0.152,1.095,255,965
265368638,-0.244,-0.122,0.671,-0.073,-0.059,1.072,255,965
265369506,0.305,-0.854,1.585,0.179,0.134,1.103,255,965
265370638,0.976,-0.366,1.402,0.377,0.251,1.088,255,965
265371375,0.122,1.280,0.305,0.310,0.177,1.057,255,965
265372639,-1.341,2.744,-0.549,0.077,0.070,0.930,255,965
265373379,-2.866,3.902,-0.488,-0.150,-0.028,0.951,255,965
265374639,-3.354,4.390,-0.061,-0.324,-0.077,1.094,255,965
265375629,-2.866,3.171,0.122,-0.330,-0.212,1.038,255,965
265376638,-0.549,0.122,0.793,-0.103,-0.106,1.135,255,965
265377379,-0.549,0.122,0.793,-0.103,-0.106,1.135,255,965
265378639,0.915,-0.793,1.402,0.269,0.198,1.066,255,965
265379377,1.220,-0.427,1.280,0.412,0.250,1.032,255,965
265380639,0.610,1.098,0.549,0.308,0.203,1.029,255,965
265381676,-1.159,2.378,-0.183,0.153,0.068,1.126,255,965
265382641,-3.293,4.146,-0.427,-0.263,-0.083,0.987,255,975
265383558,-2.927,3.780,0.183,-0.382,-0.171,1.115,255,975
265384638,-2.073,2.378,0.122,-0.365,-0.168,1.001,255,975
265385385,-1.098,0.793,0.915,-0.170,-0.095,1.087,255,975
265386639,-0.122,-0.427,1.707,0.108,0.091,1.035,255,975
265387387,0.183,-0.976,2.012,0.269,0.156,1.098,255,975
265388638,0.671,-0.549,0.976,0.332,0.262,1.047,255,975
265389375,0.061,0.793,0.305,0.392,0.202,1.014,255,975
265390639,-2.622,3.598,-0.671,-0.063,0.027,1.109,255,975
265391376,-3.232,4.024,-0.732,-0.246,-0.083,0.892,255,975
265392639,-3.171,3.841,-0.427,-0.410,-0.158,1.040,255,975
265393633,-2.683,2.500,0.000,-0.348,-0.193,1.096,255,975
265394638,-1.341,0.671,0.854,-0.203,-0.107,1.003,255,975
265395390,0.549,-0.610,1.280,0.073,0.038,1.047,255,975
265396638,1.159,-0.671,0.732,0.292,0.234,1.082,255,975
265397375,1.159,-0.671,0.732,0.292,0.234,1.082,255,975
265398639,-0.732,1.707,0.244,0.245,0.172,0.951,255,975
265399381,-2.134,3.232,-0.610,-0.066,0.049,1.003,255,975
265400639,-3.049,4.207,-0.671,-0.216,-0.088,1.125,255,975
265401506,-3.598,3.659,-0.061,-0.385,-0.132,0.970,255,975
265402638,-2.927,2.927,0.366,-0.367,-0.169,0.982,255,975
265403509,-1.829,1.341,1.037,-0.217,-0.125,1.104,255,975
265404638,0.549,-1.159,1.524,0.219,0.073,1.084,255,975
265405379,0.793,-0.732,1.159,0.293,0.229,1.055,255,975
265406639,1.098,0.244,0.488,0.419,0.247,1.070,255,975
265407377,0.061,1.402,0.183,0.281,0.200,1.013,255,975
265408639,-1.463,2.988,-0.305,-0.055,0.047,0.928,255,975
265409376,-2.622,3.963,-0.732,-0.246,-0.057,1.068,255,975
265410639,-3.110,2.561,0.427,-0.346,-0.159,0.909,255,975
265411507,-2.195,1.220,0.793,-0.268,-0.130,1.091,255,975
265412638,-0.244,-0.183,1.159,0.006,-0.064,1.160,255,975
265413376,0.671,-1.037,1.098,0.175,0.091,1.083,255,975
265414639,1.037,-0.793,1.402,0.335,0.190,1.002,255,975
265415375,0.915,-0.183,0.671,0.417,0.271,1.042,255,975
265416639,-1.463,2.866,-0.305,-0.032,0.106,0.965,255,975
265417382,-1.463,2.866,-0.305,-0.032,0.106,0.965,255,975
265418639,-3.963,4.085,-0.122,-0.333,-0.062,1.101,255,975
265419514,-3.415,2.927,0.427,-0.365,-0.164,1.001,255,975
265420638,-1.890,1.280,0.793,-0.310,-0.160,0.981,255,975
265421390,-0.488,-0.061,0.854,-0.034,-0.054,1.145,255,975
265422638,0.488,-1.402,1.159,0.184,0.076,1.138,255,975
265423501,0.854,-1.159,1.098,0.316,0.205,1.016,255,975
265424638,0.244,1.341,0.366,0.293,0.150,1.038,255,975
265425380,-1.037,2.988,-0.305,0.002,0.081,1.095,255,975
265426639,-2.134,3.537,-0.427,-0.190,-0.035,0.872,255,975
265427507,-3.293,4.024,0.000,-0.336,-0.056,1.040,255,975
265428638,-3.110,2.927,0.671,-0.338,-0.200,1.102,255,975
265429383,-1.829,1.402,0.915,-0.338,-0.133,1.035,255,975
265430639,0.671,-1.159,1.280,0.205,0.102,1.037,255,975
265431676,1.037,-0.976,1.037,0.319,0.183,1.004,255,975
265432641,1.098,-0.122,0.732,0.377,0.234,1.059,255,985
265433422,0.366,1.098,-0.183,0.283,0.168,1.017,255,985
265434638,-1.341,2.500,-0.183,0.036,0.094,1.126,255,985
265435383,-2.256,3.537,-0.183,-0.174,0.028,0.975,255,985
265436639,-3.232,3.780,0.061,-0.271,-0.087,0.888,255,985
265437377,-3.354,3.354,0.366,-0.408,-0.152,1.080,255,985
265438639,-0.976,0.366,1.098,-0.080,-0.054,1.014,255,985
265439381,0.488,-0.793,1.159,0.207,0.074,1.018,255,985
265440638,0.976,-0.854,1.098,0.310,0.147,1.103,255,985
265441372,1.098,0.244,0.427,0.346,0.223,1.050,255,985
265442639,0.427,1.402,0.061,0.285,0.181,1.020,255,985
265443376,-1.220,2.866,-0.183,0.044,0.123,0.986,255,985
265444639,-3.415,3.476,-0.122,-0.317,-0.093,0.907,255,985
265445506,-3.293,3.232,0.244,-0.382,-0.146,1.031,255,985
265446638,-2.866,1.768,0.732,-0.300,-0.167,1.146,255,985
265447382,-1.524,0.488,1.159,-0.083,-0.046,0.996,255,985
265448639,0.244,-0.976,1.280,0.226,0.017,1.029,255,985
265449373,0.976,-0.915,1.159,0.255,0.144,1.070,255,985
265450638,0.183,1.098,0.305,0.291,0.226,1.082,255,985
265451376,0.183,1.098,0.305,0.291,0.226,1.082,255,985
265452639,-2.439,3.171,-0.305,-0.118,-0.009,1.116,255,985
265453500,-3.293,3.415,-0.244,-0.315,-0.056,0.944,255,985
265454638,-3.049,3.049,0.122,-0.361,-0.167,1.029,255,985
265455507,-2.439,2.195,0.976,-0.285,-0.130,1.098,255,985
265456638,-1.098,0.305,0.915,-0.086,-0.077,1.025,255,985
265457376,0.244,-1.098,1.037,0.209,0.007,1.028,255,985
265458639,0.976,0.305,0.610,0.311,0.194,1.057,255,985
265459375,0.610,1.402,0.244,0.281,0.249,1.053,255,985
265460638,-0.488,2.195,0.000,0.095,0.154,0.948,255,985
265461376,-1.890,3.293,-0.305,-0.142,0.018,1.063,255,985
265462639,-3.110,3.720,-0.305,-0.320,-0.097,1.055,255,985
265463506,-3.598,2.805,0.427,-0.340,-0.118,1.022,255,985
265464638,-1.280,0.366,1.159,-0.051,-0.148,1.058,255,985
265465375,-1.280,0.366,1.159,-0.051,-0.148,1.058,255,985
265466638,1.341,-0.549,0.732,0.291,0.077,1.083,255,985
265467380,1.220,0.183,0.427,0.308,0.241,1.031,255,985
265468639,0.793,1.402,0.244,0.250,0.207,1.089,255,985
265469371,-0.427,2.378,-0.061,0.088,0.129,0.975,255,985
265470639,-1.524,3.232,-0.305,-0.179,0.033,0.960,255,985
265471379,-2.744,3.659,-0.122,-0.269,-0.045,1.078,255,985
265472639,-2.195,1.646,1.098,-0.244,-0.104,0.925,255,985
265473506,-1.280,0.427,0.915,-0.074,-0.153,1.121,255,985
265474638,0.122,-0.305,0.732,0.131,0.011,1.087,255,985
265475377,0.854,-0.488,0.854,0.303,0.097,1.090,255,985
265476639,1.037,0.244,0.244,0.301,0.211,1.000,255,985
265477362,0.793,1.402,0.122,0.219,0.181,1.056,255,985
265478638,-1.951,3.232,-0.061,-0.181,0.043,0.907,255,985
265479377,-1.951,3.232,-0.061,-0.181,0.043,0.907,255,985
265480639,-3.171,3.110,0.671,-0.288,-0.094,1.030,255,985
265481678,-2.683,1.768,0.671,-0.245,-0.148,0.930,255,985
265482641,-1.524,0.915,0.732,-0.074,-0.084,1.138,255,995
265483426,-0.122,-0.122,0.854,0.146,-0.006,1.091,255,995
265484638,0.793,0.061,0.366,0.261,0.180,0.998,255,995
265485374,0.793,0.061,0.366,0.261,0.180,0.998,255,995
265486638,-0.671,2.256,0.000,0.083,0.125,1.079,255,995
265487367,-2.012,2.866,0.244,-0.178,0.082,0.878,255,995
265488638,-2.805,3.049,0.488,-0.209,-0.053,1.069,255,995
265489380,-3.537,2.561,0.854,-0.287,-0.104,1.079,255,995
265490638,-2.744,1.463,0.915,-0.207,-0.159,0.999,255,995
265491378,-1.829,0.610,1.037,-0.013,-0.084,1.050,255,995
265492639,0.671,-0.183,0.671,0.256,0.111,1.083,255,995
265493379,0.610,0.610,0.183,0.228,0.138,0.975,255,995
265494639,0.427,1.585,-0.122,0.157,0.213,1.038,255,995
265495368,-1.098,2.195,0.000,0.051,0.146,1.078,255,995
265496639,-1.951,2.683,0.183,-0.136,0.074,0.933,255,995
265497378,-2.927,2.988,0.366,-0.267,-0.059,1.042,255,995
265498638,-3.171,1.524,1.037,-0.161,-0.128,1.014,255,995
265499377,-3.171,1.524,1.037,-0.161,-0.128,1.014,255,995
265500638,-0.244,-0.122,0.915,0.179,-0.029,1.077,255,995
265501380,0.610,-0.061,0.122,0.209,0.067,1.099,255,995
265502639,0.793,0.915,0.000,0.207,0.142,0.992,255,995
265503363,0.427,1.768,0.183,0.168,0.205,1.057,255,995
265504639,-0.732,2.439,0.366,0.022,0.201,1.058,255,995
265505370,-1.768,2.317,0.305,-0.134,0.029,0.902,255,995
265506638,-3.659,2.683,0.671,-0.239,-0.121,1.090,255,995
265507378,-3.232,1.585,1.280,-0.117,-0.076,0.993,255,995
265508638,-1.646,0.793,0.915,0.022,-0.086,1.016,255,995
265509379,-0.549,0.366,0.610,0.143,-0.035,1.108,255,995
265510638,0.610,0.366,0.061,0.182,0.039,1.095,255,995
265511371,0.427,0.976,-0.305,0.189,0.171,1.000,255,995
265512639,-0.732,2.317,0.244,0.033,0.143,1.035,255,995
265513371,-0.732,2.317,0.244,0.033,0.143,1.035,255,995
265514638,-2.439,2.683,0.000,-0.284,-0.015,1.096,255,995
265515383,-3.232,2.622,0.976,-0.146,-0.083,1.074,255,995
265516638,-2.744,1.341,1.098,-0.069,-0.074,0.958,255,995
265517377,-1.280,0.610,0.793,0.008,-0.104,1.070,255,995
265518639,0.610,0.732,0.427,0.179,0.060,1.024,255,995
265519378,0.610,0.732,0.427,0.179,0.060,1.024,255,995
265520639,0.427,1.646,0.244,0.119,0.198,1.081,255,995
265521371,-0.366,2.134,-0.061,-0.023,0.124,1.076,255,995
265522638,-1.646,2.317,-0.061,-0.185,-0.002,0.927,255,995
265523507,-2.805,2.378,0.610,-0.192,0.018,1.072,255,995
265524638,-3.110,1.768,1.280,-0.109,-0.070,1.019,255,995
265525376,-2.683,0.976,1.280,-0.054,-0.107,0.985,255,995
265526639,-0.366,0.732,0.366,0.147,-0.037,1.062,255,995
265527443,0.183,1.037,0.183,0.186,0.115,1.085,255,995
265528639,0.244,1.037,0.061,0.151,0.140,0.965,255,995
265529419,0.427,1.524,0.000,0.044,0.195,1.061,255,995
265530638,-0.671,2.012,0.061,-0.027,0.087,1.101,255,995
265531695,-1.951,1.951,0.549,-0.184,0.063,0.859,255,995
265532641,-3.293,1.768,0.732,-0.116,-0.048,1.125,255,1004
265533566,-2.561,1.220,0.671,-0.034,-0.106,0.949,255,1004
265534638,-1.280,1.280,0.244,0.015,-0.095,1.102,255,1004
265535507,-0.061,0.793,0.122,0.156,0.005,0.976,255,1004
265536638,0.427,0.732,0.183,0.189,0.083,1.097,255,1004
265537374,0.671,1.220,0.122,0.059,0.166,0.950,255,1004
265538639,0.183,1.524,-0.061,0.018,0.146,1.151,255,1004
265539373,-0.793,1.829,0.244,-0.078,0.139,0.995,255,1004
265540639,-2.561,1.707,0.915,-0.093,-0.016,1.214,255,1004
265541507,-2.866,1.524,1.098,-0.126,-0.085,0.968,255,1004
265542638,-2.622,1.463,1.037,-0.014,-0.125,1.018,255,1004
265543628,-1.646,1.524,0.549,0.043,-0.036,1.038,255,1004
265544638,-0.305,1.098,0.061,0.174,-0.001,1.101,255,1004
265545372,0.366,1.159,-0.061,0.083,0.065,1.004,255,1004
265546638,0.549,2.012,-0.122,0.004,0.192,1.079,255,1004
265547369,0.549,2.012,-0.122,0.004,0.192,1.079,255,1004
265548639,-1.890,1.402,0.793,-0.105,0.033,1.052,255,1004
265549373,-2.622,1.646,0.732,-0.127,-0.011,1.109,255,1004
265550639,-2.805,1.646,0.915,-0.064,-0.106,0.986,255,1004
265551628,-2.439,1.220,0.976,0.030,-0.068,1.023,255,1004
265552638,-0.183,1.220,0.122,0.142,-0.010,1.020,255,1004
265553380,-0.183,1.220,0.122,0.142,-0.010,1.020,255,1004
265554638,0.183,1.768,-0.183,-0.024,0.142,1.099,255,1004
265555373,0.061,1.707,0.366,0.004,0.234,1.020,255,1004
265556639,-0.915,1.159,0.915,-0.022,0.111,0.920,255,1004
265557375,-1.524,1.402,0.976,-0.147,0.041,1.090,255,1004
265558639,-2.378,1.585,1.159,-0.090,-0.050,1.094,255,1004
265559506,-2.683,1.159,1.220,-0.033,-0.046,0.969,255,1004
265560638,-1.098,1.220,0.305,0.097,-0.068,1.040,255,1004
265561504,-0.061,1.280,-0.366,0.063,-0.049,1.019,255,1004
265562638,0.000,1.402,-0.610,-0.012,0.063,1.006,255,1004
265563497,0.122,1.890,-0.061,-0.031,0.171,1.054,255,1004
265564638,0.000,1.402,0.610,0.076,0.180,1.026,255,1004
265565382,-1.159,0.732,0.793,-0.065,0.072,0.979,255,1004
265566639,-2.683,1.524,1.159,-0.014,-0.004,0.974,255,1004
265567509,-2.683,1.646,1.402,0.038,-0.009,0.983,255,1004
265568638,-1.890,1.585,0.732,0.032,-0.085,1.144,255,1004
265569379,-0.610,1.098,-0.244,0.062,-0.107,1.032,255,1004
265570639,0.427,1.890,-0.549,0.017,-0.006,0.982,255,1004
265571501,0.305,1.768,-0.122,-0.027,0.092,1.082,255,1004
265572638,0.183,1.524,0.244,-0.010,0.220,1.013,255,1004
265573380,-0.122,0.854,0.488,0.004,0.115,0.982,255,1004
265574639,-2.073,0.976,0.976,-0.067,0.005,1.133,255,1004
265575372,-2.988,0.854,1.341,0.058,0.034,0.861,255,1004
265576639,-2.500,1.280,1.280,0.081,-0.073,1.083,255,1004
265577382,-1.646,1.646,0.549,0.027,-0.130,1.145,255,1004
265578638,-0.854,2.195,-0.061,0.001,-0.081,1.037,255,1004
265579549,0.183,2.195,-0.122,0.020,0.020,0.987,255,1004
265580639,0.366,0.976,0.000,0.004,0.130,0.958,255,1004
265581730,-0.061,0.915,0.549,-0.066,0.130,1.081,255,1004
265582640,-1.220,1.037,1.037,-0.027,0.072,1.095,255,1014
265583404,-2.439,1.037,1.402,-0.004,0.096,0.980,255,1014
265584638,-2.805,0.915,1.524,0.092,-0.055,0.980,255,1014
265585380,-2.439,1.707,0.793,0.051,-0.062,1.204,255,1014
265586639,-0.488,2.256,-0.305,0.010,-0.046,1.062,255,1014
265587513,-0.488,2.256,-0.305,0.010,-0.046,1.062,255,1014
265588638,0.183,1.524,-0.122,-0.060,0.075,1.029,255,1014
265589500,0.000,1.159,0.122,-0.090,0.171,1.021,255,1014
265590638,-0.183,0.671,0.793,-0.030,0.100,1.060,255,1014
265591383,-1.402,0.366,1.280,0.002,0.130,1.116,255,1014
265592638,-2.134,0.549,1.280,0.065,0.061,0.906,255,1014
265593378,-2.805,1.585,1.037,0.047,-0.040,1.057,255,1014
265594639,-1.159,2.561,-0.122,-0.036,-0.100,0.945,255,1014
265595511,-0.549,2.561,-0.549,-0.021,-0.068,1.077,255,1014
265596638,0.000,2.073,-0.366,-0.057,0.042,1.109,255,1014
265597507,0.244,1.646,-0.183,-0.128,0.074,0.976,255,1014
265598638,0.183,1.159,0.305,-0.068,0.154,1.007,255,1014
265599383,-0.122,0.610,0.915,0.025,0.145,1.148,255,1014
265600638,-2.134,0.488,1.159,0.063,0.015,0.901,255,1014
265601372,-2.134,0.488,1.159,0.063,0.015,0.901,255,1014
265602638,-2.317,2.317,0.427,0.055,-0.098,0.981,255,1014
265603379,-1.280,2.805,0.000,-0.032,-0.082,1.010,255,1014
265604639,-0.549,2.561,-0.305,-0.070,-0.053,1.081,255,1014
265605623,0.427,2.378,-0.305,-0.103,0.024,1.043,255,1014
265606638,0.183,1.829,0.061,-0.170,0.091,1.004,255,1014
265607382,0.061,0.610,0.427,-0.007,0.218,1.093,255,1014
265608639,-1.768,-0.366,1.220,0.062,0.097,0.929,255,1014
265609369,-2.378,0.732,0.793,0.093,0.006,1.219,255,1014
265610639,-2.622,1.707,0.732,0.143,-0.024,0.975,255,1014
265611379,-2.317,2.500,0.000,0.081,-0.050,0.998,255,1014
265612639,-1.829,2.439,-0.305,-0.053,-0.132,1.088,255,1014
265613509,-0.488,2.439,-0.732,-0.138,-0.070,0.984,255,1014
265614638,-0.061,1.646,0.183,-0.132,0.169,1.045,255,1014
265615506,-0.061,0.488,1.037,0.027,0.161,1.043,255,1014
265616638,-0.488,-0.427,1.524,0.052,0.113,1.003,255,1014
265617374,-1.402,0.183,1.341,0.103,0.049,1.163,255,1014
265618639,-2.439,1.220,1.220,0.152,0.032,1.031,255,1014
265619385,-2.439,2.378,0.976,0.114,-0.013,0.925,255,1014
265620638,-0.915,3.049,-0.610,-0.173,-0.095,0.978,255,1014
265621512,-0.915,3.049,-0.610,-0.173,-0.095,0.978,255,1014
265622638,-0.122,1.707,-0.183,-0.202,0.107,0.989,255,1014
265623628,0.061,0.488,0.732,-0.054,0.130,1.060,255,1014
265624638,0.122,-0.488,0.976,-0.003,0.162,1.055,255,1014
265625370,-0.610,-0.793,0.671,0.086,0.057,1.080,255,1014
265626639,-1.829,0.061,1.037,0.197,0.090,1.090,255,1014
265627379,-2.622,0.793,0.732,0.182,0.037,0.897,255,1014
265628639,-2.012,3.110,-0.366,-0.065,-0.140,1.020,255,1014
265629512,-1.341,3.476,-0.793,-0.165,-0.126,1.085,255,1014
265630638,-0.305,2.805,-0.427,-0.183,0.018,0.995,255,1014
265631739,0.122,1.463,0.122,-0.173,0.099,1.032,255,1014
265632630,0.000,0.427,0.854,-0.104,0.132,0.937,255,1024
265633638,-0.061,-0.793,0.915,0.057,0.120,1.106,255,1024
265634377,-1.220,-0.549,1.402,0.159,0.136,1.127,255,1024
265635638,-2.256,1.524,0.976,0.220,0.008,1.098,255,1024
265636379,-2.195,2.866,0.122,0.061,-0.103,1.044,255,1024
265637638,-1.524,3.902,-0.305,-0.125,-0.131,1.015,255,1024
265638509,-0.854,3.598,-0.488,-0.174,-0.098,1.050,255,1024
265639638,-0.183,2.500,-0.427,-0.184,0.056,1.019,255,1024
265640633,-0.244,1.159,0.244,-0.222,0.058,0.969,255,1024
265641638,-0.183,-0.610,1.341,0.151,0.107,1.167,255,1024
265642374,-0.183,-0.610,1.341,0.151,0.107,1.167,255,1024
265643639,-2.134,0.366,1.402,0.267,0.031,1.067,255,1024
265644380,-2.500,2.195,0.671,0.168,-0.034,1.088,255,1024
265645638,-2.073,3.354,-0.183,-0.014,-0.073,0.956,255,1024
265646512,-2.073,3.780,-0.610,-0.121,-0.150,1.045,255,1024
265647638,-0.915,3.476,-0.427,-0.237,-0.024,1.021,255,1024
265648640,0.122,0.671,0.183,-0.221,0.108,1.069,255,1024
265649638,0.610,-0.610,1.037,0.025,0.156,1.042,255,1024
265650371,-0.549,-1.402,1.829,0.211,0.171,1.001,255,1024
265651639,-1.098,-0.732,1.646,0.269,0.098,1.118,255,1024
265652385,-1.890,1.037,0.854,0.265,0.033,1.032,255,1024
265653638,-2.317,2.744,0.000,0.082,-0.042,1.016,255,1024
265654376,-2.134,4.024,-0.610,-0.028,-0.110,1.099,255,1024
265655638,-0.976,3.537,-0.427,-0.280,-0.032,0.958,255,1024
265656639,-0.427,1.646,-0.061,-0.269,-0.005,1.082,255,1024
265657638,0.061,0.061,0.732,-0.135,0.168,1.103,255,1024
265658503,0.305,-1.402,1.463,0.113,0.170,0.962,255,1024
265659638,-0.610,-1.646,1.951,0.259,0.124,1.117,255,1024
265660382,-1.524,-0.427,1.402,0.271,0.104,1.001,255,1024
265661638,-2.195,3.537,0.366,0.102,-0.021,1.090,255,1024
265662380,-2.195,3.537,0.366,0.102,-0.021,1.090,255,1024
265663638,-1.402,4.024,-0.793,-0.289,-0.067,0.975,255,1024
265664518,-0.610,2.805,-0.671,-0.304,-0.093,1.079,255,1024
265665638,-0.244,1.280,0.122,-0.291,0.095,1.065,255,1024
265666507,0.000,-0.366,0.915,-0.014,0.148,0.922,255,1024
265667638,-0.183,-1.707,1.402,0.165,0.174,1.154,255,1024
265668381,-0.854,-1.280,1.707,0.276,0.100,1.104,255,1024
265669638,-2.073,2.378,0.549,0.244,0.018,1.072,255,1024
265670377,-2.195,3.659,-0.122,0.032,-0.104,0.955,255,1024
265671639,-1.646,4.512,-0.854,-0.233,-0.102,1.028,255,1024
265672637,-1.098,3.780,-1.037,-0.274,-0.127,1.069,255,1024
265673638,-0.366,2.439,-0.122,-0.358,0.060,1.038,255,1024
265674632,0.183,0.305,0.732,-0.163,0.058,0.982,255,1024
265675638,-0.244,-1.463,1.524,0.225,0.155,0.990,255,1024
265676377,-0.244,-1.463,1.524,0.225,0.155,0.990,255,1024
265677639,-1.707,0.976,0.915,0.298,0.076,1.109,255,1024
265678380,-2.378,2.683,0.061,0.184,-0.070,0.943,255,1024
265679639,-2.012,4.390,-0.366,-0.126,-0.077,1.068,255,1024
265680537,-1.220,4.939,-0.976,-0.244,-0.175,0.973,255,1024
265681638,-0.610,3.659,-0.305,-0.326,-0.018,1.065,255,1024
265682735,-0.122,-0.122,0.915,-0.110,0.098,1.142,255,1024
265683690,0.244,-1.159,1.341,0.104,0.187,0.979,255,1034
265684334,-0.488,-1.585,1.646,0.287,0.144,1.102,255,1034
265685638,-1.280,-0.549,1.220,0.341,0.138,1.146,255,1034
265686382,-1.951,1.098,0.488,0.307,-0.006,0.890,255,1034
265687639,-2.317,3.659,-0.244,0.053,-0.047,1.146,255,1034
265688512,-1.951,4.756,-0.915,-0.171,-0.159,1.013,255,1034
265689638,-0.610,2.744,-0.366,-0.300,-0.025,0.955,255,1034
265690644,-0.305,0.854,0.366,-0.299,0.018,1.124,255,1034
265691638,0.610,-0.549,0.854,-0.033,0.150,0.946,255,1034
265692377,0.122,-1.341,1.585,0.229,0.206,1.127,255,1034
265693639,-0.549,-1.463,1.402,0.351,0.149,1.108,255,1034
265694384,-1.341,0.061,0.610,0.345,0.074,0.952,255,1034
265695639,-2.439,4.329,-0.488,0.001,-0.067,0.945,255,1034
265696507,-2.439,4.329,-0.488,-0.278,-0.083,1.086,255,1034
265697638,-1.524,3.598,-0.427,-0.303,-0.096,1.050,255,1034
265698641,-0.732,2.256,0.244,-0.363,-0.034,1.031,255,1034
265699638,-0.183,0.244,0.610,-0.257,0.078,0.943,255,1034
265700506,0.122,-1.341,1.280,0.160,0.178,1.170,255,1034
265701638,-0.244,-1.890,1.585,0.263,0.204,1.065,255,1034
265702383,-0.732,-1.037,1.098,0.403,0.081,0.928,255,1034
265703638,-2.012,3.537,-0.183,0.104,-0.057,0.945,255,1034
265704507,-2.073,4.756,-0.488,-0.126,-0.056,1.072,255,1034
265705638,-1.463,4.695,-0.549,-0.312,-0.097,0.958,255,1034
265706634,-0.854,3.415,-0.183,-0.362,-0.120,1.050,255,1034
265707638,-0.244,1.707,0.366,-0.367,0.032,1.070,255,1034
265708512,0.061,-0.183,1.220,-0.057,0.133,1.078,255,1034
265709638,-0.305,-1.524,1.402,0.324,0.108,1.144,255,1034
265710384,-0.305,-1.524,1.402,0.324,0.108,1.144,255,1034
265711638,-1.951,1.646,0.122,0.237,0.031,0.924,255,1034
265712378,-2.500,3.902,-0.122,0.037,-0.028,1.142,255,1034
265713638,-2.256,4.451,-0.732,-0.212,-0.129,0.995,255,1034
265714638,-1.646,3.780,-0.610,-0.324,-0.126,1.031,255,1034
265715638,-0.793,2.927,0.061,-0.419,-0.049,0.978,255,1034
265716632,0.244,-1.341,1.463,0.099,0.147,1.014,255,1034
265717638,-0.061,-1.585,1.524,0.238,0.174,1.166,255,1034
265718383,-0.915,-0.976,0.671,0.369,0.079,0.967,255,1034
265719639,-1.463,0.732,0.366,0.325,0.092,1.046,255,1034
265720370,-2.073,3.110,0.122,0.188,-0.005,1.072,255,1034
265721639,-2.439,4.207,-0.427,-0.133,-0.115,0.924,255,1034
265722518,-1.890,4.573,-0.732,-0.291,-0.130,1.042,255,1034
265723638,-0.549,1.768,0.549,-0.290,0.040,0.977,255,1034
265724515,0.061,-0.671,1.220,-0.102,0.109,1.047,255,1034
265725638,0.732,-1.524,1.341,0.161,0.163,1.113,255,1034
265726386,-0.122,-1.524,1.159,0.356,0.146,0.993,255,1034
265727638,-0.976,-0.427,0.610,0.339,0.129,1.111,255,1034
265728378,-1.890,1.524,0.183,0.332,0.033,0.982,255,1034
265729639,-2.561,4.451,-0.610,-0.204,-0.148,1.136,255,1034
265730537,-2.195,4.085,-0.366,-0.365,-0.129,0.965,255,1034
265731638,-1.037,2.622,0.244,-0.383,-0.015,0.942,255,1034
265732732,-0.549,0.793,1.037,-0.177,0.025,1.127,255,1034
265733608,0.244,-0.671,1.159,-0.037,0.169,1.071,255,1044
265734638,0.000,-1.341,1.341,0.302,0.157,0.956,255,1044
265735379,-0.976,-0.854,1.159,0.345,0.164,1.213,255,1044
265736638,-2.317,2.256,-0.122,0.151,-0.021,1.138,255,1044
265737518,-2.378,4.146,-0.610,-0.146,-0.080,1.007,255,1044
265738638,-2.134,4.512,-0.549,-0.267,-0.137,1.021,255,1044
265739647,-1.341,3.415,-0.061,-0.360,-0.020,1.001,255,1044
265740638,-0.732,1.829,0.732,-0.303,-0.073,1.086,255,1044
265741630,-0.305,0.061,0.915,-0.183,0.065,1.007,255,1044
265742638,0.427,-1.037,1.341,0.190,0.159,1.115,255,1044
265743376,-0.061,-1.280,1.402,0.355,0.224,1.064,255,1044
265744639,-1.220,1.341,-0.488,0.215,0.024,1.146,255,1044
265745386,-2.073,3.537,-1.098,0.004,-0.089,0.961,255,1044
265746638,-2.561,4.512,-0.793,-0.213,-0.041,1.045,255,1044
265747625,-2.134,4.268,-0.183,-0.323,-0.095,1.020,255,1044
265748638,-1.098,2.683,0.305,-0.346,-0.076,1.051,255,1044
265749634,-0.427,1.098,0.671,-0.279,0.006,1.040,255,1044
265750638,-0.061,-1.280,1.402,0.280,0.182,1.014,255,1044
265751375,-0.061,-1.280,1.402,0.280,0.182,1.014,255,1044
265752639,-1.220,0.183,0.427,0.332,0.064,1.089,255,1044
265753385,-1.890,2.134,-0.549,0.104,-0.040,0.890,255,1044
265754638,-2.561,4.085,-0.366,-0.090,-0.042,1.163,255,1044
265755636,-2.134,4.268,0.000,-0.269,-0.067,0.917,255,1044
265756638,-1.707,3.293,0.305,-0.378,-0.026,1.109,255,1044
265757624,-0.183,0.549,1.098,-0.119,0.077,0.989,255,1044
265758638,0.000,-1.280,1.585,0.218,0.210,0.994,255,1044
265759379,0.061,-1.524,1.402,0.362,0.176,1.117,255,1044
265760638,-0.793,-0.488,0.061,0.344,0.078,0.940,255,1044
265761383,-1.768,1.585,-0.305,0.181,0.035,1.163,255,1044
265762639,-2.500,3.354,0.061,0.041,-0.016,0.981,255,1044
265763378,-2.744,3.780,0.061,-0.157,-0.073,0.988,255,1044
265764639,-0.915,2.927,0.183,-0.379,-0.096,1.109,255,1044
265765633,0.061,1.037,1.159,-0.149,0.080,0.949,255,1044
265766638,0.366,-0.610,1.646,0.107,0.154,1.182,255,1044
265767371,0.366,-1.402,1.402,0.263,0.159,0.942,255,1044
265768639,-0.366,-0.427,0.488,0.328,0.086,1.055,255,1044
265769382,-1.280,1.280,0.061,0.257,0.099,1.151,255,1044
265770638,-2.378,3.841,0.000,-0.074,-0.031,1.126,255,1044
265771504,-1.890,3.780,-0.244,-0.322,-0.148,0.908,255,1044
265772638,-1.951,3.293,-0.183,-0.425,-0.122,1.191,255,1044
265773643,-0.793,1.707,0.793,-0.257,0.040,1.025,255,1044
265774638,0.000,0.000,1.524,-0.003,0.106,1.002,255,1044
265775363,0.366,-1.341,1.463,0.200,0.160,0.988,255,1044
265776638,0.244,-1.098,0.671,0.329,0.126,1.198,255,1044
265777385,-0.976,0.122,0.305,0.327,0.097,0.904,255,1044
265778639,-2.622,3.293,0.061,-0.078,-0.031,1.041,255,1044
265779497,-2.012,3.780,-0.305,-0.180,-0.120,0.938,255,1044
265780638,-1.951,3.841,-0.061,-0.440,-0.143,1.104,255,1044
265781736,-1.098,2.500,0.488,-0.300,-0.001,1.068,255,1044
265782700,-0.244,0.732,1.341,-0.069,0.060,1.055,255,1053
265783460,0.305,-0.122,1.098,0.072,0.134,1.015,255,1053
265784638,-0.366,-0.183,0.122,0.297,0.142,1.010,255,1053
265785402,-0.366,-0.183,0.122,0.297,0.142,1.010,255,1053
265786638,-2.317,2.195,0.122,0.009,0.026,0.844,255,1053
265787382,-2.561,3.598,-0.244,-0.148,-0.108,1.148,255,1053
265788638,-2.439,3.354,0.305,-0.319,-0.110,1.009,255,1053
265789636,-2.012,2.744,1.037,-0.350,-0.049,1.023,255,1053
265790638,-1.402,1.341,1.341,-0.166,-0.011,1.129,255,1053
265791632,-0.122,-0.610,1.037,0.249,0.135,0.895,255,1053
265792638,-0.122,-0.610,0.793,0.334,0.198,1.171,255,1053
265793378,-0.549,0.061,0.305,0.383,0.058,0.901,255,1053
265794639,-1.829,1.829,-0.183,0.074,0.059,1.151,255,1053
265795378,-2.073,3.659,-0.488,-0.105,-0.090,0.922,255,1053
265796639,-2.561,3.963,-0.122,-0.244,-0.024,1.070,255,1053
265797644,-1.280,1.890,0.549,-0.277,-0.036,1.042,255,1053
265798638,-0.549,0.488,0.793,-0.079,0.029,0.965,255,1053
265799507,-0.244,0.183,1.159,0.140,0.160,1.202,255,1053
265800638,0.488,-0.427,1.037,0.305,0.181,0.931,255,1053
265801377,-0.366,-0.183,0.488,0.383,0.065,1.056,255,1053
265802639,-1.220,1.402,-0.244,0.146,0.066,1.085,255,1053
265803385,-2.073,2.866,-0.488,-0.003,-0.044,0.925,255,1053
265804638,-1.951,2.988,0.488,-0.271,-0.116,0.916,255,1053
265805631,-1.463,2.317,0.610,-0.312,-0.055,1.198,255,1053
265806638,-0.244,1.220,0.610,-0.179,-0.031,1.031,255,1053
265807632,0.366,0.244,1.037,0.046,0.127,0.940,255,1053
265808638,0.183,-0.488,1.098,0.261,0.201,1.077,255,1053
265809377,0.061,-0.427,0.549,0.417,0.134,1.097,255,1053
265810639,-1.220,0.793,-0.427,0.171,0.049,0.938,255,1053
265811379,-1.585,2.500,-0.610,0.052,0.017,1.080,255,1053
265812639,-2.500,3.415,0.793,-0.218,-0.077,1.029,255,1053
265813507,-2.256,2.561,0.366,-0.373,-0.131,1.083,255,1053
265814638,-0.793,1.585,0.488,-0.233,-0.035,1.062,255,1053
265815698,0.183,0.549,0.915,0.069,0.116,1.016,255,1053
265816639,0.061,0.061,1.159,0.161,0.176,1.117,255,1053
265817402,0.427,-0.244,0.549,0.330,0.115,0.913,255,1053
265818638,-1.341,1.890,-0.549,0.119,0.074,0.833,255,1053
265819391,-1.341,1.890,-0.549,0.119,0.074,0.833,255,1053
265820638,-1.951,3.171,0.488,-0.242,-0.088,0.964,255,1053
265821509,-1.707,2.866,0.427,-0.315,-0.123,1.039,255,1053
265822638,-1.341,1.951,0.671,-0.287,-0.054,1.074,255,1053
265823636,-0.244,1.037,1.220,0.003,0.048,1.100,255,1053
265824638,-0.061,-0.061,1.037,0.059,0.130,0.958,255,1053
265825375,0.732,-0.183,0.305,0.322,0.144,1.090,255,1053
265826639,-1.341,1.037,-0.366,0.166,0.109,1.029,255,1053
265827385,-2.256,2.500,0.000,0.023,0.047,1.000,255,1053
265828639,-2.866,2.927,0.366,-0.138,-0.115,1.024,255,1053
265829518,-2.805,2.866,0.610,-0.259,-0.068,1.147,255,1053
265830638,-2.012,2.195,0.976,-0.313,-0.071,0.992,255,1053
265831732,-0.122,0.610,1.098,-0.011,0.101,1.143,255,1053
265832650,0.427,0.122,0.427,0.256,0.115,0.928,255,1063
265833638,0.000,0.671,-0.366,0.216,0.133,1.096,255,1063
265834383,-0.976,1.098,-0.183,0.235,0.094,1.022,255,1063
265835638,-1.890,1.463,0.000,0.076,0.066,0.940,255,1063
265836384,-2.439,2.683,0.061,-0.103,-0.079,1.062,255,1063
265837639,-2.805,2.805,0.488,-0.260,-0.060,1.057,255,1063
265838622,-1.159,1.646,1.220,-0.087,-0.005,1.041,255,1063
265839638,-0.488,1.037,1.220,-0.063,0.042,1.035,255,1063
265840497,0.122,0.366,0.305,0.185,0.084,1.027,255,1063
265841638,0.305,0.610,0.122,0.242,0.170,1.057,255,1063
265842369,0.000,0.793,0.000,0.278,0.077,0.867,255,1063
265843638,-1.463,1.890,-0.061,0.072,0.074,1.235,255,1063
265844365,-1.951,2.134,-0.366,-0.072,-0.031,0.835,255,1063
265845638,-2.134,2.317,0.610,-0.255,-0.056,0.997,255,1063
265846637,-1.524,1.280,0.976,-0.148,-0.035,1.057,255,1063
265847638,-0.427,1.037,0.671,-0.103,0.013,0.982,255,1063
265848504,0.061,0.976,0.427,0.103,0.057,1.052,255,1063
265849638,-0.122,0.427,0.183,0.211,0.186,1.012,255,1063
265850368,-0.305,0.671,0.305,0.252,0.119,1.091,255,1063
265851638,-1.098,0.976,-0.366,0.143,0.042,0.887,255,1063
265852370,-2.134,1.341,-0.122,-0.008,0.022,1.161,255,1063
265853638,-2.378,2.256,0.915,-0.225,-0.033,1.063,255,1063
265854627,-1.585,2.195,1.220,-0.187,-0.070,1.093,255,1063
265855638,-0.610,1.524,1.098,-0.108,-0.021,1.041,255,1063
265856632,-0.061,1.220,0.732,0.048,0.070,1.007,255,1063
265857638,0.122,1.037,0.305,0.187,0.164,1.078,255,1063
265858374,0.366,0.671,-0.122,0.280,0.124,0.917,255,1063
265859639,-2.195,1.463,-0.366,0.030,0.016,0.846,255,1063
265860379,-2.195,1.463,-0.366,0.030,0.016,0.846,255,1063
265861639,-2.622,2.378,0.915,-0.171,-0.083,1.001,255,1063
265862513,-2.012,2.134,0.976,-0.214,-0.029,1.070,255,1063
265863638,-0.732,1.951,1.037,-0.115,-0.083,1.076,255,1063
265864635,0.000,1.463,0.793,0.037,0.053,1.060,255,1063
265865638,0.427,1.037,-0.244,0.217,0.159,1.073,255,1063
265866375,0.427,1.037,-0.244,0.217,0.159,1.073,255,1063
265867639,-1.402,1.524,-0.549,0.088,0.070,1.092,255,1063
265868386,-2.073,1.280,0.061,-0.062,0.022,0.942,255,1063
265869638,-2.195,1.829,0.793,-0.190,-0.056,1.136,255,1063
265870512,-2.073,1.707,0.732,-0.194,-0.098,1.059,255,1063
265871638,-1.220,1.829,1.098,-0.183,-0.006,1.029,255,1063
265872630,0.366,1.707,0.488,0.072,0.092,1.081,255,1063
265873638,0.366,1.280,-0.122,0.228,0.123,0.855,255,1063
265874375,-0.305,1.402,-0.549,0.126,0.102,1.211,255,1063
265875638,-0.976,1.159,-0.183,0.128,0.066,0.827,255,1063
265876386,-2.134,1.280,0.244,-0.016,0.037,1.177,255,1063
265877638,-2.256,1.768,0.671,-0.163,-0.064,0.970,255,1063
265878509,-2.500,1.768,0.610,-0.172,-0.072,1.138,255,1063
265879638,-0.488,1.707,0.915,-0.008,0.000,1.086,255,1063
265880533,0.000,1.646,0.122,0.041,0.034,1.024,255,1063
265881638,0.366,1.280,-0.244,0.138,0.133,1.030,255,1063
265882711,0.183,1.341,-0.488,0.151,0.100,0.911,255,1063
265883641,-0.976,1.037,-0.366,0.121,0.105,1.153,255,1073
265884401,-1.890,0.732,0.183,0.025,0.019,0.888,255,1073
265885638,-2.317,1.402,0.427,-0.128,-0.012,1.116,255,1073
265886512,-2.378,1.829,0.854,-0.163,-0.061,1.091,255,1073
265887638,-0.976,1.463,1.220,-0.062,-0.027,1.043,255,1073
265888628,0.000,1.829,0.488,0.004,0.011,1.050,255,1073
265889638,0.244,1.890,-0.122,0.085,0.060,0.966,255,1073
265890389,0.427,1.585,-0.488,0.133,0.156,1.059,255,1073
265891638,-0.427,0.732,-0.305,0.164,0.112,0.915,255,1073
265892377,-1.280,0.610,-0.061,0.017,0.045,1.192,255,1073
265893639,-2.500,1.463,0.915,-0.169,-0.054,1.244,255,1073
265894507,-1.951,1.707,1.159,-0.095,-0.029,0.972,255,1073
265895638,-1.524,1.829,1.037,-0.073,-0.028,1.086,255,1073
265896628,-0.305,2.073,0.427,-0.026,0.011,1.053,255,1073
265897638,0.183,2.317,-0.122,0.070,0.041,1.088,255,1073
265898381,0.366,1.768,-0.183,0.114,0.168,0.828,255,1073
265899638,-1.341,0.366,0.000,0.015,0.067,0.951,255,1073
265900378,-1.341,0.366,0.000,0.015,0.067,0.951,255,1073
265901639,-2.622,1.463,0.671,-0.149,-0.028,1.015,255,1073
265902512,-2.256,2.073,1.220,-0.055,0.002,1.176,255,1073
265903638,-1.829,2.195,1.402,-0.052,-0.074,1.077,255,1073
265904508,-0.366,2.439,0.366,-0.063,0.007,0.933,255,1073
265905638,0.122,2.561,-0.122,0.034,0.020,1.061,255,1073
265906383,0.000,2.256,-0.122,0.095,0.154,1.002,255,1073
265907638,-1.280,0.854,-0.061,0.011,0.080,1.179,255,1073
265908379,-1.951,0.183,0.244,-0.024,0.024,0.914,255,1073
265909639,-2.805,0.854,0.915,-0.070,-0.005,1.181,255,1073
265910507,-2.317,1.280,1.646,-0.059,-0.005,0.941,255,1073
265911638,-2.073,1.768,1.159,-0.104,-0.073,1.154,255,1073
265912627,-0.854,1.951,0.793,-0.030,-0.033,1.044,255,1073
265913638,-0.122,2.317,-0.061,0.042,0.101,1.014,255,1073
265914507,0.061,1.402,-0.366,0.099,0.126,0.964,255,1073
265915638,-0.854,0.671,-0.183,0.054,0.047,1.023,255,1073
265916377,-1.707,0.488,0.610,0.005,0.116,1.069,255,1073
265917639,-2.317,0.183,1.098,-0.045,-0.054,0.980,255,1073
265918506,-2.561,0.976,1.220,-0.070,-0.001,1.215,255,1073
265919638,-1.585,1.524,1.098,-0.085,-0.072,1.010,255,1073
265920700,0.061,2.683,0.122,0.007,0.046,1.099,255,1073
265921639,0.305,2.927,-0.183,0.026,0.016,0.923,255,1073
265922391,0.122,2.073,-0.854,-0.002,0.146,1.061,255,1073
265923638,-0.671,0.976,-0.488,0.072,0.060,0.916,255,1073
265924374,-1.646,0.122,0.488,0.014,0.139,1.141,255,1073
265925639,-1.951,0.122,0.793,-0.031,-0.008,0.990,255,1073
265926504,-2.683,0.244,1.280,0.013,-0.065,1.087,255,1073
265927638,-1.524,2.439,1.098,0.039,-0.030,1.025,255,1073
265928383,-1.524,2.439,1.098,0.039,-0.030,1.025,255,1073
265929638,-0.244,3.293,-0.427,-0.037,0.006,1.044,255,1073
265930525,-0.244,2.500,-0.793,-0.015,0.125,0.938,255,1073
265931638,-0.305,1.280,-0.244,0.080,0.128,1.095,255,1073
265932740,-1.341,0.122,0.793,0.040,0.059,0.926,255,1073
265933523,-1.829,-0.671,0.915,-0.050,0.002,1.152,255,1083
265934638,-2.256,0.854,1.402,-0.000,0.044,1.189,255,1083
265935504,-0.915,2.073,1.402,0.001,-0.024,1.071,255,1083
265936638,-0.183,2.683,0.305,-0.005,-0.030,1.065,255,1083
265937574,0.366,2.866,-0.549,-0.030,0.006,0.968,255,1083
265938639,0.183,3.293,-0.671,-0.044,0.112,1.017,255,1083
265939392,-0.305,1.524,-0.183,0.061,0.147,0.875,255,1083
265940638,-1.768,-0.976,0.793,-0.017,0.042,0.927,255,1083
265941507,-2.439,-0.122,0.976,-0.019,-0.008,1.221,255,1083
265942638,-2.439,0.732,1.402,0.033,0.020,1.036,255,1083
265943507,-1.829,1.890,1.524,0.034,-0.038,1.095,255,1083
265944638,-0.671,3.354,0.305,-0.017,-0.033,0.966,255,1083
265945507,-0.061,4.085,-0.488,-0.038,-0.042,1.021,255,1083
265946638,0.244,3.659,-0.732,-0.097,0.111,1.048,255,1083
265947506,0.122,1.768,-0.061,0.080,0.152,0.905,255,1083
265948638,-1.829,-0.549,0.488,-0.020,-0.024,1.062,255,1083
265949517,-2.500,-0.183,0.915,-0.023,0.048,1.042,255,1083
265950638,-1.951,0.793,1.890,0.098,0.009,1.135,255,1083
265951501,-1.646,1.463,1.220,0.007,-0.025,1.075,255,1083
265952638,-0.244,3.232,0.000,-0.031,-0.084,1.022,255,1083
265953512,-0.061,4.451,-0.183,-0.052,0.001,1.048,255,1083
265954638,0.122,2.317,0.183,0.024,0.099,1.048,255,1083
265955550,-0.671,0.488,0.122,-0.066,0.095,0.948,255,1083
265956639,-1.646,-0.732,0.610,0.040,0.013,1.199,255,1083
265957395,-2.012,-1.220,1.037,0.020,0.108,0.853,255,1083
265958638,-1.890,-0.366,1.829,0.139,-0.037,1.242,255,1083
265959507,-1.524,1.220,1.037,-0.013,-0.016,1.033,255,1083
265960638,-1.159,3.232,0.061,0.009,-0.113,1.055,255,1083
265961506,-0.488,4.146,-0.427,-0.088,0.050,1.021,255,1083
265962638,0.183,2.256,-0.549,-0.076,0.143,0.936,255,1083
265963501,-0.305,0.488,-0.244,-0.009,0.059,1.012,255,1083
265964638,-1.220,-1.037,0.549,0.036,0.091,1.029,255,1083
265965504,-1.890,-1.280,1.220,0.016,0.053,1.086,255,1083
265966638,-2.439,-0.793,1.463,0.142,-0.029,1.056,255,1083
265967507,-2.195,1.341,1.037,0.049,-0.011,1.172,255,1083
265968638,-0.305,4.329,-0.244,-0.069,0.025,0.895,255,1083
265969507,-0.061,4.390,-0.427,-0.054,0.029,1.044,255,1083
265970638,0.183,2.805,-0.366,-0.109,0.078,0.893,255,1083
265971501,-0.244,1.098,-0.244,-0.084,0.102,1.111,255,1083
265972638,-1.402,-0.671,0.854,0.041,0.076,1.013,255,1083
265973505,-1.768,-1.707,1.402,0.049,0.124,1.101,255,1083
265974638,-1.768,1.220,0.976,0.051,0.005,1.100,255,1083
265975376,-1.768,1.220,0.976,0.051,0.005,1.100,255,1083
265976639,-0.915,4.207,0.061,-0.075,-0.002,0.961,255,1083
265977503,-0.122,4.390,-0.488,-0.115,-0.010,0.976,255,1083
265978638,-0.061,3.110,-0.671,-0.134,0.049,1.013,255,1083
265979622,-0.305,0.915,0.183,-0.026,0.169,0.924,255,1083
265980638,-1.402,-1.280,0.671,0.075,0.043,1.215,255,1083
265981742,-2.378,-0.671,1.280,0.110,-0.032,1.290,255,1083
265982641,-2.378,0.976,1.341,0.125,0.019,0.861,255,1092
265983530,-1.768,2.988,0.793,0.053,-0.041,1.146,255,1092
265984638,-0.854,4.573,0.183,-0.090,-0.039,1.084,255,1092
265985509,0.305,4.756,-0.915,-0.131,-0.022,0.947,255,1092
265986638,0.122,3.659,-0.671,-0.146,0.063,1.001,255,1092
265987511,0.488,1.280,-0.183,-0.089,0.168,0.844,255,1092
265988638,-0.976,-2.439,1.280,0.064,0.083,0.877,255,1092
265989383,-0.976,-2.439,1.280,0.064,0.083,0.877,255,1092
265990638,-2.012,0.427,1.037,0.185,0.015,1.017,255,1092
265991385,-1.707,2.561,0.549,0.065,-0.036,1.104,255,1092
265992638,-0.976,4.085,-0.244,-0.080,-0.098,1.003,255,1092
265993512,-0.427,5.122,-0.854,-0.183,0.002,1.006,255,1092
265994638,-0.366,4.024,-0.610,-0.166,0.062,0.906,255,1092
265995628,-0.366,-1.098,0.305,-0.003,0.066,1.037,255,1092
265996638,-1.341,-1.829,0.915,0.064,0.071,1.103,255,1092
265997501,-1.585,-1.585,1.098,0.111,0.043,1.061,255,1092
265998638,-1.707,0.122,1.524,0.217,0.026,1.169,255,1092
265999385,-1.402,2.073,1.037,0.085,-0.023,0.949,255,1092
266000639,-1.037,4.329,-0.305,-0.064,-0.101,1.028,255,1092
266001512,-0.671,5.549,-1.159,-0.208,-0.012,1.075,255,1092
266002638,-0.366,1.646,0.427,-0.069,0.102,1.063,255,1092
266003509,-0.061,-0.793,0.427,-0.082,0.057,0.870,255,1092
266004638,-1.159,-1.890,1.159,0.101,0.051,1.268,255,1092
266005497,-1.646,-1.951,1.646,0.192,0.104,0.901,255,1092
266006638,-2.134,0.000,1.707,0.194,0.014,1.259,255,1092
266007390,-1.768,2.195,0.915,0.062,-0.060,0.985,255,1092
266008638,-0.549,5.366,-0.854,-0.152,-0.012,1.019,255,1092
266009507,-0.183,4.207,-0.366,-0.211,0.090,0.854,255,1092
266010638,-0.183,1.890,0.000,-0.067,0.049,1.046,255,1092
266011509,-0.061,-0.732,0.366,-0.078,0.138,0.940,255,1092
266012638,-1.159,-2.317,0.915,0.131,0.054,1.232,255,1092
266013502,-1.768,-2.012,1.280,0.180,0.085,0.958,255,1092
266014638,-1.890,-0.183,0.915,0.180,-0.019,1.212,255,1092
266015515,-1.707,2.439,0.610,0.137,-0.048,1.031,255,1092
266016638,-0.976,5.366,-0.793,-0.133,-0.056,0.895,255,1092
266017512,-0.366,4.756,-0.854,-0.241,0.051,0.997,255,1092
266018638,-0.183,2.195,-0.183,-0.139,0.064,0.977,255,1092
266019631,-0.610,-0.427,0.671,-0.091,0.139,1.068,255,1092
266020638,-1.402,-2.317,1.280,0.129,0.059,1.036,255,1092
266021506,-2.317,-2.134,1.585,0.241,0.114,1.093,255,1092
266022638,-2.134,2.195,0.549,0.116,0.002,1.112,255,1092
266023386,-2.134,2.195,0.549,0.116,0.002,1.112,255,1092
266024639,-0.793,5.122,-0.488,-0.192,-0.021,0.846,255,1092
266025515,-0.549,4.268,-0.488,-0.240,-0.013,1.074,255,1092
266026638,-0.183,2.073,-0.244,-0.156,0.089,0.866,255,1092
266027631,-0.488,-0.488,0.854,0.001,0.103,1.144,255,1092
266028638,-0.976,-2.622,1.585,0.108,0.103,0.970,255,1092
266029375,-1.646,-2.439,1.524,0.231,0.056,1.180,255,1092
266030639,-1.829,2.561,0.732,0.137,0.008,1.176,255,1092
266031714,-1.646,4.451,0.305,-0.053,-0.068,0.996,255,1092
266032641,-0.610,5.488,-0.915,-0.201,-0.043,0.857,255,1102
266033660,-0.549,4.756,-0.732,-0.251,-0.042,1.104,255,1102
266034638,0.061,2.134,0.000,-0.152,0.146,0.861,255,1102
266035520,-0.122,-0.793,0.976,-0.008,0.121,1.180,255,1102
266036638,-1.280,-2.134,1.220,0.224,0.086,1.223,255,1102
266037504,-1.890,-0.183,1.159,0.185,0.015,0.933,255,1102
266038638,-1.890,2.622,1.098,0.145,0.006,1.174,255,1102
266039378,-1.341,4.573,0.183,-0.064,-0.072,1.061,255,1102
266040638,-0.488,5.549,-0.732,-0.193,-0.096,0.917,255,1102
266041636,-0.366,4.695,-0.671,-0.297,0.022,0.959,255,1102
266042638,-0.244,-0.671,0.854,-0.028,0.136,1.124,255,1102
266043624,-0.976,-2.439,1.646,0.156,0.040,0.999,255,1102
266044638,-1.524,-2.256,1.463,0.181,0.125,1.171,255,1102
266045388,-1.951,-0.244,0.915,0.271,-0.021,1.006,255,1102
266046638,-1.951,2.500,0.610,0.105,0.039,1.144,255,1102
266047504,-1.707,4.817,-0.305,-0.064,-0.131,0.957,255,1102
266048638,-1.159,5.549,-0.854,-0.248,-0.060,1.016,255,1102
266049644,-0.427,2.317,0.488,-0.158,0.111,1.013,255,1102
266050638,-0.061,-0.976,0.732,0.007,0.092,1.048,255,1102
266051377,-1.159,-2.317,1.402,0.126,0.066,1.049,255,1102
266052639,-1.524,-2.012,1.341,0.231,0.104,1.125,255,1102
266053388,-1.890,0.000,1.220,0.262,0.019,1.044,255,1102
266054638,-2.012,2.561,0.427,0.078,0.002,1.146,255,1102
266055376,-1.463,4.695,-0.549,-0.057,-0.121,0.984,255,1102
266056638,-0.305,4.146,-0.610,-0.203,-0.045,0.916,255,1102
266057637,-0.244,2.012,0.183,-0.219,0.133,1.117,255,1102
266058638,0.183,-1.220,0.854,0.059,0.068,1.029,255,1102
266059377,-0.976,-2.378,1.463,0.100,0.137,1.056,255,1102
266060639,-1.463,-2.378,1.402,0.278,0.060,1.110,255,1102
266061386,-1.829,0.000,1.037,0.204,0.068,1.064,255,1102
266062638,-2.256,2.500,0.183,0.119,-0.066,1.036,255,1102
266063379,-1.951,4.878,-0.366,-0.113,-0.095,0.973,255,1102
266064639,-0.610,3.780,-0.549,-0.245,-0.000,0.890,255,1102
266065642,-0.427,1.585,0.000,-0.207,0.066,1.100,255,1102
266066638,-0.244,-1.037,1.098,0.051,0.128,0.976,255,1102
266067372,-0.732,-2.439,1.524,0.173,0.125,1.117,255,1102
266068638,-1.585,-2.317,1.280,0.262,0.099,1.057,255,1102
266069385,-2.073,-0.122,0.610,0.248,0.017,1.074,255,1102
266070638,-0.976,4.878,-0.183,-0.140,-0.045,0.924,255,1102
266071512,-1.037,5.366,-0.183,-0.233,-0.068,1.098,255,1102
266072638,-0.488,3.902,-0.366,-0.312,-0.018,0.868,255,1102
266073639,-0.427,2.195,0.488,-0.179,0.062,1.110,255,1102
266074638,-0.366,-1.280,1.220,0.050,0.158,0.993,255,1102
266075471,-0.976,-2.439,2.012,0.229,0.105,1.113,255,1102
266076639,-1.768,0.244,0.488,0.225,-0.018,1.032,255,1102
266077404,-1.768,0.244,0.488,0.225,-0.018,1.032,255,1102
266078638,-1.341,5.122,-0.183,-0.146,-0.092,0.936,255,1102
266079512,-0.915,5.183,-0.305,-0.266,-0.018,1.112,255,1102
266080638,-0.610,3.537,-0.061,-0.303,-0.054,0.891,255,1102
266081737,-0.366,1.890,0.671,-0.158,0.130,1.041,255,1102
266082649,-0.488,-1.098,1.280,0.036,0.117,1.062,255,1112
266083638,-1.646,-2.012,1.280,0.282,0.041,1.085,255,1112
266084473,-1.646,-2.012,1.280,0.222,0.035,1.093,255,1112
266085639,-2.073,3.476,-0.244,0.088,-0.058,1.004,255,1112
266086539,-1.585,5.183,-0.183,-0.198,-0.056,1.000,255,1112
266087638,-1.159,5.061,-0.732,-0.238,-0.128,1.122,255,1112
266088644,-0.610,3.659,-0.366,-0.328,0.052,0.879,255,1112
266089638,-0.183,1.280,0.610,-0.123,0.048,1.045,255,1112
266090501,-0.488,-1.463,1.341,0.065,0.202,0.997,255,1112
266091638,-1.707,-1.707,1.037,0.284,0.097,0.998,255,1112
266092378,-2.012,1.037,0.305,0.203,0.039,1.168,255,1112
266093639,-2.012,3.720,0.061,0.066,-0.083,0.974,255,1112
266094383,-1.463,5.183,-0.488,-0.218,-0.083,1.016,255,1112
266095638,-1.159,5.061,-0.366,-0.291,-0.065,1.014,255,1112
266096639,-0.427,3.110,-0.183,-0.259,-0.001,0.912,255,1112
266097638,-0.061,-1.707,1.646,0.156,0.118,1.000,255,1112
266098511,-0.915,-2.378,1.402,0.218,0.165,1.139,255,1112
266099638,-1.341,-1.341,0.976,0.351,0.065,1.034,255,1112
266100378,-1.890,1.341,0.244,0.165,0.014,1.119,255,1112
266101639,-1.768,3.841,-0.366,0.015,-0.052,0.959,255,1112
266102512,-1.707,5.183,-0.366,-0.197,-0.104,0.995,255,1112
266103638,-1.037,4.634,-0.244,-0.259,-0.050,1.002,255,1112
266104642,-0.122,0.732,0.976,-0.172,0.145,1.036,255,1112
266105638,0.000,-1.768,1.402,0.181,0.136,1.054,255,1112
266106396,-0.366,-2.317,1.402,0.253,0.170,1.115,255,1112
266107638,-1.037,-1.098,0.976,0.332,0.045,1.030,255,1112
266108378,-1.768,1.402,0.000,0.104,0.021,1.080,255,1112
266109639,-1.829,4.207,-0.244,0.020,-0.077,0.988,255,1112
266110513,-1.768,5.122,-0.427,-0.226,-0.054,1.012,255,1112
266111638,-0.427,2.378,0.061,-0.294,-0.000,0.975,255,1112
266112632,0.000,0.427,1.098,-0.080,0.090,1.039,255,1112
266113638,-0.183,-1.829,1.829,0.188,0.231,1.079,255,1112
266114388,-0.732,-2.378,1.463,0.300,0.053,1.110,255,1112
266115638,-1.646,-0.854,0.793,0.255,0.105,1.008,255,1112
266116378,-2.317,2.012,-0.427,0.146,-0.077,1.079,255,1112
266117639,-1.646,5.000,-0.244,-0.211,-0.093,1.007,255,1112
266118633,-0.793,4.146,-0.366,-0.331,-0.068,1.031,255,1112
266119638,-0.366,2.134,0.122,-0.272,-0.013,0.961,255,1112
266120635,-0.671,0.183,1.463,-0.046,0.145,1.063,255,1112
266121638,-0.244,-1.646,1.829,0.227,0.205,1.038,255,1112
266122384,-0.976,-2.073,1.220,0.320,0.077,1.056,255,1112
266123639,-1.524,-0.427,0.244,0.198,0.065,1.121,255,1112
266124378,-2.012,2.317,-0.305,0.124,-0.046,0.983,255,1112
266125639,-1.585,4.573,-0.305,-0.193,-0.086,1.026,255,1112
266126637,-0.732,3.659,-0.488,-0.367,-0.093,0.974,255,1112
266127638,-0.305,1.951,0.122,-0.235,0.011,0.967,255,1112
266128512,-0.305,-0.305,1.280,0.012,0.156,1.083,255,1112
266129638,0.244,-1.768,1.646,0.248,0.192,1.095,255,1112
266130404,-0.610,-1.402,1.037,0.265,0.074,1.015,255,1112
266131638,-1.951,2.805,-0.488,0.140,-0.025,0.989,255,1112
266132729,-2.195,4.390,-0.305,-0.126,-0.046,1.018,255,1112
266133651,-1.951,4.634,-0.427,-0.270,-0.110,0.973,255,1122
266134638,-0.976,3.537,-0.061,-0.349,-0.078,1.045,255,1122
266135634,0.061,1.280,0.549,-0.173,0.096,1.003,255,1122
266136638,0.061,-0.610,1.341,0.008,0.110,1.055,255,1122
266137374,0.427,-1.829,1.341,0.254,0.186,1.076,255,1122
266138638,-1.463,0.549,0.183,0.238,0.071,1.125,255,1122
266139376,-1.463,0.549,0.183,0.238,0.071,1.125,255,1122
266140638,-2.195,4.390,-0.488,-0.140,-0.062,1.116,255,1122
266141513,-1.646,4.390,-0.366,-0.290,-0.111,0.964,255,1122
266142638,-1.220,2.805,0.183,-0.319,-0.011,1.024,255,1122
266143638,-0.427,0.793,1.037,-0.121,0.048,0.981,255,1122
266144638,0.305,-1.646,1.159,0.218,0.150,1.090,255,1122
266145380,0.305,-1.646,1.159,0.218,0.150,1.090,255,1122
266146639,-1.402,1.220,0.244,0.222,0.056,1.175,255,1122
266147382,-1.829,3.049,-0.244,0.002,-0.060,0.900,255,1122
266148639,-1.890,4.329,-0.244,-0.174,-0.087,1.118,255,1122
266149633,-1.463,4.085,-0.061,-0.257,-0.061,0.950,255,1122
266150638,-1.098,2.439,0.488,-0.282,-0.022,1.022,255,1122
266151636,-0.183,-0.976,1.098,0.131,0.092,1.072,255,1122
266152638,0.305,-1.220,1.220,0.242,0.202,1.044,255,1122
266153378,-0.671,-0.671,0.549,0.375,0.038,1.086,255,1122
266154639,-1.951,1.463,-0.549,0.084,0.052,0.958,255,1122
266155384,-1.951,3.537,-0.854,0.003,-0.107,1.050,255,1122
266156638,-2.073,4.268,-0.305,-0.208,0.004,1.041,255,1122
266157622,-1.159,3.598,0.183,-0.278,-0.097,0.975,255,1122
266158638,-0.183,0.549,1.037,-0.083,0.052,1.015,255,1122
266159507,-0.427,-0.488,1.402,0.199,0.202,1.100,255,1122
266160638,-0.244,-1.159,1.220,0.217,0.162,1.001,255,1122
266161379,-1.098,0.061,0.427,0.303,0.027,1.117,255,1122
266162639,-1.951,1.768,-0.427,0.062,-0.006,0.918,255,1122
266163504,-2.195,3.659,-0.671,-0.029,-0.057,1.049,255,1122
266164638,-2.073,3.537,-0.366,-0.221,-0.090,1.025,255,1122
266165638,-0.732,1.585,0.793,-0.185,-0.031,1.085,255,1122
266166638,0.061,0.244,1.646,-0.059,0.158,0.993,255,1122
266167502,0.305,-0.610,1.585,0.272,0.144,1.116,255,1122
266168638,-0.061,-0.793,0.732,0.208,0.177,0.956,255,1122
266169380,-0.915,0.488,-0.183,0.245,-0.007,1.154,255,1122
266170639,-2.195,2.012,-0.732,0.004,0.024,0.896,255,1122
266171502,-2.134,3.598,-0.488,-0.052,-0.054,1.091,255,1122
266172638,-1.463,2.195,0.183,-0.328,-0.065,1.012,255,1122
266173636,-0.854,1.341,0.549,-0.095,-0.013,1.161,255,1122
266174638,-0.183,-0.244,1.280,-0.005,0.181,1.020,255,1122
266175619,0.305,-0.671,1.402,0.305,0.135,1.053,255,1122
266176638,0.183,-0.427,0.305,0.169,0.102,1.080,255,1122
266177382,-0.732,1.646,-0.427,0.223,-0.034,1.007,255,1122
266178638,-2.012,3.720,-0.122,-0.083,-0.082,0.983,255,1122
266179631,-2.073,3.232,0.122,-0.272,-0.089,1.124,255,1122
266180638,-1.280,1.890,0.427,-0.292,-0.083,1.016,255,1122
266181726,-0.488,1.159,1.037,-0.055,0.094,1.065,255,1122
266182601,-0.183,-0.061,1.524,0.058,0.153,1.076,255,1131
266183638,0.183,-0.488,0.915,0.279,0.138,0.996,255,1131
266184378,-0.732,0.488,-0.061,0.163,0.062,1.128,255,1131
266185639,-2.683,3.049,-0.610,-0.032,-0.004,1.121,255,1131
266186602,-2.195,3.293,-0.244,-0.143,-0.107,0.898,255,1131
266187639,-2.134,2.561,0.122,-0.280,-0.115,1.142,255,1131
266188655,-1.341,1.463,0.854,-0.186,0.013,1.031,255,1131
266189638,-0.610,0.183,1.585,-0.032,0.065,1.053,255,1131
266190383,0.244,-0.122,1.585,0.081,0.153,1.108,255,1131
266191638,0.000,0.122,0.732,0.267,0.128,0.979,255,1131
266192384,-0.793,1.098,-0.244,0.170,0.090,1.144,255,1131
266193638,-2.378,3.110,-0.732,-0.059,-0.038,1.113,255,1131
266194522,-2.134,2.927,0.061,-0.182,-0.083,0.968,255,1131
266195638,-1.829,2.134,0.549,-0.253,-0.060,1.057,255,1131
266196631,-1.159,1.159,1.098,-0.130,-0.002,1.070,255,1131
266197638,-0.488,0.000,1.646,-0.024,0.096,1.009,255,1131
266198506,-0.122,0.000,1.098,0.109,0.097,1.104,255,1131
266199638,-0.793,1.402,-0.183,0.146,0.039,0.940,255,1131
266200380,-0.793,1.402,-0.183,0.146,0.039,0.940,255,1131
266201639,-2.683,2.866,-0.793,-0.083,-0.083,0.938,255,1131
266202519,-2.256,2.866,0.122,-0.200,-0.032,1.092,255,1131
266203638,-1.463,1.402,1.098,-0.182,-0.079,1.132,255,1131
266204629,-0.976,0.610,1.159,-0.137,0.053,1.043,255,1131
266205638,-0.122,0.488,1.402,0.054,0.049,1.009,255,1131
266206380,0.061,0.732,0.915,0.133,0.180,1.095,255,1131
266207639,-1.280,1.890,-0.244,0.056,0.062,1.030,255,1131
266208378,-1.829,2.744,-0.671,-0.012,-0.047,0.916,255,1131
266209639,-2.439,2.927,-0.366,-0.124,-0.024,1.079,255,1131
266210639,-1.890,2.195,0.671,-0.178,-0.064,1.025,255,1131
266211638,-1.402,1.159,1.220,-0.169,-0.011,1.141,255,1131
266212629,-0.793,0.183,1.159,-0.073,-0.002,1.082,255,1131
266213638,-0.061,0.732,0.915,0.225,0.143,1.065,255,1131
266214502,-0.366,1.280,0.488,0.201,0.088,0.918,255,1131
266215638,-1.402,2.500,-0.793,0.033,-0.035,1.162,255,1131
266216506,-2.073,2.683,-0.854,-0.046,0.021,0.813,255,1131
266217638,-2.195,2.622,0.000,-0.089,-0.093,1.153,255,1131
266218623,-1.951,1.341,0.976,-0.207,-0.019,0.995,255,1131
266219638,-0.549,0.183,1.463,-0.055,0.124,1.079,255,1131
266220507,0.000,0.610,1.402,0.132,0.097,0.985,255,1131
266221638,0.244,1.280,0.793,0.197,0.174,1.053,255,1131
266222384,-0.122,1.951,-0.366,0.093,0.024,1.047,255,1131
266223638,-1.402,3.049,-0.854,-0.017,0.021,0.934,255,1131
266224504,-1.829,2.256,-0.610,-0.037,-0.021,1.023,255,1131
266225638,-2.378,1.646,0.305,-0.130,-0.053,0.990,255,1131
266226636,-1.280,0.366,1.341,-0.027,0.016,1.096,255,1131
266227638,-0.549,0.061,1.280,0.025,0.063,1.090,255,1131
266228376,0.244,1.402,1.280,0.152,0.162,1.026,255,1131
266229639,0.244,1.951,0.244,0.160,0.064,1.041,255,1131
266230408,-0.366,3.171,-0.732,0.057,0.056,0.998,255,1131
266231638,-1.524,2.744,-0.671,0.020,0.027,0.945,255,1131
266232732,-2.073,1.159,0.122,-0.136,-0.066,1.104,255,1131
266233641,-1.524,0.122,0.915,-0.188,-0.011,1.113,255,1141
266234650,-0.671,-0.305,1.402,0.073,0.004,1.099,255,1141
266235638,-0.671,0.244,1.402,0.026,0.119,0.991,255,1141
266236382,-0.305,1.585,0.427,0.189,0.061,1.013,255,1141
266237638,-0.549,2.805,-0.244,0.096,0.127,1.143,255,1141
266238379,-0.915,2.988,-0.854,0.079,-0.020,0.859,255,1141
266239639,-2.378,2.683,-0.671,-0.077,0.069,1.073,255,1141
266240631,-2.195,0.854,0.793,-0.133,-0.053,1.251,255,1141
266241638,-1.220,-0.183,1.220,-0.079,0.010,1.037,255,1141
266242626,-0.793,-0.183,1.646,0.064,0.064,1.043,255,1141
266243638,-0.061,0.854,0.793,0.063,0.077,1.064,255,1141
266244380,0.061,2.622,0.305,0.146,0.081,0.960,255,1141
266245639,-0.122,3.537,-0.732,0.040,0.128,1.042,255,1141
266246373,-1.159,3.598,-0.305,0.026,0.010,0.962,255,1141
266247639,-2.622,1.524,0.366,-0.167,-0.077,1.124,255,1141
266248512,-2.012,-0.183,0.976,-0.042,-0.015,0.993,255,1141
266249638,-1.829,-0.610,1.768,-0.022,0.028,1.171,255,1141
266250628,-0.793,-0.122,1.280,0.089,0.036,1.099,255,1141
266251638,-0.427,1.768,0.488,0.022,0.060,1.103,255,1141
266252382,0.305,2.988,0.061,0.195,0.128,0.910,255,1141
266253638,-0.915,3.110,-0.671,0.001,-0.007,0.925,255,1141
266254574,-2.256,1.768,-0.305,-0.154,-0.013,1.048,255,1141
266255639,-1.951,0.366,0.366,-0.110,-0.026,0.984,255,1141
266256651,-2.012,-0.610,1.524,-0.026,0.004,1.191,255,1141
266257638,-0.732,-1.098,1.463,0.025,0.029,1.069,255,1141
266258506,-0.244,0.793,1.341,0.073,0.042,1.099,255,1141
266259638,0.000,2.622,0.000,0.069,0.132,1.095,255,1141
266260381,-0.061,3.720,0.000,0.134,0.078,0.904,255,1141
266261638,-1.829,2.500,0.122,-0.060,-0.018,0.877,255,1141
266262506,-2.317,0.854,0.122,-0.129,-0.017,1.105,255,1141
266263638,-2.378,-0.488,1.402,-0.054,-0.016,0.998,255,1141
266264636,-1.707,-1.402,1.524,0.001,0.009,1.152,255,1141
266265638,-0.793,-0.305,1.585,0.038,0.019,1.162,255,1141
266266376,0.000,1.037,0.610,0.113,0.116,0.976,255,1141
266267639,0.183,4.024,-0.549,0.051,0.121,0.998,255,1141
266268380,0.183,4.024,-0.549,0.051,0.121,0.998,255,1141
266269638,-1.707,2.073,-0.366,-0.071,0.044,1.014,255,1141
266270506,-2.561,0.610,0.366,-0.100,-0.082,0.994,255,1141
266271638,-2.195,-1.098,1.159,-0.029,0.020,1.165,255,1141
266272631,-1.280,-1.159,1.951,0.047,0.011,1.186,255,1141
266273638,-0.366,0.305,1.341,0.075,0.077,1.098,255,1141
266274376,0.183,2.500,0.549,0.100,0.040,0.945,255,1141
266275639,-0.488,4.573,-0.610,0.030,0.038,0.930,255,1141
266276381,-1.463,3.232,-0.793,-0.106,0.050,1.122,255,1141
266277638,-1.707,1.402,0.305,-0.059,-0.076,0.783,255,1141
266278626,-2.439,-0.549,0.732,-0.120,0.010,1.204,255,1141
266279638,-2.012,-1.463,1.768,0.041,-0.023,1.028,255,1141
266280651,-0.244,0.854,0.976,0.090,0.023,1.073,255,1141
266281638,0.000,2.988,-0.122,0.071,0.071,1.078,255,1141
266282735,-0.244,4.695,-0.610,-0.017,0.025,0.889,255,1141
266283641,-0.610,4.207,-0.854,-0.043,0.116,1.014,255,1151
266284658,-1.768,2.805,-0.549,-0.122,-0.078,0.950,255,1151
266285638,-1.890,0.122,0.366,-0.065,0.071,1.047,255,1151
266286511,-2.073,-1.402,0.976,-0.016,-0.095,1.029,255,1151
266287638,-0.915,-0.610,1.159,0.120,-0.005,1.066,255,1151
266288630,-0.122,1.768,0.427,0.055,0.092,1.066,255,1151
266289638,0.000,4.329,-0.183,0.027,0.046,1.068,255,1151
266290374,0.366,4.695,-0.732,-0.042,0.093,0.955,255,1151
266291639,-0.549,3.780,-0.610,-0.062,-0.010,0.882,255,1151
266292512,-1.524,1.707,-0.244,-0.133,0.024,1.050,255,1151
266293638,-1.890,-0.671,0.793,-0.046,-0.044,0.946,255,1151
266294636,-1.463,-1.768,1.951,0.114,-0.010,1.063,255,1151
266295638,-0.976,0.183,0.915,0.082,0.075,1.170,255,1151
266296506,-0.427,2.988,0.061,0.018,0.009,0.944,255,1151
266297638,-0.183,4.817,-0.671,0.019,0.091,1.018,255,1151
266298377,-0.122,4.939,-0.671,-0.069,0.045,0.942,255,1151
266299639,-1.037,3.171,-0.244,-0.098,0.044,0.981,255,1151
266300622,-1.951,0.610,0.183,-0.114,-0.061,0.955,255,1151
266301638,-1.768,-2.012,1.951,0.042,-0.009,1.110,255,1151
266302631,-1.159,-0.671,1.402,0.142,0.066,1.104,255,1151
266303638,-0.610,1.524,0.549,0.071,-0.024,1.132,255,1151
266304378,0.061,4.024,-0.244,-0.030,0.082,0.963,255,1151
266305638,-0.061,5.244,-0.488,-0.018,0.041,0.970,255,1151
266306507,-0.427,4.207,-0.488,-0.150,0.078,0.943,255,1151
266307638,-1.280,2.073,-0.061,-0.066,-0.021,0.961,255,1151
266308632,-2.195,-1.890,1.463,0.083,-0.054,1.017,255,1151
266309638,-2.134,-1.585,1.463,0.067,0.097,1.248,255,1151
266310509,-1.280,-0.122,0.976,0.150,-0.002,1.034,255,1151
266311638,-0.854,2.561,0.061,0.036,0.059,1.076,255,1151
266312497,-0.183,5.244,-0.671,-0.068,0.033,0.925,255,1151
266313638,-0.244,5.061,-0.793,-0.082,0.045,1.034,255,1151
266314631,-0.549,3.841,-0.305,-0.163,0.025,0.900,255,1151
266315638,-2.012,-1.768,1.037,-0.067,0.016,0.995,255,1151
266316626,-1.829,-2.378,1.585,0.147,-0.016,1.264,255,1151
266317638,-1.402,-1.463,1.829,0.104,0.061,1.133,255,1151
266318513,-0.244,1.037,0.915,0.147,0.053,1.064,255,1151
266319638,-0.183,4.024,-0.122,-0.062,0.024,0.968,255,1151
266320506,0.305,5.854,-1.159,-0.113,0.040,0.953,255,1151
266321638,-1.220,2.561,0.122,-0.111,0.025,0.975,255,1151
266322384,-1.220,2.561,0.122,-0.111,0.025,0.975,255,1151
266323638,-2.317,-2.378,1.159,0.037,0.004,1.186,255,1151
266324378,-2.378,-2.256,1.829,0.160,-0.002,1.061,255,1151
266325639,-1.402,-0.610,1.463,0.114,0.074,1.140,255,1151
266326515,-0.671,2.378,0.488,0.073,-0.004,1.031,255,1151
266327638,-0.488,5.061,-0.427,-0.123,0.034,1.087,255,1151
266328506,0.305,5.793,-0.488,-0.085,0.054,0.868,255,1151
266329638,-1.220,1.159,0.610,-0.054,0.007,0.859,255,1151
266330398,-1.951,-1.646,0.549,-0.009,0.016,1.176,255,1151
266331638,-2.317,-2.439,1.585,0.126,0.025,1.037,255,1151
266332732,-1.951,-1.585,1.890,0.180,0.026,1.163,255,1151
266333490,-0.854,0.915,1.220,0.061,0.038,1.098,255,1161
266334638,-0.244,3.841,-0.305,-0.002,0.001,1.068,255,1161
266335506,-0.122,6.220,-0.915,-0.140,0.032,0.956,255,1161
266336638,-0.671,2.622,-0.183,-0.141,0.014,0.929,255,1161
266337622,-1.402,-0.366,0.671,-0.002,0.013,1.098,255,1161
266338638,-1.768,-2.317,1.220,0.055,0.034,0.994,255,1161
266339509,-1.707,-2.622,1.585,0.203,0.034,1.241,255,1161
266340638,-1.524,-0.854,1.159,0.129,0.041,1.112,255,1161
266341378,-0.915,2.378,0.000,0.042,-0.027,1.064,255,1161
266342639,-0.549,5.854,-0.671,-0.100,0.037,0.995,255,1161
266343504,-0.549,3.963,-0.305,-0.143,0.042,0.907,255,1161
266344638,-1.341,0.793,0.000,-0.113,-0.004,1.066,255,1161
266345620,-1.890,-1.524,0.976,0.032,0.050,0.953,255,1161
266346638,-2.256,-2.561,1.341,0.173,0.028,1.204,255,1161
266347386,-1.585,-2.317,1.402,0.152,0.036,1.042,255,1161
266348638,-0.183,4.085,-0.122,-0.018,0.058,1.052,255,1161
266349507,-0.183,4.085,-0.122,-0.018,0.058,1.052,255,1161
266350638,0.000,5.305,-0.732,-0.175,0.058,0.908,255,1161
266351504,-0.671,2.805,-0.305,-0.108,-0.025,1.062,255,1161
266352638,-1.341,-0.122,0.549,-0.050,0.106,0.888,255,1161
266353639,-1.463,-2.439,1.646,0.159,0.013,1.194,255,1161
266354638,-1.890,-2.927,1.524,0.146,0.050,1.091,255,1161
266355381,-1.463,-0.854,1.159,0.157,-0.046,1.153,255,1161
266356638,-0.427,5.122,-0.366,-0.052,-0.020,0.963,255,1161
266357633,-0.854,6.280,-0.671,-0.200,0.079,0.981,255,1161
266358638,-0.671,4.634,-0.549,-0.146,0.015,0.976,255,1161
266359632,-0.976,1.402,0.366,-0.094,0.078,0.943,255,1161
266360638,-1.707,-1.524,1.280,0.104,0.019,1.071,255,1161
266361378,-2.012,-2.866,1.646,0.104,0.073,1.070,255,1161
266362639,-1.280,0.915,0.671,0.081,0.059,1.217,255,1161
266363381,-1.280,0.915,0.671,0.081,0.059,1.217,255,1161
266364638,-0.366,5.671,-0.488,-0.167,0.043,0.895,255,1161
266365507,-0.305,5.671,-0.671,-0.149,0.006,0.919,255,1161
266366638,-0.122,2.866,-0.183,-0.132,0.060,1.003,255,1161
266367627,-1.220,-0.488,0.915,0.023,0.048,1.002,255,1161
266368638,-1.463,-2.805,1.463,0.091,0.042,1.114,255,1161
266369378,-1.829,-2.744,1.524,0.200,-0.001,1.008,255,1161
266370639,-1.098,2.256,0.610,0.026,-0.034,1.129,255,1161
266371507,-0.671,4.756,-0.427,-0.162,0.046,1.008,255,1161
266372638,-0.610,6.159,-0.915,-0.186,-0.026,0.915,255,1161
266373633,-0.549,4.207,-0.732,-0.159,0.140,1.011,255,1161
266374638,-0.854,1.220,0.305,-0.021,-0.029,0.957,255,1161
266375630,-1.951,-1.951,1.037,0.044,0.065,1.061,255,1161
266376638,-2.195,-1.829,1.585,0.255,0.087,1.268,255,1161
266377379,-2.195,-1.829,1.585,0.255,0.087,1.268,255,1161
266378639,-0.549,3.720,-0.488,-0.097,-0.002,1.051,255,1161
266379509,-0.366,5.732,-0.671,-0.205,-0.019,0.925,255,1161
266380638,-0.122,5.549,-0.549,-0.133,0.106,0.990,255,1161
266381734,-0.183,2.805,0.244,-0.117,0.045,0.925,255,1161
266382618,-0.976,-0.366,1.159,0.029,0.049,1.115,255,1170
266383638,-1.402,-2.378,1.280,0.239,0.047,1.120,255,1170
266384377,-1.402,-2.378,1.280,0.239,0.047,1.120,255,1170
266385639,-1.098,2.561,-0.122,-0.038,-0.027,1.089,255,1170
266386518,-0.915,5.549,-0.671,-0.141,-0.011,1.031,255,1170
266387638,-0.366,5.549,-0.854,-0.194,0.044,0.910,255,1170
266388634,-0.122,3.659,-0.061,-0.110,0.063,0.920,255,1170
266389638,-1.585,-2.134,1.280,0.112,0.080,0.971,255,1170
266390511,-2.073,-3.171,1.463,0.196,0.049,1.166,255,1170
266391638,-2.073,-1.585,1.646,0.227,0.025,1.096,255,1170
266392382,-1.890,1.280,0.610,0.013,-0.045,1.165,255,1170
266393638,-1.037,4.634,-0.183,-0.093,-0.028,1.022,255,1170
266394519,-0.610,5.793,-0.732,-0.192,0.047,0.929,255,1170
266395638,-0.366,5.366,-0.183,-0.187,0.048,0.942,255,1170
266396623,-0.793,-0.610,0.793,0.036,0.049,1.083,255,1170
266397638,-1.098,-2.683,1.220,0.193,0.088,0.989,255,1170
266398380,-1.829,-2.317,1.159,0.210,0.026,1.214,255,1170
266399639,-1.707,-0.244,0.915,0.115,0.007,1.041,255,1170
266400378,-1.402,3.049,-0.183,-0.056,-0.054,1.170,255,1170
266401639,-1.037,5.000,-0.671,-0.144,0.001,0.936,255,1170
266402698,-0.610,5.061,-0.366,-0.284,0.016,0.939,255,1170
266403639,-0.610,0.671,0.366,-0.010,0.071,1.136,255,1170
266404516,-0.976,-1.951,1.341,0.166,0.083,0.934,255,1170
266405638,-1.341,-2.561,1.524,0.209,0.078,1.164,255,1170
266406390,-1.951,-1.159,1.220,0.201,-0.047,1.096,255,1170
266407638,-1.829,1.951,0.244,-0.012,0.042,1.112,255,1170
266408507,-1.098,4.512,-0.244,-0.107,-0.073,1.013,255,1170
266409638,-0.610,5.488,-0.427,-0.258,0.063,0.948,255,1170
266410632,0.000,2.134,0.122,-0.086,0.168,0.960,255,1170
266411638,-0.915,-1.463,1.037,0.156,-0.004,1.059,255,1170
266412509,-1.524,-2.744,1.220,0.159,0.141,1.009,255,1170
266413638,-1.707,-1.768,0.915,0.215,-0.071,1.237,255,1170
266414525,-1.890,0.671,0.488,0.099,0.067,0.992,255,1170
266415638,-1.402,3.659,0.244,-0.047,-0.096,1.129,255,1170
266416507,-0.915,5.366,-0.549,-0.215,0.042,0.964,255,1170
266417638,0.183,3.049,-0.305,-0.107,0.132,0.884,255,1170
266418510,-0.305,0.122,0.915,0.081,0.050,1.144,255,1170
266419638,-1.037,-2.500,1.280,0.143,0.099,0.922,255,1170
266420378,-1.646,-2.561,1.098,0.215,0.017,1.211,255,1170
266421639,-1.768,-0.732,0.427,0.170,-0.002,1.053,255,1170
266422512,-1.768,2.500,0.183,0.001,-0.021,1.061,255,1170
266423638,-0.671,5.427,-0.427,-0.244,-0.010,0.907,255,1170
266424512,-0.671,5.427,-0.427,-0.202,0.052,1.015,255,1170
266425638,0.061,1.402,0.732,-0.002,0.115,1.007,255,1170
266426506,-0.488,-1.829,1.341,0.143,0.056,1.048,255,1170
266427638,-1.463,-2.378,1.585,0.194,0.072,1.057,255,1170
266428378,-2.012,-1.524,0.610,0.245,0.021,1.147,255,1170
266429638,-2.134,1.524,0.610,0.040,-0.001,1.046,255,1170
266430381,-1.463,3.841,-0.488,-0.098,-0.092,1.136,255,1170
266431638,-0.305,4.512,-0.366,-0.201,-0.042,0.951,255,1170
266432734,-0.183,2.561,0.732,-0.125,0.151,0.955,255,1170
266433659,-0.122,-0.976,0.976,0.142,0.018,1.103,255,1180
266434638,-1.280,-2.378,1.463,0.168,0.156,0.979,255,1180
266435385,-1.646,-2.073,0.854,0.278,-0.010,1.164,255,1180
266436639,-2.378,0.122,0.793,0.095,0.036,1.030,255,1180
266437507,-1.463,3.049,-0.122,-0.061,-0.069,1.044,255,1180
266438638,-0.427,5.122,-0.122,-0.253,-0.027,0.959,255,1180
266439636,-0.549,3.720,0.366,-0.153,0.103,0.999,255,1180
266440638,-0.183,0.305,0.793,0.056,0.062,1.014,255,1180
266441377,-0.610,-1.707,1.463,0.173,0.125,1.021,255,1180
266442639,-1.341,-2.561,1.280,0.265,0.011,1.090,255,1180
266443387,-1.646,-0.610,0.671,0.152,0.036,1.075,255,1180
266444639,-1.280,4.146,-0.305,-0.149,0.018,1.067,255,1180
266445513,-0.915,5.122,-0.305,-0.240,-0.099,0.991,255,1180
266446638,0.000,3.963,0.000,-0.252,0.127,0.896,255,1180
266447496,0.000,1.524,0.610,0.021,0.007,1.005,255,1180
266448638,-0.366,-0.976,1.280,0.092,0.233,1.090,255,1180
266449373,-1.220,-2.317,1.341,0.269,-0.009,1.014,255,1180
266450639,-1.829,-1.220,1.159,0.123,-0.149,1.052,255,1180
266451633,-2.073,4.146,-0.244,-0.158,0.071,1.067,255,1180
266452638,-1.098,5.122,-0.488,-0.167,-0.162,1.030,255,1180
266453634,-0.488,4.329,-0.366,-0.298,0.075,0.953,255,1180
266454638,-0.061,2.439,0.000,-0.107,-0.014,0.957,255,1180
266455615,0.305,-0.061,1.220,0.114,0.209,1.065,255,1180
266456638,-0.122,-2.317,1.768,0.209,0.021,1.052,255,1180
266457382,-1.280,-2.134,1.037,0.237,0.120,1.038,255,1180
266458639,-1.951,2.927,0.122,-0.049,0.034,1.039,255,1180
266459384,-1.829,4.451,-0.122,-0.199,-0.126,1.061,255,1180
266460638,-0.915,4.390,-0.244,-0.258,0.022,0.955,255,1180
266461636,-0.610,3.171,0.122,-0.225,-0.020,0.990,255,1180
266462638,0.305,0.610,1.159,0.078,0.173,0.959,255,1180
266463500,-0.305,-1.280,1.524,0.191,0.073,1.161,255,1180
266464638,-2.317,-0.305,0.671,0.161,0.007,1.130,255,1180
266465381,-2.317,-0.305,0.671,0.161,0.007,1.130,255,1180
266466638,-1.707,4.573,-0.061,-0.215,-0.043,1.107,255,1180
266467511,-0.915,4.634,-0.183,-0.230,-0.060,0.979,255,1180
266468638,-0.671,3.841,0.427,-0.247,0.045,0.888,255,1180
266469507,0.183,1.524,0.732,-0.037,0.081,1.040,255,1180
266470638,0.244,-0.671,1.768,0.129,0.169,1.035,255,1180
266471379,-0.488,-2.561,1.220,0.280,0.054,1.116,255,1180
266472639,-1.707,1.159,-0.122,0.075,-0.078,1.164,255,1180
266473507,-2.195,3.780,-0.366,-0.126,0.003,0.978,255,1180
266474638,-1.037,4.207,-0.549,-0.202,-0.129,1.024,255,1180
266475633,-0.549,4.268,0.183,-0.263,0.046,1.010,255,1180
266476638,0.061,2.073,0.244,-0.126,0.008,1.000,255,1180
266477371,0.183,-0.183,1.280,0.090,0.207,1.000,255,1180
266478639,-1.524,-1.341,0.976,0.260,0.149,1.023,255,1180
266479382,-1.524,-1.341,0.976,0.260,0.149,1.023,255,1180
266480638,-2.134,3.232,-0.549,-0.086,0.032,1.118,255,1180
266481726,-1.707,4.085,-0.488,-0.165,-0.123,1.039,255,1180
266482631,-1.037,4.085,-0.122,-0.268,0.042,0.996,255,1190
266483638,-0.427,2.744,0.366,-0.173,-0.060,0.925,255,1190
266484631,-0.061,0.427,0.854,-0.000,0.161,1.057,255,1190
266485638,-1.159,-1.402,1.402,0.252,0.194,1.145,255,1190
266486382,-1.159,-1.402,1.402,0.252,0.194,1.145,255,1190
266487638,-2.012,2.195,-0.488,-0.060,0.025,1.088,255,1190
266488512,-2.134,4.085,-0.549,-0.104,-0.101,0.985,255,1190
266489638,-1.402,4.085,-0.122,-0.245,0.012,1.010,255,1190
266490635,-0.793,3.171,0.366,-0.239,-0.054,1.040,255,1190
266491638,0.000,-0.427,1.463,0.170,0.131,1.073,255,1190
266492507,0.000,-0.427,1.463,0.170,0.131,1.073,255,1190
266493638,-1.646,-0.305,0.793,0.176,0.013,1.088,255,1190
266494378,-1.829,1.463,-0.305,0.001,-0.033,1.026,255,1190
266495638,-2.256,3.720,-0.488,-0.106,-0.075,1.046,255,1190
266496716,-1.341,3.963,-0.183,-0.218,-0.040,1.071,255,1190
266497639,-0.671,3.415,0.183,-0.255,-0.050,1.007,255,1190
266498656,0.000,-0.061,1.098,0.134,0.145,1.015,255,1190
266499638,-0.183,-1.463,1.037,0.253,0.159,1.074,255,1190
266500378,-0.976,-0.549,0.732,0.177,0.053,1.004,255,1190
266501639,-1.585,1.280,-0.366,0.075,-0.028,1.132,255,1190
266502513,-2.439,3.049,-0.366,-0.069,-0.035,0.965,255,1190
266503638,-2.317,4.085,0.122,-0.186,-0.091,1.029,255,1190
266504641,-1.341,3.537,0.244,-0.285,0.002,1.032,255,1190
266505638,-0.427,0.122,1.402,0.069,0.176,1.045,255,1190
266506376,-0.427,0.122,1.402,0.069,0.176,1.045,255,1190
266507639,-0.610,-1.098,0.671,0.218,0.105,1.048,255,1190
266508377,-1.646,0.732,0.183,0.107,-0.028,1.029,255,1190
266509639,-1.951,3.171,-0.366,-0.044,0.031,1.052,255,1190
266510507,-1.951,4.024,-0.366,-0.192,-0.116,1.019,255,1190
266511638,-1.159,3.476,-0.122,-0.280,-0.005,1.034,255,1190
266512635,-0.366,0.061,1.280,0.034,0.138,1.011,255,1190
266513638,-0.122,-0.976,1.220,0.168,0.104,1.032,255,1190
266514382,-0.427,-0.854,0.793,0.233,0.095,1.111,255,1190
266515638,-1.341,0.549,0.305,0.162,0.058,1.050,255,1190
266516377,-1.707,2.256,-0.061,0.009,-0.027,0.962,255,1190
266517639,-1.829,3.598,-0.732,-0.122,-0.083,1.086,255,1190
266518635,-1.220,3.476,-0.427,-0.264,-0.123,1.072,255,1190
266519638,-0.305,0.793,1.220,0.001,0.067,0.933,255,1190
266520509,0.000,-0.061,1.280,0.129,0.178,1.095,255,1190
266521638,-0.061,-0.671,0.732,0.232,0.064,1.070,255,1190
266522375,-1.159,0.671,0.427,0.194,0.141,1.028,255,1190
266523638,-2.134,2.256,0.000,0.043,-0.054,1.034,255,1190
266524379,-2.195,3.902,-0.488,-0.154,-0.026,1.013,255,1190
266525639,-1.280,2.317,0.244,-0.206,0.002,1.016,255,1190
266526517,-0.488,0.793,0.976,-0.062,0.018,1.087,255,1190
266527638,0.122,0.000,1.220,0.097,0.161,1.037,255,1190
266528370,0.122,-0.732,1.280,0.250,0.141,1.102,255,1190
266529639,-0.183,-0.061,0.671,0.237,0.087,0.999,255,1190
266530409,-1.341,2.195,-0.061,0.058,-0.004,1.067,255,1190
266531638,-1.768,3.598,-1.037,-0.139,-0.058,1.001,255,1190
266532732,-1.768,2.927,-0.183,-0.227,-0.046,1.059,255,1190
266533689,-1.159,1.341,0.854,-0.135,0.028,1.088,255,1200
266534372,-0.244,-0.854,1.159,0.069,0.089,1.040,255,1200
266535639,0.122,-0.732,1.524,0.207,0.208,0.983,255,1200
266536377,-0.183,-0.122,1.037,0.251,0.067,1.172,255,1200
266537638,-1.159,1.951,0.122,0.056,0.061,0.935,255,1200
266538381,-1.951,3.415,-0.793,-0.048,-0.124,1.057,255,1200
266539638,-1.280,2.561,0.305,-0.172,-0.087,1.128,255,1200
266540639,-0.671,0.915,0.854,-0.178,0.023,1.054,255,1200
266541638,0.061,-0.488,1.280,0.036,0.054,0.980,255,1200
266542383,-0.122,-0.244,1.402,0.183,0.193,1.092,255,1200
266543638,0.000,0.244,0.854,0.270,0.085,1.040,255,1200
266544377,-1.098,1.768,0.061,0.064,0.048,1.162,255,1200
266545639,-1.890,3.049,-0.610,-0.021,-0.053,0.866,255,1200
266546514,-2.195,3.780,-0.793,-0.161,0.010,1.004,255,1200
266547638,-1.159,0.854,0.244,-0.211,-0.012,1.040,255,1200
266548632,-0.671,-0.244,0.976,-0.019,0.031,1.095,255,1200
266549638,-0.671,-0.549,1.707,0.158,0.200,1.021,255,1200
266550509,-0.610,-0.427,1.159,0.257,0.101,1.104,255,1200
266551638,-0.976,0.915,0.366,0.126,0.037,0.966,255,1200
266552372,-1.951,3.110,-0.610,-0.012,-0.009,1.040,255,1200
266553639,-2.134,3.293,0.183,-0.187,-0.107,0.975,255,1200
266554632,-1.463,1.524,0.305,-0.170,-0.063,1.160,255,1200
266555638,-0.671,0.000,1.159,-0.080,0.081,1.055,255,1200
266556501,-0.122,-0.976,1.585,0.151,0.126,1.039,255,1200
266557638,-0.244,-0.366,1.341,0.213,0.149,0.987,255,1200
266558391,-0.122,1.098,0.183,0.187,0.059,1.165,255,1200
266559638,-2.012,3.780,-0.915,-0.045,-0.061,0.975,255,1200
266560508,-2.012,3.780,-0.915,-0.045,-0.061,0.975,255,1200
266561638,-1.463,1.585,0.305,-0.182,-0.082,1.098,255,1200
266562640,-0.793,0.061,0.915,-0.088,0.068,1.087,255,1200
266563638,0.244,-0.793,1.646,0.122,0.119,0.979,255,1200
266564377,-0.122,-0.427,1.585,0.197,0.144,1.144,255,1200
266565639,-0.305,0.671,0.427,0.199,0.056,0.990,255,1200
266566374,-1.220,2.744,-0.427,0.030,0.038,1.084,255,1200
266567639,-2.012,3.598,-0.366,-0.174,-0.057,0.981,255,1200
266568512,-1.585,1.951,0.244,-0.176,-0.119,1.027,255,1200
266569638,-0.671,-0.061,0.854,-0.075,0.053,1.122,255,1200
266570622,-0.549,-0.854,1.829,0.054,0.095,1.105,255,1200
266571638,0.122,-0.122,1.646,0.165,0.151,1.043,255,1200
266572385,0.000,0.976,0.610,0.201,0.087,1.076,255,1200
266573639,-1.829,4.146,-0.488,-0.072,0.011,0.963,255,1200
266574496,-2.256,3.537,-0.671,-0.157,-0.083,1.034,255,1200
266575638,-2.256,2.195,-0.244,-0.192,-0.053,1.014,255,1200
266576651,-1.220,0.244,0.366,-0.062,-0.049,1.072,255,1200
266577638,-0.732,-0.854,1.524,-0.007,0.126,1.110,255,1200
266578625,-0.244,-1.220,1.524,0.166,0.086,1.032,255,1200
266579638,-0.427,0.549,1.098,0.183,0.177,1.051,255,1200
266580409,-0.488,2.561,0.244,0.150,0.030,1.028,255,1200
266581638,-2.134,3.720,-0.610,-0.166,-0.104,0.952,255,1200
266582729,-2.500,3.049,-0.183,-0.145,-0.040,1.064,255,1200
266583646,-1.768,0.610,0.610,-0.104,-0.015,1.103,255,1209
266584638,-0.915,-0.976,1.524,0.003,0.034,1.103,255,1209
266585507,-0.244,-0.915,1.768,0.076,0.104,1.013,255,1209
266586638,-0.183,0.671,0.976,0.218,0.169,1.078,255,1209
266587383,-0.549,2.134,0.183,0.108,0.077,0.989,255,1209
266588638,-2.134,3.659,-0.488,-0.134,-0.047,0.934,255,1209
266589518,-1.829,2.744,-0.183,-0.135,-0.042,0.938,255,1209
266590638,-1.463,0.976,0.854,-0.129,-0.011,1.150,255,1209
266591635,-0.488,-1.402,1.280,0.027,-0.025,1.120,255,1209
266592638,-0.305,-1.280,1.707,0.075,0.167,1.055,255,1209
266593509,-0.061,0.488,1.220,0.208,0.105,1.054,255,1209
266594638,-1.037,3.415,-0.671,-0.022,-0.073,1.039,255,1209
266595512,-2.012,4.268,-0.793,-0.130,0.027,0.890,255,1209
266596638,-2.256,3.171,0.000,-0.146,-0.087,0.998,255,1209
266597624,-2.073,0.854,0.366,-0.128,0.010,1.089,255,1209
266598638,-1.159,-1.524,1.098,-0.028,-0.067,1.132,255,1209
266599515,-0.061,-1.159,1.707,0.113,0.169,1.087,255,1209
266600638,-0.183,1.829,0.854,0.127,0.128,1.073,255,1209
266601384,-0.183,1.829,0.854,0.127,0.128,1.073,255,1209
266602638,-1.646,4.085,-0.549,-0.064,0.000,1.034,255,1209
266603512,-2.195,3.171,-0.122,-0.176,-0.028,0.958,255,1209
266604638,-2.073,0.976,0.427,-0.064,-0.099,1.057,255,1209
266605632,-1.341,-1.037,1.220,-0.076,0.017,1.171,255,1209
266606638,-0.366,-1.890,1.463,0.138,0.061,1.053,255,1209
266607506,-0.183,-0.305,1.463,0.115,0.202,1.027,255,1209
266608638,-1.037,3.780,-0.671,-0.032,0.104,1.092,255,1209
266609514,-1.585,4.024,-1.159,-0.061,-0.083,0.897,255,1209
266610638,-2.134,3.537,-0.549,-0.177,0.023,0.993,255,1209
266611635,-1.890,1.159,0.122,-0.078,-0.143,1.028,255,1209
266612638,-1.341,-0.915,0.976,-0.037,0.095,1.162,255,1209
266613632,-0.610,-2.134,1.524,0.115,-0.029,1.052,255,1209
266614638,-0.183,1.646,1.098,0.130,-0.007,1.074,255,1209
266615506,-0.427,3.902,-0.122,0.018,0.186,0.970,255,1209
266616638,-1.220,4.817,-0.488,-0.053,-0.115,1.004,255,1209
266617521,-1.707,3.598,-0.793,-0.183,0.019,0.975,255,1209
266618638,-2.012,2.012,-0.183,-0.135,-0.141,0.959,255,1209
266619635,-1.951,-0.427,0.793,0.017,0.059,1.085,255,1209
266620638,-1.037,-1.646,1.585,0.041,0.045,1.133,255,1209
266621381,-0.244,-1.159,1.220,0.144,0.099,1.147,255,1209
266622638,-0.610,3.780,-0.122,0.107,0.075,0.992,255,1209
266623384,-1.524,4.634,-0.427,-0.109,0.022,0.948,255,1209
266624638,-1.585,3.476,-0.610,-0.102,-0.094,0.895,255,1209
266625643,-1.707,2.012,0.000,-0.179,0.000,1.111,255,1209
266626638,-1.159,-0.427,0.854,0.048,-0.098,1.050,255,1209
266627492,-1.159,-1.768,1.707,0.037,0.146,1.087,255,1209
266628638,-0.488,1.159,0.732,0.052,0.242,1.045,255,1209
266629387,-0.488,1.159,0.732,0.089,-0.064,1.042,255,1209
266630638,-0.976,4.756,-0.549,-0.114,0.138,0.897,255,1209
266631726,-1.524,4.146,-0.732,-0.107,-0.146,0.999,255,1209
266632626,-1.829,1.951,-0.183,-0.148,0.077,0.998,255,1219
266633638,-2.012,-0.305,0.854,-0.003,-0.159,1.066,255,1219
266634629,-0.732,-1.463,1.585,0.095,-0.001,1.054,255,1219
266635638,-0.244,0.610,1.098,0.112,0.192,1.112,255,1219
266636583,-0.427,3.537,0.427,0.010,0.020,0.934,255,1219
266637639,-0.671,4.573,-0.671,-0.032,0.061,1.059,255,1219
266638529,-1.646,4.512,-0.305,-0.151,-0.040,0.880,255,1219
266639638,-1.585,2.256,-0.061,-0.090,-0.041,0.996,255,1219
266640636,-2.012,0.061,0.732,-0.053,-0.031,1.137,255,1219
266641638,-0.976,-1.341,1.768,0.060,0.145,1.092,255,1219
266642508,-0.183,0.427,1.402,0.131,0.010,1.011,255,1219
266643638,-0.183,3.476,0.488,0.020,0.188,1.024,255,1219
266644427,-0.366,4.695,-0.427,-0.033,-0.045,0.961,255,1219
266645639,-1.037,4.817,-0.549,-0.135,0.055,0.964,255,1219
266646666,-1.646,2.378,-0.244,-0.094,-0.128,1.029,255,1219
266647638,-1.951,0.122,0.244,-0.040,0.053,0.998,255,1219
266648520,-1.829,-1.524,1.280,0.042,-0.085,1.160,255,1219
266649638,-0.488,0.305,1.280,0.068,0.018,1.070,255,1219
266650509,-0.183,2.866,0.244,0.048,0.132,1.101,255,1219
266651638,-0.488,4.878,-0.366,-0.059,0.015,0.909,255,1219
266652503,-0.976,4.329,-0.610,-0.083,0.010,0.992,255,1219
266653638,-1.768,2.500,-0.061,-0.143,-0.062,0.926,255,1219
266654627,-1.524,0.183,0.366,0.006,-0.034,1.032,255,1219
266655638,-0.976,-2.195,1.220,0.135,0.051,1.090,255,1219
266656376,-0.976,-2.195,1.220,0.135,0.051,1.090,255,1219
266657639,-0.488,2.683,0.366,0.018,0.041,1.021,255,1219
266658382,-0.549,5.061,-0.244,-0.030,0.120,0.993,255,1219
266659638,-1.037,4.512,-0.305,-0.121,-0.073,0.904,255,1219
266660631,-1.646,3.049,-0.183,-0.113,0.017,0.918,255,1219
266661638,-1.524,-1.402,1.220,0.074,0.077,1.115,255,1219
266662509,-1.524,-1.402,1.220,0.074,0.077,1.115,255,1219
266663638,-0.854,0.122,0.915,0.061,0.117,1.115,255,1219
266664376,-0.671,2.988,0.488,0.011,0.036,1.006,255,1219
266665639,-0.244,4.756,-0.366,-0.033,0.123,1.002,255,1219
266666509,-0.915,5.061,-0.305,-0.122,-0.030,0.886,255,1219
266667638,-1.402,2.744,-0.366,-0.073,-0.014,1.017,255,1219
266668635,-1.585,-1.280,0.793,0.101,-0.006,1.097,255,1219
266669638,-1.159,-1.463,1.220,0.067,0.050,1.067,255,1219
266670506,-0.305,-0.305,1.159,0.128,0.051,1.160,255,1219
266671638,-0.427,2.683,0.610,-0.046,0.128,1.037,255,1219
266672377,0.000,4.512,-0.183,-0.015,0.033,0.929,255,1219
266673639,-0.732,5.183,-0.610,-0.144,0.069,1.011,255,1219
266674521,-1.341,2.927,-0.488,-0.031,-0.076,0.982,255,1219
266675638,-1.768,-1.585,0.976,0.133,-0.104,1.072,255,1219
266676644,-1.585,-1.890,1.220,0.079,0.088,1.161,255,1219
266677638,-0.976,-0.427,1.037,0.112,0.049,1.159,255,1219
266678378,-0.427,2.561,0.793,-0.015,0.128,1.012,255,1219
266679639,-0.183,5.122,-0.122,-0.100,0.050,0.914,255,1219
266680528,-0.427,4.634,-0.488,-0.081,0.016,1.078,255,1219
266681638,-1.098,3.049,-0.244,-0.109,0.005,0.833,255,1219
266682732,-1.463,-1.159,0.854,0.036,0.014,1.064,255,1219
266683640,-1.402,-2.012,1.037,0.131,-0.007,1.194,255,1229
266684638,-1.402,-0.427,1.341,0.061,0.099,1.076,255,1229
266685501,-0.488,1.951,0.610,-0.005,0.052,1.020,255,1229
266686638,-0.854,4.268,0.000,-0.078,0.102,1.034,255,1229
266687376,-0.488,4.634,-0.549,-0.095,-0.004,0.937,255,1229
266688638,-1.220,3.415,-0.305,-0.052,0.021,0.925,255,1229
266689632,-1.646,-1.220,0.732,0.106,-0.015,1.122,255,1229
266690638,-1.463,-1.585,1.159,0.126,0.006,1.136,255,1229
266691503,-1.341,-0.366,0.976,0.064,0.047,1.133,255,1229
266692638,-1.341,1.951,0.793,-0.064,0.075,1.018,255,1229
266693381,-0.915,4.268,-0.244,-0.054,0.067,1.033,255,1229
266694639,-0.549,5.061,-0.366,-0.109,0.078,0.912,255,1229
266695626,-0.915,3.354,-0.244,-0.077,-0.052,1.044,255,1229
266696638,-1.890,-1.220,0.488,0.087,-0.025,1.079,255,1229
266697631,-1.768,-1.768,1.037,0.146,0.051,1.116,255,1229
266698638,-1.280,-0.854,0.793,0.042,-0.008,1.140,255,1229
266699504,-0.793,1.951,0.244,-0.054,0.093,1.035,255,1229
266700638,-0.244,4.573,0.000,-0.100,0.062,1.029,255,1229
266701459,-0.061,4.756,-0.305,-0.022,0.071,0.955,255,1229
266702639,-1.098,0.976,0.061,0.030,0.009,0.963,255,1229
266703541,-1.768,-0.854,0.671,0.104,0.008,1.104,255,1229
266704638,-1.463,-1.341,1.098,0.157,0.018,1.048,255,1229
266705385,-1.098,-0.183,1.098,0.025,0.028,1.222,255,1229
266706639,-0.915,2.195,0.610,-0.072,0.071,1.077,255,1229
266707378,-0.732,4.390,0.244,-0.073,0.085,0.967,255,1229
266708639,-0.427,4.573,-0.061,-0.077,0.041,0.966,255,1229
266709507,-0.732,3.171,-0.183,-0.107,-0.019,0.942,255,1229
266710638,-1.524,-1.037,1.098,0.119,0.026,1.104,255,1229
266711509,-1.646,-1.524,1.402,0.123,-0.019,1.100,255,1229
266712638,-1.159,-0.732,0.915,0.056,0.029,1.137,255,1229
266713509,-1.037,1.951,0.671,-0.096,0.049,1.078,255,1229
266714638,-0.793,4.085,0.122,-0.047,0.094,0.960,255,1229
266715376,-0.610,5.000,-0.061,-0.111,0.046,0.958,255,1229
266716639,-1.646,0.793,0.244,0.025,0.063,1.067,255,1229
266717504,-1.768,-1.220,0.976,0.167,-0.017,1.036,255,1229
266718638,-2.134,-1.159,0.854,0.080,0.021,1.124,255,1229
266719509,-1.402,-0.488,0.427,0.062,-0.047,1.178,255,1229
266720638,-1.037,1.829,0.366,-0.081,0.105,1.031,255,1229
266721578,-0.427,3.720,0.061,-0.108,0.038,0.946,255,1229
266722639,-0.305,4.573,-0.061,-0.108,0.075,0.941,255,1229
266723523,-0.122,3.171,-0.427,-0.054,-0.033,1.019,255,1229
266724638,-1.159,-1.098,1.037,0.092,-0.000,1.036,255,1229
266725629,-1.646,-1.098,1.098,0.166,-0.027,1.191,255,1229
266726638,-1.524,0.000,0.427,0.008,0.021,1.062,255,1229
266727534,-1.037,1.768,0.305,-0.042,0.029,1.136,255,1229
266728639,-0.793,3.902,0.427,-0.178,0.078,0.942,255,1229
266729429,-0.244,4.329,0.000,-0.063,0.014,0.950,255,1229
266730638,-0.793,0.488,0.305,0.100,-0.052,0.998,255,1229
266731738,-1.402,-1.098,0.915,0.075,0.080,1.032,255,1229
266732641,-1.890,-1.646,0.854,0.180,-0.084,1.178,255,1239
266733534,-1.768,0.366,0.671,0.010,0.103,1.156,255,1239
266734638,-0.915,2.256,0.305,-0.055,-0.041,1.079,255,1239
266735507,-0.793,4.146,0.122,-0.178,0.114,0.958,255,1239
266736638,-0.732,2.683,0.000,-0.020,0.117,1.020,255,1239
266737384,-0.732,2.683,0.000,-0.020,0.117,1.020,255,1239
266738638,-1.524,-0.854,0.671,0.109,0.087,1.102,255,1239
266739379,-1.829,-1.220,1.037,0.160,-0.060,1.100,255,1239
266740638,-1.524,0.000,0.671,0.045,0.061,1.169,255,1239
266741509,-1.524,2.134,0.305,-0.099,-0.048,1.047,255,1239
266742638,-1.037,4.085,-0.366,-0.169,0.080,0.927,255,1239
266743625,-0.305,2.561,0.122,-0.019,0.041,0.986,255,1239
266744638,-0.732,0.427,0.366,0.036,0.019,0.969,255,1239
266745370,-1.037,-1.159,0.732,0.151,0.014,1.079,255,1239
266746639,-1.524,-1.341,0.976,0.161,0.047,1.084,255,1239
266747374,-1.768,0.183,0.488,0.022,-0.019,1.212,255,1239
266748638,-1.341,2.439,-0.122,-0.108,0.001,1.004,255,1239
266749507,-1.098,3.963,-0.061,-0.180,0.040,0.941,255,1239
266750638,-0.854,2.927,0.122,-0.049,0.053,0.984,255,1239
266751506,-1.280,0.366,0.061,0.108,0.022,1.012,255,1239
266752638,-2.012,-0.854,0.854,0.138,0.039,1.063,255,1239
266753375,-1.646,-0.854,0.976,0.175,-0.018,1.044,255,1239
266754639,-1.768,0.854,1.037,-0.020,0.014,1.204,255,1239
266755507,-1.220,2.317,0.244,-0.121,-0.040,1.032,255,1239
266756638,-0.488,4.024,0.183,-0.181,0.095,0.959,255,1239
266757504,0.122,4.268,0.244,-0.110,0.044,1.018,255,1239
266758638,-0.732,0.122,0.427,0.103,0.023,1.054,255,1239
266759380,-1.463,-1.220,0.854,0.180,0.059,1.043,255,1239
266760639,-1.951,-0.793,1.098,0.116,-0.010,1.028,255,1239
266761505,-2.256,0.732,0.427,0.001,-0.025,1.170,255,1239
266762638,-1.707,2.622,0.000,-0.142,0.001,1.094,255,1239
266763458,-0.854,3.902,0.183,-0.163,0.040,0.956,255,1239
266764639,-0.183,2.134,0.549,0.024,0.032,0.967,255,1239
266765390,-0.183,2.134,0.549,0.024,0.032,0.967,255,1239
266766638,-1.037,-1.220,0.915,0.186,0.012,0.991,255,1239
266767382,-1.890,-0.610,0.671,0.116,0.049,1.077,255,1239
266768638,-2.195,1.037,0.549,-0.004,-0.065,1.149,255,1239
266769506,-1.280,2.744,0.000,-0.138,0.038,1.103,255,1239
266770638,-0.671,3.598,-0.183,-0.153,0.083,0.978,255,1239
266771513,-0.549,2.012,0.427,0.033,0.067,0.988,255,1239
266772638,-0.488,-0.549,0.549,0.157,0.040,1.049,255,1239
266773378,-0.915,-1.341,1.037,0.143,0.070,1.021,255,1239
266774639,-1.585,-0.854,0.427,0.138,-0.040,1.096,255,1239
266775512,-1.829,1.220,0.244,-0.011,0.028,1.074,255,1239
266776638,-1.402,2.744,0.061,-0.127,-0.030,1.081,255,1239
266777507,-0.854,3.841,0.122,-0.205,0.046,1.030,255,1239
266778638,-0.244,1.890,0.488,0.080,0.109,1.003,255,1239
266779380,-0.549,-0.366,1.037,0.129,0.033,1.053,255,1239
266780639,-0.915,-1.098,0.732,0.198,0.021,0.983,255,1239
266781741,-1.890,-0.305,0.549,0.082,0.019,1.098,255,1239
266782641,-1.768,1.585,-0.122,0.009,-0.054,1.076,255,1248
266783529,-1.646,3.354,0.000,-0.214,0.058,1.051,255,1248
266784638,-0.305,3.354,0.305,-0.150,0.137,0.952,255,1248
266785385,-0.305,3.354,0.305,-0.150,0.137,0.952,255,1248
266786638,-0.488,-0.305,0.915,0.147,0.146,1.014,255,1248
266787381,-1.280,-1.159,0.854,0.196,-0.040,1.024,255,1248
266788639,-2.073,0.122,0.549,0.114,0.094,1.114,255,1248
266789507,-1.951,1.768,0.305,-0.044,-0.131,1.040,255,1248
266790638,-1.646,3.415,-0.122,-0.173,0.066,1.094,255,1248
266791629,-0.122,3.354,0.305,-0.104,0.143,1.003,255,1248
266792638,0.000,1.402,0.732,0.076,0.032,1.029,255,1248
266793382,-0.427,-0.671,0.488,0.191,0.076,1.003,255,1248
266794639,-1.402,-0.915,0.732,0.146,0.041,1.058,255,1248
266795378,-1.951,-0.183,0.732,0.152,-0.052,1.082,255,1248
266796639,-2.317,2.134,0.488,-0.114,0.040,1.054,255,1248
266797512,-1.707,3.110,0.305,-0.156,-0.090,1.088,255,1248
266798638,-0.305,2.683,0.671,-0.073,0.021,0.932,255,1248
266799506,-0.183,1.037,0.732,0.087,0.168,1.037,255,1248
266800638,-0.793,-0.671,0.976,0.200,-0.031,1.037,255,1248
266801511,-1.707,-1.159,0.732,0.213,0.091,1.036,255,1248
266802638,-2.195,0.549,0.732,0.028,-0.031,1.121,255,1248
266803378,-2.134,2.073,0.122,-0.020,-0.027,1.084,255,1248
266804639,-0.671,3.354,0.122,-0.154,-0.053,0.990,255,1248
266805630,-0.305,3.171,0.488,-0.138,0.151,0.963,255,1248
266806638,0.549,0.671,0.793,0.165,0.038,1.042,255,1248
266807376,-0.183,-0.610,0.732,0.147,0.163,1.023,255,1248
266808638,-0.854,-0.976,0.366,0.193,-0.047,1.071,255,1248
266809507,-2.012,0.854,0.427,0.031,0.058,1.085,255,1248
266810638,-1.951,2.561,0.061,-0.110,-0.095,0.996,255,1248
266811506,-1.890,3.902,0.000,-0.166,0.033,1.130,255,1248
266812638,-0.488,2.073,0.366,-0.052,0.064,0.987,255,1248
266813385,-0.183,0.000,1.037,0.112,0.140,1.042,255,1248
266814638,-0.488,-1.220,0.854,0.255,0.005,1.050,255,1248
266815377,-1.280,-0.366,1.037,0.126,0.076,1.001,255,1248
266816639,-1.890,0.732,0.427,0.043,-0.070,1.086,255,1248
266817384,-2.134,2.927,-0.061,-0.107,0.029,1.108,255,1248
266818638,-0.915,3.232,-0.183,-0.205,0.075,0.961,255,1248
266819627,0.122,1.890,0.305,-0.052,0.039,0.961,255,1248
266820638,0.183,0.671,0.671,0.184,0.173,1.122,255,1248
266821383,-0.488,-1.098,0.793,0.180,-0.002,1.020,255,1248
266822638,-1.524,-0.061,0.305,0.143,0.069,1.039,255,1248
266823504,-2.195,1.768,0.366,-0.009,-0.056,1.044,255,1248
266824638,-2.195,2.927,-0.061,-0.064,-0.015,1.033,255,1248
266825636,-0.366,2.622,-0.244,-0.137,0.030,0.997,255,1248
266826638,0.000,1.707,0.732,-0.029,0.103,1.015,255,1248
266827504,0.488,-0.610,0.793,0.192,0.087,1.024,255,1248
266828638,-0.427,-0.671,0.732,0.202,0.102,1.074,255,1248
266829385,-1.098,0.000,0.610,0.154,-0.004,1.017,255,1248
266830638,-1.951,2.073,0.610,0.000,0.032,1.094,255,1248
266831717,-1.707,3.598,-0.061,-0.245,0.021,1.062,255,1248
266832641,-0.915,2.622,0.305,-0.173,-0.008,1.025,255,1258
266833648,0.000,1.341,0.915,0.027,0.141,1.014,255,1258
266834638,0.366,-0.122,1.341,0.147,0.085,1.029,255,1258
266835378,-0.427,-0.610,0.610,0.276,0.035,1.074,255,1258
266836639,-1.341,0.732,0.732,0.089,0.066,0.964,255,1258
266837383,-1.890,1.951,0.305,0.015,-0.072,1.100,255,1258
266838638,-1.829,3.110,-0.183,-0.211,-0.095,1.077,255,1258
266839521,-0.915,2.561,0.671,-0.158,0.119,0.958,255,1258
266840638,0.061,0.793,0.915,0.047,0.037,1.021,255,1258
266841376,0.488,-0.244,0.854,0.229,0.167,1.039,255,1258
266842639,-0.305,-1.220,0.427,0.204,0.009,1.101,255,1258
266843379,-1.585,0.549,0.366,0.098,0.069,1.035,255,1258
266844639,-2.256,2.622,0.000,-0.083,-0.088,0.998,255,1258
266845490,-2.134,3.537,-0.366,-0.160,-0.030,1.034,255,1258
266846638,-0.671,1.768,0.549,-0.099,0.045,1.000,255,1258
266847517,-0.244,0.610,1.098,0.040,0.112,1.043,255,1258
266848638,-0.244,-0.732,1.037,0.228,0.124,0.996,255,1258
266849382,-0.671,-0.488,0.854,0.239,0.071,1.175,255,1258
266850639,-1.646,0.793,0.488,0.044,-0.021,0.974,255,1258
266851385,-2.134,2.988,-0.610,-0.072,-0.030,1.019,255,1258
266852638,-1.280,3.110,-0.061,-0.195,-0.039,1.078,255,1258
266853639,-0.366,1.707,0.427,-0.148,0.061,0.971,255,1258
266854638,0.122,0.305,0.854,0.148,0.091,1.054,255,1258
266855384,0.000,-0.671,1.463,0.209,0.176,1.046,255,1258
266856638,-0.610,-0.488,0.671,0.209,-0.041,1.105,255,1258
266857497,-1.646,1.829,0.305,-0.031,0.067,1.013,255,1258
266858638,-2.134,3.354,-0.061,-0.014,-0.082,1.008,255,1258
266859517,-2.073,4.146,-0.061,-0.220,0.003,1.062,255,1258
266860638,-0.366,0.976,0.244,-0.059,0.101,0.991,255,1258
266861599,0.061,-0.061,1.402,0.156,0.136,1.087,255,1258
266862639,-0.122,-0.488,1.402,0.240,0.115,1.071,255,1258
266863394,-0.976,0.427,0.854,0.120,0.003,1.090,255,1258
266864638,-1.951,1.951,-0.122,0.050,-0.043,1.023,255,1258
266865506,-2.256,3.476,-0.244,-0.105,0.013,0.999,255,1258
266866638,-0.915,2.500,-0.183,-0.259,-0.023,1.005,255,1258
266867635,-0.122,0.427,0.549,-0.046,0.083,1.044,255,1258
266868638,0.427,-0.549,1.402,0.228,0.180,1.079,255,1258
266869377,0.061,-0.549,1.402,0.189,0.110,1.067,255,1258
266870639,-1.037,0.793,0.122,0.137,-0.003,1.044,255,1258
266871380,-2.195,2.378,-0.244,-0.020,0.018,1.014,255,1258
266872639,-2.256,3.415,-0.122,-0.295,-0.033,1.062,255,1258
266873635,-1.098,1.890,-0.061,-0.159,-0.087,1.031,255,1258
266874638,-0.610,0.122,1.220,-0.021,0.178,1.002,255,1258
266875506,0.366,-0.732,1.585,0.244,0.087,1.041,255,1258
266876638,-0.122,-0.488,1.037,0.207,0.141,1.129,255,1258
266877380,-1.098,0.671,-0.061,0.129,-0.042,0.986,255,1258
266878639,-2.378,2.866,0.061,-0.041,0.039,1.017,255,1258
266879506,-2.439,4.085,-0.244,-0.127,-0.096,0.974,255,1258
266880638,-0.488,1.463,0.122,-0.127,-0.016,1.054,255,1258
266881745,0.061,-0.061,1.159,0.019,0.130,1.033,255,1258
266882649,0.366,-0.915,1.220,0.194,0.137,0.990,255,1268
266883638,-0.305,-0.305,0.671,0.229,0.075,1.122,255,1268
266884380,-1.159,1.402,-0.061,0.101,0.027,0.952,255,1268
266885638,-2.195,3.232,-0.305,-0.117,-0.048,0.996,255,1268
266886511,-2.256,3.841,-0.549,-0.144,-0.072,1.045,255,1268
266887638,-0.671,0.610,0.244,-0.066,-0.005,1.043,255,1268
266888636,0.122,-0.244,1.037,-0.014,0.157,0.999,255,1268
266889638,0.305,-0.488,1.159,0.274,0.088,1.008,255,1268
266890377,-0.793,0.000,0.854,0.191,0.167,1.129,255,1268
266891639,-1.524,1.463,-0.061,0.084,-0.078,0.987,255,1268
266892512,-2.195,3.780,-0.366,-0.183,0.019,0.993,255,1268
266893638,-1.524,2.744,0.427,-0.170,0.050,1.097,255,1268
266894512,-0.305,0.732,0.427,-0.086,-0.059,1.052,255,1268
266895638,0.183,-0.671,0.915,0.051,0.159,1.024,255,1268
266896507,0.366,-0.366,1.280,0.257,0.139,1.024,255,1268
266897638,-0.366,0.366,0.793,0.216,0.085,1.108,255,1268
266898377,-1.585,1.951,-0.244,-0.049,-0.016,1.019,255,1268
266899639,-2.073,3.476,-0.671,-0.130,-0.094,0.964,255,1268
266900637,-1.768,1.951,0.793,-0.145,-0.062,1.117,255,1268
266901638,-0.671,0.000,0.549,-0.091,0.042,1.070,255,1268
266902607,-0.305,-0.793,0.915,0.096,0.145,0.969,255,1268
266903639,-0.244,-0.488,1.280,0.343,0.137,1.090,255,1268
266904410,-0.610,1.037,0.793,0.072,0.064,1.012,255,1268
266905638,-1.646,2.622,-0.610,-0.011,-0.080,1.011,255,1268
266906511,-2.378,4.329,-0.488,-0.193,0.035,0.977,255,1268
266907638,-1.159,1.524,0.122,-0.207,0.040,1.091,255,1268
266908511,-0.305,-0.427,0.488,-0.003,-0.021,1.051,255,1268
266909638,0.122,-1.098,1.280,0.146,0.239,1.042,255,1268
266910506,0.061,-0.366,1.402,0.281,0.060,1.067,255,1268
266911638,-0.976,1.768,0.305,0.038,0.089,1.050,255,1268
266912378,-1.768,3.537,-0.488,-0.057,-0.060,0.911,255,1268
266913639,-2.439,2.866,0.427,-0.181,-0.100,1.024,255,1268
266914632,-1.524,0.549,0.427,-0.101,-0.001,1.094,255,1268
266915638,-0.366,-0.793,1.037,0.037,0.104,1.080,255,1268
266916507,0.061,-1.159,1.280,0.201,0.145,1.019,255,1268
266917638,-0.122,0.305,0.854,0.189,0.117,1.062,255,1268
266918376,-0.976,1.951,0.183,0.051,-0.021,1.034,255,1268
266919638,-2.073,3.780,-0.488,-0.062,-0.008,0.975,255,1268
266920578,-2.256,4.146,-0.122,-0.188,-0.057,0.937,255,1268
266921639,-1.159,0.244,0.549,-0.082,0.065,1.149,255,1268
266922591,-0.305,-1.402,0.976,0.108,0.051,1.107,255,1268
266923639,-0.305,-0.915,1.463,0.140,0.188,1.072,255,1268
266924391,-0.244,0.549,0.610,0.199,0.035,0.983,255,1268
266925638,-1.220,2.927,-0.244,-0.015,0.086,1.068,255,1268
266926497,-1.890,3.780,-0.488,-0.074,-0.133,0.943,255,1268
266927638,-1.585,2.195,0.061,-0.147,-0.088,1.067,255,1268
266928642,-0.854,-0.244,0.854,-0.001,0.092,1.147,255,1268
266929638,-0.183,-1.707,1.220,0.083,0.050,1.033,255,1268
266930523,-0.305,-0.549,1.280,0.185,0.174,1.083,255,1268
266931638,-0.732,1.280,0.915,0.141,0.089,1.013,255,1268
266932738,-1.341,3.110,-0.244,-0.001,0.004,0.983,255,1268
266933641,-2.256,3.780,-0.305,-0.160,-0.083,0.997,255,1278
266934661,-1.768,1.890,0.427,-0.079,-0.010,1.139,255,1278
266935638,-0.732,-0.793,1.280,-0.015,0.052,1.109,255,1278
266936627,0.061,-1.585,1.159,0.125,0.084,1.053,255,1278
266937638,0.061,-0.427,1.220,0.171,0.176,1.043,255,1278
266938377,-0.671,1.829,0.671,0.153,0.065,1.113,255,1278
266939639,-1.768,3.780,-0.061,-0.091,-0.009,0.914,255,1278
266940511,-2.439,4.085,-0.366,-0.170,-0.141,0.953,255,1278
266941638,-1.524,0.671,1.037,0.008,-0.069,1.124,255,1278
266942513,-0.427,-1.098,0.976,0.018,0.074,1.141,255,1278
266943638,-0.061,-1.768,0.793,0.096,0.090,1.029,255,1278
266944372,-0.122,0.793,0.976,0.217,0.185,0.994,255,1278
266945639,-0.427,2.683,0.549,0.043,0.027,1.042,255,1278
266946375,-1.707,4.207,-0.488,-0.105,-0.036,0.960,255,1278
266947638,-2.012,2.683,0.488,-0.066,-0.035,1.023,255,1278
266948632,-1.463,-0.183,1.159,-0.056,0.029,1.141,255,1278
266949638,-0.732,-1.585,0.793,0.073,0.050,1.094,255,1278
266950507,-0.305,-0.976,0.854,0.150,0.125,1.052,255,1278
266951638,-0.671,1.098,1.159,0.154,0.130,1.023,255,1278
266952376,-1.341,2.805,0.122,0.028,-0.008,1.020,255,1278
266953639,-2.134,4.085,-0.671,-0.158,0.003,0.967,255,1278
266954512,-1.890,3.780,-0.732,-0.159,-0.114,1.049,255,1278
266955638,-1.037,-0.610,0.793,0.049,-0.042,1.019,255,1278
266956632,-0.122,-1.463,1.341,0.053,0.180,1.143,255,1278
266957638,0.000,-0.854,1.585,0.179,0.046,1.044,255,1278
266958386,-0.244,1.341,0.854,0.092,0.180,1.103,255,1278
266959638,-1.037,3.415,-0.061,-0.046,-0.043,0.936,255,1278
266960512,-2.134,4.390,-0.610,-0.140,-0.006,0.950,255,1278
266961638,-1.890,0.915,0.427,-0.004,-0.095,1.029,255,1278
266962633,-1.037,-1.159,1.098,-0.001,0.102,1.153,255,1278
266963638,-0.244,-1.829,1.159,0.150,0.044,1.116,255,1278
266964500,-0.366,0.000,1.159,0.106,0.158,1.090,255,1278
266965638,-0.549,2.012,0.427,0.055,0.054,0.919,255,1278
266966369,-1.402,3.902,-0.366,-0.034,0.021,1.063,255,1278
266967638,-2.073,4.146,-0.122,-0.181,-0.046,0.901,255,1278
266968638,-1.707,0.427,0.732,-0.076,0.017,1.140,255,1278
266969638,-0.732,-1.585,0.793,0.101,-0.001,1.090,255,1278
266970586,-0.366,-1.098,0.732,0.086,0.177,1.073,255,1278
266971639,-0.488,0.427,0.427,0.133,0.029,1.020,255,1278
266972396,-0.732,3.049,0.000,-0.002,0.190,1.051,255,1278
266973638,-1.280,4.146,-0.183,-0.095,-0.141,0.912,255,1278
266974507,-1.951,3.659,-0.427,-0.170,0.013,0.964,255,1278
266975638,-1.220,0.183,0.427,0.048,0.028,1.172,255,1278
266976507,-0.793,-1.220,0.976,0.040,0.063,1.106,255,1278
266977638,-0.671,-1.220,0.732,0.176,0.096,1.030,255,1278
266978382,-0.793,1.402,0.610,0.047,0.174,0.987,255,1278
266979639,-0.915,2.927,-0.122,0.021,-0.014,1.082,255,1278
266980525,-2.012,4.451,-0.305,-0.157,-0.011,0.937,255,1278
266981638,-1.829,2.073,0.305,0.008,0.015,1.084,255,1278
266982742,-0.793,-0.549,0.854,0.006,-0.016,1.114,255,1278
266983651,-0.183,-1.341,0.549,0.113,0.063,1.154,255,1288
266984638,-0.061,-0.061,1.098,0.063,0.146,1.010,255,1288
266985378,-0.366,2.073,0.732,0.148,0.081,0.983,255,1288
266986639,-0.793,4.268,0.183,-0.157,0.093,1.050,255,1288
266987387,-1.768,4.024,-0.244,-0.098,-0.145,0.958,255,1288
266988638,-1.646,0.488,0.732,0.051,-0.113,1.030,255,1288
266989513,-1.098,-1.280,0.549,0.070,0.083,1.177,255,1288
266990638,-0.427,-1.280,0.976,0.063,-0.006,1.051,255,1288
266991507,-0.305,0.915,0.793,0.113,0.186,1.015,255,1288
266992638,-0.671,3.232,0.671,0.013,0.074,1.025,255,1288
266993377,-0.976,4.146,-0.671,-0.053,-0.022,1.015,255,1288
266994639,-1.829,3.902,-0.610,-0.235,-0.011,0.932,255,1288
266995639,-1.829,0.122,0.732,-0.001,0.034,1.122,255,1288
266996638,-0.854,-1.585,0.671,0.125,-0.001,1.110,255,1288
266997573,-0.427,-0.366,0.793,0.067,0.148,1.069,255,1288
266998639,-0.244,1.463,0.854,0.042,0.095,1.020,255,1288
266999393,-0.915,3.537,0.427,0.010,0.071,1.026,255,1288
267000638,-1.341,3.902,-0.244,-0.155,0.004,0.988,255,1288
267001513,-2.134,3.293,-0.183,-0.095,-0.083,0.999,255,1288
267002638,-1.402,-0.610,0.793,0.123,-0.081,1.105,255,1288
267003631,-0.610,-1.341,0.915,0.053,0.120,1.163,255,1288
267004638,-0.488,-0.305,1.159,0.073,0.037,0.986,255,1288
267005382,-0.549,2.012,0.610,0.062,0.152,1.048,255,1288
267006638,-0.793,3.537,0.305,-0.074,0.054,0.983,255,1288
267007377,-1.402,3.720,-0.427,-0.093,-0.064,0.969,255,1288
267008639,-1.341,0.549,0.244,0.136,-0.067,1.074,255,1288
267009509,-1.341,0.549,0.244,0.136,-0.067,1.074,255,1288
267010638,-0.671,-1.463,0.915,0.118,-0.076,1.141,255,1288
267011506,-0.610,0.671,0.610,-0.023,0.202,1.004,255,1288
267012638,-0.427,2.866,0.549,0.052,0.074,0.896,255,1288
267013381,-1.037,4.146,0.061,-0.092,0.047,1.108,255,1288
267014639,-1.463,3.476,-0.610,-0.175,-0.071,0.912,255,1288
267015511,-1.707,2.012,-0.244,0.005,-0.018,1.021,255,1288
267016638,-0.976,-1.402,0.915,0.085,-0.015,1.142,255,1288
267017627,-0.610,-0.305,0.244,0.009,0.077,1.136,255,1288
267018638,-0.610,1.646,0.610,0.050,0.108,0.970,255,1288
267019377,-0.671,3.720,0.427,-0.010,0.146,1.062,255,1288
267020639,-1.159,3.963,-0.244,-0.162,-0.052,0.928,255,1288
267021590,-1.646,2.866,-0.610,-0.066,-0.043,0.961,255,1288
267022639,-1.341,-0.671,0.976,0.156,-0.088,1.138,255,1288
267023647,-1.220,-1.098,0.793,0.025,0.119,1.140,255,1288
267024638,-0.915,0.061,0.488,0.095,-0.028,1.045,255,1288
267025381,-0.427,2.866,0.610,-0.069,0.233,1.001,255,1288
267026639,-0.793,3.963,0.305,-0.023,-0.060,0.977,255,1288
267027506,-1.524,3.537,-0.549,-0.138,0.064,1.019,255,1288
267028638,-1.829,1.768,-0.122,-0.043,-0.080,0.971,255,1288
267029638,-1.098,-0.854,1.280,0.083,-0.042,1.176,255,1288
267030638,-0.976,-0.915,0.610,0.094,0.045,1.159,255,1288
267031737,-0.610,1.037,0.549,-0.046,0.109,0.961,255,1288
267032512,-0.671,3.171,0.366,0.002,0.084,0.964,255,1297
267033638,-1.037,3.902,-0.061,-0.100,0.040,1.049,255,1297
267034504,-1.159,3.049,-0.488,-0.093,-0.011,0.922,255,1297
267035638,-1.463,1.524,0.183,-0.032,-0.009,1.034,255,1297
267036627,-1.463,-1.037,0.854,0.145,0.026,1.138,255,1297
267037638,-0.915,0.000,0.488,0.004,0.057,1.096,255,1297
267038385,-0.793,2.195,0.549,-0.031,0.049,1.000,255,1297
267039639,-0.671,3.780,0.122,-0.058,0.122,0.964,255,1297
267040383,-0.793,3.537,-0.122,-0.085,-0.024,1.019,255,1297
267041638,-1.220,2.378,0.122,-0.083,0.021,0.987,255,1297
267042506,-1.037,0.610,0.671,0.021,-0.034,1.020,255,1297
267043638,-0.915,-0.793,1.037,0.057,0.044,1.118,255,1297
267044378,-0.915,-0.793,1.037,0.057,0.044,1.118,255,1297
267045639,-0.915,2.744,0.305,-0.089,0.094,0.994,255,1297
267046384,-0.732,3.780,0.244,-0.025,0.085,0.998,255,1297
267047638,-0.915,3.354,0.122,-0.110,0.016,1.000,255,1297
267048380,-1.280,1.524,-0.305,-0.047,-0.042,0.949,255,1297
267049639,-1.829,-0.732,1.220,0.168,0.004,1.130,255,1297
267050506,-1.585,0.305,0.854,-0.011,0.020,1.138,255,1297
267051638,-1.280,1.890,-0.122,-0.056,0.033,1.029,255,1297
267052511,-0.854,3.659,0.183,-0.070,0.124,0.993,255,1297
267053638,-0.366,3.720,0.366,-0.064,0.065,0.966,255,1297
267054385,-1.037,2.622,0.244,-0.129,0.003,0.958,255,1297
267055638,-1.341,0.732,0.061,0.059,-0.053,1.059,255,1297
267056378,-1.707,-0.305,0.915,0.169,0.075,1.038,255,1297
267057639,-1.341,0.549,0.488,-0.101,0.081,1.087,255,1297
267058384,-0.976,2.012,0.122,-0.040,0.004,0.957,255,1297
267059639,-0.854,3.841,0.610,-0.098,0.213,0.991,255,1297
267060382,-0.610,3.476,0.122,-0.081,-0.042,1.023,255,1297
267061639,-1.220,1.768,-0.183,-0.038,0.048,0.982,255,1297
267062622,-1.280,0.244,0.427,0.109,-0.049,1.014,255,1297
267063638,-1.646,0.000,0.793,0.051,-0.024,1.106,255,1297
267064369,-1.646,0.000,0.793,0.051,-0.024,1.106,255,1297
267065638,-0.793,3.415,0.183,-0.101,0.093,1.003,255,1297
267066377,-0.671,3.659,0.366,-0.102,0.085,0.953,255,1297
267067639,-0.732,2.561,0.061,-0.035,-0.001,1.002,255,1297
267068579,-1.280,0.732,0.427,0.015,0.041,1.023,255,1297
267069639,-1.280,-0.549,0.854,0.138,-0.033,1.080,255,1297
267070530,-1.829,-0.244,0.915,0.093,0.019,1.077,255,1297
267071638,-0.915,2.195,0.549,-0.126,0.137,1.030,255,1297
267072376,-0.732,3.720,0.549,-0.146,0.008,0.955,255,1297
267073639,-0.366,3.232,0.244,-0.067,0.126,0.968,255,1297
267074379,-0.793,1.768,0.366,0.003,-0.029,1.014,255,1297
267075638,-1.220,0.305,0.610,0.067,0.057,1.067,255,1297
267076375,-1.646,-0.427,0.671,0.154,-0.060,1.002,255,1297
267077639,-1.585,1.524,0.488,-0.051,0.038,1.103,255,1297
267078509,-1.037,2.988,0.183,-0.151,0.019,0.925,255,1297
267079638,-1.098,3.780,0.183,-0.152,0.102,0.984,255,1297
267080401,-0.671,2.317,0.061,0.001,0.053,1.027,255,1297
267081638,-1.220,1.098,0.671,0.036,0.045,0.997,255,1297
267082729,-1.341,0.000,0.549,0.056,-0.042,1.051,255,1297
267083442,-1.707,-0.244,0.671,0.187,-0.021,1.123,255,1307
267084638,-1.220,2.073,0.366,-0.107,-0.016,1.057,255,1307
267085635,-0.610,3.476,-0.122,-0.233,0.082,1.002,255,1307
267086638,-0.549,3.049,0.244,-0.042,0.062,0.950,255,1307
267087503,-0.610,1.646,0.183,0.001,0.060,1.023,255,1307
267088638,-1.280,0.000,0.549,0.070,0.006,1.022,255,1307
267089422,-1.341,-0.610,0.244,0.171,-0.023,1.128,255,1307
267090639,-1.585,1.524,0.488,-0.018,-0.018,1.032,255,1307
267091655,-1.280,2.988,0.122,-0.200,0.055,0.985,255,1307
267092638,-0.854,3.171,0.122,-0.147,0.049,1.000,255,1307
267093366,-0.244,2.622,0.427,-0.017,0.132,1.057,255,1307
267094638,-0.366,0.671,0.305,0.014,-0.015,1.003,255,1307
267095368,-1.220,-0.061,0.366,0.134,0.053,1.071,255,1307
267096638,-1.463,-0.427,0.610,0.174,-0.040,1.035,255,1307
267097492,-2.317,0.793,0.671,0.048,0.035,1.127,255,1307
267098638,-1.098,3.049,0.061,-0.193,0.084,0.967,255,1307
267099372,-0.366,3.049,0.366,-0.063,0.065,1.014,255,1307
267100638,-0.061,1.890,0.427,-0.031,0.110,1.007,255,1307
267101363,-0.732,0.244,0.427,0.132,-0.033,1.042,255,1307
267102638,-1.341,-0.183,0.732,0.138,0.062,1.039,255,1307
267103416,-1.463,0.366,1.098,0.161,-0.081,1.096,255,1307
267104639,-1.585,3.171,-0.122,-0.129,-0.061,1.092,255,1307
267105545,-0.915,3.232,0.244,-0.192,0.147,0.969,255,1307
267106638,0.000,2.378,0.732,-0.066,0.068,0.952,255,1307
267107380,0.000,0.915,0.732,0.063,0.097,1.019,255,1307
267108639,-0.976,-0.122,0.671,0.137,0.021,1.090,255,1307
267109365,-1.463,-0.305,0.793,0.167,-0.020,1.066,255,1307
267110638,-2.256,1.220,0.732,-0.073,0.002,1.090,255,1307
267111501,-2.195,2.256,-0.122,-0.073,0.002,1.090,255,1307
267112638,-0.427,2.561,0.244,-0.172,0.091,0.980,255,1307
267113503,0.000,1.463,0.488,0.024,0.047,1.035,255,1307
267114638,-0.366,0.000,0.549,0.122,0.083,0.997,255,1307
267115353,-1.098,-0.122,0.793,0.152,-0.021,1.095,255,1307
267116638,-1.402,0.366,0.427,0.122,-0.007,1.072,255,1307
267117505,-1.890,1.829,0.488,0.006,-0.046,1.108,255,1307
267118638,-0.671,3.354,-0.122,-0.242,0.026,0.941,255,1307
267119504,-0.366,2.500,0.183,-0.050,0.088,1.009,255,1307
267120638,-0.244,0.976,0.793,0.076,0.164,1.137,255,1307
267121379,-0.549,-0.488,0.854,0.164,-0.022,1.000,255,1307
267122639,-1.159,0.061,0.488,0.080,0.033,1.022,255,1307
267123496,-2.012,0.976,0.000,0.166,-0.112,1.082,255,1307
267124638,-1.402,3.415,-0.061,-0.190,-0.084,1.053,255,1307
267125513,-0.610,2.744,-0.122,-0.197,0.149,1.007,255,1307
267126638,0.061,1.220,0.976,0.074,0.060,1.023,255,1307
267127500,0.305,0.000,0.976,0.092,0.128,1.028,255,1307
267128638,-0.305,-0.427,0.854,0.151,-0.041,1.066,255,1307
267129501,-1.402,0.244,0.244,0.139,-0.004,1.016,255,1307
267130638,-2.439,2.134,0.427,0.013,-0.033,1.055,255,1307
267131726,-1.524,3.232,-0.305,-0.242,0.015,0.978,255,1307
267132641,-0.366,2.378,0.610,-0.081,0.146,1.008,255,1317
267133546,0.122,0.976,1.037,0.097,0.079,1.037,255,1317
267134638,-0.183,-0.366,0.549,0.135,0.064,1.032,255,1317
267135371,-1.341,0.000,0.122,0.146,-0.073,1.051,255,1317
267136638,-1.585,1.524,0.244,0.127,0.057,1.089,255,1317
267137384,-2.073,2.988,0.427,-0.066,-0.095,1.100,255,1317
267138638,-0.427,2.500,0.366,-0.227,0.050,0.936,255,1317
267139496,0.488,1.280,0.854,0.040,0.133,0.949,255,1317
267140638,0.427,0.122,0.976,0.100,0.114,1.146,255,1317
267141370,-0.549,-0.793,0.305,0.218,-0.035,1.063,255,1317
267142638,-1.280,0.732,0.549,0.096,0.052,1.038,255,1317
267143504,-1.707,2.439,0.244,0.067,-0.116,0.981,255,1317
267144638,-1.768,3.598,0.244,-0.209,-0.038,1.063,255,1317
267145506,-1.037,3.354,-0.061,-0.209,-0.038,1.063,255,1317
267146638,0.244,0.610,1.159,0.090,0.125,1.090,255,1317
267147501,-0.488,-1.159,0.976,0.216,0.044,1.025,255,1317
267148638,-1.402,-0.366,0.305,0.157,0.021,1.057,255,1317
267149376,-1.951,1.829,0.427,0.071,-0.038,0.965,255,1317
267150639,-2.378,2.988,-0.061,-0.039,-0.079,1.085,255,1317
267151510,-2.012,3.780,-0.061,-0.215,0.032,1.062,255,1317
267152638,-0.427,1.585,0.610,-0.048,0.225,1.037,255,1317
267153501,-0.244,-0.488,0.854,0.210,0.030,1.053,255,1317
267154638,-0.671,-0.671,0.610,0.191,0.127,1.062,255,1317
267155375,-1.646,0.732,0.488,0.083,-0.114,0.973,255,1317
267156639,-2.012,2.439,-0.183,0.041,0.003,1.041,255,1317
267157374,-2.500,3.720,0.061,-0.138,-0.083,1.109,255,1317
267158639,-0.488,2.012,0.427,-0.223,0.122,0.949,255,1317
267159496,0.305,-0.122,0.976,0.178,0.127,1.003,255,1317
267160638,0.122,-0.793,1.220,0.212,0.123,1.105,255,1317
267161372,-0.610,-0.549,0.549,0.143,-0.041,0.954,255,1317
267162639,-1.463,2.134,0.305,0.051,-0.022,1.122,255,1317
267163500,-2.439,3.354,0.305,-0.014,-0.054,0.952,255,1317
267164638,-2.317,3.720,-0.122,-0.211,-0.029,1.110,255,1317
267165631,-0.122,0.427,0.610,0.003,0.084,1.005,255,1317
267166638,0.732,-0.793,1.280,0.203,0.199,1.095,255,1317
267167371,-0.244,-0.854,1.220,0.200,0.003,1.019,255,1317
267168638,-1.220,0.793,-0.061,0.103,-0.031,1.133,255,1317
267169504,-2.012,3.049,0.183,0.013,-0.024,0.957,255,1317
267170638,-2.317,4.024,-0.061,-0.058,-0.118,1.060,255,1317
267171510,-1.768,3.598,0.000,-0.378,0.094,1.029,255,1317
267172638,0.183,-0.061,1.220,0.048,0.302,1.064,255,1317
267173371,0.183,-0.061,1.220,0.048,0.302,1.064,255,1317
267174639,-0.915,-0.061,0.305,0.152,0.076,1.082,255,1317
267175374,-1.646,2.195,0.122,0.055,-0.126,0.954,255,1317
267176639,-2.317,3.902,-0.305,-0.013,-0.035,0.992,255,1317
267177510,-2.378,3.659,0.305,-0.262,-0.004,1.064,255,1317
267178638,-1.159,2.012,-0.305,-0.101,0.160,1.035,255,1317
267179625,0.366,-1.159,1.402,0.222,0.135,1.009,255,1317
267180638,-0.305,-0.854,0.915,0.238,0.098,1.125,255,1317
267181699,-1.402,0.610,0.183,0.127,-0.055,1.023,255,1317
267182641,-2.134,3.354,-0.549,-0.005,-0.090,0.964,255,1327
267183542,-2.561,3.780,-0.122,-0.171,-0.034,0.987,255,1327
267184638,-1.890,2.927,0.122,-0.234,-0.021,1.100,255,1327
267185639,0.305,0.000,0.976,0.076,0.128,1.009,255,1327
267186638,0.732,-1.098,1.220,0.271,0.172,1.133,255,1327
267187383,0.732,-1.098,1.220,0.226,0.011,0.999,255,1327
267188638,-1.829,2.256,-0.427,0.030,-0.097,0.991,255,1327
267189513,-2.500,4.390,-0.305,-0.137,-0.027,1.016,255,1327
267190638,-2.622,3.720,0.183,-0.139,-0.089,1.078,255,1327
267191634,-1.402,2.195,0.427,-0.263,0.082,1.090,255,1327
267192638,0.671,-1.098,1.159,0.213,0.230,1.075,255,1327
267193385,0.671,-1.098,1.159,0.213,0.230,1.075,255,1327
267194638,-1.220,1.220,0.427,0.102,0.004,1.027,255,1327
267195375,-1.951,3.415,-0.549,-0.080,-0.126,0.965,255,1327
267196639,-2.988,4.390,-0.366,-0.117,-0.046,1.006,255,1327
267197642,-2.134,2.927,0.549,-0.249,0.012,1.074,255,1327
267198638,-0.671,0.793,0.488,-0.174,0.064,1.034,255,1327
267199375,0.305,-1.098,0.915,0.058,0.157,1.105,255,1327
267200639,-0.732,0.244,0.305,0.203,-0.033,1.013,255,1327
267201385,-1.585,2.683,-0.488,-0.032,-0.025,0.962,255,1327
267202638,-2.317,4.329,-0.366,-0.057,-0.120,1.055,255,1327
267203641,-2.195,4.207,0.000,-0.192,0.007,1.059,255,1327
267204638,-1.220,2.256,0.427,-0.232,0.007,1.055,255,1327
267205388,0.061,-0.183,0.793,-0.062,0.144,1.062,255,1327
267206638,0.244,-0.732,1.098,0.254,0.044,1.022,255,1327
267207468,-1.098,1.768,-0.061,0.060,-0.001,1.070,255,1327
267208639,-2.195,3.720,-0.671,-0.032,-0.131,0.991,255,1327
267209664,-2.622,4.512,0.061,-0.174,-0.008,0.937,255,1327
267210638,-1.829,2.927,0.610,-0.246,-0.034,1.079,255,1327
267211631,-0.671,0.610,0.488,-0.120,0.105,1.108,255,1327
267212638,0.366,-1.159,0.793,0.090,0.149,1.083,255,1327
267213374,0.610,-0.976,0.793,0.254,0.142,1.015,255,1327
267214639,-1.890,2.988,-0.305,0.023,-0.062,1.007,255,1327
267215505,-2.439,4.451,-0.427,-0.143,-0.121,1.019,255,1327
267216638,-2.439,3.963,-0.061,-0.227,-0.019,1.060,255,1327
267217645,-1.463,1.585,0.671,-0.155,0.021,1.056,255,1327
267218638,-0.183,-0.793,1.098,-0.042,0.182,1.052,255,1327
267219505,0.488,-1.280,1.280,0.192,0.082,1.017,255,1327
267220638,-1.463,1.646,0.305,0.138,-0.039,0.979,255,1327
267221384,-1.463,1.646,0.305,-0.122,-0.099,1.029,255,1327
267222638,-2.683,4.817,-0.427,-0.226,-0.094,0.925,255,1327
267223634,-2.317,2.500,-0.061,-0.165,0.016,1.109,255,1327
267224638,-0.854,0.122,0.915,-0.099,0.118,1.096,255,1327
267225509,0.488,-1.768,1.220,0.072,0.095,1.059,255,1327
267226638,-0.427,0.793,0.427,0.261,0.001,1.060,255,1327
267227369,-0.427,0.793,0.427,0.261,0.001,1.060,255,1327
267228638,-2.561,4.695,-0.915,-0.205,-0.174,0.951,255,1327
267229516,-2.439,4.329,-0.183,-0.152,0.005,1.058,255,1327
267230638,-1.098,1.402,1.037,-0.149,0.062,1.095,255,1327
267231729,0.183,-1.098,1.037,-0.025,0.153,1.048,255,1327
267232518,0.549,-1.646,1.037,0.177,0.103,1.029,255,1336
267233638,-1.402,2.256,0.000,0.100,-0.102,0.973,255,1336
267234390,-1.402,2.256,0.000,0.100,-0.102,0.973,255,1336
267235638,-2.500,4.634,-0.488,-0.148,-0.110,0.951,255,1336
267236507,-1.951,2.256,0.793,-0.166,0.068,1.073,255,1336
267237638,-0.915,-0.244,1.280,-0.120,0.063,1.118,255,1336
267238515,0.244,-1.829,1.159,0.097,0.160,1.046,255,1336
267239638,0.061,-1.037,1.280,0.328,0.130,1.036,255,1336
267240375,-0.671,1.037,0.305,0.168,0.022,1.052,255,1336
267241639,-2.195,4.817,-0.732,-0.116,-0.097,0.921,255,1336
267242521,-1.829,3.537,0.366,-0.167,0.004,1.048,255,1336
267243638,-1.037,0.488,0.610,-0.164,0.036,1.106,255,1336
267244376,-0.244,-1.585,0.671,0.025,0.152,1.080,255,1336
267245639,0.366,-1.402,1.159,0.272,0.146,1.039,255,1336
267246388,-0.061,0.549,1.037,0.209,0.083,1.085,255,1336
267247638,-2.622,4.878,-0.610,-0.171,-0.058,0.948,255,1336
267248510,-2.317,4.451,-0.061,-0.132,-0.091,0.959,255,1336
267249638,-2.073,1.890,0.915,-0.207,0.075,1.141,255,1336
267250515,-0.915,-1.037,1.402,-0.021,0.050,1.131,255,1336
267251638,0.244,-1.890,1.220,0.129,0.211,1.071,255,1336
267252503,-0.183,-0.366,1.220,0.282,0.049,0.981,255,1336
267253638,-2.195,3.780,-0.244,-0.105,-0.132,0.973,255,1336
267254516,-2.195,3.780,-0.244,-0.180,-0.076,0.964,255,1336
267255638,-2.317,3.110,0.610,-0.196,-0.025,1.062,255,1336
267256635,-1.341,-0.305,1.098,-0.066,0.082,1.117,255,1336
267257638,0.061,-1.951,1.341,0.048,0.168,1.077,255,1336
267258507,0.549,-1.037,1.280,0.210,0.120,1.010,255,1336
267259638,-0.061,0.976,0.549,0.220,0.092,1.064,255,1336
267260380,-1.463,2.927,0.000,0.030,-0.082,0.974,255,1336
267261639,-2.134,3.720,-0.244,-0.165,-0.084,0.973,255,1336
267262512,-1.951,1.098,0.854,-0.095,0.083,1.097,255,1336
267263638,-0.671,-1.402,1.280,0.028,0.108,1.193,255,1336
267264378,0.122,-1.402,1.159,0.112,0.153,1.028,255,1336
267265639,0.000,0.061,0.610,0.257,0.088,0.979,255,1336
267266376,-1.098,2.439,0.061,0.145,0.009,1.085,255,1336
267267639,-2.073,4.817,-0.427,-0.225,-0.025,0.967,255,1336
267268502,-2.012,2.561,0.854,-0.088,-0.044,1.167,255,1336
267269638,-0.915,-0.549,1.098,-0.026,0.140,1.165,255,1336
267270632,0.000,-1.890,1.341,0.015,0.102,0.998,255,1336
267271638,0.366,-0.976,1.159,0.247,0.145,1.014,255,1336
267272374,-0.305,1.280,0.915,0.215,0.090,1.044,255,1336
267273639,-1.585,3.049,-0.366,-0.077,-0.124,0.930,255,1336
267274511,-2.622,4.756,-1.098,-0.301,-0.076,1.004,255,1336
267275638,-1.463,0.366,1.159,-0.055,0.092,1.115,255,1336
267276512,-0.183,-1.585,0.976,-0.025,0.067,1.152,255,1336
267277638,0.427,-1.220,0.854,0.172,0.158,1.024,255,1336
267278506,0.488,0.549,0.915,0.271,0.123,0.966,255,1336
267279638,-0.976,2.927,0.305,0.040,-0.070,1.025,255,1336
267280394,-1.890,4.207,-0.854,-0.259,-0.111,0.936,255,1336
267281638,-1.585,1.585,1.098,-0.046,-0.000,1.174,255,1336
267282731,-0.366,-0.793,1.098,-0.073,0.123,1.151,255,1336
267283691,0.183,-1.768,1.280,0.097,0.086,0.994,255,1346
267284347,0.305,-0.061,1.159,0.258,0.207,1.005,255,1346
267285639,-0.854,2.317,0.732,0.167,-0.032,1.039,255,1346
267286375,-2.195,3.963,-0.976,-0.177,-0.071,0.916,255,1346
267287639,-2.500,2.256,0.671,-0.037,-0.037,1.020,255,1346
267288638,-1.890,0.000,1.280,-0.069,0.087,1.142,255,1346
267289638,-0.366,-1.341,1.159,0.075,0.074,1.119,255,1346
267290390,0.488,-0.305,1.280,0.161,0.164,1.044,255,1346
267291638,0.122,1.463,0.793,0.229,0.072,0.998,255,1346
267292384,-1.280,3.841,-0.061,-0.048,-0.045,0.941,255,1346
267293638,-2.439,4.207,-0.549,-0.198,-0.099,0.962,255,1346
267294645,-1.646,0.610,0.854,-0.055,0.003,1.172,255,1346
267295638,-0.915,-1.220,1.280,0.021,0.157,1.147,255,1346
267296376,-0.061,-1.159,1.280,0.146,0.074,1.003,255,1346
267297639,-0.122,0.915,0.610,0.174,0.184,1.008,255,1346
267298380,-0.915,2.866,-0.122,0.101,-0.067,0.980,255,1346
267299639,-1.890,4.146,-0.671,-0.163,-0.021,0.960,255,1346
267300640,-2.378,4.146,-0.305,-0.235,-0.110,0.962,255,1346
267301638,-1.220,-0.427,1.159,-0.004,0.136,1.149,255,1346
267302637,-0.305,-1.280,1.280,0.118,0.062,1.120,255,1346
267303638,-0.122,0.549,0.732,0.136,0.142,1.068,255,1346
267304459,-0.183,1.951,0.183,0.187,0.052,0.977,255,1346
267305639,-1.402,3.537,-0.427,-0.080,-0.037,0.957,255,1346
267306536,-1.829,3.841,-0.610,-0.232,-0.103,0.955,255,1346
267307638,-1.890,2.622,0.183,-0.114,-0.030,1.069,255,1346
267308643,-0.488,-0.915,1.524,0.068,0.082,1.137,255,1346
267309638,0.061,-0.488,0.671,0.094,0.072,1.018,255,1346
267310374,-0.366,1.585,0.305,0.191,0.166,0.979,255,1346
267311639,-0.854,3.232,-0.122,0.062,-0.089,1.032,255,1346
267312516,-1.707,3.780,-0.488,-0.229,-0.011,0.962,255,1346
267313638,-2.073,2.683,-0.305,-0.163,-0.111,0.980,255,1346
267314646,-1.585,0.732,0.854,-0.006,0.080,1.165,255,1346
267315638,-0.122,-0.915,0.732,0.070,0.102,1.058,255,1346
267316380,-0.122,-0.915,0.732,0.070,0.102,1.058,255,1346
267317639,-0.549,2.561,0.122,0.135,0.011,1.047,255,1346
267318383,-1.951,3.720,-0.427,-0.189,-0.030,0.958,255,1346
267319638,-2.378,3.171,-0.549,-0.193,-0.113,1.052,255,1346
267320646,-1.768,1.768,0.488,-0.039,0.043,1.017,255,1346
267321638,-0.549,-0.732,0.854,0.038,0.087,1.150,255,1346
267322375,-0.549,-0.732,0.854,0.038,0.087,1.150,255,1346
267323639,-0.183,2.256,0.549,0.174,0.091,0.915,255,1346
267324388,-0.976,3.171,0.061,-0.061,-0.066,1.040,255,1346
267325639,-2.195,2.988,-0.549,-0.214,-0.042,0.931,255,1346
267326634,-1.890,2.134,0.000,-0.112,-0.026,1.082,255,1346
267327638,-1.463,0.488,1.341,0.036,0.065,1.229,255,1346
267328511,-0.854,-0.854,1.280,0.060,0.055,1.095,255,1346
267329638,-0.122,1.768,0.183,0.161,0.035,0.909,255,1346
267330401,-0.793,2.988,-0.244,0.030,0.060,1.030,255,1346
267331638,-1.951,3.232,-0.427,-0.184,-0.092,0.973,255,1346
267332724,-1.768,2.256,-0.427,-0.194,-0.043,1.074,255,1346
267333656,-1.890,0.793,0.671,-0.006,0.022,1.051,255,1356
267334638,-1.402,-0.854,1.341,0.092,0.064,1.083,255,1356
267335376,-0.671,-0.122,0.915,0.037,0.130,1.127,255,1356
267336639,-0.549,2.927,-0.061,0.062,0.133,0.944,255,1356
267337381,-1.768,3.110,-0.183,-0.074,-0.107,1.007,255,1356
267338638,-2.073,2.744,-0.488,-0.234,0.000,0.950,255,1356
267339637,-1.585,1.402,0.488,-0.046,-0.029,1.105,255,1356
267340638,-1.463,-0.610,1.159,0.072,0.090,1.159,255,1356
267341508,-0.671,-0.488,0.915,0.044,0.015,1.226,255,1356
267342638,-0.549,2.134,0.183,0.108,0.043,0.942,255,1356
267343374,-0.549,2.134,0.183,0.108,0.043,0.942,255,1356
267344639,-1.707,2.744,-0.183,-0.231,-0.054,0.946,255,1356
267345510,-1.524,1.341,0.183,-0.088,-0.024,1.046,255,1356
267346638,-1.585,0.183,1.402,0.039,0.081,1.208,255,1356
267347502,-0.793,-0.915,1.220,0.083,0.006,1.076,255,1356
267348638,-0.366,0.610,0.915,0.012,0.134,0.991,255,1356
267349374,-0.427,2.073,0.366,0.146,-0.005,0.965,255,1356
267350639,-1.463,2.500,-0.061,-0.164,-0.112,0.920,255,1356
267351502,-1.951,2.073,0.000,-0.142,0.013,1.125,255,1356
267352638,-1.585,0.549,0.976,0.016,-0.013,1.038,255,1356
267353398,-1.341,-0.427,1.220,0.083,0.046,1.116,255,1356
267354638,-0.427,0.549,0.732,0.055,0.091,1.062,255,1356
267355441,-0.061,1.463,0.305,0.110,0.057,0.957,255,1356
267356639,-0.976,2.805,-0.427,-0.110,-0.047,0.961,255,1356
267357547,-2.134,1.951,-0.183,-0.177,0.001,0.995,255,1356
267358638,-1.768,0.854,0.610,-0.010,0.022,1.137,255,1356
267359540,-1.646,0.244,0.976,0.041,-0.009,1.194,255,1356
267360640,-0.488,-0.061,0.671,0.068,0.079,1.092,255,1356
267361395,-0.183,1.159,0.610,0.075,0.122,0.933,255,1356
267362639,-0.549,3.232,-0.427,-0.098,0.083,1.003,255,1356
267363505,-1.829,2.073,-0.305,-0.083,-0.116,1.008,255,1356
267364639,-1.829,1.341,0.366,-0.091,0.090,1.042,255,1356
267365511,-1.585,0.122,0.915,0.046,-0.074,1.136,255,1356
267366639,-1.463,-0.122,0.671,0.067,0.103,1.135,255,1356
267367379,-0.854,1.037,0.488,0.083,0.055,0.998,255,1356
267368639,-0.549,2.134,0.183,0.070,0.030,1.006,255,1356
267369373,-0.427,2.805,-0.122,-0.060,0.093,1.039,255,1356
267370639,-1.463,1.402,0.549,-0.192,0.090,1.000,255,1356
267371510,-1.220,0.244,0.976,0.089,-0.070,1.071,255,1356
267372639,-1.463,0.000,1.037,0.076,0.109,1.122,255,1356
267373381,-0.610,0.732,0.793,0.049,0.006,1.093,255,1356
267374639,-0.244,2.134,0.366,0.033,0.079,0.950,255,1356
267375380,-0.610,2.988,0.183,0.030,0.028,0.941,255,1356
267376639,-1.890,1.646,0.122,-0.200,-0.048,1.060,255,1356
267377506,-1.280,0.915,0.793,0.041,0.047,1.097,255,1356
267378639,-1.646,0.427,1.280,0.138,0.009,1.206,255,1356
267379378,-0.915,0.610,0.732,0.036,0.055,1.085,255,1356
267380640,-0.122,2.073,-0.061,-0.017,0.032,0.910,255,1356
267381725,-0.122,2.805,-0.183,0.047,0.072,0.914,255,1356
267382511,-0.549,2.988,0.427,-0.028,0.057,1.112,255,1366
267383638,-1.646,0.671,0.427,-0.092,0.061,1.072,255,1366
267384376,-1.646,0.671,0.427,-0.092,0.061,1.072,255,1366
267385639,-1.402,0.488,1.159,0.046,0.074,1.126,255,1366
267386373,-0.732,1.585,0.122,0.001,-0.055,0.985,255,1366
267387638,-0.793,3.049,-0.122,0.009,0.138,0.993,255,1366
267388436,-0.610,2.805,0.244,0.014,0.012,0.980,255,1366
267389639,-1.585,0.915,0.366,-0.114,-0.040,1.054,255,1366
267390532,-1.280,0.244,0.915,0.154,0.072,1.135,255,1366
267391638,-1.341,0.488,1.037,0.066,-0.019,1.025,255,1366
267392383,-0.732,1.646,0.000,0.011,0.019,1.132,255,1366
267393638,-0.366,2.500,-0.183,-0.031,0.081,0.913,255,1366
267394517,-0.183,2.378,0.122,-0.007,0.047,1.002,255,1366
267395638,-0.976,1.646,0.183,-0.105,0.060,1.021,255,1366
267396376,-1.646,0.366,0.183,-0.101,-0.021,1.091,255,1366
267397639,-1.463,0.610,1.098,0.117,-0.060,1.159,255,1366
267398506,-1.037,1.280,0.122,0.044,0.047,1.092,255,1366
267399638,-0.671,2.317,-0.244,-0.048,0.041,0.888,255,1366
267400507,-0.366,3.171,-0.183,-0.015,0.070,0.950,255,1366
267401638,-0.610,1.890,-0.061,-0.055,0.014,1.110,255,1366
267402622,-1.463,0.366,-0.061,-0.061,0.035,1.012,255,1366
267403638,-1.402,0.793,0.732,0.130,-0.031,1.034,255,1366
267404507,-1.402,1.646,0.488,0.083,0.044,1.137,255,1366
267405638,-0.915,2.012,0.244,-0.006,0.017,0.929,255,1366
267406375,-0.732,3.110,-0.122,-0.100,0.053,0.986,255,1366
267407639,-0.427,1.707,0.000,-0.002,0.066,0.991,255,1366
267408504,-1.159,0.793,0.244,-0.044,0.069,1.066,255,1366
267409638,-1.402,0.427,0.549,-0.111,-0.005,1.053,255,1366
267410506,-1.463,0.610,0.793,0.136,0.007,1.130,255,1366
267411638,-1.220,2.378,0.549,-0.027,0.028,1.063,255,1366
267412377,-0.610,2.622,0.061,-0.132,-0.001,0.945,255,1366
267413639,-0.183,1.951,-0.244,0.024,0.109,1.001,255,1366
267414550,-0.915,0.671,0.549,-0.007,0.067,1.070,255,1366
267415639,-1.341,0.000,0.610,-0.113,0.005,1.071,255,1366
267416398,-1.402,0.854,0.549,0.068,-0.022,1.073,255,1366
267417638,-1.402,2.195,0.549,-0.018,0.029,1.001,255,1366
267418383,-1.402,2.195,0.549,-0.018,0.029,1.001,255,1366
267419638,-0.671,2.256,-0.122,-0.015,0.139,0.914,255,1366
267420513,-0.610,0.793,0.549,0.012,0.044,1.146,255,1366
267421638,-1.341,-0.183,0.793,-0.110,0.068,1.048,255,1366
267422505,-1.402,0.427,0.610,0.045,-0.042,1.083,255,1366
267423638,-1.646,2.195,0.915,0.009,-0.030,1.038,255,1366
267424385,-1.646,2.195,0.915,0.009,-0.030,1.038,255,1366
267425638,-0.610,2.195,0.000,-0.049,0.093,0.988,255,1366
267426376,-0.183,1.037,0.671,0.001,0.112,1.067,255,1366
267427639,-1.098,0.000,0.732,-0.105,0.038,1.051,255,1366
267428376,-1.402,0.061,0.671,0.050,-0.002,1.073,255,1366
267429639,-1.341,1.280,0.915,0.153,0.029,1.068,255,1366
267430398,-1.402,2.134,0.610,0.061,-0.072,0.976,255,1366
267431638,-0.610,2.256,-0.366,-0.073,0.037,0.920,255,1366
267432727,-0.366,1.159,0.305,-0.043,0.133,1.038,255,1366
267433524,-0.793,-0.244,0.183,-0.039,0.029,1.072,255,1375
267434638,-1.585,0.061,0.122,0.010,0.070,1.116,255,1375
267435496,-1.707,1.280,0.610,0.132,-0.032,1.058,255,1375
267436638,-1.951,2.744,0.366,0.091,-0.053,1.088,255,1375
267437380,-1.707,3.049,-0.183,-0.040,-0.013,1.028,255,1375
267438638,-0.549,1.646,0.122,-0.123,0.120,0.963,255,1375
267439505,-0.183,-0.122,0.305,0.025,0.066,1.126,255,1375
267440638,-1.341,-0.305,0.793,0.015,0.098,1.083,255,1375
267441371,-1.341,0.610,0.671,0.095,-0.074,1.030,255,1375
267442639,-1.951,2.439,0.244,0.063,-0.028,1.051,255,1375
267443376,-1.768,2.927,0.000,0.032,-0.042,1.028,255,1375
267444639,-0.183,1.768,-0.122,-0.165,0.058,1.017,255,1375
267445507,0.061,0.000,0.488,0.056,0.133,1.093,255,1375
267446638,-0.732,-0.488,1.159,0.014,0.109,1.031,255,1375
267447374,-1.280,0.427,0.976,0.060,-0.037,1.108,255,1375
267448638,-1.768,2.378,0.122,0.053,-0.046,1.036,255,1375
267449375,-2.317,3.232,0.122,0.112,-0.041,1.058,255,1375
267450638,-1.524,3.415,-0.122,-0.148,0.003,0.929,255,1375
267451514,-0.671,1.890,-0.366,-0.172,0.030,0.993,255,1375
267452638,-0.244,-0.976,0.854,0.085,0.071,1.061,255,1375
267453497,-1.463,0.122,0.976,0.002,0.030,1.138,255,1375
267454638,-1.768,1.951,0.610,0.118,-0.083,1.077,255,1375
267455380,-2.195,3.293,0.488,0.092,0.014,0.998,255,1375
267456639,-1.585,3.598,0.305,-0.109,-0.056,1.000,255,1375
267457504,-0.793,2.439,-0.427,-0.210,0.076,0.993,255,1375
267458638,0.061,-1.159,1.280,0.058,0.109,1.049,255,1375
267459502,-1.341,-0.427,1.402,0.004,0.034,1.112,255,1375
267460638,-1.463,1.402,0.244,0.133,-0.073,0.957,255,1375
267461376,-2.195,3.537,0.000,0.070,-0.035,1.120,255,1375
267462638,-1.463,3.659,0.000,-0.066,-0.054,0.991,255,1375
267463486,-0.671,2.378,-0.061,-0.182,0.061,0.939,255,1375
267464638,0.122,-0.610,1.098,0.063,0.163,1.117,255,1375
267465502,0.122,-0.610,1.098,0.063,0.163,1.117,255,1375
267466638,-1.280,1.646,0.427,0.093,0.008,1.046,255,1375
267467375,-1.524,3.659,0.305,0.086,-0.109,0.937,255,1375
267468639,-1.768,4.085,-0.183,-0.048,0.004,1.050,255,1375
267469504,-1.159,2.683,-0.122,-0.151,-0.011,0.973,255,1375
267470638,-0.122,0.854,0.366,-0.113,0.114,1.075,255,1375
267471507,0.366,-0.427,0.915,-0.009,0.179,1.052,255,1375
267472638,-1.585,0.793,0.793,0.022,0.066,1.034,255,1375
267473374,-1.768,2.927,0.183,0.156,-0.157,1.037,255,1375
267474639,-2.134,4.146,0.000,-0.046,-0.038,0.924,255,1375
267475505,-1.402,3.232,-0.183,-0.119,-0.029,0.994,255,1375
267476638,-0.549,1.098,0.244,-0.188,0.135,1.041,255,1375
267477578,0.488,-0.915,1.098,-0.011,0.120,1.091,255,1375
267478639,-1.280,0.183,1.159,0.044,0.016,1.086,255,1375
267479417,-1.280,0.183,1.159,0.044,0.016,1.086,255,1375
267480638,-2.195,4.329,-0.122,0.028,-0.130,1.066,255,1375
267481726,-1.524,3.476,-0.305,-0.136,0.008,0.973,255,1375
267482645,-0.610,1.768,0.244,-0.225,0.089,0.975,255,1385
267483638,0.122,-0.610,0.976,0.000,0.118,1.050,255,1385
267484388,-0.366,-1.037,1.280,0.114,0.207,1.151,255,1385
267485638,-1.768,2.805,0.427,0.047,-0.002,1.001,255,1385
267486379,-1.768,2.805,0.427,0.047,-0.002,1.001,255,1385
267487638,-1.829,3.780,-0.183,-0.127,0.036,0.988,255,1385
267488509,-0.854,1.768,0.000,-0.231,0.001,0.938,255,1385
267489638,0.061,-0.244,0.305,-0.049,0.152,1.081,255,1385
267490381,0.061,-1.098,1.280,0.100,0.212,1.202,255,1385
267491638,-0.915,-0.549,0.915,0.017,-0.013,0.987,255,1385
267492500,-1.890,2.378,0.305,0.017,-0.013,0.987,255,1385
267493638,-2.073,4.207,-0.122,-0.112,-0.005,1.061,255,1385
267494511,-1.037,2.195,-0.122,-0.200,-0.025,1.001,255,1385
267495638,-0.488,0.488,0.427,-0.139,0.184,1.096,255,1385
267496512,0.427,-1.402,1.341,0.107,0.146,1.086,255,1385
267497638,-0.610,-1.280,1.341,0.152,0.100,1.033,255,1385
267498382,-1.524,1.707,0.427,0.071,-0.086,1.052,255,1385
267499638,-2.317,4.390,-0.122,-0.086,-0.083,0.875,255,1385
267500512,-1.280,2.683,-0.183,-0.155,-0.045,1.102,255,1385
267501638,-0.793,0.488,0.915,-0.241,0.192,1.049,255,1385
267502509,0.549,-1.280,1.463,0.105,0.111,1.084,255,1385
267503638,-0.183,-0.976,1.585,0.153,0.193,1.140,255,1385
267504388,-1.463,1.098,0.610,0.127,-0.110,1.061,255,1385
267505638,-2.134,5.122,0.061,-0.034,-0.140,1.018,255,1385
267506512,-1.280,2.988,0.061,-0.125,0.000,1.081,255,1385
267507638,-0.427,0.793,0.305,-0.264,0.146,1.035,255,1385
267508380,0.427,-1.037,0.976,0.006,0.170,1.038,255,1385
267509639,-0.183,-1.037,1.402,0.210,0.143,1.188,255,1385
267510374,-1.646,0.244,0.732,0.151,-0.023,1.021,255,1385
267511639,-2.012,3.720,-0.244,0.011,-0.104,0.931,255,1385
267512514,-2.317,4.939,-0.427,0.006,-0.129,0.959,255,1385
267513638,-0.915,0.671,0.671,-0.254,0.054,1.015,255,1385
267514502,0.122,-0.732,0.976,-0.106,0.227,1.048,255,1385
267515638,0.244,-1.646,1.585,0.281,0.113,1.182,255,1385
267516389,-0.915,0.000,0.976,0.132,0.097,1.111,255,1385
267517638,-1.951,3.171,-0.183,0.012,-0.165,0.971,255,1385
267518506,-2.134,4.573,-0.732,0.043,-0.080,0.814,255,1385
267519638,-1.037,1.037,0.305,-0.260,0.022,1.131,255,1385
267520507,-0.122,-0.488,0.976,-0.155,0.217,1.111,255,1385
267521638,0.549,-2.012,1.585,0.258,0.142,1.050,255,1385
267522507,-0.854,-0.610,1.037,0.154,0.110,1.087,255,1385
267523638,-1.768,2.378,-0.122,0.030,-0.169,0.926,255,1385
267524517,-2.134,5.061,-0.671,0.052,-0.076,0.950,255,1385
267525638,-2.073,4.146,0.122,-0.256,0.058,1.157,255,1385
267526504,-1.280,2.134,0.366,-0.256,0.058,1.157,255,1385
267527638,0.610,-1.829,1.768,0.225,0.199,1.053,255,1385
267528387,-0.305,-0.793,1.524,0.166,0.094,1.026,255,1385
267529638,-1.524,2.256,-0.122,0.069,-0.108,0.997,255,1385
267530533,-2.012,4.634,-0.671,0.048,-0.116,1.002,255,1385
267531638,-2.256,4.268,-0.122,-0.058,-0.090,1.008,255,1385
267532730,-0.549,-0.671,1.037,-0.176,0.122,1.045,255,1385
267533692,0.366,-1.402,1.524,0.144,0.216,1.129,255,1395
267534352,0.366,-1.402,1.524,0.144,0.216,1.129,255,1395
267535638,-1.159,1.707,0.061,0.152,-0.044,1.053,255,1395
267536377,-1.890,4.451,-0.305,0.017,-0.165,0.875,255,1395
267537639,-2.378,4.695,-0.427,-0.086,-0.108,1.020,255,1395
267538636,-1.707,2.744,0.366,-0.193,0.063,1.061,255,1395
267539638,0.122,-1.098,1.037,0.013,0.196,1.096,255,1395
267540382,0.122,-1.098,1.037,0.013,0.196,1.096,255,1395
267541638,-1.402,1.037,0.000,0.221,0.000,1.025,255,1395
267542385,-2.012,3.720,-0.427,-0.016,-0.175,0.954,255,1395
267543639,-2.378,4.756,-0.793,-0.133,-0.110,0.895,255,1395
267544650,-1.890,2.927,0.366,-0.118,0.028,1.092,255,1395
267545638,-0.976,-0.122,1.280,-0.149,0.142,1.093,255,1395
267546520,0.244,-1.402,1.341,-0.077,0.176,1.121,255,1395
267547638,-0.854,0.671,0.671,0.274,0.044,0.930,255,1395
267548371,-2.073,3.598,-0.183,-0.004,-0.182,0.997,255,1395
267549638,-2.622,5.122,-0.854,-0.153,-0.089,0.866,255,1395
267550631,-2.195,3.232,0.061,-0.071,-0.040,1.138,255,1395
267551638,-1.402,0.671,1.220,-0.151,0.153,1.105,255,1395
267552506,0.000,-0.915,1.402,-0.154,0.131,1.134,255,1395
267553638,-0.488,0.671,0.732,0.267,0.064,0.975,255,1395
267554378,-0.488,0.671,0.732,0.267,0.064,0.975,255,1395
267555639,-2.134,5.244,-1.159,-0.181,-0.085,0.960,255,1395
267556503,-1.951,3.476,-0.305,-0.010,-0.070,1.092,255,1395
267557638,-1.280,1.098,1.098,-0.205,0.172,1.107,255,1395
267558519,-0.061,-1.402,1.220,-0.137,0.105,1.060,255,1395
267559638,0.366,-1.463,1.037,0.185,0.213,1.044,255,1395
267560504,-0.488,0.244,0.732,0.282,0.015,1.044,255,1395
267561638,-2.622,5.061,-0.915,-0.112,-0.164,0.991,255,1395
267562517,-2.500,3.963,0.122,-0.049,-0.050,1.089,255,1395
267563638,-1.220,1.098,1.280,-0.219,0.101,1.067,255,1395
267564506,-0.366,-1.463,1.098,-0.095,0.155,1.047,255,1395
267565638,0.183,-1.524,1.585,0.170,0.211,1.088,255,1395
267566509,0.305,0.183,0.793,0.246,0.048,1.005,255,1395
267567638,-2.378,4.512,-0.854,-0.039,-0.164,0.869,255,1395
267568514,-2.195,4.451,0.000,-0.134,-0.076,1.125,255,1395
267569638,-1.768,1.646,0.976,-0.224,0.057,1.064,255,1395
267570509,-0.671,-0.854,1.402,-0.082,0.179,1.119,255,1395
267571638,0.305,-1.220,1.829,0.119,0.202,1.041,255,1395
267572506,0.305,0.122,0.854,0.238,0.070,1.072,255,1395
267573638,-2.073,4.146,-0.793,-0.036,-0.134,0.855,255,1395
267574514,-2.073,4.329,-0.183,-0.165,-0.072,1.021,255,1395
267575638,-1.646,1.768,0.549,-0.165,0.030,1.134,255,1395
267576515,-0.549,-0.793,1.341,-0.102,0.213,1.125,255,1395
267577638,0.427,-1.402,1.646,0.091,0.146,1.045,255,1395
267578513,0.366,-0.122,0.793,0.196,0.142,1.100,255,1395
267579638,-0.854,1.585,-0.488,0.199,-0.130,0.985,255,1395
267580536,-2.073,4.024,-0.671,-0.104,-0.109,0.915,255,1395
267581638,-1.951,2.073,0.732,-0.099,0.057,1.146,255,1395
267582733,-1.098,-0.854,1.341,-0.131,0.154,1.186,255,1395
267583633,0.183,-1.646,1.524,0.022,0.142,1.093,255,1405
267584638,0.244,-0.488,0.976,0.249,0.159,1.035,255,1405
267585376,-0.549,1.402,0.061,0.254,-0.067,0.965,255,1405
267586639,-1.890,3.963,-0.915,-0.156,-0.138,0.921,255,1405
267587518,-2.134,4.268,-0.671,-0.126,-0.136,0.905,255,1405
267588638,-1.220,-0.366,1.646,-0.150,0.112,1.185,255,1405
267589643,-0.122,-0.854,1.280,-0.079,0.196,1.131,255,1405
267590638,0.183,-0.427,0.854,0.296,0.118,0.960,255,1405
267591502,-0.976,1.037,0.061,0.274,-0.005,0.961,255,1405
267592638,-2.256,3.415,-0.854,-0.177,-0.143,0.920,255,1405
267593503,-2.195,4.207,-1.159,-0.112,-0.160,1.010,255,1405
267594638,-1.402,-0.183,1.646,-0.135,0.107,1.175,255,1405
267595642,-0.183,-0.976,1.463,-0.080,0.191,1.090,255,1405
267596638,0.732,-0.732,0.915,0.290,0.152,0.943,255,1405
267597497,-0.366,1.402,0.244,0.271,0.014,1.045,255,1405
267598638,-1.646,3.232,-0.732,-0.154,-0.150,0.914,255,1405
267599506,-2.256,4.207,-1.159,-0.090,-0.169,1.021,255,1405
267600638,-1.220,0.000,1.463,-0.125,0.099,1.147,255,1405
267601517,-1.220,0.000,1.463,-0.064,0.173,1.017,255,1405
267602638,0.427,-0.488,1.280,0.263,0.145,0.979,255,1405
267603377,-0.122,1.220,0.793,0.229,0.017,1.097,255,1405
267604639,-1.280,2.439,-0.793,-0.070,-0.157,0.942,255,1405
267605520,-2.256,3.902,-1.220,-0.106,-0.106,0.939,255,1405
267606638,-2.378,2.988,0.610,-0.140,-0.013,1.139,255,1405
267607638,-0.549,-0.671,1.707,-0.042,0.158,1.011,255,1405
267608638,0.488,-0.122,1.220,0.225,0.169,0.994,255,1405
267609506,-0.122,1.341,0.366,0.210,0.020,1.046,255,1405
267610638,-1.524,2.500,-0.976,0.020,-0.167,0.955,255,1405
267611506,-2.500,3.841,-0.976,-0.187,-0.083,0.877,255,1405
267612638,-2.073,2.866,0.488,-0.145,-0.037,1.166,255,1405
267613635,-1.524,0.671,1.280,-0.089,0.113,1.199,255,1405
267614638,0.305,0.000,1.341,0.171,0.156,0.992,255,1405
267615376,0.305,0.000,1.341,0.171,0.156,0.992,255,1405
267616638,-1.707,2.195,-0.671,0.078,-0.127,0.975,255,1405
267617513,-2.134,3.537,-0.854,-0.232,-0.095,0.902,255,1405
267618638,-1.585,3.049,-0.122,-0.132,-0.056,1.107,255,1405
267619644,-1.585,1.280,1.402,-0.064,0.151,1.170,255,1405
267620638,-0.793,-0.488,1.707,-0.033,0.109,1.079,255,1405
267621511,-0.061,0.488,1.098,0.059,0.183,0.968,255,1405
267622638,-0.976,1.768,-0.305,0.112,-0.091,0.985,255,1405
267623501,-1.829,3.049,-0.854,-0.282,-0.109,0.962,255,1405
267624638,-1.768,2.744,-0.122,-0.098,-0.072,1.045,255,1405
267625641,-1.402,1.098,1.280,-0.057,0.140,1.188,255,1405
267626638,-0.793,-0.305,1.646,-0.011,0.105,1.065,255,1405
267627506,-0.244,0.549,1.280,0.020,0.190,1.027,255,1405
267628638,-1.402,1.890,-0.488,0.110,-0.062,0.961,255,1405
267629512,-2.073,2.988,-1.037,-0.276,-0.131,1.022,255,1405
267630638,-2.195,2.805,-0.244,-0.097,-0.049,0.992,255,1405
267631735,-1.768,1.341,1.585,-0.035,0.109,1.196,255,1405
267632639,-0.427,-0.061,1.829,-0.080,0.136,1.108,255,1414
267633638,0.183,0.366,1.159,0.059,0.154,1.034,255,1414
267634504,0.061,0.854,0.427,0.315,0.069,0.952,255,1414
267635638,-2.317,2.622,-0.915,-0.217,-0.155,0.984,255,1414
267636511,-2.317,2.744,-0.122,-0.103,-0.005,1.034,255,1414
267637638,-1.768,0.915,1.463,-0.064,0.068,1.146,255,1414
267638509,-1.098,0.244,1.829,-0.052,0.164,1.180,255,1414
267639638,-0.244,0.732,1.159,0.054,0.128,1.007,255,1414
267640377,0.488,0.915,0.488,0.300,0.044,0.894,255,1414
267641639,-1.890,2.317,-0.915,-0.159,-0.198,1.007,255,1414
267642517,-1.768,2.378,0.061,-0.173,0.033,1.106,255,1414
267643638,-1.524,0.976,1.707,-0.026,0.007,1.085,255,1414
267644376,-1.037,0.549,1.585,-0.062,0.206,1.198,255,1414
267645639,0.000,0.854,0.976,0.072,0.102,0.995,255,1414
267646379,0.549,1.098,0.305,0.229,0.075,0.894,255,1414
267647639,-0.549,1.585,-0.366,0.099,-0.046,0.988,255,1414
267648497,-1.768,2.073,-0.915,-0.117,-0.123,0.935,255,1414
267649638,-1.829,1.524,1.341,-0.027,0.041,1.108,255,1414
267650512,-1.159,0.793,1.829,-0.020,0.184,1.173,255,1414
267651638,-0.122,0.610,1.098,0.057,0.063,0.953,255,1414
267652376,0.244,1.524,0.000,0.179,0.121,0.914,255,1414
267653639,-0.427,1.463,-0.671,0.165,-0.111,1.030,255,1414
267654506,-1.707,1.890,-0.610,-0.141,-0.065,0.988,255,1414
267655638,-2.256,1.524,1.037,-0.041,0.075,1.122,255,1414
267656512,-1.220,1.220,1.829,0.006,0.178,1.166,255,1414
267657638,0.244,0.671,1.098,0.057,0.076,0.889,255,1414
267658376,0.366,1.585,0.061,0.158,0.102,0.978,255,1414
267659639,-0.549,1.220,-0.610,0.180,-0.074,1.015,255,1414
267660505,-1.768,1.646,-0.610,-0.172,-0.056,0.983,255,1414
267661638,-1.951,2.073,-0.244,-0.184,-0.066,1.071,255,1414
267662640,-1.220,0.915,1.829,0.002,0.134,1.096,255,1414
267663638,-0.427,1.098,1.159,0.059,0.094,0.936,255,1414
267664372,0.061,1.768,0.000,0.169,0.095,0.902,255,1414
267665639,-0.549,1.402,-0.549,0.183,-0.056,1.002,255,1414
267666507,-1.768,1.402,-0.671,-0.198,-0.051,1.038,255,1414
267667638,-2.073,1.463,-0.183,-0.141,-0.077,1.065,255,1414
267668643,-2.134,1.768,1.159,-0.032,0.127,1.024,255,1414
267669638,-0.305,1.341,0.854,0.070,0.090,1.007,255,1414
267670382,-0.305,1.341,0.854,0.070,0.090,1.007,255,1414
267671638,-0.183,1.524,-0.793,0.159,-0.087,0.971,255,1414
267672505,-1.402,1.646,-0.366,-0.170,-0.029,1.016,255,1414
267673638,-2.073,1.707,0.000,-0.138,-0.080,1.056,255,1414
267674633,-2.195,2.012,1.402,-0.055,0.065,1.297,255,1414
267675638,-0.549,1.524,1.037,0.133,0.096,0.960,255,1414
267676376,-0.549,1.524,1.037,0.133,0.096,0.960,255,1414
267677639,-0.122,1.402,-0.732,0.138,-0.058,0.991,255,1414
267678511,-1.280,0.854,-0.610,-0.121,-0.063,0.999,255,1414
267679638,-2.134,1.524,0.000,-0.160,-0.028,1.051,255,1414
267680644,-1.707,1.768,1.220,-0.087,0.029,1.281,255,1414
267681638,-1.524,1.890,1.341,0.025,0.093,1.059,255,1414
267682705,-0.061,2.012,0.183,0.104,0.021,0.856,255,1414
267683641,0.000,1.463,-0.671,0.140,0.014,1.050,255,1424
267684416,-1.768,0.671,-0.549,-0.125,-0.089,1.023,255,1424
267685638,-2.256,1.402,-0.061,-0.188,-0.017,1.071,255,1424
267686641,-2.195,1.585,1.098,-0.081,0.055,1.186,255,1424
267687638,-1.585,1.707,1.280,0.097,0.079,1.084,255,1424
267688382,-0.427,2.073,0.793,0.037,0.131,0.998,255,1424
267689639,0.000,1.463,-0.671,0.179,0.020,1.115,255,1424
267690376,0.000,1.463,-0.671,0.179,0.020,1.115,255,1424
267691639,-2.378,1.220,0.122,-0.233,-0.046,1.064,255,1424
267692511,-1.951,2.134,1.402,-0.030,0.069,1.126,255,1424
267693638,-1.707,2.073,1.768,0.136,0.082,1.116,255,1424
267694376,-0.549,1.951,1.037,0.000,0.097,0.951,255,1424
267695639,0.183,2.317,-0.122,0.086,0.035,0.871,255,1424
267696382,-0.122,1.280,-0.305,0.158,0.056,1.089,255,1424
267697638,-1.890,1.280,0.244,-0.278,0.027,1.083,255,1424
267698376,-1.890,1.768,1.585,0.060,0.007,1.091,255,1424
267699639,-1.646,2.134,1.707,0.089,0.132,1.085,255,1424
267700379,-0.671,2.256,0.671,-0.025,0.040,0.958,255,1424
267701639,0.061,2.012,-0.305,0.098,0.077,0.932,255,1424
267702374,-0.183,1.098,-0.061,0.182,0.037,1.104,255,1424
267703639,-2.195,1.220,0.061,-0.223,0.011,1.132,255,1424
267704376,-2.195,1.220,0.061,-0.223,0.011,1.132,255,1424
267705639,-1.890,2.622,1.768,0.075,0.105,1.104,255,1424
267706359,-0.610,2.561,0.793,-0.011,0.067,0.925,255,1424
267707638,0.305,2.073,-0.244,0.115,0.042,0.939,255,1424
267708379,-0.122,0.854,-0.366,0.109,0.021,1.093,255,1424
267709639,-2.439,0.732,0.000,-0.200,0.042,1.123,255,1424
267710376,-2.439,0.732,0.000,-0.200,0.042,1.123,255,1424
267711638,-1.524,2.622,1.280,0.033,0.110,1.070,255,1424
267712381,-0.610,2.378,0.610,0.086,0.033,0.896,255,1424
267713638,0.183,2.195,-0.183,0.050,0.069,1.011,255,1424
267714374,0.183,0.854,-0.427,0.055,-0.004,1.054,255,1424
267715639,-1.341,-0.427,-0.061,-0.115,0.000,1.005,255,1424
267716492,-2.256,0.366,0.671,-0.165,0.029,1.132,255,1424
267717638,-1.524,3.232,1.159,0.071,0.122,1.061,255,1424
267718384,-0.488,2.683,0.854,0.127,0.025,0.914,255,1424
267719638,0.061,2.134,0.000,-0.003,0.056,0.996,255,1424
267720354,0.183,0.488,-0.366,0.019,0.011,1.043,255,1424
267721638,-1.098,-0.427,0.183,-0.048,-0.010,1.058,255,1424
267722510,-2.134,0.488,0.976,-0.214,0.024,1.134,255,1424
267723638,-1.402,3.232,0.976,0.134,0.091,1.026,255,1424
267724379,-1.402,3.232,0.976,0.134,0.091,1.026,255,1424
267725639,-0.244,2.378,-0.488,-0.042,0.054,0.967,255,1424
267726505,0.244,0.549,-0.427,0.056,0.024,1.036,255,1424
267727638,-1.220,-0.732,0.427,-0.048,0.023,1.116,255,1424
267728507,-2.073,0.305,0.854,-0.209,-0.022,1.129,255,1424
267729638,-1.829,2.012,0.915,0.034,0.020,1.003,255,1424
267730529,-1.646,3.293,1.159,0.169,0.091,1.025,255,1424
267731638,0.000,2.256,-0.488,-0.098,0.068,0.971,255,1424
267732691,0.061,0.000,-0.244,0.103,0.021,1.033,255,1424
267733641,-1.159,-1.037,0.427,-0.099,0.031,1.150,255,1434
267734533,-1.585,0.366,0.610,-0.204,-0.015,1.112,255,1434
267735638,-1.707,2.378,0.915,0.074,0.047,0.995,255,1434
267736506,-1.463,3.293,1.280,0.152,0.058,1.041,255,1434
267737638,-0.244,2.378,-0.793,-0.075,0.071,0.970,255,1434
267738509,-0.244,-0.305,0.000,0.088,0.021,1.036,255,1434
267739638,-1.037,-1.280,0.732,-0.117,0.042,1.073,255,1434
267740497,-1.890,0.000,0.671,-0.169,-0.015,1.170,255,1434
267741638,-1.524,2.439,1.098,0.100,0.076,1.025,255,1434
267742496,-1.463,3.537,1.280,0.146,-0.024,1.019,255,1434
267743638,0.000,2.439,-0.488,-0.047,0.051,0.943,255,1434
267744369,0.000,2.439,-0.488,-0.047,0.051,0.943,255,1434
267745638,-0.488,-1.037,0.366,-0.117,0.043,1.078,255,1434
267746505,-2.012,-0.183,0.610,-0.114,0.021,1.155,255,1434
267747638,-2.134,2.622,1.220,0.082,0.034,1.054,255,1434
267748506,-2.134,3.902,0.915,0.115,-0.013,0.981,255,1434
267749638,-1.220,3.598,-0.244,0.035,0.040,0.953,255,1434
267750379,-0.061,2.073,-0.366,-0.054,0.027,0.996,255,1434
267751639,-0.976,-1.707,0.488,-0.075,0.079,1.033,255,1434
267752622,-2.317,-0.061,1.037,-0.061,0.017,1.183,255,1434
267753638,-1.646,2.683,1.220,0.044,-0.001,1.016,255,1434
267754503,-1.707,4.024,0.610,0.139,-0.015,1.002,255,1434
267755638,-0.915,3.841,0.061,0.062,0.055,0.935,255,1434
267756447,0.061,2.195,-0.061,-0.115,-0.012,1.010,255,1434
267757639,-1.037,-1.524,0.732,-0.038,0.105,1.076,255,1434
267758664,-2.012,0.000,1.220,-0.054,-0.012,1.182,255,1434
267759638,-2.073,2.561,0.671,-0.004,0.042,0.969,255,1434
267760493,-2.195,4.085,0.244,0.185,-0.038,1.015,255,1434
267761638,-1.341,3.780,0.427,0.032,0.068,0.957,255,1434
267762391,-0.183,1.646,-0.366,-0.091,-0.030,0.979,255,1434
267763638,0.183,-0.793,-0.366,-0.057,0.093,1.038,255,1434
267764628,-1.890,0.061,1.159,-0.106,0.047,1.142,255,1434
267765638,-1.707,2.927,0.915,0.098,0.005,0.956,255,1434
267766377,-2.134,4.390,0.854,0.161,-0.021,0.968,255,1434
267767639,-1.037,3.841,-0.244,-0.017,0.021,0.929,255,1434
267768505,-0.305,1.524,-0.488,-0.102,-0.018,1.013,255,1434
267769638,0.000,-0.671,0.061,-0.059,0.166,1.137,255,1434
267770505,-0.854,-1.829,0.732,-0.021,0.011,1.156,255,1434
267771638,-1.463,2.988,0.854,0.171,0.022,0.918,255,1434
267772511,-1.646,4.451,0.915,0.151,-0.057,1.010,255,1434
267773638,-0.732,3.720,0.122,-0.076,0.058,0.876,255,1434
267774380,-0.427,1.646,-0.183,-0.051,-0.033,1.045,255,1434
267775638,-0.061,-0.793,0.427,-0.047,0.165,1.176,255,1434
267776625,-1.159,-2.012,1.098,-0.064,-0.022,1.119,255,1434
267777638,-1.707,2.866,0.915,0.218,0.034,0.953,255,1434
267778509,-1.707,2.866,0.915,0.083,-0.069,1.003,255,1434
267779638,-0.488,3.598,-0.427,-0.078,0.039,0.918,255,1434
267780529,-0.305,1.280,-0.183,-0.053,-0.004,1.061,255,1434
267781638,-0.061,-0.976,0.976,-0.079,0.181,1.172,255,1434
267782734,-1.280,-1.829,0.854,-0.064,0.008,1.177,255,1434
267783693,-2.012,0.488,0.488,-0.018,0.053,1.014,255,1444
267784357,-1.463,3.354,0.793,0.193,-0.026,0.941,255,1444
267785638,-1.159,3.598,-0.244,-0.042,0.028,0.900,255,1444
267786502,-0.244,1.341,0.122,-0.110,0.004,1.058,255,1444
267787638,0.427,-1.037,0.793,-0.092,0.175,1.157,255,1444
267788377,-1.037,-2.195,1.098,0.029,-0.004,1.121,255,1444
267789638,-1.951,0.549,0.854,-0.054,0.089,1.070,255,1444
267790500,-1.707,4.024,0.854,0.188,-0.089,1.001,255,1444
267791638,-1.098,2.988,-0.244,-0.049,0.003,0.941,255,1444
267792589,-0.732,0.854,-0.488,-0.200,0.034,1.074,255,1444
267793639,0.000,-0.976,0.488,-0.049,0.144,1.170,255,1444
267794534,-1.280,-2.012,1.280,0.050,0.015,1.100,255,1444
267795638,-1.890,0.732,0.427,-0.062,0.066,1.066,255,1444
267796390,-1.646,3.780,0.122,0.185,-0.083,0.960,255,1444
267797638,-1.585,4.634,-0.061,0.137,0.010,0.959,255,1444
267798384,-1.037,2.805,0.000,-0.104,0.010,0.908,255,1444
267799638,0.061,-1.402,0.610,0.015,0.194,1.160,255,1444
267800371,-1.463,-1.768,0.854,0.015,0.010,1.151,255,1444
267801639,-1.768,1.098,0.732,-0.044,0.035,1.073,255,1444
267802384,-1.524,3.659,0.488,0.198,-0.076,0.868,255,1444
267803638,-1.585,4.573,0.427,0.117,-0.005,1.015,255,1444
267804388,-0.793,2.805,0.122,-0.166,0.021,0.941,255,1444
267805639,0.061,-1.402,0.549,0.008,0.197,1.161,255,1444
267806375,0.061,-1.402,0.549,0.008,0.197,1.161,255,1444
267807639,-1.768,1.341,0.549,-0.016,0.053,1.079,255,1444
267808379,-1.524,4.085,0.244,0.217,-0.086,0.903,255,1444
267809639,-1.280,4.451,0.122,0.057,0.004,0.965,255,1444
267810377,-0.976,2.439,-0.305,-0.170,0.020,0.988,255,1444
267811639,-0.305,-1.037,0.976,-0.018,0.127,1.158,255,1444
267812632,-1.524,-1.585,0.976,0.059,0.000,1.124,255,1444
267813638,-1.890,1.402,0.366,0.044,0.048,1.013,255,1444
267814367,-1.402,4.146,0.244,0.169,-0.128,0.972,255,1444
267815639,-1.220,4.634,-0.061,0.030,0.026,0.999,255,1444
267816391,-0.732,2.439,-0.061,-0.127,0.014,0.954,255,1444
267817638,-0.366,0.244,0.305,-0.191,0.082,1.079,255,1444
267818505,0.000,-1.159,0.854,0.001,0.153,1.114,255,1444
267819638,-1.951,1.890,0.610,0.064,0.044,1.005,255,1444
267820414,-1.646,4.268,0.244,0.126,-0.097,0.962,255,1444
267821639,-1.402,4.329,0.000,0.035,-0.009,0.985,255,1444
267822407,-0.976,1.768,0.000,-0.171,0.051,1.015,255,1444
267823638,-0.732,-0.305,0.244,-0.193,0.097,1.039,255,1444
267824517,-0.305,-1.585,0.610,0.068,0.133,1.159,255,1444
267825638,-1.890,2.073,0.244,0.067,-0.042,0.936,255,1444
267826383,-1.890,2.073,0.244,0.067,-0.042,0.936,255,1444
267827638,-1.280,4.207,0.305,0.021,0.018,0.970,255,1444
267828388,-0.915,1.890,0.244,-0.221,0.013,1.034,255,1444
267829638,-0.488,-0.122,0.427,-0.173,0.105,1.035,255,1444
267830532,-0.244,-1.646,1.037,0.102,0.141,1.138,255,1444
267831638,-1.159,-0.854,0.915,0.077,0.015,1.135,255,1444
267832721,-1.646,4.451,-0.061,0.147,-0.091,1.038,255,1444
267833641,-1.524,4.207,0.427,-0.019,0.035,0.970,255,1453
267834547,-0.976,1.707,0.122,-0.278,0.012,1.017,255,1453
267835638,-0.183,-0.488,0.061,-0.104,0.126,1.042,255,1453
267836505,-0.305,-1.585,1.098,0.113,0.155,1.175,255,1453
267837638,-1.280,-0.549,0.915,0.018,0.006,1.100,255,1453
267838376,-1.402,2.744,-0.061,0.155,-0.074,0.966,255,1453
267839639,-1.159,3.841,0.549,-0.066,-0.007,0.952,255,1453
267840625,-0.854,1.585,0.122,-0.244,0.066,1.035,255,1453
267841638,-0.427,-0.244,0.671,-0.071,0.143,1.040,255,1453
267842509,-1.037,-1.402,1.159,0.101,0.106,1.164,255,1453
267843638,-1.524,-0.061,0.366,0.058,0.023,1.027,255,1453
267844375,-1.524,2.805,-0.061,0.170,-0.067,1.008,255,1453
267845639,-1.341,3.720,0.122,-0.075,0.043,0.991,255,1453
267846505,-1.341,3.720,0.122,-0.195,0.042,0.978,255,1453
267847638,0.061,-0.366,0.854,-0.093,0.188,1.073,255,1453
267848375,-0.793,-1.098,0.610,0.106,0.083,1.175,255,1453
267849638,-1.159,0.427,0.183,0.148,0.005,0.987,255,1453
267850377,-1.768,3.659,0.000,0.072,-0.051,1.096,255,1453
267851639,-1.646,4.634,-0.427,-0.026,-0.109,0.927,255,1453
267852518,-1.280,3.293,-0.122,-0.027,0.040,1.035,255,1453
267853638,0.000,-0.427,1.037,-0.081,0.104,1.088,255,1453
267854506,-0.427,-1.220,0.671,0.168,0.109,1.103,255,1453
267855638,-1.220,0.366,0.793,0.166,0.004,0.996,255,1453
267856383,-1.402,3.354,-0.366,0.006,-0.091,1.058,255,1453
267857639,-1.280,4.451,-0.427,-0.016,-0.073,0.928,255,1453
267858628,-1.341,3.110,0.427,-0.035,0.066,1.076,255,1453
267859638,-0.488,-0.549,0.732,-0.042,0.154,1.120,255,1453
267860504,-0.549,-0.671,0.610,0.234,0.087,1.047,255,1453
267861638,-1.402,1.037,0.610,0.125,-0.020,1.008,255,1453
267862379,-1.646,3.415,-0.671,-0.023,-0.079,1.011,255,1453
267863639,-1.098,3.841,-0.305,0.061,-0.106,0.933,255,1453
267864630,-1.280,2.561,0.549,-0.146,0.102,1.167,255,1453
267865638,-0.488,0.549,0.915,-0.261,0.056,0.991,255,1453
267866372,-0.244,-0.793,1.037,0.086,0.192,1.130,255,1453
267867639,-1.280,1.098,0.366,0.047,-0.102,0.911,255,1453
267868366,-1.341,3.659,-0.854,0.020,-0.034,0.902,255,1453
267869638,-1.402,3.902,0.061,0.037,-0.047,1.014,255,1453
267870509,-1.280,2.744,0.305,-0.257,0.051,1.182,255,1453
267871638,-0.549,0.793,0.854,-0.203,0.106,1.014,255,1453
267872376,-0.305,-0.793,1.220,0.158,0.184,1.123,255,1453
267873639,-1.951,1.463,-0.122,0.020,-0.055,0.950,255,1453
267874511,-1.829,3.537,-0.488,0.069,-0.088,0.870,255,1453
267875638,-1.585,4.024,0.488,-0.059,-0.017,1.096,255,1453
267876622,-1.463,2.256,0.610,-0.263,0.074,1.162,255,1453
267877638,-0.183,0.427,0.976,-0.093,0.130,0.982,255,1453
267878376,-0.244,-0.610,1.341,0.179,0.170,1.184,255,1453
267879639,-1.646,1.646,-0.732,0.068,-0.077,0.951,255,1453
267880522,-1.646,1.646,-0.732,0.068,-0.077,0.951,255,1453
267881638,-1.524,3.537,0.305,-0.137,-0.008,1.052,255,1453
267882729,-1.341,1.890,0.793,-0.204,0.086,1.174,255,1453
267883605,-0.488,0.488,1.524,-0.050,0.146,1.026,255,1463
267884638,0.061,-0.427,1.037,0.157,0.124,1.123,255,1463
267885372,-0.793,-0.183,0.549,0.201,0.020,0.979,255,1463
267886639,-1.341,3.476,-0.671,-0.108,-0.087,0.945,255,1463
267887509,-1.890,3.293,0.061,-0.100,-0.000,1.106,255,1463
267888638,-1.646,1.463,1.098,-0.170,0.141,1.106,255,1463
267889507,-0.732,0.610,1.159,-0.060,0.095,1.037,255,1463
267890638,-0.244,-0.122,0.671,0.198,0.159,1.101,255,1463
267891376,-0.793,0.305,0.488,0.269,-0.024,0.955,255,1463
267892639,-1.768,2.256,-0.549,-0.091,-0.113,1.015,255,1463
267893517,-1.341,3.902,-0.854,-0.111,-0.064,1.022,255,1463
267894638,-1.341,1.220,1.524,-0.230,0.118,1.007,255,1463
267895509,-0.366,0.549,1.098,-0.028,0.120,1.088,255,1463
267896638,-0.244,-0.183,0.549,0.303,0.131,1.057,255,1463
267897380,-1.098,0.427,0.488,0.205,-0.052,1.009,255,1463
267898639,-1.768,2.256,-0.732,-0.173,-0.160,0.997,255,1463
267899509,-1.098,3.780,-0.671,-0.049,-0.023,1.056,255,1463
267900638,-0.732,1.341,1.341,-0.243,0.098,0.936,255,1463
267901505,-0.366,0.610,0.854,0.072,0.166,1.032,255,1463
267902638,-0.122,-0.305,0.915,0.376,0.084,1.018,255,1463
267903375,-1.098,0.549,0.122,0.067,-0.080,1.000,255,1463
267904639,-1.524,2.561,-1.280,-0.160,-0.154,0.999,255,1463
267905517,-1.463,3.537,-0.183,-0.013,0.029,1.071,255,1463
267906638,-1.707,2.378,1.159,-0.207,0.050,1.205,255,1463
267907501,-0.549,1.220,1.037,-0.185,0.124,0.944,255,1463
267908638,0.000,0.183,0.976,0.335,0.022,0.912,255,1463
267909378,-1.402,0.671,-0.488,-0.021,-0.068,1.067,255,1463
267910638,-1.768,2.378,-1.220,-0.113,-0.126,0.971,255,1463
267911641,-1.585,3.110,0.183,-0.071,0.000,1.118,255,1463
267912638,-1.890,2.378,1.402,-0.268,0.082,1.180,255,1463
267913385,-0.732,1.341,1.524,0.005,0.146,1.005,255,1463
267914638,0.061,0.122,0.366,0.304,-0.053,0.887,255,1463
267915364,0.061,0.122,0.366,0.304,-0.053,0.887,255,1463
267916638,-1.280,2.439,-0.671,-0.115,-0.127,0.896,255,1463
267917509,-1.341,3.293,0.488,-0.152,0.031,1.152,255,1463
267918638,-1.402,2.317,1.402,-0.204,0.110,1.118,255,1463
267919377,-0.183,1.646,1.585,0.079,0.148,1.054,255,1463
267920639,-0.122,0.122,-0.122,0.326,-0.088,0.932,255,1463
267921505,-2.134,0.915,-1.037,-0.098,-0.038,1.140,255,1463
267922638,-1.707,2.744,-0.915,-0.183,-0.139,0.801,255,1463
267923631,-2.073,3.171,0.366,-0.169,0.060,1.253,255,1463
267924638,-1.585,2.256,1.585,-0.074,0.172,1.060,255,1463
267925381,-0.671,1.159,1.707,0.046,0.104,1.063,255,1463
267926639,0.183,0.610,0.549,0.157,0.124,0.891,255,1463
267927369,-0.732,-0.061,-0.183,0.389,-0.099,1.103,255,1463
267928638,-1.524,2.805,-0.427,-0.159,-0.116,0.955,255,1463
267929631,-2.012,3.049,0.915,-0.159,0.125,1.193,255,1463
267930638,-0.793,2.256,2.012,-0.029,0.138,1.041,255,1463
267931695,-0.488,1.280,1.098,0.001,0.141,1.083,255,1463
267932641,0.366,0.610,0.305,0.314,0.077,0.874,255,1473
267933404,-1.159,0.183,-0.244,0.237,-0.105,1.063,255,1473
267934638,-1.890,2.500,-0.244,-0.076,-0.070,1.136,255,1473
267935629,-1.951,2.683,1.402,-0.181,0.119,1.169,255,1473
267936638,-0.854,2.073,2.012,-0.041,0.135,0.945,255,1473
267937381,-0.610,1.524,0.732,0.112,0.119,1.047,255,1473
267938638,0.244,0.671,0.244,0.372,0.062,0.922,255,1473
267939439,-1.402,-0.061,-0.610,0.050,-0.117,1.069,255,1473
267940639,-1.890,1.280,-1.037,-0.236,-0.118,0.940,255,1473
267941673,-1.524,2.927,1.829,-0.171,0.089,1.125,255,1473
267942638,-0.549,2.317,1.646,0.003,0.207,0.937,255,1473
267943383,-0.427,1.280,0.671,0.229,0.089,0.952,255,1473
267944638,0.000,0.427,-0.061,0.311,0.029,0.942,255,1473
267945370,-1.463,0.061,-0.976,-0.099,-0.189,1.069,255,1473
267946639,-1.524,1.463,-0.671,-0.156,-0.043,1.005,255,1473
267947634,-2.073,2.561,0.854,-0.202,0.014,1.187,255,1473
267948638,-0.732,2.256,1.646,0.092,0.187,1.019,255,1473
267949374,-0.732,2.256,1.646,0.092,0.187,1.019,255,1473
267950639,-0.061,0.244,-0.427,0.248,-0.004,0.972,255,1473
267951494,-1.585,-0.122,-1.098,-0.132,-0.170,1.053,255,1473
267952638,-1.646,1.585,-0.610,-0.167,-0.043,0.980,255,1473
267953634,-2.317,2.683,0.915,-0.267,0.035,1.242,255,1473
267954638,-0.610,2.073,1.463,0.092,0.150,1.098,255,1473
267955383,-0.610,2.073,1.463,0.092,0.150,1.098,255,1473
267956638,-0.427,-0.244,-0.976,0.208,-0.104,1.022,255,1473
267957509,-1.768,-0.061,-0.732,-0.223,-0.082,0.984,255,1473
267958638,-2.073,1.768,-0.122,-0.198,-0.076,1.050,255,1473
267959637,-2.195,3.110,1.341,-0.203,0.087,1.240,255,1473
267960638,-1.037,2.683,2.012,0.089,0.199,1.029,255,1473
267961375,-0.305,2.256,1.220,0.082,0.108,1.024,255,1473
267962639,-0.976,-0.488,-0.854,0.167,-0.119,1.163,255,1473
267963517,-2.256,0.732,-0.732,-0.301,-0.088,0.834,255,1473
267964638,-2.561,2.012,0.061,-0.203,-0.050,1.291,255,1473
267965630,-2.500,2.988,1.768,-0.095,0.150,1.073,255,1473
267966638,-1.220,2.744,1.829,0.066,0.148,1.029,255,1473
267967383,-0.122,2.134,0.610,0.068,0.116,0.963,255,1473
267968638,-1.159,-0.732,-0.915,-0.062,-0.107,1.119,255,1473
267969511,-1.585,0.793,-0.671,-0.298,-0.122,0.957,255,1473
267970638,-2.378,2.317,0.488,-0.157,0.038,1.355,255,1473
267971507,-1.524,3.049,1.646,-0.018,0.192,1.012,255,1473
267972638,-0.671,2.866,1.585,0.059,0.157,0.964,255,1473
267973375,0.305,2.012,0.244,0.182,0.110,0.883,255,1473
267974639,0.000,0.122,-0.305,0.351,-0.081,0.991,255,1473
267975369,-1.463,-0.610,-0.854,-0.215,-0.109,1.020,255,1473
267976639,-2.500,2.317,1.220,-0.138,0.048,1.253,255,1473
267977514,-1.585,3.049,1.707,0.027,0.179,1.133,255,1473
267978638,-0.854,2.561,1.037,0.069,0.115,0.944,255,1473
267979380,0.305,1.646,0.000,0.276,0.083,0.803,255,1473
267980639,-0.183,0.183,-0.610,0.197,-0.066,1.015,255,1473
267981726,-2.012,1.159,-0.061,-0.179,-0.049,1.144,255,1473
267982640,-2.073,2.805,1.402,-0.167,0.107,1.097,255,1483
267983638,-1.037,3.232,1.829,0.100,0.190,1.147,255,1483
267984390,-0.061,2.683,0.732,0.105,0.115,0.994,255,1483
267985638,1.037,1.098,-0.305,0.233,0.053,0.856,255,1483
267986376,-0.610,-0.549,-1.098,0.099,-0.148,1.007,255,1483
267987639,-2.195,-0.244,-0.671,-0.264,-0.047,1.026,255,1483
267988638,-2.378,3.293,1.585,-0.052,0.164,1.104,255,1483
267989638,-1.280,3.476,1.951,0.178,0.164,1.145,255,1483
267990380,0.122,2.622,0.366,0.042,0.089,0.895,255,1483
267991639,0.976,1.098,-0.732,0.279,-0.002,1.002,255,1483
267992374,-0.732,-0.915,-0.610,-0.027,-0.096,1.028,255,1483
267993638,-1.951,-0.244,-0.305,-0.277,-0.111,1.008,255,1483
267994636,-2.439,1.890,0.793,-0.235,0.051,1.238,255,1483
267995638,-0.671,3.171,1.646,0.124,0.131,1.066,255,1483
267996383,-0.671,3.171,1.646,0.124,0.131,1.066,255,1483
267997638,0.427,0.427,-0.610,0.302,-0.067,1.073,255,1483
267998376,-1.402,-0.915,-0.305,-0.162,-0.101,1.046,255,1483
267999639,-2.622,0.427,-0.305,-0.326,-0.073,1.053,255,1483
268000641,-2.195,2.317,0.915,-0.110,0.075,1.241,255,1483
268001638,-1.341,3.598,2.134,0.160,0.171,1.050,255,1483
268002382,-0.061,3.293,1.159,0.014,0.108,0.958,255,1483
268003638,-0.122,-0.061,-0.427,0.188,-0.058,1.088,255,1483
268004506,-1.585,-0.976,-0.244,-0.306,-0.099,1.047,255,1483
268005638,-2.622,0.671,0.061,-0.233,-0.047,1.196,255,1483
268006632,-2.195,2.866,1.220,-0.007,0.130,1.126,255,1483
268007638,-1.646,3.476,1.768,0.096,0.169,1.095,255,1483
268008376,-0.305,2.988,0.366,0.077,0.044,0.938,255,1483
268009639,-0.366,-0.915,-0.671,0.019,-0.103,1.014,255,1483
268010506,-1.829,-0.976,-0.427,-0.299,-0.088,1.111,255,1483
268011638,-2.683,1.280,0.305,-0.199,-0.010,1.160,255,1483
268012640,-1.951,3.232,1.585,0.043,0.090,1.109,255,1483
268013638,-0.732,3.780,1.829,0.099,0.226,1.069,255,1483
268014375,0.610,2.744,0.183,0.191,0.021,0.887,255,1483
268015639,-0.854,-1.098,-0.793,-0.104,-0.083,1.010,255,1483
268016508,-0.854,-1.098,-0.793,-0.104,-0.083,1.010,255,1483
268017638,-3.110,1.890,0.915,-0.223,0.026,1.157,255,1483
268018509,-1.829,4.146,1.585,0.060,0.132,1.064,255,1483
268019638,-0.976,3.841,1.402,0.207,0.137,1.010,255,1483
268020385,0.061,2.500,0.122,0.140,0.013,0.905,255,1483
268021638,0.305,0.244,-1.037,0.039,0.011,0.995,255,1483
268022373,-1.463,-1.585,-0.671,-0.049,-0.094,1.051,255,1483
268023639,-2.744,2.744,0.915,-0.195,0.057,1.262,255,1483
268024515,-1.646,3.902,1.585,0.240,0.150,0.934,255,1483
268025638,-0.244,3.293,1.341,0.172,0.112,0.946,255,1483
268026380,0.976,1.951,-0.305,0.026,0.014,0.871,255,1483
268027639,0.305,-0.488,-0.976,0.105,-0.065,1.036,255,1483
268028506,-1.463,-1.524,0.122,-0.162,-0.052,1.026,255,1483
268029638,-2.378,3.110,0.976,-0.019,0.113,1.160,255,1483
268030533,-1.098,4.207,1.585,0.266,0.132,1.060,255,1483
268031638,0.427,2.927,0.488,0.079,0.059,0.867,255,1483
268032698,1.037,1.098,-0.488,0.069,0.040,0.897,255,1483
268033641,-0.244,-1.220,-0.244,0.075,-0.102,1.125,255,1492
268034543,-2.256,-1.280,0.122,-0.323,-0.015,1.054,255,1492
268035638,-2.866,1.220,0.549,-0.187,0.013,1.102,255,1492
268036509,-2.256,3.232,1.585,0.130,0.152,1.109,255,1492
268037638,0.671,2.683,-0.244,0.064,0.030,0.876,255,1492
268038383,0.793,0.671,-0.366,0.118,0.049,0.942,255,1492
268039638,-0.793,-1.220,0.183,-0.062,-0.155,1.143,255,1492
268040586,-2.561,-0.549,0.244,-0.385,0.046,1.058,255,1492
268041639,-2.500,1.707,0.732,0.017,0.003,1.054,255,1492
268042544,-1.890,3.841,1.585,0.121,0.145,1.105,255,1492
268043638,0.610,2.195,-0.244,0.152,-0.032,0.930,255,1492
268044380,0.610,2.195,-0.244,0.152,-0.032,0.930,255,1492
268045639,-1.524,-1.524,-0.122,-0.199,-0.157,1.159,255,1492
268046521,-2.866,0.183,0.305,-0.247,0.054,1.053,255,1492
268047638,-2.622,2.439,1.341,0.063,0.043,1.218,255,1492
268048374,-1.341,3.841,1.524,0.136,0.111,0.943,255,1492
268049639,0.671,1.890,0.000,0.094,-0.040,0.891,255,1492
268050385,0.671,1.890,0.000,0.094,-0.040,0.891,255,1492
268051639,-2.134,-1.402,0.610,-0.189,-0.064,1.137,255,1492
268052506,-3.049,0.549,1.280,-0.142,0.036,1.200,255,1492
268053638,-2.378,2.988,1.524,0.042,0.054,1.075,255,1492
268054379,-1.159,3.841,1.037,0.171,0.150,0.995,255,1492
268055638,0.427,2.866,0.671,0.125,0.054,0.925,255,1492
268056374,0.732,0.915,-0.183,-0.006,-0.030,0.862,255,1492
268057639,-2.866,-1.037,0.610,-0.220,-0.025,1.124,255,1492
268058622,-2.744,1.524,0.671,-0.089,0.016,1.113,255,1492
268059638,-1.707,3.537,1.098,0.106,0.125,1.088,255,1492
268060375,-0.366,3.841,0.793,0.253,0.104,1.010,255,1492
268061639,1.098,2.683,0.122,-0.026,-0.012,0.925,255,1492
268062380,1.098,0.732,-0.732,-0.040,0.025,0.961,255,1492
268063639,-2.561,-0.244,0.793,-0.302,0.016,1.035,255,1492
268064505,-2.561,2.195,0.610,-0.033,0.021,1.113,255,1492
268065638,-1.890,3.841,0.976,0.254,0.153,0.989,255,1492
268066378,-0.671,3.354,0.549,0.118,0.054,1.012,255,1492
268067639,0.488,1.951,-0.671,-0.089,-0.017,0.923,255,1492
268068504,0.244,0.244,-0.488,0.064,0.023,1.034,255,1492
268069638,-1.829,-1.280,0.854,-0.118,-0.085,1.176,255,1492
268070507,-2.622,0.549,0.427,-0.253,0.045,1.055,255,1492
268071638,-0.793,3.963,1.159,0.250,0.131,0.935,255,1492
268072375,0.549,2.927,0.305,0.000,0.016,0.863,255,1492
268073639,0.854,1.524,-0.427,-0.053,0.081,0.899,255,1492
268074374,-0.427,-0.366,0.061,0.076,-0.064,1.157,255,1492
268075639,-2.439,-1.159,0.366,-0.285,-0.022,1.107,255,1492
268076627,-2.744,1.341,0.488,-0.066,0.031,1.081,255,1492
268077638,-0.671,4.024,0.549,0.139,0.072,1.084,255,1492
268078379,-0.671,4.024,0.549,0.139,0.072,1.084,255,1492
268079639,0.305,0.793,-0.122,0.027,-0.008,0.919,255,1492
268080390,-1.037,-0.549,0.366,-0.086,-0.017,1.170,255,1492
268081638,-2.927,-0.671,0.732,-0.182,-0.013,1.092,255,1492
268082736,-2.500,1.463,0.976,0.049,0.040,1.019,255,1492
268083655,0.000,3.415,0.305,0.133,0.089,1.033,255,1502
268084638,0.061,2.073,0.061,-0.052,0.016,0.989,255,1502
268085384,0.061,2.073,0.061,-0.052,0.016,0.989,255,1502
268086639,-1.829,-0.976,0.244,-0.078,-0.043,1.169,255,1502
268087501,-2.744,0.061,0.488,-0.097,0.064,1.011,255,1502
268088638,-1.890,2.378,0.366,0.042,0.000,1.140,255,1502
268089377,-0.915,3.780,0.793,0.165,0.108,0.897,255,1502
268090639,0.610,1.768,0.244,-0.123,0.009,0.961,255,1502
268091369,0.610,1.768,0.244,-0.123,0.009,0.961,255,1502
268092639,-2.439,-1.098,0.732,-0.061,0.007,1.171,255,1502
268093503,-2.927,0.732,0.732,-0.069,-0.013,1.065,255,1502
268094638,-1.768,2.744,0.610,0.071,0.055,1.115,255,1502
268095497,-0.549,3.354,0.610,0.215,0.083,0.957,255,1502
268096638,0.244,2.561,0.183,-0.087,0.016,0.940,255,1502
268097375,0.122,1.098,-0.427,-0.146,0.011,0.969,255,1502
268098639,-2.561,-0.915,1.098,-0.118,0.004,1.099,255,1502
268099496,-2.500,1.341,0.244,-0.035,0.010,1.094,255,1502
268100638,-1.524,2.866,0.122,0.210,0.055,1.005,255,1502
268101379,-0.305,3.354,0.671,0.090,0.073,1.051,255,1502
268102639,0.549,2.073,0.122,-0.192,0.006,0.934,255,1502
268103369,0.488,0.427,0.061,-0.020,0.046,1.038,255,1502
268104638,-2.561,-0.061,0.488,-0.129,0.014,1.062,255,1502
268105502,-2.317,2.134,0.183,0.103,-0.001,1.025,255,1502
268106638,-1.098,3.171,0.488,0.158,0.089,0.969,255,1502
268107369,0.427,2.622,0.244,-0.028,0.033,1.036,255,1502
268108638,0.427,1.646,-0.122,-0.154,0.025,0.978,255,1502
268109368,-0.183,0.244,0.305,-0.001,0.007,1.085,255,1502
268110638,-2.073,-1.098,0.610,-0.025,0.030,1.117,255,1502
268111494,-2.927,0.305,0.366,-0.004,-0.010,1.044,255,1502
268112638,-0.671,3.598,0.183,0.082,0.042,0.939,255,1502
268113492,0.183,2.683,0.244,-0.091,0.063,0.985,255,1502
268114638,0.244,1.037,0.305,-0.080,0.035,0.967,255,1502
268115367,-0.976,-0.549,0.549,-0.023,0.021,1.168,255,1502
268116638,-2.256,-0.793,0.732,-0.011,0.000,1.074,255,1502
268117615,-2.317,1.341,0.366,0.064,0.008,1.039,255,1502
268118638,-0.305,3.598,0.305,0.012,0.086,1.056,255,1502
268119370,-0.305,3.598,0.305,0.012,0.086,1.056,255,1502
268120639,0.122,0.488,0.427,-0.115,0.074,0.979,255,1502
268121371,-1.524,-0.732,0.427,0.042,0.014,1.097,255,1502
268122638,-2.744,-0.244,0.732,0.037,0.015,1.107,255,1502
268123370,-2.073,1.646,-0.061,0.038,-0.015,0.943,255,1502
268124638,-0.305,2.866,0.488,0.005,0.067,1.059,255,1502
268125504,-0.305,2.866,0.488,-0.183,-0.015,1.030,255,1502
268126638,-0.183,0.305,0.366,-0.054,0.091,1.055,255,1502
268127497,-1.463,-0.671,0.854,0.124,-0.025,1.132,255,1502
268128638,-2.378,0.854,0.671,-0.008,0.015,1.016,255,1502
268129505,-1.646,2.378,-0.244,0.046,0.005,1.124,255,1502
268130639,-0.732,3.110,0.122,0.080,0.021,0.945,255,1502
268131699,0.000,1.463,0.427,-0.127,0.020,0.965,255,1502
268132641,-0.793,0.000,0.732,0.091,0.114,1.159,255,1512
268133404,-2.256,-0.488,0.854,0.034,-0.056,1.068,255,1512
268134638,-2.073,1.402,-0.244,0.019,0.057,1.015,255,1512
268135512,-1.585,2.744,-0.183,0.109,0.008,1.021,255,1512
268136638,-0.793,3.293,0.366,-0.028,0.067,1.062,255,1512
268137375,-0.244,2.317,0.427,-0.203,-0.029,1.000,255,1512
268138639,-1.098,-0.244,1.098,0.161,-0.010,1.071,255,1512
268139632,-2.012,0.061,0.854,-0.028,0.011,1.054,255,1512
268140638,-1.768,1.707,-0.305,0.103,-0.012,0.964,255,1512
268141505,-0.671,3.049,-0.061,0.037,0.002,1.067,255,1512
268142638,-0.122,3.049,0.305,-0.118,0.089,1.026,255,1512
268143379,-0.122,2.317,0.793,-0.156,0.010,1.105,255,1512
268144639,-0.244,0.610,1.037,0.013,0.140,1.052,255,1512
268145374,-1.463,-0.549,0.732,0.176,-0.053,1.107,255,1512
268146638,-1.524,2.378,-0.183,0.096,-0.070,1.107,255,1512
268147637,-0.854,3.171,0.122,-0.026,0.021,0.978,255,1512
268148638,-0.549,2.500,0.488,-0.206,0.099,0.974,255,1512
268149373,-0.366,1.585,0.793,-0.099,-0.019,1.024,255,1512
268150639,-0.915,0.244,0.671,0.130,0.132,1.045,255,1512
268151507,-2.317,-0.427,0.732,0.119,-0.023,1.105,255,1512
268152638,-1.098,2.439,-0.427,-0.014,0.033,1.040,255,1512
268153627,-0.732,3.049,0.305,-0.002,0.044,1.050,255,1512
268154638,-0.732,2.378,0.976,-0.232,0.051,1.033,255,1512
268155380,-0.366,1.280,0.915,-0.063,0.078,1.001,255,1512
268156639,-1.098,-0.427,1.037,0.288,0.054,1.028,255,1512
268157374,-2.744,-0.244,0.976,0.027,-0.014,1.051,255,1512
268158639,-1.037,2.805,-0.305,0.002,0.026,1.082,255,1512
268159509,-1.037,2.805,-0.305,-0.104,0.087,1.092,255,1512
268160638,-0.122,2.134,0.610,-0.246,0.036,1.135,255,1512
268161504,-0.122,0.976,1.098,0.138,0.116,1.009,255,1512
268162638,-1.524,-0.305,1.098,0.253,-0.005,1.096,255,1512
268163505,-2.073,0.366,-0.122,-0.054,0.007,0.957,255,1512
268164638,-1.463,1.646,-0.732,0.015,-0.063,1.105,255,1512
268165619,-0.488,2.439,1.159,-0.277,0.108,0.954,255,1512
268166638,-0.610,1.890,0.671,-0.027,0.029,1.032,255,1512
268167382,-0.915,0.427,1.159,0.264,0.132,1.082,255,1512
268168639,-2.012,-0.488,0.671,0.086,-0.081,1.099,255,1512
268169501,-1.829,0.732,-0.610,0.040,-0.058,0.940,255,1512
268170638,-1.280,2.317,-0.061,-0.073,0.033,1.049,255,1512
268171627,-0.854,2.866,0.488,-0.128,0.009,1.110,255,1512
268172638,-0.122,1.098,1.159,0.087,0.137,1.011,255,1512
268173372,-0.122,1.098,1.159,0.087,0.137,1.011,255,1512
268174639,-2.012,-0.183,-0.061,0.038,0.021,0.975,255,1512
268175504,-1.829,1.341,-0.793,0.015,-0.098,1.049,255,1512
268176638,-1.159,2.988,-0.427,-0.176,0.021,1.049,255,1512
268177625,-0.976,2.561,0.488,-0.146,0.079,1.075,255,1512
268178638,-0.610,2.317,1.159,-0.081,0.114,1.125,255,1512
268179380,-0.244,0.915,1.037,0.190,0.061,0.980,255,1512
268180639,-2.012,0.122,-0.610,0.061,-0.052,0.971,255,1512
268181724,-1.646,1.890,-0.793,-0.177,-0.044,1.122,255,1512
268182609,-1.037,3.171,-0.061,-0.132,0.063,1.076,255,1522
268183638,-0.854,2.622,1.463,-0.148,0.119,1.040,255,1522
268184509,-0.610,1.707,1.159,0.011,0.050,1.001,255,1522
268185638,-0.549,0.183,0.610,0.211,-0.085,1.054,255,1522
268186379,-1.524,-0.366,0.122,0.211,-0.085,1.054,255,1522
268187639,-1.341,2.622,-1.098,-0.215,0.005,1.046,255,1522
268188634,-1.220,3.293,0.854,-0.075,0.087,1.131,255,1522
268189638,-0.732,2.683,1.341,-0.198,0.086,1.096,255,1522
268190376,-0.061,1.037,0.854,0.163,0.116,0.937,255,1522
268191639,-0.610,-0.488,0.244,0.381,0.027,1.036,255,1522
268192376,-1.463,0.061,-0.122,0.003,-0.078,1.030,255,1522
268193638,-1.585,3.049,0.061,-0.107,0.051,1.010,255,1522
268194500,-1.646,2.988,1.707,-0.173,0.075,1.066,255,1522
268195638,-0.793,2.073,1.402,-0.118,0.137,1.038,255,1522
268196383,-0.305,0.366,0.854,0.381,0.044,1.028,255,1522
268197638,-1.220,-0.549,0.488,0.203,-0.008,1.041,255,1522
268198503,-2.134,0.305,-0.732,-0.081,-0.104,0.988,255,1522
268199638,-1.951,3.415,1.037,-0.145,0.068,1.159,255,1522
268200514,-1.220,2.866,1.402,-0.213,0.122,1.057,255,1522
268201638,-0.244,1.646,1.220,0.206,0.131,0.947,255,1522
268202379,-0.122,0.366,1.159,0.364,0.048,0.990,255,1522
268203638,-1.220,-0.427,-0.610,0.042,-0.110,1.019,255,1522
268204509,-1.951,0.915,-1.341,-0.130,-0.053,0.935,255,1522
268205638,-1.890,2.805,0.000,-0.215,-0.012,1.151,255,1522
268206625,-1.098,2.988,1.585,-0.003,0.116,1.055,255,1522
268207638,-0.061,1.220,1.280,0.280,0.113,0.937,255,1522
268208383,-0.427,-0.793,-0.122,0.263,-0.067,1.120,255,1522
268209638,-1.463,-0.366,-0.671,0.018,-0.077,0.907,255,1522
268210634,-1.707,1.463,-0.305,-0.242,-0.039,1.190,255,1522
268211638,-1.585,3.049,0.671,-0.254,0.000,1.029,255,1522
268212520,-1.098,3.049,1.463,-0.119,0.209,1.081,255,1522
268213638,0.061,0.244,0.488,0.322,0.047,0.970,255,1522
268214370,0.061,0.244,0.488,0.322,0.047,0.970,255,1522
268215638,-1.829,0.671,-0.488,-0.068,-0.050,0.969,255,1522
268216497,-1.585,2.683,-0.244,-0.327,-0.080,1.154,255,1522
268217638,-1.280,3.720,1.098,-0.197,0.180,1.147,255,1522
268218511,-0.305,3.110,1.768,0.003,0.089,1.045,255,1522
268219638,0.366,1.585,1.098,0.334,-0.016,1.000,255,1522
268220371,-0.305,-0.305,-0.183,0.334,-0.016,1.000,255,1522
268221638,-1.829,0.732,-0.549,-0.262,-0.069,1.096,255,1522
268222637,-1.646,2.500,0.366,-0.226,0.036,1.084,255,1522
268223638,-0.976,2.927,1.707,-0.112,0.198,1.108,255,1522
268224384,0.000,2.561,1.646,0.053,0.068,1.062,255,1522
268225639,0.610,0.671,0.122,0.349,0.143,0.966,255,1522
268226369,-0.854,-0.854,-0.183,0.274,-0.129,1.000,255,1522
268227638,-1.890,2.012,-0.427,-0.290,-0.004,1.107,255,1522
268228631,-2.317,3.171,1.646,-0.115,0.080,1.165,255,1522
268229638,-1.402,2.988,2.012,-0.153,0.189,1.043,255,1522
268230404,0.244,1.646,0.732,0.233,0.117,0.946,255,1522
268231638,0.671,0.000,0.000,0.452,-0.005,0.884,255,1522
268232679,-1.037,-0.671,-0.305,-0.056,-0.105,1.033,255,1522
268233641,-2.195,2.866,0.183,-0.218,0.057,1.221,255,1532
268234547,-1.951,3.354,1.707,-0.150,0.164,1.161,255,1532
268235638,-0.305,2.805,1.280,0.035,0.114,1.006,255,1532
268236383,0.427,1.159,1.037,0.379,0.121,0.995,255,1532
268237639,-0.488,-0.610,0.061,0.246,-0.104,1.039,255,1532
268238506,-1.951,-0.366,-0.854,-0.156,-0.140,0.909,255,1532
268239638,-2.134,1.768,-0.244,-0.281,-0.015,1.175,255,1532
268240643,-1.159,2.988,1.280,-0.107,0.235,1.037,255,1532
268241638,0.244,2.378,1.098,0.274,0.100,0.959,255,1532
268242379,0.427,0.427,0.366,0.369,0.068,0.961,255,1532
268243639,-1.037,-0.854,-0.671,0.088,-0.196,1.039,255,1532
268244506,-2.317,0.305,-1.098,-0.221,-0.039,0.980,255,1532
268245638,-2.378,2.500,0.061,-0.316,-0.015,1.185,255,1532
268246634,-2.195,3.659,1.037,-0.138,0.168,1.136,255,1532
268247638,0.488,1.280,0.427,0.303,0.096,0.922,255,1532
268248375,0.488,1.280,0.427,0.303,0.096,0.922,255,1532
268249639,-1.890,-0.549,-0.488,-0.103,-0.060,0.946,255,1532
268250508,-2.073,1.402,-0.183,-0.317,-0.095,1.131,255,1532
268251638,-2.073,3.354,0.671,-0.217,0.069,1.117,255,1532
268252509,-1.463,3.415,1.829,-0.008,0.249,1.127,255,1532
268253638,0.427,2.744,1.280,0.190,0.081,0.966,255,1532
268254382,0.915,0.305,-0.122,0.334,0.069,1.025,255,1532
268255638,-2.073,0.122,-0.732,-0.287,-0.123,0.962,255,1532
268256509,-2.439,2.195,0.183,-0.362,0.019,1.116,255,1532
268257638,-2.012,3.659,1.463,-0.008,0.151,1.193,255,1532
268258384,-0.732,3.293,1.890,-0.012,0.195,1.043,255,1532
268259639,0.488,1.402,0.427,0.270,0.092,0.904,255,1532
268260376,0.244,-0.366,-0.366,0.396,-0.074,0.914,255,1532
268261638,-2.683,0.854,-0.549,-0.357,-0.131,1.070,255,1532
268262628,-2.744,2.927,0.671,-0.161,0.131,1.119,255,1532
268263638,-1.890,3.293,2.073,0.002,0.212,1.145,255,1532
268264376,0.000,2.500,1.159,0.113,0.130,1.058,255,1532
268265638,1.037,0.488,0.000,0.403,0.022,0.921,255,1532
268266362,-0.427,-0.854,-0.244,0.134,-0.122,0.990,255,1532
268267638,-2.500,2.378,0.061,-0.286,-0.016,1.173,255,1532
268268637,-2.195,3.780,1.707,-0.114,0.176,1.129,255,1532
268269638,-1.037,3.049,1.768,0.043,0.191,1.021,255,1532
268270381,0.427,1.280,0.427,0.322,0.089,0.943,255,1532
268271638,0.366,-0.366,-0.305,0.287,-0.060,0.946,255,1532
268272493,-1.402,-1.280,-0.732,-0.125,-0.125,0.982,255,1532
268273638,-2.683,0.915,-0.610,-0.290,-0.111,1.042,255,1532
268274634,-1.463,3.720,1.524,-0.007,0.170,1.103,255,1532
268275638,0.244,2.317,1.280,0.225,0.148,1.053,255,1532
268276375,0.793,0.305,0.366,0.312,0.071,0.898,255,1532
268277639,-0.488,-1.463,-0.732,0.166,-0.211,1.031,255,1532
268278506,-2.561,-0.366,-0.915,-0.281,-0.054,0.933,255,1532
268279638,-2.988,2.134,0.305,-0.312,-0.060,1.228,255,1532
268280709,-0.854,3.110,1.646,0.143,0.183,1.045,255,1532
268281383,-0.854,3.110,1.646,0.143,0.183,1.045,255,1532
268282638,0.793,-0.305,-0.549,0.294,-0.067,0.974,255,1532
268283723,-1.280,-1.220,-0.488,-0.049,-0.114,1.021,255,1532
268284637,-2.378,0.915,-0.366,-0.354,-0.104,1.071,255,1541
268285638,-2.439,2.988,0.610,-0.257,0.086,1.167,255,1541
268286512,-1.829,4.024,1.646,0.082,0.208,1.132,255,1541
268287638,0.000,2.805,1.098,0.137,0.165,1.008,255,1541
268288385,0.427,0.305,-0.366,0.319,0.005,0.893,255,1541
268289639,-2.195,-0.488,-0.488,-0.305,-0.165,1.004,255,1541
268290514,-2.561,1.890,-0.061,-0.342,0.010,1.244,255,1541
268291638,-2.439,3.902,1.402,-0.020,0.139,1.108,255,1541
268292505,-0.793,3.354,1.890,0.065,0.227,0.989,255,1541
268293638,0.854,1.707,0.183,0.264,0.046,0.949,255,1541
268294373,0.549,-0.366,-0.549,0.295,0.016,0.942,255,1541
268295639,-2.317,0.549,-0.366,-0.344,-0.064,1.087,255,1541
268296509,-2.744,2.805,0.549,-0.201,0.094,1.099,255,1541
268297638,-1.829,3.780,1.890,0.058,0.178,1.190,255,1541
268298371,0.122,2.805,1.037,0.131,0.152,0.980,255,1541
268299638,0.976,0.549,-0.183,0.339,0.022,0.971,255,1541
268300364,-0.183,-1.341,-0.427,0.116,-0.089,0.932,255,1541
268301638,-2.805,1.707,0.549,-0.290,0.054,1.167,255,1541
268302495,-2.439,3.720,1.463,-0.060,0.120,1.120,255,1541
268303638,-0.427,3.537,1.402,0.128,0.214,1.011,255,1541
268304384,1.159,2.073,0.366,0.239,0.064,0.966,255,1541
268305638,0.610,-0.061,-0.427,0.276,-0.023,0.936,255,1541
268306492,-1.280,-0.854,-0.671,-0.131,-0.203,1.010,255,1541
268307638,-3.049,1.098,0.183,-0.346,-0.035,1.130,255,1541
268308626,-1.585,3.841,1.707,0.091,0.219,1.157,255,1541
268309638,0.488,2.500,1.280,0.169,0.175,0.941,255,1541
268310375,1.098,0.732,-0.122,0.270,-0.006,0.966,255,1541
268311639,0.061,-0.732,-0.732,0.100,-0.097,0.888,255,1541
268312494,-2.378,-0.183,-0.244,-0.283,-0.136,1.083,255,1541
268313638,-2.988,2.012,0.244,-0.308,0.018,1.095,255,1541
268314495,-2.500,3.780,1.098,-0.041,0.137,1.144,255,1541
268315638,0.976,1.951,0.610,0.182,-0.015,0.981,255,1541
268316384,0.976,1.951,0.610,0.182,-0.015,0.981,255,1541
268317638,-1.159,-0.976,-0.305,-0.068,-0.176,1.086,255,1541
268318509,-3.415,0.854,0.183,-0.352,-0.083,1.097,255,1541
268319638,-3.110,2.683,0.915,-0.232,0.121,1.132,255,1541
268320504,-1.951,3.720,1.829,0.196,0.221,1.122,255,1541
268321638,0.000,2.683,1.280,0.126,0.132,0.956,255,1541
268322371,1.159,0.793,-0.183,0.180,0.017,0.914,255,1541
268323639,-2.805,-0.244,0.061,-0.333,-0.135,1.095,255,1541
268324521,-3.537,1.951,0.183,-0.320,0.050,1.072,255,1541
268325638,-2.195,3.780,1.341,0.059,0.132,1.189,255,1541
268326372,-0.549,3.049,1.707,0.170,0.213,1.089,255,1541
268327638,0.915,1.707,0.183,0.134,0.016,0.956,255,1541
268328378,1.402,0.122,-0.610,0.229,-0.043,0.887,255,1541
268329639,-3.232,0.915,0.000,-0.382,-0.007,1.053,255,1541
268330513,-2.927,2.866,1.037,-0.098,0.089,1.170,255,1541
268331638,-1.463,3.841,1.524,0.137,0.190,1.106,255,1541
268332715,0.549,2.439,0.793,0.102,0.146,0.915,255,1541
268333641,0.915,0.488,-0.488,0.217,0.011,0.915,255,1551
268334378,-0.183,-0.305,-0.366,0.081,-0.154,0.956,255,1551
268335638,-3.232,1.646,0.488,-0.157,-0.019,1.082,255,1551
268336617,-2.378,3.354,1.402,-0.010,0.175,1.149,255,1551
268337638,-0.671,2.988,1.037,0.137,0.184,1.032,255,1551
268338379,0.793,1.585,0.549,0.216,0.013,0.998,255,1551
268339639,0.915,0.183,-0.183,0.127,-0.034,0.939,255,1551
268340363,-1.098,-0.305,0.122,-0.120,-0.142,1.052,255,1551
268341638,-2.988,0.854,0.366,-0.237,-0.033,1.047,255,1551
268342620,-1.098,3.354,0.854,0.084,0.220,1.052,255,1551
268343638,0.427,1.890,0.671,0.228,0.073,0.965,255,1551
268344371,0.915,0.793,0.061,0.075,0.026,0.914,255,1551
268345639,0.244,-0.305,-0.244,0.032,-0.167,0.990,255,1551
268346484,-2.073,-0.183,0.427,-0.203,-0.035,1.054,255,1551
268347638,-2.622,1.890,0.793,-0.210,-0.016,1.093,255,1551
268348616,-1.707,3.293,0.976,-0.032,0.215,1.111,255,1551
268349638,0.549,1.524,0.366,0.048,0.033,0.991,255,1551
268350376,0.549,1.524,0.366,0.048,0.033,0.991,255,1551
268351639,-1.402,-0.244,0.488,0.018,-0.153,1.085,255,1551
268352504,-3.232,0.976,0.732,-0.297,0.023,1.094,255,1551
268353638,-2.866,2.622,0.610,-0.125,0.104,1.153,255,1551
268354381,-1.280,3.110,0.610,0.238,0.155,1.028,255,1551
268355639,0.183,2.134,0.549,0.064,0.089,1.015,255,1551
268356375,0.732,0.854,-0.671,0.027,-0.008,0.844,255,1551
268357639,-2.622,0.305,0.305,-0.240,-0.026,1.107,255,1551
268358506,-2.927,1.768,0.366,-0.215,0.022,1.063,255,1551
268359638,-1.707,3.049,0.854,0.137,0.167,1.144,255,1551
268360375,-0.061,2.622,1.159,0.173,0.154,1.039,255,1551
268361638,1.159,1.402,-0.061,-0.035,0.006,1.020,255,1551
268362374,0.671,0.366,-0.061,0.134,-0.047,0.920,255,1551
268363638,-3.110,0.610,0.610,-0.250,0.039,0.980,255,1551
268364379,-3.110,0.610,0.610,-0.250,0.039,0.980,255,1551
268365639,-1.098,2.927,0.976,0.155,0.150,1.044,255,1551
268366375,0.610,2.012,0.122,0.007,0.059,0.948,255,1551
268367639,0.854,0.915,-0.061,0.088,-0.029,0.936,255,1551
268368363,-0.183,0.122,0.305,-0.003,-0.095,0.968,255,1551
268369639,-3.110,1.463,0.732,-0.025,0.055,1.119,255,1551
268370481,-3.110,1.463,0.732,-0.025,0.055,1.119,255,1551
268371638,-0.427,2.500,0.305,0.091,0.129,0.938,255,1551
268372375,0.732,1.707,-0.061,0.056,-0.014,1.067,255,1551
268373639,0.305,0.793,0.183,0.007,-0.037,0.918,255,1551
268374359,-1.768,0.427,0.122,-0.109,-0.087,1.104,255,1551
268375639,-3.110,0.976,0.854,-0.061,0.032,1.046,255,1551
268376495,-2.317,2.500,0.549,-0.048,0.104,1.146,255,1551
268377638,0.488,1.951,0.305,0.027,0.095,0.973,255,1551
268378372,1.037,1.098,0.061,0.003,-0.072,0.967,255,1551
268379639,-0.427,0.427,-0.061,-0.047,-0.008,0.986,255,1551
268380513,-2.378,0.244,0.854,-0.041,-0.054,1.176,255,1551
268381638,-2.378,1.220,0.976,-0.064,0.088,0.980,255,1551
268382725,-0.122,2.500,0.488,0.144,0.128,1.007,255,1551
268383453,-0.122,2.500,0.488,0.144,0.128,1.007,255,1561
268384638,0.427,0.732,0.000,-0.050,-0.016,0.890,255,1561
268385368,-1.524,0.122,0.610,0.042,-0.050,1.118,255,1561
268386638,-2.805,1.098,1.280,-0.088,-0.006,1.121,255,1561
268387493,-1.890,2.012,0.305,-0.033,0.123,1.061,255,1561
268388638,-0.976,2.622,0.366,0.228,0.075,1.100,255,1561
268389374,0.427,2.134,0.244,-0.119,0.082,0.904,255,1561
268390638,-0.671,0.732,0.488,0.068,0.030,0.967,255,1561
268391363,-0.671,0.732,0.488,0.068,0.030,0.967,255,1561
268392638,-2.256,1.220,0.244,-0.061,0.082,0.994,255,1561
268393364,-1.037,2.622,0.244,0.148,0.095,1.106,255,1561
268394638,-0.122,2.622,0.732,0.003,0.122,1.052,255,1561
268395365,0.488,1.951,-0.183,-0.124,-0.073,0.994,255,1561
268396638,-2.012,0.366,0.854,0.019,-0.109,1.097,255,1561
268397495,-2.012,0.366,0.854,0.019,-0.109,1.097,255,1561
268398638,-2.012,1.768,0.244,0.081,0.076,1.056,255,1561
268399365,-1.098,2.683,0.366,0.113,0.092,1.093,255,1561
268400638,0.183,2.073,0.061,-0.143,0.024,0.930,255,1561
268401370,0.427,1.463,0.305,-0.028,0.003,1.016,255,1561
268402639,-1.220,0.549,0.854,0.052,-0.051,1.001,255,1561
268403366,-2.805,0.244,0.915,-0.015,0.042,1.021,255,1561
268404639,-0.915,2.439,0.305,0.043,0.078,0.988,255,1561
268405370,-0.122,2.195,0.183,-0.040,0.067,1.031,255,1561
268406638,0.366,2.012,0.305,-0.114,-0.012,0.998,255,1561
268407369,-0.122,1.280,0.427,0.004,0.016,1.084,255,1561
268408638,-2.073,0.000,0.671,0.052,-0.062,1.083,255,1561
268409372,-2.683,0.610,0.854,0.017,0.082,1.029,255,1561
268410639,-0.366,2.256,0.061,0.088,0.079,1.080,255,1561
268411365,-0.366,2.256,0.061,0.088,0.079,1.080,255,1561
268412638,0.183,1.768,0.244,-0.094,0.000,1.022,255,1561
268413370,-1.463,0.854,0.732,0.146,-0.005,0.984,255,1561
268414638,-2.927,0.366,1.280,0.037,0.069,1.051,255,1561
268415370,-2.073,1.098,-0.061,0.022,0.002,1.146,255,1561
268416638,-1.037,2.378,-0.366,0.074,0.076,0.948,255,1561
268417376,0.061,2.500,-0.122,-0.106,0.066,1.015,255,1561
268418639,-0.854,1.646,0.183,0.088,0.059,1.067,255,1561
268419368,-2.561,0.122,1.220,0.135,-0.026,1.162,255,1561
268420638,-2.500,0.488,0.427,-0.010,0.047,0.940,255,1561
268421379,-1.341,1.159,-0.305,0.052,0.023,1.037,255,1561
268422639,-0.488,2.561,0.244,0.000,0.095,1.109,255,1561
268423365,0.000,2.744,0.244,-0.242,-0.047,1.011,255,1561
268424638,-1.402,0.366,1.280,0.229,-0.028,1.055,255,1561
268425373,-1.402,0.366,1.280,0.229,-0.028,1.055,255,1561
268426639,-1.951,0.732,-0.244,0.064,0.030,1.158,255,1561
268427374,-1.220,2.134,-0.183,0.030,0.062,0.998,255,1561
268428639,-0.183,2.561,-0.061,-0.227,0.026,0.992,255,1561
268429507,0.000,2.683,0.244,-0.155,0.025,1.042,255,1561
268430639,-1.829,-0.122,1.037,0.113,-0.018,1.068,255,1561
268431722,-2.073,0.427,0.122,0.085,0.042,0.887,255,1561
268432479,-1.037,1.585,-0.183,-0.003,0.033,1.072,255,1571
268433638,-0.427,2.805,0.061,-0.114,0.033,1.103,255,1571
268434485,-0.183,2.927,0.366,-0.253,0.031,1.024,255,1571
268435638,-0.610,1.829,0.610,0.060,0.058,1.039,255,1571
268436373,-1.829,0.366,1.037,0.195,-0.001,1.042,255,1571
268437638,-1.280,0.427,0.000,0.031,0.004,1.104,255,1571
268438435,-1.280,0.427,0.000,0.031,0.004,1.104,255,1571
268439639,-0.549,2.866,0.488,-0.231,0.059,1.022,255,1571
268440402,-0.305,2.622,0.427,-0.097,0.026,1.019,255,1571
268441638,-0.610,0.915,0.732,0.183,0.040,1.025,255,1571
268442371,-1.768,-0.549,0.793,0.184,0.017,1.110,255,1571
268443639,-1.890,0.183,0.000,0.093,-0.018,0.885,255,1571
268444381,-1.098,1.707,-0.793,-0.119,0.042,1.047,255,1571
268445639,-0.305,3.171,0.610,-0.237,0.016,1.044,255,1571
268446504,-0.610,1.768,0.915,0.076,0.085,1.013,255,1571
268447638,-1.524,-0.305,0.976,0.307,0.010,1.095,255,1571
268448376,-2.012,-0.488,0.488,0.092,-0.011,0.946,255,1571
268449638,-1.220,0.671,-0.671,-0.091,0.002,1.087,255,1571
268450617,-0.854,2.683,-0.061,-0.070,0.050,1.042,255,1571
268451638,-0.427,2.622,0.671,-0.038,0.083,0.962,255,1571
268452501,-0.732,0.671,0.976,0.309,0.029,1.018,255,1571
268453638,-1.220,-0.549,0.854,0.167,0.022,1.065,255,1571
268454371,-1.524,0.000,-0.671,0.008,-0.040,0.961,255,1571
268455639,-1.341,2.256,-0.366,-0.120,0.054,1.088,255,1571
268456618,-1.159,3.415,0.732,-0.237,0.032,1.062,255,1571
268457638,-0.549,3.293,0.610,-0.175,0.038,1.042,255,1571
268458381,-0.549,1.768,1.037,0.216,0.093,1.035,255,1571
268459638,-2.134,-0.915,-0.305,0.097,-0.027,0.996,255,1571
268460515,-1.646,0.793,-0.305,-0.136,0.041,1.075,255,1571
268461638,-1.280,2.988,0.183,-0.167,-0.005,1.043,255,1571
268462623,-0.976,3.780,0.854,-0.266,0.082,1.021,255,1571
268463638,-0.549,2.378,1.098,0.126,0.074,1.129,255,1571
268464386,-0.732,-0.183,0.610,0.279,0.028,0.963,255,1571
268465638,-1.951,0.244,-0.244,-0.059,0.007,1.084,255,1571
268466497,-1.341,2.317,-0.366,-0.211,-0.011,1.062,255,1571
268467638,-0.915,3.537,0.732,-0.244,0.092,0.999,255,1571
268468512,0.000,3.293,1.220,-0.076,0.048,1.065,255,1571
268469638,-0.122,1.037,0.732,0.277,0.103,1.072,255,1571
268470364,-1.646,-0.976,0.183,0.258,-0.025,1.062,255,1571
268471639,-1.098,1.341,-0.305,-0.250,0.013,0.999,255,1571
268472708,-1.098,3.598,0.366,-0.184,-0.005,1.104,255,1571
268473639,-0.793,3.902,1.280,-0.217,0.117,1.053,255,1571
268474523,-0.488,2.012,1.220,0.179,0.078,1.044,255,1571
268475638,-0.854,-0.671,0.610,0.390,0.025,1.077,255,1571
268476384,-1.646,-0.976,0.183,0.092,-0.070,0.952,255,1571
268477639,-1.341,0.732,-1.220,-0.212,-0.002,1.041,255,1571
268478627,-1.159,3.841,1.037,-0.259,0.159,1.065,255,1571
268479638,-0.305,2.927,0.976,-0.014,0.049,0.999,255,1571
268480403,0.000,0.305,0.549,0.451,0.104,1.013,255,1571
268481638,-1.098,-1.098,0.305,0.206,-0.077,1.106,255,1571
268482727,-1.402,-0.122,-0.366,-0.131,-0.029,0.887,255,1571
268483649,-1.159,2.012,-0.122,-0.206,0.010,1.095,255,1580
268484638,-1.646,3.720,1.159,-0.230,0.062,1.124,255,1580
268485509,-0.732,3.598,1.037,-0.165,0.104,1.089,255,1580
268486638,-0.610,-0.549,0.732,0.342,-0.071,1.090,255,1580
268487502,-1.646,-0.915,-0.122,-0.047,-0.032,0.953,255,1580
268488638,-1.585,1.037,-0.549,-0.176,-0.023,1.040,255,1580
268489633,-1.829,3.659,0.488,-0.258,-0.001,1.113,255,1580
268490638,-0.976,3.841,1.280,-0.233,0.159,0.979,255,1580
268491497,-0.305,2.317,1.098,0.231,0.068,1.052,255,1580
268492638,-1.402,-1.159,-0.122,0.102,-0.050,0.999,255,1580
268493506,-1.951,0.000,-0.610,-0.109,-0.064,1.048,255,1580
268494638,-1.585,2.866,0.427,-0.318,-0.004,1.068,255,1580
268495615,-1.159,4.024,0.976,-0.246,0.159,1.038,255,1580
268496638,-0.671,3.232,1.280,0.063,0.076,1.113,255,1580
268497386,0.061,0.976,0.915,0.339,0.118,1.054,255,1580
268498638,-0.793,-1.341,-0.183,-0.003,-0.038,0.905,255,1580
268499497,-2.012,-0.793,-0.244,-0.003,-0.038,0.905,255,1580
268500638,-2.317,3.780,0.671,-0.254,0.114,1.134,255,1580
268501511,-1.159,3.598,1.402,-0.047,0.090,1.043,255,1580
268502638,0.061,1.524,1.098,0.233,0.118,1.025,255,1580
268503367,-0.244,-0.610,-0.244,0.362,-0.024,0.980,255,1580
268504639,-1.890,-0.976,-0.183,0.087,-0.057,1.014,255,1580
268505633,-1.646,3.476,0.122,-0.305,0.060,1.000,255,1580
268506638,-1.280,3.841,1.341,-0.125,0.132,1.041,255,1580
268507370,-1.280,3.841,1.341,0.103,0.078,1.058,255,1580
268508638,0.366,0.061,0.244,0.410,0.092,0.962,255,1580
268509371,-0.793,-1.646,0.488,0.211,-0.112,1.056,255,1580
268510638,-1.768,-0.061,-0.244,-0.226,-0.090,0.892,255,1580
268511618,-2.073,2.561,-0.183,-0.361,0.036,1.074,255,1580
268512638,-0.976,3.293,1.341,-0.021,0.098,1.072,255,1580
268513507,0.610,0.732,0.427,0.327,0.149,0.932,255,1580
268514638,-0.183,-1.341,0.244,0.371,-0.117,1.144,255,1580
268515497,-2.012,-0.732,0.000,-0.118,-0.059,0.962,255,1580
268516638,-1.829,1.402,-0.244,-0.386,-0.017,0.997,255,1580
268517623,-1.829,4.207,1.159,-0.160,0.063,1.134,255,1580
268518638,-0.854,3.963,1.524,-0.136,0.134,1.032,255,1580
268519371,0.244,1.829,0.732,0.277,0.146,1.055,255,1580
268520639,-1.280,-1.220,-0.061,-0.010,-0.080,0.987,255,1580
268521506,-1.829,0.366,-0.610,-0.293,-0.038,1.048,255,1580
268522638,-2.073,3.232,0.671,-0.257,0.018,1.085,255,1580
268523504,-1.220,3.841,1.280,-0.154,0.151,1.030,255,1580
268524638,0.183,2.866,0.915,0.127,0.164,1.051,255,1580
268525388,0.366,-0.305,0.244,0.462,0.011,1.055,255,1580
268526639,-2.256,-0.488,-0.366,-0.176,-0.062,0.877,255,1580
268527506,-2.378,2.683,0.549,-0.355,-0.037,1.051,255,1580
268528638,-1.768,4.512,0.793,-0.175,0.148,1.110,255,1580
268529509,-0.854,3.902,1.037,0.053,0.154,1.114,255,1580
268530638,0.183,0.976,0.915,0.388,0.056,0.992,255,1580
268531706,-0.366,-1.402,-0.061,0.258,-0.076,1.030,255,1580
268532641,-1.585,-0.915,0.000,-0.363,-0.073,1.170,255,1590
268533660,-2.134,3.902,0.427,-0.254,0.097,1.037,255,1590
268534638,-0.915,4.024,1.098,-0.021,0.184,1.075,255,1590
268535387,0.244,1.951,0.915,0.289,0.082,0.997,255,1590
268536639,0.366,-0.610,-0.366,0.316,-0.025,0.983,255,1590
268537493,-1.341,-1.768,-0.183,0.086,-0.070,1.022,255,1590
268538638,-2.195,0.488,0.305,-0.353,-0.096,0.986,255,1590
268539635,-2.073,3.415,0.122,-0.010,0.184,1.091,255,1590
268540638,0.000,3.110,1.098,0.160,0.120,1.080,255,1590
268541376,0.000,3.110,1.098,0.363,0.011,0.997,255,1590
268542639,-0.488,-1.707,-0.366,0.178,-0.059,1.000,255,1590
268543509,-2.744,-0.488,-0.244,-0.211,-0.128,1.044,255,1590
268544638,-2.988,2.500,-0.183,-0.407,0.028,1.041,255,1590
268545630,-2.012,4.390,1.341,-0.083,0.143,1.142,255,1590
268546638,0.793,0.854,-0.366,0.328,0.092,1.034,255,1590
268547387,0.793,0.854,-0.366,0.328,0.092,1.034,255,1590
268548638,-1.951,-1.098,-0.061,-0.146,-0.145,0.874,255,1590
268549509,-2.439,1.951,0.061,-0.414,-0.011,1.091,255,1590
268550638,-2.378,4.085,0.793,-0.155,0.125,1.064,255,1590
268551507,-1.159,4.146,1.524,0.031,0.173,1.085,255,1590
268552638,0.427,1.524,0.122,0.245,0.104,0.976,255,1590
268553374,0.488,-1.037,-0.366,0.373,-0.038,0.971,255,1590
268554639,-2.988,0.732,-0.122,-0.328,-0.048,0.889,255,1590
268555630,-2.439,3.537,0.671,-0.263,0.069,1.155,255,1590
268556638,-1.463,4.268,1.463,-0.027,0.186,1.144,255,1590
268557376,0.244,2.561,0.549,0.223,0.105,1.090,255,1590
268558639,1.159,0.366,0.000,0.306,0.052,0.986,255,1590
268559376,-0.305,-1.463,-0.366,0.137,-0.169,1.031,255,1590
268560639,-2.927,2.927,0.305,-0.370,0.082,1.070,255,1590
268561507,-2.317,4.634,1.463,-0.058,0.121,1.168,255,1590
268562638,0.122,3.232,1.098,0.135,0.161,1.009,255,1590
268563386,1.402,0.732,0.061,0.245,0.058,1.057,255,1590
268564638,0.183,-1.341,-0.976,0.267,-0.141,1.002,255,1590
268565501,-2.317,-1.220,-0.061,-0.142,-0.059,0.892,255,1590
268566638,-2.744,1.829,0.427,-0.145,0.141,1.055,255,1590
268567515,-1.890,3.963,0.976,-0.145,0.141,1.055,255,1590
268568638,0.793,1.768,0.183,0.179,0.059,0.970,255,1590
268569382,0.671,-0.732,-0.793,0.293,-0.060,0.928,255,1590
268570639,-1.585,-1.463,0.122,-0.023,-0.114,1.030,255,1590
268571631,-3.049,1.159,0.427,-0.356,-0.068,0.958,255,1590
268572638,-2.378,3.659,0.549,-0.252,0.161,1.170,255,1590
268573504,-1.280,4.146,1.280,0.103,0.163,1.148,255,1590
268574638,0.793,-0.305,-0.732,0.276,0.009,0.948,255,1590
268575382,0.793,-0.305,-0.732,0.147,-0.188,1.005,255,1590
268576639,-2.744,0.549,0.488,-0.319,-0.031,0.938,255,1590
268577623,-3.049,2.683,0.427,-0.282,0.122,1.078,255,1590
268578638,-2.195,4.268,1.220,0.086,0.118,1.182,255,1590
268579381,0.244,2.866,0.976,0.036,0.168,1.001,255,1590
268580638,-0.244,-1.402,-0.732,0.218,-0.088,0.937,255,1590
268581724,-2.988,-0.488,0.061,-0.226,-0.130,0.984,255,1590
268582617,-3.354,1.768,0.305,-0.304,0.096,1.120,255,1600
268583638,-2.012,3.720,0.915,-0.050,0.086,1.097,255,1600
268584376,-0.427,3.171,0.793,0.038,0.250,1.079,255,1600
268585639,0.732,1.159,-0.427,0.247,-0.032,0.975,255,1600
268586371,0.183,-1.341,-0.305,0.236,-0.006,0.956,255,1600
268587639,-3.171,1.402,0.671,-0.258,0.050,0.880,255,1600
268588496,-2.622,3.476,0.854,-0.196,0.115,1.176,255,1600
268589638,-0.915,3.780,1.159,0.074,0.187,1.129,255,1600
268590373,0.854,1.768,0.183,0.168,0.068,1.087,255,1600
268591639,0.915,-0.427,-0.122,0.247,-0.033,0.946,255,1600
268592497,-0.976,-1.280,-0.244,0.002,-0.188,1.032,255,1600
268593638,-2.805,0.793,0.305,-0.214,0.016,1.016,255,1600
268594493,-2.439,2.622,0.793,-0.246,0.093,1.077,255,1600
268595638,0.244,2.622,0.488,0.163,0.112,1.003,255,1600
268596381,1.402,0.244,-0.183,0.161,-0.005,1.010,255,1600
268597639,0.000,-1.280,-0.305,0.145,-0.144,0.884,255,1600
268598502,-2.988,0.305,0.488,-0.188,-0.025,0.989,255,1600
268599638,-3.293,2.439,0.671,-0.264,0.031,1.178,255,1600
268600606,-1.768,4.024,1.037,-0.078,0.176,1.090,255,1600
268601639,0.854,1.098,-0.122,0.103,-0.008,0.988,255,1600
268602402,0.854,1.098,-0.122,0.103,-0.008,0.988,255,1600
268603638,-2.073,-0.549,1.037,-0.103,-0.084,1.016,255,1600
268604506,-3.171,1.646,1.037,-0.255,0.002,0.985,255,1600
268605638,-2.866,3.963,0.671,-0.169,0.176,1.162,255,1600
268606373,-0.915,3.476,0.732,0.184,0.131,1.149,255,1600
268607639,0.793,-0.366,-0.122,0.202,-0.077,0.921,255,1600
268608504,0.793,-0.366,-0.122,0.202,-0.077,0.921,255,1600
268609638,-3.232,0.976,0.671,-0.267,0.012,0.962,255,1600
268610497,-2.744,2.744,0.793,-0.169,0.157,1.101,255,1600
268611638,-1.159,3.780,0.976,0.121,0.144,1.234,255,1600
268612382,1.037,1.951,0.427,0.057,0.081,0.969,255,1600
268613638,1.463,-0.061,-0.305,0.174,-0.057,0.964,255,1600
268614494,-0.976,-0.854,0.183,0.090,-0.126,0.953,255,1600
268615638,-3.293,2.378,0.976,-0.164,0.080,1.201,255,1600
268616501,-1.646,3.476,0.915,-0.040,0.137,1.067,255,1600
268617638,0.305,2.317,0.061,0.117,0.118,1.045,255,1600
268618373,0.610,0.793,-0.183,0.156,-0.005,0.941,255,1600
268619639,-0.549,-0.427,0.366,0.101,-0.131,0.942,255,1600
268620484,-2.439,-0.183,0.854,-0.119,-0.033,0.979,255,1600
268621638,-2.500,3.720,0.732,-0.116,0.169,1.140,255,1600
268622504,-0.488,2.866,0.122,0.159,0.102,1.060,255,1600
268623638,1.159,1.341,0.122,0.077,0.030,1.046,255,1600
268624368,1.037,-0.122,-0.061,0.106,-0.092,0.940,255,1600
268625639,-2.073,-0.427,0.549,-0.030,-0.066,0.984,255,1600
268626633,-3.293,1.037,1.159,-0.131,0.055,1.067,255,1600
268627638,-2.073,2.744,1.037,-0.192,0.117,1.132,255,1600
268628368,-0.793,3.415,0.244,0.141,0.117,1.148,255,1600
268629639,1.098,0.244,-0.183,0.061,-0.070,0.959,255,1600
268630406,-1.585,-0.427,0.549,0.083,-0.090,1.011,255,1600
268631638,-3.171,0.732,1.037,-0.112,0.023,1.032,255,1600
268632745,-2.561,2.866,0.854,-0.225,0.129,1.134,255,1600
268633521,-0.976,3.049,0.061,0.138,0.099,1.049,255,1610
268634638,0.366,2.439,0.305,0.051,0.101,1.035,255,1610
268635375,0.793,1.220,-0.549,0.006,-0.056,0.975,255,1610
268636639,-2.561,0.183,1.220,-0.112,0.025,1.042,255,1610
268637372,-3.354,1.951,0.854,-0.169,0.067,1.146,255,1610
268638638,-2.317,2.927,0.549,0.079,0.128,1.087,255,1610
268639379,-0.183,2.927,0.976,0.061,0.077,1.083,255,1610
268640639,1.463,1.341,-0.183,-0.078,-0.017,0.996,255,1610
268641503,0.061,0.061,0.122,0.191,-0.072,0.962,255,1610
268642638,-2.988,1.524,0.854,-0.145,0.014,0.947,255,1610
268643377,-2.988,1.524,0.854,-0.145,0.014,0.947,255,1610
268644639,-0.488,3.049,0.488,0.041,0.104,1.129,255,1610
268645375,0.854,2.134,-0.366,-0.042,-0.003,1.020,255,1610
268646639,0.427,0.671,0.183,0.109,-0.053,0.973,255,1610
268647501,-2.256,0.122,0.854,0.025,-0.074,1.028,255,1610
268648638,-2.378,1.646,0.610,0.000,0.146,1.115,255,1610
268649373,-2.378,1.646,0.610,0.000,0.146,1.115,255,1610
268650639,0.305,1.890,0.183,-0.070,0.098,0.934,255,1610
268651379,0.427,0.976,0.427,0.074,-0.108,1.121,255,1610
268652639,-0.976,0.610,0.732,0.017,-0.013,0.922,255,1610
268653366,-2.866,0.793,0.793,-0.011,-0.018,1.000,255,1610
268654639,-3.293,1.768,0.671,-0.011,0.114,1.156,255,1610
268655502,-1.098,2.439,0.000,-0.009,0.057,1.063,255,1610
268656638,0.793,1.402,0.000,-0.043,-0.102,0.978,255,1610
268657381,-0.793,1.037,0.305,0.005,-0.013,0.960,255,1610
268658638,-2.378,0.366,1.220,0.059,-0.013,1.039,255,1610
268659376,-2.622,1.585,1.159,-0.032,0.050,1.032,255,1610
268660639,-1.098,2.134,-0.183,-0.062,0.144,1.077,255,1610
268661509,-0.427,1.951,-0.183,0.096,0.075,1.116,255,1610
268662638,-0.061,1.037,0.366,-0.044,0.009,0.983,255,1610
268663376,-0.061,1.037,0.366,-0.044,0.009,0.983,255,1610
268664639,-2.988,0.915,0.976,-0.027,0.063,1.009,255,1610
268665372,-1.524,1.280,-0.061,-0.076,0.125,1.033,255,1610
268666639,-0.488,2.439,0.183,0.141,0.030,1.147,255,1610
268667510,0.549,2.134,0.488,-0.155,0.015,0.965,255,1610
268668638,0.305,1.768,0.000,-0.073,-0.011,1.009,255,1610
268669377,-1.829,0.610,0.732,0.223,-0.032,1.068,255,1610
268670639,-1.585,1.220,0.122,-0.069,0.107,1.116,255,1610
268671385,0.061,1.646,-0.183,0.134,0.025,1.013,255,1610
268672638,0.244,2.500,-0.244,-0.173,0.100,1.018,255,1610
268673374,-0.427,2.195,-0.061,-0.097,-0.081,1.016,255,1610
268674639,-0.854,0.976,1.220,0.158,0.023,1.006,255,1610
268675511,-2.073,0.122,1.402,0.019,0.021,1.091,255,1610
268676638,-1.463,1.585,-0.061,0.077,0.031,1.080,255,1610
268677375,-1.463,1.585,-0.061,0.077,0.031,1.080,255,1610
268678639,0.122,2.622,0.061,-0.125,-0.092,1.064,255,1610
268679372,-1.037,1.707,0.793,0.099,0.062,1.078,255,1610
268680639,-2.134,0.549,1.037,0.096,-0.051,1.053,255,1610
268681718,-2.195,0.549,0.671,0.024,0.114,0.900,255,1610
268682641,-0.183,2.622,-0.305,-0.096,0.046,1.123,255,1619
268683533,0.305,2.805,-0.305,-0.126,-0.042,1.041,255,1619
268684638,-0.732,2.134,0.549,0.028,0.036,0.983,255,1619
268685508,-2.012,0.549,1.037,0.118,-0.055,1.102,255,1619
268686638,-2.134,-0.061,0.854,0.092,0.125,0.982,255,1619
268687376,-1.463,0.610,0.183,-0.033,0.056,1.079,255,1619
268688639,-0.915,2.378,-0.122,-0.066,0.040,1.074,255,1619
268689512,-0.122,3.049,0.244,-0.142,-0.015,0.988,255,1619
268690638,-1.890,0.915,0.549,0.197,0.002,1.024,255,1619
268691501,-3.354,-0.061,0.915,0.129,0.086,1.007,255,1619
268692638,-1.646,0.549,0.183,-0.038,0.017,1.161,255,1619
268693379,-0.244,1.768,-0.488,-0.077,0.049,1.003,255,1619
268694638,-0.427,2.805,0.061,-0.111,0.042,1.012,255,1619
268695502,-0.671,3.049,0.610,-0.143,-0.019,0.967,255,1619
268696638,-1.768,-0.061,1.524,0.176,0.053,1.138,255,1619
268697508,-1.646,-0.549,0.061,-0.013,0.030,0.973,255,1619
268698638,-0.915,1.341,-0.610,-0.088,0.073,1.032,255,1619
268699624,-0.183,2.683,0.305,-0.087,-0.009,1.057,255,1619
268700638,-0.122,3.598,0.427,-0.227,-0.000,1.090,255,1619
268701628,-0.427,1.890,0.122,0.180,0.018,1.009,255,1619
268702638,-1.646,0.366,0.915,0.208,0.016,1.077,255,1619
268703371,-2.012,-0.305,0.549,0.039,0.061,0.910,255,1619
268704638,-0.183,2.744,0.000,-0.141,0.033,1.089,255,1619
268705380,-0.366,3.902,0.183,-0.194,-0.024,1.044,255,1619
268706639,-1.037,2.500,0.183,0.085,0.050,0.990,255,1619
268707505,-1.768,0.488,1.159,0.220,0.012,1.100,255,1619
268708638,-1.890,-0.366,0.488,0.093,0.074,0.995,255,1619
268709379,-1.890,0.183,-0.488,-0.081,0.051,1.067,255,1619
268710639,-0.549,3.659,0.793,-0.261,0.046,0.896,255,1619
268711501,-0.366,2.744,0.671,0.057,0.018,1.145,255,1619
268712638,-1.768,0.793,0.610,0.249,0.024,1.072,255,1619
268713376,-2.317,-0.610,0.427,0.130,0.048,0.962,255,1619
268714639,-1.585,-0.183,0.122,-0.037,0.030,1.090,255,1619
268715505,-0.793,2.012,-0.183,-0.162,0.010,0.984,255,1619
268716638,-0.549,3.537,0.244,-0.076,0.024,1.068,255,1619
268717505,-1.037,1.524,0.793,0.263,0.039,0.983,255,1619
268718638,-1.646,-0.732,1.037,0.185,0.057,1.044,255,1619
268719375,-1.402,-0.488,0.183,0.000,-0.024,1.034,255,1619
268720639,-0.610,1.463,-0.610,-0.190,0.065,1.052,255,1619
268721622,-0.976,3.110,0.610,-0.137,-0.008,1.076,255,1619
268722638,-0.183,3.841,0.976,-0.190,0.047,1.039,255,1619
268723507,-0.183,2.256,0.732,0.239,0.061,0.963,255,1619
268724638,-2.439,-0.671,0.488,0.010,-0.006,0.924,255,1619
268725504,-0.610,0.671,-0.122,-0.227,0.063,1.024,255,1619
268726638,-0.854,3.232,0.305,-0.079,-0.039,1.127,255,1619
268727628,-0.854,4.329,0.793,-0.245,0.074,1.052,255,1619
268728638,-0.549,2.378,0.915,0.154,0.074,0.998,255,1619
268729374,-0.671,-0.122,1.098,0.396,-0.006,1.127,255,1619
268730639,-1.463,0.244,-0.732,-0.196,0.036,0.986,255,1619
268731728,-1.402,2.622,0.183,-0.105,-0.049,1.066,255,1619
268732692,-0.915,4.085,0.915,-0.322,0.103,0.911,255,1629
268733316,-0.488,3.110,0.854,0.141,0.047,1.088,255,1629
268734638,-0.793,0.549,0.732,0.395,0.029,1.041,255,1629
268735375,-1.646,-1.159,0.244,0.089,0.006,1.075,255,1629
268736639,-1.768,-0.183,-0.122,-0.145,0.042,1.128,255,1629
268737507,-1.280,1.829,0.061,-0.178,-0.082,0.931,255,1629
268738638,-1.037,3.780,0.976,0.094,0.022,1.036,255,1629
268739504,-0.976,1.037,0.976,0.338,0.070,1.022,255,1629
268740638,-0.854,-1.463,0.244,0.151,-0.005,1.089,255,1629
268741503,-1.585,-0.610,-0.122,-0.032,0.000,1.031,255,1629
268742638,-1.890,1.646,0.000,-0.274,-0.006,0.977,255,1629
268743610,-1.829,4.024,0.549,-0.249,0.062,1.018,255,1629
268744638,-0.427,1.463,0.610,0.358,0.100,1.062,255,1629
268745481,-1.220,-1.280,0.305,0.210,-0.038,1.095,255,1629
268746639,-1.768,-0.854,0.122,-0.009,-0.027,0.947,255,1629
268747663,-0.915,0.610,-0.183,-0.291,0.020,1.016,255,1629
268748638,-1.646,3.720,0.610,-0.242,0.044,1.119,255,1629
268749506,-0.732,4.146,1.037,-0.072,0.053,1.093,255,1629
268750638,-0.854,-0.732,0.244,0.344,-0.018,1.065,255,1629
268751507,-1.890,-1.402,0.183,0.045,-0.049,1.030,255,1629
268752638,-1.463,0.061,-0.427,-0.319,0.019,1.015,255,1629
268753623,-1.829,3.537,0.610,-0.257,0.018,1.049,255,1629
268754638,-0.793,4.146,1.585,-0.104,0.102,0.969,255,1629
268755386,0.305,2.866,0.793,0.187,0.075,1.057,255,1629
268756638,-0.244,-0.244,0.305,0.424,-0.004,1.125,255,1629
268757497,-1.768,-1.585,0.488,0.082,-0.049,0.993,255,1629
268758638,-1.951,2.988,0.610,-0.282,-0.006,0.990,255,1629
268759629,-1.463,4.329,1.280,-0.139,0.116,0.978,255,1629
268760638,-0.305,3.476,0.976,0.165,0.069,1.053,255,1629
268761379,0.366,0.244,0.732,0.455,0.030,1.101,255,1629
268762639,-1.402,-1.585,0.366,0.103,-0.058,0.998,255,1629
268763507,-2.195,-0.793,-0.305,-0.228,-0.009,1.017,255,1629
268764638,-1.341,4.390,1.280,-0.177,0.097,0.990,255,1629
268765509,-0.427,3.780,1.037,0.125,0.084,1.064,255,1629
268766638,0.366,0.793,0.061,0.424,0.042,1.104,255,1629
268767378,-0.915,-1.646,0.122,0.149,-0.062,1.083,255,1629
268768639,-1.951,-1.220,-0.305,-0.160,-0.036,0.896,255,1629
268769637,-1.707,2.012,0.732,-0.355,0.031,0.991,255,1629
268770638,-1.524,4.451,1.037,-0.210,0.120,1.078,255,1629
268771385,-0.610,3.902,1.098,0.104,0.086,1.161,255,1629
268772639,-0.122,-1.341,-0.549,0.213,-0.056,1.052,255,1629
268773509,-2.439,-1.220,-0.183,-0.073,-0.042,0.992,255,1629
268774638,-2.439,1.402,0.549,-0.423,0.032,1.012,255,1629
268775512,-1.524,4.451,0.976,-0.225,0.108,1.095,255,1629
268776638,-0.793,4.329,1.280,0.060,0.091,1.078,255,1629
268777379,0.671,1.890,0.183,0.344,0.049,0.987,255,1629
268778639,-1.829,-1.585,-0.122,-0.006,-0.098,1.050,255,1629
268779509,-2.500,1.220,0.305,-0.463,0.032,0.982,255,1629
268780638,-1.951,4.024,0.915,-0.191,0.117,1.057,255,1629
268781738,-0.976,4.512,1.646,-0.004,0.125,1.050,255,1629
268782641,0.732,2.378,0.427,0.269,0.071,1.065,255,1639
268783408,0.305,-0.976,-0.671,0.393,-0.078,1.093,255,1639
268784638,-2.683,0.732,0.610,-0.441,0.006,1.034,255,1639
268785513,-2.195,3.293,0.915,-0.220,0.092,0.920,255,1639
268786638,-1.037,4.756,1.585,-0.058,0.182,1.087,255,1639
268787381,0.305,3.293,0.671,0.235,0.052,1.063,255,1639
268788639,0.854,-0.427,-0.366,0.458,-0.070,1.030,255,1639
268789507,-1.098,-1.829,0.244,0.022,-0.072,1.056,255,1639
268790638,-2.683,0.000,0.122,-0.369,-0.031,0.944,255,1639
268791624,-1.341,4.756,1.646,-0.091,0.189,1.080,255,1639
268792638,0.793,3.720,0.671,0.169,0.085,1.075,255,1639
268793380,0.610,0.000,-0.549,0.465,-0.072,1.023,255,1639
268794639,-1.159,-1.890,-0.549,0.063,-0.071,1.048,255,1639
268795510,-2.378,-0.305,0.183,-0.284,-0.078,0.875,255,1639
268796638,-2.927,2.561,1.280,-0.346,0.149,1.101,255,1639
268797520,-2.012,4.085,1.463,-0.089,0.129,1.130,255,1639
268798638,1.220,0.488,0.122,0.467,-0.060,1.049,255,1639
268799381,1.220,0.488,0.122,0.467,-0.060,1.049,255,1639
268800639,-2.439,-0.976,-0.061,-0.207,-0.104,0.865,255,1639
268801509,-3.049,1.829,0.976,-0.343,0.167,1.061,255,1639
268802638,-1.951,4.512,1.341,-0.096,0.094,1.112,255,1639
268803379,0.305,4.024,0.671,0.072,0.182,1.141,255,1639
268804639,1.037,0.732,-0.305,0.412,-0.074,1.031,255,1639
268805379,-0.122,-1.463,-0.610,0.179,-0.114,1.026,255,1639
268806639,-3.049,1.768,0.793,-0.382,0.135,1.027,255,1639
268807513,-2.256,4.268,0.915,-0.142,0.128,1.084,255,1639
268808638,0.183,4.146,1.341,0.099,0.210,1.057,255,1639
268809381,1.707,1.646,-0.061,0.292,-0.030,1.115,255,1639
268810639,-0.244,-1.098,-0.732,0.256,-0.135,1.027,255,1639
268811509,-2.744,-1.524,0.488,-0.084,-0.109,0.965,255,1639
268812638,-2.866,3.841,0.976,-0.158,0.180,1.014,255,1639
268813512,-1.098,4.146,1.402,0.121,0.189,1.044,255,1639
268814638,1.463,2.012,-0.244,0.234,-0.045,1.108,255,1639
268815380,0.610,-0.793,-0.610,0.316,-0.099,0.997,255,1639
268816639,-2.012,-1.463,0.305,-0.040,-0.187,0.955,255,1639
268817627,-3.232,1.098,0.488,-0.438,0.092,1.062,255,1639
268818638,-0.976,4.573,1.585,0.070,0.207,1.097,255,1639
268819468,-0.976,4.573,1.585,0.070,0.207,1.097,255,1639
268820639,0.671,-0.427,-0.610,0.331,-0.062,0.946,255,1639
268821532,-1.707,-1.829,0.671,-0.005,-0.204,1.014,255,1639
268822638,-3.110,0.732,1.037,-0.419,0.089,0.939,255,1639
268823505,-3.049,3.354,1.341,-0.152,0.206,1.076,255,1639
268824638,-2.012,4.695,1.707,0.017,0.186,1.145,255,1639
268825386,1.159,2.317,0.061,0.177,-0.007,1.115,255,1639
268826639,-1.341,-1.646,-0.061,0.033,-0.220,1.003,255,1639
268827509,-3.232,0.427,0.488,-0.357,0.068,0.873,255,1639
268828638,-2.622,2.744,1.463,-0.184,0.195,1.112,255,1639
268829377,-1.524,4.573,1.646,-0.021,0.226,1.178,255,1639
268830639,1.098,2.683,-0.122,0.179,0.021,1.115,255,1639
268831739,-0.854,-1.463,-0.366,0.047,-0.227,0.982,255,1639
268832641,-3.415,0.305,0.610,-0.286,0.072,0.945,255,1649
268833542,-3.415,2.561,1.220,-0.230,0.176,1.093,255,1649
268834638,-1.707,4.756,1.159,-0.065,0.252,1.219,255,1649
268835391,1.159,2.927,0.244,0.168,0.033,1.031,255,1649
268836638,1.524,0.305,-0.732,0.275,-0.122,0.981,255,1649
268837375,-1.159,-1.585,-0.671,0.108,-0.242,0.963,255,1649
268838638,-3.537,-0.305,1.037,-0.218,0.049,0.970,255,1649
268839639,-1.951,4.146,0.854,-0.043,0.274,1.126,255,1649
268840638,0.671,2.988,0.427,0.142,0.080,1.004,255,1649
268841374,2.256,0.610,-0.549,0.215,-0.125,1.049,255,1649
268842639,0.000,-1.280,-0.915,0.148,-0.219,0.972,255,1649
268843512,-3.537,-0.488,0.732,-0.173,-0.006,0.974,255,1649
268844638,-3.476,2.073,1.402,-0.312,0.160,1.170,255,1649
268845503,-1.707,3.659,1.159,-0.042,0.283,1.057,255,1649
268846638,2.073,0.793,-0.915,0.205,-0.132,0.960,255,1649
268847381,2.073,0.793,-0.915,0.205,-0.132,0.960,255,1649
268848638,-2.866,-0.549,1.159,-0.133,-0.079,1.022,255,1649
268849509,-3.598,1.829,1.098,-0.306,0.183,1.136,255,1649
268850638,-2.256,3.415,1.220,-0.070,0.234,1.034,255,1649
268851383,0.305,3.537,0.549,0.074,0.151,1.079,255,1649
268852639,0.305,-0.976,-0.793,0.194,-0.131,0.935,255,1649
268853493,0.305,-0.976,-0.793,0.194,-0.131,0.935,255,1649
268854638,-3.476,1.585,1.220,-0.273,0.219,1.065,255,1649
268855496,-2.561,3.720,1.220,-0.117,0.236,1.111,255,1649
268856638,-0.061,3.780,0.366,0.070,0.172,1.102,255,1649
268857375,2.256,1.890,-0.549,0.172,-0.136,1.023,255,1649
268858639,1.037,-0.488,-0.732,0.200,-0.144,0.971,255,1649
268859509,-2.561,-0.854,0.488,-0.090,-0.150,0.997,255,1649
268860638,-2.561,3.415,1.707,-0.158,0.258,1.154,255,1649
268861509,-0.610,3.049,0.366,0.091,0.158,1.094,255,1649
268862638,1.524,2.073,-0.427,0.159,-0.126,1.087,255,1649
268863380,1.646,-0.244,-0.732,0.167,-0.158,0.927,255,1649
268864639,-1.890,-0.915,0.366,-0.035,-0.126,1.002,255,1649
268865636,-3.841,0.915,0.976,-0.171,0.117,0.965,255,1649
268866638,-0.427,3.110,0.366,0.083,0.177,1.097,255,1649
268867378,-0.427,3.110,0.366,0.083,0.177,1.097,255,1649
268868639,1.402,0.366,-1.098,0.128,-0.147,0.948,255,1649
268869375,-1.829,-0.305,0.305,0.041,-0.143,0.947,255,1649
268870638,-3.720,0.854,1.524,-0.178,0.108,1.032,255,1649
268871509,-2.927,2.500,1.524,-0.213,0.281,1.103,255,1649
268872638,-1.037,3.354,0.549,0.105,0.156,1.147,255,1649
268873380,1.280,2.256,0.427,0.051,-0.063,1.045,255,1649
268874639,-2.134,-0.366,0.671,0.108,-0.141,0.985,255,1649
268875504,-3.720,0.427,1.524,-0.185,0.086,1.111,255,1649
268876638,-3.110,2.073,1.159,-0.194,0.262,1.059,255,1649
268877379,-1.341,2.988,0.305,0.119,0.170,1.120,255,1649
268878639,0.976,2.500,0.183,0.019,0.010,0.992,255,1649
268879374,2.073,0.976,-1.037,0.105,-0.181,1.052,255,1649
268880639,-3.659,0.671,1.341,-0.188,0.097,1.007,255,1649
268881710,-3.110,2.500,1.585,-0.172,0.253,1.123,255,1649
268882641,-0.976,2.561,1.037,0.093,0.145,1.076,255,1658
268883407,1.037,2.134,0.061,-0.015,0.038,0.988,255,1658
268884638,1.341,1.159,-0.793,0.082,-0.162,1.034,255,1658
268885381,-1.159,0.366,0.549,0.143,-0.179,0.947,255,1658
268886638,-3.659,1.646,1.159,-0.125,0.208,1.179,255,1658
268887381,-3.659,1.646,1.159,-0.125,0.208,1.179,255,1658
268888639,0.793,2.195,0.000,0.039,0.066,1.030,255,1658
268889387,1.220,1.524,-0.671,0.069,-0.172,1.024,255,1658
268890639,-0.915,0.793,0.305,0.101,-0.164,0.960,255,1658
268891370,-2.805,0.244,1.341,-0.059,0.065,0.937,255,1658
268892639,-3.293,1.890,1.585,-0.095,0.171,1.176,255,1658
268893374,-1.463,2.500,0.671,-0.059,0.217,1.076,255,1658
268894639,1.524,1.951,-0.427,0.033,-0.158,1.007,255,1658
268895380,-0.427,1.220,0.183,0.102,-0.119,0.910,255,1658
268896639,-3.171,0.427,1.220,-0.003,0.028,1.080,255,1658
268897379,-3.354,1.524,1.707,-0.122,0.138,1.071,255,1658
268898639,-1.402,2.012,0.305,-0.063,0.252,1.070,255,1658
268899381,0.244,2.378,0.000,0.057,0.048,1.058,255,1658
268900639,-0.061,1.220,-0.122,0.071,-0.097,0.913,255,1658
268901504,-2.683,0.366,1.098,0.065,-0.002,1.037,255,1658
268902638,-3.720,1.220,2.012,-0.096,0.133,0.985,255,1658
268903374,-1.098,1.524,0.549,-0.078,0.249,1.076,255,1658
268904638,0.183,2.378,0.122,0.064,0.037,1.106,255,1658
268905378,0.671,1.890,-0.366,-0.077,-0.140,1.127,255,1658
268906639,-0.366,1.098,-0.244,0.088,-0.105,0.932,255,1658
268907630,-3.780,1.098,1.829,-0.051,0.130,0.959,255,1658
268908638,-1.951,1.220,0.366,-0.086,0.246,1.101,255,1658
268909375,0.000,2.500,0.244,0.021,0.015,1.162,255,1658
268910639,0.732,2.256,-0.366,-0.094,-0.073,1.037,255,1658
268911512,-0.366,1.159,0.061,0.089,-0.115,0.941,255,1658
268912638,-2.378,0.549,1.585,0.103,-0.048,1.065,255,1658
268913375,-3.293,0.549,1.280,-0.014,0.158,0.966,255,1658
268914639,-0.244,2.744,0.366,-0.007,0.024,1.167,255,1658
268915382,-0.244,2.744,0.366,-0.007,0.024,1.167,255,1658
268916639,-0.366,2.134,-0.122,0.083,-0.147,0.924,255,1658
268917504,-2.378,0.976,0.732,0.097,-0.043,1.058,255,1658
268918638,-3.171,0.488,1.341,0.019,0.155,1.042,255,1658
268919383,-1.646,0.732,0.122,-0.083,0.210,1.107,255,1658
268920639,0.671,2.317,-0.488,-0.055,-0.047,0.936,255,1658
268921505,0.671,2.317,-0.488,0.039,-0.119,0.984,255,1658
268922638,-1.646,1.341,0.793,0.154,-0.056,1.036,255,1658
268923379,-3.171,0.549,1.463,0.067,0.133,1.038,255,1658
268924639,-1.646,0.915,0.549,-0.123,0.185,1.103,255,1658
268925375,-0.183,1.951,-0.183,-0.076,0.048,1.064,255,1658
268926639,0.305,2.622,-0.183,-0.091,-0.027,0.974,255,1658
268927627,-1.463,0.854,0.244,0.188,-0.031,0.981,255,1658
268928638,-3.354,0.061,1.098,0.137,0.118,1.058,255,1658
268929465,-1.463,0.549,0.671,-0.151,0.153,1.117,255,1658
268930639,0.305,1.524,-0.427,-0.042,0.082,1.032,255,1658
268931748,0.366,2.683,0.061,-0.062,-0.019,0.998,255,1658
268932641,0.183,3.110,0.244,-0.080,-0.101,1.063,255,1668
268933493,-0.732,1.220,0.549,0.250,-0.039,0.996,255,1668
268934639,-2.256,0.732,0.549,-0.140,0.132,1.103,255,1668
268935401,-2.256,0.732,0.549,-0.140,0.132,1.103,255,1668
268936638,0.183,2.988,0.122,-0.159,0.013,1.032,255,1668
268937384,0.122,3.293,0.122,-0.079,-0.125,1.081,255,1668
268938638,-1.159,1.402,0.366,0.286,-0.021,0.984,255,1668
268939377,-2.195,0.183,1.585,0.072,0.117,1.042,255,1668
268940639,-1.402,0.000,0.732,-0.065,0.099,1.086,255,1668
268941392,-0.976,1.463,-0.122,-0.075,0.081,1.032,255,1668
268942638,0.427,3.476,0.183,-0.067,-0.091,0.987,255,1668
268943501,-1.463,1.646,0.854,0.307,-0.032,1.063,255,1668
268944638,-2.256,-0.122,1.280,0.056,0.076,1.015,255,1668
268945384,-1.463,-0.488,0.366,-0.003,0.115,1.082,255,1668
268946639,-1.220,0.854,0.000,-0.103,0.093,1.036,255,1668
268947504,-0.427,2.622,0.000,-0.221,-0.024,1.068,255,1668
268948638,-1.280,2.012,0.549,0.274,0.001,1.007,255,1668
268949535,-2.622,-0.122,1.280,0.100,0.073,1.065,255,1668
268950639,-1.890,-0.671,0.244,0.048,0.065,1.036,255,1668
268951395,-0.915,0.915,0.061,-0.219,0.129,1.028,255,1668
268952638,-0.610,2.683,-0.244,-0.196,-0.042,1.061,255,1668
268953514,-0.183,3.841,0.366,-0.055,-0.046,1.045,255,1668
268954638,-1.829,0.305,1.098,0.202,0.066,1.085,255,1668
268955502,-1.829,0.305,1.098,0.202,0.066,1.085,255,1668
268956638,-0.610,0.915,0.122,-0.273,0.158,1.062,255,1668
268957420,-0.549,2.439,-0.427,-0.129,-0.067,1.044,255,1668
268958639,-0.549,4.085,0.488,-0.128,-0.032,1.082,255,1668
268959673,-0.244,2.195,0.427,0.197,0.002,1.015,255,1668
268960638,-1.646,0.000,0.793,0.274,0.100,1.132,255,1668
268961394,-2.500,-0.488,0.732,0.059,0.011,0.942,255,1668
268962638,-0.305,2.378,-0.366,-0.103,-0.096,1.047,255,1668
268963514,-0.915,3.841,0.427,-0.178,0.005,1.084,255,1668
268964638,-0.244,2.378,0.488,0.234,0.023,0.993,255,1668
268965383,-1.280,0.061,1.037,0.348,0.081,1.153,255,1668
268966639,-2.317,-0.366,0.671,0.004,0.027,0.938,255,1668
268967379,-0.488,0.427,-0.305,-0.277,0.106,0.991,255,1668
268968639,-0.732,4.146,0.610,-0.225,0.039,1.091,255,1668
268969511,-0.305,2.439,0.427,0.289,0.015,1.034,255,1668
268970638,-1.159,0.305,1.037,0.356,0.047,1.113,255,1668
268971378,-1.829,-0.671,0.244,-0.002,0.014,0.981,255,1668
268972639,-1.220,0.061,-0.610,-0.265,0.127,0.967,255,1668
268973626,-1.280,2.988,-0.061,-0.201,-0.084,1.100,255,1668
268974638,-0.976,4.085,0.549,-0.188,0.082,1.004,255,1668
268975507,-0.488,2.744,0.549,0.294,-0.003,1.086,255,1668
268976638,-1.829,-0.976,0.244,0.022,0.036,0.986,255,1668
268977376,-1.280,-0.244,-0.061,-0.258,0.105,0.947,255,1668
268978639,-1.585,2.500,0.366,-0.272,-0.078,1.142,255,1668
268979629,-0.854,3.780,0.793,-0.169,0.089,0.958,255,1668
268980638,-0.610,2.866,0.610,0.315,0.002,1.033,255,1668
268981741,-1.280,-1.037,0.366,0.076,0.043,0.987,255,1668
268982641,-1.341,0.366,0.061,-0.274,0.082,0.996,255,1678
268983404,-1.341,0.366,0.061,-0.327,-0.068,1.099,255,1678
268984638,-0.915,3.841,0.610,-0.114,0.121,0.968,255,1678
268985513,-0.610,3.049,1.037,0.292,-0.004,1.000,255,1678
268986638,-1.037,0.854,0.793,0.343,0.036,1.176,255,1678
268987380,-1.280,-0.915,0.061,0.123,0.002,0.979,255,1678
268988639,-1.524,2.439,-0.122,-0.332,-0.060,1.091,255,1678
268989507,-1.524,2.439,-0.122,-0.332,-0.060,1.091,255,1678
268990638,-0.427,2.927,1.037,0.278,-0.022,0.986,255,1678
268991511,-0.732,0.061,0.366,0.405,0.075,1.170,255,1678
268992638,-1.951,-1.402,0.366,0.129,-0.049,1.035,255,1678
268993504,-1.768,-0.305,-0.183,-0.354,0.073,1.069,255,1678
268994638,-1.768,2.378,-0.122,-0.335,-0.067,1.004,255,1678
268995641,-0.244,3.354,1.098,0.286,-0.010,0.999,255,1678
268996638,0.122,0.305,0.305,0.455,0.054,1.167,255,1678
268997371,-1.585,-1.098,0.183,0.081,-0.042,1.004,255,1678
268998639,-1.768,0.122,0.000,-0.348,0.053,1.092,255,1678
268999513,-1.220,2.622,0.549,-0.362,-0.052,0.987,255,1678
269000638,-1.159,4.085,1.159,-0.188,0.127,0.963,255,1678
269001506,-0.488,3.354,1.585,0.350,0.047,1.038,255,1678
269002638,-1.829,-0.976,-0.122,0.076,-0.064,1.084,255,1678
269003514,-1.768,0.061,-0.427,-0.346,-0.008,1.042,255,1678
269004638,-1.829,2.744,0.244,-0.405,0.000,0.962,255,1678
269005506,-1.768,4.085,1.037,-0.193,0.129,1.018,255,1678
269006638,-0.549,3.110,1.037,0.397,0.052,1.073,255,1678
269007385,0.000,0.427,0.366,0.442,0.059,1.031,255,1678
269008638,-1.220,-1.159,-0.366,0.113,-0.092,1.081,255,1678
269009506,-1.890,-0.061,-0.366,-0.341,0.001,1.104,255,1678
269010638,-1.707,4.390,1.280,-0.167,0.191,1.006,255,1678
269011587,-0.244,3.354,1.280,0.381,0.002,1.160,255,1678
269012639,0.732,0.305,0.183,0.450,0.093,1.015,255,1678
269013398,-0.671,-1.829,-0.427,0.114,-0.095,1.009,255,1678
269014638,-1.829,-0.549,-0.549,-0.366,-0.007,1.055,255,1678
269015637,-2.012,2.317,0.366,-0.473,0.007,0.935,255,1678
269016638,-0.366,3.232,1.341,0.320,0.038,1.109,255,1678
269017379,-0.366,3.232,1.341,0.320,0.038,1.109,255,1678
269018639,-0.488,-1.829,-0.427,0.136,-0.108,1.032,255,1678
269019515,-2.378,-0.122,-0.610,-0.412,-0.048,1.068,255,1678
269020638,-2.378,2.805,0.244,-0.495,0.050,0.972,255,1678
269021511,-1.768,3.963,1.402,-0.050,0.184,1.108,255,1678
269022638,1.037,-0.122,-0.122,0.546,0.007,0.986,255,1678
269023381,1.037,-0.122,-0.122,0.546,0.007,0.986,255,1678
269024639,-2.195,-0.183,-0.549,-0.441,-0.056,1.036,255,1678
269025515,-2.622,2.744,0.488,-0.467,0.099,0.991,255,1678
269026638,-1.951,3.841,1.707,-0.042,0.143,1.087,255,1678
269027385,-0.244,3.537,1.463,0.251,0.096,1.096,255,1678
269028639,0.854,0.061,-0.122,0.592,-0.036,1.006,255,1678
269029375,-0.732,-1.402,-0.610,0.058,-0.087,0.968,255,1678
269030638,-2.866,2.866,1.037,-0.449,0.137,1.038,255,1678
269031731,-2.012,3.841,1.707,-0.077,0.140,1.076,255,1678
269032521,0.000,3.415,0.976,0.271,0.117,1.086,255,1688
269033638,0.793,-0.061,-0.244,0.598,-0.062,1.037,255,1688
269034511,-0.671,-1.463,-0.549,0.019,-0.032,0.969,255,1688
269035638,-2.134,-0.122,-0.610,-0.365,-0.135,1.009,255,1688
269036636,-1.768,4.085,1.585,-0.111,0.149,1.097,255,1688
269037638,0.366,3.232,1.159,0.333,0.144,1.138,255,1688
269038380,1.220,-0.183,0.183,0.584,-0.086,0.992,255,1688
269039638,-0.427,-1.463,-0.549,0.024,-0.087,0.979,255,1688
269040518,-2.439,0.122,-0.122,-0.366,-0.167,0.994,255,1688
269041638,-3.110,2.866,0.671,-0.499,0.184,1.024,255,1688
269042511,-1.890,3.902,1.707,-0.084,0.153,1.073,255,1688
269043638,1.463,0.061,-0.244,0.539,-0.040,0.966,255,1688
269044386,1.463,0.061,-0.244,0.539,-0.040,0.966,255,1688
269045639,-2.805,0.305,-0.366,-0.387,-0.140,0.937,255,1688
269046517,-2.866,2.866,0.671,-0.537,0.220,1.024,255,1688
269047638,-2.317,4.024,1.829,-0.026,0.172,1.153,255,1688
269048383,0.183,3.049,1.707,0.353,0.122,1.174,255,1688
269049639,1.585,-0.427,-0.427,0.523,-0.062,0.925,255,1688
269050512,-0.854,-1.402,-0.854,0.064,-0.154,1.018,255,1688
269051638,-3.049,3.171,0.610,-0.539,0.241,1.038,255,1688
269052504,-2.622,3.963,1.890,0.010,0.157,1.162,255,1688
269053638,0.366,2.622,1.220,0.324,0.143,1.175,255,1688
269054381,1.524,-0.549,-0.610,0.536,-0.080,0.978,255,1688
269055638,-0.671,-1.768,-0.793,0.105,-0.182,1.003,255,1688
269056642,-2.683,0.427,-0.488,-0.485,0.228,1.032,255,1688
269057638,-2.317,3.963,2.134,0.009,0.188,1.152,255,1688
269058507,0.793,2.866,0.976,0.320,0.162,1.161,255,1688
269059638,1.951,-0.305,-0.488,0.551,-0.127,0.987,255,1688
269060516,-0.183,-1.402,-0.610,0.067,-0.193,0.962,255,1688
269061638,-2.622,0.732,-0.061,-0.512,-0.084,0.903,255,1688
269062639,-3.354,3.171,1.159,-0.461,0.249,1.071,255,1688
269063638,0.732,2.378,0.854,0.336,0.142,1.160,255,1688
269064386,0.732,2.378,0.854,0.336,0.142,1.160,255,1688
269065639,-0.244,-1.463,-0.549,0.012,-0.177,0.935,255,1688
269066514,-3.049,0.732,-0.061,-0.463,-0.089,0.890,255,1688
269067638,-3.232,3.415,1.220,-0.458,0.263,1.148,255,1688
269068512,-2.195,3.720,1.951,0.018,0.223,1.116,255,1688
269069638,0.732,2.134,0.610,0.416,0.106,1.185,255,1688
269070381,2.012,-0.488,-0.610,0.497,-0.160,1.024,255,1688
269071638,-3.110,1.402,0.061,-0.479,-0.092,0.937,255,1688
269072632,-3.354,3.659,1.280,-0.471,0.303,1.107,255,1688
269073638,-2.195,4.085,2.012,0.048,0.249,1.115,255,1688
269074381,1.159,2.195,1.159,0.418,0.075,1.219,255,1688
269075638,1.585,-0.488,-0.549,0.431,-0.154,0.975,255,1688
269076517,-0.671,-1.585,-0.793,0.032,-0.214,0.865,255,1688
269077638,-3.415,3.415,1.524,-0.462,0.269,1.076,255,1688
269078509,-1.890,4.085,2.439,0.128,0.283,1.127,255,1688
269079638,1.037,2.012,1.098,0.382,0.019,1.186,255,1688
269080407,1.402,-0.671,-1.098,0.412,-0.145,0.959,255,1688
269081638,-0.915,-1.524,-1.463,0.054,-0.290,0.915,255,1688
269082737,-3.841,1.768,0.305,-0.571,0.019,0.929,255,1688
269083638,-2.927,3.841,1.280,-0.383,0.263,1.065,255,1697
269084638,1.524,1.890,0.549,0.358,-0.005,1.136,255,1697
269085390,1.524,1.890,0.549,0.358,-0.005,1.136,255,1697
269086638,-1.341,-1.402,-0.549,0.018,-0.285,1.016,255,1697
269087520,-3.780,1.768,0.366,-0.593,0.072,0.915,255,1697
269088638,-3.293,3.720,1.159,-0.289,0.249,1.127,255,1697
269089384,-2.073,3.902,1.829,0.031,0.341,1.149,255,1697
269090639,1.585,-0.671,-1.037,0.473,-0.149,0.908,255,1697
269091509,1.585,-0.671,-1.037,0.473,-0.149,0.908,255,1697
269092638,-3.171,1.768,0.000,-0.536,0.090,0.936,255,1697
269093512,-3.110,3.659,1.463,-0.233,0.231,1.146,255,1697
269094638,-1.037,3.537,1.890,0.012,0.371,1.166,255,1697
269095377,2.012,1.037,0.122,0.397,-0.082,1.094,255,1697
269096638,1.768,-0.854,-1.037,0.440,-0.183,0.940,255,1697
269097507,-1.037,-0.915,-0.793,-0.169,-0.257,0.931,255,1697
269098638,-3.232,3.780,2.012,-0.270,0.310,1.150,255,1697
269099514,-1.037,3.293,1.585,0.068,0.312,1.157,255,1697
269100638,1.463,1.037,0.061,0.402,-0.105,1.061,255,1697
269101382,1.585,-0.671,-1.159,0.362,-0.219,0.897,255,1697
269102638,-1.585,-0.793,-0.610,-0.157,-0.252,0.908,255,1697
269103642,-4.024,1.829,0.793,-0.390,0.085,1.101,255,1697
269104638,-0.671,3.171,1.402,0.104,0.314,1.132,255,1697
269105380,-0.671,3.171,1.402,0.104,0.314,1.132,255,1697
269106639,1.646,-0.610,-1.585,0.271,-0.210,0.829,255,1697
269107521,-2.317,-0.488,-0.549,-0.128,-0.187,0.883,255,1697
269108638,-4.390,2.195,0.976,-0.373,0.124,1.167,255,1697
269109515,-3.049,3.659,1.159,-0.333,0.387,1.129,255,1697
269110638,-0.610,2.927,1.159,0.188,0.249,1.159,255,1697
269111388,1.890,1.098,-0.305,0.346,-0.152,1.059,255,1697
269112639,-2.256,-0.427,0.061,-0.088,-0.198,0.926,255,1697
269113518,-3.963,1.951,1.341,-0.411,0.155,1.111,255,1697
269114638,-2.805,3.476,1.890,-0.233,0.388,1.115,255,1697
269115388,-0.488,2.683,1.524,0.167,0.185,1.139,255,1697
269116638,2.134,1.098,-0.244,0.296,-0.139,1.058,255,1697
269117384,1.463,-0.671,-1.159,0.280,-0.247,0.846,255,1697
269118639,-4.024,2.134,0.732,-0.442,0.208,1.087,255,1697
269119514,-2.683,3.598,1.585,-0.168,0.380,1.125,255,1697
269120638,-0.122,2.622,1.280,0.134,0.192,1.154,255,1697
269121384,2.439,0.854,-0.854,0.297,-0.174,1.049,255,1697
269122639,1.280,-0.488,-1.159,0.274,-0.311,0.825,255,1697
269123518,-2.866,0.183,0.549,-0.200,-0.119,0.955,255,1697
269124638,-2.805,3.720,2.134,-0.170,0.395,1.120,255,1697
269125508,-2.805,3.720,2.134,-0.170,0.395,1.120,255,1697
269126638,2.317,0.793,-0.793,0.286,-0.164,1.003,255,1697
269127388,0.427,-0.549,-0.854,0.264,-0.348,0.926,255,1697
269128638,-2.744,0.427,0.366,-0.226,-0.008,0.978,255,1697
269129622,-4.146,2.500,1.463,-0.278,0.156,1.168,255,1697
269130638,-2.378,3.354,1.890,-0.188,0.432,1.083,255,1697
269131723,1.829,0.915,-0.732,0.308,-0.160,0.953,255,1697
269132641,0.122,-0.366,-0.732,0.203,-0.368,0.876,255,1707
269133526,-3.354,0.488,0.488,-0.212,0.054,1.026,255,1707
269134638,-4.207,2.500,1.585,-0.267,0.154,1.267,255,1707
269135379,-2.378,2.927,1.402,-0.183,0.460,1.070,255,1707
269136639,0.488,2.134,0.183,0.121,0.039,1.057,255,1707
269137373,2.012,0.915,-0.610,0.325,-0.193,0.961,255,1707
269138639,-2.988,0.976,0.427,-0.178,0.068,1.028,255,1707
269139385,-2.988,0.976,0.427,-0.178,0.068,1.028,255,1707
269140639,-1.768,2.866,0.915,-0.142,0.422,1.046,255,1707
269141378,0.854,1.890,0.244,0.133,-0.000,1.034,255,1707
269142639,1.951,0.671,-0.793,0.303,-0.224,0.955,255,1707
269143384,-0.732,0.061,-0.549,0.123,-0.294,0.918,255,1707
269144638,-3.171,0.854,0.610,-0.144,0.052,1.043,255,1707
269145501,-4.207,2.439,1.463,-0.310,0.253,1.232,255,1707
269146638,0.976,1.890,0.061,0.101,-0.014,0.975,255,1707
269147381,1.707,0.610,-1.220,0.259,-0.235,0.946,255,1707
269148638,-0.305,0.610,-0.183,0.128,-0.263,0.995,255,1707
269149494,-3.171,0.976,1.220,-0.141,0.072,1.052,255,1707
269150638,-3.902,2.317,1.707,-0.288,0.331,1.154,255,1707
269151370,-1.220,2.012,0.915,-0.058,0.268,1.134,255,1707
269152639,1.280,0.732,-0.915,0.268,-0.294,1.000,255,1707
269153379,1.280,0.732,-0.915,0.268,-0.294,1.000,255,1707
269154639,-3.720,0.915,1.159,-0.128,0.037,0.970,255,1707
269155374,-3.659,2.195,1.585,-0.235,0.358,1.173,255,1707
269156639,-1.037,2.195,0.854,-0.106,0.224,1.130,255,1707
269157387,1.037,1.829,0.000,0.092,0.023,0.952,255,1707
269158639,-1.220,1.280,0.061,0.108,-0.186,1.019,255,1707
269159376,-1.220,1.280,0.061,0.108,-0.186,1.019,255,1707
269160639,-2.988,1.951,1.524,-0.211,0.333,1.101,255,1707
269161385,-0.488,2.073,0.610,-0.085,0.209,1.130,255,1707
269162638,1.037,1.220,-0.244,0.107,-0.010,0.956,255,1707
269163374,1.159,1.159,-0.671,0.145,-0.289,1.021,255,1707
269164639,-1.524,0.915,0.244,0.152,-0.204,0.971,255,1707
269165382,-4.268,0.793,1.341,-0.084,0.143,1.030,255,1707
269166639,-0.671,2.012,0.427,-0.010,0.126,1.167,255,1707
269167375,0.793,1.890,0.183,0.034,-0.026,0.984,255,1707
269168639,1.341,1.585,-0.793,0.120,-0.264,0.938,255,1707
269169382,-1.707,1.098,0.183,0.151,-0.125,0.985,255,1707
269170638,-3.598,1.037,1.524,-0.076,0.131,1.106,255,1707
269171379,-2.622,1.280,1.037,-0.244,0.378,1.021,255,1707
269172639,0.976,1.890,-0.305,0.009,-0.030,1.010,255,1707
269173385,0.976,1.890,-0.305,0.009,-0.030,1.010,255,1707
269174638,-2.073,1.220,0.732,0.199,-0.108,1.053,255,1707
269175374,-3.476,1.037,1.768,-0.115,0.126,1.002,255,1707
269176639,-2.012,0.793,0.732,-0.156,0.356,1.060,255,1707
269177381,-0.305,2.012,0.183,-0.015,0.042,1.198,255,1707
269178639,1.098,2.012,-0.366,-0.062,-0.042,1.000,255,1707
269179599,-2.073,1.341,1.037,0.202,-0.122,1.063,255,1707
269180639,-3.293,1.220,1.524,-0.150,0.196,0.998,255,1707
269181745,-1.585,0.488,0.549,-0.114,0.311,1.097,255,1707
269182641,-0.305,2.073,0.366,-0.072,0.070,1.111,255,1717
269183404,1.159,2.073,-0.610,-0.051,-0.097,1.039,255,1717
269184638,0.000,2.134,-0.122,0.183,-0.188,0.945,255,1717
269185533,-2.256,0.793,1.037,0.160,-0.108,1.025,255,1717
269186638,-1.951,0.427,0.610,-0.113,0.229,1.140,255,1717
269187379,-1.951,0.427,0.610,-0.113,0.229,1.140,255,1717
269188639,0.732,2.561,-0.610,-0.009,-0.188,1.082,255,1717
269189597,-0.610,2.073,0.183,0.173,-0.096,0.931,255,1717
269190639,-2.256,0.793,1.098,0.154,-0.091,1.018,255,1717
269191406,-3.049,0.305,1.707,-0.049,0.243,0.902,255,1717
269192638,-1.341,0.305,0.610,-0.142,0.113,1.050,255,1717
269193384,-0.244,1.707,-0.305,-0.142,0.113,1.050,255,1717
269194639,-0.244,2.317,0.061,0.207,-0.081,0.928,255,1717
269195511,-2.073,0.549,0.793,0.181,-0.071,0.978,255,1717
269196638,-3.232,0.305,1.280,-0.027,0.208,0.937,255,1717
269197381,-1.585,0.488,0.427,-0.188,0.192,1.102,255,1717
269198639,-0.366,1.829,-0.183,-0.138,0.062,1.091,255,1717
269199512,0.122,3.171,0.122,-0.063,-0.189,1.168,255,1717
269200638,-2.073,0.793,1.341,0.184,-0.001,1.079,255,1717
269201381,-2.622,0.183,1.037,-0.035,0.181,0.939,255,1717
269202639,-0.732,0.427,-0.122,-0.229,0.222,1.066,255,1717
269203517,-0.488,1.951,-0.244,-0.166,0.009,1.120,255,1717
269204638,-0.366,3.171,0.000,-0.065,-0.154,1.095,255,1717
269205626,-0.244,1.951,0.061,0.312,-0.071,0.911,255,1717
269206638,-2.012,-0.122,0.793,-0.012,0.157,0.995,255,1717
269207509,-0.610,0.610,0.000,-0.232,0.191,1.049,255,1717
269208638,-0.671,2.317,0.000,-0.200,-0.052,1.067,255,1717
269209489,0.183,3.354,0.244,-0.035,-0.101,1.081,255,1717
269210638,-0.488,2.195,0.671,0.328,-0.085,1.004,255,1717
269211381,-2.195,0.488,1.463,0.182,0.070,1.054,255,1717
269212639,-2.134,-0.427,0.366,-0.006,0.126,1.044,255,1717
269213509,-1.037,0.793,-0.366,-0.322,0.194,1.007,255,1717
269214638,-0.305,2.988,0.000,0.055,-0.077,0.986,255,1717
269215512,-0.915,2.073,0.732,0.363,-0.071,1.040,255,1717
269216638,-2.195,-0.122,1.220,0.193,0.105,1.122,255,1717
269217381,-1.524,-0.732,0.427,-0.062,0.104,1.170,255,1717
269218639,-0.854,0.793,-0.183,-0.348,0.138,0.908,255,1717
269219629,-0.488,2.500,-0.549,-0.235,-0.026,0.963,255,1717
269220638,-0.915,1.890,0.793,0.367,-0.108,1.014,255,1717
269221504,-1.585,-0.183,0.671,0.225,0.167,1.087,255,1717
269222638,-1.707,-0.244,0.305,-0.118,0.043,1.159,255,1717
269223513,-0.976,1.280,-0.488,-0.409,0.170,0.915,255,1717
269224638,-0.305,3.049,-0.061,-0.193,-0.099,0.997,255,1717
269225629,-0.427,3.902,0.488,0.054,-0.024,1.080,255,1717
269226638,-0.793,1.646,0.915,0.231,0.153,1.087,255,1717
269227375,-1.585,-0.305,1.037,0.231,0.153,1.087,255,1717
269228638,-0.854,1.402,-0.610,-0.342,0.085,0.917,255,1717
269229509,-1.463,3.720,0.305,-0.299,-0.049,0.979,255,1717
269230638,-0.366,3.841,0.610,0.145,-0.050,1.121,255,1717
269231733,-0.610,1.280,1.280,0.543,0.015,1.084,255,1717
269232523,-1.159,-0.549,0.671,0.168,0.091,1.126,255,1727
269233638,-1.037,0.976,-0.854,-0.324,0.014,0.987,255,1727
269234501,-1.037,0.976,-0.854,-0.327,0.016,0.950,255,1727
269235638,-0.305,3.232,0.854,0.227,-0.004,1.058,255,1727
269236497,-0.366,1.037,1.280,0.602,-0.011,1.180,255,1727
269237638,-1.402,-0.854,0.427,0.086,0.067,1.029,255,1727
269238371,-1.402,-0.427,-0.305,-0.273,0.096,0.920,255,1727
269239638,-1.524,2.012,-0.427,-0.396,-0.042,1.096,255,1727
269240639,0.000,2.622,1.220,0.406,-0.031,1.089,255,1727
269241638,-0.671,0.610,1.524,0.494,0.028,1.118,255,1727
269242385,-1.159,-1.220,0.183,0.102,0.009,1.030,255,1727
269243638,-1.585,-0.366,-0.427,-0.340,0.136,0.949,255,1727
269244514,-1.951,2.683,-0.305,-0.489,-0.067,1.086,255,1727
269245638,-1.280,3.841,1.098,-0.201,0.106,0.920,255,1727
269246511,-0.671,2.683,1.280,0.470,-0.008,1.123,255,1727
269247638,-1.220,-1.037,-0.122,0.091,-0.021,0.978,255,1727
269248509,-1.159,-0.061,-0.549,-0.430,0.103,0.971,255,1727
269249638,-1.341,3.171,-0.366,-0.515,-0.094,1.058,255,1727
269250636,-1.463,3.963,1.098,-0.074,0.133,1.016,255,1727
269251638,-0.122,2.500,1.646,0.522,0.009,1.113,255,1727
269252376,-0.305,-0.061,0.915,0.474,0.029,1.060,255,1727
269253639,-1.037,-0.976,-0.183,0.043,-0.050,0.972,255,1727
269254505,-1.463,0.366,-0.671,-0.574,0.122,0.995,255,1727
269255638,-1.037,4.268,1.402,-0.011,0.093,1.107,255,1727
269256504,-0.061,2.317,1.098,0.526,0.093,1.011,255,1727
269257638,0.000,-0.610,0.000,0.546,-0.047,1.053,255,1727
269258367,-2.012,-0.549,-0.488,-0.105,-0.022,0.919,255,1727
269259638,-1.341,0.549,-0.915,-0.586,0.054,1.033,255,1727
269260642,-2.439,3.780,0.183,-0.420,0.021,1.101,255,1727
269261638,0.671,1.524,0.854,0.638,0.097,0.962,255,1727
269262377,0.671,1.524,0.854,0.638,0.097,0.962,255,1727
269263639,-1.341,-0.488,-0.610,-0.219,-0.007,0.897,255,1727
269264507,-1.646,1.220,-0.915,-0.624,0.054,1.006,255,1727
269265638,-2.317,3.963,0.793,-0.355,0.061,1.101,255,1727
269266503,-0.549,3.841,1.707,0.133,0.093,1.132,255,1727
269267638,-0.122,-1.159,0.244,0.356,-0.096,1.077,255,1727
269268507,-0.122,-1.159,0.244,-0.331,-0.033,0.903,255,1727
269269638,-2.317,1.890,-0.488,-0.650,0.072,1.049,255,1727
269270633,-2.744,3.780,1.037,-0.312,0.093,1.049,255,1727
269271638,-0.915,3.415,1.585,0.305,0.097,1.204,255,1727
269272469,0.427,0.671,1.280,0.722,0.021,1.001,255,1727
269273639,-0.366,-1.280,0.061,0.244,-0.079,1.029,255,1727
269274518,-1.890,-0.122,-1.098,-0.358,-0.071,0.993,255,1727
269275638,-2.134,3.963,1.524,-0.212,0.170,1.047,255,1727
269276518,-0.671,2.927,1.829,0.439,0.094,1.129,255,1727
269277638,0.854,-0.183,0.854,0.685,0.006,1.104,255,1727
269278373,-0.732,-1.402,-0.671,0.155,-0.112,0.967,255,1727
269279639,-2.561,0.305,-1.402,-0.496,-0.058,1.023,255,1727
269280668,-2.866,3.354,0.244,-0.667,0.094,0.937,255,1727
269281638,0.122,2.866,2.012,0.507,0.140,1.108,255,1727
269282739,1.037,-0.854,0.488,0.728,-0.100,1.126,255,1727
269283641,-0.671,-1.402,-0.732,0.023,-0.093,0.952,255,1736
269284529,-2.317,0.793,-0.732,-0.589,-0.095,0.988,255,1736
269285638,-2.988,3.537,0.427,-0.617,0.153,0.965,255,1736
269286515,-1.890,4.024,2.012,-0.014,0.212,1.106,255,1736
269287638,0.122,2.073,1.829,0.605,0.108,1.044,255,1736
269288381,1.280,-1.098,0.427,0.667,-0.126,1.114,255,1736
269289639,-2.256,1.159,-1.037,-0.663,-0.090,0.989,255,1736
269290514,-2.744,3.841,0.488,-0.558,0.211,1.051,255,1736
269291638,-1.646,3.902,2.256,0.054,0.158,1.076,255,1736
269292380,0.915,1.280,1.463,0.708,0.156,1.071,255,1736
269293639,1.037,-1.280,0.244,0.612,-0.230,1.047,255,1736
269294385,-0.854,-1.037,-1.037,-0.248,-0.092,0.904,255,1736
269295638,-2.988,4.146,0.915,-0.472,0.233,1.140,255,1736
269296509,-1.098,3.780,2.500,0.168,0.179,1.143,255,1736
269297638,1.707,0.366,1.402,0.788,0.105,1.120,255,1736
269298381,1.280,-1.402,-0.305,0.440,-0.201,1.001,255,1736
269299639,-1.463,-0.549,-1.402,-0.316,-0.154,0.812,255,1736
269300637,-3.293,2.256,-0.183,-0.726,0.051,1.009,255,1736
269301638,-0.854,3.537,2.683,0.276,0.221,1.206,255,1736
269302502,-0.854,3.537,2.683,0.276,0.221,1.206,255,1736
269303638,0.549,-1.585,-0.976,0.306,-0.199,0.957,255,1736
269304504,-2.195,-0.061,-1.463,-0.393,-0.235,0.800,255,1736
269305638,-3.476,3.415,-0.183,-0.806,0.219,1.089,255,1736
269306636,-2.866,4.207,1.585,-0.189,0.166,1.147,255,1736
269307638,-0.427,2.866,2.378,0.396,0.276,1.234,255,1736
269308374,2.378,-0.427,0.488,0.729,-0.068,0.962,255,1736
269309639,-2.256,0.732,-1.098,-0.517,-0.209,0.849,255,1736
269310513,-3.537,3.659,0.305,-0.766,0.277,1.032,255,1736
269311638,-2.927,4.268,2.073,-0.064,0.203,1.206,255,1736
269312381,-0.061,2.317,2.134,0.521,0.200,1.205,255,1736
269313639,2.012,-0.793,0.366,0.692,-0.118,0.905,255,1736
269314380,0.061,-1.098,-0.854,0.110,-0.271,1.017,255,1736
269315639,-3.720,3.963,0.305,-0.616,0.295,1.017,255,1736
269316505,-2.683,4.085,2.683,0.056,0.237,1.236,255,1736
269317638,1.341,1.585,1.707,0.529,0.196,1.150,255,1736
269318381,2.500,-1.098,-0.305,0.689,-0.224,0.886,255,1736
269319639,-0.732,-0.976,-1.220,-0.080,-0.235,0.907,255,1736
269320633,-3.476,2.256,-0.976,-0.728,-0.111,1.038,255,1736
269321638,-3.841,4.146,1.159,-0.502,0.333,1.031,255,1736
269322514,-1.707,3.841,2.561,0.083,0.298,1.170,255,1736
269323638,1.707,-1.707,-0.915,0.636,-0.281,1.001,255,1736
269324509,-0.732,-0.915,-1.707,-0.277,-0.232,0.828,255,1736
269325638,-3.293,2.744,-0.366,-0.729,0.013,1.092,255,1736
269326641,-2.927,4.024,1.463,-0.308,0.281,1.060,255,1736
269327638,-0.732,3.232,2.256,0.102,0.400,1.111,255,1736
269328381,2.195,0.061,0.610,0.748,-0.079,1.126,255,1736
269329639,-1.524,-0.122,-1.159,-0.375,-0.271,0.852,255,1736
269330532,-4.329,3.171,0.183,-0.708,0.162,1.088,255,1736
269331638,-3.720,4.146,1.890,-0.278,0.288,1.104,255,1736
269332704,-0.793,2.622,2.256,0.262,0.354,1.120,255,1736
269333641,2.134,-0.366,0.671,0.718,-0.179,1.105,255,1746
269334397,1.280,-1.524,-1.463,0.300,-0.249,0.885,255,1746
269335638,-4.085,3.354,0.427,-0.634,0.253,1.149,255,1746
269336514,-4.085,3.354,0.427,-0.185,0.329,1.163,255,1746
269337638,0.000,2.073,2.012,0.382,0.249,1.149,255,1746
269338389,2.439,-0.488,-0.122,0.636,-0.162,1.035,255,1746
269339638,0.366,-1.646,-1.585,0.214,-0.334,0.782,255,1746
269340637,-3.354,1.890,-0.549,-0.538,-0.151,0.847,255,1746
269341638,-4.085,3.841,0.854,-0.637,0.294,1.184,255,1746
269342514,-2.561,4.390,2.256,-0.045,0.391,1.244,255,1746
269343638,2.561,-1.402,-0.976,0.591,-0.166,0.985,255,1746
269344512,-0.122,-1.585,-1.341,0.092,-0.381,0.805,255,1746
269345638,-3.720,2.134,-0.488,-0.611,-0.028,0.837,255,1746
269346643,-3.902,3.902,1.159,-0.510,0.344,1.167,255,1746
269347638,-2.317,3.780,2.378,0.080,0.358,1.276,255,1746
269348384,1.646,0.915,1.402,0.478,0.062,1.107,255,1746
269349639,-0.854,-0.549,-1.159,-0.094,-0.355,0.892,255,1746
269350509,-3.963,2.927,-0.305,-0.629,0.061,1.004,255,1746
269351638,-3.598,4.268,1.829,-0.405,0.408,1.181,255,1746
269352511,-1.341,2.927,2.439,0.139,0.330,1.200,255,1746
269353638,2.012,0.061,0.732,0.537,-0.044,1.083,255,1746
269354378,2.073,-1.220,-1.280,0.438,-0.320,0.843,255,1746
269355639,-1.463,-0.122,-0.793,-0.226,-0.282,0.896,255,1746
269356710,-3.415,4.146,2.317,-0.295,0.444,1.109,255,1746
269357366,-3.415,4.146,2.317,-0.295,0.444,1.109,255,1746
269358638,1.890,-0.183,0.000,0.590,-0.125,1.069,255,1746
269359395,1.280,-1.159,-1.220,0.307,-0.409,0.874,255,1746
269360638,-2.195,0.610,-0.488,-0.345,-0.141,0.855,255,1746
269361635,-4.268,3.476,1.159,-0.555,0.149,1.263,255,1746
269362638,-2.744,3.841,1.829,-0.233,0.509,1.084,255,1746
269363385,0.122,1.463,1.585,0.319,0.149,1.096,255,1746
269364638,0.976,-1.402,-1.646,0.205,-0.447,0.840,255,1746
269365509,-3.049,0.793,-0.549,-0.382,-0.051,0.916,255,1746
269366638,-4.268,3.720,1.341,-0.502,0.264,1.138,255,1746
269367514,-2.561,3.659,1.707,-0.080,0.511,1.248,255,1746
269368638,0.183,1.220,1.585,0.353,0.014,1.068,255,1746
269369373,2.744,-0.732,-0.915,0.413,-0.175,0.928,255,1746
269370639,-3.537,2.073,0.305,-0.424,0.025,0.976,255,1746
269371508,-3.476,3.659,1.341,-0.473,0.370,1.171,255,1746
269372638,-1.341,2.866,1.768,0.124,0.398,1.218,255,1746
269373388,1.524,0.854,0.732,0.257,-0.023,1.064,255,1746
269374638,2.012,-1.280,-1.585,0.422,-0.258,0.842,255,1746
269375509,-1.707,0.000,-0.793,0.010,-0.351,0.962,255,1746
269376638,-3.293,3.537,1.524,-0.345,0.514,1.247,255,1746
269377500,-1.341,2.195,1.402,0.146,0.226,1.270,255,1746
269378638,1.524,0.427,0.183,0.232,-0.054,1.031,255,1746
269379379,1.829,-1.341,-1.220,0.464,-0.398,0.694,255,1746
269380639,-2.073,0.915,-0.244,-0.188,-0.172,1.021,255,1746
269381735,-4.329,3.232,0.671,-0.405,0.110,1.028,255,1746
269382658,-3.293,3.780,2.012,-0.193,0.518,1.262,255,1756
269383638,1.646,0.061,-0.610,0.328,-0.099,0.975,255,1756
269384381,1.646,0.061,-0.610,0.328,-0.099,0.975,255,1756
269385638,-2.500,1.220,0.183,-0.276,-0.017,0.933,255,1756
269386509,-3.902,3.171,1.341,-0.325,0.194,1.295,255,1756
269387638,-2.256,2.988,1.768,-0.146,0.478,1.117,255,1756
269388381,1.037,1.220,0.671,0.074,0.103,1.083,255,1756
269389639,2.195,0.061,-0.671,0.399,-0.207,0.978,255,1756
269390378,-0.183,0.183,-0.488,0.169,-0.378,0.900,255,1756
269391639,-4.085,3.293,2.073,-0.275,0.248,1.236,255,1756
269392505,-1.220,2.378,1.037,-0.165,0.406,1.032,255,1756
269393638,0.183,0.854,0.183,0.158,0.001,1.101,255,1756
269394439,1.585,-0.061,-0.610,0.370,-0.284,1.001,255,1756
269395639,-0.732,0.732,-0.305,0.086,-0.236,0.853,255,1756
269396638,-3.476,1.585,1.098,-0.156,0.040,1.056,255,1756
269397638,-1.037,2.134,0.671,-0.077,0.262,1.113,255,1756
269398378,-1.037,2.134,0.671,-0.077,0.262,1.113,255,1756
269399639,1.280,0.183,-0.732,0.284,-0.328,0.971,255,1756
269400382,-1.585,1.098,0.061,0.084,-0.134,0.896,255,1756
269401639,-3.537,2.500,1.585,-0.187,0.045,1.001,255,1756
269402381,-2.195,2.439,1.220,-0.310,0.461,1.200,255,1756
269403639,1.402,0.549,0.000,0.137,-0.064,1.027,255,1756
269404394,1.402,0.549,0.000,0.137,-0.064,1.027,255,1756
269405638,-2.134,1.402,1.098,0.124,-0.128,1.000,255,1756
269406382,-3.415,2.317,1.341,-0.278,0.184,0.965,255,1756
269407638,-1.280,1.463,0.427,-0.208,0.372,1.203,255,1756
269408382,-0.610,1.524,0.366,-0.025,0.057,1.150,255,1756
269409639,0.915,0.732,-0.732,0.143,-0.126,1.088,255,1756
269410382,-0.366,1.098,0.000,0.297,-0.237,0.789,255,1756
269411639,-3.171,2.378,1.037,-0.278,0.253,1.159,255,1756
269412380,-0.854,1.585,0.732,-0.204,0.254,1.179,255,1756
269413639,0.366,1.280,0.244,-0.028,0.083,1.003,255,1756
269414385,0.915,1.220,-0.610,0.174,-0.204,0.976,255,1756
269415638,-0.671,1.585,0.366,0.262,-0.160,0.894,255,1756
269416375,-2.378,1.341,0.976,-0.018,0.034,1.068,255,1756
269417639,-0.671,1.341,0.549,-0.195,0.230,0.965,255,1756
269418386,-0.671,1.341,0.549,-0.195,0.230,0.965,255,1756
269419639,0.366,1.890,0.122,0.209,-0.200,1.000,255,1756
269420380,-1.159,1.220,0.488,0.314,-0.136,0.948,255,1756
269421638,-2.561,1.220,1.098,-0.021,0.078,1.052,255,1756
269422382,-1.768,1.585,0.915,-0.243,0.219,1.153,255,1756
269423639,-0.854,1.524,-0.061,-0.178,0.178,1.083,255,1756
269424510,0.122,1.951,0.122,-0.062,-0.027,0.997,255,1756
269425638,-1.646,1.159,0.427,0.295,-0.068,0.976,255,1756
269426380,-2.378,1.280,0.976,-0.061,0.118,0.996,255,1756
269427639,-1.341,0.732,0.183,-0.275,0.229,1.170,255,1756
269428382,-0.732,1.951,0.061,-0.173,0.131,1.133,255,1756
269429638,0.000,2.195,0.305,-0.017,-0.114,0.994,255,1756
269430403,-0.366,2.073,0.671,0.270,-0.078,0.900,255,1756
269431638,-2.134,1.098,0.854,-0.138,0.155,0.910,255,1756
269432735,-1.037,0.793,-0.061,-0.255,0.201,1.161,255,1756
269433641,-0.366,2.073,-0.366,-0.238,0.067,1.118,255,1766
269434653,-0.183,2.683,0.183,0.006,-0.156,1.035,255,1766
269435638,-0.915,1.951,0.732,0.400,-0.037,0.872,255,1766
269436382,-1.951,0.854,1.585,0.203,-0.017,1.060,255,1766
269437638,-1.159,1.098,-0.183,-0.318,0.161,1.133,255,1766
269438504,-1.159,1.098,-0.183,-0.318,0.161,1.133,255,1766
269439638,-1.098,2.683,0.549,0.086,-0.072,0.932,255,1766
269440507,-1.037,1.524,0.976,0.463,-0.095,0.976,255,1766
269441638,-2.012,0.427,1.098,0.098,0.041,1.029,255,1766
269442375,-1.463,0.244,0.000,-0.141,0.088,1.254,255,1766
269443639,-1.159,1.280,-0.061,-0.369,0.189,0.936,255,1766
269444521,-1.220,2.317,0.061,-0.158,-0.057,1.026,255,1766
269445638,-0.671,1.463,1.037,0.491,-0.109,0.997,255,1766
269446502,-1.707,0.122,1.280,0.051,0.171,0.982,255,1766
269447638,-1.341,0.122,0.427,-0.195,0.009,1.181,255,1766
269448380,-0.610,1.463,-0.915,-0.446,0.204,0.949,255,1766
269449638,-1.280,2.378,-0.244,-0.138,-0.151,0.952,255,1766
269450638,-1.220,2.744,0.854,0.273,0.060,1.093,255,1766
269451638,-1.159,-0.183,0.671,0.075,0.151,1.083,255,1766
269452381,-1.159,-0.183,0.671,0.075,0.151,1.083,255,1766
269453638,-0.854,2.134,-1.220,-0.310,0.024,1.082,255,1766
269454504,-1.524,3.110,0.610,-0.138,-0.064,0.970,255,1766
269455638,-0.061,2.134,1.037,0.461,0.027,1.025,255,1766
269456503,-1.280,0.793,1.768,0.424,0.024,1.094,255,1766
269457638,-0.976,-0.061,0.305,-0.018,0.008,0.963,255,1766
269458486,-0.854,0.549,-0.671,-0.501,0.222,1.021,255,1766
269459638,-0.976,3.659,0.854,-0.069,0.071,1.024,255,1766
269460497,-0.732,1.402,0.915,0.585,-0.031,0.884,255,1766
269461638,-1.463,0.305,1.524,0.384,0.082,1.188,255,1766
269462374,-0.976,-0.061,-0.183,-0.194,0.007,1.054,255,1766
269463639,-0.915,1.159,-1.220,-0.482,0.144,1.000,255,1766
269464633,-2.256,2.439,-0.549,-0.334,-0.117,1.069,255,1766
269465638,-0.671,1.098,1.646,0.689,-0.005,0.980,255,1766
269466512,-0.732,-0.122,0.915,0.236,0.089,1.065,255,1766
269467638,-0.854,0.000,-0.793,-0.317,0.007,1.184,255,1766
269468493,-1.159,1.585,-1.159,-0.505,-0.015,0.929,255,1766
269469638,-1.402,3.232,0.183,-0.354,0.025,0.986,255,1766
269470507,-0.854,2.988,1.890,0.370,0.049,1.105,255,1766
269471638,0.000,-0.549,0.488,0.121,0.053,1.021,255,1766
269472377,0.000,-0.549,0.488,0.121,0.053,1.021,255,1766
269473639,-1.159,2.195,-1.402,-0.534,-0.023,1.008,255,1766
269474509,-2.134,3.354,0.671,-0.214,0.091,0.892,255,1766
269475638,-0.793,2.439,2.256,0.582,0.012,1.185,255,1766
269476381,-0.183,0.366,1.524,0.558,0.130,1.029,255,1766
269477639,-0.549,-0.366,-0.671,0.053,-0.125,0.933,255,1766
269478501,-1.159,1.159,-1.098,-0.629,0.119,1.042,255,1766
269479638,-1.646,3.415,1.341,-0.062,0.165,1.015,255,1766
269480525,-0.549,1.402,1.890,0.728,-0.021,1.122,255,1766
269481638,-0.061,-0.183,0.976,0.432,0.184,1.016,255,1766
269482701,-0.732,0.305,-0.427,-0.134,-0.183,0.869,255,1766
269483641,-1.037,1.341,-1.707,-0.705,0.142,1.040,255,1776
269484657,-2.378,2.927,-0.488,-0.398,-0.098,1.102,255,1776
269485638,0.244,0.732,2.195,0.754,0.093,0.930,255,1776
269486514,-0.122,-0.427,0.610,0.369,0.042,1.202,255,1776
269487638,-1.402,1.037,-1.159,-0.347,-0.102,1.027,255,1776
269488514,-1.280,2.256,-1.829,-0.732,0.009,0.864,255,1776
269489638,-2.744,3.841,0.793,-0.338,0.034,1.115,255,1776
269490509,-1.037,2.500,1.951,0.474,0.129,1.130,255,1776
269491638,0.000,0.427,2.073,0.766,0.111,1.090,255,1776
269492385,0.122,-0.488,0.305,0.148,-0.068,1.005,255,1776
269493639,-1.829,2.561,-1.280,-0.693,-0.057,0.950,255,1776
269494517,-2.622,3.598,1.159,-0.163,0.128,0.981,255,1776
269495638,-0.793,1.890,2.744,0.658,0.163,1.097,255,1776
269496379,0.366,-0.366,2.073,0.714,0.050,1.146,255,1776
269497639,-0.183,-0.854,-0.549,-0.007,-0.066,0.944,255,1776
269498506,-0.976,1.098,-2.012,-0.703,-0.082,0.979,255,1776
269499638,-1.890,3.354,2.073,0.104,0.196,1.056,255,1776
269500506,0.061,1.159,2.927,0.789,0.169,1.111,255,1776
269501638,0.793,-0.976,0.915,0.594,-0.001,1.041,255,1776
269502444,-0.610,-0.244,-1.280,-0.230,-0.148,0.808,255,1776
269503639,-1.646,2.500,-1.829,-0.883,-0.046,1.037,255,1776
269504671,-3.293,3.780,-0.061,-0.452,0.064,1.112,255,1776
269505638,0.976,0.183,2.927,0.865,0.183,0.976,255,1776
269506516,0.976,0.183,2.927,0.865,0.183,0.976,255,1776
269507638,-0.732,0.610,-1.768,-0.501,-0.181,1.003,255,1776
269508514,-2.317,3.415,-1.951,-0.880,-0.020,0.917,255,1776
269509638,-3.171,3.841,0.854,-0.247,0.159,1.098,255,1776
269510512,-1.280,2.744,2.988,0.494,0.203,1.231,255,1776
269511638,0.915,-0.610,1.402,0.917,0.134,0.996,255,1776
269512380,0.488,-1.341,-0.427,0.167,-0.138,0.997,255,1776
269513639,-2.866,3.171,-1.341,-0.746,0.048,0.863,255,1776
269514634,-3.049,3.537,2.012,-0.064,0.156,1.098,255,1776
269515638,-0.427,1.585,3.110,0.675,0.268,1.201,255,1776
269516380,0.976,-1.707,1.341,0.886,-0.047,1.106,255,1776
269517639,0.183,-0.610,-1.037,-0.166,-0.143,0.926,255,1776
269518514,-1.463,1.646,-2.317,-0.829,-0.152,0.867,255,1776
269519638,-2.439,3.415,2.622,0.107,0.241,1.060,255,1776
269520497,0.732,0.427,2.622,0.937,0.255,1.146,255,1776
269521638,0.976,-1.280,1.098,0.600,-0.123,1.051,255,1776
269522385,-0.610,0.366,-1.646,-0.402,-0.204,0.851,255,1776
269523638,-2.927,2.744,-2.012,-0.902,-0.046,0.914,255,1776
269524642,-4.024,4.634,0.732,-0.418,0.101,1.226,255,1776
269525638,-2.378,2.683,3.049,0.375,0.321,1.121,255,1776
269526385,0.671,-0.793,2.378,1.057,0.108,0.998,255,1776
269527638,-0.976,0.793,-2.622,-0.539,-0.296,0.838,255,1776
269528514,-3.171,4.268,-1.220,-0.924,0.041,1.060,255,1776
269529638,-3.415,3.902,1.646,-0.180,0.182,1.081,255,1776
269530529,-1.220,1.951,3.720,0.668,0.374,1.286,255,1776
269531638,2.012,-1.402,2.073,0.920,-0.043,1.045,255,1776
269532739,-2.012,1.707,-1.951,-0.736,-0.290,1.096,255,1776
269533641,-3.780,4.451,-0.671,-0.832,0.184,0.893,255,1785
269534664,-3.293,3.537,2.439,0.103,0.244,1.114,255,1785
269535638,-0.183,0.915,3.476,0.893,0.299,1.160,255,1785
269536381,1.890,-1.829,0.732,0.698,-0.178,1.050,255,1785
269537638,0.366,-0.671,-1.768,-0.265,-0.229,0.859,255,1785
269538514,-2.866,2.866,-1.768,-0.933,-0.185,1.033,255,1785
269539638,-2.683,2.927,3.415,0.346,0.288,1.135,255,1785
269540511,-2.683,2.927,3.415,0.346,0.288,1.135,255,1785
269541638,1.951,-1.585,0.000,0.451,-0.199,0.904,255,1785
269542389,-0.610,0.732,-2.622,-0.450,-0.357,0.841,255,1785
269543638,-3.659,3.537,-2.012,-1.061,0.092,0.896,255,1785
269544638,-4.085,4.512,1.098,-0.231,0.210,1.297,255,1785
269545638,-1.280,1.951,3.720,0.546,0.387,1.286,255,1785
269546380,2.134,-1.890,1.646,0.968,0.005,0.937,255,1785
269547639,-1.707,1.646,-2.744,-0.727,-0.394,0.837,255,1785
269548517,-4.268,4.390,-0.976,-0.877,0.260,1.057,255,1785
269549638,-3.598,3.902,2.744,0.036,0.227,1.191,255,1785
269550505,0.000,1.280,3.232,0.742,0.394,1.244,255,1785
269551638,2.561,-1.646,1.220,0.813,-0.181,1.011,255,1785
269552388,0.671,-0.793,-1.524,-0.123,-0.258,0.948,255,1785
269553638,-4.451,4.878,0.305,-0.593,0.238,1.032,255,1785
269554511,-3.110,3.598,3.415,0.178,0.366,1.113,255,1785
269555638,1.098,-0.427,2.561,0.974,0.188,1.056,255,1785
269556458,1.585,-1.524,0.061,0.537,-0.236,1.042,255,1785
269557639,-0.244,0.000,-2.317,-0.391,-0.377,0.839,255,1785
269558542,-3.841,3.841,-1.585,-1.023,0.021,1.044,255,1785
269559638,-4.146,4.451,1.341,-0.333,0.217,1.221,255,1785
269560513,-1.768,2.378,3.293,0.427,0.480,1.165,255,1785
269561638,2.439,-1.463,-1.159,0.266,-0.233,0.823,255,1785
269562512,-0.854,1.098,-2.805,-0.648,-0.419,0.730,255,1785
269563638,-3.841,4.329,-1.402,-0.945,0.201,1.135,255,1785
269564637,-3.780,4.024,2.012,-0.080,0.321,1.311,255,1785
269565638,0.000,1.524,3.537,0.668,0.373,1.245,255,1785
269566381,2.134,-1.829,1.098,0.903,-0.126,0.833,255,1785
269567638,-2.622,2.622,-1.768,-0.894,-0.277,0.951,255,1785
269568517,-4.329,4.695,-0.305,-0.692,0.289,1.067,255,1785
269569638,-3.293,3.354,2.988,0.173,0.404,1.201,255,1785
269570508,1.280,0.000,3.049,0.817,0.226,1.281,255,1785
269571638,2.805,-2.317,-0.061,0.749,-0.221,0.850,255,1785
269572516,0.183,0.122,-2.195,-0.372,-0.444,0.838,255,1785
269573638,-3.841,3.659,-1.951,-0.397,0.342,1.147,255,1785
269574633,-2.317,2.378,3.476,0.377,0.495,1.058,255,1785
269575638,1.707,-1.220,1.951,0.958,-0.035,1.159,255,1785
269576385,2.012,-1.585,-1.037,0.309,-0.321,0.886,255,1785
269577638,-0.915,1.646,-2.622,-0.604,-0.460,0.769,255,1785
269578635,-4.512,4.390,-0.976,-0.902,0.294,1.067,255,1785
269579638,-4.451,4.817,2.256,-0.104,0.346,1.352,255,1785
269580535,-0.854,1.159,3.415,0.593,0.390,1.160,255,1785
269581638,1.159,-0.854,-2.073,-0.051,-0.404,0.846,255,1785
269582729,-2.988,2.805,-1.951,-0.738,-0.252,0.776,255,1785
269583660,-4.695,4.939,0.244,-0.747,0.361,1.252,255,1795
269584638,-3.049,3.659,2.927,0.162,0.405,1.245,255,1795
269585388,0.366,-0.122,2.500,0.767,0.198,1.199,255,1795
269586638,2.805,-1.890,-0.244,0.670,-0.266,0.803,255,1795
269587513,0.183,-0.488,-2.317,-0.318,-0.444,0.886,255,1795
269588638,-4.695,5.244,1.341,-0.537,0.392,1.050,255,1795
269589520,-1.951,2.378,3.354,0.425,0.426,1.211,255,1795
269590638,1.646,-0.976,1.402,0.775,0.019,1.075,255,1795
269591383,2.134,-1.768,-1.463,0.433,-0.395,0.871,255,1795
269592638,-1.707,0.793,-2.256,-0.547,-0.311,0.854,255,1795
269593639,-4.146,4.451,-0.854,-0.844,0.146,1.105,255,1795
269594638,-1.098,0.854,3.049,0.628,0.270,1.157,255,1795
269595511,2.378,-1.341,0.549,0.700,-0.060,0.924,255,1795
269596638,1.341,-1.098,-1.707,0.150,-0.510,0.751,255,1795
269597519,-2.988,2.744,-1.890,-0.695,-0.208,0.856,255,1795
269598638,-4.329,4.207,0.305,-0.711,0.331,1.193,255,1795
269599513,-3.293,3.232,2.622,0.125,0.461,1.363,255,1795
269600638,0.915,0.244,2.378,0.594,0.157,1.146,255,1795
269601387,2.622,-1.951,-0.549,0.682,-0.275,0.779,255,1795
269602638,-3.537,3.476,-1.585,-0.746,-0.016,1.033,255,1795
269603639,-4.268,4.512,1.402,-0.440,0.464,1.216,255,1795
269604638,-2.073,2.012,3.232,0.328,0.380,1.169,255,1795
269605387,2.195,-0.732,1.402,0.648,0.016,1.037,255,1795
269606639,1.951,-1.768,-1.341,0.489,-0.475,0.883,255,1795
269607513,-1.341,1.524,-1.890,-0.542,-0.253,0.913,255,1795
269608638,-3.415,3.963,2.317,-0.156,0.518,1.253,255,1795
269609522,-0.549,0.610,2.561,0.383,0.270,1.034,255,1795
269610638,2.012,-1.463,0.244,0.739,-0.181,0.956,255,1795
269611382,1.341,-0.671,-1.220,0.087,-0.428,0.821,255,1795
269612638,-2.439,2.256,-1.707,-0.514,-0.191,0.829,255,1795
269613633,-4.634,4.634,0.732,-0.662,0.383,1.292,255,1795
269614638,1.037,0.183,2.439,0.519,0.163,1.064,255,1795
269615382,1.037,0.183,2.439,0.519,0.163,1.064,255,1795
269616639,-0.549,-0.122,-1.707,-0.215,-0.335,0.839,255,1795
269617520,-3.720,3.171,-0.854,-0.580,-0.050,1.023,255,1795
269618638,-3.659,4.695,1.524,-0.511,0.545,1.286,255,1795
269619512,-1.402,1.707,2.744,0.277,0.281,1.162,255,1795
269620638,1.768,-0.427,1.463,0.590,0.007,1.048,255,1795
269621381,2.195,-1.402,-1.098,0.396,-0.423,0.810,255,1795
269622639,-4.024,3.902,0.427,-0.621,0.172,1.238,255,1795
269623509,-3.049,3.720,1.829,-0.268,0.542,1.160,255,1795
269624638,-0.549,1.220,2.195,0.365,0.147,1.049,255,1795
269625383,1.951,-0.976,-0.061,0.577,-0.151,0.901,255,1795
269626639,0.915,-0.854,-1.585,0.200,-0.442,0.807,255,1795
269627634,-2.195,2.439,-0.793,-0.427,-0.088,1.003,255,1795
269628638,-2.134,3.293,1.768,0.011,0.353,1.326,255,1795
269629513,0.793,0.610,1.585,0.332,0.096,0.989,255,1795
269630638,2.256,-1.463,-0.793,0.613,-0.308,0.749,255,1795
269631725,-0.671,0.732,-0.854,-0.072,-0.288,0.913,255,1795
269632600,-3.354,3.171,-0.061,-0.500,-0.027,1.039,255,1805
269633638,-3.415,4.329,1.159,-0.483,0.543,1.234,255,1805
269634506,-1.463,1.768,2.134,0.191,0.155,1.205,255,1805
269635638,1.463,-1.098,-0.122,0.520,-0.454,0.716,255,1805
269636522,-1.951,1.646,-0.488,-0.272,-0.131,0.947,255,1805
269637638,-3.902,3.659,0.488,-0.525,0.186,1.357,255,1805
269638511,-2.927,3.415,1.524,-0.219,0.446,1.158,255,1805
269639638,-0.549,1.159,1.707,0.179,0.120,0.893,255,1805
269640385,1.341,-0.976,-0.305,0.534,-0.209,0.974,255,1805
269641638,0.061,-0.244,-0.366,-0.303,-0.070,1.049,255,1805
269642629,-3.232,4.085,1.159,-0.537,0.432,1.187,255,1805
269643638,-2.012,2.927,1.402,-0.051,0.269,1.186,255,1805
269644385,0.610,0.244,1.220,0.292,0.040,0.963,255,1805
269645638,1.463,-1.037,0.061,0.486,-0.356,0.850,255,1805
269646374,-1.280,0.793,-0.122,0.022,-0.163,0.937,255,1805
269647639,-3.171,2.866,0.305,-0.421,0.018,1.017,255,1805
269648509,-2.500,3.841,1.159,-0.427,0.516,1.273,255,1805
269649638,0.610,-0.183,0.488,0.362,-0.106,1.019,255,1805
269650379,0.610,-0.183,0.488,0.409,-0.332,0.683,255,1805
269651639,-2.195,0.976,-0.122,-0.092,-0.107,1.032,255,1805
269652519,-3.476,3.537,0.549,-0.531,0.286,1.374,255,1805
269653638,-1.585,2.683,0.854,-0.192,0.353,1.066,255,1805
269654380,-0.427,1.159,1.159,0.140,0.036,1.006,255,1805
269655638,-1.220,0.122,0.122,0.312,-0.235,0.964,255,1805
269656382,-1.220,0.122,0.122,0.312,-0.235,0.964,255,1805
269657639,-2.805,3.415,0.488,-0.517,0.409,1.181,255,1805
269658378,-1.402,2.317,0.610,-0.042,0.141,1.208,255,1805
269659639,0.549,1.037,0.854,0.151,-0.007,0.935,255,1805
269660381,0.610,-0.366,0.122,0.527,-0.275,0.805,255,1805
269661638,-1.768,0.793,0.427,0.099,-0.125,0.935,255,1805
269662373,-2.866,2.805,0.488,-0.428,0.121,1.016,255,1805
269663639,-1.037,1.585,0.793,-0.024,0.083,1.113,255,1805
269664379,0.244,0.488,0.244,0.281,-0.088,1.034,255,1805
269665639,-0.305,0.488,0.366,0.479,-0.240,0.818,255,1805
269666369,-1.890,1.524,0.427,-0.119,-0.041,1.064,255,1805
269667639,-2.988,2.622,0.305,-0.383,0.245,1.280,255,1805
269668503,-1.402,2.073,0.427,-0.298,0.192,1.065,255,1805
269669638,-0.183,0.366,0.244,0.481,-0.223,0.894,255,1805
269670372,-0.183,0.366,0.244,0.481,-0.223,0.894,255,1805
269671639,-1.707,1.280,0.671,-0.185,-0.005,0.986,255,1805
269672500,-1.646,1.951,0.305,-0.373,0.304,1.184,255,1805
269673638,-0.671,2.439,0.122,-0.241,0.146,1.166,255,1805
269674381,-0.122,0.854,0.427,0.201,-0.045,0.976,255,1805
269675638,-0.244,0.549,0.549,0.461,-0.156,0.888,255,1805
269676356,-1.159,0.854,0.488,0.079,-0.069,0.953,255,1805
269677638,-0.854,2.012,0.305,-0.438,0.255,1.222,255,1805
269678369,-0.305,1.402,0.183,-0.045,0.020,1.006,255,1805
269679639,-0.610,1.524,0.915,0.285,-0.096,1.081,255,1805
269680405,-0.183,1.098,0.915,0.368,-0.073,0.868,255,1805
269681638,-1.098,0.427,0.732,0.050,-0.046,1.109,255,1805
269682703,-0.366,1.585,-0.183,-0.373,0.160,1.006,255,1805
269683641,-0.610,1.707,0.488,0.071,-0.026,0.921,255,1815
269684524,-0.732,1.829,0.488,0.323,-0.082,0.939,255,1815
269685638,-1.524,0.793,0.915,0.383,-0.067,1.026,255,1815
269686388,-1.829,0.915,1.159,-0.134,0.042,1.072,255,1815
269687639,-1.098,1.341,-0.305,-0.453,0.224,1.112,255,1815
269688509,-1.037,2.317,-0.366,-0.231,0.042,1.111,255,1815
269689638,-0.671,1.402,0.915,0.474,-0.028,0.875,255,1815
269690509,-1.585,0.854,1.524,0.280,-0.021,1.021,255,1815
269691638,-1.220,1.524,0.549,-0.277,0.114,1.095,255,1815
269692380,-0.549,1.524,-0.427,-0.442,0.120,1.087,255,1815
269693639,-1.220,2.134,-0.183,-0.141,0.016,1.059,255,1815
269694637,-1.280,2.134,0.915,0.147,-0.001,0.984,255,1815
269695638,-0.366,1.402,1.524,0.610,-0.077,1.008,255,1815
269696446,-1.098,0.488,1.098,0.028,0.102,1.108,255,1815
269697639,-0.976,1.951,-0.671,-0.435,0.123,0.973,255,1815
269698529,-1.402,2.378,0.122,-0.093,-0.119,0.912,255,1815
269699638,-1.098,2.317,1.280,0.332,0.106,1.038,255,1815
269700507,-0.854,0.793,1.768,0.568,-0.100,1.056,255,1815
269701638,-0.854,0.793,0.488,-0.066,0.155,1.075,255,1815
269702385,-0.793,0.915,-0.610,-0.487,0.046,1.042,255,1815
269703639,-1.646,2.622,1.037,-0.021,-0.067,0.965,255,1815
269704625,-0.671,1.402,1.463,0.593,0.061,0.952,255,1815
269705638,-0.793,0.793,1.585,0.317,0.089,1.114,255,1815
269706372,-0.427,0.793,0.000,-0.153,-0.044,0.995,255,1815
269707638,-0.671,1.890,-0.854,-0.602,0.164,1.091,255,1815
269708623,-2.073,1.890,-0.549,-0.230,-0.176,0.996,255,1815
269709638,-2.012,2.805,1.524,0.146,0.145,1.078,255,1815
269710512,-0.549,0.854,2.073,0.718,0.000,0.991,255,1815
269711638,-0.366,1.220,-0.854,-0.409,-0.027,1.115,255,1815
269712517,-1.220,2.134,-1.524,-0.531,0.042,0.946,255,1815
269713638,-1.829,3.049,0.244,-0.232,-0.104,0.908,255,1815
269714637,-1.341,2.012,1.524,0.506,0.130,1.075,255,1815
269715638,-1.037,0.305,2.561,0.610,0.029,1.167,255,1815
269716380,0.000,0.366,0.305,-0.004,0.035,0.986,255,1815
269717639,-1.890,3.049,-1.280,-0.480,-0.085,1.110,255,1815
269718508,-2.073,3.110,1.220,-0.015,0.077,0.963,255,1815
269719638,-0.732,0.854,2.500,0.771,0.080,1.042,255,1815
269720368,-0.732,0.305,2.134,0.395,0.141,1.096,255,1815
269721638,-0.671,0.244,-0.732,-0.208,-0.119,0.954,255,1815
269722504,-1.220,2.012,-2.134,-0.713,0.034,1.062,255,1815
269723638,-1.829,2.500,2.073,0.367,0.219,1.207,255,1815
269724502,-0.244,0.427,2.866,0.790,0.066,1.080,255,1815
269725638,0.366,-0.366,0.854,0.211,0.035,1.079,255,1815
269726378,-0.549,1.037,-1.463,-0.489,-0.135,1.114,255,1815
269727639,-1.829,2.927,-2.195,-0.734,-0.013,0.862,255,1815
269728648,-2.805,3.232,0.732,-0.177,0.054,0.890,255,1815
269729638,-0.854,1.646,2.866,0.702,0.140,1.153,255,1815
269730404,0.305,-0.183,2.500,0.614,0.159,1.100,255,1815
269731638,-1.159,1.890,-2.317,-0.830,0.030,0.960,255,1815
269732729,-2.805,3.537,-1.646,-0.564,-0.104,1.082,255,1815
269733655,-2.500,2.744,1.829,0.155,0.184,1.126,255,1824
269734638,-0.122,0.488,3.110,0.812,0.170,0.979,255,1824
269735385,0.610,-0.915,1.829,0.525,0.070,1.112,255,1824
269736638,0.183,0.427,-1.220,-0.346,-0.227,0.962,255,1824
269737504,-1.402,2.744,-3.049,-0.899,-0.032,0.914,255,1824
269738638,-1.646,2.073,3.049,0.502,0.295,1.167,255,1824
269739517,0.732,-0.305,2.988,0.869,0.139,1.145,255,1824
269740638,0.427,-0.671,0.366,0.238,-0.123,1.128,255,1824
269741376,-0.488,1.402,-3.049,-0.771,-0.091,0.911,255,1824
269742638,-2.622,3.293,-2.439,-0.707,-0.140,0.983,255,1824
269743641,-3.537,3.659,1.402,-0.117,0.237,0.971,255,1824
269744638,0.610,-0.793,2.744,0.760,0.086,1.128,255,1824
269745378,0.610,-0.793,2.744,0.760,0.086,1.128,255,1824
269746638,-1.585,2.195,-2.866,-0.940,-0.067,0.998,255,1824
269747513,-3.537,4.329,-0.610,-0.547,-0.039,1.108,255,1824
269748638,-2.378,2.866,2.500,0.286,0.324,1.135,255,1824
269749510,0.183,-0.183,3.902,1.062,0.162,1.102,255,1824
269750638,0.061,1.098,-2.378,-0.573,-0.243,0.925,255,1824
269751604,-2.866,3.841,-2.317,-0.909,-0.105,0.922,255,1824
269752639,-3.476,3.963,0.488,-0.313,0.177,1.019,255,1824
269753537,-1.098,1.646,3.720,0.685,0.275,1.284,255,1824
269754638,0.732,-1.037,3.171,1.008,0.120,1.146,255,1824
269755390,1.646,-0.793,-0.549,-0.021,-0.147,0.903,255,1824
269756638,-1.098,2.256,-2.744,-0.864,-0.259,0.924,255,1824
269757641,-3.659,3.110,2.561,0.118,0.260,1.090,255,1824
269758638,-0.427,0.549,4.146,1.012,0.333,1.177,255,1824
269759387,1.646,-1.707,1.707,0.704,-0.022,1.028,255,1824
269760638,0.366,0.366,-2.073,-0.392,-0.360,0.792,255,1824
269761503,-2.256,3.354,-3.232,-1.088,-0.096,1.032,255,1824
269762638,-4.817,4.207,-0.732,-0.424,0.087,1.067,255,1824
269763639,-2.988,2.500,4.146,0.526,0.406,1.256,255,1824
269764638,1.890,-0.976,0.000,0.213,-0.194,1.007,255,1824
269765391,1.890,-0.976,0.000,0.213,-0.194,1.007,255,1824
269766638,-3.415,4.695,-3.049,-1.029,0.018,0.860,255,1824
269767509,-3.841,3.902,2.378,-0.021,0.245,1.138,255,1824
269768638,-0.610,0.732,4.451,0.905,0.465,1.233,255,1824
269769383,1.829,-2.073,2.805,0.926,-0.072,1.049,255,1824
269770639,0.915,-0.122,-1.707,-0.273,-0.305,0.870,255,1824
269771514,-1.829,2.378,-3.902,-1.032,-0.219,0.859,255,1824
269772638,-3.537,2.561,3.780,0.391,0.417,1.197,255,1824
269773513,0.427,-1.220,3.841,1.162,0.276,1.120,255,1824
269774638,1.890,-1.585,0.915,0.463,-0.231,0.958,255,1824
269775383,-0.183,0.915,-3.476,-0.612,-0.376,0.758,255,1824
269776639,-3.293,4.451,-3.049,-1.112,-0.073,1.029,255,1824
269777642,-4.634,4.207,1.341,-0.259,0.256,1.098,255,1824
269778638,1.829,-1.829,3.171,1.086,-0.038,1.131,255,1824
269779383,1.829,-1.829,3.171,1.086,-0.038,1.131,255,1824
269780639,-1.159,2.256,-3.720,-0.965,-0.354,0.991,255,1824
269781728,-4.268,5.061,-1.707,-0.835,0.127,1.002,255,1824
269782659,-3.780,2.927,3.110,0.228,0.450,1.083,255,1834
269783638,0.244,-0.305,4.390,1.097,0.315,1.236,255,1834
269784383,2.439,-2.317,1.220,0.646,-0.158,0.916,255,1834
269785639,-3.232,4.573,-3.354,-1.269,-0.045,0.896,255,1834
269786523,-4.939,4.756,0.183,-0.356,0.204,1.263,255,1834
269787638,-2.622,2.134,4.756,0.635,0.558,1.321,255,1834
269788387,2.012,-1.707,3.415,1.136,0.009,0.988,255,1834
269789638,2.195,-1.585,-0.854,0.155,-0.213,0.901,255,1834
269790519,-0.793,2.012,-3.598,-0.841,-0.548,0.928,255,1834
269791638,-4.695,3.354,2.744,0.105,0.364,1.238,255,1834
269792513,-0.305,0.488,4.451,0.953,0.463,1.215,255,1834
269793638,2.744,-2.256,1.463,0.902,-0.170,0.970,255,1834
269794383,1.220,-0.427,-2.561,-0.326,-0.476,0.924,255,1834
269795639,-2.805,3.902,-3.598,-1.211,-0.178,0.899,255,1834
269796637,-5.183,4.756,-0.122,-0.487,0.256,1.207,255,1834
269797639,-3.232,2.988,4.695,0.427,0.585,1.177,255,1834
269798514,1.768,-1.768,3.415,1.196,0.134,1.035,255,1834
269799638,0.244,0.915,-3.841,-0.805,-0.550,0.664,255,1834
269800512,-4.268,4.878,-2.439,-1.034,0.139,1.088,255,1834
269801638,-4.573,4.024,2.378,-0.112,0.383,1.320,255,1834
269802521,-0.793,1.159,4.268,0.866,0.548,1.339,255,1834
269803638,2.927,-2.622,2.317,1.032,-0.153,0.948,255,1834
269804383,1.890,-0.793,-2.317,-0.150,-0.438,0.842,255,1834
269805639,-5.488,5.427,-0.610,-0.678,0.248,1.141,255,1834
269806710,-4.085,3.110,4.207,0.269,0.616,1.042,255,1834
269807360,0.976,-1.220,4.329,1.201,0.189,1.143,255,1834
269808638,2.805,-2.073,0.549,0.496,-0.287,0.941,255,1834
269809398,0.427,0.854,-3.720,-0.570,-0.588,0.744,255,1834
269810638,-4.207,4.573,-2.500,-1.133,0.085,1.103,255,1834
269811632,-4.878,5.061,1.585,-0.274,0.338,1.214,255,1834
269812638,2.622,-2.195,2.805,1.084,-0.113,0.960,255,1834
269813385,2.622,-2.195,2.805,1.084,-0.113,0.960,255,1834
269814639,-1.951,3.049,-3.659,-0.956,-0.474,0.961,255,1834
269815517,-4.939,5.427,-1.037,-0.888,0.354,1.101,255,1834
269816638,-4.207,3.293,3.598,0.217,0.504,1.179,255,1834
269817513,0.610,-0.793,4.695,1.013,0.303,1.235,255,1834
269818638,0.854,-0.244,-3.293,-0.410,-0.585,0.846,255,1834
269819514,0.854,-0.244,-3.293,-0.410,-0.585,0.846,255,1834
269820638,-5.061,4.878,1.098,-0.360,0.437,1.154,255,1834
269821520,-2.805,2.073,5.000,0.638,0.533,1.180,255,1834
269822638,2.500,-1.829,2.744,1.012,0.043,0.943,255,1834
269823380,2.805,-1.890,-1.524,0.253,-0.517,0.850,255,1834
269824639,-1.098,2.073,-3.171,-0.863,-0.496,0.818,255,1834
269825641,-4.573,3.659,3.659,0.128,0.525,1.253,255,1834
269826638,0.366,0.244,4.512,0.895,0.387,1.219,255,1834
269827379,3.232,-2.500,0.610,0.798,-0.279,0.885,255,1834
269828639,1.341,-0.061,-2.927,-0.328,-0.610,0.799,255,1834
269829517,-3.354,4.146,-2.988,-1.060,-0.052,1.101,255,1834
269830638,-5.183,5.061,0.976,-0.458,0.394,1.148,255,1834
269831737,1.768,-1.646,2.927,0.968,0.046,1.071,255,1834
269832527,1.768,-1.646,2.927,0.968,0.046,1.071,255,1844
269833638,-0.976,1.768,-3.537,-0.729,-0.441,0.811,255,1844
269834512,-4.878,4.512,-1.585,-0.926,0.229,1.098,255,1844
269835638,-4.512,4.329,2.805,-0.045,0.524,1.286,255,1844
269836512,-0.244,0.183,3.902,0.751,0.413,1.100,255,1844
269837638,3.171,-2.073,0.854,0.838,-0.266,0.907,255,1844
269838373,1.707,-0.610,-2.500,-0.160,-0.561,0.863,255,1844
269839639,-5.061,5.366,0.976,-0.557,0.421,1.143,255,1844
269840513,-3.049,2.622,4.024,0.321,0.592,1.158,255,1844
269841638,1.402,-0.427,3.354,0.860,0.067,1.046,255,1844
269842382,2.561,-1.768,-0.854,0.513,-0.501,0.901,255,1844
269843639,-0.854,1.341,-3.171,-0.656,-0.428,0.897,255,1844
269844641,-4.329,4.512,-1.220,-0.884,0.123,1.119,255,1844
269845638,-4.207,4.512,2.134,-0.128,0.629,1.312,255,1844
269846565,3.171,-1.890,0.976,0.850,-0.198,0.850,255,1844
269847639,1.951,-0.732,-2.195,-0.050,-0.557,0.830,255,1844
269848577,-2.744,3.354,-2.378,-0.784,-0.222,0.912,255,1844
269849638,-4.390,4.939,0.915,-0.700,0.493,1.238,255,1844
269850525,-3.049,2.622,3.720,0.311,0.488,1.210,255,1844
269851638,1.159,-0.427,2.988,0.706,0.139,1.077,255,1844
269852375,2.622,-2.317,-0.732,0.638,-0.494,0.879,255,1844
269853639,-3.598,4.146,-1.280,-0.736,0.092,1.204,255,1844
269854632,-4.268,4.634,2.134,-0.288,0.638,1.206,255,1844
269855638,-0.915,1.463,3.720,0.489,0.314,0.986,255,1844
269856384,2.134,-1.524,0.915,0.812,-0.152,0.957,255,1844
269857639,1.829,-0.793,-1.768,0.076,-0.531,0.779,255,1844
269858511,-2.073,2.622,-2.500,-0.615,-0.271,0.831,255,1844
269859638,-2.744,3.537,3.232,0.146,0.457,1.237,255,1844
269860511,1.402,-0.122,2.683,0.627,0.175,1.037,255,1844
269861638,2.744,-2.195,-0.366,0.659,-0.484,0.807,255,1844
269862512,-0.122,0.488,-2.134,-0.357,-0.376,0.939,255,1844
269863638,-3.902,4.146,-0.854,-0.668,0.048,1.292,255,1844
269864640,-4.573,5.061,1.463,-0.424,0.626,1.176,255,1844
269865638,-1.098,1.463,3.049,0.447,0.283,0.943,255,1844
269866380,1.585,-1.159,1.098,0.691,-0.132,0.926,255,1844
269867639,-2.439,2.317,-1.829,-0.493,-0.203,1.009,255,1844
269868523,-4.268,4.817,0.671,-0.761,0.447,1.274,255,1844
269869638,-2.805,3.902,2.195,0.022,0.446,1.160,255,1844
269870380,0.488,0.305,2.561,0.545,0.139,1.069,255,1844
269871639,2.805,-1.890,-0.549,0.626,-0.395,0.749,255,1844
269872514,0.183,0.061,-1.951,-0.109,-0.380,0.915,255,1844
269873638,-3.537,4.878,0.976,-0.464,0.565,1.133,255,1844
269874504,-1.402,1.463,3.049,0.332,0.271,1.051,255,1844
269875638,1.829,-0.915,1.037,0.596,-0.101,0.970,255,1844
269876385,1.220,-1.646,-1.402,0.370,-0.515,0.875,255,1844
269877638,-2.378,2.012,-1.463,-0.385,-0.232,1.097,255,1844
269878642,-3.659,4.390,0.122,-0.733,0.440,1.102,255,1844
269879638,-2.744,3.780,2.073,0.034,0.381,1.247,255,1844
269880384,0.000,0.976,2.134,0.331,0.171,0.943,255,1844
269881638,-1.037,0.244,-1.159,-0.037,-0.281,0.965,255,1844
269882727,-3.415,3.232,-0.854,-0.592,-0.003,1.098,255,1844
269883649,-3.537,4.268,1.037,-0.411,0.577,1.259,255,1854
269884638,-1.646,1.524,2.317,0.156,0.184,1.055,255,1854
269885388,1.280,-0.488,0.610,0.500,-0.043,0.983,255,1854
269886638,-1.646,1.707,-0.854,-0.336,-0.096,1.055,255,1854
269887513,-1.646,1.707,-0.854,-0.336,-0.096,1.055,255,1854
269888638,-2.561,3.171,1.463,-0.104,0.373,1.191,255,1854
269889516,-0.854,0.671,1.341,0.212,0.116,0.902,255,1854
269890638,1.220,-1.341,-0.244,0.648,-0.393,0.899,255,1854
269891513,-0.854,0.305,-0.793,0.035,-0.187,0.924,255,1854
269892638,-2.561,2.439,-0.366,-0.420,-0.049,0.982,255,1854
269893631,-2.988,3.780,0.854,0.046,0.194,0.994,255,1854
269894638,0.549,0.305,0.549,0.444,-0.119,1.062,255,1854
269895373,0.549,0.305,0.549,0.426,-0.317,0.853,255,1854
269896639,-1.280,1.220,-0.244,-0.179,-0.144,1.054,255,1854
269897513,-3.232,3.841,0.671,-0.555,0.309,1.314,255,1854
269898638,-1.463,2.561,0.427,-0.207,0.335,1.062,255,1854
269899378,0.000,0.854,0.854,0.183,0.086,0.896,255,1854
269900639,-0.183,0.427,-0.122,0.230,-0.187,0.974,255,1854
269901486,-2.256,2.622,0.183,-0.399,-0.022,0.936,255,1854
269902638,-2.073,2.744,0.305,-0.494,0.406,1.243,255,1854
269903500,-1.159,2.073,1.037,0.005,0.175,1.147,255,1854
269904638,-0.061,0.854,0.732,0.320,-0.085,1.067,255,1854
269905378,0.427,0.122,0.061,0.480,-0.228,0.889,255,1854
269906639,-1.890,1.707,0.244,-0.107,-0.148,1.061,255,1854
269907504,-2.195,2.744,0.061,-0.479,0.241,1.283,255,1854
269908638,-0.549,1.585,0.976,0.104,0.034,0.970,255,1854
269909380,0.061,0.427,0.183,0.527,-0.146,0.884,255,1854
269910639,-1.098,0.549,0.488,0.249,-0.159,1.027,255,1854
269911373,-1.646,1.951,0.183,-0.306,0.017,0.978,255,1854
269912639,-1.829,2.439,-0.122,-0.439,0.307,1.163,255,1854
269913513,-1.159,2.988,0.671,-0.153,0.119,1.148,255,1854
269914638,-0.122,0.122,0.671,0.500,-0.152,0.951,255,1854
269915373,-0.122,0.122,0.671,0.500,-0.152,0.951,255,1854
269916639,-2.073,1.951,-0.122,-0.364,0.168,1.253,255,1854
269917512,-1.707,2.073,-0.183,-0.399,0.166,0.988,255,1854
269918638,-0.976,1.707,0.305,0.075,0.047,0.926,255,1854
269919504,-0.488,0.793,0.976,0.458,-0.115,0.927,255,1854
269920638,-0.549,0.915,1.098,-0.128,-0.013,1.012,255,1854
269921506,-1.646,0.976,0.549,-0.128,-0.013,1.012,255,1854
269922638,-1.463,2.744,0.061,-0.191,0.097,0.999,255,1854
269923505,-0.854,1.585,1.220,0.238,-0.038,1.029,255,1854
269924638,-0.366,1.402,1.159,0.478,-0.052,0.978,255,1854
269925385,-1.280,0.854,0.915,0.140,-0.059,1.047,255,1854
269926638,-1.159,2.195,0.366,-0.415,0.150,1.241,255,1854
269927380,-1.159,2.561,-0.488,-0.429,0.128,0.955,255,1854
269928639,-0.122,1.890,1.037,0.288,-0.010,0.980,255,1854
269929512,-0.854,0.305,1.220,0.562,-0.115,1.082,255,1854
269930662,-0.976,0.976,0.793,-0.174,0.103,1.098,255,1854
269931737,-0.732,1.524,-0.305,-0.503,0.125,1.021,255,1854
269932641,-1.707,2.195,-0.610,-0.235,0.066,1.083,255,1863
269933650,-1.524,1.951,1.159,0.078,-0.030,0.949,255,1863
269934638,-1.159,0.793,1.707,0.228,0.022,1.092,255,1863
269935386,-1.159,0.793,1.707,0.228,0.022,1.092,255,1863
269936639,-0.976,1.890,-0.976,-0.493,0.116,0.942,255,1863
269937511,-2.134,2.073,0.061,-0.149,-0.097,0.927,255,1863
269938638,-1.037,1.707,1.402,0.317,0.117,1.039,255,1863
269939512,-0.549,0.183,1.829,0.672,-0.077,1.191,255,1863
269940638,-0.854,1.341,0.793,-0.167,0.105,1.100,255,1863
269941380,-0.671,1.098,-0.915,-0.452,0.066,0.948,255,1863
269942639,-2.012,2.256,0.915,0.000,0.008,0.885,255,1863
269943506,-0.549,0.671,2.073,0.725,0.011,1.030,255,1863
269944638,-0.488,0.793,1.829,0.216,0.123,1.148,255,1863
269945380,-0.305,0.854,-0.427,-0.191,-0.069,1.000,255,1863
269946639,-1.098,2.500,-1.402,-0.637,0.108,1.048,255,1863
269947634,-2.561,2.195,-0.610,-0.252,-0.134,0.921,255,1863
269948638,-0.427,0.244,2.683,0.663,-0.006,1.152,255,1863
269949500,-0.122,0.732,0.976,-0.001,0.107,1.101,255,1863
269950638,-0.976,1.402,-0.976,-0.475,-0.019,0.971,255,1863
269951506,-1.890,2.866,-1.890,-0.548,-0.011,0.980,255,1863
269952638,-2.073,2.195,0.976,0.033,-0.009,0.930,255,1863
269953511,-0.976,0.854,2.927,0.683,0.122,1.146,255,1863
269954638,-0.061,0.000,2.439,-0.146,-0.131,1.057,255,1863
269955509,-0.305,0.488,-0.183,-0.146,-0.131,1.057,255,1863
269956638,-2.988,2.439,-0.976,-0.251,-0.159,0.908,255,1863
269957643,-2.134,2.439,2.317,0.319,0.260,1.121,255,1863
269958638,0.061,0.305,2.988,0.777,0.005,1.142,255,1863
269959381,0.122,0.488,1.098,0.123,0.097,1.181,255,1863
269960639,-0.305,1.646,-2.012,-0.619,-0.067,0.845,255,1863
269961507,-1.768,3.171,-2.378,-0.568,-0.063,1.016,255,1863
269962638,-0.793,0.610,3.232,0.710,0.156,1.084,255,1863
269963512,0.000,-0.122,2.683,0.511,0.111,1.107,255,1863
269964638,0.366,0.610,-0.671,-0.219,-0.180,0.991,255,1863
269965504,-0.854,2.744,-2.744,-0.784,0.007,0.975,255,1863
269966638,-3.415,3.110,-0.915,-0.357,-0.093,0.917,255,1863
269967628,-2.012,2.683,2.500,0.359,0.277,1.198,255,1863
269968638,0.610,-0.183,1.037,0.160,0.015,1.103,255,1863
269969380,0.610,-0.183,1.037,0.160,0.015,1.103,255,1863
269970639,-2.378,3.598,-2.805,-0.676,-0.092,0.987,255,1863
269971507,-3.293,2.927,1.037,-0.072,0.159,0.986,255,1863
269972638,-0.976,0.305,3.598,0.838,0.185,1.137,255,1863
269973381,0.915,-0.427,2.988,0.602,0.146,1.097,255,1863
269974638,0.732,0.305,-1.037,-0.239,-0.248,0.943,255,1863
269975512,-1.341,3.110,-3.049,-0.903,-0.052,0.958,255,1863
269976638,-2.622,2.195,3.110,0.426,0.320,1.193,255,1863
269977511,0.305,-0.061,3.963,0.931,0.165,1.204,255,1863
269978638,1.037,-0.366,0.793,0.229,-0.069,1.104,255,1863
269979385,-0.549,1.707,-2.561,-0.735,-0.188,0.831,255,1863
269980639,-3.110,3.720,-3.171,-0.770,-0.159,1.023,255,1863
269981757,-0.732,0.366,4.512,0.909,0.270,1.120,255,1863
269982690,1.220,-1.280,3.049,0.703,0.127,1.111,255,1873
269983298,1.220,-1.280,3.049,0.703,0.127,1.111,255,1873
269984638,-2.195,3.110,-4.024,-0.982,-0.155,0.934,255,1873
269985528,-4.573,3.659,-1.037,-0.471,0.061,1.014,255,1873
269986638,-2.500,2.317,3.659,0.500,0.354,1.300,255,1873
269987504,0.732,-0.610,4.268,1.037,0.229,1.203,255,1873
269988638,1.585,-0.610,0.732,-0.850,-0.226,0.840,255,1873
269989500,0.061,1.768,-3.415,-0.850,-0.226,0.840,255,1873
269990638,-4.329,3.354,1.646,-0.043,0.361,1.039,255,1873
269991500,-0.549,0.122,4.634,1.001,0.332,1.117,255,1873
269992638,1.585,-1.280,2.744,0.766,0.045,1.130,255,1873
269993372,1.402,0.671,-2.378,-0.375,-0.381,0.780,255,1873
269994639,-1.646,3.293,-4.451,-1.009,-0.221,0.984,255,1873
269995637,-4.878,4.329,-0.976,0.613,0.461,1.248,255,1873
269996638,1.220,-0.976,4.512,1.131,0.206,1.277,255,1873
269997388,2.256,-1.037,-0.061,0.138,-0.220,0.916,255,1873
269998638,-0.244,1.585,-4.268,-0.851,-0.371,0.930,255,1873
269999643,-3.780,4.634,-3.476,-0.949,-0.072,0.930,255,1873
270000638,-4.878,3.110,2.134,0.030,0.375,1.083,255,1873
270001524,-0.366,-0.183,5.488,1.100,0.444,1.215,255,1873
270002638,1.402,0.244,-2.866,-0.401,-0.470,0.763,255,1873
270003509,-2.317,4.024,-4.756,-1.156,-0.205,0.984,255,1873
270004638,-5.244,4.207,-0.915,-0.461,0.188,0.950,255,1873
270005639,-3.476,1.829,5.061,0.705,0.516,1.351,255,1873
270006638,1.341,-1.524,4.756,1.080,0.223,1.228,255,1873
270007381,2.256,-0.915,-0.366,0.172,-0.347,0.933,255,1873
270008638,-0.915,2.317,-4.573,-0.984,-0.391,0.915,255,1873
270009633,-4.695,3.171,3.049,0.228,0.411,1.180,255,1873
270010638,-0.061,-0.427,5.732,1.095,0.539,1.184,255,1873
270011382,2.927,-2.195,2.561,0.805,-0.163,1.006,255,1873
270012639,1.402,0.732,-3.354,-0.525,-0.528,0.805,255,1873
270013513,-2.561,4.146,-5.183,-1.254,-0.144,0.889,255,1873
270014638,-5.488,4.146,0.000,-0.330,0.186,1.102,255,1873
270015523,-2.439,2.195,5.671,0.691,0.720,1.320,255,1873
270016638,2.622,-0.915,-0.854,0.006,-0.346,0.941,255,1873
270017508,-0.976,2.988,-5.366,-1.128,-0.436,0.817,255,1873
270018638,-5.305,4.817,-2.744,-0.874,0.027,1.028,255,1873
270019641,-4.207,3.110,3.841,0.208,0.598,1.173,255,1873
270020638,0.488,-0.610,5.976,1.247,0.412,1.108,255,1873
270021383,2.561,-2.073,2.134,0.664,-0.245,1.070,255,1873
270022638,1.524,1.280,-4.390,-0.678,-0.565,0.705,255,1873
270023514,-3.598,5.061,-4.756,-1.191,-0.186,0.988,255,1873
270024638,-1.463,1.402,5.915,0.895,0.671,1.273,255,1873
270025518,1.890,-2.195,4.390,1.217,-0.050,1.234,255,1873
270026638,2.622,-0.793,-2.317,-0.195,-0.379,0.876,255,1873
270027517,-0.976,2.988,-5.427,-1.103,-0.490,0.787,255,1873
270028638,-5.488,5.610,-2.134,-0.878,0.217,1.173,255,1873
270029647,1.098,-1.402,5.671,1.312,0.271,1.154,255,1873
270030639,3.171,-2.073,0.549,0.455,-0.186,0.892,255,1873
270031712,0.671,0.976,-4.695,-0.696,-0.773,0.816,255,1873
270032642,-3.902,5.122,-4.024,-1.284,0.013,0.974,255,1883
270033687,-5.122,3.902,1.402,-0.129,0.413,1.132,255,1883
270034639,-1.220,0.610,6.341,1.027,0.690,1.288,255,1883
270035388,3.354,-2.683,3.232,1.089,-0.086,1.150,255,1883
270036639,-2.256,3.415,-5.061,-1.274,-0.368,0.791,255,1883
270037521,-5.427,5.549,-1.585,-0.728,0.265,1.123,255,1883
270038639,-4.024,2.988,5.366,0.520,0.686,1.245,255,1883
270039511,1.402,-1.890,5.122,1.316,0.297,1.073,255,1883
270040639,3.659,-1.768,-0.122,0.390,-0.359,0.875,255,1883
270041511,0.000,2.195,-4.634,-0.834,-0.732,0.881,255,1883
270042639,-4.146,5.488,-4.024,-1.247,0.125,1.017,255,1883
270043641,-1.159,0.305,6.159,1.066,0.728,1.259,255,1883
270044639,3.537,-3.110,2.866,1.046,-0.203,1.021,255,1883
270045376,2.439,-0.244,-3.415,-0.337,-0.688,0.870,255,1883
270046639,-2.317,3.841,-5.427,-1.376,-0.213,0.891,255,1883
270047724,-5.793,5.366,-0.122,-0.562,0.241,1.132,255,1883
270048639,-3.659,2.317,5.854,0.625,0.838,1.164,255,1883
270049572,1.585,-2.744,5.305,1.347,0.147,1.095,255,1883
270050638,-0.122,1.890,-5.610,-0.977,-0.651,0.848,255,1883
270051515,-5.244,5.976,-3.415,-1.134,0.104,1.064,255,1883
270052638,-5.427,4.146,3.598,0.074,0.655,1.146,255,1883
270053505,-0.061,-0.488,6.098,1.216,0.583,1.231,255,1883
270054638,3.902,-2.500,2.317,0.866,-0.306,1.024,255,1883
270055385,2.256,-0.183,-4.329,-0.514,-0.700,0.844,255,1883
270056639,-2.805,4.146,-4.573,-1.326,-0.188,0.923,255,1883
270057697,-2.927,1.585,6.585,0.791,0.817,1.184,255,1883
270058640,2.744,-2.378,4.878,1.229,-0.018,1.060,255,1883
270059421,3.415,-1.524,-1.951,0.100,-0.529,0.872,255,1883
270060639,-0.854,2.805,-5.366,-1.105,-0.629,0.927,255,1883
270061641,-5.244,6.159,-2.256,-0.996,0.302,1.083,255,1883
270062639,-4.390,3.232,4.573,0.297,0.699,1.178,255,1883
270063515,0.671,-0.915,6.159,1.188,0.399,1.237,255,1883
270064639,1.098,0.244,-4.268,-0.613,-0.769,0.834,255,1883
270065553,-3.720,5.122,-3.902,-1.316,0.020,0.978,255,1883
270066640,-5.366,5.122,1.585,-0.174,0.485,1.192,255,1883
270067540,-2.073,1.280,6.159,0.839,0.739,1.209,255,1883
270068639,3.659,-2.683,3.171,1.080,-0.086,0.929,255,1883
270069379,2.805,-1.159,-2.561,0.004,-0.646,0.924,255,1883
270070639,-5.915,5.854,-0.915,-0.761,0.343,1.128,255,1883
270071637,-4.878,3.293,5.183,0.371,0.762,1.166,255,1883
270072639,1.037,-1.280,4.695,1.167,0.266,0.985,255,1883
270073379,3.354,-2.683,-0.427,0.575,-0.495,0.973,255,1883
270074640,0.427,1.037,-4.756,-0.772,-0.685,0.832,255,1883
270075636,-4.085,4.817,-3.171,-1.135,0.112,1.086,255,1883
270076639,-5.183,4.756,2.683,-0.077,0.592,1.216,255,1883
270077512,-1.037,0.793,5.488,0.887,0.630,1.112,255,1883
270078639,2.439,-0.488,-2.927,-0.239,-0.708,0.847,255,1883
270079516,-2.134,3.902,-4.573,-1.156,-0.249,1.096,255,1883
270080639,-5.671,5.854,0.366,-0.594,0.417,1.127,255,1883
270081736,-3.476,2.805,5.061,0.451,0.806,1.119,255,1883
270082544,1.707,-1.951,4.512,1.175,0.067,1.023,255,1893
270083638,3.110,-1.951,-0.976,0.315,-0.562,0.901,255,1893
270084512,0.122,2.134,-4.573,-0.831,-0.588,0.756,255,1893
270085638,-4.756,4.512,3.354,-0.063,0.698,1.160,255,1893
270086513,-0.427,-0.244,5.183,1.016,0.393,1.175,255,1893
270087638,3.110,-2.866,1.341,0.793,-0.316,0.942,255,1893
270088380,1.402,-0.305,-3.354,-0.392,-0.680,0.897,255,1893
270089639,-3.902,3.963,-3.293,-1.017,-0.108,1.193,255,1893
270090647,-5.366,5.305,1.220,-0.534,0.596,1.098,255,1893
270091638,1.829,-1.402,3.598,0.990,-0.021,0.908,255,1893
270092381,1.829,-1.402,3.598,0.990,-0.021,0.908,255,1893
270093639,-1.463,2.378,-3.537,-0.816,-0.477,0.848,255,1893
270094523,-5.061,5.305,-0.976,-0.911,0.393,1.267,255,1893
270095638,-4.085,3.720,3.476,0.199,0.663,1.195,255,1893
270096509,0.549,-0.244,4.817,0.872,0.289,1.104,255,1893
270097638,0.488,0.366,-3.049,-0.437,-0.640,0.948,255,1893
270098515,0.488,0.366,-3.049,-1.031,0.060,1.198,255,1893
270099638,-4.878,5.061,2.012,-0.304,0.620,1.116,255,1893
270100383,-2.317,0.915,4.695,0.682,0.509,0.963,255,1893
270101639,3.049,-2.134,1.890,0.840,-0.102,0.938,255,1893
270102378,2.317,-1.707,-1.890,0.128,-0.708,0.927,255,1893
270103639,-1.890,2.927,-3.232,-0.860,-0.316,0.869,255,1893
270104642,-3.720,3.232,4.085,0.332,0.556,1.154,255,1893
270105638,1.037,-0.427,3.537,0.775,0.231,0.985,255,1893
270106385,3.049,-2.012,-0.793,0.560,-0.623,0.935,255,1893
270107638,0.366,1.098,-3.110,-0.574,-0.434,1.058,255,1893
270108632,-3.232,4.573,-1.646,-0.879,0.156,1.123,255,1893
270109638,-4.573,4.512,2.073,-0.128,0.647,1.125,255,1893
270110515,-0.854,0.610,4.024,0.610,0.394,0.953,255,1893
270111638,1.280,-0.854,-2.561,-0.071,-0.569,0.885,255,1893
270112517,-2.805,2.927,-2.195,-0.755,-0.156,1.109,255,1893
270113638,-4.024,5.122,1.037,-0.551,0.600,1.226,255,1893
270114517,-2.439,1.768,3.720,0.427,0.483,1.044,255,1893
270115638,1.341,-0.732,2.256,0.650,-0.010,0.957,255,1893
270116381,2.561,-1.402,-1.402,0.353,-0.619,0.911,255,1893
270117639,-1.037,1.768,-2.500,-0.537,-0.317,1.127,255,1893
270118646,-3.171,3.476,2.439,0.063,0.594,1.161,255,1893
270119638,0.244,0.427,3.232,0.470,0.213,0.959,255,1893
270120380,2.439,-1.951,-0.061,0.631,-0.445,0.886,255,1893
270121639,-0.061,0.000,-1.829,-0.182,-0.408,0.961,255,1893
270122642,-3.110,3.537,-0.732,-0.701,-0.000,1.161,255,1893
270123638,-3.963,4.329,1.341,-0.281,0.595,1.259,255,1893
270124514,-2.134,1.524,3.293,0.266,0.320,0.978,255,1893
270125638,1.524,-1.159,-1.098,0.285,-0.498,0.948,255,1893
270126516,-2.134,2.378,-1.768,-0.467,-0.238,1.016,255,1893
270127638,-3.720,4.390,0.183,-0.575,0.507,1.270,255,1893
270128522,-2.622,3.354,2.012,0.071,0.351,1.100,255,1893
270129638,0.061,0.915,1.768,0.405,0.154,0.851,255,1893
270130404,1.220,-1.585,-0.122,0.543,-0.463,0.969,255,1893
270131638,-2.622,3.476,-0.610,-0.535,0.136,1.245,255,1893
270132727,-3.171,3.780,0.915,-0.240,0.463,1.108,255,1893
270133618,-1.280,1.402,2.073,0.185,0.219,0.899,255,1902
270134638,1.037,-0.793,0.671,0.637,-0.244,0.933,255,1902
270135385,0.610,-0.122,-0.793,0.062,-0.294,1.013,255,1902
270136639,-2.195,2.073,-0.793,-0.305,-0.138,1.007,255,1902
270137716,-2.927,3.537,0.732,-0.512,0.454,1.306,255,1902
270138639,-0.305,0.732,1.524,0.461,-0.028,1.028,255,1902
270139430,-0.305,0.732,1.524,0.461,-0.028,1.028,255,1902
270140638,-0.671,0.976,-0.854,-0.102,-0.257,0.990,255,1902
270141507,-2.317,3.232,-0.122,-0.555,0.273,1.195,255,1902
270142638,-2.927,3.049,0.427,-0.226,0.300,1.011,255,1902
270143513,-1.890,1.280,2.012,0.220,0.164,1.022,255,1902
270144638,0.366,0.000,0.976,0.483,-0.230,0.896,255,1902
270145386,0.000,0.183,-0.488,0.171,-0.220,1.011,255,1902
270146638,-2.378,3.110,-0.305,-0.478,0.355,1.094,255,1902
270147515,-1.768,1.585,1.037,0.102,0.169,0.919,255,1902
270148638,-0.305,1.341,1.524,0.300,-0.022,1.021,255,1902
270149378,0.427,0.305,0.366,0.417,-0.244,1.148,255,1902
270150639,-1.341,1.037,-0.122,-0.144,-0.116,1.090,255,1902
270151514,-1.341,2.317,-0.671,-0.528,0.269,0.993,255,1902
270152638,-1.707,1.402,1.220,0.132,0.076,0.949,255,1902
270153506,0.427,0.305,0.793,0.492,-0.166,0.871,255,1902
270154638,-0.549,0.610,0.244,0.113,-0.118,1.114,255,1902
270155378,-1.220,2.195,-0.549,-0.353,0.096,1.201,255,1902
270156639,-2.073,2.622,-0.061,-0.374,0.156,1.092,255,1902
270157628,-1.890,1.646,0.671,-0.034,0.156,0.929,255,1902
270158638,-0.427,0.915,1.280,0.399,-0.059,0.854,255,1902
270159382,-0.549,0.610,0.976,0.346,-0.099,1.223,255,1902
270160638,-1.524,1.585,-0.244,-0.479,0.121,1.033,255,1902
270161512,-1.646,2.500,0.000,-0.233,0.139,0.989,255,1902
270162638,-1.341,1.768,1.524,0.177,0.040,0.877,255,1902
270163386,-0.366,0.549,1.890,0.502,-0.068,1.066,255,1902
270164638,-0.244,0.488,0.793,0.159,0.017,1.189,255,1902
270165378,-0.427,1.159,-0.610,-0.290,-0.035,1.141,255,1902
270166639,-2.378,1.829,0.549,-0.016,0.006,0.870,255,1902
270167513,-0.976,1.463,2.134,0.372,0.106,1.021,255,1902
270168638,0.244,0.305,1.646,0.459,-0.003,1.141,255,1902
270169378,0.000,1.280,0.488,-0.033,-0.038,1.105,255,1902
270170638,-1.220,2.195,-1.341,-0.615,0.041,1.023,255,1902
270171511,-2.500,2.317,-0.915,-0.305,-0.029,0.987,255,1902
270172638,-0.610,0.244,2.561,0.715,0.003,1.119,255,1902
270173505,0.061,0.244,1.585,0.175,0.080,1.232,255,1902
270174638,-0.244,0.671,-1.402,-0.336,-0.111,1.072,255,1902
270175513,-1.890,2.195,-1.890,-0.574,0.034,0.818,255,1902
270176638,-3.232,2.744,0.732,-0.114,0.042,0.844,255,1902
270177509,-1.768,1.280,2.683,0.604,0.167,1.128,255,1902
270178638,0.244,0.000,2.561,0.504,0.031,1.300,255,1902
270179383,0.854,0.854,-0.976,-0.068,-0.074,1.087,255,1902
270180639,-3.171,3.780,-1.280,-0.478,-0.055,0.872,255,1902
270181730,-2.500,2.073,2.256,0.313,0.294,0.990,255,1902
270182651,-0.549,-0.244,3.659,0.797,0.032,1.179,255,1912
270183638,0.976,-0.122,0.488,0.186,0.078,1.160,255,1912
270184372,-0.122,0.610,-2.195,-0.452,-0.238,1.021,255,1912
270185639,-2.622,3.720,-2.317,-0.856,-0.053,0.804,255,1912
270186646,-1.341,0.793,4.085,0.781,0.164,1.201,255,1912
270187638,1.159,-0.732,2.622,0.551,0.125,1.321,255,1912
270188382,1.341,-0.671,-1.890,-0.057,-0.254,1.031,255,1912
270189639,-2.134,3.354,-3.415,-1.068,-0.124,0.874,255,1912
270190647,-4.268,4.085,-1.037,-0.370,0.005,0.825,255,1912
270191638,-3.110,2.073,3.232,0.490,0.357,1.146,255,1912
270192509,0.854,-0.366,4.146,0.900,0.166,1.140,255,1912
270193638,-0.366,2.134,-3.537,-0.903,-0.228,0.925,255,1912
270194523,-3.902,4.207,-2.866,-0.774,-0.131,0.630,255,1912
270195638,-3.841,3.049,2.500,0.129,0.404,1.088,255,1912
270196515,-0.671,0.305,4.817,0.943,0.219,1.253,255,1912
270197638,1.707,-1.585,2.500,0.625,0.014,1.337,255,1912
270198385,1.098,0.366,-2.500,-0.512,-0.293,0.860,255,1912
270199638,-4.512,4.085,0.793,-0.326,0.211,1.001,255,1912
270200509,-4.512,4.085,0.793,-0.326,0.211,1.001,255,1912
270201638,1.402,-1.890,4.451,1.028,0.030,1.244,255,1912
270202387,1.951,-0.305,-0.915,-0.120,-0.206,1.179,255,1912
270203639,-0.976,2.805,-4.634,-1.006,-0.321,0.798,255,1912
270204646,-4.939,4.817,-1.524,-0.776,0.031,0.722,255,1912
270205638,-3.415,2.988,3.537,0.353,0.530,1.003,255,1912
270206509,0.061,-0.976,5.427,1.261,0.122,1.437,255,1912
270207638,1.220,0.793,-4.573,-0.705,-0.404,0.857,255,1912
270208509,-5.000,5.305,-3.476,-1.084,-0.082,0.766,255,1912
270209638,-4.451,4.695,1.829,-0.130,0.396,1.013,255,1912
270210513,-0.976,-0.061,5.793,1.169,0.404,1.311,255,1912
270211638,2.012,-2.439,3.354,0.825,-0.024,1.250,255,1912
270212381,2.439,-0.305,-2.927,-0.306,-0.392,0.996,255,1912
270213639,-5.122,5.610,-0.732,-0.642,0.209,0.748,255,1912
270214641,-2.439,1.829,5.000,0.760,0.568,1.137,255,1912
270215638,1.768,-2.012,5.183,1.207,0.142,1.408,255,1912
270216382,3.232,-1.585,-0.244,0.147,-0.346,0.966,255,1912
270217638,-0.366,2.195,-5.183,-1.012,-0.419,0.907,255,1912
270218641,-5.061,6.037,-3.110,-1.049,0.069,0.692,255,1912
270219638,-4.573,4.024,3.598,0.280,0.473,1.075,255,1912
270220509,0.000,-0.793,5.915,1.270,0.485,1.404,255,1912
270221638,1.098,0.793,-4.268,-0.740,-0.412,0.952,255,1912
270222518,-3.902,5.549,-5.244,-1.300,-0.218,0.743,255,1912
270223638,-5.976,5.366,1.463,-0.275,0.377,0.945,255,1912
270224517,-2.195,1.037,6.585,1.048,0.698,1.313,255,1912
270225638,2.256,-3.659,4.573,1.186,-0.139,1.294,255,1912
270226389,2.988,-1.341,-2.134,-0.272,-0.407,0.960,255,1912
270227638,-6.220,6.037,-1.159,-0.795,0.214,0.817,255,1912
270228643,-3.841,2.378,5.488,0.669,0.711,1.085,255,1912
270229638,1.585,-2.683,5.854,1.378,0.213,1.376,255,1912
270230408,3.415,-2.683,0.427,0.352,-0.387,1.111,255,1912
270231638,0.915,1.829,-6.524,-1.038,-0.541,0.886,255,1912
270232726,-5.915,6.646,-4.268,-1.247,-0.012,0.747,255,1912
270233633,-5.427,4.268,3.232,0.121,0.605,1.142,255,1922
270234638,3.171,-3.537,2.927,0.872,-0.311,1.189,255,1922
270235383,3.171,-3.537,2.927,0.872,-0.311,1.189,255,1922
270236638,-3.902,5.122,-5.610,-1.380,-0.266,0.744,255,1922
270237522,-6.037,5.915,0.732,-0.431,0.427,0.848,255,1922
270238638,-2.256,0.671,6.402,1.022,0.792,1.222,255,1922
270239385,2.561,-3.476,5.061,1.344,-0.079,1.260,255,1922
270240638,-1.463,3.049,-6.768,-1.295,-0.547,0.877,255,1922
270241517,-6.463,6.646,-2.439,-1.011,0.203,0.910,255,1922
270242638,-4.390,3.293,5.244,0.593,0.758,1.189,255,1922
270243516,1.098,-2.317,6.463,1.474,0.347,1.257,255,1922
270244638,3.659,-3.415,0.549,0.479,-0.435,1.112,255,1922
270245380,1.402,1.585,-6.220,-1.031,-0.679,0.945,255,1922
270246638,-4.817,6.646,-5.183,-1.379,-0.002,0.811,255,1922
270247637,-0.732,-0.427,7.500,1.362,0.763,1.258,255,1922
270248638,4.024,-4.207,3.171,1.060,-0.345,1.228,255,1922
270249380,3.049,-0.732,-4.573,-0.609,-0.677,0.887,255,1922
270250638,-2.744,5.244,-6.951,-1.453,-0.272,0.850,255,1922
270251643,-7.073,6.341,0.488,-0.518,0.387,1.003,255,1922
270252638,-3.171,1.646,6.951,0.948,0.893,1.118,255,1922
270253380,2.378,-3.598,5.427,1.451,-0.075,1.270,255,1922
270254639,-0.244,3.049,-7.439,-1.340,-0.533,0.836,255,1922
270255515,-6.646,7.073,-2.622,-0.980,0.183,0.951,255,1922
270256638,-4.939,3.902,5.488,0.426,0.928,0.999,255,1922
270257509,1.220,-2.744,7.073,1.612,0.349,1.313,255,1922
270258638,3.598,-3.902,0.793,0.439,-0.519,1.080,255,1922
270259384,0.915,1.220,-6.341,-1.002,-0.685,0.951,255,1922
270260639,-5.183,6.220,-4.695,-1.298,-0.003,0.969,255,1922
270261635,-1.098,-1.037,7.256,1.440,0.650,1.260,255,1922
270262638,3.232,-4.268,2.988,0.985,-0.335,1.167,255,1922
270263386,2.988,-0.915,-4.451,-0.545,-0.763,0.816,255,1922
270264638,-3.049,5.000,-6.159,-1.414,-0.261,1.047,255,1922
270265642,-6.463,6.646,0.305,-0.577,0.515,0.861,255,1922
270266638,-2.988,2.134,6.951,0.993,0.839,1.240,255,1922
270267386,2.622,-3.537,5.610,1.359,0.033,1.121,255,1922
270268639,-0.854,3.232,-6.646,-1.309,-0.518,0.987,255,1922
270269513,-5.915,6.585,-2.500,-0.970,0.329,0.859,255,1922
270270638,-4.695,3.720,5.732,0.539,0.849,1.121,255,1922
270271513,1.220,-2.622,6.951,1.416,0.387,1.200,255,1922
270272638,4.390,-3.232,0.183,0.491,-0.637,1.032,255,1922
270273381,0.671,1.402,-5.915,-1.006,-0.691,0.980,255,1922
270274639,-6.220,5.305,3.659,0.008,0.737,0.999,255,1922
270275509,-6.220,5.305,3.659,1.319,0.665,1.123,255,1922
270276638,3.902,-3.902,2.195,0.902,-0.370,1.085,255,1922
270277381,1.646,-0.366,-4.695,-0.597,-0.807,0.964,255,1922
270278638,-2.744,4.695,-6.098,-1.354,-0.142,1.009,255,1922
270279646,-6.463,6.402,1.524,-0.395,0.512,1.031,255,1922
270280638,-2.622,1.646,6.707,0.958,0.849,1.124,255,1922
270281680,2.256,-1.951,-2.378,-0.072,-0.819,1.020,255,1922
270282641,-1.098,3.049,-6.098,-1.212,-0.374,1.136,255,1932
270283697,-6.463,6.037,-0.915,-0.813,0.295,0.989,255,1932
270284638,-4.451,3.476,5.122,0.466,0.906,0.923,255,1932
270285516,1.463,-1.707,5.732,1.312,0.247,1.141,255,1932
270286638,3.537,-2.988,-0.244,0.396,-0.705,1.092,255,1932
270287512,1.098,1.280,-5.549,-1.000,-0.536,0.889,255,1932
270288638,-6.159,5.061,3.293,0.033,0.853,0.975,255,1932
270289507,-0.915,-0.671,6.402,1.189,0.541,1.087,255,1932
270290638,3.354,-2.561,1.646,0.735,-0.465,1.041,255,1932
270291381,2.805,-0.244,-4.329,-0.570,-0.673,1.022,255,1932
270292639,-3.049,4.634,-4.390,-1.104,-0.169,1.077,255,1932
270293646,-5.488,5.793,1.524,-0.350,0.686,0.999,255,1932
270294638,-2.378,1.585,6.098,0.907,0.655,1.136,255,1932
270295382,2.561,-2.500,3.415,0.975,-0.115,0.956,255,1932
270296639,-1.341,4.024,-4.634,-1.068,-0.377,1.219,255,1932
270297529,-5.488,6.098,-0.488,-0.698,0.489,1.017,255,1932
270298638,-3.415,2.927,5.366,0.544,0.715,1.033,255,1932
270299509,1.402,-1.524,4.817,1.086,0.208,0.940,255,1932
270300638,3.110,-2.195,-0.854,0.271,-0.658,1.033,255,1932
270301514,0.488,2.134,-4.390,-0.897,-0.519,0.991,255,1932
270302638,-5.366,3.902,3.780,0.146,0.681,1.074,255,1932
270303509,-0.854,-0.427,5.488,0.979,0.421,0.898,255,1932
270304638,2.927,-2.622,0.854,0.635,-0.468,1.034,255,1932
270305387,1.951,0.854,-3.598,-0.633,-0.673,1.120,255,1932
270306639,-2.561,4.268,-3.902,-0.896,0.027,1.073,255,1932
270307632,-5.183,5.305,2.378,-0.189,0.587,1.131,255,1932
270308638,2.561,-2.317,2.378,0.830,-0.212,0.994,255,1932
270309388,2.561,-2.317,2.378,0.830,-0.212,0.994,255,1932
270310638,-1.463,2.744,-4.329,-0.807,-0.180,1.296,255,1932
270311522,-5.122,4.695,0.488,-0.510,0.470,1.090,255,1932
270312638,-3.171,2.622,4.512,0.493,0.613,0.816,255,1932
270313387,1.280,-1.463,3.902,0.889,0.083,1.021,255,1932
270314638,2.012,-0.915,-0.976,0.043,-0.649,0.997,255,1932
270315511,-0.244,1.951,-3.598,-0.641,-0.380,1.066,255,1932
270316638,-4.085,3.232,3.171,0.208,0.579,0.904,255,1932
270317515,-0.427,-0.366,4.207,0.743,0.273,0.973,255,1932
270318638,2.439,-1.280,0.183,0.397,-0.499,0.896,255,1932
270319383,1.159,0.793,-3.049,-0.500,-0.457,1.189,255,1932
270320639,-2.439,3.720,-1.707,-0.726,0.126,1.214,255,1932
270321641,-4.390,3.598,1.768,-0.023,0.559,0.990,255,1932
270322638,1.951,-1.402,1.463,0.478,-0.233,0.841,255,1932
270323383,1.951,-1.402,1.463,0.478,-0.233,0.841,255,1932
270324638,-1.646,3.232,-2.256,-0.667,-0.039,1.415,255,1932
270325514,-3.659,3.598,0.488,-0.238,0.471,0.992,255,1932
270326638,-3.293,1.829,3.720,0.388,0.411,0.882,255,1932
270327382,0.488,-0.183,2.012,0.495,-0.008,0.915,255,1932
270328638,1.341,-0.427,-1.037,0.112,-0.521,1.132,255,1932
270329517,-0.610,1.707,-2.073,-0.532,-0.230,1.090,255,1932
270330638,-3.110,2.317,3.110,0.219,0.443,0.960,255,1932
270331727,0.244,0.366,3.049,0.450,0.203,0.841,255,1932
270332488,1.829,-0.488,0.305,0.339,-0.448,0.937,255,1941
270333638,-0.061,1.280,-1.646,-0.421,-0.312,1.226,255,1941
270334509,-2.256,2.805,-1.463,-0.426,0.185,1.230,255,1941
270335638,-4.207,2.683,1.707,0.295,0.341,0.866,255,1941
270336506,-1.463,1.098,2.622,0.295,0.341,0.866,255,1941
270337638,0.793,0.671,-1.098,-0.229,-0.345,1.085,255,1941
270338507,-0.610,2.744,-1.768,-0.427,0.030,1.355,255,1941
270339638,-3.232,2.317,0.671,-0.145,0.263,1.076,255,1941
270340501,-1.646,1.524,2.622,0.142,0.421,0.655,255,1941
270341638,-0.061,0.305,1.768,0.480,-0.100,0.957,255,1941
270342376,0.244,0.915,0.000,-0.022,-0.270,1.195,255,1941
270343639,-2.500,2.256,-0.061,-0.274,0.191,1.131,255,1941
270344511,-3.171,1.707,1.646,-0.006,0.352,0.873,255,1941
270345638,-1.220,0.671,1.951,0.441,0.017,0.923,255,1941
270346377,0.854,0.854,0.671,0.187,-0.180,1.016,255,1941
270347639,0.366,1.585,-0.976,-0.192,-0.254,1.203,255,1941
270348512,-1.220,2.195,-1.280,-0.289,0.141,1.208,255,1941
270349638,-1.463,1.829,2.073,0.150,0.179,0.896,255,1941
270350509,0.366,0.854,1.402,0.352,-0.034,0.906,255,1941
270351638,0.305,1.220,0.061,-0.032,-0.256,1.163,255,1941
270352374,-0.732,2.134,-1.098,-0.303,0.072,1.420,255,1941
270353639,-2.744,0.915,-0.793,-0.206,0.118,0.902,255,1941
270354627,-2.622,1.768,1.646,-0.004,0.202,0.749,255,1941
270355638,-1.037,1.037,1.890,0.373,0.079,0.985,255,1941
270356377,-0.122,0.793,0.671,0.188,-0.230,1.207,255,1941
270357639,-0.915,0.915,-1.098,-0.203,-0.004,1.062,255,1941
270358587,-2.866,1.768,0.488,-0.196,0.192,0.773,255,1941
270359639,-1.707,1.646,1.768,0.261,0.133,0.860,255,1941
270360421,0.427,1.768,2.073,0.283,-0.075,1.249,255,1941
270361638,0.732,1.768,0.122,-0.016,-0.071,1.161,255,1941
270362379,-0.488,0.610,-1.951,-0.186,-0.024,1.170,255,1941
270363639,-2.988,2.195,1.524,0.100,0.151,0.827,255,1941
270364513,-1.037,1.585,2.866,0.325,0.107,1.065,255,1941
270365638,0.183,1.037,1.037,0.197,-0.124,1.249,255,1941
270366379,0.488,0.549,-1.890,-0.116,-0.078,1.298,255,1941
270367639,-2.195,0.976,-2.012,-0.410,-0.000,0.869,255,1941
270368642,-3.232,1.890,0.793,-0.099,0.116,0.671,255,1941
270369638,-1.220,1.951,3.049,0.271,0.255,1.085,255,1941
270370379,0.610,0.732,1.951,0.416,-0.128,1.238,255,1941
270371639,-0.671,1.524,-2.561,-0.432,-0.128,0.854,255,1941
270372517,-4.207,2.744,-0.305,-0.279,0.104,0.770,255,1941
270373638,-2.683,2.744,2.988,0.124,0.359,0.925,255,1941
270374506,0.000,1.341,2.500,0.547,-0.050,1.292,255,1941
270375638,0.793,-0.061,-0.061,0.102,-0.077,1.159,255,1941
270376509,0.122,0.122,-2.866,-0.362,-0.166,1.027,255,1941
270377638,-2.866,3.232,2.195,-0.076,0.330,0.827,255,1941
270378509,-0.061,1.402,3.049,0.634,0.123,1.136,255,1941
270379638,1.220,-0.061,1.463,0.347,-0.078,1.425,255,1941
270380383,1.585,0.488,-2.378,-0.278,-0.233,1.039,255,1941
270381638,-2.439,2.134,-2.256,-0.512,-0.100,0.913,255,1941
270382727,-4.390,3.476,1.098,-0.311,0.276,0.625,255,1941
270383655,0.244,0.000,2.378,0.617,-0.066,1.375,255,1951
270384638,1.646,-0.244,-1.707,-0.017,-0.170,1.222,255,1951
270385523,-1.707,0.976,-3.110,-0.539,-0.267,0.870,255,1951
270386638,-5.061,3.841,-0.488,-0.642,0.215,0.629,255,1951
270387640,-2.622,2.988,3.598,0.330,0.414,1.021,255,1951
270388638,0.549,0.122,4.146,0.748,0.078,1.375,255,1951
270389383,2.439,-1.037,-0.366,0.210,-0.168,1.131,255,1951
270390639,-4.390,3.902,-1.829,-0.776,0.072,0.707,255,1951
270391636,-3.659,3.902,2.744,0.062,0.413,0.933,255,1951
270392638,-0.793,0.976,4.878,0.776,0.250,1.257,255,1951
270393385,2.866,-1.524,0.976,0.517,-0.126,1.300,255,1951
270394638,1.037,-0.854,-3.293,-0.282,-0.414,1.133,255,1951
270395517,-3.720,3.171,-3.232,-0.910,-0.051,0.735,255,1951
270396638,-5.244,4.756,1.707,-0.269,0.352,0.670,255,1951
270397512,-1.463,1.890,4.573,0.683,0.484,1.183,255,1951
270398638,2.378,-0.854,-2.561,-0.098,-0.417,1.289,255,1951
270399516,-1.402,2.439,-4.878,-0.899,-0.252,0.723,255,1951
270400638,-5.427,5.488,0.183,-0.597,0.281,0.629,255,1951
270401516,-3.171,3.354,4.634,0.489,0.605,1.144,255,1951
270402638,1.341,-0.976,4.085,0.981,0.043,1.381,255,1951
270403379,2.378,-2.378,-0.671,0.211,-0.397,1.180,255,1951
270404639,-5.610,5.122,-1.341,-0.853,0.071,0.643,255,1951
270405640,-4.573,4.451,3.598,0.172,0.682,0.956,255,1951
270406638,0.427,-0.183,5.122,1.100,0.263,1.368,255,1951
270407379,3.293,-2.500,0.610,0.510,-0.353,1.338,255,1951
270408639,2.317,-0.244,-5.122,-0.617,-0.485,1.018,255,1951
270409517,-4.695,5.000,-3.537,-1.040,-0.098,0.654,255,1951
270410638,-0.732,1.159,6.585,0.987,0.511,1.275,255,1951
270411513,-0.732,1.159,6.585,0.880,-0.229,1.387,255,1951
270412638,2.744,-1.585,-3.598,-0.287,-0.526,1.234,255,1951
270413515,-4.085,3.537,-4.573,-1.152,-0.305,0.698,255,1951
270414638,-7.134,6.159,0.793,-0.565,0.496,0.498,255,1951
270415515,-2.866,2.683,6.402,0.769,0.720,1.231,255,1951
270416638,3.110,-2.378,4.085,1.176,-0.078,1.543,255,1951
270417387,4.024,-3.232,-2.439,0.048,-0.571,1.192,255,1951
270418639,-6.585,6.585,-1.098,-0.899,0.414,0.598,255,1951
270419635,-4.146,4.573,5.915,0.489,0.739,1.004,255,1951
270420638,2.073,-1.646,4.939,1.272,0.201,1.450,255,1951
270421386,4.329,-3.598,-0.610,0.387,-0.583,1.281,255,1951
270422638,0.854,0.915,-5.793,-1.003,-0.600,0.909,255,1951
270423631,-6.341,6.098,-3.110,-1.064,0.204,0.654,255,1951
270424638,0.610,-0.732,6.463,1.290,0.508,1.311,255,1951
270425513,3.963,-4.451,1.341,0.799,-0.526,1.468,255,1951
270426638,1.951,-0.671,-5.183,-0.796,-0.651,1.072,255,1951
270427515,-5.305,5.061,-4.817,-1.153,-0.100,0.665,255,1951
270428638,-7.927,6.951,2.988,-0.348,0.690,0.592,255,1951
270429519,-1.707,2.012,6.646,1.122,0.725,1.248,255,1951
270430638,3.476,-3.841,3.049,1.163,-0.392,1.569,255,1951
270431690,-3.049,3.659,-6.098,-1.246,-0.359,0.671,255,1951
270432641,-7.866,7.439,0.915,-0.760,0.621,0.520,255,1961
270433562,-2.866,3.171,6.585,0.897,0.875,1.132,255,1961
270434638,3.171,-3.293,5.000,1.347,-0.134,1.568,255,1961
270435388,4.146,-3.232,-2.500,-0.120,-0.614,1.123,255,1961
270436638,-0.854,2.073,-6.402,-1.110,-0.590,0.880,255,1961
270437646,-7.561,7.439,-0.793,-1.047,0.490,0.662,255,1961
270438638,1.768,-2.561,6.341,1.457,0.116,1.495,255,1961
270439512,4.756,-4.634,-1.037,0.314,-0.556,1.163,255,1961
270440638,0.976,0.488,-6.646,-0.887,-0.779,1.073,255,1961
270441635,-6.524,6.890,-3.476,-1.325,0.312,0.663,255,1961
270442638,-5.854,6.220,4.451,0.203,0.793,0.748,255,1961
270443512,1.098,-0.915,7.012,1.405,0.514,1.373,255,1961
270444638,1.951,-0.366,-5.671,-0.781,-0.888,1.256,255,1961
270445517,1.951,-0.366,-5.671,-0.781,-0.888,1.256,255,1961
270446638,-7.073,7.073,3.049,-0.155,0.710,0.570,255,1961
270447513,-1.524,1.220,7.988,1.187,0.812,1.269,255,1961
270448638,4.817,-4.695,2.805,1.107,-0.423,1.449,255,1961
270449382,2.866,-3.110,-4.024,-0.419,-0.933,1.123,255,1961
270450638,-3.415,4.390,-6.098,-1.427,-0.111,0.751,255,1961
270451647,-3.476,2.866,7.500,0.908,0.932,1.221,255,1961
270452638,4.146,-3.902,4.268,1.342,-0.162,1.322,255,1961
270453385,3.963,-3.476,-2.805,-0.123,-0.914,1.235,255,1961
270454638,-1.341,2.744,-7.012,-1.354,-0.369,0.833,255,1961
270455647,-7.317,7.317,-0.671,-0.802,0.445,0.744,255,1961
270456638,-5.000,4.451,6.707,0.601,1.006,0.866,255,1961
270457509,2.866,-3.049,5.671,1.464,0.095,1.288,255,1961
270458638,0.610,1.585,-6.707,-1.224,-0.546,0.970,255,1961
270459517,-6.707,6.829,-2.744,-1.018,0.271,0.720,255,1961
270460638,-6.524,5.427,5.122,0.248,1.005,0.706,255,1961
270461509,1.585,-1.646,6.707,1.487,0.344,1.276,255,1961
270462638,4.756,-4.695,0.610,0.592,-0.695,1.478,255,1961
270463381,1.159,-0.305,-6.341,-0.960,-0.767,1.031,255,1961
270464639,-5.244,6.098,-4.085,-1.264,0.079,0.764,255,1961
270465636,0.122,0.061,7.256,1.361,0.584,1.208,255,1961
270466638,4.695,-4.756,2.073,0.927,-0.515,1.473,255,1961
270467382,3.171,-1.890,-5.671,-0.664,-0.872,0.898,255,1961
270468638,-3.841,5.427,-5.366,-1.306,-0.102,0.912,255,1961
270469647,-7.378,6.951,1.951,-0.397,0.817,0.730,255,1961
270470638,-1.646,2.256,7.622,1.120,0.777,1.137,255,1961
270471383,4.329,-4.024,3.902,1.192,-0.267,1.302,255,1961
270472638,-2.561,4.146,-6.037,-1.370,-0.291,0.895,255,1961
270473517,-7.378,7.439,-0.122,-0.608,0.638,0.807,255,1961
270474638,-3.720,3.841,6.890,0.783,0.869,0.952,255,1961
270475514,3.171,-3.232,5.061,1.385,-0.011,1.292,255,1961
270476638,4.390,-3.415,-2.561,-0.045,-0.931,1.212,255,1961
270477517,-0.549,2.805,-6.463,-1.230,-0.510,1.127,255,1961
270478638,-5.305,4.695,6.341,0.495,0.865,0.755,255,1961
270479519,-5.305,4.695,6.341,1.338,0.265,1.163,255,1961
270480638,5.061,-3.780,-0.793,0.371,-0.799,1.407,255,1961
270481725,0.366,1.159,-6.280,-1.103,-0.624,1.074,255,1961
270482616,-5.610,6.585,-3.354,-1.015,0.299,0.822,255,1971
270483638,-6.280,5.915,4.695,0.135,0.890,0.717,255,1971
270484514,0.488,-0.732,6.524,1.387,0.453,1.154,255,1971
270485638,1.646,-0.061,-5.427,-0.849,-0.793,0.860,255,1971
270486517,-4.512,5.427,-4.573,-1.175,0.041,0.965,255,1971
270487638,-6.890,6.341,3.354,-0.153,0.818,0.743,255,1971
270488517,-1.585,0.427,6.707,1.201,0.598,1.158,255,1971
270489638,4.390,-3.780,2.988,0.875,-0.382,1.234,255,1971
270490382,2.988,-1.463,-4.451,-0.505,-0.856,1.085,255,1971
270491638,-3.293,4.451,-5.366,-1.192,-0.062,1.046,255,1971
270492646,-3.049,2.134,6.341,0.917,0.714,0.915,255,1971
270493638,3.415,-2.744,3.902,1.007,-0.121,1.201,255,1971
270494382,3.171,-1.829,-2.988,-0.188,-0.876,1.062,255,1971
270495639,-1.402,3.963,-5.122,-1.162,-0.301,1.282,255,1971
270496723,-6.098,6.280,-0.305,-0.644,0.552,0.729,255,1971
270497639,-4.695,2.805,5.305,0.647,0.735,0.877,255,1971
270498552,1.707,-2.134,5.244,1.129,0.139,1.073,255,1971
270499638,-0.488,2.256,-5.549,-1.084,-0.473,1.181,255,1971
270500520,-5.427,6.037,-2.378,-0.800,0.418,0.765,255,1971
270501638,-5.000,4.146,4.695,0.469,0.771,0.873,255,1971
270502512,1.220,-0.976,5.915,1.105,0.345,1.144,255,1971
270503638,4.085,-2.744,-0.549,0.395,-0.786,1.243,255,1971
270504517,0.671,1.768,-5.061,-0.968,-0.612,0.984,255,1971
270505638,-4.085,5.610,-3.110,-0.878,0.255,0.922,255,1971
270506633,-0.549,0.305,6.098,0.940,0.506,1.084,255,1971
270507638,3.963,-2.805,0.854,0.656,-0.619,1.153,255,1971
270508386,1.585,0.427,-4.390,-0.750,-0.637,1.104,255,1971
270509639,-2.805,4.634,-3.902,-0.946,0.095,0.935,255,1971
270510632,-5.671,5.122,2.317,-0.018,0.699,1.010,255,1971
270511638,-1.341,0.732,5.183,0.874,0.609,0.865,255,1971
270512384,3.354,-2.805,2.012,0.747,-0.436,1.151,255,1971
270513638,-1.585,4.390,-3.902,-0.893,-0.183,1.136,255,1971
270514522,-5.549,4.878,1.402,-0.212,0.667,1.018,255,1971
270515638,-2.866,1.768,5.183,0.689,0.639,0.762,255,1971
270516382,2.378,-1.646,3.415,0.839,-0.255,1.107,255,1971
270517639,3.110,-0.793,-2.378,-0.233,-0.591,1.066,255,1971
270518517,-0.976,3.415,-3.780,-0.825,-0.324,1.315,255,1971
270519638,-3.720,2.073,4.207,0.537,0.625,0.659,255,1971
270520520,0.915,-1.463,4.329,0.854,0.048,1.081,255,1971
270521638,3.232,-1.098,-0.549,0.014,-0.573,1.142,255,1971
270522509,0.305,2.683,-3.171,-0.779,-0.455,1.087,255,1971
270523638,-4.085,4.756,-1.220,-0.539,0.393,1.060,255,1971
270524637,-5.061,2.439,3.110,0.313,0.621,0.835,255,1971
270525638,-0.854,-0.366,4.207,0.766,0.176,1.071,255,1971
270526380,2.927,-1.402,-0.244,0.216,-0.496,1.182,255,1971
270527639,-3.537,3.780,-2.195,-0.579,0.277,1.039,255,1971
270528639,-4.939,2.683,2.317,0.208,0.529,0.955,255,1971
270529638,-1.829,0.366,4.207,0.681,0.329,0.980,255,1971
270530402,2.012,-1.280,0.793,0.360,-0.384,0.956,255,1971
270531638,0.793,1.768,-2.744,-0.538,-0.510,1.297,255,1971
270532725,-4.634,2.927,1.280,0.077,0.455,1.000,255,1971
270533516,-4.634,2.927,1.280,0.077,0.455,1.000,255,1980
270534638,1.707,-0.427,1.707,0.472,-0.218,0.995,255,1980
270535381,1.098,1.341,-1.585,-0.350,-0.532,1.197,255,1980
270536638,-1.768,3.049,-2.500,-0.554,0.024,1.248,255,1980
270537633,-4.146,2.744,0.915,-0.112,0.275,1.094,255,1980
270538638,-2.866,1.220,3.293,0.333,0.484,0.638,255,1980
270539387,1.220,-0.488,2.378,0.559,-0.073,1.081,255,1980
270540638,-0.244,2.378,-2.622,-0.479,-0.155,1.237,255,1980
270541517,-3.476,2.622,-0.366,-0.207,0.246,0.992,255,1980
270542638,-4.207,1.707,2.500,0.219,0.439,0.772,255,1980
270543509,-0.244,0.976,3.232,0.397,0.047,0.992,255,1980
270544638,1.585,0.976,-0.122,0.026,-0.331,1.204,255,1980
270545373,-0.122,1.159,-1.951,-0.339,-0.256,1.077,255,1980
270546639,-3.293,1.220,1.341,0.218,0.341,0.868,255,1980
270547514,-3.293,1.220,1.341,0.218,0.341,0.868,255,1980
270548638,1.524,0.976,0.732,0.153,-0.209,1.050,255,1980
270549380,0.732,1.768,-1.280,-0.281,-0.275,1.240,255,1980
270550639,-1.159,1.951,-1.768,-0.302,0.128,1.076,255,1980
270551641,-4.085,1.098,0.732,0.167,0.182,0.933,255,1980
270552638,-2.317,1.159,2.744,0.128,0.274,0.788,255,1980
270553376,1.402,1.098,1.037,0.302,-0.100,1.033,255,1980
270554639,-0.366,2.439,-2.073,-0.348,0.029,1.188,255,1980
270555511,-2.988,0.793,-0.366,0.088,0.108,0.973,255,1980
270556638,-3.598,1.890,2.134,-0.019,0.289,0.685,255,1980
270557378,-0.427,1.707,1.890,0.282,0.087,0.932,255,1980
270558639,0.549,1.829,0.183,-0.032,-0.209,1.272,255,1980
270559384,0.305,1.829,-1.890,-0.224,-0.030,1.377,255,1980
270560638,-3.841,1.829,1.402,-0.140,0.274,0.582,255,1980
270561509,-0.793,2.195,2.561,0.362,0.174,0.919,255,1980
270562638,0.305,1.829,1.341,0.072,-0.092,1.326,255,1980
270563385,0.183,1.524,-1.707,-0.163,-0.166,1.273,255,1980
270564638,-1.646,0.122,-1.646,-0.029,-0.139,1.084,255,1980
270565638,-3.415,1.280,0.549,-0.227,0.208,0.575,255,1980
270566638,-1.585,2.317,2.805,0.226,0.216,0.905,255,1980
270567386,1.098,2.500,1.951,0.137,0.003,1.346,255,1980
270568638,-0.976,-0.305,-2.317,-0.129,-0.161,1.168,255,1980
270569512,-3.841,1.341,-0.610,-0.264,0.215,0.679,255,1980
270570638,-3.049,2.683,3.049,0.122,0.274,0.873,255,1980
270571512,0.061,2.439,3.049,0.180,0.226,1.230,255,1980
270572638,1.037,0.793,-0.061,0.196,-0.215,1.313,255,1980
270573374,-0.183,-0.244,-2.378,-0.127,-0.223,1.134,255,1980
270574639,-4.451,3.354,2.805,-0.020,0.253,0.732,255,1980
270575520,-0.183,2.805,3.415,0.219,0.330,1.085,255,1980
270576638,2.195,0.915,0.610,0.257,-0.250,1.398,255,1980
270577382,1.280,-0.305,-2.744,-0.077,-0.267,1.277,255,1980
270578639,-1.890,0.000,-2.439,-0.278,-0.117,0.837,255,1980
270579642,-4.939,3.049,2.195,-0.256,0.275,0.550,255,1980
270580638,1.707,1.159,2.012,0.373,-0.144,1.349,255,1980
270581693,1.768,-0.183,-2.378,-0.039,-0.217,1.558,255,1980
270582641,-1.402,-0.427,-3.720,-0.284,-0.269,0.760,255,1990
270583688,-5.488,3.171,0.793,-0.351,0.320,0.572,255,1990
270584638,-2.195,3.841,3.720,0.156,0.501,0.950,255,1990
270585389,0.915,1.524,2.683,0.480,-0.099,1.455,255,1990
270586638,1.646,-0.915,-1.707,0.074,-0.235,1.403,255,1990
270587509,-0.061,-0.671,-3.232,-0.248,-0.456,0.858,255,1990
270588638,-2.683,3.841,4.024,0.090,0.583,0.790,255,1990
270589511,1.220,2.134,3.902,0.514,0.036,1.461,255,1990
270590638,2.866,-1.098,-1.098,0.177,-0.201,1.292,255,1990
270591507,0.183,-1.646,-3.720,-0.190,-0.503,1.041,255,1990
270592638,-4.817,2.317,-0.976,-0.562,0.184,0.655,255,1990
270593641,-4.146,4.756,3.659,-0.032,0.572,0.798,255,1990
270594638,3.049,-1.159,-0.366,0.364,-0.280,1.431,255,1990
270595512,1.463,-1.402,-3.841,-0.210,-0.518,1.038,255,1990
270596638,-4.390,2.195,-2.256,-0.668,-0.055,0.734,255,1990
270597647,-5.122,5.122,3.537,-0.187,0.617,0.655,255,1990
270598638,-0.427,3.232,5.244,0.499,0.445,1.192,255,1990
270599379,3.110,-1.463,1.037,0.545,-0.230,1.516,255,1990
270600639,2.195,-2.073,-4.024,-0.118,-0.562,1.251,255,1990
270601522,-3.110,0.915,-3.659,-0.575,-0.157,0.762,255,1990
270602638,-1.524,4.207,5.366,0.453,0.569,1.137,255,1990
270603513,2.805,-1.098,1.829,0.721,-0.187,1.558,255,1990
270604638,2.500,-2.561,-3.354,-0.026,-0.575,1.421,255,1990
270605513,-2.683,0.000,-4.512,-0.611,-0.376,0.787,255,1990
270606638,-6.707,5.732,1.707,-0.625,0.519,0.304,255,1990
270607507,-2.561,5.183,5.915,0.417,0.689,1.041,255,1990
270608638,3.354,-2.683,-2.622,0.117,-0.542,1.466,255,1990
270609513,-1.280,-0.732,-4.756,-0.576,-0.487,0.862,255,1990
270610638,-7.134,5.122,0.793,-0.722,0.479,0.307,255,1990
270611515,-3.780,5.976,5.610,0.256,0.754,0.954,255,1990
270612638,2.073,0.610,4.329,0.868,0.088,1.566,255,1990
270613382,3.354,-2.927,-2.378,0.233,-0.599,1.308,255,1990
270614639,-0.549,-1.341,-5.488,-0.796,0.336,0.405,255,1990
270615637,-5.427,6.280,5.366,0.094,0.807,0.909,255,1990
270616638,1.585,1.280,5.305,0.836,0.278,1.444,255,1990
270617382,4.451,-3.354,-1.402,0.485,-0.594,1.427,255,1990
270618638,0.915,-1.829,-5.427,-0.474,-0.683,1.015,255,1990
270619641,-5.549,4.878,-2.195,-0.961,0.220,0.505,255,1990
270620638,-5.854,7.256,5.183,-0.078,0.790,0.798,255,1990
270621512,1.098,2.134,6.341,0.874,0.526,1.285,255,1990
270622638,2.073,-2.622,-5.671,-0.411,-0.752,1.174,255,1990
270623513,-4.939,3.598,-3.902,-0.928,0.015,0.553,255,1990
270624638,-7.134,7.256,4.451,-0.315,0.785,0.575,255,1990
270625515,0.122,3.415,6.646,0.794,0.701,1.251,255,1990
270626638,4.817,-3.537,0.366,0.919,-0.547,1.542,255,1990
270627379,2.561,-2.866,-5.122,-0.345,-0.746,1.347,255,1990
270628639,-7.561,6.829,3.720,-0.461,0.811,0.433,255,1990
270629516,-1.402,4.085,7.439,0.673,0.910,1.066,255,1990
270630638,4.146,-2.622,2.683,1.021,-0.430,1.645,255,1990
270631693,3.720,-3.415,-4.634,-0.216,-0.761,1.358,255,1990
270632641,-2.866,0.915,-5.671,-0.834,-0.414,0.675,255,2000
270633689,-8.293,7.195,2.134,-0.699,0.741,0.488,255,2000
270634638,-2.622,5.610,6.829,0.523,0.936,0.903,255,2000
270635390,3.720,-2.012,3.293,1.190,-0.222,1.710,255,2000
270636638,-1.524,0.793,-6.341,-0.941,-0.631,0.792,255,2000
270637515,-8.354,7.256,0.488,-0.782,0.646,0.489,255,2000
270638638,-4.390,6.524,7.134,0.386,1.034,0.856,255,2000
270639386,3.232,-0.915,5.366,1.225,0.000,1.554,255,2000
270640638,5.305,-5.061,-3.293,0.208,-0.785,1.472,255,2000
270641512,-0.488,-0.549,-6.951,-0.876,-0.825,0.912,255,2000
270642638,-5.183,7.012,6.951,0.292,1.018,0.706,255,2000
270643512,2.134,-0.366,6.341,1.211,0.271,1.546,255,2000
270644638,5.122,-5.549,-2.195,0.427,-0.816,1.454,255,2000
270645509,0.671,-0.976,-7.256,-0.787,-0.894,0.965,255,2000
270646638,-6.707,6.098,-2.561,-1.057,0.436,0.635,255,2000
270647638,-6.890,7.622,6.707,0.091,1.031,0.631,255,2000
270648638,1.402,0.793,7.012,0.659,-0.803,1.542,255,2000
270649378,5.732,-4.939,-0.976,0.659,-0.803,1.542,255,2000
270650639,-6.280,4.695,-4.024,-1.112,0.248,0.616,255,2000
270651641,-7.622,8.049,5.549,-0.121,1.005,0.417,255,2000
270652638,0.305,2.134,7.622,1.139,0.716,1.243,255,2000
270653377,5.854,-4.756,0.793,0.854,-0.689,1.646,255,2000
270654639,2.317,-2.805,-7.134,-0.662,-1.044,1.323,255,2000
270655522,-4.817,3.963,-5.366,-1.153,0.031,0.655,255,2000
270656638,-1.098,3.049,8.110,1.121,0.844,1.127,255,2000
270657506,5.000,-4.268,2.012,0.996,-0.564,1.620,255,2000
270658638,2.927,-3.537,-6.890,-0.601,-1.114,1.282,255,2000
270659521,-3.963,3.476,-5.793,-1.177,-0.113,0.837,255,2000
270660638,-8.293,7.927,3.537,-0.378,0.951,0.372,255,2000
270661512,-2.012,3.780,8.354,0.979,0.974,1.076,255,2000
270662638,3.415,-3.902,-6.159,-0.382,-1.102,1.310,255,2000
270663525,-2.988,2.744,-6.768,-1.233,-0.343,0.887,255,2000
270664638,-8.049,8.232,2.134,-0.570,0.966,0.406,255,2000
270665513,-3.354,4.573,8.354,0.938,0.975,1.036,255,2000
270666638,4.207,-3.232,4.756,1.137,-0.189,1.373,255,2000
270667384,4.024,-4.512,-5.183,-0.197,-1.150,1.479,255,2000
270668638,-2.683,2.012,-7.256,-1.232,-0.513,0.919,255,2000
270669647,-4.329,5.305,8.659,0.734,1.034,0.869,255,2000
270670638,3.659,-2.256,5.488,1.197,-0.007,1.268,255,2000
270671380,4.390,-4.817,-4.390,0.028,-1.136,1.609,255,2000
270672639,-1.646,1.280,-7.561,-1.250,-0.649,0.931,255,2000
270673639,-6.768,7.195,-0.732,-0.754,0.722,0.562,255,2000
270674638,-5.305,5.427,8.049,0.617,1.076,0.783,255,2000
270675600,3.110,-1.829,6.159,1.256,0.223,1.254,255,2000
270676639,-0.488,0.671,-7.561,-1.168,-0.708,1.204,255,2000
270677553,-6.220,6.037,-1.463,-0.768,0.588,0.594,255,2000
270678638,-6.402,6.402,7.439,0.383,1.111,0.619,255,2000
