timestamp_us,gyro_x,gyro_y,gyro_z,accel_x,accel_y,accel_z,motor_id,motor_command
195378200,-0.854,0.183,1.037,-0.012,0.051,1.073,2,1100
195379640,-0.854,0.732,1.098,0.117,0.047,1.044,2,1100
195380659,-0.732,1.646,0.732,0.100,0.016,1.017,2,1100
195381187,-0.732,1.646,0.732,0.100,0.016,1.017,2,1100
195382694,-0.671,2.988,0.183,-0.049,0.021,0.975,2,1100
195383210,-0.976,2.378,0.183,-0.058,-0.018,1.024,2,1100
195384695,-1.098,1.768,0.610,-0.148,0.015,1.044,2,1100
195385214,-0.915,0.366,0.854,-0.084,0.008,1.036,2,1100
195386694,-1.159,0.305,1.402,0.102,0.053,1.034,2,1100
195387208,-1.159,0.305,1.402,0.102,0.053,1.034,2,1100
195388694,-1.280,1.829,0.732,0.084,0.009,1.051,2,1100
195389214,-1.220,2.683,0.671,0.041,0.008,1.032,2,1100
195390694,-1.098,2.622,0.549,-0.054,0.034,0.993,2,1100
195391210,-1.159,2.195,0.610,-0.089,-0.028,1.021,2,1100
195392694,-1.220,0.549,0.854,-0.084,0.060,1.049,2,1100
195393209,-1.220,0.549,0.854,-0.084,0.060,1.049,2,1100
195394694,-0.732,0.244,1.402,0.085,0.055,1.019,2,1100
195395210,-0.976,0.976,0.732,0.085,0.055,1.019,2,1100
195396694,-0.915,2.195,0.854,0.076,0.032,1.059,2,1100
195397214,-1.037,2.866,0.427,0.051,0.033,0.977,2,1100
195398694,-1.159,2.134,0.244,-0.065,-0.001,1.014,2,1100
195399209,-1.159,2.134,0.244,-0.116,-0.038,1.028,2,1100
195400701,-1.159,0.671,1.341,-0.042,0.096,1.075,2,1100
195401227,-1.159,0.671,1.341,-0.042,0.096,1.075,2,1100
195402695,-0.854,0.732,1.524,0.059,0.054,1.045,2,1100
195403219,-1.098,1.280,0.732,0.097,-0.010,1.054,2,1100
195404694,-1.037,2.195,0.793,0.090,0.064,1.032,2,1100
195405213,-0.854,2.500,0.671,0.029,0.005,1.024,2,1100
195406694,-0.976,2.012,0.305,-0.131,-0.039,1.013,2,1100
195407218,-0.976,2.012,0.305,-0.131,-0.039,1.013,2,1100
195408694,-0.854,0.488,1.646,-0.015,0.096,1.075,2,1100
195409208,-0.732,0.427,1.585,0.050,0.056,1.043,2,1100
195410694,-1.098,0.671,1.098,0.070,0.017,1.061,2,1100
195411217,-1.280,1.585,1.159,0.122,0.052,1.048,2,1100
195412694,-1.159,2.561,0.732,-0.023,-0.000,1.023,2,1100
195413208,-1.159,2.561,0.732,-0.023,-0.000,1.023,2,1100
195414695,-1.402,2.195,0.488,-0.135,0.018,1.014,2,1100
195415210,-1.098,1.098,1.037,-0.135,0.018,1.014,2,1100
195416694,-1.098,0.366,1.646,-0.034,0.080,1.027,2,1100
195417209,-1.159,0.427,1.585,0.041,0.038,1.066,2,1100
195418694,-0.793,0.732,1.280,0.093,0.046,1.063,2,1100
195419217,-0.854,1.707,1.159,0.133,0.055,1.028,2,1100
195420694,-1.220,2.805,0.244,-0.047,-0.009,1.024,2,1100
195421218,-1.220,2.805,0.244,-0.047,-0.009,1.024,2,1100
195422694,-1.402,2.073,0.427,-0.103,0.030,1.024,2,1100
195423210,-0.976,1.098,1.159,-0.090,0.047,1.056,2,1100
195424694,-0.976,0.244,1.402,-0.021,0.042,1.038,2,1100
195425210,-1.098,0.427,1.280,0.053,0.044,1.092,2,1100
195426694,-0.915,1.341,1.037,0.132,0.049,1.020,2,1100
195427218,-0.915,1.341,1.037,0.132,0.049,1.020,2,1100
195428694,-1.463,2.866,0.061,-0.055,-0.021,1.012,2,1100
195429217,-1.280,2.805,0.244,-0.055,-0.021,1.012,2,1100
195430694,-0.793,1.768,0.854,-0.080,0.017,1.023,2,1100
195431208,-0.610,0.671,1.098,-0.099,0.053,1.039,2,1100
195432694,-0.732,0.244,0.976,-0.031,0.035,1.079,2,1100
195433205,-0.732,0.244,0.976,0.076,0.088,1.058,2,1100
195434694,-1.098,1.585,0.427,0.107,0.002,1.026,2,1100
195435205,-1.098,1.585,0.427,0.107,0.002,1.026,2,1100
195436694,-1.159,2.927,-0.305,-0.064,-0.001,0.990,2,1100
195437211,-1.037,2.500,0.366,-0.061,0.013,1.024,2,1100
195438694,-1.098,1.585,0.549,-0.128,0.021,1.031,2,1100
195439214,-0.915,0.793,0.671,-0.096,0.014,1.038,2,1100
195440694,-0.549,0.549,0.976,0.121,0.071,1.037,2,1100
195441205,-0.549,0.549,0.976,0.121,0.071,1.037,2,1100
195442694,-1.098,1.463,0.244,0.074,-0.011,1.049,2,1100
195443214,-0.915,2.561,-0.122,0.009,-0.005,1.024,2,1100
195444694,-1.280,2.927,-0.244,-0.056,0.043,0.997,2,1100
195445213,-1.341,2.012,0.122,-0.083,-0.018,1.020,2,1100
195446694,-1.037,0.793,0.610,-0.077,0.030,1.074,2,1100
195447210,-1.037,0.793,0.610,-0.077,0.030,1.074,2,1100
195448694,-0.488,0.366,1.098,0.103,0.071,1.030,2,1100
195449213,-0.793,0.854,0.427,0.103,0.071,1.030,2,1100
195450694,-1.159,2.195,-0.061,0.065,0.018,1.064,2,1100
195451217,-1.037,2.805,-0.122,0.025,0.029,0.991,2,1100
195452694,-0.854,2.683,-0.183,-0.047,0.013,1.012,2,1100
195453213,-0.732,1.951,-0.244,-0.106,-0.024,1.012,2,1100
195454694,-1.037,0.366,0.488,-0.053,0.088,1.067,2,1100
195455209,-1.037,0.366,0.488,-0.053,0.088,1.067,2,1100
195456694,-0.976,0.732,0.732,0.078,0.059,1.062,2,1100
195457213,-1.159,1.463,-0.061,0.097,-0.004,1.059,2,1100
195458702,-1.220,2.744,-0.244,0.071,0.045,1.022,2,1100
195459226,-1.402,2.866,-0.366,0.028,0.014,1.020,2,1100
195460697,-1.159,2.073,-0.549,-0.126,-0.042,1.029,2,1100
195461220,-1.159,2.073,-0.549,-0.126,-0.042,1.029,2,1100
195462694,-0.671,0.549,0.183,-0.029,0.114,1.053,2,1100
195463209,-0.549,0.244,0.793,-0.029,0.114,1.053,2,1100
195464694,-0.549,0.488,0.183,0.082,0.027,1.068,2,1100
195465209,-0.976,1.341,-0.305,0.087,0.025,1.064,2,1100
195466694,-1.341,2.866,-0.427,0.110,0.033,1.000,2,1100
195467218,-1.341,2.866,-0.427,-0.007,0.021,1.020,2,1100
195468694,-0.854,2.073,-0.915,-0.162,0.005,1.031,2,1100
195469209,-0.854,2.073,-0.915,-0.162,0.005,1.031,2,1100
195470694,-0.732,0.610,0.610,-0.006,0.094,1.048,2,1100
195471209,-0.915,0.366,0.427,0.042,0.034,1.072,2,1100
195472694,-0.915,0.976,-0.122,0.081,0.029,1.053,2,1100
195473217,-0.915,1.585,-0.244,0.127,0.044,1.027,2,1100
195474694,-1.037,2.622,-0.671,-0.031,0.000,1.014,2,1100
195475209,-1.037,2.622,-0.671,-0.031,0.000,1.014,2,1100
195476694,-1.220,2.012,-0.793,-0.115,0.024,1.030,2,1100
195477205,-1.098,0.915,0.000,-0.078,0.065,1.044,2,1100
195478694,-0.854,0.305,0.000,-0.005,0.057,1.041,2,1100
195479214,-0.854,0.427,0.244,0.037,0.030,1.086,2,1100
195480695,-1.037,1.585,-0.183,0.138,0.049,1.022,2,1100
195481212,-1.037,1.585,-0.183,0.138,0.049,1.022,2,1100
195482694,-1.463,2.439,-0.854,-0.062,-0.041,1.011,2,1100
195483205,-1.463,2.439,-0.854,-0.062,-0.041,1.011,2,1100
195484702,-0.976,1.646,-0.488,-0.097,0.021,1.027,2,1100
195485231,-0.732,0.610,-0.061,-0.089,0.068,1.033,2,1100
195486697,-1.098,0.122,0.122,-0.001,0.025,1.078,2,1100
195487219,-0.915,0.427,0.122,0.053,0.083,1.066,2,1100
195488694,-1.037,1.768,0.000,0.126,0.033,1.035,2,1100
195489205,-1.037,1.768,0.000,0.126,0.033,1.035,2,1100
195490695,-1.159,2.683,-0.915,-0.077,-0.020,0.992,2,1100
195491217,-0.915,2.439,-0.671,-0.079,-0.006,1.038,2,1100
195492694,-1.098,1.463,0.061,-0.114,0.030,1.023,2,1100
195493214,-0.854,0.549,0.000,-0.068,0.030,1.038,2,1100
195494694,-0.793,0.610,0.122,0.107,0.046,1.034,2,1100
195495218,-0.793,0.610,0.122,0.107,0.046,1.034,2,1100
195496694,-1.037,1.646,-0.061,0.099,0.002,1.044,2,1100
195497210,-1.159,2.744,-0.366,0.099,0.002,1.044,2,1100
195498694,-1.402,3.049,-0.549,-0.088,0.018,0.996,2,1100
195499209,-1.341,2.256,-0.244,-0.075,-0.014,1.028,2,1100
195500694,-1.159,0.488,0.488,-0.136,0.035,1.025,2,1100
195501209,-1.159,0.488,0.488,-0.065,0.009,1.081,2,1100
195502694,-0.976,0.549,0.549,0.111,0.049,1.021,2,1100
195503214,-0.976,0.549,0.549,0.111,0.049,1.021,2,1100
195504694,-1.098,2.195,0.061,0.072,0.004,1.056,2,1100
195505210,-1.341,2.927,-0.610,0.006,0.014,1.007,2,1100
195506694,-1.037,2.744,-0.854,-0.053,0.019,1.009,2,1100
195507214,-1.098,1.890,-0.549,-0.112,-0.006,1.011,2,1100
195508694,-0.549,0.793,0.488,-0.059,0.065,1.067,2,1100
195509214,-0.549,0.793,0.488,-0.059,0.065,1.067,2,1100
195510694,-0.488,0.610,0.732,0.086,0.085,1.062,2,1100
195511210,-0.488,1.098,0.122,0.120,-0.012,1.064,2,1100
195512702,-0.915,2.195,-0.122,0.046,0.035,1.014,2,1100
195513231,-0.915,2.805,-0.427,0.018,0.004,1.021,2,1100
195514697,-0.732,1.951,-0.305,-0.115,-0.046,1.016,2,1100
195515221,-0.732,1.951,-0.305,-0.115,-0.046,1.016,2,1100
195516694,-0.427,0.671,0.854,-0.021,0.109,1.062,2,1100
195517209,-0.427,0.671,0.854,-0.021,0.109,1.062,2,1100
195518694,-0.793,0.427,0.732,0.095,0.044,1.049,2,1100
195519209,-0.915,1.220,0.488,0.103,0.008,1.058,2,1100
195520694,-1.037,2.317,0.183,0.068,0.032,1.018,2,1100
195521210,-1.159,2.866,-0.061,-0.008,0.006,1.016,2,1100
195522694,-0.976,1.951,0.000,-0.148,-0.001,1.042,2,1100
195523209,-0.976,1.951,0.000,-0.148,-0.001,1.042,2,1100
195524694,-0.976,0.549,1.220,0.013,0.075,1.037,2,1100
195525217,-0.976,0.427,1.037,0.053,0.059,1.078,2,1100
195526694,-1.280,0.610,0.610,0.096,0.024,1.063,2,1100
195527214,-1.098,1.524,0.427,0.108,0.058,1.013,2,1100
195528694,-1.220,2.683,0.183,-0.050,0.030,0.991,2,1100
195529214,-1.220,2.683,0.183,-0.050,0.030,0.991,2,1100
195530694,-1.037,1.951,0.427,-0.122,0.047,1.042,2,1100
195531214,-0.854,0.976,0.915,-0.122,0.047,1.042,2,1100
195532694,-0.610,0.610,1.524,-0.018,0.084,1.048,2,1100
195533210,-0.610,0.671,1.280,0.066,0.024,1.071,2,1100
195534694,-0.610,1.890,0.732,0.104,0.052,1.040,2,1100
195535210,-0.610,1.890,0.732,0.123,0.037,1.038,2,1100
195536694,-0.915,2.622,0.305,-0.040,-0.031,1.002,2,1100
195537209,-0.915,2.622,0.305,-0.040,-0.031,1.002,2,1100
195538694,-1.037,1.768,0.732,-0.106,0.029,1.030,2,1100
195539218,-1.098,0.732,1.280,-0.086,0.050,1.044,2,1100
195540694,-1.098,0.183,1.524,-0.003,0.056,1.090,2,1100
195541214,-0.854,0.305,1.280,0.075,0.061,1.062,2,1100
195542694,-1.037,1.768,0.732,0.122,-0.000,1.055,2,1100
195543214,-1.037,1.768,0.732,0.122,-0.000,1.055,2,1100
195544694,-1.463,2.866,0.305,-0.061,-0.034,1.000,2,1100
195545217,-1.159,2.256,0.366,-0.106,0.019,1.046,2,1100
195546694,-0.976,1.402,0.854,-0.097,0.007,1.021,2,1100
195547205,-0.976,0.610,1.098,-0.081,0.073,1.062,2,1100
195548694,-0.549,0.793,1.524,0.103,0.069,1.027,2,1100
195549210,-0.549,0.793,1.524,0.103,0.069,1.027,2,1100
195550694,-1.341,2.012,0.549,0.099,0.017,1.048,2,1100
195551217,-1.098,2.805,0.427,0.099,0.017,1.048,2,1100
195552694,-1.280,3.049,0.427,-0.087,0.016,1.003,2,1100
195553209,-1.098,2.256,0.488,-0.075,-0.023,1.039,2,1100
195554694,-1.220,1.220,0.854,-0.145,0.056,1.019,2,1100
195555209,-1.037,0.610,1.159,-0.043,0.005,1.086,2,1100
195556694,-0.854,0.366,1.402,0.115,0.040,1.046,2,1100
195557214,-0.854,0.366,1.402,0.115,0.040,1.046,2,1100
195558694,-1.037,2.134,0.671,0.078,0.000,1.031,2,1100
195559205,-1.159,2.744,0.488,-0.002,0.004,1.018,2,1100
195560694,-0.915,2.744,0.305,-0.081,0.027,1.009,2,1100
195561217,-0.671,2.073,0.366,-0.094,-0.050,1.028,2,1100
195562694,-0.854,0.427,1.098,-0.040,0.061,1.070,2,1100
195563214,-0.854,0.427,1.098,-0.040,0.061,1.070,2,1100
195564694,-0.732,0.427,1.037,0.096,0.053,1.069,2,1100
195565209,-0.976,1.341,0.976,0.096,0.053,1.069,2,1100
195566694,-0.976,2.317,0.610,0.069,0.018,1.026,2,1100
195567214,-1.159,2.988,0.427,-0.010,0.010,1.014,2,1100
195568694,-1.220,1.890,0.366,-0.083,0.010,0.998,2,1100
195569209,-1.220,1.890,0.366,-0.137,-0.023,1.027,2,1100
195570694,-0.671,0.488,1.463,-0.019,0.109,1.021,2,1100
195571218,-0.671,0.488,1.463,-0.019,0.109,1.021,2,1100
195572694,-0.732,0.427,0.854,0.084,0.060,1.039,2,1100
195573211,-1.037,1.402,0.610,0.107,-0.003,1.043,2,1100
195574694,-1.098,2.378,0.610,0.079,0.062,1.033,2,1100
195575214,-1.220,2.622,0.366,-0.013,-0.022,1.010,2,1100
195576694,-1.037,2.012,0.305,-0.128,-0.035,1.045,2,1100
195577209,-1.037,2.012,0.305,-0.128,-0.035,1.045,2,1100
195578694,-1.098,0.244,1.585,0.003,0.067,1.052,2,1100
195579214,-0.610,0.122,1.402,0.056,0.049,1.074,2,1100
195580694,-0.732,0.732,0.732,0.093,0.022,1.056,2,1100
195581214,-0.610,1.707,0.610,0.100,0.052,1.027,2,1100
195582694,-1.098,2.866,0.305,-0.051,0.002,0.997,2,1100
195583209,-1.098,2.866,0.305,-0.051,0.002,0.997,2,1100
195584694,-1.098,1.829,0.244,-0.116,0.024,1.049,2,1100
195585214,-1.098,1.829,0.244,-0.116,0.024,1.049,2,1100
195586694,-0.427,0.427,1.220,0.005,0.058,1.103,2,1100
195587205,-0.488,0.610,1.037,0.055,0.059,1.064,2,1100
195588694,-0.732,0.976,0.427,0.105,0.041,1.019,2,1100
195589209,-0.915,1.829,0.549,0.123,0.050,1.048,2,1100
195590694,-0.793,2.561,-0.488,-0.069,-0.033,0.995,2,1100
195591209,-0.793,2.561,-0.488,-0.069,-0.033,0.995,2,1100
195592694,-0.793,1.341,-0.061,-0.098,0.043,1.039,2,1100
195593211,-0.976,0.671,0.732,-0.076,0.058,1.048,2,1100
195594694,-0.915,0.488,0.793,0.005,0.045,1.074,2,1100
195595218,-0.732,0.793,0.732,0.087,0.065,1.060,2,1100
195596694,-1.098,2.012,0.122,0.130,-0.001,1.058,2,1100
195597214,-1.098,2.012,0.122,0.130,-0.001,1.058,2,1100
195598694,-1.220,2.805,-0.610,-0.077,-0.038,1.014,2,1100
195599209,-1.159,2.500,0.000,-0.077,-0.038,1.014,2,1100
195600694,-1.280,1.585,0.549,-0.089,0.019,1.009,2,1100
195601214,-0.915,0.488,0.671,-0.093,0.053,1.072,2,1100
195602694,-0.610,0.427,0.793,0.019,0.062,1.061,2,1100
195603209,-0.610,0.427,0.793,0.126,0.052,1.054,2,1100
195604702,-0.793,1.890,0.061,0.076,-0.002,1.032,2,1100
195605235,-0.793,1.890,0.061,0.076,-0.002,1.032,2,1100
195606697,-1.280,2.744,-0.671,-0.070,0.013,1.001,2,1100
195607219,-0.915,2.317,-0.427,-0.088,-0.006,1.015,2,1100
195608694,-1.037,1.280,-0.061,-0.132,0.031,1.039,2,1100
195609218,-1.159,0.427,0.122,-0.055,0.015,1.081,2,1100
195610694,-1.280,0.610,0.549,0.117,0.054,1.046,2,1100
195611205,-1.280,0.610,0.549,0.117,0.054,1.046,2,1100
195612694,-1.220,2.439,-0.244,0.053,0.004,1.014,2,1100
195613217,-1.220,2.927,-0.366,-0.008,-0.003,1.018,2,1100
195614694,-1.098,2.805,-0.793,-0.057,0.038,1.006,2,1100
195615209,-1.037,1.951,-0.366,-0.101,-0.042,1.012,2,1100
195616694,-1.098,0.732,0.549,-0.031,0.070,1.054,2,1100
195617209,-1.098,0.732,0.549,-0.031,0.070,1.054,2,1100
195618694,-1.037,0.549,0.427,0.102,0.051,1.042,2,1100
195619209,-1.037,0.549,0.427,0.102,0.051,1.042,2,1100
195620694,-1.098,2.439,-0.732,0.048,0.010,1.026,2,1100
195621214,-1.037,2.927,-0.671,-0.005,0.020,1.010,2,1100
195622694,-0.793,2.683,-0.671,-0.066,-0.003,0.994,2,1100
195623210,-1.037,1.707,-0.549,-0.145,-0.012,1.035,2,1100
195624694,-1.098,0.122,0.366,-0.003,0.104,1.046,2,1100
195625205,-1.098,0.122,0.366,-0.003,0.104,1.046,2,1100
195626694,-0.793,0.610,-0.183,0.088,0.034,1.061,2,1100
195627209,-1.037,1.707,-0.488,0.096,-0.008,1.044,2,1100
195628694,-1.280,2.500,-0.305,0.065,0.041,1.023,2,1100
195629210,-1.524,2.805,-0.244,-0.015,0.014,0.984,2,1100
195630694,-1.159,1.524,-0.671,-0.135,-0.017,1.064,2,1100
195631214,-1.159,1.524,-0.671,-0.135,-0.017,1.064,2,1100
195632694,-1.037,0.122,0.549,0.026,0.080,1.075,2,1100
195633214,-0.854,0.366,0.305,0.026,0.080,1.075,2,1100
195634694,-0.854,0.915,-0.183,0.098,0.010,1.043,2,1100
195635205,-1.037,1.890,-0.305,0.093,0.038,1.048,2,1100
195636694,-1.037,2.622,-0.305,0.071,0.026,1.026,2,1100
195637218,-1.037,2.622,-0.305,-0.037,-0.011,0.992,2,1100
195638694,-0.915,1.707,-0.427,-0.140,0.014,1.042,2,1100
195639209,-0.915,1.707,-0.427,-0.140,0.014,1.042,2,1100
195640694,-0.732,0.122,0.793,0.028,0.069,1.089,2,1100
195641210,-0.854,0.305,0.427,0.049,0.042,1.048,2,1100
195642694,-0.976,0.976,-0.061,0.108,0.017,1.039,2,1100
195643209,-1.159,1.951,-0.061,0.123,0.050,1.058,2,1100
195644694,-1.098,2.622,-0.427,-0.063,-0.041,1.017,2,1100
195645214,-1.098,2.622,-0.427,-0.063,-0.041,1.017,2,1100
195646694,-0.976,1.341,-0.061,-0.108,0.045,0.995,2,1100
195647218,-0.915,0.671,0.671,-0.047,0.068,1.068,2,1100
195648694,-0.915,0.366,0.976,0.012,0.044,1.062,2,1100
195649214,-1.220,0.793,0.427,0.075,0.038,1.058,2,1100
195650694,-1.402,2.256,0.122,0.138,0.022,1.039,2,1100
195651210,-1.402,2.256,0.122,0.138,0.022,1.039,2,1100
195652694,-1.524,2.744,-0.488,-0.095,-0.052,1.029,2,1100
195653210,-1.524,2.744,-0.488,-0.095,-0.052,1.029,2,1100
195654694,-0.915,0.915,0.183,-0.080,0.038,1.020,2,1100
195655210,-0.793,0.427,0.610,-0.060,0.061,1.088,2,1100
195656694,-0.549,0.183,0.854,0.013,0.041,1.054,2,1100
195657209,-0.793,0.610,1.037,0.104,0.045,1.052,2,1100
195658694,-0.976,2.012,0.427,0.088,-0.000,1.006,2,1100
195659209,-0.976,2.012,0.427,0.088,-0.000,1.006,2,1100
195660694,-1.280,2.866,-0.244,-0.103,0.002,1.010,2,1100
195661214,-1.098,2.317,-0.061,-0.087,-0.002,1.006,2,1100
195662694,-1.098,0.915,0.488,-0.109,0.067,1.043,2,1100
195663217,-1.220,0.305,0.732,-0.047,0.002,1.076,2,1100
195664694,-0.732,0.671,0.549,0.124,0.047,1.037,2,1100
195665218,-0.732,0.671,0.549,0.124,0.047,1.037,2,1100
195666694,-0.793,2.256,0.122,0.052,-0.017,1.016,2,1100
195667209,-0.915,2.988,-0.305,0.052,-0.017,1.016,2,1100
195668694,-0.732,2.744,-0.244,-0.065,0.040,0.998,2,1100
195669217,-0.854,1.707,0.305,-0.087,-0.014,1.024,2,1100
195670694,-0.854,0.366,0.732,-0.119,0.034,1.073,2,1100
195671218,-0.854,0.366,0.732,-0.041,0.037,1.048,2,1100
195672694,-0.549,0.610,1.159,0.112,0.050,1.044,2,1100
195673218,-0.549,0.610,1.159,0.112,0.050,1.044,2,1100
195674694,-0.793,2.683,0.061,0.034,0.011,1.056,2,1100
195675214,-1.159,3.171,0.061,-0.034,0.015,0.988,2,1100
195676694,-1.098,2.622,0.244,-0.071,0.002,1.013,2,1100
195677209,-1.037,1.829,0.366,-0.130,-0.006,1.043,2,1100
195678694,-0.854,0.549,1.098,-0.031,0.097,1.082,2,1100
195679210,-0.854,0.549,1.098,-0.031,0.097,1.082,2,1100
195680694,-0.976,0.549,1.098,0.106,0.051,1.040,2,1100
195681205,-0.915,1.646,0.610,0.089,-0.024,1.052,2,1100
195682694,-0.854,2.622,0.610,0.043,0.029,1.038,2,1100
195683210,-1.159,2.744,0.488,-0.027,0.012,0.978,2,1100
195684694,-0.976,1.463,0.488,-0.138,-0.032,1.060,2,1100
195685209,-0.976,1.463,0.488,-0.138,-0.032,1.060,2,1100
195686694,-0.793,0.427,1.402,0.045,0.089,1.082,2,1100
195687210,-0.793,0.427,1.402,0.045,0.089,1.082,2,1100
195688694,-0.854,0.793,0.915,0.109,-0.008,1.031,2,1100
195689209,-1.098,2.012,0.854,0.080,0.043,1.058,2,1100
195690694,-0.976,2.866,0.610,0.049,0.014,1.024,2,1100
195691210,-1.463,3.049,0.488,-0.053,0.030,1.002,2,1100
195692694,-1.098,1.646,0.488,-0.142,0.007,1.051,2,1100
195693214,-1.098,1.646,0.488,-0.142,0.007,1.051,2,1100
195694694,-0.793,0.122,1.585,0.053,0.094,1.058,2,1100
195695217,-1.098,0.427,1.159,0.071,0.047,1.037,2,1100
195696694,-1.159,1.098,0.732,0.086,0.007,1.060,2,1100
195697214,-0.854,2.073,0.671,0.121,0.047,1.067,2,1100
195698694,-1.098,2.622,0.122,-0.053,-0.039,1.026,2,1100
195699209,-1.098,2.622,0.122,-0.053,-0.039,1.026,2,1100
195700694,-1.098,1.341,0.488,-0.112,0.035,1.003,2,1100
195701214,-0.976,0.427,1.280,-0.112,0.035,1.003,2,1100
195702694,-0.854,-0.061,1.585,0.039,0.053,1.045,2,1100
195703209,-0.915,0.427,1.280,0.073,0.029,1.074,2,1100
195704694,-1.037,2.012,0.793,0.103,0.064,1.037,2,1100
195705210,-1.037,2.012,0.793,0.121,0.016,1.021,2,1100
195706694,-0.976,2.500,0.122,-0.074,-0.063,1.023,2,1100
195707214,-0.976,2.500,0.122,-0.074,-0.063,1.023,2,1100
195708694,-0.549,1.098,0.732,-0.075,0.017,1.039,2,1100
195709205,-0.610,0.305,1.280,-0.061,0.094,1.071,2,1100
195710694,-0.671,-0.061,1.220,0.027,0.044,1.046,2,1100
195711218,-1.037,0.488,1.037,0.084,0.057,1.068,2,1100
195712694,-1.159,2.073,0.610,0.082,0.029,1.000,2,1100
195713209,-1.159,2.073,0.610,0.082,0.029,1.000,2,1100
195714694,-1.159,2.622,-0.366,-0.097,-0.020,1.002,2,1100
195715217,-0.976,2.073,0.183,-0.105,0.014,1.026,2,1100
195716694,-1.159,1.098,0.854,-0.109,0.062,1.054,2,1100
195717209,-1.037,0.305,0.854,-0.018,0.032,1.040,2,1100
195718694,-1.037,0.671,0.854,0.035,0.065,1.085,2,1100
195719214,-1.037,0.671,0.854,0.118,0.046,1.045,2,1100
195720694,-1.159,2.378,0.610,0.061,0.004,1.037,2,1100
195721205,-1.159,2.378,0.610,0.061,0.004,1.037,2,1100
195722694,-1.098,2.683,-0.061,-0.102,0.032,0.986,2,1100
195723214,-0.976,1.707,0.366,-0.100,-0.021,1.018,2,1100
195724694,-0.793,0.854,0.732,-0.113,0.061,1.052,2,1100
195725205,-0.793,0.244,0.854,-0.018,0.037,1.052,2,1100
195726694,-0.793,0.793,0.915,0.135,0.027,1.048,2,1100
195727214,-0.793,0.793,0.915,0.135,0.027,1.048,2,1100
195728694,-0.976,2.500,0.366,0.055,-0.007,1.060,2,1100
195729217,-1.159,2.988,0.000,-0.049,0.015,0.992,2,1100
195730694,-1.159,2.683,-0.244,-0.069,-0.002,1.029,2,1100
195731214,-0.976,1.768,0.122,-0.142,0.025,1.022,2,1100
195732695,-0.915,0.183,0.793,-0.017,0.093,1.094,2,1100
195733218,-0.915,0.183,0.793,-0.017,0.093,1.094,2,1100
195734694,-0.976,0.610,0.549,0.093,0.064,1.038,2,1100
195735214,-1.037,1.829,0.122,0.093,0.064,1.038,2,1100
195736694,-1.220,2.622,0.061,0.027,0.016,1.062,2,1100
195737205,-1.220,2.805,0.000,-0.045,0.019,0.984,2,1100
195738694,-1.098,1.463,0.305,-0.075,-0.013,1.002,2,1100
195739218,-1.098,1.463,0.305,-0.146,0.010,1.034,2,1100
195740694,-0.549,0.122,0.915,0.034,0.110,1.101,2,1100
195741218,-0.549,0.122,0.915,0.034,0.110,1.101,2,1100
195742694,-1.037,0.915,0.732,0.115,0.024,1.034,2,1100
195743218,-1.220,2.073,0.000,0.085,0.017,1.058,2,1100
195744694,-1.037,2.805,-0.183,0.030,0.031,0.997,2,1100
195745209,-1.220,2.744,-0.183,-0.050,-0.009,1.014,2,1100
195746694,-0.915,1.463,0.122,-0.133,0.009,1.039,2,1100
195747218,-0.915,1.463,0.122,-0.133,0.009,1.039,2,1100
195748694,-0.793,0.305,0.976,0.059,0.066,1.087,2,1100
195749210,-0.915,0.244,0.671,0.066,0.082,1.026,2,1100
195750694,-0.976,1.037,0.061,0.108,-0.016,1.048,2,1100
195751209,-1.220,2.073,-0.122,0.087,0.070,1.047,2,1100
195752694,-1.220,2.683,-0.610,0.029,-0.012,1.012,2,1100
195753214,-1.220,2.683,-0.610,-0.095,0.024,1.016,2,1100
195754694,-0.732,1.159,-0.244,-0.120,0.047,1.041,2,1100
195755218,-0.732,1.159,-0.244,-0.120,0.047,1.041,2,1100
195756694,-0.610,0.244,0.427,0.043,0.067,1.040,2,1100
195757210,-0.610,0.610,0.427,0.082,0.029,1.079,2,1100
195758694,-0.976,1.402,0.000,0.112,0.049,1.046,2,1100
195759210,-0.976,2.134,-0.122,0.096,0.034,1.008,2,1100
195760694,-1.159,2.622,-0.793,-0.084,-0.045,1.014,2,1100
195761214,-1.159,2.622,-0.793,-0.084,-0.045,1.014,2,1100
195762694,-0.854,0.976,-0.061,-0.081,0.028,1.052,2,1100
195763205,-0.549,0.244,0.610,-0.041,0.078,1.062,2,1100
195764697,-0.854,0.122,0.427,0.048,0.048,1.050,2,1100
195765226,-0.915,0.671,0.305,0.099,0.046,1.068,2,1100
195766701,-0.915,2.317,-0.061,0.084,-0.008,1.015,2,1100
195767226,-0.915,2.317,-0.061,0.084,-0.008,1.015,2,1100
195768694,-0.976,3.049,-0.671,-0.089,-0.040,1.007,2,1100
195769216,-0.976,2.073,-0.366,-0.089,-0.040,1.007,2,1100
195770694,-1.159,0.732,0.183,-0.097,0.049,1.062,2,1100
195771209,-0.793,0.305,0.366,-0.035,0.060,1.042,2,1100
195772694,-1.098,1.098,0.183,0.060,0.053,1.088,2,1100
195773205,-1.098,1.098,0.183,0.111,0.068,1.035,2,1100
195774694,-0.915,2.256,-0.305,0.042,-0.006,1.035,2,1100
195775214,-0.915,2.256,-0.305,0.042,-0.006,1.035,2,1100
195776694,-0.915,2.683,-0.671,-0.101,0.013,1.008,2,1100
195777210,-1.098,1.585,-0.305,-0.097,-0.002,1.041,2,1100
195778694,-0.976,0.671,0.000,-0.109,0.059,1.041,2,1100
195779209,-0.793,0.183,0.488,-0.021,0.046,1.066,2,1100
195780694,-0.793,0.976,0.366,0.123,0.043,1.018,2,1100
195781209,-0.793,0.976,0.366,0.123,0.043,1.018,2,1100
195782694,-1.280,2.500,-0.366,0.032,0.010,1.060,2,1100
195783210,-1.341,2.805,-0.549,-0.065,0.011,0.988,2,1100
195784694,-1.341,2.378,-0.366,-0.080,0.003,1.022,2,1100
195785210,-1.341,1.524,-0.061,-0.142,0.002,1.036,2,1100
195786694,-1.098,0.610,0.549,-0.087,0.037,1.029,2,1100
195787218,-1.098,0.610,0.549,0.004,0.084,1.102,2,1100
195788694,-1.037,0.915,0.488,0.111,0.027,1.048,2,1100
195789209,-1.037,0.915,0.488,0.111,0.027,1.048,2,1100
195790694,-1.402,2.378,-0.488,0.022,0.003,1.016,2,1100
195791205,-1.341,2.927,-0.549,-0.048,0.027,0.999,2,1100
195792694,-0.915,2.378,-0.610,-0.090,-0.024,1.035,2,1100
195793209,-0.732,1.402,-0.183,-0.153,0.025,1.030,2,1100
195794694,-0.793,0.366,0.976,0.058,0.118,1.073,2,1100
195795209,-0.793,0.366,0.976,0.058,0.118,1.073,2,1100
195796694,-1.159,0.976,0.183,0.089,0.009,1.044,2,1100
195797210,-1.280,2.134,0.122,0.081,0.027,1.065,2,1100
195798694,-0.976,2.683,0.122,0.041,0.018,0.998,2,1100
195799209,-0.976,2.744,-0.244,-0.062,0.004,1.016,2,1100
195800701,-0.976,1.402,0.000,-0.140,0.017,1.034,2,1100
195801229,-0.976,1.402,0.000,-0.140,0.017,1.034,2,1100
195802699,-0.854,0.244,1.280,0.080,0.075,1.039,2,1100
195803222,-0.610,0.488,0.854,0.080,0.075,1.039,2,1100
195804695,-0.854,1.159,0.305,0.094,0.002,1.063,2,1100
195805215,-0.976,2.073,0.244,0.094,0.069,1.021,2,1100
195806694,-1.037,2.805,-0.122,0.013,0.013,1.012,2,1100
195807209,-1.037,2.805,-0.122,-0.104,-0.007,1.016,2,1100
195808694,-1.159,1.159,0.366,-0.113,0.051,1.052,2,1100
195809209,-1.159,1.159,0.366,-0.113,0.051,1.052,2,1100
195810694,-0.732,0.366,1.220,0.050,0.047,1.039,2,1100
195811209,-1.098,0.488,0.610,0.084,0.024,1.062,2,1100
195812697,-1.098,1.463,0.305,0.107,0.042,1.048,2,1100
195813226,-1.220,2.378,0.305,0.100,0.029,1.012,2,1100
195814701,-1.220,2.683,-0.183,-0.109,-0.060,1.000,2,1100
195815224,-1.220,2.683,-0.183,-0.109,-0.060,1.000,2,1100
195816695,-0.732,1.280,0.732,-0.086,0.059,1.056,2,1100
195817215,-0.915,0.610,1.280,-0.017,0.070,1.045,2,1100
195818694,-0.732,0.427,1.098,0.038,0.038,1.074,2,1100
195819214,-0.793,0.732,1.098,0.092,0.036,1.054,2,1100
195820694,-1.159,2.500,0.854,0.127,0.055,1.017,2,1100
195821218,-1.159,2.500,0.854,0.077,0.011,1.025,2,1100
195822694,-1.159,2.622,-0.183,-0.115,-0.039,1.010,2,1100
195823214,-1.159,2.622,-0.183,-0.115,-0.039,1.010,2,1100
195824694,-0.366,0.671,0.976,-0.071,0.060,1.043,2,1100
195825214,-0.854,0.305,1.098,-0.032,0.051,1.058,2,1100
195826694,-0.854,0.122,0.854,0.051,0.033,1.088,2,1100
195827217,-0.793,0.793,0.915,0.114,0.080,1.046,2,1100
195828694,-1.098,2.256,0.244,0.024,0.002,1.045,2,1100
195829214,-1.098,2.256,0.244,0.024,0.002,1.045,2,1100
195830694,-1.098,2.500,-0.061,-0.102,0.015,1.017,2,1100
195831217,-0.854,1.402,0.732,-0.086,0.022,1.033,2,1100
195832694,-0.610,0.549,0.976,-0.100,0.049,1.032,2,1100
195833217,-0.732,0.183,0.976,-0.004,0.036,1.101,2,1100
195834694,-0.671,0.732,0.854,0.124,0.056,1.021,2,1100
195835218,-0.671,0.732,0.854,0.124,0.056,1.021,2,1100
195836694,-1.280,2.439,0.244,0.012,-0.006,1.035,2,1100
195837210,-1.402,2.622,-0.183,0.012,-0.006,1.035,2,1100
195838694,-1.220,2.317,0.061,-0.080,0.006,1.031,2,1100
195839214,-1.037,1.402,0.671,-0.122,0.035,1.021,2,1100
195840694,-0.976,0.366,1.159,-0.092,0.012,1.059,2,1100
195841218,-0.976,0.366,1.159,0.004,0.088,1.086,2,1100
195842694,-1.159,0.915,1.037,0.114,0.057,1.058,2,1100
195843210,-1.159,0.915,1.037,0.114,0.057,1.058,2,1100
195844694,-1.524,3.049,0.183,0.007,-0.013,1.022,2,1100
195845214,-1.220,3.049,0.122,-0.064,0.042,0.994,2,1100
195846694,-1.220,2.378,0.488,-0.067,-0.021,1.015,2,1100
195847210,-0.732,1.646,0.793,-0.141,0.029,1.032,2,1100
195848694,-0.793,0.549,1.402,0.037,0.119,1.060,2,1100
195849209,-0.793,0.549,1.402,0.037,0.119,1.060,2,1100
195850694,-0.671,1.280,0.915,0.107,0.000,1.051,2,1100
195851210,-1.220,2.195,0.427,0.064,0.014,1.054,2,1100
195852694,-1.463,2.866,0.122,0.008,0.014,1.010,2,1100
195853209,-1.402,2.683,0.366,-0.057,0.030,1.006,2,1100
195854694,-0.976,1.220,0.488,-0.101,-0.037,1.004,2,1100
195855210,-0.976,1.220,0.488,-0.154,0.007,1.062,2,1100
195856694,-1.037,0.244,1.646,0.100,0.080,1.031,2,1100
195857205,-1.037,0.244,1.646,0.100,0.080,1.031,2,1100
195858694,-1.220,1.220,0.671,0.097,-0.030,1.069,2,1100
195859218,-1.280,2.317,0.305,0.060,0.043,1.014,2,1100
195860694,-1.402,2.866,0.366,0.032,0.012,1.014,2,1100
195861214,-1.341,2.683,0.244,-0.083,0.007,1.000,2,1100
195862694,-1.098,1.098,0.427,-0.123,0.039,1.074,2,1100
195863218,-1.098,1.098,0.427,-0.123,0.039,1.074,2,1100
195864694,-1.037,0.366,1.524,0.077,0.075,1.066,2,1100
195865209,-0.732,0.793,0.732,0.062,0.010,1.061,2,1100
195866694,-1.037,1.768,0.122,0.088,0.023,1.039,2,1100
195867209,-1.037,2.439,0.244,0.090,0.042,1.014,2,1100
195868694,-0.671,2.378,-0.427,-0.106,-0.044,1.008,2,1100
195869218,-0.671,2.378,-0.427,-0.106,-0.044,1.008,2,1100
195870694,-0.854,0.732,0.793,-0.077,0.071,1.033,2,1100
195871214,-0.976,0.122,1.280,-0.077,0.071,1.033,2,1100
195872694,-0.732,0.061,0.854,0.054,0.035,1.089,2,1100
195873210,-0.976,0.793,0.488,0.087,0.037,1.043,2,1100
195874694,-1.463,2.195,0.366,0.104,0.039,1.025,2,1100
195875210,-1.463,2.195,0.366,0.062,0.041,1.040,2,1100
195876694,-1.220,2.622,-0.244,-0.146,-0.030,1.027,2,1100
195877209,-1.220,2.622,-0.244,-0.146,-0.030,1.027,2,1100
195878694,-0.976,0.915,0.671,-0.058,0.080,1.034,2,1100
195879214,-0.732,0.244,0.976,-0.001,0.068,1.074,2,1100
195880698,-0.732,0.549,0.671,0.062,0.028,1.079,2,1100
195881222,-1.037,0.976,0.427,0.099,0.066,1.024,2,1100
195882696,-1.402,2.134,0.122,0.028,0.030,1.028,2,1100
195883217,-1.402,2.134,0.122,0.028,0.030,1.028,2,1100
195884694,-1.037,2.683,-0.610,-0.125,0.017,1.020,2,1100
195885210,-0.854,1.585,-0.061,-0.088,0.025,1.023,2,1100
195886694,-0.732,0.732,0.488,-0.074,0.060,1.037,2,1100
195887218,-0.732,0.305,0.610,0.000,0.050,1.083,2,1100
195888694,-0.976,0.976,0.305,0.069,0.064,1.060,2,1100
195889214,-0.976,0.976,0.305,0.126,0.062,1.024,2,1100
195890694,-0.976,2.805,-0.183,0.001,-0.008,1.001,2,1100
195891205,-0.976,2.805,-0.183,0.001,-0.008,1.001,2,1100
195892694,-0.915,2.317,-0.549,-0.097,0.012,1.034,2,1100
195893214,-1.098,1.341,0.183,-0.120,0.040,1.003,2,1100
195894694,-0.976,0.427,0.427,-0.064,0.025,1.078,2,1100
195895214,-1.098,0.244,0.549,0.010,0.068,1.071,2,1100
195896694,-0.793,1.341,0.366,0.118,0.064,1.051,2,1100
195897209,-0.793,1.341,0.366,0.118,0.064,1.051,2,1100
195898694,-1.037,2.744,-0.610,-0.023,-0.023,1.023,2,1100
195899209,-1.159,2.927,-0.793,-0.083,0.028,0.997,2,1100
195900694,-1.037,2.195,-0.183,-0.076,-0.022,1.015,2,1100
195901214,-0.732,1.159,0.061,-0.142,0.055,1.034,2,1100
195902694,-0.915,0.427,0.671,0.041,0.116,1.043,2,1100
195903209,-0.915,0.427,0.671,0.041,0.116,1.043,2,1100
195904694,-1.098,0.976,0.183,0.108,0.031,1.052,2,1100
195905209,-1.463,2.012,-0.183,0.108,0.031,1.052,2,1100
195906694,-1.341,2.744,-0.488,-0.018,0.003,1.020,2,1100
195907209,-1.402,2.500,-0.549,-0.049,0.021,1.004,2,1100
195908694,-1.098,0.976,-0.244,-0.108,-0.021,1.012,2,1100
195909209,-1.098,0.976,-0.244,-0.139,0.013,1.071,2,1100
195910694,-0.976,0.122,0.793,0.102,0.063,1.056,2,1100
195911209,-0.976,0.122,0.793,0.102,0.063,1.056,2,1100
195912694,-1.159,1.098,0.122,0.115,-0.005,1.046,2,1100
195913210,-1.402,2.195,-0.183,0.054,0.033,1.039,2,1100
195914694,-1.220,2.561,-0.366,-0.002,0.012,1.017,2,1100
195915217,-1.037,2.378,-0.671,-0.091,0.000,0.988,2,1100
195916694,-0.915,1.098,-0.122,-0.121,0.035,1.083,2,1100
195917218,-0.915,1.098,-0.122,-0.121,0.035,1.083,2,1100
195918694,-0.976,0.183,0.671,0.091,0.055,1.066,2,1100
195919214,-0.976,0.305,0.061,0.091,0.045,1.056,2,1100
195920694,-1.098,1.524,-0.183,0.093,-0.009,1.034,2,1100
195921210,-0.915,2.500,-0.183,0.067,0.054,1.028,2,1100
195922694,-0.793,2.561,-0.366,-0.027,-0.004,1.000,2,1100
195923209,-0.793,2.561,-0.366,-0.101,-0.019,1.005,2,1100
195924694,-0.854,1.159,0.000,-0.103,0.068,1.021,2,1100
195925218,-0.854,1.159,0.000,-0.103,0.068,1.021,2,1100
195926695,-1.159,0.427,0.610,0.061,0.068,1.054,2,1100
195927218,-1.098,0.976,0.061,0.094,0.007,1.049,2,1100
195928694,-1.220,1.890,-0.183,0.107,0.056,1.045,2,1100
195929205,-1.037,2.378,-0.183,0.085,0.000,1.037,2,1100
195930694,-1.037,2.500,-0.671,-0.109,-0.053,1.024,2,1100
195931214,-1.037,2.500,-0.671,-0.109,-0.053,1.024,2,1100
195932694,-0.732,0.793,0.488,-0.070,0.060,1.033,2,1100
195933209,-0.915,0.366,1.037,0.005,0.089,1.084,2,1100
195934694,-0.610,0.366,0.915,0.071,0.031,1.066,2,1100
195935210,-0.793,0.915,0.305,0.100,0.042,1.028,2,1100
195936694,-1.098,2.561,0.061,0.019,0.021,0.998,2,1100
195937209,-1.098,2.561,0.061,0.019,0.021,0.998,2,1100
195938694,-1.280,2.256,-0.305,-0.132,0.008,1.051,2,1100
195939209,-0.854,1.402,-0.061,-0.132,0.008,1.051,2,1100
195940694,-0.915,0.549,0.427,-0.081,0.061,1.058,2,1100
195941214,-0.793,0.244,0.488,0.028,0.060,1.070,2,1100
195942694,-0.976,1.159,0.549,0.084,0.042,1.065,2,1100
195943214,-0.976,1.159,0.549,0.101,0.061,1.027,2,1100
195944694,-1.159,2.561,0.244,-0.005,0.016,0.998,2,1100
195945214,-1.159,2.561,0.244,-0.005,0.016,0.998,2,1100
195946694,-0.976,2.134,0.000,-0.116,0.015,1.024,2,1100
195947218,-0.793,1.037,0.488,-0.088,0.023,1.021,2,1100
195948694,-0.976,0.488,0.732,-0.071,0.054,1.080,2,1100
195949214,-0.793,0.366,0.915,0.024,0.064,1.061,2,1100
195950694,-0.427,1.098,0.915,0.116,0.043,1.054,2,1100
195951218,-0.427,1.098,0.915,0.116,0.043,1.054,2,1100
195952694,-1.098,2.805,-0.061,0.002,-0.014,1.036,2,1100
195953205,-1.402,2.866,-0.305,0.002,-0.014,1.036,2,1100
195954694,-1.280,2.073,-0.122,-0.090,-0.018,1.017,2,1100
195955209,-1.220,0.976,0.549,-0.143,0.049,1.034,2,1100
195956694,-0.915,0.244,1.037,-0.029,0.015,1.084,2,1100
195957218,-0.915,0.244,1.037,0.032,0.106,1.043,2,1100
195958694,-0.732,1.220,0.549,0.116,0.030,1.074,2,1100
195959214,-0.732,1.220,0.549,0.116,0.030,1.074,2,1100
195960694,-0.854,2.866,-0.244,-0.019,-0.002,1.019,2,1100
195961217,-0.854,2.866,-0.244,-0.087,0.024,1.002,2,1100
195962694,-0.854,2.073,0.244,-0.105,-0.042,1.031,2,1100
195963214,-0.793,0.671,0.549,-0.117,0.049,1.060,2,1100
195964694,-0.915,0.488,1.280,0.076,0.079,1.062,2,1100
195965209,-0.915,0.488,1.280,0.076,0.079,1.062,2,1100
195966694,-0.915,1.159,0.427,0.112,0.014,1.025,2,1100
195967210,-1.037,2.195,0.183,0.051,0.003,1.046,2,1100
195968694,-1.341,2.744,0.244,-0.017,0.008,0.995,2,1100
195969209,-1.037,2.622,0.122,-0.073,-0.009,1.008,2,1100
195970694,-1.159,0.854,0.488,-0.099,0.024,1.057,2,1100
195971210,-1.159,0.854,0.488,-0.099,0.024,1.057,2,1100
195972694,-1.159,0.183,1.524,0.077,0.048,1.071,2,1100
195973209,-1.098,0.793,0.915,0.077,0.048,1.071,2,1100
195974694,-1.098,1.646,0.427,0.106,0.001,1.028,2,1100
195975214,-0.915,2.500,0.122,0.049,0.039,1.037,2,1100
195976699,-0.915,2.378,-0.061,-0.026,0.003,1.000,2,1100
195977227,-0.915,2.378,-0.061,-0.118,-0.039,1.005,2,1100
195978696,-0.671,0.793,0.915,-0.087,0.061,1.030,2,1100
195979211,-0.671,0.793,0.915,-0.087,0.061,1.030,2,1100
195980694,-0.732,0.122,1.402,0.060,0.043,1.034,2,1100
195981205,-0.793,0.732,0.793,0.095,0.021,1.019,2,1100
195982694,-1.220,1.768,0.549,0.097,0.043,1.057,2,1100
195983205,-1.341,2.317,0.305,0.075,0.025,1.024,2,1100
195984694,-0.976,2.439,-0.061,-0.114,-0.042,1.018,2,1100
195985218,-0.976,2.439,-0.061,-0.114,-0.042,1.018,2,1100
195986694,-0.854,0.793,1.098,-0.058,0.069,1.031,2,1100
195987210,-0.671,0.244,1.524,-0.058,0.069,1.031,2,1100
195988694,-0.671,0.549,1.159,0.066,0.042,1.053,2,1100
195989211,-0.732,1.098,0.671,0.117,0.034,1.045,2,1100
195990694,-1.220,2.439,0.488,0.124,0.043,1.052,2,1100
195991218,-1.220,2.439,0.488,0.016,0.009,1.003,2,1100
195992694,-1.037,2.439,0.183,-0.131,0.007,1.018,2,1100
195993209,-1.037,2.439,0.183,-0.131,0.007,1.018,2,1100
195994694,-0.854,0.122,1.159,-0.067,0.061,1.079,2,1100
195995205,-0.610,0.000,1.280,0.021,0.049,1.057,2,1100
195996694,-0.549,0.427,1.098,0.084,0.057,1.054,2,1100
195997210,-1.037,1.280,0.793,0.112,0.063,1.037,2,1100
195998695,-1.220,2.561,0.244,-0.023,0.005,1.004,2,1100
195999210,-1.220,2.561,0.244,-0.023,0.005,1.004,2,1100
196000694,-1.280,2.134,0.061,-0.111,0.037,1.025,2,1100
196001218,-1.159,1.159,0.671,-0.093,0.021,1.016,2,1100
196002694,-0.793,0.366,0.976,-0.052,0.048,1.090,2,1100
196003217,-0.915,0.366,1.098,0.017,0.056,1.046,2,1100
196004694,-0.854,1.463,0.915,0.127,0.066,1.059,2,1100
196005214,-0.854,1.463,0.915,0.127,0.066,1.059,2,1100
196006694,-1.220,2.805,0.305,-0.026,-0.015,1.032,2,1100
196007214,-1.463,2.622,-0.122,-0.026,-0.015,1.032,2,1100
196008694,-1.098,1.707,0.366,-0.093,0.000,1.020,2,1100
196009217,-0.854,0.854,0.732,-0.131,0.047,1.051,2,1100
196010694,-0.976,0.366,0.976,-0.052,0.016,1.062,2,1100
196011209,-0.976,0.427,1.402,0.052,0.085,1.072,2,1100
196012694,-0.854,1.402,0.732,0.112,0.041,1.050,2,1100
196013214,-0.854,1.402,0.732,0.112,0.041,1.050,2,1100
196014694,-1.220,2.744,-0.244,-0.033,-0.014,1.022,2,1100
196015209,-1.037,2.622,-0.122,-0.067,0.029,1.002,2,1100
196016694,-0.671,1.890,0.183,-0.118,-0.017,1.005,2,1100
196017210,-0.671,0.793,0.183,-0.123,0.038,1.060,2,1100
196018694,-0.854,0.610,0.976,0.092,0.087,1.079,2,1100
196019214,-0.854,0.610,0.976,0.092,0.087,1.079,2,1100
196020694,-1.220,1.585,0.488,0.094,0.002,1.010,2,1100
196021217,-1.098,2.622,-0.061,0.046,-0.001,1.070,2,1100
196022694,-1.037,2.927,-0.244,-0.030,0.027,0.995,2,1100
196023209,-0.793,2.622,-0.122,-0.062,-0.018,1.001,2,1100
196024701,-0.793,0.854,0.061,-0.149,-0.004,1.053,2,1100
196025231,-0.793,0.854,0.061,-0.107,0.021,1.027,2,1100
196026697,-0.915,0.427,1.220,0.115,0.083,1.040,2,1100
196027213,-0.915,0.427,1.220,0.115,0.083,1.040,2,1100
196028694,-1.098,1.707,0.122,0.065,0.000,1.073,2,1100
196029211,-0.854,2.805,0.000,0.044,0.032,1.020,2,1100
196030695,-0.976,2.805,0.122,-0.015,0.022,0.985,2,1100
196031218,-1.280,2.439,0.000,-0.099,-0.028,1.008,2,1100
196032694,-1.037,1.098,0.366,-0.109,0.084,1.022,2,1100
196033205,-1.037,1.098,0.366,-0.109,0.084,1.022,2,1100
196034694,-0.549,0.427,1.037,0.071,0.071,1.042,2,1100
196035210,-0.793,1.037,0.366,0.094,-0.012,1.034,2,1100
196036694,-1.037,1.707,0.122,0.078,0.044,1.049,2,1100
196037214,-0.915,2.561,0.183,0.064,0.033,1.012,2,1100
196038694,-1.159,2.317,-0.366,-0.142,-0.040,1.031,2,1100
196039214,-1.159,2.317,-0.366,-0.142,-0.040,1.031,2,1100
196040694,-0.976,0.244,0.610,-0.045,0.104,1.055,2,1100
196041210,-0.854,0.061,1.280,-0.045,0.104,1.055,2,1100
196042694,-0.732,0.488,0.854,0.064,0.027,1.036,2,1100
196043210,-1.220,1.341,-0.122,0.105,0.014,1.053,2,1100
196044694,-1.159,2.195,-0.122,0.104,0.052,1.050,2,1100
196045217,-1.098,2.439,0.183,0.024,0.028,0.994,2,1100
196046694,-1.220,1.951,-0.427,-0.158,-0.015,1.025,2,1100
196047209,-1.220,1.951,-0.427,-0.158,-0.015,1.025,2,1100
196048694,-1.098,0.366,0.671,-0.028,0.070,1.071,2,1100
196049210,-0.854,-0.122,0.610,0.023,0.056,1.033,2,1100
196050694,-0.976,0.610,0.122,0.072,0.029,1.065,2,1100
196051217,-1.037,1.280,0.061,0.091,0.069,1.051,2,1100
196052694,-1.585,2.500,0.061,-0.009,0.019,1.012,2,1100
196053205,-1.585,2.500,0.061,-0.009,0.019,1.012,2,1100
196054694,-1.159,2.134,-0.610,-0.117,0.018,1.006,2,1100
196055209,-0.976,0.854,0.122,-0.117,0.018,1.006,2,1100
196056694,-1.159,0.305,0.793,-0.054,0.057,1.059,2,1100
196057214,-0.915,0.244,0.488,0.025,0.055,1.051,2,1100
196058694,-0.976,1.402,0.183,0.099,0.042,1.061,2,1100
196059218,-0.976,1.402,0.183,0.136,0.075,1.052,2,1100
196060694,-1.159,2.744,-0.488,-0.023,-0.019,1.034,2,1100
196061218,-1.159,2.744,-0.488,-0.023,-0.019,1.034,2,1100
196062694,-0.915,2.073,-0.427,-0.099,0.019,1.008,2,1100
196063211,-0.976,0.793,0.305,-0.102,0.070,1.069,2,1100
196064694,-1.098,0.366,0.427,-0.051,0.027,1.045,2,1100
196065210,-0.915,0.366,0.549,0.035,0.078,1.084,2,1100
196066694,-1.037,1.220,0.549,0.124,0.043,1.033,2,1100
196067214,-1.037,1.220,0.549,0.124,0.043,1.033,2,1100
196068694,-1.341,2.805,-0.671,-0.050,-0.021,1.024,2,1100
196069209,-1.159,2.500,-0.854,-0.085,0.032,1.012,2,1100
196070694,-1.098,1.524,-0.122,-0.102,-0.012,1.015,2,1100
196071214,-0.793,0.549,0.183,-0.099,0.064,1.063,2,1100
196072694,-0.854,0.488,0.305,0.080,0.085,1.078,2,1100
196073214,-0.854,0.488,0.305,0.080,0.085,1.078,2,1100
196074694,-1.037,1.585,0.366,0.106,0.017,1.004,2,1100
196075210,-1.159,2.561,-0.061,0.106,0.017,1.004,2,1100
196076694,-1.341,3.110,-0.488,-0.062,0.011,0.994,2,1100
196077217,-1.220,2.378,-0.305,-0.068,0.007,1.012,2,1100
196078694,-1.280,1.524,0.122,-0.127,0.020,1.038,2,1100
196079205,-1.220,0.854,0.305,-0.100,0.000,1.043,2,1100
196080694,-1.098,0.122,1.098,0.117,0.053,1.046,2,1100
196081218,-1.098,0.122,1.098,0.117,0.053,1.046,2,1100
196082694,-1.098,2.012,0.244,0.091,-0.025,1.048,2,1100
196083210,-1.037,2.866,-0.183,0.028,0.027,1.046,2,1100
196084694,-1.098,2.744,-0.305,-0.032,0.013,0.993,2,1100
196085209,-1.220,2.439,-0.305,-0.090,-0.013,1.020,2,1100
196086694,-1.037,0.732,0.305,-0.086,0.042,1.040,2,1100
196087209,-1.037,0.732,0.305,-0.086,0.042,1.040,2,1100
196088694,-0.793,0.671,0.671,0.094,0.079,1.029,2,1100
196089214,-0.854,1.037,0.000,0.094,0.079,1.029,2,1100
196090694,-0.976,1.890,0.183,0.068,0.020,1.060,2,1100
196091209,-1.220,2.561,-0.061,0.044,0.012,1.012,2,1100
196092694,-1.098,2.073,-0.427,-0.059,0.031,0.988,2,1100
196093210,-1.098,2.073,-0.427,-0.104,-0.043,1.021,2,1100
196094694,-0.854,0.915,0.610,-0.066,0.087,1.068,2,1100
196095218,-0.854,0.915,0.610,-0.066,0.087,1.068,2,1100
196096694,-0.488,0.305,1.037,0.078,0.056,1.032,2,1100
196097214,-0.610,0.915,0.366,0.108,-0.013,1.060,2,1100
196098694,-0.854,2.134,0.366,0.079,0.071,1.054,2,1100
196099209,-1.037,2.500,0.427,0.035,0.006,0.989,2,1100
196100694,-1.037,2.256,-0.061,-0.134,-0.041,1.040,2,1100
196101218,-1.037,2.256,-0.061,-0.134,-0.041,1.040,2,1100
196102694,-1.037,0.671,0.915,-0.021,0.072,1.066,2,1100
196103214,-1.098,0.183,1.220,0.047,0.073,1.042,2,1100
196104694,-0.976,0.671,0.732,0.066,0.027,1.082,2,1100
196105214,-1.159,1.280,0.244,0.105,0.044,1.048,2,1100
196106694,-1.341,2.561,0.061,-0.015,0.031,1.007,2,1100
196107218,-1.341,2.561,0.061,-0.015,0.031,1.007,2,1100
196108694,-1.463,1.890,0.000,-0.142,0.011,1.018,2,1100
196109218,-1.402,1.037,0.488,-0.142,0.011,1.018,2,1100
196110694,-1.037,0.427,1.159,-0.042,0.107,1.060,2,1100
196111209,-0.976,0.061,1.037,0.047,0.026,1.038,2,1100
196112694,-0.976,0.793,0.854,0.088,0.055,1.076,2,1100
196113209,-0.671,1.768,0.915,0.120,0.066,1.057,2,1100
196114694,-0.976,2.927,0.061,-0.021,-0.016,1.026,2,1100
196115214,-0.976,2.927,0.061,-0.021,-0.016,1.026,2,1100
196116694,-1.098,2.134,-0.183,-0.122,0.031,1.011,2,1100
196117210,-1.098,1.098,0.549,-0.088,0.044,1.066,2,1100
196118694,-1.220,0.305,0.854,-0.019,0.050,1.038,2,1100
196119209,-1.098,0.427,1.098,0.039,0.060,1.087,2,1100
196120694,-1.159,1.463,0.488,0.135,0.046,1.030,2,1100
196121218,-1.159,1.463,0.488,0.135,0.046,1.030,2,1100
196122694,-0.976,2.744,-0.061,-0.049,-0.021,1.039,2,1100
196123217,-1.037,2.561,-0.305,-0.049,-0.021,1.039,2,1100
196124694,-0.793,1.585,0.305,-0.097,-0.021,1.032,2,1100
196125217,-0.793,0.549,0.976,-0.129,0.088,1.043,2,1100
196126694,-0.732,0.671,0.976,-0.008,0.024,1.060,2,1100
196127218,-0.732,0.671,0.976,0.060,0.087,1.070,2,1100
196128694,-0.976,1.646,0.427,0.102,0.042,1.027,2,1100
196129214,-0.976,1.646,0.427,0.102,0.042,1.027,2,1100
196130694,-1.220,2.927,0.122,-0.058,0.007,0.994,2,1100
196131214,-0.854,2.805,0.122,-0.083,0.005,1.019,2,1100
196132694,-1.280,1.707,0.671,-0.126,0.012,1.040,2,1100
196133210,-1.280,0.671,0.793,-0.094,0.032,1.031,2,1100
196134694,-0.915,0.305,0.976,0.090,0.070,1.041,2,1100
196135209,-0.915,0.305,0.976,0.090,0.070,1.041,2,1100
196136694,-0.854,1.463,0.671,0.107,0.007,1.044,2,1100
196137209,-1.098,2.561,0.488,0.039,0.013,1.061,2,1100
196138694,-0.976,2.683,0.122,-0.058,0.017,0.982,2,1100
196139218,-0.854,2.378,0.000,-0.062,-0.039,1.016,2,1100
196140701,-0.549,0.732,0.793,-0.083,0.034,1.053,2,1100
196141226,-0.549,0.732,0.793,-0.083,0.034,1.053,2,1100
196142697,-0.549,0.610,1.220,0.098,0.042,1.029,2,1100
196143213,-0.610,0.976,0.671,0.098,0.042,1.029,2,1100
196144694,-0.915,1.951,0.488,0.081,0.009,1.067,2,1100
196145212,-0.915,2.683,0.427,0.048,0.009,0.990,2,1100
196146694,-0.732,2.805,0.427,-0.055,0.002,1.021,2,1100
196147217,-1.098,2.561,0.183,-0.125,-0.012,1.008,2,1100
196148694,-0.915,0.793,1.037,-0.059,0.093,1.080,2,1100
196149209,-0.915,0.793,1.037,-0.059,0.093,1.080,2,1100
196150694,-0.549,0.610,1.220,0.066,0.063,1.039,2,1100
196151214,-0.671,1.159,0.610,0.115,-0.006,1.058,2,1100
196152694,-1.341,2.195,0.488,0.063,0.069,1.049,2,1100
196153209,-1.707,2.439,0.305,0.021,-0.001,1.005,2,1100
196154694,-1.402,1.707,0.122,-0.119,-0.032,1.008,2,1100
196155214,-1.402,1.707,0.122,-0.119,-0.032,1.008,2,1100
196156694,-1.098,0.427,1.037,-0.031,0.091,1.062,2,1100
196157205,-1.159,0.244,0.976,-0.031,0.091,1.062,2,1100
196158694,-0.671,0.488,0.427,0.079,0.035,1.070,2,1100
196159214,-0.915,1.220,0.183,0.105,0.036,1.050,2,1100
196160694,-1.159,2.744,0.122,0.092,0.020,1.004,2,1100
196161214,-1.159,2.744,0.122,-0.015,0.010,1.037,2,1100
196162694,-0.976,2.256,-0.122,-0.133,0.000,1.015,2,1100
196163209,-0.976,2.256,-0.122,-0.133,0.000,1.015,2,1100
196164695,-0.671,0.427,1.037,-0.036,0.098,1.066,2,1100
196165217,-0.793,0.244,1.098,0.044,0.048,1.074,2,1100
196166694,-0.976,0.671,0.793,0.106,0.034,1.040,2,1100
196167210,-0.976,1.098,0.549,0.118,0.070,1.022,2,1100
196168694,-1.220,2.805,-0.488,-0.044,-0.001,1.017,2,1100
196169214,-1.220,2.805,-0.488,-0.044,-0.001,1.017,2,1100
196170700,-1.341,1.951,0.061,-0.108,0.032,1.034,2,1100
196171225,-1.280,0.732,0.732,-0.076,0.042,1.070,2,1100
196172696,-1.098,0.366,0.915,-0.040,0.051,1.033,2,1100
196173211,-1.037,0.427,0.732,0.056,0.058,1.087,2,1100
196174694,-0.854,1.768,0.488,0.125,0.036,1.021,2,1100
196175214,-0.854,1.768,0.488,0.125,0.036,1.021,2,1100
196176694,-1.220,2.561,-0.305,-0.057,-0.006,1.002,2,1100
196177209,-1.280,2.500,-0.244,-0.057,-0.006,1.002,2,1100
196178694,-1.159,1.463,0.000,-0.098,0.008,1.043,2,1100
196179210,-0.854,0.366,0.366,-0.107,0.059,1.043,2,1100
196180695,-0.732,0.061,0.488,-0.016,0.048,1.063,2,1100
196181217,-0.793,0.122,0.732,0.094,0.078,1.080,2,1100
196182694,-0.854,1.646,0.122,0.107,0.026,1.037,2,1100
196183209,-0.854,1.646,0.122,0.107,0.026,1.037,2,1100
196184694,-1.280,2.866,-0.488,-0.052,-0.004,1.000,2,1100
196185210,-1.220,2.561,-0.244,-0.075,0.002,1.022,2,1100
196186694,-1.098,1.524,0.122,-0.126,0.014,1.034,2,1100
196187205,-1.220,0.671,0.122,-0.088,0.030,1.041,2,1100
196188694,-0.549,0.549,0.610,0.101,0.073,1.043,2,1100
196189209,-0.549,0.549,0.610,0.101,0.073,1.043,2,1100
196190694,-0.732,1.768,0.061,0.096,-0.009,1.041,2,1100
196191209,-0.915,2.683,-0.366,0.096,-0.009,1.041,2,1100
196192694,-1.159,2.622,-0.366,-0.061,0.032,0.995,2,1100
196193209,-1.037,2.012,-0.366,-0.066,-0.031,1.031,2,1100
196194694,-0.915,0.366,0.244,-0.161,0.026,1.030,2,1100
196195214,-0.915,0.366,0.244,-0.059,0.021,1.054,2,1100
196196694,-0.915,0.305,0.854,0.100,0.048,1.032,2,1100
196197218,-0.915,0.305,0.854,0.100,0.048,1.032,2,1100
196198694,-1.341,2.073,-0.244,0.077,0.011,1.047,2,1100
196199209,-1.585,2.805,-0.427,0.024,0.023,1.006,2,1100
196200694,-1.220,2.805,-0.244,-0.047,0.020,0.990,2,1100
196201210,-1.220,2.012,-0.488,-0.103,-0.037,1.026,2,1100
196202694,-0.793,0.488,0.305,-0.055,0.094,1.075,2,1100
196203214,-0.793,0.488,0.305,-0.055,0.094,1.075,2,1100
196204694,-0.732,0.305,0.366,0.078,0.049,1.049,2,1100
196205205,-1.037,1.402,-0.183,0.098,-0.013,1.070,2,1100
196206694,-1.098,2.256,-0.244,0.074,0.044,1.013,2,1100
196207214,-1.341,2.622,-0.183,0.031,0.004,1.008,2,1100
196208694,-1.341,1.890,-0.854,-0.122,-0.046,1.028,2,1100
196209218,-1.341,1.890,-0.854,-0.122,-0.046,1.028,2,1100
196210694,-0.854,0.366,0.671,-0.015,0.093,1.045,2,1100
196211211,-0.915,0.122,1.037,-0.015,0.093,1.045,2,1100
196212694,-0.671,0.427,0.305,0.064,0.022,1.064,2,1100
196213215,-0.854,1.402,-0.122,0.094,0.022,1.063,2,1100
196214694,-0.976,2.134,0.122,0.087,0.044,1.008,2,1100
196215209,-0.976,2.561,-0.061,-0.007,0.014,1.018,2,1100
196216694,-1.098,2.012,-0.610,-0.127,-0.016,1.026,2,1100
196217209,-1.098,2.012,-0.610,-0.127,-0.016,1.026,2,1100
196218694,-0.915,0.183,0.732,-0.011,0.089,1.035,2,1100
196219209,-0.976,0.122,0.671,0.045,0.037,1.075,2,1100
196220694,-0.915,0.732,0.305,0.086,0.025,1.052,2,1100
196221214,-0.915,1.707,0.244,0.129,0.053,1.021,2,1100
196222694,-1.159,2.561,-0.549,-0.038,-0.015,1.015,2,1100
196223214,-1.159,2.561,-0.549,-0.038,-0.015,1.015,2,1100
196224694,-0.976,1.585,-0.488,-0.121,0.024,1.023,2,1100
196225210,-0.915,0.549,0.549,-0.121,0.024,1.023,2,1100
196226694,-1.037,0.061,0.854,-0.029,0.062,1.048,2,1100
196227210,-1.098,0.244,0.610,0.040,0.035,1.083,2,1100
196228694,-1.220,1.341,0.366,0.102,0.062,1.034,2,1100
196229209,-1.220,1.341,0.366,0.146,0.039,1.025,2,1100
196230702,-1.402,2.744,-0.427,-0.063,-0.041,1.012,2,1100
196231233,-1.402,2.744,-0.427,-0.063,-0.041,1.012,2,1100
196232697,-0.976,1.707,0.122,-0.094,0.035,1.040,2,1100
196233215,-0.793,0.549,0.732,-0.086,0.058,1.025,2,1100
196234694,-0.915,0.244,0.854,-0.019,0.032,1.087,2,1100
196235205,-0.793,0.610,0.671,0.066,0.059,1.077,2,1100
196236694,-1.037,1.524,0.305,0.130,0.027,1.031,2,1100
196237209,-1.037,1.524,0.305,0.130,0.027,1.031,2,1100
196238694,-1.280,2.988,-0.427,-0.071,-0.032,0.990,2,1100
196239205,-1.098,2.317,-0.183,-0.083,0.019,1.033,2,1100
196240694,-0.793,1.037,0.488,-0.113,0.031,1.016,2,1100
196241209,-1.037,0.488,0.732,-0.082,0.030,1.045,2,1100
196242694,-0.793,0.122,0.671,0.103,0.068,1.044,2,1100
196243205,-0.793,0.122,0.671,0.103,0.068,1.044,2,1100
196244694,-1.220,1.768,0.366,0.101,-0.013,1.041,2,1100
196245217,-1.098,2.683,-0.061,0.101,-0.013,1.041,2,1100
196246694,-1.159,2.927,-0.183,-0.076,0.026,0.980,2,1100
196247214,-1.220,2.195,-0.122,-0.053,-0.020,1.022,2,1100
196248694,-1.159,1.220,0.366,-0.145,0.061,1.029,2,1100
196249205,-1.037,0.488,0.427,-0.070,0.004,1.080,2,1100
196250694,-0.793,0.427,0.915,0.130,0.060,1.026,2,1100
196251209,-0.793,0.427,0.915,0.130,0.060,1.026,2,1100
196252694,-1.280,2.134,0.305,0.067,-0.008,1.052,2,1100
196253209,-1.341,2.744,0.244,0.004,0.005,1.004,2,1100
196254694,-0.976,2.561,0.183,-0.061,0.031,1.008,2,1100
196255210,-1.159,1.890,-0.061,-0.100,-0.030,1.022,2,1100
196256694,-0.732,0.549,0.610,-0.065,0.062,1.084,2,1100
196257214,-0.732,0.549,0.610,-0.065,0.062,1.084,2,1100
196258694,-0.671,0.427,1.159,0.095,0.049,1.047,2,1100
196259214,-0.488,1.098,0.488,0.095,0.049,1.047,2,1100
196260694,-0.671,2.195,0.183,0.054,0.025,1.033,2,1100
196261210,-0.854,2.927,0.000,0.001,0.025,1.022,2,1100
196262698,-1.037,1.951,0.061,-0.051,0.009,0.994,2,1100
196263225,-1.037,1.951,0.061,-0.136,-0.028,1.015,2,1100
196264698,-0.854,0.244,1.037,-0.029,0.097,1.042,2,1100
196265215,-0.854,0.244,1.037,-0.029,0.097,1.042,2,1100
196266694,-0.915,0.488,0.976,0.075,0.053,1.058,2,1100
196267212,-0.915,1.098,0.610,0.089,-0.022,1.056,2,1100
196268694,-0.854,2.073,0.366,0.082,0.048,1.018,2,1100
196269209,-1.037,2.439,0.183,-0.004,0.003,1.025,2,1100
196270694,-1.402,1.524,-0.122,-0.150,-0.052,1.028,2,1100
196271218,-1.402,1.524,-0.122,-0.150,-0.052,1.028,2,1100
196272694,-0.793,0.488,1.037,0.016,0.095,1.035,2,1100
196273217,-0.732,0.427,1.098,0.059,0.062,1.067,2,1100
196274694,-0.976,0.976,0.793,0.078,0.007,1.063,2,1100
196275209,-0.854,1.829,0.488,0.100,0.054,1.029,2,1100
196276694,-1.098,2.988,0.183,-0.037,0.024,1.012,2,1100
196277205,-1.098,2.988,0.183,-0.037,0.024,1.012,2,1100
196278694,-1.098,1.829,0.000,-0.146,0.028,1.038,2,1100
196279209,-1.098,1.829,0.000,-0.146,0.028,1.038,2,1100
196280694,-0.915,0.244,1.159,-0.006,0.091,1.045,2,1100
196281210,-0.793,0.366,0.793,0.055,0.032,1.070,2,1100
196282694,-0.671,0.915,0.671,0.086,0.042,1.051,2,1100
196283215,-0.793,1.951,0.610,0.136,0.043,1.032,2,1100
196284694,-0.976,2.805,0.305,-0.059,-0.035,0.989,2,1100
196285210,-0.976,2.805,0.305,-0.059,-0.035,0.989,2,1100
196286694,-0.915,1.829,0.488,-0.099,0.037,1.049,2,1100
196287217,-0.915,0.915,0.915,-0.076,0.075,1.021,2,1100
196288694,-0.915,0.183,1.098,0.014,0.033,1.082,2,1100
196289217,-0.915,0.183,0.915,0.058,0.045,1.074,2,1100
196290694,-0.976,1.768,0.183,0.120,0.033,1.046,2,1100
196291214,-0.976,1.768,0.183,0.120,0.033,1.046,2,1100
196292694,-1.159,2.866,-0.305,-0.073,-0.037,1.006,2,1100
196293205,-1.159,2.378,-0.183,-0.073,-0.037,1.006,2,1100
196294694,-0.976,1.341,0.305,-0.106,0.023,1.018,2,1100
196295209,-0.671,0.244,0.915,-0.078,0.065,1.049,2,1100
196296694,-0.793,0.488,0.854,0.010,0.047,1.090,2,1100
196297205,-0.793,0.488,0.854,0.072,0.073,1.045,2,1100
196298694,-0.854,2.073,0.732,0.104,0.031,1.037,2,1100
196299209,-0.854,2.073,0.732,0.104,0.031,1.037,2,1100
196300694,-1.159,2.744,-0.122,-0.080,0.001,1.001,2,1100
196301209,-0.976,2.256,-0.061,-0.080,-0.007,1.027,2,1100
196302699,-0.915,1.280,0.488,-0.151,0.065,1.006,2,1100
196303227,-1.037,0.427,0.549,-0.043,0.000,1.077,2,1100
196304696,-0.671,0.488,0.610,0.110,0.037,1.047,2,1100
196305211,-0.671,0.488,0.610,0.110,0.037,1.047,2,1100
196306694,-1.220,1.890,0.183,0.104,0.001,1.019,2,1100
196307210,-1.463,2.805,-0.061,-0.023,-0.004,1.035,2,1100
196308700,-0.915,2.622,-0.244,-0.082,0.035,0.998,2,1100
196309225,-1.037,2.195,0.183,-0.086,-0.031,1.010,2,1100
196310696,-1.280,0.366,0.610,-0.049,0.038,1.075,2,1100
196311211,-1.280,0.366,0.610,-0.049,0.038,1.075,2,1100
196312694,-0.854,0.488,0.976,0.113,0.039,1.070,2,1100
196313214,-0.854,0.488,0.976,0.113,0.039,1.070,2,1100
196314694,-1.341,2.073,0.183,0.067,0.012,1.018,2,1100
196315209,-1.341,2.561,-0.061,-0.020,0.010,1.016,2,1100
196316694,-1.159,2.439,-0.122,-0.058,-0.003,1.000,2,1100
196317214,-1.280,1.951,0.122,-0.128,-0.013,1.008,2,1100
196318694,-0.793,0.427,0.549,-0.031,0.085,1.041,2,1100
196319218,-0.793,0.427,0.549,-0.031,0.085,1.041,2,1100
196320694,-0.610,0.610,0.488,0.062,0.081,1.048,2,1100
196321205,-0.549,1.646,-0.183,0.106,-0.018,1.036,2,1100
196322702,-0.732,2.439,-0.061,0.068,0.052,1.035,2,1100
196323227,-0.915,2.622,0.000,-0.014,0.000,1.025,2,1100
196324697,-0.976,1.768,-0.183,-0.113,-0.033,1.035,2,1100
196325220,-0.976,1.768,-0.183,-0.113,-0.033,1.035,2,1100
196326695,-1.098,0.549,0.793,-0.005,0.098,1.042,2,1100
196327210,-0.915,0.366,0.671,-0.005,0.098,1.042,2,1100
196328694,-0.854,0.610,0.061,0.097,0.031,1.056,2,1100
196329214,-1.037,1.646,0.488,0.091,0.043,1.031,2,1100
196330694,-1.524,2.561,-0.122,0.073,0.025,1.042,2,1100
196331209,-1.524,2.561,-0.122,-0.035,-0.001,1.000,2,1100
196332694,-1.159,1.707,0.000,-0.145,0.022,1.062,2,1100
196333210,-1.159,1.707,0.000,-0.145,0.022,1.062,2,1100
196334694,-0.915,0.366,0.976,0.012,0.059,1.075,2,1100
196335214,-0.793,0.061,0.671,0.072,0.056,1.062,2,1100
196336694,-0.976,0.732,0.244,0.108,0.023,1.031,2,1100
196337209,-0.976,1.585,0.061,0.112,0.050,1.042,2,1100
196338694,-1.341,2.866,-0.671,-0.068,-0.009,0.987,2,1100
196339214,-1.341,2.866,-0.671,-0.068,-0.009,0.987,2,1100
196340694,-1.037,1.646,-0.183,-0.097,0.041,1.027,2,1100
196341218,-0.793,0.671,0.671,-0.071,0.068,1.046,2,1100
196342694,-0.976,0.305,0.915,-0.001,0.048,1.080,2,1100
196343217,-1.037,0.610,0.671,0.079,0.052,1.073,2,1100
196344699,-0.976,1.768,0.122,0.135,0.025,1.069,2,1100
196345229,-0.976,1.768,0.122,0.135,0.025,1.069,2,1100
196346696,-0.915,2.927,-0.732,-0.077,-0.033,1.009,2,1100
196347219,-0.915,2.927,-0.732,-0.077,-0.033,1.009,2,1100
196348694,-0.976,1.220,0.061,-0.086,0.013,0.998,2,1100
196349214,-0.976,0.366,0.732,-0.078,0.058,1.081,2,1100
196350694,-0.915,0.183,0.610,0.013,0.060,1.075,2,1100
196351214,-0.732,0.854,0.305,0.108,0.060,1.047,2,1100
196352694,-0.976,2.134,0.061,0.109,-0.003,1.053,2,1100
196353214,-0.976,2.134,0.061,0.109,-0.003,1.053,2,1100
196354694,-1.402,2.927,-0.671,-0.070,-0.019,0.999,2,1100
196355214,-1.098,2.439,-0.366,-0.074,0.001,1.031,2,1100
196356694,-1.159,1.341,0.061,-0.138,0.036,1.017,2,1100
196357209,-0.915,0.366,0.549,-0.057,0.037,1.081,2,1100
196358694,-0.793,0.610,0.427,0.122,0.041,1.036,2,1100
196359214,-0.793,0.610,0.427,0.122,0.041,1.036,2,1100
196360694,-1.159,1.890,0.183,0.072,0.002,1.003,2,1100
196361205,-1.463,2.683,-0.061,0.072,0.002,1.003,2,1100
196362694,-1.646,2.744,-0.183,-0.074,0.027,1.017,2,1100
196363214,-1.159,2.195,0.061,-0.104,-0.041,1.020,2,1100
196364694,-0.976,0.488,0.305,-0.138,0.046,1.049,2,1100
196365209,-0.976,0.488,0.305,-0.021,0.037,1.072,2,1100
196366694,-0.610,0.549,0.915,0.106,0.051,1.043,2,1100
196367205,-0.610,0.549,0.915,0.106,0.051,1.043,2,1100
196368694,-1.037,2.317,0.244,0.054,0.032,1.037,2,1100
196369210,-1.037,3.171,-0.061,-0.017,0.009,1.015,2,1100
196370694,-0.671,2.744,-0.122,-0.069,0.013,0.998,2,1100
196371209,-1.159,1.829,0.061,-0.125,-0.030,1.026,2,1100
196372694,-1.159,0.671,0.671,-0.018,0.096,1.056,2,1100
196373205,-1.159,0.671,0.671,-0.018,0.096,1.056,2,1100
196374694,-0.915,0.793,0.610,0.085,0.052,1.052,2,1100
196375210,-1.037,1.524,0.061,0.107,0.009,1.037,2,1100
196376694,-1.159,2.744,0.000,0.052,0.034,1.025,2,1100
196377214,-1.159,2.988,0.061,-0.010,0.013,1.003,2,1100
196378695,-0.976,1.951,-0.244,-0.140,-0.032,1.050,2,1100
196379210,-0.976,1.951,-0.244,-0.140,-0.032,1.050,2,1100
196380694,-0.793,0.488,1.220,0.031,0.091,1.051,2,1100
196381210,-0.793,0.488,1.220,0.031,0.091,1.051,2,1100
196382694,-0.915,0.610,0.183,0.090,0.020,1.048,2,1100
196383205,-1.098,1.707,0.244,0.103,0.033,1.035,2,1100
196384694,-1.037,2.622,0.244,0.075,0.035,1.032,2,1100
196385205,-1.098,2.622,0.122,-0.053,-0.000,0.987,2,1100
196386694,-1.098,1.463,0.000,-0.145,0.033,1.068,2,1100
196387209,-1.098,1.463,0.000,-0.145,0.033,1.068,2,1100
196388694,-0.976,0.122,1.037,0.039,0.084,1.094,2,1100
196389211,-0.732,0.305,0.854,0.048,0.037,1.053,2,1100
196390694,-0.671,0.854,0.244,0.093,0.014,1.040,2,1100
196391210,-0.671,1.768,0.183,0.123,0.054,1.038,2,1100
196392694,-1.280,2.683,-0.305,-0.079,-0.027,1.017,2,1100
196393218,-1.280,2.683,-0.305,-0.079,-0.027,1.017,2,1100
196394694,-1.037,1.402,-0.061,-0.105,0.049,1.021,2,1100
196395205,-0.793,0.671,1.037,-0.105,0.049,1.021,2,1100
196396694,-0.549,0.061,1.159,0.007,0.041,1.081,2,1100
196397217,-0.671,0.366,0.732,0.066,0.023,1.062,2,1100
196398698,-1.037,1.768,0.366,0.105,0.071,1.033,2,1100
196399225,-1.037,1.768,0.366,0.140,0.024,1.054,2,1100
196400701,-0.854,3.049,-0.671,-0.074,-0.068,1.027,2,1100
196401224,-0.854,3.049,-0.671,-0.074,-0.068,1.027,2,1100
196402695,-0.732,1.402,0.549,-0.080,0.034,0.998,2,1100
196403206,-0.976,0.549,1.098,-0.065,0.059,1.090,2,1100
196404694,-1.037,0.244,0.915,0.015,0.056,1.061,2,1100
196405205,-0.854,0.549,0.610,0.097,0.062,1.056,2,1100
196406694,-1.098,2.134,0.732,0.124,0.005,1.039,2,1100
196407209,-1.098,2.134,0.732,0.124,0.005,1.039,2,1100
196408694,-1.280,2.744,-0.305,-0.093,-0.027,1.008,2,1100
196409210,-0.976,2.378,-0.061,-0.084,0.028,1.023,2,1100
196410694,-1.159,1.341,0.671,-0.113,0.042,1.020,2,1100
196411209,-1.280,0.610,0.976,-0.062,0.033,1.086,2,1100
196412701,-1.098,0.793,1.037,0.120,0.066,1.052,2,1100
196413226,-1.098,0.793,1.037,0.120,0.066,1.052,2,1100
196414697,-1.159,2.012,0.305,0.072,-0.008,1.003,2,1100
196415220,-1.159,2.012,0.305,0.072,-0.008,1.003,2,1100
196416694,-1.159,2.805,-0.122,-0.098,0.036,0.995,2,1100
196417212,-1.098,2.195,0.305,-0.079,-0.014,1.013,2,1100
196418694,-0.976,1.220,0.793,-0.122,0.046,1.067,2,1100
196419210,-1.037,0.671,0.854,-0.045,0.021,1.071,2,1100
196420694,-1.037,0.549,1.280,0.125,0.051,1.049,2,1100
196421214,-1.037,0.549,1.280,0.125,0.051,1.049,2,1100
196422694,-0.671,2.073,0.305,0.033,-0.011,1.034,2,1100
196423210,-1.220,2.927,-0.122,-0.028,0.001,1.028,2,1100
196424698,-1.037,2.561,-0.061,-0.059,0.031,0.990,2,1100
196425223,-0.976,2.012,0.305,-0.114,-0.004,1.011,2,1100
196426696,-0.976,0.610,0.915,-0.034,0.073,1.053,2,1100
196427215,-0.976,0.610,0.915,-0.034,0.073,1.053,2,1100
196428695,-1.220,0.793,0.854,0.107,0.062,1.055,2,1100
196429215,-1.159,1.463,0.366,0.107,0.062,1.055,2,1100
196430694,-1.280,2.378,0.183,0.047,0.016,1.058,2,1100
196431217,-1.037,2.805,0.122,-0.018,0.034,0.995,2,1100
196432694,-1.159,1.646,0.000,-0.067,-0.009,0.990,2,1100
196433214,-1.159,1.646,0.000,-0.132,-0.031,1.054,2,1100
196434695,-0.854,0.427,0.976,0.019,0.104,1.058,2,1100
196435210,-0.854,0.427,0.976,0.019,0.104,1.058,2,1100
196436694,-0.976,0.549,0.793,0.101,0.006,1.045,2,1100
196437209,-1.037,1.646,0.061,0.071,0.021,1.054,2,1100
196438694,-1.098,2.500,0.122,0.055,0.021,1.029,2,1100
196439210,-1.159,2.805,0.244,-0.019,0.009,0.991,2,1100
196440694,-1.037,1.585,0.122,-0.153,-0.002,1.068,2,1100
196441209,-1.037,1.585,0.122,-0.153,-0.002,1.068,2,1100
196442694,-1.098,0.488,1.037,0.052,0.081,1.080,2,1100
196443210,-1.159,0.244,1.159,0.060,0.075,1.046,2,1100
196444694,-1.159,0.915,0.488,0.089,-0.009,1.036,2,1100
196445209,-0.976,1.768,0.183,0.104,0.043,1.057,2,1100
196446694,-1.280,2.866,0.000,0.066,0.027,0.997,2,1100
196447218,-1.280,2.866,0.000,-0.066,-0.005,0.999,2,1100
196448694,-0.915,1.707,0.122,-0.142,0.046,1.015,2,1100
196449209,-0.915,1.707,0.122,-0.142,0.046,1.015,2,1100
196450694,-1.098,0.244,1.098,0.030,0.067,1.087,2,1100
196451217,-0.732,0.183,0.854,0.062,0.020,1.050,2,1100
196452701,-0.915,1.341,0.549,0.086,0.050,1.041,2,1100
196453231,-1.037,2.012,0.305,0.132,0.033,1.067,2,1100
196454697,-1.402,2.622,-0.427,-0.075,-0.058,1.021,2,1100
196455213,-1.402,2.622,-0.427,-0.075,-0.058,1.021,2,1100
196456695,-1.280,1.402,0.244,-0.092,0.017,1.006,2,1100
196457206,-1.220,0.488,0.915,-0.042,0.093,1.085,2,1100
196458694,-0.854,0.183,0.854,0.028,0.034,1.046,2,1100
196459214,-0.610,0.549,0.671,0.073,0.046,1.060,2,1100
196460694,-1.159,2.012,0.366,0.120,0.028,1.032,2,1100
196461214,-1.159,2.012,0.366,0.120,0.028,1.032,2,1100
196462694,-0.976,2.744,-0.610,-0.078,-0.060,1.021,2,1100
196463209,-0.976,2.195,-0.549,-0.078,-0.060,1.021,2,1100
196464694,-0.976,1.341,0.427,-0.098,0.046,1.021,2,1100
196465210,-0.793,0.488,0.976,-0.043,0.058,1.088,2,1100
196466694,-0.976,0.549,0.366,0.021,0.041,1.041,2,1100
196467209,-0.976,0.549,0.366,0.104,0.058,1.057,2,1100
196468694,-1.159,2.073,0.122,0.091,0.011,0.996,2,1100
196469209,-1.159,2.073,0.122,0.091,0.011,0.996,2,1100
196470694,-0.793,2.683,-0.366,-0.100,0.014,0.991,2,1100
196471209,-0.976,1.890,-0.122,-0.080,-0.011,1.025,2,1100
196472694,-0.854,0.671,0.427,-0.126,0.067,1.058,2,1100
196473210,-1.037,0.122,0.610,-0.031,0.014,1.055,2,1100
196474694,-0.793,0.671,0.671,0.124,0.033,1.048,2,1100
196475209,-0.793,0.671,0.671,0.124,0.033,1.048,2,1100
196476694,-0.976,2.439,-0.244,0.059,-0.007,1.028,2,1100
196477214,-1.341,3.049,-0.671,-0.047,-0.016,1.034,2,1100
196478694,-1.159,2.744,-0.244,-0.083,0.026,0.998,2,1100
196479210,-1.280,1.585,-0.183,-0.099,-0.011,1.021,2,1100
196480694,-1.098,0.366,0.610,-0.117,0.062,1.065,2,1100
196481209,-1.098,0.366,0.610,-0.026,0.036,1.047,2,1100
196482694,-0.732,0.366,0.854,0.114,0.055,1.047,2,1100
196483218,-0.732,0.366,0.854,0.114,0.055,1.047,2,1100
196484694,-1.037,2.500,-0.061,0.046,-0.001,1.058,2,1100
196485214,-1.159,2.866,-0.671,-0.037,0.034,0.987,2,1100
196486694,-1.159,2.439,-0.488,-0.075,-0.003,1.019,2,1100
196487209,-1.098,1.463,-0.244,-0.134,0.008,1.044,2,1100
196488694,-0.976,0.122,0.427,-0.008,0.119,1.081,2,1100
196489209,-0.976,0.122,0.427,-0.008,0.119,1.081,2,1100
196490694,-0.976,0.976,0.549,0.089,0.045,1.017,2,1100
196491209,-1.037,1.890,0.366,0.097,-0.005,1.068,2,1100
196492694,-0.793,2.683,0.000,0.030,0.039,1.036,2,1100
196493209,-1.098,2.561,-0.183,-0.016,0.001,0.983,2,1100
196494700,-0.854,1.402,-0.122,-0.128,-0.006,1.043,2,1100
196495224,-0.854,1.402,-0.122,-0.128,-0.006,1.043,2,1100
196496696,-0.854,0.183,0.671,0.055,0.081,1.106,2,1100
196497215,-0.854,0.305,0.854,0.055,0.081,1.106,2,1100
196498694,-0.671,0.915,0.244,0.112,-0.014,1.035,2,1100
196499210,-0.793,1.890,0.122,0.089,0.047,1.066,2,1100
196500694,-1.098,2.866,-0.061,0.046,0.026,0.995,2,1100
196501205,-1.098,2.866,-0.061,-0.066,0.020,1.008,2,1100
196502694,-1.220,1.524,-0.366,-0.135,0.032,1.036,2,1100
196503214,-1.220,1.524,-0.366,-0.135,0.032,1.036,2,1100
196504694,-1.220,0.122,1.220,0.038,0.077,1.073,2,1100
196505205,-0.915,0.305,0.793,0.084,0.041,1.044,2,1100
196506694,-0.915,1.037,0.549,0.081,0.022,1.057,2,1100
196507218,-0.915,2.073,0.122,0.104,0.044,1.053,2,1100
196508694,-1.037,2.622,-0.244,-0.062,-0.033,1.020,2,1100
196509210,-1.037,2.622,-0.244,-0.062,-0.033,1.020,2,1100
196510694,-1.220,1.341,0.244,-0.108,0.016,1.019,2,1100
196511209,-1.098,0.549,0.854,-0.036,0.074,1.108,2,1100
196512694,-0.732,0.549,0.854,0.033,0.079,1.026,2,1100
196513210,-0.854,0.671,0.549,0.077,0.024,1.068,2,1100
196514694,-1.341,2.134,0.061,0.110,0.058,1.062,2,1100
196515205,-1.341,2.134,0.061,0.102,-0.002,1.013,2,1100
196516694,-1.341,2.866,-0.488,-0.080,-0.064,1.011,2,1100
196517205,-1.341,2.866,-0.488,-0.080,-0.064,1.011,2,1100
196518694,-1.098,1.159,0.427,-0.080,0.033,1.054,2,1100
196519214,-1.280,0.549,0.793,-0.046,0.082,1.049,2,1100
196520694,-1.280,0.366,0.610,0.046,0.045,1.059,2,1100
196521214,-1.402,0.549,0.366,0.104,0.053,1.063,2,1100
196522694,-1.098,1.951,0.244,0.079,-0.004,1.017,2,1100
196523210,-1.098,1.951,0.244,0.079,-0.004,1.017,2,1100
196524694,-1.402,2.622,-0.305,-0.087,-0.001,1.006,2,1100
196525214,-1.280,1.829,0.305,-0.097,0.010,1.010,2,1100
196526700,-1.220,0.915,0.976,-0.103,0.054,1.059,2,1100
196527221,-0.915,0.305,0.915,-0.015,0.039,1.047,2,1100
196528696,-1.098,0.549,0.610,0.119,0.045,1.036,2,1100
196529213,-1.098,0.549,0.610,0.119,0.045,1.036,2,1100
196530694,-1.220,2.317,0.305,0.040,0.001,1.036,2,1100
196531210,-1.402,2.927,-0.061,0.040,0.001,1.036,2,1100
196532694,-1.280,2.622,-0.244,-0.079,0.011,1.014,2,1100
196533214,-1.220,1.707,0.427,-0.106,-0.013,1.039,2,1100
196534694,-1.280,0.549,0.793,-0.113,0.062,1.041,2,1100
196535210,-1.280,0.549,0.793,-0.003,0.040,1.070,2,1100
196536694,-0.976,0.915,0.915,0.117,0.054,1.044,2,1100
196537218,-0.976,0.915,0.915,0.117,0.054,1.044,2,1100
196538694,-1.159,2.683,0.183,0.047,-0.009,1.060,2,1100
196539214,-1.402,2.866,0.061,-0.058,0.018,0.985,2,1100
196540694,-1.341,2.378,0.183,-0.080,-0.019,1.029,2,1100
196541209,-0.976,1.402,0.305,-0.146,0.011,1.040,2,1100
196542694,-0.854,0.244,1.098,0.011,0.107,1.104,2,1100
196543210,-0.854,0.244,1.098,0.011,0.107,1.104,2,1100
196544694,-1.037,0.854,0.610,0.099,0.022,1.043,2,1100
196545210,-1.341,1.829,0.244,0.093,0.017,1.045,2,1100
196546694,-1.341,2.500,0.061,0.036,0.021,1.020,2,1100
196547214,-1.341,2.805,0.061,-0.046,-0.001,0.996,2,1100
196548694,-0.854,1.585,0.122,-0.105,-0.029,1.030,2,1100
196549214,-0.854,1.585,0.122,-0.156,0.022,1.030,2,1100
196550694,-0.976,0.244,0.915,0.063,0.090,1.080,2,1100
196551210,-0.976,0.244,0.915,0.063,0.090,1.080,2,1100
196552694,-1.037,0.793,0.427,0.094,0.013,1.053,2,1100
196553214,-1.098,1.890,0.366,0.099,0.039,1.068,2,1100
196554694,-0.915,2.561,0.183,0.030,0.022,0.989,2,1100
196555214,-1.159,2.866,0.000,-0.076,-0.000,1.018,2,1100
196556694,-1.037,1.524,0.366,-0.128,0.030,1.038,2,1100
196557209,-1.037,1.524,0.366,-0.128,0.030,1.038,2,1100
196558695,-0.854,0.305,1.159,0.057,0.051,1.052,2,1100
196559210,-0.854,0.366,0.854,0.078,0.039,1.059,2,1100
196560694,-0.976,1.037,0.732,0.104,0.004,1.045,2,1100
196561209,-0.915,2.256,0.549,0.093,0.060,1.022,2,1100
196562694,-1.159,2.622,0.061,-0.082,-0.031,1.025,2,1100
196563214,-1.159,2.622,0.061,-0.082,-0.031,1.025,2,1100
196564694,-0.732,1.098,0.427,-0.089,0.054,1.044,2,1100
196565205,-0.732,0.549,1.159,-0.089,0.054,1.044,2,1100
196566694,-0.610,0.061,1.341,0.047,0.048,1.039,2,1100
196567209,-0.671,0.732,1.098,0.073,0.039,1.066,2,1100
196568694,-0.793,2.317,0.610,0.110,0.057,1.057,2,1100
196569218,-0.793,2.317,0.610,0.099,0.031,1.018,2,1100
196570694,-1.220,2.683,-0.427,-0.100,-0.027,1.002,2,1100
196571214,-1.220,2.683,-0.427,-0.100,-0.027,1.002,2,1100
196572694,-0.915,0.915,0.549,-0.069,0.054,1.061,2,1100
196573209,-0.732,0.366,1.280,-0.045,0.071,1.049,2,1100
196574694,-0.793,0.366,1.159,0.042,0.038,1.076,2,1100
196575214,-0.793,0.854,0.793,0.106,0.062,1.053,2,1100
196576694,-0.976,2.134,0.488,0.076,-0.006,1.038,2,1100
196577210,-0.976,2.134,0.488,0.076,-0.006,1.038,2,1100
196578694,-1.463,2.622,-0.061,-0.101,-0.014,1.008,2,1100
196579210,-1.220,1.890,0.244,-0.104,0.028,1.025,2,1100
196580694,-1.098,0.671,0.549,-0.087,0.048,1.062,2,1100
196581217,-1.037,0.244,0.793,-0.047,0.047,1.047,2,1100
196582694,-1.159,0.915,0.854,0.051,0.063,1.079,2,1100
196583209,-1.159,0.915,0.854,0.126,0.064,1.044,2,1100
196584694,-1.890,2.256,0.000,0.033,-0.016,1.050,2,1100
196585209,-1.890,2.256,0.000,0.033,-0.016,1.050,2,1100
196586694,-1.220,2.622,-0.183,-0.079,0.015,1.009,2,1100
196587217,-1.098,1.524,0.610,-0.100,0.013,1.052,2,1100
196588694,-0.976,0.427,0.915,-0.111,0.032,1.031,2,1100
196589218,-0.976,0.488,1.098,-0.012,0.038,1.077,2,1100
196590694,-0.915,0.732,0.793,0.113,0.057,1.026,2,1100
196591205,-0.915,0.732,0.793,0.113,0.057,1.026,2,1100
196592694,-1.159,2.500,-0.244,0.019,-0.010,1.059,2,1100
196593210,-1.402,2.927,-0.305,-0.055,0.024,0.981,2,1100
196594694,-1.159,2.378,-0.244,-0.066,-0.006,1.018,2,1100
196595214,-0.976,1.707,0.305,-0.133,0.019,1.021,2,1100
196596694,-0.915,0.549,0.732,0.001,0.125,1.107,2,1100
196597209,-0.915,0.549,0.732,0.001,0.125,1.107,2,1100
196598694,-1.098,0.976,0.488,0.107,0.036,1.040,2,1100
196599209,-1.524,1.890,0.122,0.107,0.036,1.040,2,1100
196600694,-0.976,2.866,0.061,0.014,0.024,1.019,2,1100
196601214,-1.098,2.866,0.061,-0.040,0.019,0.995,2,1100
196602694,-1.159,1.341,0.427,-0.083,-0.016,1.029,2,1100
196603214,-1.159,1.341,0.427,-0.156,-0.001,1.030,2,1100
196604694,-1.220,0.244,1.159,0.054,0.101,1.078,2,1100
196605205,-1.220,0.244,1.159,0.054,0.101,1.078,2,1100
196606694,-0.732,0.854,0.244,0.082,-0.003,1.048,2,1100
196607217,-0.854,1.890,0.000,0.080,0.020,1.068,2,1100
196608694,-1.098,2.744,-0.061,0.028,0.035,0.998,2,1100
196609203,-1.037,2.622,0.061,-0.053,0.005,1.016,2,1100
196610694,-0.854,1.402,0.061,-0.133,0.017,1.045,2,1100
196611216,-0.854,1.402,0.061,-0.133,0.017,1.045,2,1100
196612694,-0.610,0.122,1.220,0.085,0.079,1.042,2,1100
196613207,-0.976,0.549,0.732,0.078,0.052,1.055,2,1100
196614694,-0.976,1.220,0.122,0.097,-0.025,1.070,2,1100
196615216,-0.915,2.378,0.183,0.068,0.077,1.003,2,1100
196616694,-0.976,2.622,-0.183,0.035,0.002,1.022,2,1100
196617207,-0.976,2.622,-0.183,-0.093,0.002,1.009,2,1100
196618694,-1.402,1.037,0.183,-0.118,0.061,1.054,2,1100
196619207,-1.402,1.037,0.183,-0.118,0.061,1.054,2,1100
196620694,-1.341,0.000,1.220,0.063,0.070,1.046,2,1100
196621215,-1.220,0.305,0.671,0.072,0.012,1.079,2,1100
196622694,-1.402,1.341,0.366,0.104,0.043,1.056,2,1100
196623213,-1.220,2.256,0.244,0.097,0.033,0.999,2,1100
196624694,-1.037,2.561,-0.549,-0.115,-0.044,1.009,2,1100
196625204,-1.037,2.561,-0.549,-0.115,-0.044,1.009,2,1100
196626694,-0.915,0.976,0.427,-0.066,0.062,1.055,2,1100
196627213,-1.098,0.305,1.159,-0.021,0.092,1.037,2,1100
196628694,-1.098,0.183,0.915,0.044,0.018,1.092,2,1100
196629207,-1.037,0.610,0.427,0.097,0.041,1.061,2,1100
196630694,-1.098,2.500,0.122,0.088,0.010,1.038,2,1100
196631213,-1.098,2.500,0.122,0.088,0.010,1.038,2,1100
196632693,-1.098,2.683,-0.915,-0.128,-0.024,1.003,2,1100
196633215,-1.098,1.829,-0.244,-0.128,-0.024,1.003,2,1100
196634694,-0.854,0.793,0.610,-0.077,0.050,1.045,2,1100
196635207,-0.854,0.122,0.671,-0.027,0.042,1.056,2,1100
196636694,-0.549,0.732,0.305,0.037,0.040,1.071,2,1100
196637207,-0.549,0.732,0.305,0.109,0.068,1.025,2,1100
196638694,-0.549,2.378,0.122,0.036,-0.006,1.036,2,1100
196639213,-0.549,2.378,0.122,0.036,-0.006,1.036,2,1100
196640694,-0.793,2.866,-0.732,-0.105,0.006,1.020,2,1100
196641207,-0.793,1.646,-0.061,-0.084,0.021,1.026,2,1100
196642694,-0.610,0.671,0.610,-0.070,0.048,1.032,2,1100
196643204,-1.159,0.183,0.854,-0.023,0.026,1.099,2,1100
196644694,-1.159,1.098,0.793,0.138,0.075,1.018,2,1100
196645208,-1.159,1.098,0.793,0.138,0.075,1.018,2,1100
196646694,-1.037,2.500,-0.061,0.016,-0.010,1.050,2,1100
196647215,-1.220,2.988,-0.488,-0.075,-0.007,0.995,2,1100
196648694,-1.280,2.378,-0.183,-0.076,0.012,1.015,2,1100
196649207,-0.976,1.463,0.671,-0.133,0.036,1.023,2,1100
196650694,-0.915,0.488,0.732,-0.072,0.008,1.061,2,1100
196651213,-0.915,0.488,0.732,0.005,0.097,1.078,2,1100
196652694,-0.671,1.280,0.610,0.113,0.057,1.050,2,1100
196653207,-0.671,1.280,0.610,0.113,0.057,1.050,2,1100
196654694,-1.037,2.744,-0.122,-0.006,0.011,1.013,2,1100
196655207,-0.854,2.683,-0.366,-0.066,0.021,1.001,2,1100
196656694,-1.037,2.134,-0.061,-0.076,-0.017,1.018,2,1100
196657213,-1.037,0.915,0.061,-0.150,0.038,1.010,2,1100
196658694,-0.549,0.427,0.915,0.052,0.098,1.064,2,1100
196659213,-0.549,0.427,0.915,0.052,0.098,1.064,2,1100
196660694,-1.098,1.037,0.366,0.105,0.020,1.045,2,1100
196661207,-1.098,2.256,-0.061,0.054,-0.007,1.036,2,1100
196662694,-1.037,2.927,-0.122,0.014,0.015,1.019,2,1100
196663207,-1.037,2.561,0.305,-0.074,0.023,1.000,2,1100
196664694,-0.976,1.159,-0.061,-0.128,0.009,1.065,2,1100
196665213,-0.976,1.159,-0.061,-0.128,0.009,1.065,2,1100
196666694,-0.427,0.610,0.915,0.095,0.066,1.035,2,1100
196667207,-0.671,0.488,0.488,0.095,0.066,1.035,2,1100
196668694,-0.732,1.159,0.183,0.090,-0.012,1.067,2,1100
196669204,-0.915,2.500,0.366,0.055,0.073,1.024,2,1100
196670694,-1.159,2.805,0.000,0.021,0.000,1.015,2,1100
196671215,-1.159,2.805,0.000,-0.090,0.009,0.993,2,1100
196672694,-0.915,0.915,0.305,-0.107,0.047,1.062,2,1100
196673215,-0.915,0.915,0.305,-0.107,0.047,1.062,2,1100
196674694,-0.610,0.244,1.463,0.068,0.065,1.072,2,1100
196675213,-0.732,0.610,0.549,0.096,0.027,1.068,2,1100
196676694,-0.915,1.585,0.122,0.083,0.036,1.029,2,1100
196677215,-1.220,2.317,0.122,0.097,0.003,1.036,2,1100
196678694,-1.341,2.561,-0.366,-0.085,-0.069,1.005,2,1100
196679207,-1.341,2.561,-0.366,-0.085,-0.069,1.005,2,1100
196680694,-0.793,0.915,0.366,-0.090,0.044,1.048,2,1100
196681213,-0.732,0.366,1.037,-0.001,0.114,1.040,2,1100
196682693,-0.488,0.427,0.915,0.065,0.038,1.062,2,1100
196683215,-0.732,1.098,0.488,0.098,0.018,1.066,2,1100
196684694,-1.159,2.683,0.366,0.109,0.065,1.034,2,1100
196685207,-1.159,2.683,0.366,0.062,0.010,1.033,2,1100
196686701,-1.402,2.561,-0.244,-0.108,-0.042,1.024,2,1100
196687226,-1.402,2.561,-0.244,-0.108,-0.042,1.024,2,1100
196688697,-0.671,0.671,0.915,-0.078,0.052,1.033,2,1100
196689207,-0.732,0.122,1.220,0.003,0.070,1.071,2,1100
196690694,-0.549,0.244,1.098,0.072,0.042,1.081,2,1100
196691217,-1.159,1.037,0.732,0.101,0.050,1.010,2,1100
196692694,-1.402,2.561,0.305,0.016,0.041,1.024,2,1100
196693207,-1.402,2.561,0.305,0.016,0.041,1.024,2,1100
196694694,-1.402,2.439,-0.061,-0.121,0.024,1.029,2,1100
196695204,-1.159,1.402,0.427,-0.093,0.005,1.032,2,1100
196696693,-0.915,0.488,1.159,-0.084,0.089,1.042,2,1100
196697215,-0.732,0.122,1.280,0.025,0.023,1.087,2,1100
196698694,-0.854,1.098,1.037,0.125,0.047,1.035,2,1100
196699204,-0.854,1.098,1.037,0.125,0.047,1.035,2,1100
196700694,-0.976,2.744,0.244,0.013,0.003,1.002,2,1100
196701215,-1.098,3.110,-0.305,0.013,0.003,1.002,2,1100
196702694,-0.976,2.561,-0.122,-0.096,0.011,1.047,2,1100
196703204,-0.854,1.585,0.427,-0.132,0.032,1.000,2,1100
196704694,-0.915,0.610,0.610,-0.044,0.024,1.069,2,1100
196705213,-1.098,0.427,1.037,0.012,0.087,1.085,2,1100
196706693,-0.854,1.159,0.915,0.113,0.042,1.057,2,1100
196707215,-0.854,1.159,0.915,0.113,0.042,1.057,2,1100
196708694,-0.854,2.927,0.000,-0.016,-0.017,1.028,2,1100
196709204,-0.854,2.744,-0.671,-0.081,0.029,1.010,2,1100
196710695,-0.915,1.951,-0.122,-0.058,-0.035,1.028,2,1100
196711211,-0.915,0.976,0.305,-0.150,0.067,1.019,2,1100
196712693,-0.793,0.366,1.037,0.049,0.106,1.043,2,1100
196713215,-0.793,0.366,1.037,0.049,0.106,1.043,2,1100
196714694,-0.976,1.159,0.366,0.084,0.037,1.048,2,1100
196715207,-1.220,2.134,0.122,0.084,0.037,1.048,2,1100
196716694,-1.280,2.622,0.000,-0.010,0.008,1.012,2,1100
196717215,-1.646,2.500,0.061,-0.076,0.039,1.009,2,1100
196718693,-1.463,0.915,0.427,-0.106,-0.035,1.011,2,1100
196719215,-1.463,0.915,0.427,-0.124,0.010,1.070,2,1100
196720694,-0.732,0.305,1.159,0.071,0.081,1.060,2,1100
196721204,-0.732,0.305,1.159,0.071,0.081,1.060,2,1100
196722694,-1.159,1.037,0.061,0.108,0.005,1.061,2,1100
196723213,-1.098,2.012,0.244,0.054,0.041,1.026,2,1100
196724693,-1.098,2.561,0.122,0.003,0.007,1.017,2,1100
196725215,-1.037,2.378,0.366,-0.092,0.000,1.001,2,1100
196726694,-1.159,0.854,0.610,-0.114,0.049,1.070,2,1100
196727207,-1.159,0.854,0.610,-0.114,0.049,1.070,2,1100
196728694,-0.793,0.610,0.854,0.079,0.034,1.091,2,1100
196729213,-0.671,0.915,0.610,0.083,0.061,1.047,2,1100
196730694,-0.854,1.585,0.305,0.110,0.004,1.030,2,1100
196731207,-0.854,2.256,0.122,0.066,0.036,1.032,2,1100
196732694,-0.549,2.683,-0.488,-0.105,-0.015,0.993,2,1100
196733213,-0.549,2.683,-0.488,-0.105,-0.015,0.993,2,1100
196734694,-1.220,1.037,0.671,-0.076,0.078,1.042,2,1100
196735207,-1.037,0.549,1.159,-0.076,0.078,1.042,2,1100
196736694,-0.793,0.427,0.976,0.055,0.041,1.052,2,1100
196737204,-0.854,1.037,0.488,0.106,0.041,1.048,2,1100
196738694,-0.976,1.890,0.122,0.110,0.053,1.042,2,1100
196739215,-0.915,2.439,0.061,0.062,0.013,1.031,2,1100
196740701,-0.793,2.561,-0.427,-0.107,-0.030,1.020,2,1100
196741234,-0.793,2.561,-0.427,-0.107,-0.030,1.020,2,1100
196742697,-0.976,0.976,0.671,-0.077,0.059,1.012,2,1100
196743213,-0.854,0.305,0.976,0.003,0.062,1.088,2,1100
196744695,-0.732,0.427,0.732,0.068,0.054,1.064,2,1100
196745211,-0.793,1.159,0.549,0.108,0.056,1.011,2,1100
196746694,-1.037,2.561,0.427,0.025,0.013,1.021,2,1100
196747215,-1.037,2.561,0.427,0.025,0.013,1.021,2,1100
196748694,-1.463,2.561,-0.488,-0.123,0.013,1.024,2,1100
196749213,-1.098,1.280,0.122,-0.123,0.013,1.024,2,1100
196750694,-0.732,0.427,0.671,-0.092,0.059,1.058,2,1100
196751207,-0.793,0.000,0.793,0.011,0.046,1.074,2,1100
196752694,-0.549,1.098,0.793,0.095,0.072,1.055,2,1100
196753207,-0.549,1.098,0.793,0.118,0.046,1.026,2,1100
196754695,-1.098,2.805,-0.366,-0.009,0.003,0.989,2,1100
196755215,-1.098,2.805,-0.366,-0.009,0.003,0.989,2,1100
196756694,-1.220,2.378,-0.244,-0.099,0.025,1.033,2,1100
196757207,-1.159,1.037,0.549,-0.107,0.021,1.003,2,1100
196758694,-0.976,0.488,0.854,-0.075,0.040,1.104,2,1100
196759207,-0.854,0.427,0.915,0.021,0.082,1.056,2,1100
196760694,-0.854,0.976,0.427,0.104,0.053,1.049,2,1100
196761213,-0.854,0.976,0.427,0.104,0.053,1.049,2,1100
196762694,-1.159,2.744,-0.488,-0.017,0.011,1.017,2,1100
196763213,-1.159,2.927,-0.305,-0.073,0.029,1.007,2,1100
196764694,-1.098,2.012,-0.244,-0.072,-0.015,1.018,2,1100
196765204,-1.098,1.159,0.305,-0.146,0.036,1.037,2,1100
196766694,-0.915,0.427,0.854,0.054,0.118,1.054,2,1100
196767213,-0.915,0.427,0.854,0.054,0.118,1.054,2,1100
196768694,-0.793,1.402,0.610,0.105,0.028,1.055,2,1100
196769204,-1.098,2.378,0.183,0.105,0.028,1.055,2,1100
196770694,-1.220,3.110,-0.244,-0.015,0.001,1.025,2,1100
196771207,-1.098,2.683,-0.488,-0.069,0.024,1.001,2,1100
196772699,-1.037,1.951,0.061,-0.117,-0.025,1.018,2,1100
196773222,-0.854,1.037,0.305,-0.134,0.026,1.064,2,1100
196774696,-1.037,0.305,1.341,0.087,0.090,1.069,2,1100
196775219,-1.037,0.305,1.341,0.087,0.090,1.069,2,1100
196776694,-0.854,1.402,0.244,0.088,0.000,1.039,2,1100
196777207,-1.341,2.378,0.061,0.066,0.032,1.035,2,1100
196778695,-1.220,2.744,-0.244,0.003,0.014,1.013,2,1100
196779215,-1.220,2.561,-0.427,-0.082,-0.010,1.002,2,1100
196780694,-1.037,1.159,0.122,-0.122,0.051,1.065,2,1100
196781213,-1.037,1.159,0.122,-0.122,0.051,1.065,2,1100
196782694,-0.793,0.610,1.037,0.086,0.056,1.076,2,1100
196783207,-0.854,0.610,0.488,0.086,0.056,1.076,2,1100
196784694,-0.976,1.463,0.061,0.094,0.012,1.020,2,1100
196785215,-1.037,2.683,0.183,0.071,0.048,1.031,2,1100
196786694,-1.220,2.317,-0.122,-0.020,0.006,0.995,2,1100
196787207,-1.220,2.317,-0.122,-0.115,-0.018,1.001,2,1100
196788694,-1.159,0.854,0.549,-0.092,0.087,1.027,2,1100
196789207,-1.159,0.854,0.549,-0.092,0.087,1.027,2,1100
196790694,-1.098,0.305,1.098,0.067,0.057,1.051,2,1100
196791215,-0.915,0.976,0.488,0.088,0.004,1.048,2,1100
196792694,-1.098,2.012,0.122,0.109,0.052,1.034,2,1100
196793213,-0.915,2.622,0.183,0.075,0.028,1.036,2,1100
196794694,-1.098,2.744,-0.305,-0.114,-0.041,1.027,2,1100
196795213,-1.098,2.744,-0.305,-0.114,-0.041,1.027,2,1100
196796694,-1.159,0.671,0.427,-0.059,0.085,1.026,2,1100
196797207,-1.037,0.244,0.671,0.021,0.063,1.091,2,1100
196798694,-0.915,0.305,0.305,0.058,0.033,1.056,2,1100
196799204,-0.915,1.341,0.122,0.106,0.047,1.033,2,1100
196800694,-0.915,2.622,0.183,0.033,0.025,0.998,2,1100
196801204,-0.915,2.622,0.183,0.033,0.025,0.998,2,1100
196802694,-1.341,2.622,-0.305,-0.125,0.001,1.028,2,1100
196803213,-0.976,1.463,0.305,-0.125,0.001,1.028,2,1100
196804693,-0.793,0.549,0.915,-0.063,0.081,1.063,2,1100
196805215,-0.549,0.183,0.976,0.009,0.042,1.065,2,1100
196806694,-0.732,0.854,0.549,0.083,0.041,1.048,2,1100
196807213,-1.159,1.220,0.427,0.114,0.067,1.038,2,1100
196808694,-1.280,2.622,0.000,-0.011,-0.009,1.004,2,1100
196809213,-1.280,2.622,0.000,-0.011,-0.009,1.004,2,1100
196810694,-1.037,2.134,-0.122,-0.111,0.030,1.024,2,1100
196811213,-0.793,1.341,0.366,-0.084,0.034,1.004,2,1100
196812694,-0.854,0.244,0.610,-0.065,0.045,1.088,2,1100
196813208,-0.793,0.122,0.671,0.009,0.057,1.059,2,1100
196814694,-1.220,1.220,0.488,0.131,0.056,1.051,2,1100
196815204,-1.220,1.220,0.488,0.131,0.056,1.051,2,1100
196816694,-0.976,3.171,-0.244,-0.039,-0.008,1.034,2,1100
196817204,-1.037,3.049,-0.427,-0.039,-0.008,1.034,2,1100
196818693,-1.037,2.256,0.305,-0.074,0.002,1.023,2,1100
196819215,-0.793,1.159,0.732,-0.126,0.053,1.055,2,1100
196820694,-0.793,0.366,0.793,-0.055,0.021,1.070,2,1100
196821215,-0.793,0.366,0.793,0.046,0.101,1.044,2,1100
196822694,-0.915,1.037,0.549,0.099,0.047,1.055,2,1100
196823213,-0.915,1.037,0.549,0.099,0.047,1.055,2,1100
196824693,-1.402,3.049,0.000,-0.021,-0.002,1.030,2,1100
196825215,-1.402,2.744,-0.061,-0.078,0.039,0.993,2,1100
196826694,-1.280,2.073,0.366,-0.094,-0.014,1.013,2,1100
196827215,-1.159,1.037,0.549,-0.126,0.031,1.067,2,1100
196828694,-0.793,0.732,0.854,0.094,0.098,1.069,2,1100
196829207,-0.793,0.732,0.854,0.094,0.098,1.069,2,1100
196830694,-1.037,1.098,0.366,0.110,-0.003,1.023,2,1100
196831207,-1.159,2.012,0.061,0.038,0.006,1.055,2,1100
196832693,-1.098,2.866,0.000,-0.013,0.014,1.001,2,1100
196833215,-0.976,2.744,0.183,-0.066,0.001,1.012,2,1100
196834698,-0.793,0.610,0.305,-0.111,0.017,1.060,2,1100
196835226,-0.793,0.610,0.305,-0.111,0.017,1.060,2,1100
196836696,-0.793,0.427,1.098,0.106,0.074,1.056,2,1100
196837216,-0.610,0.610,0.793,0.106,0.074,1.056,2,1100
196838694,-0.976,1.585,0.305,0.080,-0.021,1.046,2,1100
196839210,-0.976,2.683,0.061,0.049,0.040,1.038,2,1100
196840694,-1.098,2.988,0.122,-0.003,0.012,0.976,2,1100
196841207,-1.159,2.805,0.122,-0.105,-0.022,1.019,2,1100
196842694,-1.037,0.732,0.488,-0.089,0.062,1.023,2,1100
196843208,-1.037,0.732,0.488,-0.089,0.062,1.023,2,1100
196844702,-1.037,0.122,1.220,0.078,0.066,1.039,2,1100
196845232,-0.854,0.793,0.488,0.109,-0.009,1.040,2,1100
196846697,-1.159,1.951,0.488,0.080,0.057,1.062,2,1100
196847214,-0.976,2.683,0.427,0.069,0.010,1.003,2,1100
196848694,-1.037,2.073,-0.183,-0.123,-0.058,1.030,2,1100
196849207,-1.037,2.073,-0.183,-0.123,-0.058,1.030,2,1100
196850694,-0.976,0.854,0.976,-0.054,0.059,1.048,2,1100
196851213,-0.915,0.427,1.402,-0.054,0.059,1.048,2,1100
196852693,-0.976,0.427,0.793,0.057,0.044,1.038,2,1100
196853213,-0.854,1.280,0.427,0.094,0.021,1.054,2,1100
196854694,-0.976,2.622,0.305,0.134,0.038,1.060,2,1100
196855213,-0.976,2.622,0.305,0.015,0.041,0.983,2,1100
196856694,-0.976,2.561,0.000,-0.130,-0.009,1.038,2,1100
196857213,-0.976,2.561,0.000,-0.130,-0.009,1.038,2,1100
196858695,-0.671,0.549,0.976,-0.053,0.090,1.076,2,1100
196859215,-0.732,0.549,1.159,0.038,0.049,1.060,2,1100
196860694,-0.915,0.671,0.793,0.067,0.031,1.069,2,1100
196861215,-1.037,1.280,0.488,0.103,0.066,1.023,2,1100
196862694,-1.159,2.866,0.122,-0.015,0.012,1.014,2,1100
196863215,-1.159,2.866,0.122,-0.015,0.012,1.014,2,1100
196864694,-0.976,2.317,0.183,-0.142,0.036,1.010,2,1100
196865208,-1.037,1.159,0.793,-0.074,0.021,1.035,2,1100
196866694,-1.098,0.366,1.098,-0.051,0.068,1.071,2,1100
196867208,-1.098,0.244,0.915,0.022,0.052,1.036,2,1100
196868694,-0.976,1.280,0.793,0.131,0.048,1.052,2,1100
196869204,-0.976,1.280,0.793,0.131,0.048,1.052,2,1100
196870694,-1.098,2.805,0.061,-0.030,-0.019,1.023,2,1100
196871205,-1.159,3.049,-0.305,-0.030,-0.019,1.023,2,1100
196872694,-0.976,2.195,-0.122,-0.095,0.000,1.022,2,1100
196873206,-1.098,0.976,0.610,-0.116,0.066,1.051,2,1100
196874694,-0.915,0.427,0.793,-0.024,0.031,1.053,2,1100
196875210,-1.098,0.488,0.732,0.030,0.074,1.062,2,1100
196876694,-0.976,1.463,0.549,0.113,0.058,1.046,2,1100
196877205,-0.976,1.463,0.549,0.113,0.058,1.046,2,1100
196878694,-1.280,2.866,-0.122,-0.042,-0.013,1.030,2,1100
196879204,-1.220,2.744,-0.427,-0.076,0.039,1.008,2,1100
196880694,-1.159,1.707,0.244,-0.093,-0.021,1.022,2,1100
196881211,-0.915,0.915,0.488,-0.113,0.059,1.048,2,1100
196882694,-0.671,0.427,0.854,0.080,0.092,1.088,2,1100
196883205,-0.671,0.427,0.854,0.080,0.092,1.088,2,1100
196884694,-1.098,1.585,0.488,0.106,0.024,1.012,2,1100
196885209,-1.341,2.500,-0.061,0.106,0.024,1.012,2,1100
196886694,-1.159,2.927,-0.244,-0.048,0.006,0.990,2,1100
196887214,-0.915,2.683,-0.183,-0.064,-0.007,1.016,2,1100
196888694,-0.732,0.488,0.183,-0.148,0.017,1.028,2,1100
196889209,-0.732,0.488,0.183,-0.105,0.034,1.043,2,1100
196890694,-0.671,0.122,0.793,0.104,0.058,1.047,2,1100
196891214,-0.671,0.122,0.793,0.104,0.058,1.047,2,1100
196892694,-1.159,1.707,0.366,0.099,-0.013,1.042,2,1100
196893214,-1.463,2.439,0.122,0.046,0.020,1.059,2,1100
196894694,-1.280,2.622,-0.183,-0.056,0.000,0.987,2,1100
196895209,-1.220,2.317,0.000,-0.094,-0.013,1.005,2,1100
196896694,-1.037,1.037,0.549,-0.102,0.056,1.033,2,1100
196897214,-1.037,1.037,0.549,-0.102,0.056,1.033,2,1100
196898694,-1.098,0.549,0.976,0.075,0.069,1.038,2,1100
196899214,-0.976,0.915,0.610,0.107,0.005,1.050,2,1100
196900694,-1.402,1.829,0.488,0.083,0.031,1.053,2,1100
196901217,-1.463,2.439,-0.061,0.047,0.032,0.999,2,1100
196902694,-1.341,2.317,-0.305,-0.093,-0.049,1.022,2,1100
196903218,-1.341,2.317,-0.305,-0.093,-0.049,1.022,2,1100
196904694,-0.976,0.732,0.549,-0.052,0.075,1.047,2,1100
196905214,-0.854,0.427,1.037,-0.052,0.075,1.047,2,1100
196906694,-0.488,0.671,0.793,0.065,0.066,1.025,2,1100
196907210,-0.854,1.463,0.366,0.111,0.011,1.062,2,1100
196908694,-0.793,2.439,0.183,0.090,0.049,1.038,2,1100
196909214,-0.976,2.805,0.061,0.036,-0.007,1.005,2,1100
196910694,-1.402,2.134,-0.427,-0.123,-0.038,1.020,2,1100
196911214,-1.402,2.134,-0.427,-0.123,-0.038,1.020,2,1100
196912694,-0.915,0.366,0.549,-0.049,0.079,1.086,2,1100
196913214,-0.915,0.122,0.732,0.024,0.072,1.017,2,1100
196914694,-1.159,0.183,0.427,0.098,0.021,1.086,2,1100
196915205,-1.159,1.098,0.244,0.109,0.062,1.055,2,1100
196916694,-1.220,2.866,0.061,-0.021,0.029,1.005,2,1100
196917210,-1.220,2.866,0.061,-0.021,0.029,1.005,2,1100
196918694,-0.854,1.951,-0.061,-0.135,0.038,1.018,2,1100
196919217,-1.037,0.915,0.427,-0.135,0.038,1.018,2,1100
196920694,-1.159,0.610,0.854,-0.053,0.090,1.059,2,1100
196921214,-0.976,0.427,0.854,0.038,0.034,1.038,2,1100
196922694,-0.793,1.585,0.183,0.104,0.053,1.068,2,1100
196923214,-0.793,1.585,0.183,0.115,0.055,1.040,2,1100
196924694,-0.915,3.049,-0.488,-0.049,0.004,1.028,2,1100
196925205,-0.915,3.049,-0.488,-0.049,0.004,1.028,2,1100
196926694,-1.037,1.951,-0.244,-0.104,0.020,1.016,2,1100
196927217,-0.976,0.915,0.488,-0.097,0.047,1.083,2,1100
196928694,-0.854,0.244,0.610,-0.046,0.067,1.020,2,1100
196929214,-0.793,0.305,0.854,0.065,0.058,1.075,2,1100
196930694,-0.915,1.463,0.305,0.119,0.032,1.031,2,1100
196931218,-0.915,1.463,0.305,0.119,0.032,1.031,2,1100
196932694,-1.220,2.988,-0.427,-0.039,-0.018,1.017,2,1100
196933210,-1.341,2.622,-0.183,-0.095,0.030,1.005,2,1100
196934694,-1.341,1.646,0.122,-0.105,-0.016,1.035,2,1100
196935210,-1.280,0.854,0.610,-0.118,0.057,1.040,2,1100
196936694,-0.854,0.549,0.793,0.082,0.111,1.079,2,1100
196937209,-0.854,0.549,0.793,0.082,0.111,1.079,2,1100
196938694,-1.098,1.768,0.366,0.104,0.018,1.027,2,1100
196939214,-1.159,2.622,0.061,0.104,0.018,1.027,2,1100
196940694,-1.159,2.927,-0.122,-0.054,0.018,0.984,2,1100
196941209,-0.793,2.317,-0.061,-0.061,-0.011,1.024,2,1100
196942694,-0.793,1.341,0.305,-0.135,0.000,1.032,2,1100
196943217,-0.549,0.671,0.671,-0.087,0.021,1.022,2,1100
196944694,-0.732,0.671,1.098,0.099,0.063,1.034,2,1100
196945209,-0.732,0.671,1.098,0.099,0.063,1.034,2,1100
196946694,-0.976,1.829,0.122,0.092,0.009,1.043,2,1100
196947209,-0.915,2.683,0.000,0.041,0.013,1.034,2,1100
196948694,-1.220,3.049,0.000,-0.053,0.016,0.993,2,1100
196949210,-1.159,2.439,-0.122,-0.094,-0.024,1.031,2,1100
196950694,-1.098,0.732,0.183,-0.080,0.056,1.044,2,1100
196951205,-1.098,0.732,0.183,-0.080,0.056,1.044,2,1100
196952694,-1.341,0.244,0.915,0.063,0.059,1.025,2,1100
196953211,-1.524,0.732,0.549,0.063,0.059,1.025,2,1100
196954694,-1.341,1.890,0.305,0.086,0.014,1.070,2,1100
196955214,-1.098,2.500,0.000,0.046,0.040,0.993,2,1100
196956694,-1.159,2.317,-0.549,-0.062,-0.014,1.002,2,1100
196957218,-1.159,2.317,-0.549,-0.116,-0.031,1.035,2,1100
196958694,-0.732,0.549,0.671,-0.055,0.084,1.059,2,1100
196959214,-0.732,0.549,0.671,-0.055,0.084,1.059,2,1100
196960694,-0.854,0.793,0.854,0.066,0.042,1.043,2,1100
196961214,-0.915,1.341,0.427,0.111,-0.002,1.051,2,1100
196962694,-1.341,2.317,0.427,0.087,0.061,1.029,2,1100
196963214,-1.220,2.744,0.305,0.032,-0.009,1.000,2,1100
196964694,-1.159,2.256,-0.122,-0.133,-0.036,1.024,2,1100
196965214,-1.159,2.256,-0.122,-0.133,-0.036,1.024,2,1100
196966694,-0.610,0.427,1.037,-0.019,0.081,1.057,2,1100
196967209,-0.793,0.183,1.098,0.040,0.054,1.032,2,1100
196968694,-0.732,0.610,0.488,0.065,0.021,1.081,2,1100
196969218,-0.732,1.402,0.305,0.111,0.049,1.055,2,1100
196970694,-1.341,2.439,0.305,-0.015,0.005,1.019,2,1100
196971218,-1.341,2.439,0.305,-0.015,0.005,1.019,2,1100
196972694,-1.280,2.134,0.122,-0.136,0.020,1.021,2,1100
196973214,-1.098,1.098,0.915,-0.136,0.020,1.021,2,1100
196974694,-1.159,0.488,1.159,-0.034,0.074,1.053,2,1100
196975205,-0.671,0.610,0.915,0.041,0.021,1.064,2,1100
196976694,-1.159,0.976,0.549,0.087,0.060,1.055,2,1100
196977209,-0.854,1.524,0.488,0.131,0.062,1.039,2,1100
196978701,-0.915,2.622,-0.305,-0.043,-0.017,1.019,2,1100
196979231,-0.915,2.622,-0.305,-0.043,-0.017,1.019,2,1100
196980697,-1.098,1.829,0.244,-0.106,0.039,1.033,2,1100
196981219,-1.037,0.976,0.793,-0.075,0.057,1.052,2,1100
196982694,-0.976,0.305,0.915,-0.040,0.060,1.043,2,1100
196983210,-0.732,0.244,0.976,0.048,0.042,1.087,2,1100
196984694,-1.159,1.524,0.488,0.138,0.053,1.018,2,1100
196985209,-1.159,1.524,0.488,0.138,0.053,1.018,2,1100
196986694,-1.159,2.866,-0.366,-0.060,-0.030,1.026,2,1100
196987210,-1.280,2.866,-0.061,-0.060,-0.030,1.026,2,1100
196988694,-1.159,1.768,0.549,-0.087,0.016,1.019,2,1100
196989211,-0.854,0.915,0.854,-0.102,0.062,1.054,2,1100
196990701,-0.915,0.915,0.793,-0.024,0.031,1.071,2,1100
196991230,-0.915,0.915,0.793,0.074,0.086,1.062,2,1100
196992697,-0.793,1.768,0.488,0.104,0.015,1.029,2,1100
196993219,-0.793,1.768,0.488,0.104,0.015,1.029,2,1100
196994694,-0.976,2.927,-0.183,-0.049,-0.004,0.990,2,1100
196995210,-1.098,2.439,0.061,-0.062,0.017,1.014,2,1100
196996694,-1.280,1.463,0.427,-0.133,0.026,1.032,2,1100
196997205,-1.159,0.732,0.854,-0.094,0.035,1.034,2,1100
196998694,-0.976,0.488,1.280,0.102,0.078,1.041,2,1100
196999214,-0.976,0.488,1.280,0.102,0.078,1.041,2,1100
197000694,-0.915,1.768,0.610,0.085,-0.019,1.038,2,1100
197001209,-1.098,2.744,-0.122,0.023,0.007,1.044,2,1100
197002694,-1.402,3.171,-0.244,-0.048,0.028,0.993,2,1100
197003217,-1.159,2.378,0.122,-0.067,-0.021,1.019,2,1100
197004694,-1.159,0.793,0.549,-0.082,0.023,1.062,2,1100
197005209,-1.159,0.793,0.549,-0.082,0.023,1.062,2,1100
197006694,-0.793,0.305,1.341,0.116,0.065,1.015,2,1100
197007214,-0.793,0.305,1.341,0.116,0.065,1.015,2,1100
197008694,-1.098,1.829,0.122,0.069,-0.011,1.077,2,1100
197009210,-1.280,2.805,0.061,0.026,0.039,0.984,2,1100
197010694,-1.341,2.805,-0.244,-0.037,0.000,1.004,2,1100
197011214,-1.220,2.317,0.122,-0.122,-0.006,1.019,2,1100
197012694,-0.854,0.610,1.037,-0.063,0.090,1.077,2,1100
197013210,-0.854,0.610,1.037,-0.063,0.090,1.077,2,1100
197014694,-0.854,0.183,1.280,0.083,0.066,1.047,2,1100
197015218,-0.976,0.976,0.488,0.092,-0.017,1.063,2,1100
197016694,-1.220,2.073,0.244,0.068,0.057,1.030,2,1100
197017218,-1.341,2.744,0.244,0.035,0.007,1.002,2,1100
197018694,-1.159,1.951,-0.183,-0.133,-0.053,1.015,2,1100
197019218,-1.159,1.951,-0.183,-0.133,-0.053,1.015,2,1100
197020694,-0.549,0.793,0.854,-0.018,0.107,1.065,2,1100
197021205,-0.793,0.244,1.159,-0.018,0.107,1.065,2,1100
197022694,-0.854,0.244,0.549,0.065,0.028,1.079,2,1100
197023217,-0.915,1.280,0.000,0.097,0.029,1.062,2,1100
197024697,-1.098,2.683,0.122,0.086,0.046,0.999,2,1100
197025219,-1.098,2.683,0.122,0.010,0.010,1.022,2,1100
197026702,-1.098,2.317,-0.244,-0.146,-0.002,1.028,2,1100
197027227,-1.098,2.317,-0.244,-0.146,-0.002,1.028,2,1100
197028694,-0.671,0.244,0.915,0.004,0.089,1.044,2,1100
197029212,-0.549,0.244,0.976,0.052,0.047,1.061,2,1100
197030694,-0.793,0.732,0.549,0.068,0.026,1.057,2,1100
197031214,-1.098,1.402,0.366,0.125,0.070,1.031,2,1100
197032694,-1.402,2.622,-0.061,-0.025,0.002,1.026,2,1100
197033209,-1.402,2.622,-0.061,-0.025,0.002,1.026,2,1100
197034694,-0.854,1.951,-0.305,-0.121,0.030,1.024,2,1100
197035210,-0.915,0.915,0.427,-0.089,0.071,1.065,2,1100
197036694,-0.671,0.122,0.915,-0.021,0.063,1.041,2,1100
197037214,-0.671,0.244,0.549,0.045,0.032,1.082,2,1100
197038694,-0.732,1.646,0.183,0.136,0.056,1.013,2,1100
197039210,-0.732,1.646,0.183,0.136,0.056,1.013,2,1100
197040694,-0.915,2.683,-0.183,-0.066,-0.014,1.021,2,1100
197041214,-0.915,2.683,-0.183,-0.066,-0.014,1.021,2,1100
197042694,-0.854,1.768,-0.061,-0.081,0.029,1.033,2,1100
197043214,-1.159,1.037,0.549,-0.091,0.070,1.038,2,1100
197044694,-1.159,0.427,0.915,-0.018,0.027,1.065,2,1100
197045218,-0.854,0.671,0.671,0.064,0.083,1.075,2,1100
197046694,-1.037,1.646,0.366,0.123,0.044,1.037,2,1100
197047209,-1.037,1.646,0.366,0.123,0.044,1.037,2,1100
197048694,-1.159,2.805,-0.427,-0.086,-0.020,1.000,2,1100
197049209,-1.220,2.378,-0.183,-0.080,0.002,1.021,2,1100
197050694,-1.280,1.524,0.488,-0.116,0.041,1.014,2,1100
197051210,-1.280,0.427,0.488,-0.085,0.028,1.038,2,1100
197052694,-0.549,0.305,0.976,0.106,0.072,1.046,2,1100
197053209,-0.549,0.305,0.976,0.106,0.072,1.046,2,1100
197054694,-0.427,1.951,0.305,0.108,-0.019,1.037,2,1100
197055205,-0.793,2.744,-0.244,0.108,-0.019,1.037,2,1100
197056694,-1.159,3.049,-0.366,-0.074,0.017,0.994,2,1100
197057214,-1.159,2.317,-0.122,-0.068,-0.004,1.031,2,1100
197058694,-0.732,0.488,0.610,-0.149,0.035,1.023,2,1100
197059209,-0.732,0.488,0.610,-0.082,0.011,1.078,2,1100
197060694,-0.671,0.671,0.915,0.116,0.042,1.024,2,1100
197061209,-0.671,0.671,0.915,0.116,0.042,1.024,2,1100
197062694,-0.854,2.073,0.000,0.084,-0.004,1.059,2,1100
197063210,-0.915,2.866,-0.366,0.005,0.026,1.013,2,1100
197064694,-0.732,2.988,-0.549,-0.056,0.007,1.013,2,1100
197065211,-0.488,2.134,-0.183,-0.090,-0.009,1.004,2,1100
197066694,-0.976,0.427,0.488,-0.072,0.071,1.071,2,1100
197067214,-0.976,0.427,0.488,-0.072,0.071,1.071,2,1100
197068694,-1.159,0.427,0.854,0.078,0.090,1.059,2,1100
197069209,-1.280,1.098,0.122,0.111,-0.020,1.049,2,1100
197070694,-1.220,2.439,0.000,0.076,0.034,1.026,2,1100
197071209,-1.402,3.171,-0.061,0.021,0.003,1.028,2,1100
197072694,-1.159,1.890,-0.122,-0.106,-0.040,1.010,2,1100
197073210,-1.159,1.890,-0.122,-0.106,-0.040,1.010,2,1100
197074694,-1.220,0.366,0.732,-0.031,0.107,1.048,2,1100
197075218,-1.220,0.366,0.732,-0.031,0.107,1.048,2,1100
197076694,-0.793,0.610,0.671,0.077,0.058,1.051,2,1100
197077209,-1.098,1.585,0.366,0.095,-0.014,1.066,2,1100
197078694,-1.402,2.683,0.244,0.079,0.057,1.019,2,1100
197079214,-1.341,3.049,-0.183,-0.004,-0.018,1.023,2,1100
197080694,-1.098,1.829,0.000,-0.133,-0.023,1.034,2,1100
197081218,-1.098,1.829,0.000,-0.133,-0.023,1.034,2,1100
197082694,-0.915,0.366,1.159,-0.001,0.075,1.040,2,1100
197083210,-0.854,0.122,1.220,0.053,0.064,1.072,2,1100
197084699,-0.976,0.671,0.793,0.084,0.021,1.074,2,1100
197085227,-1.159,1.524,0.366,0.104,0.054,1.020,2,1100
197086696,-1.341,2.561,-0.244,-0.058,0.051,0.999,2,1100
197087213,-1.341,2.561,-0.244,-0.058,0.051,0.999,2,1100
197088694,-0.854,1.951,-0.183,-0.139,0.046,1.043,2,1100
197089214,-0.976,1.098,0.549,-0.139,0.046,1.043,2,1100
197090694,-0.854,0.427,0.915,-0.015,0.092,1.040,2,1100
197091209,-0.671,0.244,0.793,0.074,0.024,1.079,2,1100
197092694,-1.341,1.829,0.305,0.092,0.056,1.053,2,1100
197093210,-1.341,1.829,0.305,0.116,0.035,1.041,2,1100
197094694,-1.098,2.683,-0.488,-0.055,-0.019,0.998,2,1100
197095218,-1.098,2.683,-0.488,-0.055,-0.019,0.998,2,1100
197096694,-1.159,1.402,0.183,-0.110,0.027,1.030,2,1100
197097210,-1.220,0.488,0.671,-0.087,0.067,1.026,2,1100
197098694,-0.854,0.244,0.854,-0.005,0.058,1.087,2,1100
197099210,-0.976,0.366,0.793,0.078,0.067,1.070,2,1100
197100694,-0.976,1.646,0.488,0.126,0.012,1.062,2,1100
197101209,-0.976,1.646,0.488,0.126,0.012,1.062,2,1100
197102694,-0.976,2.805,-0.366,-0.055,-0.042,1.006,2,1100
197103218,-1.037,2.439,-0.183,-0.102,0.016,1.022,2,1100
197104694,-1.098,1.768,0.244,-0.110,0.003,1.025,2,1100
197105214,-1.037,0.610,0.671,-0.084,0.064,1.045,2,1100
197106694,-1.037,0.671,1.037,0.095,0.074,1.042,2,1100
197107205,-1.037,0.671,1.037,0.095,0.074,1.042,2,1100
197108694,-1.159,1.890,0.366,0.081,0.021,1.040,2,1100
197109214,-1.159,1.890,0.366,0.081,0.021,1.040,2,1100
197110694,-1.707,3.049,-0.305,-0.073,0.019,0.993,2,1100
197111214,-1.524,2.195,-0.366,-0.090,-0.009,1.037,2,1100
197112694,-1.098,1.220,0.244,-0.143,0.035,1.017,2,1100
197113217,-0.854,0.305,0.793,-0.052,0.017,1.082,2,1100
197114694,-0.854,0.488,0.976,0.114,0.043,1.034,2,1100
197115209,-0.854,0.488,0.976,0.114,0.043,1.034,2,1100
197116694,-1.159,1.890,0.183,0.069,0.009,1.032,2,1100
197117217,-1.159,2.866,0.000,-0.002,-0.000,1.028,2,1100
197118694,-1.402,2.439,-0.305,-0.077,0.017,1.001,2,1100
197119210,-1.037,1.951,0.122,-0.099,-0.029,1.018,2,1100
197120695,-0.793,0.427,0.610,-0.047,0.056,1.068,2,1100
197121210,-0.793,0.427,0.610,-0.047,0.056,1.068,2,1100
197122694,-0.854,0.549,0.915,0.101,0.044,1.056,2,1100
197123217,-0.854,1.220,0.671,0.101,0.044,1.056,2,1100
197124694,-0.976,2.134,0.305,0.070,0.012,1.019,2,1100
197125205,-1.037,2.744,0.122,0.001,0.020,1.016,2,1100
197126698,-0.854,2.073,0.000,-0.078,0.014,1.006,2,1100
197127224,-0.854,2.073,0.000,-0.127,-0.029,1.013,2,1100
197128698,-0.915,0.427,0.915,-0.018,0.098,1.040,2,1100
197129219,-0.915,0.427,0.915,-0.018,0.098,1.040,2,1100
197130695,-0.549,0.732,0.488,0.076,0.049,1.044,2,1100
197131206,-0.854,1.524,0.305,0.112,-0.002,1.055,2,1100
197132694,-1.159,2.378,0.366,0.054,0.060,1.035,2,1100
197133214,-1.402,2.805,0.183,-0.009,-0.012,1.000,2,1100
197134694,-1.159,1.768,-0.183,-0.134,-0.018,1.048,2,1100
197135214,-1.159,1.768,-0.183,-0.134,-0.018,1.048,2,1100
197136694,-0.610,0.305,1.098,0.015,0.079,1.035,2,1100
197137214,-0.671,0.244,1.280,0.056,0.050,1.083,2,1100
197138694,-0.488,0.732,0.793,0.087,0.024,1.062,2,1100
197139205,-1.098,1.646,0.732,0.129,0.042,1.013,2,1100
197140694,-0.976,2.805,0.183,-0.062,0.009,1.003,2,1100
197141214,-0.976,2.805,0.183,-0.062,0.009,1.003,2,1100
197142702,-1.037,1.829,0.122,-0.119,0.022,1.056,2,1100
197143235,-0.793,0.732,0.610,-0.119,0.022,1.056,2,1100
197144697,-0.976,0.244,1.280,-0.000,0.071,1.081,2,1100
197145220,-0.976,0.305,0.854,0.055,0.049,1.062,2,1100
197146696,-0.854,0.854,0.549,0.101,0.042,1.043,2,1100
197147224,-0.976,1.585,0.549,0.135,0.045,1.039,2,1100
197148701,-0.854,2.683,-0.305,-0.069,-0.030,1.000,2,1100
197149225,-0.854,2.683,-0.305,-0.069,-0.030,1.000,2,1100
197150694,-0.854,1.524,0.427,-0.090,0.044,1.037,2,1100
197151210,-0.854,0.610,0.793,-0.085,0.065,1.039,2,1100
197152694,-0.793,0.183,0.854,0.000,0.031,1.076,2,1100
197153210,-0.976,0.427,0.549,0.084,0.075,1.060,2,1100
197154695,-0.976,1.707,0.549,0.131,0.021,1.060,2,1100
197155218,-0.976,1.707,0.549,0.131,0.021,1.060,2,1100
197156694,-1.524,2.744,-0.549,-0.069,-0.035,1.006,2,1100
197157210,-1.341,2.378,-0.183,-0.069,-0.035,1.006,2,1100
197158694,-0.793,1.524,0.244,-0.086,0.012,1.011,2,1100
197159214,-0.854,0.488,0.549,-0.087,0.051,1.078,2,1100
197160694,-0.854,0.488,0.793,0.011,0.040,1.069,2,1100
197161214,-0.854,0.488,0.793,0.103,0.079,1.043,2,1100
197162694,-0.976,2.073,0.244,0.091,-0.003,1.052,2,1100
197163214,-0.976,2.073,0.244,0.091,-0.003,1.052,2,1100
197164694,-1.463,2.988,-0.183,-0.078,0.008,1.003,2,1100
197165214,-1.159,1.951,-0.061,-0.088,0.011,1.024,2,1100
197166694,-1.098,1.037,0.305,-0.122,0.017,1.026,2,1100
197167209,-0.915,0.244,0.793,-0.061,0.022,1.096,2,1100
197168694,-0.732,0.549,0.671,0.124,0.048,1.041,2,1100
197169218,-0.732,0.549,0.671,0.124,0.048,1.041,2,1100
197170694,-1.280,2.317,0.061,0.061,-0.007,1.012,2,1100
197171214,-1.159,3.049,-0.244,-0.013,-0.011,1.029,2,1100
197172694,-1.037,2.988,-0.427,-0.059,0.032,1.009,2,1100
197173214,-0.854,2.073,-0.244,-0.092,-0.034,1.011,2,1100
197174694,-1.037,0.244,0.488,-0.154,0.038,1.042,2,1100
197175209,-1.037,0.244,0.488,-0.047,0.040,1.064,2,1100
197176694,-0.915,0.549,1.098,0.112,0.053,1.039,2,1100
197177209,-0.915,0.549,1.098,0.112,0.053,1.039,2,1100
197178694,-0.915,2.256,-0.244,0.062,0.005,1.025,2,1100
197179210,-0.915,2.927,-0.305,-0.024,0.028,1.001,2,1100
197180694,-1.098,2.561,0.000,-0.058,0.011,1.006,2,1100
197181209,-1.037,1.829,0.061,-0.126,-0.030,1.025,2,1100
197182694,-1.037,0.366,0.671,-0.018,0.105,1.045,2,1100
197183210,-1.037,0.366,0.671,-0.018,0.105,1.045,2,1100
197184694,-0.732,0.549,0.732,0.077,0.048,1.034,2,1100
197185217,-1.220,1.463,0.366,0.102,-0.008,1.048,2,1100
197186694,-1.341,2.561,0.244,0.049,0.054,1.031,2,1100
197187209,-1.280,2.744,0.061,-0.014,0.003,1.001,2,1100
197188694,-1.037,1.524,-0.244,-0.144,-0.028,1.048,2,1100
197189218,-1.037,1.524,-0.244,-0.144,-0.028,1.048,2,1100
197190694,-0.671,0.427,1.037,0.036,0.101,1.058,2,1100
197191209,-1.037,0.244,0.915,0.036,0.101,1.058,2,1100
197192694,-1.220,0.793,0.366,0.076,0.028,1.051,2,1100
197193217,-1.524,1.829,0.366,0.106,0.016,1.039,2,1100
197194694,-1.159,2.622,-0.122,0.088,0.042,1.036,2,1100
197195209,-1.159,2.622,-0.122,-0.045,0.007,0.990,2,1100
197196694,-1.280,1.707,-0.244,-0.136,0.004,1.062,2,1100
197197205,-1.280,1.707,-0.244,-0.136,0.004,1.062,2,1100
197198694,-1.037,0.305,1.341,0.029,0.064,1.084,2,1100
197199209,-0.915,0.366,0.793,0.056,0.046,1.064,2,1100
197200694,-1.220,0.854,0.305,0.088,0.015,1.041,2,1100
197201214,-1.280,1.585,0.366,0.113,0.054,1.040,2,1100
197202694,-1.037,2.561,-0.061,-0.070,-0.037,1.006,2,1100
197203209,-1.037,2.561,-0.061,-0.070,-0.037,1.006,2,1100
197204694,-0.976,1.463,-0.122,-0.091,0.038,1.015,2,1100
197205209,-0.915,0.427,0.854,-0.059,0.078,1.046,2,1100
197206694,-0.976,0.000,0.915,0.003,0.057,1.089,2,1100
197207218,-0.976,0.244,0.549,0.066,0.032,1.049,2,1100
197208694,-0.793,1.890,0.427,0.112,0.061,1.030,2,1100
197209210,-0.793,1.890,0.427,0.136,0.025,1.077,2,1100
197210694,-0.793,2.988,-0.549,-0.083,-0.051,1.009,2,1100
197211205,-0.793,2.988,-0.549,-0.083,-0.051,1.009,2,1100
197212694,-0.976,1.585,0.061,-0.087,0.028,0.997,2,1100
197213210,-1.280,0.488,0.793,-0.063,0.067,1.085,2,1100
197214694,-0.976,0.366,0.793,-0.007,0.043,1.060,2,1100
197215217,-0.854,0.610,0.610,0.096,0.046,1.053,2,1100
197216694,-0.976,1.951,0.305,0.105,0.008,1.027,2,1100
197217210,-0.976,1.951,0.305,0.105,0.008,1.027,2,1100
197218694,-1.159,2.500,-0.366,-0.093,-0.015,1.004,2,1100
197219217,-1.098,1.951,0.183,-0.091,0.018,1.026,2,1100
197220694,-0.915,0.976,0.854,-0.113,0.045,1.019,2,1100
197221214,-0.976,0.244,0.915,-0.039,0.012,1.082,2,1100
197222694,-0.732,0.610,0.549,0.132,0.051,1.046,2,1100
197223218,-0.732,0.610,0.549,0.132,0.051,1.046,2,1100
197224694,-0.976,2.012,0.183,0.078,-0.003,1.006,2,1100
197225205,-1.280,2.805,-0.183,0.078,-0.003,1.006,2,1100
197226694,-1.098,2.744,-0.549,-0.080,0.024,0.994,2,1100
197227214,-1.037,2.012,0.000,-0.082,-0.016,1.023,2,1100
197228694,-0.854,0.366,0.427,-0.128,0.053,1.049,2,1100
197229209,-0.854,0.366,0.427,-0.038,0.030,1.068,2,1100
197230694,-0.976,0.427,0.976,0.124,0.053,1.041,2,1100
197231209,-0.976,0.427,0.976,0.124,0.053,1.041,2,1100
197232694,-1.159,2.439,0.122,0.042,-0.012,1.040,2,1100
197233209,-1.341,3.049,0.000,-0.020,0.008,1.018,2,1100
197234694,-1.098,2.805,0.244,-0.069,0.029,0.991,2,1100
197235214,-1.341,1.829,0.305,-0.114,-0.026,1.023,2,1100
197236694,-0.976,0.427,1.220,-0.043,0.095,1.046,2,1100
197237209,-0.976,0.427,1.220,-0.043,0.095,1.046,2,1100
197238694,-0.854,0.732,0.793,0.108,0.061,1.048,2,1100
197239205,-1.037,1.768,0.122,0.104,-0.018,1.025,2,1100
197240694,-1.098,2.561,0.000,0.028,0.042,1.043,2,1100
197241218,-1.341,2.439,0.000,-0.008,0.000,1.007,2,1100
197242694,-0.671,1.646,0.122,-0.089,0.004,0.992,2,1100
197243218,-0.671,1.646,0.122,-0.133,-0.032,1.049,2,1100
197244694,-0.976,0.488,1.098,0.021,0.084,1.086,2,1100
197245209,-0.976,0.488,1.098,0.021,0.084,1.086,2,1100
197246694,-0.976,0.610,0.549,0.102,0.029,1.043,2,1100
197247209,-1.159,1.768,0.122,0.081,0.003,1.043,2,1100
197248694,-1.098,2.683,0.183,0.061,0.032,1.030,2,1100
197249210,-1.524,2.744,0.183,-0.031,0.027,0.990,2,1100
197250694,-1.159,1.220,-0.061,-0.148,-0.007,1.058,2,1100
197251209,-1.159,1.220,-0.061,-0.148,-0.007,1.058,2,1100
197252694,-1.341,0.183,1.098,0.032,0.077,1.100,2,1100
197253214,-1.037,0.244,0.976,0.081,0.057,1.034,2,1100
197254694,-1.098,1.037,0.366,0.092,0.001,1.048,2,1100
197255214,-1.159,1.951,0.366,0.106,0.062,1.064,2,1100
197256694,-1.098,2.744,0.122,-0.069,-0.002,1.004,2,1100
197257214,-1.098,2.744,0.122,-0.069,-0.002,1.004,2,1100
197258694,-1.037,1.402,-0.183,-0.127,0.037,1.014,2,1100
197259214,-0.915,0.427,0.671,-0.127,0.037,1.014,2,1100
197260694,-0.793,-0.061,1.280,0.008,0.084,1.077,2,1100
197261209,-0.915,0.305,1.098,0.085,0.022,1.049,2,1100
197262694,-0.915,1.951,0.183,0.088,0.055,1.029,2,1100
197263218,-0.915,1.951,0.183,0.134,0.009,1.064,2,1100
197264694,-1.280,2.805,-0.122,-0.062,-0.063,1.023,2,1100
197265210,-1.280,2.805,-0.122,-0.062,-0.063,1.023,2,1100
197266702,-0.793,1.646,0.183,-0.083,0.020,1.031,2,1100
197267235,-0.976,0.610,0.915,-0.074,0.093,1.087,2,1100
197268697,-0.976,0.122,1.037,0.040,0.034,1.049,2,1100
197269221,-1.159,0.610,0.671,0.087,0.049,1.070,2,1100
197270694,-1.098,1.951,0.305,0.112,0.017,1.029,2,1100
197271210,-1.098,1.951,0.305,0.112,0.017,1.029,2,1100
197272694,-1.220,2.866,-0.183,-0.095,-0.035,1.034,2,1100
197273209,-1.159,2.378,0.061,-0.114,0.036,1.018,2,1100
197274694,-0.915,1.220,0.549,-0.095,0.020,1.021,2,1100
197275209,-0.732,0.305,0.793,-0.055,0.065,1.076,2,1100
197276694,-0.732,0.610,0.793,0.039,0.052,1.058,2,1100
197277218,-0.732,0.610,0.793,0.104,0.056,1.047,2,1100
197278694,-1.220,2.256,0.366,0.079,0.008,1.011,2,1100
197279214,-1.220,2.256,0.366,0.079,0.008,1.011,2,1100
197280694,-1.220,2.561,-0.427,-0.101,0.020,0.982,2,1100
197281214,-0.854,1.768,0.061,-0.088,-0.027,1.026,2,1100
197282694,-0.305,1.037,0.671,-0.138,0.086,1.050,2,1100
197283214,-0.671,0.244,0.915,-0.013,0.016,1.055,2,1100
197284694,-0.732,0.671,0.671,0.113,0.039,1.042,2,1100
197285209,-0.732,0.671,0.671,0.113,0.039,1.042,2,1100
197286694,-1.037,2.256,0.366,0.069,-0.011,1.040,2,1100
197287214,-1.220,2.866,-0.122,-0.033,0.000,1.031,2,1100
197288694,-1.280,2.805,-0.183,-0.083,0.017,1.004,2,1100
197289210,-1.463,1.890,0.183,-0.108,-0.014,1.011,2,1100
197290694,-1.098,0.488,0.915,-0.028,0.070,1.059,2,1100
197291218,-1.098,0.488,0.915,-0.028,0.070,1.059,2,1100
197292694,-1.280,0.854,0.793,0.106,0.048,1.057,2,1100
197293217,-1.402,1.524,0.305,0.106,0.048,1.057,2,1100
197294694,-1.280,2.500,0.122,0.043,0.006,1.058,2,1100
197295209,-1.341,2.927,-0.061,-0.044,0.016,0.980,2,1100
197296694,-1.341,1.585,0.244,-0.081,-0.024,1.011,2,1100
197297218,-1.341,1.585,0.244,-0.139,0.023,1.044,2,1100
197298694,-1.037,0.244,1.159,0.013,0.094,1.076,2,1100
197299214,-1.037,0.244,1.159,0.013,0.094,1.076,2,1100
197300694,-1.341,0.854,0.732,0.108,0.043,1.035,2,1100
197301214,-1.646,1.646,0.305,0.105,-0.006,1.050,2,1100
197302694,-1.341,2.439,0.183,0.044,0.026,1.031,2,1100
197303214,-1.159,2.744,-0.061,-0.037,-0.002,1.005,2,1100
197304694,-1.280,1.524,0.061,-0.129,0.000,1.053,2,1100
197305209,-1.280,1.524,0.061,-0.129,0.000,1.053,2,1100
197306695,-1.037,0.488,1.098,0.036,0.080,1.093,2,1100
197307212,-1.098,0.427,0.915,0.064,0.049,1.048,2,1100
197308694,-1.220,1.220,0.061,0.111,-0.002,1.050,2,1100
197309217,-1.463,2.073,0.122,0.078,0.054,1.043,2,1100
197310694,-1.159,2.622,-0.122,0.046,0.006,0.992,2,1100
197311218,-1.159,2.622,-0.122,-0.077,0.001,1.027,2,1100
197312694,-1.159,1.524,0.000,-0.134,0.053,1.023,2,1100
197313214,-1.159,1.524,0.000,-0.134,0.053,1.023,2,1100
197314694,-1.037,0.183,1.037,0.047,0.072,1.077,2,1100
197315217,-0.915,0.549,0.671,0.053,0.041,1.044,2,1100
197316694,-0.976,1.037,0.366,0.104,0.030,1.040,2,1100
197317205,-0.854,2.073,0.244,0.125,0.041,1.042,2,1100
197318694,-1.037,2.805,-0.366,-0.088,-0.027,1.027,2,1100
197319209,-1.037,2.805,-0.366,-0.088,-0.027,1.027,2,1100
197320694,-1.098,1.341,0.305,-0.086,0.040,1.029,2,1100
197321214,-0.915,0.366,0.793,-0.070,0.073,1.090,2,1100
197322694,-0.671,0.305,0.793,0.026,0.045,1.036,2,1100
197323210,-0.610,0.671,0.549,0.098,0.044,1.081,2,1100
197324694,-0.915,2.256,0.000,0.100,0.014,1.024,2,1100
197325214,-0.915,2.256,0.000,0.100,0.014,1.024,2,1100
197326694,-1.159,2.622,-0.244,-0.076,-0.045,1.015,2,1100
197327209,-1.159,2.134,0.305,-0.076,-0.045,1.015,2,1100
197328694,-1.098,1.037,0.671,-0.087,0.019,1.043,2,1100
197329218,-0.915,0.427,0.854,-0.057,0.063,1.062,2,1100
197330694,-0.854,0.610,0.732,0.050,0.054,1.058,2,1100
197331214,-0.854,0.610,0.732,0.109,0.064,1.050,2,1100
197332694,-0.915,2.134,0.122,0.067,-0.014,1.018,2,1100
197333214,-0.915,2.134,0.122,0.067,-0.014,1.018,2,1100
197334694,-1.159,2.561,-0.244,-0.079,0.005,0.998,2,1100
197335217,-1.037,2.073,0.244,-0.103,-0.005,1.007,2,1100
197336694,-1.098,1.037,0.610,-0.112,0.053,1.065,2,1100
197337217,-1.037,0.366,0.671,-0.047,0.024,1.043,2,1100
197338694,-0.976,0.793,0.793,0.123,0.041,1.034,2,1100
197339209,-0.976,0.793,0.793,0.123,0.041,1.034,2,1100
197340694,-1.402,2.561,-0.122,0.042,-0.003,1.039,2,1100
197341214,-1.341,2.927,-0.366,-0.041,0.000,1.005,2,1100
197342694,-1.220,2.622,-0.183,-0.087,0.035,1.000,2,1100
197343214,-1.098,1.585,-0.061,-0.103,-0.033,1.039,2,1100
197344694,-1.037,0.366,0.671,-0.121,0.051,1.038,2,1100
197345205,-1.037,0.366,0.671,-0.003,0.058,1.075,2,1100
197346694,-1.037,0.732,0.793,0.115,0.031,1.042,2,1100
197347209,-1.037,0.732,0.793,0.115,0.031,1.042,2,1100
197348694,-0.976,2.439,-0.122,0.026,0.009,1.054,2,1100
197349214,-1.280,2.683,-0.427,-0.027,0.019,0.979,2,1100
197350694,-1.220,2.622,-0.183,-0.085,-0.018,1.021,2,1100
197351211,-1.037,1.646,0.061,-0.148,-0.001,1.040,2,1100
197352694,-1.098,0.366,0.915,0.024,0.096,1.098,2,1100
197353214,-1.098,0.366,0.915,0.024,0.096,1.098,2,1100
197354694,-0.793,0.793,0.305,0.088,0.023,1.031,2,1100
197355214,-0.915,1.890,0.000,0.081,-0.001,1.056,2,1100
197356694,-0.732,2.439,-0.061,0.045,0.042,1.021,2,1100
197357214,-0.793,2.500,-0.427,-0.031,0.006,1.006,2,1100
197358694,-1.159,1.402,0.000,-0.141,-0.010,1.033,2,1100
197359210,-1.159,1.402,0.000,-0.141,-0.010,1.033,2,1100
197360694,-0.854,0.305,0.915,0.069,0.088,1.080,2,1100
197361217,-0.854,0.427,0.915,0.069,0.088,1.080,2,1100
197362694,-1.159,1.037,-0.061,0.096,-0.020,1.053,2,1100
197363217,-1.280,1.951,-0.061,0.080,0.060,1.059,2,1100
197364694,-1.280,2.805,-0.244,0.049,0.009,0.989,2,1100
197365214,-1.280,2.805,-0.244,-0.080,-0.004,1.004,2,1100
197366694,-1.037,1.341,0.305,-0.140,0.036,1.028,2,1100
197367218,-1.037,1.341,0.305,-0.140,0.036,1.028,2,1100
197368694,-1.098,0.244,1.037,0.048,0.065,1.042,2,1100
197369214,-0.915,0.488,0.488,0.064,0.025,1.056,2,1100
197370694,-1.037,1.280,0.305,0.100,0.038,1.053,2,1100
197371209,-0.976,2.195,0.549,0.113,0.039,1.020,2,1100
197372694,-0.976,2.622,-0.244,-0.101,-0.038,1.017,2,1100
197373214,-0.976,2.622,-0.244,-0.101,-0.038,1.017,2,1100
197374694,-1.098,1.341,0.183,-0.087,0.058,1.044,2,1100
197375214,-0.793,0.427,0.915,-0.015,0.082,1.059,2,1100
197376694,-0.854,0.305,0.610,0.046,0.051,1.044,2,1100
197377217,-0.671,0.610,0.366,0.083,0.034,1.070,2,1100
197378694,-1.037,2.317,0.122,0.114,0.071,1.043,2,1100
197379214,-1.037,2.317,0.122,0.109,0.013,1.019,2,1100
197380694,-1.463,2.622,-0.488,-0.104,-0.042,1.016,2,1100
197381210,-1.463,2.622,-0.488,-0.104,-0.042,1.016,2,1100
197382694,-1.220,0.915,0.610,-0.070,0.048,1.066,2,1100
197383217,-1.220,0.122,1.037,-0.051,0.075,1.042,2,1100
197384694,-1.037,0.244,0.915,0.046,0.033,1.084,2,1100
197385214,-0.976,0.793,0.732,0.115,0.078,1.054,2,1100
197386694,-0.915,2.073,0.427,0.072,0.004,1.032,2,1100
197387218,-0.915,2.073,0.427,0.072,0.004,1.032,2,1100
197388694,-0.732,2.561,-0.122,-0.098,-0.003,1.003,2,1100
197389210,-0.854,1.768,0.305,-0.088,0.015,1.025,2,1100
197390694,-0.976,0.915,0.854,-0.088,0.061,1.050,2,1100
197391209,-0.854,0.244,0.671,-0.026,0.028,1.053,2,1100
197392694,-0.976,0.793,0.854,0.129,0.050,1.041,2,1100
197393214,-0.976,0.793,0.854,0.129,0.050,1.041,2,1100
197394694,-1.220,2.439,0.183,0.037,-0.025,1.048,2,1100
197395205,-1.220,2.927,-0.488,0.037,-0.025,1.048,2,1100
197396694,-1.280,2.683,-0.244,-0.086,0.025,1.016,2,1100
197397214,-0.976,1.768,0.427,-0.119,0.013,1.029,2,1100
197398694,-0.976,0.488,0.915,-0.097,0.029,1.036,2,1100
197399218,-0.976,0.488,0.915,-0.030,0.058,1.096,2,1100
197400694,-0.793,0.732,0.976,0.131,0.056,1.036,2,1100
197401209,-0.793,0.732,0.976,0.131,0.056,1.036,2,1100
197402694,-1.159,2.744,-0.122,0.007,-0.006,1.058,2,1100
197403209,-1.402,2.805,-0.061,-0.059,0.020,0.981,2,1100
197404694,-1.220,2.317,0.000,-0.059,-0.014,1.025,2,1100
197405209,-1.280,1.524,0.183,-0.151,0.021,1.026,2,1100
197406694,-1.037,0.244,1.037,0.019,0.104,1.095,2,1100
197407205,-1.037,0.244,1.037,0.019,0.104,1.095,2,1100
197408694,-1.098,0.976,0.488,0.092,0.018,1.051,2,1100
197409217,-1.159,1.951,0.061,0.085,-0.006,1.060,2,1100
197410694,-1.098,2.744,-0.305,0.021,0.006,1.000,2,1100
197411210,-1.341,2.866,-0.305,-0.054,0.028,1.009,2,1100
197412694,-0.854,1.220,0.122,-0.094,-0.013,1.008,2,1100
197413205,-0.854,1.220,0.122,-0.143,0.001,1.025,2,1100
197414694,-1.037,0.427,0.976,0.066,0.096,1.059,2,1100
197415205,-1.037,0.427,0.976,0.066,0.096,1.059,2,1100
197416694,-0.915,0.915,0.366,0.103,-0.018,1.048,2,1100
197417214,-1.098,2.439,0.061,0.059,0.044,1.058,2,1100
197418694,-1.341,2.622,0.061,0.043,0.010,1.001,2,1100
197419214,-1.220,2.561,0.305,-0.058,0.018,1.005,2,1100
197420694,-1.159,1.402,0.244,-0.141,0.024,1.058,2,1100
197421218,-1.159,1.402,0.244,-0.141,0.024,1.058,2,1100
197422694,-0.915,-0.122,1.341,0.071,0.081,1.032,2,1100
197423210,-0.854,0.244,0.915,0.062,0.054,1.076,2,1100
197424694,-0.976,1.220,0.366,0.093,-0.003,1.073,2,1100
197425214,-1.159,2.439,0.061,0.092,0.055,1.000,2,1100
197426694,-1.402,2.439,-0.061,-0.083,-0.010,1.006,2,1100
197427214,-1.402,2.439,-0.061,-0.083,-0.010,1.006,2,1100
197428694,-1.159,0.854,0.488,-0.109,0.043,1.053,2,1100
197429210,-1.341,0.366,1.098,-0.109,0.043,1.053,2,1100
197430694,-1.098,0.305,1.159,0.056,0.032,1.048,2,1100
197431205,-1.280,0.793,0.488,0.074,0.026,1.074,2,1100
197432694,-1.402,1.890,0.061,0.112,0.046,1.047,2,1100
197433210,-1.280,2.378,0.183,0.087,0.033,1.002,2,1100
197434694,-1.341,2.622,-0.366,-0.100,-0.060,1.010,2,1100
197435209,-1.341,2.622,-0.366,-0.100,-0.060,1.010,2,1100
197436694,-1.341,1.341,0.671,-0.067,0.039,1.060,2,1100
197437210,-1.098,0.305,1.159,-0.009,0.093,1.026,2,1100
197438694,-1.098,0.000,0.976,0.042,0.028,1.103,2,1100
197439214,-1.341,0.671,0.793,0.077,0.058,1.059,2,1100
197440694,-0.854,2.256,0.488,0.068,0.035,1.024,2,1100
197441214,-0.854,2.256,0.488,0.068,0.035,1.024,2,1100
197442694,-1.098,2.927,-0.488,-0.111,-0.030,1.002,2,1100
197443214,-1.280,1.829,0.183,-0.086,0.027,1.037,2,1100
197444694,-0.793,0.732,0.915,-0.100,0.072,1.054,2,1100
197445209,-0.854,0.488,1.159,-0.003,0.037,1.059,2,1100
197446694,-0.732,1.220,0.915,0.065,0.050,1.075,2,1100
197447205,-0.732,1.220,0.915,0.114,0.056,1.026,2,1100
197448694,-1.220,2.439,0.305,0.046,-0.005,1.048,2,1100
197449214,-1.220,2.439,0.305,0.046,-0.005,1.048,2,1100
197450694,-1.159,2.683,-0.244,-0.103,0.010,1.019,2,1100
197451211,-0.976,1.707,0.366,-0.097,0.014,1.033,2,1100
197452694,-0.854,0.793,0.671,-0.082,0.062,1.035,2,1100
197453209,-0.915,0.427,0.793,-0.007,0.044,1.096,2,1100
197454694,-1.037,0.732,0.671,0.134,0.035,1.026,2,1100
197455218,-1.037,0.732,0.671,0.134,0.035,1.026,2,1100
197456694,-1.098,2.866,0.061,0.003,-0.009,1.042,2,1100
197457218,-1.220,3.049,-0.244,-0.076,-0.001,0.991,2,1100
197458698,-1.159,2.500,0.000,-0.072,-0.005,1.026,2,1100
197459227,-1.280,1.463,0.366,-0.143,0.053,1.012,2,1100
197460698,-0.793,0.549,1.220,0.006,0.098,1.083,2,1100
197461219,-0.793,0.549,1.220,0.006,0.098,1.083,2,1100
197462695,-1.220,1.037,0.732,0.099,0.059,1.045,2,1100
197463215,-1.280,1.890,0.122,0.099,0.059,1.045,2,1100
197464694,-1.341,2.866,-0.183,-0.003,0.011,1.014,2,1100
197465205,-0.976,2.744,-0.427,-0.060,0.013,1.006,2,1100
197466694,-1.037,1.951,-0.183,-0.090,-0.015,1.023,2,1100
197467214,-0.976,1.098,0.000,-0.141,0.005,1.028,2,1100
197468694,-0.976,0.061,1.037,0.046,0.095,1.056,2,1100
197469214,-0.976,0.061,1.037,0.046,0.095,1.056,2,1100
197470694,-0.976,0.854,0.427,0.114,0.014,1.045,2,1100
197471209,-1.037,2.134,0.244,0.068,0.021,1.053,2,1100
197472694,-0.732,2.744,-0.122,0.005,0.010,1.009,2,1100
197473214,-0.610,2.683,0.000,-0.051,0.000,1.011,2,1100
197474694,-0.793,1.098,0.061,-0.133,0.020,1.054,2,1100
197475209,-0.793,1.098,0.061,-0.133,0.020,1.054,2,1100
197476694,-0.793,0.427,0.854,0.098,0.043,1.051,2,1100
197477210,-0.793,0.793,0.915,0.098,0.043,1.051,2,1100
197478694,-0.976,1.341,0.305,0.124,-0.010,1.069,2,1100
197479205,-1.280,2.439,0.183,0.069,0.064,1.007,2,1100
197480694,-1.402,2.561,-0.122,0.011,-0.024,1.015,2,1100
197481209,-1.402,2.561,-0.122,-0.100,0.028,0.988,2,1100
197482694,-0.732,1.220,0.244,-0.128,0.069,1.080,2,1100
197483210,-0.732,1.220,0.244,-0.128,0.069,1.080,2,1100
197484694,-1.037,0.061,1.098,0.055,0.063,1.042,2,1100
197485210,-0.854,0.488,0.488,0.102,0.022,1.071,2,1100
197486694,-1.098,1.707,0.183,0.104,0.048,1.045,2,1100
197487214,-1.159,2.439,0.183,0.080,0.024,1.026,2,1100
197488694,-0.915,2.561,-0.305,-0.096,-0.051,1.006,2,1100
197489214,-0.915,2.561,-0.305,-0.096,-0.051,1.006,2,1100
197490694,-0.976,0.549,0.305,-0.083,0.041,1.049,2,1100
197491205,-1.037,0.305,1.159,-0.006,0.078,1.057,2,1100
197492694,-0.854,0.244,1.037,0.056,0.046,1.062,2,1100
197493214,-0.793,0.793,0.549,0.097,0.038,1.062,2,1100
197494702,-1.159,2.500,0.183,0.073,-0.008,1.040,2,1100
197495226,-1.159,2.500,0.183,0.073,-0.008,1.040,2,1100
197496697,-1.098,2.866,-0.488,-0.100,-0.043,1.007,2,1100
197497220,-0.915,1.768,0.000,-0.100,-0.043,1.007,2,1100
197498694,-0.854,0.854,0.610,-0.085,0.055,1.037,2,1100
197499217,-0.976,0.183,0.915,-0.014,0.069,1.053,2,1100
197500694,-0.671,0.488,0.671,0.069,0.038,1.083,2,1100
197501214,-0.976,1.098,0.793,0.115,0.068,1.022,2,1100
197502694,-1.037,2.561,0.183,0.027,0.007,1.027,2,1100
197503214,-1.037,2.561,0.183,0.027,0.007,1.027,2,1100
197504694,-1.402,2.439,-0.305,-0.115,0.031,1.019,2,1100
197505214,-1.220,1.646,0.244,-0.096,0.004,1.022,2,1100
197506694,-1.098,0.610,0.610,-0.087,0.049,1.035,2,1100
197507214,-0.976,0.244,0.732,0.011,0.047,1.106,2,1100
197508694,-1.220,0.854,0.732,0.114,0.045,1.022,2,1100
197509218,-1.220,0.854,0.732,0.114,0.045,1.022,2,1100
197510694,-1.220,2.561,-0.183,-0.002,-0.003,1.013,2,1100
197511210,-1.341,2.805,-0.366,-0.002,-0.003,1.013,2,1100
197512694,-1.280,2.256,-0.305,-0.105,0.004,1.038,2,1100
197513214,-0.915,1.463,0.122,-0.131,0.026,1.019,2,1100
197514694,-1.037,0.305,0.854,-0.074,0.040,1.049,2,1100
197515209,-1.037,0.305,0.854,0.011,0.098,1.079,2,1100
197516694,-0.915,0.854,0.549,0.109,0.047,1.062,2,1100
197517209,-0.915,0.854,0.549,0.109,0.047,1.062,2,1100
197518694,-1.220,2.500,-0.183,0.007,-0.009,1.019,2,1100
197519210,-1.524,2.683,-0.549,-0.063,0.028,0.992,2,1100
197520694,-1.037,2.012,-0.183,-0.083,-0.018,1.024,2,1100
197521217,-0.854,1.098,0.183,-0.164,0.026,1.028,2,1100
197522694,-1.037,0.305,1.098,0.049,0.117,1.043,2,1100
197523214,-1.037,0.305,1.098,0.049,0.117,1.043,2,1100
197524694,-0.854,1.037,0.427,0.103,0.019,1.066,2,1100
197525210,-1.037,1.890,0.122,0.063,0.013,1.027,2,1100
197526694,-1.159,2.927,0.122,-0.008,0.026,1.012,2,1100
197527214,-1.280,2.744,0.122,-0.070,0.003,0.990,2,1100
197528694,-0.732,1.159,0.366,-0.131,0.029,1.061,2,1100
197529214,-0.732,1.159,0.366,-0.131,0.029,1.061,2,1100
197530694,-0.793,0.366,1.341,0.097,0.063,1.054,2,1100
197531214,-1.037,0.488,0.854,0.097,0.063,1.054,2,1100
197532694,-1.159,1.402,0.244,0.103,-0.023,1.051,2,1100
197533215,-1.220,2.439,0.122,0.087,0.058,1.019,2,1100
197534694,-1.524,2.866,0.000,-0.004,-0.012,1.011,2,1100
197535218,-1.463,2.622,-0.305,-0.097,0.014,1.008,2,1100
197536694,-1.220,1.098,0.366,-0.116,0.071,1.071,2,1100
197537209,-1.220,1.098,0.366,-0.116,0.071,1.071,2,1100
197538694,-1.037,0.183,1.341,0.075,0.051,1.081,2,1100
197539215,-0.854,0.610,0.854,0.065,0.034,1.059,2,1100
197540694,-0.732,1.646,0.427,0.112,0.020,1.021,2,1100
197541214,-0.854,2.378,0.427,0.077,0.042,1.035,2,1100
197542694,-0.976,2.317,-0.122,-0.104,-0.042,1.002,2,1100
197543210,-0.976,2.317,-0.122,-0.104,-0.042,1.002,2,1100
197544694,-0.671,0.793,0.549,-0.064,0.085,1.044,2,1100
197545214,-0.854,0.122,0.915,-0.064,0.085,1.044,2,1100
197546694,-0.732,0.122,0.793,0.056,0.042,1.064,2,1100
197547214,-0.854,0.793,0.732,0.094,0.031,1.047,2,1100
197548694,-1.280,2.439,0.305,0.121,0.064,1.028,2,1100
197549214,-1.280,2.439,0.305,0.057,0.020,1.032,2,1100
197550694,-1.220,2.439,-0.366,-0.125,-0.043,1.021,2,1100
197551214,-1.220,2.439,-0.366,-0.125,-0.043,1.021,2,1100
197552694,-1.037,0.793,0.976,-0.073,0.066,1.031,2,1100
197553218,-0.732,0.122,1.220,-0.012,0.062,1.080,2,1100
197554701,-0.610,0.122,0.976,0.070,0.034,1.068,2,1100
197555231,-0.427,1.098,0.610,0.119,0.060,1.030,2,1100
197556697,-1.220,2.500,0.366,0.006,0.013,1.019,2,1100
197557218,-1.220,2.500,0.366,0.006,0.013,1.019,2,1100
197558695,-1.037,2.622,-0.427,-0.118,0.025,1.031,2,1100
197559215,-0.732,1.341,0.488,-0.097,0.038,1.007,2,1100
197560694,-0.854,0.427,0.976,-0.077,0.058,1.054,2,1100
197561209,-0.732,0.305,0.976,0.000,0.053,1.085,2,1100
197562694,-1.280,1.098,0.488,0.137,0.054,1.033,2,1100
197563205,-1.280,1.098,0.488,0.137,0.054,1.033,2,1100
197564695,-0.976,2.317,-0.122,-0.011,-0.002,1.003,2,1100
197565210,-1.220,2.805,-0.366,-0.011,-0.002,1.003,2,1100
197566694,-1.220,2.012,0.122,-0.085,0.012,1.044,2,1100
197567205,-1.280,0.976,0.671,-0.105,0.031,1.014,2,1100
197568694,-1.037,0.549,0.732,-0.080,0.021,1.082,2,1100
197569214,-1.159,0.610,1.159,0.020,0.089,1.065,2,1100
197570694,-1.098,1.341,0.671,0.103,0.059,1.042,2,1100
197571214,-1.098,1.341,0.671,0.103,0.059,1.042,2,1100
197572694,-1.159,3.171,-0.061,-0.011,-0.014,1.028,2,1100
197573209,-0.793,2.866,-0.122,-0.079,0.037,1.007,2,1100
197574694,-0.854,1.890,0.061,-0.082,-0.015,1.010,2,1100
197575217,-0.854,1.159,0.305,-0.141,0.031,1.039,2,1100
197576694,-0.915,0.427,1.159,0.050,0.126,1.047,2,1100
197577210,-0.915,0.427,1.159,0.050,0.126,1.047,2,1100
197578694,-0.915,1.341,0.671,0.111,0.020,1.065,2,1100
197579210,-0.793,2.378,0.000,0.111,0.020,1.065,2,1100
197580694,-1.159,2.927,-0.244,-0.006,0.008,1.018,2,1100
197581209,-1.037,2.622,-0.244,-0.054,0.024,1.000,2,1100
197582694,-1.159,1.098,0.122,-0.111,-0.037,1.006,2,1100
197583214,-1.159,1.098,0.122,-0.146,0.032,1.075,2,1100
197584694,-0.793,0.366,1.280,0.092,0.088,1.060,2,1100
197585218,-0.793,0.366,1.280,0.092,0.088,1.060,2,1100
197586694,-0.976,1.646,0.366,0.103,-0.018,1.040,2,1100
197587217,-1.220,2.561,0.000,0.049,0.037,1.034,2,1100
197588694,-0.976,2.683,0.061,-0.001,0.015,1.017,2,1100
197589214,-1.159,2.317,-0.183,-0.080,0.006,0.987,2,1100
197590694,-1.220,0.915,0.061,-0.127,0.042,1.058,2,1100
197591209,-1.220,0.915,0.061,-0.127,0.042,1.058,2,1100
197592694,-0.976,0.122,1.341,0.086,0.059,1.064,2,1100
197593214,-0.732,0.549,0.732,0.090,0.018,1.049,2,1100
197594694,-0.854,1.890,0.244,0.099,0.004,1.031,2,1100
197595209,-0.671,2.805,0.122,0.065,0.062,1.032,2,1100
197596694,-1.037,2.500,-0.122,-0.103,-0.031,1.003,2,1100
197597210,-1.037,2.500,-0.122,-0.103,-0.031,1.003,2,1100
197598694,-0.732,0.976,0.549,-0.090,0.094,1.017,2,1100
197599218,-1.159,0.366,1.280,-0.090,0.094,1.017,2,1100
197600694,-1.098,0.122,0.976,0.061,0.053,1.053,2,1100
197601210,-0.915,0.854,0.366,0.082,0.016,1.044,2,1100
197602694,-0.793,1.768,0.000,0.113,0.040,1.044,2,1100
197603214,-0.610,2.683,0.061,0.068,0.027,1.030,2,1100
197604694,-0.793,2.439,-0.488,-0.119,-0.049,1.026,2,1100
197605209,-0.793,2.439,-0.488,-0.119,-0.049,1.026,2,1100
197606694,-1.098,0.915,0.549,-0.055,0.077,1.027,2,1100
197607209,-0.854,0.305,1.098,0.029,0.071,1.087,2,1100
197608694,-0.732,0.488,0.793,0.055,0.022,1.059,2,1100
197609215,-0.976,1.159,0.183,0.100,0.051,1.031,2,1100
197610694,-1.098,2.561,0.305,0.029,0.021,1.000,2,1100
197611214,-1.098,2.561,0.305,0.029,0.021,1.000,2,1100
197612694,-1.402,2.256,-0.366,-0.143,0.011,1.029,2,1100
197613214,-1.402,1.402,0.183,-0.143,0.011,1.029,2,1100
197614694,-1.280,0.427,0.732,-0.052,0.074,1.073,2,1100
197615214,-1.037,0.305,0.793,0.007,0.047,1.080,2,1100
197616694,-0.671,1.220,0.305,0.052,0.050,1.044,2,1100
197617210,-0.671,1.220,0.305,0.133,0.055,1.017,2,1100
197618694,-1.280,2.561,-0.305,-0.004,-0.009,1.011,2,1100
197619210,-1.280,2.561,-0.305,-0.004,-0.009,1.011,2,1100
197620694,-0.915,2.439,-0.244,-0.104,0.020,1.036,2,1100
197621209,-0.854,1.098,0.488,-0.093,0.045,1.016,2,1100
197622694,-1.159,0.244,0.854,-0.064,0.039,1.080,2,1100
197623217,-0.915,0.244,0.793,0.008,0.054,1.057,2,1100
197624694,-0.976,1.341,0.671,0.119,0.062,1.039,2,1100
197625209,-0.976,1.341,0.671,0.119,0.062,1.039,2,1100
197626702,-0.854,2.988,-0.183,-0.030,-0.018,1.046,2,1100
197627235,-1.098,3.049,-0.549,-0.076,0.014,0.993,2,1100
197628697,-1.037,2.134,0.122,-0.081,-0.009,1.007,2,1100
197629220,-0.854,1.098,0.732,-0.128,0.050,1.042,2,1100
197630694,-0.610,0.427,0.854,0.016,0.109,1.040,2,1100
197631209,-0.610,0.427,0.854,0.016,0.109,1.040,2,1100
197632694,-0.671,1.402,0.427,0.113,0.060,1.062,2,1100
197633205,-0.671,1.402,0.427,0.113,0.060,1.062,2,1100
197634694,-1.098,2.927,-0.305,-0.026,0.003,1.025,2,1100
197635217,-1.341,2.744,-0.305,-0.065,0.019,0.989,2,1100
197636694,-1.341,1.707,0.000,-0.115,-0.012,1.007,2,1100
197637214,-1.159,1.037,0.366,-0.124,0.030,1.076,2,1100
197638695,-1.037,0.427,1.098,0.086,0.072,1.070,2,1100
197639218,-1.037,0.427,1.098,0.086,0.072,1.070,2,1100
197640694,-1.159,1.220,0.305,0.122,-0.008,1.038,2,1100
197641210,-1.341,2.317,0.122,0.051,0.011,1.058,2,1100
197642694,-1.220,2.683,-0.183,-0.029,0.010,1.000,2,1100
197643205,-1.220,2.439,0.000,-0.084,0.014,0.996,2,1100
197644694,-0.976,0.793,0.427,-0.120,0.036,1.059,2,1100
197645210,-0.976,0.793,0.427,-0.120,0.036,1.059,2,1100
197646694,-0.793,0.183,1.280,0.100,0.055,1.064,2,1100
197647217,-0.549,0.549,0.610,0.100,0.055,1.064,2,1100
197648694,-1.098,1.463,0.244,0.085,-0.017,1.044,2,1100
197649217,-1.402,2.378,-0.183,0.049,0.051,1.048,2,1100
197650694,-1.341,2.683,-0.427,-0.008,-0.009,0.996,2,1100
197651209,-1.341,2.683,-0.427,-0.102,-0.005,1.004,2,1100
197652694,-1.159,0.976,0.488,-0.104,0.073,1.017,2,1100
197653214,-1.159,0.976,0.488,-0.104,0.073,1.017,2,1100
197654694,-1.159,0.305,0.732,0.061,0.081,1.040,2,1100
197655210,-1.098,0.793,0.061,0.112,-0.004,1.045,2,1100
197656694,-1.463,2.012,-0.061,0.087,0.050,1.048,2,1100
197657205,-1.159,2.622,0.000,0.064,0.014,1.029,2,1100
197658694,-0.976,2.256,-0.183,-0.098,-0.074,1.030,2,1100
197659205,-0.976,2.256,-0.183,-0.098,-0.074,1.030,2,1100
197660694,-1.037,0.671,0.915,-0.066,0.057,1.027,2,1100
197661209,-1.037,0.305,1.341,0.021,0.087,1.095,2,1100
197662694,-0.732,0.427,0.793,0.087,0.033,1.055,2,1100
197663214,-0.854,1.037,0.305,0.102,0.023,1.039,2,1100
197664694,-1.159,2.866,0.183,0.025,0.021,0.991,2,1100
197665209,-1.159,2.866,0.183,0.025,0.021,0.991,2,1100
197666694,-0.915,2.317,0.000,-0.113,-0.004,1.040,2,1100
197667214,-0.793,1.402,0.305,-0.113,-0.004,1.040,2,1100
197668694,-0.854,0.671,0.671,-0.058,0.058,1.085,2,1100
197669218,-0.793,0.000,0.671,0.021,0.075,1.051,2,1100
197670694,-1.037,0.427,0.549,0.085,0.044,1.059,2,1100
197671214,-1.280,1.037,0.305,0.103,0.052,1.036,2,1100
197672694,-1.280,2.561,0.244,-0.019,0.027,0.990,2,1100
197673214,-1.280,2.561,0.244,-0.019,0.027,0.990,2,1100
197674694,-0.793,2.256,-0.061,-0.111,0.029,1.000,2,1100
197675209,-0.732,1.524,0.305,-0.100,0.020,1.024,2,1100
197676694,-0.793,0.671,0.915,-0.073,0.086,1.088,2,1100
197677209,-0.732,0.061,0.976,0.062,0.033,1.038,2,1100
197678694,-0.732,1.280,0.732,0.124,0.042,1.049,2,1100
197679218,-0.732,1.280,0.732,0.124,0.042,1.049,2,1100
197680694,-0.793,2.744,-0.183,-0.025,-0.035,1.042,2,1100
197681205,-0.976,2.866,-0.244,-0.025,-0.035,1.042,2,1100
197682694,-0.976,2.073,0.000,-0.089,0.000,1.007,2,1100
197683209,-1.159,1.220,0.671,-0.133,0.066,1.049,2,1100
197684694,-0.915,0.427,1.098,-0.027,0.032,1.071,2,1100
197685214,-0.915,0.427,1.098,0.043,0.097,1.060,2,1100
197686694,-1.159,1.280,0.549,0.122,0.041,1.070,2,1100
197687218,-1.159,1.280,0.549,0.122,0.041,1.070,2,1100
197688694,-1.280,2.927,-0.366,-0.033,-0.020,1.023,2,1100
197689210,-1.280,2.805,-0.305,-0.083,0.023,0.993,2,1100
197690694,-1.159,1.951,0.183,-0.086,-0.039,1.036,2,1100
197691209,-1.098,0.793,0.427,-0.131,0.071,1.064,2,1100
197692694,-0.854,0.610,1.037,0.065,0.104,1.070,2,1100
197693214,-0.854,0.610,1.037,0.065,0.104,1.070,2,1100
197694694,-0.854,1.524,0.305,0.096,0.038,1.008,2,1100
197695214,-1.159,2.378,-0.061,0.064,-0.006,1.054,2,1100
197696694,-1.402,2.866,-0.183,-0.035,0.026,1.005,2,1100
197697214,-0.976,2.378,-0.183,-0.084,0.001,1.016,2,1100
197698698,-0.793,0.610,0.427,-0.099,0.028,1.048,2,1100
197699221,-0.793,0.610,0.427,-0.099,0.028,1.048,2,1100
197700696,-0.976,0.488,0.854,0.089,0.069,1.046,2,1100
197701217,-0.915,0.915,0.854,0.089,0.069,1.046,2,1100
197702695,-0.915,1.585,0.244,0.100,0.000,1.048,2,1100
197703206,-1.037,2.378,0.122,0.054,0.033,1.049,2,1100
197704694,-0.549,2.683,0.000,-0.033,0.000,0.992,2,1100
197705214,-1.037,2.195,0.061,-0.101,-0.019,1.012,2,1100
197706695,-1.037,0.732,0.549,-0.086,0.067,1.028,2,1100
197707210,-1.037,0.732,0.549,-0.086,0.067,1.028,2,1100
197708694,-1.220,0.488,1.220,0.072,0.056,1.049,2,1100
197709217,-1.037,1.098,0.305,0.092,0.018,1.038,2,1100
197710694,-1.280,2.012,0.061,0.103,0.032,1.048,2,1100
197711214,-1.159,2.683,-0.122,0.054,0.030,1.003,2,1100
197712694,-1.037,2.134,-0.366,-0.107,-0.034,1.016,2,1100
197713214,-1.037,2.134,-0.366,-0.107,-0.034,1.016,2,1100
197714694,-0.793,0.671,1.098,-0.051,0.073,1.051,2,1100
197715209,-0.732,0.305,1.402,-0.051,0.073,1.051,2,1100
197716694,-0.854,0.488,0.732,0.058,0.035,1.038,2,1100
197717214,-0.793,1.220,0.366,0.116,0.019,1.057,2,1100
197718694,-1.037,2.805,0.305,0.116,0.056,1.057,2,1100
197719214,-1.037,2.805,0.305,0.019,0.006,0.987,2,1100
197720694,-1.037,2.073,-0.427,-0.131,-0.004,1.011,2,1100
197721218,-1.037,2.073,-0.427,-0.131,-0.004,1.011,2,1100
197722694,-1.159,0.488,1.037,-0.046,0.066,1.087,2,1100
197723205,-1.037,0.305,0.854,0.026,0.056,1.046,2,1100
197724694,-0.976,0.976,0.793,0.072,0.035,1.062,2,1100
197725217,-1.037,1.524,0.488,0.121,0.060,1.039,2,1100
197726694,-1.220,2.988,0.061,-0.029,0.014,1.024,2,1100
197727218,-1.220,2.988,0.061,-0.029,0.014,1.024,2,1100
197728694,-1.341,2.195,-0.061,-0.116,0.023,1.014,2,1100
197729209,-1.280,0.976,0.671,-0.079,0.027,1.041,2,1100
197730694,-1.037,0.488,1.159,-0.067,0.074,1.077,2,1100
197731214,-0.854,0.366,0.854,0.046,0.043,1.048,2,1100
197732694,-1.037,1.341,0.549,0.129,0.055,1.039,2,1100
197733214,-1.037,1.341,0.549,0.129,0.055,1.039,2,1100
197734694,-1.280,2.927,-0.305,-0.043,-0.009,1.029,2,1100
197735214,-1.463,2.622,-0.488,-0.043,-0.009,1.029,2,1100
197736694,-1.220,1.951,-0.061,-0.114,0.029,1.021,2,1100
197737210,-1.098,0.732,0.549,-0.104,0.043,1.065,2,1100
197738694,-1.037,0.061,0.732,-0.033,0.034,1.051,2,1100
197739217,-0.671,0.122,0.854,0.044,0.082,1.065,2,1100
197740694,-0.915,1.280,0.488,0.119,0.028,1.043,2,1100
197741214,-0.915,1.280,0.488,0.119,0.028,1.043,2,1100
197742694,-1.463,2.805,-0.122,-0.040,-0.014,1.021,2,1100
197743205,-1.341,2.683,0.061,-0.062,0.012,1.007,2,1100
197744694,-0.976,1.646,0.244,-0.113,-0.009,1.030,2,1100
197745205,-0.793,0.976,0.366,-0.129,0.070,1.046,2,1100
197746694,-0.610,0.549,0.915,0.082,0.093,1.073,2,1100
197747214,-0.610,0.549,0.915,0.082,0.093,1.073,2,1100
197748694,-1.280,1.524,0.244,0.101,0.017,1.034,2,1100
197749209,-1.280,2.378,-0.061,0.101,0.017,1.034,2,1100
197750694,-1.341,3.049,-0.305,-0.036,0.021,0.981,2,1100
197751214,-1.341,2.439,-0.061,-0.069,0.007,1.010,2,1100
197752694,-1.037,0.793,0.427,-0.138,-0.005,1.051,2,1100
197753209,-1.037,0.793,0.427,-0.102,0.025,1.034,2,1100
197754694,-0.915,0.366,1.159,0.116,0.078,1.036,2,1100
197755214,-0.915,0.366,1.159,0.116,0.078,1.036,2,1100
197756694,-1.098,1.951,0.183,0.085,0.000,1.050,2,1100
197757218,-0.915,2.622,-0.183,0.032,0.029,1.029,2,1100
197758694,-0.793,2.988,-0.061,-0.042,0.025,0.994,2,1100
197759210,-0.793,2.439,-0.244,-0.081,-0.024,1.018,2,1100
197760694,-0.732,1.098,0.427,-0.102,0.057,1.048,2,1100
197761210,-0.732,1.098,0.427,-0.102,0.057,1.048,2,1100
197762694,-1.037,0.122,0.915,0.085,0.059,1.027,2,1100
197763214,-1.098,0.854,0.366,0.100,0.000,1.059,2,1100
197764694,-1.159,1.951,0.183,0.069,0.031,1.053,2,1100
197765214,-1.220,2.378,0.122,0.049,0.021,1.000,2,1100
197766694,-1.098,2.378,-0.122,-0.114,-0.042,1.014,2,1100
197767210,-1.098,2.378,-0.122,-0.114,-0.042,1.014,2,1100
197768694,-0.793,0.305,0.732,-0.059,0.092,1.065,2,1100
197769205,-0.793,0.305,0.732,-0.059,0.092,1.065,2,1100
197770694,-0.854,0.183,0.915,0.069,0.034,1.042,2,1100
197771209,-0.915,1.159,0.122,0.093,-0.003,1.052,2,1100
197772694,-0.854,2.195,0.244,0.092,0.060,1.042,2,1100
197773209,-1.402,2.439,0.244,0.034,0.018,1.009,2,1100
197774694,-1.159,2.195,-0.488,-0.142,-0.028,1.029,2,1100
197775214,-1.159,2.195,-0.488,-0.142,-0.028,1.029,2,1100
197776694,-0.732,0.183,0.854,-0.019,0.093,1.066,2,1100
197777210,-0.915,0.122,0.915,0.040,0.059,1.025,2,1100
197778694,-0.854,0.366,0.305,0.078,0.027,1.079,2,1100
197779214,-1.159,1.220,0.061,0.111,0.053,1.064,2,1100
197780694,-1.037,2.744,0.000,-0.009,0.008,1.038,2,1100
197781214,-1.037,2.744,0.000,-0.009,0.008,1.038,2,1100
197782694,-1.402,2.134,-0.244,-0.140,0.016,1.016,2,1100
197783217,-1.341,1.220,0.793,-0.140,0.016,1.016,2,1100
197784694,-1.037,0.671,1.220,-0.037,0.084,1.039,2,1100
197785211,-1.098,0.427,0.976,0.039,0.028,1.076,2,1100
197786694,-1.098,1.646,0.305,0.098,0.047,1.075,2,1100
197787209,-1.098,1.646,0.305,0.127,0.062,1.026,2,1100
197788694,-0.915,2.683,-0.610,-0.054,-0.026,1.018,2,1100
197789214,-0.915,2.683,-0.610,-0.054,-0.026,1.018,2,1100
197790694,-1.159,1.768,0.000,-0.099,0.028,1.019,2,1100
197791210,-0.915,0.793,0.854,-0.068,0.059,1.056,2,1100
197792694,-1.098,0.061,0.854,-0.027,0.031,1.047,2,1100
197793209,-0.915,0.183,0.915,0.060,0.056,1.093,2,1100
197794694,-1.098,1.341,0.549,0.132,0.040,1.028,2,1100
197795209,-1.098,1.341,0.549,0.132,0.040,1.028,2,1100
197796694,-0.976,3.049,-0.732,-0.072,-0.025,1.013,2,1100
197797205,-0.976,2.866,-0.610,-0.098,0.014,1.000,2,1100
197798694,-1.159,1.951,-0.061,-0.092,0.011,1.044,2,1100
197799210,-1.159,0.854,0.305,-0.117,0.062,1.035,2,1100
197800694,-0.671,0.305,0.732,0.083,0.088,1.067,2,1100
197801210,-0.671,0.305,0.732,0.083,0.088,1.067,2,1100
197802694,-1.037,1.524,0.305,0.109,0.011,1.038,2,1100
197803209,-1.037,1.524,0.305,0.109,0.011,1.038,2,1100
197804694,-1.402,2.927,-0.305,-0.065,0.003,0.977,2,1100
197805205,-1.463,2.439,-0.122,-0.068,0.020,1.026,2,1100
197806694,-1.463,1.463,0.244,-0.122,0.012,1.027,2,1100
197807210,-1.341,0.854,0.610,-0.085,0.022,1.049,2,1100
197808694,-0.793,0.549,0.915,0.125,0.073,1.034,2,1100
197809218,-0.793,0.549,0.915,0.125,0.073,1.034,2,1100
197810694,-1.098,1.707,0.122,0.086,-0.001,1.045,2,1100
197811214,-1.037,2.683,-0.061,-0.001,0.013,1.021,2,1100
197812698,-1.098,2.561,-0.122,-0.046,0.018,1.001,2,1100
197813227,-1.220,2.134,0.122,-0.084,-0.008,1.023,2,1100
197814696,-1.037,0.671,0.488,-0.072,0.033,1.067,2,1100
197815218,-1.037,0.671,0.488,-0.072,0.033,1.067,2,1100
197816695,-0.793,0.244,1.098,0.110,0.078,1.022,2,1100
197817206,-1.037,0.793,0.549,0.110,0.078,1.022,2,1100
197818694,-1.341,2.317,0.244,0.069,0.009,1.059,2,1100
197819209,-1.220,2.927,-0.122,0.021,0.020,1.005,2,1100
197820694,-1.341,2.073,-0.122,-0.073,0.029,1.006,2,1100
197821209,-1.341,2.073,-0.122,-0.104,-0.043,1.007,2,1100
197822694,-1.280,0.427,0.488,-0.066,0.091,1.067,2,1100
197823218,-1.280,0.427,0.488,-0.066,0.091,1.067,2,1100
197824694,-0.854,0.488,0.793,0.080,0.046,1.047,2,1100
197825214,-0.549,1.220,0.061,0.104,-0.020,1.079,2,1100
197826694,-0.793,2.256,0.061,0.061,0.074,1.009,2,1100
197827209,-0.915,2.805,0.305,0.041,-0.014,1.020,2,1100
197828694,-1.220,1.890,-0.305,-0.128,-0.057,1.010,2,1100
197829205,-1.220,1.890,-0.305,-0.128,-0.057,1.010,2,1100
197830694,-0.915,0.610,0.488,-0.024,0.071,1.056,2,1100
197831217,-0.732,0.427,1.220,0.061,0.082,1.028,2,1100
197832694,-0.732,0.732,0.915,0.071,0.011,1.063,2,1100
197833214,-0.976,1.646,0.610,0.100,0.046,1.058,2,1100
197834694,-1.220,2.744,0.427,-0.014,0.038,1.011,2,1100
197835210,-1.220,2.744,0.427,-0.014,0.038,1.011,2,1100
197836694,-1.280,2.134,0.244,-0.149,0.011,1.028,2,1100
197837209,-1.280,2.134,0.244,-0.149,0.011,1.028,2,1100
197838694,-0.610,0.488,1.159,-0.031,0.104,1.026,2,1100
197839210,-0.671,0.244,1.098,0.074,0.028,1.078,2,1100
197840694,-0.854,0.610,0.549,0.088,0.030,1.066,2,1100
197841209,-0.915,1.524,0.305,0.115,0.065,1.010,2,1100
197842694,-1.098,2.256,-0.183,-0.045,0.005,1.021,2,1100
197843214,-1.098,2.256,-0.183,-0.045,0.005,1.021,2,1100
197844694,-0.976,1.707,-0.244,-0.120,0.039,1.030,2,1100
197845205,-0.976,0.732,0.915,-0.077,0.042,1.049,2,1100
197846694,-1.098,0.183,1.220,-0.010,0.068,1.060,2,1100
197847210,-0.732,0.244,1.037,0.053,0.040,1.077,2,1100
197848694,-1.098,1.646,0.488,0.120,0.024,1.038,2,1100
197849210,-1.098,1.646,0.488,0.120,0.024,1.038,2,1100
197850694,-1.037,2.683,-0.183,-0.042,-0.038,1.007,2,1100
197851214,-1.220,2.622,-0.122,-0.042,-0.038,1.007,2,1100
197852694,-1.159,1.890,0.549,-0.096,-0.006,1.045,2,1100
197853217,-1.098,0.915,0.976,-0.091,0.088,1.023,2,1100
197854694,-0.976,0.549,0.732,0.010,0.016,1.093,2,1100
197855218,-0.976,0.549,0.732,0.060,0.084,1.079,2,1100
197856694,-0.854,1.890,0.488,0.104,0.050,1.032,2,1100
197857218,-0.854,1.890,0.488,0.104,0.050,1.032,2,1100
197858694,-0.976,2.866,-0.122,-0.071,-0.006,0.994,2,1100
197859214,-0.732,2.073,-0.122,-0.074,0.011,1.023,2,1100
197860694,-0.793,1.037,0.305,-0.141,0.032,1.013,2,1100
197861209,-0.793,0.122,0.305,-0.063,0.036,1.066,2,1100
197862694,-0.915,0.305,0.793,0.111,0.064,1.025,2,1100
197863210,-0.915,0.305,0.793,0.111,0.064,1.025,2,1100
197864694,-0.976,2.439,0.244,0.104,0.021,1.043,2,1100
197865214,-1.220,3.049,0.061,0.001,-0.014,1.022,2,1100
197866698,-1.159,3.049,-0.183,-0.061,0.019,0.994,2,1100
197867218,-1.037,2.561,0.000,-0.068,-0.034,1.034,2,1100
197868696,-0.732,0.671,0.671,-0.043,0.023,1.096,2,1100
197869218,-0.732,0.671,0.671,-0.043,0.023,1.096,2,1100
197870696,-0.732,0.610,0.976,0.112,0.039,1.054,2,1100
197871212,-0.732,0.610,0.976,0.112,0.039,1.054,2,1100
197872694,-1.159,2.134,0.366,0.079,-0.001,1.028,2,1100
197873214,-1.341,2.927,0.183,0.002,0.023,1.007,2,1100
197874694,-1.280,2.622,0.061,-0.068,0.000,0.997,2,1100
197875210,-1.220,1.829,0.000,-0.120,-0.012,1.021,2,1100
197876694,-1.280,0.366,0.671,-0.039,0.101,1.047,2,1100
197877218,-1.280,0.366,0.671,-0.039,0.101,1.047,2,1100
197878694,-0.976,0.671,0.915,0.072,0.070,1.063,2,1100
197879209,-0.671,1.463,0.610,0.122,-0.025,1.078,2,1100
197880694,-0.976,2.561,0.244,0.052,0.054,1.000,2,1100
197881214,-0.976,2.988,-0.305,0.005,-0.012,1.019,2,1100
197882694,-1.098,2.012,-0.305,-0.134,-0.042,1.021,2,1100
197883210,-1.098,2.012,-0.305,-0.134,-0.042,1.021,2,1100
197884694,-0.671,0.427,0.976,-0.012,0.086,1.030,2,1100
197885209,-0.671,0.183,0.976,-0.012,0.086,1.030,2,1100
197886694,-0.488,0.671,0.732,0.077,0.050,1.037,2,1100
197887209,-0.549,1.524,0.488,0.123,0.031,1.030,2,1100
197888694,-1.463,2.744,0.183,0.071,0.025,1.023,2,1100
197889214,-1.463,2.744,0.183,-0.020,-0.004,1.022,2,1100
197890694,-1.220,1.829,0.122,-0.121,-0.017,1.044,2,1100
197891218,-1.220,1.829,0.122,-0.121,-0.017,1.044,2,1100
197892694,-0.854,0.183,0.915,-0.003,0.075,1.052,2,1100
197893209,-0.976,0.183,0.915,0.045,0.055,1.066,2,1100
197894694,-1.159,0.610,0.732,0.092,0.021,1.066,2,1100
197895214,-1.159,1.707,0.488,0.121,0.047,1.013,2,1100
197896694,-1.220,2.927,-0.183,-0.062,0.009,0.993,2,1100
197897209,-1.220,2.927,-0.183,-0.062,0.009,0.993,2,1100
197898213,-1.280,2.561,-0.122,-0.103,-0.050,1.017,2,1100
197899695,-1.098,0.732,0.854,-0.072,0.049,1.046,2,1100
197900200,-1.220,0.061,0.976,-0.013,0.064,1.077,2,1100
197901694,-1.037,0.183,0.671,0.073,0.044,1.066,2,1100
197902210,-1.037,0.610,0.610,0.109,0.061,1.027,2,1100
197903692,-1.098,2.134,0.183,0.017,0.002,1.053,2,1100
197904201,-1.098,2.134,0.183,0.017,0.002,1.053,2,1100
197905694,-1.037,2.500,-0.183,-0.100,0.005,1.017,2,1100
197906215,-0.915,1.524,-0.061,-0.092,0.018,1.010,2,1100
197907692,-0.793,0.854,0.549,-0.090,0.064,1.055,2,1100
197908211,-0.549,0.488,0.854,-0.002,0.050,1.080,2,1100
197909694,-0.976,0.976,0.976,0.110,0.058,1.019,2,1100
197910208,-0.976,0.976,0.976,0.110,0.058,1.019,2,1100
197911692,-1.280,2.439,-0.061,0.004,0.005,1.019,2,1100
197912202,-1.220,2.744,-0.183,0.004,0.005,1.019,2,1100
197913694,-0.976,2.561,0.061,-0.085,0.021,1.027,2,1100
197914207,-0.793,1.646,0.427,-0.118,0.010,1.010,2,1100
197915691,-0.976,0.427,0.671,-0.085,0.032,1.075,2,1100
197916205,-1.037,0.122,0.976,0.020,0.074,1.082,2,1100
197917694,-1.037,1.037,0.488,0.108,0.050,1.052,2,1100
197918208,-1.037,1.037,0.488,0.108,0.050,1.052,2,1100
197919692,-1.159,2.622,-0.183,0.008,-0.003,1.019,2,1100
197920201,-1.585,2.927,-0.305,-0.062,0.030,0.999,2,1100
197921694,-1.341,2.134,0.000,-0.089,-0.014,1.035,2,1100
197922207,-1.037,1.159,0.427,-0.156,0.034,1.026,2,1100
197923693,-0.793,0.244,1.037,0.051,0.122,1.048,2,1100
197924209,-0.793,0.244,1.037,0.051,0.122,1.048,2,1100
197925694,-0.854,1.098,0.549,0.110,0.013,1.060,2,1100
197926210,-1.037,2.256,0.488,0.110,0.013,1.060,2,1100
197927692,-1.463,2.866,0.183,-0.003,0.009,1.015,2,1100
197928199,-1.220,2.500,-0.244,-0.060,0.021,1.008,2,1100
197929694,-0.915,1.220,0.122,-0.118,-0.027,1.023,2,1100
197930207,-0.915,1.220,0.122,-0.149,0.030,1.057,2,1100
197931691,-0.854,0.732,0.854,0.079,0.091,1.057,2,1100
197932205,-0.854,0.732,0.854,0.079,0.091,1.057,2,1100
197933694,-0.976,1.341,0.122,0.100,-0.010,1.063,2,1100
197934215,-1.463,2.500,-0.061,0.073,0.042,1.024,2,1100
197935692,-1.037,2.866,-0.183,0.000,0.013,1.007,2,1100
197936199,-0.915,2.683,-0.061,-0.094,0.008,0.998,2,1100
197937694,-0.793,1.037,0.122,-0.124,0.059,1.064,2,1100
197938208,-0.793,1.037,0.122,-0.124,0.059,1.064,2,1100
197939692,-1.098,0.305,1.037,0.081,0.042,1.074,2,1100
197940199,-0.854,0.427,0.427,0.066,0.053,1.056,2,1100
197941694,-0.976,1.463,0.122,0.103,-0.000,1.037,2,1100
197942207,-0.976,2.500,0.061,0.080,0.062,1.035,2,1100
197943701,-1.280,2.683,-0.305,-0.115,-0.004,1.008,2,1100
197944231,-1.280,2.683,-0.305,-0.115,-0.004,1.008,2,1100
197945697,-1.280,0.976,0.366,-0.085,0.083,1.027,2,1100
197946217,-1.098,0.427,1.159,-0.085,0.083,1.027,2,1100
197947695,-0.854,0.061,0.793,0.054,0.052,1.057,2,1100
197948205,-0.732,0.732,0.183,0.085,0.026,1.046,2,1100
197949694,-1.280,1.768,0.183,0.119,0.043,1.036,2,1100
197950215,-1.341,2.378,0.244,0.070,0.023,1.038,2,1100
197951694,-1.220,2.927,-0.427,-0.117,-0.059,1.025,2,1100
197952208,-1.220,2.927,-0.427,-0.117,-0.059,1.025,2,1100
197953694,-0.854,0.732,0.793,-0.062,0.065,1.021,2,1100
197954207,-0.915,0.122,1.098,0.001,0.063,1.085,2,1100
197955694,-1.037,0.427,0.793,0.067,0.039,1.073,2,1100
197956207,-1.037,1.159,0.671,0.102,0.051,1.035,2,1100
197957694,-1.098,2.439,0.305,0.043,-0.001,1.017,2,1100
197958207,-1.098,2.439,0.305,0.043,-0.001,1.017,2,1100
197959694,-1.220,2.256,-0.366,-0.123,-0.016,1.021,2,1100
197960207,-0.732,1.463,0.183,-0.123,-0.016,1.021,2,1100
197961694,-0.976,0.549,1.098,-0.074,0.052,1.053,2,1100
197962215,-0.793,0.183,0.976,0.010,0.040,1.075,2,1100
197963694,-0.793,1.159,0.549,0.083,0.065,1.042,2,1100
197964215,-0.793,1.159,0.549,0.110,0.070,1.030,2,1100
197965694,-1.037,2.561,0.183,-0.002,-0.007,0.979,2,1100
197966213,-1.037,2.561,0.183,-0.002,-0.007,0.979,2,1100
197967694,-0.976,2.317,-0.122,-0.100,0.032,1.034,2,1100
197968207,-1.037,1.159,0.488,-0.089,0.039,1.007,2,1100
197969694,-1.159,0.366,0.915,-0.078,0.033,1.079,2,1100
197970207,-1.220,0.427,0.915,0.025,0.064,1.059,2,1100
197971694,-0.732,1.098,0.793,0.126,0.059,1.047,2,1100
197972207,-0.732,1.098,0.793,0.126,0.059,1.047,2,1100
197973694,-1.037,3.049,0.183,-0.011,-0.015,1.032,2,1100
197974212,-1.159,3.049,-0.244,-0.085,0.019,1.000,2,1100
197975694,-0.732,2.256,0.122,-0.086,-0.007,1.019,2,1100
197976207,-1.037,1.159,0.488,-0.133,0.052,1.045,2,1100
197977694,-0.854,0.610,0.915,0.021,0.115,1.043,2,1100
197978207,-0.854,0.610,0.915,0.021,0.115,1.043,2,1100
197979694,-0.976,1.220,0.732,0.109,0.040,1.063,2,1100
197980207,-1.341,2.195,-0.122,0.109,0.040,1.063,2,1100
197981694,-1.159,3.049,-0.305,-0.024,-0.013,1.028,2,1100
197982215,-1.098,2.683,-0.183,-0.064,0.044,0.998,2,1100
197983694,-1.463,1.707,-0.061,-0.102,-0.029,1.000,2,1100
197984215,-1.402,0.915,0.305,-0.141,0.030,1.067,2,1100
197985694,-1.037,0.244,1.159,0.090,0.093,1.061,2,1100
197986213,-1.037,0.244,1.159,0.090,0.093,1.061,2,1100
197987694,-0.854,1.159,0.366,0.106,-0.006,1.041,2,1100
197988215,-0.976,2.317,0.183,0.028,0.021,1.046,2,1100
197989694,-0.854,2.866,0.183,-0.007,0.016,1.008,2,1100
197990207,-0.854,2.866,0.000,-0.055,0.009,0.997,2,1100
197991694,-0.854,1.037,0.366,-0.125,0.039,1.075,2,1100
197992207,-0.854,1.037,0.366,-0.125,0.039,1.075,2,1100
197993695,-0.732,0.305,1.280,0.088,0.062,1.070,2,1100
197994209,-0.671,0.549,0.854,0.088,0.062,1.070,2,1100
197995694,-0.854,1.463,0.305,0.085,-0.006,1.022,2,1100
197996207,-0.976,2.439,-0.061,0.068,0.038,1.039,2,1100
197997694,-1.220,2.378,-0.122,-0.009,0.023,1.001,2,1100
197998207,-1.220,2.378,-0.122,-0.109,-0.023,1.005,2,1100
197999694,-0.915,1.098,0.549,-0.103,0.080,1.030,2,1100
198000207,-0.915,1.098,0.549,-0.103,0.080,1.030,2,1100
198001694,-1.159,0.122,1.341,0.079,0.065,1.052,2,1100
198002215,-1.098,0.610,0.366,0.102,-0.005,1.046,2,1100
198003694,-1.220,1.768,0.305,0.089,0.054,1.038,2,1100
198004207,-1.220,2.500,0.305,0.071,0.020,1.039,2,1100
198005694,-0.915,2.378,-0.427,-0.120,-0.049,1.017,2,1100
198006215,-0.915,2.378,-0.427,-0.120,-0.049,1.017,2,1100
198007694,-1.037,0.488,0.671,-0.060,0.068,1.021,2,1100
198008208,-1.098,0.305,1.402,0.029,0.080,1.087,2,1100
198009694,-1.037,0.244,0.976,0.058,0.042,1.057,2,1100
198010215,-1.037,1.220,0.610,0.096,0.029,1.038,2,1100
198011694,-1.220,2.561,0.244,0.032,0.046,1.005,2,1100
198012207,-1.220,2.561,0.244,0.032,0.046,1.005,2,1100
198013694,-0.854,2.195,-0.244,-0.138,-0.014,1.026,2,1100
198014210,-0.549,1.280,-0.061,-0.138,-0.014,1.026,2,1100
198015694,-0.915,0.671,0.976,-0.061,0.089,1.057,2,1100
198016210,-0.976,0.305,1.402,0.029,0.036,1.064,2,1100
198017694,-1.159,0.366,0.976,0.065,0.046,1.062,2,1100
198018207,-1.280,0.976,0.549,0.116,0.050,1.053,2,1100
198019694,-1.159,2.439,-0.061,0.011,0.006,1.001,2,1100
198020210,-1.159,2.439,-0.061,0.011,0.006,1.001,2,1100
198021694,-0.915,2.500,-0.122,-0.121,0.031,1.009,2,1100
198022208,-0.793,1.463,0.305,-0.083,0.025,1.011,2,1100
198023694,-0.732,0.549,0.732,-0.063,0.065,1.098,2,1100
198024207,-0.549,0.549,0.915,0.015,0.047,1.056,2,1100
198025694,-0.976,1.341,0.488,0.115,0.042,1.048,2,1100
198026215,-0.976,1.341,0.488,0.115,0.042,1.048,2,1100
198027694,-1.585,2.622,-0.244,-0.023,-0.019,1.024,2,1100
198028215,-1.463,2.805,-0.305,-0.023,-0.019,1.024,2,1100
198029694,-1.037,2.195,-0.061,-0.068,-0.013,1.031,2,1100
198030215,-0.976,1.220,0.488,-0.130,0.076,1.030,2,1100
198031694,-0.671,0.305,0.793,-0.037,0.011,1.084,2,1100
198032215,-0.671,0.305,0.793,0.017,0.090,1.042,2,1100
198033694,-0.854,1.585,0.732,0.107,0.076,1.065,2,1100
198034207,-0.854,1.585,0.732,0.107,0.076,1.065,2,1100
198035694,-1.402,3.049,-0.244,-0.037,-0.020,1.045,2,1100
198036210,-1.220,2.744,-0.305,-0.080,0.035,0.995,2,1100
198037694,-1.402,2.012,0.244,-0.082,-0.023,1.010,2,1100
198038207,-1.037,0.854,0.488,-0.140,0.057,1.063,2,1100
198039694,-0.915,0.488,1.098,0.063,0.107,1.060,2,1100
198040208,-0.915,0.488,1.098,0.063,0.107,1.060,2,1100
198041694,-1.037,1.220,0.488,0.107,0.037,1.038,2,1100
198042207,-0.976,2.073,0.000,0.060,-0.008,1.051,2,1100
198043694,-1.098,2.866,-0.061,-0.028,0.011,1.012,2,1100
198044215,-1.159,2.561,-0.061,-0.064,0.001,0.995,2,1100
198045698,-0.793,0.671,0.122,-0.104,0.019,1.069,2,1100
198046223,-0.793,0.671,0.122,-0.104,0.019,1.069,2,1100
198047696,-0.671,0.244,0.854,0.104,0.042,1.073,2,1100
198048216,-0.915,0.244,0.671,0.104,0.042,1.073,2,1100
198049694,-0.732,1.463,0.244,0.113,-0.021,1.036,2,1100
198050211,-0.854,2.622,0.122,0.038,0.038,1.042,2,1100
198051694,-0.915,3.171,-0.244,-0.013,-0.000,1.004,2,1100
198052215,-0.976,2.683,-0.427,-0.108,0.016,0.993,2,1100
198053694,-1.159,0.915,0.427,-0.104,0.069,1.051,2,1100
198054208,-1.159,0.915,0.427,-0.104,0.069,1.051,2,1100
198055694,-0.976,0.366,1.098,0.075,0.061,1.055,2,1100
198056212,-0.854,0.976,0.366,0.094,0.024,1.034,2,1100
198057694,-1.220,2.012,0.000,0.090,0.027,1.056,2,1100
198058207,-0.793,2.683,-0.183,0.051,0.034,1.035,2,1100
198059695,-1.037,2.256,-0.549,-0.108,-0.030,1.019,2,1100
198060214,-1.037,2.256,-0.549,-0.108,-0.030,1.019,2,1100
198061694,-0.976,0.976,0.366,-0.080,0.086,1.013,2,1100
198062207,-0.732,0.305,0.915,-0.080,0.086,1.013,2,1100
198063694,-0.671,0.183,1.220,0.046,0.070,1.051,2,1100
198064210,-0.793,0.793,0.671,0.111,0.010,1.040,2,1100
198065694,-1.037,2.622,0.061,0.101,0.055,1.043,2,1100
198066213,-1.037,2.622,0.061,0.054,-0.006,1.015,2,1100
198067694,-1.159,2.134,-0.366,-0.102,-0.054,1.037,2,1100
198068207,-1.159,2.134,-0.366,-0.102,-0.054,1.037,2,1100
198069694,-1.037,0.549,0.915,-0.060,0.057,1.074,2,1100
198070207,-0.915,0.183,1.037,0.022,0.078,1.067,2,1100
198071694,-0.732,0.183,0.793,0.080,0.022,1.043,2,1100
198072215,-0.671,1.098,0.366,0.108,0.072,1.042,2,1100
198073694,-1.159,2.561,0.122,-0.014,0.027,0.968,2,1100
198074208,-1.159,2.561,0.122,-0.014,0.027,0.968,2,1100
198075694,-1.159,2.195,-0.122,-0.128,0.037,1.029,2,1100
198076207,-0.793,1.037,0.549,-0.083,0.021,1.014,2,1100
198077694,-1.098,0.244,1.037,-0.064,0.065,1.088,2,1100
198078215,-0.732,-0.061,0.915,0.026,0.057,1.046,2,1100
198079694,-0.854,1.220,0.183,0.120,0.058,1.032,2,1100
198080215,-0.854,1.220,0.183,0.120,0.058,1.032,2,1100
198081694,-1.402,2.744,-0.183,-0.031,0.011,1.017,2,1100
198082207,-1.402,2.744,-0.183,-0.031,0.011,1.017,2,1100
198083694,-1.098,2.256,-0.122,-0.101,0.011,1.012,2,1100
198084212,-0.793,1.220,0.244,-0.101,0.017,1.044,2,1100
198085694,-0.732,0.549,0.366,-0.057,0.050,1.072,2,1100
198086212,-0.915,0.549,0.610,0.032,0.071,1.042,2,1100
198087694,-0.854,1.220,0.854,0.106,0.038,1.068,2,1100
198088208,-0.854,1.220,0.854,0.106,0.038,1.068,2,1100
198089694,-0.976,2.744,-0.366,-0.015,-0.017,1.043,2,1100
198090210,-1.098,2.622,-0.366,-0.090,0.032,1.000,2,1100
198091694,-1.098,2.256,0.000,-0.098,-0.027,1.028,2,1100
198092210,-1.037,0.915,0.366,-0.126,0.055,1.052,2,1100
198093694,-0.915,0.183,1.341,0.055,0.107,1.074,2,1100
198094207,-0.915,0.183,1.341,0.055,0.107,1.074,2,1100
198095694,-1.098,1.463,0.427,0.107,0.035,1.035,2,1100
198096215,-1.098,2.378,0.122,0.107,0.035,1.035,2,1100
198097694,-1.402,2.988,-0.183,-0.029,0.010,1.029,2,1100
198098212,-1.280,2.683,-0.244,-0.069,0.006,1.007,2,1100
198099694,-0.976,0.793,0.305,-0.127,-0.035,1.030,2,1100
198100210,-0.976,0.793,0.305,-0.125,0.052,1.068,2,1100
198101694,-1.037,0.122,0.915,0.095,0.075,1.068,2,1100
198102207,-1.037,0.122,0.915,0.095,0.075,1.068,2,1100
198103694,-1.341,1.524,0.244,0.087,0.005,1.019,2,1100
198104207,-1.402,2.622,-0.061,0.046,0.012,1.050,2,1100
198105694,-1.402,3.049,-0.183,-0.029,0.015,1.002,2,1100
198106215,-1.220,2.744,-0.244,-0.096,-0.019,1.021,2,1100
198107694,-1.098,0.732,0.305,-0.099,0.046,1.037,2,1100
198108215,-1.098,0.732,0.305,-0.099,0.046,1.037,2,1100
198109694,-1.098,0.366,1.220,0.092,0.048,1.051,2,1100
198110215,-1.098,0.854,0.793,0.092,0.032,1.041,2,1100
198111694,-1.159,1.768,0.366,0.098,0.012,1.055,2,1100
198112207,-1.159,2.500,0.122,0.050,0.056,1.041,2,1100
198113694,-1.098,2.561,-0.427,-0.121,-0.024,1.015,2,1100
198114210,-1.098,2.561,-0.427,-0.121,-0.024,1.015,2,1100
198115694,-0.793,0.793,0.854,-0.071,0.078,1.016,2,1100
198116207,-0.793,0.793,0.854,-0.071,0.078,1.016,2,1100
198117694,-0.976,0.427,1.098,0.060,0.052,1.042,2,1100
198118215,-1.037,1.159,0.549,0.098,-0.001,1.059,2,1100
198119698,-1.159,1.951,0.305,0.113,0.059,1.040,2,1100
198120226,-1.159,2.744,0.000,0.045,0.015,1.004,2,1100
198121696,-1.037,2.439,-0.488,-0.117,-0.037,1.038,2,1100
198122218,-1.037,2.439,-0.488,-0.117,-0.037,1.038,2,1100
198123696,-1.341,0.732,0.976,-0.043,0.078,1.065,2,1100
198124215,-1.220,0.305,0.976,0.020,0.074,1.066,2,1100
198125694,-0.915,0.610,0.976,0.065,0.028,1.039,2,1100
198126208,-0.549,1.463,0.793,0.105,0.050,1.064,2,1100
198127694,-1.402,2.561,0.122,0.006,0.012,0.987,2,1100
198128207,-1.402,2.561,0.122,0.006,0.012,0.987,2,1100
198129694,-1.159,2.256,0.061,-0.134,0.013,1.023,2,1100
198130207,-1.037,1.402,0.427,-0.134,0.013,1.023,2,1100
198131694,-0.976,0.671,0.976,-0.057,0.071,1.092,2,1100
198132212,-0.732,0.366,0.915,0.029,0.049,1.042,2,1100
198133694,-0.915,1.220,0.610,0.085,0.050,1.072,2,1100
198134207,-0.915,1.220,0.610,0.133,0.071,1.044,2,1100
198135694,-1.159,2.683,-0.061,-0.029,0.004,1.015,2,1100
198136210,-1.159,2.683,-0.061,-0.029,0.004,1.015,2,1100
198137694,-1.098,2.256,0.061,-0.110,0.032,1.007,2,1100
198138207,-0.854,0.854,0.488,-0.077,0.031,1.035,2,1100
198139694,-0.671,0.244,0.732,-0.048,0.053,1.072,2,1100
198140207,-0.793,0.183,0.610,0.035,0.056,1.047,2,1100
198141694,-1.037,1.585,0.427,0.133,0.055,1.056,2,1100
198142203,-1.037,1.585,0.427,0.133,0.055,1.056,2,1100
198143694,-1.037,2.805,-0.305,-0.042,-0.023,1.027,2,1100
198144210,-1.280,2.805,-0.244,-0.078,0.020,0.992,2,1100
198145694,-1.463,1.951,0.244,-0.083,0.007,1.010,2,1100
198146207,-1.402,0.915,0.732,-0.112,0.038,1.062,2,1100
198147694,-0.732,0.488,0.915,0.047,0.093,1.066,2,1100
198148208,-0.732,0.488,0.915,0.047,0.093,1.066,2,1100
198149694,-0.854,1.524,0.854,0.098,0.036,1.017,2,1100
198150207,-0.854,1.524,0.854,0.098,0.036,1.017,2,1100
198151694,-1.159,2.683,-0.427,-0.040,0.007,1.016,2,1100
198152207,-1.037,2.683,-0.061,-0.060,0.020,1.000,2,1100
198153694,-0.854,1.768,0.427,-0.119,-0.006,1.042,2,1100
198154215,-0.671,1.098,0.610,-0.120,0.036,1.066,2,1100
198155694,-0.854,0.305,1.098,0.099,0.093,1.065,2,1100
198156207,-0.854,0.305,1.098,0.099,0.093,1.065,2,1100
198157694,-1.159,1.646,0.305,0.094,-0.007,1.022,2,1100
198158207,-1.341,2.439,-0.061,0.040,0.002,1.049,2,1100
198159694,-1.463,2.805,-0.061,-0.031,0.035,0.986,2,1100
198160207,-1.341,2.439,-0.122,-0.074,-0.007,1.012,2,1100
198161694,-0.732,0.915,0.732,-0.100,0.021,1.040,2,1100
198162207,-0.732,0.915,0.732,-0.100,0.021,1.040,2,1100
198163694,-0.732,0.366,1.402,0.110,0.068,1.034,2,1100
198164210,-0.793,0.915,0.610,0.110,0.068,1.034,2,1100
198165694,-1.037,2.073,0.183,0.079,-0.001,1.060,2,1100
198166215,-1.037,2.866,0.244,0.042,0.038,1.025,2,1100
198167694,-0.976,2.317,-0.305,-0.026,0.008,1.004,2,1100
198168203,-0.976,2.317,-0.305,-0.104,-0.024,1.028,2,1100
198169694,-0.915,0.854,0.305,-0.083,0.071,1.029,2,1100
198170207,-0.915,0.854,0.305,-0.083,0.071,1.029,2,1100
198171694,-0.976,0.427,1.037,0.055,0.076,1.039,2,1100
198172207,-0.915,1.159,0.305,0.102,-0.012,1.061,2,1100
198173694,-1.220,2.073,0.366,0.087,0.051,1.052,2,1100
198174210,-1.341,2.744,0.244,0.062,0.025,0.983,2,1100
198175694,-1.098,2.317,-0.366,-0.122,-0.054,1.038,2,1100
198176208,-1.098,2.317,-0.366,-0.122,-0.054,1.038,2,1100
198177694,-0.732,0.671,0.549,-0.043,0.094,1.071,2,1100
198178207,-0.915,0.183,0.976,0.061,0.068,1.062,2,1100
198179694,-0.854,0.427,0.610,0.056,0.027,1.038,2,1100
198180207,-1.037,1.341,0.183,0.094,0.014,1.046,2,1100
198181694,-0.915,2.744,0.244,0.010,0.014,0.997,2,1100
198182207,-0.915,2.744,0.244,0.010,0.014,0.997,2,1100
198183694,-0.976,2.195,-0.427,-0.144,-0.010,1.025,2,1100
198184207,-0.976,2.195,-0.427,-0.144,-0.010,1.025,2,1100
198185694,-0.793,0.671,0.915,-0.041,0.089,1.091,2,1100
198186203,-0.732,0.366,0.915,0.042,0.056,1.028,2,1100
198187694,-0.854,0.915,0.549,0.071,0.033,1.079,2,1100
198188207,-0.915,1.402,0.244,0.115,0.075,1.063,2,1100
198189694,-1.402,2.500,-0.183,-0.020,0.003,1.015,2,1100
198190207,-1.402,2.500,-0.183,-0.020,0.003,1.015,2,1100
198191694,-1.220,2.317,-0.183,-0.117,0.027,1.022,2,1100
198192208,-1.220,1.098,0.610,-0.076,0.044,1.046,2,1100
198193694,-1.159,0.305,0.610,-0.025,0.070,1.048,2,1100
198194208,-1.463,0.183,0.610,0.026,0.032,1.052,2,1100
198195694,-1.220,1.402,0.549,0.125,0.065,1.059,2,1100
198196213,-1.220,1.402,0.549,0.125,0.065,1.059,2,1100
198197694,-1.220,2.988,-0.305,-0.043,-0.029,1.027,2,1100
198198207,-1.159,2.683,-0.732,-0.043,-0.029,1.027,2,1100
198199694,-1.098,2.134,-0.244,-0.089,0.006,1.034,2,1100
198200207,-1.341,1.280,0.488,-0.109,0.075,1.047,2,1100
198201694,-0.549,0.244,0.732,-0.010,0.030,1.041,2,1100
198202208,-0.549,0.244,0.732,0.023,0.084,1.086,2,1100
198203694,-0.549,1.585,0.549,0.118,0.062,1.023,2,1100
198204207,-0.549,1.585,0.549,0.118,0.062,1.023,2,1100
198205702,-1.341,2.988,-0.427,-0.064,-0.014,1.030,2,1100
198206230,-1.159,2.805,-0.549,-0.085,0.012,0.997,2,1100
198207697,-1.098,1.829,0.122,-0.106,0.011,1.021,2,1100
198208218,-1.159,0.610,0.244,-0.109,0.041,1.046,2,1100
198209694,-0.732,0.183,1.159,0.074,0.097,1.060,2,1100
198210207,-0.732,0.183,1.159,0.074,0.097,1.060,2,1100
198211694,-1.220,1.646,0.610,0.103,0.015,1.028,2,1100
198212210,-1.341,2.622,-0.061,0.030,-0.008,1.045,2,1100
198213694,-1.463,2.988,-0.244,-0.042,0.017,0.986,2,1100
198214208,-1.524,2.561,-0.183,-0.068,0.002,1.016,2,1100
198215694,-0.732,0.793,0.366,-0.098,0.027,1.047,2,1100
198216203,-0.732,0.793,0.366,-0.098,0.027,1.047,2,1100
198217694,-0.610,0.366,0.915,0.124,0.066,1.058,2,1100
198218207,-0.610,0.366,0.915,0.124,0.066,1.058,2,1100
198219694,-0.976,1.768,0.122,0.091,-0.013,1.048,2,1100
198220207,-1.463,2.805,-0.061,0.014,0.033,1.035,2,1100
198221694,-1.463,2.500,-0.305,-0.028,-0.010,1.009,2,1100
198222215,-1.402,2.317,-0.183,-0.107,0.011,1.013,2,1100
198223694,-0.854,1.220,0.427,-0.104,0.064,1.053,2,1100
198224207,-0.854,1.220,0.427,-0.104,0.064,1.053,2,1100
198225694,-0.915,0.366,0.793,0.085,0.075,1.028,2,1100
198226215,-0.793,0.854,0.366,0.115,-0.013,1.050,2,1100
198227694,-0.915,2.012,0.244,0.069,0.024,1.067,2,1100
198228215,-0.793,2.744,-0.122,0.040,0.024,0.989,2,1100
198229694,-0.976,1.890,-0.793,-0.105,-0.043,1.030,2,1100
198230210,-0.976,1.890,-0.793,-0.105,-0.043,1.030,2,1100
198231694,-0.976,0.549,0.488,-0.060,0.092,1.060,2,1100
198232207,-0.793,0.061,1.098,-0.060,0.092,1.060,2,1100
198233694,-0.732,0.427,0.976,0.071,0.055,1.036,2,1100
198234212,-0.854,1.159,0.488,0.102,-0.007,1.054,2,1100
198235694,-1.402,2.561,0.488,0.079,0.061,1.043,2,1100
198236212,-1.402,2.561,0.488,0.033,-0.016,1.003,2,1100
198237694,-1.341,2.317,-0.183,-0.125,-0.035,1.026,2,1100
198238207,-1.341,2.317,-0.183,-0.125,-0.035,1.026,2,1100
198239694,-0.915,0.671,0.732,-0.034,0.073,1.089,2,1100
198240215,-0.854,0.244,1.220,0.023,0.091,1.020,2,1100
198241694,-0.976,0.427,0.915,0.083,0.020,1.082,2,1100
198242208,-1.098,1.159,0.671,0.110,0.051,1.048,2,1100
198243694,-1.402,2.683,0.061,-0.032,0.033,1.008,2,1100
198244215,-1.402,2.683,0.061,-0.032,0.033,1.008,2,1100
198245694,-1.037,2.256,-0.305,-0.143,0.037,1.016,2,1100
198246215,-1.037,0.976,0.183,-0.082,0.014,1.051,2,1100
198247694,-0.854,0.488,0.915,-0.031,0.093,1.062,2,1100
198248207,-0.854,0.183,1.037,0.048,0.033,1.046,2,1100
198249702,-0.549,1.402,0.549,0.121,0.054,1.040,2,1100
198250229,-0.549,1.402,0.549,0.121,0.054,1.040,2,1100
198251697,-0.793,2.805,-0.183,-0.043,0.006,1.014,2,1100
198252221,-0.793,2.805,-0.183,-0.043,0.006,1.014,2,1100
198253694,-1.220,2.195,-0.061,-0.114,0.023,1.031,2,1100
198254207,-1.341,1.098,0.732,-0.087,0.035,1.069,2,1100
198255694,-1.037,0.366,0.732,-0.035,0.068,1.028,2,1100
198256210,-0.854,0.427,0.732,0.066,0.062,1.096,2,1100
198257694,-1.159,1.341,0.610,0.120,0.039,1.025,2,1100
198258208,-1.159,1.341,0.610,0.120,0.039,1.025,2,1100
198259694,-1.402,2.683,-0.244,-0.024,-0.022,1.036,2,1100
198260207,-1.585,2.500,-0.183,-0.086,0.015,0.997,2,1100
198261694,-1.341,1.585,0.244,-0.101,-0.009,1.036,2,1100
198262215,-0.976,0.732,0.366,-0.104,0.073,1.048,2,1100
198263694,-1.037,0.366,1.037,0.058,0.102,1.080,2,1100
198264203,-1.037,0.366,1.037,0.058,0.102,1.080,2,1100
198265694,-1.098,1.585,0.549,0.108,0.043,1.019,2,1100
198266207,-1.220,2.683,0.000,0.108,0.043,1.019,2,1100
198267694,-1.220,3.110,-0.183,-0.052,0.013,0.996,2,1100
198268215,-0.915,2.500,-0.427,-0.078,0.004,1.007,2,1100
198269695,-0.610,0.610,0.183,-0.130,0.007,1.041,2,1100
198270215,-0.610,0.610,0.183,-0.101,0.041,1.029,2,1100
198271694,-0.854,0.427,0.732,0.102,0.074,1.045,2,1100
198272215,-0.854,0.427,0.732,0.102,0.074,1.045,2,1100
198273694,-0.976,1.829,0.122,0.104,0.017,1.039,2,1100
198274207,-1.280,2.622,-0.122,0.042,0.017,1.043,2,1100
198275694,-1.037,2.927,-0.183,-0.060,0.019,0.980,2,1100
198276207,-0.915,2.317,-0.122,-0.079,-0.030,1.032,2,1100
198277694,-1.098,0.488,0.976,-0.063,0.027,1.056,2,1100
198278215,-1.098,0.488,0.976,-0.063,0.027,1.056,2,1100
198279694,-1.280,0.366,1.098,0.086,0.047,1.017,2,1100
198280215,-1.098,1.098,0.610,0.090,0.031,1.052,2,1100
198281694,-1.220,2.012,0.305,0.101,-0.004,1.068,2,1100
198282210,-1.220,2.866,0.183,0.030,0.037,0.986,2,1100
198283694,-1.098,2.317,-0.061,-0.059,-0.018,1.020,2,1100
198284207,-1.098,2.317,-0.061,-0.116,-0.018,1.027,2,1100
198285694,-1.098,0.610,0.976,-0.066,0.091,1.083,2,1100
198286209,-1.098,0.610,0.976,-0.066,0.091,1.083,2,1100
198287694,-0.854,0.305,0.732,0.068,0.059,1.040,2,1100
198288207,-0.732,1.037,0.244,0.112,0.008,1.059,2,1100
198289694,-0.732,2.134,0.183,0.086,0.049,1.025,2,1100
198290212,-0.610,2.622,-0.061,0.037,0.004,1.005,2,1100
198291694,-1.159,2.256,-0.244,-0.117,-0.036,1.012,2,1100
198292208,-1.159,2.256,-0.244,-0.117,-0.036,1.012,2,1100
198293694,-1.037,0.488,0.976,-0.026,0.077,1.072,2,1100
198294207,-0.610,0.305,1.037,0.049,0.056,1.046,2,1100
198295694,-0.732,0.671,0.488,0.074,0.036,1.061,2,1100
198296207,-1.220,1.402,0.000,0.118,0.028,1.061,2,1100
198297694,-1.585,2.866,0.122,-0.019,-0.003,1.035,2,1100
198298210,-1.585,2.866,0.122,-0.019,-0.003,1.035,2,1100
198299694,-1.463,2.256,0.000,-0.136,0.012,1.015,2,1100
198300207,-0.854,0.976,0.610,-0.136,0.012,1.015,2,1100
198301694,-0.671,0.366,1.037,-0.037,0.086,1.048,2,1100
198302207,-0.915,0.183,0.854,0.045,0.036,1.052,2,1100
198303694,-0.915,1.524,0.793,0.087,0.064,1.065,2,1100
198304207,-0.915,1.524,0.793,0.141,0.061,1.036,2,1100
198305694,-1.159,2.622,-0.122,-0.035,-0.010,1.020,2,1100
198306207,-1.159,2.622,-0.122,-0.035,-0.010,1.020,2,1100
198307694,-1.159,2.012,-0.061,-0.111,0.034,1.018,2,1100
198308207,-1.037,0.915,0.915,-0.068,0.036,1.059,2,1100
198309694,-1.037,0.549,1.098,-0.044,0.069,1.044,2,1100
198310215,-0.854,0.366,0.793,0.050,0.042,1.074,2,1100
198311694,-0.793,1.768,0.549,0.130,0.048,1.011,2,1100
198312207,-0.793,1.768,0.549,0.130,0.048,1.011,2,1100
198313694,-1.098,2.988,-0.610,-0.059,-0.014,1.012,2,1100
198314207,-1.341,2.927,-0.427,-0.095,0.000,1.011,2,1100
198315694,-1.098,1.707,0.427,-0.097,0.027,1.035,2,1100
198316207,-1.098,0.732,0.610,-0.110,0.051,1.035,2,1100
198317694,-0.793,0.488,1.098,-0.024,0.030,1.082,2,1100
198318207,-0.793,0.488,1.098,0.082,0.096,1.071,2,1100
198319694,-0.915,1.829,0.488,0.102,0.018,1.043,2,1100
198320207,-0.915,1.829,0.488,0.102,0.018,1.043,2,1100
198321694,-1.402,3.171,-0.549,-0.056,0.008,0.976,2,1100
198322207,-1.402,2.439,-0.183,-0.073,-0.003,1.012,2,1100
198323694,-0.732,1.280,0.061,-0.113,0.014,1.039,2,1100
198324208,-0.488,0.732,0.488,-0.101,0.032,1.045,2,1100
198325694,-0.549,0.427,0.915,0.115,0.083,1.052,2,1100
198326215,-0.549,0.427,0.915,0.115,0.083,1.052,2,1100
198327694,-0.976,1.768,0.244,0.073,0.000,1.035,2,1100
198328207,-1.220,2.622,-0.061,0.007,-0.009,1.032,2,1100
198329694,-1.280,2.988,0.000,-0.061,0.034,0.993,2,1100
198330210,-1.098,2.378,0.183,-0.076,-0.006,1.031,2,1100
198331694,-0.793,0.244,0.427,-0.069,0.009,1.064,2,1100
198332207,-0.793,0.244,0.427,-0.069,0.009,1.064,2,1100
198333694,-0.549,0.427,1.280,0.113,0.062,1.022,2,1100
198334210,-0.793,0.732,0.732,0.113,0.062,1.022,2,1100
198335694,-1.159,2.134,0.183,0.080,-0.008,1.073,2,1100
198336207,-1.402,2.927,-0.061,0.009,0.040,0.983,2,1100
198337694,-1.220,2.317,-0.305,-0.049,0.011,1.005,2,1100
198338207,-1.220,2.317,-0.305,-0.115,-0.028,1.028,2,1100
198339694,-1.159,0.610,0.610,-0.060,0.090,1.078,2,1100
198340215,-1.159,0.610,0.610,-0.060,0.090,1.078,2,1100
198341694,-0.976,0.488,0.854,0.089,0.042,1.043,2,1100
198342215,-0.915,1.280,0.061,0.088,-0.006,1.072,2,1100
198343694,-1.159,2.256,-0.061,0.083,0.052,1.024,2,1100
198344212,-1.098,2.683,-0.122,0.031,0.017,1.012,2,1100
198345694,-1.037,2.012,-0.244,-0.133,-0.045,1.016,2,1100
198346207,-1.037,2.012,-0.244,-0.133,-0.045,1.016,2,1100
198347694,-1.037,0.488,0.671,-0.015,0.103,1.063,2,1100
198348209,-1.098,0.305,1.037,0.049,0.062,1.033,2,1100
198349701,-0.854,0.610,0.549,0.082,0.033,1.074,2,1100
198350231,-0.915,1.402,0.122,0.104,0.006,1.069,2,1100
198351697,-1.341,2.683,0.122,0.094,0.066,1.005,2,1100
198352212,-1.341,2.683,0.122,0.002,0.010,1.021,2,1100
198353694,-1.341,2.073,-0.244,-0.143,-0.024,1.028,2,1100
198354209,-1.341,2.073,-0.244,-0.143,-0.024,1.028,2,1100
198355694,-0.976,0.244,1.159,0.004,0.083,1.033,2,1100
198356213,-0.732,0.183,1.280,0.043,0.035,1.055,2,1100
198357694,-0.915,0.610,0.610,0.071,0.026,1.063,2,1100
198358215,-1.037,1.463,0.244,0.136,0.052,1.038,2,1100
198359694,-1.098,2.683,0.061,-0.045,-0.016,1.008,2,1100
198360203,-1.098,2.683,0.061,-0.045,-0.016,1.008,2,1100
198361694,-0.671,2.073,-0.122,-0.133,0.021,1.026,2,1100
198362207,-1.037,0.732,0.610,-0.054,0.063,1.061,2,1100
198363694,-1.037,0.000,1.037,-0.021,0.069,1.032,2,1100
198364215,-1.220,0.244,0.976,0.041,0.039,1.085,2,1100
198365695,-1.159,1.646,0.610,0.139,0.054,1.017,2,1100
198366209,-1.159,1.646,0.610,0.139,0.054,1.017,2,1100
198367694,-1.098,2.439,-0.244,-0.071,-0.028,1.013,2,1100
198368208,-1.159,2.927,-0.488,-0.071,-0.028,1.013,2,1100
198369694,-1.463,1.707,0.244,-0.090,0.042,1.048,2,1100
198370207,-1.037,0.854,0.976,-0.081,0.053,1.029,2,1100
198371694,-0.732,0.671,0.793,-0.011,0.029,1.073,2,1100
198372212,-0.732,0.671,0.793,0.047,0.069,1.080,2,1100
198373694,-0.915,1.524,0.427,0.130,0.035,1.033,2,1100
198374207,-0.915,1.524,0.427,0.130,0.035,1.033,2,1100
198375694,-1.098,3.110,-0.366,-0.084,-0.015,1.001,2,1100
198376207,-1.159,2.683,-0.305,-0.076,0.005,1.022,2,1100
198377694,-0.915,1.646,0.244,-0.103,0.043,1.033,2,1100
198378210,-0.671,0.732,0.610,-0.095,0.038,1.039,2,1100
198379694,-1.037,0.488,0.793,0.104,0.075,1.045,2,1100
198380210,-1.037,0.488,0.793,0.104,0.075,1.045,2,1100
198381694,-1.280,2.012,0.549,0.111,-0.010,1.042,2,1100
198382210,-1.341,2.866,-0.061,0.006,-0.006,1.042,2,1100
198383694,-1.402,2.805,-0.427,-0.071,0.001,0.981,2,1100
198384207,-1.098,2.256,-0.061,-0.068,0.007,1.031,2,1100
198385700,-0.854,0.610,0.549,-0.144,0.027,1.012,2,1100
198386223,-0.854,0.610,0.549,-0.075,0.012,1.056,2,1100
198387696,-0.793,0.549,1.098,0.115,0.068,1.020,2,1100
198388215,-0.793,0.549,1.098,0.115,0.068,1.020,2,1100
198389694,-0.976,1.707,0.244,0.075,-0.016,1.051,2,1100
198390207,-1.220,2.561,-0.183,0.002,0.021,1.017,2,1100
198391694,-1.341,2.500,-0.183,-0.051,0.024,0.993,2,1100
198392207,-1.098,2.012,0.061,-0.088,-0.022,1.000,2,1100
198393694,-0.854,0.610,0.610,-0.083,0.058,1.100,2,1100
198394215,-0.854,0.610,0.610,-0.083,0.058,1.100,2,1100
198395694,-0.793,0.488,1.098,0.093,0.075,1.041,2,1100
198396207,-1.037,1.037,0.427,0.099,0.004,1.056,2,1100
198397694,-1.341,2.317,0.122,0.051,0.024,1.040,2,1100
198398207,-1.220,2.988,0.061,0.039,0.004,1.015,2,1100
198399694,-1.280,1.707,-0.061,-0.128,-0.046,1.008,2,1100
198400207,-1.280,1.707,-0.061,-0.128,-0.046,1.008,2,1100
198401694,-1.098,0.610,0.793,-0.030,0.096,1.059,2,1100
198402210,-1.159,0.244,1.280,-0.030,0.096,1.059,2,1100
198403694,-1.098,0.305,0.671,0.088,0.045,1.062,2,1100
198404203,-1.098,1.159,0.305,0.099,-0.023,1.063,2,1100
198405694,-1.524,2.683,0.183,0.079,0.066,1.010,2,1100
198406207,-1.524,2.683,0.183,0.006,-0.003,1.004,2,1100
198407694,-1.220,2.134,-0.244,-0.137,-0.033,1.039,2,1100
198408207,-1.220,2.134,-0.244,-0.137,-0.033,1.039,2,1100
198409694,-1.159,0.427,1.037,-0.018,0.086,1.035,2,1100
198410207,-1.341,0.244,0.915,0.068,0.053,1.058,2,1100
198411694,-0.915,0.793,0.183,0.084,0.017,1.076,2,1100
198412215,-1.037,1.829,0.000,0.102,0.062,1.034,2,1100
198413701,-1.037,2.683,0.000,-0.041,0.028,0.995,2,1100
198414226,-1.037,2.683,0.000,-0.041,0.028,0.995,2,1100
198415699,-0.915,1.951,-0.122,-0.153,0.030,1.035,2,1100
198416221,-0.793,1.098,0.671,-0.062,0.044,1.064,2,1100
198417694,-1.037,0.305,1.280,-0.016,0.109,1.033,2,1100
198418212,-0.976,0.244,0.793,0.080,0.021,1.081,2,1100
198419694,-1.098,2.012,0.549,0.089,0.044,1.070,2,1100
198420208,-1.098,2.012,0.549,0.118,0.046,1.021,2,1100
198421694,-1.098,2.561,-0.183,-0.036,-0.036,1.007,2,1100
198422207,-1.098,2.561,-0.183,-0.036,-0.036,1.007,2,1100
198423694,-1.159,1.585,0.061,-0.116,0.038,1.037,2,1100
198424207,-1.220,0.854,0.854,-0.075,0.070,1.037,2,1100
198425694,-1.159,0.305,0.915,-0.004,0.050,1.068,2,1100
198426207,-1.280,0.427,0.793,0.071,0.054,1.080,2,1100
198427694,-0.976,1.768,0.366,0.131,0.026,1.060,2,1100
198428208,-0.976,1.768,0.366,0.131,0.026,1.060,2,1100
198429694,-1.341,2.561,-0.366,-0.063,-0.033,0.999,2,1100
198430210,-1.159,2.500,-0.061,-0.125,0.029,1.028,2,1100
198431694,-0.976,1.585,0.549,-0.075,-0.009,1.040,2,1100
198432207,-1.159,0.793,0.854,-0.100,0.086,1.046,2,1100
198433694,-1.098,0.366,0.793,0.078,0.084,1.049,2,1100
198434210,-1.098,0.366,0.793,0.078,0.084,1.049,2,1100
198435694,-1.220,2.012,0.305,0.096,0.040,1.037,2,1100
198436207,-1.280,2.500,0.000,0.096,0.040,1.037,2,1100
198437694,-1.220,2.988,-0.122,-0.086,0.005,1.009,2,1100
198438207,-1.037,2.317,0.122,-0.076,-0.020,1.034,2,1100
198439694,-0.732,0.488,0.366,-0.141,0.046,0.999,2,1100
198440207,-0.732,0.488,0.366,-0.051,0.001,1.086,2,1100
198441698,-0.976,0.366,0.793,0.115,0.043,1.021,2,1100
198442226,-0.976,0.366,0.793,0.115,0.043,1.021,2,1100
198443696,-1.159,2.012,0.183,0.090,-0.006,1.053,2,1100
198444218,-1.220,2.744,0.000,-0.006,0.003,1.011,2,1100
198445694,-0.915,2.805,-0.122,-0.080,0.021,0.993,2,1100
198446210,-1.098,2.378,-0.122,-0.079,-0.029,1.034,2,1100
198447695,-1.341,0.488,0.366,-0.061,0.034,1.095,2,1100
198448217,-1.341,0.488,0.366,-0.061,0.034,1.095,2,1100
198449694,-1.098,0.610,0.976,0.101,0.032,1.046,2,1100
198450207,-1.341,1.341,0.305,0.096,0.039,1.046,2,1100
198451694,-1.280,2.561,0.000,0.077,-0.002,1.025,2,1100
198452207,-1.159,2.988,-0.183,0.008,0.017,1.015,2,1100
198453694,-1.341,1.768,-0.305,-0.070,0.013,1.007,2,1100
198454208,-1.341,1.768,-0.305,-0.122,-0.015,0.999,2,1100
198455694,-1.098,0.671,0.549,-0.048,0.093,1.046,2,1100
198456210,-1.098,0.671,0.549,-0.048,0.093,1.046,2,1100
198457694,-0.793,0.732,0.793,0.070,0.072,1.043,2,1100
198458210,-0.976,1.524,0.244,0.125,-0.016,1.062,2,1100
198459694,-0.976,2.500,0.122,0.057,0.059,1.026,2,1100
198460208,-1.220,2.927,-0.183,0.015,-0.014,1.029,2,1100
198461694,-1.220,2.073,-0.183,-0.107,-0.048,1.028,2,1100
198462215,-1.220,2.073,-0.183,-0.107,-0.048,1.028,2,1100
198463694,-0.793,0.305,0.915,-0.010,0.085,1.031,2,1100
198464207,-1.037,0.427,1.098,0.079,0.046,1.068,2,1100
198465694,-0.976,0.732,0.610,0.095,0.035,1.044,2,1100
198466208,-1.098,1.707,0.305,0.088,0.028,1.029,2,1100
198467694,-1.098,2.805,0.061,-0.034,0.009,1.002,2,1100
198468207,-1.098,2.805,0.061,-0.034,0.009,1.002,2,1100
198469694,-1.220,1.951,0.000,-0.130,0.024,1.042,2,1100
198470207,-0.915,0.915,0.732,-0.130,0.024,1.042,2,1100
198471694,-0.854,0.427,1.037,-0.006,0.091,1.076,2,1100
198472210,-0.732,0.366,0.915,0.042,0.049,1.071,2,1100
198473694,-1.159,1.585,0.305,0.108,0.041,1.057,2,1100
198474207,-1.159,1.585,0.305,0.122,0.051,1.023,2,1100
198475694,-1.341,2.744,-0.061,-0.063,-0.007,0.990,2,1100
198476215,-1.341,2.744,-0.061,-0.063,-0.007,0.990,2,1100
198477694,-1.037,1.646,0.000,-0.120,0.058,1.038,2,1100
198478207,-1.098,0.793,0.549,-0.062,0.051,1.023,2,1100
198479694,-1.098,0.427,0.915,-0.007,0.053,1.081,2,1100
198480210,-0.854,0.488,1.098,0.066,0.059,1.084,2,1100
198481694,-0.732,1.890,0.305,0.128,0.031,1.052,2,1100
198482207,-0.732,1.890,0.305,0.128,0.031,1.052,2,1100
198483694,-1.098,2.622,-0.366,-0.062,-0.024,0.994,2,1100
198484213,-1.341,2.500,-0.061,-0.104,0.022,1.019,2,1100
198485702,-0.793,1.220,0.122,-0.083,0.002,1.008,2,1100
198486234,-0.854,0.305,0.610,-0.090,0.066,1.063,2,1100
198487697,-1.037,0.488,0.976,0.010,0.046,1.089,2,1100
198488221,-1.037,0.488,0.976,0.090,0.077,1.043,2,1100
198489694,-0.976,1.646,0.366,0.117,0.016,1.064,2,1100
198490207,-0.976,1.646,0.366,0.117,0.016,1.064,2,1100
198491694,-1.402,2.744,-0.244,-0.050,-0.018,1.019,2,1100
198492207,-1.402,2.134,-0.183,-0.087,0.011,1.022,2,1100
198493694,-1.098,1.280,0.183,-0.128,0.024,1.006,2,1100
198494215,-0.671,0.366,0.427,-0.077,0.032,1.086,2,1100
198495694,-0.610,0.549,0.793,0.119,0.058,1.042,2,1100
198496215,-0.610,0.549,0.793,0.119,0.058,1.042,2,1100
198497694,-1.159,2.256,0.183,0.076,0.001,1.038,2,1100
198498207,-0.976,2.988,0.061,-0.009,0.002,1.031,2,1100
198499700,-1.341,2.866,-0.366,-0.056,0.033,0.997,2,1100
198500219,-1.159,1.768,-0.061,-0.104,-0.029,1.014,2,1100
198501696,-1.280,0.305,0.549,-0.032,0.036,1.079,2,1100
198502212,-1.280,0.305,0.549,-0.032,0.036,1.079,2,1100
198503694,-1.341,0.610,0.976,0.103,0.027,1.038,2,1100
198504207,-1.159,1.524,0.366,0.103,0.027,1.038,2,1100
198505694,-1.341,2.256,-0.061,0.064,0.015,1.023,2,1100
198506207,-1.341,3.049,-0.244,-0.015,0.010,1.024,2,1100
198507694,-1.098,2.256,0.122,-0.068,0.016,0.987,2,1100
198508210,-1.098,2.256,0.122,-0.122,-0.039,1.033,2,1100
198509694,-1.037,0.488,0.976,-0.017,0.090,1.040,2,1100
198510210,-1.037,0.488,0.976,-0.017,0.090,1.040,2,1100
198511694,-0.671,0.244,0.610,0.084,0.048,1.046,2,1100
198512212,-0.915,1.159,0.305,0.093,-0.013,1.044,2,1100
198513694,-1.098,2.439,0.061,0.069,0.044,1.026,2,1100
198514210,-1.037,2.805,-0.305,0.004,0.006,1.015,2,1100
198515694,-1.585,1.890,-0.183,-0.122,-0.054,1.037,2,1100
198516215,-1.585,1.890,-0.183,-0.122,-0.054,1.037,2,1100
198517694,-0.732,0.122,1.037,0.023,0.098,1.037,2,1100
198518212,-0.854,0.061,1.159,0.064,0.056,1.072,2,1100
198519694,-0.793,0.610,0.427,0.086,0.018,1.055,2,1100
198520207,-1.098,1.768,0.122,0.111,0.033,1.026,2,1100
198521694,-1.159,2.683,0.183,0.066,0.040,1.028,2,1100
198522215,-1.159,2.683,0.183,-0.013,-0.011,0.995,2,1100
198523694,-0.854,1.707,0.122,-0.147,-0.004,1.054,2,1100
198524207,-0.854,1.707,0.122,-0.147,-0.004,1.054,2,1100
198525694,-0.488,0.488,1.098,0.015,0.078,1.070,2,1100
198526209,-0.610,0.244,0.793,0.055,0.034,1.055,2,1100
198527694,-0.732,0.915,0.244,0.092,0.017,1.044,2,1100
198528215,-0.976,1.646,0.122,0.115,0.050,1.039,2,1100
198529694,-1.037,2.561,-0.061,-0.063,-0.021,0.996,2,1100
198530207,-1.037,2.561,-0.061,-0.063,-0.021,0.996,2,1100
198531694,-0.915,1.707,0.000,-0.121,0.059,1.029,2,1100
198532207,-0.671,0.671,0.732,-0.039,0.062,1.031,2,1100
198533695,-0.488,0.122,0.976,0.001,0.071,1.099,2,1100
198534214,-0.732,0.427,0.671,0.065,0.024,1.061,2,1100
198535694,-0.915,1.646,0.427,0.145,0.025,1.041,2,1100
198536210,-0.915,1.646,0.427,0.145,0.025,1.041,2,1100
198537694,-1.463,2.805,-0.671,-0.088,-0.045,1.018,2,1100
198538212,-1.524,2.439,-0.427,-0.088,-0.045,1.018,2,1100
198539694,-1.098,1.280,0.183,-0.078,0.031,1.016,2,1100
198540207,-0.854,0.549,0.793,-0.066,0.075,1.068,2,1100
198541694,-0.976,0.427,0.793,0.010,0.031,1.077,2,1100
198542207,-0.854,0.671,0.854,0.082,0.061,1.050,2,1100
198543694,-1.098,1.951,0.305,0.107,0.018,1.056,2,1100
198544207,-1.098,1.951,0.305,0.107,0.018,1.056,2,1100
198545694,-1.159,2.744,-0.610,-0.081,-0.029,1.024,2,1100
198546207,-0.732,2.195,-0.061,-0.092,0.033,1.025,2,1100
198547694,-0.610,0.976,0.488,-0.098,0.037,1.011,2,1100
198548207,-0.549,0.366,0.427,-0.056,0.041,1.091,2,1100
198549694,-0.671,0.732,0.793,0.127,0.075,1.055,2,1100
198550206,-0.671,0.732,0.793,0.127,0.075,1.055,2,1100
198551694,-1.159,2.256,0.305,0.084,-0.017,1.006,2,1100
198552210,-1.098,3.171,-0.122,0.084,-0.017,1.006,2,1100
198553694,-1.037,3.110,-0.183,-0.073,0.039,1.004,2,1100
198554208,-1.220,2.439,0.305,-0.080,-0.011,1.017,2,1100
198555694,-0.671,0.305,0.488,-0.132,0.029,1.043,2,1100
198556213,-0.671,0.305,0.488,-0.060,0.028,1.079,2,1100
198557694,-0.854,0.671,0.732,0.146,0.048,1.042,2,1100
198558207,-0.854,0.671,0.732,0.146,0.048,1.042,2,1100
198559694,-0.915,2.195,-0.122,0.057,-0.007,1.018,2,1100
198560207,-1.159,2.866,-0.366,-0.029,-0.002,1.015,2,1100
198561694,-1.280,2.561,0.000,-0.056,0.029,0.999,2,1100
198562212,-1.220,1.829,0.122,-0.108,-0.025,1.013,2,1100
198563694,-1.159,0.488,0.610,-0.031,0.072,1.049,2,1100
198564207,-1.159,0.488,0.610,-0.031,0.072,1.049,2,1100
198565694,-0.671,0.671,1.037,0.108,0.053,1.038,2,1100
198566207,-0.854,1.585,0.549,0.101,-0.014,1.033,2,1100
198567694,-0.976,2.378,0.122,0.031,0.018,1.060,2,1100
198568215,-0.976,2.561,0.061,-0.013,0.030,0.993,2,1100
198569694,-1.402,1.463,0.305,-0.137,-0.034,1.040,2,1100
198570207,-1.402,1.463,0.305,-0.137,-0.034,1.040,2,1100
198571694,-0.976,0.366,0.976,0.015,0.118,1.058,2,1100
198572207,-0.976,0.000,1.098,0.015,0.118,1.058,2,1100
198573694,-0.793,0.488,0.366,0.099,0.026,1.040,2,1100
198574209,-1.037,1.768,0.122,0.086,-0.008,1.049,2,1100
198575694,-0.976,2.683,0.061,0.055,0.036,1.040,2,1100
198576207,-1.037,2.744,0.183,-0.029,0.004,0.987,2,1100
198577694,-0.976,1.524,0.183,-0.159,-0.008,1.067,2,1100
198578213,-0.976,1.524,0.183,-0.159,-0.008,1.067,2,1100
198579694,-1.037,0.122,1.280,0.037,0.099,1.095,2,1100
198580207,-1.159,0.366,1.159,0.053,0.073,1.041,2,1100
198581694,-0.732,0.915,0.244,0.085,-0.011,1.038,2,1100
198582207,-1.159,1.890,0.244,0.107,0.048,1.049,2,1100
198583694,-1.341,2.622,-0.183,-0.047,-0.006,0.991,2,1100
198584207,-1.341,2.622,-0.183,-0.047,-0.006,0.991,2,1100
198585694,-0.976,1.524,0.000,-0.138,0.045,1.029,2,1100
198586207,-0.976,0.732,1.037,-0.138,0.045,1.029,2,1100
198587694,-0.915,0.305,1.463,0.042,0.078,1.077,2,1100
198588207,-0.732,0.488,1.159,0.064,0.022,1.040,2,1100
198589694,-1.159,1.890,0.610,0.073,0.055,1.044,2,1100
198590210,-1.159,1.890,0.610,0.139,0.028,1.073,2,1100
198591694,-1.463,2.500,-0.244,-0.078,-0.050,1.013,2,1100
198592212,-1.463,2.500,-0.244,-0.078,-0.050,1.013,2,1100
198593694,-0.915,1.402,0.366,-0.085,0.028,1.014,2,1100
198594208,-1.098,0.610,1.098,-0.058,0.092,1.073,2,1100
198595694,-1.037,0.122,0.915,0.034,0.042,1.057,2,1100
198596207,-0.976,0.366,0.427,0.067,0.039,1.062,2,1100
198597698,-1.341,2.195,0.427,0.127,0.031,1.036,2,1100
198598224,-1.341,2.195,0.427,0.127,0.031,1.036,2,1100
198599701,-1.524,2.805,-0.366,-0.093,-0.057,1.029,2,1100
198600224,-1.220,2.073,-0.122,-0.117,0.027,1.012,2,1100
198601694,-1.220,1.098,0.488,-0.089,0.040,1.021,2,1100
198602210,-0.976,0.305,0.793,-0.058,0.050,1.084,2,1100
198603694,-0.976,0.488,0.488,0.106,0.067,1.070,2,1100
198604207,-0.976,0.488,0.488,0.106,0.067,1.070,2,1100
198605694,-0.915,1.951,0.244,0.096,0.008,1.001,2,1100
198606207,-1.280,2.561,-0.305,0.096,0.008,1.001,2,1100
198607694,-1.402,2.500,-0.488,-0.113,0.019,0.995,2,1100
198608213,-1.280,2.073,0.061,-0.078,-0.013,1.015,2,1100
198609694,-1.098,1.341,0.610,-0.128,0.073,1.041,2,1100
198610215,-1.037,0.488,0.671,-0.030,0.012,1.070,2,1100
198611694,-0.610,0.610,0.732,0.148,0.023,1.035,2,1100
198612207,-0.610,0.610,0.732,0.148,0.023,1.035,2,1100
198613694,-0.854,2.256,0.183,0.068,-0.037,1.020,2,1100
198614212,-1.098,3.110,-0.366,-0.034,-0.005,1.028,2,1100
198615694,-0.915,2.805,-0.488,-0.073,0.012,0.994,2,1100
198616215,-1.098,1.890,0.122,-0.121,-0.007,1.017,2,1100
198617694,-0.976,0.549,1.037,-0.040,0.059,1.054,2,1100
198618207,-0.976,0.549,1.037,-0.040,0.059,1.054,2,1100
198619694,-1.159,1.098,0.976,0.121,0.053,1.056,2,1100
198620207,-1.220,1.646,0.427,0.121,0.053,1.056,2,1100
198621694,-1.280,2.500,0.183,0.036,0.006,1.057,2,1100
198622207,-1.098,2.744,-0.305,-0.032,0.012,0.974,2,1100
198623694,-0.854,1.402,-0.061,-0.074,-0.011,1.018,2,1100
198624208,-0.854,1.402,-0.061,-0.135,0.001,1.048,2,1100
198625694,-0.793,0.610,1.037,-0.015,0.107,1.071,2,1100
198626203,-0.793,0.610,1.037,-0.015,0.107,1.071,2,1100
198627694,-0.976,0.671,0.793,0.093,0.061,1.035,2,1100
198628207,-1.402,1.646,0.488,0.082,-0.011,1.059,2,1100
198629694,-1.341,2.378,-0.061,0.023,0.049,1.036,2,1100
198630208,-1.280,2.683,-0.183,-0.029,-0.017,0.990,2,1100
198631694,-0.976,1.463,-0.061,-0.121,-0.036,1.054,2,1100
198632207,-0.976,1.463,-0.061,-0.121,-0.036,1.054,2,1100
198633694,-0.671,0.244,1.220,0.053,0.063,1.104,2,1100
198634212,-0.610,0.244,1.098,0.068,0.092,1.028,2,1100
198635694,-0.610,0.793,0.366,0.123,-0.023,1.051,2,1100
198636210,-0.915,1.829,0.183,0.077,0.040,1.061,2,1100
198637694,-1.463,2.683,-0.183,-0.079,0.012,1.012,2,1100
198638208,-1.463,2.683,-0.183,-0.079,0.012,1.012,2,1100
198639694,-1.341,1.585,-0.183,-0.123,0.028,1.035,2,1100
198640207,-1.402,0.793,0.549,-0.123,0.028,1.035,2,1100
198641694,-1.159,0.244,1.098,0.035,0.069,1.084,2,1100
198642207,-0.976,0.244,0.793,0.083,0.040,1.040,2,1100
198643694,-1.463,0.854,0.610,0.105,0.024,1.041,2,1100
198644207,-1.159,1.829,0.305,0.103,0.050,1.058,2,1100
198645694,-0.915,2.622,-0.244,-0.088,-0.012,1.014,2,1100
198646207,-0.915,2.622,-0.244,-0.088,-0.012,1.014,2,1100
198647694,-1.037,1.341,0.305,-0.084,0.039,1.023,2,1100
198648207,-1.159,0.488,0.793,-0.054,0.062,1.100,2,1100
198649694,-0.915,0.122,0.915,0.033,0.073,1.034,2,1100
198650215,-1.098,0.732,0.427,0.097,0.029,1.072,2,1100
198651694,-1.280,2.317,0.244,0.091,0.007,1.034,2,1100
198652203,-1.280,2.317,0.244,0.091,0.007,1.034,2,1100
198653694,-1.098,2.622,-0.427,-0.071,-0.044,1.025,2,1100
198654210,-1.037,2.195,-0.244,-0.071,-0.044,1.025,2,1100
198655694,-0.976,1.037,0.366,-0.071,0.023,1.041,2,1100
198656215,-1.098,0.427,1.159,-0.069,0.084,1.068,2,1100
198657694,-0.854,0.366,0.610,0.043,0.038,1.062,2,1100
198658207,-0.854,0.366,0.610,0.116,0.057,1.050,2,1100
198659694,-1.037,2.317,0.183,0.083,-0.011,1.017,2,1100
198660210,-1.037,2.317,0.183,0.083,-0.011,1.017,2,1100
198661694,-1.341,2.744,-0.305,-0.086,0.001,0.995,2,1100
198662207,-0.793,2.073,-0.122,-0.104,0.009,1.005,2,1100
198663700,-0.610,1.098,0.488,-0.089,0.034,1.076,2,1100
198664224,-0.671,0.671,0.549,-0.042,0.068,1.033,2,1100
198665696,-0.915,0.366,0.732,0.120,0.050,1.027,2,1100
198666219,-0.915,0.366,0.732,0.120,0.050,1.027,2,1100
198667694,-1.098,2.134,0.122,0.050,0.008,1.033,2,1100
198668207,-1.341,2.744,-0.366,-0.033,-0.012,1.035,2,1100
198669694,-1.402,2.683,-0.183,-0.086,0.018,0.999,2,1100
198670210,-1.402,1.707,0.244,-0.114,-0.021,1.032,2,1100
198671694,-1.402,0.366,0.732,0.006,0.029,1.066,2,1100
198672207,-1.402,0.366,0.732,0.006,0.029,1.066,2,1100
198673694,-1.220,0.610,0.793,0.120,0.032,1.055,2,1100
198674207,-1.220,1.463,0.366,0.120,0.032,1.055,2,1100
198675694,-1.341,2.500,-0.244,0.037,-0.008,1.047,2,1100
198676207,-1.159,2.805,-0.366,-0.043,0.033,0.993,2,1100
198677694,-1.098,2.378,-0.244,-0.084,-0.016,1.001,2,1100
198678207,-1.037,1.585,0.122,-0.134,0.004,1.043,2,1100
198679694,-1.280,0.244,0.976,0.009,0.107,1.090,2,1100
198680215,-1.280,0.244,0.976,0.009,0.107,1.090,2,1100
198681694,-0.976,1.098,0.732,0.100,0.027,1.033,2,1100
198682215,-1.159,1.890,0.366,0.086,0.016,1.052,2,1100
198683694,-0.976,2.744,-0.122,0.042,0.038,1.036,2,1100
198684207,-0.976,2.866,-0.061,-0.039,-0.003,0.988,2,1100
198685694,-0.915,1.341,0.000,-0.139,-0.001,1.038,2,1100
198686215,-0.915,1.341,0.000,-0.139,-0.001,1.038,2,1100
198687701,-0.854,0.366,0.976,0.051,0.089,1.086,2,1100
198688221,-0.671,0.427,0.915,0.075,0.055,1.040,2,1100
198689696,-0.854,0.915,0.183,0.096,0.014,1.050,2,1100
198690215,-1.402,2.134,0.366,0.101,0.037,1.049,2,1100
198691694,-1.951,2.805,-0.061,0.046,0.032,1.006,2,1100
198692215,-1.951,2.805,-0.061,-0.080,0.001,1.018,2,1100
198693694,-1.402,1.646,0.000,-0.129,0.025,1.032,2,1100
198694207,-1.402,1.646,0.000,-0.129,0.025,1.032,2,1100
198695694,-0.976,0.122,0.976,0.057,0.074,1.073,2,1100
198696209,-0.915,0.427,0.671,0.066,0.036,1.028,2,1100
198697694,-0.915,1.341,0.427,0.106,0.010,1.061,2,1100
198698210,-1.037,2.317,0.305,0.099,0.067,1.041,2,1100
198699694,-1.341,2.866,-0.610,-0.086,-0.004,1.017,2,1100
198700207,-1.341,2.866,-0.610,-0.086,-0.004,1.017,2,1100
198701694,-0.976,1.402,0.305,-0.107,0.057,1.021,2,1100
198702212,-1.037,0.366,0.915,-0.032,0.073,1.063,2,1100
198703694,-1.037,0.183,0.915,0.034,0.067,1.035,2,1100
198704207,-1.098,0.549,0.671,0.074,0.027,1.073,2,1100
198705694,-1.037,1.890,0.305,0.109,0.037,1.018,2,1100
198706207,-1.037,1.890,0.305,0.109,0.037,1.018,2,1100
198707694,-1.463,2.561,-0.610,-0.094,-0.054,1.024,2,1100
198708215,-1.220,2.317,-0.549,-0.094,-0.054,1.024,2,1100
198709694,-1.037,1.098,0.061,-0.068,0.045,1.053,2,1100
198710207,-1.098,0.061,0.549,-0.051,0.071,1.049,2,1100
198711694,-0.854,0.305,0.671,0.036,0.019,1.059,2,1100
198712207,-0.915,0.732,0.793,0.087,0.070,1.055,2,1100
198713694,-0.976,2.256,0.183,0.083,0.000,1.031,2,1100
198714207,-0.976,2.256,0.183,0.083,0.000,1.031,2,1100
198715694,-0.976,2.988,-0.549,-0.103,-0.018,0.995,2,1100
198716207,-1.037,2.012,0.183,-0.102,0.037,1.016,2,1100
198717694,-1.037,0.732,0.854,-0.087,0.037,1.062,2,1100
198718212,-0.915,0.061,0.976,-0.038,0.043,1.050,2,1100
198719694,-0.915,0.427,0.854,0.131,0.063,1.042,2,1100
198720207,-0.915,0.427,0.854,0.131,0.063,1.042,2,1100
198721694,-0.793,2.073,0.122,0.035,-0.006,1.039,2,1100
198722207,-0.915,2.805,-0.366,0.035,-0.006,1.039,2,1100
198723694,-1.037,2.622,0.061,-0.078,0.020,0.997,2,1100
198724212,-0.976,1.646,0.305,-0.099,0.001,1.042,2,1100
198725694,-0.976,0.366,0.732,-0.112,0.049,1.043,2,1100
198726207,-0.976,0.366,0.732,-0.013,0.037,1.061,2,1100
198727694,-1.037,0.671,0.610,0.128,0.047,1.031,2,1100
198728208,-1.037,0.671,0.610,0.128,0.047,1.031,2,1100
198729694,-1.037,2.561,0.000,0.022,-0.005,1.068,2,1100
198730212,-0.915,2.805,-0.427,-0.048,0.022,0.979,2,1100
198731694,-0.915,2.378,-0.122,-0.054,-0.005,1.019,2,1100
198732207,-0.854,1.524,0.244,-0.132,-0.004,1.034,2,1100
198733694,-0.854,0.610,0.915,0.001,0.088,1.102,2,1100
198734213,-0.854,0.610,0.915,0.001,0.088,1.102,2,1100
198735700,-0.610,0.732,0.549,0.103,0.040,1.022,2,1100
198736224,-0.793,1.768,0.244,0.084,-0.001,1.042,2,1100
198737699,-0.976,3.110,-0.061,0.019,0.021,1.046,2,1100
198738222,-1.098,2.866,-0.122,-0.033,0.018,0.999,2,1100
198739694,-1.220,1.341,-0.244,-0.156,-0.011,1.027,2,1100
198740208,-1.220,1.341,-0.244,-0.156,-0.011,1.027,2,1100
198741694,-1.098,0.305,1.159,0.048,0.108,1.094,2,1100
198742215,-1.037,0.427,1.098,0.048,0.108,1.094,2,1100
198743694,-0.915,0.915,0.366,0.095,0.000,1.048,2,1100
198744207,-1.159,2.195,-0.244,0.075,0.016,1.073,2,1100
198745694,-1.280,2.927,-0.244,0.031,0.030,0.982,2,1100
198746207,-1.098,2.988,-0.244,-0.050,0.000,1.003,2,1100
198747694,-1.037,1.341,-0.061,-0.160,0.017,1.039,2,1100
198748213,-1.037,1.341,-0.061,-0.160,0.017,1.039,2,1100
198749695,-0.671,0.244,1.037,0.089,0.070,1.057,2,1100
198750209,-0.549,0.671,0.793,0.072,0.051,1.042,2,1100
198751694,-0.488,1.463,0.000,0.103,-0.012,1.066,2,1100
198752208,-0.976,2.378,0.000,0.081,0.060,1.034,2,1100
198753694,-0.976,2.500,-0.183,-0.086,-0.014,1.011,2,1100
198754208,-0.976,2.500,-0.183,-0.086,-0.014,1.011,2,1100
198755694,-0.915,1.159,0.122,-0.119,0.035,1.042,2,1100
198756208,-0.915,0.366,1.098,-0.119,0.035,1.042,2,1100
198757694,-0.793,0.183,1.280,0.055,0.054,1.018,2,1100
198758207,-0.793,0.427,0.366,0.063,0.021,1.091,2,1100
198759694,-0.915,2.317,0.183,0.110,0.042,1.060,2,1100
198760215,-0.915,2.317,0.183,0.110,0.040,0.987,2,1100
198761694,-1.159,2.744,-0.549,-0.099,-0.068,1.011,2,1100
198762210,-1.159,2.744,-0.549,-0.099,-0.068,1.011,2,1100
198763694,-1.159,0.854,0.549,-0.066,0.051,1.060,2,1100
198764208,-0.854,0.366,1.280,-0.027,0.085,1.027,2,1100
198765694,-0.732,0.305,1.220,0.047,0.028,1.063,2,1100
198766213,-0.915,0.915,0.610,0.074,0.046,1.067,2,1100
198767694,-1.037,2.439,0.305,0.086,0.009,1.020,2,1100
198768209,-1.037,2.439,0.305,0.086,0.009,1.020,2,1100
198769694,-1.463,2.744,-0.549,-0.115,-0.030,1.010,2,1100
198770210,-1.341,2.073,-0.061,-0.103,0.021,1.016,2,1100
198771694,-1.280,0.671,0.915,-0.083,0.063,1.067,2,1100
198772215,-1.037,0.061,1.098,-0.028,0.060,1.041,2,1100
198773694,-0.915,0.854,0.488,0.118,0.058,1.056,2,1100
198774215,-0.915,0.854,0.488,0.118,0.058,1.056,2,1100
198775694,-1.341,2.256,0.366,0.052,-0.004,1.029,2,1100
198776207,-1.341,2.256,0.366,0.052,-0.004,1.029,2,1100
198777694,-1.098,2.744,-0.366,-0.098,0.010,1.000,2,1100
198778207,-0.976,1.585,0.305,-0.085,0.009,1.030,2,1100
198779694,-0.976,0.732,0.610,-0.103,0.067,1.049,2,1100
198780207,-0.976,0.305,0.732,-0.017,0.014,1.094,2,1100
198781694,-1.037,0.671,0.732,0.133,0.047,1.033,2,1100
198782207,-1.037,0.671,0.732,0.133,0.047,1.033,2,1100
198783694,-1.159,2.439,-0.122,0.018,-0.022,1.050,2,1100
198784215,-1.341,2.683,-0.305,-0.074,0.006,0.991,2,1100
198785694,-1.220,2.317,0.122,-0.079,-0.002,1.030,2,1100
198786215,-1.463,1.341,0.244,-0.116,0.030,1.034,2,1100
198787694,-0.976,0.488,0.915,-0.013,0.082,1.091,2,1100
198788207,-0.976,0.488,0.915,-0.013,0.082,1.091,2,1100
198789694,-1.098,0.732,0.793,0.120,0.067,1.045,2,1100
198790207,-1.280,1.829,0.244,0.120,0.067,1.045,2,1100
198791694,-1.159,2.683,-0.122,0.003,0.000,1.033,2,1100
198792207,-1.280,2.805,-0.366,-0.057,0.019,1.009,2,1100
198793694,-1.463,1.280,0.061,-0.085,-0.007,1.028,2,1100
198794215,-1.463,1.280,0.061,-0.139,0.028,1.020,2,1100
198795694,-0.976,0.427,0.366,0.025,0.122,1.083,2,1100
198796210,-0.976,0.427,0.366,0.025,0.122,1.083,2,1100
198797694,-0.976,0.915,0.793,0.110,0.028,1.045,2,1100
198798215,-0.976,2.073,0.366,0.079,-0.003,1.072,2,1100
198799694,-1.159,2.988,-0.061,0.019,0.030,0.995,2,1100
198800207,-1.402,2.866,-0.183,-0.058,0.011,1.006,2,1100
198801694,-1.341,1.220,0.183,-0.132,0.008,1.050,2,1100
198802207,-1.341,1.220,0.183,-0.132,0.008,1.050,2,1100
198803694,-0.915,0.610,1.280,0.088,0.057,1.053,2,1100
198804212,-0.915,0.671,1.280,0.081,0.075,1.046,2,1100
198805694,-0.793,1.159,0.549,0.114,-0.018,1.061,2,1100
198806215,-1.037,2.378,0.366,0.062,0.050,1.019,2,1100
198807694,-1.098,2.683,-0.122,-0.114,0.040,1.001,2,1100
198808208,-1.098,2.683,-0.122,-0.114,0.040,1.001,2,1100
198809694,-1.220,1.402,0.183,-0.136,0.044,1.070,2,1100
198810207,-1.220,1.402,0.183,-0.136,0.044,1.070,2,1100
198811694,-1.098,0.366,1.280,0.055,0.088,1.037,2,1100
198812207,-1.098,0.366,0.610,0.084,0.018,1.066,2,1100
198813694,-1.159,1.402,0.427,0.107,0.026,1.063,2,1100
198814203,-0.976,2.073,0.122,0.088,0.036,1.007,2,1100
198815694,-1.159,2.378,-0.488,-0.078,-0.053,1.004,2,1100
198816207,-1.159,2.378,-0.488,-0.078,-0.053,1.004,2,1100
198817694,-1.463,0.976,0.488,-0.099,0.055,1.061,2,1100
198818207,-1.037,0.183,0.976,-0.011,0.083,1.049,2,1100
198819694,-0.854,0.061,0.915,0.057,0.057,1.081,2,1100
198820210,-1.098,0.854,0.610,0.077,0.037,1.070,2,1100
198821694,-1.585,2.195,0.183,0.100,-0.009,1.047,2,1100
198822207,-1.585,2.195,0.183,0.100,-0.009,1.047,2,1100
198823694,-1.524,2.439,-0.183,-0.100,-0.060,1.005,2,1100
198824215,-1.524,1.829,0.000,-0.100,-0.060,1.005,2,1100
198825694,-1.098,0.915,0.488,-0.068,0.027,1.061,2,1100
198826215,-0.793,0.488,0.793,-0.036,0.089,1.045,2,1100
198827694,-0.732,0.854,0.488,0.078,0.021,1.093,2,1100
198828207,-0.732,0.854,0.488,0.090,0.061,1.044,2,1100
198829694,-1.341,2.500,0.122,0.043,0.021,1.033,2,1100
198830215,-1.341,2.500,0.122,0.043,0.021,1.033,2,1100
198831694,-1.220,2.500,-0.549,-0.120,-0.002,1.023,2,1100
198832210,-0.976,1.646,0.122,-0.093,0.013,1.032,2,1100
198833694,-0.915,0.793,0.732,-0.094,0.065,1.029,2,1100
198834215,-0.549,0.366,1.159,0.013,0.023,1.088,2,1100
198835694,-0.427,0.976,0.610,0.107,0.051,1.008,2,1100
198836215,-0.427,0.976,0.610,0.107,0.051,1.008,2,1100
198837694,-1.220,2.683,-0.427,0.023,0.002,1.033,2,1100
198838207,-1.341,2.683,-0.488,-0.064,-0.016,1.001,2,1100
198839694,-0.976,2.439,-0.122,-0.090,0.012,1.034,2,1100
198840207,-0.915,1.585,0.366,-0.097,0.001,1.030,2,1100
198841698,-1.037,0.427,1.098,0.007,0.058,1.103,2,1100
198842227,-1.037,0.427,1.098,0.007,0.058,1.103,2,1100
198843696,-1.098,1.037,0.671,0.113,0.019,1.045,2,1100
198844215,-1.159,1.890,0.549,0.113,0.019,1.045,2,1100
198845694,-1.037,2.561,0.000,0.031,-0.015,1.029,2,1100
198846211,-1.098,2.805,-0.122,-0.069,0.010,0.984,2,1100
198847695,-0.915,2.134,0.000,-0.071,-0.013,1.042,2,1100
198848209,-1.037,1.280,0.305,-0.164,0.042,1.001,2,1100
198849694,-1.159,0.549,0.854,0.024,0.120,1.077,2,1100
198850213,-1.159,0.549,0.854,0.024,0.120,1.077,2,1100
198851694,-1.159,1.098,0.488,0.101,0.034,1.045,2,1100
198852207,-1.220,1.890,-0.305,0.092,-0.010,1.048,2,1100
198853694,-0.976,2.866,-0.244,0.003,0.023,1.027,2,1100
198854207,-1.098,2.561,-0.610,-0.056,0.001,0.992,2,1100
198855698,-1.037,1.037,0.244,-0.141,0.032,1.052,2,1100
198856225,-1.037,1.037,0.244,-0.141,0.032,1.052,2,1100
198857696,-0.915,0.122,1.037,0.072,0.097,1.028,2,1100
198858218,-1.159,0.488,0.732,0.072,0.097,1.028,2,1100
198859694,-1.098,1.280,0.244,0.098,0.016,1.070,2,1100
198860216,-1.220,2.256,0.122,0.072,0.029,1.009,2,1100
198861694,-1.280,2.866,-0.183,0.008,0.013,1.007,2,1100
198862215,-1.280,2.866,-0.183,-0.083,0.007,1.012,2,1100
198863694,-0.976,1.159,0.244,-0.123,0.035,1.072,2,1100
198864207,-0.976,1.159,0.244,-0.123,0.035,1.072,2,1100
198865694,-0.976,0.244,1.159,0.069,0.054,1.060,2,1100
198866207,-0.854,0.549,0.732,0.060,0.045,1.053,2,1100
198867694,-0.915,1.402,0.305,0.119,-0.002,1.059,2,1100
198868207,-1.159,2.378,0.549,0.072,0.061,1.012,2,1100
198869694,-0.976,2.439,-0.244,-0.108,-0.023,1.002,2,1100
198870213,-0.976,2.439,-0.244,-0.108,-0.023,1.002,2,1100
198871694,-0.793,0.915,0.671,-0.086,0.085,1.060,2,1100
198872208,-0.610,0.183,1.341,-0.024,0.080,1.031,2,1100
198873694,-0.793,0.305,1.098,0.059,0.051,1.091,2,1100
198874212,-0.793,0.976,0.671,0.079,0.032,1.060,2,1100
198875694,-1.280,2.378,0.488,0.077,0.006,1.039,2,1100
198876207,-1.280,2.378,0.488,0.077,0.006,1.039,2,1100
198877694,-1.037,2.683,-0.488,-0.102,-0.046,0.999,2,1100
198878212,-1.037,2.683,-0.488,-0.102,-0.046,0.999,2,1100
198879694,-0.854,0.793,0.793,-0.065,0.043,1.040,2,1100
198880210,-0.854,0.427,1.220,-0.017,0.074,1.061,2,1100
198881694,-0.854,0.305,0.549,0.056,0.035,1.076,2,1100
198882208,-0.854,0.732,0.610,0.112,0.054,1.042,2,1100
198883694,-1.159,2.439,0.244,0.037,-0.005,1.042,2,1100
198884207,-1.159,2.439,0.244,0.037,-0.005,1.042,2,1100
198885694,-1.463,2.622,-0.305,-0.095,-0.022,1.016,2,1100
198886215,-1.037,1.768,0.061,-0.104,0.046,1.046,2,1100
198887694,-1.037,0.854,0.610,-0.098,0.060,1.025,2,1100
198888213,-1.037,0.427,0.976,-0.012,0.033,1.083,2,1100
198889694,-1.037,0.793,0.793,0.129,0.050,1.018,2,1100
198890215,-1.037,0.793,0.793,0.129,0.050,1.018,2,1100
198891694,-1.159,2.561,-0.183,0.014,-0.026,1.030,2,1100
198892207,-1.220,2.866,-0.549,0.014,-0.026,1.030,2,1100
198893694,-1.341,2.317,-0.244,-0.098,0.006,1.027,2,1100
198894207,-1.280,1.524,0.488,-0.101,0.017,1.032,2,1100
198895694,-0.671,0.061,0.732,-0.098,0.056,1.065,2,1100
198896207,-0.671,0.061,0.732,-0.002,0.062,1.083,2,1100
198897694,-1.098,1.220,0.427,0.128,0.040,1.029,2,1100
198898207,-1.098,1.220,0.427,0.128,0.040,1.029,2,1100
198899694,-1.524,2.988,-0.427,-0.017,-0.002,1.019,2,1100
198900207,-1.280,3.110,-0.366,-0.064,0.008,1.008,2,1100
198901694,-1.037,2.134,0.061,-0.087,0.013,1.041,2,1100
198902207,-0.854,1.220,0.488,-0.144,0.027,1.015,2,1100
198903694,-0.854,0.610,1.098,0.029,0.117,1.065,2,1100
198904212,-0.854,0.610,1.098,0.029,0.117,1.065,2,1100
198905694,-0.793,1.280,0.427,0.111,0.029,1.050,2,1100
198906215,-0.976,2.317,-0.244,0.083,-0.006,1.040,2,1100
198907694,-1.098,2.866,-0.183,-0.005,0.006,1.017,2,1100
198908207,-1.098,2.744,-0.244,-0.058,0.040,0.995,2,1100
198909694,-1.341,1.037,0.122,-0.155,0.022,1.048,2,1100
198910215,-1.341,1.037,0.122,-0.155,0.022,1.048,2,1100
198911694,-0.915,0.427,0.976,0.088,0.097,1.049,2,1100
198912208,-0.915,0.427,0.976,0.088,0.097,1.049,2,1100
198913694,-0.976,1.402,0.305,0.109,0.000,1.068,2,1100
198914207,-1.341,2.256,0.061,0.063,0.016,1.024,2,1100
198915695,-1.220,2.500,0.061,0.013,0.011,1.031,2,1100
198916214,-1.159,2.378,-0.061,-0.078,0.007,1.003,2,1100
198917694,-0.976,1.280,0.244,-0.148,0.017,1.085,2,1100
198918207,-0.976,1.280,0.244,-0.148,0.017,1.085,2,1100
198919694,-0.427,0.305,1.220,0.087,0.063,1.058,2,1100
198920215,-0.610,0.488,0.549,0.071,0.047,1.037,2,1100
198921694,-0.610,1.463,0.122,0.107,-0.007,1.063,2,1100
198922207,-0.793,2.317,0.183,0.063,0.070,1.032,2,1100
198923694,-1.098,2.744,-0.244,-0.092,-0.014,0.995,2,1100
198924215,-1.098,2.744,-0.244,-0.092,-0.014,0.995,2,1100
198925694,-1.341,1.037,0.122,-0.108,0.085,1.042,2,1100
198926210,-1.159,0.427,0.854,-0.108,0.085,1.042,2,1100
198927694,-1.280,0.244,0.854,0.065,0.045,1.074,2,1100
198928215,-1.159,0.732,0.305,0.073,0.023,1.061,2,1100
198929694,-0.915,2.439,0.183,0.103,0.054,1.019,2,1100
198930207,-0.915,2.439,0.183,0.094,0.025,1.030,2,1100
198931694,-1.159,2.561,-0.488,-0.121,-0.051,1.024,2,1100
198932210,-1.159,2.561,-0.488,-0.121,-0.051,1.024,2,1100
198933694,-0.976,0.915,0.671,-0.059,0.073,1.029,2,1100
198934207,-1.220,0.427,1.280,-0.005,0.078,1.069,2,1100
198935694,-0.732,0.244,0.915,0.060,0.021,1.072,2,1100
198936210,-0.793,0.915,0.427,0.099,0.032,1.042,2,1100
198937694,-1.098,2.439,0.122,0.067,0.016,1.038,2,1100
198938207,-1.098,2.439,0.122,0.067,0.016,1.038,2,1100
198939694,-1.037,2.561,-0.427,-0.139,-0.028,1.022,2,1100
198940207,-1.159,1.707,0.000,-0.112,0.057,1.019,2,1100
198941694,-1.402,0.671,0.976,-0.048,0.052,1.033,2,1100
198942207,-0.976,0.122,1.037,0.003,0.036,1.090,2,1100
198943694,-1.037,1.220,0.671,0.118,0.052,1.022,2,1100
198944209,-1.037,1.220,0.671,0.118,0.052,1.022,2,1100
198945694,-1.159,2.683,-0.061,-0.012,0.013,1.007,2,1100
198946213,-1.159,2.683,-0.061,-0.012,0.013,1.007,2,1100
198947694,-1.098,2.561,-0.183,-0.107,0.026,1.023,2,1100
198948212,-1.037,1.402,0.427,-0.082,0.026,1.006,2,1100
198949694,-1.159,0.366,0.915,-0.064,0.069,1.061,2,1100
198950212,-1.037,0.305,0.793,-0.002,0.041,1.081,2,1100
198951694,-0.915,1.098,0.793,0.123,0.067,1.035,2,1100
198952207,-0.915,1.098,0.793,0.123,0.067,1.035,2,1100
198953694,-1.402,2.439,0.000,-0.027,-0.011,1.010,2,1100
198954212,-1.159,2.744,-0.366,-0.080,-0.020,1.000,2,1100
198955694,-1.037,2.378,-0.244,-0.069,0.022,1.029,2,1100
198956207,-1.098,1.280,0.244,-0.122,0.045,1.007,2,1100
198957694,-0.976,0.183,0.854,0.002,0.106,1.063,2,1100
198958215,-0.976,0.183,0.854,0.002,0.106,1.063,2,1100
198959694,-1.280,1.098,0.915,0.112,0.049,1.054,2,1100
198960207,-1.037,2.134,0.366,0.112,0.049,1.054,2,1100
198961694,-1.159,2.988,-0.244,-0.030,0.004,1.036,2,1100
198962207,-1.159,2.744,-0.427,-0.069,0.021,0.992,2,1100
198963694,-1.402,1.098,0.366,-0.075,-0.030,1.019,2,1100
198964207,-1.402,1.098,0.366,-0.150,0.044,1.046,2,1100
198965694,-0.549,0.427,0.915,0.061,0.110,1.053,2,1100
198966203,-0.549,0.427,0.915,0.061,0.110,1.053,2,1100
198967694,-0.732,1.098,0.610,0.105,0.018,1.051,2,1100
198968215,-0.854,2.439,0.183,0.058,-0.005,1.021,2,1100
198969694,-1.159,2.988,-0.122,0.007,0.005,1.027,2,1100
198970208,-1.220,2.744,-0.183,-0.066,0.033,0.979,2,1100
198971694,-1.220,0.915,0.244,-0.137,0.019,1.096,2,1100
198972215,-1.220,0.915,0.244,-0.137,0.019,1.096,2,1100
198973694,-0.915,0.305,1.159,0.094,0.073,1.056,2,1100
198974207,-0.610,0.366,0.854,0.111,0.057,1.054,2,1100
198975694,-1.098,1.402,0.305,0.107,-0.029,1.043,2,1100
198976207,-0.976,2.561,0.000,0.042,0.051,1.044,2,1100
198977694,-0.976,2.439,0.183,-0.099,0.010,0.987,2,1100
198978207,-0.976,2.439,0.183,-0.099,0.010,0.987,2,1100
198979694,-0.976,0.976,0.427,-0.130,0.069,1.066,2,1100
198980207,-0.976,0.976,0.427,-0.130,0.069,1.066,2,1100
198981694,-0.793,0.366,0.976,0.085,0.072,1.061,2,1100
198982207,-0.793,0.671,0.549,0.079,0.022,1.058,2,1100
198983694,-0.915,1.768,0.122,0.092,0.013,1.040,2,1100
198984210,-0.976,2.439,-0.122,0.083,0.031,1.036,2,1100
198985694,-1.098,2.317,-0.183,-0.086,-0.053,1.010,2,1100
198986215,-1.098,2.317,-0.183,-0.086,-0.053,1.010,2,1100
198987694,-0.732,0.976,0.427,-0.069,0.065,1.027,2,1100
198988210,-0.671,0.671,1.037,0.007,0.104,1.080,2,1100
198989694,-0.976,0.244,0.732,0.078,0.042,1.053,2,1100
198990215,-0.976,0.976,0.427,0.091,0.019,1.043,2,1100
198991694,-1.402,2.561,0.244,0.068,0.023,1.021,2,1100
198992207,-1.402,2.561,0.244,0.068,0.023,1.021,2,1100
198993694,-1.463,2.561,-0.366,-0.116,-0.045,1.035,2,1100
198994210,-1.037,1.768,-0.183,-0.116,-0.045,1.035,2,1100
198995694,-1.098,0.976,0.793,-0.059,0.061,1.042,2,1100
198996215,-1.037,0.122,0.915,0.013,0.081,1.077,2,1100
198997694,-1.159,0.915,0.427,0.074,0.042,1.063,2,1100
198998212,-1.159,0.915,0.427,0.094,0.052,1.033,2,1100
198999694,-0.915,2.500,0.183,0.021,0.041,0.985,2,1100
199000212,-0.915,2.500,0.183,0.021,0.041,0.985,2,1100
199001694,-1.159,2.256,-0.183,-0.134,0.012,1.024,2,1100
199002207,-1.159,1.524,0.183,-0.084,0.009,1.016,2,1100
199003694,-0.854,0.549,0.976,-0.084,0.092,1.070,2,1100
199004207,-0.854,0.244,0.732,0.036,0.028,1.078,2,1100
199005694,-0.976,1.159,0.427,0.129,0.046,1.031,2,1100
199006208,-0.976,1.159,0.427,0.129,0.046,1.031,2,1100
199007694,-0.976,2.622,-0.122,-0.002,-0.010,1.014,2,1100
199008207,-1.098,2.744,-0.366,-0.089,-0.021,1.001,2,1100
199009694,-0.976,2.073,-0.305,-0.095,0.014,1.034,2,1100
199010207,-1.220,1.037,0.244,-0.113,0.031,1.030,2,1100
199011694,-1.341,0.305,0.976,-0.051,0.039,1.081,2,1100
199012207,-1.341,0.305,0.976,0.019,0.079,1.048,2,1100
199013694,-1.098,1.159,0.610,0.122,0.051,1.065,2,1100
199014210,-1.098,1.159,0.610,0.122,0.051,1.065,2,1100
199015694,-1.220,2.683,0.061,-0.022,0.001,1.040,2,1100
199016207,-1.280,2.988,-0.366,-0.089,0.022,0.986,2,1100
199017694,-0.976,2.256,0.244,-0.091,-0.025,1.039,2,1100
199018210,-0.793,1.037,0.610,-0.141,0.070,1.043,2,1100
199019694,-0.793,0.427,1.098,0.031,0.113,1.049,2,1100
199020215,-0.793,0.427,1.098,0.031,0.113,1.049,2,1100
199021694,-0.732,1.402,0.854,0.093,0.061,1.045,2,1100
199022215,-1.280,2.134,0.305,0.086,-0.012,1.033,2,1100
199023694,-1.341,2.927,-0.183,-0.036,0.000,1.031,2,1100
199024208,-1.220,2.622,-0.366,-0.063,0.007,1.008,2,1100
199025694,-1.341,0.793,0.366,-0.108,0.019,1.080,2,1100
199026208,-1.341,0.793,0.366,-0.108,0.019,1.080,2,1100
199027694,-0.488,0.366,1.037,0.095,0.076,1.073,2,1100
199028208,-0.671,0.732,0.671,0.095,0.076,1.073,2,1100
199029694,-0.854,1.524,0.183,0.122,-0.015,1.032,2,1100
199030207,-1.402,2.439,0.000,0.041,0.041,1.048,2,1100
199031694,-1.280,2.500,-0.061,-0.017,0.010,0.996,2,1100
199032210,-1.280,2.500,-0.061,-0.094,-0.008,1.005,2,1100
199033694,-1.037,0.915,0.427,-0.108,0.057,1.066,2,1100
199034207,-1.037,0.915,0.427,-0.108,0.057,1.066,2,1100
199035694,-0.793,0.305,1.159,0.108,0.042,1.072,2,1100
199036213,-0.671,0.793,0.549,0.075,0.056,1.035,2,1100
199037694,-1.098,1.768,0.305,0.108,-0.011,1.053,2,1100
199038207,-1.159,2.866,0.061,0.059,0.043,1.029,2,1100
199039694,-1.037,2.439,-0.427,-0.129,0.007,1.014,2,1100
199040207,-1.037,2.439,-0.427,-0.129,0.007,1.014,2,1100
199041694,-1.037,0.976,0.671,-0.097,0.096,1.016,2,1100
199042209,-0.793,0.183,1.159,0.038,0.068,1.095,2,1100
199043694,-0.610,0.183,0.976,0.050,0.068,1.042,2,1100
199044207,-0.976,0.915,0.122,0.113,-0.010,1.035,2,1100
199045694,-1.524,2.622,0.000,0.102,0.071,1.043,2,1100
199046207,-1.524,2.622,0.000,0.054,0.012,1.026,2,1100
199047694,-0.976,2.012,-0.427,-0.103,-0.054,1.026,2,1100
199048215,-0.976,2.012,-0.427,-0.103,-0.054,1.026,2,1100
199049694,-0.915,0.671,0.793,-0.047,0.045,1.047,2,1100
199050207,-0.976,0.244,1.098,0.035,0.062,1.080,2,1100
199051701,-0.732,0.183,0.610,0.069,0.039,1.044,2,1100
199052229,-1.159,1.280,0.305,0.106,0.041,1.055,2,1100
199053697,-1.280,2.744,-0.122,0.010,0.003,0.978,2,1100
199054213,-1.280,2.744,-0.122,0.010,0.003,0.978,2,1100
199055694,-1.159,2.561,-0.122,-0.126,-0.000,1.030,2,1100
199056211,-1.098,1.524,0.488,-0.091,0.039,1.002,2,1100
199057694,-0.854,0.305,0.915,-0.070,0.060,1.090,2,1100
199058207,-0.915,0.122,0.854,0.022,0.060,1.044,2,1100
199059694,-0.915,1.280,0.549,0.122,0.070,1.052,2,1100
199060207,-0.915,1.280,0.549,0.122,0.070,1.052,2,1100
199061694,-1.220,2.439,-0.122,-0.022,0.000,0.991,2,1100
199062209,-1.524,2.439,-0.366,-0.022,0.000,0.991,2,1100
199063694,-1.524,2.073,0.061,-0.098,0.023,1.019,2,1100
199064208,-1.037,1.037,0.549,-0.095,0.030,1.029,2,1100
199065694,-0.732,0.366,0.732,-0.058,0.041,1.079,2,1100
199066210,-0.732,0.366,0.732,0.026,0.079,1.049,2,1100
199067694,-0.732,1.402,0.671,0.115,0.051,1.058,2,1100
199068215,-0.732,1.402,0.671,0.115,0.051,1.058,2,1100
199069694,-1.037,2.744,-0.061,-0.036,0.003,1.023,2,1100
199070210,-1.280,2.683,-0.061,-0.084,0.016,0.987,2,1100
199071694,-1.037,1.768,0.305,-0.087,-0.012,1.028,2,1100
199072207,-0.854,0.854,0.671,-0.130,0.046,1.062,2,1100
199073694,-0.671,0.427,0.732,0.068,0.107,1.074,2,1100
199074212,-0.671,0.427,0.732,0.068,0.107,1.074,2,1100
199075694,-0.976,1.220,0.305,0.115,0.032,1.054,2,1100
199076215,-0.793,2.195,-0.183,0.049,-0.000,1.019,2,1100
199077694,-1.037,2.927,-0.244,-0.031,0.019,1.034,2,1100
199078208,-0.915,2.988,-0.366,-0.075,0.010,0.998,2,1100
199079694,-0.793,1.037,0.366,-0.109,-0.018,1.026,2,1100
199080207,-0.793,1.037,0.366,-0.153,0.048,1.055,2,1100
199081694,-1.037,0.244,1.037,0.092,0.092,1.067,2,1100
199082212,-1.037,0.244,1.037,0.092,0.092,1.067,2,1100
199083694,-1.098,1.402,0.305,0.099,0.001,1.039,2,1100
199084207,-1.159,2.378,0.122,0.044,0.017,1.042,2,1100
199085699,-1.037,2.866,-0.122,-0.033,0.020,1.001,2,1100
199086226,-1.220,2.561,-0.122,-0.083,-0.021,1.014,2,1100
199087696,-0.915,0.976,0.427,-0.110,0.060,1.022,2,1100
199088215,-0.915,0.976,0.427,-0.110,0.060,1.022,2,1100
199089694,-0.671,0.183,1.037,0.096,0.076,1.060,2,1100
199090215,-0.549,0.671,0.671,0.085,0.027,1.030,2,1100
199091694,-0.671,1.707,0.061,0.089,0.009,1.042,2,1100
199092215,-1.098,2.744,-0.305,0.055,0.058,1.042,2,1100
199093694,-1.220,2.378,-0.244,-0.118,-0.008,1.011,2,1100
199094207,-1.220,2.378,-0.244,-0.118,-0.008,1.011,2,1100
199095694,-1.280,0.793,0.793,-0.086,0.087,1.027,2,1100
199096207,-0.854,0.122,1.098,-0.086,0.087,1.027,2,1100
199097694,-0.915,0.000,0.854,0.074,0.061,1.039,2,1100
199098212,-0.976,0.915,0.000,0.097,-0.008,1.044,2,1100
199099695,-1.341,2.500,0.000,0.105,0.050,1.061,2,1100
199100214,-1.341,2.500,0.000,0.057,0.026,0.997,2,1100
199101694,-1.280,2.317,-0.061,-0.114,-0.052,1.038,2,1100
199102207,-1.280,2.317,-0.061,-0.114,-0.052,1.038,2,1100
199103694,-1.220,0.671,0.976,-0.045,0.083,1.057,2,1100
199104207,-1.098,0.061,1.098,0.040,0.072,1.067,2,1100
199105694,-1.280,0.366,0.732,0.064,0.021,1.049,2,1100
199106210,-1.159,1.280,0.122,0.104,0.055,1.056,2,1100
199107694,-1.098,2.561,0.244,0.008,0.017,0.986,2,1100
199108207,-1.098,2.561,0.244,0.008,0.017,0.986,2,1100
199109694,-1.220,2.195,-0.366,-0.130,-0.008,1.019,2,1100
199110207,-0.976,1.341,0.000,-0.084,0.046,1.020,2,1100
199111694,-0.976,0.671,0.793,-0.031,0.075,1.087,2,1100
199112207,-1.037,0.244,0.854,0.017,0.041,1.044,2,1100
199113694,-0.976,1.280,0.427,0.074,0.033,1.055,2,1100
199114207,-0.976,1.280,0.427,0.128,0.074,1.048,2,1100
199115694,-0.976,2.805,-0.183,-0.027,-0.004,1.014,2,1100
199116212,-0.976,2.805,-0.183,-0.027,-0.004,1.014,2,1100
199117694,-1.037,2.134,0.061,-0.111,0.043,1.005,2,1100
199118208,-1.280,1.037,0.488,-0.074,0.037,1.042,2,1100
199119694,-1.037,0.488,0.915,-0.060,0.055,1.072,2,1100
199120207,-1.098,0.488,0.915,0.030,0.042,1.054,2,1100
199121694,-1.037,1.280,0.732,0.146,0.053,1.048,2,1100
199122207,-1.037,1.280,0.732,0.146,0.053,1.048,2,1100
199123694,-1.280,2.744,-0.488,-0.034,-0.014,1.042,2,1100
199124207,-1.220,3.049,-0.427,-0.098,0.007,1.000,2,1100
199125694,-0.854,2.134,0.000,-0.085,0.005,1.024,2,1100
199126215,-0.854,0.671,0.427,-0.119,0.050,1.060,2,1100
199127694,-0.671,0.244,0.610,0.042,0.083,1.077,2,1100
199128207,-0.671,0.244,0.610,0.042,0.083,1.077,2,1100
199129694,-1.220,1.524,0.427,0.114,0.050,1.026,2,1100
199130207,-1.280,2.378,0.061,0.114,0.050,1.026,2,1100
199131694,-1.098,2.866,-0.183,-0.036,-0.007,1.028,2,1100
199132213,-0.793,2.622,-0.488,-0.082,0.027,0.989,2,1100
199133694,-0.915,0.732,0.366,-0.111,-0.002,1.012,2,1100
199134207,-0.915,0.732,0.366,-0.106,0.030,1.071,2,1100
199135694,-0.793,0.488,0.915,0.096,0.099,1.068,2,1100
199136213,-0.793,0.488,0.915,0.096,0.099,1.068,2,1100
199137694,-1.220,1.585,0.122,0.096,0.006,1.029,2,1100
199138215,-1.159,2.378,-0.305,0.021,-0.010,1.054,2,1100
199139694,-1.280,2.866,-0.183,-0.034,0.026,0.997,2,1100
199140208,-1.098,2.744,0.000,-0.066,0.003,1.013,2,1100
199141694,-0.610,1.098,0.366,-0.104,0.030,1.048,2,1100
199142208,-0.610,1.098,0.366,-0.104,0.030,1.048,2,1100
199143694,-0.793,0.183,1.098,0.098,0.069,1.035,2,1100
199144215,-0.671,0.610,0.732,0.104,0.040,1.025,2,1100
199145694,-1.159,1.646,0.061,0.081,-0.003,1.038,2,1100
199146207,-1.341,2.805,0.000,0.032,0.022,1.034,2,1100
199147694,-1.159,2.195,-0.183,-0.015,0.020,0.984,2,1100
199148207,-1.159,2.195,-0.183,-0.085,-0.021,1.014,2,1100
199149694,-0.915,0.854,0.366,-0.101,0.070,1.043,2,1100
199150207,-0.915,0.854,0.366,-0.101,0.070,1.043,2,1100
199151694,-1.098,0.366,0.976,0.081,0.062,1.024,2,1100
199152215,-1.098,0.854,0.183,0.094,-0.011,1.053,2,1100
199153216,-1.159,1.951,0.061,0.081,0.033,1.069,2,1100
199154697,-1.220,2.561,-0.122,-0.057,0.011,1.005,2,1100
199155206,-1.220,2.561,-0.122,-0.057,0.011,1.005,2,1100
199156694,-1.159,1.524,0.183,-0.154,0.015,1.027,2,1100
199157208,-1.159,1.524,0.183,-0.154,0.015,1.027,2,1100
199158694,-0.915,0.061,1.037,0.063,0.081,1.068,2,1100
199159207,-1.037,0.305,0.610,0.059,0.048,1.031,2,1100
199160694,-1.220,1.159,0.061,0.081,0.016,1.067,2,1100
199161208,-1.524,2.012,0.183,0.126,0.049,1.049,2,1100
199162694,-0.915,2.561,-0.122,-0.074,-0.034,1.018,2,1100
199163208,-0.915,2.561,-0.122,-0.074,-0.034,1.018,2,1100
199164694,-0.915,1.585,0.244,-0.099,0.044,1.042,2,1100
199165212,-0.854,0.671,1.037,-0.041,0.096,1.082,2,1100
199166694,-0.610,0.305,1.159,0.050,0.056,1.029,2,1100
199167213,-0.549,0.793,0.671,0.088,0.011,1.075,2,1100
199168694,-0.976,2.195,0.183,0.110,0.033,0.998,2,1100
199169207,-0.976,2.195,0.183,0.110,0.033,0.998,2,1100
199170694,-1.037,2.744,-0.427,-0.091,-0.058,1.024,2,1100
199171203,-1.098,2.256,-0.427,-0.091,-0.058,1.024,2,1100
199172694,-1.098,1.098,0.305,-0.075,0.031,1.051,2,1100
199173207,-1.220,0.366,0.854,-0.035,0.084,1.064,2,1100
199174694,-0.976,0.732,0.549,0.038,0.033,1.045,2,1100
199175207,-0.976,0.732,0.549,0.078,0.055,1.061,2,1100
199176694,-1.159,2.317,0.305,0.082,0.026,1.002,2,1100
199177213,-1.159,2.317,0.305,0.082,0.026,1.002,2,1100
199178694,-1.280,2.439,-0.427,-0.114,-0.012,1.010,2,1100
199179215,-1.341,1.829,0.000,-0.092,0.010,1.028,2,1100
199180694,-1.402,0.610,0.732,-0.107,0.083,1.063,2,1100
199181207,-1.341,0.305,0.732,-0.013,0.031,1.044,2,1100
199182695,-0.854,0.549,0.366,0.129,0.040,1.053,2,1100
199183216,-0.854,0.549,0.366,0.129,0.040,1.053,2,1100
199184694,-1.037,2.378,0.183,0.058,-0.008,1.031,2,1100
199185210,-1.159,3.110,-0.244,-0.048,-0.013,1.037,2,1100
199186694,-1.220,2.866,-0.305,-0.101,0.015,0.993,2,1100
199187215,-1.280,1.646,0.305,-0.103,-0.003,1.038,2,1100
199188694,-0.976,0.244,0.732,-0.028,0.030,1.070,2,1100
199189207,-0.976,0.244,0.732,-0.028,0.030,1.070,2,1100
199190694,-0.976,0.549,0.854,0.147,0.025,1.053,2,1100
199191212,-0.976,0.549,0.854,0.147,0.025,1.053,2,1100
199192694,-1.463,2.378,0.244,0.034,-0.023,1.050,2,1100
199193207,-1.280,2.866,-0.061,-0.057,0.015,0.980,2,1100
199194694,-1.098,2.439,0.000,-0.075,-0.023,1.029,2,1100
199195215,-0.915,1.585,0.305,-0.141,0.040,1.029,2,1100
199196694,-0.854,0.427,0.854,-0.001,0.103,1.096,2,1100
199197207,-0.854,0.427,0.854,-0.001,0.103,1.096,2,1100
199198694,-1.159,0.854,0.793,0.094,0.062,1.036,2,1100
199199208,-1.159,1.707,0.061,0.105,-0.014,1.051,2,1100
199200702,-1.098,2.622,0.122,0.011,0.008,1.031,2,1100
199201234,-0.976,2.805,-0.244,-0.040,0.012,0.998,2,1100
199202697,-0.915,1.159,0.061,-0.128,-0.008,1.036,2,1100
199203214,-0.915,1.159,0.061,-0.128,-0.008,1.036,2,1100
199204694,-0.976,0.244,1.037,0.039,0.095,1.078,2,1100
199205207,-1.220,0.244,1.159,0.039,0.095,1.078,2,1100
199206694,-0.854,0.854,0.366,0.100,0.004,1.052,2,1100
199207210,-0.854,2.012,0.122,0.099,0.022,1.071,2,1100
199208694,-1.098,2.683,-0.244,0.033,0.035,0.981,2,1100
199209207,-1.098,2.683,-0.244,-0.065,-0.010,1.013,2,1100
199210694,-0.671,1.463,-0.122,-0.147,0.023,1.038,2,1100
199211207,-0.671,1.463,-0.122,-0.147,0.023,1.038,2,1100
199212694,-0.549,0.305,1.159,0.069,0.055,1.071,2,1100
199213207,-0.671,0.366,1.037,0.072,0.080,1.042,2,1100
199214694,-0.854,1.159,0.305,0.114,-0.012,1.048,2,1100
199215209,-1.159,2.439,0.305,0.088,0.071,1.027,2,1100
199216694,-1.159,2.744,-0.183,-0.101,0.018,1.010,2,1100
199217210,-1.159,2.744,-0.183,-0.101,0.018,1.010,2,1100
199218694,-0.976,1.463,0.244,-0.114,0.059,1.048,2,1100
199219207,-0.976,0.671,0.793,-0.031,0.070,1.072,2,1100
199220694,-0.915,0.427,0.976,0.050,0.072,1.023,2,1100
199221210,-1.159,0.610,0.549,0.086,0.023,1.081,2,1100
199222694,-0.793,2.256,0.122,0.098,0.022,1.022,2,1100
199223207,-0.793,2.256,0.122,0.098,0.022,1.022,2,1100
199224694,-1.037,2.439,-0.427,-0.079,-0.062,1.006,2,1100
199225215,-1.037,2.439,-0.427,-0.079,-0.062,1.006,2,1100
199226228,-0.976,1.098,0.488,-0.064,0.028,1.050,2,1100
199227697,-1.098,0.427,0.793,-0.033,0.086,1.046,2,1100
199228207,-0.854,0.305,0.488,0.042,0.038,1.064,2,1100
199229694,-0.610,1.524,0.305,0.120,0.054,1.009,2,1100
199230215,-0.610,1.524,0.305,0.120,0.054,1.009,2,1100
199231694,-1.341,2.805,-0.610,-0.051,0.014,1.014,2,1100
199232207,-1.341,2.866,-0.366,-0.051,0.014,1.014,2,1100
199233694,-0.976,1.951,0.122,-0.114,0.030,1.028,2,1100
199234207,-0.976,0.915,0.732,-0.083,0.038,1.068,2,1100
199235694,-0.549,0.305,0.732,-0.034,0.064,1.032,2,1100
199236207,-0.549,0.305,0.732,0.074,0.055,1.090,2,1100
199237694,-0.793,1.707,0.305,0.134,0.027,1.034,2,1100
199238208,-0.793,1.707,0.305,0.134,0.027,1.034,2,1100
199239694,-1.280,3.049,0.000,-0.046,-0.017,1.006,2,1100
199240215,-1.159,2.805,-0.122,-0.108,0.019,1.009,2,1100
199241695,-1.098,1.890,0.061,-0.109,0.008,1.042,2,1100
199242214,-0.732,0.854,0.427,-0.112,0.066,1.029,2,1100
199243694,-0.854,0.488,0.732,0.071,0.101,1.070,2,1100
199244215,-0.854,0.488,0.732,0.071,0.101,1.070,2,1100
199245694,-0.854,1.768,0.061,0.102,0.016,1.033,2,1100
199246207,-1.220,2.561,-0.183,0.102,0.016,1.033,2,1100
199247694,-1.646,2.927,-0.183,-0.061,0.009,0.992,2,1100
199248207,-0.976,2.378,-0.244,-0.073,0.007,1.018,2,1100
199249694,-0.793,0.732,0.671,-0.131,0.004,1.033,2,1100
199250207,-0.793,0.732,0.671,-0.081,0.040,1.036,2,1100
199251694,-0.976,0.671,0.854,0.100,0.064,1.026,2,1100
199252207,-0.976,0.671,0.854,0.100,0.064,1.026,2,1100
199253694,-0.854,1.890,0.244,0.077,0.016,1.041,2,1100
199254207,-0.915,2.744,-0.061,0.023,-0.013,1.006,2,1100
199255694,-0.976,2.866,-0.061,-0.058,0.017,0.994,2,1100
199256215,-0.915,2.256,0.000,-0.093,-0.020,1.038,2,1100
199257694,-0.915,0.610,0.488,-0.059,0.038,1.068,2,1100
199258207,-0.915,0.610,0.488,-0.059,0.038,1.068,2,1100
199259694,-0.976,0.122,0.915,0.086,0.053,1.027,2,1100
199260215,-1.037,0.854,0.183,0.102,0.018,1.050,2,1100
199261694,-1.098,1.951,0.061,0.092,0.013,1.054,2,1100
199262207,-1.159,2.744,0.061,0.018,0.032,1.004,2,1100
199263694,-1.220,2.195,-0.305,-0.120,-0.020,1.016,2,1100
199264215,-1.220,2.195,-0.305,-0.120,-0.020,1.016,2,1100
199265694,-0.854,0.610,0.854,-0.045,0.090,1.061,2,1100
199266207,-0.671,0.488,1.098,-0.045,0.090,1.061,2,1100
199267694,-0.732,0.671,0.854,0.060,0.051,1.063,2,1100
199268212,-1.159,1.159,0.427,0.092,0.000,1.066,2,1100
199269694,-1.524,2.195,0.427,0.093,0.067,1.020,2,1100
199270207,-1.463,2.866,0.366,0.017,-0.004,1.019,2,1100
199271694,-1.220,2.195,-0.061,-0.137,-0.043,1.014,2,1100
199272215,-1.220,2.195,-0.061,-0.137,-0.043,1.014,2,1100
199273694,-0.732,0.305,1.159,-0.010,0.085,1.063,2,1100
199274207,-0.976,0.000,1.159,0.048,0.047,1.047,2,1100
199275694,-1.280,0.488,0.732,0.068,0.033,1.060,2,1100
199276207,-1.098,1.646,0.305,0.115,0.035,1.063,2,1100
199277694,-1.037,2.744,0.122,-0.016,-0.016,1.020,2,1100
199278215,-1.037,2.744,0.122,-0.016,-0.016,1.020,2,1100
199279694,-0.854,2.073,0.061,-0.134,0.011,1.006,2,1100
199280210,-0.915,0.915,0.732,-0.134,0.011,1.006,2,1100
199281694,-0.976,0.549,0.976,-0.035,0.070,1.043,2,1100
199282215,-0.793,0.366,0.671,0.055,0.026,1.077,2,1100
199283694,-1.037,1.585,0.305,0.083,0.050,1.061,2,1100
199284210,-1.037,1.585,0.305,0.126,0.050,1.011,2,1100
199285694,-1.341,2.805,-0.366,-0.044,-0.002,1.024,2,1100
199286215,-1.341,2.805,-0.366,-0.044,-0.002,1.024,2,1100
199287694,-1.280,1.768,-0.244,-0.096,0.034,1.034,2,1100
199288215,-0.854,0.854,0.732,-0.075,0.052,1.041,2,1100
199289694,-0.854,0.549,0.976,-0.034,0.063,1.049,2,1100
199290207,-0.976,0.671,0.610,0.052,0.037,1.088,2,1100
199291694,-0.793,1.524,0.183,0.141,0.032,1.024,2,1100
199292207,-0.793,1.524,0.183,0.141,0.032,1.024,2,1100
199293694,-1.037,2.988,-0.366,-0.067,-0.025,1.005,2,1100
199294207,-1.280,2.866,0.000,-0.099,0.011,1.003,2,1100
199295694,-0.915,1.463,0.549,-0.082,0.029,1.046,2,1100
199296212,-0.610,0.671,0.671,-0.088,0.053,1.039,2,1100
199297694,-0.854,0.244,0.793,0.089,0.083,1.063,2,1100
199298207,-0.854,0.244,0.793,0.089,0.083,1.063,2,1100
199299694,-1.098,1.463,0.366,0.104,0.024,1.039,2,1100
199300215,-1.280,2.439,-0.244,0.104,0.024,1.039,2,1100
199301694,-1.585,2.866,-0.305,-0.058,0.002,0.995,2,1100
199302213,-1.220,2.500,-0.122,-0.071,0.009,1.034,2,1100
199303694,-1.037,1.646,0.549,-0.103,0.019,1.024,2,1100
199304207,-0.732,0.915,0.732,-0.099,0.036,1.048,2,1100
199305694,-0.732,0.610,0.671,0.103,0.084,1.042,2,1100
199306207,-0.732,0.610,0.671,0.103,0.084,1.042,2,1100
199307694,-1.037,1.890,0.061,0.102,-0.000,1.041,2,1100
199308208,-1.159,2.805,-0.244,0.008,-0.007,1.014,2,1100
199309694,-1.280,2.744,-0.427,-0.061,0.030,0.998,2,1100
199310208,-0.976,2.134,0.000,-0.072,-0.019,1.028,2,1100
199311694,-0.915,0.671,0.305,-0.076,0.019,1.090,2,1100
199312207,-0.915,0.671,0.305,-0.076,0.019,1.090,2,1100
199313694,-0.732,0.427,0.915,0.124,0.056,1.024,2,1100
199314207,-0.915,0.915,0.671,0.124,0.056,1.024,2,1100
199315694,-1.280,2.195,0.305,0.076,-0.005,1.063,2,1100
199316212,-1.280,2.988,-0.244,0.005,0.031,0.998,2,1100
199317694,-1.098,2.073,0.122,-0.050,0.016,1.006,2,1100
199318207,-1.098,2.073,0.122,-0.109,-0.036,1.022,2,1100
199319694,-1.220,0.732,0.854,-0.053,0.081,1.070,2,1100
199320208,-1.220,0.732,0.854,-0.053,0.081,1.070,2,1100
199321694,-0.915,0.427,0.976,0.092,0.065,1.052,2,1100
199322208,-1.037,0.976,0.000,0.102,-0.010,1.064,2,1100
199323694,-1.037,2.439,0.122,0.071,0.038,1.005,2,1100
199324203,-0.915,2.927,-0.061,0.023,0.014,1.021,2,1100
199325694,-1.159,1.951,-0.061,-0.122,-0.056,1.024,2,1100
199326210,-1.159,1.951,-0.061,-0.122,-0.056,1.024,2,1100
199327694,-1.159,0.366,0.793,-0.012,0.098,1.057,2,1100
199328207,-1.037,0.305,1.341,0.073,0.081,1.045,2,1100
199329694,-0.732,0.427,1.098,0.077,0.017,1.044,2,1100
199330207,-0.732,1.402,0.305,0.095,0.011,1.077,2,1100
199331694,-0.976,2.927,-0.183,0.002,0.009,1.021,2,1100
199332210,-0.976,2.927,-0.183,0.002,0.009,1.021,2,1100
199333694,-1.037,2.134,-0.366,-0.146,-0.008,1.028,2,1100
199334207,-1.159,1.159,0.549,-0.146,-0.008,1.028,2,1100
199335694,-0.854,0.427,1.220,-0.001,0.099,1.046,2,1100
199336207,-0.549,0.244,1.402,0.067,0.040,1.075,2,1100
199337694,-0.854,0.549,0.671,0.075,0.024,1.062,2,1100
199338215,-0.854,1.707,0.305,0.112,0.044,1.025,2,1100
199339694,-0.915,2.744,-0.244,-0.045,0.004,1.009,2,1100
199340215,-0.915,2.744,-0.244,-0.045,0.004,1.009,2,1100
199341694,-0.793,1.707,0.000,-0.117,0.035,1.024,2,1100
199342209,-0.854,0.732,0.854,-0.063,0.063,1.036,2,1100
199343694,-0.976,-0.061,1.037,-0.003,0.077,1.044,2,1100
199344215,-0.976,0.183,0.732,0.054,0.023,1.081,2,1100
199345694,-1.098,1.646,0.732,0.132,0.050,1.024,2,1100
199346207,-1.098,1.646,0.732,0.132,0.050,1.024,2,1100
199347694,-1.402,2.866,-0.061,-0.058,-0.033,0.992,2,1100
199348207,-1.280,2.561,-0.183,-0.058,-0.033,0.992,2,1100
199349694,-0.976,1.463,0.061,-0.080,0.028,1.053,2,1100
199350208,-0.976,0.732,0.793,-0.085,0.069,1.025,2,1100
199351694,-0.793,0.488,0.610,0.000,0.030,1.081,2,1100
199352207,-0.793,0.488,0.610,0.053,0.072,1.074,2,1100
199353694,-1.159,1.402,0.610,0.119,0.051,1.046,2,1100
199354203,-1.159,1.402,0.610,0.119,0.051,1.046,2,1100
199355694,-1.220,2.866,-0.488,-0.075,-0.030,1.005,2,1100
199356215,-1.220,2.195,-0.366,-0.091,0.020,1.031,2,1100
199357694,-1.341,1.159,0.427,-0.104,0.023,1.017,2,1100
199358207,-1.159,0.427,0.671,-0.092,0.045,1.041,2,1100
199359694,-0.793,0.732,0.854,0.096,0.080,1.050,2,1100
199360210,-0.793,0.732,0.854,0.096,0.080,1.050,2,1100
199361694,-0.915,1.524,0.305,0.112,-0.000,1.042,2,1100
199362207,-1.037,2.683,-0.183,-0.012,-0.012,1.029,2,1100
199363694,-1.220,3.110,-0.427,-0.082,0.012,1.002,2,1100
199364208,-1.159,2.256,-0.366,-0.069,-0.010,1.027,2,1100
199365694,-0.732,0.549,0.610,-0.061,0.003,1.093,2,1100
199366207,-0.732,0.549,0.610,-0.061,0.003,1.093,2,1100
199367694,-0.671,0.305,0.549,0.124,0.037,1.023,2,1100
199368207,-0.854,1.159,0.488,0.124,0.037,1.023,2,1100
199369694,-0.976,2.256,0.061,0.080,-0.010,1.051,2,1100
199370207,-1.402,2.866,-0.244,-0.012,0.011,1.016,2,1100
199371694,-1.220,2.805,-0.244,-0.062,0.012,1.012,2,1100
199372209,-0.915,2.073,0.183,-0.098,-0.004,1.017,2,1100
199373694,-1.037,0.610,0.488,-0.070,0.047,1.081,2,1100
199374207,-1.037,0.610,0.488,-0.070,0.047,1.081,2,1100
199375694,-0.549,0.549,1.220,0.091,0.070,1.041,2,1100
199376207,-0.793,1.098,0.732,0.109,0.003,1.069,2,1100
199377694,-0.976,2.378,0.488,0.053,0.012,1.022,2,1100
199378212,-1.159,2.805,0.000,0.017,0.013,1.013,2,1100
199379694,-1.220,2.134,0.122,-0.104,-0.052,1.022,2,1100
199380207,-1.220,2.134,0.122,-0.104,-0.052,1.022,2,1100
199381694,-0.854,0.610,0.488,-0.033,0.100,1.033,2,1100
199382207,-0.915,0.244,1.037,-0.033,0.100,1.033,2,1100
199383694,-0.915,0.427,0.610,0.087,0.052,1.048,2,1100
199384215,-0.915,1.524,0.000,0.101,-0.011,1.055,2,1100
199385694,-0.915,2.744,0.000,0.060,0.057,1.016,2,1100
199386215,-0.915,2.744,0.000,0.017,-0.015,1.024,2,1100
199387694,-1.159,1.951,0.122,-0.125,-0.038,1.044,2,1100
199388207,-1.159,1.951,0.122,-0.125,-0.038,1.044,2,1100
199389694,-0.915,0.732,1.098,0.007,0.073,1.042,2,1100
199390210,-0.915,0.305,1.037,0.070,0.077,1.067,2,1100
199391694,-0.793,0.671,0.427,0.103,0.006,1.056,2,1100
199392213,-0.915,1.829,0.305,0.093,0.046,1.024,2,1100
199393694,-1.220,2.866,0.183,-0.061,0.035,1.001,2,1100
199394215,-1.220,2.866,0.183,-0.061,0.035,1.001,2,1100
199395694,-1.220,1.768,0.061,-0.135,0.029,1.048,2,1100
199396215,-0.976,0.610,0.488,-0.072,0.045,1.039,2,1100
199397694,-1.098,0.183,1.159,-0.013,0.094,1.062,2,1100
199398207,-0.793,0.000,0.976,0.070,0.021,1.069,2,1100
199399694,-1.159,1.646,0.549,0.108,0.059,1.044,2,1100
199400215,-1.159,1.646,0.549,0.108,0.059,1.044,2,1100
199401694,-1.280,2.500,-0.183,-0.052,-0.013,0.992,2,1100
199402207,-1.341,2.622,-0.427,-0.052,-0.013,0.992,2,1100
199403694,-1.159,1.463,-0.122,-0.109,0.035,1.037,2,1100
199404215,-0.915,0.427,0.732,-0.063,0.039,1.041,2,1100
199405694,-0.793,0.305,0.732,0.001,0.070,1.075,2,1100
199406207,-0.854,0.549,0.671,0.071,0.043,1.067,2,1100
199407694,-0.976,1.646,0.122,0.127,0.011,1.069,2,1100
199408210,-0.976,1.646,0.122,0.127,0.011,1.069,2,1100
199409694,-1.159,2.744,-0.244,-0.048,-0.042,0.995,2,1100
199410207,-0.915,2.378,-0.366,-0.116,0.013,1.021,2,1100
199411694,-0.915,1.524,0.366,-0.089,0.015,1.032,2,1100
199412210,-0.854,0.549,0.671,-0.097,0.090,1.042,2,1100
199413694,-0.732,0.671,0.793,0.084,0.076,1.055,2,1100
199414213,-0.732,0.671,0.793,0.084,0.076,1.055,2,1100
199415694,-1.037,1.829,0.488,0.106,0.034,1.048,2,1100
199416215,-0.915,2.439,-0.061,0.106,0.034,1.048,2,1100
199417694,-0.854,2.744,-0.305,-0.068,0.003,1.009,2,1100
199418207,-0.671,2.195,0.061,-0.091,-0.006,1.036,2,1100
199419694,-1.037,0.305,0.549,-0.126,0.028,1.017,2,1100
199420210,-1.037,0.305,0.549,-0.054,0.028,1.088,2,1100
199421694,-0.488,0.671,1.037,0.116,0.048,1.032,2,1100
199422215,-0.488,0.671,1.037,0.116,0.048,1.032,2,1100
199423694,-0.976,2.195,-0.183,0.085,0.017,1.016,2,1100
199424207,-1.098,2.805,-0.183,-0.011,0.001,1.027,2,1100
199425698,-1.098,2.927,-0.183,-0.080,0.029,1.000,2,1100
199426223,-1.220,2.134,0.061,-0.068,-0.046,1.035,2,1100
199427696,-0.976,0.427,0.671,-0.023,0.029,1.084,2,1100
199428211,-0.976,0.427,0.671,-0.023,0.029,1.084,2,1100
199429694,-0.610,0.610,0.915,0.100,0.029,1.050,2,1100
199430210,-1.341,1.220,0.488,0.098,0.039,1.060,2,1100
199431694,-1.341,2.256,0.000,0.086,-0.001,1.021,2,1100
199432207,-1.341,2.988,-0.122,-0.011,0.022,1.018,2,1100
199433695,-0.976,1.890,0.000,-0.121,-0.021,1.020,2,1100
199434209,-0.976,1.890,0.000,-0.121,-0.021,1.020,2,1100
199435694,-0.488,0.549,0.915,-0.032,0.098,1.045,2,1100
199436215,-0.549,0.244,0.915,-0.032,0.098,1.045,2,1100
199437694,-0.854,0.305,0.610,0.099,0.053,1.039,2,1100
199438215,-1.098,1.159,0.366,0.112,-0.013,1.054,2,1100
199439694,-0.854,2.378,0.366,0.058,0.057,1.032,2,1100
199440210,-1.098,2.744,-0.122,-0.003,-0.007,1.003,2,1100
199441694,-0.854,1.890,-0.183,-0.126,-0.031,1.030,2,1100
199442207,-0.854,1.890,-0.183,-0.126,-0.031,1.030,2,1100
199443694,-0.915,0.427,0.915,0.007,0.095,1.032,2,1100
199444210,-0.610,0.427,1.037,0.076,0.052,1.082,2,1100
199445694,-0.732,0.793,0.488,0.078,0.050,1.051,2,1100
199446210,-0.976,1.585,0.305,0.114,0.016,1.033,2,1100
199447694,-1.159,2.500,0.000,-0.042,-0.010,1.013,2,1100
199448215,-1.159,2.500,0.000,-0.042,-0.010,1.013,2,1100
199449694,-1.280,1.585,0.061,-0.115,0.003,1.058,2,1100
199450210,-1.159,0.793,0.732,-0.115,0.003,1.058,2,1100
199451694,-0.976,0.488,1.098,0.009,0.068,1.067,2,1100
199452215,-0.854,0.305,0.671,0.064,0.042,1.071,2,1100
199453694,-1.402,1.768,0.305,0.094,0.051,1.044,2,1100
199454213,-1.402,1.768,0.305,0.127,0.053,1.030,2,1100
199455694,-1.220,2.683,-0.427,-0.066,-0.023,0.990,2,1100
199456207,-1.220,2.683,-0.427,-0.066,-0.023,0.990,2,1100
199457694,-0.854,1.524,0.122,-0.114,0.057,1.051,2,1100
199458207,-0.671,0.305,0.854,-0.071,0.044,1.029,2,1100
199459694,-0.671,0.000,0.976,-0.002,0.059,1.092,2,1100
199460208,-1.037,0.305,0.915,0.076,0.046,1.056,2,1100
199461694,-1.037,1.646,0.305,0.128,0.031,1.050,2,1100
199462207,-1.037,1.646,0.305,0.128,0.031,1.050,2,1100
199463694,-1.280,2.744,-0.549,-0.082,-0.035,1.007,2,1100
199464207,-1.341,2.683,-0.244,-0.110,0.005,1.011,2,1100
199465694,-1.220,1.646,0.366,-0.094,0.043,1.017,2,1100
199466207,-1.220,0.732,0.915,-0.082,0.047,1.066,2,1100
199467694,-0.793,0.488,0.793,0.091,0.063,1.050,2,1100
199468208,-0.793,0.488,0.793,0.091,0.063,1.050,2,1100
199469694,-1.220,1.829,0.244,0.101,0.003,1.070,2,1100
199470207,-1.220,2.683,-0.122,0.101,0.003,1.070,2,1100
199471694,-1.341,2.988,-0.488,-0.074,-0.016,1.011,2,1100
199472213,-1.524,2.195,-0.122,-0.093,0.037,1.026,2,1100
199473694,-1.402,1.159,0.305,-0.104,0.001,1.015,2,1100
199474210,-0.854,0.732,0.427,-0.063,0.037,1.101,2,1100
199475694,-0.854,0.549,0.854,0.126,0.065,1.060,2,1100
199476213,-0.854,0.549,0.854,0.126,0.065,1.060,2,1100
199477694,-0.793,2.012,0.061,0.084,-0.001,1.020,2,1100
199478215,-0.976,3.049,-0.244,-0.032,0.001,1.040,2,1100
199479699,-0.732,2.988,-0.183,-0.050,0.018,1.008,2,1100
199480226,-0.671,2.683,0.244,-0.095,-0.009,1.019,2,1100
199481696,-0.610,0.732,0.610,-0.039,0.031,1.077,2,1100
199482215,-0.610,0.732,0.610,-0.039,0.031,1.077,2,1100
199483694,-1.037,0.610,1.220,0.131,0.054,1.057,2,1100
199484207,-1.098,1.098,0.488,0.131,0.054,1.057,2,1100
199485694,-1.220,2.256,0.122,0.061,-0.015,1.023,2,1100
199486215,-1.524,2.988,-0.061,-0.019,0.023,1.021,2,1100
199487694,-0.976,2.012,0.244,-0.044,0.025,0.988,2,1100
199488207,-0.976,2.012,0.244,-0.128,-0.027,1.021,2,1100
199489694,-0.732,0.610,0.732,-0.017,0.093,1.047,2,1100
199490213,-0.732,0.610,0.732,-0.017,0.093,1.047,2,1100
199491694,-0.671,0.427,0.732,0.097,0.045,1.041,2,1100
199492207,-1.098,1.402,0.000,0.092,-0.005,1.042,2,1100
199493694,-1.402,2.561,-0.122,0.057,0.037,1.037,2,1100
199494207,-1.280,2.866,0.000,0.001,0.016,1.008,2,1100
199495700,-0.976,1.524,-0.366,-0.141,-0.042,1.047,2,1100
199496223,-0.976,1.524,-0.366,-0.141,-0.042,1.047,2,1100
199497696,-0.854,0.183,0.976,0.016,0.104,1.043,2,1100
199498210,-0.854,0.061,1.220,0.091,0.060,1.070,2,1100
199499694,-0.976,0.793,0.610,0.081,0.027,1.050,2,1100
199500216,-1.098,1.707,0.244,0.104,-0.005,1.049,2,1100
199501694,-1.159,2.683,0.244,-0.017,0.000,0.996,2,1100
199502207,-1.159,2.683,0.244,-0.017,0.000,0.996,2,1100
199503694,-1.280,1.524,-0.183,-0.128,-0.029,1.060,2,1100
199504207,-1.280,1.524,-0.183,-0.128,-0.029,1.060,2,1100
199505694,-0.915,0.305,1.159,0.040,0.062,1.072,2,1100
199506210,-0.915,0.427,1.037,0.057,0.048,1.049,2,1100
199507694,-0.671,0.915,0.183,0.075,0.007,1.045,2,1100
199508207,-0.976,2.073,0.244,0.098,0.068,1.042,2,1100
199509694,-1.524,2.683,-0.183,-0.066,0.001,0.995,2,1100
199510207,-1.524,2.683,-0.183,-0.066,0.001,0.995,2,1100
199511699,-0.793,1.646,-0.183,-0.109,0.047,1.017,2,1100
199512222,-0.854,0.549,0.793,-0.050,0.062,1.036,2,1100
199513696,-1.037,0.244,0.976,0.014,0.078,1.094,2,1100
199514217,-1.037,0.244,0.610,0.058,0.018,1.059,2,1100
199515694,-1.037,1.890,0.427,0.138,0.032,1.056,2,1100
199516207,-1.037,1.890,0.427,0.138,0.032,1.056,2,1100
199517694,-1.159,2.744,-0.366,-0.079,-0.051,1.020,2,1100
199518210,-1.280,2.317,-0.244,-0.079,-0.051,1.020,2,1100
199519694,-1.341,1.463,0.366,-0.092,0.044,0.999,2,1100
199520210,-1.159,0.427,1.098,-0.061,0.069,1.061,2,1100
199521694,-0.854,0.549,0.671,0.004,0.037,1.067,2,1100
199522215,-0.854,0.549,0.671,0.082,0.036,1.073,2,1100
199523694,-0.915,1.707,0.427,0.119,0.023,1.040,2,1100
199524210,-0.915,1.707,0.427,0.119,0.023,1.040,2,1100
199525694,-1.159,2.988,-0.244,-0.094,-0.045,1.025,2,1100
199526215,-1.280,2.073,0.122,-0.103,0.034,1.020,2,1100
199527694,-1.220,0.976,0.488,-0.095,0.036,1.010,2,1100
199528207,-1.159,0.305,0.854,-0.060,0.038,1.100,2,1100
199529694,-0.732,0.610,0.488,0.115,0.050,1.037,2,1100
199530207,-0.732,0.610,0.488,0.115,0.050,1.037,2,1100
199531694,-0.976,1.951,0.000,0.087,-0.005,1.017,2,1100
199532212,-1.159,2.866,-0.427,-0.038,-0.016,1.036,2,1100
199533695,-1.341,2.988,-0.427,-0.081,0.011,1.012,2,1100
199534217,-1.220,2.073,0.000,-0.069,-0.001,1.017,2,1100
199535698,-1.220,0.488,0.488,-0.046,0.008,1.093,2,1100
199536227,-1.220,0.488,0.488,-0.046,0.008,1.093,2,1100
199537696,-1.037,0.671,0.915,0.132,0.043,1.034,2,1100
199538216,-1.280,1.402,0.732,0.132,0.043,1.034,2,1100
199539695,-1.037,2.256,0.061,0.068,-0.017,1.015,2,1100
199540205,-0.915,2.866,-0.122,-0.039,-0.001,1.034,2,1100
199541698,-0.976,2.744,-0.122,-0.073,0.044,0.998,2,1100
199542217,-1.159,2.073,0.061,-0.084,-0.024,1.004,2,1100
199543696,-1.098,0.427,0.915,-0.054,0.050,1.051,2,1100
199544210,-1.098,0.427,0.915,-0.054,0.050,1.051,2,1100
199545694,-1.098,0.488,0.793,0.105,0.065,1.044,2,1100
199546216,-0.793,1.402,0.061,0.093,0.007,1.038,2,1100
199547694,-0.915,2.561,-0.061,0.041,0.012,1.047,2,1100
199548208,-1.037,2.927,-0.305,-0.008,0.011,1.007,2,1100
199549694,-1.098,1.646,0.122,-0.125,-0.028,1.021,2,1100
199550209,-1.098,1.646,0.122,-0.125,-0.028,1.021,2,1100
199551694,-1.159,0.671,0.915,-0.005,0.106,1.050,2,1100
199552207,-1.037,0.305,1.280,-0.005,0.106,1.050,2,1100
199553694,-0.732,0.488,0.671,0.112,0.050,1.044,2,1100
199554215,-1.098,1.524,0.183,0.099,-0.021,1.049,2,1100
199555694,-1.220,2.622,0.122,0.048,0.045,1.031,2,1100
199556210,-1.220,2.622,0.122,-0.011,0.001,0.992,2,1100
199557694,-1.341,1.585,0.183,-0.140,-0.020,1.064,2,1100
199558208,-1.341,1.585,0.183,-0.140,-0.020,1.064,2,1100
199559694,-0.915,0.427,1.037,0.042,0.088,1.091,2,1100
199560215,-0.549,0.427,0.976,0.067,0.070,1.053,2,1100
199561694,-0.732,1.159,0.427,0.090,0.002,1.043,2,1100
199562215,-0.976,2.012,0.000,0.096,0.044,1.050,2,1100
199563694,-1.037,2.622,-0.305,-0.057,0.029,0.982,2,1100
199564215,-1.037,2.622,-0.305,-0.057,0.029,0.982,2,1100
199565695,-0.549,1.524,-0.244,-0.148,0.037,1.040,2,1100
199566209,-0.671,0.671,0.488,-0.042,0.041,1.035,2,1100
199567694,-0.793,0.122,0.915,0.030,0.104,1.084,2,1100
199568207,-0.854,0.122,0.854,0.078,0.027,1.054,2,1100
199569694,-0.854,1.829,0.427,0.130,0.043,1.049,2,1100
199570207,-0.854,1.829,0.427,0.130,0.043,1.049,2,1100
199571694,-1.402,2.866,-0.427,-0.061,-0.043,1.024,2,1100
199572207,-1.402,2.866,-0.427,-0.061,-0.043,1.024,2,1100
199573694,-0.915,1.280,0.122,-0.107,0.046,1.007,2,1100
199574215,-1.280,0.305,0.854,-0.063,0.078,1.078,2,1100
199575694,-0.915,0.183,1.159,0.031,0.053,1.075,2,1100
199576215,-1.098,0.488,0.793,0.068,0.050,1.053,2,1100
199577694,-1.098,2.134,0.427,0.139,-0.003,1.059,2,1100
199578210,-1.098,2.134,0.427,0.139,-0.003,1.059,2,1100
199579694,-0.915,2.805,-0.549,-0.076,-0.062,1.028,2,1100
199580207,-0.732,2.256,-0.183,-0.123,0.037,1.021,2,1100
199581694,-0.610,1.402,0.488,-0.084,0.014,1.025,2,1100
199582210,-0.549,0.244,0.671,-0.076,0.080,1.089,2,1100
199583694,-0.610,0.915,0.427,0.094,0.064,1.057,2,1100
199584207,-0.610,0.915,0.427,0.094,0.064,1.057,2,1100
199585694,-0.915,2.073,0.427,0.075,0.034,1.002,2,1100
199586207,-1.220,2.866,-0.122,0.075,0.034,1.002,2,1100
199587694,-1.280,2.805,-0.488,-0.101,0.001,1.011,2,1100
199588209,-1.341,2.134,0.000,-0.095,-0.006,1.037,2,1100
199589700,-1.220,0.122,0.793,-0.119,0.076,1.037,2,1100
199590223,-1.220,0.122,0.793,-0.014,0.005,1.072,2,1100
199591696,-1.098,0.488,0.488,0.119,0.026,1.044,2,1100
199592215,-1.098,0.488,0.488,0.119,0.026,1.044,2,1100
199593694,-1.098,2.195,0.061,0.078,-0.014,1.007,2,1100
199594210,-1.341,2.805,-0.366,-0.030,-0.011,1.028,2,1100
199595694,-0.915,2.561,-0.671,-0.091,0.032,0.998,2,1100
199596207,-0.793,2.134,-0.061,-0.091,-0.031,1.026,2,1100
199597694,-0.915,0.427,0.915,-0.028,0.032,1.053,2,1100
199598203,-0.915,0.427,0.915,-0.028,0.032,1.053,2,1100
199599694,-0.854,0.854,0.854,0.119,0.032,1.058,2,1100
199600207,-0.793,1.646,0.427,0.095,0.049,1.012,2,1100
199601694,-0.976,2.439,0.061,0.076,-0.003,1.048,2,1100
199602207,-1.220,2.927,-0.183,-0.033,0.022,1.010,2,1100
199603694,-1.341,1.707,0.061,-0.129,-0.001,1.029,2,1100
199604208,-1.341,1.707,0.061,-0.129,-0.001,1.029,2,1100
199605699,-1.280,0.549,1.037,-0.019,0.094,1.053,2,1100
199606226,-0.488,0.366,0.976,-0.019,0.094,1.053,2,1100
199607696,-0.610,0.732,0.793,0.082,0.064,1.032,2,1100
199608215,-0.976,1.585,0.183,0.118,-0.015,1.033,2,1100
199609694,-1.220,2.622,0.061,0.034,0.055,1.041,2,1100
199610215,-1.098,2.866,-0.244,-0.043,-0.009,0.996,2,1100
199611694,-1.037,1.768,0.122,-0.129,-0.021,1.057,2,1100
199612207,-1.037,1.768,0.122,-0.129,-0.021,1.057,2,1100
199613694,-0.915,0.244,1.159,0.028,0.078,1.068,2,1100
199614215,-1.037,0.244,1.280,0.077,0.056,1.066,2,1100
199615694,-0.976,0.793,0.427,0.097,0.021,1.031,2,1100
199616212,-1.280,1.890,0.610,0.089,0.035,1.047,2,1100
199617694,-1.463,2.988,0.061,-0.040,-0.018,1.018,2,1100
199618215,-1.463,2.988,0.061,-0.040,-0.018,1.018,2,1100
199619694,-0.915,1.585,-0.122,-0.127,0.012,1.043,2,1100
199620207,-0.915,0.732,0.366,-0.127,0.012,1.043,2,1100
199621694,-0.671,0.305,1.037,0.041,0.064,1.106,2,1100
199622207,-0.488,0.366,0.854,0.049,0.073,1.037,2,1100
199623694,-1.341,1.951,0.366,0.113,0.005,1.041,2,1100
199624207,-1.341,1.951,0.366,0.109,0.069,1.056,2,1100
199625694,-1.280,2.683,-0.244,-0.075,-0.008,0.999,2,1100
199626210,-1.280,2.683,-0.244,-0.075,-0.008,0.999,2,1100
199627694,-1.098,1.463,0.305,-0.112,0.048,1.015,2,1100
199628207,-1.159,0.610,0.915,-0.051,0.058,1.065,2,1100
199629694,-1.037,0.061,0.915,0.025,0.065,1.070,2,1100
199630215,-1.037,0.305,0.732,0.076,0.030,1.053,2,1100
199631694,-1.098,2.073,0.427,0.109,0.024,1.061,2,1100
199632207,-1.098,2.073,0.427,0.109,0.024,1.061,2,1100
199633694,-1.341,2.866,-0.427,-0.066,-0.042,1.018,2,1100
199634210,-1.159,2.500,-0.122,-0.120,0.030,1.013,2,1100
199635694,-0.976,1.280,0.427,-0.092,0.031,1.025,2,1100
199636209,-0.793,0.366,0.976,-0.069,0.069,1.095,2,1100
199637694,-0.732,0.610,0.732,0.102,0.046,1.072,2,1100
199638207,-0.732,0.610,0.732,0.102,0.046,1.072,2,1100
199639694,-1.037,2.012,0.366,0.105,0.001,1.042,2,1100
199640207,-1.037,2.012,0.366,0.105,0.001,1.042,2,1100
199641700,-1.463,2.744,-0.244,-0.060,-0.029,1.014,2,1100
199642218,-1.463,1.951,0.183,-0.089,0.025,1.014,2,1100
199643696,-1.220,1.159,0.549,-0.118,0.019,1.049,2,1100
199644215,-0.976,0.610,0.915,-0.051,0.046,1.072,2,1100
199645694,-0.793,0.671,0.793,0.117,0.062,1.062,2,1100
199646213,-0.793,0.671,0.793,0.117,0.062,1.062,2,1100
199647694,-1.098,2.134,0.183,0.070,-0.022,1.010,2,1100
199648207,-1.341,2.561,-0.061,-0.030,0.010,1.029,2,1100
199649694,-1.463,2.439,-0.122,-0.077,0.026,0.992,2,1100
199650207,-1.402,1.829,0.366,-0.091,-0.012,1.027,2,1100
199651694,-1.159,0.305,0.732,-0.038,0.039,1.051,2,1100
199652207,-1.159,0.305,0.732,-0.038,0.039,1.051,2,1100
199653694,-0.732,0.305,0.610,0.132,0.043,1.035,2,1100
199654215,-0.732,1.463,0.244,0.132,0.043,1.035,2,1100
199655694,-1.280,2.378,0.000,0.049,-0.001,1.048,2,1100
199656215,-1.341,2.988,-0.061,-0.035,0.014,1.013,2,1100
199657695,-1.159,1.646,0.183,-0.070,0.002,0.999,2,1100
199658214,-1.159,1.646,0.183,-0.124,-0.009,1.028,2,1100
199659694,-1.220,0.366,0.854,-0.004,0.083,1.059,2,1100
199660207,-1.220,0.366,0.854,-0.004,0.083,1.059,2,1100
199661694,-0.671,0.793,0.793,0.093,0.050,1.049,2,1100
199662210,-1.037,1.768,0.122,0.098,-0.014,1.022,2,1100
199663694,-1.280,2.683,0.122,0.044,0.032,1.047,2,1100
199664207,-1.098,2.683,0.000,-0.028,0.021,0.992,2,1100
199665694,-0.854,1.463,0.000,-0.146,-0.029,1.044,2,1100
199666210,-0.854,1.463,0.000,-0.146,-0.029,1.044,2,1100
199667694,-1.220,0.488,1.159,0.033,0.094,1.098,2,1100
199668210,-1.098,0.366,0.854,0.082,0.059,1.037,2,1100
199669694,-1.159,0.610,0.183,0.087,0.034,1.043,2,1100
199670215,-1.280,1.707,-0.061,0.091,0.008,1.056,2,1100
199671694,-1.220,2.683,0.000,-0.030,-0.006,0.990,2,1100
199672207,-1.220,2.683,0.000,-0.030,-0.006,0.990,2,1100
199673694,-1.159,1.707,0.061,-0.143,-0.006,1.046,2,1100
199674208,-1.159,1.707,0.061,-0.143,-0.006,1.046,2,1100
199675694,-1.037,0.244,0.976,0.043,0.076,1.089,2,1100
199676215,-0.854,0.366,0.671,0.051,0.062,1.040,2,1100
199677694,-0.671,1.037,0.244,0.096,-0.012,1.065,2,1100
199678215,-0.793,2.073,0.122,0.119,0.063,1.044,2,1100
199679694,-1.159,2.744,-0.244,-0.092,-0.007,1.014,2,1100
199680215,-1.159,2.744,-0.244,-0.092,-0.007,1.014,2,1100
199681694,-1.037,1.524,0.061,-0.130,0.063,1.016,2,1100
199682207,-0.732,0.366,0.854,-0.037,0.065,1.066,2,1100
199683694,-0.854,0.000,1.098,0.036,0.070,1.077,2,1100
199684212,-0.427,0.549,0.732,0.068,0.024,1.045,2,1100
199685694,-0.854,2.134,0.549,0.131,0.044,1.048,2,1100
199686215,-0.854,2.134,0.549,0.131,0.044,1.048,2,1100
199687694,-1.037,2.561,-0.549,-0.097,-0.045,1.032,2,1100
199688208,-1.280,2.256,-0.305,-0.097,-0.045,1.032,2,1100
199689694,-1.159,1.220,0.244,-0.080,0.037,1.015,2,1100
199690203,-0.915,0.549,0.915,-0.058,0.075,1.090,2,1100
199691694,-0.976,0.732,0.610,0.026,0.037,1.055,2,1100
199692207,-0.976,0.732,0.610,0.083,0.053,1.073,2,1100
199693694,-0.610,2.073,0.549,0.108,0.010,1.017,2,1100
199694215,-0.610,2.073,0.549,0.108,0.010,1.017,2,1100
199695694,-0.854,2.805,-0.549,-0.102,-0.034,1.021,2,1100
199696207,-1.037,2.134,0.061,-0.111,0.045,1.006,2,1100
199697694,-1.159,0.976,0.610,-0.076,0.035,1.063,2,1100
199698207,-0.915,0.366,0.732,-0.061,0.050,1.063,2,1100
199699694,-0.976,0.732,0.610,0.115,0.068,1.051,2,1100
199700208,-0.976,0.732,0.610,0.115,0.068,1.051,2,1100
199701694,-1.098,2.134,0.244,0.067,-0.007,1.009,2,1100
199702215,-1.280,2.744,-0.305,-0.057,-0.022,1.042,2,1100
199703694,-1.037,2.683,-0.488,-0.085,0.012,1.000,2,1100
199704207,-1.280,1.890,0.305,-0.073,0.005,1.025,2,1100
199705694,-1.159,0.610,0.976,-0.037,0.025,1.050,2,1100
199706215,-1.159,0.610,0.976,-0.037,0.025,1.050,2,1100
199707694,-0.915,0.854,0.976,0.150,0.051,1.038,2,1100
199708208,-0.915,0.854,0.976,0.150,0.051,1.038,2,1100
199709694,-1.098,2.195,-0.061,0.040,-0.020,1.039,2,1100
199710207,-1.098,2.866,-0.427,-0.058,0.003,1.019,2,1100
199711694,-0.854,2.439,-0.122,-0.068,0.028,1.012,2,1100
199712210,-0.976,1.402,0.427,-0.108,-0.001,1.033,2,1100
199713698,-0.854,0.610,0.854,-0.014,0.056,1.079,2,1100
199714226,-0.854,0.610,0.854,-0.014,0.056,1.079,2,1100
199715696,-0.610,0.854,0.793,0.131,0.051,1.038,2,1100
199716211,-1.037,1.585,0.000,0.088,-0.013,1.035,2,1100
199717694,-1.037,2.500,-0.183,0.033,-0.003,1.070,2,1100
199718210,-1.280,2.561,-0.427,-0.045,0.029,0.978,2,1100
199719695,-1.402,1.402,0.000,-0.146,0.002,1.052,2,1100
199720217,-1.402,1.402,0.000,-0.146,0.002,1.052,2,1100
199721694,-1.159,0.244,1.037,0.018,0.123,1.088,2,1100
199722215,-0.915,0.061,1.220,0.018,0.123,1.088,2,1100
199723694,-0.610,0.610,0.671,0.091,0.039,1.043,2,1100
199724215,-1.037,1.768,0.305,0.071,-0.009,1.059,2,1100
199725694,-1.220,2.927,0.000,0.048,0.031,1.013,2,1100
199726207,-1.220,2.927,0.000,-0.035,0.011,1.007,2,1100
199727694,-0.671,1.585,0.183,-0.143,-0.005,1.031,2,1100
199728208,-0.671,1.585,0.183,-0.143,-0.005,1.031,2,1100
199729694,-0.793,0.305,1.402,0.063,0.100,1.075,2,1100
199730207,-0.976,0.000,0.976,0.074,0.060,1.022,2,1100
199731694,-1.159,0.793,0.305,0.091,-0.025,1.069,2,1100
199732207,-1.220,2.256,0.000,0.091,0.049,1.054,2,1100
199733694,-1.159,2.500,0.061,-0.075,0.000,1.027,2,1100
199734210,-1.159,2.500,0.061,-0.075,0.000,1.027,2,1100
199735694,-1.159,1.159,0.000,-0.136,0.035,1.029,2,1100
199736207,-0.915,0.427,0.610,-0.030,0.089,1.081,2,1100
199737694,-0.854,0.183,1.098,0.060,0.064,1.052,2,1100
199738207,-0.671,0.366,0.732,0.081,0.028,1.063,2,1100
199739694,-1.341,2.378,0.000,0.087,0.028,1.060,2,1100
199740207,-1.341,2.378,0.000,0.118,0.037,1.023,2,1100
199741694,-1.159,2.744,-0.366,-0.085,-0.041,1.026,2,1100
199742213,-1.159,2.744,-0.366,-0.085,-0.041,1.026,2,1100
199743694,-0.854,1.341,0.122,-0.083,0.031,1.042,2,1100
199744208,-0.793,0.610,1.098,-0.036,0.111,1.071,2,1100
199745694,-0.732,0.122,0.854,0.058,0.042,1.038,2,1100
199746215,-0.976,0.488,0.549,0.087,0.028,1.075,2,1100
199747694,-1.402,2.012,0.427,0.103,0.014,1.000,2,1100
199748208,-1.402,2.012,0.427,0.103,0.014,1.000,2,1100
199749694,-1.159,2.927,-0.305,-0.104,-0.056,1.017,2,1100
199750207,-1.098,2.317,-0.305,-0.130,0.030,1.019,2,1100
199751694,-0.915,1.220,0.671,-0.069,0.042,1.056,2,1100
199752207,-0.793,0.610,1.098,-0.044,0.075,1.039,2,1100
199753694,-0.915,0.854,0.305,0.106,0.069,1.059,2,1100
199754213,-0.915,0.854,0.305,0.106,0.069,1.059,2,1100
199755694,-1.280,2.256,0.244,0.056,0.020,1.026,2,1100
199756215,-1.098,2.683,0.061,0.056,0.020,1.026,2,1100
199757694,-1.037,2.622,-0.244,-0.115,0.010,0.995,2,1100
199758207,-0.976,1.829,0.000,-0.097,0.004,1.041,2,1100
199759694,-0.793,0.244,0.732,-0.107,0.088,1.049,2,1100
199760215,-0.793,0.244,0.732,-0.013,0.019,1.052,2,1100
199761694,-0.854,0.671,0.915,0.131,0.023,1.052,2,1100
199762210,-0.854,0.671,0.915,0.131,0.023,1.052,2,1100
199763694,-1.037,2.317,0.305,0.046,-0.023,1.031,2,1100
199764209,-1.585,2.927,-0.244,-0.073,-0.015,0.999,2,1100
199765694,-1.402,2.683,-0.427,-0.080,0.008,1.025,2,1100
199766207,-1.402,1.524,0.000,-0.109,0.022,1.036,2,1100
199767694,-0.793,0.366,0.671,-0.016,0.044,1.108,2,1100
199768210,-0.793,0.366,0.671,-0.016,0.044,1.108,2,1100
199769694,-0.671,0.732,0.610,0.112,0.046,1.020,2,1100
199770212,-0.671,1.463,0.122,0.109,0.003,1.038,2,1100
199771694,-1.098,2.500,-0.061,0.018,-0.008,1.057,2,1100
199772207,-1.341,2.866,-0.183,-0.075,0.027,0.978,2,1100
199773694,-0.915,1.402,0.793,-0.066,-0.020,1.029,2,1100
199774207,-0.915,1.402,0.793,-0.137,0.031,1.032,2,1100
199775694,-0.732,0.488,1.159,0.003,0.107,1.083,2,1100
199776207,-0.732,0.488,1.159,0.003,0.107,1.083,2,1100
199777694,-0.976,0.915,0.549,0.097,0.060,1.042,2,1100
199778212,-1.159,1.951,0.305,0.097,-0.017,1.059,2,1100
199779694,-1.280,2.927,-0.122,0.017,0.020,1.000,2,1100
199780215,-1.280,3.110,-0.427,-0.056,-0.009,1.006,2,1100
199781694,-1.159,1.341,0.122,-0.125,-0.020,1.028,2,1100
199782215,-1.159,1.341,0.122,-0.125,-0.020,1.028,2,1100
199783694,-0.915,0.427,0.854,0.054,0.089,1.058,2,1100
199784207,-1.037,0.549,0.671,0.082,0.075,1.024,2,1100
199785694,-0.854,0.915,0.183,0.114,-0.007,1.051,2,1100
199786207,-1.037,2.134,0.183,0.065,0.031,1.039,2,1100
199787694,-1.220,2.683,0.122,-0.064,0.004,1.010,2,1100
199788210,-1.220,2.683,0.122,-0.064,0.004,1.010,2,1100
199789694,-1.524,1.402,0.427,-0.152,0.028,1.059,2,1100
199790212,-1.098,0.427,0.732,-0.152,0.028,1.059,2,1100
199791694,-0.854,0.427,1.098,0.067,0.060,1.046,2,1100
199792207,-1.037,0.854,0.671,0.072,0.051,1.049,2,1100
199793694,-1.098,2.378,0.366,0.105,0.012,1.068,2,1100
199794210,-1.098,2.378,0.366,0.087,0.042,1.014,2,1100
199795694,-1.159,2.927,-0.366,-0.110,0.003,0.982,2,1100
199796207,-1.159,2.927,-0.366,-0.110,0.003,0.982,2,1100
199797694,-0.976,1.159,0.427,-0.101,0.053,1.061,2,1100
199798208,-1.037,0.427,1.341,-0.015,0.073,1.059,2,1100
199799694,-0.976,0.366,1.280,0.057,0.059,1.047,2,1100
199800208,-1.037,0.854,0.732,0.083,0.014,1.065,2,1100
199801694,-1.098,2.134,0.183,0.103,0.009,1.027,2,1100
199802207,-1.098,2.134,0.183,0.103,0.009,1.027,2,1100
199803694,-1.524,2.744,-0.427,-0.085,-0.062,1.011,2,1100
199804215,-1.341,2.195,-0.183,-0.147,0.048,1.024,2,1100
199805694,-0.976,0.976,0.488,-0.074,0.034,1.073,2,1100
199806212,-0.732,0.122,1.220,-0.042,0.097,1.028,2,1100
199807694,-0.793,1.037,0.488,0.072,0.022,1.080,2,1100
199808207,-0.793,1.037,0.488,0.083,0.072,1.056,2,1100
199809694,-1.280,2.439,0.366,0.058,0.002,1.038,2,1100
199810207,-1.280,2.439,0.366,0.058,0.002,1.038,2,1100
199811694,-1.159,2.866,-0.305,-0.098,-0.010,1.004,2,1100
199812207,-0.915,1.829,0.305,-0.115,0.019,1.039,2,1100
199813694,-1.037,0.976,0.793,-0.091,0.047,1.052,2,1100
199814209,-0.976,0.488,0.854,-0.025,0.055,1.057,2,1100
199815694,-1.098,1.098,0.732,0.117,0.044,1.025,2,1100
199816209,-1.098,1.098,0.732,0.117,0.044,1.025,2,1100
199817694,-1.220,2.500,-0.061,0.022,0.014,1.029,2,1100
199818207,-1.220,2.927,-0.549,-0.047,-0.028,0.997,2,1100
199819694,-1.159,2.561,-0.061,-0.085,0.022,1.010,2,1100
199820207,-1.098,1.585,0.183,-0.105,0.002,1.039,2,1100
199821694,-0.671,0.366,0.732,0.012,0.031,1.108,2,1100
199822207,-0.671,0.366,0.732,0.012,0.031,1.108,2,1100
199823694,-0.793,0.915,0.732,0.107,0.029,1.029,2,1100
199824215,-0.793,1.890,0.244,0.107,0.029,1.029,2,1100
199825694,-1.098,2.622,0.000,0.043,-0.014,1.032,2,1100
199826207,-1.220,2.683,-0.244,-0.059,0.021,0.987,2,1100
199827694,-0.915,1.159,0.000,-0.083,-0.013,1.047,2,1100
199828215,-0.915,1.159,0.000,-0.137,0.026,1.029,2,1100
199829694,-0.915,0.488,1.098,0.023,0.104,1.088,2,1100
199830207,-0.915,0.488,1.098,0.023,0.104,1.088,2,1100
199831694,-0.915,1.098,0.488,0.093,0.037,1.047,2,1100
199832208,-0.915,1.707,0.000,0.096,0.015,1.041,2,1100
199833694,-1.463,2.744,-0.061,0.018,0.007,1.006,2,1100
199834207,-1.341,2.866,-0.427,-0.060,0.006,1.001,2,1100
199835694,-1.159,1.280,0.427,-0.156,0.035,1.007,2,1100
199836207,-1.159,1.280,0.427,-0.156,0.035,1.007,2,1100
199837694,-1.159,0.305,1.280,0.054,0.098,1.050,2,1100
199838213,-1.098,0.305,0.610,0.099,0.042,1.046,2,1100
199839694,-1.159,1.037,0.000,0.096,0.015,1.050,2,1100
199840207,-1.341,2.256,-0.061,0.089,0.026,1.039,2,1100
199841694,-0.976,2.317,0.000,0.020,0.024,1.024,2,1100
199842207,-0.976,2.317,0.000,-0.083,-0.004,1.008,2,1100
199843694,-0.854,1.341,0.122,-0.141,0.042,1.059,2,1100
199844207,-0.854,1.341,0.122,-0.141,0.042,1.059,2,1100
199845694,-0.610,0.305,0.976,0.070,0.060,1.047,2,1100
199846212,-0.732,0.305,0.915,0.079,0.038,1.057,2,1100
199847694,-0.671,1.098,0.488,0.103,-0.001,1.077,2,1100
199848207,-1.037,2.012,0.122,0.073,0.063,1.008,2,1100
199849694,-1.220,2.622,-0.183,-0.110,0.008,1.009,2,1100
199850215,-1.220,2.622,-0.183,-0.110,0.008,1.009,2,1100
199851694,-0.671,0.976,0.305,-0.105,0.076,1.067,2,1100
199852207,-0.732,0.488,0.976,-0.013,0.085,1.032,2,1100
199853694,-0.793,0.305,1.159,0.042,0.057,1.079,2,1100
199854212,-0.732,0.549,0.549,0.080,0.024,1.047,2,1100
199855694,-1.159,2.195,0.610,0.083,0.031,1.028,2,1100
199856212,-1.159,2.195,0.610,0.083,0.031,1.028,2,1100
199857694,-1.280,2.561,-0.305,-0.106,-0.043,1.008,2,1100
199858215,-1.220,1.890,0.000,-0.106,-0.043,1.008,2,1100
199859694,-1.220,0.732,0.610,-0.069,0.060,1.063,2,1100
199860209,-1.402,0.244,1.098,-0.037,0.082,1.042,2,1100
199861694,-1.402,0.793,0.732,0.055,0.015,1.077,2,1100
199862207,-1.402,0.793,0.732,0.090,0.070,1.068,2,1100
199863694,-1.037,2.378,0.427,0.066,0.006,1.048,2,1100
199864210,-1.037,2.378,0.427,0.066,0.006,1.048,2,1100
199865694,-0.976,2.744,-0.244,-0.112,-0.024,1.012,2,1100
199866215,-0.976,1.707,0.427,-0.099,0.052,1.040,2,1100
199867694,-0.915,0.732,0.793,-0.077,0.049,1.025,2,1100
199868215,-0.732,0.244,1.037,-0.024,0.055,1.075,2,1100
199869694,-0.854,0.732,0.671,0.112,0.067,1.027,2,1100
199870215,-0.854,0.732,0.671,0.112,0.067,1.027,2,1100
199871694,-1.159,2.195,0.244,0.030,-0.004,1.035,2,1100
199872207,-1.098,2.866,-0.183,-0.081,-0.028,1.006,2,1100
199873694,-1.280,2.683,-0.061,-0.092,0.019,1.024,2,1100
199874208,-0.854,1.524,0.305,-0.099,0.029,1.034,2,1100
199875694,-1.037,0.305,0.915,-0.104,0.056,1.030,2,1100
199876207,-1.037,0.305,0.915,-0.001,0.023,1.099,2,1100
199877694,-0.793,0.976,0.793,0.133,0.047,1.010,2,1100
199878207,-0.793,0.976,0.793,0.133,0.047,1.010,2,1100
199879694,-1.341,2.683,-0.244,-0.010,-0.015,1.021,2,1100
199880207,-1.585,2.866,-0.366,-0.061,0.007,1.002,2,1100
199881694,-1.463,2.195,0.122,-0.077,0.011,1.029,2,1100
199882207,-1.037,1.159,0.305,-0.129,0.013,1.013,2,1100
199883694,-0.976,0.549,0.610,0.014,0.083,1.072,2,1100
199884207,-0.976,0.549,0.610,0.014,0.083,1.072,2,1100
199885694,-0.854,0.976,0.793,0.109,0.052,1.053,2,1100
199886207,-1.037,1.951,0.244,0.086,-0.013,1.050,2,1100
199887694,-0.854,2.927,-0.244,0.001,-0.007,1.022,2,1100
199888210,-1.341,2.988,0.000,-0.063,0.026,0.997,2,1100
199889700,-0.915,1.341,0.122,-0.151,0.016,1.014,2,1100
199890225,-0.915,1.341,0.122,-0.151,0.016,1.014,2,1100
199891696,-1.098,0.244,1.037,0.049,0.127,1.043,2,1100
199892215,-0.915,0.061,1.220,0.049,0.127,1.043,2,1100
199893694,-1.037,1.037,0.610,0.088,0.021,1.046,2,1100
199894207,-1.220,2.256,0.122,0.076,-0.008,1.032,2,1100
199895694,-1.341,2.683,0.183,0.012,0.029,1.011,2,1100
199896207,-1.341,2.683,0.183,-0.050,0.014,1.003,2,1100
199897694,-1.463,1.341,0.061,-0.147,0.022,1.060,2,1100
199898213,-1.463,1.341,0.061,-0.147,0.022,1.060,2,1100
199899694,-1.280,0.122,1.220,0.090,0.064,1.027,2,1100
199900207,-1.159,0.549,0.976,0.085,0.057,1.055,2,1100
199901694,-0.976,1.220,0.244,0.085,-0.017,1.068,2,1100
199902208,-1.098,2.317,0.061,0.076,0.055,1.005,2,1100
199903694,-1.098,2.683,-0.366,-0.101,0.006,0.994,2,1100
199904207,-1.098,2.683,-0.366,-0.101,0.006,0.994,2,1100
199905694,-1.037,1.098,0.305,-0.116,0.045,1.071,2,1100
199906215,-0.793,0.610,0.854,0.003,0.108,1.049,2,1100
199907694,-0.976,0.122,1.220,0.072,0.055,1.064,2,1100
199908210,-1.037,0.488,0.671,0.084,0.020,1.053,2,1100
199909694,-1.098,2.439,0.427,0.089,0.024,1.047,2,1100
199910208,-1.098,2.439,0.427,0.083,0.040,1.024,2,1100
199911694,-1.159,2.561,-0.366,-0.104,-0.069,1.002,2,1100
199912209,-1.159,2.561,-0.366,-0.104,-0.069,1.002,2,1100
199913694,-1.159,0.854,0.427,-0.075,0.070,1.034,2,1100
199914208,-0.915,0.183,1.098,0.015,0.083,1.051,2,1100
199915694,-0.610,0.366,0.671,0.050,0.033,1.077,2,1100
199916207,-0.549,0.976,0.366,0.065,0.024,1.058,2,1100
199917694,-1.341,2.195,0.549,0.081,0.018,1.032,2,1100
199918207,-1.341,2.195,0.549,0.081,0.018,1.032,2,1100
199919694,-1.280,2.439,-0.305,-0.124,-0.052,1.025,2,1100
199920207,-0.915,1.829,-0.244,-0.103,0.039,1.029,2,1100
199921694,-0.915,0.854,0.732,-0.064,0.064,1.039,2,1100
199922215,-1.037,0.366,0.671,-0.006,0.061,1.083,2,1100
199923694,-0.610,1.098,0.427,0.113,0.067,1.027,2,1100
199924215,-0.610,1.098,0.427,0.113,0.067,1.027,2,1100
199925694,-1.220,2.500,0.122,0.036,0.013,1.028,2,1100
199926207,-1.220,2.744,-0.549,0.036,0.013,1.028,2,1100
199927694,-1.402,2.378,-0.244,-0.120,0.005,1.031,2,1100
199928207,-0.854,1.463,0.244,-0.084,0.037,1.020,2,1100
199929694,-0.671,0.000,0.976,-0.086,0.074,1.042,2,1100
199930207,-0.671,0.000,0.976,0.002,0.026,1.102,2,1100
199931695,-0.976,1.037,0.549,0.119,0.045,1.021,2,1100
199932216,-0.976,1.037,0.549,0.119,0.045,1.021,2,1100
199933694,-1.463,2.500,0.000,0.002,-0.012,1.002,2,1100
199934207,-1.524,2.866,-0.488,-0.100,-0.014,1.015,2,1100
199935694,-1.220,2.439,-0.061,-0.083,0.009,1.033,2,1100
199936215,-1.220,1.402,0.427,-0.103,0.043,1.003,2,1100
199937694,-1.159,0.305,0.915,0.002,0.066,1.066,2,1100
199938207,-1.159,0.305,0.915,0.002,0.066,1.066,2,1100
199939694,-0.854,1.098,0.732,0.122,0.062,1.057,2,1100
199940210,-0.976,2.195,0.427,0.104,0.005,1.042,2,1100
199941694,-1.280,2.927,-0.122,-0.021,-0.024,1.021,2,1100
199942215,-1.280,3.049,-0.244,-0.077,0.021,0.997,2,1100
199943694,-1.220,1.341,0.366,-0.075,-0.015,1.022,2,1100
199944207,-1.220,1.341,0.366,-0.122,0.044,1.029,2,1100
199945694,-1.220,0.000,0.854,0.040,0.123,1.037,2,1100
199946215,-1.220,0.000,0.854,0.040,0.123,1.037,2,1100
199947694,-0.793,1.098,0.793,0.106,0.036,1.062,2,1100
199948208,-1.037,2.439,0.061,0.066,-0.022,1.019,2,1100
199949694,-1.280,3.049,-0.305,-0.013,0.014,1.030,2,1100
199950215,-1.098,2.988,-0.122,-0.057,0.004,0.997,2,1100
199951694,-1.220,1.037,0.305,-0.144,0.026,1.071,2,1100
199952207,-1.220,1.037,0.305,-0.144,0.026,1.071,2,1100
199953694,-0.610,0.610,0.915,0.092,0.079,1.040,2,1100
199954215,-0.793,0.671,0.854,0.094,0.059,1.040,2,1100
199955694,-0.915,1.220,0.427,0.114,-0.005,1.062,2,1100
199956207,-1.280,2.378,0.305,0.049,0.021,1.031,2,1100
199957702,-1.341,2.805,-0.183,-0.096,0.018,0.982,2,1100
199958226,-1.341,2.805,-0.183,-0.096,0.018,0.982,2,1100
199959697,-1.220,1.159,0.122,-0.147,0.043,1.092,2,1100
199960218,-0.732,0.732,0.793,-0.147,0.043,1.092,2,1100
199961694,-0.732,0.427,1.402,0.088,0.058,1.067,2,1100
199962207,-0.549,0.610,0.610,0.090,0.043,1.048,2,1100
199963694,-0.915,2.500,0.061,0.095,-0.005,1.033,2,1100
199964203,-0.915,2.500,0.061,0.061,0.050,1.038,2,1100
199965694,-1.037,2.439,-0.305,-0.092,-0.021,1.003,2,1100
199966215,-1.037,2.439,-0.305,-0.092,-0.021,1.003,2,1100
199967694,-0.976,0.854,0.488,-0.106,0.073,1.032,2,1100
199968215,-0.793,0.366,1.341,0.015,0.068,1.057,2,1100
199969694,-1.037,0.427,1.098,0.066,0.055,1.058,2,1100
199970215,-0.976,0.915,0.549,0.102,0.010,1.060,2,1100
199971694,-1.159,2.378,0.305,0.073,-0.006,1.036,2,1100
199972207,-1.159,2.378,0.305,0.073,-0.006,1.036,2,1100
199973694,-0.976,2.439,-0.305,-0.106,-0.068,1.027,2,1100
199974207,-1.098,1.890,0.183,-0.106,-0.068,1.027,2,1100
199975694,-1.037,0.976,0.732,-0.065,0.042,1.037,2,1100
199976207,-0.610,0.183,1.159,-0.000,0.105,1.076,2,1100
199977694,-0.915,1.037,0.671,0.086,0.007,1.066,2,1100
199978215,-0.915,1.037,0.671,0.081,0.056,1.028,2,1100
199979694,-1.220,2.500,0.366,0.028,0.042,1.003,2,1100
199980207,-1.220,2.500,0.366,0.028,0.042,1.003,2,1100
199981694,-1.463,2.500,-0.488,-0.128,-0.003,1.041,2,1100
199982207,-0.854,1.707,-0.061,-0.106,0.029,1.010,2,1100
199983694,-0.854,0.793,0.976,-0.073,0.058,1.053,2,1100
199984215,-0.732,0.305,0.915,0.022,0.060,1.077,2,1100
199985694,-1.159,1.037,0.305,0.113,0.059,1.031,2,1100
199986203,-1.159,1.037,0.305,0.113,0.059,1.031,2,1100
199987694,-0.915,2.561,-0.061,-0.003,0.024,0.980,2,1100
199988208,-1.098,2.805,-0.366,-0.070,-0.041,1.012,2,1100
199989694,-0.915,2.317,-0.183,-0.110,0.022,1.024,2,1100
199990207,-0.854,1.341,0.427,-0.100,0.002,1.032,2,1100
199991694,-1.341,0.061,0.854,0.026,0.052,1.071,2,1100
199992210,-1.341,0.061,0.854,0.026,0.052,1.071,2,1100
199993694,-1.159,1.341,0.610,0.120,0.030,1.046,2,1100
199994207,-1.098,2.073,0.244,0.120,0.030,1.046,2,1100
199995694,-1.220,2.683,-0.122,-0.002,-0.034,1.032,2,1100
199996210,-1.280,3.171,-0.488,-0.088,0.018,1.004,2,1100
199997694,-0.854,2.500,-0.488,-0.089,-0.004,1.025,2,1100
199998207,-0.915,1.220,0.366,-0.139,0.047,1.032,2,1100
199999694,-0.732,0.488,1.037,0.028,0.113,1.046,2,1100
200000207,-0.732,0.488,1.037,0.028,0.113,1.046,2,1100
200001694,-0.976,1.098,0.549,0.097,0.031,1.065,2,1100
200002207,-0.915,2.012,0.122,0.083,-0.017,1.006,2,1100
200003694,-1.280,2.805,0.000,-0.019,0.002,1.028,2,1100
200004207,-1.280,2.744,-0.305,-0.080,0.018,0.989,2,1100
200005694,-1.037,0.854,0.244,-0.132,0.051,1.049,2,1100
200006207,-1.037,0.854,0.244,-0.132,0.051,1.049,2,1100
200007694,-0.854,0.305,1.037,0.071,0.090,1.076,2,1100
200008207,-0.793,0.793,0.976,0.071,0.090,1.076,2,1100
200009694,-0.915,1.463,0.488,0.087,0.029,1.027,2,1100
200010207,-1.098,2.439,0.061,0.071,-0.003,1.046,2,1100
200011694,-0.976,2.561,-0.427,-0.014,0.017,1.013,2,1100
200012213,-0.976,2.561,-0.427,-0.082,0.002,1.005,2,1100
200013694,-1.280,0.976,0.305,-0.108,0.035,1.074,2,1100
200014207,-1.280,0.976,0.305,-0.108,0.035,1.074,2,1100
200015694,-1.037,0.244,1.098,0.076,0.054,1.081,2,1100
200016207,-0.610,0.793,0.427,0.077,0.056,1.037,2,1100
200017694,-1.037,1.707,0.061,0.108,-0.018,1.040,2,1100
200018208,-1.159,2.683,0.061,0.062,0.064,1.043,2,1100
200019694,-1.280,2.622,-0.427,-0.114,-0.004,1.009,2,1100
200020207,-1.280,2.622,-0.427,-0.114,-0.004,1.009,2,1100
200021694,-0.793,1.037,0.549,-0.096,0.093,1.026,2,1100
200022207,-0.793,0.366,1.098,0.021,0.072,1.080,2,1100
200023694,-0.976,0.244,0.915,0.070,0.060,1.053,2,1100
200024207,-1.280,0.854,0.366,0.105,0.015,1.045,2,1100
200025694,-1.341,2.378,0.305,0.066,0.007,1.023,2,1100
200026207,-1.341,2.378,0.305,0.066,0.007,1.023,2,1100
200027694,-1.402,2.378,-0.061,-0.125,-0.046,1.013,2,1100
200028215,-1.037,1.585,0.366,-0.125,-0.046,1.013,2,1100
200029694,-0.854,0.671,0.732,-0.062,0.044,1.036,2,1100
200030207,-0.671,0.183,1.037,0.026,0.071,1.101,2,1100
200031694,-0.366,0.488,0.915,0.054,0.043,1.033,2,1100
200032215,-0.793,1.037,0.183,0.118,0.031,1.039,2,1100
200033694,-1.220,2.744,0.244,0.024,0.001,0.999,2,1100
200034207,-1.220,2.744,0.244,0.024,0.001,0.999,2,1100
200035694,-1.037,2.561,-0.488,-0.122,-0.010,1.024,2,1100
200036208,-1.098,1.585,0.000,-0.107,0.062,1.013,2,1100
200037694,-1.037,0.488,0.793,-0.059,0.053,1.082,2,1100
200038210,-0.610,0.488,0.915,0.024,0.055,1.047,2,1100
200039694,-0.732,1.037,0.610,0.125,0.068,1.044,2,1100
200040208,-0.732,1.037,0.610,0.125,0.068,1.044,2,1100
200041694,-1.280,2.744,-0.244,-0.015,0.003,0.995,2,1100
200042212,-1.220,2.866,-0.610,-0.079,-0.045,1.021,2,1100
200043694,-1.098,2.317,-0.061,-0.112,0.037,1.012,2,1100
200044207,-1.341,1.280,0.732,-0.088,0.017,1.012,2,1100
200045694,-0.976,0.122,0.915,-0.078,0.062,1.093,2,1100
200046207,-0.976,0.122,0.915,0.032,0.051,1.047,2,1100
200047694,-1.646,1.037,0.671,0.124,0.049,1.043,2,1100
200048210,-1.646,1.037,0.671,0.124,0.049,1.043,2,1100
200049694,-1.220,2.805,-0.427,-0.037,-0.005,1.035,2,1100
200050210,-1.159,2.744,-0.488,-0.074,-0.005,1.002,2,1100
200051694,-1.159,2.073,0.366,-0.102,0.020,1.023,2,1100
200052210,-1.037,0.793,0.793,-0.120,0.030,1.038,2,1100
200053694,-0.854,0.305,0.854,0.046,0.096,1.075,2,1100
200054207,-0.854,0.305,0.854,0.046,0.096,1.075,2,1100
200055694,-0.793,1.159,0.793,0.097,0.042,1.041,2,1100
200056210,-0.793,2.317,0.061,0.061,-0.010,1.013,2,1100
200057694,-1.037,2.988,-0.061,-0.038,0.007,1.017,2,1100
200058207,-1.159,2.622,-0.244,-0.064,0.023,0.994,2,1100
200059694,-1.280,0.976,0.549,-0.146,0.042,1.062,2,1100
200060207,-1.280,0.976,0.549,-0.146,0.042,1.062,2,1100
200061694,-0.793,0.427,1.280,0.082,0.096,1.079,2,1100
200062207,-1.220,0.671,0.976,0.082,0.096,1.079,2,1100
200063694,-1.037,1.463,0.366,0.091,0.012,1.013,2,1100
200064215,-1.220,2.378,0.122,0.030,-0.002,1.047,2,1100
200065694,-1.220,2.927,0.000,-0.023,0.027,1.017,2,1100
200066215,-0.915,2.500,0.061,-0.064,0.010,1.005,2,1100
200067694,-0.610,0.915,0.244,-0.126,0.026,1.047,2,1100
200068206,-0.610,0.915,0.244,-0.126,0.026,1.047,2,1100
200069694,-0.732,0.183,1.159,0.100,0.083,1.054,2,1100
200070207,-0.915,0.671,0.793,0.071,0.032,1.033,2,1100
200071694,-1.037,1.707,0.000,0.117,-0.017,1.050,2,1100
200072207,-1.280,2.744,-0.427,0.036,0.059,1.037,2,1100
200073694,-1.098,2.439,0.061,-0.102,-0.013,1.008,2,1100
200074207,-1.098,2.439,0.061,-0.102,-0.013,1.008,2,1100
200075694,-0.976,0.732,0.610,-0.108,0.095,1.009,2,1100
200076207,-0.854,0.366,1.098,-0.108,0.095,1.009,2,1100
200077694,-1.037,0.305,1.037,0.080,0.057,1.052,2,1100
200078207,-0.976,0.915,0.305,0.087,0.004,1.042,2,1100
200079694,-0.854,2.439,0.122,0.091,0.033,1.049,2,1100
200080207,-0.854,2.439,0.122,0.074,0.027,1.022,2,1100
200081694,-1.280,2.317,-0.488,-0.136,-0.039,1.019,2,1100
200082207,-1.280,2.317,-0.488,-0.136,-0.039,1.019,2,1100
200083694,-1.098,0.793,0.793,-0.049,0.100,1.042,2,1100
200084207,-1.098,0.244,1.280,0.041,0.085,1.081,2,1100
200085694,-0.915,0.366,0.610,0.067,0.034,1.040,2,1100
200086207,-0.732,0.854,0.183,0.092,0.019,1.066,2,1100
200087694,-1.159,2.500,0.000,0.041,0.020,0.978,2,1100
200088207,-1.159,2.500,0.000,0.041,0.020,0.978,2,1100
200089694,-1.037,2.195,-0.366,-0.129,-0.026,1.031,2,1100
200090207,-0.732,1.585,0.366,-0.106,0.052,1.002,2,1100
200091694,-0.793,0.610,1.220,-0.032,0.073,1.083,2,1100
200092210,-0.976,0.244,0.793,0.019,0.049,1.052,2,1100
200093694,-1.098,1.037,0.427,0.117,0.064,1.047,2,1100
200094210,-1.098,1.037,0.427,0.117,0.064,1.047,2,1100
200095694,-1.098,2.561,0.305,-0.013,0.014,1.006,2,1100
200096207,-1.098,2.622,-0.488,-0.013,0.014,1.006,2,1100
200097694,-0.915,2.195,-0.183,-0.131,0.037,1.012,2,1100
200098215,-0.671,1.341,0.549,-0.059,0.024,1.033,2,1100
200099694,-0.854,0.427,0.976,-0.048,0.072,1.090,2,1100
200100215,-0.854,0.122,0.549,0.015,0.038,1.035,2,1100
200101694,-0.976,1.341,0.671,0.128,0.076,1.055,2,1100
200102210,-0.976,1.341,0.671,0.128,0.076,1.055,2,1100
200103694,-1.098,2.622,-0.061,-0.039,-0.021,1.025,2,1100
200104207,-1.524,2.683,-0.488,-0.087,-0.022,1.020,2,1100
200105694,-1.402,1.829,-0.061,-0.094,0.024,1.022,2,1100
200106210,-1.463,0.854,0.244,-0.090,0.038,1.043,2,1100
200107694,-1.098,0.305,0.976,0.018,0.070,1.074,2,1100
200108207,-1.098,0.305,0.976,0.018,0.070,1.074,2,1100
200109694,-1.037,1.463,0.671,0.125,0.054,1.044,2,1100
200110212,-1.098,2.439,0.000,0.125,0.054,1.044,2,1100
200111694,-1.280,2.927,-0.427,-0.055,-0.013,1.039,2,1100
200112207,-1.037,3.049,-0.305,-0.075,0.025,0.976,2,1100
200113694,-1.037,0.915,0.610,-0.082,-0.002,1.017,2,1100
200114207,-1.037,0.915,0.610,-0.121,0.063,1.068,2,1100
200115694,-1.037,0.244,0.610,0.064,0.102,1.074,2,1100
200116207,-1.037,0.244,0.610,0.064,0.102,1.074,2,1100
200117694,-1.220,1.463,0.610,0.113,0.022,1.027,2,1100
200118215,-1.585,2.378,0.122,0.034,-0.023,1.051,2,1100
200119694,-1.463,2.988,-0.427,-0.034,0.011,1.001,2,1100
200120207,-1.098,2.683,-0.122,-0.060,0.015,1.003,2,1100
200121694,-0.854,0.976,0.549,-0.125,0.020,1.045,2,1100
200122208,-0.854,0.976,0.549,-0.125,0.020,1.045,2,1100
200123694,-0.610,0.488,1.098,0.101,0.074,1.046,2,1100
200124210,-0.671,0.671,0.854,0.117,0.050,1.045,2,1100
200125694,-0.976,1.585,0.305,0.095,-0.024,1.035,2,1100
200126207,-1.098,2.500,0.061,0.025,0.030,1.043,2,1100
200127694,-1.280,2.378,-0.122,-0.091,-0.009,1.019,2,1100
200128212,-1.280,2.378,-0.122,-0.091,-0.009,1.019,2,1100
200129694,-1.159,0.793,0.305,-0.108,0.047,1.024,2,1100
200130207,-1.220,0.549,0.793,-0.108,0.047,1.024,2,1100
200131694,-1.159,0.183,1.159,0.091,0.072,1.041,2,1100
200132207,-1.220,0.671,0.427,0.096,0.012,1.029,2,1100
200133694,-1.280,1.707,0.183,0.077,0.016,1.056,2,1100
200134208,-1.524,2.622,0.122,0.051,0.034,1.025,2,1100
200135694,-1.220,2.378,-0.061,-0.113,-0.033,1.020,2,1100
200136210,-1.220,2.378,-0.061,-0.113,-0.033,1.020,2,1100
200137694,-1.220,1.098,0.671,-0.079,0.086,1.042,2,1100
200138215,-1.098,0.427,1.098,0.058,0.072,1.095,2,1100
200139694,-0.610,0.366,0.976,0.077,0.073,1.023,2,1100
200140207,-0.671,1.159,0.244,0.086,-0.028,1.052,2,1100
200141694,-1.098,2.561,0.122,0.056,0.004,0.985,2,1100
200142212,-1.098,2.561,0.122,0.056,0.004,0.985,2,1100
200143694,-1.220,2.073,-0.610,-0.131,-0.049,1.039,2,1100
200144215,-1.098,1.463,-0.061,-0.131,-0.049,1.039,2,1100
200145694,-0.854,0.488,0.854,-0.027,0.055,1.069,2,1100
200146207,-0.854,0.183,0.915,0.037,0.089,1.034,2,1100
200147694,-1.098,1.159,0.061,0.084,0.011,1.065,2,1100
200148215,-1.098,1.159,0.061,0.094,0.052,1.051,2,1100
200149694,-1.159,2.805,0.000,-0.006,0.056,1.002,2,1100
200150207,-1.159,2.805,0.000,-0.006,0.056,1.002,2,1100
200151694,-1.098,2.012,-0.671,-0.151,0.016,1.009,2,1100
200152203,-0.793,1.159,-0.183,-0.082,0.035,1.039,2,1100
200153694,-1.098,0.732,0.854,-0.056,0.115,1.066,2,1100
200154210,-0.915,0.549,0.854,0.050,0.034,1.041,2,1100
200155694,-0.488,1.341,0.305,0.119,0.067,1.037,2,1100
200156207,-0.488,1.341,0.305,0.119,0.067,1.037,2,1100
200157694,-0.976,2.744,0.000,-0.022,-0.004,1.038,2,1100
200158207,-1.159,2.561,-0.488,-0.101,-0.038,1.021,2,1100
200159694,-0.793,1.951,-0.183,-0.123,0.026,1.008,2,1100
200160207,-0.854,0.976,0.610,-0.085,0.027,1.062,2,1100
200161697,-0.915,0.305,1.037,0.036,0.044,1.083,2,1100
200162223,-0.915,0.305,1.037,0.036,0.044,1.083,2,1100
200163701,-0.976,1.402,0.366,0.127,0.048,1.028,2,1100
200164217,-1.098,2.195,0.122,0.127,0.048,1.028,2,1100
200165694,-1.341,2.927,-0.244,-0.046,-0.028,1.042,2,1100
200166211,-1.280,2.805,-0.061,-0.095,0.015,0.980,2,1100
200167694,-1.159,1.890,0.427,-0.085,-0.008,1.041,2,1100
200168207,-0.976,0.793,0.854,-0.115,0.104,1.051,2,1100
200169694,-0.488,0.183,0.976,0.044,0.103,1.080,2,1100
200170207,-0.488,0.183,0.976,0.044,0.103,1.080,2,1100
200171694,-1.037,1.524,0.305,0.104,0.059,1.018,2,1100
200172215,-0.976,2.439,-0.122,0.060,-0.031,1.042,2,1100
200173694,-1.220,2.805,-0.122,-0.059,0.003,0.998,2,1100
200174207,-1.159,2.622,-0.122,-0.082,-0.004,1.027,2,1100
200175694,-1.037,0.793,0.488,-0.092,0.028,1.026,2,1100
200176213,-1.037,0.793,0.488,-0.092,0.028,1.026,2,1100
200177694,-0.671,0.427,1.037,0.088,0.072,1.053,2,1100
200178207,-1.098,1.098,0.793,0.088,0.072,1.053,2,1100
200179694,-0.976,1.768,0.183,0.110,0.005,1.039,2,1100
200180207,-1.280,2.622,0.122,0.015,0.009,1.050,2,1100
200181694,-0.915,2.439,-0.244,-0.061,0.023,0.976,2,1100
200182207,-0.915,2.439,-0.244,-0.077,-0.037,1.041,2,1100
200183694,-0.671,0.671,0.549,-0.084,0.026,1.040,2,1100
200184208,-0.671,0.671,0.549,-0.084,0.026,1.040,2,1100
200185694,-0.732,0.366,0.915,0.119,0.029,1.046,2,1100
200186208,-0.671,0.915,0.488,0.090,0.047,1.024,2,1100
200187694,-0.915,1.890,0.244,0.092,-0.006,1.050,2,1100
200188215,-1.402,2.988,-0.122,0.021,0.039,1.019,2,1100
200189694,-1.585,2.378,0.000,-0.113,0.001,1.004,2,1100
200190212,-1.585,2.378,0.000,-0.113,0.001,1.004,2,1100
200191694,-1.037,0.488,0.793,-0.073,0.087,1.061,2,1100
200192215,-1.220,0.427,1.220,0.052,0.076,1.064,2,1100
200193694,-1.341,0.488,1.159,0.066,0.066,1.029,2,1100
200194207,-1.220,0.976,0.488,0.122,-0.024,1.068,2,1100
200195694,-1.037,2.622,0.122,0.034,0.011,1.010,2,1100
200196208,-1.037,2.622,0.122,0.034,0.011,1.010,2,1100
200197694,-0.976,2.073,-0.183,-0.094,-0.049,1.010,2,1100
200198207,-0.732,1.341,0.244,-0.094,-0.049,1.010,2,1100
200199694,-0.549,0.427,0.732,-0.027,0.080,1.070,2,1100
200200207,-0.854,0.305,1.159,0.055,0.065,1.039,2,1100
200201694,-0.793,0.366,0.915,0.084,0.039,1.074,2,1100
200202208,-0.732,0.976,0.610,0.104,0.034,1.068,2,1100
200203694,-0.976,2.622,0.183,-0.000,-0.007,1.031,2,1100
200204207,-0.976,2.622,0.183,-0.000,-0.007,1.031,2,1100
200205694,-1.098,2.073,-0.183,-0.119,-0.011,1.021,2,1100
200206208,-0.793,1.098,0.061,-0.097,0.044,1.052,2,1100
200207694,-1.037,0.610,0.976,-0.036,0.081,1.067,2,1100
200208207,-0.793,0.488,1.037,0.039,0.063,1.045,2,1100
200209694,-0.854,1.585,0.549,0.115,0.076,1.044,2,1100
200210215,-0.854,1.585,0.549,0.115,0.076,1.044,2,1100
200211694,-1.098,2.927,-0.122,-0.038,0.005,1.001,2,1100
200212207,-1.341,2.622,-0.366,-0.038,0.005,1.001,2,1100
200213694,-1.280,2.012,0.366,-0.139,0.049,1.032,2,1100
200214207,-0.854,0.793,0.793,-0.070,0.034,1.061,2,1100
200215694,-0.732,0.122,0.854,-0.039,0.076,1.037,2,1100
200216208,-0.732,0.122,0.854,0.055,0.043,1.088,2,1100
200217694,-1.098,1.463,0.549,0.127,0.044,1.019,2,1100
200218210,-1.098,1.463,0.549,0.127,0.044,1.019,2,1100
200219694,-1.098,2.866,-0.427,-0.056,-0.006,1.017,2,1100
200220215,-1.220,2.683,-0.305,-0.092,-0.008,1.006,2,1100
200221694,-1.159,1.829,-0.061,-0.103,0.012,1.036,2,1100
200222207,-1.037,0.793,0.427,-0.098,0.059,1.044,2,1100
200223694,-0.976,0.244,0.915,0.077,0.082,1.083,2,1100
200224207,-0.976,0.244,0.915,0.077,0.082,1.083,2,1100
200225694,-1.220,1.524,0.610,0.105,0.034,1.048,2,1100
200226207,-1.159,2.378,-0.061,0.027,-0.007,1.056,2,1100
200227694,-1.159,2.744,-0.610,-0.050,-0.005,0.987,2,1100
200228215,-1.037,2.683,-0.244,-0.083,0.020,1.016,2,1100
200229694,-0.732,0.610,0.427,-0.101,0.054,1.030,2,1100
200230213,-0.732,0.610,0.427,-0.101,0.054,1.030,2,1100
200231694,-0.732,0.488,0.915,0.103,0.106,1.050,2,1100
200232208,-0.732,0.488,0.915,0.103,0.106,1.050,2,1100
200233694,-1.220,1.829,0.244,0.106,0.008,1.038,2,1100
200234210,-1.463,2.744,-0.122,0.020,-0.007,1.027,2,1100
200235694,-1.524,2.988,-0.244,-0.050,0.019,0.983,2,1100
200236210,-1.159,2.073,-0.122,-0.083,-0.015,1.035,2,1100
200237694,-1.037,0.488,0.549,-0.073,0.039,1.058,2,1100
200238213,-1.037,0.488,0.549,-0.073,0.039,1.058,2,1100
200239694,-0.915,0.305,0.976,0.111,0.048,1.032,2,1100
200240212,-0.854,1.037,0.488,0.100,0.022,1.048,2,1100
200241694,-1.402,2.073,0.122,0.085,0.010,1.060,2,1100
200242207,-1.280,2.805,-0.061,0.024,0.026,0.994,2,1100
200243694,-0.976,2.073,-0.061,-0.106,-0.016,1.016,2,1100
200244207,-0.976,2.073,-0.061,-0.106,-0.016,1.016,2,1100
200245694,-0.793,0.610,0.671,-0.042,0.062,1.086,2,1100
200246215,-0.793,0.305,1.220,-0.042,0.062,1.086,2,1100
200247694,-0.793,0.427,0.732,0.087,0.051,1.045,2,1100
200248203,-0.854,1.098,-0.061,0.103,-0.008,1.069,2,1100
200249694,-0.915,2.744,-0.061,0.074,0.055,1.018,2,1100
200250215,-0.915,2.744,-0.061,0.030,0.013,1.019,2,1100
200251694,-0.793,1.951,-0.366,-0.119,-0.044,1.016,2,1100
200252210,-0.793,1.951,-0.366,-0.119,-0.044,1.016,2,1100
200253694,-1.098,0.427,0.793,-0.009,0.094,1.060,2,1100
200254215,-1.037,0.000,1.037,0.065,0.051,1.052,2,1100
200255694,-0.793,0.427,0.610,0.070,0.034,1.056,2,1100
200256213,-0.854,1.524,0.366,0.102,0.030,1.068,2,1100
200257694,-0.732,2.561,0.000,0.004,-0.000,1.020,2,1100
200258215,-0.732,2.561,0.000,0.004,-0.000,1.020,2,1100
200259694,-1.159,1.951,-0.122,-0.139,-0.013,1.039,2,1100
200260210,-0.915,1.037,0.549,-0.083,0.062,1.049,2,1100
200261701,-0.915,0.427,1.159,-0.011,0.083,1.037,2,1100
200262229,-0.915,0.000,0.854,0.054,0.041,1.072,2,1100
200263697,-0.915,1.585,0.122,0.122,0.059,1.027,2,1100
200264213,-0.915,1.585,0.122,0.122,0.059,1.027,2,1100
200265696,-1.037,2.561,-0.061,-0.048,-0.003,1.017,2,1100
200266215,-0.976,2.744,-0.427,-0.048,-0.003,1.017,2,1100
200267694,-1.037,2.073,-0.122,-0.125,0.055,1.028,2,1100
200268215,-1.159,0.915,0.671,-0.065,0.044,1.051,2,1100
200269694,-1.037,0.366,0.915,-0.030,0.084,1.056,2,1100
200270210,-1.037,0.183,0.610,0.060,0.011,1.080,2,1100
200271694,-0.915,1.768,0.549,0.141,0.036,1.016,2,1100
200272213,-0.915,1.768,0.549,0.141,0.036,1.016,2,1100
200273694,-0.915,2.805,-0.305,-0.067,-0.019,1.008,2,1100
200274207,-1.037,2.683,-0.610,-0.112,-0.008,1.008,2,1100
200275694,-1.098,1.341,0.244,-0.093,0.027,1.042,2,1100
200276208,-1.098,0.610,0.732,-0.086,0.068,1.040,2,1100
200277694,-0.854,0.488,0.427,0.077,0.063,1.078,2,1100
200278210,-0.854,0.488,0.427,0.077,0.063,1.078,2,1100
200279694,-0.915,1.585,0.549,0.123,0.032,1.039,2,1100
200280210,-1.220,2.683,0.061,0.123,0.032,1.039,2,1100
200281694,-1.098,2.927,-0.427,-0.064,-0.030,1.003,2,1100
200282215,-1.159,2.561,-0.244,-0.086,0.022,1.014,2,1100
200283694,-0.732,0.549,0.427,-0.103,0.019,1.021,2,1100
200284207,-0.732,0.549,0.427,-0.089,0.039,1.048,2,1100
200285694,-1.037,0.366,0.549,0.089,0.096,1.047,2,1100
200286208,-1.037,0.366,0.549,0.089,0.096,1.047,2,1100
200287694,-0.976,1.707,0.061,0.107,0.006,1.043,2,1100
200288207,-1.037,2.805,-0.305,-0.017,-0.009,1.038,2,1100
200289694,-1.220,3.110,-0.366,-0.069,0.019,0.998,2,1100
200290207,-1.037,2.317,-0.244,-0.061,-0.009,1.027,2,1100
200291694,-1.159,0.427,0.366,-0.083,0.018,1.076,2,1100
200292210,-1.159,0.427,0.366,-0.083,0.018,1.076,2,1100
200293694,-0.854,0.427,0.976,0.129,0.062,1.033,2,1100
200294207,-0.793,1.037,0.549,0.107,0.034,1.052,2,1100
200295694,-0.976,2.073,0.061,0.074,-0.007,1.044,2,1100
200296203,-0.915,3.049,0.000,0.014,0.001,1.031,2,1100
200297698,-0.854,2.195,0.366,-0.086,-0.018,1.008,2,1100
200298223,-0.854,2.195,0.366,-0.086,-0.018,1.008,2,1100
200299696,-0.915,0.732,0.732,-0.059,0.047,1.085,2,1100
200300211,-0.915,0.732,0.732,-0.059,0.047,1.085,2,1100
200301694,-0.732,0.366,1.280,0.113,0.052,1.054,2,1100
200302211,-0.732,0.915,0.305,0.092,-0.004,1.069,2,1100
200303694,-1.159,2.073,-0.183,0.065,0.016,1.027,2,1100
200304207,-1.159,2.622,-0.427,0.012,0.030,1.012,2,1100
200305694,-1.280,2.134,-0.183,-0.121,-0.037,1.025,2,1100
200306208,-1.280,2.134,-0.183,-0.121,-0.037,1.025,2,1100
200307694,-0.976,0.610,0.488,-0.030,0.116,1.049,2,1100
200308215,-1.037,0.366,1.280,0.098,0.055,1.050,2,1100
200309694,-1.037,0.610,0.793,0.083,0.054,1.047,2,1100
200310207,-0.915,1.524,0.305,0.092,-0.010,1.061,2,1100
200311694,-1.037,2.927,-0.061,0.009,0.005,1.015,2,1100
200312215,-1.037,2.927,-0.061,0.009,0.005,1.015,2,1100
200313694,-1.037,1.951,-0.244,-0.156,-0.032,1.035,2,1100
200314207,-1.037,1.098,0.427,-0.156,-0.032,1.035,2,1100
200315694,-0.671,0.305,0.915,0.003,0.114,1.036,2,1100
200316215,-0.610,0.122,1.098,0.069,0.057,1.085,2,1100
200317694,-0.610,1.829,0.122,0.076,0.012,1.051,2,1100
200318207,-0.610,1.829,0.122,0.121,0.043,1.015,2,1100
200319694,-0.976,2.988,-0.061,-0.027,0.004,1.000,2,1100
200320215,-0.976,2.988,-0.061,-0.027,0.004,1.000,2,1100
200321694,-0.854,2.012,-0.305,-0.142,0.017,1.048,2,1100
200322207,-0.915,0.854,0.549,-0.061,0.068,1.039,2,1100
200323694,-0.732,0.183,1.280,0.002,0.079,1.053,2,1100
200324215,-0.793,0.549,0.976,0.064,0.029,1.071,2,1100
200325694,-0.854,1.768,0.305,0.134,0.040,1.034,2,1100
200326207,-0.854,1.768,0.305,0.134,0.040,1.034,2,1100
200327694,-1.037,2.805,-0.244,-0.062,-0.039,0.996,2,1100
200328207,-1.280,2.866,-0.427,-0.136,-0.014,1.017,2,1100
200329694,-0.854,1.707,-0.183,-0.078,0.033,1.041,2,1100
200330207,-0.671,0.671,0.793,-0.075,0.091,1.034,2,1100
200331694,-0.732,0.488,0.732,0.055,0.053,1.062,2,1100
200332215,-0.732,0.488,0.732,0.055,0.053,1.062,2,1100
200333702,-1.098,2.073,0.427,0.131,0.043,1.047,2,1100
200334230,-1.037,2.439,0.061,0.131,0.043,1.047,2,1100
200335697,-1.037,2.927,-0.427,-0.084,-0.039,1.010,2,1100
200336221,-0.976,2.561,-0.305,-0.116,0.029,1.016,2,1100
200337694,-1.098,1.402,0.183,-0.094,0.036,1.008,2,1100
200338215,-0.915,0.427,0.915,-0.081,0.051,1.062,2,1100
200339696,-0.610,0.732,0.793,0.083,0.088,1.039,2,1100
200340224,-0.610,0.732,0.793,0.083,0.088,1.039,2,1100
200341701,-0.915,1.768,0.305,0.116,0.023,1.052,2,1100
200342216,-1.220,2.561,-0.061,-0.015,-0.029,1.003,2,1100
200343695,-1.220,2.866,-0.305,-0.084,0.014,1.008,2,1100
200344205,-1.098,2.134,0.061,-0.074,-0.006,1.029,2,1100
200345694,-0.732,0.427,0.549,-0.043,0.012,1.085,2,1100
200346215,-0.732,0.427,0.549,-0.043,0.012,1.085,2,1100
200347694,-0.488,0.488,0.488,0.137,0.028,1.042,2,1100
200348213,-0.549,1.159,0.427,0.137,0.028,1.042,2,1100
200349694,-0.793,2.073,0.244,0.096,-0.022,1.023,2,1100
200350207,-1.098,2.805,-0.061,-0.017,-0.003,1.041,2,1100
200351694,-1.402,2.256,-0.122,-0.070,0.017,1.003,2,1100
200352207,-1.402,2.256,-0.122,-0.097,-0.006,1.010,2,1100
200353694,-1.402,0.427,0.610,-0.056,0.028,1.086,2,1100
200354210,-1.402,0.427,0.610,-0.056,0.028,1.086,2,1100
200355694,-0.854,0.732,0.976,0.118,0.059,1.045,2,1100
200356207,-0.976,1.402,0.305,0.101,0.026,1.059,2,1100
200357694,-1.159,2.317,0.061,0.062,0.004,1.032,2,1100
200358207,-1.098,3.049,-0.061,-0.012,0.023,1.015,2,1100
200359694,-1.220,1.951,-0.183,-0.119,-0.015,1.024,2,1100
200360207,-1.220,1.951,-0.183,-0.119,-0.015,1.024,2,1100
200361694,-0.854,0.427,0.793,-0.034,0.104,1.028,2,1100
200362209,-0.549,0.244,1.037,0.093,0.044,1.085,2,1100
200363694,-0.671,0.488,0.732,0.081,0.078,1.038,2,1100
200364215,-0.854,1.463,0.366,0.125,-0.015,1.040,2,1100
200365694,-1.402,2.866,-0.305,0.018,-0.035,1.021,2,1100
200366207,-1.402,2.866,-0.305,0.018,-0.035,1.021,2,1100
200367694,-1.220,1.707,0.000,-0.117,-0.062,1.037,2,1100
200368207,-1.220,1.707,0.000,-0.117,-0.062,1.037,2,1100
200369695,-1.037,0.366,1.159,0.020,0.074,1.066,2,1100
200370209,-0.793,0.183,1.463,0.071,0.084,1.058,2,1100
200371694,-0.732,0.610,0.854,0.112,-0.001,1.054,2,1100
200372208,-1.341,1.890,0.305,0.092,0.039,1.032,2,1100
200373694,-1.098,2.988,0.061,-0.047,0.021,0.986,2,1100
200374208,-1.098,2.988,0.061,-0.047,0.021,0.986,2,1100
200375694,-0.793,1.890,0.000,-0.158,0.024,1.063,2,1100
200376215,-0.976,1.037,0.549,-0.080,0.064,1.014,2,1100
