timestamp_us,gyro_x,gyro_y,gyro_z,accel_x,accel_y,accel_z,motor_id,motor_command
218443639,-0.122,1.646,0.854,-0.120,0.110,1.055,255,1100
218444314,-0.122,1.646,0.854,-0.120,0.110,1.055,255,1100
218445640,-1.037,-0.976,1.220,0.185,0.102,1.058,255,1100
218446383,-1.768,-0.671,0.549,0.238,0.019,0.990,255,1100
218447639,-2.195,0.427,0.183,0.126,-0.022,1.169,255,1100
218448372,-1.829,2.195,-0.244,0.030,-0.101,1.009,255,1100
218449639,-1.402,3.171,0.000,-0.094,0.002,1.099,255,1100
218450502,-0.610,3.841,0.305,-0.184,-0.028,0.907,255,1100
218451639,-0.061,1.829,0.854,-0.145,0.073,1.017,255,1100
218452504,-0.244,0.305,0.915,0.108,0.144,1.065,255,1100
218453639,-0.793,-0.976,0.976,0.151,0.107,1.033,255,1100
218454370,-1.646,-0.488,0.671,0.224,0.052,1.011,255,1100
218455639,-1.951,0.427,-0.244,0.137,-0.094,1.080,255,1100
218456502,-1.829,2.744,0.122,-0.008,-0.015,1.041,255,1100
218457639,-0.793,3.537,0.427,-0.207,-0.024,0.872,255,1100
218458618,-0.610,2.988,0.488,-0.235,0.014,1.110,255,1100
218459639,-0.671,1.829,1.159,-0.152,0.088,0.993,255,1100
218460369,0.000,0.488,1.402,0.132,0.121,1.050,255,1100
218461639,-1.098,-0.915,1.341,0.169,0.120,1.002,255,1100
218462374,-1.463,-0.793,0.488,0.258,0.025,1.067,255,1100
218463639,-1.829,2.561,-0.183,0.100,-0.071,1.054,255,1100
218464507,-1.585,3.232,0.183,0.013,-0.007,1.066,255,1100
218465639,-0.976,3.293,0.488,-0.243,0.024,0.917,255,1100
218466372,-0.427,2.744,0.427,-0.235,-0.031,1.124,255,1100
218467639,0.183,1.829,0.854,-0.127,0.135,0.920,255,1100
218468502,0.000,0.366,1.280,0.141,0.099,1.162,255,1100
218469639,-0.671,-0.610,1.341,0.141,0.136,0.930,255,1100
218470370,-1.402,-0.549,0.488,0.272,-0.002,1.137,255,1100
218471639,-1.829,2.805,-0.061,0.034,-0.036,1.215,255,1100
218472627,-1.829,3.293,0.183,-0.144,-0.041,0.948,255,1100
218473639,-0.976,3.171,0.610,-0.201,-0.010,1.010,255,1100
218474620,-0.793,2.744,0.671,-0.248,0.033,1.089,255,1100
218475639,-0.305,1.463,0.793,-0.071,0.091,0.926,255,1100
218476367,-0.488,0.122,1.280,0.089,0.141,1.188,255,1100
218477639,-1.524,-0.244,0.671,0.205,0.093,1.201,255,1100
218478368,-1.524,-0.244,0.671,0.205,0.093,1.201,255,1100
218479639,-2.134,2.561,0.244,0.000,-0.019,1.200,255,1100
218480370,-1.524,3.171,0.183,-0.155,-0.080,0.904,255,1100
218481639,-1.280,3.232,0.671,-0.162,0.029,1.101,255,1100
218482505,-0.610,2.805,0.915,-0.220,0.021,1.050,255,1100
218483639,0.061,1.463,1.280,-0.033,0.072,1.005,255,1100
218484366,-0.122,0.305,1.037,0.007,0.134,1.128,255,1100
218485639,-1.463,0.244,0.671,0.167,0.127,1.168,255,1100
218486370,-1.707,1.280,-0.122,0.155,-0.082,0.875,255,1100
218487639,-1.951,2.134,-0.488,-0.062,-0.010,1.240,255,1100
218488718,-1.524,2.744,-0.061,-0.152,-0.089,0.877,255,1100
218489642,-1.159,2.927,0.610,-0.196,0.059,1.091,255,1100
218490555,-0.488,2.378,0.976,-0.192,-0.005,1.076,255,1100
218491640,-0.366,0.366,1.098,0.063,0.108,1.052,255,1100
218492505,-0.732,-0.122,0.915,0.267,0.143,0.969,255,1100
218493640,-1.585,-0.183,0.305,0.201,0.027,1.171,255,1100
218494384,-1.951,1.341,-0.244,0.075,-0.047,0.865,255,1100
218495640,-2.317,2.195,-0.427,-0.058,-0.074,1.180,255,1100
218496632,-1.951,2.927,0.549,-0.121,0.022,0.897,255,1100
218497640,-0.915,1.951,1.037,-0.191,-0.024,1.125,255,1100
218498508,-0.488,1.402,0.915,-0.174,0.030,1.054,255,1100
218499640,-0.427,0.549,1.037,0.137,0.136,1.023,255,1100
218500372,-0.610,0.122,0.976,0.190,0.102,0.968,255,1100
218501640,-1.707,0.183,0.305,0.197,0.019,1.176,255,1100
218502377,-1.829,1.341,-0.549,0.018,0.004,0.901,255,1100
218503640,-1.951,2.073,-0.488,0.041,-0.088,1.105,255,1100
218504500,-1.646,2.622,0.305,-0.191,0.037,0.987,255,1100
218505640,-0.793,2.073,1.037,-0.169,0.019,1.052,255,1100
218506378,-0.183,1.585,1.159,-0.169,0.019,1.052,255,1100
218507640,-0.061,0.549,1.280,0.146,0.141,1.053,255,1100
218508374,-0.061,0.488,0.915,0.222,0.062,0.994,255,1100
218509640,-0.732,0.549,0.061,0.175,0.053,1.083,255,1100
218510372,-1.341,1.890,-0.671,0.022,-0.030,0.977,255,1100
218511640,-1.280,2.378,0.183,-0.147,-0.040,0.928,255,1100
218512626,-1.280,2.012,0.305,-0.203,-0.006,1.167,255,1100
218513640,-0.915,1.951,0.793,-0.162,0.028,1.047,255,1100
218514506,-0.183,1.585,1.159,0.010,0.123,1.022,255,1100
218515640,-0.122,0.427,0.854,0.128,0.083,1.022,255,1100
218516373,-0.488,0.427,0.427,0.198,0.052,1.073,255,1100
218517640,-1.707,0.976,0.000,0.116,0.075,0.998,255,1100
218518373,-2.073,1.890,-0.427,0.069,-0.007,1.013,255,1100
218519640,-1.646,2.256,0.122,-0.170,-0.061,1.026,255,1100
218520637,-1.402,2.195,0.488,-0.201,-0.028,1.111,255,1100
218521640,-1.037,1.951,0.976,-0.116,0.057,0.982,255,1100
218522503,-0.488,1.280,1.098,0.030,0.087,1.125,255,1100
218523640,0.122,0.488,0.671,0.095,0.102,0.961,255,1100
218524367,-0.427,0.305,-0.183,0.176,0.058,1.101,255,1100
218525640,-1.585,1.646,-0.671,0.092,0.059,1.064,255,1100
218526369,-1.585,1.646,-0.671,0.092,0.059,1.064,255,1100
218527640,-1.585,1.951,0.122,-0.173,-0.052,1.088,255,1100
218528515,-1.341,1.585,0.427,-0.207,0.012,1.158,255,1100
218529640,-0.610,1.646,1.220,-0.050,0.056,0.968,255,1100
218530372,-0.244,1.159,1.341,-0.032,0.101,1.133,255,1100
218531640,-0.793,1.280,-0.183,0.138,0.036,0.903,255,1100
218532377,-0.793,1.280,-0.183,0.169,0.129,1.151,255,1100
218533640,-1.829,1.707,-0.305,0.048,0.067,1.118,255,1100
218534375,-2.073,2.012,-0.671,-0.092,-0.102,0.968,255,1100
218535640,-1.890,2.256,-0.305,-0.172,-0.029,1.141,255,1100
218536643,-1.463,1.951,0.366,-0.202,0.030,1.087,255,1100
218537640,-0.671,1.524,1.220,0.018,0.003,0.954,255,1100
218538371,-0.549,1.037,0.915,-0.086,0.126,1.171,255,1100
218539640,-0.549,0.976,0.061,0.134,0.150,1.187,255,1100
218540376,-1.341,1.037,-0.244,0.134,0.150,1.187,255,1100
218541640,-1.829,1.646,-0.793,-0.008,0.054,1.166,255,1100
218542505,-2.073,2.195,-0.610,-0.087,-0.115,0.867,255,1100
218543640,-1.646,1.768,0.122,-0.107,-0.000,1.163,255,1100
218544638,-1.524,1.220,0.671,-0.167,0.001,1.091,255,1100
218545640,-0.305,1.402,0.732,-0.051,0.032,1.117,255,1100
218546372,-0.305,1.402,0.732,-0.051,0.032,1.117,255,1100
218547640,0.183,1.402,-0.183,0.170,0.099,1.185,255,1100
218548376,-0.793,1.463,-0.305,0.105,0.015,0.799,255,1100
218549640,-1.768,1.585,-1.098,-0.054,0.029,1.150,255,1100
218550500,-1.768,2.073,-0.732,-0.036,-0.036,0.975,255,1100
218551640,-1.829,1.463,0.366,-0.144,0.013,1.146,255,1100
218552510,-1.768,1.159,0.793,-0.133,-0.031,1.041,255,1100
218553640,-0.915,1.280,0.610,0.014,0.021,1.031,255,1100
218554502,-0.488,1.463,0.427,0.167,0.152,0.978,255,1100
218555640,-0.305,1.341,-0.305,0.137,0.094,1.130,255,1100
218556377,-0.915,1.768,-0.610,0.094,-0.018,0.922,255,1100
218557640,-1.524,1.768,-1.159,-0.069,0.027,1.054,255,1100
218558622,-1.890,2.134,-0.488,-0.002,-0.008,0.962,255,1100
218559640,-1.280,0.915,0.793,-0.136,-0.038,1.108,255,1100
218560627,-0.671,1.280,0.610,-0.063,0.006,1.063,255,1100
218561640,-0.366,1.585,0.549,0.023,0.117,0.958,255,1100
218562368,-0.366,1.951,0.366,0.182,0.083,1.064,255,1100
218563640,0.000,1.768,0.000,0.093,0.115,1.057,255,1100
218564364,-0.915,1.829,-0.915,0.083,-0.047,0.995,255,1100
218565640,-1.463,1.646,-0.183,-0.050,0.083,0.963,255,1100
218566624,-1.524,0.915,0.854,-0.119,-0.021,1.054,255,1100
218567640,-1.159,0.854,0.671,-0.161,-0.053,1.103,255,1100
218568627,-0.610,1.159,0.915,-0.008,0.024,1.089,255,1100
218569640,-0.122,1.707,0.915,0.029,0.078,0.979,255,1100
218570366,-0.061,1.951,0.366,0.104,0.083,1.077,255,1100
218571640,0.244,1.829,-0.427,0.072,0.082,1.026,255,1100
218572375,-0.610,2.134,-0.854,0.077,-0.015,1.019,255,1100
218573640,-1.951,1.402,-0.061,-0.037,-0.007,1.046,255,1100
218574628,-1.951,0.610,0.610,-0.095,-0.047,1.089,255,1100
218575640,-1.890,0.854,0.793,-0.160,-0.020,1.079,255,1100
218576627,-1.280,0.976,0.732,0.042,0.037,1.095,255,1100
218577640,-0.610,1.585,0.915,0.012,0.062,0.968,255,1100
218578368,-0.183,2.073,0.183,0.120,0.053,1.067,255,1100
218579640,-0.732,2.073,-0.427,0.096,0.039,1.012,255,1100
218580372,-0.732,2.073,-0.427,0.096,0.039,1.012,255,1100
218581640,-2.012,1.341,0.061,-0.062,-0.054,1.093,255,1100
218582500,-2.195,0.183,0.793,-0.098,-0.012,1.083,255,1100
218583640,-1.646,0.610,1.463,-0.093,-0.005,1.100,255,1100
218584629,-0.610,1.037,1.098,0.042,0.025,1.100,255,1100
218585640,0.000,1.707,0.732,-0.007,0.029,0.964,255,1100
218586363,0.183,2.439,0.244,0.064,0.095,1.095,255,1100
218587640,-0.610,2.073,-0.122,0.083,0.090,1.062,255,1100
218588377,-1.646,1.341,-0.305,-0.089,0.007,0.886,255,1100
218589640,-1.768,0.854,-0.305,-0.057,-0.057,1.166,255,1100
218590626,-2.134,0.122,0.610,-0.072,0.020,1.019,255,1100
218591640,-1.707,0.061,1.707,-0.003,-0.008,1.112,255,1100
218592499,-0.854,0.854,1.341,0.011,0.012,1.114,255,1100
218593640,-0.305,3.110,0.122,0.038,0.110,1.112,255,1100
218594366,-0.305,3.110,0.122,0.038,0.110,1.112,255,1100
218595640,-0.671,2.317,-0.061,0.014,0.092,1.139,255,1100
218596377,-1.463,1.524,-0.366,-0.084,-0.041,0.839,255,1100
218597640,-1.707,0.671,0.122,-0.038,0.029,1.181,255,1100
218598507,-2.012,0.122,0.976,-0.049,-0.019,0.954,255,1100
218599640,-0.976,0.976,1.280,-0.017,-0.000,1.195,255,1100
218600626,-0.305,2.317,0.854,0.021,0.013,0.893,255,1100
218601640,-0.061,3.232,0.183,0.040,0.118,1.115,255,1100
218602366,0.000,2.927,0.061,0.106,0.109,0.841,255,1100
218603640,-0.915,2.073,-0.305,-0.009,0.033,1.175,255,1100
218604502,-1.463,1.585,-0.366,-0.083,0.001,0.807,255,1100
218605640,-2.012,0.427,0.305,-0.037,0.000,1.211,255,1100
218606548,-2.195,-0.122,1.524,-0.011,0.012,0.948,255,1100
218607641,-0.976,1.037,1.098,-0.006,-0.033,1.070,255,1100
218608645,-0.122,2.439,0.610,0.043,0.043,0.951,255,1100
218609640,-0.183,3.415,0.061,0.036,0.092,1.075,255,1100
218610370,0.244,2.988,-0.061,0.071,0.116,0.900,255,1100
218611640,-1.037,2.500,-0.244,-0.059,0.012,1.177,255,1100
218612505,-1.524,1.341,-0.244,-0.059,0.065,0.794,255,1100
218613640,-1.890,-0.671,1.341,0.023,0.044,0.969,255,1100
218614503,-1.707,-0.244,1.646,0.023,0.044,0.969,255,1100
218615640,-0.793,1.220,1.280,-0.008,0.015,1.026,255,1100
218616378,-0.305,2.256,0.854,0.076,0.001,1.066,255,1100
218617640,0.061,3.232,0.122,0.002,0.090,0.965,255,1100
218618366,0.061,2.988,-0.427,0.004,0.106,0.954,255,1100
218619640,-0.976,2.317,-0.610,-0.061,0.043,1.106,255,1100
218620502,-1.341,1.037,-0.122,0.002,0.045,0.861,255,1100
218621640,-2.012,-0.671,1.280,0.040,-0.014,1.039,255,1100
218622500,-2.134,-0.183,1.402,-0.010,0.020,1.206,255,1100
218623640,-0.549,1.341,1.098,0.078,-0.013,0.994,255,1100
218624505,0.000,2.744,0.549,-0.001,0.008,1.050,255,1100
218625640,0.244,4.024,0.122,-0.018,0.042,0.946,255,1100
218626420,0.244,3.659,0.122,-0.010,0.131,0.983,255,1100
218627641,-0.976,0.793,0.610,-0.081,0.034,0.930,255,1100
218628392,-1.646,-0.854,0.183,-0.081,0.034,0.930,255,1100
218629640,-2.073,-0.732,1.037,0.002,0.029,1.112,255,1100
218630503,-1.890,0.000,1.646,0.020,0.014,1.161,255,1100
218631640,-1.463,1.159,1.280,0.109,-0.009,1.034,255,1100
218632379,-0.427,2.744,0.305,-0.009,-0.044,0.983,255,1100
218633640,0.366,3.720,-0.366,-0.017,0.042,1.035,255,1100
218634500,-0.183,2.439,-0.122,-0.057,0.155,0.963,255,1100
218635640,-0.976,0.732,0.305,-0.115,0.072,0.991,255,1100
218636507,-1.585,-0.610,0.183,0.014,-0.069,1.049,255,1100
218637640,-2.378,-0.610,1.463,0.020,0.091,1.182,255,1100
218638496,-1.890,-0.305,2.012,0.126,-0.036,1.084,255,1100
218639640,-1.341,1.402,1.524,0.025,0.031,1.041,255,1100
218640506,-0.305,2.927,0.244,-0.020,-0.076,1.032,255,1100
218641640,0.244,3.537,0.061,-0.033,0.139,0.984,255,1100
218642503,-0.732,1.890,0.244,-0.031,0.074,0.931,255,1100
218643640,-1.159,0.000,0.000,-0.063,-0.003,1.106,255,1100
218644466,-1.707,-0.671,0.305,-0.022,-0.012,0.947,255,1100
218645640,-2.134,-0.976,1.463,0.108,0.045,1.266,255,1100
218646506,-1.768,-0.122,2.073,0.098,0.037,1.047,255,1100
218647640,-0.061,3.537,0.122,-0.052,-0.008,1.067,255,1100
218648501,0.244,4.573,-0.427,-0.052,-0.008,1.067,255,1100
218649640,0.244,3.780,0.183,-0.031,0.170,1.088,255,1100
218650498,-0.610,1.768,0.244,-0.085,0.048,0.870,255,1100
218651640,-1.524,-0.183,0.061,-0.054,0.049,1.131,255,1100
218652502,-2.012,-1.280,0.549,-0.013,0.015,0.941,255,1100
218653640,-2.378,-1.646,1.524,0.167,-0.014,1.212,255,1100
218654629,-1.220,1.951,0.976,0.072,-0.113,1.036,255,1100
218655640,-0.610,3.659,0.183,-0.040,0.043,1.141,255,1100
218656378,0.305,4.817,-0.122,-0.060,0.020,0.883,255,1100
218657640,0.244,3.720,-0.122,-0.099,0.176,1.077,255,1100
218658373,-0.244,1.829,-0.244,-0.083,0.011,0.886,255,1100
218659640,-1.037,-0.122,0.000,-0.028,0.100,1.132,255,1100
218660620,-1.646,-1.280,0.549,0.013,-0.025,0.911,255,1100
218661640,-1.829,0.122,1.037,0.096,-0.042,1.077,255,1100
218662504,-0.915,2.134,0.854,0.079,-0.037,1.070,255,1100
218663640,-0.427,3.354,-0.061,-0.056,-0.006,1.085,255,1100
218664501,0.122,4.878,-0.244,-0.082,0.058,0.893,255,1100
218665640,0.305,3.659,-0.366,-0.123,0.090,1.105,255,1100
218666374,-0.244,2.195,0.061,-0.085,0.094,0.857,255,1100
218667640,-1.829,-1.098,0.366,-0.021,0.062,1.157,255,1100
218668567,-1.951,-1.402,0.732,0.128,0.039,1.242,255,1100
218669642,-1.951,0.061,0.976,0.083,-0.012,1.017,255,1100
218670404,-1.159,1.951,0.732,0.137,-0.042,1.155,255,1100
218671640,-0.427,3.963,-0.183,-0.100,-0.020,0.999,255,1100
218672515,-0.061,4.878,-0.854,-0.116,0.017,0.923,255,1100
218673640,-0.488,3.598,-0.427,-0.127,0.133,1.053,255,1100
218674627,-1.585,-0.427,0.000,-0.051,0.101,0.857,255,1100
218675640,-1.463,-1.646,0.122,0.043,0.001,0.939,255,1100
218676488,-2.317,-1.829,1.037,0.149,0.006,1.216,255,1100
218677640,-1.951,-0.244,1.159,0.123,0.000,0.983,255,1100
218678383,-1.402,2.012,0.671,0.093,-0.061,1.182,255,1100
218679640,-0.427,4.085,-0.488,-0.109,-0.018,1.001,255,1100
218680505,-0.122,5.122,-0.915,-0.131,0.024,1.023,255,1100
218681640,-0.427,1.707,0.122,-0.067,0.087,0.959,255,1100
218682506,-1.098,-0.854,-0.061,-0.067,0.087,0.959,255,1100
218683640,-1.707,-1.524,0.183,0.094,0.001,0.962,255,1100
218684504,-2.134,-1.402,0.610,0.106,0.048,1.193,255,1100
218685640,-1.951,0.061,1.037,0.196,-0.010,1.086,255,1100
218686378,-1.341,2.317,0.305,0.039,-0.081,1.058,255,1100
218687640,-0.183,4.329,-0.671,-0.102,-0.034,0.941,255,1100
218688515,-0.122,4.878,-0.793,-0.159,0.058,1.117,255,1100
218689640,-0.549,1.463,-0.183,-0.146,0.122,1.075,255,1100
218690635,-1.098,-0.732,-0.061,0.010,0.003,1.024,255,1100
218691640,-1.585,-1.646,0.610,0.098,0.051,1.050,255,1100
218692492,-1.768,-1.707,1.037,0.174,0.012,1.075,255,1100
218693640,-1.829,0.183,1.037,0.173,-0.029,1.102,255,1100
218694381,-1.098,2.317,0.061,0.010,-0.058,1.125,255,1100
218695640,0.061,4.939,-0.671,-0.168,0.092,1.068,255,1100
218696374,0.061,4.939,-0.671,-0.168,0.092,1.068,255,1100
218697640,-0.366,1.585,-0.244,-0.180,0.118,1.103,255,1100
218698506,-1.280,-0.793,0.305,0.040,0.037,0.948,255,1100
218699640,-1.768,-1.951,0.488,0.110,0.051,1.131,255,1100
218700373,-2.134,-1.646,0.793,0.163,-0.002,1.117,255,1100
218701640,-1.402,2.744,-0.122,0.144,-0.044,1.065,255,1100
218702630,0.000,4.695,-0.366,-0.087,0.026,0.953,255,1100
218703640,0.122,4.817,-0.427,-0.157,0.033,1.058,255,1100
218704373,0.244,3.293,-0.549,-0.142,0.088,0.864,255,1100
218705640,-0.732,1.463,-0.366,-0.146,0.130,1.077,255,1100
218706518,-1.402,-0.976,0.488,0.082,0.089,1.009,255,1100
218707640,-1.646,-2.134,0.854,0.131,0.020,1.131,255,1100
218708372,-2.073,-1.280,0.732,0.167,0.005,1.001,255,1100
218709640,-1.646,3.354,0.000,0.050,-0.045,1.109,255,1100
218710371,-0.244,4.634,-0.305,0.050,-0.045,1.109,255,1100
218711640,-0.122,4.695,-0.671,-0.207,0.054,1.026,255,1100
218712630,0.061,3.232,-0.305,-0.165,0.076,0.913,255,1100
218713640,-0.183,1.280,0.122,-0.087,0.135,1.084,255,1100
218714373,-1.037,-1.280,0.610,0.077,0.098,0.942,255,1100
218715640,-1.951,-1.098,0.610,0.152,-0.031,1.000,255,1100
218716500,-1.951,0.976,0.793,0.152,-0.031,1.000,255,1100
218717640,-1.463,3.232,0.183,0.042,-0.036,1.023,255,1100
218718377,-0.488,4.756,-0.427,-0.149,-0.040,0.961,255,1100
218719640,-0.122,4.756,-0.671,-0.218,0.011,1.064,255,1100
218720633,-0.183,3.476,-0.061,-0.166,0.104,0.893,255,1100
218721640,-0.183,0.793,0.488,-0.041,0.146,1.096,255,1100
218722503,-1.037,-1.280,1.037,0.049,0.041,0.959,255,1100
218723640,-2.317,-0.732,0.854,0.146,-0.007,0.978,255,1100
218724500,-1.951,1.037,0.854,0.215,0.014,1.170,255,1100
218725640,-1.463,3.354,-0.122,-0.007,-0.077,1.024,255,1100
218726510,-0.488,4.634,-0.793,-0.144,-0.067,0.971,255,1100
218727640,-0.427,4.817,-0.549,-0.270,0.081,1.080,255,1100
218728632,0.000,3.354,-0.122,-0.095,0.119,0.866,255,1100
218729640,-0.854,-1.280,0.427,0.049,0.020,0.916,255,1100
218730375,-0.854,-1.280,0.427,0.049,0.020,0.916,255,1100
218731640,-1.890,-0.671,0.732,0.235,0.025,0.970,255,1100
218732380,-2.073,1.159,0.854,0.176,-0.025,1.162,255,1100
218733640,-1.280,3.354,-0.061,-0.087,-0.106,1.035,255,1100
218734513,-0.366,4.817,-0.915,-0.119,-0.065,0.984,255,1100
218735640,-0.122,3.049,0.366,-0.297,0.120,0.957,255,1100
218736510,-0.122,0.671,0.671,-0.062,0.106,0.958,255,1100
218737640,-0.610,-1.098,0.915,0.136,0.001,0.937,255,1100
218738375,-1.768,-1.951,1.037,0.148,0.122,1.177,255,1100
218739640,-2.073,-0.549,1.159,0.243,0.006,1.011,255,1100
218740379,-2.317,1.402,1.098,0.115,-0.039,1.191,255,1100
218741640,-1.280,3.720,-0.061,-0.086,-0.133,0.979,255,1100
218742518,-0.427,4.756,-0.549,-0.129,0.005,1.023,255,1100
218743640,0.488,2.927,0.305,-0.096,0.090,1.027,255,1100
218744502,0.000,0.305,0.305,-0.132,0.112,1.031,255,1100
218745640,-0.915,-1.280,0.976,0.152,0.072,1.040,255,1100
218746374,-1.890,-2.256,1.098,0.181,0.096,1.079,255,1100
218747640,-2.073,-0.305,0.976,0.267,0.009,1.046,255,1100
218748377,-2.317,1.463,0.732,0.095,-0.057,1.192,255,1100
218749640,-0.671,4.939,-0.488,-0.144,0.004,1.010,255,1100
218750515,-0.549,4.329,0.183,-0.144,0.004,1.010,255,1100
218751640,-0.305,2.866,0.366,-0.182,0.101,1.108,255,1100
218752372,-0.366,0.183,0.732,-0.057,0.114,0.952,255,1100
218753640,-0.793,-1.341,1.463,0.158,0.091,1.136,255,1100
218754379,-1.707,-2.012,1.341,0.210,0.085,0.976,255,1100
218755640,-1.951,-0.427,0.854,0.230,-0.036,1.140,255,1100
218756504,-2.134,1.951,0.488,0.094,-0.055,1.053,255,1100
218757640,-0.427,4.817,-0.183,-0.172,-0.028,0.971,255,1100
218758508,-0.305,4.024,0.244,-0.255,0.021,0.902,255,1100
218759640,0.000,2.683,0.244,-0.227,0.090,1.126,255,1100
218760370,0.244,0.488,1.098,-0.003,0.142,0.931,255,1100
218761640,-0.366,-1.463,1.402,0.162,0.109,1.184,255,1100
218762381,-0.976,-1.951,1.159,0.198,0.048,0.913,255,1100
218763640,-1.707,2.256,0.366,0.129,-0.008,0.973,255,1100
218764372,-1.707,2.256,0.366,0.129,-0.008,0.973,255,1100
218765640,-0.488,4.573,0.000,-0.197,0.019,0.919,255,1100
218766377,-0.061,4.451,0.061,-0.274,-0.022,0.947,255,1100
218767640,-0.244,2.805,0.427,-0.233,0.134,1.084,255,1100
218768504,0.427,0.122,1.159,0.042,0.140,0.978,255,1100
218769640,-0.976,-1.768,0.793,0.152,0.112,1.172,255,1100
218770376,-0.976,-1.768,0.793,0.222,0.004,0.906,255,1100
218771640,-1.951,2.012,0.671,0.141,0.005,0.868,255,1100
218772370,-1.768,3.659,0.244,-0.065,-0.084,1.188,255,1100
218773640,-0.732,4.146,-0.305,-0.207,-0.046,0.976,255,1100
218774696,-0.671,4.024,-0.122,-0.324,-0.005,0.943,255,1100
218775642,-0.549,2.561,0.305,-0.191,0.145,1.041,255,1100
218776536,-0.488,0.000,1.220,0.053,0.127,1.021,255,1100
218777640,-1.341,-1.646,0.854,0.175,0.031,0.987,255,1100
218778378,-2.195,-0.183,0.305,0.175,0.031,0.987,255,1100
218779640,-1.951,2.195,0.610,0.116,0.000,0.941,255,1100
218780383,-1.402,3.780,0.305,-0.072,-0.109,1.131,255,1100
218781640,-0.732,4.390,0.000,-0.260,-0.033,1.002,255,1100
218782621,-0.122,4.085,-0.183,-0.247,0.009,0.969,255,1100
218783640,0.061,0.122,1.220,-0.016,0.137,0.980,255,1100
218784502,-0.671,-1.524,1.098,-0.016,0.137,0.980,255,1100
218785640,-1.220,-1.402,0.549,0.169,0.082,1.000,255,1100
218786506,-1.951,-0.061,0.671,0.299,-0.025,1.107,255,1100
218787640,-2.134,2.195,0.305,0.092,-0.001,1.022,255,1100
218788502,-1.463,3.780,0.061,-0.076,-0.120,1.043,255,1100
218789640,-1.098,4.390,-0.122,-0.284,0.014,0.981,255,1100
218790633,-0.305,1.951,0.915,-0.202,0.161,1.054,255,1100
218791640,0.061,0.183,1.159,0.016,0.095,1.012,255,1100
218792372,-0.671,-1.037,1.220,0.184,0.082,1.068,255,1100
218793640,-1.585,-1.037,0.732,0.222,0.086,1.066,255,1100
218794377,-1.768,0.122,0.305,0.289,-0.036,1.022,255,1100
218795640,-1.890,2.256,0.000,0.024,-0.010,1.094,255,1100
218796373,-1.280,3.720,-0.061,-0.071,-0.083,1.023,255,1100
218797640,-0.488,3.476,0.427,-0.238,0.020,1.024,255,1100
218798514,-0.488,1.951,0.671,-0.187,0.087,1.001,255,1100
218799640,-0.061,0.244,0.976,0.012,0.142,1.062,255,1100
218800372,-0.915,-1.220,1.037,0.198,0.069,1.030,255,1100
218801640,-1.402,-1.037,0.549,0.221,0.104,1.083,255,1100
218802377,-2.012,0.061,0.000,0.217,-0.045,1.028,255,1100
218803640,-1.463,3.598,0.000,0.049,-0.030,1.154,255,1100
218804365,-1.463,3.598,0.000,-0.085,-0.018,0.984,255,1100
218805640,-0.183,3.293,0.122,-0.264,0.027,1.102,255,1100
218806500,-0.183,2.134,0.427,-0.210,0.033,0.965,255,1100
218807640,0.061,0.305,0.793,0.029,0.213,1.147,255,1100
218808377,-0.549,-1.402,1.402,0.251,0.067,0.971,255,1100
218809640,-1.280,-1.037,0.732,0.256,0.079,1.140,255,1100
218810376,-1.890,0.366,-0.366,0.146,-0.084,1.015,255,1100
218811640,-1.402,3.780,-0.061,-0.104,-0.023,0.951,255,1100
218812626,-0.854,4.024,0.244,-0.225,-0.029,0.986,255,1100
218813640,-0.610,3.110,0.000,-0.266,-0.020,1.127,255,1100
218814617,-0.244,2.317,0.732,-0.188,0.082,0.954,255,1100
218815640,0.061,0.183,1.220,0.096,0.178,1.155,255,1100
218816437,-0.427,-0.976,1.341,0.202,0.081,0.924,255,1100
218817642,-2.134,0.793,-0.732,0.130,-0.034,0.895,255,1100
218818535,-2.256,2.378,-0.671,0.094,-0.022,1.145,255,1100
218819640,-1.585,3.110,-0.122,-0.140,-0.036,0.968,255,1100
218820634,-0.854,3.354,-0.122,-0.208,-0.053,0.985,255,1100
218821640,-0.793,3.232,0.000,-0.266,-0.006,1.110,255,1100
218822622,0.000,1.951,0.305,-0.147,0.115,0.963,255,1100
218823640,-0.427,0.183,1.159,0.101,0.149,1.172,255,1100
218824374,-0.610,-1.037,0.854,0.212,0.083,0.911,255,1100
218825640,-1.768,1.341,-0.488,0.106,0.020,0.899,255,1100
218826385,-2.012,2.439,-0.305,0.105,-0.069,1.172,255,1100
218827640,-1.768,3.171,-0.488,-0.170,-0.035,0.908,255,1100
218828632,-1.159,3.537,-0.549,-0.223,-0.083,0.995,255,1100
218829640,-0.915,2.866,-0.244,-0.271,0.044,1.127,255,1100
218830636,-0.183,1.890,0.915,-0.099,0.082,1.009,255,1100
218831640,-0.366,-1.098,0.671,0.238,0.067,0.990,255,1100
218832369,-0.366,-1.098,0.671,0.238,0.067,0.990,255,1100
218833640,-1.524,1.280,-0.732,0.180,-0.051,0.845,255,1100
218834509,-2.073,2.500,-0.488,-0.009,-0.010,1.169,255,1100
218835640,-1.646,3.171,-0.366,-0.131,-0.096,0.954,255,1100
218836628,-0.976,3.598,0.000,-0.292,0.001,1.064,255,1100
218837640,-0.305,1.463,0.793,-0.196,0.000,1.094,255,1100
218838377,-0.305,1.463,0.793,-0.117,0.109,1.017,255,1100
218839640,-0.854,-0.488,0.671,0.210,0.120,1.006,255,1100
218840381,-1.159,-0.122,0.305,0.246,0.067,1.106,255,1100
218841640,-1.707,1.402,-0.366,0.117,0.014,0.923,255,1100
218842376,-1.707,2.195,-0.915,-0.004,-0.088,1.151,255,1100
218843640,-1.524,3.537,-0.305,-0.173,-0.050,0.953,255,1100
218844635,-0.610,2.256,0.671,-0.236,-0.006,1.089,255,1100
218845640,-0.305,1.341,0.671,-0.113,0.065,0.997,255,1100
218846502,0.000,0.061,0.915,0.136,0.124,1.074,255,1100
218847640,-0.305,-0.305,0.488,0.208,0.123,1.034,255,1100
218848371,-0.915,0.244,0.183,0.274,0.027,1.095,255,1100
218849640,-1.829,1.524,-0.610,0.052,0.032,0.903,255,1100
218850379,-1.890,2.500,-0.976,0.046,-0.097,1.108,255,1100
218851640,-1.402,2.927,0.000,-0.212,-0.070,1.126,255,1100
218852614,-0.732,2.073,0.610,-0.227,0.058,0.958,255,1100
218853640,-0.549,1.159,0.732,-0.074,0.040,1.103,255,1100
218854384,0.000,-0.061,1.159,0.122,0.194,1.021,255,1100
218855640,0.305,-0.061,0.610,0.245,0.079,1.068,255,1100
218856369,-0.854,0.305,0.061,0.224,0.068,1.041,255,1100
218857640,-1.585,1.768,-0.915,0.095,-0.060,0.989,255,1100
218858500,-2.195,2.744,-0.854,0.015,-0.020,1.010,255,1100
218859640,-1.341,2.378,0.305,-0.231,-0.021,1.171,255,1100
218860625,-0.732,1.829,0.488,-0.218,0.004,0.985,255,1100
218861640,-0.244,1.463,1.037,-0.054,0.092,1.095,255,1100
218862373,0.244,0.061,1.098,0.136,0.144,0.970,255,1100
218863640,-0.061,0.305,0.427,0.253,0.085,1.085,255,1100
218864373,-0.976,0.488,-0.122,0.173,0.047,1.042,255,1100
218865640,-2.012,2.378,-0.671,0.002,-0.001,1.045,255,1100
218866547,-1.646,2.683,-0.061,-0.195,-0.081,1.003,255,1100
218867641,-0.854,2.195,0.122,-0.235,-0.010,1.166,255,1100
218868645,-0.427,1.646,0.427,-0.167,-0.013,0.948,255,1100
218869640,-0.305,0.915,1.159,-0.027,0.123,1.117,255,1100
218870504,-0.305,-0.061,1.280,0.122,0.104,0.961,255,1100
218871640,-1.341,0.732,0.061,0.256,0.125,1.072,255,1100
218872376,-1.341,0.732,0.061,0.137,0.000,1.062,255,1100
218873640,-2.256,2.805,-0.427,0.014,-0.046,1.043,255,1100
218874509,-1.646,2.866,0.244,-0.212,-0.037,0.986,255,1100
218875640,-1.707,2.134,0.305,-0.208,-0.067,1.195,255,1100
218876629,-1.037,1.768,0.854,-0.168,0.054,0.970,255,1100
218877640,-0.183,0.976,1.220,-0.018,0.102,1.093,255,1100
218878373,-0.061,0.061,1.159,0.132,0.093,0.965,255,1100
218879640,-1.402,1.098,-0.122,0.153,0.054,0.949,255,1100
218880375,-1.768,1.646,-0.427,0.153,0.054,0.949,255,1100
218881640,-2.256,2.500,-0.610,-0.024,-0.048,0.991,255,1100
218882511,-2.012,2.622,-0.183,-0.202,-0.069,1.060,255,1100
218883640,-1.707,2.256,0.366,-0.282,-0.013,1.089,255,1100
218884636,-0.671,1.646,1.098,-0.037,0.047,1.040,255,1100
218885640,0.000,0.732,0.793,-0.029,0.071,1.055,255,1100
218886367,0.000,0.732,0.793,0.136,0.085,0.963,255,1100
218887640,-0.915,1.341,0.000,0.174,0.040,0.804,255,1100
218888362,-1.585,1.951,-0.122,0.050,0.023,1.207,255,1100
218889640,-1.829,2.622,-0.671,-0.083,-0.039,0.877,255,1100
218890517,-1.890,2.378,0.061,-0.142,-0.054,1.210,255,1100
218891640,-1.341,2.073,0.549,-0.254,-0.018,0.997,255,1100
218892634,-0.427,0.671,1.768,-0.063,0.080,1.061,255,1100
218893640,0.122,0.793,1.098,0.167,0.092,0.932,255,1100
218894368,-0.122,0.793,0.488,0.167,0.092,0.932,255,1100
218895640,-0.610,1.585,0.122,0.137,0.041,0.825,255,1100
218896375,-1.890,1.646,-0.488,0.041,0.012,1.206,255,1100
218897640,-2.012,2.500,-0.610,-0.090,-0.045,0.859,255,1100
218898508,-2.012,1.951,-0.122,-0.131,-0.028,1.193,255,1100
218899640,-0.671,0.976,1.098,-0.062,0.003,1.088,255,1100
218900505,-0.244,0.732,1.402,-0.054,0.075,1.029,255,1100
218901640,0.061,1.098,1.037,0.197,0.127,0.997,255,1100
218902366,0.000,0.976,0.488,0.225,0.099,1.126,255,1100
218903640,-0.671,1.707,-0.061,0.089,0.047,0.915,255,1100
218904374,-1.829,2.073,-0.488,-0.024,-0.020,1.099,255,1100
218905640,-2.134,1.707,0.366,-0.050,0.007,0.918,255,1100
218906510,-2.134,1.707,0.366,-0.130,-0.034,1.205,255,1100
218907640,-0.549,0.915,1.037,-0.090,-0.012,1.112,255,1100
218908629,-0.488,0.915,1.220,0.045,0.084,0.982,255,1100
218909640,-0.427,0.976,1.098,0.153,0.137,1.026,255,1100
218910368,-0.061,1.037,0.183,0.180,0.092,1.077,255,1100
218911640,-0.915,1.951,-0.427,0.099,0.028,0.984,255,1100
218912376,-1.890,1.768,-0.549,-0.019,0.020,1.020,255,1100
218913640,-2.073,1.220,0.854,-0.134,-0.020,1.051,255,1100
218914625,-1.829,1.037,1.159,-0.216,-0.081,1.049,255,1100
218915640,-0.976,0.793,1.098,-0.051,0.033,1.192,255,1100
218916503,-0.183,0.732,1.280,0.057,0.094,0.919,255,1100
218917640,-0.061,1.341,1.159,0.132,0.098,1.004,255,1100
218918367,0.122,1.646,0.183,0.151,0.074,1.093,255,1100
218919640,-1.585,1.951,-0.061,0.049,0.060,1.015,255,1100
218920378,-1.585,1.951,-0.061,0.052,0.036,0.942,255,1100
218921640,-2.134,1.463,0.732,-0.116,-0.040,1.092,255,1100
218922504,-2.012,0.915,0.793,-0.194,-0.107,1.107,255,1100
218923640,-1.159,0.915,0.915,-0.051,0.059,1.095,255,1100
218924507,-0.488,0.854,1.524,0.047,0.075,0.975,255,1100
218925640,0.000,1.341,0.793,0.138,0.101,1.032,255,1100
218926366,0.488,1.768,0.061,0.158,0.056,1.079,255,1100
218927640,-1.463,1.768,-0.122,0.055,0.030,0.909,255,1100
218928378,-2.195,1.463,-0.122,-0.093,-0.015,1.104,255,1100
218929640,-2.134,1.037,0.305,-0.154,-0.062,1.081,255,1100
218930638,-2.073,0.732,0.854,-0.166,-0.036,1.112,255,1100
218931640,-0.854,0.671,1.280,0.021,0.040,1.052,255,1100
218932508,-0.427,1.037,1.280,0.024,0.018,0.991,255,1100
218933640,-0.183,2.256,-0.183,0.088,0.117,1.003,255,1100
218934373,-0.183,2.256,-0.183,0.088,0.117,1.003,255,1100
218935640,-1.585,1.585,-0.061,-0.031,0.051,0.880,255,1100
218936510,-2.073,1.402,-0.183,-0.071,-0.054,1.097,255,1100
218937640,-2.439,0.793,0.549,-0.149,-0.025,1.073,255,1100
218938635,-1.951,0.549,1.098,-0.069,0.002,1.106,255,1100
218939640,-0.305,1.159,0.671,-0.019,0.024,1.126,255,1100
218940372,-0.305,1.159,0.671,-0.009,0.001,0.896,255,1100
218941640,0.183,2.561,-0.305,0.076,0.138,0.897,255,1100
218942367,-0.427,2.134,-0.122,0.116,0.036,1.122,255,1100
218943640,-1.829,1.646,-0.732,-0.096,0.015,0.870,255,1100
218944507,-1.890,1.524,-0.122,-0.077,-0.062,1.132,255,1100
218945640,-2.012,0.732,0.671,-0.113,0.054,1.076,255,1100
218946576,-1.585,0.427,1.402,-0.012,-0.062,1.060,255,1100
218947642,-0.427,1.707,0.732,0.008,-0.017,0.890,255,1100
218948536,-0.122,2.683,0.427,0.142,0.166,1.113,255,1100
218949640,0.427,2.439,0.122,0.090,0.141,0.921,255,1100
218950380,-0.427,2.073,-0.244,0.087,0.040,1.155,255,1100
218951640,-1.585,1.524,-0.793,-0.134,-0.027,0.801,255,1100
218952508,-1.829,1.098,-0.305,-0.039,-0.002,1.152,255,1100
218953640,-1.951,0.183,1.585,-0.058,0.044,1.043,255,1100
218954505,-1.037,0.915,0.793,-0.005,-0.059,1.081,255,1100
218955640,0.000,1.890,0.122,0.067,0.015,0.963,255,1100
218956496,0.122,2.805,0.122,0.103,0.136,1.055,255,1100
218957640,0.427,2.805,0.061,0.042,0.131,0.925,255,1100
218958376,-0.549,2.439,-0.549,0.003,0.014,1.161,255,1100
218959640,-1.829,1.829,-0.793,-0.072,0.020,0.789,255,1100
218960508,-2.073,0.427,0.000,-0.022,0.034,1.176,255,1100
218961640,-1.890,0.000,1.402,0.006,-0.081,1.263,255,1100
218962364,-1.037,0.976,0.793,0.006,-0.081,1.263,255,1100
218963640,0.061,2.256,0.366,0.095,0.031,0.974,255,1100
218964375,0.000,3.293,0.244,0.053,0.070,1.069,255,1100
218965640,0.610,3.354,-0.549,0.036,0.098,0.920,255,1100
218966372,-0.366,2.378,-0.610,-0.023,0.033,1.125,255,1100
218967640,-1.585,-0.061,0.000,-0.048,0.009,1.193,255,1100
218968615,-1.951,-0.366,0.610,-0.028,-0.003,0.960,255,1100
218969640,-1.707,-0.183,1.037,-0.038,-0.003,1.274,255,1100
218970632,-0.915,0.915,0.671,0.009,-0.021,1.003,255,1100
218971640,-0.488,2.378,0.366,0.053,0.032,1.013,255,1100
218972373,0.061,3.110,-0.122,0.032,0.029,0.997,255,1100
218973640,-0.732,2.134,-0.610,-0.003,0.114,0.964,255,1100
218974495,-0.732,2.134,-0.610,0.007,0.055,1.108,255,1100
218975640,-1.768,-0.305,0.183,-0.083,-0.009,1.146,255,1100
218976496,-2.317,-0.793,1.037,0.025,-0.032,1.030,255,1100
218977640,-1.707,-0.122,1.280,0.009,0.013,1.181,255,1100
218978503,-0.732,1.402,0.793,0.031,-0.004,0.974,255,1100
218979640,-0.183,2.683,0.244,0.052,0.027,1.043,255,1100
218980373,0.061,3.720,-0.244,-0.022,0.036,1.048,255,1100
218981640,-0.427,2.256,-0.488,0.004,0.065,1.104,255,1100
218982373,-1.646,0.793,-0.061,0.004,0.065,1.104,255,1100
218983640,-2.073,-0.305,-0.183,-0.064,-0.056,1.163,255,1100
218984506,-2.134,-0.549,0.915,-0.013,0.038,0.974,255,1100
218985640,-1.951,-0.183,1.280,0.122,-0.012,1.211,255,1100
218986625,-1.159,1.098,0.854,-0.037,-0.009,1.023,255,1100
218987640,0.000,3.841,-0.427,0.062,-0.037,1.110,255,1100
218988499,0.549,3.720,-0.427,-0.044,0.077,0.937,255,1100
218989640,-0.732,2.317,-0.305,-0.017,0.085,1.111,255,1100
218990510,-1.159,0.793,-0.183,-0.098,0.034,0.857,255,1100
218991640,-1.463,-0.488,0.061,-0.041,-0.017,1.155,255,1100
218992626,-2.073,-0.732,1.037,0.020,0.045,1.036,255,1100
218993640,-1.707,-0.183,1.280,0.107,0.002,1.241,255,1100
218994374,-0.854,1.159,0.488,-0.018,-0.036,0.898,255,1100
218995640,0.122,4.451,-1.037,-0.049,0.103,1.004,255,1100
218996506,0.427,3.780,-0.366,0.042,0.110,0.913,255,1100
218997640,-0.671,1.951,-0.366,-0.080,0.077,1.068,255,1100
218998502,-1.402,0.793,-0.183,-0.055,-0.040,0.956,255,1100
218999640,-1.951,-0.915,0.183,-0.063,0.065,1.105,255,1100
219000628,-1.768,-0.976,1.402,0.104,0.024,1.063,255,1100
219001640,-0.976,1.524,0.122,0.018,-0.084,0.948,255,1100
219002373,-0.976,1.524,0.122,0.018,-0.084,0.948,255,1100
219003640,0.000,4.451,-0.732,-0.018,0.053,0.990,255,1100
219004377,0.244,3.659,-0.549,0.002,0.146,0.975,255,1100
219005640,-0.793,1.524,-0.671,-0.113,0.011,0.979,255,1100
219006501,-1.402,0.793,-0.183,-0.051,0.018,1.050,255,1100
219007640,-2.439,-1.098,1.280,-0.042,0.037,1.020,255,1100
219008617,-1.707,-0.305,1.280,0.034,-0.058,1.123,255,1100
219009640,-0.732,1.585,0.244,0.015,-0.062,1.019,255,1100
219010503,-0.305,3.537,-0.305,0.037,0.007,1.091,255,1100
219011640,-0.122,4.756,-0.305,-0.051,0.080,0.920,255,1100
219012502,0.427,3.841,-0.366,-0.075,0.132,1.032,255,1100
219013640,-0.427,1.890,-0.488,-0.069,0.024,0.916,255,1100
219014502,-1.098,-0.244,-0.122,-0.009,0.088,1.176,255,1100
219015640,-1.951,-1.402,1.341,0.143,0.012,1.264,255,1100
219016507,-1.768,0.122,1.524,0.051,-0.023,1.039,255,1100
219017640,-0.915,2.256,0.488,0.063,-0.033,1.006,255,1100
219018380,-0.671,3.780,-0.061,-0.035,-0.030,1.087,255,1100
219019640,-0.305,4.817,-0.427,-0.051,0.072,0.900,255,1100
219020625,-0.061,3.720,-0.305,-0.117,0.104,1.132,255,1100
219021640,-1.585,-0.183,0.183,-0.046,0.068,0.832,255,1100
219022617,-1.829,-1.585,0.732,0.009,0.028,0.835,255,1100
219023640,-2.317,-1.707,1.463,0.139,0.035,1.303,255,1100
219024372,-1.951,0.061,1.524,0.053,0.003,0.993,255,1100
219025640,-1.037,2.561,0.610,0.107,-0.067,1.123,255,1100
219026376,-0.488,4.024,-0.488,-0.077,-0.004,0.982,255,1100
219027640,-0.305,4.817,-0.610,-0.065,0.009,0.922,255,1100
219028626,-0.061,1.646,0.122,-0.123,0.160,1.068,255,1100
219029640,-1.220,-0.549,0.671,-0.094,0.103,1.261,255,1100
219030504,-1.707,-1.829,0.427,0.064,-0.066,0.833,255,1100
219031640,-2.500,-1.402,1.341,0.134,0.111,1.272,255,1100
219032504,-2.012,0.427,1.463,0.090,-0.038,0.971,255,1100
219033640,-1.220,2.439,0.732,0.046,-0.039,1.165,255,1100
219034376,-0.549,3.963,-0.427,-0.052,-0.047,1.036,255,1100
219035640,0.000,3.659,-0.366,-0.101,0.154,1.023,255,1100
219036508,-0.061,1.220,0.427,-0.017,0.058,0.908,255,1100
219037640,-1.220,-0.976,0.549,-0.078,0.047,1.176,255,1100
219038504,-1.890,-1.829,0.793,0.061,0.009,0.921,255,1100
219039640,-2.073,-1.341,1.159,0.177,0.080,1.253,255,1100
219040373,-1.951,0.549,1.402,0.119,-0.031,0.978,255,1100
219041640,-0.305,4.390,-0.610,0.022,-0.057,1.149,255,1100
219042506,-0.305,4.390,-0.610,-0.049,-0.069,0.958,255,1100
219043640,0.183,3.659,0.244,-0.023,0.096,1.053,255,1100
219044503,-0.061,1.220,0.488,-0.143,0.107,0.865,255,1100
219045640,-1.098,-1.220,0.366,-0.008,-0.006,1.193,255,1100
219046505,-1.829,-1.646,1.220,0.073,0.096,0.958,255,1100
219047640,-2.012,-1.585,1.829,0.201,0.013,1.268,255,1100
219048375,-1.768,0.732,1.524,0.094,-0.024,0.967,255,1100
219049640,-0.488,4.573,-0.427,-0.085,-0.004,0.966,255,1100
219050509,0.427,5.366,-0.305,-0.143,0.069,0.982,255,1100
219051640,0.488,3.232,0.061,-0.116,0.135,0.971,255,1100
219052373,0.000,1.220,0.000,-0.073,0.049,0.930,255,1100
219053640,-0.915,-1.220,0.671,-0.022,0.069,1.176,255,1100
219054496,-1.951,-1.951,1.402,0.123,0.076,0.922,255,1100
219055640,-2.195,0.671,0.976,0.188,0.042,1.263,255,1100
219056381,-2.195,0.671,0.976,0.085,-0.058,0.977,255,1100
219057640,-0.549,4.573,-0.488,-0.092,-0.029,0.966,255,1100
219058510,-0.244,5.061,-0.183,-0.124,0.052,0.993,255,1100
219059640,0.000,3.171,-0.122,-0.172,0.118,0.961,255,1100
219060499,-0.366,1.524,0.366,-0.035,0.028,0.943,255,1100
219061640,-1.098,-1.098,0.854,-0.026,0.122,1.175,255,1100
219062514,-1.463,-2.012,1.524,0.193,0.029,0.984,255,1100
219063640,-1.707,1.098,1.220,0.127,-0.104,1.028,255,1100
219064375,-0.915,3.476,0.183,0.127,-0.104,1.028,255,1100
219065640,0.061,5.122,-0.488,-0.090,-0.041,0.902,255,1100
219066505,-0.122,5.244,-0.427,-0.169,0.068,1.016,255,1100
219067640,-0.183,3.293,-0.183,-0.170,0.085,0.961,255,1100
219068625,-0.366,0.915,0.305,-0.036,0.086,1.035,255,1100
219069640,-1.646,-2.134,1.585,0.207,0.027,1.067,255,1100
219070376,-1.646,-2.134,1.585,0.207,0.027,1.067,255,1100
219071640,-1.890,1.280,0.976,0.148,-0.027,0.982,255,1100
219072372,-1.402,3.720,0.427,0.025,-0.074,1.164,255,1100
219073640,-0.488,5.183,-0.427,-0.146,-0.037,0.902,255,1100
219074514,0.183,5.122,-0.610,-0.179,0.034,1.071,255,1100
219075640,-0.183,0.793,0.427,-0.183,0.132,0.872,255,1100
219076372,-0.183,0.793,0.427,0.011,0.091,1.042,255,1100
219077640,-0.915,-2.195,1.220,0.224,-0.003,1.104,255,1100
219078500,-2.012,-1.341,1.585,0.140,0.066,1.138,255,1100
219079640,-1.707,1.463,1.402,0.186,-0.040,0.970,255,1100
219080375,-1.646,3.293,0.427,-0.054,-0.094,1.198,255,1100
219081640,-0.244,5.061,-0.915,-0.123,-0.036,0.909,255,1100
219082635,-0.122,2.805,0.183,-0.210,0.029,1.077,255,1100
219083640,-0.427,0.854,0.732,-0.032,0.082,1.079,255,1100
219084373,-1.098,-1.707,0.793,-0.032,0.082,1.079,255,1100
219085640,-1.646,-2.012,1.280,0.160,0.082,1.166,255,1100
219086510,-2.195,-0.793,1.280,0.232,0.033,1.055,255,1100
219087640,-1.585,1.768,0.915,0.127,-0.016,1.162,255,1100
219088382,-1.585,3.720,-0.122,-0.069,-0.086,1.033,255,1100
219089640,-0.366,5.122,-0.366,-0.122,-0.060,0.977,255,1100
219090634,-0.244,2.927,0.244,-0.112,0.097,0.905,255,1100
219091640,-0.488,0.427,0.366,-0.095,0.125,1.114,255,1100
219092371,-1.037,-2.195,0.671,0.105,0.013,0.999,255,1100
219093640,-2.073,-2.561,1.463,0.171,0.145,1.178,255,1100
219094383,-2.134,-0.793,1.402,0.231,-0.018,0.966,255,1100
219095640,-1.829,1.585,0.610,0.147,-0.024,1.289,255,1100
219096504,-1.280,3.963,-0.366,-0.102,-0.107,0.905,255,1100
219097640,-0.183,4.756,-0.366,-0.230,0.072,0.969,255,1100
219098636,-0.061,3.049,0.366,-0.113,0.077,0.960,255,1100
219099640,-0.122,0.061,0.244,-0.130,0.107,1.122,255,1100
219100370,-0.671,-1.829,0.854,0.120,0.090,0.977,255,1100
219101640,-1.585,-2.561,1.402,0.233,0.147,1.190,255,1100
219102382,-1.951,-0.793,0.854,0.203,-0.039,0.969,255,1100
219103640,-1.280,4.207,-0.488,-0.079,-0.104,0.881,255,1100
219104632,-0.427,5.305,-0.915,-0.166,-0.026,1.044,255,1100
219105640,-0.061,4.207,-0.549,-0.197,0.041,0.995,255,1100
219106626,-0.122,2.744,-0.061,-0.184,0.067,0.947,255,1100
219107640,0.183,0.183,0.183,-0.067,0.095,1.146,255,1100
219108495,-0.671,-2.012,0.915,0.176,0.100,0.937,255,1100
219109640,-1.829,-0.427,0.732,0.229,0.120,1.178,255,1100
219110380,-1.829,-0.427,0.732,0.190,-0.054,1.001,255,1100
219111640,-1.341,4.451,-0.183,-0.078,-0.066,0.909,255,1100
219112632,-0.488,5.244,-0.610,-0.191,-0.041,0.978,255,1100
219113640,-0.366,4.207,-0.732,-0.235,0.034,1.027,255,1100
219114629,-0.061,2.378,-0.183,-0.182,0.058,0.937,255,1100
219115640,-0.183,-0.061,0.610,-0.052,0.176,1.172,255,1100
219116619,-0.793,-2.134,1.159,0.213,0.053,0.883,255,1100
219117640,-1.951,-0.366,0.427,0.209,-0.088,0.979,255,1100
219118507,-1.890,2.378,0.000,0.097,0.016,1.221,255,1100
219119640,-1.524,4.329,-0.488,-0.079,-0.091,0.917,255,1100
219120507,-0.793,5.122,-1.037,-0.182,-0.027,0.984,255,1100
219121640,-0.244,4.512,-1.220,-0.287,-0.018,1.016,255,1100
219122641,-0.183,2.378,-0.183,-0.146,0.115,0.943,255,1100
219123640,-0.732,-2.317,1.707,-0.024,0.165,1.117,255,1100
219124629,-2.073,-2.500,1.159,0.183,0.081,1.250,255,1100
219125640,-2.073,0.122,0.488,0.222,-0.024,0.937,255,1100
219126379,-1.768,2.378,0.061,0.114,-0.005,1.197,255,1100
219127640,-1.220,4.634,-0.244,-0.125,-0.110,0.972,255,1100
219128510,-0.488,5.183,-0.976,-0.238,-0.063,0.982,255,1100
219129640,-0.366,4.146,-0.671,-0.307,0.031,1.000,255,1100
219130628,-0.671,-0.854,0.610,-0.079,0.129,0.990,255,1100
219131640,-0.610,-2.561,1.037,0.210,0.051,0.914,255,1100
219132495,-1.524,-1.890,0.854,0.210,0.111,1.256,255,1100
219133640,-1.646,0.427,0.671,0.234,0.000,0.974,255,1100
219134375,-1.951,2.683,0.244,0.067,0.008,1.146,255,1100
219135640,-1.098,4.329,-0.671,-0.098,-0.141,0.981,255,1100
219136518,-0.854,5.244,-1.098,-0.297,-0.065,1.000,255,1100
219137640,-0.122,1.463,0.366,-0.108,0.123,0.971,255,1100
219138503,0.000,-1.098,0.671,-0.108,0.123,0.971,255,1100
219139640,-0.549,-2.317,0.732,0.197,0.091,1.061,255,1100
219140373,-1.524,-1.646,0.915,0.219,0.119,1.069,255,1100
219141640,-2.073,0.854,0.976,0.280,0.000,1.071,255,1100
219142374,-2.256,3.171,0.305,0.012,-0.029,1.132,255,1100
219143640,-1.463,4.756,-0.549,-0.107,-0.142,1.001,255,1100
219144518,-0.854,5.122,-1.159,-0.306,-0.033,0.947,255,1100
219145640,-0.732,1.646,0.549,-0.143,0.137,1.070,255,1100
219146506,0.122,-1.037,0.976,0.067,0.081,1.088,255,1100
219147640,-0.366,-2.500,1.159,0.191,0.144,1.076,255,1100
219148372,-1.159,-2.073,1.037,0.312,0.083,1.017,255,1100
219149640,-1.890,0.427,0.366,0.217,0.025,1.106,255,1100
219150379,-2.073,3.293,-0.244,-0.022,-0.067,1.069,255,1100
219151640,-0.854,5.122,-0.854,-0.300,-0.012,1.000,255,1100
219152642,-0.366,3.537,-0.244,-0.232,0.016,0.890,255,1100
219153640,-0.488,1.098,0.244,-0.146,0.078,1.137,255,1100
219154509,0.122,-1.159,0.793,0.085,0.106,1.028,255,1100
219155640,-0.854,-2.317,1.402,0.218,0.149,1.046,255,1100
219156373,-1.402,-1.646,1.159,0.317,0.076,1.047,255,1100
219157640,-1.951,3.171,-0.244,0.197,0.002,1.139,255,1100
219158384,-1.951,3.171,-0.244,0.003,-0.067,1.033,255,1100
219159640,-0.671,4.573,-0.366,-0.260,-0.049,1.053,255,1100
219160628,-0.305,3.354,-0.122,-0.287,0.019,0.876,255,1100
219161640,-0.244,1.098,0.305,-0.175,0.069,1.116,255,1100
219162507,0.305,-1.402,1.220,0.125,0.170,1.041,255,1100
219163640,-0.793,-2.439,1.707,0.227,0.108,1.071,255,1100
219164376,-1.402,-1.829,1.220,0.329,0.105,0.984,255,1100
219165640,-2.256,3.598,-0.549,0.042,-0.057,1.008,255,1100
219166513,-1.585,4.756,-0.488,-0.194,-0.068,0.993,255,1100
219167640,-1.037,4.512,-0.488,-0.256,-0.070,1.042,255,1100
219168637,-0.549,3.171,-0.183,-0.300,-0.007,0.917,255,1100
219169640,-0.366,1.220,0.488,-0.120,0.129,1.101,255,1100
219170507,-0.305,-1.463,1.280,0.144,0.171,1.026,255,1100
219171640,-1.220,-1.524,0.854,0.270,0.063,0.985,255,1100
219172380,-1.220,-1.524,0.854,0.270,0.063,0.985,255,1100
219173640,-2.500,3.659,0.000,0.067,-0.031,0.996,255,1100
219174372,-1.890,4.451,-0.061,-0.196,-0.085,1.019,255,1100
219175640,-1.159,4.329,-0.488,-0.307,-0.098,1.040,255,1100
219176641,-0.610,3.110,-0.183,-0.310,0.015,0.949,255,1100
219177640,0.061,0.793,0.732,-0.064,0.136,1.064,255,1100
219178505,0.305,-1.524,1.707,0.170,0.172,1.019,255,1100
219179640,-1.341,-0.732,0.610,0.253,0.038,0.937,255,1100
219180375,-1.890,1.646,0.061,0.185,0.033,1.138,255,1100
219181640,-2.012,4.024,0.122,0.021,-0.032,0.923,255,1100
219182380,-1.463,4.756,-0.488,-0.255,-0.111,1.084,255,1100
219183640,-0.671,4.085,-0.793,-0.298,-0.102,1.080,255,1100
219184641,-0.183,0.915,1.098,-0.300,0.039,0.922,255,1100
219185640,0.061,-1.646,1.524,0.175,0.116,1.001,255,1100
219186374,0.061,-1.646,1.524,0.175,0.116,1.001,255,1100
219187640,-1.402,-0.915,0.671,0.323,0.056,0.921,255,1100
219188375,-1.951,1.341,0.366,0.169,0.042,1.135,255,1100
219189640,-1.890,3.720,-0.122,-0.010,-0.064,0.888,255,1100
219190505,-1.707,5.000,-0.244,-0.248,-0.128,1.180,255,1100
219191640,-0.793,2.927,0.305,-0.347,-0.035,1.030,255,1100
219192633,-0.183,0.854,1.037,-0.123,0.167,1.085,255,1100
219193640,0.061,-1.159,1.402,0.239,0.075,1.034,255,1100
219194376,-0.366,-2.012,1.280,0.199,0.205,1.152,255,1100
219195640,-1.037,-0.671,0.671,0.350,0.002,0.916,255,1100
219196376,-2.317,1.402,0.183,0.152,0.085,1.202,255,1100
219197640,-2.012,3.902,-0.305,-0.036,-0.086,0.851,255,1100
219198510,-2.073,4.817,-0.427,-0.268,-0.098,1.163,255,1100
219199640,-1.037,2.561,0.549,-0.212,0.030,0.995,255,1100
219200513,-0.427,0.183,1.037,-0.125,0.097,1.008,255,1100
219201640,-0.061,-1.524,1.098,0.207,0.134,1.097,255,1100
219202375,-0.427,-2.134,1.280,0.284,0.144,1.175,255,1100
219203640,-1.402,-0.427,0.976,0.326,0.067,0.856,255,1100
219204381,-2.317,1.890,-0.183,0.107,0.014,1.170,255,1100
219205640,-1.707,4.573,-0.610,-0.242,-0.064,1.115,255,1100
219206519,-0.732,4.024,-0.122,-0.314,-0.069,0.866,255,1100
219207640,-0.854,2.073,0.366,-0.259,-0.007,1.133,255,1100
219208628,-0.610,0.183,1.220,-0.074,0.103,1.048,255,1100
219209640,-0.061,-1.280,1.463,0.189,0.181,1.062,255,1100
219210375,-0.366,-1.890,1.341,0.304,0.123,1.064,255,1100
219211640,-1.159,-0.244,0.549,0.310,0.054,1.012,255,1100
219212374,-2.073,1.890,-0.366,0.095,-0.008,1.057,255,1100
219213640,-1.402,4.573,0.122,-0.242,-0.094,1.069,255,1100
219214629,-0.671,3.720,0.427,-0.321,-0.047,0.942,255,1100
219215640,-0.915,2.073,0.488,-0.250,-0.049,1.165,255,1100
219216622,-0.061,0.427,1.159,-0.080,0.148,0.977,255,1100
219217640,0.122,-1.280,1.341,0.221,0.167,1.119,255,1100
219218377,0.000,-1.646,1.402,0.333,0.144,0.996,255,1100
219219640,-2.134,1.890,-0.244,0.120,0.009,0.982,255,1100
219220373,-2.134,1.890,-0.244,0.120,0.009,0.982,255,1100
219221640,-1.707,4.146,-0.061,-0.213,-0.113,0.948,255,1100
219222520,-1.220,3.598,-0.244,-0.330,-0.067,1.018,255,1100
219223640,-0.854,2.256,0.122,-0.261,-0.012,1.120,255,1100
219224633,-0.183,0.671,1.037,-0.021,0.142,0.986,255,1100
219225640,-0.122,-1.463,0.915,0.197,0.146,1.120,255,1100
219226374,-0.122,-1.463,0.915,0.345,0.109,0.966,255,1100
219227640,-1.768,1.829,-0.671,0.155,0.022,0.891,255,1100
219228375,-2.439,3.598,-0.366,-0.078,-0.018,1.154,255,1100
219229640,-1.707,4.268,-0.122,-0.223,-0.124,0.902,255,1100
219230641,-1.524,3.354,-0.122,-0.345,-0.061,1.092,255,1100
219231640,-0.732,2.012,0.671,-0.218,0.014,1.074,255,1100
219232510,-0.366,0.488,1.463,0.009,0.086,1.008,255,1100
219233640,-0.427,-1.098,1.098,0.357,0.078,0.920,255,1100
219234375,-1.280,0.000,0.183,0.357,0.078,0.920,255,1100
219235640,-1.524,1.890,-0.122,0.133,-0.031,0.859,255,1100
219236501,-2.195,3.537,-0.305,-0.115,-0.016,1.136,255,1100
219237640,-1.524,3.598,-0.305,-0.196,-0.111,0.939,255,1100
219238636,-1.280,3.171,-0.122,-0.342,-0.016,1.061,255,1100
219239640,-0.122,0.488,1.159,-0.045,0.079,0.987,255,1100
219240509,0.000,-0.976,0.915,0.204,0.148,1.120,255,1100
219241640,-0.488,-0.671,0.732,0.305,0.143,0.923,255,1100
219242375,-1.098,0.183,0.244,0.257,0.064,1.249,255,1100
219243640,-1.829,1.890,-0.488,0.039,0.016,0.814,255,1100
219244375,-2.500,3.415,-0.854,-0.085,-0.108,1.177,255,1100
219245640,-2.134,3.659,-0.305,-0.256,-0.036,0.973,255,1100
219246638,-0.366,1.646,0.854,-0.197,0.014,1.122,255,1100
219247640,0.122,0.610,0.793,-0.026,0.071,1.012,255,1100
219248372,0.000,-0.427,1.037,0.231,0.153,1.085,255,1100
219249640,-0.183,-0.366,0.732,0.282,0.147,0.937,255,1100
219250377,-1.341,0.427,-0.061,0.244,0.046,1.225,255,1100
219251640,-1.524,1.951,-0.854,0.044,0.045,0.813,255,1100
219252382,-2.317,3.354,-0.610,-0.078,-0.111,1.167,255,1100
219253640,-1.280,2.683,0.427,-0.244,-0.080,1.031,255,1100
219254640,-0.793,1.585,0.915,-0.198,0.025,1.073,255,1100
219255640,-0.488,0.549,0.915,-0.004,0.040,1.036,255,1100
219256372,-0.427,-0.244,0.915,0.209,0.170,1.081,255,1100
219257640,-0.061,-0.427,0.488,0.323,0.127,0.946,255,1100
219258378,-1.098,0.427,-0.183,0.171,0.081,1.170,255,1100
219259640,-2.134,3.110,-0.488,0.045,-0.027,0.885,255,1100
219260504,-1.829,3.415,0.122,-0.079,-0.014,1.132,255,1100
219261640,-1.402,2.378,0.549,-0.269,-0.042,1.159,255,1100
219262630,-0.976,1.585,0.610,-0.160,-0.040,1.049,255,1100
219263640,0.183,0.732,0.732,0.005,0.131,1.012,255,1100
219264495,0.244,0.000,1.098,0.235,0.124,1.030,255,1100
219265640,0.610,0.366,0.366,0.282,0.111,1.052,255,1100
219266371,-0.061,0.915,-0.427,0.157,0.053,1.080,255,1100
219267640,-1.951,2.866,-0.488,-0.090,-0.046,1.070,255,1100
219268519,-2.134,2.744,0.183,-0.237,-0.075,1.043,255,1100
219269640,-1.524,1.951,0.427,-0.282,-0.042,1.128,255,1100
219270629,-0.793,1.707,0.915,-0.098,0.003,1.008,255,1100
219271640,-0.488,0.732,0.976,-0.002,0.086,1.075,255,1100
219272367,-0.183,0.427,0.915,0.203,0.111,0.934,255,1100
219273640,-1.037,1.159,-0.488,0.187,0.026,0.997,255,1100
219274373,-1.037,1.159,-0.488,0.187,0.026,0.997,255,1100
219275640,-1.951,2.805,-0.244,-0.103,-0.090,0.972,255,1100
219276514,-1.890,2.378,0.244,-0.212,-0.049,1.106,255,1100
219277640,-1.524,1.829,0.610,-0.264,-0.040,1.104,255,1100
219278627,-0.671,1.402,1.098,-0.035,0.021,0.996,255,1100
219279640,0.061,0.366,1.159,-0.036,0.065,1.098,255,1100
219280374,0.549,0.793,0.915,0.190,0.109,0.861,255,1100
219281640,-0.366,1.159,-0.305,0.183,0.090,0.877,255,1100
219282372,-1.646,1.890,-0.915,0.046,0.039,1.116,255,1100
219283640,-1.890,2.439,-0.427,-0.140,-0.099,0.912,255,1100
219284513,-2.073,2.195,0.366,-0.218,-0.019,1.225,255,1100
219285640,-1.890,1.646,0.793,-0.155,-0.047,1.025,255,1100
219286629,-1.098,1.402,1.037,-0.074,0.013,0.992,255,1100
219287640,0.366,1.159,0.000,0.209,0.085,0.874,255,1100
219288372,0.366,1.159,0.000,0.209,0.085,0.874,255,1100
219289640,-0.305,1.768,-0.183,0.198,0.058,0.866,255,1100
219290368,-1.402,2.073,-0.793,-0.004,0.061,1.107,255,1100
219291640,-1.890,2.195,-0.915,-0.149,-0.138,0.941,255,1100
219292641,-1.951,2.012,0.122,-0.226,0.037,1.162,255,1100
219293640,-1.037,1.220,1.280,-0.110,-0.048,1.058,255,1100
219294503,-0.122,0.671,0.305,-0.099,-0.001,1.059,255,1100
219295640,-0.122,1.280,0.122,0.166,0.131,0.948,255,1100
219296500,0.000,1.159,0.366,0.225,0.128,1.124,255,1100
219297640,-0.488,1.463,0.000,0.120,0.056,0.907,255,1100
219298364,-1.402,1.646,-0.854,-0.041,-0.006,1.088,255,1100
219299640,-2.256,2.073,-0.427,-0.094,-0.040,0.943,255,1100
219300641,-2.073,1.280,1.280,-0.178,0.021,1.177,255,1100
219301640,-1.037,1.159,0.915,-0.126,-0.033,1.034,255,1100
219302507,-0.122,1.463,0.366,0.004,0.033,0.939,255,1100
219303640,0.122,2.073,0.427,0.163,0.107,1.033,255,1100
219304372,0.366,1.646,0.305,0.190,0.171,1.067,255,1100
219305640,-0.610,1.707,-0.305,0.082,0.042,0.940,255,1100
219306372,-1.463,1.768,-0.549,-0.011,-0.008,1.078,255,1100
219307640,-2.256,1.098,0.915,-0.124,-0.031,1.088,255,1100
219308629,-1.890,1.220,1.220,-0.138,-0.034,1.123,255,1100
219309640,-1.280,1.280,0.732,-0.068,-0.048,1.097,255,1100
219310627,-0.366,1.707,0.488,0.042,0.073,0.938,255,1100
219311640,-0.183,2.256,0.427,0.130,0.095,1.051,255,1100
219312374,0.244,2.134,0.061,0.160,0.112,1.010,255,1100
219313640,-0.488,2.378,-0.366,0.030,0.019,1.015,255,1100
219314375,-1.646,1.707,-0.366,-0.011,0.049,1.025,255,1100
219315640,-2.195,0.793,1.037,-0.113,-0.008,1.147,255,1100
219316628,-1.829,0.610,1.159,-0.103,-0.050,1.131,255,1100
219317640,-0.854,1.280,0.915,-0.050,0.000,1.029,255,1100
219318505,-0.061,1.890,0.793,0.050,0.062,0.937,255,1100
219319640,0.122,2.622,0.549,0.148,0.055,1.105,255,1100
219320374,0.183,2.378,-0.183,0.060,0.154,1.002,255,1100
219321640,-1.220,1.402,-0.183,0.004,0.065,1.004,255,1100
219322373,-1.220,1.402,-0.183,0.004,0.065,1.004,255,1100
219323640,-2.134,0.183,1.220,-0.119,-0.043,1.090,255,1100
219324510,-2.012,0.488,1.585,-0.071,-0.007,1.039,255,1100
219325640,-1.159,0.976,1.280,0.022,-0.006,1.197,255,1100
219326495,-0.061,1.890,0.488,-0.013,0.044,0.887,255,1100
219327640,-0.183,2.561,-0.122,0.135,0.044,1.049,255,1100
219328379,-0.183,2.561,-0.122,0.057,0.143,1.018,255,1100
219329640,-1.463,1.037,-0.061,-0.018,0.025,0.938,255,1100
219330500,-2.012,0.427,0.000,-0.097,-0.051,1.078,255,1100
219331640,-2.622,0.305,0.915,-0.111,-0.015,1.093,255,1100
219332614,-2.256,0.610,1.646,-0.042,0.020,1.055,255,1100
219333640,-1.159,1.159,1.159,0.025,-0.031,1.151,255,1100
219334377,-0.183,2.256,0.488,0.006,0.003,0.932,255,1100
219335640,0.183,2.988,0.183,0.052,0.162,0.940,255,1100
219336371,-0.366,1.951,0.183,0.052,0.162,0.940,255,1100
219337640,-1.463,0.671,0.061,-0.037,0.000,0.880,255,1100
219338366,-1.829,0.122,0.122,-0.114,-0.017,1.147,255,1100
219339640,-2.256,-0.061,0.976,-0.092,0.005,1.036,255,1100
219340633,-2.012,0.183,2.073,0.040,0.012,1.128,255,1100
219341640,-0.244,2.561,0.000,0.029,-0.066,0.954,255,1100
219342374,-0.244,2.561,0.000,0.029,-0.066,0.954,255,1100
219343640,0.427,3.110,-0.183,0.095,0.139,0.920,255,1100
219344373,-0.366,1.890,0.305,0.024,0.138,1.102,255,1100
219345640,-1.341,0.610,0.122,-0.032,-0.074,0.865,255,1100
219346510,-2.073,0.000,0.244,-0.127,0.031,1.201,255,1100
219347640,-2.073,-0.305,1.220,-0.016,0.008,0.962,255,1100
219348503,-2.073,-0.061,2.073,0.038,0.006,1.234,255,1100
219349640,-0.183,2.805,-0.183,0.037,-0.059,1.001,255,1100
219350499,-0.183,3.780,-0.366,0.018,0.146,1.052,255,1100
219351640,0.000,3.171,0.122,0.109,0.105,0.886,255,1100
219352374,-0.793,2.317,0.000,-0.051,0.114,1.097,255,1100
219353640,-1.402,0.915,0.061,-0.023,-0.056,0.895,255,1100
219354500,-2.195,-0.488,0.305,-0.116,0.074,1.192,255,1100
219355640,-2.134,0.122,1.463,-0.023,0.011,1.217,255,1100
219356507,-0.976,1.829,0.549,0.003,-0.090,1.002,255,1100
219357640,-0.183,3.110,-0.305,0.038,0.013,0.990,255,1100
219358371,0.061,3.841,0.000,0.007,0.111,1.035,255,1100
219359640,0.366,3.293,0.000,0.044,0.103,0.950,255,1100
219360366,-0.488,2.012,-0.549,-0.073,0.070,1.125,255,1100
219361640,-2.439,-0.793,0.671,0.016,0.017,0.834,255,1100
219362505,-2.378,-0.610,1.524,-0.077,0.058,1.196,255,1100
219363640,-2.134,0.244,1.524,-0.021,-0.054,1.149,255,1100
219364633,-1.220,1.951,0.488,0.009,-0.013,1.022,255,1100
219365640,-0.366,3.415,-0.305,0.049,-0.007,1.057,255,1100
219366496,-0.061,3.902,-0.244,-0.018,0.093,0.992,255,1100
219367640,0.122,3.171,-0.549,-0.004,0.065,0.966,255,1100
219368503,-0.732,1.951,-0.305,-0.038,0.106,1.036,255,1100
219369640,-1.951,-1.280,0.854,-0.060,0.026,1.142,255,1100
219370625,-2.012,-1.220,1.159,0.027,0.006,1.042,255,1100
219371640,-2.073,0.488,1.280,0.025,-0.042,1.118,255,1100
219372374,-1.280,1.829,0.671,0.025,-0.012,1.069,255,1100
219373640,-0.305,3.354,-0.305,0.022,-0.002,1.073,255,1100
219374498,-0.122,4.024,-0.488,-0.011,0.041,0.930,255,1100
219375640,0.061,1.646,-0.244,0.024,0.104,0.979,255,1100
219376500,-1.280,-0.366,0.610,0.024,0.104,0.979,255,1100
219377640,-1.890,-1.768,0.732,0.006,-0.022,1.072,255,1100
219378499,-2.744,-1.037,1.159,-0.010,0.026,1.120,255,1100
219379640,-2.317,0.427,1.098,0.121,-0.021,1.062,255,1100
219380539,-1.585,2.073,0.427,0.007,-0.007,1.065,255,1100
219381641,-0.244,3.720,-0.488,-0.005,-0.039,1.044,255,1100
219382547,0.061,3.476,-0.488,-0.075,0.021,0.976,255,1100
219383641,-0.305,1.646,0.061,0.035,0.072,0.943,255,1100
219384383,-1.280,-0.183,0.610,-0.067,0.054,1.129,255,1100
219385640,-1.585,-1.463,0.488,0.013,-0.035,0.970,255,1100
219386625,-2.073,-1.037,1.159,0.050,0.071,1.207,255,1100
219387640,-1.585,0.183,1.524,0.176,-0.032,0.989,255,1100
219388378,-1.037,2.500,0.488,-0.043,-0.049,1.130,255,1100
219389640,0.000,5.061,-1.159,-0.094,0.057,0.975,255,1100
219390500,0.061,3.537,-0.732,-0.036,0.180,0.987,255,1100
219391640,-0.305,1.402,-0.122,-0.047,0.049,0.915,255,1100
219392509,-1.341,-0.671,0.122,-0.008,0.058,1.159,255,1100
219393640,-2.012,-1.829,0.549,0.024,0.031,0.917,255,1100
219394495,-2.622,-1.159,1.402,0.093,0.055,1.279,255,1100
219395640,-1.220,2.256,0.183,0.103,0.005,0.985,255,1100
219396374,-1.220,2.256,0.183,-0.012,-0.096,1.045,255,1100
219397640,0.183,4.817,-0.854,-0.086,0.035,0.921,255,1100
219398503,-0.061,3.415,-0.061,-0.049,0.161,1.031,255,1100
219399640,-0.488,0.915,-0.122,-0.069,0.051,0.889,255,1100
219400615,-1.159,-0.976,0.122,-0.003,0.024,1.210,255,1100
219401640,-1.646,-1.768,0.793,0.017,0.101,0.901,255,1100
219402495,-2.134,-1.159,1.585,0.173,-0.000,1.314,255,1100
219403640,-1.159,2.744,-0.183,0.005,-0.121,1.057,255,1100
219404632,-0.244,4.695,-0.976,-0.093,0.046,1.069,255,1100
219405640,0.305,4.817,-0.793,-0.047,-0.030,0.886,255,1100
219406621,-0.183,3.354,-0.427,-0.137,0.189,1.046,255,1100
219407640,-0.183,1.098,-0.183,-0.061,0.000,0.918,255,1100
219408612,-0.732,-1.159,0.488,-0.005,0.116,1.181,255,1100
219409640,-2.256,-1.402,1.280,0.114,0.065,1.220,255,1100
219410507,-1.890,0.549,0.488,0.114,0.065,1.220,255,1100
219411640,-1.585,3.110,0.183,0.028,-0.057,1.080,255,1100
219412380,-0.610,5.061,-0.732,-0.086,-0.008,1.020,255,1100
219413640,-0.366,5.305,-0.854,-0.121,0.048,0.929,255,1100
219414619,-0.305,3.232,-0.732,-0.128,0.104,1.034,255,1100
219415640,-0.122,1.098,-0.244,-0.048,0.076,0.916,255,1100
219416629,-1.524,-2.500,1.098,0.107,0.068,0.918,255,1100
219417640,-2.134,-1.402,1.402,0.151,0.002,1.230,255,1100
219418375,-2.012,0.976,0.915,0.115,-0.031,1.044,255,1100
219419640,-1.037,3.354,0.000,0.010,-0.043,1.111,255,1100
219420377,-0.488,4.939,-0.549,-0.075,-0.037,0.913,255,1100
219421640,-0.122,4.878,-0.976,-0.129,0.029,1.038,255,1100
219422634,-0.183,3.354,-0.427,-0.146,0.112,0.944,255,1100
219423640,-1.220,-1.524,0.671,0.048,0.058,1.167,255,1100
219424506,-1.890,-2.317,1.159,0.127,0.098,0.968,255,1100
219425640,-2.500,-1.220,1.341,0.133,-0.001,1.210,255,1100
219426555,-2.317,0.915,0.671,0.146,0.001,1.013,255,1100
219427641,-1.585,3.110,-0.061,-0.007,-0.120,1.167,255,1100
219428548,-0.366,4.939,-0.732,-0.111,-0.010,0.860,255,1100
219429641,0.122,3.171,-0.183,-0.171,0.011,1.071,255,1100
219430506,-0.122,0.366,0.061,-0.131,0.141,0.861,255,1100
219431640,-0.732,-2.073,0.854,0.022,0.097,1.063,255,1100
219432372,-1.768,-2.256,1.098,0.158,0.057,1.046,255,1100
219433640,-2.073,-0.732,1.341,0.145,0.044,1.169,255,1100
219434382,-1.890,1.402,0.854,0.183,0.004,1.065,255,1100
219435640,-1.646,3.171,-0.183,-0.030,-0.100,1.090,255,1100
219436509,-0.366,5.183,-1.037,-0.114,-0.083,0.907,255,1100
219437640,0.061,3.293,-0.183,-0.093,0.098,0.843,255,1100
219438505,-0.122,0.732,0.305,-0.107,0.106,1.114,255,1100
219439640,-0.549,-1.951,0.915,0.105,0.038,1.037,255,1100
219440374,-1.402,-2.500,1.220,0.141,0.117,1.078,255,1100
219441640,-1.829,-1.159,1.220,0.185,0.005,1.074,255,1100
219442380,-1.829,1.585,0.915,0.123,0.014,1.135,255,1100
219443640,-0.427,5.061,-0.732,-0.159,-0.048,0.940,255,1100
219444507,-0.061,4.756,-0.854,-0.159,-0.048,0.940,255,1100
219445640,0.061,2.744,0.122,-0.104,0.097,0.897,255,1100
219446504,-0.244,0.305,0.488,-0.086,0.106,1.116,255,1100
219447640,-0.732,-2.439,0.976,0.098,0.056,0.989,255,1100
219448373,-1.463,-2.439,1.585,0.185,0.111,1.160,255,1100
219449640,-2.256,-1.159,1.585,0.190,0.017,1.040,255,1100
219450383,-2.378,1.829,0.915,0.104,-0.010,1.121,255,1100
219451640,-0.854,5.305,-0.976,-0.206,-0.007,0.866,255,1100
219452510,0.122,5.061,-0.793,-0.192,0.008,1.005,255,1100
219453640,-0.244,2.683,0.000,-0.171,0.106,0.917,255,1100
219454367,-0.122,0.000,0.244,-0.006,0.073,1.119,255,1100
219455640,-0.915,-2.439,1.098,0.066,0.136,1.000,255,1100
219456367,-1.707,-2.500,1.402,0.228,0.068,1.165,255,1100
219457640,-2.622,2.134,0.244,0.099,-0.052,1.155,255,1100
219458382,-2.622,2.134,0.244,0.099,-0.052,1.155,255,1100
219459640,-0.610,5.305,-0.732,-0.167,-0.050,0.868,255,1100
219460514,-0.244,4.695,-0.488,-0.221,-0.002,1.032,255,1100
219461640,-0.305,2.744,-0.122,-0.219,0.078,0.896,255,1100
219462626,-0.183,0.061,0.488,0.003,0.098,1.121,255,1100
219463640,-1.707,-2.683,1.829,0.128,0.143,1.008,255,1100
219464368,-1.707,-2.683,1.829,0.247,0.083,1.157,255,1100
219465640,-2.134,2.256,0.122,0.144,-0.031,1.170,255,1100
219466382,-1.707,4.573,-0.244,-0.066,-0.069,1.012,255,1100
219467640,-1.159,5.366,-0.244,-0.213,-0.054,0.941,255,1100
219468637,-0.183,4.634,-0.549,-0.254,-0.023,1.021,255,1100
219469640,-0.366,2.561,0.061,-0.200,0.100,0.917,255,1100
219470506,0.000,-0.793,0.549,0.003,0.117,1.128,255,1100
219471640,-1.585,-2.622,1.463,0.285,0.072,1.189,255,1100
219472374,-2.256,-0.183,0.671,0.285,0.072,1.189,255,1100
219473640,-2.134,2.683,0.305,0.148,-0.025,1.190,255,1100
219474380,-1.159,4.756,-0.366,-0.075,-0.103,0.923,255,1100
219475640,-0.488,5.549,-0.427,-0.218,-0.058,1.043,255,1100
219476638,-0.061,4.634,-0.366,-0.289,-0.012,0.945,255,1100
219477640,-0.122,-0.793,1.037,-0.036,0.138,1.141,255,1100
219478627,-0.610,-2.500,1.585,0.172,0.086,0.931,255,1100
219479640,-1.524,-2.744,1.585,0.229,0.147,1.246,255,1100
219480375,-1.768,-0.244,0.854,0.215,-0.019,0.974,255,1100
219481640,-1.768,2.378,0.488,0.115,0.011,1.142,255,1100
219482510,-1.220,4.512,-0.183,-0.094,-0.097,0.939,255,1100
219483640,-0.793,5.122,-0.671,-0.197,-0.078,1.061,255,1100
219484633,-0.366,2.256,0.183,-0.136,0.063,1.020,255,1100
219485640,-0.488,-0.732,1.098,-0.022,0.146,1.091,255,1100
219486505,-0.488,-2.439,1.463,0.209,0.083,1.005,255,1100
219487640,-1.707,-2.317,1.463,0.234,0.126,1.172,255,1100
219488375,-1.707,0.061,1.098,0.263,0.009,1.017,255,1100
219489640,-1.951,2.683,0.305,0.082,-0.023,1.106,255,1100
219490378,-1.341,4.817,-0.244,-0.122,-0.124,0.978,255,1100
219491640,-0.549,4.207,-0.366,-0.294,0.007,0.900,255,1100
219492631,-0.305,1.829,0.305,-0.170,0.079,1.106,255,1100
219493640,-0.183,-1.220,0.854,-0.015,0.123,0.982,255,1100
219494505,-0.549,-2.561,1.585,0.211,0.158,1.085,255,1100
219495640,-1.402,-2.500,1.585,0.312,0.096,1.093,255,1100
219496378,-1.768,-0.122,1.098,0.241,-0.002,1.083,255,1100
219497640,-1.768,5.183,-0.427,0.040,-0.062,1.011,255,1100
219498697,-0.793,5.366,-0.488,-0.241,-0.036,1.036,255,1100
219499642,-0.427,3.902,0.000,-0.267,-0.009,0.954,255,1100
219500647,-0.183,1.707,0.244,-0.222,0.077,1.082,255,1100
219501640,-0.122,-1.037,0.976,0.051,0.084,0.970,255,1100
219502379,-0.854,-2.683,1.463,0.192,0.203,1.197,255,1100
219503640,-1.159,-2.317,1.524,0.312,0.070,0.976,255,1100
219504434,-1.707,0.122,0.732,0.210,0.018,1.177,255,1100
219505642,-1.646,5.244,-0.488,-0.118,-0.044,1.034,255,1100
219506547,-0.915,5.183,-0.305,-0.224,-0.070,1.035,255,1100
219507640,-0.549,3.780,-0.244,-0.275,-0.009,0.909,255,1100
219508637,-0.305,1.524,0.122,-0.254,0.030,1.089,255,1100
219509640,0.000,-0.976,1.280,0.079,0.165,1.001,255,1100
219510375,-0.244,-2.683,1.768,0.231,0.141,1.189,255,1100
219511640,-2.073,0.366,0.366,0.179,-0.030,1.249,255,1100
219512381,-2.073,0.366,0.366,0.179,-0.030,1.249,255,1100
219513640,-1.768,5.000,-0.671,-0.126,-0.070,1.031,255,1100
219514519,-0.793,5.305,-0.549,-0.230,-0.058,0.995,255,1100
219515640,-0.305,3.841,-0.427,-0.365,-0.042,0.954,255,1100
219516631,-0.366,1.890,0.000,-0.208,0.072,1.099,255,1100
219517640,0.122,-1.098,1.220,0.136,0.167,0.986,255,1100
219518375,-0.244,-2.683,1.829,0.225,0.195,1.177,255,1100
219519640,-2.012,0.610,0.061,0.195,-0.028,1.221,255,1100
219520371,-1.890,3.537,-0.488,0.195,-0.028,1.221,255,1100
219521640,-1.951,5.122,-0.183,-0.131,-0.099,1.051,255,1100
219522638,-1.098,5.000,-0.305,-0.288,-0.060,0.968,255,1100
219523640,-0.427,3.780,-0.427,-0.317,-0.056,0.995,255,1100
219524633,-0.061,1.402,0.488,-0.179,0.137,1.096,255,1100
219525640,-0.610,-2.866,1.524,0.266,0.164,1.176,255,1100
219526380,-0.610,-2.866,1.524,0.266,0.164,1.176,255,1100
219527640,-2.073,0.488,0.122,0.231,0.038,1.155,255,1100
219528380,-2.073,3.598,-0.366,0.012,-0.039,0.959,255,1100
219529640,-1.646,5.122,-0.854,-0.142,-0.096,1.061,255,1100
219530638,-1.220,4.634,-0.793,-0.323,-0.059,0.987,255,1100
219531640,-0.366,1.098,0.305,-0.300,-0.027,0.960,255,1100
219532628,0.000,-1.707,1.280,0.149,0.143,0.972,255,1100
219533640,-0.305,-2.439,1.402,0.254,0.132,1.159,255,1100
219534374,-0.976,-0.854,0.732,0.275,0.067,0.989,255,1100
219535640,-1.768,0.854,0.000,0.283,0.032,1.094,255,1100
219536376,-2.317,3.720,-0.244,-0.047,-0.050,1.042,255,1100
219537640,-1.707,5.061,-0.610,-0.156,-0.124,1.031,255,1100
219538643,-0.671,3.415,-0.122,-0.338,-0.051,0.957,255,1100
219539640,-0.549,0.732,0.793,-0.172,0.108,1.062,255,1100
219540505,-0.183,-1.524,0.915,0.128,0.114,1.044,255,1100
219541640,-0.610,-2.256,1.220,0.269,0.165,1.085,255,1100
219542380,-0.854,-1.159,0.915,0.305,0.097,1.072,255,1100
219543640,-1.707,0.671,0.366,0.228,0.007,1.035,255,1100
219544372,-2.317,3.476,-0.549,-0.034,-0.081,1.078,255,1100
219545640,-1.524,4.573,-0.671,-0.303,-0.058,0.913,255,1100
219546637,-0.732,2.927,0.061,-0.252,-0.007,1.089,255,1100
219547640,-0.244,0.793,0.549,-0.179,0.039,0.975,255,1100
219548494,0.000,-0.976,1.159,0.140,0.177,1.162,255,1100
219549640,-0.183,-2.134,1.159,0.305,0.152,1.002,255,1100
219550379,-0.915,-1.159,0.671,0.341,0.108,1.084,255,1100
219551640,-1.707,0.793,-0.244,0.143,-0.008,0.986,255,1100
219552505,-2.378,3.963,-0.793,-0.029,-0.114,1.112,255,1100
219553640,-1.341,4.146,-0.244,-0.261,-0.083,0.904,255,1100
219554638,-0.732,2.439,0.061,-0.319,0.017,1.134,255,1100
219555640,-0.061,0.488,0.305,-0.139,-0.012,0.954,255,1100
219556495,0.000,-1.098,1.098,0.128,0.233,1.186,255,1100
219557640,-0.061,-2.134,1.524,0.335,0.138,0.937,255,1100
219558379,-1.159,-1.159,1.037,0.334,0.092,1.209,255,1100
219559640,-2.073,3.963,-1.098,0.005,-0.087,1.133,255,1100
219560510,-1.951,4.756,-0.305,-0.229,-0.017,0.994,255,1100
219561640,-0.793,4.024,0.122,-0.279,-0.083,0.947,255,1100
219562635,-0.366,2.744,0.061,-0.313,-0.029,1.124,255,1100
219563640,-0.305,0.671,0.549,-0.108,0.042,0.974,255,1100
219564496,-0.244,-1.098,1.159,0.150,0.196,1.155,255,1100
219565640,-0.915,-0.854,0.549,0.308,0.188,0.889,255,1100
219566377,-0.915,-0.854,0.549,0.347,0.063,1.240,255,1100
219567640,-2.317,3.841,-1.159,0.005,-0.080,1.127,255,1100
219568502,-2.195,4.878,-0.244,-0.228,-0.058,0.930,255,1100
219569640,-1.829,4.024,0.000,-0.305,-0.074,1.073,255,1100
219570622,-1.341,2.683,0.061,-0.302,-0.065,1.102,255,1100
219571640,-0.244,0.488,0.671,-0.109,0.110,0.960,255,1100
219572503,0.000,-1.402,1.280,0.213,0.157,1.125,255,1100
219573640,-0.671,-0.854,0.244,0.322,0.024,1.242,255,1100
219574371,-1.585,1.890,-0.244,0.322,0.024,1.242,255,1100
219575640,-2.134,3.537,-0.549,-0.003,-0.077,1.159,255,1100
219576514,-1.951,4.329,-0.427,-0.206,-0.062,0.872,255,1100
219577640,-1.463,3.902,-0.366,-0.371,-0.115,1.085,255,1100
219578645,-0.915,2.317,-0.122,-0.264,-0.021,1.125,255,1100
219579640,-0.183,-1.159,1.585,0.203,0.179,1.041,255,1100
219580510,-0.183,-1.524,1.098,0.203,0.179,1.041,255,1100
219581640,-0.854,-0.366,0.366,0.295,0.064,1.148,255,1100
219582374,-1.646,1.768,-0.305,0.143,0.021,0.912,255,1100
219583640,-2.256,3.720,-0.427,-0.068,0.001,1.065,255,1100
219584508,-2.012,4.085,-0.244,-0.178,-0.143,1.037,255,1100
219585640,-1.524,3.598,0.183,-0.394,-0.047,1.050,255,1100
219586640,0.244,0.305,1.098,-0.101,0.133,0.984,255,1100
219587640,0.305,-0.854,1.159,0.223,0.116,1.040,255,1100
219588369,-0.122,-1.159,0.732,0.223,0.116,1.040,255,1100
219589640,-0.610,-0.122,0.183,0.329,0.076,1.056,255,1100
219590378,-1.707,1.951,-0.122,0.118,0.058,1.008,255,1100
219591640,-1.890,2.988,-0.671,-0.088,-0.096,1.029,255,1100
219592508,-2.012,3.963,-0.183,-0.202,-0.078,1.027,255,1100
219593640,-0.854,1.768,0.915,-0.234,-0.016,1.037,255,1100
219594638,0.183,0.061,1.220,-0.055,0.093,1.022,255,1100
219595640,0.305,-0.854,0.915,0.174,0.130,1.010,255,1100
219596368,-0.061,-0.793,0.610,0.264,0.192,1.098,255,1100
219597640,-0.610,0.122,0.122,0.314,0.023,1.004,255,1100
219598376,-1.707,1.951,-0.305,0.056,0.080,1.025,255,1100
219599640,-1.890,3.720,0.000,-0.061,-0.109,1.018,255,1100
219600492,-1.890,3.720,0.000,-0.229,-0.025,1.000,255,1100
219601640,-1.037,1.768,0.793,-0.284,0.032,0.999,255,1100
219602498,-0.305,0.671,1.159,0.006,0.029,1.028,255,1100
219603640,-0.244,-0.183,1.280,0.165,0.194,0.987,255,1100
219604374,0.000,-0.305,0.793,0.339,0.121,1.106,255,1100
219605640,-0.671,0.366,0.122,0.217,0.093,1.006,255,1100
219606374,-1.524,1.768,-0.671,0.091,-0.011,1.036,255,1100
219607640,-1.951,3.232,-0.061,-0.195,-0.059,1.024,255,1100
219608630,-1.768,2.317,0.549,-0.269,-0.057,1.133,255,1100
219609640,-0.976,1.524,0.732,-0.229,-0.045,0.958,255,1100
219610631,-0.305,0.671,1.220,-0.017,0.093,1.110,255,1100
219611640,-0.061,-0.122,1.280,0.153,0.150,0.963,255,1100
219612369,0.061,-0.366,0.854,0.339,0.179,1.103,255,1100
219613640,-1.707,2.012,-0.671,0.167,0.050,0.981,255,1100
219614376,-1.707,2.012,-0.671,0.084,0.013,1.074,255,1100
219615640,-2.561,2.988,0.305,-0.159,-0.086,1.074,255,1100
219616500,-2.073,1.951,0.793,-0.299,-0.044,1.106,255,1100
219617640,-1.341,1.037,0.976,-0.189,-0.043,0.977,255,1100
219618631,-0.488,0.305,0.976,0.003,0.113,1.126,255,1100
219619640,-0.061,0.244,1.220,0.196,0.124,0.925,255,1100
219620367,0.244,0.549,0.610,0.273,0.158,1.149,255,1100
219621640,-1.463,2.256,-0.305,0.088,0.059,1.088,255,1100
219622379,-2.012,2.805,-0.366,-0.092,-0.054,0.908,255,1100
219623640,-2.134,2.683,0.488,-0.215,-0.028,1.144,255,1100
219624635,-1.768,1.951,0.671,-0.276,-0.112,1.172,255,1100
219625640,-0.976,1.159,1.037,-0.131,0.040,0.936,255,1100
219626502,-0.183,0.244,0.976,0.011,0.080,1.042,255,1100
219627640,0.427,0.488,0.488,0.287,0.137,1.203,255,1100
219628368,0.427,0.488,0.488,0.287,0.137,1.203,255,1100
219629640,-1.890,2.317,-0.610,0.028,0.053,1.170,255,1100
219630375,-2.317,2.927,-0.427,-0.072,-0.054,0.885,255,1100
219631640,-2.561,2.500,0.305,-0.201,-0.071,1.153,255,1100
219632630,-2.012,1.768,0.732,-0.285,-0.056,1.059,255,1100
219633640,-0.366,0.305,1.646,-0.073,0.022,1.066,255,1100
219634510,-0.366,0.305,1.646,-0.004,0.059,1.010,255,1100
219635640,0.183,0.854,0.366,0.220,0.135,1.212,255,1100
219636371,-0.366,1.402,-0.061,0.205,0.066,0.839,255,1100
219637640,-1.646,2.073,-0.183,-0.005,0.016,1.140,255,1100
219638506,-2.073,2.500,-0.366,-0.082,-0.036,0.857,255,1100
219639640,-2.500,2.439,0.488,-0.187,-0.093,1.262,255,1100
219640629,-0.854,1.159,1.220,-0.243,-0.036,1.000,255,1100
219641640,-0.183,0.610,1.159,-0.009,0.080,1.006,255,1100
219642506,0.183,1.037,0.610,0.201,0.071,1.041,255,1100
219643640,0.183,1.098,0.244,0.206,0.202,1.137,255,1100
219644371,-0.427,1.646,-0.061,0.180,0.044,0.860,255,1100
219645640,-1.951,1.890,-0.427,-0.017,0.015,1.138,255,1100
219646507,-1.951,2.195,-0.427,-0.118,-0.063,0.881,255,1100
219647640,-1.707,0.976,1.585,-0.151,-0.010,1.204,255,1100
219648631,-1.098,0.854,1.341,-0.095,-0.030,1.057,255,1100
219649640,-0.305,0.976,0.915,0.019,0.022,1.005,255,1100
219650505,0.366,1.768,0.671,0.145,0.146,1.048,255,1100
219651640,0.488,1.463,0.549,0.249,0.143,1.090,255,1100
219652366,-0.427,2.012,0.244,0.108,0.071,0.883,255,1100
219653640,-1.707,1.951,-0.488,0.000,-0.036,1.110,255,1100
219654490,-2.134,2.317,0.061,-0.146,-0.009,0.926,255,1100
219655640,-1.951,0.854,1.585,-0.230,-0.034,1.065,255,1100
219656634,-1.037,0.915,1.037,-0.073,-0.019,1.133,255,1100
219657640,-0.061,1.220,0.854,0.073,0.033,0.964,255,1100
219658495,0.244,2.012,0.549,0.142,0.177,0.981,255,1100
219659640,0.366,1.768,0.305,0.245,0.086,1.105,255,1100
219660378,-0.732,2.073,-0.488,0.008,0.082,0.937,255,1100
219661640,-2.317,1.768,-0.244,-0.126,0.034,0.984,255,1100
219662504,-2.500,1.159,0.549,-0.102,-0.053,1.176,255,1100
219663640,-2.134,0.610,0.915,-0.211,-0.064,1.026,255,1100
219664628,-1.341,1.037,0.854,-0.059,0.008,1.086,255,1100
219665640,-0.793,1.402,0.793,0.103,0.039,0.939,255,1100
219666364,0.061,2.134,0.427,0.099,0.130,1.085,255,1100
219667640,-0.427,1.829,-0.610,0.184,0.079,1.039,255,1100
219668376,-0.427,1.829,-0.610,0.073,0.069,0.997,255,1100
219669640,-2.012,1.280,-0.305,-0.114,-0.046,1.049,255,1100
219670508,-1.890,0.610,0.549,-0.127,-0.029,1.106,255,1100
219671640,-1.707,0.610,1.037,-0.174,-0.060,1.082,255,1100
219672632,-0.732,1.159,1.098,-0.024,0.027,1.132,255,1100
219673640,0.122,1.585,0.610,0.045,0.025,0.885,255,1100
219674371,0.244,2.317,-0.122,0.111,0.104,1.108,255,1100
219675640,-0.854,2.195,-0.366,0.124,0.076,1.057,255,1100
219676380,-1.707,1.280,-0.122,0.124,0.076,1.057,255,1100
219677640,-2.317,0.915,0.183,-0.094,-0.044,1.039,255,1100
219678509,-2.622,0.427,0.732,-0.156,-0.031,1.066,255,1100
219679640,-2.134,0.488,1.280,-0.078,-0.046,1.100,255,1100
219680631,-1.220,0.854,0.976,-0.014,0.050,1.161,255,1100
219681640,0.244,2.500,-0.244,0.052,-0.040,0.872,255,1100
219682372,0.244,2.500,-0.244,0.084,0.109,1.162,255,1100
219683640,-0.061,2.317,-0.366,0.074,0.151,1.097,255,1100
219684377,-0.854,1.402,-0.366,-0.069,-0.006,0.898,255,1100
219685640,-1.829,0.793,-0.061,-0.086,-0.034,1.107,255,1100
219686630,-2.500,0.122,0.488,-0.146,0.004,1.016,255,1100
219687640,-2.256,0.000,1.280,0.002,-0.022,1.079,255,1100
219688369,-1.707,0.671,1.098,-0.045,0.012,1.118,255,1100
219689640,-0.366,2.561,-0.488,0.065,0.111,1.159,255,1100
219690380,0.183,2.561,-0.305,0.120,0.126,0.814,255,1100
219691640,-0.427,2.195,0.000,0.089,0.082,1.158,255,1100
219692365,-1.220,1.402,-0.061,-0.061,-0.014,0.851,255,1100
219693640,-1.890,0.488,0.122,-0.099,-0.033,1.159,255,1100
219694630,-2.195,-0.183,0.549,-0.110,0.032,1.017,255,1100
219695640,-0.976,0.915,0.610,-0.077,0.016,1.084,255,1100
219696503,-0.183,2.317,-0.427,0.034,-0.054,1.002,255,1100
219697640,-0.061,3.293,-0.366,0.027,0.135,1.093,255,1100
219698503,0.244,2.744,-0.366,0.155,0.137,0.856,255,1100
219699640,-0.915,1.890,-0.244,-0.008,0.096,1.134,255,1100
219700504,-1.646,1.159,-0.244,-0.048,-0.062,0.836,255,1100
219701640,-2.439,-0.549,1.037,-0.079,0.038,1.212,255,1100
219702696,-1.829,0.244,1.524,-0.018,0.012,1.160,255,1100
219703642,-0.976,1.341,0.427,-0.034,-0.070,1.053,255,1100
219704532,-0.061,3.049,-0.305,0.041,0.021,1.072,255,1100
219705640,0.549,3.841,-0.305,0.062,0.085,0.989,255,1100
219706419,0.549,3.598,-0.183,0.086,0.163,0.899,255,1100
219707642,-0.427,2.317,-0.549,-0.039,0.050,1.104,255,1100
219708543,-1.341,1.341,-0.427,-0.071,0.024,0.895,255,1100
219709640,-2.744,-0.549,1.402,-0.030,0.011,1.028,255,1100
219710627,-2.317,0.244,1.524,-0.043,-0.012,1.211,255,1100
219711640,-1.585,1.341,0.732,0.026,-0.054,0.958,255,1100
219712508,-0.671,2.927,0.000,0.037,0.025,1.061,255,1100
219713640,-0.244,3.659,-0.305,0.047,0.056,1.003,255,1100
219714373,0.061,3.415,-0.671,0.036,0.115,0.984,255,1100
219715640,-1.341,1.037,0.000,-0.051,0.074,1.019,255,1100
219716367,-1.341,1.037,0.000,-0.025,0.024,0.961,255,1100
219717640,-2.134,-0.671,1.159,-0.025,-0.008,1.064,255,1100
219718503,-1.951,0.061,1.280,-0.023,-0.019,1.214,255,1100
219719640,-0.793,1.524,0.732,0.048,-0.020,0.922,255,1100
219720510,-0.061,3.232,0.000,0.025,0.023,1.129,255,1100
219721640,0.366,4.207,-0.305,-0.001,0.033,0.959,255,1100
219722369,0.366,3.659,-0.671,-0.004,0.117,1.037,255,1100
219723640,-1.098,0.732,0.061,-0.001,0.026,1.017,255,1100
219724419,-1.646,-1.098,0.427,-0.026,0.016,1.027,255,1100
219725640,-2.317,-0.793,0.915,-0.034,-0.027,1.135,255,1100
219726654,-2.134,0.427,1.159,0.031,0.048,1.197,255,1100
219727640,-0.854,1.646,0.610,0.075,-0.035,0.893,255,1100
219728382,-0.305,3.232,-0.549,0.010,0.000,1.148,255,1100
219729640,0.183,3.841,-0.671,0.024,0.121,1.025,255,1100
219730373,0.183,3.841,-0.671,0.024,0.121,1.025,255,1100
219731640,-1.098,0.305,0.366,-0.000,-0.001,1.002,255,1100
219732505,-1.646,-1.159,0.488,-0.047,0.014,1.014,255,1100
219733640,-2.256,-0.488,1.159,0.009,-0.026,1.229,255,1100
219734625,-2.195,0.427,1.341,0.052,0.056,1.091,255,1100
219735640,-0.366,3.537,-0.366,0.036,-0.048,0.956,255,1100
219736502,-0.366,3.537,-0.366,0.018,-0.047,1.106,255,1100
219737640,0.183,3.720,-0.488,0.034,0.106,0.993,255,1100
219738492,-0.244,1.890,-0.061,-0.044,0.115,0.943,255,1100
219739640,-1.402,0.122,0.427,0.008,0.007,1.083,255,1100
219740499,-2.134,-1.463,0.732,-0.080,-0.007,0.970,255,1100
219741640,-2.683,-0.854,1.463,0.083,0.058,1.233,255,1100
219742505,-2.195,0.305,1.585,0.108,0.028,1.050,255,1100
219743640,-0.061,4.146,-0.549,-0.040,-0.063,1.126,255,1100
219744507,0.183,4.817,-0.732,-0.093,0.049,0.967,255,1100
219745640,0.305,3.598,-0.244,-0.009,0.151,1.014,255,1100
219746369,-0.610,1.524,-0.061,-0.069,0.056,0.869,255,1100
219747640,-1.159,-0.549,0.305,0.005,0.001,1.175,255,1100
219748539,-1.951,-1.768,0.671,-0.075,0.066,0.946,255,1100
219749641,-1.890,-0.183,1.341,0.148,0.024,1.246,255,1100
219750530,-1.341,1.890,0.366,0.046,0.037,1.006,255,1100
219751640,-0.671,4.329,-0.305,-0.121,0.037,1.038,255,1100
219752519,0.061,5.061,-0.366,0.012,-0.008,0.942,255,1100
219753640,-0.305,3.659,0.183,-0.084,0.187,1.049,255,1100
219754369,-0.427,1.524,-0.183,-0.034,-0.014,0.882,255,1100
219755640,-1.402,-0.610,0.305,-0.058,0.062,1.224,255,1100
219756690,-2.561,-1.463,1.524,0.150,0.049,1.264,255,1100
219757642,-2.012,0.122,1.037,0.023,-0.003,0.973,255,1100
219758403,-1.159,2.805,0.122,0.077,-0.075,1.121,255,1100
219759640,-0.122,4.817,-0.732,-0.110,0.018,1.038,255,1100
219760515,0.061,5.244,-0.305,-0.049,0.035,0.966,255,1100
219761640,-0.122,3.476,-0.244,-0.115,0.100,0.954,255,1100
219762495,-0.183,1.524,-0.183,-0.048,0.067,0.897,255,1100
219763640,-1.646,-2.195,1.402,0.040,0.064,0.799,255,1100
219764505,-2.378,-1.585,1.524,0.120,0.022,1.312,255,1100
219765640,-1.890,0.671,1.463,0.107,-0.043,0.964,255,1100
219766434,-1.220,2.805,0.122,0.022,-0.026,1.141,255,1100
219767642,-0.305,4.756,-0.549,-0.073,-0.029,0.948,255,1100
219768532,0.061,5.244,-0.488,-0.062,0.042,1.030,255,1100
219769640,-0.488,1.402,0.061,-0.128,0.059,0.961,255,1100
219770420,-0.488,1.402,0.061,-0.087,0.118,0.931,255,1100
219771641,-1.707,-2.317,1.646,0.103,0.094,0.907,255,1100
219772397,-2.500,-1.829,1.341,0.075,-0.002,1.266,255,1100
219773640,-2.195,0.915,1.098,0.104,0.003,0.962,255,1100
219774502,-1.585,3.232,0.366,0.066,-0.058,1.165,255,1100
219775640,-0.610,4.939,-0.366,-0.088,-0.008,0.956,255,1100
219776505,0.061,5.122,-0.793,-0.127,-0.004,0.976,255,1100
219777640,-0.061,1.037,0.244,0.003,0.083,1.019,255,1100
219778492,-1.220,-1.463,1.098,-0.016,0.104,1.117,255,1100
219779640,-1.585,-2.439,1.646,0.108,0.038,1.014,255,1100
219780513,-2.012,-1.098,1.280,0.116,0.011,1.153,255,1100
219781640,-1.829,1.037,1.098,0.168,0.036,1.069,255,1100
219782379,-1.098,3.049,0.549,0.028,-0.059,1.112,255,1100
219783640,-0.061,5.244,-0.671,-0.118,-0.047,0.901,255,1100
219784506,-0.366,3.354,-0.183,-0.174,-0.010,1.016,255,1100
219785640,-0.427,0.793,0.915,-0.053,0.074,1.021,255,1100
219786507,-0.915,-1.768,1.220,0.023,0.078,0.988,255,1100
219787640,-1.890,-2.317,1.402,0.136,0.064,1.199,255,1100
219788378,-2.012,-1.159,1.585,0.146,0.045,1.041,255,1100
219789640,-1.829,1.280,1.280,0.130,-0.013,1.150,255,1100
219790380,-1.159,3.841,0.305,-0.016,-0.090,1.052,255,1100
219791640,-0.305,5.549,-0.549,-0.214,0.036,0.991,255,1100
219792631,-0.183,3.476,-0.061,-0.040,0.079,0.931,255,1100
219793640,-0.732,0.793,0.488,-0.108,0.125,1.106,255,1100
219794498,-0.915,-2.073,0.976,0.042,0.009,0.973,255,1100
219795640,-1.707,-2.378,1.463,0.131,0.125,1.190,255,1100
219796377,-2.012,-1.220,1.646,0.202,0.013,0.998,255,1100
219797640,-1.646,3.537,0.000,0.009,-0.117,1.021,255,1100
219798376,-1.646,3.537,0.000,0.009,-0.117,1.021,255,1100
219799640,-0.305,4.878,-0.732,-0.167,0.053,1.019,255,1100
219800505,-0.305,3.049,0.183,-0.144,0.082,0.872,255,1100
219801640,0.000,0.610,0.183,-0.100,0.049,1.152,255,1100
219802371,-0.854,-1.829,0.793,0.036,0.086,0.962,255,1100
219803640,-1.890,-1.220,1.646,0.196,0.135,1.222,255,1100
219804387,-1.890,-1.220,1.646,0.180,0.023,0.990,255,1100
219805640,-1.341,3.902,-0.244,-0.044,-0.093,1.067,255,1100
219806508,-0.793,5.793,-0.793,-0.145,-0.065,0.910,255,1100
219807640,-0.244,5.122,-0.427,-0.188,0.037,1.037,255,1100
219808701,0.061,3.171,-0.061,-0.162,0.075,0.853,255,1100
219809642,0.000,0.366,0.427,-0.055,0.073,1.194,255,1100
219810398,-0.671,-2.012,0.854,0.031,0.127,0.904,255,1100
219811640,-2.012,-1.037,1.585,0.124,0.087,0.962,255,1100
219812379,-2.012,1.463,0.427,0.124,0.087,0.962,255,1100
219813640,-1.524,3.902,-0.427,-0.125,-0.051,1.012,255,1100
219814510,-0.427,5.488,-0.976,-0.068,-0.092,0.947,255,1100
219815640,-0.427,4.634,-0.244,-0.273,0.092,0.974,255,1100
219816632,-0.244,2.988,-0.244,-0.135,-0.002,0.921,255,1100
219817640,-0.671,-2.561,1.280,-0.090,0.146,1.169,255,1100
219818627,-1.646,-3.171,1.768,0.217,0.158,1.250,255,1100
219819640,-1.829,-0.854,1.220,0.173,0.000,1.009,255,1100
219820387,-1.951,2.134,0.488,0.180,0.037,1.145,255,1100
219821640,-1.463,4.207,-0.305,-0.052,-0.124,1.017,255,1100
219822515,-0.488,5.671,-0.610,-0.181,-0.044,1.013,255,1100
219823640,-0.366,4.756,-0.915,-0.262,0.000,0.903,255,1100
219824631,0.122,0.122,0.549,-0.162,0.113,0.956,255,1100
219825640,-0.366,-2.500,1.220,0.169,0.086,0.977,255,1100
219826373,-1.463,-3.110,1.280,0.169,0.086,0.977,255,1100
219827640,-2.012,-0.610,1.159,0.241,0.013,1.009,255,1100
219828381,-2.134,1.890,0.427,0.138,0.012,1.175,255,1100
219829640,-1.646,4.268,-0.366,-0.023,-0.156,0.979,255,1100
219830513,-0.732,5.610,-1.037,-0.217,-0.033,0.990,255,1100
219831640,-0.061,2.988,0.000,-0.182,0.126,1.076,255,1100
219832509,0.183,-0.305,0.793,-0.044,0.068,1.032,255,1100
219833640,-0.549,-2.744,1.707,0.146,0.131,1.033,255,1100
219834375,-1.585,-2.866,1.402,0.221,0.111,1.155,255,1100
219835640,-2.073,-0.732,0.915,0.234,0.065,1.021,255,1100
219836384,-2.012,2.012,0.000,0.091,-0.038,1.150,255,1100
219837640,-1.280,5.610,-1.341,-0.072,-0.107,0.983,255,1100
219838507,-1.280,5.610,-1.341,-0.215,-0.081,1.063,255,1100
219839640,-0.610,2.500,-0.061,-0.198,0.077,1.104,255,1100
219840638,-0.366,-0.671,0.427,-0.012,0.084,0.976,255,1100
219841640,-0.427,-2.744,1.463,0.162,0.141,1.155,255,1100
219842495,-1.098,-2.561,1.463,0.236,0.126,1.018,255,1100
219843640,-1.646,-0.488,0.793,0.261,0.048,1.131,255,1100
219844375,-1.890,2.439,0.183,0.112,-0.065,1.027,255,1100
219845640,-1.341,5.915,-1.159,-0.239,-0.060,1.092,255,1100
219846515,-0.488,4.451,-0.610,-0.227,0.016,0.836,255,1100
219847640,-0.427,1.951,0.183,-0.218,0.072,1.102,255,1100
219848500,0.122,-1.159,0.488,-0.014,0.064,0.974,255,1100
219849640,-0.854,-2.866,1.280,0.184,0.157,1.199,255,1100
219850376,-1.280,-2.683,1.463,0.288,0.144,0.953,255,1100
219851640,-2.073,2.561,-0.061,0.250,0.016,1.211,255,1100
219852374,-2.073,2.561,-0.061,0.097,-0.051,0.921,255,1100
219853640,-1.098,5.488,-0.793,-0.235,-0.038,1.069,255,1100
219854631,-0.732,4.268,-0.305,-0.259,-0.003,0.896,255,1100
219855640,-0.610,2.073,0.061,-0.266,0.074,1.094,255,1100
219856503,-0.244,-1.159,0.610,0.048,0.081,0.989,255,1100
219857640,-0.610,-2.805,1.463,0.200,0.180,1.166,255,1100
219858373,-1.037,-2.683,1.463,0.304,0.110,0.934,255,1100
219859640,-1.951,3.171,-0.427,0.085,-0.065,0.918,255,1100
219860511,-2.134,5.183,-0.976,-0.159,-0.086,1.107,255,1100
219861640,-1.341,5.244,-0.854,-0.234,-0.073,1.002,255,1100
219862637,-0.671,4.268,-0.427,-0.283,-0.034,0.920,255,1100
219863640,-0.671,2.012,0.000,-0.246,0.044,1.065,255,1100
219864505,-0.183,-1.098,0.610,0.033,0.135,0.975,255,1100
219865640,-1.220,-2.439,1.280,0.292,0.127,0.957,255,1100
219866377,-1.220,-2.439,1.280,0.292,0.127,0.957,255,1100
219867640,-2.256,3.232,-0.305,0.102,-0.034,0.929,255,1100
219868513,-1.524,4.939,-0.732,-0.123,-0.082,1.139,255,1100
219869640,-0.793,5.305,-0.793,-0.273,-0.068,0.958,255,1100
219870637,-0.488,3.963,-0.732,-0.307,-0.068,0.946,255,1100
219871640,-0.244,1.646,0.183,-0.235,0.098,1.087,255,1100
219872510,0.305,-1.341,1.280,0.092,0.151,0.976,255,1100
219873640,-1.280,-2.134,1.280,0.296,0.093,0.971,255,1100
219874380,-2.012,0.366,0.244,0.241,0.030,1.187,255,1100
219875640,-2.073,3.354,-0.183,0.086,-0.028,0.933,255,1100
219876501,-1.646,5.000,-0.732,-0.160,-0.090,1.097,255,1100
219877640,-0.915,5.488,-1.098,-0.306,-0.094,0.937,255,1100
219878631,-0.183,1.585,0.122,-0.304,-0.040,1.000,255,1100
219879640,-0.122,-1.280,0.976,0.078,0.140,1.014,255,1100
219880502,-0.488,-3.110,1.280,0.271,0.145,1.196,255,1100
219881640,-1.098,-1.829,1.280,0.291,0.104,0.917,255,1100
219882380,-1.768,0.244,0.549,0.293,0.035,1.198,255,1100
219883640,-2.256,3.537,-0.061,0.033,-0.045,0.970,255,1100
219884503,-1.768,5.305,-0.366,-0.162,-0.095,1.093,255,1100
219885640,-0.610,4.329,-0.244,-0.353,-0.083,0.917,255,1100
219886637,-0.488,1.402,0.305,-0.211,0.083,1.001,255,1100
219887640,0.305,-1.220,1.159,0.096,0.130,1.011,255,1100
219888369,-0.427,-2.683,1.463,0.247,0.154,1.188,255,1100
219889640,-0.915,-1.890,1.220,0.342,0.122,0.934,255,1100
219890437,-1.585,0.488,0.549,0.278,0.064,1.139,255,1100
219891642,-2.073,3.720,-0.366,0.031,-0.086,0.968,255,1100
219892528,-1.707,5.610,-0.976,-0.178,-0.112,1.142,255,1100
219893640,-0.732,3.780,-0.244,-0.265,-0.044,1.059,255,1100
219894640,-0.366,1.098,0.732,-0.242,0.070,1.030,255,1100
219895640,0.122,-1.341,1.098,0.096,0.110,1.056,255,1100
219896371,-0.122,-2.439,1.524,0.242,0.183,1.073,255,1100
219897640,-0.732,-1.585,1.524,0.366,0.125,1.007,255,1100
219898375,-1.524,0.427,0.427,0.227,0.035,1.116,255,1100
219899640,-2.561,5.366,-0.549,-0.178,-0.081,1.082,255,1100
219900508,-2.012,4.817,-0.427,-0.284,-0.048,0.851,255,1100
219901640,-1.098,3.049,-0.061,-0.284,-0.058,1.112,255,1100
219902633,-0.671,0.671,0.183,-0.241,0.042,1.022,255,1100
219903640,0.061,-1.280,1.159,0.112,0.168,1.104,255,1100
219904371,-0.183,-2.683,1.890,0.337,0.161,1.024,255,1100
219905640,-0.976,-1.463,1.768,0.352,0.110,1.100,255,1100
219906384,-1.707,0.793,0.244,0.204,0.011,1.017,255,1100
219907640,-1.890,5.244,-0.549,-0.237,-0.047,1.010,255,1100
219908510,-1.280,4.817,-0.488,-0.272,-0.103,0.860,255,1100
219909640,-0.671,3.171,0.122,-0.366,-0.046,1.138,255,1100
219910632,0.000,0.976,0.610,-0.179,0.026,1.003,255,1100
219911640,0.244,-1.159,1.341,0.121,0.258,1.111,255,1100
219912374,0.000,-2.805,1.890,0.395,0.126,0.979,255,1100
219913640,-1.707,0.915,-0.061,0.196,0.000,0.901,255,1100
219914381,-2.439,4.024,-0.549,0.196,0.000,0.901,255,1100
219915640,-2.195,5.061,-0.549,-0.207,-0.047,0.914,255,1100
219916515,-1.829,4.390,-0.305,-0.283,-0.108,0.969,255,1100
219917640,-0.976,2.866,-0.305,-0.361,-0.078,1.111,255,1100
219918637,-0.305,1.037,0.305,-0.166,0.063,0.968,255,1100
219919640,0.183,-2.317,1.768,0.134,0.223,1.155,255,1100
219920372,0.183,-2.317,1.768,0.378,0.152,0.920,255,1100
219921640,-1.768,1.280,0.061,0.177,0.021,0.858,255,1100
219922373,-2.073,3.902,-0.305,0.044,-0.038,1.229,255,1100
219923640,-2.073,4.817,0.000,-0.221,-0.043,0.845,255,1100
219924619,-1.707,4.146,-0.244,-0.334,-0.168,1.047,255,1100
219925640,-1.159,2.622,-0.244,-0.327,-0.028,1.076,255,1100
219926644,-0.061,-1.646,1.585,-0.137,0.083,0.997,255,1100
219927640,0.183,-2.195,1.280,0.338,0.132,0.963,255,1100
219928502,-0.793,-0.854,0.305,0.295,0.066,1.266,255,1100
219929640,-1.585,1.829,-0.244,0.184,0.071,0.829,255,1100
219930375,-2.500,3.598,-0.427,0.028,-0.067,1.179,255,1100
219931640,-2.439,4.756,-0.366,-0.250,-0.069,0.874,255,1100
219932631,-1.951,4.207,-0.366,-0.368,-0.113,1.087,255,1100
219933640,-0.244,0.732,0.610,-0.117,0.087,1.055,255,1100
219934505,0.183,-1.524,1.524,0.192,0.156,1.051,255,1100
219935640,0.488,-1.768,1.220,0.277,0.148,0.976,255,1100
219936374,-0.549,-0.732,0.549,0.354,0.087,1.207,255,1100
219937640,-1.646,1.707,0.244,0.144,0.051,0.895,255,1100
219938379,-1.829,3.659,-0.366,0.004,-0.055,1.100,255,1100
219939640,-2.256,4.695,-0.305,-0.246,-0.114,0.974,255,1100
219940633,-0.854,2.378,0.427,-0.248,-0.019,0.984,255,1100
219941640,-0.061,0.244,1.098,-0.095,0.078,1.007,255,1100
219942504,0.000,-1.524,1.280,0.178,0.131,1.037,255,1100
219943640,-0.183,-1.646,0.915,0.263,0.195,1.090,255,1100
219944374,-0.671,-0.305,0.610,0.398,0.103,1.076,255,1100
219945640,-1.951,1.829,0.061,0.122,0.043,0.994,255,1100
219946377,-2.500,3.537,-0.610,-0.025,-0.092,1.044,255,1100
219947640,-1.524,4.024,0.305,-0.291,-0.088,1.057,255,1100
219948634,-1.159,2.378,0.671,-0.279,-0.023,1.008,255,1100
219949640,-0.549,0.427,0.915,-0.079,0.029,1.036,255,1100
219950507,-0.427,-0.671,1.037,0.153,0.171,1.007,255,1100
219951640,-0.061,-1.037,1.098,0.347,0.171,1.129,255,1100
219952374,-0.427,-0.122,0.793,0.280,0.124,1.025,255,1100
219953640,-2.561,3.598,-0.671,0.161,-0.021,1.063,255,1100
219954510,-2.561,4.390,0.000,-0.083,-0.053,0.940,255,1100
219955640,-1.707,3.171,0.488,-0.279,-0.077,1.078,255,1100
219956613,-0.915,1.951,0.549,-0.271,-0.027,1.018,255,1100
219957640,-0.183,0.549,0.976,-0.083,0.032,1.060,255,1100
219958510,0.000,-0.427,1.220,0.166,0.185,0.961,255,1100
219959640,-0.122,-0.610,1.220,0.368,0.188,1.176,255,1100
219960371,-0.793,0.244,0.305,0.211,0.080,0.898,255,1100
219961640,-2.256,3.415,-0.793,-0.091,0.019,0.896,255,1100
219962507,-2.134,4.146,0.122,-0.151,-0.080,1.095,255,1100
219963640,-1.463,2.988,0.610,-0.354,-0.048,1.124,255,1100
219964628,-0.671,1.524,0.305,-0.202,-0.102,0.997,255,1100
219965640,0.122,0.549,1.037,-0.073,0.109,1.032,255,1100
219966501,0.366,-0.366,1.220,0.196,0.137,0.967,255,1100
219967640,-0.244,0.183,-0.122,0.189,0.054,0.838,255,1100
219968372,-0.244,0.183,-0.122,0.189,0.054,0.838,255,1100
219969640,-2.134,3.293,-0.793,-0.130,-0.006,0.891,255,1100
219970505,-2.134,3.659,0.183,-0.133,-0.071,1.120,255,1100
219971640,-1.707,2.622,0.488,-0.352,-0.090,1.077,255,1100
219972626,-0.976,1.646,0.427,-0.217,-0.059,0.992,255,1100
219973640,-0.366,0.427,0.976,-0.001,0.095,1.073,255,1100
219974539,0.061,-0.488,1.280,0.169,0.179,0.955,255,1100
219975641,-0.427,0.854,-0.183,0.182,0.057,0.874,255,1100
219976396,-1.768,2.134,-0.488,0.120,0.043,1.145,255,1100
219977640,-2.439,3.293,-0.610,-0.104,-0.007,0.878,255,1100
219978515,-2.256,2.866,-0.244,-0.174,-0.072,1.226,255,1100
219979640,-1.829,2.256,0.305,-0.302,-0.121,0.993,255,1100
219980639,-0.915,1.646,0.610,-0.195,0.010,0.991,255,1100
219981640,0.244,0.305,1.220,0.175,0.180,1.057,255,1100
219982377,0.244,0.305,1.220,0.175,0.180,1.057,255,1100
219983640,-0.244,1.098,-0.244,0.175,0.147,0.908,255,1100
219984374,-1.646,1.890,-0.366,0.123,-0.037,1.104,255,1100
219985640,-2.317,2.927,-0.488,-0.127,0.034,0.912,255,1100
219986632,-2.500,2.500,0.000,-0.195,-0.110,1.195,255,1100
219987640,-1.280,1.280,0.732,-0.270,-0.062,0.885,255,1100
219988617,-0.305,0.366,1.341,-0.011,0.074,0.982,255,1100
219989640,0.366,0.122,0.976,0.185,0.106,1.105,255,1100
219990376,0.610,0.610,0.549,0.268,0.138,1.050,255,1100
219991640,-0.244,1.280,-0.122,0.190,0.115,0.988,255,1100
219992375,-1.159,2.134,-0.305,0.032,0.026,1.034,255,1100
219993640,-1.707,2.439,-0.305,-0.063,-0.042,0.954,255,1100
219994515,-2.256,2.378,0.122,-0.233,-0.040,1.118,255,1100
219995640,-1.280,0.976,0.915,-0.181,0.005,1.198,255,1100
219996505,-0.122,0.610,0.976,0.014,0.025,0.904,255,1100
219997640,0.061,0.854,0.732,0.152,0.136,1.175,255,1100
219998371,0.305,1.220,0.244,0.269,0.154,0.997,255,1100
219999640,-0.549,1.524,-0.244,0.164,0.081,1.021,255,1100
220000374,-1.524,2.134,-0.671,0.028,-0.022,0.961,255,1100
220001640,-2.317,1.890,0.427,-0.149,-0.061,1.039,255,1100
220002632,-1.707,1.098,1.098,-0.191,-0.061,1.035,255,1100
220003640,-0.976,0.854,0.976,-0.156,0.012,1.168,255,1100
220004498,-0.061,0.854,1.037,-0.000,0.028,0.952,255,1100
220005640,0.366,1.280,0.488,0.152,0.155,1.143,255,1100
220006380,0.610,1.220,0.305,0.287,0.119,0.970,255,1100
220007640,-0.305,1.951,-0.488,0.097,0.093,1.049,255,1100
220008370,-1.402,2.073,-1.037,0.038,-0.028,0.875,255,1100
220009640,-2.256,1.402,0.549,-0.119,-0.046,0.996,255,1100
220010630,-1.768,0.793,0.854,-0.221,-0.036,1.108,255,1100
220011640,-0.671,0.488,0.793,-0.108,-0.061,1.074,255,1100
220012621,-0.061,1.341,0.915,0.022,0.069,1.025,255,1100
220013640,0.366,1.463,0.610,0.179,0.117,1.079,255,1100
220014373,0.427,1.585,0.122,0.222,0.142,0.929,255,1100
220015640,-1.280,2.073,-0.549,0.029,-0.002,0.861,255,1100
220016499,-1.768,1.524,-0.122,-0.145,0.001,1.087,255,1100
220017640,-2.317,1.280,0.793,-0.087,-0.074,1.008,255,1100
220018629,-2.012,0.671,0.976,-0.207,-0.045,1.166,255,1100
220019640,-1.098,1.037,0.793,-0.064,-0.019,1.056,255,1100
220020622,0.061,1.646,0.549,-0.015,0.061,1.027,255,1100
220021640,0.427,2.195,-0.305,0.170,0.102,1.069,255,1100
220022373,0.427,2.195,-0.305,0.153,0.133,0.960,255,1100
220023640,-1.951,2.134,-0.488,-0.004,0.042,0.842,255,1100
220024502,-2.317,1.098,0.000,-0.080,-0.049,1.153,255,1100
220025640,-2.439,0.915,0.732,-0.150,-0.023,0.999,255,1100
220026618,-2.134,0.732,1.402,-0.152,-0.067,1.133,255,1100
220027640,-1.280,0.915,1.402,-0.059,0.012,1.103,255,1100
220028508,-0.366,1.524,1.037,0.042,-0.001,1.043,255,1100
220029640,0.305,2.622,-0.061,0.168,0.075,1.005,255,1100
220030376,-0.305,2.317,-0.244,0.168,0.075,1.005,255,1100
220031640,-1.402,1.890,-0.549,-0.015,0.010,0.881,255,1100
220032496,-2.256,0.915,-0.122,-0.113,-0.041,1.128,255,1100
220033640,-2.439,0.549,0.366,-0.150,-0.034,1.021,255,1100
220034644,-1.951,0.488,0.976,-0.070,-0.004,1.116,255,1100
220035640,-0.610,1.646,0.244,0.031,0.000,1.120,255,1100
220036492,0.000,2.439,-0.183,0.031,0.000,1.120,255,1100
220037640,0.366,2.866,-0.305,0.136,0.167,0.981,255,1100
220038363,-0.244,2.195,-0.305,0.087,0.096,1.035,255,1100
220039640,-1.646,1.890,-0.549,0.006,-0.013,0.920,255,1100
220040513,-2.012,0.488,-0.488,-0.126,-0.040,1.075,255,1100
220041640,-2.683,0.244,0.488,-0.122,0.003,1.021,255,1100
220042507,-2.195,0.122,1.585,-0.018,-0.009,1.207,255,1100
220043640,0.000,1.707,0.183,0.052,-0.007,1.094,255,1100
220044502,0.061,2.744,0.122,0.036,0.046,1.000,255,1100
220045640,0.549,3.171,-0.183,0.168,0.180,1.001,255,1100
220046374,-0.488,2.561,-0.061,0.034,0.080,0.994,255,1100
220047640,-1.524,1.829,-0.549,-0.033,0.009,0.970,255,1100
220048506,-2.134,0.610,-0.244,-0.097,-0.043,1.088,255,1100
220049640,-1.829,-0.183,1.707,-0.012,0.011,1.176,255,1100
220050626,-1.159,0.488,0.854,-0.063,-0.035,1.005,255,1100
220051640,-0.122,2.012,-0.122,0.027,-0.037,1.169,255,1100
220052625,0.244,3.232,-0.183,0.049,0.108,0.955,255,1100
220053640,0.488,3.415,-0.061,0.133,0.134,0.962,255,1100
220054373,-0.305,2.378,-0.305,0.031,0.077,0.999,255,1100
220055640,-1.829,0.122,0.427,-0.010,0.020,1.024,255,1100
220056375,-1.829,0.122,0.427,-0.091,0.006,0.951,255,1100
220057640,-1.829,-0.122,1.463,-0.039,-0.006,1.090,255,1100
220058505,-1.402,1.220,0.793,-0.012,-0.034,0.980,255,1100
220059640,-0.305,2.683,0.244,0.020,0.021,1.094,255,1100
220060503,0.122,3.537,-0.305,0.071,0.052,0.975,255,1100
220061640,0.000,3.232,-0.183,0.035,0.135,1.035,255,1100
220062368,-0.549,2.073,-0.488,0.008,0.056,0.914,255,1100
220063640,-2.012,-0.366,0.610,-0.026,-0.007,0.917,255,1100
220064507,-2.622,-0.671,1.159,-0.071,0.008,1.248,255,1100
220065640,-2.195,-0.122,1.280,-0.015,-0.008,0.978,255,1100
220066623,-1.524,1.280,0.793,0.038,-0.022,1.099,255,1100
220067640,-0.305,2.744,0.183,0.018,0.018,1.055,255,1100
220068378,-0.061,3.841,-0.244,0.040,0.004,0.992,255,1100
220069640,-0.305,2.317,-0.366,-0.001,0.083,0.854,255,1100
220070542,-1.341,0.976,0.610,-0.002,0.070,1.174,255,1100
220071641,-1.951,-0.610,0.915,-0.044,-0.001,0.856,255,1100
220072528,-2.500,-0.915,1.220,-0.050,-0.025,1.286,255,1100
220073640,-1.890,-0.305,1.524,-0.004,0.038,0.995,255,1100
220074628,-1.646,1.037,1.037,0.069,-0.026,1.121,255,1100
220075640,-0.915,2.622,0.244,-0.005,0.030,1.029,255,1100
220076375,0.000,4.024,-0.549,-0.000,-0.004,0.982,255,1100
220077640,-0.427,2.439,-0.122,0.026,0.109,0.831,255,1100
220078492,-1.402,0.793,0.427,-0.019,0.018,1.209,255,1100
220079640,-1.890,-0.732,0.122,-0.058,0.009,0.853,255,1100
220080511,-2.561,-0.854,0.854,-0.027,-0.056,1.248,255,1100
220081640,-1.768,0.000,1.951,0.048,0.080,1.034,255,1100
220082503,-0.854,1.402,1.098,0.072,-0.033,1.094,255,1100
220083640,0.000,4.451,-0.915,-0.060,0.001,1.001,255,1100
220084421,0.000,3.902,-0.671,-0.060,0.001,1.001,255,1100
220085641,-0.366,2.195,0.000,-0.009,0.144,0.879,255,1100
220086418,-1.463,0.244,0.305,-0.013,-0.005,1.227,255,1100
220087641,-1.951,-1.159,0.366,-0.086,0.027,0.912,255,1100
220088636,-2.683,-1.280,1.280,0.038,-0.019,1.188,255,1100
220089640,-1.220,1.524,1.220,0.085,0.059,1.004,255,1100
220090505,-0.549,3.354,-0.183,0.048,-0.051,1.154,255,1100
220091640,0.122,4.756,-0.732,-0.080,0.037,0.991,255,1100
220092500,0.061,3.963,-0.305,0.050,0.115,0.930,255,1100
220093640,-0.305,2.256,0.183,-0.072,0.127,0.951,255,1100
220094371,-1.037,0.000,0.427,-0.031,0.009,1.164,255,1100
220095640,-1.829,-0.976,0.915,-0.058,0.062,0.960,255,1100
220096505,-2.195,-1.341,1.341,0.106,0.028,1.173,255,1100
220097640,-1.463,2.134,0.549,0.017,-0.070,1.074,255,1100
220098382,-1.037,4.085,-0.427,0.017,-0.070,1.074,255,1100
220099640,0.183,4.817,-0.549,-0.058,0.089,1.013,255,1100
220100506,0.244,3.659,0.183,0.007,0.084,0.904,255,1100
220101640,-0.427,1.890,-0.061,-0.095,0.092,0.988,255,1100
220102492,-1.159,-0.183,-0.061,-0.002,-0.009,1.102,255,1100
220103640,-1.829,-1.463,1.707,0.160,0.007,1.057,255,1100
220104500,-2.073,0.305,1.646,0.160,0.007,1.057,255,1100
220105640,-1.159,2.256,0.305,0.054,-0.088,1.128,255,1100
220106375,-0.915,4.268,-0.549,-0.056,-0.014,0.999,255,1100
220107640,0.244,5.000,-0.793,-0.076,0.046,0.980,255,1100
220108506,0.061,3.902,-0.549,-0.068,0.085,0.911,255,1100
220109640,-0.427,1.829,-0.488,-0.039,0.037,1.044,255,1100
220110501,-1.220,-0.366,0.305,-0.067,0.063,0.976,255,1100
220111640,-1.951,-1.951,1.585,0.128,0.034,0.980,255,1100
220112504,-2.195,0.122,1.280,0.051,0.005,1.187,255,1100
220113640,-1.159,2.500,0.610,0.061,-0.038,1.103,255,1100
220114371,-0.488,4.268,-0.427,0.003,-0.059,0.937,255,1100
220115640,-0.061,5.000,-0.671,-0.136,0.054,1.032,255,1100
220116618,0.061,4.085,-0.915,-0.132,0.034,0.887,255,1100
220117640,-0.610,-0.488,0.610,-0.018,0.037,0.901,255,1100
220118496,-1.524,-2.256,1.220,0.055,0.087,1.172,255,1100
220119640,-2.134,-1.829,1.280,0.091,0.005,0.946,255,1100
220120378,-2.195,0.610,1.280,0.124,0.027,1.285,255,1100
220121640,-1.220,2.683,0.122,0.047,-0.021,1.057,255,1100
220122374,-0.305,4.512,-0.549,0.000,-0.072,0.924,255,1100
220123640,0.122,4.207,-0.976,-0.164,0.019,1.044,255,1100
220124505,0.122,4.207,-0.976,-0.147,0.070,0.866,255,1100
220125640,-1.037,-0.732,0.671,-0.000,0.033,0.901,255,1100
220126500,-1.951,-2.622,1.037,0.097,0.091,1.207,255,1100
220127640,-2.195,-1.646,1.280,0.082,0.006,1.049,255,1100
220128377,-1.768,0.488,1.341,0.141,0.023,1.183,255,1100
220129640,-1.220,2.927,0.549,0.045,-0.015,1.037,255,1100
220130375,-0.488,4.634,-0.427,-0.062,-0.086,0.958,255,1100
220131640,-0.427,4.512,-0.488,-0.130,0.099,0.858,255,1100
220132630,-0.610,1.402,0.061,-0.046,0.083,1.102,255,1100
220133640,-0.915,-1.402,0.671,0.021,0.056,0.970,255,1100
220134373,-1.707,-2.866,1.280,0.084,0.023,1.129,255,1100
220135640,-2.256,-1.646,1.402,0.124,0.087,1.092,255,1100
220136387,-2.012,0.488,1.220,0.204,0.035,1.187,255,1100
220137640,-0.732,4.939,-0.915,-0.087,-0.093,1.048,255,1100
220138507,-0.122,5.427,-1.402,-0.087,-0.093,1.048,255,1100
220139640,-0.122,4.085,-0.427,-0.141,0.135,0.989,255,1100
220140632,-0.305,0.976,0.244,-0.040,0.058,1.031,255,1100
220141640,-0.732,-1.646,0.671,-0.045,0.059,1.004,255,1100
220142495,-1.707,-2.805,1.220,0.129,0.080,1.127,255,1100
220143640,-2.134,-1.768,1.402,0.203,0.063,1.025,255,1100
220144378,-2.012,0.793,1.402,0.161,0.054,1.198,255,1100
220145640,-0.793,5.244,-1.037,-0.140,-0.069,1.085,255,1100
220146508,-0.061,5.488,-0.915,-0.144,-0.021,0.846,255,1100
220147640,-0.366,4.085,0.122,-0.181,0.149,1.022,255,1100
220148510,-0.122,1.159,0.427,-0.052,0.022,0.982,255,1100
220149640,-0.793,-1.524,0.549,-0.049,0.055,1.079,255,1100
220150502,-1.524,-2.988,1.280,0.158,0.131,1.069,255,1100
220151640,-1.951,0.427,0.549,0.147,0.022,1.080,255,1100
220152378,-1.951,0.427,0.549,0.147,0.022,1.080,255,1100
220153640,-0.854,5.244,-1.159,-0.142,-0.008,1.056,255,1100
220154510,-0.244,5.549,-0.854,-0.135,-0.024,0.848,255,1100
220155640,-0.732,4.085,0.000,-0.195,0.125,1.035,255,1100
220156510,-0.305,0.915,0.366,-0.077,0.018,0.972,255,1100
220157640,-1.524,-2.866,1.402,-0.043,0.070,1.146,255,1100
220158509,-1.951,-1.341,1.585,0.212,0.131,0.980,255,1100
220159640,-1.890,0.793,0.793,0.188,-0.031,1.035,255,1100
220160431,-1.707,3.841,-0.366,-0.058,-0.091,1.070,255,1100
220161642,-0.854,5.305,-0.976,-0.097,-0.097,1.037,255,1100
220162669,-0.244,5.305,-0.732,-0.222,0.071,0.883,255,1100
220163640,-0.549,3.537,-0.366,-0.179,0.022,1.029,255,1100
220164631,-0.305,-2.073,0.427,-0.090,0.115,0.978,255,1100
220165640,-1.037,-3.110,1.341,0.199,0.191,0.935,255,1100
220166505,-1.829,-1.402,1.037,0.208,0.006,1.176,255,1100
220167640,-2.195,1.463,0.671,0.159,-0.003,1.065,255,1100
220168377,-1.585,3.841,-0.183,-0.049,-0.083,1.082,255,1100
220169640,-0.183,5.366,-0.610,-0.091,-0.086,1.021,255,1100
220170633,-0.183,4.878,-0.793,-0.268,0.015,0.862,255,1100
220171640,0.061,0.183,0.305,-0.100,0.128,0.951,255,1100
220172495,-0.244,-2.195,1.280,-0.100,0.128,0.951,255,1100
220173640,-1.524,-3.049,1.890,0.186,0.167,0.955,255,1100
220174501,-1.951,-1.098,1.280,0.242,0.022,1.202,255,1100
220175640,-2.134,1.524,0.671,0.175,0.018,1.000,255,1100
220176375,-2.012,3.780,-0.488,-0.041,-0.119,1.042,255,1100
220177640,-1.037,5.122,-0.915,-0.125,-0.093,1.064,255,1100
220178640,-0.305,3.171,-0.183,-0.183,0.091,0.997,255,1100
220179640,0.000,0.244,0.305,-0.095,0.097,1.011,255,1100
220180498,-0.366,-2.073,1.280,0.119,0.118,1.168,255,1100
220181640,-1.402,-2.866,1.524,0.210,0.127,0.942,255,1100
220182383,-2.012,-1.220,1.098,0.248,0.054,1.239,255,1100
220183640,-2.256,1.524,0.488,0.148,0.003,0.946,255,1100
220184386,-1.951,4.146,-0.244,-0.024,-0.079,1.079,255,1100
220185640,-0.915,5.610,-0.976,-0.256,-0.015,0.936,255,1100
220186637,-0.488,3.354,-0.183,-0.209,0.074,0.994,255,1100
220187640,-0.305,0.000,0.671,-0.079,0.124,1.006,255,1100
220188503,-0.305,-2.500,0.976,0.161,0.067,1.163,255,1100
220189640,-1.524,-2.683,1.402,0.192,0.148,0.947,255,1100
220190380,-1.829,-1.159,1.159,0.272,0.080,1.270,255,1100
220191640,-1.829,4.268,-0.610,0.136,-0.016,0.859,255,1100
220192518,-1.402,5.610,-1.037,-0.049,-0.106,1.157,255,1100
220193640,-0.610,5.061,-0.732,-0.253,-0.004,1.031,255,1100
220194631,-0.427,2.805,0.427,-0.224,0.062,0.990,255,1100
220195640,0.183,-0.244,0.793,-0.048,0.094,0.975,255,1100
220196434,-0.549,-2.927,1.341,0.124,0.120,1.205,255,1100
220197642,-1.098,-2.866,1.768,0.275,0.149,0.941,255,1100
220198407,-1.524,-1.159,1.341,0.278,0.043,1.258,255,1100
220199640,-1.585,4.695,-0.122,-0.042,-0.124,1.141,255,1100
220200514,-1.159,6.098,-0.610,-0.267,-0.083,0.922,255,1100
220201640,-0.488,5.305,-0.427,-0.227,-0.031,1.092,255,1100
220202637,-0.427,2.866,0.488,-0.298,0.102,0.927,255,1100
220203640,0.244,-0.183,0.549,-0.027,0.046,1.017,255,1100
220204373,-0.549,-2.683,1.280,0.134,0.151,1.159,255,1100
220205640,-1.768,-1.159,1.098,0.281,0.066,1.189,255,1100
220206374,-1.768,-1.159,1.098,0.281,0.066,1.189,255,1100
220207640,-1.829,4.939,-0.732,-0.089,-0.059,1.094,255,1100
220208507,-1.280,5.915,-1.098,-0.236,-0.103,0.958,255,1100
220209640,-0.671,5.061,-0.854,-0.284,-0.003,1.086,255,1100
220210633,-0.671,2.744,0.061,-0.283,0.016,0.900,255,1100
220211640,0.122,-0.061,0.549,-0.040,0.136,1.069,255,1100
220212372,0.000,-2.866,1.159,0.235,0.111,1.065,255,1100
220213640,-1.524,-0.854,0.976,0.245,0.067,1.113,255,1100
220214372,-2.317,2.683,0.122,0.154,-0.053,1.125,255,1100
220215640,-1.646,4.695,-0.488,-0.114,-0.043,0.982,255,1100
220216516,-0.976,5.488,-0.488,-0.211,-0.129,0.964,255,1100
220217640,-0.671,4.573,-0.610,-0.333,0.006,1.012,255,1100
220218632,-0.488,2.317,0.122,-0.206,-0.009,0.937,255,1100
220219640,-0.061,-2.683,1.585,0.256,0.104,0.999,255,1100
220220506,-1.159,-2.561,1.768,0.262,0.163,1.145,255,1100
220221640,-1.646,-0.549,0.610,0.276,0.025,1.036,255,1100
220222381,-2.439,2.988,0.122,0.119,0.003,1.165,255,1100
220223640,-1.524,5.000,-0.488,-0.067,-0.102,0.906,255,1100
220224507,-1.585,5.610,-0.671,-0.267,-0.093,0.987,255,1100
220225640,0.061,2.500,0.366,-0.337,-0.055,1.052,255,1100
220226507,0.061,2.500,0.366,-0.245,0.057,0.990,255,1100
220227640,-0.061,-2.683,1.646,0.216,0.138,0.953,255,1100
220228375,-1.037,-2.378,1.829,0.281,0.123,1.232,255,1100
220229640,-1.341,-0.244,1.037,0.323,0.072,0.955,255,1100
220230381,-2.134,2.744,0.061,0.102,-0.029,1.206,255,1100
220231640,-1.829,4.634,-0.183,-0.103,-0.076,0.930,255,1100
220232511,-1.280,5.305,-0.610,-0.293,-0.120,0.965,255,1100
220233640,-0.305,1.951,0.183,-0.204,0.016,0.983,255,1100
220234511,0.000,-0.732,1.280,-0.032,0.174,1.087,255,1100
220235640,0.061,-2.805,1.341,0.261,0.121,0.986,255,1100
220236378,-1.098,-2.439,1.341,0.308,0.126,1.199,255,1100
220237640,-1.646,-0.305,0.793,0.276,0.100,0.942,255,1100
220238379,-2.317,2.744,-0.305,0.109,-0.075,1.209,255,1100
220239640,-1.646,5.244,-0.610,-0.288,-0.126,1.000,255,1100
220240635,-0.976,4.146,-0.305,-0.306,-0.007,1.034,255,1100
220241640,-0.610,1.524,0.244,-0.235,0.000,0.965,255,1100
220242496,-0.366,-0.671,1.098,0.018,0.146,1.089,255,1100
220243640,-0.122,-2.500,1.707,0.234,0.185,0.998,255,1100
220244386,-0.488,-2.256,1.341,0.368,0.125,1.235,255,1100
220245640,-1.341,-0.183,0.549,0.248,0.080,0.885,255,1100
220246380,-2.317,3.171,-0.366,0.090,-0.106,1.223,255,1100
220247640,-1.768,5.427,-0.488,-0.291,-0.083,0.999,255,1100
220248633,-0.732,3.720,-0.183,-0.258,-0.028,1.068,255,1100
220249640,-0.183,1.402,0.305,-0.295,0.021,0.978,255,1100
220250506,0.000,-0.854,0.915,0.033,0.130,1.100,255,1100
220251640,0.244,-2.378,1.524,0.235,0.221,0.978,255,1100
220252367,-0.244,-2.012,1.402,0.424,0.124,1.208,255,1100
220253640,-2.073,3.232,-0.732,0.085,-0.103,1.168,255,1100
220254510,-2.317,5.244,-0.488,-0.171,-0.033,0.927,255,1100
220255640,-1.951,5.000,-0.366,-0.264,-0.090,1.035,255,1100
220256639,-1.524,3.354,-0.183,-0.334,-0.060,1.000,255,1100
220257640,-0.671,1.402,0.061,-0.245,-0.009,1.009,255,1100
220258628,-0.244,-0.854,0.976,0.058,0.163,1.077,255,1100
220259640,-0.305,-1.890,1.402,0.268,0.215,1.053,255,1100
220260376,-0.305,-1.890,1.402,0.385,0.096,1.163,255,1100
220261640,-1.951,3.415,-0.854,0.056,-0.038,1.102,255,1100
220262503,-2.012,4.939,-0.549,-0.135,-0.049,0.923,255,1100
220263640,-1.280,4.878,-0.244,-0.288,-0.079,1.091,255,1100
220264641,-0.793,3.415,-0.305,-0.319,-0.096,0.978,255,1100
220265640,-0.549,1.402,0.366,-0.260,0.040,1.047,255,1100
220266510,-0.122,-0.976,1.280,0.094,0.143,0.976,255,1100
220267640,-0.305,-1.707,1.220,0.327,0.079,1.139,255,1100
220268378,-1.524,1.037,0.000,0.327,0.079,1.139,255,1100
220269640,-2.134,3.232,-0.793,0.043,-0.001,1.030,255,1100
220270549,-2.134,4.817,-0.305,-0.113,-0.083,0.995,255,1100
220271641,-1.280,4.451,-0.366,-0.357,-0.086,1.084,255,1100
220272659,-0.549,3.354,-0.305,-0.326,-0.119,0.946,255,1100
220273640,0.061,-1.098,1.098,0.116,0.149,0.915,255,1100
220274510,-0.061,-2.073,1.220,0.116,0.149,0.915,255,1100
220275640,-0.488,-1.524,0.488,0.350,0.055,1.106,255,1100
220276379,-1.524,1.159,0.061,0.211,0.081,1.025,255,1100
220277640,-2.012,3.171,-0.427,0.057,-0.048,1.021,255,1100
220278498,-2.073,4.756,-0.366,-0.145,-0.070,0.995,255,1100
220279640,-1.585,4.512,-0.488,-0.357,-0.114,1.113,255,1100
220280644,-0.244,0.976,0.793,-0.186,0.050,1.062,255,1100
220281640,0.000,-0.854,1.524,0.104,0.140,0.926,255,1100
220282369,-0.061,-1.585,1.280,0.269,0.189,1.209,255,1100
220283640,-0.366,-1.341,0.549,0.345,0.077,1.049,255,1100
220284386,-1.280,1.037,-0.061,0.182,0.073,1.018,255,1100
220285640,-1.951,3.049,-0.305,0.049,-0.067,0.992,255,1100
220286500,-2.012,4.268,-0.427,-0.204,-0.056,1.043,255,1100
220287640,-0.610,2.561,0.122,-0.289,-0.053,0.993,255,1100
220288637,-0.366,0.427,0.915,-0.154,0.059,1.032,255,1100
220289640,-0.122,-1.220,1.341,0.122,0.128,0.962,255,1100
220290375,0.000,-1.463,1.098,0.259,0.165,1.157,255,1100
220291640,-0.488,-0.854,0.549,0.376,0.154,0.951,255,1100
220292370,-1.829,1.159,-0.061,0.148,0.022,1.143,255,1100
220293640,-2.561,4.390,-0.549,0.025,-0.068,0.950,255,1100
220294511,-1.890,4.390,-0.183,-0.213,-0.080,1.156,255,1100
220295640,-1.159,2.744,0.305,-0.310,-0.036,0.990,255,1100
220296629,-0.183,0.610,0.976,-0.112,0.030,1.008,255,1100
220297640,-0.183,-0.732,1.341,0.062,0.147,1.077,255,1100
220298378,0.122,-1.159,1.037,0.314,0.176,1.131,255,1100
220299640,-0.793,-0.610,0.671,0.352,0.138,0.971,255,1100
220300371,-1.707,1.098,0.000,0.173,0.012,1.121,255,1100
220301640,-2.622,4.390,-0.549,-0.204,-0.063,1.093,255,1100
220302510,-1.768,3.841,0.122,-0.252,-0.098,0.944,255,1100
220303640,-1.098,2.317,0.305,-0.340,0.007,1.086,255,1100
220304502,-0.061,0.488,0.488,-0.050,-0.040,1.026,255,1100
220305640,0.061,-0.488,0.671,0.055,0.195,1.064,255,1100
220306495,0.488,-0.915,1.037,0.362,0.163,1.050,255,1100
220307640,-1.524,1.280,-0.183,0.150,-0.012,1.088,255,1100
220308502,-2.073,3.659,-0.793,0.150,-0.012,1.088,255,1100
220309640,-2.073,4.024,-0.549,-0.154,-0.043,1.166,255,1100
220310640,-1.707,3.354,0.305,-0.275,-0.101,0.913,255,1100
220311640,-1.037,2.012,0.610,-0.344,-0.046,1.066,255,1100
220312627,0.000,0.793,0.610,-0.060,0.019,1.010,255,1100
220313640,-0.061,-0.061,0.976,0.119,0.195,1.133,255,1100
220314376,0.244,-0.793,1.220,0.368,0.158,1.059,255,1100
220315640,-1.280,1.951,-0.915,0.146,0.010,1.144,255,1100
220316382,-2.012,3.659,-0.915,-0.062,-0.023,0.875,255,1100
220317640,-2.134,3.780,-0.244,-0.136,-0.061,1.144,255,1100
220318640,-1.585,3.232,0.183,-0.345,-0.097,0.896,255,1100
220319640,-0.732,1.829,0.122,-0.286,-0.064,1.121,255,1100
220320626,0.000,0.610,0.671,-0.041,0.080,1.022,255,1100
220321640,0.732,-0.854,0.976,0.308,0.175,1.082,255,1100
220322370,0.732,-0.854,0.976,0.308,0.175,1.082,255,1100
220323640,-1.159,1.829,-0.671,0.144,0.037,1.074,255,1100
220324375,-1.890,3.232,-0.732,-0.086,-0.015,0.879,255,1100
220325640,-2.195,3.354,-0.427,-0.132,-0.076,1.121,255,1100
220326636,-1.768,2.805,0.244,-0.345,-0.140,0.957,255,1100
220327640,-0.183,0.366,0.915,-0.269,-0.040,1.161,255,1100
220328625,0.671,-0.122,1.402,0.148,0.141,1.093,255,1100
220329640,0.976,-0.732,1.037,0.291,0.148,1.109,255,1100
220330376,0.244,0.854,0.000,0.208,0.094,0.982,255,1100
220331640,-1.159,1.585,-0.488,0.150,0.054,0.978,255,1100
220332365,-2.073,2.988,-0.427,-0.096,-0.012,1.001,255,1100
220333640,-2.317,3.110,0.000,-0.165,-0.097,1.096,255,1100
220334621,-1.280,1.280,0.854,-0.339,-0.099,0.973,255,1100
220335640,-0.793,0.427,1.341,-0.011,0.037,1.016,255,1100
220336505,-0.183,0.244,1.098,0.128,0.133,1.093,255,1100
220337640,0.000,0.061,0.488,0.298,0.135,1.011,255,1100
220338371,-0.427,1.098,0.061,0.233,0.115,1.067,255,1100
220339640,-1.585,2.195,-0.183,0.109,0.010,0.900,255,1100
220340373,-2.317,2.561,-0.244,-0.094,-0.033,1.072,255,1100
220341640,-2.561,2.317,0.793,-0.219,-0.097,0.990,255,1100
220342633,-1.524,1.159,1.341,-0.201,0.003,1.070,255,1100
220343640,-0.366,0.366,1.341,-0.019,0.053,0.999,255,1100
220344373,0.000,0.061,1.098,0.121,0.125,1.106,255,1100
220345640,0.183,0.366,0.732,0.291,0.159,0.934,255,1100
220346374,-0.488,0.976,0.244,0.185,0.132,1.197,255,1100
220347640,-1.402,2.012,-0.305,0.137,-0.022,0.818,255,1100
220348503,-2.500,2.561,-0.671,-0.144,-0.008,1.125,255,1100
220349640,-2.134,1.524,0.915,-0.225,-0.053,1.166,255,1100
220350631,-1.220,0.427,1.098,-0.183,-0.017,0.974,255,1100
220351640,-0.366,0.549,1.037,-0.019,0.028,1.074,255,1100
220352501,0.122,0.976,1.037,0.111,0.179,1.110,255,1100
220353640,0.671,1.098,0.732,0.317,0.103,0.971,255,1100
220354377,0.183,1.524,0.244,0.118,0.164,1.099,255,1100
220355640,-2.500,2.561,-0.427,-0.148,0.015,1.092,255,1100
220356503,-2.073,2.500,0.122,-0.129,-0.082,0.964,255,1100
220357640,-2.195,1.585,1.159,-0.227,-0.029,1.209,255,1100
220358632,-1.098,0.671,0.976,-0.125,-0.081,1.010,255,1100
220359640,-0.488,0.854,0.793,-0.045,0.053,1.077,255,1100
220360501,0.244,0.793,0.671,0.123,0.145,0.973,255,1100
220361640,-0.610,1.646,-0.366,0.282,0.142,1.076,255,1100
220362378,-0.610,1.646,-0.366,0.142,0.084,1.060,255,1100
220363640,-2.134,2.073,-0.305,-0.079,0.015,1.100,255,1100
220364502,-2.256,1.890,0.671,-0.111,-0.084,1.067,255,1100
220365640,-2.195,0.915,0.793,-0.234,-0.042,1.079,255,1100
220366632,-1.585,0.671,0.976,-0.105,-0.062,1.017,255,1100
220367640,-0.915,1.280,0.732,-0.051,0.109,1.142,255,1100
220368564,-0.183,1.524,0.793,0.175,0.080,0.990,255,1100
220369642,0.061,1.890,-0.305,0.146,0.044,1.043,255,1100
220370405,-1.463,2.500,-0.427,0.146,0.044,1.043,255,1100
220371640,-2.012,1.585,-0.244,-0.023,-0.043,0.988,255,1100
220372515,-2.195,1.524,0.854,-0.185,-0.001,1.052,255,1100
220373640,-1.890,0.549,0.793,-0.126,-0.088,1.115,255,1100
220374668,-1.524,0.549,0.915,-0.113,0.004,1.069,255,1100
220375641,-0.061,1.890,0.915,-0.000,0.052,1.117,255,1100
220376392,-0.061,1.890,0.915,0.130,0.121,0.985,255,1100
220377640,-0.061,2.622,-0.305,0.116,0.081,0.953,255,1100
220378385,-1.402,2.378,-0.488,-0.039,0.040,1.072,255,1100
220379640,-1.829,1.524,-0.122,0.011,-0.020,0.913,255,1100
220380625,-2.500,1.280,0.610,-0.216,-0.039,1.158,255,1100
220381640,-2.256,0.732,1.159,-0.110,-0.059,1.060,255,1100
220382630,-0.488,1.280,0.793,-0.063,0.022,1.081,255,1100
220383640,0.183,1.829,0.366,0.093,0.083,0.953,255,1100
220384367,0.305,2.439,-0.122,0.093,0.083,0.953,255,1100
220385640,0.000,2.317,-0.305,0.109,0.124,0.917,255,1100
220386375,-1.463,2.134,-0.671,-0.011,-0.007,1.128,255,1100
220387640,-1.951,1.280,-0.061,-0.084,0.011,0.837,255,1100
220388631,-2.744,0.793,0.488,-0.148,-0.102,1.249,255,1100
220389640,-1.524,0.610,1.524,-0.007,-0.062,1.065,255,1100
220390701,-0.244,1.402,0.793,-0.022,0.062,1.120,255,1100
220391642,0.183,2.073,0.061,0.085,0.007,0.956,255,1100
220392398,0.122,2.866,-0.122,0.165,0.168,1.076,255,1100
220393640,-0.061,2.378,-0.061,0.057,0.100,0.865,255,1100
220394383,-1.402,1.890,-0.183,0.010,0.020,1.170,255,1100
220395640,-2.622,0.549,0.488,-0.099,-0.049,0.828,255,1100
220396507,-2.622,0.549,0.488,-0.094,-0.041,1.260,255,1100
220397640,-1.280,0.671,1.585,-0.031,-0.049,1.087,255,1100
220398622,-0.305,1.402,0.549,0.005,0.018,1.137,255,1100
220399640,0.000,2.805,-0.183,0.044,0.074,0.945,255,1100
220400365,0.305,3.171,-0.366,0.180,0.120,1.081,255,1100
220401640,-0.183,2.744,-0.427,-0.017,0.111,0.854,255,1100
220402513,-1.220,1.463,-0.671,0.046,-0.039,1.147,255,1100
220403640,-2.073,-0.122,0.671,-0.047,-0.066,1.239,255,1100
220404629,-2.256,-0.244,1.524,-0.070,0.053,0.993,255,1100
220405640,-1.585,0.488,1.159,0.002,-0.049,1.133,255,1100
220406506,-0.732,1.646,0.427,-0.012,0.037,1.079,255,1100
220407640,0.427,2.805,-0.305,0.092,0.052,0.940,255,1100
220408372,0.427,2.927,-0.305,0.115,0.108,1.067,255,1100
220409640,-1.037,1.585,-0.366,-0.017,0.114,0.879,255,1100
220410507,-1.646,0.427,0.061,0.028,-0.020,1.130,255,1100
220411640,-1.951,-0.244,0.732,-0.060,-0.052,1.207,255,1100
220412500,-2.012,-0.427,1.402,-0.091,0.029,1.003,255,1100
220413640,-1.463,0.488,1.037,0.068,-0.032,1.170,255,1100
220414505,-0.671,2.134,0.305,-0.005,0.014,1.012,255,1100
220415640,0.122,3.293,-0.366,0.042,0.048,1.046,255,1100
220416369,0.305,3.476,-0.366,0.107,0.080,0.983,255,1100
220417640,-1.402,1.402,0.000,-0.015,0.030,1.140,255,1100
220418373,-1.951,0.000,0.122,-0.015,0.030,1.140,255,1100
220419640,-2.500,-0.854,0.671,-0.125,-0.011,1.120,255,1100
220420507,-2.012,-0.488,1.159,-0.005,-0.004,1.074,255,1100
220421640,-1.402,0.793,0.915,0.017,0.039,1.195,255,1100
220422507,-0.366,2.195,0.244,0.055,-0.029,0.948,255,1100
220423640,0.244,3.537,-0.549,0.059,0.084,0.900,255,1100
220424373,0.244,3.537,-0.549,0.059,0.084,0.900,255,1100
220425640,-1.098,1.280,0.000,-0.019,0.022,1.040,255,1100
220426376,-1.768,-0.122,0.488,-0.010,-0.008,0.977,255,1100
220427640,-2.012,-0.915,0.610,-0.125,-0.021,1.146,255,1100
220428630,-2.073,-0.305,1.463,0.053,0.015,1.065,255,1100
220429640,-0.427,2.378,0.183,0.040,0.023,1.126,255,1100
220430377,-0.427,2.378,0.183,0.031,-0.041,0.995,255,1100
220431640,0.549,3.963,-0.854,0.047,0.081,0.830,255,1100
220432373,-0.122,2.927,-0.183,-0.035,0.151,1.060,255,1100
220433640,-1.098,1.159,0.122,-0.015,-0.003,0.978,255,1100
220434622,-1.646,-0.366,0.427,-0.046,0.001,1.051,255,1100
220435640,-2.073,-1.159,0.793,-0.071,-0.016,1.091,255,1100
220436677,-1.524,0.976,1.280,0.064,0.090,1.101,255,1100
220437641,-0.610,2.805,0.061,0.007,-0.020,0.970,255,1100
220438393,-0.183,4.024,-0.610,0.007,-0.020,0.970,255,1100
220439640,0.244,4.512,-0.549,0.018,0.128,0.840,255,1100
220440501,-0.488,2.988,-0.183,-0.013,0.097,1.096,255,1100
220441640,-1.159,0.915,-0.183,-0.044,-0.011,0.944,255,1100
220442625,-2.134,-0.854,0.305,-0.079,0.009,1.128,255,1100
220443640,-2.073,-0.732,1.829,0.014,0.033,0.982,255,1100
220444496,-1.585,0.854,1.037,0.098,0.068,1.160,255,1100
220445640,-0.549,3.049,-0.244,-0.022,-0.061,1.000,255,1100
220446505,-0.305,4.390,-0.427,-0.032,0.066,1.003,255,1100
220447640,-0.183,4.268,0.000,0.019,0.084,0.906,255,1100
220448496,-0.610,2.439,0.122,-0.078,0.111,1.069,255,1100
220449640,-1.220,0.671,0.000,-0.033,-0.050,0.905,255,1100
220450499,-2.012,-1.220,0.549,-0.068,0.077,1.167,255,1100
220451640,-1.707,-0.549,1.768,0.048,0.051,1.185,255,1100
220452500,-1.159,1.341,0.610,0.065,-0.064,1.118,255,1100
220453640,-0.549,3.720,-0.366,-0.016,-0.000,1.021,255,1100
220454507,0.122,4.512,-0.427,-0.003,0.051,0.958,255,1100
220455640,0.000,4.573,-0.549,-0.074,0.071,0.934,255,1100
220456366,-0.183,2.744,-0.549,-0.052,0.064,1.056,255,1100
220457640,-1.585,-1.341,0.610,0.019,0.074,1.100,255,1100
220458505,-1.707,-1.524,1.463,0.068,0.018,0.993,255,1100
220459640,-1.829,-0.366,1.463,0.073,0.045,1.213,255,1100
220460374,-1.159,1.707,0.366,0.072,-0.068,1.056,255,1100
220461640,-0.244,3.537,-0.305,-0.029,0.003,1.034,255,1100
220462499,0.183,4.634,-0.488,0.000,0.010,0.964,255,1100
220463640,-0.366,2.256,-0.427,-0.104,0.109,0.954,255,1100
220464507,-0.366,2.256,-0.427,-0.076,0.042,1.006,255,1100
220465640,-1.768,-1.890,1.098,0.040,0.051,1.071,255,1100
220466503,-2.317,-1.951,1.646,0.047,0.023,1.056,255,1100
220467640,-2.195,-0.793,1.402,0.115,0.015,1.187,255,1100
220468383,-1.524,2.317,0.671,0.060,-0.010,1.051,255,1100
220469640,-0.732,3.659,-0.305,0.031,-0.042,1.053,255,1100
220470507,-0.244,4.817,-0.671,-0.114,0.013,0.938,255,1100
220471640,-0.122,2.500,-0.061,-0.093,0.120,0.958,255,1100
220472626,-0.915,0.366,0.305,0.005,0.035,1.038,255,1100
220473640,-1.646,-1.951,0.854,0.014,0.081,1.051,255,1100
220474371,-1.829,-1.646,1.220,0.085,-0.012,1.164,255,1100
220475640,-2.134,-0.183,1.341,0.128,0.070,1.052,255,1100
220476511,-1.280,2.195,0.854,0.063,-0.034,1.048,255,1100
220477640,-0.122,5.305,-0.915,0.014,-0.050,1.135,255,1100
220478501,-0.183,4.939,-0.854,-0.137,-0.041,0.876,255,1100
220479640,-0.366,2.561,-0.183,-0.088,0.136,0.944,255,1100
220480631,-0.732,-0.122,0.793,0.041,0.025,1.119,255,1100
220481640,-1.463,-2.317,0.915,-0.016,0.071,0.982,255,1100
220482498,-1.951,-2.073,1.159,0.118,0.023,1.240,255,1100
220483640,-2.256,-0.366,1.159,0.147,0.070,0.949,255,1100
220484376,-1.585,1.768,0.793,0.073,-0.015,1.135,255,1100
220485640,-0.244,5.427,-1.159,-0.159,-0.044,0.829,255,1100
220486507,-0.305,4.756,-0.671,-0.133,0.130,1.012,255,1100
220487640,-0.244,2.134,0.061,-0.026,0.066,0.939,255,1100
220488507,-0.732,-0.610,0.793,-0.033,0.052,1.167,255,1100
220489640,-1.159,-2.195,0.915,0.024,0.040,0.947,255,1100
220490496,-1.951,-1.768,1.463,0.168,0.099,1.228,255,1100
220491640,-1.890,2.195,0.671,0.067,-0.054,1.109,255,1100
220492377,-1.890,2.195,0.671,0.067,-0.054,1.109,255,1100
220493640,-0.427,5.732,-0.732,-0.109,-0.041,0.943,255,1100
220494507,-0.305,4.146,-0.244,-0.190,0.131,1.058,255,1100
220495640,-0.122,1.585,0.549,-0.042,0.062,0.876,255,1100
220496510,-0.427,-1.159,0.732,-0.055,0.075,1.181,255,1100
220497640,-1.951,-1.890,1.402,0.117,0.029,0.918,255,1100
220498502,-1.951,-1.890,1.402,0.156,0.129,1.204,255,1100
220499640,-1.768,2.134,0.305,0.079,-0.079,1.172,255,1100
220500382,-0.854,4.817,-0.854,-0.104,-0.073,0.986,255,1100
220501640,-0.183,5.610,-1.159,-0.108,-0.024,0.998,255,1100
220502636,0.000,3.963,-0.366,-0.218,0.106,0.988,255,1100
220503640,-0.183,1.585,0.305,-0.046,0.049,0.915,255,1100
220504377,-0.854,-1.037,0.793,-0.087,0.062,1.156,255,1100
220505640,-2.134,-2.256,1.768,0.182,0.100,1.251,255,1100
220506502,-2.134,0.122,1.341,0.211,0.008,0.933,255,1100
220507640,-1.951,2.866,0.000,0.004,-0.062,1.178,255,1100
220508369,-1.341,5.061,-0.854,-0.122,-0.077,0.983,255,1100
220509640,-0.366,5.671,-1.037,-0.112,-0.026,1.004,255,1100
220510640,-0.122,4.085,-0.122,-0.237,0.105,0.918,255,1100
220511640,-0.549,-1.402,0.366,-0.098,0.024,1.008,255,1100
220512626,-1.402,-2.866,1.341,0.182,0.125,0.974,255,1100
220513640,-2.012,-2.500,1.951,0.147,0.097,1.238,255,1100
220514376,-2.012,0.488,1.524,0.231,-0.042,1.064,255,1100
220515640,-1.829,3.293,0.183,0.018,-0.044,1.028,255,1100
220516378,-0.793,5.305,-0.366,-0.108,-0.079,0.974,255,1100
220517640,-0.427,5.732,-0.488,-0.152,0.029,1.041,255,1100
220518628,-0.183,1.341,0.000,-0.234,0.004,0.951,255,1100
220519640,-0.305,-1.463,0.549,0.065,0.059,0.996,255,1100
220520369,-1.220,-2.561,1.463,0.065,0.059,0.996,255,1100
220521640,-1.829,-2.012,1.280,0.192,0.049,1.118,255,1100
220522377,-2.195,0.793,0.976,0.186,0.020,1.141,255,1100
220523640,-1.890,3.232,0.061,0.069,-0.059,0.994,255,1100
220524373,-1.220,5.000,-0.366,-0.125,-0.090,1.027,255,1100
220525640,-0.488,3.902,-0.427,-0.243,0.028,0.910,255,1100
220526628,0.000,1.220,0.427,-0.103,0.121,1.018,255,1100
220527640,-0.061,-1.646,0.976,0.073,0.073,0.996,255,1100
220528375,-1.098,-2.988,1.341,0.163,0.135,1.177,255,1100
220529640,-1.707,-2.134,1.524,0.224,0.081,1.012,255,1100
220530382,-2.134,0.854,0.915,0.195,0.004,1.229,255,1100
220531640,-1.159,5.061,-0.305,0.104,-0.035,0.914,255,1100
220532505,-1.159,5.061,-0.305,-0.167,-0.099,1.015,255,1100
220533640,-0.549,4.207,-0.427,-0.243,0.064,0.952,255,1100
220534632,-0.366,1.098,0.610,-0.093,0.105,1.049,255,1100
220535640,-0.061,-2.073,1.037,0.040,0.076,0.963,255,1100
220536373,-0.976,-3.049,1.220,0.161,0.111,1.256,255,1100
220537640,-1.463,-1.646,0.976,0.282,0.126,0.955,255,1100
220538382,-2.134,0.854,0.854,0.202,0.015,1.176,255,1100
220539640,-1.463,5.427,-0.854,-0.183,-0.131,1.026,255,1100
220540515,-0.976,5.366,-1.159,-0.247,-0.025,1.042,255,1100
220541640,-0.488,3.720,-0.427,-0.243,0.066,0.912,255,1100
220542630,-0.244,0.671,0.610,-0.082,0.102,1.050,255,1100
220543640,0.122,-2.073,0.854,0.051,0.066,0.999,255,1100
220544373,-0.854,-2.744,1.280,0.173,0.114,1.195,255,1100
220545640,-2.134,0.915,0.915,0.285,0.130,0.938,255,1100
220546374,-2.134,0.915,0.915,0.232,0.022,1.245,255,1100
220547640,-1.585,5.671,-0.915,-0.235,-0.115,0.995,255,1100
220548515,-1.037,5.305,-0.976,-0.204,-0.017,1.034,255,1100
220549640,-0.732,3.537,-0.183,-0.279,0.042,0.884,255,1100
220550632,-0.732,0.427,0.610,-0.084,0.098,1.105,255,1100
220551640,-0.244,-2.195,0.915,0.045,0.055,0.973,255,1100
220552374,-0.854,-2.988,1.159,0.237,0.156,1.195,255,1100
220553640,-2.256,1.159,0.549,0.254,-0.010,1.242,255,1100
220554374,-2.439,4.085,-0.305,0.254,-0.010,1.242,255,1100
220555640,-1.402,5.305,-1.098,-0.179,-0.093,1.019,255,1100
220556636,-0.854,5.122,-0.854,-0.256,-0.044,1.016,255,1100
220557640,-0.427,3.354,-0.061,-0.253,0.026,0.867,255,1100
220558626,-0.488,0.610,0.366,-0.131,0.108,1.167,255,1100
220559640,-0.915,-3.049,1.524,0.276,0.118,1.249,255,1100
220560378,-0.915,-3.049,1.524,0.276,0.118,1.249,255,1100
220561640,-2.012,1.220,0.305,0.228,-0.044,1.243,255,1100
220562376,-2.073,4.024,-0.061,-0.031,-0.024,0.946,255,1100
220563640,-1.524,5.122,-0.488,-0.148,-0.148,1.047,255,1100
220564636,-1.159,4.817,-0.610,-0.307,0.009,0.910,255,1100
220565640,-0.488,0.732,0.671,-0.231,-0.050,0.992,255,1100
220566614,0.000,-1.829,1.341,0.147,0.135,1.011,255,1100
220567640,-0.854,-2.683,2.134,0.227,0.145,1.170,255,1100
220568379,-1.341,-1.341,0.854,0.309,0.067,0.974,255,1100
220569640,-2.134,1.890,0.000,0.168,-0.011,1.145,255,1100
220570377,-2.012,4.451,-0.549,-0.028,-0.035,0.968,255,1100
220571640,-1.341,5.183,-0.244,-0.186,-0.107,1.083,255,1100
220572639,-0.671,4.634,-0.732,-0.297,-0.076,0.872,255,1100
220573640,-0.122,0.366,0.549,-0.059,0.117,0.948,255,1100
220574510,0.244,-1.829,1.280,0.158,0.171,1.176,255,1100
220575640,-0.488,-2.744,1.280,0.250,0.087,1.053,255,1100
220576374,-1.707,-0.976,0.793,0.295,0.100,1.065,255,1100
220577640,-2.317,1.646,0.000,0.164,0.016,1.072,255,1100
220578376,-1.768,4.695,0.061,0.016,-0.096,1.023,255,1100
220579640,-0.976,4.634,-0.610,-0.267,-0.073,1.077,255,1100
220580514,-0.610,2.805,0.061,-0.261,-0.134,0.855,255,1100
220581640,-0.183,0.000,1.098,-0.018,0.040,0.882,255,1100
220582502,0.122,-2.317,1.341,0.102,0.234,1.253,255,1100
220583640,-0.732,-2.439,1.280,0.275,0.067,0.997,255,1100
220584385,-1.463,-0.793,1.220,0.317,0.127,1.108,255,1100
220585640,-1.890,1.768,0.244,0.152,-0.003,0.994,255,1100
220586376,-1.951,4.695,-0.488,-0.006,-0.076,1.079,255,1100
220587640,-1.037,4.573,-0.732,-0.270,-0.054,0.852,255,1100
220588636,-0.854,2.561,0.000,-0.292,0.046,1.096,255,1100
220589640,-0.061,0.000,0.976,-0.045,0.098,0.893,255,1100
220590361,0.061,-2.195,1.037,0.145,0.159,1.241,255,1100
220591640,-0.610,-2.439,1.098,0.298,0.115,0.967,255,1100
220592388,-1.524,-0.610,0.732,0.312,0.134,1.151,255,1100
220593640,-2.134,4.512,-0.610,-0.068,-0.079,1.047,255,1100
220594576,-1.951,5.366,-0.732,-0.243,-0.139,1.007,255,1100
220595642,-0.732,4.390,-0.488,-0.301,-0.047,0.915,255,1100
220596668,-0.427,2.256,0.488,-0.268,-0.014,1.061,255,1100
220597640,-0.183,0.061,1.037,-0.083,0.122,1.000,255,1100
220598506,0.061,-2.012,1.159,0.184,0.178,1.164,255,1100
220599640,-0.366,-2.195,1.280,0.337,0.122,0.958,255,1100
220600379,-1.585,-0.427,0.854,0.259,0.093,1.150,255,1100
220601640,-2.256,4.634,-0.427,-0.042,-0.052,1.107,255,1100
220602515,-2.134,5.183,-0.427,-0.233,-0.091,0.936,255,1100
220603640,-1.159,3.902,-0.305,-0.322,-0.067,1.010,255,1100
220604639,-0.549,2.195,0.183,-0.263,0.001,1.016,255,1100
220605640,-0.366,0.122,0.610,-0.050,0.108,1.044,255,1100
220606369,0.183,-1.707,1.646,0.203,0.211,1.163,255,1100
220607640,-1.220,-0.183,0.305,0.287,0.083,1.146,255,1100
220608379,-1.707,2.256,-0.610,0.287,0.083,1.146,255,1100
220609640,-1.951,4.512,-0.427,-0.068,-0.041,1.117,255,1100
220610514,-1.524,4.939,-0.549,-0.255,-0.125,0.881,255,1100
220611640,-1.098,3.963,-0.549,-0.327,-0.066,1.053,255,1100
220612642,-0.427,1.890,0.183,-0.272,0.010,1.064,255,1100
220613640,0.305,-1.951,1.463,-0.058,0.132,1.024,255,1100
220614371,0.305,-1.951,1.463,0.248,0.203,1.112,255,1100
220615640,-1.159,-0.183,0.366,0.296,0.084,1.112,255,1100
220616381,-2.134,2.683,-0.183,0.092,-0.021,0.971,255,1100
220617640,-2.317,4.512,-0.244,-0.026,-0.066,1.107,255,1100
220618630,-1.707,5.122,-0.427,-0.285,-0.104,0.869,255,1100
220619640,-1.037,3.720,-0.427,-0.339,-0.091,1.091,255,1100
220620636,0.000,0.000,1.159,-0.246,0.013,1.062,255,1100
220621640,0.122,-2.012,1.768,0.243,0.194,1.101,255,1100
220622362,-0.427,-1.463,1.098,0.243,0.194,1.101,255,1100
220623640,-1.646,0.122,0.366,0.290,0.058,1.076,255,1100
220624383,-2.012,2.805,-0.244,0.077,0.032,0.962,255,1100
220625640,-2.256,4.268,-0.427,-0.028,-0.106,1.129,255,1100
220626510,-2.195,4.756,-0.488,-0.322,-0.095,0.914,255,1100
220627640,-0.732,1.585,0.305,-0.257,0.069,0.942,255,1100
220628515,-0.305,0.122,1.402,0.021,0.120,1.120,255,1100
220629640,0.122,-1.707,1.463,0.228,0.164,1.074,255,1100
220630373,-0.183,-1.280,0.915,0.286,0.152,0.998,255,1100
220631640,-1.037,0.244,0.427,0.307,0.056,1.135,255,1100
220632376,-1.646,2.561,-0.244,0.082,0.007,0.952,255,1100
220633640,-2.134,4.329,-0.244,-0.097,-0.092,1.057,255,1100
220634507,-1.463,4.695,0.000,-0.341,-0.131,0.909,255,1100
220635640,-0.427,1.524,0.976,-0.208,0.000,0.908,255,1100
220636490,0.183,-0.183,1.463,-0.013,0.147,1.139,255,1100
220637640,0.305,-1.585,1.159,0.213,0.154,1.050,255,1100
220638382,-0.366,-1.159,1.098,0.354,0.165,1.042,255,1100
220639640,-1.463,0.427,0.000,0.268,0.067,1.045,255,1100
220640374,-2.073,2.805,-0.427,0.057,-0.018,1.017,255,1100
220641640,-1.890,4.451,-0.305,-0.300,-0.083,0.921,255,1100
220642636,-1.037,2.988,0.244,-0.271,-0.010,1.126,255,1100
220643640,-0.671,1.341,0.732,-0.199,-0.025,0.967,255,1100
220644633,-0.183,-0.183,0.976,-0.031,0.119,1.150,255,1100
220645640,-0.061,-1.280,1.341,0.240,0.174,0.961,255,1100
220646502,-0.122,-0.793,1.341,0.358,0.199,1.129,255,1100
220647640,-1.951,2.622,-0.793,0.273,0.004,1.009,255,1100
220648377,-1.951,2.622,-0.793,-0.024,-0.029,1.028,255,1100
220649640,-2.012,3.780,-0.305,-0.220,-0.056,1.017,255,1100
220650636,-1.220,2.683,0.732,-0.323,-0.051,1.069,255,1100
220651640,-0.366,1.280,0.793,-0.188,-0.022,1.014,255,1100
220652699,-0.061,-0.427,1.037,-0.017,0.147,1.128,255,1100
220653642,0.122,-1.098,1.341,0.308,0.183,0.955,255,1100
220654528,-0.366,-0.854,1.037,0.290,0.199,1.146,255,1100
220655640,-2.256,2.622,-1.037,-0.030,-0.034,1.132,255,1100
220656517,-2.500,4.451,-0.793,-0.153,-0.089,0.894,255,1100
220657640,-2.317,3.841,0.183,-0.182,-0.071,1.109,255,1100
220658633,-1.402,2.378,0.610,-0.336,-0.078,1.014,255,1100
220659640,-0.671,1.402,0.671,-0.202,-0.031,1.063,255,1100
220660628,0.000,-0.061,0.976,0.009,0.170,1.071,255,1100
220661640,-0.244,-0.488,1.037,0.271,0.184,1.210,255,1100
220662373,-0.244,-0.488,1.037,0.271,0.184,1.210,255,1100
220663640,-2.073,2.622,-0.610,-0.069,0.024,1.175,255,1100
220664513,-2.317,3.902,-0.305,-0.106,-0.078,0.871,255,1100
220665640,-2.134,3.354,0.122,-0.239,-0.090,1.129,255,1100
220666632,-1.463,2.134,0.000,-0.322,-0.057,1.044,255,1100
220667640,-0.610,1.098,0.488,-0.173,-0.021,1.069,255,1100
220668618,0.427,-0.915,1.220,0.298,0.159,0.997,255,1100
220669640,0.000,-0.427,0.732,0.279,0.135,1.186,255,1100
220670372,-0.976,1.402,-0.244,0.177,0.009,0.881,255,1100
220671640,-1.951,2.866,-0.793,-0.010,0.001,1.108,255,1100
220672509,-1.890,3.537,-0.366,-0.112,-0.069,0.912,255,1100
220673640,-1.646,3.293,0.122,-0.233,-0.131,1.114,255,1100
220674634,-0.244,1.220,0.671,-0.344,-0.053,1.013,255,1100
220675640,0.305,-0.183,1.585,0.129,0.147,1.092,255,1100
220676503,0.183,-0.732,1.280,0.204,0.167,1.014,255,1100
220677640,-0.427,-0.061,0.122,0.298,0.101,1.077,255,1100
220678373,-1.524,1.524,-0.427,0.172,0.089,0.925,255,1100
220679640,-2.256,2.500,-0.671,0.027,-0.049,1.027,255,1100
220680505,-2.744,3.659,-0.244,-0.173,-0.070,1.021,255,1100
220681640,-1.341,2.134,0.610,-0.220,-0.166,1.155,255,1100
220682637,-0.366,0.793,0.976,-0.076,0.027,1.085,255,1100
220683640,0.061,-0.061,1.220,0.088,0.145,1.035,255,1100
220684371,0.732,-0.122,0.610,0.233,0.131,1.022,255,1100
220685640,0.244,0.488,0.366,0.266,0.151,1.037,255,1100
220686373,-0.915,1.829,0.183,0.172,0.069,1.014,255,1100
220687640,-2.012,2.500,-0.183,0.006,-0.033,0.971,255,1100
220688505,-2.683,3.476,-0.488,-0.240,-0.108,1.058,255,1100
220689640,-1.829,1.280,0.915,-0.257,-0.009,1.000,255,1100
220690630,-0.488,0.732,1.159,-0.061,0.031,1.164,255,1100
220691640,0.244,0.061,0.671,0.049,0.082,1.012,255,1100
220692369,0.488,0.305,0.488,0.253,0.150,1.010,255,1100
220693640,0.366,0.732,0.549,0.256,0.156,1.018,255,1100
220694369,-0.976,1.890,0.183,0.173,0.050,1.043,255,1100
220695640,-2.317,3.293,-0.427,-0.198,-0.110,1.086,255,1100
220696513,-1.951,2.378,0.427,-0.180,-0.025,1.044,255,1100
220697640,-1.951,1.159,0.915,-0.234,-0.060,1.031,255,1100
220698629,-0.976,0.610,1.098,-0.082,0.046,1.163,255,1100
220699640,0.244,0.549,0.915,0.009,0.075,1.002,255,1100
220700367,0.183,0.488,0.427,0.300,0.191,1.044,255,1100
220701640,0.488,0.854,0.305,0.239,0.137,0.979,255,1100
220702372,-0.549,1.646,-0.183,0.166,0.025,1.080,255,1100
220703640,-2.256,2.744,-0.305,-0.108,-0.062,1.120,255,1100
220704576,-2.012,1.707,0.854,-0.180,-0.021,1.009,255,1100
220705642,-1.402,0.976,1.159,-0.213,-0.066,1.056,255,1100
220706657,-0.671,0.610,0.854,-0.110,0.036,1.189,255,1100
220707640,0.122,0.915,0.793,0.081,0.088,0.937,255,1100
220708375,0.244,0.915,0.854,0.261,0.213,1.072,255,1100
220709640,-1.220,1.890,-0.366,0.132,0.006,1.193,255,1100
220710376,-1.220,1.890,-0.366,0.132,0.006,1.193,255,1100
220711640,-2.317,2.683,-0.183,-0.081,-0.049,1.138,255,1100
220712507,-2.256,1.463,0.854,-0.215,-0.026,1.061,255,1100
220713640,-1.402,1.098,0.976,-0.156,-0.103,1.059,255,1100
220714634,-0.549,0.732,0.610,-0.125,0.081,1.124,255,1100
220715640,0.427,1.159,0.976,0.139,0.081,0.963,255,1100
220716371,0.427,1.159,0.976,0.256,0.200,1.135,255,1100
220717640,-0.854,2.256,-0.549,0.069,0.009,1.255,255,1100
220718370,-1.524,2.500,-0.732,-0.074,-0.001,0.750,255,1100
220719640,-2.012,2.012,0.244,-0.075,-0.077,1.177,255,1100
220720672,-1.951,1.037,0.732,-0.257,-0.037,1.050,255,1100
220721640,-1.280,0.732,0.488,-0.136,-0.086,1.095,255,1100
220722647,0.427,1.159,0.976,-0.074,0.101,1.045,255,1100
220723640,0.366,1.280,0.244,0.220,0.166,1.070,255,1100
220724373,0.183,1.768,-0.488,0.220,0.166,1.070,255,1100
220725640,-1.280,2.256,-0.488,0.046,0.054,1.140,255,1100
220726374,-2.256,2.134,-0.366,-0.031,-0.010,0.821,255,1100
220727640,-2.744,1.524,0.000,-0.138,-0.070,1.171,255,1100
220728627,-2.561,0.793,0.793,-0.184,-0.073,1.056,255,1100
220729640,-0.488,0.915,0.976,0.020,-0.001,1.028,255,1100
220730504,0.305,1.646,0.549,0.020,-0.001,1.028,255,1100
220731640,0.488,2.012,0.000,0.240,0.076,0.988,255,1100
220732367,0.122,2.256,0.000,0.099,0.161,0.996,255,1100
220733640,-1.098,2.317,-0.183,0.094,0.011,1.076,255,1100
220734377,-2.439,2.012,0.000,-0.038,0.015,0.907,255,1100
220735640,-2.561,1.159,0.061,-0.170,-0.099,1.101,255,1100
220736502,-2.073,0.854,0.610,-0.178,-0.036,1.017,255,1100
220737640,-0.305,1.159,1.098,0.015,0.030,0.977,255,1100
220738505,0.244,1.585,0.244,0.036,0.093,1.092,255,1100
220739640,0.549,2.317,-0.183,0.208,0.103,0.976,255,1100
220740371,0.061,2.378,-0.244,0.118,0.142,1.038,255,1100
220741640,-1.098,2.012,-0.183,0.072,0.026,1.002,255,1100
220742372,-2.134,1.585,-0.488,-0.055,-0.017,0.951,255,1100
220743640,-2.256,0.427,0.793,-0.146,0.004,1.024,255,1100
220744510,-1.646,0.488,1.402,-0.058,-0.020,1.179,255,1100
220745640,-0.671,1.220,0.915,-0.004,0.027,0.978,255,1100
220746502,-0.122,2.256,0.122,0.039,0.019,1.102,255,1100
220747640,0.122,2.561,0.000,0.166,0.180,0.929,255,1100
220748363,0.061,2.683,-0.122,0.146,0.085,1.021,255,1100
220749640,-1.951,1.402,-0.305,-0.018,0.049,0.990,255,1100
220750509,-1.768,0.427,0.183,-0.068,-0.053,0.994,255,1100
220751640,-1.890,-0.244,1.098,-0.109,-0.019,1.134,255,1100
220752630,-1.280,0.183,1.402,-0.048,0.000,1.163,255,1100
220753640,-0.671,0.732,0.793,-0.008,-0.019,0.958,255,1100
220754505,0.061,1.951,0.122,0.062,0.104,1.095,255,1100
220755640,0.183,2.683,0.122,0.181,0.117,0.964,255,1100
220756369,0.305,2.622,0.122,0.085,0.106,0.979,255,1100
220757640,-1.890,1.159,-0.305,-0.060,-0.019,1.002,255,1100
220758505,-2.073,-0.061,0.305,-0.076,-0.026,1.040,255,1100
220759640,-2.012,-0.061,1.463,-0.140,0.040,1.147,255,1100
220760628,-0.976,0.305,1.280,0.003,-0.046,1.203,255,1100
220761640,-0.427,1.341,0.488,-0.039,0.033,0.911,255,1100
220762373,0.549,2.500,0.183,0.075,0.091,1.060,255,1100
220763640,-0.061,2.622,-0.244,0.135,0.092,1.078,255,1100
220764372,-0.061,2.622,-0.244,0.135,0.092,1.078,255,1100
220765640,-2.134,0.732,-0.305,-0.056,-0.013,1.020,255,1100
220766507,-2.805,-0.305,0.854,-0.096,-0.041,1.032,255,1100
220767640,-2.195,-0.610,1.585,-0.063,0.014,1.152,255,1100
220768628,-1.524,0.305,1.585,-0.013,-0.017,1.145,255,1100
220769640,-0.488,1.646,0.671,0.014,-0.009,0.990,255,1100
220770503,0.244,2.866,0.061,0.090,0.044,1.090,255,1100
220771640,0.305,2.805,0.000,0.101,0.089,1.099,255,1100
220772364,-0.976,1.707,-0.244,-0.104,0.055,0.925,255,1100
220773640,-1.585,0.732,0.000,0.024,-0.046,1.089,255,1100
220774501,-2.439,-0.366,0.671,-0.156,0.018,0.933,255,1100
220775640,-2.439,-0.061,1.220,0.033,-0.014,1.188,255,1100
220776629,-1.829,0.732,1.159,-0.042,0.013,1.139,255,1100
220777640,0.000,3.232,0.061,-0.001,0.074,1.029,255,1100
220778377,0.000,3.232,0.061,-0.001,0.074,1.029,255,1100
220779640,0.061,3.110,-0.305,0.028,0.123,1.094,255,1100
220780367,-0.854,1.402,-0.244,-0.058,0.012,0.888,255,1100
220781640,-1.768,0.061,0.427,-0.011,-0.005,1.160,255,1100
220782627,-2.134,-0.305,0.549,-0.087,-0.033,0.958,255,1100
220783640,-1.280,0.915,1.280,0.000,0.040,1.147,255,1100
220784503,-0.610,1.829,0.793,-0.022,0.036,1.079,255,1100
220785640,0.000,3.171,-0.366,-0.033,0.049,0.923,255,1100
220786377,0.061,3.780,-0.488,0.060,0.069,0.928,255,1100
220787640,-0.122,2.988,-0.183,-0.021,0.135,1.100,255,1100
220788511,-0.915,1.890,0.061,0.017,-0.036,0.957,255,1100
220789640,-1.951,-0.183,0.244,-0.089,0.036,1.089,255,1100
220790506,-2.317,-0.793,0.671,-0.038,-0.052,0.980,255,1100
220791640,-1.280,0.915,1.524,0.021,-0.028,1.051,255,1100
220792503,-0.427,2.378,0.488,0.028,-0.001,1.056,255,1100
220793640,0.122,3.841,-0.549,-0.029,0.006,0.975,255,1100
220794425,0.244,4.512,-0.549,0.058,0.127,1.002,255,1100
220795641,-0.244,2.927,-0.183,-0.025,0.098,1.004,255,1100
220796516,-1.037,1.524,0.061,-0.034,0.006,0.977,255,1100
220797640,-2.134,-1.402,0.854,0.009,0.022,1.023,255,1100
220798374,-2.134,-1.402,0.854,0.009,0.022,1.023,255,1100
220799640,-1.768,0.732,1.341,-0.002,0.025,1.127,255,1100
220800374,-0.488,2.805,0.122,0.038,-0.094,1.098,255,1100
220801640,-0.305,4.329,-0.488,-0.039,0.066,0.914,255,1100
220802506,0.061,4.573,-0.305,0.046,0.093,0.981,255,1100
220803640,-0.366,2.988,0.122,-0.056,0.094,0.946,255,1100
220804370,-1.159,1.098,0.122,-0.056,0.002,1.055,255,1100
220805640,-2.256,-1.585,1.402,0.028,0.061,1.137,255,1100
220806376,-1.890,-0.854,1.829,0.068,0.034,1.125,255,1100
220807640,-1.402,0.915,1.402,0.000,-0.008,1.074,255,1100
220808376,-0.854,3.110,0.122,0.038,-0.068,1.072,255,1100
220809640,-0.183,4.512,-0.488,-0.014,0.031,0.896,255,1100
220810515,0.000,4.695,-0.244,-0.063,0.074,1.024,255,1100
220811640,-1.037,0.854,-0.122,-0.047,0.024,1.109,255,1100
220812499,-1.829,-1.098,0.488,0.021,0.040,0.926,255,1100
220813640,-2.195,-1.707,1.341,-0.004,0.038,1.208,255,1100
220814515,-1.890,-0.854,1.585,0.094,0.049,1.030,255,1100
220815640,-1.585,1.159,1.037,0.062,-0.032,1.134,255,1100
220816374,-0.549,3.049,0.183,-0.002,-0.002,1.039,255,1100
220817640,-0.244,4.756,-0.488,-0.041,-0.048,0.910,255,1100
220818620,-0.488,2.927,-0.244,-0.029,0.054,0.936,255,1100
220819640,-1.098,0.549,0.122,-0.049,0.082,1.102,255,1100
220820500,-1.402,-1.768,0.671,0.024,-0.039,0.932,255,1100
220821640,-1.646,-1.951,1.280,0.001,0.079,1.231,255,1100
220822546,-1.646,-0.854,1.585,0.130,0.015,0.986,255,1100
220823641,-1.402,1.402,1.159,0.063,0.014,1.149,255,1100
220824399,-0.610,3.659,0.305,0.036,-0.025,1.099,255,1100
220825640,0.000,4.939,-0.427,-0.095,0.083,1.031,255,1100
220826380,-0.427,2.927,-0.183,-0.095,0.083,1.031,255,1100
220827640,-0.793,0.305,0.488,0.002,0.042,1.167,255,1100
220828502,-1.280,-1.768,1.037,-0.045,0.035,0.904,255,1100
220829640,-1.890,-1.951,1.098,0.079,0.005,1.256,255,1100
220830504,-2.439,-0.671,1.402,0.097,0.085,1.035,255,1100
220831640,-0.549,3.537,-0.061,-0.061,-0.023,1.096,255,1100
220832508,-0.122,5.183,-1.037,-0.061,-0.023,1.096,255,1100
220833640,0.183,4.756,-0.793,-0.083,0.100,1.086,255,1100
220834505,0.366,2.744,-0.183,-0.105,0.108,0.862,255,1100
220835640,-0.610,0.183,0.427,-0.006,0.012,1.184,255,1100
220836368,-1.524,-1.585,0.671,-0.035,0.059,0.867,255,1100
220837640,-1.951,-2.134,1.037,0.137,0.047,1.219,255,1100
220838505,-2.256,-0.671,1.341,0.101,0.077,1.115,255,1100
220839640,-0.793,3.902,-0.244,-0.083,-0.075,1.060,255,1100
220840519,-0.183,5.549,-0.915,-0.106,-0.043,0.901,255,1100
220841640,-0.427,4.817,-0.488,-0.101,0.081,1.074,255,1100
220842625,-0.244,2.256,0.061,-0.097,0.118,0.869,255,1100
220843640,-0.915,-0.366,0.244,0.008,0.009,1.164,255,1100
220844375,-1.402,-1.585,0.610,-0.027,0.055,0.903,255,1100
220845640,-2.195,-0.488,1.890,0.137,0.034,1.084,255,1100
220846504,-1.402,1.829,0.915,0.090,-0.029,0.986,255,1100
220847640,-1.098,4.573,-0.488,-0.084,-0.091,1.088,255,1100
220848513,-0.061,5.732,-0.793,-0.069,0.000,0.954,255,1100
220849640,-0.305,4.817,-0.427,-0.140,0.080,1.031,255,1100
220850613,0.000,2.561,0.244,-0.115,0.051,0.929,255,1100
220851640,-0.976,-1.829,0.976,-0.079,0.039,1.087,255,1100
220852503,-1.829,-2.561,1.402,0.072,0.062,0.928,255,1100
220853640,-2.439,-0.427,1.402,0.168,-0.004,1.133,255,1100
220854510,-1.646,1.951,0.244,0.081,-0.036,1.054,255,1100
220855640,-1.341,4.512,-0.793,-0.089,-0.050,1.003,255,1100
220856513,-0.427,5.549,-1.037,-0.108,-0.027,1.034,255,1100
220857640,-0.549,4.512,-0.549,-0.204,0.047,0.929,255,1100
220858629,-0.549,-0.610,0.061,-0.087,0.062,1.005,255,1100
220859640,-1.402,-2.439,1.159,0.156,0.052,1.118,255,1100
220860502,-1.585,-2.805,1.585,0.139,0.130,1.042,255,1100
220861640,-2.012,-0.183,0.915,0.142,-0.003,1.171,255,1100
220862507,-2.012,2.561,0.549,0.072,-0.029,1.050,255,1100
220863640,-1.159,4.634,-0.488,-0.035,-0.049,1.008,255,1100
220864513,-0.366,5.671,-0.549,-0.119,-0.008,1.035,255,1100
220865640,-0.488,2.317,-0.061,-0.109,0.057,1.109,255,1100
220866624,-0.488,-0.549,0.549,-0.083,0.122,0.892,255,1100
220867640,-0.976,-2.561,1.463,0.170,0.080,1.234,255,1100
220868505,-1.707,-2.805,1.402,0.170,0.103,0.903,255,1100
220869640,-2.439,-0.122,0.976,0.171,-0.032,1.287,255,1100
220870510,-1.890,2.744,0.366,0.059,0.024,1.003,255,1100
220871640,-1.463,4.817,-0.244,-0.038,-0.067,0.965,255,1100
220872513,-0.854,5.366,-0.488,-0.167,-0.044,1.048,255,1100
220873640,-0.610,1.829,-0.305,-0.133,0.151,1.036,255,1100
220874632,-0.671,-1.280,1.037,0.053,0.085,0.930,255,1100
220875640,-1.341,-3.232,1.585,0.155,0.095,1.242,255,1100
220876380,-1.646,-2.744,1.341,0.127,0.061,0.949,255,1100
220877640,-2.073,0.366,1.037,0.184,0.014,1.269,255,1100
220878380,-1.707,2.988,0.793,0.138,-0.003,0.936,255,1100
220879640,-0.366,5.854,-0.915,-0.220,-0.066,1.018,255,1100
220880513,0.000,5.000,-0.854,-0.227,0.021,0.955,255,1100
220881640,-0.122,2.134,0.366,-0.072,0.111,1.058,255,1100
220882369,-0.610,-1.220,1.159,-0.072,0.129,0.983,255,1100
220883640,-0.854,-2.683,1.220,0.153,0.021,1.177,255,1100
220884506,-1.646,-2.073,1.341,0.186,0.143,0.976,255,1100
220885640,-1.768,2.805,0.488,0.245,0.035,1.186,255,1100
220886380,-1.768,2.805,0.488,0.091,-0.039,0.971,255,1100
220887640,-0.610,5.793,-0.976,-0.173,-0.098,1.005,255,1100
220888503,-0.793,4.207,-0.854,-0.277,0.089,0.887,255,1100
220889640,-0.488,1.463,0.305,-0.093,0.042,1.006,255,1100
220890496,-0.244,-1.402,0.976,-0.019,0.138,1.067,255,1100
220891640,-0.610,-2.988,0.976,0.217,0.031,1.104,255,1100
220892508,-1.524,-2.317,1.524,0.137,0.158,1.083,255,1100
220893640,-1.585,3.110,0.366,0.124,-0.028,1.027,255,1100
220894380,-1.159,4.756,-0.610,0.124,-0.028,1.027,255,1100
220895640,-0.488,5.854,-0.915,-0.226,-0.047,1.021,255,1100
220896634,-0.366,4.634,-0.183,-0.221,0.033,0.937,255,1100
220897640,-0.488,1.463,0.549,-0.113,0.070,1.012,255,1100
220898503,-0.610,-1.280,0.671,-0.076,0.068,1.042,255,1100
220899640,-1.463,-2.195,1.524,0.220,0.133,1.103,255,1100
220900510,-1.707,0.122,0.915,0.220,0.133,1.103,255,1100
220901640,-1.768,3.110,0.000,0.059,-0.106,0.998,255,1100
220902362,-1.098,5.488,-0.488,-0.149,-0.059,1.082,255,1100
220903640,-0.793,5.366,-0.671,-0.222,-0.063,0.971,255,1100
220904641,-0.488,3.780,0.122,-0.235,0.030,0.964,255,1100
220905640,0.000,1.098,0.488,-0.166,0.049,0.978,255,1100
220906374,0.183,-1.463,0.915,0.023,0.093,1.068,255,1100
220907640,-1.463,-2.012,1.524,0.196,0.109,0.999,255,1100
220908382,-1.707,0.549,0.488,0.191,0.008,1.089,255,1100
220909640,-1.646,3.537,-0.183,0.070,-0.071,1.092,255,1100
220910502,-0.976,5.244,-0.610,-0.108,-0.062,1.002,255,1100
220911640,-0.549,5.183,-0.488,-0.294,-0.027,0.958,255,1100
220912703,-0.427,1.280,0.427,-0.177,-0.007,0.978,255,1100
220913642,-0.244,-1.524,0.915,0.022,0.134,1.076,255,1100
220914524,-1.098,-2.866,1.524,0.213,0.133,1.135,255,1100
220915640,-1.341,-1.768,1.280,0.278,0.114,0.995,255,1100
220916380,-2.256,0.549,0.366,0.169,-0.032,1.152,255,1100
220917640,-2.012,3.598,-0.610,0.032,-0.019,1.029,255,1100
220918511,-1.585,5.061,-0.793,-0.090,-0.106,1.029,255,1100
220919640,-0.671,3.293,-0.183,-0.303,-0.026,0.891,255,1100
220920636,-0.427,0.915,0.244,-0.210,0.122,0.947,255,1100
220921640,0.122,-1.280,1.341,0.146,0.154,1.120,255,1100
220922372,-0.671,-2.744,1.585,0.217,0.130,1.037,255,1100
220923640,-1.098,-1.341,0.793,0.251,0.083,1.112,255,1100
220924380,-1.890,1.098,-0.183,0.145,0.013,1.055,255,1100
220925640,-1.707,3.720,-0.183,0.106,-0.051,1.110,255,1100
220926510,-1.341,5.000,-0.183,-0.160,-0.090,0.967,255,1100
220927640,-0.549,3.476,-0.366,-0.267,-0.006,1.052,255,1100
220928633,-0.488,0.610,0.122,-0.087,0.091,0.951,255,1100
220929640,-0.183,-1.890,1.159,0.053,0.171,1.198,255,1100
220930369,-0.671,-2.561,1.402,0.227,0.102,0.966,255,1100
220931640,-1.280,-1.037,1.220,0.272,0.119,1.170,255,1100
220932374,-2.134,1.280,0.732,0.170,-0.005,1.021,255,1100
220933640,-1.463,5.000,-0.610,-0.184,-0.151,0.959,255,1100
220934507,-1.037,4.756,-0.793,-0.184,-0.151,0.959,255,1100
220935640,-0.488,2.866,-0.183,-0.226,0.042,1.066,255,1100
220936634,-0.305,0.671,0.793,-0.087,0.066,0.947,255,1100
220937640,0.000,-1.951,1.037,0.088,0.166,1.138,255,1100
220938366,-0.488,-2.195,1.280,0.232,0.054,1.000,255,1100
220939640,-1.280,-1.037,0.793,0.250,0.150,1.162,255,1100
220940388,-1.768,1.585,0.183,0.212,0.003,0.948,255,1100
220941640,-1.524,5.061,-0.732,-0.224,-0.142,0.914,255,1100
220942506,-1.280,4.695,-0.183,-0.302,-0.045,0.939,255,1100
220943640,-0.671,2.927,0.244,-0.219,0.007,1.022,255,1100
220944507,-0.488,0.671,0.854,-0.145,0.127,1.050,255,1100
220945640,0.244,-1.951,1.402,0.132,0.118,1.097,255,1100
220946376,-0.549,-2.012,1.341,0.228,0.134,1.040,255,1100
220947640,-2.256,1.585,0.244,0.158,0.036,0.878,255,1100
220948380,-2.256,1.585,0.244,0.158,0.036,0.878,255,1100
220949640,-1.341,5.000,-0.427,-0.234,-0.121,0.945,255,1100
220950510,-0.732,4.146,-0.915,-0.293,-0.065,0.997,255,1100
220951640,-0.244,2.439,-0.061,-0.254,0.012,0.990,255,1100
220952628,0.061,0.549,0.610,-0.095,0.097,1.072,255,1100
220953640,-0.183,-2.256,1.341,0.151,0.156,1.110,255,1100
220954372,-0.183,-2.256,1.341,0.242,0.197,1.041,255,1100
220955640,-2.134,1.768,-0.061,0.128,0.003,0.939,255,1100
220956379,-2.317,3.902,-0.366,-0.010,-0.108,1.109,255,1100
220957640,-1.829,5.000,-0.427,-0.244,-0.076,0.932,255,1100
220958641,-1.280,4.268,-0.244,-0.255,-0.110,1.019,255,1100
220959640,-0.610,2.317,0.671,-0.264,0.018,1.012,255,1100
220960507,-0.183,0.366,0.976,-0.125,0.090,1.070,255,1100
220961640,0.000,-1.829,1.463,0.243,0.127,1.055,255,1100
220962372,-0.976,-0.610,0.976,0.243,0.127,1.055,255,1100
220963640,-1.951,1.951,-0.183,0.111,-0.026,1.058,255,1100
220964514,-1.951,4.329,-0.122,0.027,-0.032,1.026,255,1100
220965640,-1.890,4.695,-0.366,-0.248,-0.136,1.022,255,1100
220966636,-1.098,3.659,-0.549,-0.269,-0.056,0.995,255,1100
220967640,0.183,0.793,0.915,-0.131,0.147,1.048,255,1100
220968509,0.427,-1.707,1.585,-0.131,0.147,1.048,255,1100
220969640,0.061,-2.073,1.768,0.234,0.179,1.076,255,1100
220970380,-0.793,-0.549,0.549,0.312,0.042,0.987,255,1100
220971640,-1.951,2.195,-0.183,0.090,0.013,1.159,255,1100
220972378,-1.829,4.207,-0.366,0.017,-0.040,0.868,255,1100
220973640,-2.134,4.756,-0.061,-0.236,-0.120,1.073,255,1100
220974634,-0.915,2.317,0.061,-0.306,0.007,1.042,255,1100
220975640,-0.122,0.061,0.915,-0.067,0.151,1.098,255,1100
220976375,0.000,-1.646,1.463,0.226,0.151,0.980,255,1100
220977640,-0.183,-1.707,1.341,0.271,0.174,1.163,255,1100
220978374,-1.280,-0.122,0.549,0.294,0.033,0.914,255,1100
220979640,-2.012,2.439,-0.610,0.120,0.027,1.129,255,1100
220980387,-2.744,4.146,-0.610,-0.043,-0.094,0.937,255,1100
220981640,-1.341,3.659,-0.244,-0.269,-0.102,1.027,255,1100
220982639,-0.549,2.195,0.427,-0.291,0.037,0.977,255,1100
220983640,0.183,0.122,1.280,-0.038,0.121,1.154,255,1100
220984378,0.305,-1.585,1.463,0.164,0.163,0.893,255,1100
220985640,-0.122,-1.463,1.037,0.313,0.130,1.252,255,1100
220986374,-1.280,0.183,0.549,0.271,0.135,0.890,255,1100
220987640,-2.988,4.390,-0.610,0.178,-0.051,1.115,255,1100
220988507,-2.988,4.390,-0.610,-0.170,-0.050,0.953,255,1100
220989640,-1.646,3.476,0.122,-0.308,-0.024,1.015,255,1100
220990631,-0.305,1.890,0.427,-0.253,-0.035,0.983,255,1100
220991640,0.061,-0.122,1.159,-0.066,0.141,1.125,255,1100
220992506,0.793,-1.341,1.402,0.217,0.154,0.970,255,1100
220993640,0.061,-1.280,1.402,0.307,0.198,1.198,255,1100
220994374,-0.732,0.061,0.427,0.243,0.092,0.883,255,1100
220995640,-2.195,4.207,-0.671,-0.140,-0.078,0.965,255,1100
220996507,-2.012,4.268,-0.183,-0.216,-0.114,1.048,255,1100
220997640,-1.280,3.110,0.122,-0.276,-0.079,1.050,255,1100
220998635,-0.427,1.463,0.671,-0.220,0.000,1.039,255,1100
220999640,-0.061,-0.122,0.793,-0.093,0.097,1.085,255,1100
221000499,0.366,-0.854,1.280,0.220,0.156,1.002,255,1100
221001640,-0.610,0.610,0.122,0.257,0.073,0.963,255,1100
221002369,-0.610,0.610,0.122,0.257,0.073,0.963,255,1100
221003640,-2.195,4.207,-0.671,-0.108,-0.089,0.982,255,1100
221004505,-1.829,4.268,-0.183,-0.206,-0.046,1.069,255,1100
221005640,-1.524,2.805,0.427,-0.263,-0.111,1.058,255,1100
221006633,-0.549,1.280,0.854,-0.266,0.043,1.029,255,1100
221007640,-0.244,0.061,0.915,-0.035,0.060,1.049,255,1100
221008375,0.244,-0.366,1.463,0.246,0.226,1.059,255,1100
221009640,-1.280,0.610,0.000,0.242,0.053,1.054,255,1100
221010366,-2.134,2.012,-0.671,0.242,0.053,1.054,255,1100
221011640,-2.439,3.720,-0.671,-0.099,-0.080,1.071,255,1100
221012516,-1.829,3.293,0.000,-0.236,-0.070,0.999,255,1100
221013640,-1.402,2.622,0.549,-0.221,-0.098,1.085,255,1100
221014615,-0.183,1.341,0.488,-0.262,0.027,1.015,255,1100
221015640,0.732,-0.183,1.159,0.250,0.189,1.110,255,1100
221016384,0.732,-0.183,1.159,0.250,0.189,1.110,255,1100
221017640,-1.159,1.037,0.000,0.209,0.053,1.169,255,1100
221018368,-2.134,2.073,-0.671,0.061,-0.018,0.865,255,1100
221019640,-2.744,3.659,-0.549,-0.090,-0.104,1.172,255,1100
221020639,-2.073,3.354,0.000,-0.233,-0.074,0.947,255,1100
221021640,-0.671,0.976,0.732,-0.233,-0.106,1.077,255,1100
221022615,0.244,0.366,1.037,0.021,0.151,1.004,255,1100
221023640,0.305,0.061,1.037,0.222,0.161,1.119,255,1100
221024378,-0.061,0.427,0.427,0.218,0.139,0.899,255,1100
221025640,-1.159,1.707,0.000,0.207,0.075,1.231,255,1100
221026364,-1.707,2.439,-0.488,0.088,0.016,0.817,255,1100
221027640,-2.195,3.476,-0.244,-0.135,-0.123,1.214,255,1100
221028519,-1.829,2.927,-0.061,-0.205,-0.101,0.875,255,1100
221029640,-0.915,0.915,0.854,-0.134,0.044,1.130,255,1100
221030505,0.183,0.244,1.402,-0.005,0.117,0.968,255,1100
221031640,0.305,0.000,0.915,0.211,0.146,1.111,255,1100
221032370,0.244,0.244,0.488,0.231,0.171,0.923,255,1100
221033640,-1.098,1.341,0.061,0.227,0.056,1.169,255,1100
221034375,-2.256,2.256,-0.366,0.041,-0.009,0.866,255,1100
221035640,-2.134,2.561,-0.061,-0.179,-0.103,0.916,255,1100
221036629,-1.402,1.707,0.427,-0.251,-0.015,1.115,255,1100
221037640,-0.610,1.098,0.976,-0.069,0.001,1.122,255,1100
221038539,0.366,0.671,1.098,-0.037,0.132,0.962,255,1100
221039640,0.000,0.244,0.732,0.253,0.114,1.081,255,1100
221040398,-0.488,0.671,0.366,0.211,0.188,0.979,255,1100
221041640,-0.976,1.768,-0.122,0.235,0.021,1.105,255,1100
221042380,-2.256,2.439,-0.732,-0.039,-0.021,0.922,255,1100
221043640,-2.378,2.439,0.305,-0.207,-0.045,0.932,255,1100
221044640,-1.707,1.159,0.976,-0.187,-0.025,1.130,255,1100
221045640,-0.610,0.671,1.280,-0.124,0.035,1.096,255,1100
221046501,0.366,0.488,0.732,-0.011,0.097,1.036,255,1100
221047640,0.305,0.610,0.671,0.243,0.158,1.021,255,1100
221048371,-0.305,0.915,0.305,0.208,0.169,0.928,255,1100
221049640,-2.622,2.439,-0.488,-0.038,-0.051,0.927,255,1100
221050513,-2.378,2.683,-0.427,-0.133,-0.099,1.068,255,1100
221051640,-2.378,1.768,0.610,-0.182,-0.064,1.034,255,1100
221052637,-1.646,0.854,1.280,-0.177,-0.014,1.123,255,1100
221053640,-0.854,0.610,1.159,-0.119,-0.022,1.069,255,1100
221054629,0.122,1.037,0.976,-0.014,0.125,1.043,255,1100
221055640,0.305,1.280,0.732,0.261,0.165,1.041,255,1100
221056369,0.305,1.280,0.732,0.198,0.173,0.971,255,1100
221057640,-2.378,2.500,-0.732,-0.078,-0.052,0.891,255,1100
221058513,-2.500,2.500,-0.305,-0.116,-0.048,1.062,255,1100
221059640,-2.439,1.768,0.610,-0.162,-0.093,1.053,255,1100
221060694,-1.280,0.793,1.098,-0.213,0.008,1.136,255,1100
221061642,-0.732,0.915,0.793,-0.103,-0.021,1.140,255,1100
221062532,0.061,1.220,0.793,0.043,0.148,0.980,255,1100
221063640,-0.488,1.768,0.061,0.218,0.090,1.012,255,1100
221064371,-1.341,2.073,-0.549,0.218,0.090,1.012,255,1100
221065640,-2.195,2.622,-0.671,-0.028,-0.007,0.953,255,1100
221066518,-2.622,2.012,-0.061,-0.081,-0.049,1.092,255,1100
221067640,-2.317,1.159,0.732,-0.183,-0.079,1.091,255,1100
221068631,-1.585,0.976,0.305,-0.204,-0.046,1.110,255,1100
221069640,0.366,1.341,1.037,-0.095,0.007,1.071,255,1100
221070500,0.671,1.159,0.793,0.092,0.158,0.994,255,1100
221071640,0.732,1.707,-0.122,0.192,0.088,1.085,255,1100
221072371,-0.915,2.256,-0.366,0.066,0.039,1.004,255,1100
221073640,-2.012,1.951,-0.366,-0.017,0.001,0.974,255,1100
221074503,-2.439,1.585,-0.061,-0.114,-0.087,1.084,255,1100
221075640,-2.195,1.341,0.671,-0.158,-0.068,1.056,255,1100
221076631,-0.305,0.915,0.915,-0.070,0.099,1.012,255,1100
221077640,0.305,1.159,0.915,0.121,0.106,1.061,255,1100
221078373,0.610,1.646,0.061,0.121,0.106,1.061,255,1100
221079640,-0.305,2.195,-0.427,0.154,0.102,1.115,255,1100
221080372,-1.646,2.378,-0.305,0.051,0.058,0.899,255,1100
221081640,-2.134,1.890,-0.305,0.012,-0.011,1.055,255,1100
221082515,-2.500,1.280,0.000,-0.140,-0.118,1.009,255,1100
221083640,-1.768,0.732,1.037,-0.135,-0.010,1.111,255,1100
221084616,-0.549,0.976,1.220,-0.050,0.048,1.047,255,1100
221085640,0.061,1.463,0.854,0.057,0.106,1.025,255,1100
221086370,0.305,2.073,0.000,0.181,0.072,0.979,255,1100
221087640,0.183,2.500,-0.244,0.132,0.181,1.078,255,1100
221088371,-0.732,2.256,-0.366,0.126,-0.001,0.929,255,1100
221089640,-2.317,1.159,-0.366,-0.080,0.041,1.089,255,1100
221090631,-2.500,0.793,0.732,-0.166,-0.007,1.242,255,1100
221091640,-1.341,0.854,1.037,-0.132,0.000,1.001,255,1100
221092495,-0.793,1.402,1.098,0.009,0.021,1.093,255,1100
221093640,-0.061,1.707,0.732,0.032,0.066,1.006,255,1100
221094371,0.305,2.378,0.122,0.188,0.130,1.027,255,1100
221095640,0.305,2.439,-0.061,0.125,0.160,1.037,255,1100
221096436,-0.915,2.134,0.000,0.077,-0.009,0.894,255,1100
221097642,-1.951,1.463,0.305,-0.129,-0.074,0.886,255,1100
221098533,-2.317,0.427,1.159,-0.091,-0.003,1.266,255,1100
221099640,-1.220,0.366,1.463,-0.110,0.019,1.031,255,1100
221100510,-0.610,0.854,0.732,-0.029,-0.021,1.115,255,1100
221101640,0.000,1.707,0.305,0.026,0.090,0.996,255,1100
221102501,0.610,2.439,-0.183,0.181,0.126,0.958,255,1100
221103640,-0.671,2.134,-0.305,0.130,0.146,1.083,255,1100
221104383,-0.671,2.134,-0.305,0.036,-0.036,0.912,255,1100
221105640,-2.378,1.037,0.183,-0.066,-0.070,0.917,255,1100
221106632,-2.500,0.183,1.463,-0.097,0.040,1.221,255,1100
221107640,-1.524,0.244,1.341,-0.093,-0.020,1.041,255,1100
221108502,-0.793,1.220,0.488,-0.043,-0.030,1.071,255,1100
221109640,0.183,2.134,0.000,0.054,0.122,1.068,255,1100
221110501,0.244,3.171,0.122,0.169,0.142,0.920,255,1100
221111640,-1.098,2.195,-0.427,-0.017,-0.032,0.931,255,1100
221112513,-2.073,1.402,-0.244,-0.028,0.019,1.017,255,1100
221113640,-2.439,0.671,0.671,-0.093,-0.052,1.016,255,1100
221114629,-2.195,-0.122,1.280,-0.069,-0.003,1.174,255,1100
221115640,-1.524,0.122,1.098,-0.093,-0.054,1.111,255,1100
221116628,-0.366,1.524,0.793,-0.016,0.030,1.046,255,1100
221117640,0.488,3.049,0.061,0.107,0.144,0.913,255,1100
221118373,0.488,3.049,0.061,0.107,0.144,0.913,255,1100
221119640,-0.793,2.378,-0.305,-0.044,-0.010,0.946,255,1100
221120505,-1.646,0.976,-0.183,0.012,0.034,1.035,255,1100
221121640,-2.256,0.122,0.793,-0.114,-0.017,1.002,255,1100
221122505,-2.012,-0.183,1.098,-0.037,-0.025,1.130,255,1100
221123640,-0.366,1.646,0.793,-0.137,-0.019,1.174,255,1100
221124630,0.000,2.683,0.427,0.030,0.067,0.962,255,1100
221125640,0.549,3.659,0.061,0.076,0.103,0.964,255,1100
221126373,0.183,3.232,-0.183,0.063,0.064,1.080,255,1100
221127640,-0.854,2.317,-0.305,-0.014,0.017,0.994,255,1100
221128501,-1.585,0.854,0.122,0.003,0.020,0.992,255,1100
221129640,-2.622,-0.061,0.610,-0.113,-0.038,1.035,255,1100
221130500,-2.500,-0.061,0.976,-0.030,-0.025,1.122,255,1100
221131640,-0.793,1.829,0.427,0.046,0.016,1.025,255,1100
221132503,0.000,2.988,-0.122,0.002,0.055,0.962,255,1100
221133640,0.122,3.780,-0.366,0.062,0.090,1.082,255,1100
221134429,-0.122,3.232,-0.366,0.039,0.116,0.941,255,1100
221135642,-1.159,1.951,-0.061,0.041,0.005,1.054,255,1100
221136411,-2.012,0.488,0.305,-0.053,0.028,0.915,255,1100
221137640,-2.439,0.000,1.159,-0.049,-0.083,1.122,255,1100
221138504,-1.707,0.488,1.402,-0.083,0.042,1.043,255,1100
221139640,-0.915,2.134,0.793,-0.019,0.063,1.028,255,1100
221140380,0.122,3.415,-0.488,0.026,-0.042,0.948,255,1100
221141640,0.000,4.207,-0.427,-0.000,0.129,1.128,255,1100
221142381,0.000,2.927,-0.305,0.085,0.090,0.866,255,1100
221143640,-1.463,1.646,0.122,-0.021,0.072,1.136,255,1100
221144374,-1.768,-0.122,0.122,-0.039,-0.023,0.868,255,1100
221145640,-2.134,-0.671,1.341,-0.018,0.076,0.968,255,1100
221146639,-1.768,0.427,1.585,0.033,-0.025,1.140,255,1100
221147640,-0.976,2.439,0.610,-0.024,-0.000,1.143,255,1100
221148502,-0.122,3.841,-0.427,0.007,-0.046,0.946,255,1100
221149640,0.000,4.146,-0.488,0.003,0.162,1.027,255,1100
221150496,-0.061,2.866,0.183,0.078,0.047,0.863,255,1100
221151640,-1.768,-0.122,-0.122,-0.037,-0.048,0.836,255,1100
221152506,-2.195,-0.854,0.732,-0.013,0.034,1.204,255,1100
221153640,-2.195,-0.793,1.646,0.028,0.019,1.000,255,1100
221154506,-1.524,0.610,1.524,0.016,0.047,1.138,255,1100
221155640,-0.671,2.561,0.305,0.012,-0.083,1.093,255,1100
221156372,0.122,4.024,-0.427,-0.041,0.092,0.939,255,1100
221157640,-0.061,3.049,0.061,0.052,0.022,1.078,255,1100
221158375,-0.061,3.049,0.061,-0.064,0.150,0.835,255,1100
221159640,-1.585,0.000,0.366,-0.012,0.062,0.882,255,1100
221160423,-2.073,-1.646,0.610,0.019,-0.021,1.167,255,1100
221161642,-2.256,-0.976,1.402,0.028,0.052,1.023,255,1100
221162547,-1.646,0.549,0.915,0.026,-0.023,1.161,255,1100
221163640,-0.793,2.805,0.366,0.026,-0.016,1.085,255,1100
221164379,0.122,4.268,-0.183,-0.077,0.031,0.934,255,1100
221165640,-0.427,3.171,-0.122,-0.074,0.121,0.918,255,1100
221166510,-1.280,1.402,0.305,0.007,-0.008,1.076,255,1100
221167640,-1.646,-0.854,0.305,-0.057,0.059,0.974,255,1100
221168492,-1.951,-1.524,0.976,0.054,-0.029,1.160,255,1100
221169640,-2.378,-0.488,1.707,0.063,0.068,1.026,255,1100
221170506,-1.402,1.220,1.037,0.042,-0.005,1.167,255,1100
221171640,-0.549,4.329,-0.305,0.023,-0.029,1.055,255,1100
221172501,-0.244,4.451,-0.610,-0.053,0.018,0.956,255,1100
221173640,-0.610,2.988,-0.427,-0.088,0.072,0.995,255,1100
221174625,-1.037,0.732,0.183,-0.018,0.036,1.052,255,1100
221175640,-1.890,-0.915,0.610,-0.034,0.029,0.985,255,1100
221176502,-2.012,-1.707,0.976,0.066,0.074,1.086,255,1100
221177640,-2.317,-0.793,1.524,0.063,-0.006,1.167,255,1100
221178505,-1.646,1.159,1.159,0.070,0.069,1.071,255,1100
221179640,-0.305,4.512,-0.732,-0.082,0.026,1.016,255,1100
221180500,-0.305,4.512,-0.854,-0.085,0.015,0.982,255,1100
221181640,-0.549,3.293,-0.427,-0.079,0.084,0.960,255,1100
221182627,-1.037,0.549,-0.183,-0.035,0.069,1.040,255,1100
221183640,-1.524,-0.915,0.549,-0.014,-0.015,1.042,255,1100
221184624,-1.524,-2.134,0.793,0.071,0.026,1.062,255,1100
221185640,-1.280,0.854,1.220,0.152,0.027,0.994,255,1100
221186377,-1.280,0.854,1.220,0.152,0.027,0.994,255,1100
221187640,-0.244,4.817,-0.793,-0.065,-0.023,1.074,255,1100
221188504,-0.244,5.244,-0.854,-0.140,0.063,0.967,255,1100
221189640,-0.549,3.293,-0.305,-0.053,0.086,0.964,255,1100
221190625,-1.098,0.427,0.061,-0.051,0.042,0.993,255,1100
221191640,-1.829,-2.439,0.671,-0.048,0.014,1.065,255,1100
221192495,-1.829,-2.439,0.671,0.114,0.036,1.093,255,1100
221193640,-1.341,1.280,1.098,0.153,-0.017,1.044,255,1100
221194381,-0.793,3.171,0.183,-0.025,-0.064,0.941,255,1100
221195640,-0.549,4.939,-0.732,-0.092,-0.022,1.108,255,1100
221196625,-0.366,5.061,-0.610,-0.153,0.051,0.944,255,1100
221197640,-0.183,3.110,0.183,-0.060,0.127,0.997,255,1100
221198504,-0.976,0.610,-0.061,-0.069,0.015,0.941,255,1100
221199640,-2.073,-2.317,0.854,0.079,0.100,1.063,255,1100
221200496,-2.256,-1.037,1.707,0.171,0.044,1.139,255,1100
221201640,-2.012,1.280,0.793,0.070,0.017,1.078,255,1100
221202386,-1.037,3.293,-0.305,0.025,-0.098,1.059,255,1100
221203640,-0.549,5.183,-0.915,-0.103,0.000,0.950,255,1100
221204621,-0.244,5.000,-0.610,-0.105,0.018,0.947,255,1100
221205640,-0.610,0.610,-0.183,-0.080,0.097,1.081,255,1100
221206623,-1.463,-1.341,0.671,0.052,0.078,1.153,255,1100
221207640,-2.012,-2.378,1.220,0.105,0.096,1.001,255,1100
221208375,-2.134,-0.915,1.585,0.166,0.058,1.246,255,1100
221209640,-1.768,1.341,0.732,0.044,0.002,1.022,255,1100
221210379,-1.037,3.659,-0.366,0.009,-0.076,1.046,255,1100
221211640,-0.122,5.000,-0.732,-0.083,0.007,1.001,255,1100
221212621,-0.549,2.378,-0.305,-0.203,0.024,0.920,255,1100
221213640,-0.915,-0.061,-0.183,-0.048,0.044,0.915,255,1100
221214620,-1.280,-2.500,1.098,0.095,0.092,1.165,255,1100
221215640,-1.524,-2.439,1.524,0.098,0.071,0.970,255,1100
221216375,-1.890,-0.549,1.280,0.133,-0.000,1.271,255,1100
221217640,-1.646,1.951,0.854,0.085,0.046,0.979,255,1100
221218500,-0.732,3.902,-0.305,0.065,-0.060,1.067,255,1100
221219640,-0.183,5.244,-0.732,-0.177,0.003,0.972,255,1100
221220628,-0.183,2.988,-0.488,-0.100,0.047,1.057,255,1100
221221640,-0.549,0.244,0.305,-0.093,0.106,0.900,255,1100
221222492,-1.098,-2.073,1.159,0.084,0.056,1.190,255,1100
221223640,-1.402,-2.500,1.280,0.166,0.094,0.915,255,1100
221224372,-2.134,-0.976,1.037,0.137,0.001,1.335,255,1100
221225640,-1.341,4.146,-0.183,0.105,0.005,0.867,255,1100
221226413,-1.341,4.146,-0.183,0.006,-0.048,1.114,255,1100
221227640,-0.549,4.878,-0.793,-0.279,0.037,0.959,255,1100
221228646,-0.305,2.866,-0.183,-0.089,0.045,0.985,255,1100
221229640,-0.671,-0.427,0.671,0.030,0.133,0.900,255,1100
221230501,-1.220,-2.439,0.976,0.091,0.047,1.238,255,1100
221231640,-1.585,-2.073,1.098,0.079,0.043,0.993,255,1100
221232374,-2.134,-0.244,0.671,0.145,0.057,1.206,255,1100
221233640,-1.280,3.963,0.000,-0.012,-0.071,1.122,255,1100
221234495,-0.488,5.061,-0.976,-0.171,-0.068,1.051,255,1100
221235640,-0.427,4.817,-0.915,-0.225,-0.010,0.888,255,1100
221236640,-0.793,1.890,0.122,-0.022,0.109,1.065,255,1100
221237640,-0.793,-0.549,0.854,-0.127,0.073,0.910,255,1100
221238496,-0.976,-2.073,0.915,0.117,0.049,1.244,255,1100
221239640,-2.012,-0.244,0.976,0.159,0.125,0.954,255,1100
221240378,-2.012,-0.244,0.976,0.217,0.051,1.182,255,1100
221241640,-1.159,4.329,-0.671,-0.042,-0.081,1.021,255,1100
221242506,-1.098,5.427,-0.915,-0.222,-0.078,1.056,255,1100
221243640,-0.671,4.695,-0.793,-0.232,0.020,0.880,255,1100
221244631,-0.793,1.768,0.488,-0.073,0.084,1.021,255,1100
221245640,-0.122,-0.854,0.732,-0.047,0.112,0.946,255,1100
221246492,-0.610,-3.110,0.793,0.186,0.066,1.206,255,1100
221247640,-1.585,0.061,1.159,0.226,0.023,1.114,255,1100
221248373,-1.890,2.683,0.305,0.226,0.023,1.114,255,1100
221249640,-1.280,4.573,-0.244,-0.023,-0.091,1.086,255,1100
221250506,-0.549,5.549,-0.671,-0.232,-0.030,1.084,255,1100
221251640,0.000,4.634,-0.183,-0.175,0.027,0.859,255,1100
221252504,-0.549,1.951,0.305,-0.077,0.057,1.010,255,1100
221253640,-1.159,-2.134,1.220,0.142,0.115,1.150,255,1100
221254383,-1.159,-2.134,1.220,0.142,0.115,1.150,255,1100
221255640,-1.951,-0.305,1.098,0.216,0.022,1.107,255,1100
221256380,-1.951,2.622,0.000,0.028,-0.076,1.083,255,1100
221257640,-1.341,4.939,-0.427,-0.034,-0.031,1.042,255,1100
221258506,-0.549,5.366,-0.854,-0.203,-0.077,0.956,255,1100
221259640,-0.061,1.524,-0.183,-0.217,0.027,0.949,255,1100
221260628,-0.122,-0.793,0.732,0.010,0.130,1.065,255,1100
221261640,-0.732,-2.500,1.341,0.226,0.166,1.040,255,1100
221262372,-1.463,-1.829,1.646,0.204,0.086,1.061,255,1100
221263640,-1.707,0.488,0.427,0.125,0.003,1.063,255,1100
221264379,-1.829,3.232,-0.061,0.105,-0.076,1.108,255,1100
221265640,-1.463,4.512,-0.244,-0.091,-0.032,1.057,255,1100
221266631,0.061,3.841,-0.122,-0.208,-0.046,0.931,255,1100
221267640,-0.061,1.585,0.427,-0.149,0.063,1.015,255,1100
221268504,-0.122,-1.037,0.915,0.006,0.133,1.147,255,1100
221269640,-0.976,-2.622,1.707,0.186,0.143,0.922,255,1100
221270367,-1.280,-2.256,1.341,0.247,0.097,1.211,255,1100
221271640,-1.951,0.366,0.305,0.129,0.010,1.059,255,1100
221272372,-1.951,3.415,-0.244,0.092,-0.021,1.057,255,1100
221273640,-1.159,5.305,-0.427,-0.098,-0.116,0.999,255,1100
221274632,-0.976,3.780,-0.427,-0.260,-0.026,1.074,255,1100
221275640,-0.244,1.098,0.366,-0.143,0.106,0.911,255,1100
221276507,0.122,-1.341,1.341,0.095,0.138,1.156,255,1100
221277640,-0.305,-2.927,1.463,0.209,0.114,0.994,255,1100
221278368,-1.280,-1.707,0.854,0.205,0.088,1.163,255,1100
221279640,-1.585,0.915,0.244,0.157,0.021,0.959,255,1100
221280371,-1.768,3.476,0.122,0.141,-0.000,1.125,255,1100
221281640,-0.854,5.244,-0.732,-0.267,-0.071,0.878,255,1100
221282518,-0.671,3.902,-0.427,-0.232,-0.004,1.062,255,1100
221283640,-0.366,1.646,0.610,-0.125,0.128,0.958,255,1100
221284504,-0.061,-1.280,0.915,0.034,0.115,1.146,255,1100
221285640,-0.549,-2.317,1.341,0.179,0.082,0.966,255,1100
221286374,-1.220,-1.341,1.280,0.259,0.160,1.199,255,1100
221287640,-1.951,3.049,0.183,0.059,-0.026,1.083,255,1100
221288379,-1.951,3.049,0.183,0.059,-0.026,1.083,255,1100
221289640,-1.159,5.122,-0.793,-0.308,-0.099,0.901,255,1100
221290507,-0.732,3.415,-0.183,-0.196,0.017,1.107,255,1100
221291640,-0.427,1.220,0.793,-0.149,0.108,0.918,255,1100
221292501,-0.061,-1.707,1.098,0.101,0.142,1.113,255,1100
221293640,-0.915,-1.220,1.037,0.191,0.096,1.055,255,1100
221294373,-0.915,-1.220,1.037,0.270,0.146,1.154,255,1100
221295640,-1.829,3.720,0.000,0.058,-0.053,1.161,255,1100
221296379,-2.073,4.756,-0.366,-0.189,-0.161,1.064,255,1100
221297640,-1.463,4.390,-0.488,-0.279,-0.044,0.919,255,1100
221298644,-0.488,2.866,0.183,-0.178,0.020,0.983,255,1100
221299640,-0.610,0.915,0.854,-0.151,0.093,0.983,255,1100
221300367,0.000,-1.463,1.280,0.093,0.105,1.185,255,1100
221301640,-1.280,-1.159,1.037,0.342,0.147,1.139,255,1100
221302374,-2.134,1.341,0.183,0.342,0.147,1.139,255,1100
221303640,-1.951,3.415,-0.549,0.072,-0.098,1.079,255,1100
221304515,-1.829,5.000,-0.488,-0.250,-0.082,0.991,255,1100
221305640,-1.280,4.512,-0.305,-0.255,-0.089,0.979,255,1100
221306636,-0.610,2.805,0.000,-0.219,0.014,1.037,255,1100
221307640,0.122,-1.646,0.854,-0.174,0.056,1.025,255,1100
221308377,0.122,-1.646,0.854,0.126,0.179,1.139,255,1100
221309640,-1.341,-1.341,1.098,0.327,0.163,1.143,255,1100
221310383,-1.829,1.341,-0.061,0.103,-0.048,0.991,255,1100
221311640,-2.073,3.537,-0.671,0.059,-0.057,1.092,255,1100
221312627,-1.890,4.878,-0.732,-0.216,-0.115,0.977,255,1100
221313640,-0.915,4.146,-0.183,-0.261,-0.019,0.997,255,1100
221314635,-0.122,0.976,0.671,-0.232,-0.070,1.033,255,1100
221315640,0.427,-1.524,1.098,0.135,0.184,1.103,255,1100
221316506,-0.305,-2.073,1.768,0.257,0.137,1.047,255,1100
221317640,-0.793,-1.098,0.854,0.279,0.137,1.056,255,1100
221318380,-1.829,1.585,-0.122,0.145,-0.067,1.033,255,1100
221319640,-2.256,3.841,-0.366,0.007,0.007,1.088,255,1100
221320503,-1.890,5.000,-0.488,-0.194,-0.150,0.946,255,1100
221321640,-0.976,2.378,-0.183,-0.271,-0.053,0.996,255,1100
221322635,0.122,0.366,0.488,-0.114,0.155,1.061,255,1100
221323640,0.122,-1.707,1.585,0.141,0.169,1.036,255,1100
221324376,0.000,-2.256,1.890,0.317,0.130,1.113,255,1100
221325640,-1.098,-0.854,0.610,0.203,0.112,1.040,255,1100
221326371,-1.707,2.195,-0.366,0.165,-0.007,1.024,255,1100
221327640,-2.134,3.841,-0.488,0.043,-0.073,1.025,255,1100
221328635,-0.976,3.780,-0.427,-0.234,-0.151,1.078,255,1100
221329640,-0.366,2.317,-0.061,-0.312,0.047,0.949,255,1100
221330632,0.244,0.427,0.793,-0.027,0.074,1.132,255,1100
221331640,0.244,-1.402,1.402,0.077,0.246,0.991,255,1100
221332370,0.122,-1.951,1.220,0.334,0.076,1.187,255,1100
221333640,-1.098,-0.488,0.244,0.204,0.138,0.912,255,1100
221334372,-1.463,1.890,-0.427,0.188,-0.005,1.093,255,1100
221335640,-1.890,4.329,-0.427,-0.250,-0.141,1.004,255,1100
221336699,-1.585,3.841,-0.427,-0.258,-0.129,1.090,255,1100
221337642,-0.793,2.012,0.122,-0.276,0.045,0.925,255,1100
221338540,-0.366,0.366,1.037,-0.019,0.098,1.123,255,1100
221339640,0.366,-1.280,1.341,0.123,0.172,0.993,255,1100
221340380,0.366,-1.524,1.098,0.293,0.134,1.209,255,1100
221341640,-1.951,2.073,0.000,0.263,0.095,0.864,255,1100
221342370,-1.951,2.073,0.000,0.153,0.002,1.157,255,1100
221343640,-2.195,4.390,-0.671,-0.225,-0.123,1.104,255,1100
221344507,-1.463,3.598,-0.854,-0.289,-0.054,1.030,255,1100
221345640,-0.610,2.134,0.000,-0.217,-0.023,0.987,255,1100
221346624,-0.244,0.427,0.549,-0.121,0.160,1.066,255,1100
221347640,0.061,-0.976,0.793,0.183,0.152,1.015,255,1100
221348381,-0.305,-1.220,0.732,0.248,0.198,1.179,255,1100
221349640,-2.012,1.585,-0.427,0.156,0.040,1.130,255,1100
221350374,-2.378,3.537,-0.305,0.156,0.040,1.130,255,1100
221351640,-2.134,4.207,-0.549,-0.239,-0.100,1.151,255,1100
221352513,-1.463,3.110,-0.305,-0.236,-0.114,1.015,255,1100
221353640,-0.854,2.012,0.549,-0.261,0.025,1.011,255,1100
221354504,-0.061,0.305,0.976,-0.079,0.068,1.059,255,1100
221355640,0.488,-1.220,0.793,0.295,0.168,1.120,255,1100
221356374,0.488,-1.220,0.793,0.295,0.168,1.120,255,1100
221357640,-2.134,1.890,-0.671,0.120,0.007,1.055,255,1100
221358372,-2.683,3.963,-0.305,-0.078,-0.078,0.983,255,1100
221359640,-2.012,4.024,-0.305,-0.240,-0.070,1.104,255,1100
221360639,-1.159,2.988,0.122,-0.231,-0.131,1.026,255,1100
221361640,-0.305,1.585,0.305,-0.276,0.025,0.989,255,1100
221362503,-0.122,0.305,0.671,-0.041,0.085,1.053,255,1100
221363640,0.061,-1.037,1.098,0.318,0.130,1.101,255,1100
221364373,-1.098,0.549,0.183,0.217,0.088,1.030,255,1100
221365640,-1.829,2.134,-0.549,0.140,-0.032,1.041,255,1100
221366505,-2.256,3.902,-0.366,-0.106,-0.038,1.017,255,1100
221367640,-1.951,4.085,0.122,-0.198,-0.115,1.038,255,1100
221368640,-0.671,1.707,0.183,-0.266,-0.057,1.054,255,1100
221369640,-0.366,0.610,0.732,-0.108,0.163,1.034,255,1100
221370500,0.244,-0.305,1.341,0.262,0.146,1.080,255,1100
221371640,-0.427,-0.732,1.280,0.237,0.201,1.057,255,1100
221372378,-1.098,0.732,0.244,0.210,-0.000,0.995,255,1100
221373640,-2.195,2.256,-0.427,0.134,0.041,1.037,255,1100
221374381,-2.500,3.598,-0.549,-0.104,-0.095,1.092,255,1100
221375640,-1.463,2.317,0.305,-0.172,-0.101,0.906,255,1100
221376641,-0.610,1.646,0.793,-0.217,0.041,1.124,255,1100
221377640,-0.122,0.427,0.854,-0.031,0.153,1.039,255,1100
221378372,0.305,-0.427,1.280,0.249,0.129,1.061,255,1100
221379640,0.061,-0.549,0.732,0.234,0.174,1.017,255,1100
221380378,-0.915,0.915,0.122,0.176,0.056,1.059,255,1100
221381640,-1.829,2.073,-0.305,0.142,-0.000,0.918,255,1100
221382502,-2.622,3.415,-0.549,-0.129,-0.075,1.101,255,1100
221383640,-1.829,2.439,0.305,-0.285,-0.063,1.071,255,1100
221384640,-0.732,1.646,0.976,-0.173,0.028,1.040,255,1100
221385640,-0.183,0.854,1.463,-0.047,0.133,1.038,255,1100
221386374,0.183,-0.244,1.341,0.241,0.173,1.064,255,1100
221387640,-0.244,-0.061,0.732,0.227,0.151,0.978,255,1100
221388374,-1.220,1.037,0.305,0.231,0.090,1.119,255,1100
221389640,-2.744,2.988,-0.488,-0.143,-0.097,1.054,255,1100
221390506,-2.012,2.988,-0.122,-0.143,-0.097,1.054,255,1100
221391640,-1.280,2.256,0.366,-0.260,-0.020,1.037,255,1100
221392639,-0.244,1.159,0.732,-0.166,0.014,1.115,255,1100
221393640,0.427,0.549,0.915,-0.027,0.119,0.991,255,1100
221394370,0.549,-0.061,0.854,0.258,0.165,1.132,255,1100
221395640,-0.183,0.427,0.427,0.174,0.191,0.910,255,1100
221396372,-0.854,0.976,-0.244,0.271,0.044,1.160,255,1100
221397640,-2.134,3.171,-0.366,-0.083,-0.136,1.144,255,1100
221398506,-2.073,2.744,0.366,-0.275,-0.054,0.982,255,1100
221399640,-1.341,1.707,0.732,-0.170,-0.085,0.999,255,1100
221400629,-1.037,1.037,1.159,-0.206,0.017,1.209,255,1100
221401640,0.183,0.732,1.098,-0.060,0.100,0.943,255,1100
221402365,0.244,0.000,1.098,0.288,0.157,1.143,255,1100
221403640,-0.976,0.793,0.000,0.256,0.038,1.243,255,1100
221404365,-0.976,0.793,0.000,0.256,0.038,1.243,255,1100
221405640,-2.256,3.171,-0.244,-0.109,-0.104,1.208,255,1100
221406509,-2.561,2.256,0.488,-0.212,-0.032,1.031,255,1100
221407640,-1.524,1.463,0.793,-0.157,-0.090,0.982,255,1100
221408630,-0.793,1.098,0.610,-0.220,0.015,1.166,255,1100
221409640,0.244,0.183,0.915,0.031,0.106,0.956,255,1100
221410369,0.244,0.183,0.915,0.252,0.193,1.161,255,1100
221411640,-0.915,1.341,0.122,0.165,0.041,1.202,255,1100
221412370,-1.646,2.439,-0.427,0.031,-0.089,0.823,255,1100
221413640,-2.256,2.500,-0.427,-0.103,-0.026,1.145,255,1100
221414634,-2.073,1.768,0.488,-0.185,-0.104,1.020,255,1100
221415640,-1.220,1.341,0.793,-0.224,-0.030,1.021,255,1100
221416627,0.183,1.037,0.915,-0.151,-0.021,1.122,255,1100
221417640,0.061,0.671,0.915,0.226,0.195,1.073,255,1100
221418370,0.183,0.976,0.427,0.226,0.195,1.073,255,1100
221419640,-0.793,1.341,-0.366,0.153,0.025,1.083,255,1100
221420373,-2.134,2.134,-0.366,0.010,-0.035,0.906,255,1100
221421640,-2.561,2.500,-0.183,-0.125,-0.076,1.084,255,1100
221422632,-2.256,2.012,0.427,-0.168,-0.065,1.010,255,1100
221423640,-0.366,1.220,0.793,-0.134,0.029,1.065,255,1100
221424504,0.427,1.524,1.280,-0.134,0.029,1.065,255,1100
221425640,0.427,0.793,0.793,0.234,0.151,1.014,255,1100
221426371,-0.427,0.854,0.122,0.156,0.138,0.968,255,1100
221427640,-1.280,1.951,-0.183,0.133,0.042,1.072,255,1100
221428374,-2.195,2.378,-0.427,0.056,-0.018,0.974,255,1100
221429640,-2.622,1.829,0.000,-0.112,-0.080,0.993,255,1100
221430622,-1.707,1.463,0.427,-0.166,-0.022,1.141,255,1100
221431640,-0.549,1.098,0.854,-0.115,0.021,1.064,255,1100
221432505,0.244,0.915,1.098,0.007,0.126,1.062,255,1100
221433640,0.671,0.732,0.549,0.198,0.146,0.939,255,1100
221434372,0.305,1.280,0.366,0.211,0.176,1.030,255,1100
221435640,-0.671,1.646,0.183,0.173,0.058,1.062,255,1100
221436371,-2.134,2.134,-0.244,-0.039,-0.070,0.957,255,1100
221437640,-2.683,1.768,0.732,-0.190,-0.085,1.104,255,1100
221438637,-1.890,1.159,1.280,-0.116,0.031,1.120,255,1100
221439640,-0.427,1.037,1.220,-0.107,0.009,1.071,255,1100
221440372,0.366,1.463,1.037,0.038,0.088,1.030,255,1100
221441640,0.732,1.159,0.488,0.170,0.114,0.971,255,1100
221442376,0.000,1.890,0.122,0.171,0.165,1.041,255,1100
221443640,-1.646,1.890,-0.183,0.112,0.065,0.976,255,1100
221444372,-1.646,1.890,-0.183,-0.004,-0.044,1.033,255,1100
221445640,-2.073,1.280,0.305,-0.206,-0.026,1.129,255,1100
221446634,-1.707,1.098,1.159,-0.088,-0.017,1.058,255,1100
221447640,-0.915,1.341,0.915,-0.135,0.034,1.068,255,1100
221448502,0.305,1.524,0.366,0.034,0.024,1.062,255,1100
221449640,0.305,1.768,0.122,0.134,0.176,0.936,255,1100
221450429,0.427,1.585,0.183,0.294,0.141,1.032,255,1100
221451642,-2.256,1.341,-0.488,-0.007,-0.094,1.039,255,1100
221452536,-2.866,1.646,-0.061,-0.163,-0.053,0.954,255,1100
221453640,-2.378,0.915,1.037,-0.090,-0.006,1.143,255,1100
221454628,-1.768,0.549,1.585,-0.108,0.010,1.162,255,1100
221455640,-0.549,1.524,0.549,-0.144,0.003,0.994,255,1100
221456373,0.183,2.073,0.244,0.051,0.087,1.057,255,1100
221457640,0.061,1.951,0.244,0.200,0.121,1.098,255,1100
221458369,0.061,1.951,0.244,0.200,0.121,1.098,255,1100
221459640,-1.829,1.341,-0.427,0.047,-0.050,1.123,255,1100
221460496,-2.622,0.915,0.000,-0.110,-0.021,0.982,255,1100
221461640,-2.317,0.183,0.915,-0.062,-0.051,1.060,255,1100
221462617,-1.646,0.488,0.793,-0.163,-0.021,1.161,255,1100
221463640,-0.549,1.707,0.488,-0.078,-0.010,1.005,255,1100
221464626,0.244,2.378,0.244,0.140,0.128,0.877,255,1100
221465640,0.183,2.073,-0.122,0.178,0.135,1.097,255,1100
221466373,-1.098,1.707,-0.610,0.015,-0.023,0.978,255,1100
221467640,-1.768,1.098,-0.305,-0.013,0.037,1.064,255,1100
221468623,-2.500,1.159,0.366,-0.114,-0.112,0.933,255,1100
221469640,-2.317,0.427,1.280,-0.053,0.036,1.184,255,1100
221470504,-2.073,0.488,1.098,-0.138,-0.075,1.102,255,1100
221471640,0.366,2.073,0.061,0.056,0.056,1.000,255,1100
221472502,0.488,2.805,0.000,0.141,0.138,1.008,255,1100
221473640,0.244,2.439,-0.427,0.076,0.092,1.065,255,1100
221474375,-1.098,2.012,-0.244,0.020,-0.005,0.976,255,1100
221475640,-1.646,0.976,0.061,0.029,0.087,1.042,255,1100
221476500,-2.439,0.427,0.610,-0.040,-0.122,0.965,255,1100
221477640,-2.012,1.098,0.976,-0.129,0.018,1.150,255,1100
221478510,-0.793,2.073,0.610,-0.131,-0.043,1.074,255,1100
221479640,0.000,2.317,0.122,-0.004,0.054,0.971,255,1100
221480501,0.549,2.744,-0.061,0.109,0.075,0.946,255,1100
221481640,0.122,2.378,-0.427,0.083,0.123,1.081,255,1100
221482378,-0.915,1.646,-0.244,0.084,0.042,0.947,255,1100
221483640,-2.073,0.183,0.061,-0.002,-0.006,1.077,255,1100
221484492,-2.073,0.000,0.122,-0.121,-0.075,0.953,255,1100
221485640,-1.463,0.915,1.037,-0.086,0.050,1.078,255,1100
221486495,-0.488,1.646,0.854,0.022,0.010,1.141,255,1100
221487640,0.427,2.256,0.183,0.010,0.084,0.939,255,1100
221488372,0.305,3.415,-0.549,0.071,0.045,1.000,255,1100
221489640,0.061,2.622,-0.488,0.031,0.148,1.043,255,1100
221490376,-0.854,1.829,0.000,0.029,-0.005,0.980,255,1100
221491640,-2.439,-0.183,0.122,-0.064,-0.113,1.088,255,1100
221492506,-2.378,-0.183,0.671,-0.064,-0.113,1.088,255,1100
221493640,-1.829,0.793,1.037,-0.031,0.000,1.122,255,1100
221494512,-0.671,1.829,0.549,0.000,0.009,1.055,255,1100
221495640,0.061,2.744,-0.305,-0.045,0.007,0.957,255,1100
221496369,0.000,3.720,-0.610,0.068,0.120,1.047,255,1100
221497640,0.305,2.805,0.061,0.117,0.146,0.975,255,1100
221498376,-0.671,1.402,0.061,0.046,0.005,0.999,255,1100
221499640,-2.500,-0.305,0.366,-0.131,-0.037,1.064,255,1100
221500506,-2.500,0.000,1.402,0.019,0.007,1.063,255,1100
221501640,-1.524,0.976,1.524,-0.056,0.045,1.156,255,1100
221502374,-0.427,2.256,0.488,0.001,-0.040,1.129,255,1100
221503640,0.244,3.720,-0.366,-0.036,0.058,0.886,255,1100
221504419,0.366,4.024,-0.610,0.132,0.084,1.051,255,1100
221505641,-1.280,1.463,0.244,0.029,-0.039,1.061,255,1100
221506379,-1.280,1.463,0.244,0.029,-0.039,1.061,255,1100
221507640,-1.951,-0.427,0.671,-0.025,-0.006,1.110,255,1100
221508511,-2.073,-0.244,1.768,0.013,0.058,1.118,255,1100
221509640,-1.524,0.732,1.037,-0.038,-0.033,1.138,255,1100
221510506,-0.854,2.378,0.305,0.021,-0.037,1.112,255,1100
221511640,0.061,3.963,0.000,-0.054,0.046,0.845,255,1100
221512368,0.061,3.963,0.000,0.073,0.083,1.071,255,1100
221513640,-0.793,1.585,0.000,0.064,-0.032,1.123,255,1100
221514363,-1.463,0.000,0.244,-0.062,0.068,0.967,255,1100
221515640,-1.768,-0.305,0.976,-0.001,-0.043,1.132,255,1100
221516553,-2.012,-0.305,1.463,-0.002,0.067,1.041,255,1100
221517641,-1.524,0.915,1.098,0.002,-0.037,1.134,255,1100
221518522,-0.732,2.683,0.488,-0.051,0.022,1.108,255,1100
221519640,0.061,3.963,-0.183,0.062,0.109,1.082,255,1100
221520373,-0.427,2.927,-0.488,0.062,0.109,1.082,255,1100
221521640,-1.220,1.280,-0.183,-0.003,0.021,1.107,255,1100
221522492,-1.646,-0.305,0.427,0.022,0.010,0.879,255,1100
221523640,-2.195,-1.098,1.402,0.027,0.038,1.221,255,1100
221524370,-2.073,-0.427,1.646,-0.045,-0.002,1.027,255,1100
221525640,-0.976,2.561,0.183,0.015,-0.010,1.122,255,1100
221526511,-0.183,3.963,0.183,0.015,-0.010,1.122,255,1100
221527640,0.305,3.963,-0.488,-0.003,0.058,1.062,255,1100
221528368,0.000,3.171,-0.305,-0.017,0.050,0.844,255,1100
221529640,-0.976,0.793,-0.061,0.034,0.105,1.187,255,1100
221530370,-1.280,-0.854,0.305,-0.018,-0.021,0.893,255,1100
221531640,-1.768,-1.524,0.732,0.011,0.049,1.218,255,1100
221532504,-1.951,-0.427,1.159,-0.016,0.013,1.061,255,1100
221533640,-0.915,2.744,0.183,-0.060,-0.019,1.056,255,1100
221534626,0.122,4.207,-0.061,-0.027,-0.004,0.900,255,1100
221535640,-0.122,4.207,-0.427,-0.007,0.062,1.103,255,1100
221536617,-0.244,2.866,-0.061,-0.053,0.101,0.837,255,1100
221537640,-1.402,0.793,0.366,0.055,0.033,1.163,255,1100
221538499,-1.707,-0.671,0.610,-0.030,0.031,0.887,255,1100
221539640,-2.134,-0.671,1.524,-0.006,0.052,0.963,255,1100
221540627,-1.463,1.585,1.098,0.070,0.009,1.163,255,1100
221541640,-0.793,3.354,0.000,-0.034,0.010,1.028,255,1100
221542368,-0.305,4.268,-0.732,-0.040,-0.083,0.950,255,1100
221543640,-0.366,4.390,-0.488,-0.120,0.106,1.009,255,1100
221544637,-0.244,2.744,-0.061,0.029,0.058,0.932,255,1100
221545640,-1.220,-1.098,0.427,-0.014,0.079,1.083,255,1100
221546495,-1.220,-1.098,0.427,0.024,-0.058,0.954,255,1100
221547640,-1.646,-0.305,1.280,0.114,0.018,1.015,255,1100
221548506,-1.402,1.402,1.159,0.031,0.062,1.176,255,1100
221549640,-0.671,3.354,-0.122,-0.030,-0.081,0.965,255,1100
221550508,-0.366,4.634,-0.366,-0.045,0.009,1.025,255,1100
221551640,0.061,4.451,-0.671,-0.070,0.106,0.954,255,1100
221552504,-0.305,2.500,0.305,-0.028,0.032,0.990,255,1100
221553640,-1.341,-1.037,0.854,0.043,0.012,0.947,255,1100
221554371,-2.073,-2.134,1.220,0.043,0.012,0.947,255,1100
221555640,-2.317,-0.610,1.585,0.130,0.002,1.109,255,1100
221556381,-1.890,1.463,0.915,-0.036,0.043,1.166,255,1100
221557640,-0.854,3.476,-0.244,0.040,-0.121,0.931,255,1100
221558503,-0.488,4.634,-0.183,-0.086,0.028,1.024,255,1100
221559640,0.000,2.622,0.183,-0.039,0.112,1.024,255,1100
221560504,-0.305,0.061,0.366,-0.039,0.112,1.024,255,1100
221561640,-1.159,-1.463,0.793,0.009,0.098,0.985,255,1100
221562380,-1.585,-2.195,1.220,0.117,0.042,1.162,255,1100
221563640,-1.707,-0.122,1.646,0.099,0.062,1.138,255,1100
221564380,-1.463,1.951,0.854,0.014,-0.020,1.089,255,1100
221565640,-1.037,3.780,0.244,-0.008,-0.020,0.941,255,1100
221566496,-0.427,4.756,-0.427,-0.041,-0.040,1.040,255,1100
221567640,-0.305,2.500,-0.061,-0.049,0.043,1.095,255,1100
221568621,-0.915,0.549,0.549,-0.067,0.067,0.978,255,1100
221569640,-1.402,-1.524,1.098,0.079,0.079,1.026,255,1100
221570369,-2.195,-2.317,1.524,0.121,0.091,1.132,255,1100
221571640,-2.561,-0.793,1.220,0.092,0.013,1.181,255,1100
221572380,-2.317,1.707,0.549,0.051,-0.008,1.030,255,1100
221573640,-0.854,4.695,-0.305,-0.067,-0.083,1.125,255,1100
221574506,-0.488,4.329,-0.610,-0.266,0.040,0.941,255,1100
221575640,-0.732,2.256,-0.122,0.018,0.064,1.012,255,1100
221576507,-0.488,-0.122,0.732,0.004,0.105,0.948,255,1100
221577640,-0.732,-2.073,1.037,0.086,0.021,1.128,255,1100
221578371,-1.402,-2.256,1.037,0.064,0.095,1.072,255,1100
221579640,-1.585,2.500,1.037,0.130,0.034,1.139,255,1100
221580380,-1.585,2.500,1.037,0.069,0.009,1.041,255,1100
221581640,-0.305,4.817,-0.488,-0.078,-0.063,1.087,255,1100
221582506,-0.549,4.512,-0.671,-0.185,0.022,0.911,255,1100
221583640,-0.610,2.256,0.122,-0.049,0.116,1.079,255,1100
221584503,-0.793,-0.549,0.549,-0.013,0.021,0.951,255,1100
221585640,-1.037,-1.890,1.220,0.065,0.100,1.123,255,1100
221586495,-1.829,-1.829,1.159,0.148,0.042,0.976,255,1100
221587640,-1.829,2.317,0.671,0.056,-0.022,0.996,255,1100
221588379,-1.341,4.085,-0.122,0.056,-0.022,0.996,255,1100
221589640,-1.098,4.634,-1.037,-0.155,-0.083,1.117,255,1100
221590631,-0.915,4.207,-0.732,-0.241,0.002,0.880,255,1100
221591640,-0.610,2.073,0.122,-0.033,0.111,1.022,255,1100
221592504,-0.671,-0.854,0.976,0.039,0.046,0.937,255,1100
221593640,-1.341,-2.134,1.159,0.092,0.065,0.911,255,1100
221594372,-1.341,-2.134,1.159,0.092,0.065,0.911,255,1100
221595640,-1.829,2.561,0.732,-0.014,-0.005,0.967,255,1100
221596510,-1.037,4.146,-0.488,-0.002,-0.088,0.963,255,1100
221597640,-0.366,5.000,-0.976,-0.214,-0.046,1.093,255,1100
221598628,0.122,4.146,-0.488,-0.141,0.019,0.913,255,1100
221599640,-0.427,2.012,0.122,-0.086,0.140,1.117,255,1100
221600374,-0.427,-0.976,0.610,-0.028,0.023,0.863,255,1100
221601640,-1.341,-1.707,1.159,0.246,0.122,0.849,255,1100
221602499,-2.256,0.122,1.037,0.171,0.053,1.347,255,1100
221603640,-2.073,2.744,0.305,-0.021,-0.069,0.920,255,1100
221604509,-1.524,4.512,-0.366,-0.015,-0.079,1.083,255,1100
221605640,-1.220,5.244,-0.488,-0.182,-0.017,1.004,255,1100
221606639,-0.488,4.146,-0.244,-0.173,-0.042,0.943,255,1100
221607640,0.061,-0.793,0.549,0.100,0.064,0.921,255,1100
221608499,-0.854,-2.439,0.915,0.113,0.131,1.219,255,1100
221609640,-1.159,-1.890,1.098,0.213,0.107,0.937,255,1100
221610373,-1.524,0.610,0.732,0.118,0.056,1.233,255,1100
221611640,-1.402,3.293,0.305,0.025,-0.045,0.900,255,1100
221612372,-1.220,4.939,-0.305,-0.034,-0.057,1.146,255,1100
221613640,-0.366,4.390,-0.305,-0.217,-0.063,0.879,255,1100
221614639,-0.305,1.402,0.061,-0.115,0.033,0.996,255,1100
221615640,-0.305,-0.610,0.854,-0.017,0.119,1.039,255,1100
221616503,-0.976,-2.195,1.402,0.119,0.118,1.150,255,1100
221617640,-1.098,-1.646,1.768,0.243,0.150,1.039,255,1100
221618382,-1.951,0.000,0.793,0.166,-0.035,1.129,255,1100
221619640,-1.890,2.805,-0.122,-0.002,-0.009,0.986,255,1100
221620509,-1.463,4.817,-0.427,-0.039,-0.070,1.054,255,1100
221621640,-0.610,3.780,-0.427,-0.265,-0.046,1.071,255,1100
221622639,-0.244,1.280,0.000,-0.131,0.101,0.887,255,1100
221623640,-0.122,-0.915,0.671,0.075,0.109,1.124,255,1100
221624376,-0.610,-2.622,1.402,0.175,0.132,1.076,255,1100
221625640,-1.463,-1.890,0.976,0.177,0.117,1.067,255,1100
221626373,-1.646,0.915,0.427,0.142,0.001,1.079,255,1100
221627640,-1.707,4.451,-0.366,-0.082,-0.100,0.987,255,1100
221628506,-0.732,4.878,-0.854,-0.082,-0.100,0.987,255,1100
221629640,-0.366,3.841,-0.610,-0.217,-0.040,1.086,255,1100
221630632,-0.183,1.463,0.244,-0.054,0.109,0.884,255,1100
221631640,-0.244,-1.098,0.610,0.008,0.133,1.155,255,1100
221632372,-0.854,-2.317,1.098,0.161,0.088,1.022,255,1100
221633640,-1.768,-1.707,1.098,0.212,0.143,1.120,255,1100
221634380,-2.073,0.549,0.610,0.194,0.053,1.012,255,1100
221635640,-1.341,4.390,-0.549,-0.125,-0.136,1.008,255,1100
221636517,-1.220,5.061,-0.671,-0.244,-0.112,0.969,255,1100
221637640,-0.610,3.476,-0.183,-0.234,0.024,1.001,255,1100
221638631,-0.610,1.220,0.488,-0.074,0.047,0.921,255,1100
221639640,0.122,-1.280,0.854,0.050,0.127,1.174,255,1100
221640373,-0.366,-2.866,0.732,0.156,0.095,0.991,255,1100
221641640,-1.463,0.793,1.098,0.165,0.045,0.921,255,1100
221642373,-1.463,0.793,1.098,0.165,0.045,0.921,255,1100
221643640,-1.524,4.695,-0.427,-0.169,-0.134,1.014,255,1100
221644515,-1.037,5.122,-0.671,-0.267,-0.090,0.965,255,1100
221645640,-0.610,3.659,-0.061,-0.173,0.054,1.010,255,1100
221646625,-0.549,1.463,0.671,-0.069,0.059,0.976,255,1100
221647640,-0.610,-2.256,0.915,-0.016,0.116,1.190,255,1100
221648507,-1.402,-1.402,1.220,0.141,0.086,0.927,255,1100
221649640,-2.134,0.488,0.976,0.150,0.060,0.940,255,1100
221650373,-2.134,2.927,0.122,0.045,-0.094,1.127,255,1100
221651640,-1.890,4.634,-0.671,-0.208,-0.134,0.991,255,1100
221652510,-1.524,4.939,-0.305,-0.220,-0.083,0.963,255,1100
221653640,-0.976,2.866,0.061,-0.225,0.039,1.015,255,1100
221654500,-0.427,0.915,0.305,-0.106,0.034,0.902,255,1100
221655640,-0.244,-2.317,0.793,0.201,0.142,0.975,255,1100
221656375,-1.098,-1.585,0.915,0.201,0.142,0.975,255,1100
221657640,-1.585,1.159,0.366,0.057,0.048,0.912,255,1100
221658381,-1.951,3.841,-0.305,0.119,-0.104,1.166,255,1100
221659640,-1.829,5.244,-0.549,-0.260,-0.081,1.009,255,1100
221660637,-0.793,4.390,-0.671,-0.207,-0.102,0.980,255,1100
221661640,0.122,1.098,0.671,-0.129,0.033,0.958,255,1100
221662507,-0.183,-1.220,1.159,-0.129,0.033,0.958,255,1100
221663640,-0.366,-2.256,1.524,0.215,0.173,0.940,255,1100
221664511,-0.976,-1.646,1.524,0.327,0.125,1.240,255,1100
221665640,-1.829,0.793,0.244,0.086,-0.002,0.937,255,1100
221666373,-2.256,3.659,-0.061,0.066,-0.057,1.137,255,1100
221667640,-2.012,4.878,-0.183,-0.177,-0.115,0.970,255,1100
221668636,-0.732,2.561,-0.183,-0.279,-0.063,0.937,255,1100
221669640,-0.183,0.793,0.427,-0.119,0.113,1.006,255,1100
221670500,0.061,-1.280,1.159,0.121,0.164,1.124,255,1100
221671640,0.000,-2.134,1.646,0.249,0.184,1.008,255,1100
221672380,-1.037,-1.037,0.915,0.255,0.062,1.154,255,1100
221673640,-1.768,1.768,-0.061,0.090,0.029,0.994,255,1100
221674440,-1.951,4.024,-0.183,0.038,-0.028,1.059,255,1100
221675642,-0.793,4.146,-0.732,-0.293,-0.121,1.124,255,1100
221676663,-0.915,2.622,-0.549,-0.301,-0.006,0.912,255,1100
221677640,-0.366,0.671,0.366,-0.035,0.093,1.105,255,1100
221678506,-0.183,-1.646,1.402,0.088,0.188,1.005,255,1100
221679640,-0.549,-2.134,1.524,0.283,0.158,1.100,255,1100
221680382,-1.098,-0.976,0.976,0.245,0.084,1.021,255,1100
221681640,-2.073,3.720,0.000,0.151,0.039,1.065,255,1100
221682371,-2.073,3.720,0.000,0.040,-0.047,1.029,255,1100
221683640,-1.707,4.268,-0.488,-0.290,-0.145,1.150,255,1100
221684508,-0.549,2.561,-0.061,-0.279,0.010,0.813,255,1100
221685640,-0.122,0.549,0.915,-0.080,0.107,1.150,255,1100
221686500,0.244,-1.585,1.463,0.146,0.164,0.994,255,1100
221687640,-0.305,-2.073,1.037,0.240,0.138,1.164,255,1100
221688379,-1.098,-0.976,0.549,0.236,0.130,0.949,255,1100
221689640,-2.439,3.720,-0.183,0.005,-0.079,0.952,255,1100
221690507,-2.378,4.573,-0.610,-0.201,-0.157,1.077,255,1100
221691640,-1.707,4.085,-0.488,-0.296,-0.078,1.035,255,1100
221692642,-0.854,2.683,0.488,-0.229,0.009,0.892,255,1100
221693640,0.000,0.549,0.976,-0.070,0.110,1.172,255,1100
221694369,0.549,-1.463,1.037,0.111,0.137,0.950,255,1100
221695640,-0.976,-0.427,0.671,0.310,0.064,0.933,255,1100
221696382,-0.976,-0.427,0.671,0.310,0.064,0.933,255,1100
221697640,-2.378,3.415,-0.427,0.001,-0.102,0.971,255,1100
221698495,-2.439,4.573,-0.488,-0.245,-0.135,1.108,255,1100
221699640,-1.707,3.963,-0.610,-0.266,-0.092,1.001,255,1100
221700640,-0.915,2.317,0.549,-0.255,0.012,0.968,255,1100
221701640,-0.305,0.488,0.732,-0.072,0.077,1.106,255,1100
221702373,0.000,-1.159,1.037,0.137,0.140,0.981,255,1100
221703640,-1.463,-0.427,0.915,0.298,0.097,0.904,255,1100
221704374,-2.134,1.768,0.000,0.145,0.016,1.126,255,1100
221705640,-2.439,3.841,-0.244,-0.049,-0.135,0.944,255,1100
221706509,-1.951,4.573,-0.610,-0.237,-0.093,1.102,255,1100
221707640,-1.159,3.780,-0.061,-0.247,-0.078,1.010,255,1100
221708639,-0.305,2.378,0.427,-0.280,0.003,0.980,255,1100
221709640,0.366,-0.976,0.671,0.125,0.221,1.056,255,1100
221710369,0.366,-0.976,0.671,0.125,0.221,1.056,255,1100
221711640,-0.976,-0.061,0.793,0.233,0.112,0.948,255,1100
221712376,-2.012,1.524,-0.671,0.167,-0.037,1.151,255,1100
221713640,-2.866,3.902,-0.366,-0.052,-0.050,0.999,255,1100
221714631,-2.317,4.573,-0.061,-0.196,-0.137,1.055,255,1100
221715640,-1.098,2.073,0.305,-0.269,-0.052,0.982,255,1100
221716637,-0.183,0.671,0.732,-0.097,0.106,0.977,255,1100
221717640,0.244,-0.549,1.037,0.175,0.191,1.081,255,1100
221718369,-0.183,-1.280,1.524,0.291,0.231,1.070,255,1100
221719640,-1.037,-0.244,0.366,0.281,0.030,1.026,255,1100
221720385,-1.890,1.768,-0.488,0.093,0.022,1.064,255,1100
221721640,-2.195,3.902,-0.610,-0.071,-0.067,1.042,255,1100
221722509,-1.951,3.963,0.000,-0.203,-0.090,1.066,255,1100
221723640,-0.671,2.134,0.610,-0.243,-0.067,1.126,255,1100
221724621,0.305,0.427,0.427,-0.118,0.162,0.999,255,1100
221725640,0.488,-0.549,0.976,0.252,0.137,1.077,255,1100
221726372,-0.122,-1.220,1.280,0.240,0.235,1.013,255,1100
221727640,-1.098,0.183,0.244,0.240,-0.011,1.040,255,1100
221728377,-1.951,1.646,-0.244,0.130,0.045,1.078,255,1100
221729640,-1.890,3.902,0.000,-0.178,-0.095,1.105,255,1100
221730502,-1.646,3.110,-0.183,-0.178,-0.095,1.105,255,1100
221731640,-0.671,1.890,0.183,-0.204,0.020,1.125,255,1100
221732510,-0.183,0.793,0.549,-0.098,0.098,1.034,255,1100
221733640,0.305,-0.305,0.732,0.198,0.229,1.038,255,1100
221734371,-0.366,-1.098,0.732,0.261,0.131,1.087,255,1100
221735640,-0.976,0.549,0.244,0.243,0.109,1.009,255,1100
221736375,-2.073,1.951,-0.366,0.136,-0.042,1.010,255,1100
221737640,-2.195,3.598,-0.183,-0.177,-0.183,1.099,255,1100
221738638,-1.890,3.049,-0.122,-0.340,-0.055,0.906,255,1100
221739640,-0.976,1.890,0.305,-0.165,-0.018,1.141,255,1100
221740637,0.000,0.488,1.159,-0.090,0.147,1.036,255,1100
221741640,0.915,-0.427,0.915,0.231,0.158,1.093,255,1100
221742371,-0.061,-0.793,0.793,0.239,0.172,0.983,255,1100
221743640,-2.378,1.890,-0.061,0.107,-0.022,0.949,255,1100
221744510,-2.866,3.415,-0.366,-0.109,-0.099,1.085,255,1100
221745640,-2.317,3.780,0.000,-0.236,-0.121,0.984,255,1100
221746618,-1.463,3.049,0.061,-0.246,-0.049,1.026,255,1100
221747640,-0.488,1.585,0.793,-0.175,-0.040,1.143,255,1100
221748632,0.122,0.427,0.610,-0.112,0.110,0.922,255,1100
221749640,0.061,-0.976,0.793,0.208,0.159,1.153,255,1100
221750371,0.061,-0.976,0.793,0.292,0.190,0.925,255,1100
221751640,-2.134,1.890,-0.305,0.045,-0.010,0.863,255,1100
221752504,-2.683,3.171,-0.549,-0.052,-0.125,1.167,255,1100
221753640,-2.622,3.415,0.122,-0.239,-0.087,0.904,255,1100
221754632,-1.890,2.378,0.427,-0.255,-0.087,1.089,255,1100
221755640,-0.671,1.646,0.610,-0.222,0.044,1.113,255,1100
221756502,0.244,0.793,0.488,-0.021,0.033,0.970,255,1100
221757640,0.305,-0.305,0.488,0.341,0.128,0.913,255,1100
221758347,0.305,-0.305,0.488,0.341,0.128,0.913,255,1100
221759640,-1.707,1.768,-0.671,0.078,-0.091,0.873,255,1100
221760492,-2.805,2.988,-0.671,-0.059,-0.057,1.184,255,1100
221761640,-2.012,3.049,-0.305,-0.222,-0.102,0.953,255,1100
221762638,-1.585,2.500,0.427,-0.250,-0.058,1.066,255,1100
221763640,0.122,1.402,0.793,-0.061,0.089,1.105,255,1100
221764506,0.488,0.122,0.671,-0.061,0.089,1.105,255,1100
221765640,0.244,-0.122,0.793,0.317,0.119,0.901,255,1100
221766367,-1.098,0.610,0.061,0.158,0.118,1.146,255,1100
221767640,-1.951,2.195,-0.488,0.104,-0.077,0.919,255,1100
221768501,-2.622,2.805,-0.549,-0.120,-0.061,1.112,255,1100
221769640,-2.439,2.805,0.000,-0.169,-0.087,0.963,255,1100
221770622,-0.427,2.073,0.427,-0.230,-0.059,1.116,255,1100
221771640,0.793,1.402,0.427,-0.022,0.115,1.104,255,1100
221772503,1.098,0.427,0.732,0.175,0.178,1.015,255,1100
221773640,0.366,0.305,0.671,0.256,0.195,0.990,255,1100
221774371,-0.793,0.854,0.061,0.218,0.018,1.130,255,1100
221775640,-1.829,1.951,-0.366,0.017,0.077,0.871,255,1100
221776369,-2.256,2.378,-0.183,-0.014,-0.197,1.149,255,1100
221777640,-1.463,2.195,0.366,-0.230,-0.090,1.087,255,1100
221778638,-0.488,1.890,0.976,-0.152,0.034,1.133,255,1100
221779640,0.183,0.976,0.854,-0.049,0.099,1.062,255,1100
221780371,0.244,0.610,0.671,0.177,0.143,0.961,255,1100
221781640,0.122,0.488,0.671,0.245,0.167,0.989,255,1100
221782357,-0.732,0.793,0.122,0.235,0.063,1.107,255,1100
221783640,-2.317,2.256,-0.610,0.009,-0.022,0.924,255,1100
221784495,-2.317,2.256,-0.610,-0.069,-0.130,1.070,255,1100
221785640,-1.402,2.195,0.793,-0.222,-0.001,1.062,255,1100
221786693,-0.610,1.951,0.915,-0.121,0.004,1.104,255,1100
221787642,0.305,1.463,1.037,-0.046,0.105,1.060,255,1100
221788402,0.549,0.854,0.610,0.167,0.121,0.996,255,1100
221789640,-0.183,0.854,0.610,0.202,0.174,1.002,255,1100
221790381,-1.037,1.098,0.427,0.218,0.071,1.027,255,1100
221791640,-2.256,2.134,-0.183,-0.044,-0.136,1.020,255,1100
221792510,-2.561,2.073,0.305,-0.221,-0.056,1.099,255,1100
221793640,-1.037,1.890,0.915,-0.142,-0.011,1.074,255,1100
221794630,-0.488,1.768,0.976,-0.138,-0.020,1.059,255,1100
221795640,0.549,1.220,0.305,-0.052,0.074,1.043,255,1100
221796500,0.610,1.159,0.488,0.126,0.168,0.973,255,1100
221797640,-0.976,0.915,0.183,0.282,0.173,1.059,255,1100
221798373,-0.976,0.915,0.183,0.143,0.059,0.979,255,1100
221799640,-2.256,1.890,-0.183,-0.077,-0.103,1.006,255,1100
221800508,-2.683,1.890,0.732,-0.154,-0.039,1.108,255,1100
221801640,-2.012,1.341,1.524,-0.148,0.004,1.150,255,1100
221802507,-0.854,1.463,0.854,-0.125,-0.035,0.962,255,1100
221803640,0.122,1.768,0.122,-0.026,0.096,1.102,255,1100
221804502,0.732,1.829,0.244,0.146,0.145,0.922,255,1100
221805640,-0.915,1.220,-0.122,0.081,0.019,0.899,255,1100
221806374,-1.524,1.585,-0.366,0.022,-0.021,1.164,255,1100
221807640,-2.195,1.585,-0.061,-0.070,-0.076,0.983,255,1100
221808629,-1.951,1.341,1.037,-0.114,-0.031,1.094,255,1100
221809640,-1.402,1.220,1.341,-0.220,0.002,1.108,255,1100
221810506,-0.427,1.707,0.549,-0.074,-0.059,1.052,255,1100
221811640,0.183,1.707,0.610,0.154,0.136,0.881,255,1100
221812499,0.122,1.402,0.488,0.240,0.148,1.131,255,1100
221813640,-1.037,1.341,-0.244,0.080,0.003,0.896,255,1100
221814373,-1.890,1.280,-0.305,0.015,-0.019,1.127,255,1100
221815640,-2.195,1.280,0.061,-0.089,-0.062,0.937,255,1100
221816624,-2.073,1.220,1.098,-0.100,-0.032,1.231,255,1100
221817640,-0.305,1.890,0.610,-0.214,-0.036,1.037,255,1100
221818635,0.122,2.012,0.671,0.005,0.119,1.052,255,1100
221819640,0.427,1.829,0.854,0.145,0.148,0.918,255,1100
221820368,0.122,1.585,0.244,0.158,0.101,1.142,255,1100
221821640,-1.098,1.524,-0.366,0.045,0.028,0.956,255,1100
221822373,-2.012,0.915,-0.061,0.066,-0.008,1.130,255,1100
221823640,-2.317,0.549,0.488,-0.040,-0.033,0.877,255,1100
221824624,-1.585,1.463,0.793,-0.156,-0.061,1.218,255,1100
221825640,-0.549,2.073,0.610,-0.055,0.073,1.069,255,1100
221826495,0.305,2.073,0.671,-0.002,0.063,1.005,255,1100
221827640,0.244,2.073,0.366,0.097,0.137,0.954,255,1100
221828368,0.366,1.402,0.122,0.162,0.086,1.116,255,1100
221829640,-1.341,1.341,-0.122,0.084,0.070,0.902,255,1100
221830375,-1.951,0.366,0.061,0.039,-0.002,1.097,255,1100
221831640,-2.561,0.732,0.305,-0.058,-0.047,0.927,255,1100
221832499,-1.585,1.159,0.915,-0.112,-0.072,1.232,255,1100
221833640,-0.610,1.768,0.793,-0.023,0.038,1.039,255,1100
221834505,0.183,2.195,0.671,-0.011,0.056,0.927,255,1100
221835640,0.183,2.256,0.305,0.063,0.111,1.101,255,1100
221836372,0.061,1.707,0.000,0.169,0.104,1.058,255,1100
221837640,-0.976,1.585,0.122,0.069,0.047,0.891,255,1100
221838373,-1.951,0.732,0.305,0.043,0.002,1.055,255,1100
221839640,-2.378,0.854,0.732,-0.133,-0.026,1.147,255,1100
221840504,-1.524,1.402,0.976,-0.094,0.002,1.104,255,1100
221841640,-0.732,2.012,0.732,-0.021,0.030,1.083,255,1100
221842377,0.305,2.561,0.183,-0.034,0.026,0.918,255,1100
221843640,0.183,2.805,-0.366,0.060,0.116,1.018,255,1100
221844371,-0.061,2.012,-0.061,0.220,0.106,1.037,255,1100
221845640,-1.951,0.549,0.122,0.042,-0.023,1.038,255,1100
221846377,-1.951,0.549,0.122,0.042,-0.023,1.038,255,1100
221847640,-2.256,0.488,0.549,-0.046,0.029,1.230,255,1100
221848373,-1.280,1.098,1.341,-0.089,-0.020,1.020,255,1100
221849640,-0.244,2.134,0.732,-0.080,-0.001,1.061,255,1100
221850630,0.305,2.927,-0.122,-0.046,0.039,0.987,255,1100
221851640,-0.183,2.073,0.061,0.079,0.172,1.041,255,1100
221852369,-0.183,2.073,0.061,0.158,0.086,0.990,255,1100
221853640,-1.951,0.122,0.061,0.047,-0.039,1.082,255,1100
221854376,-2.378,0.061,0.366,-0.057,-0.009,0.966,255,1100
221855640,-2.500,0.061,0.915,-0.034,-0.003,1.261,255,1100
221856617,-2.256,1.098,0.915,-0.129,-0.012,0.998,255,1100
221857640,-0.793,2.317,0.305,-0.025,-0.034,1.106,255,1100
221858629,0.549,3.293,-0.183,-0.083,0.066,0.910,255,1100
221859640,0.305,1.768,0.061,0.100,0.102,1.023,255,1100
221860370,-0.427,1.341,-0.061,0.100,0.102,1.023,255,1100
221861640,-1.585,0.183,0.183,-0.001,-0.001,1.077,255,1100
221862495,-2.134,-0.061,0.671,-0.015,0.042,0.958,255,1100
221863640,-2.439,0.366,1.768,-0.022,0.027,1.229,255,1100
221864500,-1.402,1.098,1.159,-0.137,-0.075,0.990,255,1100
221865640,0.244,3.232,-0.061,0.002,0.013,1.166,255,1100
221866502,0.366,3.598,0.061,-0.039,0.044,0.919,255,1100
221867640,-0.427,2.073,-0.061,0.050,0.040,1.020,255,1100
221868368,-1.037,1.220,-0.061,0.022,0.034,0.975,255,1100
221869640,-1.890,0.244,0.061,0.021,0.008,1.056,255,1100
221870375,-2.134,-0.427,0.793,-0.004,0.036,1.038,255,1100
221871640,-2.195,0.122,1.159,-0.061,0.023,1.102,255,1100
221872500,-1.402,1.402,1.098,-0.063,-0.070,1.087,255,1100
221873640,0.000,3.537,0.183,-0.040,0.034,0.898,255,1100
221874506,0.305,3.476,0.061,0.072,0.116,1.018,255,1100
221875640,-0.244,2.256,-0.061,0.011,0.056,1.035,255,1100
221876371,-1.280,0.793,0.000,0.041,0.045,1.055,255,1100
221877640,-1.951,-0.549,0.183,0.040,-0.038,0.920,255,1100
221878503,-2.195,-0.549,0.732,-0.019,0.026,1.145,255,1100
221879640,-1.463,1.585,0.915,-0.028,0.012,1.127,255,1100
221880505,-0.366,2.927,0.305,-0.020,0.025,1.092,255,1100
221881640,0.061,3.659,0.000,-0.017,0.035,0.934,255,1100
221882365,0.488,3.598,-0.183,0.018,0.058,1.085,255,1100
221883640,0.183,2.683,-0.244,-0.014,0.126,0.933,255,1100
221884375,-0.610,0.915,0.122,0.072,0.045,1.129,255,1100
221885640,-2.012,-0.793,0.793,0.016,0.016,0.858,255,1100
221886373,-2.012,-0.793,0.793,-0.010,-0.020,1.187,255,1100
221887640,-1.890,1.585,1.037,-0.008,0.008,1.242,255,1100
221888500,-1.098,2.683,0.793,-0.036,0.003,1.056,255,1100
221889640,0.061,3.415,-0.122,-0.034,-0.022,0.879,255,1100
221890499,0.122,3.841,0.000,-0.024,0.062,1.093,255,1100
221891640,0.366,2.500,-0.183,0.050,0.112,0.912,255,1100
221892373,-0.915,0.732,0.366,0.030,0.062,1.107,255,1100
221893640,-1.890,-0.732,0.488,-0.025,0.003,1.247,255,1100
221894500,-1.768,0.000,1.037,-0.022,0.075,0.996,255,1100
221895640,-1.463,1.585,1.098,0.014,-0.003,1.163,255,1100
221896375,-0.549,3.110,0.122,-0.037,-0.011,0.986,255,1100
221897640,-0.183,3.963,-0.488,-0.045,-0.036,0.989,255,1100
221898631,-0.122,4.024,-0.427,-0.028,0.103,1.027,255,1100
221899640,-0.915,0.549,0.122,0.041,0.074,0.928,255,1100
221900503,-1.524,-0.793,0.305,0.020,0.056,1.125,255,1100
221901640,-1.585,-1.098,0.732,-0.022,0.063,1.227,255,1100
221902496,-1.646,-0.305,1.037,0.065,0.042,1.024,255,1100
221903640,-1.585,1.463,0.915,-0.010,0.027,1.136,255,1100
221904374,-0.976,2.927,-0.061,-0.044,-0.060,1.028,255,1100
221905640,-0.427,3.963,-0.427,-0.094,-0.006,0.985,255,1100
221906629,-0.366,2.195,0.183,0.009,0.039,0.964,255,1100
221907640,-0.854,0.061,0.061,0.069,-0.025,1.113,255,1100
221908373,-1.707,-0.732,0.244,0.069,-0.025,1.113,255,1100
221909640,-1.890,-1.402,0.915,0.120,0.033,1.192,255,1100
221910503,-2.317,0.122,1.646,-0.014,0.087,1.026,255,1100
221911640,-1.646,1.951,0.976,0.038,-0.057,1.069,255,1100
221912372,-1.220,3.598,0.061,-0.072,-0.029,1.042,255,1100
221913640,-0.183,3.720,0.061,-0.023,0.052,0.984,255,1100
221914499,0.061,2.256,0.244,-0.034,0.095,0.958,255,1100
221915640,-0.671,0.244,0.183,0.056,0.017,1.047,255,1100
221916367,-1.280,-1.098,0.366,-0.014,0.037,1.012,255,1100
221917640,-1.646,-1.585,1.280,0.113,0.055,1.107,255,1100
221918500,-2.256,-0.183,1.341,0.002,0.053,1.131,255,1100
221919640,-1.220,3.293,0.183,0.075,-0.021,1.082,255,1100
221920371,-1.220,3.293,0.183,-0.065,-0.019,1.007,255,1100
221921640,0.000,3.902,-0.244,-0.094,0.058,0.971,255,1100
221922495,-0.122,2.439,0.000,-0.029,0.042,0.993,255,1100
221923640,-0.549,0.427,0.427,0.001,0.131,0.989,255,1100
221924409,-1.280,-1.159,0.671,0.124,-0.020,1.123,255,1100
221925641,-1.524,-1.646,1.402,0.021,0.156,1.026,255,1100
221926531,-2.012,0.061,1.220,0.093,-0.051,1.194,255,1100
221927640,-0.854,3.598,-0.305,-0.038,-0.085,0.956,255,1100
221928521,-0.488,4.512,-0.366,-0.082,0.018,1.069,255,1100
221929640,-0.305,3.780,-0.488,-0.098,-0.030,0.928,255,1100
221930631,-0.732,2.134,0.061,-0.023,0.070,1.073,255,1100
221931640,-0.793,0.122,0.427,-0.031,0.109,0.941,255,1100
221932372,-1.220,-1.524,1.098,0.147,0.018,1.139,255,1100
221933640,-2.317,0.244,1.037,0.017,0.111,0.965,255,1100
221934373,-2.317,0.244,1.037,0.132,-0.011,1.240,255,1100
221935640,-0.976,3.963,0.061,-0.056,-0.066,0.960,255,1100
221936510,-0.671,4.512,-0.427,-0.076,-0.040,1.112,255,1100
221937640,-0.305,4.268,-0.549,-0.179,-0.031,0.894,255,1100
221938638,-0.427,2.195,-0.183,-0.033,0.114,1.089,255,1100
221939640,-0.427,-0.122,0.305,0.041,0.054,0.904,255,1100
221940502,-0.732,-2.012,0.915,0.121,0.099,1.142,255,1100
221941640,-2.012,0.244,0.915,0.144,0.074,1.260,255,1100
221942372,-1.402,2.134,0.793,0.144,0.074,1.260,255,1100
221943640,-0.549,3.902,0.122,-0.083,-0.029,0.981,255,1100
221944507,-0.671,4.634,-0.488,-0.111,-0.079,1.142,255,1100
221945640,-0.427,4.512,-0.549,-0.115,0.057,0.886,255,1100
221946627,-0.793,2.073,0.122,-0.069,0.076,1.078,255,1100
221947640,-1.341,-2.012,0.915,0.099,0.049,1.214,255,1100
221948373,-1.341,-2.012,0.915,0.099,0.049,1.214,255,1100
221949640,-2.073,0.061,1.098,0.161,0.061,1.273,255,1100
221950380,-2.317,2.134,0.427,0.018,-0.007,0.921,255,1100
221951640,-1.585,3.841,-0.183,-0.042,-0.071,1.042,255,1100
221952513,-1.037,5.305,-0.488,-0.144,-0.069,1.030,255,1100
221953640,-0.488,1.951,0.122,-0.166,0.040,0.985,255,1100
221954506,-0.488,1.951,0.122,-0.056,0.052,1.004,255,1100
221955640,-0.793,-2.012,0.854,0.083,0.058,1.249,255,1100
221956373,-1.280,-1.890,0.976,0.133,0.133,0.918,255,1100
221957640,-2.012,0.183,1.098,0.142,0.034,1.243,255,1100
221958382,-1.646,2.317,0.549,0.017,-0.019,0.949,255,1100
221959640,-1.098,3.902,0.000,-0.054,-0.062,1.130,255,1100
221960504,-0.305,4.695,-0.427,-0.084,-0.039,0.939,255,1100
221961640,-0.061,1.829,-0.061,-0.098,0.068,0.961,255,1100
221962626,-0.366,-0.061,0.305,0.009,0.052,1.005,255,1100
221963640,-0.732,-1.890,0.854,0.091,0.115,1.161,255,1100
221964375,-1.524,-1.829,1.220,0.169,0.107,0.982,255,1100
221965640,-2.134,-0.122,0.854,0.089,0.055,1.208,255,1100
221966382,-2.134,2.439,0.244,0.066,-0.048,0.970,255,1100
221967640,-0.915,4.756,-0.488,-0.082,-0.012,0.986,255,1100
221968521,-0.610,4.268,-0.305,-0.111,-0.122,1.018,255,1100
221969640,-0.122,2.012,0.000,-0.067,0.017,0.886,255,1100
221970502,-0.488,-0.427,0.671,0.002,0.161,1.066,255,1100
221971640,-0.366,-2.256,1.098,0.169,0.054,1.120,255,1100
221972382,-1.220,-1.829,1.341,0.122,0.111,1.005,255,1100
221973640,-1.768,0.305,0.793,0.105,0.021,1.122,255,1100
221974378,-2.317,2.927,0.610,0.104,0.003,1.000,255,1100
221975640,-1.341,4.756,-0.366,-0.159,-0.113,1.031,255,1100
221976509,-0.732,3.720,-0.671,-0.213,-0.004,1.053,255,1100
221977640,-0.305,1.890,0.122,-0.080,0.100,0.898,255,1100
221978506,-0.244,-0.610,0.610,0.054,0.085,1.096,255,1100
221979640,-0.549,-1.829,0.915,0.075,0.114,1.045,255,1100
221980380,-0.854,-1.463,1.037,0.163,0.085,1.122,255,1100
221981640,-1.829,2.683,0.549,0.037,0.003,0.993,255,1100
221982371,-1.829,2.683,0.549,0.037,0.003,0.993,255,1100
221983640,-0.671,5.000,-0.244,-0.189,-0.080,1.010,255,1100
221984503,-0.671,3.902,-0.061,-0.186,-0.036,1.029,255,1100
221985640,-0.549,1.585,0.122,-0.113,0.128,0.927,255,1100
221986496,-0.244,-0.793,0.610,0.094,0.054,1.071,255,1100
221987640,-1.341,-1.463,1.159,0.119,0.140,1.095,255,1100
221988375,-1.341,-1.463,1.159,0.157,0.074,1.045,255,1100
221989640,-2.012,2.988,0.305,0.059,-0.030,1.061,255,1100
221990378,-1.524,4.512,-0.305,-0.063,-0.109,1.090,255,1100
221991640,-1.098,4.817,-0.854,-0.252,-0.082,0.990,255,1100
221992638,-0.305,3.902,-0.366,-0.140,0.022,1.005,255,1100
221993640,-0.488,1.463,0.305,-0.072,0.091,0.979,255,1100
221994502,0.000,-0.976,0.732,0.005,0.076,1.048,255,1100
221995640,-0.976,-1.402,1.280,0.226,0.197,1.120,255,1100
221996377,-1.829,0.610,1.037,0.226,0.197,1.120,255,1100
221997640,-1.768,2.622,0.305,0.030,-0.031,1.150,255,1100
221998382,-1.463,4.207,-0.610,-0.117,-0.152,0.986,255,1100
221999640,-1.220,4.695,-0.549,-0.201,-0.071,0.984,255,1100
222000643,-0.732,3.659,0.183,-0.189,0.017,0.995,255,1100
222001640,0.122,-0.915,0.732,-0.091,0.043,0.970,255,1100
222002370,0.122,-0.915,0.732,0.043,0.110,1.107,255,1100
222003640,-0.732,-1.524,1.159,0.212,0.212,1.123,255,1100
222004377,-1.341,0.671,0.793,0.178,0.004,0.909,255,1100
222005640,-1.646,2.683,0.000,0.048,-0.051,1.216,255,1100
222006367,-1.341,4.695,-0.366,-0.201,-0.111,0.973,255,1100
222007640,-0.915,4.817,-0.671,-0.149,-0.051,0.996,255,1100
222008646,-0.488,1.341,0.427,-0.230,0.012,0.963,255,1100
222009640,-0.183,-0.854,0.793,0.017,0.102,1.131,255,1100
222010373,-0.427,-1.829,1.037,0.017,0.102,1.131,255,1100
222011640,-1.098,-1.463,1.463,0.242,0.166,1.182,255,1100
222012385,-1.524,0.732,0.732,0.147,0.024,0.974,255,1100
222013640,-2.073,3.232,-0.061,0.020,-0.053,1.180,255,1100
222014500,-1.524,4.512,-0.305,-0.137,-0.078,0.938,255,1100
222015640,-0.488,2.805,-0.183,-0.272,0.006,0.910,255,1100
222016635,-0.244,1.220,0.244,-0.081,0.036,1.033,255,1100
222017640,0.122,-1.159,0.671,0.061,0.189,1.128,255,1100
222018370,-0.366,-2.134,1.280,0.200,0.123,0.990,255,1100
222019640,-1.280,-1.585,1.098,0.203,0.146,1.141,255,1100
222020381,-1.768,1.220,0.183,0.153,0.002,0.984,255,1100
222021640,-1.707,4.634,-0.061,0.062,-0.017,1.094,255,1100
222022496,-1.707,4.634,-0.061,-0.137,-0.132,0.994,255,1100
222023640,-0.671,3.354,-0.122,-0.244,-0.027,0.909,255,1100
222024636,-0.366,1.402,0.610,-0.120,0.107,1.035,255,1100
222025640,-0.061,-0.976,0.976,0.076,0.141,1.070,255,1100
222026371,-0.244,-1.829,1.402,0.177,0.171,1.033,255,1100
222027640,-1.402,-1.159,1.098,0.241,0.098,1.089,255,1100
222028379,-2.012,1.098,0.366,0.143,0.045,1.042,255,1100
222029640,-1.951,4.207,0.183,-0.172,-0.130,1.020,255,1100
222030505,-1.280,4.207,-0.427,-0.241,-0.112,1.035,255,1100
222031640,-0.671,2.988,-0.183,-0.239,-0.045,0.942,255,1100
222032640,-0.244,1.341,0.427,-0.085,0.120,1.085,255,1100
222033640,0.305,-1.098,0.793,0.134,0.129,1.025,255,1100
222034369,-0.061,-2.195,1.037,0.142,0.146,1.106,255,1100
222035640,-1.890,1.524,0.610,0.271,0.100,1.027,255,1100
222036376,-1.890,1.524,0.610,0.139,0.066,1.032,255,1100
222037640,-2.012,4.573,-0.183,-0.209,-0.151,1.139,255,1100
222038511,-1.646,4.329,-0.610,-0.252,-0.116,1.036,255,1100
222039640,-1.098,2.866,-0.305,-0.217,0.042,0.904,255,1100
222040640,-0.427,1.159,0.732,-0.087,0.105,1.058,255,1100
222041640,0.122,-1.159,0.732,0.103,0.119,1.031,255,1100
222042370,-0.549,-1.890,0.732,0.150,0.128,1.186,255,1100
222043640,-2.256,1.220,0.427,0.185,0.024,1.151,255,1100
222044385,-2.317,2.927,0.122,0.185,0.024,1.151,255,1100
222045640,-2.317,4.451,-0.366,-0.227,-0.166,1.057,255,1100
222046511,-1.159,4.268,-0.488,-0.228,-0.097,1.041,255,1100
222047640,-0.549,2.744,0.122,-0.190,0.030,0.931,255,1100
222048507,0.000,1.220,0.732,-0.138,0.103,1.081,255,1100
222049640,-0.244,-1.707,0.793,0.193,0.153,1.223,255,1100
222050373,-0.244,-1.707,0.793,0.193,0.153,1.223,255,1100
222051640,-1.768,1.402,0.488,0.146,0.042,1.188,255,1100
222052383,-1.951,3.049,-0.183,0.031,-0.127,0.973,255,1100
222053640,-2.073,4.329,-0.244,-0.213,-0.124,1.092,255,1100
222054640,-1.159,3.841,-0.427,-0.204,-0.072,1.043,255,1100
222055640,-0.488,2.561,0.305,-0.223,0.016,0.918,255,1100
222056513,-0.122,0.915,0.366,-0.089,0.071,1.096,255,1100
222057640,0.122,-1.098,0.732,0.252,0.197,1.154,255,1100
222058370,-0.915,-0.488,0.793,0.275,0.141,0.898,255,1100
222059640,-1.402,0.915,0.000,0.147,0.006,1.171,255,1100
222060375,-2.073,3.110,-0.488,-0.037,-0.086,0.982,255,1100
222061640,-2.256,4.634,-0.732,-0.165,-0.143,1.042,255,1100
222062643,-0.793,2.256,0.305,-0.242,-0.060,1.069,255,1100
222063640,-0.305,0.793,0.366,-0.117,0.090,1.135,255,1100
222064505,0.427,-0.976,0.488,0.113,0.186,0.956,255,1100
222065640,-0.366,-1.585,0.915,0.305,0.199,1.145,255,1100
222066372,-1.463,-0.610,0.793,0.203,0.091,0.937,255,1100
222067640,-1.890,1.280,0.000,0.195,-0.019,1.161,255,1100
222068375,-2.561,3.415,-0.366,-0.071,-0.038,0.950,255,1100
222069640,-1.341,3.659,-0.366,-0.154,-0.145,1.043,255,1100
222070643,-0.488,2.561,-0.122,-0.256,-0.074,0.995,255,1100
222071640,-0.366,1.037,0.366,-0.120,0.136,1.113,255,1100
222072510,0.549,-0.915,0.976,0.157,0.188,0.933,255,1100
222073640,0.000,-1.402,1.524,0.261,0.193,1.170,255,1100
222074433,-0.976,-0.610,0.732,0.229,0.054,0.935,255,1100
222075642,-1.646,1.463,0.305,0.165,0.064,1.135,255,1100
222076403,-2.805,3.232,-0.122,-0.036,-0.068,0.991,255,1100
222077640,-1.585,3.537,-0.366,-0.281,-0.146,0.957,255,1100
222078642,-0.732,2.622,0.000,-0.245,-0.029,1.006,255,1100
222079640,-0.244,0.793,0.305,-0.101,0.101,1.072,255,1100
222080489,0.366,-0.671,1.220,0.178,0.209,0.957,255,1100
222081640,0.122,-1.646,0.915,0.245,0.149,1.151,255,1100
222082382,-1.159,-0.366,0.854,0.225,0.103,0.967,255,1100
222083640,-2.500,3.049,-0.061,-0.005,-0.077,0.944,255,1100
222084502,-2.012,3.902,0.000,-0.005,-0.077,0.944,255,1100
222085640,-1.220,3.902,-0.366,-0.293,-0.149,0.944,255,1100
222086622,-0.671,2.561,-0.061,-0.233,0.052,1.096,255,1100
222087640,0.000,0.793,0.671,-0.060,0.086,0.987,255,1100
222088495,0.732,-0.610,0.854,0.125,0.215,1.054,255,1100
222089640,0.488,-1.402,0.793,0.272,0.101,1.088,255,1100
222090374,-0.732,0.061,0.427,0.225,0.145,0.908,255,1100
222091640,-2.500,3.354,-0.183,-0.029,-0.080,0.964,255,1100
222092505,-2.317,3.841,-0.183,-0.222,-0.132,1.148,255,1100
222093640,-1.646,3.659,-0.244,-0.265,-0.079,0.928,255,1100
222094643,-0.793,2.378,0.305,-0.206,-0.009,1.085,255,1100
222095640,-0.305,0.976,0.732,-0.086,0.090,0.963,255,1100
222096494,0.122,-0.610,0.915,0.170,0.134,1.096,255,1100
222097640,-1.220,-0.183,0.915,0.285,0.079,0.996,255,1100
222098372,-1.220,-0.183,0.915,0.285,0.079,0.996,255,1100
222099640,-2.439,3.171,-0.122,-0.031,-0.119,1.036,255,1100
222100507,-2.622,4.146,-0.366,-0.254,-0.129,1.119,255,1100
222101640,-1.707,3.659,-0.305,-0.228,-0.068,0.875,255,1100
222102642,-0.915,2.439,0.244,-0.210,-0.005,1.063,255,1100
222103640,0.549,-0.427,0.976,-0.072,0.087,1.035,255,1100
222104499,0.305,-1.037,1.098,0.141,0.181,1.114,255,1100
222105640,-0.976,-0.183,0.976,0.264,0.072,1.055,255,1100
222106356,-1.890,0.915,-0.061,0.157,0.001,1.035,255,1100
222107640,-2.439,3.354,-0.305,-0.095,-0.114,1.043,255,1100
222108555,-2.195,4.024,-0.061,-0.200,-0.101,1.030,255,1100
222109641,-1.463,3.476,0.000,-0.241,-0.075,0.968,255,1100
222110637,0.061,1.037,0.427,-0.193,-0.003,1.111,255,1100
222111640,0.366,-0.122,0.793,0.150,0.215,1.049,255,1100
222112373,-0.183,-1.037,0.915,0.150,0.215,1.049,255,1100
222113640,-0.793,-0.122,0.671,0.244,0.102,1.056,255,1100
222114374,-1.829,1.098,-0.061,0.113,-0.041,1.028,255,1100
222115640,-2.500,3.476,-0.305,-0.112,-0.067,1.069,255,1100
222116623,-2.500,3.780,0.183,-0.126,-0.122,1.023,255,1100
222117640,-0.549,2.256,0.183,-0.198,-0.096,1.146,255,1100
222118633,-0.183,1.159,0.549,-0.122,0.118,1.001,255,1100
222119640,0.366,0.000,1.098,0.246,0.184,1.010,255,1100
222120367,-0.244,-0.732,1.098,0.211,0.220,1.006,255,1100
222121640,-0.915,-0.061,0.183,0.292,0.013,1.114,255,1100
222122380,-2.134,1.159,-0.366,0.048,0.021,0.955,255,1100
222123640,-2.683,2.927,-0.183,-0.062,-0.083,1.139,255,1100
222124515,-2.378,3.354,0.671,-0.175,-0.040,0.961,255,1100
222125640,-0.671,2.378,0.366,-0.198,-0.027,1.165,255,1100
222126635,0.061,0.976,0.366,-0.089,0.111,0.967,255,1100
222127640,0.427,-0.061,1.037,0.218,0.180,1.051,255,1100
222128366,-0.183,-0.488,0.915,0.238,0.183,0.954,255,1100
222129640,-1.037,-0.061,0.305,0.249,0.035,1.158,255,1100
222130376,-2.073,1.524,-0.244,0.040,0.032,0.897,255,1100
222131640,-2.378,2.927,0.122,-0.247,-0.053,0.924,255,1100
222132504,-2.012,2.866,0.305,-0.215,-0.111,1.024,255,1100
222133640,-0.610,2.500,0.427,-0.206,0.029,1.092,255,1100
222134503,0.366,1.646,0.793,-0.061,0.075,1.020,255,1100
222135640,0.549,0.366,0.793,0.129,0.241,1.100,255,1100
222136374,0.427,-0.244,0.549,0.279,0.130,0.895,255,1100
222137640,-1.890,1.463,-0.122,0.243,0.104,1.212,255,1100
222138374,-1.890,1.463,-0.122,0.080,-0.044,0.840,255,1100
222139640,-2.439,3.049,0.427,-0.199,-0.129,0.907,255,1100
222140628,-1.768,2.988,0.610,-0.219,-0.030,1.076,255,1100
222141640,-0.671,2.317,0.427,-0.188,-0.006,1.079,255,1100
222142693,0.305,1.585,0.671,-0.022,0.080,1.052,255,1100
222143642,0.305,0.183,0.610,0.119,0.181,1.075,255,1100
222144398,-0.061,-0.061,0.732,0.276,0.178,0.872,255,1100
222145640,-1.646,1.402,0.183,0.049,-0.021,0.798,255,1100
222146361,-2.134,2.012,-0.061,0.049,-0.021,0.798,255,1100
222147640,-2.317,2.500,0.732,-0.219,-0.056,0.894,255,1100
222148622,-1.280,2.561,0.732,-0.178,-0.056,1.125,255,1100
222149640,-0.610,2.439,0.427,-0.211,-0.018,1.019,255,1100
222150630,0.305,1.463,-0.061,-0.050,0.081,1.085,255,1100
222151640,0.183,0.000,0.915,0.284,0.199,0.901,255,1100
222152354,0.183,0.000,0.915,0.284,0.199,0.901,255,1100
222153640,-1.890,0.976,-0.305,0.029,-0.005,0.837,255,1100
222154496,-3.049,2.134,-0.244,-0.057,-0.118,1.197,255,1100
222155640,-2.744,2.744,0.732,-0.175,-0.046,0.922,255,1100
222156633,-1.646,2.744,1.037,-0.217,-0.057,1.162,255,1100
222157640,-0.549,2.073,0.244,-0.186,-0.011,0.998,255,1100
222158633,0.244,1.098,0.793,0.156,0.217,1.015,255,1100
222159640,0.000,0.366,0.854,0.237,0.157,0.999,255,1100
222160364,-0.915,0.305,0.000,0.185,0.075,1.083,255,1100
222161640,-1.402,1.159,0.000,0.041,-0.053,0.971,255,1100
222162361,-2.134,1.829,-0.122,-0.046,-0.032,1.081,255,1100
222163640,-2.256,2.256,0.366,-0.142,-0.082,1.025,255,1100
222164638,-1.646,2.439,0.610,-0.267,-0.026,1.067,255,1100
222165640,-0.244,1.829,0.610,-0.045,0.103,1.019,255,1100
222166503,0.244,0.854,0.854,0.143,0.173,0.970,255,1100
222167640,0.000,0.244,1.037,0.240,0.160,1.068,255,1100
222168370,-0.915,0.427,0.122,0.166,0.038,0.966,255,1100
222169640,-1.890,1.280,-0.183,0.009,-0.015,1.052,255,1100
222170510,-2.134,1.829,0.000,0.000,-0.027,0.996,255,1100
222171640,-1.646,2.134,0.610,-0.131,-0.077,1.186,255,1100
222172492,-0.671,2.073,0.183,-0.293,-0.018,1.057,255,1100
222173640,-0.122,1.890,0.549,-0.018,0.134,0.995,255,1100
222174511,0.000,1.220,0.732,0.164,0.137,0.982,255,1100
222175640,-0.122,0.793,0.366,0.160,0.145,1.110,255,1100
222176372,-0.915,0.915,0.183,0.189,0.003,0.911,255,1100
222177640,-2.073,1.220,0.061,0.054,-0.011,1.177,255,1100
222178374,-2.378,1.524,0.244,-0.036,-0.059,0.939,255,1100
222179640,-1.280,2.317,0.610,-0.237,-0.039,1.086,255,1100
222180625,-0.183,2.622,0.244,-0.135,0.018,1.002,255,1100
222181640,0.244,2.012,0.732,-0.011,0.080,1.040,255,1100
222182378,0.305,1.524,0.488,0.089,0.176,0.896,255,1100
222183640,0.122,0.793,0.244,0.197,0.139,1.149,255,1100
222184372,-0.976,0.610,0.244,0.136,0.076,0.929,255,1100
222185640,-2.439,1.159,0.000,-0.124,-0.008,0.915,255,1100
222186494,-2.500,1.829,0.427,-0.124,-0.008,0.915,255,1100
222187640,-1.829,2.012,0.976,-0.198,-0.015,1.042,255,1100
222188625,-0.488,2.439,0.610,-0.103,-0.000,0.937,255,1100
222189640,0.305,2.134,0.305,-0.002,0.047,1.107,255,1100
222190506,0.244,1.951,-0.061,0.028,0.140,0.970,255,1100
222191640,0.122,1.524,0.183,0.243,0.140,1.116,255,1100
222192370,-1.037,0.793,0.244,0.104,0.066,0.921,255,1100
222193640,-2.500,1.159,0.122,-0.118,-0.073,0.980,255,1100
222194506,-2.134,1.585,0.549,-0.083,-0.012,1.198,255,1100
222195640,-1.524,2.073,0.976,-0.181,-0.030,1.043,255,1100
222196625,-0.549,2.256,0.732,-0.138,0.002,1.022,255,1100
222197640,-0.122,2.134,0.061,-0.032,0.019,1.004,255,1100
222198375,0.305,2.012,0.122,0.038,0.150,0.962,255,1100
222199640,-0.915,0.610,0.305,0.092,0.011,0.924,255,1100
222200369,-0.915,0.610,0.305,0.092,0.011,0.924,255,1100
222201640,-2.500,1.037,-0.061,-0.062,-0.045,0.952,255,1100
222202499,-1.768,1.280,0.854,-0.030,0.021,1.176,255,1100
222203640,-1.341,1.829,1.098,-0.203,-0.047,1.038,255,1100
222204502,-0.244,2.317,0.427,-0.090,0.017,1.075,255,1100
222205640,0.305,2.439,0.061,-0.050,0.013,0.954,255,1100
222206374,0.305,2.439,0.061,0.071,0.171,0.968,255,1100
222207640,-1.098,0.610,-0.122,0.060,0.030,0.947,255,1100
222208371,-1.646,0.122,-0.610,0.032,-0.034,1.112,255,1100
222209640,-2.134,0.427,0.061,-0.017,0.010,0.957,255,1100
222210507,-2.012,0.976,0.671,-0.027,0.018,1.154,255,1100
222211640,-1.524,1.768,0.732,-0.204,-0.080,1.085,255,1100
222212506,-0.671,2.378,0.122,-0.101,-0.014,1.089,255,1100
222213640,0.000,2.561,0.366,0.085,0.164,1.034,255,1100
222214503,0.061,1.585,0.305,0.142,0.082,1.094,255,1100
222215640,-0.915,0.427,0.000,0.106,-0.002,1.010,255,1100
222216365,-2.012,0.549,-0.244,-0.008,0.015,0.972,255,1100
222217640,-2.500,0.671,0.671,0.048,0.011,1.068,255,1100
222218503,-2.317,0.732,1.159,-0.070,-0.000,1.078,255,1100
222219640,-1.037,2.378,-0.244,-0.120,0.011,1.117,255,1100
222220636,0.183,2.866,-0.122,-0.009,0.062,0.828,255,1100
222221640,0.122,2.561,0.122,0.059,0.156,1.126,255,1100
222222432,0.305,1.098,-0.061,0.135,0.056,0.951,255,1100
222223642,-1.037,0.610,-0.061,0.054,0.030,1.125,255,1100
222224400,-1.829,0.305,0.061,0.049,0.009,0.903,255,1100
222225640,-2.256,0.061,0.671,0.021,0.000,1.097,255,1100
222226371,-2.378,0.244,0.915,-0.070,-0.026,1.106,255,1100
222227640,-0.976,2.805,0.244,-0.076,0.056,1.106,255,1100
222228505,0.061,3.049,0.427,-0.005,0.042,0.913,255,1100
222229640,0.000,2.927,0.000,0.031,0.104,1.124,255,1100
222230358,-0.244,1.646,0.061,0.113,0.075,0.916,255,1100
222231640,-1.220,0.732,-0.061,0.061,0.059,1.083,255,1100
222232371,-1.951,0.183,0.061,0.077,0.018,0.920,255,1100
222233640,-2.256,0.854,0.549,-0.074,-0.026,1.097,255,1100
222234499,-1.402,2.073,0.793,-0.140,0.015,1.024,255,1100
222235640,-0.488,2.683,0.305,-0.006,-0.018,1.081,255,1100
222236503,0.183,2.927,0.183,-0.071,0.035,0.991,255,1100
222237640,0.061,2.927,-0.488,0.010,0.036,1.051,255,1100
222238365,-0.061,1.829,-0.122,0.090,0.133,0.928,255,1100
222239640,-1.463,0.000,0.305,0.083,0.076,1.113,255,1100
222240369,-1.463,0.000,0.305,0.065,0.009,0.932,255,1100
222241640,-2.439,0.305,0.732,-0.021,0.025,1.057,255,1100
222242373,-1.768,1.646,0.732,-0.093,0.023,1.184,255,1100
222243640,-1.037,2.561,0.427,-0.021,-0.029,0.972,255,1100
222244507,-0.793,3.110,0.000,-0.122,-0.029,1.000,255,1100
222245640,-0.366,3.293,0.061,0.023,0.043,0.973,255,1100
222246483,0.061,1.890,0.305,0.097,0.149,0.992,255,1100
222247640,-1.524,-0.488,0.244,0.008,-0.021,0.953,255,1100
222248505,-1.890,-0.366,0.244,0.005,-0.007,1.205,255,1100
222249640,-1.829,0.793,0.976,-0.020,0.062,0.893,255,1100
222250492,-1.220,1.951,1.402,-0.058,0.028,1.238,255,1100
222251640,-0.366,2.866,0.488,-0.049,-0.025,0.983,255,1100
222252506,-0.122,3.415,-0.427,-0.107,-0.009,1.023,255,1100
222253640,-0.549,1.768,0.549,0.104,0.095,1.057,255,1100
222254501,-0.854,0.183,0.183,0.104,0.095,1.057,255,1100
222255640,-1.829,-0.366,-0.183,-0.035,-0.031,0.928,255,1100
222256513,-1.951,-0.732,0.305,0.093,0.025,1.147,255,1100
222257640,-2.317,0.610,1.159,-0.002,0.061,0.985,255,1100
222258373,-1.768,1.829,1.159,-0.054,0.005,1.213,255,1100
222259640,-0.915,2.988,0.244,-0.081,-0.062,0.979,255,1100
222260507,-0.183,4.207,-0.366,-0.100,0.010,0.992,255,1100
222261640,0.061,2.073,0.610,0.055,0.081,0.957,255,1100
222262495,-0.488,0.305,0.183,0.045,0.032,1.103,255,1100
222263640,-1.280,-0.122,0.000,0.001,0.022,1.008,255,1100
222264372,-1.646,-0.915,0.915,0.118,0.062,1.061,255,1100
222265640,-2.134,0.488,1.220,-0.042,0.070,1.105,255,1100
222266363,-1.463,1.951,0.854,-0.018,-0.073,1.161,255,1100
222267640,-0.610,3.720,-0.305,-0.000,-0.044,1.021,255,1100
222268631,-0.610,3.293,-0.305,-0.054,0.090,1.007,255,1100
222269640,-0.366,1.951,-0.061,0.067,0.031,0.933,255,1100
222270499,-0.915,0.244,0.000,-0.007,0.086,1.021,255,1100
222271640,-1.159,-0.915,0.305,0.085,0.027,1.063,255,1100
222272373,-1.707,-1.098,1.280,0.076,0.104,1.057,255,1100
222273640,-1.463,2.012,0.976,0.008,0.007,1.210,255,1100
222274377,-1.463,2.012,0.976,-0.038,0.019,0.951,255,1100
222275640,0.000,3.963,-0.061,-0.073,-0.006,1.049,255,1100
222276499,-0.366,3.415,-0.305,-0.081,0.004,1.010,255,1100
222277640,-0.366,2.073,-0.061,0.054,0.048,1.000,255,1100
222278500,-0.854,0.183,0.488,0.003,0.074,0.947,255,1100
222279640,-1.463,-1.037,0.793,0.109,0.059,1.106,255,1100
222280370,-1.768,-1.585,0.732,0.054,0.060,0.963,255,1100
222281640,-1.341,1.768,0.671,-0.051,0.054,0.979,255,1100
222282373,-0.915,3.110,0.183,-0.051,0.054,0.979,255,1100
222283640,-0.427,3.841,-0.183,-0.122,0.041,1.073,255,1100
222284504,-0.427,3.659,-0.183,-0.069,-0.038,0.996,255,1100
222285640,-0.244,1.951,0.061,-0.022,0.100,1.048,255,1100
222286501,-0.488,0.000,0.183,0.062,0.065,0.906,255,1100
222287640,-1.829,-1.524,0.854,0.077,0.028,0.922,255,1100
222288375,-1.829,-1.524,0.854,0.077,0.028,0.922,255,1100
222289640,-1.829,1.890,0.671,0.026,0.024,0.927,255,1100
222290378,-1.524,3.415,0.244,-0.027,-0.023,1.028,255,1100
222291640,-0.244,4.146,-0.305,-0.150,-0.059,1.064,255,1100
222292632,-0.061,3.963,-0.305,-0.110,0.009,1.018,255,1100
222293640,-0.183,2.012,0.000,0.017,0.092,1.044,255,1100
222294492,-0.610,0.122,0.671,0.066,0.096,0.854,255,1100
222295640,-1.646,-1.280,0.671,0.063,0.063,0.873,255,1100
222296376,-1.951,0.427,0.610,0.032,0.073,1.279,255,1100
222297640,-1.524,2.073,1.220,0.025,0.001,0.907,255,1100
222298371,-0.915,3.232,0.122,-0.048,-0.044,1.099,255,1100
222299640,-0.732,4.085,-0.610,-0.162,-0.081,1.000,255,1100
222300629,-0.366,3.963,-0.305,-0.102,0.042,1.002,255,1100
222301640,-0.488,-0.244,0.671,0.040,0.078,0.869,255,1100
222302500,-1.098,-1.280,0.488,0.063,0.055,1.285,255,1100
222303640,-1.037,-0.854,0.793,0.110,0.119,0.855,255,1100
222304378,-1.707,0.488,0.732,0.082,0.032,1.301,255,1100
222305640,-1.585,2.378,0.915,-0.032,0.027,0.890,255,1100
222306371,-1.098,3.902,0.000,-0.060,-0.124,1.078,255,1100
222307640,-0.122,3.841,-0.061,-0.176,-0.012,1.001,255,1100
222308620,-0.122,1.768,0.366,-0.013,0.101,0.966,255,1100
222309640,-0.183,-0.488,0.305,0.027,0.027,0.923,255,1100
222310369,-1.037,-1.585,0.854,0.090,0.118,1.234,255,1100
222311640,-1.037,-1.341,1.402,0.135,0.102,0.894,255,1100
222312381,-1.829,0.305,1.098,0.060,0.073,1.241,255,1100
222313640,-2.073,2.317,0.610,-0.010,-0.026,0.945,255,1100
222314502,-1.524,3.902,-0.305,-0.089,-0.073,1.070,255,1100
222315640,-0.488,3.780,0.000,-0.188,0.048,0.969,255,1100
222316510,-0.549,1.220,0.061,0.038,-0.009,1.026,255,1100
222317640,-0.732,-0.549,0.244,-0.042,0.124,1.011,255,1100
222318502,-0.793,-1.463,0.732,0.164,0.089,1.099,255,1100
222319640,-1.463,-1.402,1.220,0.107,0.140,1.007,255,1100
222320378,-1.220,0.427,0.854,0.105,0.029,1.154,255,1100
222321640,-1.037,4.024,-0.183,-0.104,-0.031,1.015,255,1100
222322507,-0.793,4.451,-0.244,-0.104,-0.031,1.015,255,1100
222323640,-0.427,3.659,-0.244,-0.196,0.041,0.996,255,1100
222324632,-0.183,1.585,0.061,0.017,-0.006,0.986,255,1100
222325640,-0.366,-0.427,0.244,-0.005,0.134,0.981,255,1100
222326488,-0.549,-1.585,1.098,0.181,0.046,1.109,255,1100
222327640,-1.098,-1.402,1.159,0.080,0.152,1.028,255,1100
222328377,-1.585,0.183,0.610,0.120,-0.004,1.103,255,1100
222329640,-1.159,4.146,-0.183,-0.052,-0.067,1.077,255,1100
222330505,-0.732,4.817,-0.671,-0.156,-0.064,0.967,255,1100
222331640,-0.122,3.841,-0.488,-0.171,-0.004,1.036,255,1100
222332637,-0.305,1.646,-0.183,-0.044,0.070,0.971,255,1100
222333640,-0.305,-0.549,0.122,0.027,0.078,0.972,255,1100
222334495,-0.793,-1.768,0.976,0.117,0.130,1.083,255,1100
222335640,-2.073,0.549,0.915,0.083,0.085,1.085,255,1100
222336377,-2.073,0.549,0.915,0.083,0.085,1.085,255,1100
222337640,-1.585,4.146,0.427,-0.055,-0.088,1.085,255,1100
222338500,-1.037,4.390,-0.488,-0.206,-0.102,0.984,255,1100
222339640,-0.305,3.659,0.000,-0.148,0.008,1.021,255,1100
222340495,-0.061,1.402,0.244,-0.059,0.096,0.924,255,1100
222341640,-0.427,-2.012,0.915,0.109,0.063,1.048,255,1100
222342375,-0.427,-2.012,0.915,0.070,0.153,1.077,255,1100
222343640,-1.524,0.427,0.854,0.074,0.136,1.041,255,1100
222344383,-1.524,2.866,0.488,0.034,-0.076,1.101,255,1100
222345640,-1.402,4.512,0.000,-0.115,-0.072,1.040,255,1100
222346491,-0.976,4.512,-0.671,-0.188,-0.141,0.973,255,1100
222347640,-0.549,3.963,0.122,-0.127,0.029,1.013,255,1100
222348583,-0.122,1.402,0.244,-0.086,0.089,0.939,255,1100
222349642,-0.793,-1.951,0.732,0.080,0.117,1.012,255,1100
222350406,-1.280,-1.159,0.915,0.080,0.117,1.012,255,1100
222351640,-2.012,0.732,0.671,0.114,0.076,0.980,255,1100
222352383,-2.073,3.049,0.610,0.002,-0.035,1.109,255,1100
222353640,-1.524,4.268,-0.061,-0.128,-0.127,1.044,255,1100
222354509,-1.280,4.512,-0.793,-0.177,-0.081,0.970,255,1100
222355640,-0.549,1.524,0.305,-0.097,0.100,0.914,255,1100
222356507,0.061,-0.793,0.305,-0.097,0.100,0.914,255,1100
222357640,-0.427,-1.707,0.732,0.096,0.180,0.931,255,1100
222358371,-0.976,-1.463,1.037,0.217,0.109,1.239,255,1100
222359640,-2.134,0.488,1.098,0.104,0.076,0.934,255,1100
222360378,-1.829,2.927,0.366,0.025,-0.047,1.144,255,1100
222361640,-2.012,4.512,0.061,-0.138,-0.129,1.014,255,1100
222362503,-1.341,4.573,-0.732,-0.167,-0.064,1.010,255,1100
222363640,-0.488,1.768,0.000,-0.140,0.089,0.963,255,1100
222364504,-0.366,-0.549,0.244,0.070,0.062,1.158,255,1100
222365640,-0.793,-2.073,1.159,0.165,0.193,0.964,255,1100
222366382,-1.098,-1.463,1.402,0.223,0.128,1.211,255,1100
222367640,-1.951,0.732,0.488,0.087,0.059,0.944,255,1100
222368384,-2.134,2.988,-0.183,0.072,-0.046,1.198,255,1100
222369640,-1.220,4.390,-0.793,-0.226,-0.116,1.020,255,1100
222370637,-0.671,3.171,-0.366,-0.196,-0.028,0.882,255,1100
222371640,-0.488,1.707,0.244,-0.088,0.090,1.063,255,1100
222372510,0.244,-0.610,0.671,0.108,0.109,1.092,255,1100
222373640,-0.183,-2.134,1.098,0.152,0.149,0.952,255,1100
222374374,-0.793,-1.585,1.098,0.187,0.134,1.178,255,1100
222375640,-1.829,2.927,0.488,0.133,0.060,0.978,255,1100
222376381,-1.829,2.927,0.488,0.024,-0.031,1.175,255,1100
222377640,-1.037,4.268,-0.793,-0.217,-0.111,1.040,255,1100
222378512,-0.366,3.415,-0.549,-0.200,-0.033,0.909,255,1100
222379640,-0.671,1.463,0.000,-0.073,0.131,1.040,255,1100
222380503,0.427,-0.854,0.305,0.111,0.091,1.085,255,1100
222381640,-0.366,-2.073,0.610,0.124,0.151,1.048,255,1100
222382375,-0.854,-1.585,0.427,0.204,0.113,1.092,255,1100
222383640,-1.951,2.927,0.671,0.092,-0.041,1.095,255,1100
222384371,-1.890,4.207,-0.366,0.092,-0.041,1.095,255,1100
222385640,-1.463,4.634,-0.854,-0.245,-0.134,1.027,255,1100
222386634,-0.854,3.537,-0.305,-0.167,0.010,0.955,255,1100
222387640,-0.244,1.341,0.183,-0.089,0.086,0.986,255,1100
222388491,0.244,-1.037,0.366,0.061,0.111,1.054,255,1100
222389640,-0.488,-1.159,0.976,0.227,0.190,1.014,255,1100
222390376,-0.488,-1.159,0.976,0.227,0.190,1.014,255,1100
222391640,-1.951,3.049,0.366,0.074,-0.047,0.996,255,1100
222392373,-2.073,4.024,-0.427,-0.194,-0.186,1.093,255,1100
222393640,-1.341,4.390,-0.671,-0.228,-0.136,0.994,255,1100
222394643,-0.671,3.598,-0.244,-0.213,0.024,0.925,255,1100
222395640,-0.183,1.768,0.610,-0.075,0.079,1.050,255,1100
222396503,0.244,-0.732,0.305,0.074,0.121,1.068,255,1100
222397640,-1.098,-1.220,0.732,0.269,0.203,0.991,255,1100
222398372,-1.951,0.671,0.549,0.184,0.070,1.171,255,1100
222399640,-2.073,2.988,0.061,0.044,-0.072,0.989,255,1100
222400374,-2.317,4.451,-0.488,-0.247,-0.156,1.098,255,1100
222401640,-1.585,4.634,-0.549,-0.176,-0.108,0.971,255,1100
222402647,-1.341,3.110,0.061,-0.195,0.045,0.951,255,1100
222403640,0.183,-1.037,0.549,0.047,0.101,1.056,255,1100
222404372,0.183,-1.037,0.549,0.047,0.101,1.056,255,1100
222405640,-0.976,-1.098,1.463,0.283,0.155,0.983,255,1100
222406374,-1.951,0.915,0.976,0.154,0.088,1.129,255,1100
222407640,-2.317,3.354,0.427,0.067,-0.121,1.002,255,1100
222408375,-2.195,4.512,-0.122,-0.251,-0.126,1.107,255,1100
222409640,-0.854,2.988,0.305,-0.170,-0.096,0.958,255,1100
222410637,-0.244,1.402,0.366,-0.127,0.054,1.101,255,1100
222411640,0.061,-0.488,0.244,0.062,0.142,1.019,255,1100
222412364,0.183,-1.707,1.220,0.234,0.204,1.125,255,1100
222413640,-1.098,-1.037,1.890,0.251,0.146,0.985,255,1100
222414374,-1.829,0.427,0.854,0.154,0.063,1.113,255,1100
222415640,-2.500,3.110,0.122,-0.002,-0.110,0.939,255,1100
222416500,-2.134,4.634,-0.183,-0.181,-0.095,1.157,255,1100
222417640,-0.732,3.232,-0.061,-0.230,-0.056,0.955,255,1100
222418639,-0.183,1.585,0.061,-0.138,0.075,1.115,255,1100
222419640,0.183,-0.305,0.488,0.090,0.183,0.923,255,1100
222420369,-0.061,-1.890,1.220,0.271,0.134,1.204,255,1100
222421640,-1.159,-1.037,1.098,0.180,0.136,0.902,255,1100
222422373,-1.829,1.037,0.488,0.200,0.010,1.215,255,1100
222423640,-1.402,4.329,0.122,-0.140,-0.176,1.106,255,1100
222424506,-1.159,4.085,-0.183,-0.140,-0.176,1.106,255,1100
222425640,-0.549,3.232,-0.366,-0.225,-0.076,1.000,255,1100
222426633,-0.305,1.585,0.427,-0.145,0.137,1.062,255,1100
222427640,0.244,-0.488,0.976,0.119,0.159,0.968,255,1100
222428370,-0.244,-2.012,1.098,0.234,0.170,1.206,255,1100
222429640,-0.854,-0.549,0.549,0.196,0.110,0.906,255,1100
222430371,-1.890,1.098,0.488,0.206,0.067,1.177,255,1100
222431640,-2.195,3.963,0.061,-0.163,-0.122,1.057,255,1100
222432506,-1.585,4.085,-0.671,-0.274,-0.163,0.979,255,1100
222433640,-0.915,3.293,-0.366,-0.244,-0.009,1.049,255,1100
222434638,-0.122,1.646,0.488,-0.108,0.122,1.064,255,1100
222435640,0.671,-0.549,0.854,0.101,0.154,0.960,255,1100
222436371,-0.122,-1.646,0.671,0.214,0.128,1.157,255,1100
222437640,-1.707,0.732,0.732,0.205,0.105,1.110,255,1100
222438373,-1.707,0.732,0.732,0.205,0.105,1.110,255,1100
222439640,-1.951,3.902,0.183,-0.239,-0.127,1.086,255,1100
222440506,-1.646,4.085,-0.427,-0.238,-0.140,1.008,255,1100
222441640,-0.793,3.171,0.000,-0.217,0.024,1.030,255,1100
222442503,-0.183,1.341,0.671,-0.084,0.074,0.987,255,1100
222443640,0.183,-1.524,0.732,0.052,0.180,1.065,255,1100
222444378,0.183,-1.524,0.732,0.253,0.108,1.045,255,1100
222445640,-1.951,0.610,1.037,0.181,0.083,1.086,255,1100
222446373,-2.622,2.744,0.488,0.042,-0.092,1.008,255,1100
222447640,-2.012,4.268,0.061,-0.261,-0.128,1.077,255,1100
222448507,-1.585,4.024,-0.549,-0.225,-0.109,1.028,255,1100
222449640,-0.732,3.049,0.000,-0.200,-0.018,0.998,255,1100
222450620,0.427,-0.488,0.366,-0.121,0.110,1.003,255,1100
222451640,0.061,-1.463,0.732,0.257,0.188,1.058,255,1100
222452372,-0.854,-1.159,0.915,0.257,0.188,1.058,255,1100
222453640,-1.585,0.366,0.854,0.204,0.043,0.987,255,1100
222454370,-2.439,2.622,-0.061,0.000,-0.123,1.104,255,1100
222455640,-2.317,4.085,-0.122,-0.193,-0.144,1.045,255,1100
222456624,-1.585,4.329,-0.122,-0.272,-0.082,0.939,255,1100
222457640,-0.061,1.463,0.366,-0.134,0.055,1.068,255,1100
222458506,0.488,-0.122,0.427,-0.134,0.055,1.068,255,1100
222459640,0.305,-1.341,0.854,0.307,0.185,1.028,255,1100
222460374,-1.037,-0.915,0.854,0.233,0.141,1.066,255,1100
222461640,-1.646,0.366,0.366,0.170,0.013,1.000,255,1100
222462375,-2.683,2.988,-0.122,-0.053,-0.080,1.163,255,1100
222463640,-2.012,4.024,-0.122,-0.135,-0.097,0.940,255,1100
222464638,-0.671,2.683,0.366,-0.164,-0.058,1.054,255,1100
222465640,-0.244,1.402,0.305,-0.178,0.054,0.942,255,1100
222466506,0.244,-0.122,0.915,0.131,0.205,1.088,255,1100
222467640,0.244,-1.524,1.220,0.286,0.187,1.014,255,1100
222468374,-0.610,-0.732,0.976,0.218,0.119,1.063,255,1100
222469640,-1.646,0.915,0.427,0.153,-0.023,1.024,255,1100
222470381,-2.561,2.866,-0.122,-0.029,-0.043,1.152,255,1100
222471640,-1.463,3.659,0.183,-0.293,-0.088,0.979,255,1100
222472634,-0.671,2.744,-0.244,-0.184,-0.081,1.156,255,1100
222473640,0.000,1.707,0.122,-0.210,0.109,0.923,255,1100
222474503,0.427,-0.122,1.037,0.193,0.190,1.092,255,1100
222475640,0.183,-1.402,1.463,0.238,0.198,0.950,255,1100
222476373,-0.183,-0.854,0.305,0.250,0.072,1.135,255,1100
222477640,-2.378,3.171,0.244,0.107,0.021,0.989,255,1100
222478379,-2.378,3.171,0.244,0.041,-0.058,1.153,255,1100
222479640,-1.890,3.659,0.244,-0.308,-0.136,1.003,255,1100
222480505,-1.037,2.988,-0.061,-0.204,-0.026,1.134,255,1100
222481640,-0.183,1.829,0.061,-0.162,0.077,0.954,255,1100
222482509,0.366,0.000,0.915,0.162,0.242,1.105,255,1100
222483640,-0.061,-1.220,1.098,0.263,0.118,0.948,255,1100
222484372,-0.671,-0.793,0.488,0.230,0.125,1.115,255,1100
222485640,-2.439,2.500,0.427,0.004,0.000,1.091,255,1100
222486387,-2.195,3.415,0.183,0.004,0.000,1.091,255,1100
222487640,-2.073,3.780,0.183,-0.306,-0.095,1.041,255,1100
222488510,-0.793,2.988,-0.122,-0.210,-0.020,1.060,255,1100
222489640,0.061,1.463,0.671,-0.117,0.049,1.035,255,1100
222490509,0.671,0.000,0.976,0.122,0.216,1.003,255,1100
222491640,-0.366,-0.549,0.610,0.236,0.170,1.130,255,1100
222492373,-0.366,-0.549,0.610,0.236,0.170,1.130,255,1100
222493640,-2.195,2.134,0.122,-0.034,-0.005,1.128,255,1100
222494515,-2.195,3.780,0.244,-0.149,-0.146,0.946,255,1100
222495640,-1.707,3.841,0.244,-0.264,-0.041,1.083,255,1100
222496631,-0.549,3.110,-0.183,-0.184,-0.080,1.041,255,1100
222497640,0.183,1.768,0.000,-0.189,0.097,1.061,255,1100
222498500,0.427,0.244,0.671,0.095,0.166,0.935,255,1100
222499640,-0.732,-0.915,0.549,0.254,0.102,1.079,255,1100
222500380,-1.768,0.854,0.244,0.153,-0.001,0.951,255,1100
222501640,-2.622,1.890,-0.366,0.001,-0.094,1.123,255,1100
222502554,-2.805,3.415,-0.122,-0.181,-0.079,0.946,255,1100
222503641,-2.134,3.720,0.488,-0.256,-0.064,1.176,255,1100
222504649,-1.037,3.049,0.366,-0.202,-0.029,1.036,255,1100
222505640,0.061,0.915,0.671,0.077,0.191,0.920,255,1100
222506495,0.244,-0.427,0.671,0.077,0.191,0.920,255,1100
222507640,-0.915,-0.610,0.671,0.231,0.079,1.051,255,1100
222508368,-1.707,0.549,0.122,0.128,-0.033,1.006,255,1100
222509640,-2.683,1.890,-0.122,-0.049,-0.052,1.058,255,1100
222510505,-2.317,3.049,0.305,-0.095,-0.035,1.116,255,1100
222511640,-0.427,2.744,0.244,-0.243,-0.120,1.044,255,1100
222512623,-0.061,1.829,0.183,-0.113,0.046,0.957,255,1100
222513640,0.427,0.915,0.610,0.117,0.212,0.982,255,1100
222514374,0.244,0.061,0.976,0.228,0.161,1.112,255,1100
222515640,-0.793,-0.183,0.244,0.242,0.080,0.964,255,1100
222516368,-1.646,0.366,-0.122,0.100,-0.025,1.132,255,1100
222517640,-2.195,1.890,-0.122,0.014,-0.034,0.954,255,1100
222518629,-1.646,3.293,0.488,-0.162,-0.059,1.242,255,1100
222519640,-0.671,2.927,0.000,-0.236,-0.057,1.049,255,1100
222520616,0.244,2.256,0.183,-0.154,0.057,0.933,255,1100
222521640,0.610,0.915,0.671,0.129,0.187,1.074,255,1100
222522372,0.183,-0.427,0.793,0.212,0.187,1.071,255,1100
222523640,-0.732,-0.732,0.488,0.267,0.048,0.898,255,1100
222524370,-1.646,0.305,0.183,0.052,0.001,1.244,255,1100
222525640,-2.805,2.683,0.488,0.065,-0.037,0.861,255,1100
222526374,-2.805,2.683,0.488,-0.162,-0.019,1.232,255,1100
222527640,-1.463,3.232,0.122,-0.293,0.007,1.097,255,1100
222528500,0.000,2.134,0.061,-0.025,0.056,0.926,255,1100
222529640,-0.122,0.976,0.793,0.094,0.147,1.058,255,1100
222530376,0.244,-0.305,0.671,0.189,0.186,1.071,255,1100
222531640,-0.915,-0.183,0.244,0.234,0.034,0.949,255,1100
222532377,-2.012,0.305,0.122,0.090,0.022,1.163,255,1100
222533640,-2.805,2.378,0.244,-0.162,-0.010,1.181,255,1100
222534506,-2.012,3.110,0.366,-0.196,-0.130,0.941,255,1100
222535640,-0.976,3.049,-0.183,-0.250,0.032,1.078,255,1100
222536629,0.183,2.317,0.244,-0.042,0.036,1.009,255,1100
222537640,0.000,1.402,0.793,0.021,0.171,0.995,255,1100
222538365,0.366,0.183,0.610,0.266,0.105,1.071,255,1100
222539640,-1.646,0.305,0.366,0.147,-0.071,1.124,255,1100
222540387,-1.646,0.305,0.366,0.147,-0.071,1.124,255,1100
222541640,-2.378,2.195,0.305,-0.063,-0.077,1.260,255,1100
222542513,-1.707,2.988,0.732,-0.216,-0.019,0.991,255,1100
222543640,-0.549,2.805,0.000,-0.241,-0.034,1.032,255,1100
222544619,0.000,2.500,0.244,-0.056,0.046,0.984,255,1100
222545640,0.000,0.549,0.610,0.058,0.137,1.036,255,1100
222546358,0.000,0.549,0.610,0.234,0.145,1.067,255,1100
222547640,-1.646,0.305,0.122,0.175,-0.036,1.129,255,1100
222548379,-2.134,1.220,-0.244,-0.028,-0.042,0.954,255,1100
222549640,-2.256,2.317,0.244,-0.120,-0.008,1.166,255,1100
222550635,-1.280,2.805,0.732,-0.187,-0.079,1.022,255,1100
222551640,-0.610,3.354,0.305,-0.208,-0.009,1.002,255,1100
222552627,0.061,2.012,0.183,-0.120,0.064,0.991,255,1100
222553640,0.061,0.427,0.549,0.186,0.198,1.095,255,1100
222554369,-0.854,-0.244,0.488,0.186,0.198,1.095,255,1100
222555640,-1.646,0.061,-0.122,0.111,-0.018,1.078,255,1100
222556506,-2.439,1.037,-0.061,-0.042,-0.034,0.980,255,1100
222557640,-2.500,2.134,0.976,-0.013,-0.002,1.147,255,1100
222558626,-1.768,2.561,0.793,-0.255,-0.071,1.109,255,1100
222559640,-0.061,2.500,0.000,-0.167,-0.024,0.958,255,1100
222560617,0.122,1.890,0.427,0.083,0.137,1.000,255,1100
222561640,0.000,0.366,0.549,0.206,0.150,1.090,255,1100
222562372,-0.732,-0.366,0.671,0.130,0.048,1.000,255,1100
222563640,-1.585,0.122,0.061,0.126,-0.017,1.020,255,1100
222564379,-2.256,0.793,0.305,-0.004,0.030,1.086,255,1100
222565640,-2.378,1.646,0.732,-0.048,-0.039,1.049,255,1100
222566502,-1.768,2.073,0.732,-0.233,-0.051,1.117,255,1100
222567640,-0.427,2.866,0.000,-0.069,0.038,0.999,255,1100
222568500,-0.061,1.951,0.427,0.067,0.145,1.043,255,1100
222569640,-0.183,0.793,0.427,0.198,0.113,0.960,255,1100
222570378,-1.098,0.061,0.061,0.128,0.043,1.128,255,1100
222571640,-1.707,0.366,-0.122,0.126,-0.020,0.922,255,1100
222572506,-2.256,0.793,0.427,-0.005,0.039,1.112,255,1100
222573640,-1.341,2.805,0.671,-0.213,-0.019,1.115,255,1100
222574502,-0.549,3.415,0.122,-0.193,-0.019,0.991,255,1100
222575640,0.244,2.561,0.061,-0.032,0.061,1.023,255,1100
222576503,0.366,1.890,0.366,0.020,0.126,1.103,255,1100
222577640,0.061,0.793,0.610,0.186,0.088,0.865,255,1100
222578367,-1.037,-0.183,0.610,0.112,0.076,1.205,255,1100
222579640,-1.951,0.427,0.610,0.166,0.001,0.904,255,1100
222580372,-1.951,0.427,0.610,0.008,0.039,1.140,255,1100
222581640,-1.524,2.317,0.549,-0.217,-0.051,1.176,255,1100
222582505,-0.427,3.110,0.061,-0.141,0.009,0.990,255,1100
222583640,0.061,2.988,0.488,-0.074,0.035,0.984,255,1100
222584367,0.183,2.195,0.427,0.001,0.083,1.068,255,1100
222585640,0.000,1.098,0.610,0.167,0.108,0.923,255,1100
222586367,-0.976,0.244,0.427,0.144,0.094,1.132,255,1100
222587640,-1.890,0.305,0.305,-0.032,0.024,1.192,255,1100
222588380,-2.073,1.402,0.610,-0.032,0.024,1.192,255,1100
222589640,-1.707,2.744,0.915,-0.203,0.000,1.172,255,1100
222590370,-0.854,3.171,0.366,-0.097,-0.024,1.034,255,1100
222591640,-0.305,2.866,-0.061,-0.151,0.010,0.994,255,1100
222592630,0.183,2.073,0.061,0.042,0.042,0.999,255,1100
222593640,-0.305,-0.122,0.793,0.140,0.160,0.995,255,1100
222594368,-0.305,-0.122,0.793,0.212,0.056,1.104,255,1100
222595640,-1.707,0.244,-0.122,-0.002,-0.018,1.143,255,1100
222596504,-2.073,1.707,0.915,-0.056,0.049,0.998,255,1100
222597640,-1.768,2.500,0.793,-0.131,-0.029,1.177,255,1100
222598500,-0.915,3.232,0.183,-0.100,-0.011,0.943,255,1100
222599640,-0.244,3.049,-0.488,-0.181,-0.031,1.023,255,1100
222600621,-0.305,0.915,0.610,0.060,0.103,0.999,255,1100
222601640,-0.793,-0.610,0.549,0.157,0.063,1.040,255,1100
222602370,-1.341,-0.427,-0.244,0.157,0.063,1.040,255,1100
222603640,-1.463,0.244,0.305,0.045,0.052,1.053,255,1100
222604507,-2.012,1.524,0.793,-0.007,0.031,1.058,255,1100
222605640,-1.585,2.073,0.915,-0.154,-0.002,1.144,255,1100
222606503,-0.915,3.049,0.000,-0.141,-0.074,0.978,255,1100
222607640,-0.305,2.805,0.244,0.042,0.116,1.015,255,1100
222608492,-0.244,1.220,0.427,0.102,0.116,1.049,255,1100
222609640,-0.366,-0.305,0.183,0.185,0.020,0.957,255,1100
222610380,-1.220,-0.366,0.305,0.025,-0.010,1.139,255,1100
222611640,-1.463,-0.183,0.793,0.069,0.074,0.951,255,1100
222612506,-2.317,1.159,1.159,0.006,0.023,1.180,255,1100
222613640,-1.037,3.476,-0.427,-0.155,-0.005,1.038,255,1100
222614504,-1.037,3.476,-0.427,-0.126,-0.073,1.003,255,1100
222615640,-0.305,2.561,0.061,0.052,0.069,0.985,255,1100
222616509,-0.427,0.976,0.549,0.074,0.106,1.075,255,1100
222617640,-0.549,-0.244,-0.061,0.119,0.002,0.956,255,1100
222618492,-1.524,-0.732,-0.122,0.045,0.061,1.158,255,1100
222619640,-1.646,-0.549,0.671,0.134,0.038,0.945,255,1100
222620507,-2.195,1.037,1.220,-0.064,0.038,1.190,255,1100
222621640,-0.854,3.293,-0.061,-0.152,-0.018,0.977,255,1100
222622505,-0.244,3.049,0.000,-0.053,0.008,1.060,255,1100
222623640,0.305,2.622,0.488,-0.032,0.078,0.997,255,1100
222624373,0.122,1.280,0.061,0.104,0.049,1.096,255,1100
222625640,-0.305,-0.061,0.305,0.061,0.066,0.900,255,1100
222626370,-1.280,-0.488,0.305,0.117,0.059,1.172,255,1100
222627640,-2.012,0.915,0.671,0.079,0.060,0.955,255,1100
222628368,-2.012,0.915,0.671,-0.030,0.005,1.155,255,1100
222629640,-1.037,3.537,-0.061,-0.145,0.002,1.083,255,1100
222630495,-0.671,3.354,0.122,-0.025,-0.018,1.059,255,1100
222631640,-0.366,2.622,-0.061,-0.077,0.020,0.947,255,1100
222632628,-0.305,1.463,0.061,0.080,0.059,1.092,255,1100
222633640,-0.671,0.061,0.244,0.069,0.096,0.911,255,1100
222634364,-0.671,-0.976,0.488,0.169,0.040,1.186,255,1100
222635640,-1.890,0.976,0.732,-0.023,-0.007,1.244,255,1100
222636501,-1.707,2.378,0.732,-0.073,0.042,0.962,255,1100
222637640,-0.976,3.049,0.122,-0.086,-0.047,1.028,255,1100
222638498,-0.671,3.415,-0.305,-0.100,-0.008,1.021,255,1100
222639640,-0.366,2.927,-0.488,-0.078,-0.035,1.073,255,1100
222640627,-0.549,1.890,0.122,0.044,0.131,1.016,255,1100
222641640,-1.341,-1.037,0.610,0.090,0.094,1.227,255,1100
222642371,-1.341,-1.037,0.610,0.090,0.094,1.227,255,1100
222643640,-2.256,1.220,0.549,-0.066,0.082,1.196,255,1100
222644379,-1.768,2.622,0.854,-0.010,0.014,0.967,255,1100
222645640,-1.280,3.171,0.610,-0.092,0.008,1.152,255,1100
222646372,-0.671,3.659,-0.305,-0.105,-0.118,0.939,255,1100
222647640,-0.305,1.646,0.061,-0.114,0.034,1.058,255,1100
222648506,-0.305,1.646,0.061,0.091,0.125,0.958,255,1100
222649640,-0.671,-1.341,0.427,0.070,0.056,1.136,255,1100
222650371,-1.341,-0.793,0.305,0.102,0.021,0.958,255,1100
222651640,-2.256,0.671,0.427,-0.055,0.106,1.202,255,1100
222652371,-1.585,2.256,0.915,0.039,-0.027,0.968,255,1100
222653640,-1.341,3.049,0.305,-0.171,-0.025,1.080,255,1100
222654496,-0.427,3.293,-0.732,-0.077,-0.119,1.023,255,1100
222655640,-0.122,1.707,0.122,0.074,0.110,0.890,255,1100
222656510,-0.366,-0.244,0.183,0.094,0.071,1.099,255,1100
222657640,-0.732,-0.976,0.122,0.052,0.035,1.067,255,1100
222658371,-1.341,-0.549,0.671,0.116,0.091,1.005,255,1100
222659640,-2.012,0.183,1.098,-0.007,0.085,1.185,255,1100
222660377,-1.585,2.439,0.976,0.019,-0.011,0.964,255,1100
222661640,-0.732,3.902,-0.366,-0.180,-0.078,1.141,255,1100
222662509,-0.610,3.476,-0.305,-0.081,-0.050,0.972,255,1100
222663640,-0.488,1.585,0.366,0.015,0.117,0.897,255,1100
222664510,-0.732,0.000,0.122,0.107,-0.015,1.109,255,1100
222665640,-0.793,-0.732,0.244,0.068,0.145,0.967,255,1100
222666369,-1.098,-0.732,0.366,0.106,0.052,1.140,255,1100
222667640,-1.768,0.305,0.854,0.016,0.105,1.034,255,1100
222668378,-1.707,2.317,0.671,-0.026,-0.023,1.053,255,1100
222669640,-0.976,3.902,-0.244,-0.069,-0.078,1.044,255,1100
222670634,-0.610,3.293,-0.122,-0.113,0.020,0.944,255,1100
222671640,-0.427,1.646,0.183,0.006,0.061,0.957,255,1100
222672499,-0.488,0.000,0.122,0.054,0.053,1.084,255,1100
222673640,-0.427,-1.220,0.122,0.130,0.093,1.005,255,1100
222674376,-1.280,-0.732,0.854,0.071,0.129,1.134,255,1100
222675640,-2.256,2.439,0.488,-0.094,0.000,1.187,255,1100
222676383,-2.256,2.439,0.488,-0.094,0.000,1.187,255,1100
222677640,-1.463,3.902,-0.366,-0.105,-0.004,1.060,255,1100
222678521,-0.610,3.171,-0.366,-0.106,-0.030,0.907,255,1100
222679640,-0.549,2.134,0.061,-0.046,0.069,1.008,255,1100
222680505,-0.427,0.366,0.244,0.080,0.076,1.042,255,1100
222681640,-1.402,-0.976,0.732,0.148,0.094,0.985,255,1100
222682373,-1.402,-0.976,0.732,0.072,0.097,1.192,255,1100
222683640,-2.256,2.744,0.488,-0.060,0.027,1.226,255,1100
222684375,-1.280,4.146,0.671,-0.031,-0.092,0.963,255,1100
222685640,-0.854,4.085,-0.061,-0.162,-0.075,1.093,255,1100
222686638,-0.488,3.659,-0.305,-0.136,-0.025,0.923,255,1100
222687640,-0.610,2.195,0.000,-0.062,0.113,0.942,255,1100
222688555,0.122,0.122,0.305,0.151,0.086,1.123,255,1100
222689642,-0.976,-1.402,0.610,0.084,0.062,1.188,255,1100
222690449,-1.768,0.549,1.098,0.061,0.079,0.930,255,1100
222691642,-2.439,2.439,0.671,0.043,-0.023,1.293,255,1100
222692388,-1.646,3.902,0.366,-0.124,-0.048,0.881,255,1100
222693640,-0.915,4.024,-0.366,-0.137,-0.156,1.076,255,1100
222694633,-0.244,3.598,-0.366,-0.130,0.005,0.963,255,1100
222695641,0.061,0.122,0.854,-0.015,0.102,0.954,255,1100
222696492,-0.061,-1.341,0.854,0.096,0.112,1.129,255,1100
222697639,-1.098,-1.280,1.098,0.120,0.085,1.249,255,1100
222698368,-1.463,0.000,0.976,0.100,0.123,0.929,255,1100
222699640,-2.012,2.012,1.037,0.058,-0.007,1.183,255,1100
222700373,-1.707,3.537,0.244,-0.146,-0.096,0.912,255,1100
222701640,-1.524,4.451,-0.427,-0.142,-0.144,1.132,255,1100
222702637,-0.427,1.951,0.122,-0.150,0.030,0.943,255,1100
222703641,-0.366,-0.366,0.122,0.087,0.116,1.100,255,1100
222704370,-0.244,-1.463,0.549,0.087,0.116,1.100,255,1100
222705639,-0.915,-1.585,0.610,0.124,0.143,1.143,255,1100
222706373,-1.829,0.549,1.159,0.089,0.068,0.998,255,1100
222707640,-2.500,2.317,1.098,0.031,0.037,1.152,255,1100
222708373,-1.829,3.598,0.305,-0.138,-0.137,0.990,255,1100
222709640,-0.671,3.598,-0.183,-0.121,-0.061,0.935,255,1100
222710635,-0.305,2.439,0.488,-0.065,0.114,1.007,255,1100
222711641,-0.488,0.183,0.488,0.042,0.039,1.104,255,1100
222712366,-0.610,-1.159,0.610,0.085,0.129,0.958,255,1100
222713639,-0.976,-1.524,0.976,0.150,0.143,1.142,255,1100
222714373,-1.707,0.000,0.976,0.164,0.084,1.087,255,1100
222715640,-1.524,3.720,0.366,-0.011,-0.066,1.088,255,1100
222716496,-1.524,3.720,0.366,-0.120,-0.074,0.983,255,1100
222717640,-0.610,3.720,-0.244,-0.186,0.004,0.955,255,1100
222718627,-0.488,1.829,0.061,-0.084,0.057,1.006,255,1100
222719641,0.122,0.061,0.610,0.063,0.092,1.036,255,1100
222720366,0.427,-1.646,0.610,0.148,0.177,1.061,255,1100
222721639,-0.793,-1.524,0.976,0.154,0.086,1.059,255,1100
222722373,-1.707,0.305,0.915,0.086,0.104,1.080,255,1100
222723640,-1.951,3.598,0.427,-0.073,-0.082,1.015,255,1100
222724500,-1.280,4.146,-0.244,-0.180,-0.132,1.018,255,1100
222725640,-0.854,3.659,-0.183,-0.144,-0.030,1.025,255,1100
222726635,-0.854,2.256,0.244,-0.075,0.052,1.012,255,1100
222727641,-0.183,-0.061,0.488,0.069,0.124,0.938,255,1100
222728368,-0.305,-1.585,0.915,0.080,0.124,1.194,255,1100
222729639,-1.402,0.305,1.037,0.173,0.126,0.870,255,1100
222730372,-1.402,0.305,1.037,0.136,0.081,1.274,255,1100
222731640,-1.951,3.841,0.305,-0.070,-0.120,1.112,255,1100
222732513,-2.012,3.963,-0.061,-0.208,-0.129,1.014,255,1100
222733640,-0.976,3.598,-0.427,-0.160,-0.064,0.923,255,1100
222734632,-0.671,2.195,0.122,-0.127,0.130,1.044,255,1100
222735641,0.122,-0.183,0.610,0.124,0.088,0.958,255,1100
222736368,0.122,-1.829,0.732,0.099,0.162,1.201,255,1100
222737639,-2.073,0.427,0.976,0.090,0.149,1.252,255,1100
222738368,-2.073,2.744,0.488,0.090,0.149,1.252,255,1100
222739640,-2.317,3.963,0.427,-0.110,-0.087,1.174,255,1100
222740510,-1.585,3.963,-0.488,-0.205,-0.158,1.032,255,1100
222741640,-0.671,3.537,-0.488,-0.182,-0.009,0.946,255,1100
222742633,-0.488,2.012,0.122,-0.060,0.111,1.063,255,1100
222743641,0.061,-1.341,0.122,0.009,0.159,1.135,255,1100
222744368,0.061,-1.341,0.122,0.009,0.159,1.135,255,1100
222745639,-1.890,0.061,0.976,0.119,0.146,1.238,255,1100
222746370,-1.829,2.073,1.037,0.070,-0.062,0.903,255,1100
222747640,-1.768,3.293,0.122,-0.117,-0.122,1.134,255,1100
222748513,-1.646,4.329,-0.366,-0.178,-0.156,1.049,255,1100
222749640,-0.305,1.890,0.610,-0.200,-0.008,1.001,255,1100
222750631,0.183,-0.061,0.793,0.019,0.121,0.971,255,1100
222751641,-0.122,-1.220,0.488,0.140,0.113,1.169,255,1100
222752368,-0.854,-1.159,0.915,0.179,0.199,0.972,255,1100
222753639,-1.829,0.000,1.280,0.167,0.074,1.153,255,1100
222754371,-2.500,2.195,0.671,0.021,-0.014,0.969,255,1100
222755640,-2.012,3.598,0.061,-0.096,-0.189,1.169,255,1100
222756507,-1.463,4.268,-0.488,-0.206,-0.076,0.957,255,1100
222757640,-0.244,1.768,0.366,-0.048,0.077,0.964,255,1100
222758509,0.244,-0.244,0.183,-0.006,0.116,1.025,255,1100
222759641,0.244,-1.524,0.488,0.154,0.138,1.111,255,1100
222760368,-0.915,-0.915,1.037,0.188,0.155,0.989,255,1100
222761639,-1.707,-0.122,0.854,0.175,0.083,1.112,255,1100
222762375,-2.561,2.378,0.061,0.031,-0.038,1.024,255,1100
222763640,-1.646,4.573,-0.488,-0.128,-0.116,1.084,255,1100
222764520,-1.098,3.963,-0.061,-0.171,-0.135,1.017,255,1100
222765640,-0.244,2.012,0.061,-0.125,0.026,0.961,255,1100
222766509,0.122,0.366,0.305,0.008,0.150,1.031,255,1100
222767641,0.183,-1.524,0.549,0.199,0.160,1.060,255,1100
222768367,-0.915,-1.159,0.976,0.165,0.132,1.044,255,1100
222769639,-1.463,-0.061,0.671,0.174,0.070,1.081,255,1100
222770369,-2.378,2.622,0.488,0.053,-0.044,1.058,255,1100
222771640,-1.159,4.146,0.000,-0.221,-0.123,1.026,255,1100
222772492,-0.671,3.537,-0.305,-0.195,-0.042,1.036,255,1100
222773640,-0.244,2.317,0.061,-0.152,0.080,0.960,255,1100
222774502,0.549,0.488,0.305,0.035,0.166,1.065,255,1100
222775641,0.427,-1.402,0.610,0.154,0.172,0.972,255,1100
222776369,-0.610,-1.159,0.732,0.227,0.100,1.109,255,1100
222777639,-2.500,2.439,0.488,0.111,-0.044,1.080,255,1100
222778381,-2.500,2.439,0.488,0.111,-0.044,1.080,255,1100
222779640,-1.707,3.841,-0.305,-0.286,-0.145,0.995,255,1100
222780513,-1.220,3.476,-0.488,-0.167,-0.069,1.104,255,1100
222781640,-0.427,2.439,0.183,-0.150,0.081,0.913,255,1100
222782504,0.183,0.610,0.976,0.080,0.179,1.117,255,1100
222783641,0.000,-1.037,1.037,0.152,0.150,0.966,255,1100
222784360,-0.671,-1.098,0.671,0.214,0.102,1.169,255,1100
222785639,-2.500,2.561,0.732,0.088,0.003,1.088,255,1100
222786375,-2.500,3.659,0.305,-0.106,-0.132,1.042,255,1100
222787640,-1.646,4.146,-0.549,-0.272,-0.158,0.955,255,1100
222788631,-1.159,3.963,-0.793,-0.192,-0.013,1.082,255,1100
222789641,-0.366,2.195,-0.122,-0.090,0.065,0.963,255,1100
222790632,0.244,0.061,0.244,0.010,0.186,1.098,255,1100
222791639,-0.793,-1.098,0.671,0.189,0.193,1.174,255,1100
222792368,-0.793,-1.098,0.671,0.189,0.193,1.174,255,1100
222793640,-2.439,1.951,0.427,0.068,-0.008,1.167,255,1100
222794378,-2.195,3.049,-0.122,-0.117,-0.157,0.980,255,1100
222795640,-1.463,4.268,-0.488,-0.242,-0.109,0.991,255,1100
222796637,-0.793,3.598,-0.427,-0.161,-0.031,1.073,255,1100
222797641,0.000,0.732,0.183,-0.136,0.063,0.981,255,1100
222798501,0.122,-0.793,0.610,-0.031,0.164,1.073,255,1100
222799639,-0.793,-0.793,0.915,0.252,0.170,1.166,255,1100
222800376,-1.463,-0.061,0.793,0.208,0.056,0.913,255,1100
222801640,-2.561,2.073,0.305,0.022,-0.052,1.252,255,1100
222802379,-2.378,3.476,-0.061,-0.098,-0.164,0.861,255,1100
222803640,-1.829,4.329,-0.061,-0.288,-0.056,1.070,255,1100
222804635,-0.122,1.951,0.061,-0.158,-0.050,1.067,255,1100
222805641,0.488,0.488,0.061,0.001,0.118,1.065,255,1100
222806492,0.366,-0.976,0.610,0.216,0.203,0.948,255,1100
222807639,-0.793,-1.341,1.220,0.240,0.132,1.167,255,1100
222808373,-1.585,-0.061,0.793,0.177,0.029,0.920,255,1100
222809640,-2.683,2.073,0.122,0.019,-0.057,1.327,255,1100
222810378,-2.073,3.720,0.122,-0.047,-0.102,0.802,255,1100
222811640,-0.427,3.598,0.061,-0.155,-0.060,1.034,255,1100
222812618,-0.244,2.439,-0.061,-0.200,0.042,0.970,255,1100
222813641,0.122,0.671,0.427,-0.004,0.199,1.047,255,1100
222814501,0.000,-1.098,0.915,0.271,0.164,0.927,255,1100
222815639,-0.793,-1.341,0.976,0.200,0.161,1.220,255,1100
222816373,-1.646,-0.183,0.427,0.188,-0.026,0.914,255,1100
222817640,-3.171,2.256,-0.122,-0.013,-0.030,1.224,255,1100
222818630,-1.829,3.537,0.183,-0.240,-0.109,1.054,255,1100
222819641,-0.793,3.049,-0.366,-0.234,-0.073,1.006,255,1100
222820624,-0.305,2.378,-0.122,-0.167,0.029,1.003,255,1100
222821639,0.305,0.366,0.793,0.045,0.246,1.082,255,1100
222822501,0.183,-1.159,1.402,0.228,0.164,0.904,255,1100
222823641,-0.549,-1.402,0.854,0.221,0.115,1.241,255,1100
222824373,-1.402,0.183,0.183,0.137,-0.003,0.896,255,1100
222825639,-2.134,3.354,0.488,-0.066,-0.120,0.980,255,1100
222826503,-1.585,3.720,0.061,-0.239,-0.117,1.020,255,1100
222827640,-0.671,3.841,-0.305,-0.261,-0.056,1.066,255,1100
222828626,0.000,2.683,-0.122,-0.164,0.048,0.971,255,1100
222829641,0.366,0.427,0.549,0.101,0.236,1.056,255,1100
222830371,0.122,-1.037,1.159,0.214,0.138,0.921,255,1100
222831639,-1.585,0.488,0.366,0.197,0.098,1.228,255,1100
222832378,-1.585,0.488,0.366,0.144,0.037,0.905,255,1100
222833640,-2.622,3.537,0.671,-0.138,-0.072,1.004,255,1100
222834503,-1.585,3.902,-0.061,-0.224,-0.183,1.027,255,1100
222835640,-1.098,3.720,-0.366,-0.256,-0.003,1.009,255,1100
222836631,0.244,2.561,0.488,-0.105,0.043,0.971,255,1100
222837641,0.488,0.549,0.915,0.027,0.217,1.083,255,1100
222838366,0.366,-0.854,0.732,0.192,0.134,0.989,255,1100
222839639,-1.220,0.366,0.549,0.194,0.037,0.938,255,1100
222840376,-2.378,1.829,0.427,0.194,0.037,0.938,255,1100
222841640,-2.195,3.415,-0.122,-0.148,-0.137,0.999,255,1100
222842520,-1.585,4.146,-0.061,-0.229,-0.111,1.020,255,1100
222843640,-0.854,3.841,0.122,-0.253,-0.005,1.098,255,1100
222844627,0.122,2.378,0.305,-0.137,0.054,0.989,255,1100
222845641,0.122,-0.732,0.793,0.215,0.188,1.069,255,1100
222846368,0.122,-0.732,0.793,0.215,0.188,1.069,255,1100
222847639,-1.402,0.061,0.732,0.172,0.040,1.010,255,1100
222848371,-1.890,1.524,0.427,0.048,-0.046,1.067,255,1100
222849640,-2.378,3.171,0.122,-0.132,-0.116,1.129,255,1100
222850506,-1.707,4.024,0.183,-0.246,-0.061,1.001,255,1100
222851640,-0.854,3.720,0.244,-0.208,-0.052,0.998,255,1100
222852627,0.183,0.854,0.366,0.041,0.107,0.994,255,1100
222853641,0.061,-0.610,0.915,0.193,0.248,1.115,255,1100
222854356,-0.610,-1.341,1.220,0.284,0.088,0.955,255,1100
222855639,-1.646,-0.366,0.549,0.183,0.048,1.128,255,1100
222856371,-2.439,1.402,0.000,0.031,-0.106,0.948,255,1100
222857640,-2.561,3.659,-0.183,-0.126,-0.057,1.186,255,1100
222858505,-1.829,4.146,0.122,-0.206,-0.075,1.025,255,1100
222859640,-0.122,2.256,-0.061,-0.215,0.010,1.074,255,1100
222860628,0.366,1.098,0.427,0.035,0.165,0.932,255,1100
222861641,0.244,-0.610,0.732,0.253,0.229,1.147,255,1100
222862367,-0.427,-1.402,1.037,0.282,0.075,0.910,255,1100
222863639,-1.524,-0.427,0.122,0.127,-0.002,1.245,255,1100
222864506,-2.134,1.707,-0.183,0.053,-0.064,0.869,255,1100
222865640,-1.768,3.780,0.549,-0.070,-0.041,1.195,255,1100
222866620,-0.793,3.598,-0.183,-0.250,-0.065,0.966,255,1100
222867641,-0.061,2.378,-0.244,-0.208,0.037,1.033,255,1100
222868623,0.366,1.220,0.244,0.060,0.167,0.901,255,1100
222869639,-0.183,-0.671,0.793,0.202,0.207,1.197,255,1100
222870371,-0.610,-1.280,0.793,0.254,0.091,0.893,255,1100
222871640,-1.768,-0.305,0.244,0.161,-0.047,1.230,255,1100
222872506,-2.317,1.341,0.061,0.075,0.030,0.910,255,1100
222873640,-1.768,3.659,0.305,-0.210,-0.042,1.010,255,1100
222874499,-1.280,3.598,-0.366,-0.276,-0.107,1.021,255,1100
222875640,-0.183,2.683,-0.183,-0.209,0.089,0.974,255,1100
222876627,0.305,1.463,0.854,0.066,0.150,0.946,255,1100
222877641,-0.183,-0.610,1.220,0.217,0.217,1.117,255,1100
222878364,-0.610,-1.341,0.549,0.245,0.027,1.012,255,1100
222879639,-2.561,0.976,0.122,0.075,-0.059,0.948,255,1100
222880372,-2.561,0.976,0.122,0.075,-0.059,0.948,255,1100
222881640,-1.707,3.537,0.427,-0.200,-0.146,0.963,255,1100
222882503,-0.732,3.659,0.000,-0.269,0.005,1.065,255,1100
222883640,0.305,2.378,0.061,-0.106,0.024,0.935,255,1100
222884373,0.122,1.220,0.610,-0.012,0.194,1.027,255,1100
222885640,-0.122,-0.366,0.976,0.245,0.116,1.085,255,1100
222886380,-0.854,-0.671,0.610,0.158,0.117,0.960,255,1100
222887640,-2.683,1.098,0.305,0.047,-0.002,0.949,255,1100
222888373,-2.500,2.622,0.122,-0.098,-0.075,1.141,255,1100
222889640,-1.890,3.902,0.427,-0.225,-0.067,1.010,255,1100
222890623,-0.793,3.476,-0.366,-0.223,-0.039,1.021,255,1100
222891641,-0.183,2.439,0.000,-0.170,0.067,0.979,255,1100
222892503,0.122,1.037,0.244,0.019,0.123,1.041,255,1100
222893639,-0.366,-0.793,0.549,0.208,0.114,0.982,255,1100
222894372,-0.366,-0.793,0.549,0.208,0.114,0.982,255,1100
222895640,-2.134,1.159,0.061,0.040,-0.023,0.997,255,1100
222896375,-2.439,2.805,0.122,-0.099,-0.063,1.166,255,1100
222897640,-1.829,3.720,0.366,-0.243,-0.052,1.032,255,1100
222898625,-0.488,3.841,0.244,-0.167,-0.069,0.981,255,1100
222899641,0.610,1.585,0.305,-0.197,0.082,0.943,255,1100
222900502,0.427,-0.122,0.732,0.050,0.092,1.072,255,1100
222901639,-0.305,-0.915,0.732,0.257,0.084,1.071,255,1100
222902364,-1.524,-0.427,0.122,0.131,0.033,1.006,255,1100
222903640,-2.134,1.220,-0.183,0.060,-0.042,1.094,255,1100
222904506,-2.378,2.683,0.122,-0.080,-0.004,1.068,255,1100
222905640,-1.646,3.537,0.427,-0.226,-0.088,1.043,255,1100
222906617,-0.183,2.683,0.000,-0.214,0.006,0.997,255,1100
222907641,-0.183,1.707,0.244,0.019,0.142,1.077,255,1100
222908373,0.122,-0.061,0.671,0.019,0.142,1.077,255,1100
222909639,-0.366,-0.915,0.671,0.279,0.071,1.126,255,1100
222910374,-1.463,-0.549,0.305,0.107,-0.014,1.006,255,1100
222911640,-1.951,1.402,0.183,0.035,-0.041,1.075,255,1100
222912502,-1.890,2.561,0.610,-0.066,0.021,1.021,255,1100
222913641,-0.366,3.293,0.183,-0.210,-0.030,1.038,255,1100
222914496,0.122,2.927,-0.061,-0.210,-0.030,1.038,255,1100
222915639,0.427,1.768,0.122,0.097,0.151,1.122,255,1100
222916497,0.122,-0.122,0.732,0.152,0.125,0.924,255,1100
222917641,-0.732,-0.854,0.549,0.219,0.089,1.128,255,1100
222918369,-1.585,-0.427,0.244,0.149,-0.011,0.983,255,1100
222919639,-2.134,0.854,0.305,0.047,0.024,1.087,255,1100
222920503,-2.195,2.012,0.305,-0.041,-0.069,1.044,255,1100
222921641,-0.976,3.659,-0.122,-0.200,-0.103,1.041,255,1100
222922627,-0.122,3.232,0.000,-0.167,0.087,0.917,255,1100
222923639,0.488,1.890,0.549,0.067,0.109,1.109,255,1100
222924375,0.610,-0.244,1.037,0.210,0.151,0.929,255,1100
222925640,-0.061,-1.098,0.427,0.172,0.074,1.137,255,1100
222926378,-1.098,-0.244,-0.061,0.151,-0.006,0.964,255,1100
222927640,-1.951,2.500,0.427,-0.052,-0.059,0.852,255,1100
222928628,-1.768,3.476,0.488,-0.233,-0.043,1.189,255,1100
222929641,-1.037,3.780,-0.305,-0.214,-0.035,1.048,255,1100
222930629,-0.244,2.805,0.061,-0.112,0.038,1.001,255,1100
222931639,-0.244,1.585,0.427,-0.004,0.125,0.982,255,1100
222932374,-0.061,0.000,0.610,0.245,0.063,0.983,255,1100
222933640,-1.220,-0.122,0.183,0.110,0.103,1.159,255,1100
222934370,-1.220,-0.122,0.183,0.213,0.011,0.900,255,1100
222935640,-2.073,2.317,0.000,-0.070,-0.033,0.914,255,1100
222936503,-2.134,3.354,0.366,-0.231,-0.044,1.288,255,1100
222937640,-0.671,3.780,-0.305,-0.189,-0.024,0.835,255,1100
222938633,-0.549,3.049,0.061,-0.125,-0.021,1.093,255,1100
222939641,0.000,1.768,0.061,-0.059,0.145,0.970,255,1100
222940492,0.183,0.366,0.427,0.244,0.073,0.971,255,1100
222941639,-1.341,-0.427,0.488,0.203,-0.029,0.960,255,1100
222942499,-2.256,0.061,0.122,-0.005,0.057,1.146,255,1100
222943640,-2.256,1.951,0.366,-0.029,-0.038,0.931,255,1100
222944505,-1.890,2.744,0.732,-0.203,0.007,1.239,255,1100
222945640,-0.732,3.293,0.244,-0.167,-0.031,0.934,255,1100
222946500,-0.366,3.049,0.183,-0.158,-0.003,1.035,255,1100
222947640,-0.244,0.488,0.732,0.202,0.110,1.048,255,1100
222948502,-0.976,-0.854,0.610,0.202,0.110,1.048,255,1100
222949641,-1.585,-0.244,0.244,0.116,0.027,0.987,255,1100
222950368,-1.829,0.305,0.244,0.066,-0.037,1.080,255,1100
222951639,-1.890,1.890,0.549,-0.085,0.089,1.057,255,1100
222952375,-1.280,3.171,0.793,-0.140,-0.061,1.088,255,1100
222953640,-0.610,3.232,0.610,-0.198,0.002,1.015,255,1100
222954498,-0.244,2.805,-0.183,-0.152,-0.048,1.011,255,1100
222955641,-0.305,0.488,0.732,0.171,0.114,1.065,255,1100
222956507,-0.793,-0.549,0.366,0.185,0.025,1.030,255,1100
222957639,-1.463,-0.305,-0.183,0.072,0.036,1.064,255,1100
222958500,-2.195,0.427,0.000,0.108,-0.011,1.057,255,1100
222959640,-1.951,2.012,0.610,-0.062,0.067,1.051,255,1100
222960377,-1.585,2.744,0.793,-0.125,-0.072,1.070,255,1100
222961640,-0.305,2.927,-0.610,-0.145,-0.012,1.034,255,1100
222962626,-0.183,2.256,0.305,-0.003,0.138,0.958,255,1100
222963641,0.000,0.854,0.610,0.167,0.114,1.112,255,1100
222964373,-0.549,-0.366,0.610,0.130,0.038,0.935,255,1100
222965639,-1.280,0.122,0.061,0.098,0.053,1.134,255,1100
222966375,-2.195,0.000,0.366,0.146,0.032,0.976,255,1100
222967640,-1.768,2.805,0.671,-0.100,0.061,1.128,255,1100
222968375,-1.768,2.805,0.671,-0.146,-0.087,1.016,255,1100
222969640,-0.610,3.110,0.000,-0.104,0.008,1.066,255,1100
222970499,-0.244,2.134,0.732,-0.001,0.079,0.909,255,1100
222971641,0.122,0.854,0.671,0.156,0.110,1.108,255,1100
222972431,-0.366,-0.183,0.183,0.149,0.021,0.947,255,1100
222973642,-1.220,-0.305,0.061,0.109,0.105,1.187,255,1100
222974387,-1.768,0.183,0.671,0.139,0.015,0.908,255,1100
222975641,-1.829,2.988,0.610,-0.139,-0.064,1.001,255,1100
222976510,-1.341,3.415,0.244,-0.185,-0.021,1.039,255,1100
222977641,-0.793,2.927,0.183,-0.106,-0.009,1.048,255,1100
222978621,-0.488,2.256,0.793,-0.021,0.062,0.904,255,1100
222979641,-0.183,1.098,0.488,0.124,0.100,1.143,255,1100
222980370,-0.366,-0.305,0.366,0.128,0.025,0.882,255,1100
222981641,-1.402,-0.305,0.610,0.110,0.033,0.859,255,1100
222982379,-1.402,-0.305,0.610,0.110,0.033,0.859,255,1100
222983641,-1.768,2.805,0.427,-0.160,-0.015,0.926,255,1100
222984505,-1.037,3.598,0.244,-0.093,-0.050,1.018,255,1100
222985641,-0.854,3.171,-0.061,-0.131,-0.001,1.073,255,1100
222986666,0.000,2.683,0.183,-0.044,-0.005,0.926,255,1100
222987642,0.000,1.220,0.366,0.065,0.141,1.150,255,1100
222988377,0.244,-0.122,0.366,0.204,0.044,0.842,255,1100
222989641,-1.341,-0.061,0.305,0.055,-0.006,0.875,255,1100
222990508,-2.073,1.341,0.671,-0.072,0.079,1.255,255,1100
222991641,-1.829,2.500,0.915,-0.079,-0.021,0.903,255,1100
222992505,-1.341,3.110,0.854,-0.109,-0.038,1.081,255,1100
222993641,-0.915,2.866,-0.061,-0.188,-0.060,1.098,255,1100
222994632,-0.122,2.683,-0.061,0.006,-0.001,0.938,255,1100
222995641,-0.061,-0.244,0.915,0.201,0.027,0.864,255,1100
222996540,-0.976,-1.159,0.549,0.097,0.074,1.264,255,1100
222997642,-1.646,-0.427,0.244,0.075,0.007,0.874,255,1100
222998391,-2.134,1.341,0.854,-0.066,0.147,1.231,255,1100
222999641,-1.707,2.378,0.793,-0.048,-0.040,0.973,255,1100
223000505,-1.098,3.354,0.366,-0.178,-0.036,1.054,255,1100
223001641,-0.671,2.805,-0.061,-0.160,-0.102,1.025,255,1100
223002632,-0.549,0.976,0.549,0.139,0.082,1.084,255,1100
223003641,-0.671,-0.793,0.793,0.124,0.071,0.940,255,1100
223004367,-1.341,-0.854,0.244,0.084,-0.003,1.161,255,1100
223005641,-1.768,-0.061,0.610,0.089,0.102,0.961,255,1100
223006496,-1.829,1.037,1.098,0.006,0.059,1.150,255,1100
223007641,-1.768,2.439,1.098,-0.054,-0.013,1.003,255,1100
223008496,-1.280,3.476,0.122,-0.214,-0.065,1.088,255,1100
223009641,-0.549,3.354,0.122,-0.043,0.076,0.953,255,1100
223010501,-0.061,1.463,0.915,0.118,0.075,1.000,255,1100
223011641,-0.183,-0.183,0.305,0.084,0.070,1.025,255,1100
223012368,-0.610,-0.610,0.000,0.138,0.031,1.132,255,1100
223013641,-1.220,-0.305,0.305,0.082,0.128,0.957,255,1100
223014371,-2.012,0.915,0.793,-0.013,0.076,1.142,255,1100
223015641,-1.220,3.415,0.305,-0.192,-0.094,1.089,255,1100
223016503,-0.915,3.841,0.061,-0.192,-0.094,1.089,255,1100
223017641,-0.488,2.927,0.244,-0.032,0.032,1.012,255,1100
223018504,-0.183,1.402,0.610,0.087,0.066,0.937,255,1100
223019641,-0.488,-0.122,0.183,0.059,0.050,1.075,255,1100
223020362,-0.427,-1.159,0.305,0.178,0.102,1.093,255,1100
223021641,-1.037,-0.366,0.610,0.075,0.080,0.992,255,1100
223022374,-1.829,0.732,0.793,-0.014,0.069,1.146,255,1100
223023641,-1.098,3.780,-0.061,-0.156,-0.040,1.062,255,1100
223024509,-0.549,4.024,-0.122,-0.141,-0.052,0.994,255,1100
223025641,-0.305,2.988,-0.244,-0.014,0.012,1.040,255,1100
223026631,-0.122,1.159,0.122,0.010,0.062,0.962,255,1100
223027641,-0.366,0.122,0.061,0.071,0.075,1.077,255,1100
223028362,-0.183,-1.159,0.427,0.180,0.097,1.006,255,1100
223029641,-1.707,0.671,0.854,0.006,0.042,1.115,255,1100
223030374,-1.707,0.671,0.854,0.006,0.042,1.115,255,1100
223031641,-1.768,3.598,0.183,-0.106,-0.070,1.086,255,1100
223032500,-1.159,3.780,-0.061,-0.144,-0.051,0.976,255,1100
223033641,-0.793,3.171,-0.305,-0.062,-0.046,1.052,255,1100
223034698,-0.366,1.768,0.061,-0.006,0.060,0.962,255,1100
223035643,-0.549,-1.402,0.427,0.111,0.128,1.096,255,1100
223036398,-0.549,-1.402,0.427,0.207,0.075,0.979,255,1100
223037641,-2.256,0.793,0.671,0.012,0.059,1.022,255,1100
223038374,-2.317,2.744,0.610,-0.044,0.035,1.108,255,1100
223039641,-1.707,3.659,0.610,-0.104,-0.083,1.091,255,1100
223040505,-1.280,3.902,-0.183,-0.169,-0.085,0.984,255,1100
223041641,-0.915,3.537,-0.366,-0.103,-0.042,1.043,255,1100
223042637,-0.244,-0.122,0.366,0.020,0.097,0.895,255,1100
223043641,-0.305,-1.341,0.610,0.127,0.046,0.933,255,1100
223044370,-0.793,-0.854,0.732,0.127,0.046,0.933,255,1100
223045641,-1.646,0.854,0.671,0.033,0.100,0.972,255,1100
223046379,-2.012,2.744,0.854,0.038,0.015,1.135,255,1100
223047641,-1.585,3.598,0.732,-0.175,-0.052,1.094,255,1100
223048507,-1.037,4.024,-0.244,-0.149,-0.168,0.990,255,1100
223049641,-0.366,1.585,-0.122,0.024,0.074,0.871,255,1100
223050503,-0.061,0.183,0.427,0.024,0.074,0.871,255,1100
223051641,-0.549,-1.159,0.122,0.148,-0.013,0.940,255,1100
223052498,-1.037,-0.854,0.549,0.049,0.167,1.157,255,1100
223053641,-2.134,0.671,0.793,0.100,0.075,0.937,255,1100
223054376,-2.195,2.256,1.159,-0.007,0.002,1.245,255,1100
223055641,-1.707,3.415,0.305,-0.185,-0.125,0.966,255,1100
223056506,-1.341,4.207,-0.366,-0.114,-0.094,1.015,255,1100
223057641,-0.122,1.829,0.061,0.013,0.096,0.929,255,1100
223058500,-0.061,0.000,0.000,0.013,0.088,1.139,255,1100
223059641,-0.366,-0.610,0.000,0.174,0.072,0.955,255,1100
223060351,-1.402,-0.915,0.793,0.079,0.151,1.208,255,1100
223061641,-1.890,0.732,1.220,0.076,0.088,0.879,255,1100
223062375,-2.683,2.012,1.098,0.019,-0.011,1.261,255,1100
223063641,-1.341,3.720,-0.244,-0.112,-0.126,1.091,255,1100
223064514,-0.915,3.232,-0.183,-0.153,0.002,0.962,255,1100
223065641,-0.427,1.951,0.000,0.014,0.051,0.974,255,1100
223066502,-0.366,0.122,0.488,0.048,0.102,1.125,255,1100
223067641,-0.122,-1.280,0.549,0.194,0.134,0.947,255,1100
223068378,-0.976,-1.280,0.976,0.047,0.095,1.196,255,1100
223069641,-2.378,2.012,0.732,0.118,0.082,0.909,255,1100
223070381,-2.378,2.012,0.732,-0.036,-0.032,1.220,255,1100
223071641,-1.159,3.720,-0.122,-0.112,-0.110,1.161,255,1100
223072633,-0.183,2.988,-0.183,-0.112,-0.009,0.891,255,1100
223073641,-0.488,1.890,-0.305,-0.038,0.037,1.003,255,1100
223074630,-0.122,0.183,-0.183,0.046,0.122,1.072,255,1100
223075641,-0.122,-1.159,0.305,0.165,0.104,1.007,255,1100
223076377,-0.976,-1.280,0.610,0.063,0.138,1.121,255,1100
223077641,-2.439,2.195,0.549,-0.027,-0.031,1.127,255,1100
223078513,-1.585,3.720,0.305,-0.081,-0.083,0.959,255,1100
223079641,-1.341,4.268,-0.061,-0.152,-0.086,1.050,255,1100
223080628,-0.549,3.598,-0.305,-0.116,-0.083,0.973,255,1100
223081641,-0.488,2.195,-0.183,-0.131,0.086,1.068,255,1100
223082633,-0.183,-0.122,0.183,0.132,0.104,0.954,255,1100
223083641,-0.427,-1.402,0.305,0.146,0.036,1.059,255,1100
223084375,-0.427,-1.402,0.305,0.146,0.036,1.059,255,1100
223085641,-2.439,2.195,0.183,0.041,-0.064,1.052,255,1100
223086384,-2.256,3.476,0.305,-0.121,-0.066,1.036,255,1100
223087641,-0.915,4.024,-0.854,-0.145,-0.141,0.982,255,1100
223088632,-0.244,3.780,-0.366,-0.130,-0.054,1.043,255,1100
223089641,-0.183,2.500,-0.305,-0.094,0.092,1.048,255,1100
223090631,-0.183,-1.341,0.610,0.069,0.172,1.094,255,1100
223091641,-0.793,-1.159,0.732,0.148,0.072,0.918,255,1100
223092378,-2.073,0.366,0.610,0.070,0.123,1.251,255,1100
223093641,-2.195,1.585,0.549,0.083,-0.034,0.972,255,1100
223094381,-2.256,3.293,0.488,-0.133,-0.076,1.073,255,1100
223095641,-1.159,3.780,-0.183,-0.161,-0.149,1.056,255,1100
223096633,-1.037,3.659,-0.610,-0.120,-0.045,0.962,255,1100
223097641,0.183,0.305,0.610,0.042,0.119,0.901,255,1100
223098500,0.244,-1.220,0.122,0.133,0.113,1.218,255,1100
223099641,-0.854,-1.341,0.671,0.125,0.146,0.936,255,1100
223100377,-1.646,0.183,0.671,0.100,0.091,1.238,255,1100
223101641,-1.890,1.890,1.159,0.069,0.006,0.885,255,1100
223102379,-2.073,3.476,0.427,-0.118,-0.151,1.158,255,1100
223103641,-0.671,3.902,-0.305,-0.163,-0.100,1.014,255,1100
223104634,-0.427,2.561,0.366,-0.094,0.093,1.026,255,1100
223105641,0.000,0.305,0.244,0.021,0.087,0.926,255,1100
223106370,-0.244,-0.854,0.610,0.110,0.154,1.197,255,1100
223107641,-0.549,-1.159,1.037,0.136,0.168,0.875,255,1100
223108377,-1.951,-0.122,1.159,0.190,0.040,1.278,255,1100
223109641,-2.073,1.585,0.610,0.018,0.016,0.917,255,1100
223110381,-2.073,3.598,-0.061,-0.082,-0.189,1.115,255,1100
223111641,-0.427,3.780,-0.488,-0.081,-0.132,1.003,255,1100
223112638,-0.244,2.622,0.061,-0.146,0.161,1.029,255,1100
223113641,0.549,0.305,0.061,0.060,0.038,0.917,255,1100
223114377,0.305,-1.037,0.122,0.091,0.219,1.208,255,1100
223115641,-0.488,-1.220,0.671,0.190,0.098,0.902,255,1100
223116369,-1.829,-0.183,1.098,0.097,0.128,1.235,255,1100
223117641,-2.195,3.476,0.000,-0.044,-0.087,1.129,255,1100
223118502,-1.463,3.902,-0.183,-0.044,-0.087,1.129,255,1100
223119641,-0.610,3.841,-0.244,-0.122,-0.028,0.986,255,1100
223120634,-0.427,2.500,-0.244,-0.107,0.035,1.039,255,1100
223121641,0.000,0.854,0.244,0.031,0.144,0.918,255,1100
223122496,-0.305,-1.159,0.366,0.100,0.108,1.123,255,1100
223123641,-1.037,-1.098,0.976,0.163,0.133,0.997,255,1100
223124377,-1.768,-0.610,1.037,0.147,0.068,1.158,255,1100
223125641,-2.012,3.415,0.305,-0.086,-0.071,1.136,255,1100
223126509,-1.585,4.329,-0.305,-0.166,-0.167,0.971,255,1100
223127641,-0.549,3.841,-0.671,-0.192,-0.028,1.019,255,1100
223128642,-0.061,2.500,0.000,-0.136,0.094,0.968,255,1100
223129641,0.122,0.305,0.427,0.079,0.149,1.037,255,1100
223130372,-0.061,-1.341,0.793,0.120,0.125,1.065,255,1100
223131641,-1.951,-0.488,0.976,0.109,0.063,1.096,255,1100
223132379,-1.951,-0.488,0.976,0.109,0.063,1.096,255,1100
223133641,-2.317,3.171,0.366,-0.082,-0.119,1.135,255,1100
223134512,-1.463,4.024,-0.305,-0.204,-0.147,0.918,255,1100
223135641,-0.732,3.659,-0.488,-0.191,-0.056,1.108,255,1100
223136638,0.122,2.561,0.183,-0.103,0.096,0.870,255,1100
223137641,0.549,-1.098,0.427,0.028,0.147,1.117,255,1100
223138375,0.549,-1.098,0.427,0.087,0.128,0.982,255,1100
223139641,-1.768,-0.488,0.915,0.145,0.117,0.987,255,1100
223140374,-2.683,1.829,0.732,0.086,-0.017,1.137,255,1100
223141641,-2.378,3.354,0.305,-0.111,-0.132,1.102,255,1100
223142512,-1.402,4.451,-0.244,-0.156,-0.190,0.884,255,1100
223143641,-0.976,3.963,-0.488,-0.251,-0.017,1.079,255,1100
223144637,0.122,0.488,0.732,-0.042,0.055,0.864,255,1100
223145641,0.793,-1.585,0.183,0.124,0.107,0.900,255,1100
223146374,-0.671,-1.402,0.793,0.124,0.107,0.900,255,1100
223147641,-1.402,-0.366,1.037,0.218,0.042,0.952,255,1100
223148376,-2.256,1.829,0.793,0.051,0.038,1.181,255,1100
223149641,-2.134,3.354,0.427,-0.101,-0.144,0.975,255,1100
223150515,-1.646,4.756,0.122,-0.173,-0.156,0.995,255,1100
223151641,-0.122,2.622,0.122,-0.083,0.026,0.878,255,1100
223152504,0.061,0.793,0.244,-0.083,0.026,0.878,255,1100
223153641,0.549,-1.463,0.427,0.208,0.081,0.863,255,1100
223154371,-0.732,-1.463,1.037,0.168,0.218,1.209,255,1100
223155641,-1.402,-0.671,1.220,0.241,0.023,0.934,255,1100
223156377,-2.256,1.585,0.732,0.051,-0.005,1.208,255,1100
223157641,-2.378,3.293,0.366,-0.103,-0.142,0.956,255,1100
223158510,-1.951,4.573,0.183,-0.186,-0.104,1.018,255,1100
223159641,0.000,2.805,0.244,-0.166,0.047,0.897,255,1100
223160496,0.305,0.793,0.183,0.008,0.147,1.068,255,1100
223161641,0.427,-1.098,0.488,0.151,0.185,0.920,255,1100
223162377,-0.671,-1.829,0.976,0.255,0.111,1.267,255,1100
223163641,-1.585,-0.488,1.037,0.151,0.072,0.879,255,1100
223164379,-2.561,1.585,0.793,0.093,-0.053,1.213,255,1100
223165641,-1.585,4.268,0.061,-0.209,-0.146,1.045,255,1100
223166507,-0.793,3.780,-0.122,-0.202,-0.068,1.052,255,1100
223167641,-0.244,2.622,0.427,-0.186,0.058,0.948,255,1100
223168504,0.183,0.793,0.854,0.015,0.151,1.068,255,1100
223169641,0.366,-1.037,0.915,0.123,0.183,0.956,255,1100
223170368,-0.366,-1.463,1.280,0.228,0.150,1.232,255,1100
223171641,-2.378,1.524,0.610,0.175,0.062,0.920,255,1100
223172378,-2.378,1.524,0.610,0.066,-0.021,1.208,255,1100
223173641,-1.707,4.329,0.000,-0.223,-0.117,1.081,255,1100
223174500,-0.854,4.085,-0.427,-0.229,-0.105,1.058,255,1100
223175641,-0.366,3.049,-0.244,-0.191,0.070,0.922,255,1100
223176631,0.061,0.793,0.244,0.057,0.146,1.012,255,1100
223177641,0.061,-1.159,0.549,0.145,0.169,1.037,255,1100
223178370,-0.305,-1.707,0.793,0.221,0.090,1.196,255,1100
223179641,-2.378,1.707,0.793,0.092,0.021,1.249,255,1100
223180377,-2.073,3.659,0.671,0.092,0.021,1.249,255,1100
223181641,-1.646,4.146,-0.366,-0.234,-0.132,1.114,255,1100
223182516,-0.793,4.024,-0.549,-0.286,-0.054,1.024,255,1100
223183641,0.000,2.988,-0.122,-0.146,0.086,0.984,255,1100
223184500,0.183,0.732,0.671,-0.008,0.163,0.995,255,1100
223185641,-0.732,-1.951,0.915,0.203,0.113,1.137,255,1100
223186375,-0.732,-1.951,0.915,0.203,0.113,1.137,255,1100
223187641,-2.500,1.159,0.915,0.092,-0.021,1.255,255,1100
223188376,-2.317,3.293,0.732,-0.081,-0.123,0.894,255,1100
223189641,-1.951,4.146,-0.244,-0.202,-0.156,1.159,255,1100
223190633,-0.854,4.268,-0.549,-0.238,-0.011,0.907,255,1100
223191641,-0.427,3.171,0.061,-0.147,0.062,1.036,255,1100
223192559,0.366,0.793,0.488,-0.025,0.133,1.000,255,1100
223193643,-0.305,-1.585,1.220,0.213,0.130,1.101,255,1100
223194412,-1.159,-0.854,1.341,0.271,0.058,1.007,255,1100
223195641,-2.378,1.159,0.305,0.038,-0.004,1.123,255,1100
223196376,-2.317,3.720,0.061,-0.047,-0.157,1.033,255,1100
223197641,-2.256,4.451,-0.244,-0.231,-0.071,1.074,255,1100
223198632,-0.854,4.146,-0.427,-0.191,-0.068,0.912,255,1100
223199641,0.244,0.671,-0.061,-0.016,0.108,0.974,255,1100
223200503,0.122,-0.854,0.732,0.133,0.205,1.122,255,1100
223201641,-0.671,-1.829,0.915,0.272,0.123,0.948,255,1100
223202371,-1.585,-0.854,1.280,0.236,0.081,1.165,255,1100
223203641,-2.317,1.098,0.183,0.031,-0.074,0.955,255,1100
223204375,-2.622,3.720,0.061,-0.075,-0.100,1.141,255,1100
223205641,-0.976,3.659,0.244,-0.186,-0.067,1.029,255,1100
223206622,-0.305,2.744,-0.061,-0.261,0.018,1.082,255,1100
223207641,-0.061,1.098,0.061,0.000,0.126,0.920,255,1100
223208496,-0.061,-0.854,0.488,0.149,0.221,1.128,255,1100
223209641,-0.183,-1.829,1.220,0.289,0.116,0.913,255,1100
223210381,-1.341,-1.098,0.671,0.188,0.013,1.263,255,1100
223211641,-2.317,1.280,0.061,0.058,-0.050,0.884,255,1100
223212441,-2.744,3.537,-0.244,-0.089,-0.063,1.237,255,1100
223213643,-0.732,3.902,-0.183,-0.233,-0.057,1.017,255,1100
223214663,0.122,2.866,-0.488,-0.274,0.015,1.001,255,1100
223215641,0.793,1.463,0.183,0.028,0.177,0.938,255,1100
223216377,0.549,-0.854,0.915,0.157,0.201,1.175,255,1100
223217641,-0.183,-1.402,0.976,0.291,0.099,0.888,255,1100
223218377,-1.159,-1.037,0.610,0.154,0.021,1.232,255,1100
223219641,-2.561,3.049,0.000,-0.066,-0.042,1.187,255,1100
223220500,-1.524,4.329,0.305,-0.066,-0.042,1.187,255,1100
223221641,-0.610,3.963,-0.244,-0.271,-0.080,1.079,255,1100
223222633,-0.122,2.805,-0.366,-0.252,0.021,0.948,255,1100
223223641,-0.061,1.341,0.183,0.002,0.174,1.026,255,1100
223224500,0.000,-0.427,1.098,0.179,0.188,1.107,255,1100
223225641,-0.366,-1.280,0.854,0.264,0.069,0.950,255,1100
223226371,-1.341,-1.098,0.061,0.178,0.016,1.167,255,1100
223227641,-2.744,2.927,0.427,-0.051,-0.063,1.198,255,1100
223228510,-1.585,4.085,0.000,-0.211,-0.107,0.969,255,1100
223229641,-0.915,4.146,-0.671,-0.274,-0.098,1.090,255,1100
223230622,-0.244,2.927,-0.427,-0.209,0.062,0.918,255,1100
223231641,0.061,1.098,0.366,0.024,0.164,0.995,255,1100
223232568,0.000,-0.732,0.793,0.167,0.187,1.049,255,1100
223233643,-1.768,-0.732,0.183,0.220,0.032,1.142,255,1100
223234398,-1.768,-0.732,0.183,0.220,0.032,1.142,255,1100
223235641,-2.561,2.805,0.122,-0.065,-0.103,1.127,255,1100
223236514,-1.402,4.085,-0.183,-0.230,-0.110,1.031,255,1100
223237641,-0.366,4.207,-0.793,-0.264,-0.024,1.014,255,1100
223238638,0.122,2.683,0.000,-0.157,0.033,0.936,255,1100
223239641,0.000,-0.732,0.732,-0.040,0.183,1.092,255,1100
223240368,0.000,-0.732,0.732,0.171,0.113,1.011,255,1100
223241641,-1.220,-0.915,0.671,0.278,0.014,1.095,255,1100
223242374,-2.378,1.037,0.488,0.039,0.018,1.034,255,1100
223243641,-2.256,2.805,0.244,-0.023,-0.125,1.039,255,1100
223244510,-1.646,3.963,0.000,-0.253,-0.031,1.061,255,1100
223245641,-0.549,3.902,-0.549,-0.222,-0.068,1.004,255,1100
223246621,0.000,2.744,0.183,-0.223,0.043,0.987,255,1100
223247641,-0.183,-0.366,0.732,0.154,0.182,1.022,255,1100
223248377,-0.671,-1.646,0.915,0.154,0.182,1.022,255,1100
223249641,-1.098,-1.159,0.549,0.243,0.039,0.943,255,1100
223250374,-2.195,0.671,0.061,0.055,-0.030,1.181,255,1100
223251641,-2.439,2.744,0.061,-0.065,-0.079,0.987,255,1100
223252506,-1.646,4.146,0.000,-0.202,-0.025,1.053,255,1100
223253641,-0.427,2.622,-0.305,-0.229,-0.018,0.992,255,1100
223254617,-0.183,1.463,-0.061,-0.047,0.150,1.035,255,1100
223255641,-0.305,-0.244,0.549,0.220,0.190,0.952,255,1100
223256492,-0.793,-1.402,0.915,0.241,0.132,1.198,255,1100
223257641,-1.341,-0.915,0.366,0.196,-0.035,0.881,255,1100
223258506,-2.256,0.854,-0.244,0.105,-0.023,1.270,255,1100
223259641,-2.439,2.927,-0.244,-0.107,-0.001,0.875,255,1100
223260673,-0.732,3.720,-0.061,-0.298,-0.013,1.042,255,1100
223261642,-0.244,3.232,-0.366,-0.148,-0.077,0.962,255,1100
223262651,-0.122,1.707,0.183,-0.100,0.214,1.047,255,1100
223263641,0.183,-0.122,1.037,0.214,0.118,0.879,255,1100
223264379,-0.610,-1.402,1.098,0.258,0.175,1.292,255,1100
223265641,-0.854,-0.793,0.305,0.172,-0.053,0.852,255,1100
223266503,-2.317,0.915,0.061,0.059,0.017,1.231,255,1100
223267641,-1.951,3.841,0.183,-0.154,-0.057,1.151,255,1100
223268506,-1.098,3.659,-0.061,-0.332,-0.050,0.993,255,1100
223269641,-0.061,3.171,-0.427,-0.161,-0.021,0.913,255,1100
223270631,-0.061,1.402,-0.122,-0.020,0.146,1.186,255,1100
223271641,0.305,-0.183,1.159,0.177,0.183,0.877,255,1100
223272504,-0.305,-1.402,0.854,0.267,0.083,1.207,255,1100
223273641,-1.890,0.915,0.366,0.178,-0.022,0.912,255,1100
223274377,-1.890,0.915,0.366,0.113,0.036,1.208,255,1100
223275641,-2.012,3.537,0.488,-0.208,-0.081,1.189,255,1100
223276512,-1.037,4.085,0.061,-0.319,-0.065,1.042,255,1100
223277641,0.122,3.049,-0.244,-0.165,0.000,0.919,255,1100
223278496,-0.427,1.220,0.610,-0.006,0.132,1.057,255,1100
223279641,0.061,-0.244,1.037,0.167,0.162,0.941,255,1100
223280374,-0.732,-1.402,0.610,0.248,0.035,1.206,255,1100
223281641,-2.195,0.610,0.305,0.109,-0.036,1.193,255,1100
223282377,-2.439,2.744,0.244,0.109,-0.036,1.193,255,1100
223283641,-2.134,3.659,0.366,-0.210,-0.110,1.223,255,1100
223284510,-1.037,4.390,-0.061,-0.301,-0.016,0.958,255,1100
223285641,-0.061,3.415,-0.122,-0.093,-0.005,1.049,255,1100
223286626,-0.061,1.646,0.610,-0.075,0.155,0.965,255,1100
223287641,-0.732,-1.463,0.671,0.172,0.097,0.990,255,1100
223288376,-0.732,-1.463,0.671,0.221,0.071,1.160,255,1100
223289641,-2.195,0.488,0.549,0.063,0.033,1.118,255,1100
223290376,-1.951,2.195,0.244,-0.011,-0.042,0.997,255,1100
223291641,-2.012,3.537,0.183,-0.233,-0.055,1.214,255,1100
223292630,-1.098,3.902,0.122,-0.237,-0.066,0.894,255,1100
223293641,-0.610,3.537,-0.061,-0.181,0.055,1.051,255,1100
223294620,-0.427,0.183,1.098,0.020,0.065,0.975,255,1100
223295641,-0.488,-1.220,0.610,0.274,0.059,1.077,255,1100
223296376,-1.280,-0.305,0.610,0.274,0.059,1.077,255,1100
223297641,-1.707,0.793,-0.122,0.090,-0.006,1.016,255,1100
223298500,-2.256,2.683,0.488,-0.030,-0.005,1.076,255,1100
223299641,-1.707,3.476,0.671,-0.207,-0.025,1.091,255,1100
223300623,-1.220,3.720,0.488,-0.199,-0.086,1.017,255,1100
223301641,-0.061,1.951,0.610,0.043,0.065,0.967,255,1100
223302499,-0.244,0.244,0.854,0.134,0.188,1.079,255,1100
223303641,-0.488,-1.159,0.793,0.275,0.043,1.016,255,1100
223304442,-1.341,-0.427,0.427,0.107,0.056,1.123,255,1100
223305643,-1.646,0.427,0.488,0.097,-0.018,0.945,255,1100
223306403,-2.500,2.317,0.488,-0.028,0.021,1.131,255,1100
223307641,-1.098,3.720,0.244,-0.183,-0.074,0.998,255,1100
223308510,-1.098,3.720,0.244,-0.261,-0.037,1.012,255,1100
223309641,0.061,1.768,0.610,-0.026,0.111,0.951,255,1100
223310496,0.000,0.244,0.854,0.174,0.152,1.133,255,1100
223311641,-0.488,-1.220,0.915,0.252,0.043,0.914,255,1100
223312375,-1.220,-0.488,0.122,0.099,0.047,1.159,255,1100
223313641,-1.890,0.671,0.244,0.118,0.020,0.936,255,1100
223314376,-2.012,1.829,0.427,-0.027,0.039,1.083,255,1100
223315641,-0.915,3.963,-0.122,-0.269,-0.088,1.000,255,1100
223316510,-0.732,3.171,-0.427,-0.135,-0.019,1.133,255,1100
223317641,-0.366,2.012,0.549,-0.035,0.103,0.884,255,1100
223318508,-0.244,0.366,1.098,0.204,0.145,1.109,255,1100
223319641,-0.305,-0.854,0.671,0.175,0.029,0.973,255,1100
223320379,-0.976,-0.305,-0.061,0.163,0.040,1.170,255,1100
223321641,-2.073,2.256,0.732,0.076,0.074,0.890,255,1100
223322499,-1.951,3.049,0.488,0.015,-0.011,1.172,255,1100
223323641,-1.159,3.720,0.244,-0.253,-0.089,0.964,255,1100
223324506,-0.732,3.110,0.183,-0.129,0.024,1.167,255,1100
223325641,-0.427,1.829,0.427,0.002,0.043,0.938,255,1100
223326373,-0.305,0.427,0.671,0.118,0.170,1.089,255,1100
223327641,-0.427,-0.732,0.244,0.222,-0.008,0.948,255,1100
223328504,-0.793,-0.244,-0.061,0.130,0.093,1.195,255,1100
223329641,-1.951,1.768,0.244,-0.049,0.062,1.174,255,1100
223330552,-1.585,3.110,0.122,-0.180,-0.061,0.982,255,1100
223331643,-1.098,3.659,0.061,-0.235,-0.033,1.049,255,1100
223332668,-0.549,2.927,-0.061,-0.155,-0.037,1.104,255,1100
223333641,-0.305,2.134,0.244,-0.016,0.075,0.937,255,1100
223334503,-0.122,0.793,0.549,0.153,0.097,1.053,255,1100
223335641,-0.915,-0.488,0.122,0.160,0.047,1.224,255,1100
223336380,-0.915,-0.488,0.122,0.160,0.047,1.224,255,1100
223337641,-2.195,1.524,0.183,-0.057,0.034,1.258,255,1100
223338374,-1.951,3.354,0.427,-0.195,-0.033,0.928,255,1100
223339641,-1.159,3.476,0.183,-0.188,-0.052,1.126,255,1100
223340626,-0.549,2.988,0.061,-0.162,-0.049,1.010,255,1100
223341641,-0.366,0.671,0.671,-0.041,0.057,0.910,255,1100
223342496,-0.366,0.671,0.671,0.159,0.133,1.150,255,1100
223343641,-1.037,-0.610,0.122,0.115,0.034,1.204,255,1100
223344371,-1.280,0.671,-0.122,0.106,0.032,0.874,255,1100
223345641,-2.317,1.463,0.305,-0.028,0.034,1.227,255,1100
223346374,-1.768,3.049,0.549,-0.159,0.003,0.886,255,1100
223347641,-1.402,3.354,0.183,-0.184,-0.075,1.139,255,1100
223348507,-0.732,3.049,-0.061,-0.173,-0.030,0.988,255,1100
223349641,-0.488,0.854,0.610,0.125,0.165,1.055,255,1100
223350504,-0.366,-0.488,0.732,0.227,0.043,0.942,255,1100
223351641,-0.976,-0.488,0.183,0.074,0.064,1.162,255,1100
223352376,-1.098,0.488,0.305,0.125,-0.011,0.905,255,1100
223353641,-2.012,1.768,0.671,-0.035,0.126,1.195,255,1100
223354374,-1.463,2.622,1.037,-0.132,-0.054,0.937,255,1100
223355641,-0.671,2.988,-0.244,-0.207,-0.024,1.118,255,1100
223356631,-0.183,2.744,0.000,-0.056,0.058,1.002,255,1100
223357641,-0.122,1.037,0.793,0.161,0.121,1.001,255,1100
223358368,-0.610,-0.244,0.732,0.176,0.053,0.999,255,1100
223359641,-1.159,-0.610,-0.061,0.100,0.056,1.166,255,1100
223360496,-1.280,0.305,0.244,0.109,0.026,0.943,255,1100
223361641,-2.012,1.159,0.671,-0.024,0.108,1.134,255,1100
223362383,-1.768,2.561,0.793,-0.137,-0.044,1.062,255,1100
223363641,-0.915,3.293,0.000,-0.138,-0.034,0.999,255,1100
223364614,-0.305,2.561,0.244,-0.040,0.048,0.985,255,1100
223365641,-0.488,0.915,0.671,0.138,0.103,1.013,255,1100
223366374,-0.183,0.000,0.366,0.138,0.044,1.037,255,1100
223367641,-0.854,-0.610,-0.061,0.130,0.086,1.049,255,1100
223368496,-1.524,0.244,0.244,0.104,0.045,1.016,255,1100
223369641,-2.134,2.744,0.671,-0.141,-0.057,1.104,255,1100
223370512,-1.585,3.537,0.610,-0.178,-0.066,1.057,255,1100
223371641,-1.159,3.293,0.305,-0.125,-0.025,1.017,255,1100
223372624,-0.488,2.622,0.366,-0.040,0.015,1.000,255,1100
223373641,-0.366,0.976,0.122,0.098,0.099,0.970,255,1100
223374372,-0.549,0.000,0.122,0.128,0.042,1.096,255,1100
223375641,-1.037,0.183,0.610,0.131,0.112,0.992,255,1100
223376370,-1.037,0.183,0.610,0.130,0.054,1.039,255,1100
223377641,-1.890,2.439,0.305,-0.102,-0.078,1.080,255,1100
223378510,-1.220,3.232,0.061,-0.149,0.013,1.046,255,1100
223379641,-0.671,3.049,0.000,-0.112,-0.072,1.010,255,1100
223380492,-0.427,2.439,0.183,-0.063,0.010,1.039,255,1100
223381641,-0.305,1.402,0.305,0.061,0.052,0.967,255,1100
223382373,-0.183,0.183,0.122,0.160,0.102,1.079,255,1100
223383641,-1.280,-0.122,0.427,0.117,0.019,1.110,255,1100
223384376,-1.890,0.854,0.427,0.117,0.019,1.110,255,1100
223385641,-2.134,2.500,0.488,-0.062,-0.011,1.179,255,1100
223386510,-1.768,2.988,0.610,-0.161,-0.016,0.983,255,1100
223387641,-1.098,3.171,0.061,-0.132,-0.069,0.966,255,1100
223388618,-0.610,2.744,0.183,-0.037,-0.020,1.133,255,1100
223389641,-0.244,0.000,0.366,0.039,0.092,0.908,255,1100
223390490,-0.122,-0.854,0.610,0.154,0.120,1.125,255,1100
223391641,-1.159,-0.671,0.488,0.082,0.042,1.222,255,1100
223392377,-1.951,0.793,0.488,-0.069,0.058,0.881,255,1100
223393641,-1.951,2.500,0.915,-0.007,0.024,1.250,255,1100
223394374,-1.402,3.049,1.037,-0.153,-0.037,1.029,255,1100
223395641,-0.671,3.171,-0.061,-0.127,-0.117,0.952,255,1100
223396626,-0.488,1.829,0.305,-0.107,-0.009,1.101,255,1100
223397641,-0.549,0.000,0.305,0.130,0.104,1.166,255,1100
223398501,-0.610,-0.610,-0.061,0.113,0.084,0.855,255,1100
223399641,-1.463,-0.732,0.366,0.078,0.040,1.269,255,1100
223400499,-1.890,0.976,0.671,-0.062,0.108,0.868,255,1100
223401641,-2.073,2.317,0.915,0.002,-0.013,1.233,255,1100
223402375,-1.951,2.866,0.610,-0.167,-0.021,1.009,255,1100
223403641,-0.976,2.866,0.061,-0.106,0.028,1.039,255,1100
223404499,-0.488,1.646,0.488,0.132,0.066,0.862,255,1100
223405641,-0.793,0.244,0.549,0.072,0.108,1.226,255,1100
223406381,-0.976,-0.183,0.183,0.142,0.025,0.868,255,1100
223407641,-1.768,-0.366,-0.061,0.039,0.097,1.188,255,1100
223408504,-1.585,0.915,0.427,0.037,0.068,0.928,255,1100
223409641,-1.402,3.293,0.671,-0.053,0.031,1.202,255,1100
223410372,-1.402,3.293,0.671,-0.137,-0.092,0.973,255,1100
223411641,-0.854,2.805,-0.183,-0.074,0.010,1.018,255,1100
223412620,-0.305,1.585,0.488,0.066,0.098,0.930,255,1100
223413641,-0.244,0.305,0.183,0.103,0.064,1.135,255,1100
223414368,-0.610,-0.366,-0.183,0.121,0.103,0.918,255,1100
223415641,-1.098,-0.671,-0.122,0.078,0.077,1.152,255,1100
223416621,-1.341,0.488,0.854,0.048,0.094,0.927,255,1100
223417641,-1.524,3.415,0.671,-0.116,-0.103,1.037,255,1100
223418505,-0.976,3.354,-0.122,-0.152,-0.043,1.059,255,1100
223419641,-0.366,2.805,-0.061,0.005,-0.027,0.914,255,1100
223420620,-0.244,1.829,0.000,-0.003,0.063,1.005,255,1100
223421641,0.061,0.610,-0.244,0.050,0.079,1.086,255,1100
223422370,-0.366,-0.427,0.183,0.146,0.135,0.940,255,1100
223423641,-1.585,0.610,0.976,0.131,0.110,1.161,255,1100
223424376,-1.585,0.610,0.976,0.010,0.077,0.945,255,1100
223425641,-2.134,3.110,0.549,-0.056,-0.057,0.992,255,1100
223426512,-1.829,3.476,0.183,-0.128,-0.073,1.018,255,1100
223427641,-0.732,2.927,0.244,-0.069,-0.040,0.965,255,1100
223428623,-0.671,1.951,-0.061,-0.047,0.000,1.054,255,1100
223429641,0.122,0.244,-0.122,0.089,0.166,1.012,255,1100
223430501,-0.122,-0.854,0.427,0.178,0.121,0.981,255,1100
223431641,-2.012,0.488,0.488,-0.028,0.030,0.964,255,1100
223432374,-2.683,1.951,0.549,-0.028,0.030,0.964,255,1100
223433641,-2.012,2.927,1.037,-0.036,-0.044,0.980,255,1100
223434510,-1.524,3.110,0.427,-0.150,-0.099,1.020,255,1100
223435641,-0.610,2.988,-0.366,-0.097,-0.070,0.964,255,1100
223436623,-0.305,2.378,-0.061,-0.021,0.079,1.073,255,1100
223437641,-0.610,-0.610,0.915,0.128,0.096,0.994,255,1100
223438500,-0.549,-1.037,0.793,0.096,0.074,1.103,255,1100
223439641,-2.012,0.244,0.549,0.038,0.061,1.058,255,1100
223440364,-2.195,1.768,0.732,0.002,0.010,1.131,255,1100
223441641,-2.012,2.988,0.976,-0.083,-0.064,0.959,255,1100
