timestamp_us,gyro_x,gyro_y,gyro_z,accel_x,accel_y,accel_z,motor_id,motor_command
187482215,-1.402,1.585,-0.549,-0.120,0.018,1.028,1,1100
187483643,-1.098,0.488,-0.488,0.005,0.007,1.038,1,1100
187484702,-0.549,-0.183,-0.122,0.077,0.036,1.067,1,1100
187485237,-0.427,0.061,0.305,0.151,0.126,1.077,1,1100
187486687,-0.915,1.890,0.305,0.054,0.046,1.039,1,1100
187487201,-0.915,1.890,0.305,0.054,0.046,1.039,1,1100
187488690,-1.280,3.110,-0.366,-0.069,-0.020,1.027,1,1100
187489203,-1.524,2.561,-0.549,-0.069,-0.020,1.027,1,1100
187490688,-1.341,1.463,-0.671,-0.025,-0.026,0.968,1,1100
187491203,-1.341,0.610,-0.610,0.009,0.018,1.069,1,1100
187492689,-0.427,-0.671,0.183,0.105,0.043,1.061,1,1100
187493201,-0.427,-0.671,0.183,0.129,0.102,1.094,1,1100
187494688,-0.610,2.378,0.183,0.043,0.061,1.042,1,1100
187495202,-0.610,2.378,0.183,0.043,0.061,1.042,1,1100
187496689,-1.098,3.232,-0.366,-0.094,-0.001,1.056,1,1100
187497202,-1.341,2.683,-0.610,-0.129,-0.033,1.003,1,1100
187498688,-1.341,1.768,-0.610,-0.059,-0.006,0.996,1,1100
187499203,-1.159,0.549,-0.671,-0.015,-0.017,1.055,1,1100
187500689,-0.366,-0.488,0.122,0.096,0.089,1.060,1,1100
187501202,-0.366,-0.488,0.122,0.096,0.089,1.060,1,1100
187502688,-0.915,1.890,0.183,0.000,0.070,1.060,1,1100
187503203,-0.915,3.049,-0.366,-0.045,0.022,0.987,1,1100
187504690,-1.402,3.293,-0.732,-0.129,0.008,1.066,1,1100
187505203,-1.524,2.683,-0.976,-0.079,-0.055,1.008,1,1100
187506688,-1.280,0.976,-0.854,0.005,-0.048,1.011,1,1100
187507204,-1.280,0.976,-0.854,0.005,-0.048,1.011,1,1100
187508689,-0.488,-0.366,0.122,0.116,0.079,1.022,1,1100
187509201,-0.488,-0.366,0.122,0.116,0.079,1.022,1,1100
187510688,-1.463,1.951,-0.183,-0.009,0.022,1.062,1,1100
187511204,-1.341,2.866,-0.366,-0.039,0.033,1.008,1,1100
187512689,-1.402,3.110,-0.427,-0.153,-0.002,1.011,1,1100
187513205,-1.402,2.805,-0.549,-0.062,-0.013,1.000,1,1100
187514688,-0.854,0.671,-0.610,0.045,-0.052,0.982,1,1100
187515204,-0.854,0.671,-0.610,0.045,-0.052,0.982,1,1100
187516684,-0.244,-0.061,0.305,0.168,0.076,0.996,1,1100
187517198,-0.488,0.610,0.427,0.081,0.115,1.122,1,1100
187518688,-0.854,1.707,-0.244,0.021,0.048,1.041,1,1100
187519203,-1.159,2.744,-0.366,-0.058,0.044,1.037,1,1100
187520689,-1.341,2.744,-0.610,-0.083,-0.019,0.973,1,1100
187521207,-1.341,2.744,-0.610,-0.083,-0.019,0.973,1,1100
187522688,-1.463,0.793,-0.549,0.021,-0.033,1.038,1,1100
187523203,-0.793,-0.122,-0.305,0.021,-0.033,1.038,1,1100
187524689,-0.549,-0.366,0.122,0.144,0.113,1.001,1,1100
187525201,-0.671,0.671,0.610,0.087,0.094,1.095,1,1100
187526688,-1.098,2.805,-0.122,0.055,0.082,1.045,1,1100
187527203,-1.098,2.805,-0.122,-0.060,0.014,1.022,1,1100
187528689,-1.646,3.049,-0.671,-0.117,-0.024,1.043,1,1100
187529207,-1.646,3.049,-0.671,-0.117,-0.024,1.043,1,1100
187530688,-1.402,0.915,-0.488,-0.023,-0.005,1.016,1,1100
187531204,-0.915,-0.183,-0.183,0.102,0.004,1.064,1,1100
187532689,-0.549,-0.671,0.610,0.109,0.104,1.086,1,1100
187533208,-0.671,0.366,0.915,0.117,0.088,1.038,1,1100
187534688,-1.098,2.744,0.183,-0.045,0.003,0.994,1,1100
187535204,-1.098,2.744,0.183,-0.045,0.003,0.994,1,1100
187536689,-1.463,3.171,-0.366,-0.114,-0.026,1.003,1,1100
187537207,-1.280,2.134,-0.061,-0.066,0.007,1.015,1,1100
187538688,-1.402,0.793,-0.244,-0.039,-0.029,1.088,1,1100
187539204,-0.854,0.000,-0.183,0.088,0.012,0.999,1,1100
187540689,-0.183,0.549,0.854,0.122,0.107,1.016,1,1100
187541212,-0.183,0.549,0.854,0.122,0.107,1.016,1,1100
187542688,-0.976,2.622,0.305,-0.036,0.033,0.983,1,1100
187543202,-0.976,2.622,0.305,-0.036,0.033,0.983,1,1100
187544689,-1.463,2.866,0.305,-0.114,-0.005,0.979,1,1100
187545202,-1.463,2.134,0.061,-0.081,-0.004,1.019,1,1100
187546688,-1.220,0.793,0.061,-0.021,-0.021,1.055,1,1100
187547204,-0.854,0.061,0.366,0.081,0.029,1.049,1,1100
187548689,-0.488,0.305,1.341,0.129,0.107,1.009,1,1100
187549208,-0.488,0.305,1.341,0.129,0.107,1.009,1,1100
187550688,-1.341,2.805,0.732,-0.025,0.027,0.990,1,1100
187551205,-1.341,3.354,0.183,-0.127,-0.015,1.048,1,1100
187552689,-1.280,2.988,0.427,-0.102,-0.005,1.022,1,1100
187553207,-1.341,2.256,0.183,-0.087,-0.006,1.021,1,1100
187554688,-0.488,0.061,0.366,0.050,0.024,1.027,1,1100
187555202,-0.488,0.061,0.366,0.050,0.024,1.027,1,1100
187556689,-0.183,0.427,1.585,0.100,0.131,1.076,1,1100
187557208,-0.610,1.585,1.220,0.100,0.131,1.076,1,1100
187558688,-0.976,2.500,0.732,-0.030,0.042,1.057,1,1100
187559204,-1.524,3.293,0.732,-0.109,-0.002,0.984,1,1100
187560689,-1.524,1.951,0.366,-0.089,-0.013,1.032,1,1100
187561201,-1.524,1.951,0.366,-0.119,-0.019,0.998,1,1100
187562688,-0.854,-0.244,0.671,0.037,0.021,1.022,1,1100
187563204,-0.854,-0.244,0.671,0.037,0.021,1.022,1,1100
187564689,-0.488,0.366,1.341,0.094,0.108,1.096,1,1100
187565201,-0.549,1.463,1.524,0.068,0.075,1.031,1,1100
187566688,-1.098,2.500,1.037,-0.053,0.038,1.068,1,1100
187567204,-1.280,3.171,0.671,-0.091,0.013,0.980,1,1100
187568689,-1.402,2.195,0.427,-0.116,-0.009,0.969,1,1100
187569201,-1.402,2.195,0.427,-0.116,-0.009,0.969,1,1100
187570688,-1.159,0.305,0.610,0.022,0.031,1.021,1,1100
187571204,-0.610,-0.183,1.341,0.149,0.077,1.048,1,1100
187572689,-0.793,0.061,1.951,0.096,0.103,1.081,1,1100
187573207,-0.793,1.341,1.829,0.069,0.083,1.035,1,1100
187574688,-1.159,2.744,0.488,-0.084,0.017,0.960,1,1100
187575202,-1.159,2.744,0.488,-0.084,0.017,0.960,1,1100
187576689,-1.341,2.134,0.549,-0.079,-0.002,0.980,1,1100
187577205,-1.341,2.134,0.549,-0.079,-0.002,0.980,1,1100
187578688,-0.732,0.427,0.366,0.052,0.016,1.003,1,1100
187579202,-0.244,-0.183,1.098,0.104,0.096,1.066,1,1100
187580689,-0.549,0.122,1.829,0.132,0.083,1.080,1,1100
187581201,-0.671,1.463,1.524,0.030,0.094,1.053,1,1100
187582688,-1.159,3.537,1.037,-0.097,0.031,1.009,1,1100
187583204,-1.159,3.537,1.037,-0.097,0.031,1.009,1,1100
187584689,-1.402,2.195,0.427,-0.070,0.010,1.017,1,1100
187585207,-1.402,1.159,0.305,-0.057,-0.050,1.040,1,1100
187586688,-0.732,0.183,0.305,0.058,0.020,1.023,1,1100
187587204,-0.366,0.000,0.854,0.108,0.067,1.049,1,1100
187588689,-0.671,1.402,1.341,0.043,0.079,1.085,1,1100
187589208,-0.671,1.402,1.341,0.043,0.079,1.085,1,1100
187590688,-1.280,3.171,0.610,-0.106,0.002,1.039,1,1100
187591204,-1.768,3.171,0.305,-0.106,0.002,1.039,1,1100
187592689,-1.646,2.439,0.244,-0.094,-0.027,1.055,1,1100
187593205,-1.463,1.402,0.122,-0.036,-0.031,0.979,1,1100
187594688,-0.671,0.000,1.037,0.057,0.016,1.077,1,1100
187595203,-0.671,0.000,1.037,0.111,0.076,1.042,1,1100
187596689,-0.854,1.463,1.463,0.039,0.093,1.057,1,1100
187597202,-0.854,1.463,1.463,0.039,0.093,1.057,1,1100
187598688,-1.646,3.049,0.610,-0.126,0.012,1.021,1,1100
187599202,-1.646,3.232,0.488,-0.093,-0.026,1.013,1,1100
187600689,-1.829,2.256,0.549,-0.109,0.008,1.055,1,1100
187601201,-1.280,1.098,0.488,-0.018,-0.028,0.986,1,1100
187602688,-0.427,-0.488,0.793,0.124,0.061,1.049,1,1100
187603204,-0.427,-0.488,0.793,0.124,0.061,1.049,1,1100
187604689,-0.366,1.280,1.037,0.059,0.083,1.045,1,1100
187605208,-0.732,2.805,0.732,-0.020,0.048,1.041,1,1100
187606688,-1.159,3.171,0.061,-0.073,-0.008,1.007,1,1100
187607203,-1.402,3.171,0.061,-0.125,0.009,0.999,1,1100
187608689,-1.524,1.341,0.000,-0.104,-0.018,1.049,1,1100
187609208,-1.524,1.341,0.000,-0.036,-0.016,1.036,1,1100
187610688,-0.427,-0.183,0.671,0.128,0.075,1.065,1,1100
187611204,-0.427,-0.183,0.671,0.128,0.075,1.065,1,1100
187612689,-0.854,1.159,0.854,0.093,0.072,1.072,1,1100
187613205,-0.976,2.134,0.793,-0.048,0.063,1.028,1,1100
187614688,-1.159,2.805,0.244,-0.044,-0.016,1.016,1,1100
187615205,-1.524,2.866,0.183,-0.159,0.000,1.010,1,1100
187616689,-1.585,1.098,0.183,-0.045,0.001,1.058,1,1100
187617202,-1.585,1.098,0.183,-0.045,0.001,1.058,1,1100
187618231,-0.732,-0.427,0.305,0.041,0.007,1.004,1,1100
187619644,-0.549,0.122,1.037,0.103,0.125,1.044,1,1100
187620588,-0.854,1.280,0.915,0.098,0.060,1.101,1,1100
187621644,-1.341,2.256,0.427,-0.054,0.062,1.027,1,1100
187622570,-1.220,3.049,0.000,-0.042,-0.017,1.005,1,1100
187623645,-1.341,2.500,-0.366,-0.067,-0.021,1.045,1,1100
187624571,-1.463,1.463,-0.488,-0.059,-0.011,1.030,1,1100
187625644,-0.854,0.366,-0.549,0.058,-0.007,1.030,1,1100
187626570,-0.671,-0.488,-0.366,0.083,0.059,1.046,1,1100
187627645,-0.244,0.122,0.610,0.153,0.120,1.075,1,1100
187628572,-0.488,1.280,0.427,0.042,0.096,1.086,1,1100
187629644,-1.280,3.049,-0.122,-0.125,0.017,1.050,1,1100
187630570,-1.585,3.354,-0.366,-0.091,-0.046,1.022,1,1100
187631645,-1.768,2.500,-0.488,-0.121,0.013,1.003,1,1100
187632578,-1.768,1.402,-0.732,-0.049,-0.038,0.996,1,1100
187633644,-1.280,0.427,-0.366,0.027,0.004,1.097,1,1100
187634570,-0.976,0.000,0.305,0.096,0.052,1.042,1,1100
187635645,-0.610,0.976,0.610,0.154,0.135,1.087,1,1100
187636563,-0.793,2.134,0.122,0.046,0.077,1.042,1,1100
187637644,-0.976,3.049,-0.610,-0.123,0.010,1.012,1,1100
187638566,-1.037,3.110,-0.427,-0.073,-0.006,1.035,1,1100
187639645,-1.341,2.195,-0.549,-0.145,0.006,1.071,1,1100
187640555,-1.220,1.341,-0.732,0.005,-0.065,0.949,1,1100
187641644,-1.159,0.122,-0.732,-0.037,0.008,1.047,1,1100
187642569,-0.610,-0.366,-0.366,0.131,0.043,1.004,1,1100
187643645,-0.671,1.037,0.244,0.105,0.091,1.018,1,1100
187644575,-1.098,2.073,-0.061,-0.015,0.071,1.065,1,1100
187645644,-1.037,2.805,-0.427,-0.092,-0.014,0.999,1,1100
187646570,-1.463,3.049,-0.427,-0.091,-0.001,0.990,1,1100
187647645,-1.890,2.500,-0.793,-0.123,0.000,1.074,1,1100
187648567,-1.585,1.220,-0.854,-0.006,-0.025,0.987,1,1100
187649644,-0.549,-0.244,-0.183,-0.008,-0.008,1.074,1,1100
187650684,-0.610,-0.366,0.122,0.115,0.096,1.131,1,1100
187651197,-0.610,-0.366,0.122,0.115,0.096,1.131,1,1100
187652690,-1.037,2.012,0.061,-0.027,0.016,1.068,1,1100
187653211,-1.159,2.988,-0.427,-0.076,0.017,0.985,1,1100
187654690,-1.524,3.232,-0.671,-0.114,-0.002,1.056,1,1100
187655209,-1.707,2.378,-0.793,-0.073,-0.012,1.029,1,1100
187656690,-1.220,0.427,-0.976,0.018,-0.026,1.049,1,1100
187657208,-1.220,0.427,-0.976,0.018,-0.026,1.049,1,1100
187658690,-0.549,0.061,0.305,0.147,0.072,1.071,1,1100
187659206,-0.793,0.976,0.732,0.147,0.072,1.071,1,1100
187660690,-1.098,2.073,-0.061,0.011,0.011,1.045,1,1100
187661209,-1.280,2.622,-0.244,-0.071,0.038,0.989,1,1100
187662690,-1.280,2.378,-0.488,-0.133,-0.039,1.042,1,1100
187663208,-1.280,2.378,-0.488,-0.069,-0.008,1.036,1,1100
187664690,-0.793,0.366,-0.610,0.038,-0.018,1.017,1,1100
187665211,-0.793,0.366,-0.610,0.038,-0.018,1.017,1,1100
187666690,-0.061,-0.183,0.488,0.158,0.093,1.052,1,1100
187667207,-0.305,0.793,0.610,0.057,0.123,1.100,1,1100
187668690,-0.976,2.012,0.244,0.020,0.032,0.994,1,1100
187669211,-1.463,2.744,-0.366,-0.096,0.030,1.060,1,1100
187670690,-1.463,2.439,-0.549,-0.107,0.000,1.028,1,1100
187671208,-1.463,2.439,-0.549,-0.107,0.000,1.028,1,1100
187672690,-0.976,0.732,-0.183,0.034,-0.020,1.027,1,1100
187673211,-0.732,-0.244,-0.244,0.068,0.054,1.099,1,1100
187674690,-0.305,-0.305,0.305,0.156,0.093,1.039,1,1100
187675208,-0.671,0.793,0.549,0.049,0.086,1.098,1,1100
187676690,-1.220,3.049,-0.122,0.032,0.052,1.008,1,1100
187677211,-1.220,3.049,-0.122,-0.102,0.017,1.029,1,1100
187678690,-1.402,2.378,-0.427,-0.115,-0.017,0.999,1,1100
187679206,-1.402,2.378,-0.427,-0.115,-0.017,0.999,1,1100
187680690,-0.854,0.732,-0.122,0.003,-0.015,1.043,1,1100
187681210,-0.610,-0.061,0.244,0.105,0.032,1.106,1,1100
187682690,-0.183,-0.122,1.037,0.121,0.120,1.043,1,1100
187683211,-0.488,0.915,0.976,0.082,0.083,1.070,1,1100
187684690,-1.220,3.049,0.061,-0.073,-0.006,0.981,1,1100
187685209,-1.220,3.049,0.061,-0.073,-0.006,0.981,1,1100
187686690,-1.341,2.500,-0.244,-0.123,-0.028,0.988,1,1100
187687210,-1.341,1.402,0.000,-0.037,0.001,1.032,1,1100
187688690,-0.854,0.671,0.061,-0.014,-0.014,1.008,1,1100
187689210,-0.427,-0.122,0.549,0.130,0.043,1.121,1,1100
187690690,-0.366,0.671,0.915,0.127,0.100,1.037,1,1100
187691206,-0.366,0.671,0.915,0.127,0.100,1.037,1,1100
187692690,-0.915,2.805,0.427,-0.039,0.003,0.966,1,1100
187693211,-1.463,3.171,0.244,-0.039,0.003,0.966,1,1100
187694690,-1.524,2.805,0.183,-0.087,-0.024,0.972,1,1100
187695211,-1.646,1.707,0.366,-0.061,0.014,1.084,1,1100
187696690,-0.976,-0.244,0.610,0.011,-0.048,0.972,1,1100
187697210,-0.976,-0.244,0.610,0.084,0.052,1.062,1,1100
187698690,-0.610,0.732,1.524,0.094,0.118,1.090,1,1100
187699211,-0.610,0.732,1.524,0.094,0.118,1.090,1,1100
187700690,-0.976,2.744,0.610,-0.044,0.045,0.974,1,1100
187701211,-1.341,3.354,0.122,-0.139,-0.031,1.073,1,1100
187702690,-1.402,2.866,0.183,-0.099,0.012,0.946,1,1100
187703209,-1.463,1.707,0.183,-0.072,-0.021,1.067,1,1100
187704690,-0.915,0.000,0.488,0.056,0.030,1.115,1,1100
187705211,-0.915,0.000,0.488,0.056,0.030,1.115,1,1100
187706690,-0.671,0.854,1.463,0.101,0.116,1.091,1,1100
187707211,-0.915,1.951,1.220,0.037,0.051,1.043,1,1100
187708690,-0.854,3.049,0.915,-0.072,0.022,1.014,1,1100
187709211,-1.341,3.537,0.610,-0.118,-0.036,1.026,1,1100
187710690,-1.402,2.012,0.610,-0.098,0.009,0.985,1,1100
187711211,-1.402,2.012,0.610,-0.094,-0.018,1.044,1,1100
187712690,-0.610,0.122,0.793,0.040,0.051,1.065,1,1100
187713211,-0.610,0.122,0.793,0.040,0.051,1.065,1,1100
187714690,-0.610,0.732,1.463,0.051,0.120,1.072,1,1100
187715210,-0.610,1.890,1.159,0.075,0.047,1.041,1,1100
187716690,-0.915,2.866,0.793,-0.097,0.028,1.046,1,1100
187717207,-1.220,3.293,0.732,-0.074,-0.014,0.990,1,1100
187718690,-1.402,1.890,0.244,-0.088,-0.021,0.996,1,1100
187719211,-1.402,1.890,0.244,-0.088,-0.021,0.996,1,1100
187720690,-1.037,0.244,0.793,0.057,0.036,1.019,1,1100
187721210,-0.610,-0.061,1.098,0.142,0.092,1.083,1,1100
187722690,-0.854,0.549,1.341,0.079,0.103,1.068,1,1100
187723210,-1.220,1.951,1.280,0.064,0.072,1.037,1,1100
187724690,-0.976,3.232,1.098,-0.082,-0.001,1.005,1,1100
187725211,-0.976,3.232,1.098,-0.082,-0.001,1.005,1,1100
187726690,-1.402,2.012,0.549,-0.079,0.010,0.953,1,1100
187727206,-1.341,1.037,0.488,-0.079,0.010,0.953,1,1100
187728690,-0.549,0.000,0.610,0.085,0.038,1.018,1,1100
187729211,-0.427,-0.427,1.098,0.112,0.080,1.100,1,1100
187730690,-0.854,1.768,1.707,0.126,0.100,1.017,1,1100
187731211,-0.854,1.768,1.707,0.026,0.089,1.068,1,1100
187732690,-1.280,3.171,0.671,-0.118,0.030,1.011,1,1100
187733209,-1.280,3.171,0.671,-0.118,0.030,1.011,1,1100
187734690,-1.402,2.073,0.549,-0.080,0.009,0.981,1,1100
187735211,-1.341,1.098,0.183,-0.022,-0.024,1.035,1,1100
187736690,-0.366,-0.061,0.793,0.094,0.034,1.049,1,1100
187737210,-0.244,-0.183,1.037,0.090,0.092,1.098,1,1100
187738690,-0.915,1.829,0.915,0.000,0.077,1.052,1,1100
187739208,-0.915,1.829,0.915,0.000,0.077,1.052,1,1100
187740690,-1.524,3.232,0.488,-0.150,0.038,1.004,1,1100
187741208,-1.524,3.232,0.427,-0.059,-0.047,1.034,1,1100
187742690,-1.585,2.012,0.305,-0.116,0.029,1.042,1,1100
187743211,-1.463,1.220,0.244,0.009,-0.050,1.021,1,1100
187744690,-0.488,-0.183,0.976,0.048,0.032,1.019,1,1100
187745211,-0.488,-0.183,0.976,0.131,0.069,1.055,1,1100
187746690,-0.671,1.768,1.098,0.036,0.057,1.044,1,1100
187747211,-0.671,1.768,1.098,0.036,0.057,1.044,1,1100
187748690,-1.037,2.927,0.305,-0.116,-0.021,1.041,1,1100
187749211,-1.280,2.744,0.305,-0.088,-0.018,0.982,1,1100
187750690,-1.646,2.073,0.244,-0.102,0.000,1.017,1,1100
187751211,-0.976,0.976,0.244,0.012,-0.014,1.005,1,1100
187752690,-0.183,-0.549,0.915,0.137,0.085,1.045,1,1100
187753209,-0.183,-0.549,0.915,0.137,0.085,1.045,1,1100
187754690,-0.854,1.585,1.037,0.046,0.087,1.044,1,1100
187755211,-1.280,2.927,0.366,-0.041,0.023,1.055,1,1100
187756690,-1.402,3.232,0.061,-0.101,-0.004,0.966,1,1100
187757211,-1.707,2.866,0.122,-0.103,-0.014,1.031,1,1100
187758690,-1.646,0.793,0.061,-0.008,-0.010,1.056,1,1100
187759211,-1.646,0.793,0.061,-0.008,-0.010,1.056,1,1100
187760690,-0.305,-0.488,0.854,0.109,0.095,1.072,1,1100
187761210,-0.488,0.427,0.976,0.109,0.095,1.072,1,1100
187762690,-0.854,1.524,0.793,0.056,0.098,1.083,1,1100
187763211,-1.159,2.378,0.488,-0.054,0.031,1.036,1,1100
187764690,-1.585,2.866,0.122,-0.075,0.001,1.005,1,1100
187765210,-1.585,2.866,0.122,-0.138,-0.022,1.027,1,1100
187766697,-1.585,1.098,-0.488,-0.026,-0.012,1.104,1,1100
187767220,-1.585,1.098,-0.488,-0.026,-0.012,1.104,1,1100
187768692,-0.732,-0.366,0.488,0.114,0.075,1.107,1,1100
187769211,-0.732,0.122,1.098,0.104,0.113,1.000,1,1100
187770690,-0.732,1.463,0.915,0.070,0.069,1.117,1,1100
187771208,-0.915,2.500,0.549,-0.065,0.057,0.991,1,1100
187772690,-1.463,2.866,-0.244,-0.150,-0.010,1.035,1,1100
187773210,-1.463,2.866,-0.244,-0.150,-0.010,1.035,1,1100
187774690,-1.524,1.159,-0.366,-0.050,-0.019,1.051,1,1100
187775211,-1.037,0.061,-0.244,0.074,0.016,0.988,1,1100
187776690,-0.610,-0.671,0.061,0.116,0.070,1.120,1,1100
187777211,-0.549,0.122,0.427,0.120,0.116,1.028,1,1100
187778690,-1.037,2.622,0.122,0.040,0.081,1.106,1,1100
187779208,-1.037,2.622,0.122,-0.028,0.034,1.009,1,1100
187780690,-1.646,3.110,-0.244,-0.103,-0.028,0.998,1,1100
187781209,-1.646,3.110,-0.244,-0.103,-0.028,0.998,1,1100
187782690,-1.646,0.915,-0.427,-0.030,-0.049,1.056,1,1100
187783211,-0.915,0.000,-0.061,0.051,0.032,1.030,1,1100
187784690,-0.610,-0.366,0.305,0.103,0.085,1.061,1,1100
187785212,-0.427,0.244,0.549,0.146,0.101,1.086,1,1100
187786690,-0.915,2.683,0.061,0.009,0.041,1.015,1,1100
187787211,-0.915,2.683,0.061,0.009,0.041,1.015,1,1100
187788690,-0.976,3.049,-0.366,-0.063,-0.021,1.022,1,1100
187789209,-1.280,2.439,-0.549,-0.133,-0.013,1.004,1,1100
187790690,-1.402,1.220,-0.610,-0.015,-0.048,1.011,1,1100
187791208,-1.037,0.061,-0.488,0.036,0.025,1.074,1,1100
187792690,-0.549,0.366,0.610,0.106,0.114,1.121,1,1100
187793208,-0.549,0.366,0.610,0.106,0.114,1.121,1,1100
187794690,-1.159,2.378,-0.183,-0.022,0.040,1.067,1,1100
187795206,-1.524,2.988,-0.061,-0.022,0.040,1.067,1,1100
187796690,-1.463,2.988,-0.305,-0.091,-0.006,1.061,1,1100
187797211,-1.463,2.012,-0.427,-0.125,-0.006,1.015,1,1100
187798690,-1.098,0.122,-0.366,0.008,-0.027,1.006,1,1100
187799208,-1.098,0.122,-0.366,0.006,0.004,1.066,1,1100
187800690,-0.610,0.122,0.427,0.112,0.095,1.125,1,1100
187801209,-0.610,0.122,0.427,0.112,0.095,1.125,1,1100
187802690,-0.915,2.256,-0.244,-0.015,0.003,1.105,1,1100
187803210,-1.037,2.805,-0.610,-0.102,0.039,0.939,1,1100
187804690,-1.463,3.232,-0.610,-0.099,-0.035,1.084,1,1100
187805210,-1.646,2.378,-0.305,-0.114,0.000,1.022,1,1100
187806690,-0.854,0.000,-0.305,0.020,0.012,1.012,1,1100
187807211,-0.854,0.000,-0.305,0.020,0.012,1.012,1,1100
187808690,-0.488,-0.122,0.488,0.110,0.099,1.106,1,1100
187809209,-0.366,0.976,0.610,0.065,0.098,1.047,1,1100
187810690,-0.976,2.134,0.122,-0.032,0.036,1.066,1,1100
187811211,-1.341,2.866,-0.366,-0.056,0.016,0.997,1,1100
187812690,-1.463,2.195,-0.549,-0.141,-0.024,1.011,1,1100
187813211,-1.463,2.195,-0.549,-0.078,0.000,1.023,1,1100
187814690,-1.220,0.244,-0.122,0.037,-0.003,1.030,1,1100
187815211,-1.220,0.244,-0.122,0.037,-0.003,1.030,1,1100
187816690,-0.549,0.000,0.732,0.132,0.098,1.069,1,1100
187817211,-0.671,1.098,0.671,0.059,0.089,1.080,1,1100
187818690,-1.220,2.439,0.183,-0.028,0.044,1.036,1,1100
187819211,-1.585,2.805,-0.244,-0.077,0.015,1.035,1,1100
187820690,-1.829,2.195,-0.427,-0.080,-0.004,1.055,1,1100
187821209,-1.829,2.195,-0.427,-0.080,-0.004,1.055,1,1100
187822690,-1.037,0.366,-0.366,0.062,0.001,1.054,1,1100
187823210,-0.671,-0.305,0.305,0.080,0.070,1.022,1,1100
187824228,-0.183,-0.122,1.037,0.156,0.102,1.082,1,1100
187825697,-0.244,0.976,0.732,0.042,0.090,1.090,1,1100
187826202,-0.488,2.134,0.183,0.014,0.032,1.005,1,1100
187827694,-1.098,3.232,-0.183,-0.078,-0.028,1.007,1,1100
187828203,-1.098,3.232,-0.183,-0.078,-0.028,1.007,1,1100
187829694,-1.159,1.402,0.061,-0.030,-0.010,0.967,1,1100
187830205,-0.976,0.366,-0.061,0.018,-0.016,1.068,1,1100
187831694,-0.854,-0.305,0.244,0.103,0.057,1.039,1,1100
187832207,-0.793,0.000,0.976,0.133,0.121,1.095,1,1100
187833694,-0.854,2.134,0.488,-0.011,0.062,1.039,1,1100
187834215,-0.854,2.134,0.488,-0.011,0.062,1.039,1,1100
187835694,-1.646,2.988,0.000,-0.119,0.006,0.987,1,1100
187836204,-1.890,2.439,0.183,-0.119,0.006,0.987,1,1100
187837694,-1.463,1.585,0.244,-0.025,-0.023,0.991,1,1100
187838205,-0.915,0.488,0.061,0.007,0.027,1.027,1,1100
187839694,-0.183,-0.122,1.037,0.146,0.039,1.052,1,1100
187840205,-0.183,-0.122,1.037,0.092,0.128,1.074,1,1100
187841694,-0.732,2.256,0.610,-0.047,0.086,1.033,1,1100
187842209,-0.732,2.256,0.610,-0.047,0.086,1.033,1,1100
187843694,-1.585,3.110,0.000,-0.150,0.005,1.012,1,1100
187844205,-1.402,2.622,0.061,-0.095,-0.029,1.037,1,1100
187845694,-1.159,1.585,0.244,-0.032,-0.007,1.035,1,1100
187846203,-0.732,0.671,0.427,0.020,-0.030,0.991,1,1100
187847694,-0.244,0.061,1.280,0.117,0.095,1.080,1,1100
187848207,-0.244,0.061,1.280,0.117,0.095,1.080,1,1100
187849694,-1.098,2.195,0.732,-0.038,0.028,1.039,1,1100
187850204,-1.280,2.805,0.488,-0.057,0.022,0.991,1,1100
187851694,-1.829,3.171,0.244,-0.130,-0.018,1.037,1,1100
187852202,-1.524,2.500,0.427,-0.081,-0.003,0.988,1,1100
187853694,-0.854,0.671,0.366,0.054,-0.025,1.045,1,1100
187854205,-0.854,0.671,0.366,0.054,-0.025,1.045,1,1100
187855694,-0.610,0.183,1.646,0.161,0.103,1.033,1,1100
187856209,-0.610,0.183,1.646,0.161,0.103,1.033,1,1100
187857694,-0.854,1.829,0.976,0.022,0.018,1.015,1,1100
187858205,-1.098,2.683,0.671,-0.122,0.040,1.024,1,1100
187859694,-1.402,3.293,0.366,-0.076,-0.040,1.046,1,1100
187860208,-1.707,2.683,0.305,-0.122,0.036,1.016,1,1100
187861694,-0.854,0.488,0.061,0.003,0.019,1.010,1,1100
187862208,-0.854,0.488,0.061,0.003,0.019,1.010,1,1100
187863694,-0.488,-0.488,1.402,0.153,0.128,1.100,1,1100
187864208,-0.366,0.671,1.280,0.055,0.079,1.046,1,1100
187865694,-0.793,2.134,1.098,0.026,0.044,1.032,1,1100
187866208,-1.098,2.927,0.671,-0.115,0.018,1.011,1,1100
187867694,-1.524,2.744,0.610,-0.143,0.006,1.070,1,1100
187868209,-1.524,2.744,0.610,-0.143,0.006,1.070,1,1100
187869694,-0.793,0.244,0.305,-0.000,0.009,1.060,1,1100
187870205,0.000,-0.427,0.610,-0.000,0.009,1.060,1,1100
187871694,-0.244,-0.183,1.402,0.121,0.114,1.123,1,1100
187872202,-0.610,0.915,1.341,0.084,0.090,1.043,1,1100
187873694,-1.037,3.049,0.671,0.012,0.058,1.063,1,1100
187874208,-1.037,3.049,0.671,-0.101,0.017,1.004,1,1100
187875694,-1.463,2.378,0.488,-0.132,-0.000,1.043,1,1100
187876205,-1.463,2.378,0.488,-0.132,-0.000,1.043,1,1100
187877694,-1.098,0.488,0.183,-0.023,-0.007,1.071,1,1100
187878209,-0.427,-0.305,0.671,0.105,0.053,1.025,1,1100
187879694,-0.488,-0.183,1.341,0.114,0.106,1.127,1,1100
187880208,-0.427,0.854,1.768,0.099,0.098,1.024,1,1100
187881694,-1.159,2.866,0.793,-0.061,0.029,0.987,1,1100
187882207,-1.159,2.866,0.793,-0.061,0.029,0.987,1,1100
187883694,-1.829,2.500,0.244,-0.113,-0.028,1.031,1,1100
187884206,-1.463,1.646,0.000,-0.050,-0.020,0.988,1,1100
187885694,-1.159,0.671,0.305,0.003,-0.023,1.053,1,1100
187886209,-0.610,-0.183,0.671,0.095,0.058,1.047,1,1100
187887694,-0.427,0.427,1.280,0.111,0.103,1.056,1,1100
187888202,-0.427,0.427,1.280,0.111,0.103,1.056,1,1100
187889694,-0.915,2.927,0.671,-0.045,0.008,1.002,1,1100
187890209,-0.915,2.927,0.671,-0.045,0.008,1.002,1,1100
187891694,-1.646,2.744,0.427,-0.065,-0.031,1.032,1,1100
187892209,-1.585,1.829,0.305,-0.098,0.010,1.011,1,1100
187893694,-1.098,0.915,0.183,0.032,-0.038,1.021,1,1100
187894205,-0.732,0.061,0.488,0.076,0.065,1.095,1,1100
187895694,-0.732,0.549,1.220,0.070,0.110,1.115,1,1100
187896209,-0.732,0.549,1.220,0.070,0.110,1.115,1,1100
187897694,-1.463,2.866,0.488,-0.070,0.038,1.048,1,1100
187898202,-1.646,2.927,0.000,-0.120,-0.035,1.030,1,1100
187899694,-1.707,2.500,0.122,-0.067,0.000,0.987,1,1100
187900209,-1.585,1.646,0.183,-0.083,0.010,1.005,1,1100
187901694,-0.915,0.061,0.183,0.047,0.059,1.117,1,1100
187902205,-0.915,0.061,0.183,0.047,0.059,1.117,1,1100
187903694,-0.671,0.610,1.341,0.073,0.103,1.095,1,1100
187904206,-0.671,1.951,0.976,0.073,0.103,1.095,1,1100
187905694,-1.037,2.744,0.183,-0.089,0.008,1.055,1,1100
187906209,-1.341,2.866,-0.122,-0.110,-0.017,1.028,1,1100
187907694,-1.280,1.463,0.000,-0.093,-0.004,1.033,1,1100
187908205,-1.280,1.463,0.000,-0.056,-0.003,0.991,1,1100
187909694,-0.610,-0.366,0.061,0.088,0.032,1.079,1,1100
187910209,-0.610,-0.366,0.061,0.088,0.032,1.079,1,1100
187911694,-0.671,0.915,0.915,0.081,0.101,1.099,1,1100
187912207,-0.915,2.073,0.854,0.021,0.072,1.039,1,1100
187913694,-1.402,2.866,0.061,-0.072,-0.009,1.009,1,1100
187914209,-1.646,2.927,-0.366,-0.081,0.000,1.016,1,1100
187915694,-1.646,1.646,-0.610,-0.050,-0.008,1.054,1,1100
187916208,-1.646,1.646,-0.610,-0.050,-0.008,1.054,1,1100
187917694,-0.549,-0.061,0.000,0.109,0.035,1.069,1,1100
187918208,-0.671,-0.183,0.488,0.096,0.097,1.035,1,1100
187919694,-0.854,0.427,0.732,0.101,0.106,1.054,1,1100
187920202,-1.159,1.951,0.488,0.008,0.073,1.098,1,1100
187921694,-1.524,3.171,-0.305,-0.120,0.001,1.066,1,1100
187922209,-1.524,3.171,-0.305,-0.120,0.001,1.066,1,1100
187923694,-1.646,1.951,-0.366,-0.065,0.009,1.075,1,1100
187924207,-1.646,1.951,-0.366,-0.065,0.009,1.075,1,1100
187925694,-0.854,0.061,0.000,0.090,0.038,1.059,1,1100
187926209,-0.671,0.061,0.610,0.102,0.082,1.053,1,1100
187927694,-0.305,0.793,0.671,0.127,0.102,1.065,1,1100
187928206,-0.427,1.890,0.122,-0.013,0.045,1.088,1,1100
187929694,-1.646,3.110,-0.549,-0.128,0.000,1.070,1,1100
187930209,-1.646,3.110,-0.549,-0.128,0.000,1.070,1,1100
187931694,-1.585,1.707,-0.183,-0.082,0.005,1.065,1,1100
187932208,-1.707,0.488,-0.427,0.028,-0.047,0.987,1,1100
187933694,-1.037,-0.244,-0.427,0.036,0.049,1.072,1,1100
187934209,-0.671,-0.183,0.305,0.146,0.078,1.033,1,1100
187935694,-1.098,2.012,0.305,0.042,0.020,1.077,1,1100
187936209,-1.098,2.012,0.305,0.042,0.020,1.077,1,1100
187937694,-1.585,3.415,-0.610,-0.110,-0.040,1.042,1,1100
187938209,-1.707,2.927,-0.610,-0.110,-0.040,1.042,1,1100
187939694,-1.707,1.951,-0.610,-0.081,-0.018,1.018,1,1100
187940206,-1.159,0.915,-0.305,0.025,-0.022,1.057,1,1100
187941694,-0.427,0.061,0.427,0.038,0.033,1.095,1,1100
187942207,-0.427,0.061,0.427,0.155,0.102,1.029,1,1100
187943694,-0.854,2.012,0.244,0.055,0.041,1.048,1,1100
187944202,-0.854,2.012,0.244,0.055,0.041,1.048,1,1100
187945694,-1.463,3.476,-0.366,-0.104,-0.007,1.006,1,1100
187946202,-1.829,2.805,-0.366,-0.111,-0.002,1.068,1,1100
187947694,-1.646,1.890,-0.793,-0.062,-0.021,0.962,1,1100
187948208,-1.402,0.732,-0.488,0.016,-0.010,1.047,1,1100
187949694,-0.183,-0.305,0.366,0.145,0.081,1.089,1,1100
187950202,-0.183,-0.305,0.366,0.145,0.081,1.089,1,1100
187951694,-0.854,1.890,0.671,0.065,0.061,1.045,1,1100
187952209,-1.280,2.866,0.183,-0.079,0.030,1.033,1,1100
187953694,-1.341,3.415,-0.305,-0.072,-0.005,0.998,1,1100
187954209,-1.707,2.744,-0.610,-0.113,-0.024,1.045,1,1100
187955694,-1.463,0.732,-0.732,-0.000,-0.035,1.088,1,1100
187956205,-1.463,0.732,-0.732,-0.000,-0.035,1.088,1,1100
187957694,-0.793,-0.244,0.366,0.140,0.077,1.096,1,1100
187958208,-0.793,-0.244,0.366,0.140,0.077,1.096,1,1100
187959694,-0.854,1.829,0.549,0.056,0.060,1.059,1,1100
187960208,-1.280,2.683,0.366,-0.067,0.022,1.029,1,1100
187961694,-1.220,3.049,-0.183,-0.083,-0.002,1.015,1,1100
187962209,-1.341,2.744,-0.305,-0.121,-0.037,1.027,1,1100
187963694,-1.341,1.098,-0.549,0.000,-0.041,1.041,1,1100
187964202,-1.341,1.098,-0.549,0.000,-0.041,1.041,1,1100
187965694,-0.244,0.061,0.488,0.111,0.075,1.090,1,1100
187966209,-0.366,0.549,0.549,0.125,0.106,1.045,1,1100
187967694,-1.037,1.768,0.610,0.012,0.068,1.067,1,1100
187968202,-1.402,2.805,0.244,-0.034,0.006,1.025,1,1100
187969694,-1.463,2.988,-0.183,-0.083,-0.045,0.971,1,1100
187970209,-1.463,2.988,-0.183,-0.083,-0.045,0.971,1,1100
187971694,-1.280,0.793,-0.427,-0.001,-0.044,1.065,1,1100
187972209,-0.610,-0.183,0.244,-0.001,-0.044,1.065,1,1100
187973694,-0.305,-0.183,0.732,0.111,0.080,1.038,1,1100
187974209,-0.427,0.549,0.976,0.137,0.106,1.051,1,1100
187975694,-0.854,2.744,0.427,-0.003,0.070,1.083,1,1100
187976208,-0.854,2.744,0.427,-0.018,0.037,1.006,1,1100
187977694,-1.280,2.866,0.183,-0.073,-0.023,1.004,1,1100
187978208,-1.280,2.866,0.183,-0.073,-0.023,1.004,1,1100
187979694,-0.915,1.098,-0.122,-0.003,-0.039,1.026,1,1100
187980209,-0.732,0.061,0.000,0.051,0.037,1.048,1,1100
187981694,-0.427,-0.122,0.610,0.156,0.081,1.051,1,1100
187982209,-0.305,0.305,1.159,0.097,0.126,1.069,1,1100
187983694,-0.732,2.378,0.366,-0.046,0.049,1.028,1,1100
187984206,-0.732,2.378,0.366,-0.046,0.049,1.028,1,1100
187985694,-1.341,3.110,0.244,-0.106,-0.000,0.986,1,1100
187986208,-1.220,2.317,0.122,-0.092,-0.003,1.032,1,1100
187987694,-1.341,1.159,0.305,-0.003,-0.023,1.085,1,1100
187988209,-0.976,0.366,0.244,0.049,-0.002,1.008,1,1100
187989694,-0.427,0.305,1.159,0.108,0.090,1.073,1,1100
187990209,-0.427,0.305,1.159,0.108,0.090,1.073,1,1100
187991694,-0.793,2.561,0.793,-0.064,0.024,1.033,1,1100
187992208,-0.793,2.561,0.793,-0.064,0.024,1.033,1,1100
187993694,-1.463,3.049,0.183,-0.125,-0.004,1.034,1,1100
187994202,-1.159,2.256,0.000,-0.063,-0.010,0.980,1,1100
187995694,-1.098,1.280,-0.122,-0.048,-0.010,1.064,1,1100
187996202,-0.610,0.061,0.244,0.080,-0.007,1.009,1,1100
187997694,-0.427,0.244,1.280,0.113,0.105,1.014,1,1100
187998207,-0.427,0.244,1.280,0.113,0.105,1.014,1,1100
187999694,-1.280,2.561,0.915,-0.045,0.022,1.002,1,1100
188000208,-1.402,3.049,0.366,-0.077,0.001,1.003,1,1100
188001697,-1.585,2.988,0.244,-0.148,-0.007,1.031,1,1100
188002215,-1.159,2.317,0.366,-0.060,0.004,1.017,1,1100
188003699,-0.427,0.061,0.427,0.066,0.018,0.946,1,1100
188004223,-0.427,0.061,0.427,0.066,0.018,0.946,1,1100
188005690,-0.183,0.000,1.402,0.135,0.109,1.026,1,1100
188006198,-0.610,1.463,1.524,0.135,0.109,1.026,1,1100
188007694,-0.793,2.622,1.098,-0.023,0.035,0.991,1,1100
188008211,-1.341,3.232,0.610,-0.095,-0.014,1.038,1,1100
188009694,-1.159,2.317,0.244,-0.120,-0.014,1.014,1,1100
188010208,-1.159,2.317,0.244,-0.078,-0.010,1.019,1,1100
188011694,-0.854,0.183,0.244,0.055,0.022,1.004,1,1100
188012209,-0.854,0.183,0.244,0.055,0.022,1.004,1,1100
188013694,-0.610,0.305,1.646,0.117,0.124,1.059,1,1100
188014209,-1.037,1.524,1.463,0.052,0.058,1.071,1,1100
188015694,-1.280,2.622,0.915,-0.034,0.060,1.011,1,1100
188016202,-1.280,3.171,0.488,-0.108,-0.007,1.020,1,1100
188017694,-1.402,2.195,0.427,-0.106,0.000,1.047,1,1100
188018202,-1.402,2.195,0.427,-0.106,0.000,1.047,1,1100
188019694,-1.037,-0.061,0.427,0.017,0.024,1.018,1,1100
188020205,-0.732,-0.305,0.793,0.125,0.046,1.035,1,1100
188021694,-0.488,0.305,1.524,0.107,0.126,1.121,1,1100
188022209,-0.427,1.402,1.220,0.065,0.053,1.031,1,1100
188023694,-1.037,3.049,0.366,-0.029,0.070,1.046,1,1100
188024207,-1.037,3.049,0.366,-0.093,-0.003,1.003,1,1100
188025694,-1.341,2.439,0.000,-0.134,-0.006,1.030,1,1100
188026205,-1.341,2.439,0.000,-0.134,-0.006,1.030,1,1100
188027694,-1.037,0.366,0.366,0.002,0.015,1.027,1,1100
188028208,-0.366,-0.244,0.610,0.142,0.059,1.003,1,1100
188029694,-0.671,0.061,1.220,0.083,0.115,1.133,1,1100
188030207,-0.732,0.976,1.402,0.087,0.095,1.011,1,1100
188031694,-1.280,2.988,0.488,-0.085,0.013,0.967,1,1100
188032208,-1.280,2.988,0.488,-0.085,0.013,0.967,1,1100
188033694,-1.524,2.378,0.244,-0.098,-0.020,0.995,1,1100
188034208,-1.280,1.159,0.366,-0.033,-0.012,1.021,1,1100
188035694,-0.976,0.305,0.427,0.037,0.005,1.061,1,1100
188036205,-0.488,-0.305,0.854,0.108,0.062,1.045,1,1100
188037694,-0.976,1.037,1.280,0.072,0.102,1.019,1,1100
188038209,-0.976,1.037,1.280,0.072,0.102,1.019,1,1100
188039694,-1.280,3.049,0.305,-0.082,0.027,1.001,1,1100
188040209,-1.707,3.049,-0.061,-0.082,0.027,1.001,1,1100
188041694,-1.646,2.378,0.122,-0.063,0.010,1.031,1,1100
188042208,-1.463,1.341,0.000,-0.041,-0.034,1.030,1,1100
188043694,-0.427,-0.183,0.488,0.034,0.006,1.007,1,1100
188044206,-0.427,-0.183,0.488,0.094,0.059,1.050,1,1100
188045694,-0.976,1.220,1.098,0.054,0.092,1.085,1,1100
188046207,-0.976,1.220,1.098,0.054,0.092,1.085,1,1100
188047694,-1.341,3.049,0.305,-0.079,0.009,1.049,1,1100
188048209,-1.768,3.171,-0.183,-0.129,-0.031,0.978,1,1100
188049694,-1.829,2.317,-0.244,-0.081,-0.003,1.042,1,1100
188050207,-1.159,1.585,-0.244,-0.061,-0.021,0.980,1,1100
188051694,-0.366,-0.549,0.244,0.080,0.060,1.065,1,1100
188052209,-0.366,-0.549,0.244,0.080,0.060,1.065,1,1100
188053694,-0.671,1.037,0.854,0.042,0.080,1.085,1,1100
188054207,-0.915,2.256,0.305,-0.004,0.044,0.984,1,1100
188055694,-1.341,2.805,-0.122,-0.112,0.006,1.045,1,1100
188056209,-1.585,2.988,-0.183,-0.103,-0.025,1.013,1,1100
188057694,-1.463,1.341,-0.366,-0.093,-0.018,1.070,1,1100
188058206,-1.463,1.341,-0.366,-0.056,-0.018,0.940,1,1100
188059694,-0.610,-0.244,0.122,0.113,0.050,1.052,1,1100
188060209,-0.610,-0.244,0.122,0.113,0.050,1.052,1,1100
188061694,-0.671,1.220,0.671,0.045,0.076,1.061,1,1100
188062209,-0.732,2.134,0.671,0.012,0.059,1.031,1,1100
188063694,-1.220,3.049,0.427,-0.085,0.010,1.028,1,1100
188064207,-1.402,3.110,0.244,-0.102,0.000,1.010,1,1100
188065694,-1.341,1.463,-0.427,-0.009,-0.008,0.962,1,1100
188066208,-1.341,1.463,-0.427,-0.009,-0.008,0.962,1,1100
188067694,-0.549,0.061,0.244,0.138,0.051,1.051,1,1100
188068209,-0.549,0.000,0.793,0.100,0.104,1.100,1,1100
188069694,-0.610,1.159,0.915,0.086,0.097,1.056,1,1100
188070207,-0.915,2.195,0.366,-0.014,0.039,1.036,1,1100
188071694,-1.585,3.049,-0.244,-0.124,-0.005,1.048,1,1100
188072207,-1.585,3.049,-0.244,-0.124,-0.005,1.048,1,1100
188073694,-1.463,1.463,-0.061,-0.042,0.003,1.019,1,1100
188074208,-1.098,0.549,-0.244,-0.042,0.003,1.019,1,1100
188075694,-0.671,-0.244,-0.061,0.095,0.072,1.063,1,1100
188076209,-0.488,0.061,0.732,0.128,0.088,1.069,1,1100
188077694,-1.037,2.317,0.122,0.068,0.116,1.068,1,1100
188078209,-1.037,2.317,0.122,-0.001,0.017,1.039,1,1100
188079694,-1.829,2.866,-0.183,-0.126,-0.030,1.054,1,1100
188080208,-1.829,2.866,-0.183,-0.126,-0.030,1.054,1,1100
188081694,-1.280,1.585,-0.549,-0.058,-0.025,1.054,1,1100
188082202,-0.915,0.427,-0.244,0.029,-0.016,1.006,1,1100
188083694,-0.671,-0.122,0.122,0.102,0.063,1.076,1,1100
188084205,-0.305,-0.061,0.610,0.128,0.107,1.062,1,1100
188085694,-0.976,2.073,0.488,-0.008,0.041,1.037,1,1100
188086209,-0.976,2.073,0.488,-0.008,0.041,1.037,1,1100
188087694,-1.646,3.110,-0.061,-0.124,-0.011,1.042,1,1100
188088205,-1.585,2.378,-0.061,-0.087,-0.001,0.999,1,1100
188089694,-1.707,1.585,-0.244,-0.055,-0.022,1.005,1,1100
188090214,-1.402,0.427,-0.183,0.024,-0.007,1.030,1,1100
188091694,-0.488,-0.061,0.610,0.082,0.047,1.080,1,1100
188092202,-0.488,-0.061,0.610,0.136,0.107,1.070,1,1100
188093694,-0.976,2.195,0.000,0.025,0.033,1.017,1,1100
188094209,-0.976,2.195,0.000,0.025,0.033,1.017,1,1100
188095694,-1.220,3.354,-0.366,-0.085,-0.021,1.024,1,1100
188096209,-1.463,2.683,-0.549,-0.128,0.015,1.047,1,1100
188097694,-1.280,1.707,-0.427,-0.037,-0.050,0.977,1,1100
188098209,-1.159,0.671,-0.610,-0.001,-0.004,1.043,1,1100
188099694,-0.427,-0.122,0.671,0.152,0.120,1.111,1,1100
188100209,-0.427,-0.122,0.671,0.152,0.120,1.111,1,1100
188101694,-0.976,2.256,0.671,0.041,0.051,1.063,1,1100
188102208,-1.280,3.171,0.122,-0.107,0.026,0.997,1,1100
188103694,-1.463,3.659,-0.183,-0.068,-0.032,1.023,1,1100
188104202,-1.646,2.683,-0.366,-0.148,0.018,1.044,1,1100
188105694,-1.280,0.793,-0.366,-0.006,0.000,1.053,1,1100
188106208,-1.280,0.793,-0.366,-0.006,0.000,1.053,1,1100
188107694,-0.488,-0.244,0.732,0.119,0.117,1.121,1,1100
188108206,-0.549,0.671,0.671,0.119,0.117,1.121,1,1100
188109694,-0.915,2.073,0.366,0.008,0.056,1.059,1,1100
188110208,-1.280,3.171,-0.061,-0.099,0.014,0.981,1,1100
188111694,-1.220,2.744,0.000,-0.086,0.001,1.056,1,1100
188112209,-1.220,2.744,0.000,-0.115,-0.028,1.028,1,1100
188113694,-1.280,0.671,-0.366,-0.014,-0.036,1.054,1,1100
188114208,-1.280,0.671,-0.366,-0.014,-0.036,1.054,1,1100
188115694,-0.610,-0.183,0.610,0.116,0.080,1.079,1,1100
188116205,-0.549,0.671,0.854,0.111,0.121,1.039,1,1100
188117694,-1.037,2.134,0.549,-0.003,0.027,1.069,1,1100
188118202,-1.098,2.927,0.488,-0.047,0.032,0.973,1,1100
188119694,-1.463,2.683,0.183,-0.056,-0.024,0.981,1,1100
188120202,-1.463,2.683,0.183,-0.056,-0.024,0.981,1,1100
188121694,-1.341,0.915,-0.244,0.020,-0.043,1.041,1,1100
188122205,-0.732,0.000,0.366,0.063,0.070,1.079,1,1100
188123694,-0.488,0.061,1.098,0.143,0.085,0.988,1,1100
188124209,-0.854,0.793,1.463,0.096,0.106,1.087,1,1100
188125694,-1.159,2.988,0.488,-0.017,0.045,1.049,1,1100
188126207,-1.159,2.988,0.488,-0.047,0.019,1.043,1,1100
188127694,-1.463,3.049,0.000,-0.058,-0.009,1.019,1,1100
188128209,-1.463,3.049,0.000,-0.058,-0.009,1.019,1,1100
188129694,-1.341,0.732,0.061,0.023,-0.028,0.953,1,1100
188130209,-0.793,-0.183,0.305,0.070,0.046,1.095,1,1100
188131694,-0.305,0.061,0.976,0.139,0.100,1.040,1,1100
188132209,-0.549,0.915,1.280,0.088,0.095,1.130,1,1100
188133694,-1.341,2.927,0.549,-0.069,0.022,1.040,1,1100
188134208,-1.341,2.927,0.549,-0.069,0.022,1.040,1,1100
188135694,-1.585,2.622,0.305,-0.090,-0.006,0.976,1,1100
188136209,-1.463,1.768,0.183,-0.071,-0.009,1.022,1,1100
188137694,-1.037,0.793,0.244,0.020,-0.024,1.053,1,1100
188138202,-0.732,-0.122,0.488,0.073,0.045,1.102,1,1100
188139694,-0.915,0.854,1.646,0.071,0.103,1.085,1,1100
188140209,-0.915,0.854,1.646,0.071,0.103,1.085,1,1100
188141694,-1.280,2.988,0.671,-0.088,0.012,1.013,1,1100
188142202,-1.341,2.927,0.488,-0.088,0.012,1.013,1,1100
188143694,-1.463,2.805,0.427,-0.116,-0.009,1.001,1,1100
188144205,-1.159,2.134,0.122,-0.047,-0.018,1.064,1,1100
188145694,-0.549,-0.061,0.305,0.000,-0.006,1.009,1,1100
188146209,-0.549,-0.061,0.305,0.097,0.030,1.070,1,1100
188147694,-0.488,0.549,1.341,0.084,0.097,1.075,1,1100
188148208,-0.488,0.549,1.341,0.084,0.097,1.075,1,1100
188149694,-0.976,2.866,0.793,-0.066,0.014,0.983,1,1100
188150209,-1.341,3.110,0.610,-0.106,-0.002,1.062,1,1100
188151694,-1.524,2.805,0.427,-0.112,-0.021,0.957,1,1100
188152209,-1.585,1.829,0.244,-0.065,-0.010,1.056,1,1100
188153694,-0.671,-0.061,0.671,0.118,0.026,1.072,1,1100
188154208,-0.671,-0.061,0.671,0.118,0.026,1.072,1,1100
188155694,-0.366,0.427,1.524,0.127,0.098,1.059,1,1100
188156209,-0.549,1.951,1.159,0.002,0.064,1.088,1,1100
188157694,-0.610,3.049,0.793,-0.038,0.037,0.963,1,1100
188158209,-1.280,3.110,0.183,-0.129,-0.019,1.072,1,1100
188159694,-1.098,1.951,0.183,-0.109,-0.009,0.992,1,1100
188160209,-1.098,1.951,0.183,-0.064,-0.008,1.068,1,1100
188161694,-0.854,-0.122,0.732,0.078,0.043,1.081,1,1100
188162209,-0.854,-0.122,0.732,0.078,0.043,1.081,1,1100
188163694,-0.488,0.427,1.646,0.099,0.137,1.075,1,1100
188164202,-0.671,1.768,1.220,0.016,0.016,1.095,1,1100
188165694,-0.793,2.744,0.793,-0.058,0.051,0.978,1,1100
188166205,-1.402,3.354,0.366,-0.127,-0.011,1.031,1,1100
188167694,-1.524,1.829,0.305,-0.111,0.001,1.038,1,1100
188168205,-1.524,1.829,0.305,-0.111,0.001,1.038,1,1100
188169701,-0.854,-0.061,0.244,0.023,0.036,1.041,1,1100
188170223,-0.732,-0.366,1.159,0.163,0.091,1.026,1,1100
188171696,-0.793,0.732,1.524,0.087,0.116,1.084,1,1100
188172213,-0.732,1.707,1.159,0.063,0.039,1.036,1,1100
188173694,-1.463,3.232,0.122,-0.111,-0.014,0.994,1,1100
188174208,-1.463,3.232,0.122,-0.111,-0.014,0.994,1,1100
188175694,-1.341,2.012,0.244,-0.099,-0.017,0.976,1,1100
188176205,-0.854,0.854,0.000,-0.099,-0.017,0.976,1,1100
188177694,-0.549,0.000,0.244,0.050,0.029,1.057,1,1100
188178214,-0.366,-0.366,0.732,0.145,0.090,1.061,1,1100
188179694,-0.366,1.524,1.159,0.072,0.114,1.069,1,1100
188180209,-0.366,1.524,1.159,0.085,0.062,1.039,1,1100
188181698,-1.280,3.049,0.305,-0.093,0.007,0.969,1,1100
188182217,-1.280,3.049,0.305,-0.093,0.007,0.969,1,1100
188183702,-1.646,2.073,0.427,-0.069,0.008,0.937,1,1100
188184217,-1.463,0.671,0.122,0.011,-0.027,1.114,1,1100
188185694,-0.671,0.000,0.366,0.043,0.021,1.015,1,1100
188186207,-0.427,-0.244,0.854,0.124,0.083,1.083,1,1100
188187694,-0.671,1.890,1.220,0.060,0.085,1.048,1,1100
188188208,-0.671,1.890,1.220,0.060,0.085,1.048,1,1100
188189694,-1.220,3.110,0.183,-0.081,0.005,0.988,1,1100
188190202,-1.402,2.744,0.000,-0.081,0.005,0.988,1,1100
188191694,-1.463,1.829,0.000,-0.061,0.020,0.959,1,1100
188192209,-1.463,0.976,-0.305,-0.024,-0.038,1.092,1,1100
188193694,-0.427,-0.183,0.549,0.063,0.033,1.021,1,1100
188194207,-0.427,-0.183,0.549,0.111,0.077,1.098,1,1100
188195694,-0.610,1.707,0.915,0.054,0.074,1.068,1,1100
188196209,-0.610,1.707,0.915,0.054,0.074,1.068,1,1100
188197694,-1.402,3.232,0.000,-0.105,0.009,1.026,1,1100
188198208,-1.768,2.988,-0.244,-0.113,-0.047,0.995,1,1100
188199694,-1.768,2.134,-0.061,-0.094,0.020,1.000,1,1100
188200202,-1.524,1.220,-0.122,-0.025,-0.030,1.077,1,1100
188201694,-0.305,-0.305,0.671,0.092,0.083,1.040,1,1100
188202207,-0.305,-0.305,0.671,0.092,0.083,1.040,1,1100
188203694,-0.549,1.707,0.793,-0.000,0.089,1.074,1,1100
188204209,-1.159,2.866,0.305,-0.004,0.024,1.030,1,1100
188205694,-1.646,3.293,-0.183,-0.142,0.023,1.014,1,1100
188206209,-1.585,3.110,-0.061,-0.073,-0.053,0.998,1,1100
188207694,-1.524,1.220,-0.183,-0.015,-0.042,1.017,1,1100
188208208,-1.524,1.220,-0.183,-0.015,-0.042,1.017,1,1100
188209694,-0.793,-0.427,0.427,0.116,0.067,1.054,1,1100
188210209,-0.671,-0.061,1.098,0.116,0.067,1.054,1,1100
188211694,-0.427,1.280,0.549,0.030,0.074,1.055,1,1100
188212205,-0.793,2.561,0.244,-0.017,0.038,1.043,1,1100
188213694,-1.280,3.110,-0.122,-0.124,0.005,1.009,1,1100
188214208,-1.280,3.110,-0.122,-0.079,-0.013,1.010,1,1100
188215694,-1.463,1.159,-0.427,0.002,-0.046,1.038,1,1100
188216207,-1.463,1.159,-0.427,0.002,-0.046,1.038,1,1100
188217694,-0.549,-0.183,0.244,0.147,0.072,1.071,1,1100
188218207,-0.793,0.244,0.732,0.098,0.104,1.092,1,1100
188219694,-0.854,1.402,0.610,0.075,0.076,1.054,1,1100
188220206,-1.280,2.561,0.305,-0.053,0.027,1.040,1,1100
188221694,-1.341,3.049,-0.244,-0.121,-0.011,1.017,1,1100
188222209,-1.341,3.049,-0.244,-0.121,-0.011,1.017,1,1100
188223694,-1.341,1.402,-0.488,-0.017,-0.001,1.062,1,1100
188224209,-1.037,0.427,-0.061,0.040,-0.007,1.017,1,1100
188225701,-0.610,-0.244,0.488,0.117,0.088,1.072,1,1100
188226220,-0.610,0.610,0.549,0.101,0.103,1.045,1,1100
188227696,-0.854,2.439,0.305,0.082,0.090,1.084,1,1100
188228209,-0.854,2.439,0.305,-0.060,0.021,1.023,1,1100
188229694,-1.707,3.232,-0.366,-0.137,-0.012,1.026,1,1100
188230207,-1.707,3.232,-0.366,-0.137,-0.012,1.026,1,1100
188231694,-1.220,1.159,-0.610,-0.062,-0.017,1.074,1,1100
188232209,-0.854,0.305,-0.610,0.080,-0.016,1.016,1,1100
188233702,-0.305,-0.183,0.305,0.088,0.093,1.078,1,1100
188234229,-0.549,0.305,0.732,0.152,0.095,1.041,1,1100
188235697,-0.976,2.500,0.061,-0.009,0.015,1.022,1,1100
188236209,-0.976,2.500,0.061,-0.009,0.015,1.022,1,1100
188237694,-1.402,2.866,-0.610,-0.119,-0.027,1.035,1,1100
188238205,-1.159,2.073,-0.244,-0.086,0.004,0.995,1,1100
188239694,-1.159,1.341,-0.610,-0.042,-0.029,1.030,1,1100
188240209,-0.976,0.244,-0.305,0.053,0.011,1.057,1,1100
188241694,-0.488,-0.183,0.854,0.151,0.115,1.049,1,1100
188242214,-0.488,-0.183,0.854,0.151,0.115,1.049,1,1100
188243694,-1.037,2.500,0.488,0.021,0.023,1.022,1,1100
188244208,-1.524,2.927,-0.122,0.021,0.023,1.022,1,1100
188245694,-1.341,3.110,-0.122,-0.082,-0.023,1.022,1,1100
188246208,-1.585,2.561,-0.183,-0.131,0.014,1.050,1,1100
188247694,-1.220,0.061,-0.305,0.006,-0.045,1.007,1,1100
188248208,-1.220,0.061,-0.305,0.005,0.025,1.031,1,1100
188249694,-0.366,0.000,0.671,0.119,0.116,1.146,1,1100
188250206,-0.366,0.000,0.671,0.119,0.116,1.146,1,1100
188251694,-1.159,2.317,0.244,-0.007,0.059,1.048,1,1100
188252209,-1.220,2.927,0.122,-0.106,0.006,1.009,1,1100
188253694,-1.463,3.049,-0.122,-0.070,-0.005,1.017,1,1100
188254209,-1.646,2.256,-0.244,-0.136,-0.007,1.033,1,1100
188255694,-1.098,0.427,-0.061,-0.009,0.004,1.099,1,1100
188256209,-1.098,0.427,-0.061,-0.009,0.004,1.099,1,1100
188257694,-0.610,0.061,1.037,0.100,0.101,1.140,1,1100
188258206,-0.488,0.915,1.159,0.100,0.101,1.140,1,1100
188259694,-0.915,2.317,0.610,-0.013,0.033,1.105,1,1100
188260202,-1.159,3.049,0.061,-0.095,0.025,0.953,1,1100
188261694,-1.585,2.378,-0.244,-0.100,-0.018,1.067,1,1100
188262209,-1.585,2.378,-0.244,-0.113,-0.004,1.030,1,1100
188263694,-0.793,0.122,-0.122,0.004,0.000,1.045,1,1100
188264209,-0.793,0.122,-0.122,0.004,0.000,1.045,1,1100
188265694,-0.671,0.000,0.915,0.102,0.104,1.140,1,1100
188266205,-0.854,1.037,1.037,0.090,0.097,1.014,1,1100
188267694,-1.402,2.256,0.610,-0.032,0.041,1.092,1,1100
188268208,-1.159,2.866,0.305,-0.060,0.004,0.972,1,1100
188269694,-1.341,2.561,0.122,-0.089,-0.007,1.021,1,1100
188270208,-1.341,2.561,0.122,-0.089,-0.007,1.021,1,1100
188271694,-0.793,0.244,-0.061,0.021,-0.002,1.036,1,1100
188272208,-0.366,-0.366,0.488,0.101,0.068,1.037,1,1100
188273694,-0.488,0.061,0.854,0.119,0.096,1.076,1,1100
188274202,-0.671,1.098,1.098,0.086,0.098,1.074,1,1100
188275694,-1.159,3.049,0.427,-0.042,0.020,1.019,1,1100
188276208,-1.159,3.049,0.427,-0.042,0.020,1.019,1,1100
188277694,-1.402,2.622,0.000,-0.087,-0.021,1.054,1,1100
188278209,-1.341,1.402,0.000,-0.087,-0.021,1.054,1,1100
188279694,-0.854,0.610,0.305,0.058,-0.021,1.049,1,1100
188280208,-0.793,-0.305,0.549,0.068,0.074,1.058,1,1100
188281694,-0.427,-0.122,0.793,0.181,0.085,1.046,1,1100
188282207,-0.671,0.915,0.915,0.045,0.116,1.083,1,1100
188283694,-1.037,2.866,0.366,-0.096,0.037,1.032,1,1100
188284209,-1.037,2.866,0.366,-0.096,0.037,1.032,1,1100
188285694,-1.280,2.561,0.305,-0.085,-0.011,1.031,1,1100
188286209,-1.463,1.341,0.244,-0.061,0.000,0.971,1,1100
188287694,-1.037,0.610,0.244,0.028,-0.013,1.081,1,1100
188288208,-0.732,-0.366,0.366,0.076,0.042,1.068,1,1100
188289694,-1.037,0.915,1.098,0.063,0.081,1.079,1,1100
188290209,-1.037,0.915,1.098,0.063,0.081,1.079,1,1100
188291694,-1.037,2.866,0.671,-0.089,-0.005,1.053,1,1100
188292202,-1.159,2.988,0.610,-0.089,-0.005,1.053,1,1100
188293694,-1.585,2.500,0.305,-0.098,-0.020,1.064,1,1100
188294202,-1.341,1.524,0.061,-0.030,-0.019,0.997,1,1100
188295694,-0.549,-0.244,0.427,-0.024,-0.020,1.049,1,1100
188296209,-0.549,-0.244,0.427,0.124,0.050,1.025,1,1100
188297694,-0.854,0.793,1.159,0.086,0.095,1.082,1,1100
188298209,-0.854,0.793,1.159,0.086,0.095,1.082,1,1100
188299694,-1.402,2.622,0.488,-0.063,0.012,0.981,1,1100
188300209,-1.463,3.049,0.427,-0.102,-0.002,1.064,1,1100
188301694,-1.524,2.500,0.366,-0.106,-0.010,0.972,1,1100
188302209,-1.463,1.585,0.183,-0.045,-0.016,1.012,1,1100
188303694,-0.793,-0.244,0.549,0.107,0.060,1.105,1,1100
188304205,-0.793,-0.244,0.549,0.107,0.060,1.105,1,1100
188305694,-0.488,0.732,1.402,0.093,0.098,1.040,1,1100
188306209,-0.854,2.378,1.037,0.003,0.044,1.086,1,1100
188307694,-1.098,3.110,0.610,-0.050,0.018,0.954,1,1100
188308209,-1.463,3.110,0.366,-0.126,-0.021,1.090,1,1100
188309694,-1.463,1.585,0.244,-0.049,-0.021,1.066,1,1100
188310208,-1.463,1.585,0.244,-0.049,-0.021,1.066,1,1100
188311694,-0.610,-0.305,0.610,0.088,0.050,1.107,1,1100
188312202,-0.366,-0.183,1.037,0.088,0.050,1.107,1,1100
188313694,-0.427,0.732,1.402,0.097,0.105,1.071,1,1100
188314208,-0.915,2.134,1.037,-0.001,0.049,1.065,1,1100
188315694,-1.159,2.927,0.488,-0.053,0.028,0.979,1,1100
188316209,-1.463,3.232,0.122,-0.131,-0.026,1.083,1,1100
188317694,-1.280,1.768,0.366,-0.061,-0.018,1.077,1,1100
188318209,-1.280,1.768,0.366,-0.061,-0.018,1.077,1,1100
188319694,-1.098,-0.183,0.427,0.064,0.032,1.103,1,1100
188320209,-0.549,-0.061,0.976,0.134,0.103,1.032,1,1100
188321694,-0.610,0.671,1.098,0.087,0.108,1.095,1,1100
188322207,-0.976,1.890,0.915,0.035,0.045,1.037,1,1100
188323694,-1.463,3.110,0.244,-0.093,-0.020,1.028,1,1100
188324206,-1.463,3.110,0.244,-0.093,-0.020,1.028,1,1100
188325694,-1.341,1.768,-0.122,-0.072,-0.029,1.021,1,1100
188326209,-0.976,0.610,0.061,-0.072,-0.029,1.021,1,1100
188327694,-0.854,0.000,0.366,0.064,0.041,1.086,1,1100
188328208,-0.488,-0.183,1.098,0.141,0.092,1.030,1,1100
188329694,-0.854,1.829,0.915,0.055,0.107,1.070,1,1100
188330202,-0.854,1.829,0.915,0.068,0.034,1.034,1,1100
188331694,-1.402,3.293,0.061,-0.077,-0.024,1.023,1,1100
188332207,-1.402,3.293,0.061,-0.077,-0.024,1.023,1,1100
188333694,-1.524,1.768,-0.122,-0.059,-0.016,0.989,1,1100
188334202,-1.585,0.427,-0.061,0.007,-0.001,1.058,1,1100
188335694,-0.854,-0.183,0.366,0.072,0.048,1.065,1,1100
188336209,-0.305,-0.366,0.854,0.147,0.102,1.075,1,1100
188337694,-0.854,1.463,0.427,0.043,0.049,1.052,1,1100
188338207,-0.854,1.463,0.427,0.043,0.049,1.052,1,1100
188339694,-1.341,3.049,0.183,-0.083,0.008,1.031,1,1100
188340205,-1.768,2.500,0.061,-0.113,-0.021,1.027,1,1100
188341694,-1.341,1.707,-0.122,-0.055,0.000,0.975,1,1100
188342209,-1.402,0.793,-0.427,-0.014,-0.026,1.062,1,1100
188343696,-0.427,-0.061,0.610,0.112,0.104,1.075,1,1100
188344219,-0.427,-0.061,0.610,0.112,0.104,1.075,1,1100
188345702,-0.732,1.951,0.915,0.015,0.078,1.073,1,1100
188346228,-1.159,2.927,0.366,0.015,0.078,1.073,1,1100
188347694,-1.585,3.354,0.183,-0.132,0.033,1.017,1,1100
188348208,-1.829,2.988,-0.305,-0.070,-0.064,1.033,1,1100
188349694,-1.341,1.951,-0.488,-0.089,0.029,1.006,1,1100
188350209,-1.341,0.976,-0.549,-0.004,-0.064,1.036,1,1100
188351694,-0.305,-0.061,0.732,0.116,0.084,1.056,1,1100
188352209,-0.305,-0.061,0.732,0.116,0.084,1.056,1,1100
188353694,-0.671,1.585,0.610,0.015,0.047,1.066,1,1100
188354209,-0.793,2.683,0.244,-0.042,0.028,1.000,1,1100
188355694,-1.280,2.927,-0.061,-0.130,-0.006,1.039,1,1100
188356205,-1.463,2.500,-0.183,-0.059,-0.020,0.988,1,1100
188357694,-1.280,0.793,-0.122,0.001,-0.033,1.010,1,1100
188358208,-1.280,0.793,-0.122,0.001,-0.033,1.010,1,1100
188359694,-0.671,-0.122,0.427,0.126,0.072,1.028,1,1100
188360214,-0.915,0.427,1.037,0.126,0.072,1.028,1,1100
188361694,-1.159,1.890,0.671,0.029,0.066,1.040,1,1100
188362207,-1.098,2.988,0.183,-0.031,0.019,1.056,1,1100
188363694,-1.098,2.866,-0.183,-0.129,-0.008,1.009,1,1100
188364202,-1.098,2.866,-0.183,-0.072,-0.001,0.981,1,1100
188365694,-0.854,0.854,-0.122,0.013,-0.025,1.049,1,1100
188366208,-0.854,0.854,-0.122,0.013,-0.025,1.049,1,1100
188367694,-0.549,-0.122,0.244,0.130,0.092,1.032,1,1100
188368208,-0.671,0.854,0.732,0.094,0.104,1.070,1,1100
188369694,-0.732,1.768,0.366,0.053,0.075,1.053,1,1100
188370202,-1.037,2.683,0.122,-0.055,0.018,1.051,1,1100
188371694,-1.646,2.622,-0.122,-0.114,-0.014,1.013,1,1100
188372209,-1.646,2.622,-0.122,-0.114,-0.014,1.013,1,1100
188373694,-1.037,0.976,-0.549,-0.009,-0.017,1.090,1,1100
188374209,-0.610,0.305,-0.488,0.069,0.011,1.003,1,1100
188375694,-0.366,-0.427,0.366,0.119,0.093,1.077,1,1100
188376209,-0.488,0.427,0.671,0.104,0.095,1.034,1,1100
188377694,-0.976,2.683,0.122,-0.079,0.020,1.040,1,1100
188378208,-0.976,2.683,0.122,-0.079,0.020,1.040,1,1100
188379694,-1.768,2.866,-0.366,-0.145,-0.013,1.016,1,1100
188380208,-1.341,1.890,-0.183,-0.145,-0.013,1.016,1,1100
188381694,-1.402,0.793,-0.122,-0.030,-0.017,1.089,1,1100
188382205,-0.793,-0.061,-0.183,0.092,-0.005,0.990,1,1100
188383694,-0.610,-0.244,0.305,0.092,0.093,1.113,1,1100
188384205,-0.366,0.305,0.732,0.135,0.099,1.026,1,1100
188385694,-0.732,2.561,0.549,-0.027,0.013,0.984,1,1100
188386207,-0.732,2.561,0.549,-0.027,0.013,0.984,1,1100
188387694,-1.524,2.988,-0.305,-0.108,-0.030,1.043,1,1100
188388208,-1.280,2.317,-0.427,-0.081,0.014,0.978,1,1100
188389694,-1.159,1.402,-0.549,-0.030,-0.051,1.060,1,1100
188390209,-0.732,0.305,-0.183,0.058,0.029,1.009,1,1100
188391694,-0.671,0.000,0.793,0.121,0.130,1.034,1,1100
188392209,-0.671,0.000,0.793,0.121,0.130,1.034,1,1100
188393694,-0.976,2.622,0.244,-0.022,0.059,0.995,1,1100
188394208,-1.098,3.171,0.061,-0.022,0.059,0.995,1,1100
188395694,-1.402,3.049,-0.061,-0.107,0.012,0.994,1,1100
188396209,-1.341,2.439,-0.122,-0.087,-0.005,1.021,1,1100
188397694,-0.671,0.427,-0.244,-0.018,-0.024,1.036,1,1100
188398208,-0.671,0.427,-0.244,0.030,0.007,1.054,1,1100
188399694,-0.671,0.122,1.037,0.131,0.123,1.055,1,1100
188400208,-0.671,0.122,1.037,0.131,0.123,1.055,1,1100
188401694,-0.854,2.683,0.488,-0.033,0.042,1.056,1,1100
188402209,-1.402,3.354,0.061,-0.103,-0.008,0.991,1,1100
188403694,-1.463,3.110,0.061,-0.087,0.005,1.065,1,1100
188404207,-1.524,2.317,-0.183,-0.110,-0.020,1.020,1,1100
188405694,-1.037,0.061,0.000,0.027,0.018,1.031,1,1100
188406209,-1.037,0.061,0.000,0.027,0.018,1.031,1,1100
188407694,-0.061,0.122,1.220,0.092,0.123,1.131,1,1100
188408202,-0.244,1.220,1.037,0.065,0.065,1.020,1,1100
188409694,-1.098,2.317,0.305,-0.035,0.034,1.078,1,1100
188410208,-1.159,2.927,-0.122,-0.086,0.016,0.948,1,1100
188411694,-1.463,2.317,0.122,-0.120,0.003,1.002,1,1100
188412205,-1.463,2.317,0.122,-0.120,0.003,1.002,1,1100
188413694,-1.463,0.183,0.183,-0.003,0.033,1.008,1,1100
188414209,-0.732,-0.244,0.793,-0.003,0.033,1.008,1,1100
188415694,-0.732,0.000,1.463,0.090,0.110,1.099,1,1100
188416206,-0.671,1.159,0.793,0.087,0.081,1.028,1,1100
188417694,-1.280,2.439,0.366,-0.053,0.044,1.072,1,1100
188418208,-1.220,3.171,0.183,-0.064,0.013,0.975,1,1100
188419694,-1.402,2.378,-0.061,-0.088,-0.009,0.991,1,1100
188420208,-1.402,2.378,-0.061,-0.088,-0.009,0.991,1,1100
188421694,-1.159,0.427,0.244,0.032,0.010,1.021,1,1100
188422207,-0.488,-0.488,0.854,0.111,0.085,1.040,1,1100
188423694,-0.671,-0.244,1.159,0.117,0.077,1.093,1,1100
188424209,-0.854,1.159,1.098,0.062,0.096,1.042,1,1100
188425694,-0.915,2.988,0.183,-0.061,0.029,0.993,1,1100
188426208,-0.915,2.988,0.183,-0.061,0.029,0.993,1,1100
188427694,-1.220,2.378,0.244,-0.067,-0.005,1.014,1,1100
188428202,-1.159,1.402,-0.061,-0.067,-0.005,1.014,1,1100
188429694,-1.037,0.427,0.122,0.075,-0.008,1.065,1,1100
188430205,-0.671,-0.427,0.671,0.072,0.091,1.070,1,1100
188431694,-0.854,1.220,1.402,0.152,0.094,1.067,1,1100
188432209,-0.854,1.220,1.402,0.014,0.091,1.054,1,1100
188433694,-1.098,3.110,0.427,-0.111,0.018,1.054,1,1100
188434207,-1.098,3.110,0.427,-0.111,0.018,1.054,1,1100
188435694,-1.402,2.012,-0.061,-0.088,0.002,1.073,1,1100
188436208,-1.280,1.220,0.305,-0.038,-0.019,0.996,1,1100
188437694,-0.976,0.488,0.549,0.050,0.013,1.051,1,1100
188438205,-0.427,-0.122,0.854,0.094,0.044,1.021,1,1100
188439694,-1.098,1.037,1.402,0.035,0.093,1.077,1,1100
188440209,-1.098,1.037,1.402,0.035,0.093,1.077,1,1100
188441694,-1.402,2.988,0.549,-0.120,-0.004,1.048,1,1100
188442209,-1.402,2.927,0.427,-0.084,-0.021,0.997,1,1100
188443694,-1.463,2.195,0.305,-0.104,-0.011,1.061,1,1100
188444205,-1.159,1.280,0.427,-0.025,-0.011,0.963,1,1100
188445694,-0.183,-0.366,0.610,0.123,0.060,1.032,1,1100
188446206,-0.183,-0.366,0.610,0.123,0.060,1.032,1,1100
188447694,-0.549,1.037,1.402,0.071,0.093,1.041,1,1100
188448202,-0.549,1.037,1.402,0.071,0.093,1.041,1,1100
188449694,-1.280,3.110,0.610,-0.082,-0.025,1.043,1,1100
188450206,-1.585,3.049,0.000,-0.124,0.009,0.977,1,1100
188451694,-1.585,2.622,0.122,-0.106,-0.020,1.035,1,1100
188452209,-1.341,1.524,0.244,-0.014,-0.005,1.020,1,1100
188453694,-0.488,-0.427,0.915,0.126,0.056,1.029,1,1100
188454209,-0.488,-0.427,0.915,0.126,0.056,1.029,1,1100
188455694,-0.671,1.402,1.341,0.082,0.102,1.064,1,1100
188456205,-1.159,2.317,0.976,-0.021,0.060,1.056,1,1100
188457694,-1.341,2.805,0.488,-0.054,-0.003,1.004,1,1100
188458209,-1.585,2.988,0.061,-0.140,0.000,1.051,1,1100
188459694,-1.159,1.524,-0.061,-0.031,-0.003,1.028,1,1100
188460209,-1.159,1.524,-0.061,-0.031,-0.003,1.028,1,1100
188461694,-0.610,-0.305,0.366,0.114,0.045,1.077,1,1100
188462209,-0.549,0.000,0.854,0.114,0.045,1.077,1,1100
188463694,-0.793,1.159,1.220,0.109,0.092,1.088,1,1100
188464209,-1.159,1.890,0.915,-0.032,0.037,1.021,1,1100
188465694,-1.341,3.354,0.000,-0.059,0.014,0.991,1,1100
188466207,-1.341,3.354,0.000,-0.136,-0.013,1.076,1,1100
188467694,-1.280,1.585,0.000,-0.051,-0.010,1.013,1,1100
188468206,-1.280,1.585,0.000,-0.051,-0.010,1.013,1,1100
188469694,-0.732,-0.305,0.488,0.087,0.043,1.100,1,1100
188470206,-0.610,-0.183,0.976,0.123,0.122,1.062,1,1100
188471696,-0.976,1.037,0.915,0.076,0.099,1.078,1,1100
188472214,-1.037,2.012,0.732,0.021,0.025,1.008,1,1100
188473702,-1.646,3.171,0.061,-0.110,-0.035,1.046,1,1100
188474219,-1.646,3.171,0.061,-0.110,-0.035,1.046,1,1100
188475694,-1.402,1.585,-0.122,-0.042,-0.043,1.011,1,1100
188476212,-0.976,0.671,0.183,0.007,0.006,1.013,1,1100
188477694,-0.549,-0.061,0.427,0.083,0.047,1.086,1,1100
188478209,-0.427,-0.244,1.037,0.150,0.117,1.064,1,1100
188479694,-0.976,2.073,0.854,0.035,0.053,1.025,1,1100
188480208,-0.976,2.073,0.854,0.035,0.053,1.025,1,1100
188481694,-1.524,3.171,-0.061,-0.088,-0.025,1.015,1,1100
188482202,-1.524,3.171,-0.061,-0.088,-0.025,1.015,1,1100
188483694,-1.646,1.646,-0.366,-0.031,-0.020,0.986,1,1100
188484202,-1.341,0.488,-0.244,-0.003,-0.013,1.056,1,1100
188485694,-0.305,-0.366,0.305,0.101,0.040,1.034,1,1100
188486209,-0.305,-0.305,0.793,0.133,0.103,1.099,1,1100
188487694,-0.915,2.256,0.427,0.033,0.064,1.033,1,1100
188488206,-0.915,2.256,0.427,0.033,0.064,1.033,1,1100
188489694,-1.646,3.171,0.183,-0.073,0.002,1.037,1,1100
188490209,-1.646,2.622,-0.244,-0.123,-0.003,1.043,1,1100
188491694,-1.402,1.646,-0.366,-0.031,-0.002,0.951,1,1100
188492209,-1.341,0.732,-0.122,-0.008,-0.035,1.077,1,1100
188493694,-0.549,-0.061,0.671,0.117,0.079,1.104,1,1100
188494208,-0.549,-0.061,0.671,0.117,0.079,1.104,1,1100
188495694,-0.915,2.012,0.488,0.021,0.046,1.068,1,1100
188496206,-1.037,2.744,0.244,0.021,0.046,1.068,1,1100
188497694,-1.220,3.049,-0.122,-0.107,0.005,1.031,1,1100
188498209,-1.341,2.500,-0.244,-0.096,-0.018,1.015,1,1100
188499694,-1.220,0.427,-0.427,-0.061,0.000,1.012,1,1100
188500208,-1.220,0.427,-0.427,0.011,-0.029,1.040,1,1100
188501694,-0.549,-0.366,0.427,0.120,0.085,1.050,1,1100
188502202,-0.549,-0.366,0.427,0.120,0.085,1.050,1,1100
188503694,-0.976,2.012,0.427,-0.012,0.036,1.048,1,1100
188504214,-1.341,2.866,-0.061,-0.061,0.012,1.012,1,1100
188505694,-1.768,3.232,-0.244,-0.147,0.001,1.057,1,1100
188506202,-1.646,2.927,-0.244,-0.058,-0.027,1.004,1,1100
188507694,-1.280,0.732,-0.549,0.023,-0.031,1.028,1,1100
188508202,-1.280,0.732,-0.549,0.023,-0.031,1.028,1,1100
188509694,-0.305,-0.122,0.549,0.140,0.083,0.997,1,1100
188510202,-0.549,0.732,0.732,0.073,0.118,1.089,1,1100
188511694,-0.427,2.012,0.732,0.027,0.061,1.026,1,1100
188512208,-0.793,3.110,0.549,-0.059,0.024,1.023,1,1100
188513694,-1.524,2.500,-0.305,-0.065,-0.016,0.977,1,1100
188514207,-1.524,2.500,-0.305,-0.065,-0.016,0.977,1,1100
188515694,-1.159,0.732,-0.488,0.015,-0.041,1.005,1,1100
188516209,-0.854,0.061,-0.244,0.015,-0.041,1.005,1,1100
188517694,-0.244,-0.244,0.610,0.139,0.097,1.007,1,1100
188518209,-0.732,0.793,0.793,0.062,0.110,1.097,1,1100
188519694,-0.915,2.134,0.549,0.031,0.042,1.006,1,1100
188520207,-1.037,2.622,0.000,-0.081,0.037,1.037,1,1100
188521694,-1.280,2.561,-0.366,-0.103,0.000,0.985,1,1100
188522209,-1.280,2.561,-0.366,-0.103,0.000,0.985,1,1100
188523694,-1.098,1.037,-0.305,-0.000,-0.008,1.035,1,1100
188524206,-0.976,-0.061,-0.122,0.091,0.036,1.103,1,1100
188525694,-0.488,-0.610,0.671,0.125,0.105,1.020,1,1100
188526202,-0.793,0.427,0.671,0.076,0.094,1.076,1,1100
188527694,-1.159,2.744,0.122,-0.083,0.022,1.003,1,1100
188528209,-1.159,2.744,0.122,-0.083,0.022,1.003,1,1100
188529694,-1.585,2.744,-0.122,-0.112,-0.008,0.994,1,1100
188530202,-1.524,1.768,-0.122,-0.112,-0.008,0.994,1,1100
188531694,-1.280,0.671,0.000,-0.018,-0.010,1.012,1,1100
188532209,-0.854,-0.183,0.244,0.115,0.020,1.098,1,1100
188533694,-0.610,0.488,0.793,0.099,0.101,1.047,1,1100
188534209,-0.610,0.488,0.793,0.104,0.096,1.052,1,1100
188535694,-1.341,3.171,0.000,-0.047,0.004,0.955,1,1100
188536207,-1.341,3.171,0.000,-0.047,0.004,0.955,1,1100
188537694,-1.524,2.866,-0.366,-0.110,-0.033,0.986,1,1100
188538208,-1.463,1.829,-0.305,-0.059,0.003,1.060,1,1100
188539694,-1.463,0.610,-0.122,-0.006,-0.032,1.008,1,1100
188540205,-0.793,-0.244,0.427,0.107,0.036,1.064,1,1100
188541694,-0.244,0.427,1.037,0.134,0.100,1.056,1,1100
188542202,-0.244,0.427,1.037,0.134,0.100,1.056,1,1100
188543694,-1.037,2.622,0.366,-0.025,0.038,0.968,1,1100
188544209,-1.220,3.049,-0.122,-0.118,-0.010,1.053,1,1100
188545694,-1.280,2.805,-0.183,-0.089,-0.019,0.990,1,1100
188546208,-1.402,2.073,-0.183,-0.092,-0.004,1.078,1,1100
188547694,-0.976,-0.061,0.000,0.056,0.053,1.059,1,1100
188548208,-0.976,-0.061,0.000,0.056,0.053,1.059,1,1100
188549694,-0.549,0.305,0.793,0.073,0.135,1.081,1,1100
188550209,-0.549,0.305,0.793,0.073,0.135,1.081,1,1100
188551694,-0.793,2.622,0.549,-0.064,0.067,0.993,1,1100
188552202,-1.037,3.171,-0.061,-0.113,-0.056,1.036,1,1100
188553694,-1.402,2.866,0.061,-0.089,0.010,0.997,1,1100
188554208,-1.585,2.073,0.000,-0.098,-0.013,1.008,1,1100
188555694,-0.549,-0.122,0.183,0.023,0.041,1.074,1,1100
188556202,-0.549,-0.122,0.183,0.023,0.041,1.074,1,1100
188557694,-0.427,0.488,1.220,0.063,0.120,1.056,1,1100
188558202,-0.854,1.890,0.915,0.071,0.047,1.050,1,1100
188559694,-1.220,2.805,0.549,-0.079,0.053,1.043,1,1100
188560206,-1.402,3.293,0.122,-0.092,-0.012,0.982,1,1100
188561694,-0.915,1.829,0.122,-0.085,-0.033,0.969,1,1100
188562209,-0.915,1.829,0.122,-0.085,-0.033,0.969,1,1100
188563694,-0.305,0.366,0.366,0.034,0.026,1.044,1,1100
188564209,-0.244,-0.122,0.854,0.034,0.026,1.044,1,1100
188565694,-0.427,0.488,0.793,0.069,0.088,1.066,1,1100
188566209,-0.549,1.524,0.854,0.056,0.075,1.041,1,1100
188567694,-1.280,3.171,0.244,-0.076,0.019,1.049,1,1100
188568209,-1.280,3.171,0.244,-0.082,0.018,0.994,1,1100
188569694,-1.463,2.012,0.244,-0.065,0.010,0.946,1,1100
188570208,-1.463,2.012,0.244,-0.065,0.010,0.946,1,1100
188571694,-0.671,-0.061,0.061,0.062,0.020,1.020,1,1100
188572208,-0.488,-0.183,0.915,0.115,0.100,1.084,1,1100
188573694,-0.610,0.549,1.280,0.105,0.084,1.040,1,1100
188574205,-0.732,1.829,1.098,0.038,0.072,1.048,1,1100
188575694,-1.037,2.866,0.427,-0.089,0.007,1.014,1,1100
188576208,-1.037,2.866,0.427,-0.089,0.007,1.014,1,1100
188577694,-1.463,1.768,-0.061,-0.083,0.021,0.985,1,1100
188578205,-1.220,0.976,-0.244,-0.022,-0.033,1.069,1,1100
188579694,-0.854,0.061,0.488,0.071,0.043,1.037,1,1100
188580209,-0.488,-0.183,0.976,0.099,0.097,1.083,1,1100
188581694,-0.854,1.829,1.220,0.016,0.074,1.058,1,1100
188582207,-0.854,1.829,1.220,0.016,0.074,1.058,1,1100
188583694,-1.159,3.171,0.366,-0.138,0.023,1.036,1,1100
188584202,-1.159,3.171,0.366,-0.138,0.023,1.036,1,1100
188585694,-1.524,2.073,0.244,-0.096,0.022,1.006,1,1100
188586209,-1.280,1.159,0.183,-0.012,-0.030,1.038,1,1100
188587694,-1.037,0.061,0.000,0.074,0.020,1.068,1,1100
188588206,-0.549,-0.244,0.732,0.103,0.098,1.046,1,1100
188589694,-0.671,1.585,1.037,-0.011,0.085,1.061,1,1100
188590209,-0.671,1.585,1.037,-0.011,0.085,1.061,1,1100
188591694,-1.341,2.805,0.305,-0.149,0.023,0.993,1,1100
188592205,-1.341,3.049,0.305,-0.065,-0.029,1.030,1,1100
188593694,-1.402,2.134,0.427,-0.105,0.000,1.034,1,1100
188594205,-1.037,1.037,0.244,-0.011,-0.033,1.026,1,1100
188595694,-0.488,-0.305,0.793,0.121,0.087,1.041,1,1100
188596205,-0.488,-0.305,0.793,0.121,0.087,1.041,1,1100
188597694,-0.427,1.463,1.098,0.050,0.069,1.046,1,1100
188598209,-0.915,2.439,0.671,0.050,0.069,1.046,1,1100
188599694,-1.037,2.866,0.366,-0.108,-0.009,1.008,1,1100
188600202,-1.280,3.049,0.488,-0.083,0.005,1.007,1,1100
188601694,-1.402,0.854,0.122,-0.094,0.002,1.016,1,1100
188602209,-1.402,0.854,0.122,-0.013,-0.020,1.084,1,1100
188603694,-0.488,-0.244,0.915,0.109,0.089,1.052,1,1100
188604205,-0.488,-0.244,0.915,0.109,0.089,1.052,1,1100
188605694,-0.976,1.402,1.280,0.081,0.071,1.068,1,1100
188606208,-1.220,2.805,0.793,-0.078,0.038,1.038,1,1100
188607694,-1.280,3.110,0.183,-0.067,-0.001,1.009,1,1100
188608209,-1.463,3.110,0.000,-0.122,0.003,1.031,1,1100
188609701,-1.098,1.220,-0.061,-0.046,0.006,1.082,1,1100
188610223,-1.098,1.220,-0.061,-0.046,0.006,1.082,1,1100
188611696,-0.366,-0.244,0.610,0.097,0.100,1.097,1,1100
188612206,-0.305,0.244,1.159,0.114,0.078,1.011,1,1100
188613694,-0.854,1.341,0.732,0.046,0.092,1.115,1,1100
188614205,-1.098,2.500,0.366,-0.033,0.021,1.004,1,1100
188615694,-1.402,2.988,-0.122,-0.125,-0.024,1.049,1,1100
188616209,-1.402,2.988,-0.122,-0.125,-0.024,1.049,1,1100
188617694,-1.220,1.220,0.000,-0.050,-0.011,1.067,1,1100
188618207,-1.220,1.220,0.000,-0.050,-0.011,1.067,1,1100
188619694,-0.793,-0.305,0.732,0.101,0.078,1.090,1,1100
188620211,-0.488,0.122,1.098,0.130,0.108,1.023,1,1100
188621694,-0.854,1.341,0.854,0.042,0.069,1.107,1,1100
188622202,-1.220,2.561,0.549,-0.028,0.029,0.999,1,1100
188623694,-1.463,3.171,0.427,-0.104,-0.025,1.041,1,1100
188624207,-1.463,3.171,0.427,-0.104,-0.025,1.041,1,1100
188625694,-1.646,1.220,-0.244,-0.031,-0.051,1.019,1,1100
188626207,-1.098,0.244,0.244,0.047,0.021,1.012,1,1100
188627694,-0.732,-0.244,0.732,0.104,0.069,1.100,1,1100
188628209,-0.610,0.366,1.220,0.120,0.125,1.073,1,1100
188629694,-1.098,2.256,0.366,-0.011,0.049,1.035,1,1100
188630202,-1.098,2.256,0.366,-0.011,0.049,1.035,1,1100
188631694,-1.707,3.110,0.000,-0.087,-0.007,1.025,1,1100
188632208,-1.402,2.378,-0.183,-0.087,-0.007,1.025,1,1100
188633694,-1.098,1.220,-0.061,0.004,-0.052,1.035,1,1100
188634208,-1.037,0.305,-0.122,0.007,0.012,1.021,1,1100
188635694,-0.610,0.061,0.915,0.122,0.055,1.012,1,1100
188636209,-0.610,0.061,0.915,0.099,0.122,1.139,1,1100
188637694,-0.732,2.439,0.488,-0.033,0.055,1.066,1,1100
188638208,-0.732,2.439,0.488,-0.033,0.055,1.066,1,1100
188639694,-1.402,2.988,-0.061,-0.088,-0.003,1.012,1,1100
188640209,-1.646,2.378,-0.122,-0.117,-0.021,1.002,1,1100
188641694,-1.159,1.402,-0.183,-0.005,-0.020,1.040,1,1100
188642205,-0.732,0.671,-0.305,-0.002,-0.001,1.090,1,1100
188643694,-0.488,0.000,0.732,0.096,0.098,1.116,1,1100
188644209,-0.488,0.000,0.732,0.096,0.098,1.116,1,1100
188645694,-0.976,2.317,0.305,-0.025,0.021,1.093,1,1100
188646209,-1.220,3.049,0.061,-0.085,0.023,0.962,1,1100
188647694,-1.585,2.927,0.000,-0.098,-0.016,1.063,1,1100
188648205,-1.524,2.378,-0.183,-0.093,-0.005,1.011,1,1100
188649694,-1.098,0.488,-0.427,0.021,-0.010,1.066,1,1100
188650209,-1.098,0.488,-0.427,0.021,-0.010,1.066,1,1100
188651694,-0.854,-0.061,0.671,0.115,0.071,1.099,1,1100
188652209,-0.854,-0.061,0.671,0.115,0.071,1.099,1,1100
188653694,-1.220,2.256,0.305,-0.027,0.011,1.087,1,1100
188654209,-1.220,2.927,0.122,-0.075,0.027,0.978,1,1100
188655694,-1.463,2.927,-0.183,-0.137,-0.024,1.060,1,1100
188656208,-1.159,2.134,-0.061,-0.049,-0.003,1.012,1,1100
188657694,-0.793,0.305,-0.061,0.052,-0.006,1.043,1,1100
188658209,-0.793,0.305,-0.061,0.052,-0.006,1.043,1,1100
188659694,-0.610,-0.061,0.976,0.129,0.099,1.082,1,1100
188660207,-0.854,1.159,0.915,0.052,0.099,1.066,1,1100
188661694,-1.098,2.256,0.549,-0.015,0.042,1.011,1,1100
188662209,-1.707,3.049,-0.122,-0.075,0.021,1.044,1,1100
188663694,-1.707,2.317,-0.305,-0.073,-0.000,1.045,1,1100
188664209,-1.707,2.317,-0.305,-0.073,-0.000,1.045,1,1100
188665694,-0.976,0.549,-0.244,0.050,-0.010,1.052,1,1100
188666207,-0.549,-0.122,0.427,0.050,-0.010,1.052,1,1100
188667694,-0.244,0.000,0.915,0.160,0.099,1.062,1,1100
188668206,-0.854,0.915,1.037,0.037,0.089,1.091,1,1100
188669694,-1.463,2.866,-0.122,0.010,0.047,0.993,1,1100
188670209,-1.463,2.866,-0.122,-0.089,0.007,1.046,1,1100
188671694,-1.768,2.439,-0.488,-0.100,-0.003,1.072,1,1100
188672209,-1.768,2.439,-0.488,-0.100,-0.003,1.072,1,1100
188673694,-1.220,0.549,-0.244,0.044,-0.014,1.055,1,1100
188674202,-0.854,-0.183,0.122,0.097,0.052,1.052,1,1100
188675694,-0.793,0.000,0.793,0.130,0.100,1.092,1,1100
188676207,-0.854,1.098,1.037,0.048,0.062,1.070,1,1100
188677698,-0.854,3.110,0.183,-0.088,-0.015,1.022,1,1100
188678220,-0.854,3.110,0.183,-0.088,-0.015,1.022,1,1100
188679701,-0.793,2.439,-0.488,-0.106,-0.013,1.051,1,1100
188680228,-0.915,1.402,-0.305,-0.029,0.001,0.972,1,1100
188681694,-0.793,0.366,-0.488,0.002,-0.006,1.036,1,1100
188682207,-0.549,-0.183,0.122,0.125,0.033,1.071,1,1100
188683694,-0.549,1.159,0.976,0.105,0.059,1.065,1,1100
188684209,-0.549,1.159,0.976,0.105,0.059,1.065,1,1100
188685694,-0.915,3.171,0.061,-0.046,-0.035,0.990,1,1100
188686205,-0.915,3.171,0.061,-0.046,-0.035,0.990,1,1100
188687694,-1.098,2.622,-0.183,-0.094,-0.007,1.026,1,1100
188688208,-1.037,1.280,-0.122,-0.033,-0.012,1.050,1,1100
188689694,-0.854,0.305,-0.122,0.003,-0.004,1.009,1,1100
188690209,-0.671,-0.427,0.122,0.121,0.043,1.059,1,1100
188691694,-0.549,1.037,1.098,0.106,0.083,1.086,1,1100
188692208,-0.549,1.037,1.098,0.106,0.083,1.086,1,1100
188693694,-1.159,2.988,0.061,-0.045,0.019,0.999,1,1100
188694205,-1.524,3.110,0.122,-0.119,-0.017,1.066,1,1100
188695694,-1.463,2.378,0.244,-0.081,-0.008,0.982,1,1100
188696205,-1.585,1.402,-0.183,-0.065,-0.025,1.030,1,1100
188697694,-0.488,-0.122,0.366,0.091,0.048,1.072,1,1100
188698208,-0.488,-0.122,0.366,0.091,0.048,1.072,1,1100
188699694,-0.488,1.341,1.220,0.078,0.085,1.074,1,1100
188700202,-0.793,2.195,0.610,0.078,0.085,1.074,1,1100
188701694,-0.976,2.927,0.366,-0.089,0.021,1.030,1,1100
188702207,-1.463,3.232,0.183,-0.120,-0.024,1.019,1,1100
188703694,-1.341,1.585,0.244,-0.085,0.030,1.019,1,1100
188704202,-1.341,1.585,0.244,-0.042,-0.052,1.028,1,1100
188705694,-0.610,-0.122,0.366,0.083,0.039,1.053,1,1100
188706207,-0.610,-0.122,0.366,0.083,0.039,1.053,1,1100
188707694,-0.366,0.549,1.098,0.058,0.091,1.090,1,1100
188708209,-0.732,2.134,0.671,0.032,0.041,1.026,1,1100
188709694,-1.220,2.988,0.366,-0.116,0.024,1.046,1,1100
188710209,-1.280,3.354,0.183,-0.069,-0.016,1.019,1,1100
188711694,-0.793,1.646,-0.061,-0.034,-0.046,0.996,1,1100
188712209,-0.793,1.646,-0.061,-0.034,-0.046,0.996,1,1100
188713694,-0.610,-0.305,0.427,0.095,0.041,1.049,1,1100
188714206,-0.732,0.000,0.976,0.129,0.115,1.075,1,1100
188715694,-0.732,1.159,1.037,0.049,0.084,1.037,1,1100
188716208,-1.159,2.378,0.854,0.040,0.047,1.057,1,1100
188717694,-1.220,3.415,0.183,-0.075,-0.008,1.038,1,1100
188718209,-1.220,3.415,0.183,-0.075,-0.008,1.038,1,1100
188719694,-1.159,1.585,0.183,-0.021,-0.023,0.959,1,1100
188720209,-1.159,1.585,0.183,-0.021,-0.023,0.959,1,1100
188721694,-0.549,0.061,0.488,0.105,0.045,1.032,1,1100
188722202,-0.610,-0.061,0.976,0.110,0.113,1.125,1,1100
188723694,-0.732,0.549,0.976,0.095,0.091,1.015,1,1100
188724205,-0.976,1.951,0.610,-0.005,0.046,1.071,1,1100
188725694,-1.402,3.049,0.305,-0.113,0.014,1.045,1,1100
188726214,-1.402,3.049,0.305,-0.113,0.014,1.045,1,1100
188727694,-1.341,1.829,-0.061,-0.062,0.019,1.005,1,1100
188728209,-1.098,0.854,-0.305,0.016,-0.043,1.068,1,1100
188729694,-0.427,-0.122,0.183,0.088,0.073,1.012,1,1100
188730207,-0.549,0.183,0.976,0.117,0.083,1.065,1,1100
188731694,-0.671,1.890,0.854,0.002,0.027,1.076,1,1100
188732209,-0.671,1.890,0.854,0.002,0.027,1.076,1,1100
188733694,-1.159,3.293,0.488,-0.118,-0.023,1.052,1,1100
188734208,-1.463,2.561,0.427,-0.118,-0.023,1.052,1,1100
188735694,-1.463,1.829,0.244,-0.070,0.006,1.008,1,1100
188736208,-1.220,0.793,0.244,0.019,-0.038,1.017,1,1100
188737694,-0.366,-0.122,1.280,0.065,0.062,1.099,1,1100
188738209,-0.366,-0.122,1.280,0.148,0.076,1.024,1,1100
188739703,-0.732,2.195,1.098,0.011,0.033,1.031,1,1100
188740226,-0.732,2.195,1.098,0.011,0.033,1.031,1,1100
188741697,-1.402,3.049,0.305,-0.120,-0.022,1.032,1,1100
188742214,-1.646,2.744,0.305,-0.078,-0.001,0.985,1,1100
188743694,-1.524,1.768,-0.183,-0.082,-0.001,1.033,1,1100
188744214,-1.341,0.793,-0.122,0.032,-0.021,1.003,1,1100
188745694,-0.305,-0.122,1.098,0.144,0.098,1.001,1,1100
188746205,-0.305,-0.122,1.098,0.144,0.098,1.001,1,1100
188747694,-1.037,1.707,0.793,0.028,0.061,1.004,1,1100
188748202,-1.585,2.683,0.610,-0.073,0.022,1.047,1,1100
188749694,-1.585,3.171,0.305,-0.095,-0.013,1.032,1,1100
188750209,-1.646,2.744,0.061,-0.096,-0.011,1.005,1,1100
188751694,-1.098,0.732,0.244,-0.074,-0.013,1.026,1,1100
188752202,-1.098,0.732,0.244,0.022,0.000,1.007,1,1100
188753694,-0.549,-0.061,1.098,0.125,0.106,1.022,1,1100
188754208,-0.549,-0.061,1.098,0.125,0.106,1.022,1,1100
188755694,-1.098,1.646,0.976,0.030,0.069,1.031,1,1100
188756206,-1.037,2.439,0.549,-0.083,-0.017,1.008,1,1100
188757694,-1.585,2.927,0.366,-0.090,0.005,1.030,1,1100
188758209,-1.646,2.805,0.061,-0.117,-0.020,0.979,1,1100
188759694,-0.854,0.671,0.183,-0.009,-0.013,1.042,1,1100
188760208,-0.854,0.671,0.183,-0.009,-0.013,1.042,1,1100
188761694,-0.427,-0.183,1.037,0.092,0.109,1.021,1,1100
188762209,-0.671,0.549,1.037,0.125,0.078,1.065,1,1100
188763694,-0.976,1.768,0.732,-0.005,0.080,1.077,1,1100
188764208,-1.280,2.866,0.549,-0.051,-0.002,0.979,1,1100
188765694,-1.463,2.866,-0.427,-0.105,-0.037,0.990,1,1100
188766208,-1.463,2.866,-0.427,-0.105,-0.037,0.990,1,1100
188767694,-1.280,0.610,-0.061,-0.022,-0.038,0.999,1,1100
188768209,-0.793,-0.183,0.183,-0.022,-0.038,0.999,1,1100
188769694,-0.549,-0.244,0.793,0.092,0.094,1.047,1,1100
188770202,-0.427,0.793,1.098,0.123,0.125,1.050,1,1100
188771694,-0.671,2.500,0.610,0.000,0.055,1.098,1,1100
188772207,-0.671,2.500,0.610,-0.034,0.024,0.966,1,1100
188773694,-1.159,2.683,0.305,-0.095,-0.017,0.981,1,1100
188774214,-1.159,2.683,0.305,-0.095,-0.017,0.981,1,1100
188775694,-1.341,0.915,0.000,0.017,-0.041,0.980,1,1100
188776209,-0.976,-0.305,0.183,0.046,0.038,1.067,1,1100
188777694,-0.671,-0.305,0.854,0.149,0.087,1.034,1,1100
188778202,-0.610,0.488,1.159,0.092,0.124,1.089,1,1100
188779694,-1.159,2.683,0.549,-0.048,0.036,0.998,1,1100
188780209,-1.159,2.683,0.549,-0.048,0.036,0.998,1,1100
188781694,-1.220,2.622,0.000,-0.097,0.015,0.991,1,1100
188782202,-1.524,1.768,-0.183,-0.060,-0.018,1.017,1,1100
188783694,-1.341,0.793,-0.488,0.005,-0.006,1.004,1,1100
188784209,-0.671,0.000,-0.122,0.041,0.022,1.070,1,1100
188785694,-0.610,0.305,0.854,0.142,0.101,1.057,1,1100
188786209,-0.610,0.305,0.854,0.067,0.119,1.082,1,1100
188787694,-1.098,2.744,0.549,-0.080,0.047,1.036,1,1100
188788205,-1.098,2.744,0.549,-0.080,0.047,1.036,1,1100
188789694,-1.463,2.866,0.000,-0.109,-0.001,1.014,1,1100
188790207,-1.341,2.073,-0.305,-0.086,-0.024,0.987,1,1100
188791694,-1.280,1.098,-0.305,0.017,-0.010,1.098,1,1100
188792208,-0.915,-0.061,-0.122,0.052,0.022,1.059,1,1100
188793694,-0.732,0.427,0.976,0.081,0.094,1.042,1,1100
188794209,-0.732,0.427,0.976,0.081,0.094,1.042,1,1100
188795694,-1.220,2.622,0.244,-0.095,0.033,1.056,1,1100
188796202,-1.159,3.110,0.183,-0.083,-0.011,0.991,1,1100
188797694,-1.646,2.927,0.000,-0.126,-0.004,1.059,1,1100
188798206,-1.402,1.951,-0.305,-0.059,-0.010,0.969,1,1100
188799694,-0.915,0.061,0.122,0.077,0.023,1.022,1,1100
188800209,-0.915,0.061,0.122,0.077,0.023,1.022,1,1100
188801694,-0.610,0.366,0.488,0.103,0.093,1.053,1,1100
188802209,-0.793,1.829,0.488,0.103,0.093,1.053,1,1100
188803694,-1.037,2.805,0.244,-0.066,0.010,1.046,1,1100
188804206,-0.915,2.927,0.183,-0.096,0.002,1.036,1,1100
188805694,-0.915,2.073,0.000,-0.112,-0.032,1.010,1,1100
188806207,-0.915,2.073,0.000,-0.076,0.017,0.956,1,1100
188807694,-0.366,-0.183,0.183,0.088,0.034,1.083,1,1100
188808209,-0.366,-0.183,0.183,0.088,0.034,1.083,1,1100
188809694,-0.854,0.244,0.976,0.128,0.097,1.042,1,1100
188810207,-1.159,1.402,0.549,0.018,0.075,1.046,1,1100
188811694,-1.585,2.866,0.427,-0.030,0.012,1.023,1,1100
188812208,-1.402,3.171,0.183,-0.115,0.003,1.030,1,1100
188813694,-1.585,1.890,0.000,-0.086,0.015,1.056,1,1100
188814209,-1.585,1.890,0.000,-0.086,0.015,1.056,1,1100
188815694,-0.732,0.000,0.122,0.073,0.032,1.045,1,1100
188816209,-0.366,-0.427,0.549,0.095,0.076,1.045,1,1100
188817694,-0.488,0.488,1.037,0.130,0.124,1.087,1,1100
188818205,-0.793,1.646,0.610,0.002,0.074,1.067,1,1100
188819694,-1.341,2.866,0.000,-0.016,0.032,1.034,1,1100
188820207,-1.341,2.866,0.000,-0.134,0.009,1.016,1,1100
188821694,-1.646,1.951,-0.061,-0.123,0.023,1.024,1,1100
188822205,-1.646,1.951,-0.061,-0.123,0.023,1.024,1,1100
188823694,-0.915,0.061,0.000,0.039,0.039,1.064,1,1100
188824208,-0.488,-0.183,0.305,0.135,0.074,1.029,1,1100
188825694,-0.915,0.488,0.854,0.106,0.100,1.084,1,1100
188826208,-0.854,1.768,0.793,0.035,0.060,1.057,1,1100
188827694,-1.402,3.171,0.244,-0.113,-0.012,0.997,1,1100
188828205,-1.402,3.171,0.244,-0.113,-0.012,0.997,1,1100
188829694,-1.646,2.134,0.000,-0.104,0.001,1.017,1,1100
188830208,-1.341,0.976,0.366,0.003,-0.021,1.059,1,1100
188831694,-1.159,0.183,0.305,0.055,0.018,1.018,1,1100
188832208,-0.732,-0.183,0.366,0.129,0.103,1.068,1,1100
188833694,-0.610,1.524,0.671,0.062,0.081,1.070,1,1100
188834206,-0.610,1.524,0.671,0.062,0.081,1.070,1,1100
188835694,-1.280,3.049,0.122,-0.074,-0.002,1.008,1,1100
188836208,-1.402,2.988,0.061,-0.074,-0.002,1.008,1,1100
188837694,-1.585,2.073,-0.061,-0.057,-0.004,0.984,1,1100
188838205,-1.159,1.159,0.183,-0.032,-0.011,1.092,1,1100
188839694,-0.122,-0.122,0.732,0.074,-0.008,1.007,1,1100
188840209,-0.122,-0.122,0.732,0.092,0.092,1.108,1,1100
188841694,-0.793,1.524,0.915,0.061,0.067,1.102,1,1100
188842208,-0.793,1.524,0.915,0.061,0.067,1.102,1,1100
188843694,-1.585,3.049,0.061,-0.083,-0.002,1.037,1,1100
188844205,-1.646,2.744,0.183,-0.140,-0.012,1.026,1,1100
188845694,-1.341,2.134,0.183,-0.054,-0.005,0.994,1,1100
188846208,-1.280,0.854,0.000,-0.039,-0.007,1.065,1,1100
188847694,-0.732,-0.244,0.427,0.105,0.078,1.134,1,1100
188848207,-0.732,-0.244,0.427,0.105,0.078,1.134,1,1100
188849694,-0.854,1.585,1.037,0.031,0.078,1.115,1,1100
188850209,-0.976,2.500,0.732,-0.024,0.026,0.995,1,1100
188851694,-1.341,3.354,0.183,-0.109,-0.012,1.038,1,1100
188852209,-1.098,2.927,0.061,-0.120,-0.011,1.032,1,1100
188853694,-1.341,1.341,0.000,-0.078,0.011,1.031,1,1100
188854205,-1.341,1.341,0.000,-0.021,-0.058,1.051,1,1100
188855694,-0.366,0.061,0.488,0.134,0.059,1.109,1,1100
188856207,-0.366,0.061,0.488,0.134,0.059,1.109,1,1100
188857694,-0.732,1.524,0.793,0.037,0.044,1.107,1,1100
188858208,-1.098,2.439,0.610,-0.027,0.062,1.014,1,1100
188859694,-1.646,3.110,0.183,-0.097,-0.010,1.020,1,1100
188860208,-1.341,2.866,0.183,-0.099,-0.001,1.009,1,1100
188861694,-1.037,0.976,0.183,0.013,-0.041,1.039,1,1100
188862207,-1.037,0.976,0.183,0.013,-0.041,1.039,1,1100
188863694,-0.366,0.061,0.793,0.143,0.041,1.081,1,1100
188864208,-0.305,0.305,1.280,0.101,0.146,1.077,1,1100
188865694,-0.549,1.646,1.037,0.077,0.050,1.043,1,1100
188866202,-0.671,2.622,0.793,-0.051,0.053,1.059,1,1100
188867694,-1.341,3.110,0.366,-0.113,-0.002,1.052,1,1100
188868209,-1.341,3.110,0.366,-0.113,-0.002,1.052,1,1100
188869694,-1.220,0.915,0.122,0.004,-0.029,1.048,1,1100
188870202,-0.915,0.122,0.183,0.004,-0.029,1.048,1,1100
188871694,-0.549,-0.488,0.793,0.152,0.070,1.046,1,1100
188872205,-0.610,-0.122,1.280,0.094,0.118,1.099,1,1100
188873694,-1.159,2.195,0.549,0.081,0.078,1.044,1,1100
188874208,-1.159,2.195,0.549,-0.058,0.035,1.082,1,1100
188875694,-1.341,2.927,-0.183,-0.102,-0.025,1.058,1,1100
188876209,-1.341,2.927,-0.183,-0.102,-0.025,1.058,1,1100
188877694,-1.341,1.159,-0.061,-0.021,-0.040,1.077,1,1100
188878208,-1.220,0.366,0.244,0.046,0.015,1.011,1,1100
188879694,-0.854,-0.305,0.854,0.104,0.094,1.045,1,1100
188880207,-0.976,0.122,1.402,0.123,0.081,1.083,1,1100
188881694,-1.524,2.622,0.610,-0.051,0.007,1.080,1,1100
188882209,-1.524,2.622,0.610,-0.051,0.007,1.080,1,1100
188883694,-1.646,3.171,0.183,-0.116,-0.033,1.034,1,1100
188884209,-1.585,2.500,0.366,-0.070,0.002,0.971,1,1100
188885694,-1.402,1.341,0.183,-0.055,-0.020,1.046,1,1100
188886207,-0.976,0.366,0.488,0.078,0.009,1.056,1,1100
188887694,-0.793,0.244,1.098,0.085,0.088,1.062,1,1100
188888209,-0.793,0.244,1.098,0.167,0.083,1.057,1,1100
188889694,-0.976,2.622,0.488,-0.008,0.010,1.047,1,1100
188890206,-0.976,2.622,0.488,-0.008,0.010,1.047,1,1100
188891694,-1.341,2.988,0.000,-0.077,-0.033,1.026,1,1100
188892207,-1.280,2.317,0.122,-0.079,0.001,1.016,1,1100
188893694,-1.159,1.280,-0.183,-0.065,-0.019,1.007,1,1100
188894209,-1.037,0.305,0.183,0.059,0.001,1.083,1,1100
188895697,-0.610,-0.122,1.159,0.174,0.114,1.070,1,1100
188896216,-0.610,-0.122,1.159,0.174,0.114,1.070,1,1100
188897699,-0.976,2.378,0.610,0.015,0.030,1.009,1,1100
188898215,-1.098,2.927,0.183,-0.125,0.005,1.038,1,1100
188899695,-1.098,2.927,0.305,-0.080,-0.026,1.013,1,1100
188900213,-1.646,2.134,0.122,-0.098,0.018,1.048,1,1100
188901694,-0.732,0.305,0.183,0.021,0.000,1.044,1,1100
188902205,-0.732,0.305,0.183,0.021,0.000,1.044,1,1100
188903694,-0.061,0.122,1.159,0.118,0.112,1.090,1,1100
188904208,-0.366,1.524,1.037,0.118,0.112,1.090,1,1100
188905694,-0.610,2.622,0.732,-0.027,0.051,1.043,1,1100
188906208,-1.220,3.171,0.305,-0.080,-0.020,1.018,1,1100
188907694,-1.707,2.439,0.366,-0.125,-0.002,0.997,1,1100
188908209,-1.707,2.439,0.366,-0.090,-0.015,1.044,1,1100
188909694,-1.220,0.549,0.122,0.022,-0.006,1.049,1,1100
188910209,-1.220,0.549,0.122,0.022,-0.006,1.049,1,1100
188911694,-0.610,0.244,1.098,0.097,0.105,1.085,1,1100
188912209,-0.732,1.280,1.159,0.080,0.100,1.059,1,1100
188913694,-0.915,2.256,0.488,-0.028,0.038,1.041,1,1100
188914202,-1.098,2.866,0.061,-0.062,0.009,1.000,1,1100
188915694,-1.037,2.378,-0.244,-0.087,0.007,1.010,1,1100
188916209,-1.037,2.378,-0.244,-0.087,0.007,1.010,1,1100
188917694,-0.915,0.549,-0.183,0.043,-0.019,1.003,1,1100
188918208,-0.549,-0.244,0.305,0.105,0.077,1.059,1,1100
188919694,-0.427,0.061,0.915,0.119,0.103,1.083,1,1100
188920202,-0.488,1.098,0.854,0.067,0.097,1.080,1,1100
188921694,-1.341,3.171,0.061,-0.041,0.028,1.028,1,1100
188922202,-1.341,3.171,0.061,-0.058,-0.000,1.036,1,1100
188923694,-1.098,2.683,-0.183,-0.074,-0.005,0.973,1,1100
188924202,-1.098,2.683,-0.183,-0.074,-0.005,0.973,1,1100
188925694,-0.854,0.305,-0.183,0.055,-0.006,1.073,1,1100
188926208,-0.610,-0.305,-0.122,0.089,0.062,1.059,1,1100
188927694,-0.427,-0.122,0.366,0.131,0.107,1.036,1,1100
188928209,-0.732,0.915,0.793,0.052,0.092,1.083,1,1100
188929694,-0.915,2.988,0.122,-0.088,0.020,1.030,1,1100
188930209,-0.915,2.988,0.122,-0.088,0.020,1.030,1,1100
188931694,-1.280,2.256,-0.183,-0.080,-0.007,1.038,1,1100
188932209,-1.341,1.159,-0.305,-0.060,-0.023,0.978,1,1100
188933694,-0.793,0.305,-0.061,0.041,0.001,1.081,1,1100
188934209,-0.366,-0.183,0.122,0.095,0.053,1.056,1,1100
188935694,-0.671,0.976,0.854,0.027,0.070,1.044,1,1100
188936209,-0.671,0.976,0.854,0.027,0.070,1.044,1,1100
188937694,-1.159,2.805,0.427,-0.106,0.029,1.011,1,1100
188938205,-1.463,2.988,0.000,-0.106,0.029,1.011,1,1100
188939694,-1.463,2.195,-0.061,-0.119,0.004,1.055,1,1100
188940209,-1.098,1.402,-0.366,-0.004,-0.042,0.975,1,1100
188941694,-0.488,0.000,0.122,-0.004,0.003,1.060,1,1100
188942209,-0.488,0.000,0.122,0.102,0.062,1.010,1,1100
188943694,-0.915,1.280,0.854,0.067,0.069,1.007,1,1100
188944205,-0.915,1.280,0.854,0.067,0.069,1.007,1,1100
188945694,-1.646,3.049,-0.061,-0.112,0.004,0.992,1,1100
188946208,-1.463,3.171,-0.244,-0.077,-0.007,1.012,1,1100
188947694,-1.768,2.439,-0.305,-0.135,-0.011,1.062,1,1100
188948209,-1.220,1.524,-0.244,-0.013,-0.029,0.980,1,1100
188949694,-0.305,-0.244,0.244,0.124,0.058,0.971,1,1100
188950205,-0.305,-0.244,0.244,0.124,0.058,0.971,1,1100
188951689,-0.427,0.732,0.610,0.086,0.106,0.998,1,1100
188952197,-0.854,2.073,0.366,0.086,0.106,0.998,1,1100
188953694,-1.098,2.805,0.122,-0.105,0.051,0.958,1,1100
188954207,-1.585,3.293,0.305,-0.082,-0.016,1.064,1,1100
188955694,-1.463,1.585,-0.183,-0.099,-0.003,1.023,1,1100
188956209,-1.463,1.585,-0.183,-0.029,-0.017,0.949,1,1100
188957694,-0.488,-0.122,0.366,0.102,0.067,1.029,1,1100
188958202,-0.488,-0.122,0.366,0.102,0.067,1.029,1,1100
188959694,-0.488,0.854,1.159,0.073,0.123,1.015,1,1100
188960209,-1.159,2.256,0.488,-0.001,0.018,1.074,1,1100
188961694,-0.976,2.805,0.183,-0.079,0.042,0.976,1,1100
188962209,-1.280,2.805,-0.061,-0.128,-0.030,1.034,1,1100
188963694,-1.037,1.524,-0.549,-0.045,-0.020,1.015,1,1100
188964208,-1.037,1.524,-0.549,-0.045,-0.020,1.015,1,1100
188965694,-0.488,-0.061,0.427,0.079,0.057,1.058,1,1100
188966205,-0.488,0.061,0.549,0.142,0.094,1.086,1,1100
188967694,-0.793,1.159,0.671,0.073,0.105,1.066,1,1100
188968208,-0.793,2.439,0.427,-0.005,0.021,1.029,1,1100
188969694,-1.402,3.049,-0.305,-0.106,-0.030,1.022,1,1100
188970202,-1.402,3.049,-0.305,-0.106,-0.030,1.022,1,1100
188971694,-1.098,1.646,-0.061,-0.057,-0.021,0.987,1,1100
188972208,-0.793,0.610,-0.061,-0.057,-0.021,0.987,1,1100
188973694,-0.610,-0.244,0.061,0.071,0.058,1.077,1,1100
188974209,-0.732,-0.366,0.854,0.154,0.106,1.047,1,1100
188975694,-0.976,2.195,0.488,0.043,0.092,1.096,1,1100
188976207,-0.976,2.195,0.488,0.010,0.052,0.995,1,1100
188977694,-1.524,2.988,0.061,-0.088,-0.019,0.998,1,1100
188978209,-1.524,2.988,0.061,-0.088,-0.019,0.998,1,1100
188979694,-1.341,1.341,-0.244,-0.056,-0.017,0.999,1,1100
188980209,-0.915,0.488,-0.122,0.028,-0.006,1.070,1,1100
188981694,-0.488,-0.183,0.549,0.099,0.038,1.067,1,1100
188982207,-0.366,0.000,0.671,0.122,0.116,1.034,1,1100
188983694,-0.793,2.317,0.610,0.003,0.078,1.013,1,1100
188984208,-0.793,2.317,0.610,0.003,0.078,1.013,1,1100
188985694,-1.463,3.232,0.183,-0.093,0.006,1.044,1,1100
188986209,-1.341,2.500,0.061,-0.105,-0.028,1.027,1,1100
188987694,-1.585,1.585,0.061,-0.044,-0.003,0.983,1,1100
188988208,-1.220,0.610,-0.122,-0.003,-0.031,1.028,1,1100
188989694,-0.488,-0.244,1.037,0.111,0.051,1.084,1,1100
188990209,-0.488,-0.244,1.037,0.116,0.091,1.050,1,1100
188991694,-0.610,2.134,0.610,-0.002,0.056,1.065,1,1100
188992202,-0.610,2.134,0.610,-0.002,0.056,1.065,1,1100
188993694,-1.768,3.232,-0.061,-0.115,-0.006,1.050,1,1100
188994207,-1.707,2.683,0.061,-0.107,-0.013,0.996,1,1100
188995694,-1.463,1.463,0.122,-0.036,0.000,1.057,1,1100
188996209,-1.098,0.488,0.061,-0.003,-0.023,0.999,1,1100
188997694,-0.610,-0.244,0.915,0.103,0.097,1.048,1,1100
188998209,-0.610,-0.244,0.915,0.103,0.097,1.048,1,1100
188999694,-1.037,2.195,0.610,-0.030,0.053,1.060,1,1100
189000209,-1.037,2.988,0.183,-0.032,0.010,0.979,1,1100
189001694,-1.768,2.988,0.122,-0.111,0.007,1.067,1,1100
189002209,-1.463,2.561,0.244,-0.104,-0.015,0.973,1,1100
189003694,-0.854,0.488,0.122,0.023,-0.028,1.008,1,1100
189004209,-0.854,0.488,0.122,0.023,-0.028,1.008,1,1100
189005694,-0.183,-0.305,1.037,0.135,0.091,0.992,1,1100
189006208,-0.183,0.732,0.915,0.135,0.091,0.992,1,1100
189007694,-0.793,1.829,0.549,0.021,0.042,1.049,1,1100
189008209,-0.976,2.744,0.366,-0.078,0.040,0.982,1,1100
189009694,-1.280,3.171,0.122,-0.110,-0.024,1.072,1,1100
189010208,-1.585,2.683,0.061,-0.088,0.008,0.996,1,1100
189011694,-0.976,0.610,0.122,0.015,-0.008,0.990,1,1100
189012209,-0.976,0.610,0.122,0.015,-0.008,0.990,1,1100
189013689,-0.610,0.061,1.098,0.148,0.096,1.046,1,1100
189014197,-0.732,0.976,1.159,0.062,0.102,1.095,1,1100
189015700,-0.854,2.012,0.854,0.045,0.037,1.035,1,1100
189016225,-1.341,2.561,0.488,-0.077,0.031,1.019,1,1100
189017700,-1.585,2.561,0.000,-0.118,0.009,1.019,1,1100
189018218,-1.585,2.561,0.000,-0.118,0.009,1.019,1,1100
189019694,-1.280,0.610,0.244,0.016,-0.001,1.080,1,1100
189020207,-0.549,-0.183,0.366,0.016,-0.001,1.080,1,1100
189021701,-0.244,-0.183,0.915,0.144,0.101,1.051,1,1100
189022223,-0.549,0.549,1.159,0.062,0.097,1.053,1,1100
189023696,-1.159,2.927,0.305,0.055,0.056,1.045,1,1100
189024205,-1.159,2.927,0.305,-0.093,0.040,1.040,1,1100
189025694,-1.463,2.683,-0.061,-0.127,-0.022,1.047,1,1100
189026206,-1.463,2.683,-0.061,-0.127,-0.022,1.047,1,1100
189027694,-1.159,0.915,0.000,0.005,-0.019,1.072,1,1100
189028206,-0.488,-0.183,0.488,0.079,0.035,1.042,1,1100
189029694,-0.549,-0.305,0.976,0.106,0.092,1.078,1,1100
189030208,-0.366,0.549,1.280,0.088,0.098,1.048,1,1100
189031694,-0.854,2.866,0.549,-0.075,0.021,1.011,1,1100
189032209,-0.854,2.866,0.549,-0.075,0.021,1.011,1,1100
189033694,-1.524,2.378,0.000,-0.102,-0.040,1.013,1,1100
189034209,-1.159,1.402,0.122,-0.062,0.012,0.972,1,1100
189035694,-1.098,0.915,0.122,-0.012,-0.015,1.061,1,1100
189036209,-0.549,0.000,0.488,0.096,0.049,1.084,1,1100
189037694,-0.732,0.366,1.341,0.125,0.099,1.044,1,1100
189038207,-0.732,0.366,1.341,0.125,0.099,1.044,1,1100
189039694,-1.280,2.988,0.427,-0.036,0.013,0.998,1,1100
189040207,-1.402,3.110,-0.061,-0.036,0.013,0.998,1,1100
189041694,-1.402,2.683,-0.122,-0.065,-0.021,1.033,1,1100
189042208,-1.220,1.829,-0.061,-0.086,0.020,1.033,1,1100
189043694,-0.854,0.732,-0.183,0.008,-0.038,1.011,1,1100
189044208,-0.549,-0.244,0.061,0.059,0.052,1.073,1,1100
189045694,-0.976,0.488,1.402,0.106,0.110,1.102,1,1100
189046208,-0.976,0.488,1.402,0.106,0.110,1.102,1,1100
189047694,-1.341,2.744,0.244,-0.031,0.027,1.039,1,1100
189048209,-1.646,2.988,0.305,-0.126,-0.021,1.013,1,1100
189049694,-1.341,2.500,0.000,-0.067,-0.014,1.003,1,1100
189050208,-1.402,1.890,0.122,-0.086,-0.005,1.060,1,1100
189051694,-0.793,0.000,0.122,0.048,0.037,1.112,1,1100
189052209,-0.793,0.000,0.122,0.048,0.037,1.112,1,1100
189053694,-0.488,0.671,0.793,0.098,0.102,1.102,1,1100
189054209,-0.915,1.768,0.732,0.098,0.102,1.102,1,1100
189055694,-1.280,2.805,0.305,-0.044,0.018,1.058,1,1100
189056209,-1.220,3.171,0.305,-0.111,-0.013,0.997,1,1100
189057694,-1.220,1.890,0.366,-0.094,-0.013,0.980,1,1100
189058209,-1.220,1.890,0.366,-0.087,0.006,1.059,1,1100
189059694,-0.793,-0.183,0.305,0.071,0.036,1.062,1,1100
189060205,-0.793,-0.183,0.305,0.071,0.036,1.062,1,1100
189061694,-0.488,0.549,0.915,0.087,0.076,1.076,1,1100
189062202,-0.488,1.707,0.793,0.034,0.073,1.056,1,1100
189063694,-0.976,2.622,0.427,-0.066,0.014,1.018,1,1100
189064208,-1.463,2.988,0.061,-0.066,0.009,1.035,1,1100
189065694,-1.098,1.890,0.183,-0.071,-0.001,0.999,1,1100
189066214,-1.098,1.890,0.183,-0.071,-0.001,0.999,1,1100
189067701,-0.488,0.061,0.244,0.095,0.018,1.035,1,1100
189068223,-0.488,-0.244,0.671,0.093,0.105,1.072,1,1100
189069696,-0.488,0.305,0.915,0.118,0.080,1.029,1,1100
189070217,-1.037,1.463,0.854,0.028,0.090,1.081,1,1100
189071694,-1.707,3.110,-0.122,-0.092,0.020,1.033,1,1100
189072206,-1.707,3.110,-0.122,-0.092,0.020,1.033,1,1100
189073694,-1.159,1.890,-0.183,-0.058,-0.010,1.010,1,1100
189074205,-1.402,0.793,-0.183,-0.058,-0.010,1.010,1,1100
189075694,-0.549,0.244,0.183,0.089,0.019,1.041,1,1100
189076205,-0.549,-0.061,0.366,0.105,0.082,1.121,1,1100
189077694,-0.549,0.671,0.732,0.124,0.116,1.009,1,1100
189078208,-1.098,1.890,0.427,0.010,0.049,1.103,1,1100
189079694,-1.646,2.988,-0.122,-0.115,0.001,1.041,1,1100
189080206,-1.646,2.988,-0.122,-0.115,0.001,1.041,1,1100
189081699,-1.707,1.890,0.000,-0.083,0.021,1.027,1,1100
189082219,-1.220,0.976,0.000,0.007,-0.042,1.048,1,1100
189083696,-0.732,0.305,0.122,0.039,0.037,0.997,1,1100
189084219,-0.854,0.183,0.549,0.121,0.067,1.091,1,1100
189085694,-1.098,1.524,0.427,0.039,0.030,1.068,1,1100
189086209,-1.098,1.524,0.427,0.039,0.030,1.068,1,1100
189087694,-1.341,2.866,-0.061,-0.104,-0.024,1.030,1,1100
189088205,-1.280,2.927,-0.122,-0.104,-0.024,1.030,1,1100
189089694,-1.463,1.951,-0.366,-0.099,-0.011,0.992,1,1100
189090209,-1.280,0.976,-0.122,0.014,-0.022,1.047,1,1100
189091694,-0.549,-0.244,0.793,0.025,0.023,1.053,1,1100
189092205,-0.549,-0.244,0.793,0.133,0.070,1.077,1,1100
189093694,-1.220,1.524,0.793,0.064,0.056,1.029,1,1100
189094205,-1.220,1.524,0.793,0.064,0.056,1.029,1,1100
189095694,-1.585,2.988,0.122,-0.080,-0.009,0.957,1,1100
189096208,-1.524,2.866,-0.183,-0.104,-0.010,1.079,1,1100
189097694,-1.524,2.012,-0.427,-0.104,-0.019,0.998,1,1100
189098209,-1.220,0.976,-0.183,0.018,-0.031,1.070,1,1100
189099694,-0.366,-0.061,0.549,0.151,0.066,1.063,1,1100
189100207,-0.366,-0.061,0.549,0.151,0.066,1.063,1,1100
189101694,-0.671,1.646,0.976,0.068,0.059,1.036,1,1100
189102206,-1.341,2.561,0.305,-0.067,0.034,1.091,1,1100
189103694,-1.402,3.110,-0.122,-0.086,0.014,0.936,1,1100
189104208,-1.646,2.805,-0.244,-0.125,-0.015,1.083,1,1100
189105694,-1.037,1.098,-0.122,-0.005,-0.026,1.083,1,1100
189106209,-1.037,1.098,-0.122,-0.005,-0.026,1.083,1,1100
189107694,-0.610,0.000,0.305,0.126,0.067,1.099,1,1100
189108209,-0.671,0.305,1.037,0.126,0.067,1.099,1,1100
189109694,-0.671,1.280,1.037,0.067,0.073,1.045,1,1100
189110202,-1.159,2.561,0.427,-0.048,0.028,1.076,1,1100
189111694,-1.159,2.988,-0.122,-0.073,0.002,0.965,1,1100
189112209,-1.646,2.866,-0.305,-0.125,-0.016,1.034,1,1100
189113694,-1.524,1.098,-0.183,-0.042,-0.031,1.104,1,1100
189114202,-1.524,1.098,-0.183,-0.042,-0.031,1.104,1,1100
189115694,-0.854,-0.183,0.549,0.092,0.078,1.072,1,1100
189116207,-1.098,0.122,0.854,0.131,0.095,1.055,1,1100
189117694,-1.159,1.341,0.732,0.046,0.078,1.079,1,1100
189118202,-1.280,2.439,0.366,-0.045,0.022,1.038,1,1100
189119694,-1.280,2.927,-0.183,-0.107,-0.038,1.012,1,1100
189120205,-1.280,2.927,-0.183,-0.107,-0.038,1.012,1,1100
189121694,-1.159,1.341,-0.183,-0.043,-0.020,1.026,1,1100
189122209,-0.732,0.427,0.061,-0.043,-0.020,1.026,1,1100
189123694,-0.183,-0.122,0.671,0.101,0.068,1.063,1,1100
189124209,-0.488,0.366,1.098,0.135,0.106,1.058,1,1100
189125694,-0.976,2.500,0.610,0.023,0.083,1.074,1,1100
189126208,-0.976,2.500,0.610,0.001,0.018,1.023,1,1100
189127694,-1.707,3.049,-0.183,-0.088,-0.036,1.015,1,1100
189128202,-1.707,3.049,-0.183,-0.088,-0.036,1.015,1,1100
189129694,-1.524,0.976,-0.122,-0.033,-0.031,0.972,1,1100
189130208,-1.220,0.305,0.000,0.044,0.014,1.085,1,1100
189131694,-0.549,-0.183,0.366,0.109,0.070,1.062,1,1100
189132202,-0.488,0.183,0.976,0.137,0.101,1.078,1,1100
189133694,-1.159,2.683,0.610,0.009,0.034,1.038,1,1100
189134208,-1.159,2.683,0.610,0.009,0.034,1.038,1,1100
189135694,-1.463,2.988,0.000,-0.103,-0.013,1.019,1,1100
189136209,-1.646,2.134,0.000,-0.107,-0.022,1.077,1,1100
189137694,-1.037,1.159,0.061,-0.030,-0.020,0.975,1,1100
189138208,-0.671,0.122,-0.061,0.015,-0.004,1.039,1,1100
189139694,-0.366,0.183,0.976,0.123,0.112,1.082,1,1100
189140209,-0.366,0.183,0.976,0.123,0.112,1.082,1,1100
189141694,-0.976,2.256,0.671,-0.030,0.043,1.043,1,1100
189142209,-1.524,2.988,0.366,-0.030,0.043,1.043,1,1100
189143694,-1.524,3.110,0.122,-0.133,0.008,1.018,1,1100
189144208,-1.646,2.500,0.000,-0.097,-0.012,1.028,1,1100
189145694,-1.280,1.220,0.183,-0.027,-0.016,1.032,1,1100
189146209,-1.037,0.305,0.061,0.023,-0.017,1.022,1,1100
189147694,-0.488,-0.183,1.159,0.097,0.112,1.071,1,1100
189148209,-0.488,-0.183,1.159,0.097,0.112,1.071,1,1100
189149694,-1.098,2.317,0.854,-0.062,0.054,1.035,1,1100
189150208,-1.280,3.049,0.183,-0.043,-0.006,1.007,1,1100
189151694,-1.585,3.232,0.244,-0.145,0.005,1.024,1,1100
189152209,-1.220,2.378,0.305,-0.085,-0.009,0.998,1,1100
189153694,-0.732,0.122,0.183,0.043,-0.025,1.017,1,1100
189154209,-0.732,0.122,0.183,0.043,-0.025,1.017,1,1100
189155694,-0.671,0.000,1.098,0.131,0.106,1.057,1,1100
189156209,-0.976,1.098,1.280,0.131,0.106,1.057,1,1100
189157694,-1.280,2.134,0.488,-0.017,0.016,1.030,1,1100
189158202,-1.280,2.805,0.366,-0.070,0.020,1.014,1,1100
189159694,-1.159,2.378,0.244,-0.122,-0.017,1.011,1,1100
189160207,-1.159,2.378,0.244,-0.086,0.002,1.019,1,1100
189161694,-0.671,0.549,-0.122,0.051,-0.020,1.058,1,1100
189162202,-0.671,0.549,-0.122,0.051,-0.020,1.058,1,1100
189163694,-0.366,0.000,1.220,0.145,0.102,1.057,1,1100
189164208,-0.915,0.915,0.915,0.036,0.087,1.076,1,1100
189165694,-1.098,2.012,0.549,0.024,0.031,1.029,1,1100
189166214,-1.402,2.927,0.366,-0.106,0.032,1.021,1,1100
189167694,-1.768,2.439,0.244,-0.110,0.005,1.033,1,1100
189168205,-1.768,2.439,0.244,-0.110,0.005,1.033,1,1100
189169694,-1.037,0.000,0.061,0.033,-0.011,1.099,1,1100
189170208,-0.671,-0.427,0.366,0.077,0.053,1.030,1,1100
189171694,-0.671,-0.183,1.220,0.162,0.109,1.094,1,1100
189172208,-0.610,1.098,1.341,0.045,0.080,1.029,1,1100
189173694,-1.159,2.866,0.366,-0.127,0.020,1.008,1,1100
189174209,-1.159,2.866,0.366,-0.127,0.020,1.008,1,1100
189175694,-1.402,2.683,0.000,-0.152,0.016,1.049,1,1100
189176209,-1.220,1.768,0.061,-0.152,0.016,1.049,1,1100
189177694,-1.037,0.610,-0.061,-0.009,0.006,1.062,1,1100
189178209,-0.488,-0.305,0.305,0.109,0.056,0.993,1,1100
189179694,-0.549,-0.061,1.037,0.118,0.121,1.166,1,1100
189180202,-0.183,1.037,0.915,0.091,0.094,0.999,1,1100
189181694,-1.037,2.805,0.183,-0.081,0.003,0.969,1,1100
189182209,-1.037,2.805,0.183,-0.081,0.003,0.969,1,1100
189183694,-1.524,2.744,0.183,-0.119,-0.014,1.048,1,1100
189184208,-1.159,1.585,0.000,-0.021,-0.011,0.999,1,1100
189185694,-1.280,0.366,-0.244,0.000,-0.015,1.100,1,1100
189186208,-0.488,-0.488,0.488,0.105,0.058,0.976,1,1100
189187694,-0.671,0.915,0.915,0.100,0.117,1.039,1,1100
189188207,-0.671,0.915,0.915,0.100,0.117,1.039,1,1100
189189694,-1.220,2.622,0.244,-0.087,0.034,0.983,1,1100
189190209,-1.341,2.927,-0.061,-0.087,0.034,0.983,1,1100
189191694,-1.646,2.378,0.183,-0.078,-0.009,1.000,1,1100
189192209,-1.585,1.220,0.183,-0.056,-0.016,0.989,1,1100
189193694,-0.732,0.122,0.671,0.014,-0.019,1.031,1,1100
189194209,-0.732,0.122,0.671,0.085,0.062,1.081,1,1100
189195694,-0.671,0.976,1.280,0.084,0.102,1.063,1,1100
189196205,-0.671,0.976,1.280,0.084,0.102,1.063,1,1100
189197694,-1.220,3.171,0.427,-0.057,0.024,1.022,1,1100
189198208,-1.402,3.171,0.488,-0.141,-0.023,1.031,1,1100
189199694,-1.524,2.622,-0.122,-0.070,0.002,1.021,1,1100
189200208,-1.768,1.768,-0.305,-0.070,0.002,0.994,1,1100
189201694,-0.549,-0.427,0.244,0.066,0.042,1.117,1,1100
189202205,-0.549,-0.427,0.244,0.066,0.042,1.117,1,1100
189203694,-0.854,1.098,1.037,0.059,0.088,1.121,1,1100
189204209,-1.341,2.256,0.610,0.012,0.050,0.978,1,1100
189205694,-1.768,2.927,0.366,-0.077,0.007,1.054,1,1100
189206205,-1.951,2.988,0.366,-0.109,-0.006,1.023,1,1100
189207694,-1.402,1.463,0.122,-0.081,0.000,1.002,1,1100
189208206,-1.402,1.463,0.122,-0.081,0.000,1.002,1,1100
189209694,-0.732,-0.122,0.000,0.076,0.040,1.090,1,1100
189210202,-0.732,-0.122,0.000,0.076,0.040,1.090,1,1100
189211694,-0.854,0.976,0.976,0.073,0.090,1.096,1,1100
189212205,-0.915,2.134,0.732,0.043,0.075,0.992,1,1100
189213694,-1.280,3.049,0.183,-0.083,0.003,1.042,1,1100
189214208,-1.220,3.171,-0.244,-0.092,-0.009,1.032,1,1100
189215694,-1.341,1.646,-0.061,-0.061,0.005,1.036,1,1100
189216209,-1.341,1.646,-0.061,-0.061,0.005,1.036,1,1100
189217694,-0.793,-0.183,0.122,0.102,0.042,1.064,1,1100
189218208,-0.488,-0.305,0.732,0.107,0.102,1.026,1,1100
189219694,-0.610,0.793,0.976,0.087,0.099,1.072,1,1100
189220208,-1.037,1.890,0.549,-0.000,0.064,1.076,1,1100
189221694,-1.524,3.171,0.000,-0.108,0.002,1.056,1,1100
189222209,-1.524,3.171,0.000,-0.108,0.002,1.056,1,1100
189223694,-1.463,1.585,-0.122,-0.046,0.012,1.048,1,1100
189224205,-0.854,0.549,0.183,-0.046,0.012,1.048,1,1100
189225694,-0.610,0.000,0.183,0.102,0.044,1.070,1,1100
189226202,-0.671,-0.061,0.793,0.082,0.093,1.047,1,1100
189227694,-0.671,1.951,0.549,0.116,0.106,1.054,1,1100
189228209,-0.671,1.951,0.549,-0.012,0.053,1.083,1,1100
189229694,-1.402,3.110,-0.183,-0.117,0.004,1.060,1,1100
189230205,-1.402,3.110,-0.183,-0.117,0.004,1.060,1,1100
189231694,-1.402,1.890,0.061,-0.063,-0.006,1.076,1,1100
189232209,-0.915,0.732,-0.305,0.018,-0.035,1.005,1,1100
189233694,-0.732,-0.061,0.122,0.079,0.052,1.088,1,1100
189234209,-0.549,-0.183,0.732,0.117,0.106,1.029,1,1100
189235694,-0.793,1.829,0.610,-0.003,0.038,1.049,1,1100
189236205,-0.793,1.829,0.610,-0.003,0.038,1.049,1,1100
189237694,-1.707,2.988,-0.183,-0.125,-0.021,1.055,1,1100
189238207,-1.707,2.622,-0.366,-0.086,-0.012,0.998,1,1100
189239694,-1.646,1.768,-0.183,-0.082,-0.002,1.053,1,1100
189240209,-1.159,0.671,-0.366,0.041,-0.030,1.031,1,1100
189241694,-0.305,-0.122,0.549,0.157,0.084,1.013,1,1100
189242202,-0.305,-0.122,0.549,0.157,0.084,1.013,1,1100
189243694,-0.854,1.951,0.366,0.041,0.013,1.063,1,1100
189244208,-0.854,1.951,0.366,0.041,0.013,1.063,1,1100
189245694,-1.220,3.293,-0.061,-0.091,-0.033,1.017,1,1100
189246202,-1.646,2.927,0.000,-0.103,0.016,1.021,1,1100
189247694,-1.463,1.890,-0.183,-0.065,-0.035,0.982,1,1100
189248209,-1.402,0.610,-0.366,0.024,-0.016,1.058,1,1100
189249694,-0.122,-0.183,0.732,0.156,0.096,1.052,1,1100
189250209,-0.122,-0.183,0.732,0.156,0.096,1.052,1,1100
189251694,-0.732,1.951,0.671,0.056,0.059,1.047,1,1100
189252209,-1.220,2.744,0.305,-0.087,0.027,1.020,1,1100
189253694,-1.280,3.049,0.122,-0.071,0.008,1.012,1,1100
189254209,-1.585,2.683,0.122,-0.122,-0.012,1.075,1,1100
189255694,-1.341,0.488,-0.427,-0.009,-0.018,1.049,1,1100
189256209,-1.341,0.488,-0.427,-0.009,-0.018,1.049,1,1100
189257694,-0.549,-0.183,0.671,0.134,0.086,1.095,1,1100
189258209,-0.732,0.427,0.915,0.134,0.086,1.095,1,1100
189259694,-0.976,1.768,0.854,0.038,0.070,1.054,1,1100
189260209,-1.280,2.622,0.366,-0.064,0.019,1.021,1,1100
189261694,-1.646,2.622,-0.244,-0.098,0.001,1.020,1,1100
189262207,-1.646,2.622,-0.244,-0.111,-0.036,1.014,1,1100
189263701,-1.159,0.854,-0.122,0.000,-0.043,1.089,1,1100
189264223,-1.159,0.854,-0.122,0.000,-0.043,1.089,1,1100
189265696,-0.549,-0.488,0.305,0.108,0.085,1.078,1,1100
189266206,-0.854,0.244,0.793,0.116,0.108,1.038,1,1100
189267694,-0.976,1.951,0.427,0.010,0.054,1.070,1,1100
189268209,-1.402,2.805,0.183,-0.062,0.015,1.006,1,1100
189269700,-1.280,2.744,0.000,-0.097,-0.039,1.009,1,1100
189270214,-1.280,2.744,0.000,-0.097,-0.039,1.009,1,1100
189271699,-1.280,1.098,0.000,0.003,-0.039,1.014,1,1100
189272219,-0.732,-0.061,0.061,0.064,0.047,1.066,1,1100
189273695,-0.671,-0.549,0.671,0.105,0.072,1.043,1,1100
189274213,-0.427,0.305,1.037,0.105,0.101,1.067,1,1100
189275694,-1.341,2.744,0.549,-0.016,0.018,1.011,1,1100
189276206,-1.341,2.744,0.549,-0.016,0.018,1.011,1,1100
189277694,-1.402,2.744,0.000,-0.056,-0.036,1.004,1,1100
189278209,-1.402,2.744,0.000,-0.056,-0.036,1.004,1,1100
189279694,-1.098,1.037,0.000,0.008,-0.038,1.012,1,1100
189280202,-0.732,0.061,0.244,0.064,0.025,1.115,1,1100
189281694,-0.793,-0.061,0.854,0.107,0.092,1.015,1,1100
189282209,-0.915,0.854,1.037,0.121,0.087,1.079,1,1100
189283694,-1.220,2.744,0.549,-0.009,0.001,1.056,1,1100
189284209,-1.220,2.744,0.549,-0.009,0.001,1.056,1,1100
189285694,-1.341,2.927,-0.183,-0.073,-0.030,1.018,1,1100
189286208,-1.463,2.134,0.000,-0.105,0.003,1.032,1,1100
189287694,-0.976,1.159,0.061,0.004,-0.026,1.021,1,1100
189288208,-0.976,0.061,0.488,0.048,0.022,1.078,1,1100
189289694,-0.793,0.610,1.098,0.104,0.090,1.084,1,1100
189290209,-0.793,0.610,1.098,0.104,0.090,1.084,1,1100
189291694,-1.220,2.683,0.610,-0.030,0.014,1.048,1,1100
189292209,-1.280,2.927,0.549,-0.030,0.014,1.048,1,1100
189293694,-1.280,2.866,0.244,-0.104,-0.025,1.037,1,1100
189294205,-1.341,1.951,0.000,-0.078,0.004,1.010,1,1100
189295694,-0.732,-0.122,0.122,-0.014,-0.011,1.067,1,1100
189296207,-0.732,-0.122,0.122,0.070,0.002,1.017,1,1100
189297694,-0.671,0.488,1.037,0.102,0.082,1.058,1,1100
189298209,-0.671,0.488,1.037,0.102,0.082,1.058,1,1100
189299694,-1.159,2.805,0.549,-0.063,0.012,1.041,1,1100
189300208,-1.341,2.988,0.244,-0.077,0.008,1.018,1,1100
189301694,-1.220,2.927,0.244,-0.125,-0.007,1.018,1,1100
189302202,-0.854,2.012,0.122,-0.044,-0.006,0.986,1,1100
189303694,-0.732,-0.122,0.427,0.070,-0.009,1.035,1,1100
189304209,-0.732,-0.122,0.427,0.070,-0.009,1.035,1,1100
189305694,-0.488,0.305,1.280,0.125,0.108,1.004,1,1100
189306207,-0.671,1.707,1.098,0.039,0.074,1.093,1,1100
189307694,-0.854,2.744,0.793,-0.031,0.021,0.997,1,1100
189308209,-1.098,3.110,0.244,-0.106,0.009,1.027,1,1100
189309694,-1.402,1.951,0.061,-0.064,0.002,1.038,1,1100
189310214,-1.402,1.951,0.061,-0.064,0.002,1.038,1,1100
189311694,-0.671,0.000,0.244,0.066,0.024,0.976,1,1100
189312209,-0.671,0.000,0.244,0.066,0.024,0.976,1,1100
189313689,-0.305,0.488,1.341,0.126,0.119,1.026,1,1100
189314196,-0.671,1.646,1.220,0.019,0.060,1.097,1,1100
189315694,-0.976,2.744,0.671,-0.034,0.030,1.007,1,1100
189316209,-1.524,3.232,0.305,-0.115,-0.008,1.020,1,1100
189317694,-1.951,2.256,0.305,-0.105,0.006,1.018,1,1100
189318209,-1.951,2.256,0.305,-0.105,0.006,1.018,1,1100
189319694,-1.037,0.122,0.366,0.048,0.041,1.000,1,1100
189320202,-0.732,-0.061,0.732,0.137,0.072,1.066,1,1100
189321694,-0.732,0.305,1.220,0.090,0.120,1.060,1,1100
189322207,-0.793,1.524,0.976,0.052,0.042,1.063,1,1100
189323694,-1.524,3.049,0.183,-0.096,-0.015,1.003,1,1100
189324208,-1.524,3.049,0.183,-0.096,-0.015,1.003,1,1100
189325694,-1.280,2.073,0.061,-0.106,-0.019,0.981,1,1100
189326209,-1.524,0.976,0.000,-0.106,-0.019,0.981,1,1100
189327694,-0.976,0.183,0.122,0.018,0.033,1.002,1,1100
189328208,-0.305,-0.244,0.915,0.150,0.061,1.055,1,1100
189329694,-0.793,1.768,0.976,0.057,0.118,1.060,1,1100
189330209,-0.793,1.768,0.976,0.089,0.046,1.068,1,1100
189331694,-0.915,3.110,0.122,-0.073,-0.003,0.979,1,1100
189332202,-0.915,3.110,0.122,-0.073,-0.003,0.979,1,1100
189333694,-1.341,2.256,-0.183,-0.078,-0.009,0.968,1,1100
189334207,-1.341,1.098,-0.061,-0.013,-0.035,1.101,1,1100
189335694,-0.671,0.244,0.122,0.038,0.025,1.007,1,1100
189336208,-0.488,-0.061,0.549,0.136,0.067,1.074,1,1100
189337694,-0.671,1.646,0.793,0.056,0.082,1.044,1,1100
189338208,-0.671,1.646,0.793,0.056,0.082,1.044,1,1100
189339694,-1.159,3.110,0.610,-0.082,0.042,0.942,1,1100
189340209,-1.524,2.927,0.244,-0.111,-0.041,1.092,1,1100
189341694,-1.463,1.768,0.061,-0.066,0.016,0.961,1,1100
189342207,-1.646,0.854,-0.183,-0.044,-0.028,1.056,1,1100
189343694,-0.732,-0.488,0.427,0.091,0.077,1.125,1,1100
189344207,-0.732,-0.488,0.427,0.091,0.077,1.125,1,1100
189345694,-1.098,1.220,0.793,0.040,0.075,1.047,1,1100
189346205,-1.098,1.220,0.793,0.040,0.075,1.047,1,1100
189347694,-1.768,2.988,0.183,-0.111,0.026,1.040,1,1100
189348209,-1.768,2.866,0.061,-0.099,-0.050,0.999,1,1100
189349694,-1.951,2.134,0.061,-0.069,0.014,1.021,1,1100
189350209,-1.646,1.280,-0.061,-0.038,-0.035,1.064,1,1100
189351694,-0.610,0.061,0.366,0.086,0.084,1.069,1,1100
189352209,-0.610,0.061,0.366,0.086,0.084,1.069,1,1100
189353694,-0.732,1.220,1.098,0.032,0.089,1.082,1,1100
189354209,-0.976,2.561,0.366,-0.020,0.021,0.993,1,1100
189355694,-1.402,3.232,-0.244,-0.126,0.013,1.045,1,1100
189356205,-1.585,3.171,-0.061,-0.086,-0.019,0.991,1,1100
189357694,-1.341,1.280,-0.244,-0.046,-0.032,0.983,1,1100
189358202,-1.341,1.280,-0.244,-0.046,-0.032,0.983,1,1100
189359694,-0.366,-0.427,0.305,0.097,0.061,1.044,1,1100
189360208,-0.305,0.122,1.280,0.097,0.061,1.044,1,1100
189361694,-0.610,1.280,0.854,0.031,0.092,1.070,1,1100
189362209,-0.671,2.317,0.732,0.003,0.045,1.014,1,1100
189363694,-1.280,3.049,0.244,-0.108,0.005,1.036,1,1100
189364208,-1.280,3.049,0.244,-0.097,-0.005,1.009,1,1100
189365694,-1.220,1.402,-0.061,-0.039,-0.018,0.977,1,1100
189366209,-1.220,1.402,-0.061,-0.039,-0.018,0.977,1,1100
189367694,-0.549,0.305,0.427,0.132,0.072,1.048,1,1100
189368206,-0.671,0.183,0.732,0.113,0.099,1.091,1,1100
189369694,-0.793,1.220,0.732,0.052,0.072,1.045,1,1100
189370209,-1.037,2.500,0.366,-0.041,0.049,1.037,1,1100
189371694,-1.402,2.866,-0.061,-0.128,0.000,1.034,1,1100
189372209,-1.402,2.866,-0.061,-0.128,0.000,1.034,1,1100
189373694,-1.402,1.159,-0.244,-0.038,0.005,1.005,1,1100
189374206,-1.098,0.183,-0.305,0.039,-0.002,1.052,1,1100
189375694,-0.549,-0.305,0.427,0.115,0.086,1.057,1,1100
189376202,-0.549,0.244,0.671,0.109,0.102,1.069,1,1100
189377694,-1.220,2.561,0.488,-0.041,0.031,1.036,1,1100
189378207,-1.220,2.561,0.488,-0.041,0.031,1.036,1,1100
189379694,-1.585,3.049,-0.183,-0.135,-0.012,1.021,1,1100
189380202,-1.585,3.049,-0.183,-0.135,-0.012,1.021,1,1100
189381694,-1.220,1.037,-0.366,-0.057,-0.026,1.056,1,1100
189382208,-0.854,0.183,-0.244,0.054,-0.009,1.001,1,1100
189383694,-0.793,-0.183,0.488,0.098,0.064,1.058,1,1100
189384208,-0.366,0.366,1.037,0.124,0.104,1.055,1,1100
189385694,-1.098,2.378,0.427,-0.021,0.034,1.031,1,1100
189386209,-1.098,2.378,0.427,-0.021,0.034,1.031,1,1100
189387694,-1.524,3.171,0.122,-0.118,-0.015,1.023,1,1100
189388208,-1.524,2.500,0.122,-0.094,0.000,0.995,1,1100
189389694,-1.646,1.159,-0.244,-0.054,-0.024,1.022,1,1100
189390205,-1.159,0.366,0.000,0.048,0.000,1.059,1,1100
189391694,-0.427,0.183,0.915,0.152,0.120,1.058,1,1100
189392209,-0.427,0.183,0.915,0.152,0.120,1.058,1,1100
189393694,-0.915,2.378,0.305,0.008,0.054,1.024,1,1100
189394208,-1.280,3.171,0.122,0.008,0.054,1.024,1,1100
189395694,-1.463,3.110,-0.122,-0.090,-0.009,0.996,1,1100
189396209,-1.646,2.561,-0.183,-0.119,0.009,1.053,1,1100
189397694,-1.402,0.488,-0.122,-0.021,-0.045,0.999,1,1100
189398209,-1.402,0.488,-0.122,0.014,0.014,1.062,1,1100
189399694,-0.671,-0.122,0.793,0.124,0.124,1.097,1,1100
189400209,-0.671,-0.122,0.793,0.124,0.124,1.097,1,1100
189401694,-1.220,2.012,0.610,-0.005,0.050,1.054,1,1100
189402209,-1.037,2.866,-0.061,-0.103,0.008,1.012,1,1100
189403694,-1.280,3.171,0.000,-0.062,-0.005,1.024,1,1100
189404209,-1.341,2.378,0.000,-0.134,-0.003,1.042,1,1100
189405694,-1.159,0.549,-0.427,0.014,-0.009,1.063,1,1100
189406214,-1.159,0.549,-0.427,0.014,-0.009,1.063,1,1100
189407694,-0.671,-0.183,0.915,0.109,0.115,1.142,1,1100
189408209,-0.854,0.915,0.976,0.079,0.081,1.020,1,1100
189409694,-1.220,2.012,0.732,-0.003,0.055,1.079,1,1100
189410208,-1.159,3.049,0.427,-0.090,0.008,0.969,1,1100
189411694,-1.220,2.378,-0.061,-0.122,-0.009,1.035,1,1100
189412208,-1.220,2.378,-0.061,-0.122,-0.009,1.035,1,1100
189413694,-0.854,0.366,-0.122,0.004,-0.007,1.083,1,1100
189414209,-0.854,0.366,-0.122,0.004,-0.007,1.083,1,1100
189415694,-0.793,-0.183,1.098,0.095,0.112,1.097,1,1100
189416207,-0.671,0.854,1.341,0.104,0.076,1.026,1,1100
189417694,-1.220,2.256,0.732,-0.038,0.053,1.072,1,1100
189418202,-1.159,2.927,0.061,-0.044,-0.003,0.963,1,1100
189419694,-1.585,2.500,-0.122,-0.074,-0.028,1.051,1,1100
189420206,-1.585,2.500,-0.122,-0.074,-0.028,1.051,1,1100
189421694,-1.220,0.427,-0.183,0.009,-0.026,1.015,1,1100
189422209,-0.732,-0.061,0.610,0.088,0.073,1.061,1,1100
189423694,-0.610,-0.183,0.854,0.133,0.072,1.079,1,1100
189424209,-0.610,0.854,1.159,0.090,0.132,1.059,1,1100
189425694,-1.341,3.049,0.488,-0.046,0.035,0.998,1,1100
189426209,-1.341,3.049,0.488,-0.046,0.035,0.998,1,1100
189427694,-1.341,2.622,0.183,-0.072,-0.010,1.017,1,1100
189428202,-1.341,1.646,0.244,-0.072,-0.010,1.017,1,1100
189429694,-0.976,0.793,0.183,0.048,-0.036,1.045,1,1100
189430207,-0.915,-0.183,0.305,0.054,0.075,1.044,1,1100
189431694,-0.976,0.488,1.280,0.172,0.089,1.006,1,1100
189432202,-0.976,0.488,1.280,0.056,0.107,1.107,1,1100
189433694,-1.098,2.683,0.427,-0.097,0.032,1.066,1,1100
189434209,-1.098,2.683,0.427,-0.097,0.032,1.066,1,1100
189435694,-1.463,2.683,0.122,-0.090,0.029,1.020,1,1100
189436208,-1.646,1.524,0.122,-0.052,-0.026,0.991,1,1100
189437694,-1.098,0.488,0.000,0.018,-0.023,1.019,1,1100
189438209,-0.610,0.000,0.366,0.068,0.031,1.105,1,1100
189439694,-0.549,1.159,0.976,0.066,0.091,1.103,1,1100
189440208,-0.549,1.159,0.976,0.066,0.091,1.103,1,1100
189441694,-0.976,2.988,0.122,-0.077,0.001,1.038,1,1100
189442202,-1.098,2.927,0.183,-0.088,0.010,1.000,1,1100
189443694,-1.220,2.622,0.305,-0.109,-0.001,1.033,1,1100
189444208,-0.976,1.524,-0.061,-0.030,-0.020,1.007,1,1100
189445701,-0.854,0.000,0.305,0.098,0.012,1.091,1,1100
189446218,-0.854,0.000,0.305,0.098,0.012,1.091,1,1100
189447696,-0.549,1.098,1.280,0.106,0.071,1.087,1,1100
189448214,-0.549,1.098,1.280,0.106,0.071,1.087,1,1100
189449694,-1.037,2.866,0.305,-0.049,-0.022,1.013,1,1100
189450208,-1.220,3.049,0.244,-0.108,0.010,1.053,1,1100
189451694,-1.220,2.744,0.183,-0.114,-0.016,0.991,1,1100
189452209,-1.463,1.646,0.183,-0.025,0.016,1.024,1,1100
189453694,-0.915,0.061,0.427,0.119,0.049,1.109,1,1100
189454207,-0.915,0.061,0.427,0.119,0.049,1.109,1,1100
189455694,-0.671,1.037,1.280,0.103,0.095,1.063,1,1100
189456208,-0.976,2.256,0.976,-0.026,0.058,1.067,1,1100
189457694,-1.098,3.110,0.488,-0.032,0.007,0.966,1,1100
189458209,-1.463,3.354,0.305,-0.126,-0.017,1.086,1,1100
189459694,-1.402,2.012,0.183,-0.049,-0.001,1.071,1,1100
189460209,-1.402,2.012,0.183,-0.049,-0.001,1.071,1,1100
189461694,-0.915,-0.183,0.183,0.095,0.047,1.098,1,1100
189462208,-0.915,-0.366,0.732,0.095,0.047,1.098,1,1100
189463694,-0.610,0.610,1.037,0.107,0.112,1.068,1,1100
189464208,-0.732,1.768,0.732,-0.003,0.066,1.058,1,1100
189465694,-1.098,3.232,-0.122,-0.036,0.034,0.993,1,1100
189466208,-1.098,3.232,-0.122,-0.128,-0.016,1.050,1,1100
189467694,-1.707,1.951,-0.061,-0.088,-0.022,1.081,1,1100
189468209,-1.707,1.951,-0.061,-0.088,-0.022,1.081,1,1100
189469694,-0.854,-0.122,0.427,0.073,0.045,1.082,1,1100
189470207,-0.427,-0.305,0.854,0.128,0.089,1.008,1,1100
189471694,-0.488,0.488,1.037,0.090,0.109,1.099,1,1100
189472205,-0.549,1.951,0.610,0.024,0.047,1.041,1,1100
189473694,-1.220,3.232,0.122,-0.109,-0.009,1.006,1,1100
189474209,-1.220,3.232,0.122,-0.109,-0.009,1.006,1,1100
189475694,-1.341,1.707,0.244,-0.088,-0.012,1.027,1,1100
189476209,-0.793,0.793,0.061,0.020,-0.022,1.039,1,1100
189477694,-0.793,0.061,0.000,0.052,0.038,1.056,1,1100
189478206,-0.854,-0.183,0.549,0.152,0.079,1.045,1,1100
189479694,-0.915,2.073,0.610,0.069,0.088,1.086,1,1100
189480207,-0.915,2.073,0.610,0.039,0.052,1.042,1,1100
189481694,-1.037,3.171,0.061,-0.081,0.000,0.985,1,1100
189482208,-1.037,3.171,0.061,-0.081,0.000,0.985,1,1100
189483694,-1.037,1.890,-0.183,-0.076,-0.009,0.966,1,1100
189484202,-1.341,0.793,-0.183,0.008,-0.022,1.080,1,1100
189485694,-0.671,0.061,0.305,0.047,0.050,1.043,1,1100
189486209,-0.427,-0.305,0.793,0.147,0.103,1.089,1,1100
189487694,-0.976,1.585,0.854,0.071,0.060,1.050,1,1100
189488205,-0.976,1.585,0.854,0.071,0.060,1.050,1,1100
189489694,-1.159,3.415,0.366,-0.073,-0.011,1.000,1,1100
189490209,-1.768,2.866,-0.061,-0.127,-0.029,1.055,1,1100
189491694,-1.341,1.829,0.000,-0.060,-0.004,0.971,1,1100
189492202,-1.159,0.854,-0.061,-0.006,-0.029,1.077,1,1100
189493694,-0.305,-0.183,0.549,0.120,0.090,1.091,1,1100
189494207,-0.305,-0.183,0.549,0.120,0.090,1.091,1,1100
189495694,-0.671,1.890,0.732,0.008,0.081,1.065,1,1100
189496209,-1.098,2.866,0.366,0.008,0.081,1.065,1,1100
189497694,-1.037,3.415,0.183,-0.117,0.047,1.008,1,1100
189498205,-1.341,2.805,0.000,-0.083,-0.062,1.030,1,1100
189499694,-1.098,0.793,-0.061,-0.084,0.032,0.994,1,1100
189500208,-1.098,0.793,-0.061,-0.003,-0.051,1.070,1,1100
189501694,-0.488,-0.488,0.915,0.112,0.077,1.086,1,1100
189502214,-0.488,-0.488,0.915,0.112,0.077,1.086,1,1100
189503694,-0.671,1.890,0.610,0.023,0.062,1.077,1,1100
189504209,-0.976,2.866,0.366,-0.016,0.037,1.011,1,1100
189505694,-1.463,2.988,0.061,-0.136,0.002,1.021,1,1100
189506209,-1.585,2.744,0.000,-0.064,-0.040,0.993,1,1100
189507694,-1.463,0.915,-0.305,-0.000,-0.035,1.036,1,1100
189508202,-1.463,0.915,-0.305,-0.000,-0.035,1.036,1,1100
189509694,-0.488,-0.488,0.427,0.123,0.079,1.037,1,1100
189510207,-0.549,0.244,1.098,0.118,0.112,1.087,1,1100
189511694,-0.671,1.341,0.732,0.020,0.078,1.058,1,1100
189512205,-0.976,2.561,0.366,-0.015,0.018,1.042,1,1100
189513694,-1.280,2.805,0.061,-0.138,0.010,1.021,1,1100
189514209,-1.280,2.805,0.061,-0.076,-0.023,0.997,1,1100
189515694,-1.220,1.159,0.000,0.004,-0.020,1.011,1,1100
189516209,-1.220,1.159,0.000,0.004,-0.020,1.011,1,1100
189517694,-0.244,-0.610,0.732,0.138,0.086,1.042,1,1100
189518205,-0.610,0.305,0.915,0.103,0.087,1.062,1,1100
189519694,-0.671,1.707,0.488,0.042,0.092,1.037,1,1100
189520207,-0.610,2.927,0.244,-0.026,0.033,1.061,1,1100
189521694,-1.341,3.049,-0.244,-0.116,-0.010,1.028,1,1100
189522209,-1.341,3.049,-0.244,-0.116,-0.010,1.028,1,1100
189523694,-1.463,1.280,0.000,-0.019,-0.020,1.071,1,1100
189524214,-0.793,0.122,-0.122,0.049,0.002,0.995,1,1100
189525694,-0.488,-0.183,0.549,0.127,0.085,1.070,1,1100
189526202,-0.671,0.488,1.220,0.102,0.097,1.054,1,1100
189527694,-1.220,2.683,0.427,-0.055,0.042,1.055,1,1100
189528205,-1.220,2.683,0.427,-0.055,0.042,1.055,1,1100
189529694,-1.402,2.988,-0.305,-0.142,-0.017,1.034,1,1100
189530206,-1.098,2.439,-0.427,-0.142,-0.017,1.034,1,1100
189531694,-1.341,1.646,-0.427,-0.035,-0.016,1.076,1,1100
189532205,-0.854,0.305,-0.244,0.082,-0.005,0.971,1,1100
189533694,-0.427,0.488,0.671,0.085,0.086,1.123,1,1100
189534209,-0.427,0.488,0.671,0.134,0.100,1.028,1,1100
189535694,-0.915,2.622,0.366,-0.020,0.017,0.990,1,1100
189536205,-0.915,2.622,0.366,-0.020,0.017,0.990,1,1100
189537694,-1.402,3.049,0.000,-0.121,-0.032,1.049,1,1100
189538208,-1.402,2.256,0.000,-0.066,0.009,0.968,1,1100
189539694,-1.646,1.341,-0.183,-0.053,-0.013,1.062,1,1100
189540209,-1.098,0.244,-0.305,0.070,0.012,1.027,1,1100
189541694,-0.976,0.122,1.159,0.125,0.117,1.001,1,1100
189542205,-0.976,0.122,1.159,0.125,0.117,1.001,1,1100
189543694,-1.280,2.683,0.610,-0.011,0.041,1.010,1,1100
189544202,-1.524,3.171,0.122,-0.098,-0.005,1.028,1,1100
189545694,-1.463,3.171,0.061,-0.122,0.017,1.015,1,1100
189546214,-1.463,2.439,0.183,-0.072,0.005,1.051,1,1100
189547694,-1.037,0.366,0.000,-0.019,-0.044,1.019,1,1100
189548208,-1.037,0.366,0.000,0.019,0.018,1.008,1,1100
189549694,-0.122,-0.061,0.976,0.115,0.131,1.067,1,1100
189550209,-0.122,-0.061,0.976,0.115,0.131,1.067,1,1100
189551694,-0.732,2.134,0.366,-0.022,0.050,1.025,1,1100
189552208,-1.159,2.744,0.122,-0.098,-0.005,0.999,1,1100
189553694,-1.341,2.805,0.122,-0.092,-0.008,1.017,1,1100
189554209,-1.280,2.073,0.000,-0.111,0.003,1.040,1,1100
189555694,-0.793,0.122,0.061,-0.001,0.031,1.039,1,1100
189556207,-0.793,0.122,0.061,-0.001,0.031,1.039,1,1100
189557701,-0.549,0.000,1.098,0.081,0.127,1.128,1,1100
189558223,-0.854,1.159,1.098,0.087,0.052,1.003,1,1100
189559696,-1.037,2.378,0.793,-0.039,0.058,1.074,1,1100
189560214,-1.159,2.622,0.305,-0.080,0.000,1.004,1,1100
189561694,-1.341,2.317,0.305,-0.122,-0.000,1.020,1,1100
189562205,-1.341,2.317,0.305,-0.122,-0.000,1.020,1,1100
189563694,-0.976,0.488,0.244,0.006,0.017,1.028,1,1100
189564209,-0.549,-0.122,0.610,0.006,0.017,1.028,1,1100
189565694,-0.488,0.183,0.915,0.094,0.113,1.109,1,1100
189566209,-0.732,1.220,0.854,0.085,0.084,1.023,1,1100
189567694,-0.854,3.049,0.061,-0.045,0.028,1.085,1,1100
189568208,-0.854,3.049,0.061,-0.069,0.008,0.992,1,1100
189569694,-1.341,2.378,0.061,-0.084,-0.008,1.005,1,1100
189570209,-1.341,2.378,0.061,-0.084,-0.008,1.005,1,1100
189571694,-1.402,0.488,0.305,0.033,-0.005,1.049,1,1100
189572202,-0.732,-0.183,0.732,0.103,0.066,1.015,1,1100
189573694,-0.366,0.000,0.915,0.124,0.089,1.088,1,1100
189574206,-0.610,1.098,0.915,0.059,0.110,1.042,1,1100
189575694,-0.854,2.805,0.366,-0.076,0.031,0.999,1,1100
189576202,-0.854,2.805,0.366,-0.076,0.031,0.999,1,1100
189577694,-1.341,2.378,-0.122,-0.065,0.001,1.008,1,1100
189578209,-1.159,1.402,-0.244,-0.065,-0.017,1.002,1,1100
189579701,-0.915,0.305,-0.061,0.064,-0.010,1.060,1,1100
189580220,-0.305,-0.305,0.549,0.062,0.070,1.056,1,1100
189581696,-0.671,0.976,1.037,0.161,0.089,1.076,1,1100
189582209,-0.671,0.976,1.037,0.057,0.090,1.058,1,1100
189583694,-1.220,3.171,0.183,-0.083,0.003,1.069,1,1100
189584209,-1.220,3.171,0.183,-0.083,0.003,1.069,1,1100
189585694,-1.402,2.317,0.122,-0.065,0.001,1.074,1,1100
189586209,-1.220,1.220,0.000,-0.055,-0.031,1.000,1,1100
189587694,-0.854,0.244,0.061,0.036,-0.012,1.078,1,1100
189588211,-0.549,-0.488,0.793,0.079,0.060,1.014,1,1100
189589694,-0.915,0.793,1.280,0.046,0.080,1.086,1,1100
189590208,-0.915,0.793,1.280,0.046,0.080,1.086,1,1100
189591694,-1.220,2.988,0.427,-0.109,0.017,1.061,1,1100
189592208,-1.402,2.866,0.305,-0.080,-0.020,1.007,1,1100
189593694,-1.585,2.195,0.122,-0.092,-0.024,1.037,1,1100
189594205,-1.524,1.402,0.000,-0.058,-0.006,0.936,1,1100
189595694,-0.610,-0.122,0.244,0.101,0.067,1.048,1,1100
189596209,-0.610,-0.122,0.244,0.101,0.067,1.048,1,1100
189597694,-0.488,1.341,0.976,0.047,0.093,1.062,1,1100
189598205,-0.488,2.134,0.488,0.047,0.093,1.062,1,1100
189599694,-1.220,2.744,0.427,-0.089,0.005,1.021,1,1100
189600205,-1.280,3.110,0.427,-0.098,-0.001,1.028,1,1100
189601694,-1.220,1.768,-0.244,-0.110,-0.016,1.026,1,1100
189602207,-1.220,1.768,-0.244,-0.024,-0.007,1.001,1,1100
189603694,-0.549,-0.549,0.854,0.126,0.063,1.059,1,1100
189604209,-0.549,-0.549,0.854,0.126,0.063,1.059,1,1100
189605694,-0.488,1.098,0.976,0.081,0.096,1.045,1,1100
189606207,-1.159,2.134,0.610,-0.013,0.035,1.074,1,1100
189607694,-1.646,2.866,0.183,-0.068,0.005,0.968,1,1100
189608208,-1.768,2.927,0.000,-0.117,-0.002,1.068,1,1100
189609694,-1.220,1.402,-0.122,-0.041,-0.006,1.047,1,1100
189610208,-1.220,1.402,-0.122,-0.041,-0.006,1.047,1,1100
189611694,-0.610,-0.549,0.610,0.101,0.068,1.063,1,1100
189612208,-0.427,-0.122,1.463,0.122,0.101,1.046,1,1100
189613694,-0.732,1.037,1.220,0.078,0.110,1.072,1,1100
189614209,-0.732,2.256,0.549,-0.015,0.021,1.069,1,1100
189615694,-1.585,3.232,0.061,-0.064,0.043,0.973,1,1100
189616207,-1.585,3.232,0.061,-0.119,-0.031,1.078,1,1100
189617694,-1.463,1.646,-0.183,-0.074,-0.012,1.057,1,1100
189618208,-1.463,1.646,-0.183,-0.074,-0.012,1.057,1,1100
189619694,-0.976,-0.061,0.488,0.085,0.062,1.090,1,1100
189620207,-0.915,0.122,0.976,0.141,0.110,1.008,1,1100
189621694,-1.037,0.915,1.037,0.074,0.104,1.090,1,1100
189622206,-0.976,2.134,0.610,0.016,0.035,1.049,1,1100
189623694,-1.585,3.171,0.061,-0.107,-0.023,1.062,1,1100
189624205,-1.585,3.171,0.061,-0.107,-0.023,1.062,1,1100
189625694,-1.463,1.646,-0.244,-0.060,-0.035,1.003,1,1100
189626207,-1.098,0.732,-0.061,0.009,-0.016,1.005,1,1100
189627694,-0.854,-0.061,0.305,0.081,0.043,1.079,1,1100
189628209,-0.122,-0.122,1.037,0.140,0.095,1.063,1,1100
189629694,-1.098,2.012,0.610,0.058,0.046,1.037,1,1100
189630208,-1.098,2.012,0.610,0.058,0.046,1.037,1,1100
189631694,-1.646,3.354,0.183,-0.075,-0.032,1.042,1,1100
189632208,-1.707,2.744,0.061,-0.075,-0.032,1.042,1,1100
189633694,-1.707,1.707,-0.122,-0.026,-0.024,0.985,1,1100
189634208,-1.646,0.549,-0.366,-0.010,0.012,1.040,1,1100
189635694,-0.671,0.000,0.793,0.100,0.028,1.060,1,1100
189636208,-0.671,0.000,0.793,0.123,0.115,1.087,1,1100
189637694,-0.915,2.012,0.488,0.034,0.059,1.043,1,1100
189638209,-0.915,2.012,0.488,0.034,0.059,1.043,1,1100
189639694,-1.646,3.171,0.183,-0.079,-0.018,1.055,1,1100
189640208,-1.829,2.378,0.122,-0.125,-0.011,1.027,1,1100
189641694,-1.402,1.585,0.000,-0.031,-0.005,0.971,1,1100
189642202,-1.037,0.671,0.061,-0.015,-0.003,1.053,1,1100
189643694,-0.793,-0.061,0.854,0.109,0.111,1.093,1,1100
189644209,-0.793,-0.061,0.854,0.109,0.111,1.093,1,1100
189645694,-1.098,1.890,0.610,-0.008,0.061,1.047,1,1100
189646205,-1.220,2.744,0.183,-0.055,0.004,0.978,1,1100
189647694,-1.402,2.805,0.122,-0.112,0.005,1.060,1,1100
189648206,-1.585,2.378,-0.183,-0.101,-0.041,1.030,1,1100
189649694,-1.159,0.732,-0.061,-0.061,0.016,1.014,1,1100
189650209,-1.159,0.732,-0.061,0.011,-0.034,1.027,1,1100
189651694,-0.427,-0.244,0.976,0.100,0.080,1.065,1,1100
189652209,-0.427,-0.244,0.976,0.100,0.080,1.065,1,1100
189653694,-0.793,1.829,0.732,-0.020,0.053,1.045,1,1100
189654209,-1.037,2.988,0.366,-0.045,0.015,1.006,1,1100
189655694,-1.524,3.049,-0.061,-0.145,0.007,1.050,1,1100
189656205,-1.524,2.683,0.061,-0.044,-0.032,1.008,1,1100
189657694,-1.159,0.549,-0.183,0.042,-0.040,1.021,1,1100
189658209,-1.159,0.549,-0.183,0.042,-0.040,1.021,1,1100
189659694,-0.732,-0.122,0.854,0.145,0.074,0.996,1,1100
189660208,-0.976,0.854,0.610,0.063,0.100,1.107,1,1100
189661694,-0.854,2.073,0.366,0.019,0.045,1.026,1,1100
189662209,-1.220,2.683,0.183,-0.055,0.048,1.048,1,1100
189663694,-1.463,2.500,-0.061,-0.072,-0.007,0.964,1,1100
189664205,-1.463,2.500,-0.061,-0.072,-0.007,0.964,1,1100
189665694,-1.098,0.793,0.000,0.010,-0.025,1.013,1,1100
189666206,-1.037,-0.122,0.061,0.010,-0.025,1.013,1,1100
189667694,-0.610,-0.183,0.915,0.151,0.104,1.001,1,1100
189668202,-0.793,0.793,0.976,0.071,0.085,1.100,1,1100
189669694,-1.280,2.927,0.305,0.021,0.050,0.984,1,1100
189670209,-1.280,2.927,0.305,-0.077,0.010,1.054,1,1100
189671694,-1.463,2.683,0.000,-0.096,0.001,1.020,1,1100
189672202,-1.463,2.683,0.000,-0.096,0.001,1.020,1,1100
189673701,-1.280,1.037,0.244,0.001,-0.008,1.018,1,1100
189674220,-0.854,0.000,0.061,0.084,0.010,1.105,1,1100
189675696,-0.732,-0.305,0.732,0.110,0.117,1.031,1,1100
189676214,-0.854,0.671,0.793,0.091,0.082,1.100,1,1100
189677694,-1.402,2.805,0.000,-0.073,-0.004,0.995,1,1100
189678209,-1.402,2.805,0.000,-0.073,-0.004,0.995,1,1100
189679694,-1.646,2.866,-0.061,-0.123,-0.021,0.994,1,1100
189680208,-1.585,2.073,-0.061,-0.043,-0.002,1.057,1,1100
189681694,-0.976,0.976,-0.183,-0.025,-0.021,1.019,1,1100
189682209,-0.854,-0.061,0.122,0.112,0.025,1.079,1,1100
189683694,-0.488,0.732,0.915,0.097,0.110,1.052,1,1100
189684208,-0.488,0.732,0.915,0.110,0.083,1.045,1,1100
189685694,-1.098,2.683,0.122,-0.028,0.003,0.980,1,1100
189686207,-1.098,2.683,0.122,-0.028,0.003,0.980,1,1100
189687694,-1.402,3.110,0.000,-0.103,-0.027,0.986,1,1100
189688202,-1.341,2.012,0.061,-0.054,0.011,1.047,1,1100
189689694,-1.159,0.854,0.000,-0.016,-0.037,1.000,1,1100
189690205,-0.793,-0.244,0.061,0.095,0.033,1.069,1,1100
189691694,-0.549,0.610,0.854,0.132,0.102,1.040,1,1100
189692205,-0.549,0.610,0.854,0.132,0.102,1.040,1,1100
189693694,-1.098,2.927,0.305,-0.026,0.021,0.968,1,1100
189694209,-1.585,3.110,-0.244,-0.131,0.006,1.065,1,1100
189695694,-1.524,2.805,-0.122,-0.079,-0.020,1.000,1,1100
189696209,-1.402,1.890,-0.061,-0.090,0.010,1.058,1,1100
189697694,-0.671,-0.122,0.000,0.038,0.049,1.040,1,1100
189698207,-0.671,-0.122,0.000,0.038,0.049,1.040,1,1100
189699694,-0.793,0.244,0.976,0.089,0.128,1.079,1,1100
189700209,-1.280,1.585,0.671,0.089,0.128,1.079,1,1100
189701694,-1.341,2.561,0.793,-0.064,0.061,0.998,1,1100
189702208,-1.524,3.049,0.061,-0.101,-0.038,1.029,1,1100
189703694,-1.220,2.134,0.183,-0.081,0.021,0.981,1,1100
189704209,-1.220,2.134,0.183,-0.089,-0.013,1.017,1,1100
189705694,-0.793,0.061,0.183,0.016,0.042,1.043,1,1100
189706202,-0.793,0.061,0.183,0.016,0.042,1.043,1,1100
189707694,-0.732,0.183,1.280,0.061,0.119,1.057,1,1100
189708209,-1.098,1.524,0.854,0.070,0.041,1.055,1,1100
189709694,-1.402,2.683,0.427,-0.084,0.038,1.046,1,1100
189710209,-1.524,3.293,0.183,-0.089,-0.017,1.000,1,1100
189711694,-1.829,1.951,0.000,-0.066,-0.026,0.934,1,1100
189712207,-1.829,1.951,0.000,-0.066,-0.026,0.934,1,1100
189713694,-1.159,0.305,0.122,0.050,0.022,1.061,1,1100
189714205,-0.610,-0.061,0.915,0.050,0.022,1.061,1,1100
189715694,-0.549,0.305,0.976,0.068,0.115,1.028,1,1100
189716207,-0.671,1.524,0.976,0.070,0.075,1.029,1,1100
189717694,-1.341,2.988,0.244,-0.071,0.013,1.080,1,1100
189718209,-1.341,2.988,0.244,-0.089,-0.001,0.943,1,1100
189719694,-1.646,1.951,0.122,-0.061,-0.005,0.960,1,1100
189720205,-1.646,1.951,0.122,-0.061,-0.005,0.960,1,1100
189721694,-0.732,-0.061,0.122,0.046,0.026,0.975,1,1100
189722209,-0.305,-0.244,0.793,0.137,0.095,1.097,1,1100
189723694,-0.305,0.305,1.220,0.113,0.092,1.031,1,1100
189724209,-0.427,1.524,1.098,0.045,0.090,1.067,1,1100
189725694,-1.037,3.293,0.488,-0.086,0.025,0.983,1,1100
189726209,-1.037,3.293,0.488,-0.086,0.025,0.983,1,1100
189727694,-0.976,2.378,0.061,-0.076,0.024,0.990,1,1100
189728208,-1.098,1.098,-0.183,-0.018,-0.058,1.100,1,1100
189729694,-0.854,0.061,0.122,0.062,0.034,0.974,1,1100
189730208,-0.427,-0.183,0.427,0.115,0.081,1.101,1,1100
189731703,-0.671,1.463,0.915,0.030,0.075,1.082,1,1100
189732226,-0.671,1.463,0.915,0.030,0.075,1.082,1,1100
189733697,-1.463,3.415,0.183,-0.097,0.027,1.024,1,1100
189734214,-1.280,3.171,-0.061,-0.097,0.027,1.024,1,1100
189735694,-1.341,2.134,0.366,-0.084,0.021,1.044,1,1100
189736208,-1.463,1.098,-0.061,-0.033,-0.062,1.059,1,1100
189737694,-1.037,0.000,0.061,0.064,0.025,0.991,1,1100
189738202,-0.793,-0.549,0.671,0.095,0.062,1.052,1,1100
189739694,-0.915,1.463,0.915,0.018,0.074,1.105,1,1100
189740211,-0.915,1.463,0.915,0.018,0.074,1.105,1,1100
189741694,-1.280,2.927,0.366,-0.114,0.009,1.021,1,1100
189742205,-1.220,2.927,0.244,-0.071,-0.010,0.990,1,1100
189743694,-1.159,2.317,0.305,-0.109,0.001,1.068,1,1100
189744209,-1.037,1.402,-0.183,-0.025,-0.050,0.996,1,1100
189745701,-0.610,-0.183,0.732,0.140,0.060,1.059,1,1100
189746221,-0.610,-0.183,0.732,0.140,0.060,1.059,1,1100
189747696,-0.488,1.402,0.610,0.049,0.059,1.060,1,1100
189748206,-0.854,2.561,0.305,0.049,0.059,1.060,1,1100
189749694,-1.463,2.988,0.000,-0.093,0.001,1.011,1,1100
189750208,-1.524,2.988,0.122,-0.095,0.005,1.014,1,1100
189751699,-1.280,1.220,0.122,-0.096,-0.014,1.030,1,1100
189752224,-1.280,1.220,0.122,-0.021,-0.002,1.048,1,1100
189753696,-0.366,-0.427,0.732,0.120,0.092,1.064,1,1100
189754209,-0.366,-0.427,0.732,0.120,0.092,1.064,1,1100
189755694,-0.427,1.341,0.854,0.081,0.083,1.063,1,1100
189756205,-0.915,2.500,0.610,-0.046,0.044,1.026,1,1100
189757694,-1.402,3.171,0.183,-0.070,-0.000,1.022,1,1100
189758209,-1.768,3.049,0.183,-0.113,0.001,1.029,1,1100
189759694,-1.524,1.646,0.000,-0.058,-0.012,1.062,1,1100
189760209,-1.524,1.646,0.000,-0.058,-0.012,1.062,1,1100
189761702,-0.488,0.061,0.488,0.090,0.071,1.106,1,1100
189762229,-0.366,0.183,1.220,0.100,0.114,1.030,1,1100
189763697,-0.671,1.463,1.098,0.079,0.082,1.098,1,1100
189764214,-1.037,2.317,0.549,-0.050,0.042,0.994,1,1100
189765694,-1.585,2.866,0.305,-0.135,-0.008,1.035,1,1100
189766202,-1.585,2.866,0.305,-0.135,-0.008,1.035,1,1100
189767694,-1.646,1.341,-0.183,-0.054,-0.005,1.062,1,1100
189768205,-0.976,0.427,0.061,-0.054,-0.005,1.062,1,1100
189769694,-0.854,-0.244,0.549,0.095,0.062,1.097,1,1100
189770209,-0.610,0.244,1.098,0.146,0.106,1.003,1,1100
189771702,-1.341,2.134,0.732,0.044,0.093,1.107,1,1100
189772226,-1.341,2.134,0.732,-0.000,0.037,0.997,1,1100
189773697,-1.646,2.988,0.000,-0.102,-0.021,1.024,1,1100
189774218,-1.646,2.988,0.000,-0.102,-0.021,1.024,1,1100
189775694,-1.646,1.402,0.183,-0.027,-0.040,1.020,1,1100
189776214,-1.098,0.244,0.061,0.039,0.016,1.022,1,1100
189777694,-0.488,-0.183,0.366,0.103,0.039,1.095,1,1100
189778209,-0.244,0.000,0.793,0.125,0.137,1.069,1,1100
189779694,-0.793,2.134,0.488,-0.000,0.060,1.019,1,1100
189780207,-0.793,2.134,0.488,-0.000,0.060,1.019,1,1100
189781694,-1.341,2.927,-0.061,-0.089,-0.006,1.035,1,1100
189782208,-1.341,2.012,-0.183,-0.089,-0.006,1.035,1,1100
189783694,-1.220,1.341,-0.122,-0.004,-0.035,0.961,1,1100
189784209,-0.976,0.305,0.000,0.010,0.006,1.056,1,1100
189785694,-0.183,0.305,1.098,0.118,0.055,1.055,1,1100
189786208,-0.183,0.305,1.098,0.107,0.127,1.126,1,1100
189787694,-0.854,2.256,0.366,-0.002,0.059,1.063,1,1100
189788209,-0.854,2.256,0.366,-0.002,0.059,1.063,1,1100
189789694,-1.646,2.805,0.122,-0.084,-0.011,1.051,1,1100
189790205,-1.402,2.378,0.122,-0.130,-0.022,1.009,1,1100
189791694,-1.220,1.341,-0.183,-0.013,-0.022,0.989,1,1100
189792208,-0.854,0.488,-0.244,0.004,0.012,1.091,1,1100
189793694,-0.793,-0.061,0.610,0.089,0.122,1.116,1,1100
189794208,-0.793,-0.061,0.610,0.089,0.122,1.116,1,1100
189795694,-0.976,2.073,0.488,-0.022,0.056,1.091,1,1100
189796208,-1.037,3.049,0.183,-0.078,0.017,0.951,1,1100
189797694,-1.341,3.354,0.061,-0.114,-0.006,1.060,1,1100
189798205,-1.463,2.561,-0.366,-0.107,-0.027,1.032,1,1100
189799694,-1.159,0.427,-0.061,0.016,-0.002,1.042,1,1100
189800208,-1.159,0.427,-0.061,0.016,-0.002,1.042,1,1100
189801694,-0.549,0.000,1.037,0.107,0.087,1.118,1,1100
189802208,-0.427,1.098,0.976,0.107,0.087,1.118,1,1100
189803694,-1.037,2.317,0.671,-0.049,0.040,1.081,1,1100
189804206,-1.098,2.866,0.427,-0.044,0.032,0.996,1,1100
189805694,-1.159,3.110,-0.061,-0.129,0.004,1.021,1,1100
189806207,-1.220,2.378,-0.305,-0.059,-0.020,1.042,1,1100
189807694,-1.098,0.427,0.061,0.050,-0.018,1.036,1,1100
189808202,-1.098,0.427,0.061,0.050,-0.018,1.036,1,1100
189809694,-0.671,-0.061,0.976,0.148,0.079,1.086,1,1100
189810208,-0.732,0.854,0.732,0.047,0.096,1.074,1,1100
189811694,-0.610,2.256,0.549,0.008,0.020,1.020,1,1100
189812202,-1.159,3.110,0.488,-0.094,0.037,1.023,1,1100
189813694,-1.585,2.317,-0.061,-0.075,0.000,1.028,1,1100
189814209,-1.585,2.317,-0.061,-0.075,0.000,1.028,1,1100
189815694,-1.220,0.488,0.000,0.059,-0.003,1.076,1,1100
189816207,-0.732,-0.305,0.122,0.059,-0.003,1.076,1,1100
189817694,-0.366,-0.061,0.793,0.147,0.096,1.064,1,1100
189818209,-0.488,1.098,0.915,0.052,0.090,1.074,1,1100
189819694,-1.037,3.110,0.244,0.011,0.059,0.997,1,1100
189820202,-1.037,3.110,0.244,-0.081,-0.006,1.058,1,1100
189821694,-1.646,2.561,-0.183,-0.104,-0.017,1.083,1,1100
189822205,-1.646,2.561,-0.183,-0.104,-0.017,1.083,1,1100
189823694,-1.402,0.671,0.000,0.017,-0.011,1.075,1,1100
189824209,-0.976,-0.122,0.427,0.101,0.028,1.011,1,1100
189825694,-0.549,-0.122,0.793,0.116,0.116,1.074,1,1100
189826209,-0.671,1.220,1.098,0.085,0.072,1.081,1,1100
189827694,-1.402,2.805,0.427,-0.082,-0.018,1.032,1,1100
189828209,-1.402,2.805,0.427,-0.082,-0.018,1.032,1,1100
189829694,-1.524,2.500,0.061,-0.109,-0.029,1.032,1,1100
189830209,-1.280,1.402,0.061,-0.038,0.003,0.958,1,1100
189831694,-0.976,0.427,0.061,0.006,-0.003,1.057,1,1100
189832205,-0.488,-0.183,0.183,0.119,0.047,1.063,1,1100
189833694,-0.488,0.976,0.793,0.089,0.071,1.078,1,1100
189834208,-0.488,0.976,0.793,0.089,0.071,1.078,1,1100
189835694,-1.159,3.171,0.183,-0.031,-0.018,0.976,1,1100
189836205,-1.463,3.232,-0.305,-0.031,-0.018,0.976,1,1100
189837694,-1.524,2.866,-0.549,-0.091,-0.026,1.020,1,1100
189838202,-1.585,1.768,0.000,-0.046,0.012,1.024,1,1100
189839694,-1.159,0.610,-0.061,0.001,-0.031,1.021,1,1100
189840209,-0.610,-0.305,0.305,0.103,0.057,1.063,1,1100
189841694,-0.549,0.732,1.280,0.086,0.107,1.061,1,1100
189842207,-0.549,0.732,1.280,0.086,0.107,1.061,1,1100
189843694,-1.037,2.927,0.305,-0.044,0.030,0.989,1,1100
189844209,-1.463,3.171,-0.305,-0.116,-0.023,1.037,1,1100
189845694,-1.280,2.622,0.000,-0.083,0.006,0.988,1,1100
189846207,-1.463,1.707,-0.366,-0.069,-0.027,1.055,1,1100
189847694,-0.671,0.000,0.244,0.071,0.052,1.048,1,1100
189848209,-0.671,0.000,0.244,0.071,0.052,1.048,1,1100
189849694,-0.732,1.037,0.915,0.062,0.094,1.083,1,1100
189850209,-0.915,2.134,0.610,0.062,0.094,1.083,1,1100
189851694,-0.854,2.805,0.366,-0.101,0.049,1.003,1,1100
189852209,-1.098,3.232,0.061,-0.096,-0.033,1.068,1,1100
189853694,-1.159,1.646,-0.061,-0.107,0.025,1.005,1,1100
189854208,-1.159,1.646,-0.061,-0.052,-0.037,0.997,1,1100
189855694,-0.488,-0.122,0.610,0.078,0.041,1.105,1,1100
189856209,-0.488,-0.122,0.610,0.078,0.041,1.105,1,1100
189857694,-0.427,0.793,1.037,0.047,0.093,1.065,1,1100
189858205,-0.854,1.951,0.732,0.030,0.027,1.027,1,1100
189859694,-1.159,2.683,0.427,-0.098,0.027,1.020,1,1100
189860202,-1.463,3.293,0.305,-0.071,-0.009,1.013,1,1100
189861694,-1.159,1.707,-0.183,-0.021,-0.045,0.994,1,1100
189862207,-1.159,1.707,-0.183,-0.021,-0.045,0.994,1,1100
189863694,-0.122,-0.244,0.000,0.086,0.033,1.012,1,1100
189864207,-0.549,-0.122,0.854,0.124,0.113,1.101,1,1100
189865694,-0.854,0.610,1.159,0.070,0.102,1.060,1,1100
189866202,-0.976,1.829,0.610,0.023,0.051,1.054,1,1100
189867694,-1.280,2.866,0.305,-0.067,-0.007,1.019,1,1100
189868207,-1.280,2.866,0.305,-0.067,-0.007,1.019,1,1100
189869694,-1.159,1.585,0.000,-0.041,-0.006,0.980,1,1100
189870209,-1.280,0.732,-0.122,-0.041,-0.006,0.980,1,1100
189871694,-0.793,0.000,0.305,0.086,0.061,1.036,1,1100
189872209,-0.610,-0.061,0.793,0.120,0.087,1.095,1,1100
189873694,-0.549,0.854,1.159,0.077,0.100,1.021,1,1100
189874205,-0.854,2.012,0.976,0.012,0.038,1.078,1,1100
189875694,-1.341,2.927,0.183,-0.087,0.011,1.059,1,1100
189876207,-1.341,2.927,0.183,-0.087,0.011,1.059,1,1100
189877694,-1.098,1.707,0.061,-0.054,-0.001,0.997,1,1100
189878209,-0.976,0.671,-0.183,0.013,-0.024,1.051,1,1100
189879694,-0.366,-0.122,0.366,0.097,0.057,1.052,1,1100
189880209,-0.244,-0.183,0.915,0.115,0.080,1.057,1,1100
189881694,-0.610,1.951,1.098,0.003,0.041,1.062,1,1100
189882209,-0.610,1.951,1.098,0.003,0.041,1.062,1,1100
189883702,-1.402,3.293,0.000,-0.124,-0.002,1.063,1,1100
189884226,-1.707,2.683,-0.122,-0.069,-0.027,0.989,1,1100
189885697,-1.585,1.707,-0.061,-0.078,0.009,1.020,1,1100
189886209,-1.098,0.671,-0.122,0.007,-0.052,1.018,1,1100
189887694,-0.366,-0.366,0.976,0.077,0.065,1.105,1,1100
189888208,-0.366,-0.366,0.976,0.124,0.077,1.032,1,1100
189889694,-0.854,1.951,0.732,-0.015,0.056,1.041,1,1100
189890202,-0.854,1.951,0.732,-0.015,0.056,1.041,1,1100
189891694,-1.037,2.866,0.183,-0.142,0.007,1.019,1,1100
189892209,-1.159,2.500,-0.061,-0.063,-0.039,1.011,1,1100
189893694,-1.341,1.768,0.061,-0.103,0.003,1.065,1,1100
189894209,-1.037,0.854,0.122,0.030,-0.035,0.982,1,1100
189895694,-0.427,-0.122,1.037,0.136,0.068,1.000,1,1100
189896209,-0.427,-0.122,1.037,0.136,0.068,1.000,1,1100
189897694,-0.427,1.951,0.549,0.005,0.073,1.015,1,1100
189898209,-1.037,2.683,0.549,-0.050,0.026,1.052,1,1100
189899694,-1.037,2.683,0.122,-0.102,-0.007,0.994,1,1100
189900208,-1.280,2.439,0.000,-0.096,-0.015,0.998,1,1100
189901694,-0.915,0.854,0.244,0.015,-0.020,1.028,1,1100
189902209,-0.915,0.854,0.244,0.015,-0.020,1.028,1,1100
189903694,-0.244,-0.244,1.098,0.148,0.102,1.007,1,1100
189904209,-0.610,0.549,1.280,0.148,0.102,1.007,1,1100
189905694,-0.610,1.829,1.159,0.030,0.063,1.055,1,1100
189906208,-1.098,2.683,0.793,-0.069,0.007,1.010,1,1100
189907694,-1.220,2.988,0.366,-0.087,0.009,1.027,1,1100
189908208,-1.341,2.927,-0.183,-0.107,-0.041,1.008,1,1100
189909694,-1.098,0.793,-0.122,-0.010,-0.015,1.031,1,1100
189910207,-1.098,0.793,-0.122,-0.010,-0.015,1.031,1,1100
189911694,-0.183,-0.244,0.976,0.098,0.106,1.058,1,1100
189912207,-0.244,0.671,1.220,0.121,0.092,1.046,1,1100
189913694,-0.793,1.951,0.854,-0.001,0.080,1.082,1,1100
189914207,-1.159,2.683,0.427,-0.038,0.002,0.989,1,1100
189915701,-1.402,2.622,-0.061,-0.085,-0.049,1.008,1,1100
189916222,-1.402,2.622,-0.061,-0.085,-0.049,1.008,1,1100
189917696,-1.341,0.793,-0.244,-0.015,-0.064,1.016,1,1100
189918205,-1.098,0.061,0.000,-0.015,-0.064,1.016,1,1100
189919694,-1.098,-0.366,0.854,0.106,0.097,1.058,1,1100
189920214,-0.854,0.671,1.280,0.134,0.098,1.072,1,1100
189921694,-1.280,2.744,0.305,0.003,0.057,1.099,1,1100
189922209,-1.280,2.744,0.305,-0.041,0.011,0.961,1,1100
189923694,-1.463,2.805,-0.183,-0.105,-0.001,0.984,1,1100
189924202,-1.463,2.805,-0.183,-0.105,-0.001,0.984,1,1100
189925701,-1.341,0.549,0.000,0.001,-0.017,0.963,1,1100
189926221,-0.854,0.061,0.183,0.068,0.026,1.065,1,1100
189927699,-0.793,-0.061,0.732,0.109,0.092,1.060,1,1100
189928216,-0.671,0.671,1.463,0.106,0.095,1.067,1,1100
189929694,-1.037,2.622,0.671,-0.035,0.031,1.002,1,1100
189930209,-1.037,2.622,0.671,-0.035,0.031,1.002,1,1100
189931694,-1.524,2.622,-0.122,-0.079,-0.005,0.977,1,1100
189932208,-1.524,2.012,-0.183,-0.091,-0.003,1.033,1,1100
189933694,-1.159,0.793,-0.183,0.019,-0.031,1.063,1,1100
189934208,-0.610,-0.061,0.000,0.044,0.044,1.048,1,1100
189935694,-0.610,0.366,0.976,0.069,0.115,1.070,1,1100
189936202,-0.610,0.366,0.976,0.069,0.115,1.070,1,1100
189937694,-0.976,2.500,0.793,-0.073,0.049,1.027,1,1100
189938209,-1.159,2.988,0.061,-0.073,0.049,1.027,1,1100
189939694,-1.280,2.866,-0.122,-0.101,0.003,1.038,1,1100
189940208,-1.341,2.134,-0.061,-0.082,-0.019,0.974,1,1100
189941694,-1.341,0.854,-0.244,0.013,-0.022,1.084,1,1100
189942207,-0.549,0.061,0.122,0.041,0.040,1.031,1,1100
189943694,-0.549,0.366,0.915,0.064,0.127,1.047,1,1100
189944208,-0.549,0.366,0.915,0.064,0.127,1.047,1,1100
189945694,-1.341,2.561,0.244,-0.077,0.029,1.058,1,1100
189946206,-1.463,3.171,0.000,-0.078,-0.013,0.967,1,1100
189947694,-1.890,2.866,0.122,-0.119,-0.015,1.065,1,1100
189948208,-1.524,2.195,-0.122,-0.081,-0.011,0.966,1,1100
189949694,-0.793,0.244,0.244,0.056,0.031,1.001,1,1100
189950209,-0.793,0.244,0.244,0.056,0.031,1.001,1,1100
189951694,-0.610,0.427,0.671,0.097,0.098,1.035,1,1100
189952209,-0.793,1.707,0.671,0.097,0.098,1.035,1,1100
189953694,-1.280,2.744,0.183,-0.064,0.020,1.062,1,1100
189954207,-1.341,3.171,0.122,-0.083,0.022,0.960,1,1100
189955702,-1.159,1.890,-0.366,-0.108,-0.031,1.069,1,1100
189956221,-1.159,1.890,-0.366,-0.068,-0.015,0.980,1,1100
189957697,-0.976,0.000,0.061,0.086,0.010,0.998,1,1100
189958209,-0.976,0.000,0.061,0.086,0.010,0.998,1,1100
189959689,-0.488,0.183,0.976,0.140,0.083,1.032,1,1100
189960205,-0.732,1.585,0.854,-0.001,0.087,1.081,1,1100
189961698,-0.976,2.683,0.671,-0.011,-0.003,1.037,1,1100
189962214,-1.341,3.293,0.488,-0.147,0.036,0.995,1,1100
189963698,-0.976,2.195,0.122,-0.087,0.049,1.006,1,1100
189964207,-0.976,2.195,0.122,-0.087,0.049,1.006,1,1100
189965695,-0.732,-0.061,0.305,0.057,0.036,1.017,1,1100
189966213,-0.610,0.000,0.366,0.103,0.067,1.097,1,1100
189967694,-0.732,0.427,1.159,0.142,0.114,1.070,1,1100
189968214,-1.098,1.585,0.793,0.022,0.059,1.062,1,1100
189969694,-1.463,3.110,-0.122,-0.126,0.007,1.029,1,1100
189970209,-1.463,3.110,-0.122,-0.126,0.007,1.029,1,1100
189971694,-1.463,2.073,-0.122,-0.094,0.007,1.032,1,1100
189972209,-1.220,1.159,-0.305,-0.094,0.007,1.032,1,1100
189973694,-1.037,0.183,-0.061,0.042,-0.004,1.084,1,1100
189974205,-0.427,-0.366,0.488,0.104,0.070,1.047,1,1100
189975694,-0.366,0.366,0.976,0.126,0.108,1.048,1,1100
189976205,-0.610,1.524,1.159,0.041,0.075,1.066,1,1100
189977694,-1.280,2.805,0.488,-0.106,0.005,0.995,1,1100
189978205,-1.280,2.805,0.488,-0.106,0.005,0.995,1,1100
189979694,-1.524,2.134,-0.183,-0.091,-0.005,1.040,1,1100
189980208,-1.341,1.159,-0.244,-0.021,-0.019,1.024,1,1100
189981694,-0.732,0.427,0.000,0.038,0.002,0.984,1,1100
189982202,-0.427,-0.122,0.549,0.141,0.081,1.088,1,1100
189983694,-0.671,1.280,0.915,0.055,0.067,1.069,1,1100
189984205,-0.671,1.280,0.915,0.055,0.067,1.069,1,1100
189985694,-1.341,3.171,0.183,-0.062,-0.012,0.994,1,1100
189986209,-1.585,3.171,0.000,-0.062,-0.012,0.994,1,1100
189987694,-1.463,2.134,-0.244,-0.052,-0.001,1.014,1,1100
189988209,-1.220,1.220,-0.061,-0.029,0.013,1.048,1,1100
189989701,-0.732,-0.183,0.366,0.045,-0.011,0.993,1,1100
189990225,-0.732,-0.183,0.366,0.104,0.070,1.102,1,1100
189991696,-0.854,1.463,1.098,0.073,0.080,1.108,1,1100
189992213,-0.854,1.463,1.098,0.073,0.080,1.108,1,1100
189993694,-1.220,2.805,0.427,-0.052,0.005,1.014,1,1100
189994202,-1.402,2.805,0.122,-0.129,-0.017,1.011,1,1100
189995694,-1.402,2.195,-0.061,-0.059,-0.012,1.001,1,1100
189996208,-1.646,0.915,0.061,-0.064,-0.016,1.104,1,1100
189997694,-0.610,-0.366,0.854,0.092,0.079,1.088,1,1100
189998202,-0.610,-0.366,0.854,0.092,0.079,1.088,1,1100
189999694,-0.976,1.463,1.098,0.045,0.087,1.121,1,1100
190000207,-1.037,2.439,0.549,-0.019,0.040,1.002,1,1100
190001694,-1.402,2.805,0.427,-0.093,0.009,1.041,1,1100
190002207,-1.402,2.927,0.244,-0.113,-0.021,1.008,1,1100
190003694,-1.402,1.098,-0.305,-0.049,-0.023,1.047,1,1100
190004202,-1.402,1.098,-0.305,-0.049,-0.023,1.047,1,1100
190005694,-0.488,0.183,0.610,0.097,0.074,1.094,1,1100
190006205,-0.488,0.183,0.610,0.097,0.074,1.094,1,1100
190007694,-0.793,1.159,0.915,0.007,0.061,1.071,1,1100
190008207,-0.976,2.317,0.427,-0.001,0.030,1.005,1,1100
190009694,-1.220,2.988,0.183,-0.121,0.016,1.018,1,1100
190010209,-1.159,2.805,0.000,-0.076,-0.007,1.042,1,1100
190011694,-1.280,1.098,-0.122,0.006,-0.033,1.025,1,1100
190012215,-1.280,1.098,-0.122,0.006,-0.033,1.025,1,1100
190013694,-0.488,0.000,0.610,0.114,0.052,1.059,1,1100
190014207,-0.488,0.183,1.341,0.103,0.139,1.103,1,1100
190015694,-0.915,1.280,0.976,0.067,0.042,1.038,1,1100
190016207,-1.280,2.134,0.366,-0.025,0.049,1.056,1,1100
190017694,-1.524,2.866,0.061,-0.065,-0.002,1.037,1,1100
190018208,-1.524,2.866,0.061,-0.065,-0.002,1.037,1,1100
190019694,-1.037,1.159,-0.061,0.019,-0.037,1.054,1,1100
190020206,-0.793,0.305,-0.061,0.019,-0.037,1.054,1,1100
190021694,-0.488,-0.305,0.610,0.152,0.063,1.002,1,1100
190022208,-0.671,0.305,1.098,0.080,0.121,1.133,1,1100
190023694,-1.098,2.561,0.549,0.087,0.080,1.017,1,1100
190024209,-1.098,2.561,0.549,-0.055,0.048,1.089,1,1100
190025694,-1.280,3.293,-0.183,-0.114,0.001,1.063,1,1100
190026208,-1.280,3.293,-0.183,-0.114,0.001,1.063,1,1100
190027694,-1.280,1.463,-0.061,-0.038,-0.007,1.023,1,1100
190028205,-1.159,0.366,0.061,0.042,-0.006,1.062,1,1100
190029694,-0.671,-0.122,0.671,0.114,0.081,1.040,1,1100
190030205,-0.671,0.122,1.037,0.107,0.077,1.088,1,1100
190031694,-1.037,2.439,0.549,-0.030,0.014,1.073,1,1100
190032209,-1.037,2.439,0.549,-0.030,0.014,1.073,1,1100
190033694,-1.402,3.110,0.122,-0.116,-0.026,1.072,1,1100
190034202,-1.707,2.317,0.244,-0.070,0.012,1.014,1,1100
190035694,-1.707,1.098,-0.061,-0.053,-0.012,1.016,1,1100
190036208,-1.220,0.366,0.122,0.042,-0.018,1.015,1,1100
190037694,-0.549,0.122,1.159,0.156,0.082,1.094,1,1100
190038207,-0.549,0.122,1.159,0.156,0.082,1.094,1,1100
190039694,-0.793,2.317,0.610,0.005,0.007,1.021,1,1100
190040209,-0.793,2.317,0.610,0.005,0.007,1.021,1,1100
190041694,-1.098,2.866,0.122,-0.115,-0.044,1.013,1,1100
190042205,-1.463,2.134,0.305,-0.086,0.021,1.055,1,1100
190043694,-1.585,1.159,0.122,-0.053,-0.017,0.983,1,1100
190044209,-1.037,0.244,0.183,0.054,-0.003,1.044,1,1100
190045694,-0.610,0.122,1.402,0.152,0.093,1.092,1,1100
190046209,-0.610,0.122,1.402,0.152,0.093,1.092,1,1100
190047694,-1.098,2.378,0.488,0.000,0.039,1.008,1,1100
190048205,-1.524,3.049,0.244,-0.095,0.021,1.038,1,1100
190049694,-1.341,2.927,0.183,-0.094,-0.021,0.987,1,1100
190050209,-1.524,2.073,0.061,-0.106,-0.007,1.061,1,1100
190051694,-0.976,0.427,0.244,0.040,0.002,1.080,1,1100
190052206,-0.976,0.427,0.244,0.040,0.002,1.080,1,1100
190053694,-0.610,-0.305,0.976,0.132,0.110,1.081,1,1100
190054207,-0.610,0.976,0.915,0.132,0.110,1.081,1,1100
190055694,-0.488,2.378,0.610,0.004,0.042,1.029,1,1100
190056208,-1.037,2.988,0.305,-0.085,-0.002,1.031,1,1100
190057694,-1.280,2.317,0.183,-0.095,0.018,1.021,1,1100
190058208,-1.280,2.317,0.183,-0.111,-0.021,1.043,1,1100
190059694,-1.341,0.549,0.122,0.010,-0.014,1.085,1,1100
190060205,-1.341,0.549,0.122,0.010,-0.014,1.085,1,1100
190061694,-0.793,0.305,1.098,0.103,0.103,1.088,1,1100
190062209,-0.793,1.037,1.159,0.090,0.072,1.042,1,1100
190063694,-0.610,2.317,0.671,-0.027,0.045,1.047,1,1100
190064208,-1.220,2.744,0.244,-0.053,-0.010,0.987,1,1100
190065694,-1.646,2.378,-0.183,-0.077,-0.014,1.033,1,1100
190066209,-1.646,2.378,-0.183,-0.077,-0.014,1.033,1,1100
190067694,-0.915,0.427,-0.244,0.015,-0.022,1.023,1,1100
190068208,-0.305,-0.366,0.305,0.108,0.072,1.050,1,1100
190069694,-0.183,0.061,0.915,0.107,0.097,1.088,1,1100
190070207,-0.671,1.037,1.220,0.087,0.100,1.047,1,1100
190071694,-1.098,2.927,-0.122,-0.040,0.005,0.986,1,1100
190072208,-1.098,2.927,-0.122,-0.040,0.005,0.986,1,1100
190073694,-1.280,2.500,-0.061,-0.066,-0.029,0.982,1,1100
190074209,-1.280,2.500,-0.061,-0.066,-0.029,0.982,1,1100
190075694,-0.854,0.427,0.122,0.044,-0.022,1.052,1,1100
190076207,-0.549,-0.305,0.366,0.075,0.065,1.050,1,1100
190077694,-0.732,0.122,0.915,0.139,0.092,1.050,1,1100
190078205,-1.037,0.854,0.976,0.063,0.109,1.069,1,1100
190079694,-1.220,2.988,0.122,-0.077,0.045,1.003,1,1100
190080205,-1.220,2.988,0.122,-0.077,0.045,1.003,1,1100
190081694,-1.463,2.561,0.122,-0.088,0.015,1.007,1,1100
190082209,-1.463,1.280,-0.305,-0.061,-0.034,1.005,1,1100
190083694,-1.280,0.183,-0.122,0.033,-0.017,1.084,1,1100
190084208,-0.732,-0.183,0.122,0.067,0.062,1.029,1,1100
190085694,-0.610,1.037,1.037,0.030,0.094,1.054,1,1100
190086205,-0.610,1.037,1.037,0.030,0.094,1.054,1,1100
190087694,-1.098,2.866,0.122,-0.115,0.026,0.988,1,1100
190088208,-1.402,2.988,0.061,-0.115,0.026,0.988,1,1100
190089694,-1.829,2.317,-0.061,-0.128,0.021,1.046,1,1100
190090208,-1.646,1.524,-0.244,-0.016,-0.046,0.943,1,1100
190091694,-0.366,-0.183,0.366,-0.015,0.004,1.062,1,1100
190092205,-0.366,-0.183,0.366,0.099,0.061,1.037,1,1100
190093694,-0.427,0.915,1.220,0.041,0.096,1.013,1,1100
190094209,-0.427,0.915,1.220,0.041,0.096,1.013,1,1100
190095694,-1.220,2.988,0.061,-0.107,0.028,0.983,1,1100
190096207,-1.220,3.049,0.061,-0.076,-0.014,1.012,1,1100
190097694,-1.159,2.500,0.061,-0.135,-0.003,1.055,1,1100
190098206,-1.220,1.402,-0.427,-0.005,-0.032,0.989,1,1100
190099694,-0.305,-0.122,0.488,0.102,0.052,0.965,1,1100
190100208,-0.305,-0.122,0.488,0.102,0.052,0.965,1,1100
190101689,-0.183,0.793,1.159,0.098,0.097,1.014,1,1100
190102196,-0.671,2.012,0.427,0.000,0.054,1.091,1,1100
190103694,-0.976,2.744,0.244,-0.090,0.021,0.984,1,1100
190104214,-1.402,2.927,0.000,-0.094,-0.004,1.062,1,1100
190105696,-1.341,1.463,-0.183,-0.043,-0.026,0.986,1,1100
190106216,-1.341,1.463,-0.183,-0.043,-0.026,0.986,1,1100
190107702,-0.732,-0.305,0.244,0.117,0.060,1.051,1,1100
190108218,-0.732,-0.305,0.244,0.117,0.060,1.051,1,1100
190109695,-0.366,0.915,0.915,0.113,0.110,1.060,1,1100
190110213,-0.793,2.134,0.427,-0.001,0.045,1.055,1,1100
190111698,-0.915,2.866,0.244,-0.043,0.019,0.966,1,1100
190112219,-1.646,3.049,0.061,-0.140,-0.002,1.070,1,1100
190113697,-1.280,1.585,-0.183,-0.076,0.014,1.009,1,1100
190114207,-1.280,1.585,-0.183,-0.076,0.014,1.009,1,1100
190115694,-0.671,-0.549,0.427,0.078,0.079,1.074,1,1100
190116207,-0.488,-0.427,0.976,0.126,0.051,1.035,1,1100
190117694,-0.549,0.549,1.098,0.078,0.111,1.078,1,1100
190118209,-0.854,2.256,0.549,-0.012,0.024,1.031,1,1100
190119694,-1.402,3.049,0.305,-0.133,-0.010,1.023,1,1100
190120202,-1.402,3.049,0.305,-0.133,-0.010,1.023,1,1100
190121694,-1.402,1.707,-0.244,-0.111,0.007,1.020,1,1100
190122207,-1.159,0.732,-0.244,-0.111,0.007,1.020,1,1100
190123694,-1.037,-0.244,0.183,0.042,0.070,1.089,1,1100
190124207,-0.671,-0.122,0.915,0.165,0.078,1.006,1,1100
190125694,-0.854,2.012,0.915,0.050,0.125,1.111,1,1100
190126208,-0.854,2.012,0.915,0.033,0.030,1.026,1,1100
190127694,-1.220,2.988,0.000,-0.079,-0.036,1.008,1,1100
190128208,-1.220,2.988,0.000,-0.079,-0.036,1.008,1,1100
190129694,-1.280,1.707,-0.061,-0.076,-0.021,1.006,1,1100
190130209,-1.159,0.793,0.061,0.014,-0.029,1.050,1,1100
190131694,-0.732,0.244,0.305,0.062,0.050,1.098,1,1100
190132209,-0.244,-0.061,1.098,0.149,0.104,1.000,1,1100
190133694,-0.732,2.012,0.915,0.022,0.053,1.031,1,1100
190134202,-0.732,2.012,0.915,0.022,0.053,1.031,1,1100
190135694,-1.341,2.866,0.183,-0.098,0.008,1.046,1,1100
190136208,-1.524,2.683,0.183,-0.102,-0.000,1.024,1,1100
190137694,-1.159,1.890,0.305,-0.033,-0.017,0.984,1,1100
190138209,-1.037,0.976,-0.244,-0.031,-0.019,1.003,1,1100
190139694,-0.671,-0.061,0.915,0.107,0.101,1.050,1,1100
190140209,-0.671,-0.061,0.915,0.107,0.101,1.050,1,1100
190141694,-1.159,2.012,0.793,0.017,0.066,1.093,1,1100
190142208,-1.159,2.012,0.793,0.017,0.066,1.093,1,1100
190143694,-1.280,3.171,0.122,-0.116,0.008,1.056,1,1100
190144208,-1.463,2.561,0.061,-0.106,-0.018,0.974,1,1100
190145694,-1.524,1.829,0.000,-0.044,0.008,1.044,1,1100
190146208,-1.341,0.854,0.000,-0.027,-0.043,1.035,1,1100
190147694,-0.488,0.000,1.037,0.109,0.098,1.021,1,1100
190148209,-0.488,0.000,1.037,0.109,0.098,1.021,1,1100
190149694,-1.280,1.829,0.732,0.000,0.054,1.099,1,1100
190150209,-1.280,2.988,0.305,-0.034,0.005,0.979,1,1100
190151694,-1.707,3.049,0.000,-0.136,-0.008,1.072,1,1100
190152208,-1.280,2.866,0.305,-0.089,-0.019,0.982,1,1100
190153694,-1.280,0.915,0.061,0.008,-0.048,0.969,1,1100
190154208,-1.280,0.915,0.061,0.008,-0.048,0.969,1,1100
190155694,-0.366,0.000,1.037,0.118,0.078,1.053,1,1100
190156205,-0.244,0.610,1.159,0.118,0.078,1.053,1,1100
190157694,-0.610,1.829,0.732,0.015,0.044,1.073,1,1100
190158209,-0.976,2.439,0.244,-0.074,0.031,0.976,1,1100
190159694,-1.463,2.744,-0.122,-0.105,-0.020,1.051,1,1100
190160207,-1.463,2.744,-0.122,-0.094,0.015,0.963,1,1100
190161694,-1.646,0.610,-0.244,0.025,-0.043,1.002,1,1100
190162208,-1.646,0.610,-0.244,0.025,-0.043,1.002,1,1100
190163694,-0.671,-0.183,0.793,0.153,0.059,1.035,1,1100
190164209,-0.549,0.549,1.159,0.063,0.124,1.062,1,1100
190165694,-0.854,1.951,0.671,0.040,0.033,1.069,1,1100
190166209,-0.915,2.805,0.610,-0.060,0.053,1.035,1,1100
190167694,-1.341,2.744,-0.122,-0.104,0.005,1.017,1,1100
190168205,-1.341,2.744,-0.122,-0.104,0.005,1.017,1,1100
190169694,-1.524,0.793,-0.122,0.028,-0.026,1.053,1,1100
190170209,-0.976,-0.122,0.061,0.029,0.049,1.041,1,1100
190171694,-0.671,-0.061,0.610,0.165,0.074,1.076,1,1100
190172205,-0.427,0.488,0.976,0.053,0.108,1.044,1,1100
190173694,-1.341,2.500,0.244,-0.106,0.035,1.037,1,1100
190174208,-1.341,2.500,0.244,-0.106,0.035,1.037,1,1100
190175694,-1.524,2.744,0.183,-0.121,0.009,1.045,1,1100
190176202,-1.524,2.744,0.183,-0.121,0.009,1.045,1,1100
190177694,-1.463,0.732,0.183,0.004,-0.025,1.099,1,1100
190178208,-0.488,0.000,0.549,0.056,0.037,1.017,1,1100
190179694,-0.549,-0.244,0.854,0.139,0.091,1.087,1,1100
190180209,-0.671,0.305,1.159,0.100,0.096,1.025,1,1100
190181694,-1.341,2.622,0.427,-0.080,0.013,1.049,1,1100
190182208,-1.341,2.622,0.427,-0.080,0.013,1.049,1,1100
190183694,-1.280,2.988,-0.122,-0.125,-0.021,1.045,1,1100
190184207,-1.037,1.951,0.000,-0.045,-0.000,0.982,1,1100
190185694,-1.098,0.854,-0.183,-0.038,-0.024,1.060,1,1100
190186208,-0.732,0.000,0.244,0.100,0.030,1.013,1,1100
190187694,-0.488,0.610,1.220,0.158,0.068,1.018,1,1100
190188209,-0.488,0.610,1.220,0.158,0.068,1.018,1,1100
190189694,-1.098,2.805,0.610,-0.018,-0.018,1.032,1,1100
190190208,-1.280,3.293,0.488,-0.018,-0.018,1.032,1,1100
190191694,-1.037,2.988,0.183,-0.065,-0.053,1.021,1,1100
190192209,-1.220,2.073,0.244,-0.107,0.030,0.995,1,1100
190193694,-0.549,0.122,0.366,-0.022,-0.053,1.062,1,1100
190194209,-0.549,0.122,0.366,0.083,0.039,1.044,1,1100
190195694,-0.488,0.549,1.159,0.136,0.128,1.083,1,1100
190196209,-0.488,0.549,1.159,0.136,0.128,1.083,1,1100
190197694,-1.341,2.683,0.366,-0.034,0.057,0.998,1,1100
190198207,-1.341,3.171,-0.183,-0.131,-0.021,1.050,1,1100
190199694,-1.402,2.866,-0.122,-0.064,-0.002,0.986,1,1100
190200205,-1.646,1.951,-0.061,-0.105,-0.012,1.042,1,1100
190201694,-0.915,-0.122,0.000,0.040,0.029,1.104,1,1100
190202207,-0.915,-0.122,0.000,0.040,0.029,1.104,1,1100
190203694,-0.427,0.427,0.915,0.110,0.107,1.062,1,1100
190204208,-0.732,1.646,0.793,0.039,0.064,1.048,1,1100
190205702,-0.732,2.744,0.549,-0.017,0.040,1.045,1,1100
190206229,-1.463,3.110,0.244,-0.122,-0.022,0.996,1,1100
190207697,-1.341,1.951,0.000,-0.094,0.001,1.081,1,1100
190208214,-1.341,1.951,0.000,-0.094,0.001,1.081,1,1100
190209694,-0.793,0.000,-0.122,0.030,0.013,1.017,1,1100
190210202,-0.793,0.000,-0.122,0.030,0.013,1.017,1,1100
190211694,-0.732,0.427,1.159,0.091,0.096,1.086,1,1100
190212207,-0.976,1.585,0.976,0.042,0.062,1.060,1,1100
190213694,-1.159,2.561,0.610,-0.055,0.047,1.049,1,1100
190214209,-1.463,3.232,0.366,-0.062,-0.002,0.979,1,1100
190215694,-1.463,2.256,-0.183,-0.083,-0.031,1.020,1,1100
190216207,-1.463,2.256,-0.183,-0.083,-0.031,1.020,1,1100
190217694,-0.732,0.183,0.000,0.067,-0.006,0.999,1,1100
190218208,-0.427,-0.244,0.732,0.097,0.102,1.092,1,1100
190219694,-0.488,0.610,0.976,0.108,0.089,1.044,1,1100
190220209,-0.732,1.585,0.610,0.052,0.083,1.072,1,1100
190221694,-1.341,2.927,0.061,-0.056,0.009,1.005,1,1100
190222209,-1.341,2.927,0.061,-0.056,0.009,1.005,1,1100
190223694,-1.341,2.378,0.000,-0.064,-0.020,0.985,1,1100
190224205,-1.341,1.463,-0.122,-0.064,-0.020,0.985,1,1100
190225694,-0.976,0.610,0.000,0.084,-0.004,1.000,1,1100
190226208,-0.793,-0.061,0.488,0.080,0.090,1.115,1,1100
190227694,-0.915,1.524,0.793,0.129,0.104,1.018,1,1100
190228208,-0.915,1.524,0.793,0.030,0.064,1.092,1,1100
190229694,-1.341,2.744,-0.122,-0.095,0.012,1.011,1,1100
190230209,-1.341,2.744,-0.122,-0.095,0.012,1.011,1,1100
190231694,-1.220,2.195,-0.183,-0.083,0.009,0.981,1,1100
190232202,-1.280,1.220,-0.244,-0.034,-0.045,1.076,1,1100
190233694,-0.732,0.244,0.000,0.046,0.034,0.969,1,1100
190234202,-0.488,-0.244,0.732,0.113,0.072,1.126,1,1100
190235694,-0.610,1.463,0.793,0.052,0.038,1.082,1,1100
190236209,-0.610,1.463,0.793,0.052,0.038,1.082,1,1100
190237694,-1.280,2.988,-0.061,-0.107,-0.027,1.030,1,1100
190238208,-1.402,2.927,0.183,-0.074,-0.001,0.997,1,1100
190239698,-1.585,2.317,0.122,-0.105,0.004,1.001,1,1100
190240222,-1.098,1.280,0.061,-0.005,-0.050,1.078,1,1100
190241698,-0.549,0.000,0.366,0.125,0.062,1.057,1,1100
190242207,-0.549,0.000,0.366,0.125,0.062,1.057,1,1100
190243702,-0.854,1.402,0.610,0.083,0.045,1.034,1,1100
190244229,-1.159,2.256,0.000,0.083,0.045,1.034,1,1100
190245696,-1.037,3.110,-0.122,-0.095,-0.009,0.972,1,1100
190246207,-1.341,2.927,-0.183,-0.095,0.001,1.059,1,1100
190247698,-1.585,2.195,-0.183,-0.101,-0.001,0.995,1,1100
190248219,-1.463,1.037,-0.244,0.017,-0.025,1.059,1,1100
190249701,-0.610,-0.122,0.305,0.135,0.058,1.046,1,1100
190250214,-0.610,-0.122,0.305,0.135,0.058,1.046,1,1100
190251695,-0.427,1.524,0.976,0.111,0.067,1.037,1,1100
190252210,-1.220,2.561,0.549,-0.070,0.027,1.081,1,1100
190253694,-1.220,2.988,0.000,-0.084,0.010,0.957,1,1100
190254209,-1.768,2.927,-0.244,-0.099,-0.021,1.079,1,1100
190255694,-1.463,1.280,-0.244,-0.014,-0.031,1.075,1,1100
190256208,-1.463,1.280,-0.244,-0.014,-0.031,1.075,1,1100
190257694,-0.549,-0.061,0.305,0.115,0.068,1.073,1,1100
190258209,-0.610,0.366,0.976,0.115,0.068,1.073,1,1100
190259694,-0.488,1.341,1.220,0.090,0.083,1.042,1,1100
190260206,-0.915,2.683,0.671,-0.063,0.021,1.087,1,1100
190261694,-1.707,2.988,-0.183,-0.058,0.013,0.971,1,1100
190262209,-1.707,2.988,-0.183,-0.136,-0.030,1.028,1,1100
190263694,-1.707,1.098,-0.244,-0.029,-0.026,1.081,1,1100
190264205,-1.707,1.098,-0.244,-0.029,-0.026,1.081,1,1100
190265694,-0.427,-0.488,0.305,0.099,0.082,1.057,1,1100
190266205,-0.061,0.183,0.854,0.146,0.078,1.057,1,1100
190267694,-0.549,1.402,0.732,0.041,0.106,1.073,1,1100
190268209,-1.220,2.683,0.305,-0.029,0.024,1.038,1,1100
190269694,-1.463,2.988,-0.366,-0.105,-0.042,1.021,1,1100
190270209,-1.463,2.988,-0.366,-0.105,-0.042,1.021,1,1100
190271694,-1.159,1.341,-0.183,-0.060,-0.008,1.006,1,1100
190272208,-0.793,0.244,0.061,0.090,-0.009,1.052,1,1100
190273694,-0.305,-0.366,0.427,0.073,0.076,1.081,1,1100
190274207,-0.366,0.122,0.976,0.167,0.099,1.070,1,1100
190275694,-0.915,2.622,0.610,0.022,0.088,1.067,1,1100
190276208,-0.915,2.622,0.610,0.030,0.022,0.987,1,1100
190277694,-1.098,3.171,-0.244,-0.078,-0.042,1.029,1,1100
190278214,-1.098,3.171,-0.244,-0.078,-0.042,1.029,1,1100
190279694,-1.098,1.341,0.000,-0.045,-0.016,0.987,1,1100
190280209,-0.671,0.122,0.122,0.036,0.004,1.058,1,1100
190281694,-0.244,-0.427,0.610,0.099,0.066,1.067,1,1100
190282209,-0.488,0.000,1.037,0.138,0.104,1.093,1,1100
190283694,-1.159,2.317,0.549,-0.018,0.077,1.036,1,1100
190284209,-1.159,2.317,0.549,-0.018,0.077,1.036,1,1100
190285694,-1.463,2.927,0.122,-0.091,0.020,0.956,1,1100
190286209,-1.646,2.378,-0.061,-0.091,-0.018,1.045,1,1100
190287694,-1.159,1.341,0.183,-0.019,-0.007,1.030,1,1100
190288208,-0.915,0.183,-0.061,0.013,-0.021,1.055,1,1100
190289694,-0.793,0.244,0.793,0.098,0.106,1.072,1,1100
190290209,-0.793,0.244,0.793,0.098,0.106,1.072,1,1100
190291694,-1.220,2.195,0.671,-0.060,0.069,1.027,1,1100
190292208,-1.159,2.805,0.122,-0.060,0.069,1.027,1,1100
190293694,-1.159,2.866,0.122,-0.125,0.008,1.017,1,1100
190294202,-0.976,2.378,0.000,-0.088,-0.027,1.018,1,1100
190295694,-1.037,0.305,0.000,-0.037,0.001,1.035,1,1100
190296208,-1.037,0.305,0.000,0.033,-0.009,1.044,1,1100
190297701,-0.610,-0.244,0.793,0.088,0.107,1.041,1,1100
190298222,-0.610,-0.244,0.793,0.088,0.107,1.041,1,1100
190299696,-0.976,2.439,0.488,-0.052,0.043,1.033,1,1100
190300205,-1.220,3.049,0.183,-0.042,-0.005,1.008,1,1100
190301694,-1.463,2.988,0.061,-0.146,0.004,1.053,1,1100
190302209,-1.341,2.317,0.061,-0.071,-0.018,0.973,1,1100
190303694,-0.793,0.427,0.000,0.048,-0.018,1.030,1,1100
190304205,-0.793,0.427,0.000,0.048,-0.018,1.030,1,1100
190305694,-0.305,0.183,1.037,0.118,0.109,1.040,1,1100
190306208,-0.671,0.976,0.976,0.064,0.093,1.092,1,1100
190307694,-0.976,2.317,0.610,-0.017,0.031,1.021,1,1100
190308208,-1.463,2.927,0.427,-0.076,0.011,1.010,1,1100
190309694,-1.463,2.317,-0.061,-0.123,-0.023,1.031,1,1100
190310209,-1.463,2.317,-0.061,-0.080,-0.004,1.015,1,1100
190311694,-0.732,0.366,0.122,0.047,-0.003,1.029,1,1100
190312208,-0.732,0.366,0.122,0.047,-0.003,1.029,1,1100
190313694,-0.366,-0.183,1.220,0.150,0.112,1.083,1,1100
190314209,-0.915,0.976,0.915,0.039,0.086,1.063,1,1100
190315694,-1.098,2.378,0.488,0.019,0.044,1.031,1,1100
190316209,-1.463,2.927,0.244,-0.097,0.018,1.017,1,1100
190317694,-1.402,2.378,0.000,-0.129,0.007,1.044,1,1100
190318205,-1.402,2.378,0.000,-0.129,0.007,1.044,1,1100
190319694,-1.159,0.427,-0.183,0.015,0.021,1.073,1,1100
190320202,-0.610,-0.122,0.122,0.097,0.044,1.004,1,1100
190321694,-0.427,0.000,1.159,0.128,0.118,1.113,1,1100
190322205,-0.671,0.915,0.976,0.046,0.069,1.028,1,1100
190323694,-1.341,3.171,0.488,-0.112,0.004,0.986,1,1100
190324202,-1.341,3.171,0.488,-0.112,0.004,0.986,1,1100
190325694,-1.463,2.439,0.122,-0.146,0.013,1.068,1,1100
190326208,-1.280,1.524,0.122,-0.146,0.013,1.068,1,1100
190327694,-1.280,0.427,-0.061,-0.002,0.004,1.083,1,1100
190328209,-0.610,-0.122,0.427,0.127,0.045,0.985,1,1100
190329694,-0.488,0.976,1.220,0.100,0.101,1.155,1,1100
190330205,-0.488,0.976,1.220,0.091,0.091,1.006,1,1100
190331694,-0.793,3.049,0.793,-0.064,0.020,0.966,1,1100
190332205,-0.793,3.049,0.793,-0.064,0.020,0.966,1,1100
190333694,-1.524,2.500,-0.244,-0.115,-0.029,1.055,1,1100
190334214,-1.524,1.646,-0.183,-0.029,-0.011,0.980,1,1100
190335694,-1.280,0.549,0.000,0.003,-0.021,1.094,1,1100
190336208,-0.671,-0.061,0.549,0.107,0.079,0.995,1,1100
190337694,-0.488,0.976,1.220,0.086,0.118,1.026,1,1100
190338208,-0.488,0.976,1.220,0.086,0.118,1.026,1,1100
190339694,-1.220,2.805,0.549,-0.077,0.043,0.972,1,1100
190340208,-1.402,3.049,0.183,-0.121,-0.028,1.075,1,1100
190341694,-1.341,2.561,0.000,-0.087,-0.009,1.016,1,1100
190342206,-1.280,1.585,0.000,-0.054,0.005,1.000,1,1100
190343694,-0.244,-0.366,0.610,0.029,-0.023,1.034,1,1100
190344205,-0.244,-0.366,0.610,0.084,0.068,1.080,1,1100
190345694,-0.671,0.854,1.159,0.092,0.116,1.058,1,1100
190346205,-0.671,0.854,1.159,0.092,0.116,1.058,1,1100
190347694,-1.159,3.232,0.244,-0.059,0.029,1.005,1,1100
190348205,-1.159,3.293,0.061,-0.123,-0.022,1.044,1,1100
190349694,-1.220,2.622,-0.061,-0.059,0.003,1.028,1,1100
190350208,-1.341,1.463,-0.244,-0.074,0.003,1.003,1,1100
190351694,-0.732,-0.061,0.000,0.046,0.049,1.101,1,1100
190352207,-0.732,-0.061,0.000,0.046,0.049,1.101,1,1100
190353694,-0.854,0.854,0.915,0.062,0.109,1.097,1,1100
190354208,-0.915,1.890,0.366,0.019,0.046,0.995,1,1100
190355694,-1.402,2.378,0.244,-0.078,0.022,1.062,1,1100
190356209,-1.524,2.805,-0.061,-0.099,-0.016,1.013,1,1100
190357694,-1.463,1.402,-0.183,-0.056,-0.019,0.985,1,1100
190358209,-1.463,1.402,-0.183,-0.056,-0.019,0.985,1,1100
190359694,-0.610,-0.061,0.305,0.070,0.048,1.089,1,1100
190360209,-0.183,0.000,0.915,0.070,0.048,1.089,1,1100
190361694,-0.732,0.915,1.037,0.062,0.096,1.101,1,1100
190362208,-0.854,2.012,0.793,0.027,0.053,1.006,1,1100
190363694,-1.707,2.927,0.244,-0.086,-0.004,1.034,1,1100
190364209,-1.707,2.927,0.244,-0.095,-0.005,1.026,1,1100
190365694,-1.402,1.768,0.061,-0.045,-0.009,1.003,1,1100
190366207,-1.402,1.768,0.061,-0.045,-0.009,1.003,1,1100
190367694,-0.793,0.000,0.183,0.096,0.041,1.096,1,1100
190368205,-0.549,-0.183,0.976,0.113,0.112,1.050,1,1100
190369694,-0.793,0.732,1.220,0.077,0.081,1.090,1,1100
190370202,-1.037,1.829,0.976,0.004,0.066,1.036,1,1100
190371694,-1.463,3.049,0.183,-0.117,0.013,1.056,1,1100
190372208,-1.463,3.049,0.183,-0.117,0.013,1.056,1,1100
190373694,-1.524,1.707,0.183,-0.035,-0.001,1.057,1,1100
190374207,-1.159,0.549,0.061,-0.021,-0.034,1.021,1,1100
190375694,-0.732,-0.183,0.305,0.112,0.042,1.083,1,1100
190376209,-0.610,-0.244,0.854,0.085,0.120,1.022,1,1100
190377694,-1.037,1.829,0.671,0.113,0.088,1.075,1,1100
190378205,-1.037,1.829,0.671,-0.031,0.074,1.050,1,1100
190379694,-1.829,3.110,0.061,-0.133,0.012,1.107,1,1100
190380206,-1.829,3.110,0.061,-0.133,0.012,1.107,1,1100
190381694,-1.707,1.707,-0.244,-0.074,0.006,1.068,1,1100
190382209,-1.220,0.854,-0.305,0.006,-0.039,0.971,1,1100
190383694,-0.915,0.000,0.305,0.082,0.046,1.089,1,1100
190384206,-0.671,-0.183,0.549,0.108,0.100,1.033,1,1100
190385694,-1.098,2.012,0.488,-0.024,0.043,1.049,1,1100
190386209,-1.098,2.012,0.488,-0.024,0.043,1.049,1,1100
190387694,-1.524,3.110,0.000,-0.146,-0.001,1.054,1,1100
190388208,-1.402,2.805,0.305,-0.049,-0.021,1.000,1,1100
190389701,-1.524,1.646,-0.061,-0.100,0.016,1.068,1,1100
190390223,-1.098,0.915,-0.122,0.046,-0.042,1.007,1,1100
190391696,-0.610,0.000,0.915,0.179,0.072,1.023,1,1100
190392206,-0.610,0.000,0.915,0.179,0.072,1.023,1,1100
190393694,-0.976,1.890,0.427,0.069,-0.001,1.068,1,1100
190394211,-1.098,2.500,0.305,0.069,-0.001,1.068,1,1100
190395694,-1.280,3.293,0.061,-0.083,-0.043,1.029,1,1100
190396205,-1.402,2.744,0.000,-0.114,0.028,1.010,1,1100
190397694,-0.915,0.488,-0.183,-0.065,-0.059,1.019,1,1100
190398209,-0.915,0.488,-0.183,0.003,0.011,0.996,1,1100
190399694,-0.305,-0.366,0.854,0.151,0.113,1.082,1,1100
190400205,-0.305,-0.366,0.854,0.151,0.113,1.082,1,1100
190401694,-0.793,1.890,0.976,0.066,0.087,1.010,1,1100
190402207,-1.402,2.744,0.244,-0.090,0.003,1.026,1,1100
190403694,-1.463,3.171,0.244,-0.065,0.006,0.999,1,1100
190404208,-1.829,2.439,-0.061,-0.128,-0.007,1.069,1,1100
190405694,-1.524,0.671,0.000,-0.036,-0.013,1.027,1,1100
190406205,-1.524,0.671,0.000,-0.036,-0.013,1.027,1,1100
190407694,-0.610,0.000,0.793,0.111,0.089,1.102,1,1100
190408202,-0.549,0.671,1.098,0.111,0.089,1.102,1,1100
190409694,-0.610,2.073,0.793,0.033,0.055,1.072,1,1100
190410209,-1.098,2.744,0.305,-0.067,0.026,1.014,1,1100
190411694,-1.646,2.866,0.000,-0.111,0.010,1.046,1,1100
190412202,-1.646,2.866,0.000,-0.105,-0.040,0.990,1,1100
190413694,-1.585,0.854,-0.122,-0.002,-0.035,1.102,1,1100
190414208,-1.585,0.854,-0.122,-0.002,-0.035,1.102,1,1100
190415694,-0.915,-0.366,0.732,0.110,0.062,1.064,1,1100
190416202,-0.915,0.244,1.220,0.121,0.111,1.038,1,1100
190417694,-1.280,1.829,0.793,0.027,0.044,1.083,1,1100
190418202,-1.159,2.866,0.549,-0.043,0.021,0.990,1,1100
190419694,-1.341,2.500,0.000,-0.055,-0.022,0.981,1,1100
190420207,-1.341,2.500,0.000,-0.055,-0.022,0.981,1,1100
190421694,-1.159,0.976,-0.122,-0.014,-0.045,1.022,1,1100
190422207,-0.915,0.061,0.244,0.071,0.041,1.114,1,1100
190423694,-0.671,0.000,0.854,0.122,0.082,1.031,1,1100
190424208,-0.610,0.671,1.220,0.097,0.120,1.066,1,1100
190425694,-0.915,2.683,0.000,-0.026,0.033,1.009,1,1100
190426208,-0.915,2.683,0.000,-0.026,0.033,1.009,1,1100
190427694,-1.768,2.744,-0.305,-0.080,-0.022,0.989,1,1100
190428209,-1.524,1.768,-0.244,-0.080,-0.022,0.989,1,1100
190429694,-1.341,0.854,-0.244,0.002,-0.023,0.994,1,1100
190430209,-0.915,0.000,0.061,0.047,0.029,1.069,1,1100
190431694,-0.915,0.427,1.159,0.137,0.087,1.011,1,1100
190432209,-0.915,0.427,1.159,0.092,0.102,1.114,1,1100
190433694,-0.976,2.988,0.305,-0.032,0.034,1.059,1,1100
190434209,-0.976,2.988,0.305,-0.032,0.034,1.059,1,1100
190435694,-1.646,2.988,0.183,-0.075,-0.006,0.995,1,1100
190436209,-1.341,2.073,0.183,-0.098,-0.004,1.056,1,1100
190437694,-1.037,1.037,0.061,0.003,-0.021,1.028,1,1100
190438208,-0.610,0.061,0.366,0.062,0.023,1.049,1,1100
190439694,-0.366,0.427,0.976,0.081,0.098,1.094,1,1100
190440208,-0.366,0.427,0.976,0.081,0.098,1.094,1,1100
190441694,-0.793,2.500,0.549,-0.070,0.030,1.022,1,1100
190442209,-1.220,2.988,0.305,-0.086,0.005,1.023,1,1100
190443694,-1.341,2.927,0.000,-0.098,-0.021,0.994,1,1100
190444202,-1.768,2.012,0.122,-0.066,-0.007,0.997,1,1100
190445694,-1.037,0.122,0.305,-0.025,-0.011,1.098,1,1100
190446202,-1.037,0.122,0.305,0.085,-0.002,1.019,1,1100
190447694,-0.793,0.366,0.732,0.106,0.092,1.021,1,1100
190448202,-0.793,0.366,0.732,0.106,0.092,1.021,1,1100
190449694,-1.037,2.500,0.366,-0.054,0.015,0.994,1,1100
190450209,-1.524,3.049,0.000,-0.111,0.011,1.034,1,1100
190451694,-1.585,3.232,-0.122,-0.107,-0.025,1.036,1,1100
190452209,-1.341,2.256,-0.183,-0.047,0.004,0.990,1,1100
190453694,-0.793,0.000,0.000,0.086,-0.002,1.015,1,1100
190454209,-0.793,0.000,0.000,0.086,-0.002,1.015,1,1100
190455694,-0.183,0.305,1.159,0.130,0.099,0.983,1,1100
190456208,-0.671,1.585,0.976,0.030,0.073,1.107,1,1100
190457694,-1.037,2.378,0.305,-0.034,0.024,0.994,1,1100
190458209,-1.341,2.622,0.244,-0.099,0.014,1.032,1,1100
190459694,-1.463,1.951,0.061,-0.060,-0.003,1.032,1,1100
190460206,-1.463,1.951,0.061,-0.060,-0.003,1.032,1,1100
190461694,-0.793,0.183,0.061,0.072,0.021,0.982,1,1100
190462209,-0.610,-0.183,0.488,0.072,0.021,0.982,1,1100
190463689,-0.305,0.549,1.220,0.109,0.116,1.029,1,1100
190464202,-0.671,1.646,0.793,0.025,0.052,1.129,1,1100
190465694,-0.793,2.317,0.427,-0.034,0.040,1.012,1,1100
190466209,-1.524,2.988,0.366,-0.109,-0.012,1.009,1,1100
190467694,-1.402,2.195,0.000,-0.096,0.005,1.029,1,1100
190468208,-1.402,2.195,0.000,-0.096,0.005,1.029,1,1100
190469694,-0.854,0.244,0.122,0.039,0.035,0.998,1,1100
190470214,-0.427,-0.061,0.488,0.127,0.058,1.071,1,1100
190471694,-0.549,0.488,1.098,0.091,0.134,1.068,1,1100
190472208,-0.610,1.768,1.037,0.052,0.051,1.068,1,1100
190473694,-1.402,3.110,0.305,-0.095,-0.018,0.988,1,1100
190474202,-1.402,3.110,0.305,-0.095,-0.018,0.988,1,1100
190475694,-1.463,2.134,0.000,-0.108,-0.001,1.001,1,1100
190476209,-1.402,1.159,0.000,-0.108,-0.001,1.001,1,1100
190477694,-1.098,0.061,0.122,0.029,0.023,1.005,1,1100
190478209,-0.732,-0.488,0.671,0.128,0.054,1.039,1,1100
190479694,-0.976,1.585,0.976,0.077,0.124,1.093,1,1100
190480207,-0.976,1.585,0.976,0.081,0.068,1.045,1,1100
190481694,-1.402,3.110,0.366,-0.085,-0.009,0.957,1,1100
190482206,-1.402,3.110,0.366,-0.085,-0.009,0.957,1,1100
190483694,-1.402,2.256,-0.061,-0.107,-0.013,0.993,1,1100
190484209,-1.463,1.098,-0.061,0.005,-0.020,1.059,1,1100
190485694,-0.976,0.000,0.000,0.018,0.025,1.027,1,1100
190486209,-0.305,-0.488,0.915,0.138,0.074,1.062,1,1100
190487694,-0.610,1.402,1.280,0.064,0.099,1.022,1,1100
190488205,-0.610,1.402,1.280,0.064,0.099,1.022,1,1100
190489694,-1.098,2.866,0.427,-0.081,0.043,0.948,1,1100
190490208,-1.585,2.927,0.000,-0.123,-0.041,1.066,1,1100
190491694,-1.524,2.073,0.366,-0.062,0.010,0.972,1,1100
190492202,-0.976,1.037,0.061,-0.040,-0.015,1.044,1,1100
190493704,-0.732,-0.305,0.610,0.087,0.085,1.091,1,1100
190494233,-0.732,-0.305,0.610,0.087,0.085,1.091,1,1100
190495697,-0.854,1.341,0.976,0.046,0.086,1.039,1,1100
190496214,-1.037,2.439,0.488,0.046,0.086,1.039,1,1100
190497694,-1.159,2.927,0.366,-0.095,0.022,1.042,1,1100
190498205,-1.341,3.049,0.122,-0.098,-0.040,1.021,1,1100
190499694,-1.524,2.012,-0.122,-0.080,0.012,1.002,1,1100
190500205,-1.220,1.098,-0.488,-0.039,-0.039,1.042,1,1100
190501694,-0.671,-0.183,0.488,0.087,0.067,1.062,1,1100
190502208,-0.671,-0.183,0.488,0.087,0.067,1.062,1,1100
190503694,-0.854,1.159,1.037,0.060,0.079,1.069,1,1100
190504208,-1.037,2.439,0.854,-0.017,0.032,1.004,1,1100
190505694,-1.646,2.988,0.366,-0.100,0.009,1.040,1,1100
190506209,-1.829,2.744,-0.122,-0.094,-0.027,1.012,1,1100
190507694,-1.220,1.280,0.000,-0.037,-0.025,0.979,1,1100
190508208,-1.220,1.280,0.000,-0.037,-0.025,0.979,1,1100
190509694,-0.488,-0.122,0.610,0.099,0.047,1.042,1,1100
190510208,-0.610,0.122,1.098,0.099,0.047,1.042,1,1100
190511694,-1.037,1.159,0.732,0.035,0.095,1.063,1,1100
190512207,-0.976,2.317,0.549,0.006,0.042,1.037,1,1100
190513694,-1.280,2.744,-0.061,-0.111,0.009,1.024,1,1100
190514205,-1.280,2.744,-0.061,-0.094,-0.018,1.001,1,1100
190515694,-0.793,1.220,-0.122,-0.018,-0.020,0.991,1,1100
190516205,-0.793,1.220,-0.122,-0.018,-0.020,0.991,1,1100
190517694,-0.549,-0.488,0.366,0.105,0.048,1.046,1,1100
190518205,-0.549,0.000,1.098,0.108,0.094,1.099,1,1100
190519694,-0.793,1.037,0.915,0.064,0.084,1.058,1,1100
190520209,-0.976,2.134,0.610,-0.028,0.051,1.040,1,1100
190521694,-1.585,2.988,-0.122,-0.138,-0.002,0.993,1,1100
190522207,-1.585,2.988,-0.122,-0.138,-0.002,0.993,1,1100
190523694,-1.402,1.220,0.061,-0.029,0.000,1.024,1,1100
190524205,-1.037,0.244,0.183,0.019,0.005,1.033,1,1100
190525694,-0.610,-0.183,0.610,0.104,0.056,1.089,1,1100
190526209,-0.305,0.244,0.976,0.081,0.123,1.042,1,1100
190527694,-0.915,2.134,0.732,-0.067,0.071,1.013,1,1100
190528209,-0.915,2.134,0.732,-0.067,0.071,1.013,1,1100
190529694,-1.463,2.988,0.000,-0.158,0.007,1.024,1,1100
190530207,-1.402,2.683,0.122,-0.158,0.007,1.024,1,1100
190531694,-1.463,1.524,0.061,-0.042,-0.015,1.032,1,1100
190532208,-1.402,0.488,-0.061,0.035,-0.015,0.991,1,1100
190533694,-1.098,-0.427,0.305,0.104,0.051,1.071,1,1100
190534208,-0.427,0.000,0.976,0.113,0.118,1.051,1,1100
190535694,-0.915,2.073,0.183,-0.049,0.054,1.012,1,1100
190536209,-0.915,2.073,0.183,-0.049,0.054,1.012,1,1100
190537694,-1.463,3.049,-0.122,-0.137,0.005,1.004,1,1100
190538208,-1.341,2.439,-0.061,-0.062,-0.016,1.015,1,1100
190539700,-1.646,1.402,-0.183,-0.071,-0.006,1.025,1,1100
190540221,-0.854,0.366,-0.061,0.048,-0.010,1.070,1,1100
190541700,-0.488,0.244,0.854,0.153,0.107,1.048,1,1100
190542218,-0.488,0.244,0.854,0.153,0.107,1.048,1,1100
190543694,-0.610,2.134,0.488,0.024,0.026,1.027,1,1100
190544210,-1.341,3.049,0.244,0.024,0.026,1.027,1,1100
190545694,-1.341,3.171,-0.061,-0.080,-0.029,1.033,1,1100
190546209,-1.402,2.378,-0.122,-0.121,0.022,1.023,1,1100
190547694,-0.610,0.732,0.244,-0.028,-0.032,0.970,1,1100
190548202,-0.610,0.732,0.244,0.020,0.015,1.092,1,1100
190549694,-0.244,0.000,0.915,0.133,0.133,1.091,1,1100
190550209,-0.244,0.000,0.915,0.133,0.133,1.091,1,1100
190551694,-0.671,2.378,0.671,0.001,0.032,1.055,1,1100
190552205,-1.220,3.171,0.061,-0.116,-0.003,1.004,1,1100
190553694,-1.159,3.171,0.122,-0.080,0.001,1.021,1,1100
190554209,-1.585,2.439,0.000,-0.130,0.001,1.060,1,1100
190555701,-1.220,0.244,-0.122,-0.004,0.015,1.100,1,1100
190556222,-1.220,0.244,-0.122,-0.004,0.015,1.100,1,1100
190557696,-0.427,0.000,0.976,0.100,0.125,1.150,1,1100
190558213,-0.305,0.854,0.793,0.082,0.072,0.995,1,1100
190559694,-0.915,2.256,0.427,-0.015,0.062,1.073,1,1100
190560214,-1.341,3.171,0.122,-0.099,0.011,0.992,1,1100
190561694,-1.768,2.378,-0.122,-0.115,-0.006,1.045,1,1100
190562206,-1.768,2.378,-0.122,-0.115,-0.006,1.045,1,1100
190563694,-1.280,0.549,-0.183,0.004,-0.011,1.071,1,1100
190564209,-0.488,-0.061,0.488,0.004,-0.011,1.071,1,1100
190565694,-0.610,0.061,0.732,0.127,0.093,1.138,1,1100
190566202,-0.183,0.976,0.976,0.089,0.099,1.025,1,1100
190567694,-0.915,2.378,0.549,-0.021,0.054,1.078,1,1100
190568209,-1.220,2.927,0.061,-0.054,0.001,1.000,1,1100
190569698,-1.524,2.683,-0.122,-0.091,-0.032,1.020,1,1100
190570219,-1.524,2.683,-0.122,-0.091,-0.032,1.020,1,1100
190571698,-0.854,0.488,-0.366,0.013,-0.008,1.093,1,1100
190572207,-0.183,-0.244,0.488,0.096,0.061,1.042,1,1100
190573695,-0.244,-0.122,0.915,0.122,0.088,1.066,1,1100
190574213,-0.671,0.793,0.976,0.087,0.104,1.052,1,1100
190575694,-1.159,2.744,0.427,-0.051,0.032,1.004,1,1100
190576209,-1.159,2.744,0.427,-0.051,0.032,1.004,1,1100
190577694,-1.341,2.378,0.122,-0.067,-0.010,1.041,1,1100
190578209,-1.463,1.402,0.000,-0.067,-0.010,1.041,1,1100
190579694,-0.915,0.305,-0.122,0.037,-0.027,1.021,1,1100
190580215,-0.732,-0.122,0.305,0.064,0.071,1.046,1,1100
190581694,-0.671,0.976,1.037,0.158,0.067,1.058,1,1100
190582209,-0.671,0.976,1.037,0.046,0.108,1.099,1,1100
190583694,-1.220,3.049,0.244,-0.077,0.025,1.066,1,1100
190584206,-1.220,3.049,0.244,-0.077,0.025,1.066,1,1100
190585694,-1.341,2.622,0.000,-0.082,-0.011,1.009,1,1100
190586209,-1.220,1.768,0.061,-0.079,0.002,0.995,1,1100
190587694,-0.976,0.610,-0.122,0.036,-0.018,1.085,1,1100
190588205,-0.610,-0.061,0.061,0.073,0.054,1.067,1,1100
190589694,-0.183,0.854,0.976,0.070,0.082,1.103,1,1100
190590207,-0.183,0.854,0.976,0.070,0.082,1.103,1,1100
190591694,-0.976,2.561,0.244,-0.080,-0.000,1.038,1,1100
190592202,-1.524,2.988,0.122,-0.102,0.007,1.014,1,1100
190593694,-1.524,2.378,0.183,-0.092,-0.033,1.030,1,1100
190594207,-1.402,1.585,0.122,-0.058,0.005,0.978,1,1100
190595694,-0.366,-0.122,0.244,0.101,0.057,1.065,1,1100
190596205,-0.366,-0.122,0.244,0.101,0.057,1.065,1,1100
190597694,-0.671,0.793,1.098,0.092,0.072,1.073,1,1100
190598209,-0.976,1.951,0.549,0.092,0.072,1.073,1,1100
190599694,-1.463,3.110,0.183,-0.062,-0.005,1.000,1,1100
190600206,-1.646,3.354,0.366,-0.105,0.016,1.038,1,1100
190601694,-1.402,2.866,0.061,-0.109,-0.019,1.013,1,1100
190602209,-1.463,1.463,-0.061,-0.029,-0.010,1.043,1,1100
190603694,-0.366,-0.305,0.183,0.122,0.038,1.057,1,1100
190604208,-0.366,-0.305,0.183,0.122,0.038,1.057,1,1100
190605694,-0.366,0.976,1.098,0.115,0.110,1.069,1,1100
190606207,-0.610,2.195,0.671,-0.009,0.049,1.090,1,1100
190607694,-0.854,2.988,0.244,-0.037,0.012,0.969,1,1100
190608209,-1.463,2.927,0.122,-0.125,-0.007,1.079,1,1100
190609694,-1.463,1.646,0.000,-0.062,-0.006,1.061,1,1100
190610209,-1.463,1.646,0.000,-0.062,-0.006,1.061,1,1100
190611694,-0.671,-0.183,0.549,0.104,0.037,1.100,1,1100
190612205,-0.488,-0.488,0.976,0.104,0.037,1.100,1,1100
190613694,-0.366,0.366,0.976,0.111,0.102,1.057,1,1100
190614205,-0.976,1.768,0.854,0.004,0.037,1.070,1,1100
190615694,-1.280,2.927,0.305,-0.049,0.033,0.962,1,1100
190616205,-1.280,2.927,0.305,-0.118,-0.017,1.092,1,1100
190617694,-1.585,1.829,-0.061,-0.059,-0.024,1.054,1,1100
190618202,-1.585,1.829,-0.061,-0.059,-0.024,1.054,1,1100
190619694,-0.366,-0.244,0.122,0.079,0.046,1.102,1,1100
190620208,-0.183,-0.488,0.549,0.116,0.071,1.030,1,1100
190621694,-0.366,0.671,0.976,0.059,0.120,1.083,1,1100
190622207,-0.793,2.012,0.549,0.041,0.027,1.058,1,1100
190623694,-1.159,3.232,0.122,-0.092,-0.029,1.047,1,1100
190624208,-1.159,3.232,0.122,-0.092,-0.029,1.047,1,1100
190625694,-1.402,2.073,0.122,-0.070,-0.025,1.016,1,1100
190626209,-0.976,0.915,-0.122,0.000,-0.015,1.020,1,1100
190627694,-0.366,0.183,0.183,0.056,0.047,1.079,1,1100
190628207,-0.061,0.000,1.037,0.157,0.093,1.051,1,1100
190629694,-0.671,2.073,0.549,0.058,0.045,1.065,1,1100
190630209,-0.671,2.073,0.549,0.058,0.045,1.065,1,1100
190631694,-1.402,3.354,0.244,-0.078,-0.013,1.009,1,1100
190632208,-1.768,2.683,0.061,-0.078,-0.013,1.009,1,1100
190633694,-1.280,1.951,-0.244,-0.052,-0.014,0.992,1,1100
190634208,-1.220,0.854,0.000,0.008,-0.001,1.071,1,1100
190635694,-0.610,-0.244,0.366,0.069,0.043,1.057,1,1100
190636214,-0.427,-0.366,0.732,0.127,0.089,1.058,1,1100
190637694,-0.915,1.890,0.854,0.031,0.065,1.057,1,1100
190638207,-0.915,1.890,0.854,0.031,0.065,1.057,1,1100
190639694,-1.585,2.988,0.000,-0.098,0.019,1.008,1,1100
190640202,-1.768,2.622,-0.183,-0.096,-0.033,1.059,1,1100
190641694,-1.220,1.951,-0.366,-0.051,-0.006,0.987,1,1100
190642208,-1.402,0.915,-0.244,-0.015,-0.015,1.042,1,1100
190643694,-0.854,0.061,0.732,0.086,0.084,1.084,1,1100
190644205,-0.854,0.061,0.732,0.086,0.084,1.084,1,1100
190645694,-0.854,1.890,0.915,0.008,0.079,1.059,1,1100
190646205,-1.098,2.683,0.488,0.008,0.079,1.059,1,1100
190647694,-1.524,2.988,0.061,-0.112,0.008,1.038,1,1100
190648209,-1.646,2.561,-0.122,-0.087,-0.042,0.991,1,1100
190649694,-1.463,0.915,-0.122,-0.081,0.018,1.021,1,1100
190650209,-1.463,0.915,-0.122,-0.001,-0.049,1.047,1,1100
190651694,-0.610,-0.366,0.854,0.111,0.065,1.035,1,1100
190652207,-0.610,-0.366,0.854,0.111,0.065,1.035,1,1100
190653694,-0.732,1.585,0.793,0.007,0.044,1.059,1,1100
190654208,-1.098,2.683,0.427,-0.033,0.023,1.025,1,1100
190655694,-1.402,2.988,0.000,-0.137,-0.001,1.036,1,1100
190656202,-1.341,2.744,0.122,-0.061,-0.027,0.996,1,1100
190657701,-0.610,1.159,0.122,0.029,-0.043,1.020,1,1100
190658220,-0.610,1.159,0.122,0.029,-0.043,1.020,1,1100
190659696,-0.366,-0.244,0.610,0.137,0.079,1.024,1,1100
190660213,-0.488,0.366,1.098,0.091,0.111,1.095,1,1100
190661694,-0.793,1.707,0.671,0.020,0.052,1.062,1,1100
190662207,-1.098,2.622,0.427,-0.042,0.029,1.028,1,1100
190663694,-1.402,2.744,0.000,-0.070,-0.019,0.988,1,1100
190664209,-1.402,2.744,0.000,-0.070,-0.019,0.988,1,1100
190665694,-0.976,0.793,-0.183,0.004,-0.043,1.035,1,1100
190666215,-0.793,-0.244,0.000,0.004,-0.043,1.035,1,1100
190667694,-0.671,-0.244,0.549,0.150,0.087,1.049,1,1100
190668209,-0.549,0.610,0.854,0.084,0.104,1.065,1,1100
190669694,-0.732,2.134,0.732,0.045,0.057,1.070,1,1100
190670207,-1.037,2.988,0.061,-0.058,0.040,1.019,1,1100
190671694,-1.280,2.927,0.000,-0.110,-0.018,1.020,1,1100
190672209,-1.280,2.927,0.000,-0.110,-0.018,1.020,1,1100
190673694,-1.707,1.098,0.061,-0.019,-0.018,1.059,1,1100
190674209,-0.854,0.244,0.061,0.079,0.006,1.009,1,1100
190675694,-0.549,0.061,0.549,0.120,0.101,1.080,1,1100
190676208,-0.671,0.427,0.915,0.107,0.086,1.032,1,1100
190677694,-1.280,2.683,0.549,-0.053,0.019,1.012,1,1100
190678207,-1.280,2.683,0.549,-0.053,0.019,1.012,1,1100
190679694,-1.341,2.988,0.000,-0.121,-0.005,1.044,1,1100
190680209,-1.220,2.073,-0.061,-0.121,-0.005,1.044,1,1100
190681694,-1.280,1.280,-0.061,-0.046,-0.017,1.046,1,1100
190682209,-1.098,0.366,0.061,0.079,-0.001,0.999,1,1100
190683694,-1.037,0.305,1.280,0.085,0.099,1.134,1,1100
190684209,-1.037,0.305,1.280,0.126,0.083,1.003,1,1100
190685694,-0.854,2.561,0.183,-0.038,0.015,0.995,1,1100
190686207,-0.854,2.561,0.183,-0.038,0.015,0.995,1,1100
190687694,-1.341,2.866,-0.061,-0.109,-0.007,0.996,1,1100
190688202,-1.402,2.012,-0.244,-0.058,0.014,1.016,1,1100
190689694,-1.646,1.098,-0.427,-0.028,-0.025,1.098,1,1100
190690208,-1.037,0.122,-0.183,0.075,0.015,0.983,1,1100
190691694,-0.549,0.427,1.098,0.154,0.104,0.989,1,1100
190692205,-0.549,0.427,1.098,0.154,0.104,0.989,1,1100
190693694,-0.793,2.683,0.610,-0.020,0.047,1.006,1,1100
190694209,-1.524,2.927,0.061,-0.096,-0.024,1.047,1,1100
190695694,-1.524,2.683,-0.244,-0.102,-0.008,0.998,1,1100
190696209,-1.463,1.951,-0.122,-0.099,-0.001,1.015,1,1100
190697694,-0.854,0.244,0.000,0.040,0.035,1.003,1,1100
190698209,-0.854,0.244,0.000,0.040,0.035,1.003,1,1100
190699694,-0.488,0.122,0.854,0.101,0.141,1.037,1,1100
190700207,-0.488,0.122,0.854,0.101,0.141,1.037,1,1100
190701694,-0.976,2.439,0.183,-0.045,0.051,1.045,1,1100
190702209,-0.976,2.805,-0.183,-0.102,-0.016,0.988,1,1100
190703694,-1.341,2.805,0.122,-0.090,-0.003,1.050,1,1100
190704209,-1.402,2.256,0.122,-0.113,-0.006,1.004,1,1100
190705694,-0.976,0.427,-0.061,0.018,0.029,0.984,1,1100
190706209,-0.976,0.427,-0.061,0.018,0.029,0.984,1,1100
190707689,-0.427,0.183,0.915,0.082,0.120,1.080,1,1100
190708197,-0.305,1.646,0.732,0.080,0.045,1.042,1,1100
190709694,-0.854,2.683,0.549,-0.065,0.050,1.090,1,1100
190710209,-1.098,3.171,0.122,-0.079,-0.002,0.958,1,1100
190711694,-1.402,2.378,0.061,-0.095,-0.003,0.975,1,1100
190712209,-1.402,2.378,0.061,-0.095,-0.003,0.975,1,1100
190713694,-0.793,0.000,0.122,-0.000,0.013,0.989,1,1100
190714202,-0.305,-0.488,0.793,-0.000,0.013,0.989,1,1100
190715691,-0.427,0.183,1.098,0.101,0.086,1.058,1,1100
190716204,-0.488,1.341,0.793,0.076,0.111,1.028,1,1100
190717694,-1.159,3.232,0.610,-0.053,0.002,1.113,1,1100
190718202,-1.159,3.232,0.610,-0.057,0.042,0.930,1,1100
190719694,-1.341,1.951,0.122,-0.059,0.006,0.960,1,1100
190720208,-1.341,1.951,0.122,-0.059,0.006,0.960,1,1100
190721694,-0.976,0.244,0.183,0.054,-0.000,1.016,1,1100
190722208,-0.671,-0.244,0.488,0.090,0.087,1.113,1,1100
190723694,-0.671,0.061,1.098,0.140,0.094,1.039,1,1100
190724209,-0.671,1.159,0.732,0.033,0.085,1.045,1,1100
190725694,-1.220,3.049,0.488,-0.084,0.028,1.008,1,1100
190726209,-1.220,3.049,0.488,-0.084,0.028,1.008,1,1100
190727694,-1.463,2.195,-0.061,-0.074,0.036,1.029,1,1100
190728208,-1.524,0.915,-0.244,-0.040,-0.029,1.048,1,1100
190729694,-1.220,0.122,-0.244,0.050,0.008,0.994,1,1100
190730209,-0.427,-0.366,0.122,0.069,0.070,1.071,1,1100
190731694,-0.610,1.402,0.671,0.019,0.086,1.083,1,1100
190732208,-0.610,1.402,0.671,0.019,0.086,1.083,1,1100
190733694,-1.341,3.171,-0.122,-0.115,0.020,1.037,1,1100
190734209,-1.341,3.171,-0.122,-0.115,0.020,1.037,1,1100
190735694,-1.585,2.378,-0.183,-0.096,0.024,1.063,1,1100
190736207,-1.646,1.341,-0.122,-0.033,-0.028,0.994,1,1100
190737694,-1.402,0.427,0.122,0.046,0.016,1.035,1,1100
190738209,-0.671,-0.366,0.488,0.088,0.047,1.059,1,1100
190739694,-0.793,1.524,0.976,0.025,0.083,1.071,1,1100
190740209,-0.793,1.524,0.976,0.025,0.083,1.071,1,1100
190741694,-1.402,2.988,0.183,-0.109,-0.002,1.032,1,1100
190742202,-1.402,3.049,-0.061,-0.097,-0.028,1.008,1,1100
190743694,-1.524,2.378,-0.122,-0.113,-0.015,1.065,1,1100
190744207,-1.159,1.402,0.000,-0.009,-0.019,0.985,1,1100
190745694,-0.549,-0.244,0.488,0.122,0.067,1.051,1,1100
190746209,-0.549,-0.244,0.488,0.122,0.067,1.051,1,1100
190747694,-0.671,1.159,0.793,0.056,0.080,1.059,1,1100
190748209,-0.854,2.378,0.305,0.056,0.080,1.059,1,1100
190749694,-0.976,3.049,0.061,-0.070,-0.003,1.016,1,1100
190750205,-1.280,3.049,0.122,-0.123,-0.002,1.032,1,1100
190751694,-1.280,1.402,0.061,-0.105,-0.015,1.045,1,1100
190752205,-1.280,1.402,0.061,-0.020,-0.016,1.018,1,1100
190753694,-0.732,-0.305,0.549,0.125,0.069,1.052,1,1100
190754209,-0.732,-0.305,0.549,0.125,0.069,1.052,1,1100
190755694,-0.671,1.037,0.915,0.079,0.084,1.066,1,1100
190756209,-1.037,2.256,0.610,-0.053,0.043,1.028,1,1100
190757694,-1.402,3.049,0.549,-0.052,0.016,1.013,1,1100
190758202,-1.524,3.171,0.244,-0.126,-0.017,1.036,1,1100
190759694,-1.585,1.037,0.061,-0.042,-0.014,1.056,1,1100
190760209,-1.585,1.037,0.061,-0.042,-0.014,1.056,1,1100
190761694,-0.854,-0.427,0.549,0.104,0.069,1.084,1,1100
190762214,-0.671,0.122,1.098,0.114,0.109,1.034,1,1100
190763694,-0.793,1.341,0.793,0.076,0.073,1.082,1,1100
190764208,-1.037,2.317,0.488,-0.033,0.038,1.009,1,1100
190765694,-1.341,3.049,0.305,-0.123,-0.020,1.042,1,1100
190766205,-1.341,3.049,0.305,-0.123,-0.020,1.042,1,1100
190767694,-1.524,1.280,-0.122,-0.044,-0.035,1.035,1,1100
190768205,-1.524,1.280,-0.122,-0.044,-0.035,1.035,1,1100
190769694,-0.793,0.000,0.549,0.099,0.041,1.079,1,1100
190770206,-0.427,0.000,0.854,0.124,0.114,1.052,1,1100
190771694,-0.793,1.037,0.915,0.062,0.076,1.071,1,1100
190772202,-0.976,1.890,0.915,0.010,0.052,1.021,1,1100
190773694,-1.768,2.988,0.061,-0.110,-0.024,1.043,1,1100
190774208,-1.768,2.988,0.061,-0.110,-0.024,1.043,1,1100
190775694,-1.707,1.341,-0.244,-0.034,-0.048,0.984,1,1100
190776209,-1.159,0.305,0.000,0.019,0.025,1.023,1,1100
190777694,-0.610,0.000,0.488,0.103,0.038,1.067,1,1100
190778209,-0.488,-0.183,0.915,0.134,0.129,1.091,1,1100
190779694,-0.976,1.890,0.488,0.009,0.057,1.027,1,1100
190780208,-0.976,1.890,0.488,0.009,0.057,1.027,1,1100
190781694,-1.098,2.866,0.122,-0.087,-0.016,1.020,1,1100
190782209,-1.402,2.500,-0.122,-0.087,-0.016,1.020,1,1100
190783694,-1.280,1.463,-0.244,-0.006,-0.039,0.958,1,1100
190784205,-1.037,0.366,-0.244,-0.005,0.023,1.079,1,1100
190785694,-0.610,-0.122,1.098,0.109,0.034,1.013,1,1100
190786209,-0.610,-0.122,1.098,0.102,0.139,1.123,1,1100
190787694,-0.976,1.951,0.793,-0.004,0.062,1.053,1,1100
190788205,-0.976,1.951,0.793,-0.004,0.062,1.053,1,1100
190789223,-1.524,3.232,0.366,-0.094,-0.015,1.035,1,1100
190790642,-1.829,2.439,0.183,-0.115,-0.021,1.045,1,1100
190791595,-1.646,1.463,0.000,-0.023,-0.032,0.968,1,1100
190792643,-0.427,-0.122,0.549,-0.021,-0.008,1.068,1,1100
190793570,-0.366,-0.183,0.976,0.117,0.050,1.029,1,1100
190794644,-0.427,0.732,1.037,0.102,0.101,1.021,1,1100
190795578,-0.915,2.012,0.549,-0.013,0.045,1.065,1,1100
190796643,-0.976,2.866,0.427,-0.055,0.027,0.975,1,1100
190797578,-1.524,2.866,0.061,-0.128,0.003,1.062,1,1100
190798644,-1.220,2.439,-0.122,-0.075,-0.036,1.032,1,1100
190799573,-1.341,1.280,-0.305,-0.082,0.005,1.002,1,1100
190800643,-0.915,-0.305,0.427,0.080,0.081,1.051,1,1100
190801570,-0.488,-0.061,1.098,0.144,0.051,1.066,1,1100
190802644,-0.610,0.793,0.915,0.070,0.119,1.064,1,1100
190803574,-0.549,2.134,0.305,0.004,0.015,1.043,1,1100
190804643,-0.976,3.049,0.244,-0.077,0.051,0.999,1,1100
190805570,-1.159,3.171,-0.122,-0.124,-0.024,1.072,1,1100
190806643,-1.220,1.585,-0.305,-0.075,0.009,0.983,1,1100
190807574,-0.854,0.915,0.000,0.034,-0.021,1.027,1,1100
190808643,-0.427,-0.061,0.244,0.048,0.055,1.114,1,1100
190809570,-0.244,-0.061,0.732,0.152,0.088,1.008,1,1100
190810644,-0.671,0.610,0.915,0.069,0.101,1.096,1,1100
190811570,-0.854,1.890,0.671,0.013,0.049,1.000,1,1100
190812644,-1.220,2.866,0.366,-0.067,0.020,1.062,1,1100
190813615,-1.524,2.439,0.366,-0.116,-0.015,1.007,1,1100
190814643,-1.402,1.585,0.122,-0.082,-0.015,1.021,1,1100
190815619,-1.037,0.671,0.000,0.025,-0.018,1.002,1,1100
190816642,-0.793,-0.122,0.244,0.068,0.039,1.107,1,1100
190817579,-0.488,-0.061,0.915,0.129,0.105,1.006,1,1100
190818641,-0.610,0.915,0.976,0.072,0.092,1.122,1,1100
190819571,-0.610,1.951,0.915,0.012,0.065,0.983,1,1100
190820642,-1.585,3.110,0.000,-0.104,-0.002,1.017,1,1100
190821571,-1.768,2.866,-0.122,-0.083,-0.026,0.997,1,1100
190822642,-1.890,1.890,-0.183,-0.078,0.009,1.032,1,1100
190823578,-1.402,0.793,-0.305,0.011,-0.020,1.046,1,1100
190824641,-0.854,0.061,0.366,0.096,0.035,1.080,1,1100
190825571,-0.488,0.000,0.976,0.114,0.109,1.026,1,1100
190826642,-1.037,2.073,0.610,0.091,0.076,1.074,1,1100
190827566,-1.402,2.927,0.244,0.022,0.081,1.038,1,1100
190828641,-1.524,3.232,-0.183,-0.109,0.008,1.037,1,1100
190829571,-1.707,2.866,0.061,-0.120,-0.022,0.996,1,1100
190830641,-1.220,1.768,-0.122,-0.046,-0.004,1.025,1,1100
190831579,-0.793,0.854,-0.244,-0.016,-0.021,1.021,1,1100
190832641,-0.549,-0.183,-0.122,0.115,0.017,1.091,1,1100
190833574,-0.732,-0.244,0.671,0.090,0.108,1.042,1,1100
190834642,-1.037,1.890,0.793,-0.016,0.073,1.068,1,1100
190835579,-0.976,2.988,0.427,-0.013,-0.004,0.990,1,1100
190836641,-1.159,3.110,0.061,-0.123,0.021,1.060,1,1100
190837571,-1.463,2.744,0.305,-0.075,-0.025,1.017,1,1100
190838641,-1.585,1.829,-0.183,-0.068,0.001,1.062,1,1100
190839609,-1.463,0.854,-0.305,-0.007,-0.036,0.979,1,1100
190840642,-0.732,-0.122,0.915,0.076,0.052,1.063,1,1100
190841606,-0.488,0.854,1.341,0.098,0.130,1.073,1,1100
190842641,-0.915,2.134,0.671,0.019,0.030,1.098,1,1100
190843580,-0.915,2.622,0.610,-0.049,0.055,0.963,1,1100
190844641,-1.463,3.171,0.122,-0.110,-0.028,1.054,1,1100
190845575,-1.402,2.744,0.305,-0.092,-0.005,0.962,1,1100
190846641,-1.890,1.890,-0.122,-0.080,-0.004,1.073,1,1100
190847579,-0.854,-0.061,0.183,0.013,-0.025,1.027,1,1100
190848641,-0.488,-0.061,0.915,0.151,0.088,1.012,1,1100
190849570,-0.793,0.610,1.159,0.086,0.101,1.070,1,1100
190850642,-0.732,1.646,0.549,0.036,0.032,1.049,1,1100
190851574,-0.732,2.561,0.183,-0.070,0.044,1.033,1,1100
190852641,-1.220,3.110,0.000,-0.110,-0.009,1.040,1,1100
190853567,-1.524,2.927,0.427,-0.085,0.013,1.024,1,1100
190854642,-1.098,0.793,-0.366,0.009,-0.004,1.013,1,1100
190855579,-0.427,-0.122,-0.244,0.045,0.024,1.079,1,1100
190856641,-0.183,-0.244,0.793,0.144,0.103,1.046,1,1100
190857571,-0.549,0.793,1.037,0.070,0.101,1.076,1,1100
190858641,-0.671,1.768,1.037,0.055,0.059,1.046,1,1100
190859575,-0.854,2.622,0.671,-0.069,0.034,1.042,1,1100
190860641,-1.524,2.439,0.244,-0.079,0.002,0.982,1,1100
190861574,-1.280,1.890,-0.183,-0.106,-0.015,1.057,1,1100
190862642,-1.463,0.732,-0.427,-0.020,-0.037,1.072,1,1100
190863582,-0.732,-0.061,0.000,0.049,0.028,1.029,1,1100
190864642,-0.488,-0.061,0.488,0.154,0.095,1.080,1,1100
190865567,-0.427,0.305,0.915,0.068,0.114,1.047,1,1100
190866641,-0.610,1.585,0.915,0.081,0.067,1.034,1,1100
190867575,-1.280,2.500,0.549,-0.073,0.024,1.066,1,1100
190868641,-1.585,2.927,0.061,-0.114,-0.017,1.054,1,1100
190869575,-1.829,2.073,0.183,-0.079,0.004,0.967,1,1100
190870642,-1.707,0.854,-0.061,-0.018,-0.025,1.103,1,1100
190871581,-0.732,0.000,0.305,0.065,0.030,1.004,1,1100
190872641,-0.610,-0.244,0.610,0.110,0.089,1.089,1,1100
190873563,-0.549,0.427,0.915,0.100,0.080,1.022,1,1100
190874641,-1.220,2.561,0.427,0.026,0.081,1.069,1,1100
190875571,-1.280,3.110,0.305,-0.105,0.059,0.975,1,1100
190876641,-1.220,2.927,0.244,-0.083,-0.057,1.064,1,1100
190877575,-0.976,2.134,-0.061,-0.083,0.028,0.978,1,1100
190878641,-0.915,1.098,-0.305,-0.034,-0.047,1.048,1,1100
190879575,-0.671,0.122,0.488,0.088,0.040,1.026,1,1100
190880641,-0.366,-0.061,0.671,0.085,0.071,1.102,1,1100
190881575,-0.549,0.427,1.159,0.145,0.107,1.048,1,1100
190882641,-0.915,2.683,0.549,-0.010,0.017,1.017,1,1100
190883571,-1.463,2.805,0.549,-0.122,0.036,1.010,1,1100
190884642,-1.341,2.866,-0.183,-0.059,-0.064,1.034,1,1100
190885578,-1.707,2.134,-0.244,-0.107,0.031,1.003,1,1100
190886641,-1.280,1.037,-0.427,-0.010,-0.045,1.042,1,1100
190887575,-0.610,0.061,0.061,0.047,0.048,1.032,1,1100
190888641,-0.610,0.244,1.220,0.125,0.113,1.079,1,1100
190889571,-0.793,1.768,0.915,0.029,0.057,1.052,1,1100
190890641,-1.341,2.622,0.305,-0.021,0.044,1.030,1,1100
190891571,-1.951,3.171,-0.061,-0.135,-0.014,1.012,1,1100
190892641,-1.524,3.049,0.122,-0.080,-0.011,0.986,1,1100
190893579,-1.646,2.012,0.183,-0.098,0.012,1.057,1,1100
190894642,-1.098,0.183,0.000,-0.011,-0.032,1.031,1,1100
190895569,-0.610,-0.366,0.549,0.049,0.011,1.029,1,1100
190896642,-0.671,0.122,0.976,0.113,0.104,1.057,1,1100
190897573,-0.732,1.280,0.915,0.049,0.080,1.064,1,1100
190898641,-0.976,2.500,0.732,-0.040,0.027,1.051,1,1100
190899570,-1.220,3.171,0.366,-0.090,-0.004,0.986,1,1100
190900641,-1.220,3.049,0.305,-0.102,0.004,1.013,1,1100
190901574,-1.402,2.256,0.061,-0.101,-0.026,1.037,1,1100
190902641,-1.098,0.183,-0.183,0.048,0.007,1.004,1,1100
190903574,-0.732,-0.305,0.610,0.121,0.090,1.070,1,1100
190904641,-0.671,0.366,1.098,0.104,0.086,1.057,1,1100
190905578,-0.732,1.341,0.671,0.065,0.082,1.083,1,1100
190906641,-0.793,2.622,0.488,-0.056,0.047,1.016,1,1100
190907574,-1.280,2.988,0.122,-0.048,-0.002,1.016,1,1100
190908642,-1.220,2.073,-0.061,-0.139,0.003,1.068,1,1100
190909574,-1.341,1.098,-0.122,-0.057,0.001,1.013,1,1100
190910641,-0.976,0.244,0.000,0.061,-0.019,1.012,1,1100
190911614,-0.732,-0.488,0.549,0.107,0.084,1.127,1,1100
190912642,-0.366,0.244,1.159,0.120,0.109,1.020,1,1100
190913592,-0.671,1.402,0.976,0.049,0.065,1.102,1,1100
190914642,-0.732,2.683,0.427,-0.041,0.023,1.016,1,1100
190915575,-0.915,2.805,-0.061,-0.051,0.006,1.000,1,1100
190916642,-1.037,2.195,0.122,-0.055,-0.006,0.996,1,1100
190917575,-1.463,0.976,0.061,-0.056,-0.009,1.077,1,1100
190918642,-1.037,0.122,0.061,0.062,-0.003,0.986,1,1100
190919617,-0.915,-0.183,0.183,0.084,0.074,1.097,1,1100
190920643,-0.366,0.427,1.220,0.145,0.110,1.039,1,1100
190921612,-0.915,1.220,1.037,0.021,0.066,1.117,1,1100
190922641,-1.220,2.988,0.244,-0.104,0.016,1.017,1,1100
190923576,-1.402,2.866,0.488,-0.087,-0.031,1.054,1,1100
190924642,-1.585,1.890,0.244,-0.089,0.016,0.983,1,1100
190925578,-1.463,0.854,0.122,-0.033,-0.037,1.026,1,1100
190926641,-1.037,-0.122,0.244,0.041,0.026,1.040,1,1100
190927571,-0.793,-0.549,0.549,0.097,0.056,1.105,1,1100
190928641,-0.732,1.463,0.915,0.140,0.139,1.053,1,1100
190929575,-1.159,2.561,0.610,0.049,0.041,1.029,1,1100
190930642,-1.341,3.232,0.183,-0.104,-0.012,1.026,1,1100
190931575,-1.220,3.232,0.122,-0.081,0.009,1.020,1,1100
190932641,-1.037,2.317,0.061,-0.108,0.006,1.058,1,1100
190933571,-1.098,1.280,-0.122,0.010,-0.049,1.011,1,1100
190934641,-0.793,0.366,-0.122,-0.000,0.010,1.046,1,1100
190935579,-0.366,-0.122,0.488,0.128,0.059,1.018,1,1100
190936642,-0.671,1.280,1.098,0.059,0.079,1.020,1,1100
190937571,-0.793,2.500,0.671,-0.002,0.033,1.079,1,1100
190938642,-0.854,2.866,0.244,-0.104,0.023,0.973,1,1100
190939575,-0.915,2.927,0.000,-0.075,-0.037,1.063,1,1100
190940642,-1.098,2.317,0.183,-0.131,0.015,1.022,1,1100
190941571,-1.159,1.402,0.000,0.005,-0.032,1.003,1,1100
190942641,-0.488,-0.061,0.305,0.001,0.006,1.048,1,1100
190943567,-0.854,0.183,0.793,0.119,0.102,1.134,1,1100
190944642,-1.159,1.037,0.976,0.078,0.099,1.002,1,1100
190945578,-1.646,2.378,0.488,-0.014,0.014,1.076,1,1100
190946641,-1.707,3.354,0.122,-0.072,0.024,0.975,1,1100
190947579,-1.646,3.293,0.122,-0.101,-0.037,1.051,1,1100
190948641,-1.585,2.500,0.000,-0.099,0.008,0.984,1,1100
190949567,-1.646,1.402,-0.061,-0.021,-0.035,1.030,1,1100
190950642,-0.732,-0.061,0.427,0.109,0.074,1.024,1,1100
190951579,-0.671,0.000,1.037,0.126,0.090,1.089,1,1100
190952641,-0.488,1.159,0.854,0.074,0.093,1.029,1,1100
190953563,-0.732,2.439,0.366,-0.027,0.037,1.060,1,1100
190954641,-1.037,3.110,0.183,-0.066,0.024,0.996,1,1100
190955579,-1.585,2.988,-0.122,-0.131,-0.022,1.028,1,1100
190956642,-1.707,1.646,-0.122,-0.054,-0.022,1.015,1,1100
190957579,-1.220,0.732,0.000,0.039,-0.020,1.043,1,1100
190958641,-0.549,-0.183,0.427,0.069,0.075,1.051,1,1100
190959569,-0.427,0.061,0.854,0.154,0.070,1.084,1,1100
190960642,-0.793,1.280,1.098,0.043,0.115,1.056,1,1100
190961579,-1.037,2.500,0.732,-0.003,0.024,1.015,1,1100
190962641,-1.341,3.110,-0.305,-0.089,0.031,1.055,1,1100
190963571,-1.585,2.439,-0.061,-0.107,-0.037,0.998,1,1100
190964641,-1.585,1.524,-0.122,-0.072,-0.012,0.998,1,1100
190965579,-0.915,0.427,-0.122,0.061,-0.005,1.080,1,1100
190966641,-0.549,-0.305,0.244,0.074,0.077,1.050,1,1100
190967571,-0.793,0.000,0.854,0.155,0.107,1.068,1,1100
190968641,-0.793,1.341,0.854,0.056,0.083,1.071,1,1100
190969566,-1.220,2.561,0.549,0.013,0.050,0.994,1,1100
190970642,-1.402,3.354,-0.061,-0.080,-0.017,0.988,1,1100
190971575,-1.951,2.378,-0.061,-0.100,0.011,1.063,1,1100
190972641,-1.463,1.341,-0.122,-0.039,-0.023,0.984,1,1100
190973574,-1.220,0.244,0.000,0.008,-0.005,1.051,1,1100
190974641,-0.915,-0.366,0.610,0.106,0.042,1.033,1,1100
190975567,-0.793,0.000,1.159,0.121,0.124,1.083,1,1100
190976642,-0.915,2.195,0.671,0.075,0.084,1.062,1,1100
190977608,-1.280,2.866,0.366,-0.063,-0.009,1.014,1,1100
190978643,-1.646,2.866,0.061,-0.099,0.007,1.033,1,1100
190979616,-1.646,2.439,-0.366,-0.109,-0.021,1.035,1,1100
190980642,-1.707,1.585,-0.366,-0.027,-0.010,0.979,1,1100
190981584,-0.976,0.732,0.000,-0.001,-0.024,1.053,1,1100
190982641,-0.244,0.000,0.183,0.115,0.043,1.063,1,1100
190983603,-0.671,1.098,0.976,0.085,0.113,1.086,1,1100
190984642,-0.976,2.012,0.610,-0.022,0.070,1.042,1,1100
190985588,-1.098,2.561,0.366,-0.048,0.002,0.970,1,1100
190986641,-1.463,2.805,0.183,-0.129,0.004,1.059,1,1100
190987574,-1.220,2.439,0.183,-0.097,-0.013,1.002,1,1100
190988641,-1.402,1.585,0.000,-0.044,-0.003,1.041,1,1100
190989571,-1.098,0.610,-0.122,-0.001,-0.029,0.993,1,1100
190990642,-0.549,-0.061,0.976,0.098,0.084,1.072,1,1100
190991578,-0.732,0.976,1.280,0.086,0.097,1.048,1,1100
190992641,-0.854,2.256,0.671,-0.021,0.029,1.070,1,1100
190993575,-0.976,3.049,0.305,-0.033,0.023,0.983,1,1100
190994641,-1.463,3.415,-0.122,-0.124,-0.012,1.067,1,1100
190995574,-1.159,2.805,0.061,-0.084,-0.002,0.955,1,1100
190996641,-0.854,0.732,-0.122,-0.068,-0.005,1.081,1,1100
190997578,-0.549,-0.122,0.427,0.041,-0.034,1.049,1,1100
190998642,-0.488,0.183,1.098,0.142,0.090,1.032,1,1100
190999579,-0.854,0.915,1.220,0.070,0.126,1.082,1,1100
191000642,-0.854,1.951,0.915,0.001,0.016,1.053,1,1100
191001571,-1.159,2.622,0.427,-0.081,0.040,1.008,1,1100
191002641,-1.402,3.049,-0.122,-0.094,-0.016,1.057,1,1100
191003575,-1.280,2.561,0.244,-0.086,0.003,0.994,1,1100
191004642,-1.280,0.671,-0.122,0.023,-0.018,1.045,1,1100
191005575,-0.976,0.244,0.122,0.079,0.055,1.068,1,1100
191006641,-0.610,0.000,0.976,0.151,0.100,1.046,1,1100
191007567,-0.488,0.793,1.220,0.051,0.099,1.066,1,1100
191008642,-0.854,1.768,0.732,0.031,0.026,1.058,1,1100
191009571,-0.854,2.683,0.305,-0.104,0.029,1.001,1,1100
191010641,-1.524,2.683,0.000,-0.084,-0.025,1.034,1,1100
191011566,-1.463,1.646,-0.183,-0.015,-0.037,0.972,1,1100
191012642,-1.402,0.610,-0.122,-0.012,-0.011,1.070,1,1100
191013578,-0.854,-0.061,0.366,0.081,0.026,1.034,1,1100
191014641,-0.488,-0.061,0.976,0.135,0.110,1.110,1,1100
191015571,-0.488,0.732,1.280,0.068,0.099,1.024,1,1100
191016642,-0.854,1.951,0.915,0.028,0.035,1.069,1,1100
191017571,-0.976,2.744,0.183,-0.091,0.031,0.997,1,1100
191018641,-1.829,2.561,-0.061,-0.124,-0.014,1.048,1,1100
191019574,-1.768,1.768,-0.122,-0.018,-0.021,0.967,1,1100
191020641,-1.280,0.915,-0.061,-0.018,-0.031,1.086,1,1100
191021575,-0.549,0.183,0.305,0.098,0.042,1.006,1,1100
191022642,-0.671,0.000,0.976,0.110,0.093,1.113,1,1100
191023563,-0.793,0.793,1.280,0.094,0.111,1.025,1,1100
191024642,-1.524,2.927,0.488,-0.089,0.042,0.983,1,1100
191025571,-1.159,3.232,0.000,-0.084,-0.013,1.066,1,1100
191026641,-1.220,2.439,-0.061,-0.100,-0.015,0.979,1,1100
191027565,-1.280,1.585,-0.183,-0.054,0.005,0.987,1,1100
191028641,-1.280,0.793,-0.183,0.005,-0.024,1.066,1,1100
191029570,-0.793,0.061,0.244,0.093,0.073,1.073,1,1100
191030641,-0.671,-0.183,0.732,0.100,0.076,1.068,1,1100
191031571,-1.098,2.134,0.488,0.101,0.109,1.039,1,1100
191032641,-1.280,2.805,0.427,-0.059,0.026,0.990,1,1100
191033575,-1.220,2.927,-0.061,-0.121,-0.010,1.068,1,1100
191034642,-1.159,2.439,-0.305,-0.067,-0.009,0.997,1,1100
191035583,-1.280,1.524,0.000,-0.075,0.015,1.037,1,1100
191036641,-0.854,0.793,0.000,0.022,-0.030,0.994,1,1100
191037555,-0.549,0.000,0.244,0.061,0.058,1.105,1,1100
191038641,-0.610,0.793,1.037,0.072,0.113,1.106,1,1100
191039570,-0.793,2.134,0.549,0.014,0.036,1.017,1,1100
191040641,-0.976,2.622,0.183,-0.046,0.025,1.036,1,1100
191041567,-1.341,2.805,0.061,-0.133,-0.021,1.040,1,1100
191042642,-1.280,2.500,0.061,-0.061,-0.026,0.980,1,1100
191043575,-1.220,1.768,-0.183,-0.090,0.019,1.057,1,1100
191044641,-0.854,-0.183,0.427,0.030,-0.027,1.018,1,1100
191045574,-0.488,-0.366,0.854,0.139,0.091,0.976,1,1100
191046641,-0.915,0.610,0.732,0.057,0.105,1.114,1,1100
191047575,-0.976,1.951,0.793,0.026,0.053,1.019,1,1100
191048641,-1.402,2.683,0.610,-0.074,0.026,1.039,1,1100
191049571,-1.646,2.988,0.183,-0.114,-0.028,1.027,1,1100
191050641,-1.524,2.622,0.183,-0.090,-0.023,0.992,1,1100
191051582,-1.646,1.768,0.122,-0.071,0.010,1.025,1,1100
191052641,-0.854,-0.122,0.305,0.071,0.020,1.104,1,1100
191053571,-0.305,-0.305,0.854,0.112,0.098,1.007,1,1100
191054641,-0.610,0.915,1.037,0.084,0.093,1.078,1,1100
191055571,-0.915,2.012,0.915,0.021,0.094,1.029,1,1100
191056642,-1.098,2.866,0.488,-0.062,-0.020,1.025,1,1100
191057574,-1.159,3.049,0.122,-0.109,0.026,1.005,1,1100
191058641,-1.098,1.890,0.183,-0.068,0.004,1.042,1,1100
191059571,-1.037,0.915,0.305,-0.006,-0.032,1.023,1,1100
191060641,-0.610,-0.061,0.183,0.103,0.012,1.055,1,1100
191061571,-0.610,-0.305,0.793,0.086,0.111,1.032,1,1100
191062641,-0.732,0.488,0.976,0.120,0.087,1.083,1,1100
191063571,-0.732,1.829,0.793,-0.001,0.088,1.074,1,1100
191064642,-0.976,2.439,0.488,-0.037,-0.003,0.978,1,1100
191065575,-1.341,2.561,0.244,-0.120,0.018,1.054,1,1100
191066642,-1.463,1.890,0.183,-0.048,0.018,1.068,1,1100
191067575,-1.280,0.854,0.183,-0.005,-0.008,1.026,1,1100
191068641,-0.976,-0.244,0.183,0.101,0.022,1.084,1,1100
191069571,-0.732,-0.366,0.732,0.087,0.100,1.042,1,1100
191070642,-0.549,0.549,1.098,0.122,0.075,1.040,1,1100
191071571,-1.280,1.707,0.976,-0.005,0.069,1.078,1,1100
191072642,-1.829,2.927,0.061,-0.122,0.008,1.063,1,1100
191073572,-1.585,2.561,-0.061,-0.084,-0.008,0.977,1,1100
191074641,-1.402,1.646,-0.122,-0.080,-0.002,1.085,1,1100
191075570,-1.159,0.671,-0.183,0.012,-0.029,1.001,1,1100
191076642,-0.671,0.000,0.183,0.069,0.042,1.053,1,1100
191077571,-0.610,-0.122,0.976,0.109,0.095,1.028,1,1100
191078641,-0.671,1.768,0.793,0.113,0.085,1.078,1,1100
191079571,-0.976,2.683,0.549,-0.058,0.045,1.010,1,1100
191080641,-1.341,3.232,0.183,-0.112,-0.024,1.039,1,1100
191081574,-1.402,2.561,0.122,-0.094,0.006,0.966,1,1100
191082641,-1.280,1.707,-0.122,-0.092,-0.024,1.038,1,1100
191083574,-1.098,0.793,0.000,0.017,-0.011,1.054,1,1100
191084642,-0.793,-0.061,0.305,0.050,0.053,1.071,1,1100
191085564,-0.427,-0.244,0.976,0.155,0.092,1.038,1,1100
191086641,-0.915,1.768,0.732,0.076,0.034,1.046,1,1100
191087571,-0.732,2.866,0.488,-0.081,0.065,1.039,1,1100
191088641,-1.098,3.354,0.366,-0.071,-0.040,0.998,1,1100
191089578,-1.280,2.683,0.427,-0.120,0.014,1.038,1,1100
191090641,-1.220,1.890,-0.061,-0.075,-0.037,0.988,1,1100
191091575,-1.220,0.915,0.061,-0.005,-0.009,1.070,1,1100
191092641,-0.366,-0.488,0.732,0.155,0.094,1.060,1,1100
191093571,-0.427,0.305,0.915,0.055,0.096,1.034,1,1100
191094642,-0.610,1.585,0.793,0.067,0.077,1.049,1,1100
191095574,-1.098,2.378,0.549,-0.066,0.025,1.073,1,1100
191096641,-1.220,2.805,0.244,-0.080,0.011,0.966,1,1100
191097575,-1.280,2.683,-0.305,-0.108,-0.015,1.075,1,1100
191098641,-1.037,1.890,-0.183,-0.060,-0.011,0.955,1,1100
191099575,-0.793,0.000,0.244,-0.025,-0.030,1.085,1,1100
191100641,-0.488,-0.183,0.793,0.098,0.097,1.109,1,1100
191101571,-0.488,0.488,1.037,0.118,0.080,1.027,1,1100
191102641,-0.793,1.646,0.549,0.012,0.080,1.057,1,1100
191103571,-0.854,2.622,0.244,-0.045,0.005,1.071,1,1100
191104641,-1.159,2.866,0.244,-0.092,0.035,0.965,1,1100
191105570,-1.463,3.049,0.000,-0.094,-0.049,1.059,1,1100
191106641,-1.463,1.220,-0.122,-0.019,-0.059,1.096,1,1100
191107570,-0.976,-0.122,0.488,0.072,0.040,1.008,1,1100
191108641,-0.671,-0.366,0.671,0.091,0.070,1.098,1,1100
191109571,-0.732,0.488,0.976,0.134,0.102,1.045,1,1100
191110641,-0.854,1.707,0.610,0.045,0.045,1.068,1,1100
191111571,-1.037,2.500,0.366,-0.052,0.037,1.012,1,1100
191112641,-1.220,2.622,0.061,-0.107,-0.002,1.043,1,1100
191113571,-1.341,2.012,-0.061,-0.087,0.017,1.019,1,1100
191114642,-1.220,0.976,-0.183,-0.026,-0.042,1.030,1,1100
191115575,-0.793,0.122,0.000,0.065,0.045,1.071,1,1100
191116641,-0.732,-0.122,0.488,0.095,0.065,1.064,1,1100
191117563,-0.976,0.305,0.976,0.123,0.124,1.049,1,1100
191118641,-1.159,1.829,1.037,0.032,0.070,1.067,1,1100
191119571,-1.159,2.866,0.671,-0.019,0.034,1.019,1,1100
191120642,-1.341,2.622,0.000,-0.086,-0.020,0.991,1,1100
191121571,-1.707,1.768,0.000,-0.096,0.007,1.079,1,1100
191122641,-1.220,0.854,0.000,-0.004,-0.034,1.019,1,1100
191123555,-0.976,0.244,0.366,0.038,0.029,1.045,1,1100
191124642,-0.427,0.122,0.610,0.122,0.067,1.029,1,1100
191125571,-0.671,0.427,1.159,0.115,0.113,1.066,1,1100
191126642,-0.793,2.744,0.549,-0.017,0.048,1.038,1,1100
191127578,-1.341,3.171,0.000,-0.104,-0.004,1.005,1,1100
191128641,-1.220,2.805,-0.183,-0.111,-0.014,1.038,1,1100
191129571,-1.585,1.951,-0.305,-0.101,-0.024,1.032,1,1100
191130642,-1.402,1.098,-0.366,-0.020,-0.007,1.000,1,1100
191131582,-1.280,0.000,-0.122,0.038,0.005,1.028,1,1100
191132642,-0.671,-0.427,0.610,0.138,0.083,1.090,1,1100
191133566,-0.610,1.585,0.854,0.102,0.093,1.069,1,1100
191134642,-0.732,2.500,0.549,-0.041,0.029,1.041,1,1100
191135575,-1.280,3.171,0.183,-0.058,0.000,0.981,1,1100
191136641,-1.646,2.927,-0.122,-0.135,-0.008,1.040,1,1100
191137578,-1.585,2.378,-0.244,-0.073,-0.025,1.010,1,1100
191138642,-1.402,1.280,-0.244,-0.034,-0.006,1.046,1,1100
191139582,-1.220,0.366,0.244,0.048,-0.014,1.013,1,1100
191140642,-0.671,0.183,1.098,0.114,0.083,1.061,1,1100
191141574,-0.671,1.220,0.915,0.050,0.089,1.070,1,1100
191142641,-0.549,2.317,0.488,-0.040,0.037,1.014,1,1100
191143579,-1.037,3.049,0.366,-0.053,0.014,1.032,1,1100
191144641,-1.159,2.805,0.000,-0.126,-0.025,1.042,1,1100
191145566,-1.037,2.317,0.122,-0.065,0.001,0.964,1,1100
191146642,-0.732,0.244,0.000,-0.053,-0.019,1.059,1,1100
191147627,-0.549,-0.183,0.305,0.101,0.071,1.107,1,1100
191148152,-0.549,-0.183,0.305,0.101,0.071,1.107,1,1100
191149696,-1.098,1.159,0.854,0.052,0.072,1.101,1,1100
191150210,-1.341,2.256,0.732,-0.013,0.037,1.005,1,1100
191151694,-1.524,3.171,0.366,-0.084,0.024,1.025,1,1100
191152209,-1.463,3.232,-0.183,-0.115,-0.018,1.042,1,1100
191153694,-1.220,1.220,-0.122,-0.043,-0.031,0.995,1,1100
191154209,-1.220,1.220,-0.122,-0.043,-0.031,0.995,1,1100
191155694,-0.183,-0.244,0.610,0.099,0.055,1.088,1,1100
191156208,0.061,0.366,1.098,0.099,0.055,1.088,1,1100
191157694,-0.366,1.280,0.915,0.048,0.071,1.056,1,1100
191158208,-1.037,2.378,0.610,-0.005,0.051,1.023,1,1100
191159694,-1.524,2.988,0.183,-0.081,0.002,1.024,1,1100
191160203,-1.524,2.988,0.183,-0.106,0.003,1.007,1,1100
191161694,-1.585,1.402,0.000,-0.017,-0.028,0.992,1,1100
191162208,-1.585,1.402,0.000,-0.017,-0.028,0.992,1,1100
191163694,-0.244,0.061,0.427,0.110,0.056,0.992,1,1100
191164209,-0.305,0.244,1.220,0.122,0.124,1.128,1,1100
191165694,-0.610,0.854,0.976,0.075,0.077,1.023,1,1100
191166209,-1.037,2.317,0.549,0.007,0.036,1.069,1,1100
191167694,-1.220,3.049,-0.122,-0.074,-0.020,1.057,1,1100
191168203,-1.220,3.049,-0.122,-0.074,-0.020,1.057,1,1100
191169694,-1.463,1.402,0.000,-0.005,-0.014,0.961,1,1100
191170208,-1.098,0.427,0.183,-0.000,0.006,1.083,1,1100
191171694,-0.793,-0.122,0.732,0.121,0.047,1.021,1,1100
191172203,-1.037,-0.061,1.220,0.075,0.122,1.140,1,1100
191173694,-1.159,2.134,0.671,0.103,0.078,1.006,1,1100
191174208,-1.159,2.134,0.671,-0.017,0.039,1.089,1,1100
191175694,-1.524,2.622,-0.122,-0.103,-0.025,1.051,1,1100
191176203,-1.524,2.622,-0.122,-0.103,-0.025,1.051,1,1100
191177694,-1.280,1.646,-0.061,-0.002,-0.026,0.989,1,1100
191178208,-1.220,0.854,0.000,0.008,0.024,1.043,1,1100
191179694,-0.366,-0.061,0.427,0.117,0.040,1.034,1,1100
191180208,-0.549,-0.061,0.732,0.067,0.106,1.112,1,1100
191181694,-0.915,2.256,0.610,-0.042,0.058,1.084,1,1100
191182209,-0.915,2.256,0.610,-0.042,0.058,1.084,1,1100
191183694,-1.341,3.049,-0.183,-0.136,-0.007,1.003,1,1100
191184208,-1.524,2.256,-0.122,-0.077,-0.016,1.032,1,1100
191185694,-1.646,1.341,-0.122,-0.049,-0.011,1.023,1,1100
191186208,-1.098,0.427,-0.183,0.024,-0.016,1.064,1,1100
191187694,-0.610,0.000,0.793,0.121,0.099,1.062,1,1100
191188208,-0.610,0.000,0.793,0.121,0.099,1.062,1,1100
191189702,-1.098,1.951,0.610,-0.035,0.066,1.018,1,1100
191190221,-1.220,3.049,0.305,-0.035,0.066,1.018,1,1100
191191697,-1.524,3.110,0.122,-0.125,-0.023,0.994,1,1100
191192214,-1.524,2.622,-0.061,-0.075,-0.019,1.035,1,1100
191193694,-1.585,1.707,-0.183,-0.083,-0.004,0.983,1,1100
191194202,-1.159,0.610,0.183,0.045,-0.020,1.068,1,1100
191195694,-0.183,0.061,0.793,0.147,0.088,1.047,1,1100
191196208,-0.183,0.061,0.793,0.147,0.088,1.047,1,1100
191197694,-0.854,2.134,0.671,0.008,0.039,0.989,1,1100
191198208,-1.220,2.683,0.305,-0.081,0.026,1.053,1,1100
191199694,-1.585,3.049,0.183,-0.094,-0.008,1.002,1,1100
191200208,-1.524,2.500,0.000,-0.083,-0.004,1.061,1,1100
191201694,-1.220,0.854,-0.183,0.033,-0.020,1.087,1,1100
191202208,-1.220,0.854,-0.183,0.033,-0.020,1.087,1,1100
191203694,-0.488,0.061,0.610,0.133,0.094,1.047,1,1100
191204208,-0.671,0.976,0.976,0.133,0.094,1.047,1,1100
191205694,-0.610,2.134,0.854,0.028,0.039,1.012,1,1100
191206208,-1.098,2.683,0.549,-0.088,0.013,1.038,1,1100
191207694,-1.768,2.439,-0.366,-0.092,-0.001,1.012,1,1100
191208208,-1.768,2.439,-0.366,-0.101,-0.005,1.050,1,1100
191209701,-1.159,0.488,-0.061,-0.005,-0.009,1.055,1,1100
191210222,-1.159,0.488,-0.061,-0.005,-0.009,1.055,1,1100
191211696,-0.488,-0.061,0.976,0.106,0.110,1.081,1,1100
191212214,-0.549,0.610,1.159,0.080,0.085,1.057,1,1100
191213694,-0.915,2.073,0.671,-0.001,0.063,1.045,1,1100
191214208,-1.159,2.866,0.183,-0.054,-0.015,0.994,1,1100
191215694,-1.159,2.744,0.183,-0.089,-0.026,1.022,1,1100
191216208,-1.159,2.744,0.183,-0.089,-0.026,1.022,1,1100
191217694,-1.159,0.793,0.244,-0.015,-0.035,1.017,1,1100
191218208,-0.488,-0.122,0.427,0.123,0.045,1.064,1,1100
191219694,-0.427,0.000,0.976,0.106,0.101,1.051,1,1100
191220208,-0.366,1.098,0.854,0.105,0.095,1.063,1,1100
191221694,-1.159,2.805,-0.061,-0.057,0.020,0.975,1,1100
191222212,-1.159,2.805,-0.061,-0.057,0.020,0.975,1,1100
191223694,-1.402,2.683,0.122,-0.093,-0.002,0.969,1,1100
191224202,-1.585,1.768,0.000,-0.093,-0.002,0.969,1,1100
191225694,-1.037,0.732,-0.061,0.013,-0.024,1.001,1,1100
191226202,-0.427,0.183,0.122,0.094,0.039,1.058,1,1100
191227694,-0.366,0.183,0.549,0.115,0.092,1.053,1,1100
191228208,-0.610,0.732,0.854,0.098,0.110,1.074,1,1100
191229694,-1.402,2.744,0.427,-0.076,0.038,0.991,1,1100
191230208,-1.402,2.744,0.427,-0.076,0.038,0.991,1,1100
191231694,-1.280,2.744,0.000,-0.092,0.020,0.951,1,1100
191232208,-1.159,1.646,-0.061,-0.071,-0.030,1.061,1,1100
191233694,-1.220,0.732,-0.244,0.021,-0.028,1.015,1,1100
191234203,-0.976,0.122,0.061,0.060,0.051,1.084,1,1100
191235694,-0.305,0.854,1.037,0.055,0.119,1.084,1,1100
191236208,-0.305,0.854,1.037,0.055,0.119,1.084,1,1100
191237694,-1.037,2.744,0.183,-0.087,0.045,1.024,1,1100
191238208,-1.280,2.988,0.122,-0.087,0.045,1.024,1,1100
191239694,-1.585,2.622,0.000,-0.118,0.025,1.019,1,1100
191240208,-1.463,1.890,-0.305,-0.050,-0.032,1.062,1,1100
191241694,-0.793,-0.122,0.427,0.017,0.000,1.047,1,1100
191242209,-0.793,-0.122,0.427,0.069,0.049,1.010,1,1100
191243694,-0.549,0.610,1.098,0.062,0.098,1.069,1,1100
191244208,-0.549,0.610,1.098,0.062,0.098,1.069,1,1100
191245694,-1.280,2.683,0.549,-0.104,0.052,1.021,1,1100
191246208,-1.463,2.927,0.488,-0.058,-0.016,1.029,1,1100
191247694,-1.463,2.378,0.122,-0.124,-0.001,1.015,1,1100
191248208,-0.854,1.585,0.000,-0.053,-0.024,0.976,1,1100
191249701,-0.549,-0.061,0.122,0.082,0.056,1.040,1,1100
191250215,-0.549,-0.061,0.122,0.082,0.056,1.040,1,1100
191251696,-0.183,0.427,1.037,0.077,0.100,1.030,1,1100
191252214,-0.671,1.951,0.610,0.043,0.050,1.075,1,1100
191253694,-1.037,2.866,0.366,-0.082,0.030,0.993,1,1100
191254208,-1.280,3.171,0.244,-0.087,0.009,1.030,1,1100
191255694,-1.220,1.768,-0.183,-0.063,-0.006,0.997,1,1100
191256209,-1.220,1.768,-0.183,-0.063,-0.006,0.997,1,1100
191257694,-0.854,-0.061,0.122,0.099,0.050,1.056,1,1100
191258208,-0.732,-0.244,0.793,0.099,0.050,1.056,1,1100
191259694,-0.488,0.488,0.976,0.124,0.103,1.038,1,1100
191260209,-0.793,1.951,0.610,-0.001,0.061,1.072,1,1100
191261694,-1.037,2.866,0.305,-0.030,0.004,1.000,1,1100
191262208,-1.098,2.988,0.183,-0.130,0.032,1.020,1,1100
191263694,-1.280,1.707,-0.244,-0.091,0.021,1.067,1,1100
191264209,-1.280,1.707,-0.244,-0.091,0.021,1.067,1,1100
191265694,-0.793,-0.061,0.183,0.071,0.059,1.054,1,1100
191266208,-0.427,-0.183,0.854,0.104,0.074,1.041,1,1100
191267694,-0.549,0.366,1.402,0.126,0.103,1.077,1,1100
191268208,-1.098,1.646,0.732,-0.005,0.061,1.050,1,1100
191269694,-1.524,2.927,0.122,-0.126,0.015,1.005,1,1100
191270208,-1.524,2.927,0.122,-0.126,0.015,1.005,1,1100
191271694,-1.341,1.768,0.061,-0.122,0.026,1.066,1,1100
191272208,-1.402,0.976,0.000,-0.122,0.026,1.066,1,1100
191273694,-1.280,-0.061,0.244,0.057,0.042,1.057,1,1100
191274215,-0.854,-0.183,0.854,0.117,0.080,1.017,1,1100
191275694,-0.793,2.012,0.793,0.113,0.099,1.104,1,1100
191276203,-0.793,2.012,0.793,0.000,0.062,1.043,1,1100
191277700,-1.280,3.293,0.061,-0.110,0.006,1.000,1,1100
191278220,-1.280,3.293,0.061,-0.110,0.006,1.000,1,1100
191279700,-1.341,2.012,-0.427,-0.112,-0.006,1.058,1,1100
191280221,-0.854,1.037,-0.183,0.015,-0.022,1.013,1,1100
191281695,-0.976,0.183,0.366,0.061,0.042,1.041,1,1100
191282214,-0.427,-0.366,0.793,0.144,0.073,1.052,1,1100
191283694,-0.488,1.341,1.037,0.066,0.054,1.048,1,1100
191284208,-0.488,1.341,1.037,0.066,0.054,1.048,1,1100
191285694,-1.098,2.988,0.244,-0.064,-0.015,1.006,1,1100
191286208,-1.220,2.805,-0.061,-0.127,0.004,1.012,1,1100
191287694,-1.341,1.951,-0.183,-0.076,-0.016,1.022,1,1100
191288208,-1.463,0.793,-0.183,-0.022,-0.003,1.079,1,1100
191289694,-0.732,-0.183,0.854,0.128,0.107,1.060,1,1100
191290208,-0.732,-0.183,0.854,0.128,0.107,1.060,1,1100
191291694,-0.732,1.585,0.976,0.058,0.077,1.090,1,1100
191292209,-0.732,2.622,0.122,0.058,0.077,1.090,1,1100
191293694,-1.098,3.049,0.244,-0.084,0.011,1.035,1,1100
191294203,-1.159,2.988,0.000,-0.125,-0.021,1.014,1,1100
191295694,-1.220,2.134,-0.061,-0.047,-0.007,0.981,1,1100
191296212,-1.220,0.976,-0.061,-0.038,-0.010,1.069,1,1100
191297694,-0.671,-0.488,0.427,0.086,0.088,1.096,1,1100
191298203,-0.671,-0.488,0.427,0.086,0.088,1.096,1,1100
191299694,-1.098,1.402,0.793,0.039,0.061,1.125,1,1100
191300209,-1.098,2.256,0.244,-0.036,0.029,0.968,1,1100
191301694,-1.524,2.927,0.000,-0.117,0.003,1.039,1,1100
191302209,-1.585,2.683,0.061,-0.094,-0.004,1.013,1,1100
191303694,-1.524,0.976,-0.122,-0.028,-0.044,1.035,1,1100
191304209,-1.524,0.976,-0.122,-0.028,-0.044,1.035,1,1100
191305694,-0.305,0.061,0.610,0.098,0.065,1.105,1,1100
191306208,-0.244,0.671,1.159,0.098,0.065,1.105,1,1100
191307694,-0.610,1.707,0.732,0.046,0.047,1.096,1,1100
191308209,-0.732,2.622,0.366,-0.028,0.048,1.017,1,1100
191309694,-1.341,2.866,0.000,-0.097,-0.021,1.016,1,1100
191310208,-1.341,2.866,0.000,-0.088,-0.003,0.992,1,1100
191311694,-1.220,1.037,0.000,0.011,-0.036,1.046,1,1100
191312209,-1.220,1.037,0.000,0.011,-0.036,1.046,1,1100
191313694,-0.366,-0.183,0.793,0.138,0.075,1.070,1,1100
191314208,-0.305,0.183,1.037,0.082,0.125,1.050,1,1100
191315694,-0.671,1.402,0.915,0.067,0.040,1.040,1,1100
191316208,-1.159,2.500,0.427,-0.050,0.034,1.059,1,1100
191317694,-1.646,2.866,-0.061,-0.099,-0.002,1.028,1,1100
191318209,-1.646,2.866,-0.061,-0.099,-0.002,1.028,1,1100
191319694,-1.280,1.098,0.000,0.036,-0.020,1.078,1,1100
191320202,-0.610,0.000,-0.122,0.023,0.019,1.002,1,1100
191321694,-0.488,-0.244,0.427,0.136,0.096,1.040,1,1100
191322208,-0.671,0.488,0.671,0.094,0.101,1.072,1,1100
191323694,-1.098,2.744,0.427,-0.061,0.018,1.084,1,1100
191324203,-1.098,2.744,0.427,-0.061,0.018,1.084,1,1100
191325694,-1.707,2.866,-0.061,-0.101,-0.012,1.053,1,1100
191326208,-1.585,2.134,-0.244,-0.101,-0.012,1.053,1,1100
191327694,-1.524,1.098,-0.061,-0.008,-0.032,1.119,1,1100
191328208,-0.915,0.000,0.122,0.038,0.007,0.996,1,1100
191329694,-0.488,-0.305,0.732,0.095,0.091,1.078,1,1100
191330209,-0.610,0.366,0.793,0.103,0.079,1.043,1,1100
191331694,-1.159,2.561,0.427,-0.046,0.025,1.074,1,1100
191332209,-1.159,2.561,0.427,-0.046,0.025,1.074,1,1100
191333694,-1.707,3.171,-0.427,-0.119,-0.041,1.078,1,1100
191334209,-1.707,2.439,-0.244,-0.071,0.024,0.965,1,1100
191335694,-1.524,1.280,-0.122,-0.032,-0.036,1.070,1,1100
191336208,-0.793,0.244,0.000,0.055,0.012,0.999,1,1100
191337694,-0.549,0.366,1.220,0.150,0.089,1.043,1,1100
191338208,-0.549,0.366,1.220,0.150,0.089,1.043,1,1100
191339694,-1.037,2.622,0.183,-0.036,0.035,1.041,1,1100
191340208,-1.280,3.049,0.000,-0.036,0.035,1.041,1,1100
191341694,-1.402,2.866,-0.061,-0.113,-0.033,1.014,1,1100
191342202,-1.220,2.195,0.122,-0.072,0.028,1.015,1,1100
191343694,-0.976,0.305,0.244,-0.022,-0.025,1.085,1,1100
191344209,-0.976,0.305,0.244,0.057,0.009,1.004,1,1100
191345694,-0.732,0.305,1.159,0.154,0.104,1.034,1,1100
191346208,-0.732,0.305,1.159,0.154,0.104,1.034,1,1100
191347694,-1.280,2.744,0.610,-0.027,0.042,1.012,1,1100
191348208,-1.585,2.927,0.061,-0.094,0.011,1.044,1,1100
191349694,-1.463,2.927,0.000,-0.082,-0.015,0.989,1,1100
191350208,-1.159,1.890,-0.183,-0.098,-0.010,1.051,1,1100
191351694,-0.671,0.366,0.183,0.050,0.040,1.029,1,1100
191352208,-0.671,0.366,0.183,0.050,0.040,1.029,1,1100
191353694,-0.366,0.305,0.915,0.121,0.110,1.082,1,1100
191354209,-0.671,1.402,0.793,0.038,0.066,1.064,1,1100
191355694,-0.976,2.561,0.610,-0.032,0.052,1.037,1,1100
191356208,-1.402,3.110,0.122,-0.084,-0.007,1.000,1,1100
191357694,-1.341,1.951,-0.061,-0.100,-0.004,1.078,1,1100
191358209,-1.341,1.951,-0.061,-0.100,-0.004,1.078,1,1100
191359694,-0.854,0.183,0.000,0.034,0.018,0.987,1,1100
191360209,-0.366,-0.244,0.854,0.034,0.018,0.987,1,1100
191361689,-0.488,0.305,1.037,0.113,0.103,1.079,1,1100
191362206,-0.915,1.402,0.915,0.039,0.090,1.062,1,1100
191363696,-1.159,2.744,0.488,-0.030,0.040,1.035,1,1100
191364216,-1.646,2.988,0.000,-0.063,-0.020,1.005,1,1100
191365702,-1.341,2.439,0.000,-0.077,-0.014,0.994,1,1100
191366228,-1.341,2.439,0.000,-0.077,-0.014,0.994,1,1100
191367694,-0.976,0.305,0.122,0.039,-0.014,1.004,1,1100
191368215,-0.549,-0.305,0.610,0.105,0.086,1.085,1,1100
191369694,-0.549,0.244,0.976,0.104,0.093,1.046,1,1100
191370208,-0.854,1.220,0.793,0.049,0.074,1.076,1,1100
191371694,-1.585,2.927,0.183,-0.049,0.020,1.023,1,1100
191372208,-1.585,2.927,0.183,-0.049,0.020,1.023,1,1100
191373694,-1.524,2.073,-0.122,-0.051,0.000,0.986,1,1100
191374208,-1.463,1.098,-0.305,-0.051,0.000,0.986,1,1100
191375694,-0.793,0.366,0.244,0.060,0.009,1.002,1,1100
191376209,-0.976,0.122,0.671,0.074,0.059,1.127,1,1100
191377694,-0.793,1.098,1.220,0.132,0.116,1.039,1,1100
191378209,-0.793,1.098,1.220,0.049,0.055,1.091,1,1100
191379694,-1.463,2.988,0.183,-0.065,-0.021,1.068,1,1100
191380208,-1.463,2.988,0.183,-0.065,-0.021,1.068,1,1100
191381694,-1.220,2.195,0.061,-0.053,-0.006,1.015,1,1100
191382208,-1.159,1.463,-0.183,-0.041,-0.031,1.021,1,1100
191383694,-0.732,0.305,0.122,0.041,0.012,1.054,1,1100
191384209,-0.854,-0.366,0.793,0.090,0.056,1.064,1,1100
191385694,-1.159,1.280,1.037,0.031,0.074,1.076,1,1100
191386209,-1.159,1.280,1.037,0.031,0.074,1.076,1,1100
191387694,-1.524,2.744,0.427,-0.114,0.015,1.064,1,1100
191388208,-1.220,2.988,0.183,-0.089,-0.023,1.006,1,1100
191389694,-1.341,2.256,0.061,-0.089,0.002,1.049,1,1100
191390209,-1.220,1.280,-0.244,-0.023,-0.037,0.959,1,1100
191391694,-0.671,-0.427,0.549,0.111,0.059,1.044,1,1100
191392209,-0.671,-0.427,0.549,0.111,0.059,1.044,1,1100
191393694,-0.915,1.159,0.854,0.021,0.058,1.017,1,1100
191394203,-0.915,1.159,0.854,0.021,0.058,1.017,1,1100
191395694,-1.220,3.049,0.061,-0.123,0.017,1.019,1,1100
191396208,-1.463,3.293,0.061,-0.069,-0.010,1.036,1,1100
191397694,-1.646,2.317,-0.061,-0.136,-0.006,1.022,1,1100
191398208,-1.159,1.402,-0.122,0.010,-0.008,0.993,1,1100
191399694,-0.366,-0.488,0.488,0.146,0.032,0.970,1,1100
191400203,-0.366,-0.488,0.488,0.146,0.032,0.970,1,1100
191401689,-0.549,0.976,0.915,0.088,0.056,1.009,1,1100
191402202,-1.098,2.256,0.488,-0.030,0.040,1.082,1,1100
191403694,-1.220,2.988,0.000,-0.095,0.035,0.961,1,1100
191404203,-1.524,3.049,-0.061,-0.074,-0.003,1.064,1,1100
191405694,-1.524,1.220,0.000,-0.019,-0.019,1.008,1,1100
191406208,-1.524,1.220,0.000,-0.019,-0.019,1.008,1,1100
191407694,-0.549,-0.183,0.671,0.158,0.052,0.975,1,1100
191408208,-0.610,-0.061,0.915,0.158,0.052,0.975,1,1100
191409689,-0.610,1.098,0.976,0.077,0.084,0.982,1,1100
191410201,-0.976,2.134,0.610,-0.021,0.036,1.098,1,1100
191411694,-1.037,2.866,0.061,-0.077,0.033,0.962,1,1100
191412209,-1.037,2.866,0.061,-0.102,-0.026,1.043,1,1100
191413694,-1.037,1.341,-0.061,-0.038,-0.020,1.021,1,1100
191414203,-1.037,1.341,-0.061,-0.038,-0.020,1.021,1,1100
191415694,-0.427,-0.061,0.366,0.119,0.071,1.006,1,1100
191416203,-0.549,0.000,0.915,0.111,0.083,1.103,1,1100
191417694,-0.732,1.280,0.915,0.062,0.109,1.038,1,1100
191418208,-1.037,2.317,0.122,-0.031,-0.013,1.053,1,1100
191419703,-1.463,3.110,0.000,-0.125,-0.039,1.040,1,1100
191420221,-1.463,3.110,0.000,-0.125,-0.039,1.040,1,1100
191421697,-1.037,1.463,-0.061,-0.089,0.005,1.006,1,1100
191422217,-0.671,0.549,-0.122,0.072,-0.020,1.102,1,1100
191423694,-0.549,-0.183,0.244,0.081,0.073,1.004,1,1100
191424208,-0.610,0.305,0.976,0.122,0.101,1.048,1,1100
191425694,-0.976,2.378,0.488,0.014,0.018,1.021,1,1100
191426208,-0.976,2.378,0.488,0.014,0.018,1.021,1,1100
191427694,-1.463,3.110,0.061,-0.101,-0.032,1.046,1,1100
191428208,-1.585,2.195,-0.183,-0.101,-0.032,1.046,1,1100
191429694,-1.463,1.159,-0.183,-0.063,-0.018,0.960,1,1100
191430208,-1.037,0.488,0.183,0.032,-0.010,1.048,1,1100
191431694,-0.610,-0.122,0.488,0.095,0.049,1.089,1,1100
191432208,-0.183,0.122,1.280,0.131,0.117,1.062,1,1100
191433694,-0.854,2.256,1.159,0.022,0.040,1.016,1,1100
191434208,-0.854,2.256,1.159,0.022,0.040,1.016,1,1100
191435694,-1.280,2.561,-0.122,-0.102,-0.006,1.036,1,1100
191436208,-1.524,2.256,0.000,-0.090,-0.009,1.056,1,1100
191437694,-1.524,1.463,0.061,-0.038,-0.020,0.965,1,1100
191438209,-0.854,0.366,0.244,0.005,0.004,1.031,1,1100
191439694,-0.488,-0.061,0.915,0.080,0.127,1.067,1,1100
191440208,-0.488,-0.061,0.915,0.080,0.127,1.067,1,1100
191441694,-0.793,2.012,0.976,-0.003,0.064,1.048,1,1100
191442209,-1.037,2.927,0.427,-0.003,0.064,1.048,1,1100
191443694,-1.159,2.927,0.488,-0.127,0.006,1.048,1,1100
191444208,-0.976,2.805,0.183,-0.085,-0.003,1.010,1,1100
191445694,-0.793,0.610,0.061,-0.046,-0.005,1.046,1,1100
191446203,-0.793,0.610,0.061,-0.008,-0.001,1.000,1,1100
191447694,-0.183,-0.183,0.915,0.085,0.121,1.028,1,1100
191448208,-0.183,-0.183,0.915,0.085,0.121,1.028,1,1100
191449694,-0.793,2.134,0.488,-0.061,0.057,1.048,1,1100
191450208,-0.915,3.110,-0.061,-0.031,-0.010,0.985,1,1100
191451694,-1.707,2.988,-0.061,-0.149,0.024,1.063,1,1100
191452209,-1.280,2.500,-0.061,-0.043,-0.024,0.967,1,1100
191453694,-0.793,0.732,0.000,0.042,-0.016,0.997,1,1100
191454208,-0.793,0.732,0.000,0.042,-0.016,0.997,1,1100
191455689,-0.427,-0.061,1.220,0.091,0.115,1.007,1,1100
191456202,-0.610,0.732,1.098,0.124,0.094,1.107,1,1100
191457694,-0.854,2.012,0.671,-0.022,0.040,1.029,1,1100
191458208,-1.220,2.988,0.244,-0.061,0.019,1.011,1,1100
191459694,-1.585,2.622,0.000,-0.043,-0.008,0.961,1,1100
191460209,-1.585,2.622,0.000,-0.043,-0.008,0.961,1,1100
191461694,-0.976,0.427,-0.305,0.051,-0.015,1.024,1,1100
191462209,-0.976,0.427,-0.305,0.051,-0.015,1.024,1,1100
191463694,-0.305,-0.244,1.037,0.168,0.104,0.967,1,1100
191464209,-0.549,0.610,1.037,0.037,0.105,1.130,1,1100
191465694,-0.915,2.012,0.732,0.064,0.030,1.030,1,1100
191466208,-1.159,2.866,0.488,-0.112,0.042,1.011,1,1100
191467694,-1.220,2.500,0.000,-0.088,0.034,1.019,1,1100
191468209,-1.220,2.500,0.000,-0.088,0.034,1.019,1,1100
191469694,-1.098,0.549,-0.305,-0.006,0.004,1.061,1,1100
191470208,-0.976,0.061,-0.183,0.072,0.028,1.098,1,1100
191471694,-0.488,-0.061,0.854,0.145,0.122,1.030,1,1100
191472208,-0.610,0.610,1.098,0.039,0.087,1.057,1,1100
191473694,-1.402,2.866,0.061,-0.099,0.014,1.012,1,1100
191474209,-1.402,2.866,0.061,-0.099,0.014,1.012,1,1100
191475694,-1.463,2.744,-0.183,-0.105,0.000,1.116,1,1100
191476209,-1.220,1.707,-0.366,-0.105,0.000,1.116,1,1100
191477694,-1.220,0.610,-0.183,0.019,-0.015,1.075,1,1100
191478208,-1.037,-0.183,0.366,0.082,0.044,1.016,1,1100
191479694,-0.732,0.793,0.976,0.121,0.093,1.093,1,1100
191480208,-0.732,0.793,0.976,0.093,0.089,1.054,1,1100
191481694,-1.159,2.866,0.305,-0.105,0.000,1.036,1,1100
191482209,-1.159,2.866,0.305,-0.105,0.000,1.036,1,1100
191483694,-1.585,2.683,-0.122,-0.109,-0.015,1.042,1,1100
191484208,-1.341,1.768,0.000,-0.043,-0.014,0.972,1,1100
191485694,-1.220,0.793,-0.305,-0.019,-0.017,1.070,1,1100
191486203,-0.488,0.061,0.183,0.105,0.043,1.067,1,1100
191487694,-0.671,0.915,1.098,0.118,0.075,1.039,1,1100
191488209,-0.671,0.915,1.098,0.118,0.075,1.039,1,1100
191489694,-1.280,2.622,0.488,-0.026,-0.014,1.000,1,1100
191490203,-1.585,2.866,0.305,-0.134,0.016,1.057,1,1100
191491694,-1.585,2.683,-0.061,-0.085,-0.033,1.006,1,1100
191492208,-1.646,1.951,-0.183,-0.051,0.014,0.985,1,1100
191493694,-0.732,-0.122,0.183,0.078,0.048,1.118,1,1100
191494203,-0.732,-0.122,0.183,0.078,0.048,1.118,1,1100
191495694,-0.732,1.037,1.159,0.089,0.101,1.047,1,1100
191496208,-0.732,1.037,1.159,0.089,0.101,1.047,1,1100
191497694,-0.854,2.927,0.305,-0.053,0.025,1.012,1,1100
191498208,-1.280,3.171,0.000,-0.126,-0.013,1.042,1,1100
191499694,-1.463,2.744,-0.061,-0.083,-0.006,1.010,1,1100
191500208,-1.463,1.951,-0.122,-0.090,-0.001,1.031,1,1100
191501698,-0.793,-0.061,0.366,0.050,0.039,1.108,1,1100
191502214,-0.793,-0.061,0.366,0.050,0.039,1.108,1,1100
191503698,-0.732,0.549,1.098,0.093,0.096,1.103,1,1100
191504212,-1.098,1.646,0.732,0.021,0.065,1.029,1,1100
191505694,-1.402,2.561,0.305,-0.055,0.021,1.043,1,1100
191506211,-1.220,3.171,0.000,-0.071,-0.023,0.991,1,1100
191507694,-1.463,1.829,-0.427,-0.075,-0.000,1.035,1,1100
191508212,-1.463,1.829,-0.427,-0.075,-0.000,1.035,1,1100
191509694,-0.488,0.122,0.061,0.040,0.038,1.102,1,1100
191510208,-0.183,0.000,0.732,0.040,0.038,1.102,1,1100
191511694,-0.732,0.793,0.976,0.083,0.065,1.052,1,1100
191512203,-0.793,1.890,1.037,0.004,0.092,1.065,1,1100
191513694,-1.585,3.110,0.183,-0.055,-0.010,1.053,1,1100
191514208,-1.585,3.110,0.183,-0.095,-0.003,0.991,1,1100
191515694,-1.402,1.707,0.061,-0.027,-0.006,1.021,1,1100
191516209,-1.402,1.707,0.061,-0.027,-0.006,1.021,1,1100
191517694,-0.427,-0.244,0.549,0.092,0.024,1.073,1,1100
191518209,-0.366,-0.305,0.732,0.085,0.109,1.090,1,1100
191519694,-0.366,0.610,0.854,0.123,0.075,1.016,1,1100
191520208,-0.671,1.890,0.671,-0.014,0.079,1.115,1,1100
191521694,-1.280,3.171,-0.061,-0.076,-0.009,1.047,1,1100
191522208,-1.280,3.171,-0.061,-0.076,-0.009,1.047,1,1100
191523694,-1.280,1.829,-0.183,-0.028,-0.003,1.035,1,1100
191524208,-1.402,0.732,-0.183,-0.018,-0.017,1.031,1,1100
191525694,-0.671,0.061,0.183,0.076,0.022,1.058,1,1100
191526208,-0.915,-0.122,0.732,0.101,0.094,1.066,1,1100
191527694,-0.854,1.585,0.976,0.000,0.069,1.123,1,1100
191528208,-0.854,1.585,0.976,0.000,0.069,1.123,1,1100
191529694,-1.463,2.988,0.183,-0.098,-0.011,1.073,1,1100
191530208,-1.463,2.988,0.183,-0.098,-0.011,1.073,1,1100
191531694,-1.402,1.951,0.122,-0.056,0.014,1.073,1,1100
191532209,-1.280,0.915,-0.183,-0.008,-0.058,0.988,1,1100
191533694,-0.671,0.061,0.122,0.064,0.046,1.056,1,1100
191534202,-0.549,-0.122,0.732,0.105,0.094,1.076,1,1100
191535694,-0.793,1.768,0.793,-0.048,0.059,1.062,1,1100
191536209,-0.793,1.768,0.793,-0.048,0.059,1.062,1,1100
191537694,-1.463,3.293,0.122,-0.119,-0.008,1.046,1,1100
191538208,-1.341,2.866,0.244,-0.087,0.000,0.997,1,1100
191539694,-1.220,2.195,0.122,-0.089,0.010,1.056,1,1100
191540209,-1.280,1.037,0.183,0.025,-0.061,0.990,1,1100
191541694,-0.366,-0.366,0.854,0.129,0.096,1.060,1,1100
191542208,-0.366,-0.366,0.854,0.129,0.096,1.060,1,1100
191543694,-0.854,1.707,0.305,-0.014,0.026,1.047,1,1100
191544209,-1.037,2.866,0.488,-0.014,0.026,1.047,1,1100
191545694,-1.585,3.354,0.000,-0.110,-0.020,1.011,1,1100
191546208,-1.463,2.927,0.244,-0.078,-0.003,1.026,1,1100
191547694,-1.159,0.854,-0.366,-0.103,0.003,1.018,1,1100
191548208,-1.159,0.854,-0.366,0.047,-0.035,1.045,1,1100
191549694,-0.305,-0.305,0.427,0.177,0.078,1.044,1,1100
191550203,-0.305,-0.305,0.427,0.177,0.078,1.044,1,1100
191551694,-0.793,1.402,0.427,0.071,0.030,1.025,1,1100
191552208,-1.402,2.622,0.366,-0.092,0.058,1.064,1,1100
191553694,-1.463,2.988,0.183,-0.067,-0.032,0.992,1,1100
191554208,-1.402,2.622,0.061,-0.108,-0.001,1.028,1,1100
191555698,-1.341,0.854,-0.122,0.015,-0.024,1.105,1,1100
191556214,-1.341,0.854,-0.122,0.015,-0.024,1.105,1,1100
191557698,-0.366,0.061,0.915,0.136,0.109,1.122,1,1100
191558216,-0.427,0.732,1.159,0.098,0.083,1.038,1,1100
191559695,-0.671,2.134,0.793,0.052,0.082,1.014,1,1100
191560210,-1.037,3.110,0.366,-0.065,0.017,1.068,1,1100
191561694,-1.463,2.988,-0.061,-0.119,-0.047,1.062,1,1100
191562208,-1.463,2.988,-0.061,-0.119,-0.047,1.062,1,1100
191563694,-1.220,0.976,-0.183,0.007,-0.037,1.107,1,1100
191564204,-1.220,0.976,-0.183,0.007,-0.037,1.107,1,1100
191565694,-0.610,-0.061,0.793,0.106,0.098,1.099,1,1100
191566208,-0.305,0.488,1.220,0.125,0.073,1.054,1,1100
191567694,-0.488,1.646,0.976,0.008,0.096,1.050,1,1100
191568208,-0.976,2.561,0.488,-0.025,0.008,1.036,1,1100
191569694,-1.402,2.988,0.305,-0.108,-0.049,1.012,1,1100
191570208,-1.402,2.988,0.305,-0.108,-0.049,1.012,1,1100
191571694,-1.037,0.976,0.000,-0.001,-0.043,1.067,1,1100
191572209,-0.549,0.183,0.244,0.060,0.052,1.020,1,1100
191573694,-0.122,-0.122,0.671,0.098,0.055,1.054,1,1100
191574214,-0.427,0.244,1.098,0.138,0.120,1.079,1,1100
191575694,-1.098,2.378,0.671,-0.021,0.037,1.042,1,1100
191576209,-1.098,2.378,0.671,-0.021,0.037,1.042,1,1100
191577694,-1.463,2.744,-0.061,-0.076,-0.035,1.000,1,1100
191578208,-1.585,2.073,0.122,-0.076,-0.035,1.000,1,1100
191579694,-1.098,1.220,0.122,0.020,-0.025,0.993,1,1100
191580208,-0.976,0.183,0.061,0.055,0.022,1.054,1,1100
191581694,-0.549,0.183,1.098,0.106,0.084,1.043,1,1100
191582209,-0.549,0.183,1.098,0.118,0.100,1.117,1,1100
191583694,-0.854,2.500,0.610,-0.021,0.032,1.056,1,1100
191584203,-0.854,2.500,0.610,-0.021,0.032,1.056,1,1100
191585694,-1.402,3.110,0.183,-0.065,-0.022,1.017,1,1100
191586209,-1.768,2.012,0.183,-0.125,-0.006,1.033,1,1100
191587694,-1.463,1.098,0.305,0.010,-0.016,1.079,1,1100
191588208,-1.159,0.427,0.305,0.029,0.012,0.989,1,1100
191589694,-0.671,0.305,1.098,0.078,0.109,1.113,1,1100
191590209,-0.671,0.305,1.098,0.078,0.109,1.113,1,1100
191591694,-0.976,2.622,0.610,-0.056,0.045,1.072,1,1100
191592208,-1.280,2.866,-0.122,-0.067,-0.021,0.979,1,1100
191593694,-1.768,2.988,-0.244,-0.129,0.000,1.025,1,1100
191594209,-1.707,2.439,-0.305,-0.083,-0.019,0.999,1,1100
191595694,-0.976,0.000,-0.122,0.041,0.000,0.958,1,1100
191596208,-0.976,0.000,-0.122,0.041,0.000,0.958,1,1100
191597691,-0.549,0.488,1.098,0.092,0.099,1.069,1,1100
191598205,-0.549,0.488,1.098,0.092,0.099,1.069,1,1100
191599694,-1.159,2.561,0.488,-0.065,0.017,1.039,1,1100
191600208,-1.463,2.866,0.183,-0.047,0.041,0.998,1,1100
191601694,-1.646,2.866,-0.183,-0.136,-0.026,1.059,1,1100
191602202,-1.341,2.439,0.122,-0.053,-0.021,0.907,1,1100
191603694,-0.915,0.244,0.061,0.095,-0.022,1.003,1,1100
191604209,-0.915,0.244,0.061,0.095,-0.022,1.003,1,1100
191605694,-0.671,0.183,0.976,0.113,0.098,1.006,1,1100
191606208,-0.854,1.341,0.915,0.076,0.070,1.089,1,1100
191607694,-1.280,2.195,0.488,-0.046,0.039,0.975,1,1100
191608204,-1.280,3.049,0.000,-0.076,0.015,1.043,1,1100
191609694,-0.854,2.195,-0.061,-0.036,-0.015,0.953,1,1100
191610208,-0.854,2.195,-0.061,-0.036,-0.015,0.953,1,1100
191611694,-0.976,0.305,-0.061,0.061,0.006,0.981,1,1100
191612202,-0.854,0.000,0.488,0.061,0.006,0.981,1,1100
191613689,-0.427,0.488,0.976,0.103,0.123,1.011,1,1100
191614197,-0.671,1.585,0.793,0.053,0.073,1.100,1,1100
191615694,-1.463,3.110,0.244,-0.002,0.034,1.004,1,1100
191616208,-1.463,3.110,0.244,-0.099,0.002,1.029,1,1100
191617694,-1.524,2.256,-0.183,-0.062,-0.001,1.007,1,1100
191618209,-1.524,2.256,-0.183,-0.062,-0.001,1.007,1,1100
191619694,-0.915,0.183,0.305,0.043,0.037,1.007,1,1100
191620208,-0.549,-0.061,0.427,0.118,0.040,1.055,1,1100
191621694,-0.366,0.427,0.854,0.107,0.156,1.097,1,1100
191622209,-0.671,1.585,0.610,0.053,0.047,1.072,1,1100
191623694,-1.280,3.110,0.122,-0.119,0.015,1.026,1,1100
191624208,-1.280,3.110,0.122,-0.119,0.015,1.026,1,1100
191625694,-1.159,2.439,0.000,-0.126,-0.007,1.018,1,1100
191626208,-1.037,1.463,0.122,-0.009,-0.037,1.013,1,1100
191627694,-0.671,0.305,0.488,0.021,0.027,1.050,1,1100
191628209,-0.427,0.000,0.427,0.120,0.029,1.015,1,1100
191629694,-0.366,1.220,0.793,0.063,0.073,1.039,1,1100
191630208,-0.366,1.220,0.793,0.063,0.073,1.039,1,1100
191631694,-0.976,2.988,0.427,-0.117,0.026,0.995,1,1100
191632204,-0.976,2.988,0.427,-0.117,0.026,0.995,1,1100
191633694,-1.220,2.256,0.000,-0.111,-0.003,1.030,1,1100
191634208,-1.463,1.280,-0.061,-0.019,-0.035,0.995,1,1100
191635694,-1.159,0.549,0.122,0.006,0.022,1.026,1,1100
191636208,-0.610,0.000,0.732,0.136,0.042,1.031,1,1100
191637694,-0.732,1.159,0.671,0.090,0.075,1.039,1,1100
191638208,-0.732,1.159,0.671,0.090,0.075,1.039,1,1100
191639694,-0.915,2.744,0.305,-0.071,-0.004,1.003,1,1100
191640209,-1.341,3.049,0.122,-0.128,-0.013,0.992,1,1100
191641694,-1.463,2.683,-0.061,-0.067,-0.018,1.038,1,1100
191642208,-1.280,1.768,-0.244,-0.072,-0.000,1.022,1,1100
191643694,-0.732,0.122,0.305,0.093,0.052,1.028,1,1100
191644208,-0.732,0.122,0.305,0.093,0.052,1.028,1,1100
191645694,-0.915,1.280,0.915,0.061,0.106,1.085,1,1100
191646208,-1.037,2.439,0.549,0.061,0.106,1.085,1,1100
191647694,-1.402,3.110,0.305,-0.106,0.052,1.031,1,1100
191648208,-1.402,3.354,0.122,-0.103,-0.035,1.037,1,1100
191649694,-1.463,1.402,-0.366,-0.049,-0.011,1.029,1,1100
191650208,-1.463,1.402,-0.366,-0.080,-0.017,0.956,1,1100
191651694,-0.671,-0.122,0.305,0.072,0.055,1.077,1,1100
191652209,-0.671,-0.122,0.305,0.072,0.055,1.077,1,1100
191653694,-0.915,1.098,0.854,0.008,0.123,1.098,1,1100
191654208,-0.854,2.378,0.854,0.067,0.029,0.973,1,1100
191655694,-1.098,3.293,0.427,-0.138,0.031,1.081,1,1100
191656208,-0.976,3.293,0.061,-0.091,-0.035,0.950,1,1100
191657694,-1.280,1.646,-0.061,-0.091,-0.017,0.985,1,1100
191658208,-1.280,1.646,-0.061,-0.091,-0.017,0.985,1,1100
191659694,-0.854,-0.427,0.366,0.070,0.054,1.033,1,1100
191660202,-0.671,-0.122,1.037,0.154,0.100,1.047,1,1100
191661694,-1.159,0.793,1.037,0.038,0.073,1.099,1,1100
191662208,-0.793,1.951,0.488,0.032,0.060,0.955,1,1100
191663694,-1.402,2.927,-0.122,-0.085,0.008,1.005,1,1100
191664209,-1.402,2.927,-0.122,-0.085,0.008,1.005,1,1100
191665694,-1.280,1.768,0.122,-0.059,0.001,0.915,1,1100
191666208,-1.280,1.768,0.122,-0.059,0.001,0.915,1,1100
191667694,-0.854,-0.244,0.244,0.128,0.035,1.053,1,1100
191668209,-0.427,0.000,0.793,0.092,0.127,1.019,1,1100
191669694,-0.427,0.854,0.976,0.068,0.065,1.109,1,1100
191670208,-0.915,1.890,0.488,0.022,0.073,1.046,1,1100
191671694,-1.037,3.110,0.183,-0.098,0.029,1.054,1,1100
191672208,-1.037,3.110,0.183,-0.098,0.029,1.054,1,1100
191673694,-1.341,1.524,-0.244,-0.022,-0.004,0.954,1,1100
191674208,-1.220,0.610,-0.061,-0.031,-0.021,1.037,1,1100
191675694,-0.671,-0.061,0.488,0.140,0.040,1.093,1,1100
191676208,-0.549,-0.183,0.976,0.085,0.096,1.079,1,1100
191677694,-0.976,1.890,0.732,-0.003,0.052,1.085,1,1100
191678208,-0.976,1.890,0.732,-0.003,0.052,1.085,1,1100
191679694,-1.707,2.927,-0.061,-0.101,0.009,1.065,1,1100
191680208,-1.463,2.500,-0.244,-0.101,0.009,1.065,1,1100
191681694,-1.402,1.585,-0.122,-0.059,0.007,1.053,1,1100
191682202,-1.159,0.366,-0.061,0.015,-0.029,1.005,1,1100
191683694,-0.488,-0.122,0.671,0.091,0.041,1.062,1,1100
191684208,-0.488,-0.122,0.671,0.092,0.082,1.053,1,1100
191685702,-0.976,1.951,0.732,-0.012,0.030,1.083,1,1100
191686230,-0.976,1.951,0.732,-0.012,0.030,1.083,1,1100
191687697,-1.220,3.232,0.122,-0.124,-0.010,1.095,1,1100
191688215,-1.098,2.805,0.366,-0.073,-0.003,0.950,1,1100
191689694,-1.159,1.768,0.183,-0.071,-0.011,1.028,1,1100
191690202,-0.854,0.854,-0.183,0.014,-0.022,1.026,1,1100
191691694,-0.488,-0.122,0.732,0.134,0.082,1.028,1,1100
191692209,-0.488,-0.122,0.732,0.134,0.082,1.028,1,1100
191693694,-1.037,2.012,0.488,0.041,0.036,1.051,1,1100
191694208,-1.159,2.927,0.122,-0.073,0.033,0.981,1,1100
191695694,-1.463,3.293,-0.183,-0.111,-0.034,1.062,1,1100
191696208,-1.098,2.805,0.061,-0.086,0.019,0.995,1,1100
191697702,-1.341,0.915,-0.061,0.012,-0.009,1.011,1,1100
191698228,-1.341,0.915,-0.061,0.012,-0.009,1.011,1,1100
191699697,-0.671,-0.061,0.854,0.126,0.108,1.014,1,1100
191700217,-0.671,-0.061,0.854,0.126,0.108,1.014,1,1100
191701694,-0.976,1.890,0.549,0.042,0.058,1.101,1,1100
191702208,-1.280,2.866,0.122,-0.091,0.023,0.973,1,1100
191703694,-1.890,3.232,0.183,-0.075,-0.015,1.038,1,1100
191704202,-1.768,2.439,0.122,-0.127,0.002,1.032,1,1100
191705694,-1.463,0.915,-0.244,-0.010,-0.018,1.016,1,1100
191706209,-1.463,0.915,-0.244,-0.010,-0.018,1.016,1,1100
191707694,-0.427,-0.122,0.854,0.123,0.121,1.080,1,1100
191708209,-0.610,0.488,1.037,0.084,0.089,1.038,1,1100
191709694,-0.915,1.463,0.488,0.020,0.064,1.080,1,1100
191710208,-0.976,2.500,-0.183,-0.072,0.014,0.987,1,1100
191711694,-1.280,2.744,0.122,-0.099,-0.021,1.003,1,1100
191712208,-1.280,2.744,0.122,-0.099,-0.021,1.003,1,1100
191713694,-1.220,0.793,-0.122,-0.013,-0.036,1.051,1,1100
191714208,-0.549,0.122,0.244,-0.013,-0.036,1.051,1,1100
191715694,-0.671,0.000,0.549,0.109,0.081,1.057,1,1100
191716208,-0.305,0.427,1.098,0.118,0.088,1.012,1,1100
191717694,-0.976,2.927,0.427,-0.011,0.064,1.091,1,1100
191718203,-0.976,2.927,0.427,-0.033,0.004,1.004,1,1100
191719694,-1.402,2.866,0.061,-0.065,-0.030,1.009,1,1100
191720203,-1.402,2.866,0.061,-0.065,-0.030,1.009,1,1100
191721694,-1.098,1.098,-0.061,0.010,-0.056,0.982,1,1100
191722209,-0.671,0.000,0.183,0.064,0.064,1.114,1,1100
191723694,-0.366,0.000,0.488,0.109,0.070,1.028,1,1100
191724208,-0.549,0.488,0.854,0.130,0.104,1.076,1,1100
191725694,-0.854,2.866,0.366,-0.003,0.021,0.994,1,1100
191726208,-0.854,2.866,0.366,-0.003,0.021,0.994,1,1100
191727694,-1.463,2.805,-0.061,-0.044,-0.057,0.987,1,1100
191728208,-1.768,1.890,-0.244,-0.134,0.037,1.095,1,1100
191729694,-1.280,1.098,-0.183,0.049,-0.075,0.946,1,1100
191730208,-1.037,0.061,0.061,0.019,0.072,1.108,1,1100
191731694,-0.610,0.732,1.159,0.155,0.077,0.980,1,1100
191732209,-0.610,0.732,1.159,0.101,0.100,1.116,1,1100
191733694,-1.037,2.866,0.244,-0.028,0.027,1.036,1,1100
191734208,-1.037,2.866,0.244,-0.028,0.027,1.036,1,1100
191735694,-1.341,2.988,-0.122,-0.083,0.003,1.007,1,1100
191736208,-1.707,2.134,0.000,-0.102,0.002,1.054,1,1100
191737694,-1.159,1.037,0.122,0.031,-0.034,0.946,1,1100
191738208,-0.976,-0.061,0.122,0.002,0.028,1.130,1,1100
191739694,-0.732,0.366,0.915,0.084,0.083,1.091,1,1100
191740208,-0.732,0.366,0.915,0.084,0.083,1.091,1,1100
191741694,-0.976,2.622,0.061,-0.045,0.012,1.065,1,1100
191742208,-1.159,2.866,-0.061,-0.071,0.003,0.943,1,1100
191743694,-1.402,2.866,0.000,-0.115,0.003,1.035,1,1100
191744208,-1.585,2.012,0.061,-0.097,-0.001,1.059,1,1100
191745698,-0.976,0.305,0.122,0.023,0.032,1.015,1,1100
191746214,-0.976,0.305,0.122,0.023,0.032,1.015,1,1100
191747698,-0.854,0.427,0.732,0.085,0.090,1.075,1,1100
191748213,-0.732,1.646,0.854,0.085,0.090,1.075,1,1100
191749694,-0.976,2.683,0.305,-0.068,0.023,1.057,1,1100
191750212,-1.220,3.049,-0.061,-0.048,0.004,0.981,1,1100
191751694,-1.585,2.073,-0.122,-0.143,0.004,1.043,1,1100
191752209,-1.585,2.073,-0.122,-0.051,-0.007,1.006,1,1100
191753694,-0.732,0.122,0.000,0.070,0.000,0.994,1,1100
191754209,-0.732,0.122,0.000,0.070,0.000,0.994,1,1100
191755691,-0.427,0.427,1.037,0.126,0.053,1.042,1,1100
191756207,-0.915,1.585,0.915,0.001,0.096,1.089,1,1100
191757694,-1.098,2.744,0.427,-0.045,0.017,1.013,1,1100
191758208,-1.463,2.866,0.305,-0.056,0.011,1.019,1,1100
191759694,-1.585,1.707,-0.183,-0.040,0.016,0.995,1,1100
191760208,-1.585,1.707,-0.183,-0.040,0.016,0.995,1,1100
191761694,-0.549,0.000,-0.061,0.049,0.019,0.993,1,1100
191762208,-0.427,-0.244,0.305,0.104,0.089,1.135,1,1100
191763694,-0.427,0.427,1.037,0.148,0.104,1.026,1,1100
191764208,-0.793,1.707,0.854,-0.010,0.070,1.079,1,1100
191765694,-1.646,3.171,-0.183,-0.007,0.022,1.037,1,1100
191766208,-1.646,3.171,-0.183,-0.085,-0.009,0.969,1,1100
191767694,-1.220,2.378,-0.122,-0.098,0.003,0.997,1,1100
191768209,-1.220,2.378,-0.122,-0.098,0.003,0.997,1,1100
191769694,-0.976,0.427,0.122,0.006,0.021,1.002,1,1100
191770202,-0.915,-0.244,0.549,0.125,0.078,1.091,1,1100
191771694,-0.610,0.305,1.098,0.117,0.113,1.049,1,1100
191772209,-0.671,1.280,0.915,0.033,0.045,1.042,1,1100
191773694,-1.341,3.171,-0.122,-0.107,0.007,0.960,1,1100
191774208,-1.341,3.171,-0.122,-0.107,0.007,0.960,1,1100
191775694,-1.341,2.439,0.122,-0.097,0.024,0.988,1,1100
191776208,-1.220,1.037,0.122,0.037,-0.041,1.095,1,1100
191777694,-0.793,0.244,0.122,-0.002,0.025,0.965,1,1100
191778208,-0.366,-0.061,0.366,0.135,0.071,1.087,1,1100
191779694,-0.610,1.585,0.610,0.075,0.057,0.990,1,1100
191780209,-0.610,1.585,0.610,0.075,0.057,0.990,1,1100
191781694,-1.402,2.988,-0.122,-0.068,-0.005,0.977,1,1100
191782202,-1.585,3.049,-0.244,-0.068,-0.005,0.977,1,1100
191783694,-1.341,2.073,-0.366,-0.103,0.010,0.979,1,1100
191784209,-1.463,0.793,0.000,0.021,-0.024,1.096,1,1100
191785694,-0.366,-0.366,0.732,-0.001,0.016,0.992,1,1100
191786203,-0.366,-0.366,0.732,0.131,0.068,1.065,1,1100
191787701,-0.305,1.341,1.037,0.083,0.083,1.015,1,1100
191788222,-0.305,1.341,1.037,0.083,0.083,1.015,1,1100
191789696,-1.280,3.049,0.366,-0.053,0.011,0.954,1,1100
191790209,-1.951,2.744,0.061,-0.130,-0.033,1.086,1,1100
191791694,-1.524,2.195,0.183,-0.075,0.016,0.933,1,1100
191792208,-1.220,1.098,-0.183,-0.018,-0.042,1.118,1,1100
191793694,-0.671,0.061,0.488,0.135,0.086,1.085,1,1100
191794208,-0.671,0.061,0.488,0.135,0.086,1.085,1,1100
191795694,-0.671,1.524,0.976,0.060,0.101,1.040,1,1100
191796208,-1.037,2.500,0.488,-0.046,0.015,1.073,1,1100
191797694,-0.915,3.110,0.427,-0.051,0.021,0.983,1,1100
191798208,-1.402,3.049,-0.122,-0.161,-0.037,1.042,1,1100
191799694,-1.402,1.463,-0.061,-0.052,0.007,0.982,1,1100
191800208,-1.402,1.463,-0.061,-0.053,-0.012,1.078,1,1100
191801694,-0.671,-0.305,0.488,0.043,0.087,1.095,1,1100
191802209,-0.671,-0.305,0.488,0.043,0.087,1.095,1,1100
191803694,-0.610,1.098,1.037,0.019,0.099,1.075,1,1100
191804204,-0.854,2.378,0.610,-0.019,0.007,1.017,1,1100
191805694,-1.037,2.866,0.427,-0.086,0.059,1.048,1,1100
191806208,-1.341,2.988,0.000,-0.091,-0.073,0.986,1,1100
191807694,-1.220,1.463,-0.305,-0.062,-0.020,1.011,1,1100
191808204,-1.220,1.463,-0.305,-0.062,-0.020,1.011,1,1100
191809694,-0.671,-0.244,0.671,0.043,0.073,1.061,1,1100
191810208,-0.366,0.183,1.220,0.180,0.097,1.067,1,1100
191811694,-0.732,1.341,0.915,0.009,0.105,1.070,1,1100
191812209,-0.793,2.500,0.610,0.034,0.005,0.970,1,1100
191813694,-1.524,3.110,-0.061,-0.078,-0.040,0.973,1,1100
191814208,-1.524,3.110,-0.061,-0.078,-0.040,0.973,1,1100
191815694,-1.341,1.280,-0.122,-0.051,-0.031,0.991,1,1100
191816208,-0.671,0.244,0.000,-0.051,-0.031,0.991,1,1100
191817689,-0.305,-0.427,0.427,0.095,0.067,1.043,1,1100
191818203,-0.366,-0.244,1.159,0.145,0.115,1.055,1,1100
191819694,-0.915,2.073,0.488,0.025,0.069,1.044,1,1100
191820209,-0.915,2.073,0.488,0.011,0.056,1.021,1,1100
191821694,-1.402,2.988,0.061,-0.089,-0.003,1.003,1,1100
191822208,-1.402,2.988,0.061,-0.089,-0.003,1.003,1,1100
191823694,-1.463,1.585,0.000,-0.013,-0.019,1.021,1,1100
191824208,-1.159,0.488,0.183,-0.005,-0.020,1.025,1,1100
191825694,-0.488,-0.427,0.671,0.130,0.057,1.043,1,1100
191826203,-0.427,-0.305,1.159,0.106,0.125,1.110,1,1100
191827694,-1.098,2.134,0.793,-0.049,0.066,1.017,1,1100
191828203,-1.098,2.134,0.793,-0.049,0.066,1.017,1,1100
191829694,-1.463,3.110,-0.122,-0.121,0.014,0.983,1,1100
191830204,-1.280,2.622,-0.305,-0.092,-0.025,1.029,1,1100
191831694,-1.280,1.463,-0.427,-0.044,-0.010,1.088,1,1100
191832208,-0.854,0.366,-0.305,0.036,-0.023,1.034,1,1100
191833694,-0.366,0.244,1.037,0.086,0.065,0.999,1,1100
191834203,-0.366,0.244,1.037,0.115,0.107,1.090,1,1100
191835694,-0.793,2.195,0.854,-0.009,0.041,1.017,1,1100
191836208,-0.793,2.195,0.854,-0.009,0.041,1.017,1,1100
191837694,-1.402,2.988,-0.122,-0.113,-0.027,1.040,1,1100
191838208,-1.159,2.134,-0.122,-0.076,0.014,0.994,1,1100
191839694,-1.159,1.402,0.061,-0.059,-0.019,1.019,1,1100
191840208,-0.915,0.732,0.122,0.039,0.000,1.027,1,1100
191841694,-0.244,0.305,0.793,0.133,0.107,1.068,1,1100
191842209,-0.244,0.305,0.793,0.133,0.107,1.068,1,1100
191843694,-1.098,2.134,0.732,0.052,0.015,0.974,1,1100
191844208,-1.463,2.927,0.427,-0.114,0.020,1.056,1,1100
191845694,-1.463,3.110,-0.061,-0.089,-0.007,1.020,1,1100
191846209,-1.463,2.561,-0.061,-0.100,0.003,0.996,1,1100
191847694,-1.037,0.305,-0.122,0.041,0.011,1.078,1,1100
191848208,-1.037,0.305,-0.122,0.041,0.011,1.078,1,1100
191849694,-0.305,-0.183,1.037,0.119,0.130,1.078,1,1100
191850208,-0.793,0.732,1.220,0.119,0.130,1.078,1,1100
191851694,-1.098,1.890,0.976,0.051,0.046,1.006,1,1100
191852209,-1.341,2.805,0.488,-0.134,0.031,1.036,1,1100
191853694,-1.585,2.317,-0.183,-0.045,-0.028,1.049,1,1100
191854208,-1.585,2.317,-0.183,-0.135,-0.008,1.025,1,1100
191855694,-1.098,0.732,0.000,-0.008,0.018,1.128,1,1100
191856208,-1.098,0.732,0.000,-0.008,0.018,1.128,1,1100
191857694,-0.244,0.000,0.915,0.086,0.117,1.114,1,1100
191858208,-0.488,0.732,0.854,0.067,0.071,1.010,1,1100
191859694,-1.098,1.890,0.610,0.041,0.050,1.062,1,1100
191860208,-1.341,2.866,0.122,-0.135,0.035,0.987,1,1100
191861702,-1.585,2.439,-0.183,-0.139,-0.005,1.058,1,1100
191862227,-1.585,2.439,-0.183,-0.139,-0.005,1.058,1,1100
191863697,-1.341,0.732,-0.244,-0.011,-0.004,1.111,1,1100
191864217,-0.549,0.061,0.366,0.132,0.040,0.992,1,1100
191865689,-0.305,-0.061,0.610,0.078,0.109,1.143,1,1100
191866200,-0.061,0.793,0.854,0.106,0.095,0.994,1,1100
191867694,-1.098,2.927,0.427,0.020,0.048,1.104,1,1100
191868209,-1.098,2.927,0.427,-0.086,0.032,0.971,1,1100
191869694,-1.890,2.439,-0.061,-0.100,-0.037,1.037,1,1100
191870209,-1.890,2.439,-0.061,-0.100,-0.037,1.037,1,1100
191871694,-1.159,0.427,0.244,-0.024,-0.022,1.069,1,1100
191872208,-0.366,-0.244,0.610,0.142,0.037,1.028,1,1100
191873694,-0.671,-0.061,0.732,0.059,0.085,1.092,1,1100
191874209,-0.549,0.427,1.037,0.118,0.105,1.051,1,1100
191875694,-1.098,2.622,0.793,-0.028,0.004,0.984,1,1100
191876208,-1.098,2.622,0.793,-0.028,0.004,0.984,1,1100
191877694,-1.524,2.805,-0.183,-0.052,-0.053,1.003,1,1100
191878208,-1.280,1.707,-0.061,-0.096,0.025,1.023,1,1100
191879694,-1.037,0.915,-0.061,0.023,-0.024,1.019,1,1100
191880209,-0.854,-0.244,0.122,0.105,0.062,1.095,1,1100
191881694,-0.915,0.671,0.976,0.116,0.109,1.085,1,1100
191882208,-0.915,0.671,0.976,0.116,0.109,1.085,1,1100
191883694,-1.402,2.744,0.305,-0.050,0.032,1.022,1,1100
191884209,-1.463,2.988,-0.061,-0.050,0.032,1.022,1,1100
191885694,-1.341,2.561,-0.122,-0.038,-0.012,0.978,1,1100
191886209,-1.463,1.463,-0.061,-0.119,0.016,1.054,1,1100
191887694,-0.854,-0.488,0.000,0.048,-0.043,1.022,1,1100
191888209,-0.854,-0.488,0.000,0.045,0.050,1.085,1,1100
191889694,-0.854,0.793,0.976,0.072,0.109,1.141,1,1100
191890208,-0.854,0.793,0.976,0.072,0.109,1.141,1,1100
191891694,-1.280,2.927,0.427,-0.088,0.026,1.020,1,1100
191892209,-1.463,2.927,0.122,-0.111,-0.021,1.067,1,1100
191893694,-1.646,2.439,0.000,-0.062,0.005,1.002,1,1100
191894208,-1.707,1.768,-0.183,-0.072,-0.024,0.974,1,1100
191895694,-0.915,0.183,0.122,0.100,0.021,1.137,1,1100
191896208,-0.915,0.183,0.122,0.100,0.021,1.137,1,1100
191897694,-0.854,0.793,0.854,0.069,0.096,1.090,1,1100
191898208,-1.037,1.951,0.732,0.038,0.052,1.053,1,1100
191899694,-1.463,2.683,0.305,-0.070,0.009,1.000,1,1100
191900209,-1.402,3.110,0.244,-0.113,0.005,1.056,1,1100
191901694,-1.159,1.890,-0.122,-0.093,-0.025,0.995,1,1100
191902209,-1.159,1.890,-0.122,-0.071,0.002,1.011,1,1100
191903694,-0.671,0.000,0.122,0.115,0.013,1.142,1,1100
191904209,-0.671,0.000,0.122,0.115,0.013,1.142,1,1100
191905694,-0.427,0.854,1.341,0.126,0.096,1.084,1,1100
191906208,-0.976,1.768,0.976,0.005,0.084,1.075,1,1100
191907694,-1.159,2.744,0.305,-0.034,-0.011,0.981,1,1100
191908209,-1.341,2.988,0.061,-0.124,0.007,1.061,1,1100
191909694,-1.402,1.402,-0.122,-0.054,0.007,1.102,1,1100
191910209,-1.402,1.402,-0.122,-0.054,0.007,1.102,1,1100
191911694,-0.488,-0.427,0.000,0.098,0.020,1.091,1,1100
191912208,-0.305,-0.549,0.427,0.101,0.093,1.017,1,1100
191913694,-0.549,0.366,0.732,0.109,0.094,1.083,1,1100
191914208,-0.915,1.646,0.793,0.001,0.085,1.073,1,1100
191915698,-1.890,2.927,0.305,-0.130,0.001,1.066,1,1100
191916214,-1.890,2.927,0.305,-0.130,0.001,1.066,1,1100
191917698,-2.073,1.646,-0.122,-0.077,0.001,1.089,1,1100
191918215,-1.646,0.793,0.000,-0.077,0.001,1.089,1,1100
191919695,-0.732,0.122,0.366,0.078,0.033,1.087,1,1100
191920208,-0.427,-0.061,0.854,0.107,0.088,0.995,1,1100
191921694,-0.366,0.488,1.341,0.111,0.094,1.109,1,1100
191922208,-0.854,1.585,0.854,0.002,0.053,1.042,1,1100
191923694,-1.159,3.171,-0.122,-0.131,-0.015,1.022,1,1100
191924209,-1.159,3.171,-0.122,-0.131,-0.015,1.022,1,1100
191925694,-1.463,1.890,-0.061,-0.125,-0.011,1.037,1,1100
191926208,-1.037,0.976,-0.061,0.053,-0.035,1.015,1,1100
191927694,-0.793,0.000,0.183,0.013,0.046,1.092,1,1100
191928208,-0.366,-0.061,0.549,0.165,0.074,0.988,1,1100
191929694,-0.732,1.768,0.915,0.067,0.039,1.018,1,1100
191930203,-0.732,1.768,0.915,0.067,0.039,1.018,1,1100
191931694,-1.402,2.988,0.000,-0.064,-0.030,0.967,1,1100
191932209,-1.341,2.927,-0.183,-0.064,-0.030,0.967,1,1100
191933694,-1.463,2.073,-0.366,-0.094,-0.016,0.971,1,1100
191934208,-1.341,1.037,0.000,0.019,-0.015,1.062,1,1100
191935694,-0.427,-0.244,0.793,0.008,0.040,1.090,1,1100
191936208,-0.427,-0.244,0.793,0.183,0.092,1.028,1,1100
191937694,-0.976,1.890,0.793,0.062,0.092,1.037,1,1100
191938209,-0.976,1.890,0.793,0.062,0.092,1.037,1,1100
191939694,-1.220,3.232,-0.122,-0.072,0.013,0.915,1,1100
191940208,-1.829,2.805,-0.305,-0.139,0.001,1.115,1,1100
191941694,-1.037,1.890,-0.183,-0.020,-0.028,0.948,1,1100
191942208,-1.037,0.671,-0.122,-0.030,-0.028,1.040,1,1100
191943694,-0.671,-0.305,0.793,0.139,0.098,1.135,1,1100
191944209,-0.671,-0.305,0.793,0.139,0.098,1.135,1,1100
191945694,-0.793,1.829,0.915,0.037,0.077,1.076,1,1100
191946208,-0.915,2.805,0.488,-0.067,0.000,1.063,1,1100
191947694,-1.098,3.049,0.183,-0.070,0.018,0.989,1,1100
191948202,-1.463,2.622,-0.061,-0.124,-0.027,1.032,1,1100
191949694,-1.341,1.037,-0.244,-0.013,-0.054,1.123,1,1100
191950208,-1.341,1.037,-0.244,-0.013,-0.054,1.123,1,1100
191951694,-0.488,-0.122,0.488,0.093,0.090,1.076,1,1100
191952202,-0.488,0.305,0.915,0.093,0.090,1.076,1,1100
191953694,-0.610,1.585,0.671,-0.007,0.066,1.081,1,1100
191954208,-0.976,2.500,0.427,-0.026,0.016,1.047,1,1100
191955694,-1.463,3.049,0.122,-0.106,0.008,1.023,1,1100
191956202,-1.585,2.744,0.000,-0.095,-0.030,1.014,1,1100
191957694,-0.976,0.915,-0.061,-0.000,-0.067,1.051,1,1100
191958209,-0.976,0.915,-0.061,-0.000,-0.067,1.051,1,1100
191959694,-0.549,-0.122,0.549,0.108,0.069,1.069,1,1100
191960208,-0.671,0.366,1.159,0.145,0.091,1.037,1,1100
191961694,-0.976,1.524,0.732,-0.006,0.068,1.084,1,1100
191962202,-1.159,2.439,0.671,-0.009,0.035,1.020,1,1100
191963694,-1.524,2.683,0.244,-0.084,-0.004,1.002,1,1100
191964208,-1.524,2.683,0.244,-0.084,-0.004,1.002,1,1100
191965694,-1.220,1.220,0.183,0.014,-0.061,1.009,1,1100
191966209,-1.037,0.061,0.061,0.014,-0.061,1.009,1,1100
191967694,-0.671,-0.366,0.610,0.125,0.072,1.066,1,1100
191968208,-0.610,0.305,1.037,0.111,0.107,1.038,1,1100
191969694,-0.610,2.561,0.610,0.017,0.066,1.082,1,1100
191970209,-0.610,2.561,0.610,-0.037,0.052,1.045,1,1100
191971694,-1.524,2.744,-0.061,-0.111,0.004,1.014,1,1100
191972209,-1.524,2.744,-0.061,-0.111,0.004,1.014,1,1100
191973694,-1.341,1.098,-0.183,-0.004,-0.010,1.075,1,1100
191974202,-0.732,0.305,0.122,0.036,0.006,0.994,1,1100
191975694,-0.488,-0.061,0.793,0.120,0.096,1.078,1,1100
191976208,-0.427,0.671,0.976,0.101,0.092,1.038,1,1100
191977694,-1.220,2.622,0.488,-0.066,0.034,1.027,1,1100
191978203,-1.220,2.622,0.488,-0.066,0.034,1.027,1,1100
191979694,-1.402,2.927,0.000,-0.150,-0.004,1.014,1,1100
191980208,-1.280,2.317,-0.183,-0.050,-0.009,1.000,1,1100
191981694,-1.280,1.463,0.000,-0.025,-0.020,1.083,1,1100
191982208,-0.488,0.488,-0.061,0.070,-0.009,0.956,1,1100
191983694,-0.488,0.427,1.037,0.138,0.099,1.020,1,1100
191984209,-0.488,0.427,1.037,0.138,0.099,1.020,1,1100
191985694,-0.976,2.500,0.305,-0.052,0.035,1.012,1,1100
191986208,-1.341,3.171,0.122,-0.052,0.035,1.012,1,1100
191987694,-1.402,2.927,0.061,-0.137,-0.010,1.010,1,1100
191988208,-1.159,2.012,0.061,-0.045,0.002,1.014,1,1100
191989694,-1.463,0.854,-0.366,-0.050,-0.025,1.090,1,1100
191990209,-0.854,-0.061,-0.122,0.081,0.009,0.958,1,1100
191991694,-0.549,0.427,1.037,0.161,0.104,1.008,1,1100
191992209,-0.549,0.427,1.037,0.161,0.104,1.008,1,1100
191993694,-0.793,2.561,0.549,0.006,0.031,0.970,1,1100
191994209,-1.220,3.049,0.244,-0.093,0.013,1.045,1,1100
191995694,-1.341,3.110,0.244,-0.114,-0.015,0.996,1,1100
191996208,-1.524,2.256,0.183,-0.062,0.009,1.062,1,1100
191997694,-0.915,0.305,0.183,0.043,0.029,0.998,1,1100
191998209,-0.915,0.305,0.183,0.043,0.029,0.998,1,1100
191999689,-0.122,0.366,1.037,0.140,0.111,1.051,1,1100
192000197,-0.549,1.402,0.854,0.140,0.111,1.051,1,1100
192001694,-0.793,2.439,0.549,-0.001,0.070,1.009,1,1100
192002208,-1.159,2.805,0.305,-0.104,-0.012,1.035,1,1100
192003701,-1.768,2.134,-0.061,-0.085,-0.016,0.987,1,1100
192004221,-1.768,2.134,-0.061,-0.125,-0.003,1.065,1,1100
192005696,-0.976,0.427,0.122,0.028,0.014,1.022,1,1100
192006208,-0.976,0.427,0.122,0.028,0.014,1.022,1,1100
192007694,-0.061,-0.122,1.037,0.104,0.128,1.105,1,1100
192008209,-0.549,1.098,0.854,0.063,0.021,1.007,1,1100
192009694,-1.037,2.561,0.854,-0.045,0.077,1.062,1,1100
192010208,-1.280,2.805,0.427,-0.091,-0.024,0.985,1,1100
192011694,-1.646,2.134,0.122,-0.136,-0.016,1.036,1,1100
192012209,-1.646,2.134,0.122,-0.136,-0.016,1.036,1,1100
192013694,-1.463,0.061,0.122,0.001,0.013,0.999,1,1100
192014208,-0.671,-0.183,0.793,0.146,0.072,1.016,1,1100
192015694,-0.793,0.427,1.159,0.077,0.100,1.169,1,1100
192016208,-0.671,1.585,0.793,0.067,0.069,0.991,1,1100
192017694,-1.341,2.866,0.244,-0.080,0.020,0.964,1,1100
192018208,-1.341,2.866,0.244,-0.080,0.020,0.964,1,1100
192019694,-1.341,2.134,0.061,-0.115,-0.006,0.991,1,1100
192020209,-0.976,1.220,0.061,-0.115,-0.006,0.991,1,1100
192021694,-0.671,0.549,0.366,0.020,0.026,1.042,1,1100
192022208,-0.122,0.000,0.976,0.130,0.066,1.035,1,1100
192023694,-0.305,0.183,1.220,0.086,0.109,1.102,1,1100
192024204,-0.244,1.098,0.915,0.087,0.074,1.016,1,1100
192025694,-1.159,3.049,0.244,-0.064,0.032,0.993,1,1100
192026203,-1.159,3.049,0.244,-0.064,0.032,0.993,1,1100
192027694,-1.585,2.378,-0.061,-0.074,-0.016,0.970,1,1100
192028208,-1.646,1.402,0.000,-0.053,0.000,1.049,1,1100
192029694,-0.976,0.610,0.000,0.080,-0.012,1.049,1,1100
192030209,-0.488,-0.061,0.610,0.092,0.074,1.038,1,1100
192031694,-0.915,1.280,0.915,0.066,0.098,1.066,1,1100
192032208,-0.915,1.280,0.915,0.066,0.098,1.066,1,1100
192033694,-1.341,2.927,0.000,-0.104,0.049,1.012,1,1100
192034208,-1.768,2.927,-0.122,-0.104,0.049,1.012,1,1100
192035694,-1.646,2.195,0.000,-0.056,0.000,1.000,1,1100
192036208,-1.280,1.220,-0.244,-0.069,-0.014,0.995,1,1100
192037694,-0.488,-0.427,0.305,0.055,0.007,1.093,1,1100
192038208,-0.488,-0.427,0.305,0.107,0.065,1.036,1,1100
192039694,-1.098,1.402,0.671,0.042,0.075,1.051,1,1100
192040208,-1.098,1.402,0.671,0.042,0.075,1.051,1,1100
192041694,-1.463,3.110,0.122,-0.128,0.014,1.022,1,1100
192042208,-1.524,3.110,-0.244,-0.085,-0.046,1.023,1,1100
192043694,-1.463,2.256,-0.122,-0.079,0.010,1.018,1,1100
192044203,-1.402,1.280,0.000,-0.030,-0.028,0.971,1,1100
192045694,-0.488,-0.122,0.488,0.125,0.050,1.054,1,1100
192046209,-0.488,-0.122,0.488,0.125,0.050,1.054,1,1100
192047694,-0.732,1.402,0.976,0.045,0.087,1.038,1,1100
192048204,-0.732,2.500,0.427,0.010,0.026,1.044,1,1100
192049694,-1.098,2.866,0.122,-0.106,0.026,0.995,1,1100
192050208,-1.159,2.744,-0.122,-0.098,-0.030,1.044,1,1100
192051694,-0.854,1.159,0.183,-0.028,0.004,1.024,1,1100
192052208,-0.854,1.159,0.183,-0.028,0.004,1.024,1,1100
192053694,-0.488,-0.366,0.610,0.130,0.066,1.051,1,1100
192054202,-0.488,-0.061,0.793,0.130,0.066,1.051,1,1100
192055694,-0.854,1.159,0.915,0.077,0.092,1.056,1,1100
192056208,-1.585,2.439,0.793,-0.033,0.042,1.041,1,1100
192057694,-1.402,2.866,0.305,-0.056,-0.005,0.984,1,1100
192058208,-1.402,2.927,-0.305,-0.154,0.006,1.061,1,1100
192059694,-1.159,1.524,0.000,-0.068,0.034,1.053,1,1100
192060209,-1.159,1.524,0.000,-0.068,0.034,1.053,1,1100
192061694,-0.610,-0.061,0.427,0.107,0.068,1.099,1,1100
192062203,-0.366,0.122,1.037,0.094,0.109,1.043,1,1100
192063694,-0.671,1.280,1.098,0.105,0.091,1.089,1,1100
192064208,-0.793,2.134,0.488,-0.053,0.034,1.020,1,1100
192065694,-1.951,3.049,-0.122,-0.146,-0.016,1.046,1,1100
192066209,-1.951,3.049,-0.122,-0.146,-0.016,1.046,1,1100
192067694,-1.646,1.524,-0.061,-0.066,-0.004,1.066,1,1100
192068208,-0.915,0.427,-0.122,-0.066,-0.004,1.066,1,1100
192069694,-0.610,-0.061,0.427,0.086,0.044,1.100,1,1100
192070209,-0.549,0.183,1.098,0.109,0.121,0.982,1,1100
192071694,-1.037,2.256,0.427,0.055,0.097,1.116,1,1100
192072209,-1.037,2.256,0.427,0.008,0.024,1.023,1,1100
192073694,-1.768,3.293,-0.122,-0.119,-0.031,1.087,1,1100
192074209,-1.768,3.293,-0.122,-0.119,-0.031,1.087,1,1100
192075694,-1.707,1.463,-0.366,-0.056,-0.041,0.993,1,1100
192076209,-1.159,0.366,-0.244,0.038,0.024,1.038,1,1100
192077694,-0.915,-0.061,-0.122,0.088,0.026,1.090,1,1100
192078208,-0.610,0.061,0.915,0.131,0.126,1.046,1,1100
192079694,-0.976,2.073,0.610,0.021,0.047,1.025,1,1100
192080208,-0.976,2.073,0.610,0.021,0.047,1.025,1,1100
192081694,-1.524,2.805,-0.122,-0.097,-0.008,0.986,1,1100
192082209,-1.646,2.073,-0.061,-0.100,0.007,1.072,1,1100
192083694,-1.524,1.341,-0.183,-0.021,-0.033,0.966,1,1100
192084208,-1.037,0.366,0.061,0.027,0.023,1.054,1,1100
192085694,-0.671,0.183,1.098,0.096,0.128,1.111,1,1100
192086208,-0.671,0.183,1.098,0.096,0.128,1.111,1,1100
192087694,-0.732,2.134,0.793,0.003,0.063,1.030,1,1100
192088208,-1.159,2.927,0.366,0.003,0.063,1.030,1,1100
192089694,-1.280,2.927,0.122,-0.073,-0.010,1.012,1,1100
192090208,-1.585,2.439,0.061,-0.128,-0.011,1.072,1,1100
192091694,-1.098,1.768,-0.122,-0.009,-0.021,0.967,1,1100
192092202,-0.793,0.732,0.000,0.003,0.019,1.074,1,1100
192093694,-0.183,0.183,1.098,0.104,0.109,1.110,1,1100
192094203,-0.183,0.183,1.098,0.104,0.109,1.110,1,1100
192095694,-0.915,2.256,0.732,0.005,0.069,1.050,1,1100
192096209,-1.037,2.805,0.366,-0.075,0.008,0.979,1,1100
192097694,-1.524,2.805,0.183,-0.119,-0.014,1.061,1,1100
192098209,-1.646,2.500,-0.183,-0.109,-0.033,1.024,1,1100
192099694,-1.280,0.671,-0.122,-0.002,0.009,1.074,1,1100
192100209,-1.280,0.671,-0.122,-0.002,0.009,1.074,1,1100
192101694,-0.610,-0.122,0.732,0.109,0.083,1.097,1,1100
192102208,-0.671,0.915,1.037,0.109,0.083,1.097,1,1100
192103694,-1.220,2.134,0.793,-0.021,0.040,1.075,1,1100
192104209,-1.402,2.988,0.244,-0.054,0.021,0.969,1,1100
192105694,-1.524,2.500,0.183,-0.140,0.002,1.016,1,1100
192106208,-1.524,2.500,0.183,-0.062,-0.014,1.077,1,1100
192107700,-1.098,0.488,0.122,0.041,-0.021,1.041,1,1100
192108221,-1.098,0.488,0.122,0.041,-0.021,1.041,1,1100
192109700,-0.183,-0.122,0.915,0.150,0.062,1.044,1,1100
192110218,-0.610,0.793,1.220,0.055,0.124,1.091,1,1100
192111694,-0.610,1.951,0.915,0.021,0.033,1.011,1,1100
192112208,-0.915,2.744,0.610,-0.077,0.043,1.062,1,1100
192113694,-1.280,2.561,-0.183,-0.088,-0.004,1.020,1,1100
192114208,-1.280,2.561,-0.183,-0.088,-0.004,1.020,1,1100
192115694,-1.098,0.427,0.061,0.046,-0.019,1.049,1,1100
192116203,-0.549,-0.366,0.610,0.056,0.070,1.067,1,1100
192117694,-0.366,0.000,1.098,0.157,0.091,1.026,1,1100
192118208,-0.793,0.610,0.976,0.050,0.073,1.095,1,1100
192119694,-1.037,2.805,0.183,-0.055,-0.016,1.084,1,1100
192120215,-1.037,2.805,0.183,-0.055,-0.016,1.084,1,1100
192121694,-1.707,2.561,-0.061,-0.104,-0.013,1.058,1,1100
192122208,-1.402,1.463,0.000,-0.104,-0.013,1.058,1,1100
192123694,-0.976,0.610,-0.183,0.009,-0.008,1.034,1,1100
192124209,-0.610,-0.061,0.427,0.090,0.046,1.056,1,1100
192125694,-0.305,-0.122,1.220,0.123,0.116,1.064,1,1100
192126208,-0.671,0.854,1.159,0.099,0.060,1.075,1,1100
192127694,-1.220,3.049,0.122,-0.063,-0.028,0.999,1,1100
192128209,-1.220,3.049,0.122,-0.063,-0.028,0.999,1,1100
192129694,-1.402,2.744,-0.061,-0.122,-0.032,1.018,1,1100
192130208,-1.098,1.707,-0.061,-0.042,0.016,1.008,1,1100
192131694,-0.915,0.427,-0.061,0.006,-0.023,1.061,1,1100
192132208,-0.305,-0.122,0.610,0.105,0.045,1.040,1,1100
192133694,-0.488,0.732,1.159,0.138,0.098,1.058,1,1100
192134208,-0.488,0.732,1.159,0.138,0.098,1.058,1,1100
192135694,-0.976,2.866,0.427,-0.047,-0.006,0.976,1,1100
192136209,-1.463,3.232,0.000,-0.047,-0.006,0.976,1,1100
192137694,-1.646,2.988,-0.305,-0.111,-0.015,1.016,1,1100
192138209,-1.707,1.890,0.061,-0.047,-0.005,1.085,1,1100
192139694,-0.671,-0.244,0.244,-0.005,-0.042,0.976,1,1100
192140209,-0.671,-0.244,0.244,0.091,0.051,1.060,1,1100
192141694,-0.915,1.037,1.037,0.147,0.080,1.020,1,1100
192142209,-0.915,1.037,1.037,0.147,0.080,1.020,1,1100
192143694,-0.732,2.744,0.549,0.011,0.006,0.990,1,1100
192144202,-1.524,2.988,0.427,-0.136,0.016,1.051,1,1100
192145694,-1.585,2.439,0.244,-0.102,-0.012,0.977,1,1100
192146208,-1.768,1.768,0.122,-0.070,0.004,1.089,1,1100
192147694,-0.610,0.122,0.305,0.070,0.060,1.081,1,1100
192148203,-0.610,0.122,0.305,0.070,0.060,1.081,1,1100
192149694,-0.610,0.732,1.220,0.144,0.085,1.079,1,1100
192150208,-1.098,2.073,0.549,-0.033,0.043,1.043,1,1100
192151694,-1.159,2.744,0.549,-0.009,0.015,0.996,1,1100
192152208,-1.463,2.805,0.183,-0.126,-0.010,1.037,1,1100
192153694,-1.402,1.951,-0.061,-0.090,-0.006,1.064,1,1100
192154208,-1.402,1.951,-0.061,-0.090,-0.006,1.064,1,1100
192155694,-0.488,0.183,0.183,0.033,0.037,1.052,1,1100
192156208,-0.305,-0.061,0.915,0.033,0.037,1.052,1,1100
192157694,-0.488,0.671,1.098,0.086,0.087,1.098,1,1100
192158208,-0.732,1.768,0.793,0.012,0.069,1.038,1,1100
192159694,-1.098,2.622,0.610,-0.055,0.031,1.038,1,1100
192160208,-1.402,2.927,0.305,-0.083,-0.016,1.004,1,1100
192161694,-1.341,1.890,-0.122,-0.092,0.000,0.992,1,1100
192162203,-1.341,1.890,-0.122,-0.092,0.000,0.992,1,1100
192163694,-0.732,0.244,0.488,0.027,0.044,1.062,1,1100
192164208,-0.732,-0.122,0.976,0.156,0.090,1.060,1,1100
192165702,-0.732,0.671,1.098,0.072,0.075,1.076,1,1100
192166230,-0.854,1.890,0.915,0.041,0.085,1.007,1,1100
192167697,-1.037,2.744,0.000,-0.080,-0.009,0.965,1,1100
192168215,-1.037,2.744,0.000,-0.080,-0.009,0.965,1,1100
192169694,-1.098,1.829,0.000,-0.071,-0.003,0.996,1,1100
192170208,-1.463,0.854,0.000,-0.071,-0.003,0.996,1,1100
192171694,-0.732,0.122,0.427,0.047,0.057,1.050,1,1100
192172209,-0.488,0.000,0.671,0.130,0.094,1.076,1,1100
192173694,-0.793,1.646,0.793,0.091,0.074,1.042,1,1100
192174203,-0.793,1.646,0.793,0.019,0.066,1.036,1,1100
192175694,-1.341,2.683,0.366,-0.081,0.017,1.005,1,1100
192176208,-1.341,2.683,0.366,-0.081,0.017,1.005,1,1100
192177694,-1.098,1.768,-0.183,-0.057,0.010,1.012,1,1100
192178209,-1.098,0.793,-0.305,-0.018,-0.017,1.032,1,1100
192179694,-0.793,0.000,0.305,0.079,0.033,1.039,1,1100
192180208,-0.671,-0.122,0.915,0.093,0.086,1.069,1,1100
192181694,-1.037,1.890,0.976,-0.024,0.087,1.030,1,1100
192182208,-1.037,1.890,0.976,-0.024,0.087,1.030,1,1100
192183694,-1.646,2.988,0.366,-0.121,0.042,1.014,1,1100
192184209,-1.585,2.744,0.061,-0.054,-0.060,1.007,1,1100
192185694,-1.159,1.707,-0.061,-0.103,0.028,1.043,1,1100
192186209,-1.159,0.671,-0.427,0.021,-0.056,1.026,1,1100
192187694,-0.732,0.061,0.732,0.097,0.084,1.052,1,1100
192188208,-0.732,0.061,0.732,0.097,0.084,1.052,1,1100
192189694,-0.793,1.524,0.671,0.005,0.059,1.025,1,1100
192190208,-0.793,1.524,0.671,0.005,0.059,1.025,1,1100
192191694,-1.402,2.683,-0.305,-0.135,-0.010,1.020,1,1100
192192202,-1.280,2.805,-0.244,-0.060,-0.021,0.980,1,1100
192193694,-1.220,2.012,0.000,-0.110,0.031,1.068,1,1100
192194208,-0.854,1.098,0.000,0.048,-0.040,1.039,1,1100
192195694,-0.122,-0.244,0.732,0.155,0.059,0.990,1,1100
192196203,-0.122,-0.244,0.732,0.155,0.059,0.990,1,1100
192197689,-1.037,1.707,0.610,0.028,0.055,1.037,1,1100
192198202,-1.220,2.744,0.122,-0.056,0.035,1.069,1,1100
192199694,-1.220,3.232,0.122,-0.100,-0.006,0.984,1,1100
192200208,-1.220,2.927,-0.183,-0.091,-0.005,1.017,1,1100
192201694,-1.341,1.098,-0.122,0.019,-0.026,1.043,1,1100
192202208,-1.341,1.098,-0.122,0.019,-0.026,1.043,1,1100
192203694,-0.671,0.122,0.549,0.129,0.079,1.064,1,1100
192204209,-0.610,0.732,0.854,0.129,0.079,1.064,1,1100
192205694,-0.793,1.890,0.732,0.063,0.059,1.048,1,1100
192206208,-1.098,2.805,0.366,-0.088,0.035,1.048,1,1100
192207694,-1.524,2.866,0.183,-0.048,0.002,0.992,1,1100
192208209,-1.524,2.866,0.183,-0.123,-0.014,1.028,1,1100
192209694,-1.585,1.098,0.000,-0.022,0.002,1.055,1,1100
192210208,-1.585,1.098,0.000,-0.022,0.002,1.055,1,1100
192211694,-0.671,-0.122,0.915,0.105,0.102,1.109,1,1100
192212208,-0.549,0.549,0.976,0.093,0.094,1.042,1,1100
192213694,-1.037,1.829,0.671,0.059,0.071,1.093,1,1100
192214208,-0.976,2.622,0.183,-0.082,0.002,1.007,1,1100
192215694,-1.524,2.927,-0.183,-0.140,-0.015,1.012,1,1100
192216208,-1.524,2.927,-0.183,-0.140,-0.015,1.012,1,1100
192217694,-1.585,0.732,-0.183,-0.042,-0.017,1.124,1,1100
192218208,-0.854,-0.183,0.000,0.089,0.012,0.985,1,1100
192219694,-1.037,-0.305,0.610,0.087,0.093,1.126,1,1100
192220202,-0.915,0.366,1.220,0.133,0.103,0.990,1,1100
192221694,-1.037,2.744,0.305,-0.023,0.021,0.994,1,1100
192222209,-1.037,2.744,0.305,-0.023,0.021,0.994,1,1100
192223694,-1.463,2.805,0.000,-0.098,-0.023,1.057,1,1100
192224208,-1.463,2.805,0.000,-0.098,-0.023,1.057,1,1100
192225694,-1.280,1.098,-0.183,-0.042,-0.027,1.061,1,1100
192226208,-0.915,0.183,0.061,0.076,0.017,0.984,1,1100
192227694,-0.549,-0.183,0.549,0.094,0.062,1.123,1,1100
192228208,-0.610,0.305,1.159,0.116,0.129,1.030,1,1100
192229694,-1.159,2.378,0.488,0.004,0.014,0.996,1,1100
192230209,-1.159,2.378,0.488,0.004,0.014,0.996,1,1100
192231694,-1.402,3.049,-0.244,-0.064,-0.042,1.062,1,1100
192232209,-1.220,1.951,-0.061,-0.125,0.007,0.956,1,1100
192233694,-1.220,1.220,-0.183,0.010,-0.032,1.086,1,1100
192234209,-0.793,0.244,0.244,0.042,0.026,1.013,1,1100
192235694,-0.793,0.244,0.793,0.100,0.136,1.089,1,1100
192236203,-0.793,0.244,0.793,0.100,0.136,1.089,1,1100
192237694,-1.402,2.378,0.488,-0.060,0.043,1.032,1,1100
192238209,-1.280,2.988,0.122,-0.060,0.043,1.032,1,1100
192239694,-1.159,2.866,0.366,-0.087,0.006,1.061,1,1100
192240208,-1.098,2.012,0.122,-0.078,-0.013,0.963,1,1100
192241694,-0.854,0.305,0.000,-0.019,-0.021,1.099,1,1100
192242203,-0.854,0.305,0.000,0.008,0.015,0.974,1,1100
192243694,-0.488,0.183,0.915,0.052,0.111,1.046,1,1100
192244208,-0.488,0.183,0.915,0.052,0.111,1.046,1,1100
192245694,-0.671,2.622,0.488,-0.066,0.028,1.057,1,1100
192246208,-0.793,3.110,0.305,-0.064,0.014,0.967,1,1100
192247694,-1.341,2.927,0.061,-0.116,-0.007,1.083,1,1100
192248209,-1.585,2.439,0.000,-0.054,-0.015,0.952,1,1100
192249694,-1.220,0.305,0.122,0.031,0.025,0.980,1,1100
192250208,-1.220,0.305,0.122,0.031,0.025,0.980,1,1100
192251694,-0.305,0.305,0.976,0.078,0.119,1.066,1,1100
192252209,-0.244,1.280,0.793,0.089,0.071,1.069,1,1100
192253694,-0.793,2.500,0.427,-0.048,0.015,1.031,1,1100
192254208,-0.854,3.171,0.183,-0.069,0.023,0.999,1,1100
192255694,-1.159,2.256,0.000,-0.061,-0.008,0.979,1,1100
192256209,-1.159,2.256,0.000,-0.061,-0.008,0.979,1,1100
192257694,-0.366,0.061,0.183,0.081,0.021,1.011,1,1100
192258203,-0.366,0.061,0.183,0.081,0.021,1.011,1,1100
192259694,-0.671,0.122,1.037,0.145,0.095,1.027,1,1100
192260208,-0.915,1.220,0.915,0.026,0.101,1.104,1,1100
192261694,-1.159,2.378,0.549,-0.011,0.006,1.011,1,1100
192262209,-1.341,2.927,0.244,-0.122,0.032,1.041,1,1100
192263694,-1.524,2.195,0.244,-0.059,-0.002,1.059,1,1100
192264208,-1.524,2.195,0.244,-0.059,-0.002,1.059,1,1100
192265694,-0.854,0.244,0.122,0.090,0.003,1.052,1,1100
192266202,-0.549,-0.183,0.549,0.051,0.081,1.054,1,1100
192267694,-0.305,0.183,1.098,0.170,0.095,1.082,1,1100
192268209,-0.854,1.341,0.793,-0.005,0.092,1.104,1,1100
192269694,-1.402,2.744,0.427,-0.131,0.034,1.046,1,1100
192270203,-1.402,2.744,0.427,-0.131,0.034,1.046,1,1100
192271694,-1.524,1.951,-0.122,-0.093,0.000,1.053,1,1100
192272208,-1.402,1.159,-0.244,-0.093,0.000,1.053,1,1100
192273694,-1.159,0.427,0.000,0.052,0.010,1.115,1,1100
192274208,-0.549,-0.122,0.671,0.100,0.042,1.040,1,1100
192275694,-0.976,1.159,0.793,0.122,0.118,1.037,1,1100
192276203,-0.976,1.159,0.793,0.031,0.064,1.096,1,1100
192277694,-1.463,3.049,0.305,-0.148,-0.014,1.010,1,1100
192278208,-1.463,3.049,0.305,-0.148,-0.014,1.010,1,1100
192279694,-1.463,2.683,-0.122,-0.101,0.002,1.097,1,1100
192280209,-1.098,1.585,-0.122,-0.005,-0.016,0.962,1,1100
192281694,-0.854,0.671,0.061,-0.011,0.006,1.068,1,1100
192282208,-0.427,-0.305,0.427,0.134,0.049,1.025,1,1100
192283694,-1.098,1.341,1.037,0.063,0.053,1.020,1,1100
192284208,-1.098,1.341,1.037,0.063,0.053,1.020,1,1100
192285694,-1.402,2.805,0.122,-0.082,-0.030,1.027,1,1100
192286209,-1.585,2.927,0.366,-0.101,0.034,0.986,1,1100
192287694,-1.463,2.561,0.244,-0.089,-0.037,1.035,1,1100
192288208,-1.585,1.341,0.122,-0.018,0.007,1.032,1,1100
192289694,-0.610,-0.183,0.549,0.111,0.077,1.015,1,1100
192290203,-0.610,-0.183,0.549,0.111,0.077,1.015,1,1100
192291694,-0.549,1.341,1.341,0.085,0.103,1.059,1,1100
192292203,-0.549,1.341,1.341,0.085,0.103,1.059,1,1100
192293694,-1.037,2.927,0.183,-0.059,0.000,0.985,1,1100
192294208,-1.402,2.805,-0.061,-0.128,-0.000,1.047,1,1100
192295694,-1.341,2.012,0.000,-0.072,-0.016,1.015,1,1100
192296209,-1.280,1.402,0.000,-0.047,-0.021,1.025,1,1100
192297694,-0.488,-0.122,0.366,0.124,0.054,1.075,1,1100
192298209,-0.488,-0.122,0.366,0.124,0.054,1.075,1,1100
192299694,-0.671,1.280,0.854,0.087,0.079,1.114,1,1100
192300209,-1.037,2.134,0.427,-0.037,0.058,1.018,1,1100
192301694,-1.159,2.927,0.122,-0.057,-0.003,1.002,1,1100
192302209,-1.463,3.171,-0.061,-0.148,-0.004,1.048,1,1100
192303694,-1.280,1.585,-0.183,-0.036,-0.026,1.000,1,1100
192304209,-1.280,1.585,-0.183,-0.036,-0.026,1.000,1,1100
192305694,-0.915,-0.244,0.366,0.099,0.047,1.076,1,1100
192306208,-0.610,0.000,1.037,0.099,0.047,1.076,1,1100
192307694,-0.488,1.098,1.280,0.048,0.084,1.055,1,1100
192308209,-0.793,2.378,0.854,0.028,0.038,1.082,1,1100
192309694,-1.402,2.927,0.366,-0.103,0.026,0.982,1,1100
192310208,-1.402,2.927,0.366,-0.064,-0.006,1.032,1,1100
192311694,-1.220,1.768,0.000,-0.018,-0.045,0.985,1,1100
192312208,-1.220,1.768,0.000,-0.018,-0.045,0.985,1,1100
192313694,-0.610,-0.061,0.427,0.093,0.051,1.034,1,1100
192314208,-0.183,0.061,0.976,0.123,0.087,1.126,1,1100
192315694,-0.305,1.037,1.098,0.054,0.081,1.009,1,1100
192316209,-0.732,2.012,0.915,0.019,0.033,1.067,1,1100
192317694,-1.890,2.866,0.122,-0.056,-0.033,1.052,1,1100
192318208,-1.890,2.866,0.122,-0.056,-0.033,1.052,1,1100
192319694,-1.280,1.524,0.000,0.003,-0.052,0.972,1,1100
192320208,-1.159,0.366,-0.061,-0.021,0.025,1.056,1,1100
192321694,-0.305,0.061,0.366,0.120,0.037,1.023,1,1100
192322208,-0.732,-0.183,0.671,0.110,0.095,1.151,1,1100
192323694,-1.341,1.951,0.549,-0.015,0.045,1.101,1,1100
192324203,-1.341,1.951,0.549,-0.015,0.045,1.101,1,1100
192325694,-1.768,2.866,0.183,-0.110,-0.005,1.045,1,1100
192326209,-1.768,2.866,0.183,-0.110,-0.005,1.045,1,1100
192327694,-1.220,1.402,-0.366,-0.031,-0.011,1.016,1,1100
192328209,-1.159,0.610,-0.488,0.008,-0.024,1.064,1,1100
192329694,-0.549,-0.122,0.183,0.097,0.077,1.023,1,1100
192330208,-1.037,-0.061,0.671,0.104,0.075,1.085,1,1100
192331694,-1.098,2.317,0.549,-0.022,0.039,1.085,1,1100
192332208,-1.098,2.317,0.549,-0.022,0.039,1.085,1,1100
192333694,-1.402,3.049,-0.122,-0.127,-0.012,1.092,1,1100
192334209,-1.220,2.622,0.000,-0.072,-0.004,0.966,1,1100
192335694,-1.402,1.707,0.061,-0.076,0.007,1.042,1,1100
192336202,-0.915,0.549,-0.061,0.028,-0.024,1.003,1,1100
192337694,-0.549,0.061,0.793,0.118,0.078,1.019,1,1100
192338209,-0.549,0.061,0.793,0.118,0.078,1.019,1,1100
192339694,-0.671,2.134,0.305,-0.040,0.059,1.066,1,1100
192340208,-0.854,2.866,0.305,-0.040,0.059,1.066,1,1100
192341694,-1.402,2.988,0.061,-0.135,-0.013,1.008,1,1100
192342208,-1.402,2.866,0.183,-0.075,-0.010,0.981,1,1100
192343694,-1.159,0.732,0.122,-0.089,-0.002,1.114,1,1100
192344203,-1.159,0.732,0.122,0.059,-0.053,0.956,1,1100
192345694,-0.732,0.061,0.976,0.154,0.078,0.998,1,1100
192346208,-0.732,0.061,0.976,0.154,0.078,0.998,1,1100
192347689,-0.854,2.256,0.610,-0.014,0.046,1.013,1,1100
192348202,-0.915,2.988,0.244,-0.039,0.020,1.073,1,1100
192349694,-1.159,2.866,-0.122,-0.117,-0.013,0.983,1,1100
192350208,-1.220,2.561,-0.305,-0.088,-0.009,1.004,1,1100
192351694,-0.854,0.610,-0.183,0.075,-0.042,1.005,1,1100
192352208,-0.854,0.610,-0.183,0.075,-0.042,1.005,1,1100
192353694,-0.427,-0.244,1.037,0.151,0.093,0.996,1,1100
192354208,-0.549,0.610,1.098,0.088,0.086,1.145,1,1100
192355694,-0.854,2.012,0.854,-0.005,0.074,1.007,1,1100
192356208,-1.280,2.927,0.488,-0.064,0.019,1.054,1,1100
192357694,-1.463,2.378,-0.244,-0.106,-0.027,1.006,1,1100
192358208,-1.463,2.378,-0.244,-0.106,-0.027,1.006,1,1100
192359694,-1.280,0.610,0.000,0.028,-0.045,1.034,1,1100
192360208,-1.280,0.610,0.000,0.028,-0.045,1.034,1,1100
192361694,-0.488,-0.061,0.854,0.128,0.112,1.008,1,1100
192362208,-0.793,0.732,0.915,0.096,0.079,1.073,1,1100
192363694,-0.976,1.890,0.854,0.015,0.072,1.072,1,1100
192364209,-1.220,2.744,0.610,-0.078,0.021,1.000,1,1100
192365694,-1.524,2.744,-0.061,-0.125,-0.003,1.019,1,1100
192366208,-1.524,2.744,-0.061,-0.125,-0.003,1.019,1,1100
192367694,-1.220,0.732,-0.305,-0.000,-0.060,1.022,1,1100
192368208,-0.549,-0.183,0.122,0.075,0.037,1.058,1,1100
192369694,-0.610,-0.061,0.488,0.118,0.089,1.071,1,1100
192370208,-0.366,0.793,0.854,0.107,0.094,1.049,1,1100
192371694,-1.159,2.805,0.427,-0.041,0.017,0.984,1,1100
192372209,-1.159,2.805,0.427,-0.041,0.017,0.984,1,1100
192373694,-1.524,2.805,-0.061,-0.110,-0.015,0.996,1,1100
192374208,-1.524,1.951,0.061,-0.110,-0.015,0.996,1,1100
192375694,-1.280,0.732,0.122,0.020,-0.042,1.025,1,1100
192376202,-0.610,0.000,0.305,0.042,0.054,1.043,1,1100
192377694,-0.854,0.671,1.037,0.131,0.072,1.052,1,1100
192378208,-0.854,0.671,1.037,0.093,0.113,1.070,1,1100
192379694,-1.280,2.683,0.305,-0.043,0.046,0.986,1,1100
192380208,-1.280,2.683,0.305,-0.043,0.046,0.986,1,1100
192381694,-1.280,2.805,0.061,-0.087,0.011,0.976,1,1100
192382202,-1.037,2.073,0.000,-0.082,-0.009,1.014,1,1100
192383694,-1.341,0.793,-0.122,0.024,-0.024,1.056,1,1100
192384208,-0.915,-0.183,0.183,0.030,0.042,1.064,1,1100
192385694,-0.610,0.610,0.976,0.096,0.092,1.077,1,1100
192386203,-0.610,0.610,0.976,0.096,0.092,1.077,1,1100
192387694,-1.037,2.561,0.244,-0.062,0.038,1.057,1,1100
192388209,-1.280,2.927,0.122,-0.084,0.004,1.014,1,1100
192389694,-1.585,2.866,0.244,-0.117,-0.007,1.023,1,1100
192390208,-1.524,1.890,0.366,-0.072,-0.014,0.997,1,1100
192391694,-0.671,0.000,0.305,0.027,0.034,1.013,1,1100
192392208,-0.671,0.000,0.305,0.027,0.034,1.013,1,1100
192393694,-0.671,0.305,1.098,0.064,0.096,1.068,1,1100
192394208,-0.671,0.305,1.098,0.064,0.096,1.068,1,1100
192395694,-1.280,2.378,0.549,-0.091,0.033,1.069,1,1100
192396208,-0.915,2.927,0.000,-0.048,-0.016,0.974,1,1100
192397694,-1.463,2.561,0.000,-0.147,0.006,1.079,1,1100
192398208,-1.159,1.646,0.122,-0.055,-0.010,0.926,1,1100
192399694,-0.610,-0.061,0.305,0.033,0.019,1.003,1,1100
192400208,-0.610,-0.061,0.305,0.033,0.019,1.003,1,1100
192401694,-0.671,0.427,1.159,0.071,0.079,1.019,1,1100
192402208,-0.610,1.890,1.037,0.057,0.071,1.070,1,1100
192403694,-1.159,2.622,0.549,-0.078,0.019,1.050,1,1100
192404208,-1.037,3.049,0.549,-0.061,0.005,0.992,1,1100
192405694,-1.220,1.890,-0.061,-0.054,-0.000,0.942,1,1100
192406209,-1.220,1.890,-0.061,-0.054,-0.000,0.942,1,1100
192407694,-0.427,0.061,0.244,0.064,0.014,0.985,1,1100
192408208,-0.671,-0.244,0.915,0.064,0.014,0.985,1,1100
192409689,-0.671,0.427,1.159,0.118,0.086,1.015,1,1100
192410202,-0.793,1.707,0.976,0.049,0.067,1.069,1,1100
192411694,-1.341,2.744,0.366,-0.067,0.008,1.031,1,1100
192412209,-1.341,2.744,0.366,-0.075,0.035,1.028,1,1100
192413694,-1.402,2.195,-0.061,-0.070,0.030,0.983,1,1100
192414208,-1.402,2.195,-0.061,-0.070,0.030,0.983,1,1100
192415694,-0.549,0.305,0.305,0.104,0.027,1.007,1,1100
192416203,-0.732,-0.244,0.427,0.067,0.091,1.076,1,1100
192417694,-0.610,0.366,0.915,0.161,0.096,1.027,1,1100
192418208,-1.037,1.707,0.915,-0.019,0.096,1.081,1,1100
192419694,-1.585,2.622,0.000,-0.153,0.025,1.083,1,1100
192420208,-1.585,2.622,0.000,-0.153,0.025,1.083,1,1100
192421694,-1.280,1.829,0.000,-0.083,0.036,0.979,1,1100
192422208,-0.976,1.159,-0.183,-0.030,-0.033,1.013,1,1100
192423694,-0.549,0.000,0.244,0.078,0.027,1.087,1,1100
192424208,-0.305,-0.488,0.915,0.100,0.075,1.089,1,1100
192425694,-0.305,1.707,0.671,0.136,0.100,1.046,1,1100
192426208,-0.305,1.707,0.671,-0.021,0.086,1.060,1,1100
192427694,-1.524,3.171,0.000,-0.140,0.025,1.008,1,1100
192428208,-1.524,3.171,0.000,-0.140,0.025,1.008,1,1100
192429694,-1.280,2.012,-0.122,-0.102,-0.001,1.039,1,1100
192430209,-0.915,0.915,-0.244,-0.013,-0.016,1.015,1,1100
192431694,-0.549,0.122,0.183,0.052,-0.007,1.036,1,1100
192432203,-0.549,-0.549,0.915,0.110,0.080,1.057,1,1100
192433694,-1.280,1.524,0.976,0.030,0.076,1.074,1,1100
192434203,-1.280,1.524,0.976,0.030,0.076,1.074,1,1100
192435694,-1.463,2.744,0.366,-0.085,0.013,1.006,1,1100
192436202,-1.159,2.744,0.305,-0.091,-0.021,1.027,1,1100
192437694,-1.159,2.195,-0.244,-0.107,-0.015,1.036,1,1100
192438208,-1.341,1.037,-0.061,-0.016,-0.010,1.060,1,1100
192439694,-0.671,-0.305,0.671,0.109,0.086,1.057,1,1100
192440208,-0.671,-0.305,0.671,0.109,0.086,1.057,1,1100
192441694,-0.793,1.098,1.037,0.046,0.081,1.083,1,1100
192442203,-0.915,2.378,0.854,0.046,0.081,1.083,1,1100
192443694,-1.402,2.866,0.305,-0.104,0.012,1.042,1,1100
192444202,-1.463,3.049,0.061,-0.127,-0.027,1.014,1,1100
192445694,-1.159,1.037,-0.122,-0.053,-0.007,0.998,1,1100
192446208,-1.159,1.037,-0.122,-0.050,-0.002,1.021,1,1100
192447694,-0.427,-0.183,0.488,0.100,0.075,1.129,1,1100
192448208,-0.427,-0.183,0.488,0.100,0.075,1.129,1,1100
192449694,-0.854,1.159,1.159,0.029,0.083,1.088,1,1100
192450208,-1.037,2.195,0.671,0.002,0.014,0.979,1,1100
192451694,-1.463,2.927,0.244,-0.109,0.025,1.029,1,1100
192452208,-1.402,2.805,0.183,-0.107,-0.004,1.045,1,1100
192453694,-1.585,1.098,-0.244,-0.057,-0.020,1.035,1,1100
192454208,-1.585,1.098,-0.244,-0.057,-0.020,1.035,1,1100
192455694,-0.610,-0.183,0.671,0.122,0.065,1.084,1,1100
192456209,-0.244,0.183,1.220,0.103,0.121,1.063,1,1100
192457694,-0.732,1.341,1.098,0.052,0.062,1.094,1,1100
192458202,-0.976,2.195,0.549,-0.013,0.041,0.977,1,1100
192459703,-1.220,3.110,0.061,-0.090,0.000,1.008,1,1100
192460230,-1.220,3.110,0.061,-0.090,0.000,1.008,1,1100
192461697,-1.341,1.159,-0.122,-0.031,-0.034,1.006,1,1100
192462215,-1.341,1.159,-0.122,-0.031,-0.034,1.006,1,1100
192463694,-0.427,-0.305,0.366,0.126,0.038,1.034,1,1100
192464208,-0.366,0.244,1.037,0.109,0.130,1.080,1,1100
192465694,-0.305,1.220,0.976,0.052,0.066,1.052,1,1100
192466208,-0.732,2.256,0.732,0.018,0.037,1.070,1,1100
192467694,-1.463,2.927,0.244,-0.053,-0.021,1.046,1,1100
192468208,-1.463,2.927,0.244,-0.053,-0.021,1.046,1,1100
192469694,-1.402,1.585,-0.305,0.002,-0.026,0.974,1,1100
192470208,-1.098,0.610,0.000,0.011,0.015,1.065,1,1100
192471694,-0.366,0.000,0.671,0.142,0.059,1.026,1,1100
192472214,-0.488,0.061,1.098,0.074,0.099,1.144,1,1100
192473694,-1.037,2.256,0.671,0.013,0.027,1.094,1,1100
192474208,-1.037,2.256,0.671,0.013,0.027,1.094,1,1100
192475694,-1.585,3.110,0.488,-0.082,-0.008,1.065,1,1100
192476208,-1.037,2.134,-0.122,-0.082,-0.008,1.065,1,1100
192477694,-0.671,1.280,-0.061,-0.013,-0.004,1.011,1,1100
192478209,-1.159,0.122,0.122,0.005,0.013,1.061,1,1100
192479694,-0.671,0.305,0.549,0.166,0.053,0.999,1,1100
192480208,-0.671,0.305,0.549,0.050,0.102,1.117,1,1100
