timestamp_us,gyro_x,gyro_y,gyro_z,accel_x,accel_y,accel_z,motor_id,motor_command
203049198,-1.646,0.610,1.280,0.158,0.047,1.203,3,1100
203050640,-1.951,2.439,1.220,-0.039,-0.019,1.207,3,1100
203051652,-1.402,4.207,0.732,-0.192,-0.034,1.009,3,1100
203052183,-0.915,4.695,0.183,-0.192,-0.048,1.005,3,1100
203053694,-0.305,1.585,0.549,-0.001,0.092,0.973,3,1100
203054209,-0.305,1.585,0.549,-0.001,0.092,0.973,3,1100
203055705,-0.915,-1.220,0.732,0.170,0.064,0.967,3,1100
203056236,-1.280,-1.220,1.159,0.200,0.054,1.187,3,1100
203057695,-1.890,0.610,1.707,0.090,0.063,0.973,3,1100
203058213,-1.707,2.256,1.585,-0.039,-0.010,1.174,3,1100
203059694,-0.915,4.451,0.244,-0.177,-0.054,0.973,3,1100
203060216,-0.915,4.451,0.244,-0.218,-0.052,1.034,3,1100
203061694,-0.183,1.402,0.854,0.019,0.108,1.002,3,1100
203062205,-0.183,1.402,0.854,0.019,0.108,1.002,3,1100
203063694,-1.037,-1.524,0.915,0.166,0.058,1.010,3,1100
203064208,-1.402,-1.220,1.280,0.166,0.032,1.126,3,1100
203065694,-1.646,0.732,1.768,0.120,0.069,1.027,3,1100
203066203,-1.585,2.500,1.585,-0.016,-0.015,1.150,3,1100
203067694,-0.427,4.695,0.305,-0.205,-0.029,1.025,3,1100
203068216,-0.427,4.695,0.305,-0.205,-0.029,1.025,3,1100
203069694,-0.610,1.951,0.793,-0.005,0.089,1.029,3,1100
203070214,-0.854,-0.305,0.915,0.064,0.055,1.015,3,1100
203071694,-1.159,-1.220,0.793,0.160,0.061,1.063,3,1100
203072216,-1.159,-1.524,1.280,0.207,0.044,1.092,3,1100
203073694,-2.012,2.195,1.524,-0.036,-0.020,1.109,3,1100
203074205,-2.012,2.195,1.524,-0.036,-0.020,1.109,3,1100
203075694,-0.854,4.451,0.122,-0.196,-0.040,1.067,3,1100
203076203,-0.854,4.451,0.122,-0.196,-0.040,1.067,3,1100
203077694,0.122,1.890,1.037,0.014,0.107,1.053,3,1100
203078206,-0.305,-0.671,0.976,0.100,0.053,0.992,3,1100
203079694,-0.976,-1.646,0.671,0.155,0.067,1.103,3,1100
203080215,-1.098,-1.585,1.159,0.187,0.048,1.034,3,1100
203081694,-1.463,2.073,1.829,-0.029,-0.015,1.083,3,1100
203082203,-1.463,2.073,1.829,-0.029,-0.015,1.083,3,1100
203083694,-0.549,4.390,0.366,-0.217,-0.014,1.058,3,1100
203084205,-0.305,4.024,0.427,-0.162,0.023,0.938,3,1100
203085694,-0.305,2.134,0.488,0.001,0.109,1.074,3,1100
203086215,-0.610,-0.671,0.671,0.082,0.026,0.960,3,1100
203087694,-1.402,-1.463,1.220,0.208,0.048,1.011,3,1100
203088205,-1.402,-1.463,1.220,0.208,0.048,1.011,3,1100
203089694,-1.646,2.134,1.463,-0.033,-0.011,1.032,3,1100
203090206,-1.098,3.902,0.549,-0.033,-0.011,1.032,3,1100
203091694,-0.915,4.756,0.061,-0.219,-0.031,1.056,3,1100
203092205,-0.671,3.963,0.427,-0.178,0.019,0.939,3,1100
203093694,-0.488,-0.671,0.915,0.001,0.102,1.075,3,1100
203094208,-0.488,-0.671,0.915,0.092,0.050,0.929,3,1100
203095698,-1.159,-1.646,0.976,0.193,0.046,0.967,3,1100
203096213,-1.159,-1.646,0.976,0.193,0.046,0.967,3,1100
203097697,-1.829,2.134,1.341,-0.030,-0.012,0.991,3,1100
203098217,-1.341,3.720,0.488,-0.174,-0.049,1.032,3,1100
203099694,-0.610,4.451,-0.061,-0.207,-0.033,1.036,3,1100
203100212,-0.183,4.329,0.000,-0.182,0.020,0.955,3,1100
203101694,-0.549,0.061,0.671,0.078,0.051,0.908,3,1100
203102210,-0.549,0.061,0.671,0.078,0.051,0.908,3,1100
203103689,-1.280,-1.585,0.976,0.202,0.046,0.954,3,1100
203104198,-2.012,-0.061,1.341,0.137,0.060,1.216,3,1100
203105694,-2.073,2.134,1.341,-0.032,-0.012,0.958,3,1100
203106215,-1.341,3.720,0.793,-0.151,-0.064,1.074,3,1100
203107694,-0.427,4.146,-0.244,-0.193,0.009,0.968,3,1100
203108205,-0.427,4.146,-0.244,-0.193,0.009,0.968,3,1100
203109694,-0.427,-0.122,0.183,0.076,0.059,0.935,3,1100
203110215,-0.671,-1.524,0.061,0.076,0.059,0.935,3,1100
203111694,-0.915,-1.341,0.549,0.179,0.053,0.938,3,1100
203112208,-1.463,-0.244,1.098,0.146,0.062,1.240,3,1100
203113694,-1.524,1.768,1.098,-0.023,0.000,0.951,3,1100
203114215,-1.098,3.659,0.305,-0.160,-0.041,1.089,3,1100
203115694,-0.427,4.024,-0.366,-0.191,0.021,1.010,3,1100
203116208,-0.427,4.024,-0.366,-0.191,0.021,1.010,3,1100
203117694,-0.305,-0.244,0.183,0.078,0.051,0.975,3,1100
203118214,-0.915,-1.707,0.061,0.153,0.066,1.120,3,1100
203119694,-1.220,-1.402,0.427,0.208,0.049,0.968,3,1100
203120214,-1.707,-0.122,0.610,0.147,0.066,1.201,3,1100
203121694,-0.610,3.415,-0.244,-0.142,-0.048,1.091,3,1100
203122216,-0.610,3.415,-0.244,-0.142,-0.048,1.091,3,1100
203123694,-0.427,4.207,-0.610,-0.204,0.007,1.044,3,1100
203124206,-0.183,2.073,-0.244,-0.204,0.007,1.044,3,1100
203125694,-0.610,0.000,-0.183,0.080,0.062,1.028,3,1100
203126215,-1.341,-1.646,-0.061,0.157,0.062,1.050,3,1100
203127703,-1.951,-0.427,0.732,0.207,0.060,1.032,3,1100
203128229,-1.951,-0.427,0.732,0.165,0.055,1.137,3,1100
203129697,-1.524,3.659,-0.122,-0.129,-0.046,1.070,3,1100
203130219,-1.524,3.659,-0.122,-0.129,-0.046,1.070,3,1100
203131694,-0.366,4.207,-0.854,-0.220,0.019,1.055,3,1100
203132208,-0.183,2.622,-0.549,-0.046,0.085,0.944,3,1100
203133694,-0.305,0.244,-0.366,0.060,0.071,1.076,3,1100
203134203,-0.732,-1.524,-0.061,0.151,0.060,0.977,3,1100
203135694,-1.402,-0.549,0.244,0.167,0.068,1.066,3,1100
203136214,-1.402,-0.549,0.244,0.167,0.068,1.066,3,1100
203137694,-1.159,3.415,-0.244,-0.121,-0.049,1.062,3,1100
203138208,-0.549,4.573,-0.671,-0.209,-0.045,0.956,3,1100
203139694,-0.122,4.207,-0.915,-0.220,0.003,1.067,3,1100
203140209,0.183,2.622,-0.732,-0.055,0.080,0.917,3,1100
203141694,-0.671,-1.280,-0.427,0.148,0.037,0.928,3,1100
203142203,-0.671,-1.280,-0.427,0.148,0.037,0.928,3,1100
203143694,-1.341,-0.488,0.244,0.168,0.062,0.998,3,1100
203144203,-1.341,-0.488,0.244,0.168,0.062,0.998,3,1100
203145702,-1.585,3.598,-0.061,-0.124,-0.028,1.048,3,1100
203146233,-1.098,4.756,-0.915,-0.207,-0.060,0.969,3,1100
203147697,-0.915,4.207,-0.915,-0.234,0.010,1.045,3,1100
203148213,-0.427,2.744,-0.671,-0.061,0.074,0.912,3,1100
203149694,-0.976,-1.463,-0.671,0.138,0.040,0.917,3,1100
203150205,-0.976,-1.463,-0.671,0.138,0.040,0.917,3,1100
203151694,-1.341,-0.793,0.488,0.164,0.067,0.979,3,1100
203152214,-1.829,1.463,0.671,0.047,0.020,1.198,3,1100
203153694,-1.402,3.598,0.000,-0.122,-0.029,1.006,3,1100
203154214,-0.549,4.451,-0.793,-0.202,-0.042,0.989,3,1100
203155694,-0.610,2.866,-0.854,-0.086,0.082,0.913,3,1100
203156212,-0.610,2.866,-0.854,-0.086,0.082,0.913,3,1100
203157694,-0.915,-1.159,-0.549,0.132,0.050,0.911,3,1100
203158209,-1.402,-1.829,-0.244,0.132,0.050,0.911,3,1100
203159694,-1.829,-0.854,0.305,0.164,0.050,0.945,3,1100
203160208,-1.768,1.402,0.610,0.041,0.027,1.216,3,1100
203161694,-0.976,4.756,-0.488,-0.104,-0.036,1.006,3,1100
203162204,-0.976,4.756,-0.488,-0.222,-0.038,1.015,3,1100
203163694,-0.366,2.988,-0.549,-0.102,0.078,0.925,3,1100
203164203,-0.366,2.988,-0.549,-0.102,0.078,0.925,3,1100
203165694,-1.037,-1.341,-0.061,0.139,0.040,0.910,3,1100
203166206,-1.037,-1.890,0.183,0.211,0.068,1.187,3,1100
203167694,-1.280,-0.671,0.610,0.173,0.057,0.940,3,1100
203168214,-1.890,1.402,0.732,0.051,0.037,1.224,3,1100
203169694,-1.159,4.512,0.000,-0.201,-0.050,1.030,3,1100
203170214,-1.159,4.512,0.000,-0.201,-0.050,1.030,3,1100
203171694,-0.549,3.171,-0.488,-0.085,0.072,0.952,3,1100
203172204,-0.610,0.793,-0.122,0.043,0.093,1.105,3,1100
203173694,-0.854,-1.098,-0.122,0.143,0.040,0.930,3,1100
203174214,-1.098,-2.073,0.427,0.192,0.056,1.179,3,1100
203175694,-2.134,1.159,0.915,0.069,0.026,1.202,3,1100
203176214,-2.134,1.159,0.915,0.069,0.026,1.202,3,1100
203177694,-1.037,4.329,-0.183,-0.205,-0.056,1.052,3,1100
203178214,-0.732,4.512,-0.488,-0.205,-0.056,1.052,3,1100
203179694,-0.488,3.354,-0.183,-0.112,0.085,0.968,3,1100
203180204,-0.366,0.976,0.244,0.063,0.082,1.079,3,1100
203181694,-0.610,-1.037,0.427,0.139,0.048,0.947,3,1100
203182203,-0.915,-1.768,0.305,0.195,0.062,1.149,3,1100
203183702,-1.646,1.037,1.037,0.075,0.046,1.175,3,1100
203184228,-1.646,1.037,1.037,0.075,0.046,1.175,3,1100
203185697,-1.098,4.451,0.061,-0.194,-0.054,1.056,3,1100
203186214,-0.793,4.451,-0.244,-0.229,-0.025,0.946,3,1100
203187695,-0.427,3.171,0.183,-0.114,0.077,0.988,3,1100
203188207,-0.488,0.915,0.610,0.054,0.097,1.047,3,1100
203189694,-0.915,-2.134,0.366,0.176,0.057,1.097,3,1100
203190214,-0.915,-2.134,0.366,0.176,0.057,1.097,3,1100
203191694,-2.012,0.854,1.280,0.078,0.053,1.151,3,1100
203192204,-1.707,3.110,1.098,0.078,0.053,1.151,3,1100
203193694,-1.402,4.512,0.244,-0.197,-0.053,1.068,3,1100
203194208,-0.915,4.390,0.000,-0.238,-0.023,0.937,3,1100
203195694,-0.488,0.854,0.427,-0.122,0.079,1.012,3,1100
203196212,-0.488,0.854,0.427,0.051,0.096,1.018,3,1100
203197694,-1.220,-1.890,0.854,0.175,0.046,1.057,3,1100
203198204,-1.220,-1.890,0.854,0.175,0.046,1.057,3,1100
203199694,-1.890,0.854,1.585,0.075,0.053,1.096,3,1100
203200214,-1.768,3.293,1.524,-0.093,-0.020,1.063,3,1100
203201694,-0.915,4.268,0.610,-0.179,-0.062,1.052,3,1100
203202214,-0.732,4.085,0.305,-0.246,-0.018,0.943,3,1100
203203694,-0.610,1.037,0.427,0.042,0.099,0.976,3,1100
203204204,-0.610,1.037,0.427,0.042,0.099,0.976,3,1100
203205694,-1.159,-2.012,0.793,0.191,0.029,1.013,3,1100
203206203,-1.890,-1.220,1.220,0.176,0.060,1.112,3,1100
203207694,-2.134,0.610,1.524,0.075,0.043,1.046,3,1100
203208203,-1.890,3.049,1.220,-0.081,-0.023,1.098,3,1100
203209694,-0.549,4.634,0.061,-0.243,-0.043,0.925,3,1100
203210204,-0.549,4.634,0.061,-0.243,-0.043,0.925,3,1100
203211694,-0.305,1.037,0.610,0.027,0.093,0.978,3,1100
203212209,-0.305,1.037,0.610,0.027,0.093,0.978,3,1100
203213694,-1.341,-1.768,0.915,0.170,0.040,0.958,3,1100
203214204,-1.707,-1.098,1.280,0.195,0.064,1.184,3,1100
203215694,-2.195,0.549,1.646,0.076,0.047,0.991,3,1100
203216206,-2.073,2.866,1.585,-0.079,-0.026,1.125,3,1100
203217694,-0.366,4.512,0.183,-0.230,-0.040,0.946,3,1100
203218203,-0.366,4.512,0.183,-0.230,-0.040,0.946,3,1100
203219694,-0.427,1.159,0.854,0.024,0.082,0.951,3,1100
203220204,-0.854,-0.854,0.976,0.134,0.079,1.116,3,1100
203221694,-0.976,-1.768,1.159,0.171,0.030,0.950,3,1100
203222203,-1.463,-1.159,1.341,0.190,0.053,1.202,3,1100
203223694,-1.646,2.866,1.280,-0.086,-0.025,1.159,3,1100
203224214,-1.646,2.866,1.280,-0.086,-0.025,1.159,3,1100
203225694,-0.305,4.939,0.244,-0.234,-0.050,0.948,3,1100
203226214,-0.549,3.720,0.427,-0.234,-0.050,0.948,3,1100
203227694,-0.305,1.402,0.488,0.011,0.083,0.934,3,1100
203228204,-0.671,-0.671,0.793,0.137,0.081,1.174,3,1100
203229694,-1.159,-1.402,1.220,0.178,0.030,0.916,3,1100
203230214,-1.159,-1.402,1.220,0.179,0.066,1.219,3,1100
203231694,-1.890,2.683,1.646,-0.062,-0.030,1.212,3,1100
203232214,-1.890,2.683,1.646,-0.062,-0.030,1.212,3,1100
203233703,-0.244,4.756,0.122,-0.209,-0.053,0.964,3,1100
203234229,-0.366,3.598,-0.122,-0.135,0.071,1.000,3,1100
203235697,-0.305,1.280,0.305,-0.004,0.086,0.950,3,1100
203236214,-0.854,-0.854,0.366,0.128,0.072,1.150,3,1100
203237694,-1.646,-1.646,1.280,0.185,0.050,1.183,3,1100
203238214,-1.646,-1.646,1.280,0.185,0.050,1.183,3,1100
203239694,-1.463,2.805,1.402,-0.052,-0.042,1.202,3,1100
203240214,-1.037,4.451,0.793,-0.205,-0.039,1.002,3,1100
203241694,-0.488,4.878,0.183,-0.201,-0.061,0.995,3,1100
203242214,-0.915,3.780,0.000,-0.163,0.066,1.001,3,1100
203243694,-1.037,-0.854,0.488,0.130,0.048,1.134,3,1100
203244217,-1.037,-0.854,0.488,0.130,0.048,1.134,3,1100
203245694,-1.524,-1.341,0.732,0.176,0.051,1.193,3,1100
203246204,-1.524,-1.341,0.732,0.176,0.051,1.193,3,1100
203247694,-1.829,2.500,1.341,-0.051,-0.018,1.221,3,1100
203248214,-1.402,4.268,0.183,-0.210,-0.047,0.990,3,1100
203249694,-0.549,4.573,-0.183,-0.211,-0.035,1.025,3,1100
203250203,-0.427,3.720,0.061,-0.145,0.059,0.968,3,1100
203251694,-0.854,-0.671,0.244,0.103,0.050,1.117,3,1100
203252203,-0.854,-0.671,0.244,0.103,0.050,1.117,3,1100
203253694,-1.402,-1.585,0.610,0.202,0.050,1.158,3,1100
203254209,-1.768,0.366,0.732,0.112,0.073,0.972,3,1100
203255694,-1.707,2.561,0.671,-0.037,-0.024,1.173,3,1100
203256209,-0.854,4.085,0.122,-0.199,-0.047,0.989,3,1100
203257694,-0.366,3.963,0.000,-0.172,0.064,0.969,3,1100
203258204,-0.366,3.963,0.000,-0.172,0.064,0.969,3,1100
203259694,-0.671,-0.488,0.061,0.115,0.057,1.084,3,1100
203260214,-1.037,-1.707,0.122,0.115,0.057,1.084,3,1100
203261694,-1.341,-1.341,0.610,0.191,0.042,1.109,3,1100
203262214,-2.073,0.671,1.098,0.130,0.065,1.006,3,1100
203263694,-1.159,4.024,-0.061,-0.021,-0.015,1.152,3,1100
203264204,-1.159,4.024,-0.061,-0.199,-0.058,0.986,3,1100
203265694,-0.610,3.780,-0.305,-0.172,0.029,0.943,3,1100
203266209,-0.610,3.780,-0.305,-0.172,0.029,0.943,3,1100
203267694,-0.732,-0.366,0.061,0.087,0.058,1.019,3,1100
203268204,-1.159,-1.707,-0.061,0.167,0.054,1.095,3,1100
203269694,-1.463,-1.646,0.122,0.200,0.043,1.040,3,1100
203270215,-2.134,0.305,0.915,0.115,0.070,1.088,3,1100
203271694,-1.159,4.024,0.000,-0.182,-0.058,1.008,3,1100
203272204,-1.159,4.024,0.000,-0.182,-0.058,1.008,3,1100
203273694,-0.427,3.963,-0.366,-0.187,0.031,0.924,3,1100
203274204,-0.183,2.317,-0.305,0.003,0.118,1.061,3,1100
203275694,-0.122,-0.305,-0.244,0.099,0.045,0.966,3,1100
203276209,-0.854,-1.707,-0.183,0.165,0.051,1.161,3,1100
203277694,-1.890,0.122,0.549,0.141,0.071,1.158,3,1100
203278209,-1.890,0.122,0.549,0.141,0.071,1.158,3,1100
203279694,-1.585,3.720,-0.061,-0.195,-0.054,1.058,3,1100
203280203,-1.585,3.720,-0.061,-0.195,-0.054,1.058,3,1100
203281694,-0.366,3.963,-0.610,-0.188,0.035,0.916,3,1100
203282204,-0.061,2.134,-0.366,-0.014,0.114,1.072,3,1100
203283694,-0.122,-0.244,-0.244,0.083,0.039,0.928,3,1100
203284208,-0.976,-1.524,-0.366,0.164,0.067,1.193,3,1100
203285694,-2.256,-0.305,0.549,0.156,0.074,1.215,3,1100
203286208,-2.256,-0.305,0.549,0.156,0.074,1.215,3,1100
203287694,-1.402,3.780,-0.305,-0.168,-0.052,1.085,3,1100
203288203,-0.793,4.451,-0.915,-0.205,-0.050,1.033,3,1100
203289694,-0.305,4.085,-0.854,-0.206,0.012,0.944,3,1100
203290215,-0.183,2.073,-0.671,-0.025,0.118,1.042,3,1100
203291694,-0.976,-1.524,-0.305,0.161,0.062,1.181,3,1100
203292204,-0.976,-1.524,-0.305,0.161,0.062,1.181,3,1100
203293694,-1.890,-0.183,0.244,0.167,0.080,1.239,3,1100
203294215,-2.012,1.768,0.732,0.167,0.080,1.239,3,1100
203295694,-1.524,3.537,0.061,-0.171,-0.040,1.104,3,1100
203296214,-0.610,4.756,-0.488,-0.217,-0.050,0.987,3,1100
203297694,-0.183,2.378,-0.488,-0.206,0.018,0.979,3,1100
203298214,-0.183,2.378,-0.488,-0.032,0.100,1.034,3,1100
203299694,-0.976,-1.646,-0.244,0.161,0.056,1.144,3,1100
203300204,-0.976,-1.646,-0.244,0.161,0.056,1.144,3,1100
203301694,-2.073,-0.549,0.610,0.157,0.088,1.237,3,1100
203302203,-1.951,1.768,0.732,0.021,0.007,0.972,3,1100
203303694,-1.220,3.598,-0.061,-0.148,-0.046,1.109,3,1100
203304203,-0.366,4.512,-0.976,-0.223,-0.045,0.956,3,1100
203305694,-0.488,2.378,-0.427,-0.048,0.104,0.989,3,1100
203306214,-0.488,2.378,-0.427,-0.048,0.104,0.989,3,1100
203307694,-0.793,-1.646,0.183,0.157,0.047,1.086,3,1100
203308203,-0.976,-1.524,0.122,0.186,0.046,0.983,3,1100
203309694,-1.463,-0.366,0.549,0.165,0.068,1.192,3,1100
203310208,-1.707,1.829,0.549,0.027,0.013,1.040,3,1100
203311694,-0.793,4.634,-0.610,-0.225,-0.037,0.944,3,1100
203312214,-0.793,4.634,-0.610,-0.225,-0.037,0.944,3,1100
203313694,-0.732,2.378,-0.305,-0.070,0.104,0.961,3,1100
203314205,-0.732,2.378,-0.305,-0.070,0.104,0.961,3,1100
203315694,-1.037,-1.646,-0.183,0.161,0.038,1.009,3,1100
203316214,-1.402,-1.646,0.122,0.200,0.060,1.049,3,1100
203317694,-1.890,-0.671,0.610,0.172,0.064,1.113,3,1100
203318206,-2.012,1.402,1.098,0.046,0.017,1.087,3,1100
203319694,-0.915,4.634,-0.305,-0.213,-0.053,0.945,3,1100
203320204,-0.915,4.634,-0.305,-0.213,-0.053,0.945,3,1100
203321694,-0.549,2.866,-0.183,-0.072,0.093,0.933,3,1100
203322214,-0.488,0.427,-0.244,0.061,0.081,1.103,3,1100
203323694,-0.854,-1.463,0.183,0.146,0.048,0.950,3,1100
203324204,-1.402,-1.524,0.671,0.188,0.057,1.117,3,1100
203325702,-1.890,1.829,1.098,0.054,0.036,1.175,3,1100
203326228,-1.890,1.829,1.098,0.054,0.036,1.175,3,1100
203327697,-0.732,4.634,0.183,-0.209,-0.051,0.955,3,1100
203328214,-0.366,4.085,-0.244,-0.209,-0.051,0.955,3,1100
203329695,-0.671,2.805,-0.061,-0.072,0.086,0.926,3,1100
203330207,-0.427,0.610,-0.061,0.050,0.090,1.125,3,1100
203331694,-1.463,-1.890,0.427,0.152,0.026,0.909,3,1100
203332214,-1.463,-1.890,0.427,0.199,0.059,1.182,3,1100
203333694,-1.829,1.159,1.524,0.061,0.041,1.236,3,1100
203334208,-1.829,1.159,1.524,0.061,0.041,1.236,3,1100
203335694,-0.793,4.634,0.183,-0.216,-0.044,0.977,3,1100
203336208,-0.427,4.329,0.000,-0.221,-0.020,1.031,3,1100
203337694,-0.305,2.866,0.244,-0.098,0.095,0.913,3,1100
203338210,-0.061,0.488,0.366,0.043,0.104,1.131,3,1100
203339694,-1.098,-2.073,0.427,0.194,0.057,1.196,3,1100
203340214,-1.098,-2.073,0.427,0.194,0.057,1.196,3,1100
203341694,-2.012,1.280,1.341,0.074,0.039,1.240,3,1100
203342214,-1.585,3.354,0.976,-0.098,-0.040,1.006,3,1100
203343694,-0.732,4.329,0.305,-0.202,-0.063,1.013,3,1100
203344209,-0.305,4.390,-0.061,-0.224,-0.023,1.010,3,1100
203345694,-0.305,0.732,0.305,0.039,0.092,1.102,3,1100
203346214,-0.305,0.732,0.305,0.039,0.092,1.102,3,1100
203347694,-0.793,-1.829,0.671,0.184,0.067,1.198,3,1100
203348214,-0.793,-1.829,0.671,0.184,0.067,1.198,3,1100
203349694,-2.073,1.159,1.402,0.079,0.060,1.222,3,1100
203350204,-1.524,3.293,1.220,-0.096,-0.035,1.007,3,1100
203351694,-1.159,4.146,0.427,-0.194,-0.056,1.022,3,1100
203352208,-0.610,4.024,0.122,-0.223,-0.027,0.994,3,1100
203353694,-0.610,0.793,0.427,0.056,0.085,1.072,3,1100
203354205,-0.610,0.793,0.427,0.056,0.085,1.072,3,1100
203355694,-1.220,-1.890,0.915,0.199,0.060,1.176,3,1100
203356209,-1.646,-0.976,1.280,0.163,0.044,0.943,3,1100
203357694,-1.829,1.098,1.463,0.079,0.054,1.220,3,1100
203358214,-1.341,3.415,1.098,-0.092,-0.033,1.015,3,1100
203359694,-0.488,4.817,0.000,-0.218,-0.032,0.980,3,1100
203360209,-0.488,4.817,0.000,-0.218,-0.032,0.980,3,1100
203361694,-0.488,0.915,0.610,0.054,0.083,1.054,3,1100
203362214,-1.037,-1.037,0.671,0.054,0.083,1.054,3,1100
203363694,-1.402,-2.195,0.793,0.190,0.044,1.154,3,1100
203364214,-1.707,-0.915,1.159,0.178,0.037,0.966,3,1100
203365694,-1.768,3.232,1.341,0.074,0.052,1.193,3,1100
203366205,-1.768,3.232,1.341,-0.093,-0.028,1.032,3,1100
203367694,-0.549,4.390,0.183,-0.232,-0.036,0.957,3,1100
203368214,-0.549,4.390,0.183,-0.232,-0.036,0.957,3,1100
203369694,-0.610,1.220,0.610,0.034,0.104,1.036,3,1100
203370214,-0.671,-0.976,0.671,0.130,0.045,0.992,3,1100
203371694,-1.037,-2.317,0.915,0.173,0.061,1.113,3,1100
203372204,-1.341,-1.037,1.280,0.163,0.038,1.006,3,1100
203373694,-1.890,2.988,1.585,-0.074,-0.031,1.030,3,1100
203374203,-1.890,2.988,1.585,-0.074,-0.031,1.030,3,1100
203375694,-0.854,4.207,0.000,-0.220,-0.032,0.954,3,1100
203376205,-0.549,3.232,0.061,-0.115,0.074,1.013,3,1100
203377694,-0.427,0.976,0.488,0.030,0.106,1.015,3,1100
203378208,-0.671,-1.037,0.610,0.132,0.050,1.018,3,1100
203379694,-1.646,-0.793,1.280,0.178,0.054,1.046,3,1100
203380208,-1.646,-0.793,1.280,0.178,0.054,1.046,3,1100
203381694,-1.463,2.988,1.402,-0.082,-0.012,1.057,3,1100
203382203,-1.463,2.988,1.402,-0.082,-0.012,1.057,3,1100
203383694,-0.732,4.695,-0.183,-0.225,-0.039,0.941,3,1100
203384204,-0.793,3.598,-0.122,-0.111,0.065,1.000,3,1100
203385694,-0.488,1.037,0.366,0.039,0.096,1.001,3,1100
203386214,-0.793,-0.854,0.427,0.133,0.046,1.045,3,1100
203387694,-1.585,-0.976,0.732,0.171,0.038,1.065,3,1100
203388209,-1.585,-0.976,0.732,0.171,0.038,1.065,3,1100
203389694,-1.463,2.866,1.098,-0.079,-0.009,1.072,3,1100
203390204,-0.793,4.207,0.244,-0.183,-0.036,1.075,3,1100
203391694,-0.488,4.512,-0.305,-0.225,-0.029,0.938,3,1100
203392214,-0.305,3.537,-0.366,-0.111,0.068,1.018,3,1100
203393694,-0.915,-0.732,0.305,0.138,0.054,1.099,3,1100
203394209,-0.915,-0.732,0.305,0.138,0.054,1.099,3,1100
203395694,-1.341,-0.976,0.793,0.188,0.047,1.152,3,1100
203396208,-1.646,0.610,0.793,0.188,0.047,1.152,3,1100
203397694,-1.524,2.927,0.793,-0.088,-0.003,1.094,3,1100
203398204,-0.854,4.390,0.061,-0.165,-0.054,1.046,3,1100
203399694,-0.488,3.659,-0.305,-0.230,-0.029,0.933,3,1100
203400203,-0.488,3.659,-0.305,-0.125,0.076,1.029,3,1100
203401694,-0.427,-0.915,0.610,0.143,0.077,1.112,3,1100
203402203,-0.427,-0.915,0.610,0.143,0.077,1.112,3,1100
203403694,-1.524,-1.098,0.549,0.159,0.052,1.176,3,1100
203404214,-1.951,0.488,0.793,0.102,0.039,0.966,3,1100
203405694,-1.890,2.683,0.793,-0.080,-0.016,1.140,3,1100
203406204,-1.220,4.329,0.366,-0.177,-0.038,1.059,3,1100
203407694,-0.366,3.598,-0.244,-0.125,0.077,1.019,3,1100
203408204,-0.366,3.598,-0.244,-0.125,0.077,1.019,3,1100
203409694,-0.671,-0.671,0.122,0.117,0.110,1.145,3,1100
203410214,-0.793,-1.524,-0.061,0.181,0.032,0.921,3,1100
203411694,-1.463,-1.159,0.366,0.178,0.047,1.213,3,1100
203412206,-1.768,0.793,0.732,0.084,0.044,0.974,3,1100
203413694,-0.793,4.329,-0.061,-0.085,-0.035,1.169,3,1100
203414214,-0.793,4.329,-0.061,-0.182,-0.035,1.030,3,1100
203415694,-0.122,3.293,-0.549,-0.136,0.070,1.015,3,1100
203416214,-0.122,3.293,-0.549,-0.136,0.070,1.015,3,1100
203417694,-0.854,-0.793,0.122,0.138,0.099,1.160,3,1100
203418204,-1.159,-1.768,0.244,0.171,0.029,0.937,3,1100
203419694,-1.280,-0.976,0.488,0.140,0.064,1.210,3,1100
203420214,-1.646,0.732,0.671,0.113,0.055,0.909,3,1100
203421694,-0.793,4.085,0.000,-0.185,-0.033,1.020,3,1100
203422208,-0.793,4.085,0.000,-0.185,-0.033,1.020,3,1100
203423694,-0.366,3.476,-0.793,-0.122,0.068,1.002,3,1100
203424204,0.000,1.646,-0.610,0.008,0.072,0.951,3,1100
203425694,-0.549,-0.488,0.000,0.085,0.086,1.152,3,1100
203426203,-1.159,-1.463,0.305,0.195,0.055,0.909,3,1100
203427694,-1.707,0.549,0.671,0.120,0.051,0.979,3,1100
203428214,-1.707,0.549,0.671,0.120,0.051,0.979,3,1100
203429694,-1.098,4.024,0.000,-0.187,-0.040,0.987,3,1100
203430214,-0.671,4.451,-0.671,-0.187,-0.040,0.987,3,1100
203431694,-0.549,3.354,-0.366,-0.147,0.065,0.987,3,1100
203432204,-0.183,1.402,-0.244,0.015,0.085,0.980,3,1100
203433694,-0.915,-1.463,-0.244,0.116,0.062,1.125,3,1100
203434208,-0.915,-1.463,-0.244,0.170,0.061,0.959,3,1100
203435694,-1.890,0.549,0.671,0.109,0.074,0.975,3,1100
203436204,-1.890,0.549,0.671,0.109,0.074,0.975,3,1100
203437694,-1.159,4.146,0.061,-0.199,-0.042,0.981,3,1100
203438204,-0.488,4.390,-0.793,-0.203,-0.029,0.978,3,1100
203439694,-0.305,3.598,-0.549,-0.129,0.047,0.963,3,1100
203440204,-0.122,1.463,-0.366,-0.005,0.081,1.003,3,1100
203441694,-0.671,-1.524,0.061,0.182,0.062,1.018,3,1100
203442204,-0.671,-1.524,0.061,0.182,0.062,1.018,3,1100
203443694,-2.256,0.305,0.671,0.102,0.055,1.014,3,1100
203444214,-2.012,2.500,0.732,-0.042,-0.026,1.161,3,1100
203445694,-1.524,4.268,-0.183,-0.190,-0.060,0.975,3,1100
203446205,-0.854,4.756,-0.671,-0.218,-0.035,1.006,3,1100
203447694,0.000,1.524,-0.366,-0.164,0.047,0.947,3,1100
203448203,0.000,1.524,-0.366,0.008,0.097,1.018,3,1100
203449694,-0.915,-1.341,0.000,0.169,0.058,1.040,3,1100
203450214,-0.915,-1.341,0.000,0.169,0.058,1.040,3,1100
203451694,-1.585,0.671,0.610,0.107,0.067,1.063,3,1100
203452203,-1.768,2.317,0.549,-0.034,-0.020,1.144,3,1100
203453694,-1.341,3.902,0.061,-0.200,-0.049,0.973,3,1100
203454206,-0.610,4.512,-0.549,-0.199,-0.032,0.992,3,1100
203455694,-0.244,1.707,-0.427,-0.004,0.083,1.041,3,1100
203456202,-0.244,1.707,-0.427,-0.004,0.083,1.041,3,1100
203457694,-1.220,-1.646,0.183,0.176,0.057,1.078,3,1100
203458208,-1.463,-1.524,0.366,0.201,0.052,1.048,3,1100
203459694,-1.585,0.183,0.793,0.095,0.069,1.081,3,1100
203460214,-1.341,2.073,0.671,-0.024,-0.020,1.119,3,1100
203461694,-0.549,4.329,-0.305,-0.221,-0.038,1.047,3,1100
203462205,-0.549,4.329,-0.305,-0.221,-0.038,1.047,3,1100
203463694,0.000,1.768,-0.122,0.010,0.088,1.056,3,1100
203464204,-0.610,-0.549,-0.244,0.010,0.088,1.056,3,1100
203465694,-0.854,-1.585,0.122,0.158,0.054,1.111,3,1100
203466206,-0.976,-1.402,0.427,0.188,0.041,1.008,3,1100
203467702,-1.524,2.256,0.976,0.115,0.068,1.133,3,1100
203468228,-1.524,2.256,0.976,-0.022,-0.022,1.087,3,1100
203469697,-0.488,4.329,-0.427,-0.224,-0.018,1.021,3,1100
203470214,-0.488,4.329,-0.427,-0.224,-0.018,1.021,3,1100
203471694,0.061,2.073,-0.122,-0.030,0.108,1.076,3,1100
203472207,-0.427,-0.427,0.122,0.083,0.036,0.967,3,1100
203473694,-0.732,-1.524,0.488,0.167,0.069,1.131,3,1100
203474214,-1.159,-1.463,0.732,0.212,0.051,0.996,3,1100
203475694,-1.463,2.378,1.098,-0.037,-0.006,1.070,3,1100
203476214,-1.463,2.378,1.098,-0.037,-0.006,1.070,3,1100
203477694,-0.854,4.390,-0.366,-0.215,-0.038,1.045,3,1100
203478208,-0.366,3.902,-0.366,-0.188,0.034,0.935,3,1100
203479694,-0.244,2.134,0.000,0.005,0.091,1.074,3,1100
203480203,-0.915,-0.427,0.244,0.082,0.054,0.943,3,1100
203481694,-1.220,-1.220,0.854,0.165,0.059,1.165,3,1100
203482215,-1.220,-1.220,0.854,0.196,0.045,0.960,3,1100
203483694,-1.829,2.195,1.098,-0.028,-0.019,1.024,3,1100
203484205,-1.829,2.195,1.098,-0.028,-0.019,1.024,3,1100
203485694,-0.610,4.451,-0.122,-0.214,-0.031,1.035,3,1100
203486209,-0.183,3.963,0.000,-0.159,0.016,0.942,3,1100
203487694,0.122,2.073,0.366,-0.033,0.108,1.084,3,1100
203488206,-0.122,-0.366,0.610,0.080,0.047,0.925,3,1100
203489694,-1.341,-1.402,0.793,0.204,0.047,0.933,3,1100
203490204,-1.341,-1.402,0.793,0.204,0.047,0.933,3,1100
203491694,-1.646,2.134,1.463,-0.027,-0.016,0.985,3,1100
203492208,-1.585,3.902,0.854,-0.159,-0.056,1.032,3,1100
203493694,-1.159,4.634,0.000,-0.219,-0.031,1.038,3,1100
203494208,-0.610,4.207,-0.122,-0.183,0.013,0.950,3,1100
203495694,-0.427,-0.244,0.610,0.091,0.044,0.908,3,1100
203496204,-0.427,-0.244,0.610,0.091,0.044,0.908,3,1100
203497689,-1.220,-1.585,1.098,0.188,0.049,0.926,3,1100
203498198,-1.524,0.061,1.585,0.188,0.049,0.926,3,1100
203499703,-1.402,1.951,1.524,-0.019,-0.008,0.969,3,1100
203500228,-0.915,3.780,0.732,-0.153,-0.043,1.064,3,1100
203501697,-0.488,4.390,0.061,-0.206,-0.036,1.013,3,1100
203502223,-0.488,4.390,0.061,-0.180,0.018,0.977,3,1100
203503694,-0.610,0.000,0.732,0.065,0.061,0.923,3,1100
203504204,-0.610,0.000,0.732,0.065,0.061,0.923,3,1100
203505689,-1.280,-1.585,1.098,0.198,0.041,0.924,3,1100
203506199,-1.829,-0.305,1.585,0.136,0.074,1.235,3,1100
203507694,-1.951,1.524,1.463,-0.007,-0.005,0.950,3,1100
203508205,-1.341,3.780,1.037,-0.153,-0.049,1.086,3,1100
203509694,-0.366,4.146,0.183,-0.197,0.013,0.996,3,1100
203510208,-0.366,4.146,0.183,-0.197,0.013,0.996,3,1100
203511694,-0.793,-0.122,0.549,0.075,0.066,0.940,3,1100
203512205,-0.976,-1.524,0.610,0.167,0.057,1.146,3,1100
203513694,-1.646,-1.463,0.854,0.184,0.036,0.957,3,1100
203514204,-2.073,-0.122,1.280,0.152,0.065,1.212,3,1100
203515694,-1.341,3.780,0.976,0.004,-0.004,0.969,3,1100
203516204,-1.341,3.780,0.976,-0.152,-0.029,1.083,3,1100
203517694,-0.671,4.451,0.183,-0.211,0.009,1.021,3,1100
203518204,-0.671,4.451,0.183,-0.211,0.009,1.021,3,1100
203519694,-0.549,0.000,0.610,0.073,0.072,0.975,3,1100
203520208,-0.915,-1.646,0.366,0.164,0.051,1.114,3,1100
203521694,-1.341,-1.463,0.671,0.192,0.058,0.991,3,1100
203522214,-1.829,-0.366,1.098,0.162,0.060,1.163,3,1100
203523694,-1.463,3.537,0.732,-0.127,-0.036,1.115,3,1100
203524205,-1.463,3.537,0.732,-0.127,-0.036,1.115,3,1100
203525694,-0.488,4.207,0.061,-0.221,0.013,1.034,3,1100
203526208,-0.122,2.500,0.366,-0.058,0.105,0.971,3,1100
203527694,-0.366,0.061,0.305,0.072,0.077,1.022,3,1100
203528203,-0.732,-1.707,0.488,0.162,0.050,1.047,3,1100
203529694,-1.585,-0.732,1.280,0.161,0.057,1.082,3,1100
203530204,-1.585,-0.732,1.280,0.161,0.057,1.082,3,1100
203531694,-1.463,3.598,0.671,-0.131,-0.042,1.086,3,1100
203532206,-1.098,4.756,0.000,-0.131,-0.042,1.086,3,1100
203533694,-0.671,4.573,-0.183,-0.205,0.008,1.048,3,1100
203534206,-0.610,2.622,0.244,-0.056,0.082,0.929,3,1100
203535694,-1.037,-1.524,0.427,0.054,0.088,1.080,3,1100
203536204,-1.037,-1.524,0.427,0.173,0.036,0.979,3,1100
203537694,-1.707,-0.976,1.341,0.163,0.045,1.027,3,1100
203538205,-1.707,-0.976,1.341,0.163,0.045,1.027,3,1100
203539694,-1.829,3.537,0.671,-0.111,-0.037,1.056,3,1100
203540206,-1.159,4.512,-0.183,-0.213,-0.052,0.988,3,1100
203541694,-0.732,4.390,-0.427,-0.228,-0.009,1.047,3,1100
203542204,-0.427,2.805,-0.305,-0.074,0.072,0.895,3,1100
203543694,-0.793,-1.463,0.366,0.164,0.034,0.946,3,1100
203544204,-0.793,-1.463,0.366,0.164,0.034,0.946,3,1100
203545694,-1.829,-0.793,1.037,0.164,0.058,0.962,3,1100
203546204,-1.951,1.524,1.220,0.046,0.039,1.200,3,1100
203547694,-1.220,3.780,0.610,-0.103,-0.031,1.037,3,1100
203548214,-0.915,4.756,-0.061,-0.219,-0.054,0.986,3,1100
203549694,-0.427,2.683,-0.183,-0.215,-0.012,1.024,3,1100
203550205,-0.427,2.683,-0.183,-0.087,0.086,0.893,3,1100
203551694,-1.037,-1.220,0.183,0.153,0.035,0.906,3,1100
203552203,-1.037,-1.220,0.183,0.153,0.035,0.906,3,1100
203553694,-1.463,-0.732,0.732,0.173,0.052,0.933,3,1100
203554214,-2.134,1.402,0.915,0.044,0.048,1.219,3,1100
203555694,-1.341,3.598,0.366,-0.092,-0.040,1.022,3,1100
203556203,-0.793,4.817,-0.305,-0.214,-0.070,1.010,3,1100
203557694,-0.427,2.744,-0.244,-0.091,0.081,0.899,3,1100
203558209,-0.427,2.744,-0.244,-0.091,0.081,0.899,3,1100
203559694,-0.671,-1.341,0.305,0.160,0.036,0.922,3,1100
203560204,-1.280,-2.378,0.305,0.208,0.045,1.210,3,1100
203561694,-1.524,-0.915,0.732,0.169,0.046,0.911,3,1100
203562214,-1.890,1.159,0.732,0.067,0.054,1.230,3,1100
203563694,-0.854,4.878,-0.244,-0.209,-0.066,1.036,3,1100
203564204,-0.854,4.878,-0.244,-0.209,-0.066,1.036,3,1100
203565694,-0.488,3.293,-0.244,-0.099,0.072,0.943,3,1100
203566206,-0.915,0.854,-0.061,-0.099,0.072,0.943,3,1100
203567694,-1.037,-1.037,0.061,0.126,0.051,0.933,3,1100
203568204,-1.159,-1.829,0.183,0.202,0.050,1.177,3,1100
203569694,-1.768,1.220,0.610,0.179,0.050,0.968,3,1100
203570214,-1.768,1.220,0.610,0.075,0.052,1.203,3,1100
203571694,-0.976,4.756,-0.122,-0.200,-0.059,1.046,3,1100
203572208,-0.976,4.756,-0.122,-0.200,-0.059,1.046,3,1100
203573694,-0.244,3.354,-0.671,-0.124,0.080,0.979,3,1100
203574214,-0.244,0.915,-0.244,0.054,0.111,1.046,3,1100
203575694,-0.427,-1.524,-0.183,0.163,0.057,1.000,3,1100
203576203,-0.854,-2.378,-0.061,0.181,0.032,1.115,3,1100
203577694,-2.073,0.976,0.854,0.092,0.053,1.129,3,1100
203578208,-2.073,0.976,0.854,0.092,0.053,1.129,3,1100
203579694,-0.793,4.329,-0.122,-0.197,-0.054,1.046,3,1100
203580203,-0.244,4.634,-0.671,-0.197,-0.054,1.046,3,1100
203581694,-0.061,3.598,-0.610,-0.121,0.081,1.020,3,1100
203582204,-0.549,0.915,-0.122,0.021,0.089,1.014,3,1100
203583694,-1.159,-2.073,0.061,0.115,0.059,1.036,3,1100
203584204,-1.159,-2.073,0.061,0.210,0.029,1.027,3,1100
203585694,-2.439,0.610,0.854,0.090,0.043,1.050,3,1100
203586214,-2.439,0.610,0.854,0.090,0.043,1.050,3,1100
203587694,-1.037,4.817,-0.183,-0.192,-0.070,1.052,3,1100
203588214,-0.610,4.878,-0.793,-0.265,-0.045,0.939,3,1100
203589694,-0.671,3.720,-0.549,-0.122,0.063,1.005,3,1100
203590214,-0.610,1.280,-0.061,0.026,0.112,0.954,3,1100
203591694,-1.220,-2.256,-0.061,0.176,0.034,0.996,3,1100
203592214,-1.220,-2.256,-0.061,0.176,0.034,0.996,3,1100
203593694,-2.073,0.854,0.793,0.092,0.066,1.003,3,1100
203594214,-1.951,2.927,0.732,-0.066,-0.023,1.121,3,1100
203595694,-0.915,4.329,-0.061,-0.186,-0.042,1.051,3,1100
203596206,-0.488,4.634,-0.915,-0.219,-0.054,0.939,3,1100
203597694,-0.793,1.159,-0.122,-0.004,0.082,0.964,3,1100
203598204,-0.793,1.159,-0.122,-0.004,0.082,0.964,3,1100
203599694,-1.463,-1.707,-0.061,0.188,0.034,0.930,3,1100
203600206,-1.646,-1.098,0.366,0.188,0.034,0.930,3,1100
203601694,-2.012,0.305,0.854,0.090,0.053,0.965,3,1100
203602203,-1.829,2.744,0.793,-0.056,-0.021,1.145,3,1100
203603694,-0.671,4.939,-0.610,-0.195,-0.029,1.024,3,1100
203604205,-0.671,4.939,-0.610,-0.230,-0.065,0.950,3,1100
203605694,-0.366,1.341,0.122,0.016,0.083,0.941,3,1100
203606204,-0.366,1.341,0.122,0.016,0.083,0.941,3,1100
203607694,-0.854,-1.890,0.061,0.183,0.029,0.937,3,1100
203608204,-1.037,-1.220,0.427,0.152,0.045,1.210,3,1100
203609694,-1.524,0.610,0.671,0.122,0.062,0.905,3,1100
203610208,-1.707,2.866,0.854,-0.044,-0.022,1.200,3,1100
203611694,0.061,5.061,-0.610,-0.227,-0.047,0.950,3,1100
203612204,0.061,5.061,-0.610,-0.227,-0.047,0.950,3,1100
203613694,-0.427,1.829,0.061,-0.017,0.080,0.961,3,1100
203614208,-1.280,-0.183,-0.061,-0.017,0.080,0.961,3,1100
203615694,-1.220,-1.463,0.061,0.188,0.044,0.900,3,1100
203616208,-1.646,-1.524,0.366,0.194,0.046,1.210,3,1100
203617694,-1.890,2.439,0.793,0.107,0.065,0.957,3,1100
203618214,-1.890,2.439,0.793,-0.043,-0.021,1.206,3,1100
203619694,-0.488,4.634,-0.488,-0.225,-0.052,0.993,3,1100
203620204,-0.488,4.634,-0.488,-0.225,-0.052,0.993,3,1100
203621694,-0.122,1.524,-0.061,0.004,0.088,0.966,3,1100
203622208,-0.610,-0.793,0.122,0.128,0.073,1.122,3,1100
203623694,-0.976,-1.829,0.244,0.176,0.046,0.942,3,1100
203624208,-1.159,-1.524,0.671,0.163,0.043,1.184,3,1100
203625694,-1.707,2.256,0.915,-0.026,-0.029,1.204,3,1100
203626209,-1.707,2.256,0.915,-0.026,-0.029,1.204,3,1100
203627694,-0.671,5.000,0.061,-0.213,-0.039,1.014,3,1100
203628214,-0.549,3.720,0.244,-0.142,0.038,0.972,3,1100
203629694,-0.244,1.646,0.183,-0.021,0.100,1.002,3,1100
203630215,-0.854,-0.549,0.183,0.086,0.048,1.077,3,1100
203631694,-1.768,-1.707,0.915,0.209,0.039,1.133,3,1100
203632203,-1.768,-1.707,0.915,0.209,0.039,1.133,3,1100
203633694,-2.012,2.317,1.098,-0.014,-0.009,1.164,3,1100
203634208,-1.341,4.207,0.305,-0.014,-0.009,1.164,3,1100
203635694,-0.915,4.512,-0.061,-0.224,-0.036,1.050,3,1100
203636204,-0.671,3.659,0.061,-0.170,0.033,0.945,3,1100
203637694,-0.488,1.951,0.305,0.001,0.113,1.024,3,1100
203638214,-0.732,-0.671,0.427,0.104,0.061,1.035,3,1100
203639694,-1.402,-1.585,1.159,0.186,0.045,1.064,3,1100
203640214,-1.402,-1.585,1.159,0.186,0.045,1.064,3,1100
203641694,-1.463,2.439,1.463,-0.003,-0.013,1.103,3,1100
203642204,-1.037,4.268,0.671,-0.195,-0.044,0.980,3,1100
203643694,-0.549,4.390,0.183,-0.214,-0.034,1.027,3,1100
203644205,-0.366,3.841,0.427,-0.163,0.016,0.958,3,1100
203645694,-0.610,-0.427,0.183,0.074,0.053,0.977,3,1100
203646204,-0.610,-0.427,0.183,0.074,0.053,0.977,3,1100
203647689,-1.463,-1.524,1.159,0.206,0.055,0.995,3,1100
203648203,-1.951,-0.061,1.524,0.206,0.055,0.995,3,1100
203649694,-1.646,1.890,1.159,-0.006,0.005,1.061,3,1100
203650214,-1.159,3.720,0.854,-0.173,-0.056,1.004,3,1100
203651694,-0.610,4.024,0.244,-0.218,-0.039,1.066,3,1100
203652203,-0.610,4.024,0.244,-0.178,0.011,0.945,3,1100
203653694,-0.427,-0.671,0.610,0.090,0.057,0.942,3,1100
203654205,-0.427,-0.671,0.610,0.090,0.057,0.942,3,1100
203655689,-1.159,-1.768,0.732,0.186,0.050,0.956,3,1100
203656203,-1.463,-0.122,1.220,0.140,0.068,1.196,3,1100
203657694,-1.463,1.951,1.159,-0.007,-0.002,1.014,3,1100
203658208,-1.220,3.902,0.671,-0.167,-0.053,1.030,3,1100
203659694,-0.366,4.146,0.183,-0.179,0.038,0.947,3,1100
203660204,-0.366,4.146,0.183,-0.179,0.038,0.947,3,1100
203661694,-0.122,-0.305,0.549,0.055,0.054,0.910,3,1100
203662214,-1.220,-1.707,0.549,0.166,0.058,1.207,3,1100
203663694,-1.341,-1.585,0.915,0.201,0.040,0.896,3,1100
203664206,-2.134,-0.061,1.159,0.145,0.076,1.244,3,1100
203665694,-1.463,3.902,0.793,-0.154,-0.053,1.079,3,1100
203666205,-1.463,3.902,0.793,-0.154,-0.053,1.079,3,1100
203667694,-0.366,4.207,0.244,-0.199,0.008,0.977,3,1100
203668209,-0.549,2.317,0.305,-0.199,0.008,0.977,3,1100
203669694,-0.366,0.183,0.610,0.079,0.061,0.912,3,1100
203670209,-0.854,-1.220,0.549,0.163,0.058,1.197,3,1100
203671694,-0.854,-1.402,0.671,0.190,0.040,0.917,3,1100
203672205,-1.402,-0.183,1.220,0.132,0.078,1.237,3,1100
203673694,-1.402,3.659,0.671,-0.140,-0.043,1.094,3,1100
203674204,-1.402,3.659,0.671,-0.140,-0.043,1.094,3,1100
203675694,-0.732,4.085,-0.183,-0.191,0.004,0.994,3,1100
203676215,-0.488,2.134,0.061,-0.032,0.097,1.036,3,1100
203677694,-0.610,0.000,0.488,0.067,0.064,0.944,3,1100
203678204,-0.915,-1.524,0.549,0.162,0.056,1.149,3,1100
203679694,-1.585,-0.122,1.098,0.145,0.078,1.207,3,1100
203680204,-1.585,-0.122,1.098,0.145,0.078,1.207,3,1100
203681694,-1.402,3.598,0.793,-0.140,-0.034,1.112,3,1100
203682214,-0.793,4.634,0.122,-0.220,-0.053,0.980,3,1100
203683694,-0.671,4.512,-0.366,-0.199,0.003,1.013,3,1100
203684208,-0.610,2.378,0.000,-0.053,0.104,0.972,3,1100
203685694,-1.159,-1.585,0.183,0.077,0.058,0.979,3,1100
203686205,-1.159,-1.585,0.183,0.162,0.053,1.110,3,1100
203687694,-1.890,-0.244,1.037,0.145,0.064,1.167,3,1100
203688203,-1.890,-0.244,1.037,0.145,0.064,1.167,3,1100
203689694,-1.280,3.354,0.610,-0.122,-0.026,1.096,3,1100
203690214,-0.732,4.695,-0.122,-0.221,-0.038,0.970,3,1100
203691694,-0.488,4.451,-0.488,-0.190,0.004,1.035,3,1100
203692209,-0.427,2.500,-0.061,-0.069,0.099,0.956,3,1100
203693694,-1.220,-1.585,0.305,0.149,0.071,1.052,3,1100
203694204,-1.220,-1.585,0.305,0.149,0.071,1.052,3,1100
203695694,-1.829,-0.671,1.098,0.160,0.043,1.103,3,1100
203696209,-1.951,1.341,1.037,0.025,0.011,1.068,3,1100
203697694,-1.463,3.293,0.244,-0.109,-0.024,1.096,3,1100
203698208,-0.610,4.329,-0.427,-0.214,-0.047,0.972,3,1100
203699694,-0.366,2.500,-0.183,-0.060,0.079,0.927,3,1100
203700209,-0.366,2.500,-0.183,-0.060,0.079,0.927,3,1100
203701694,-0.854,-1.280,0.244,0.167,0.057,0.990,3,1100
203702214,-1.098,-1.707,0.610,0.167,0.057,0.990,3,1100
203703694,-1.524,-0.732,0.793,0.149,0.047,1.016,3,1100
203704204,-1.951,1.524,0.915,0.022,0.039,1.142,3,1100
203705694,-1.341,3.415,0.427,-0.107,-0.025,1.063,3,1100
203706204,-0.671,4.573,-0.122,-0.206,-0.048,0.986,3,1100
203707694,-0.427,2.561,-0.427,-0.076,0.072,0.908,3,1100
203708204,-0.427,2.561,-0.427,-0.076,0.072,0.908,3,1100
203709694,-0.732,-1.220,0.122,0.144,0.059,0.934,3,1100
203710206,-0.915,-1.890,0.244,0.201,0.049,1.191,3,1100
203711694,-1.402,-0.915,0.732,0.151,0.053,0.977,3,1100
203712203,-1.707,1.524,1.098,0.039,0.042,1.185,3,1100
203713694,-0.976,4.329,0.000,-0.205,-0.044,0.995,3,1100
203714214,-0.976,4.329,0.000,-0.205,-0.044,0.995,3,1100
203715694,-0.244,2.744,-0.427,-0.083,0.073,0.895,3,1100
203716205,-0.549,0.671,-0.061,-0.083,0.073,0.895,3,1100
203717694,-0.915,-1.280,0.000,0.135,0.050,0.912,3,1100
203718214,-1.159,-2.012,0.244,0.213,0.053,1.218,3,1100
203719694,-2.195,1.524,0.671,0.149,0.039,0.928,3,1100
203720214,-2.195,1.524,0.671,0.056,0.027,1.223,3,1100
203721694,-0.671,4.695,0.061,-0.211,-0.038,1.020,3,1100
203722209,-0.671,4.695,0.061,-0.211,-0.038,1.020,3,1100
203723694,-0.366,2.927,-0.305,-0.101,0.066,0.913,3,1100
203724214,-0.549,0.915,-0.183,0.035,0.110,1.121,3,1100
203725694,-0.854,-0.915,-0.061,0.153,0.049,0.914,3,1100
203726204,-1.280,-1.890,0.244,0.184,0.065,1.217,3,1100
203727694,-2.134,1.220,0.793,0.061,0.034,1.195,3,1100
203728204,-2.134,1.220,0.793,0.061,0.034,1.195,3,1100
203729694,-0.854,4.573,-0.183,-0.198,-0.053,1.058,3,1100
203730204,-0.732,4.207,-0.732,-0.220,-0.022,0.975,3,1100
203731694,-0.732,3.049,-0.488,-0.092,0.066,0.947,3,1100
203732204,-0.793,0.915,-0.122,0.051,0.099,1.103,3,1100
203733694,-0.915,-1.829,-0.061,0.187,0.065,1.189,3,1100
203734209,-0.915,-1.829,-0.061,0.187,0.065,1.189,3,1100
203735694,-2.073,1.159,0.549,0.060,0.055,1.191,3,1100
203736204,-1.890,3.293,0.488,0.060,0.055,1.191,3,1100
203737694,-1.037,4.512,-0.061,-0.192,-0.051,1.054,3,1100
203738214,-0.732,4.329,-0.549,-0.231,-0.025,0.974,3,1100
203739694,-0.244,3.232,-0.549,-0.104,0.057,0.961,3,1100
203740205,-0.427,0.793,-0.122,0.041,0.089,1.065,3,1100
203741694,-0.915,-1.890,0.305,0.192,0.048,1.140,3,1100
203742205,-0.915,-1.890,0.305,0.192,0.048,1.140,3,1100
203743694,-2.073,1.159,0.610,0.065,0.052,1.150,3,1100
203744202,-1.524,3.171,0.732,-0.087,-0.024,0.998,3,1100
203745694,-0.732,4.695,0.000,-0.192,-0.033,1.067,3,1100
203746203,-0.305,4.573,-0.671,-0.234,-0.029,0.947,3,1100
203747694,-0.488,0.915,-0.305,0.046,0.100,1.013,3,1100
203748209,-0.488,0.915,-0.305,0.046,0.100,1.013,3,1100
203749694,-1.220,-1.890,-0.061,0.199,0.045,1.084,3,1100
203750205,-1.829,-0.915,0.732,0.199,0.045,1.084,3,1100
203751694,-2.134,1.037,1.159,0.059,0.052,1.082,3,1100
203752204,-1.585,3.232,0.732,-0.062,-0.024,1.029,3,1100
203753694,-0.427,4.634,-0.610,-0.187,-0.047,1.073,3,1100
203754205,-0.427,4.634,-0.610,-0.237,-0.028,0.947,3,1100
203755694,-0.427,1.220,0.000,0.024,0.104,0.975,3,1100
203756204,-0.427,1.220,0.000,0.024,0.104,0.975,3,1100
203757694,-0.915,-1.829,0.305,0.186,0.060,0.986,3,1100
203758214,-1.280,-1.037,0.671,0.186,0.036,1.172,3,1100
203759694,-1.463,0.610,0.854,0.056,0.044,1.018,3,1100
203760204,-1.524,2.866,0.732,-0.062,-0.024,1.081,3,1100
203761702,-0.366,4.634,-0.244,-0.253,-0.033,0.941,3,1100
203762228,-0.366,4.634,-0.244,-0.253,-0.033,0.941,3,1100
203763697,-0.305,1.220,0.244,0.027,0.104,0.976,3,1100
203764213,-0.549,-0.854,0.549,0.150,0.064,1.125,3,1100
203765694,-0.976,-1.707,0.549,0.171,0.045,0.933,3,1100
203766207,-1.463,-0.793,0.915,0.152,0.043,1.197,3,1100
203767694,-1.707,2.866,0.915,-0.077,0.012,1.108,3,1100
203768214,-1.707,2.866,0.915,-0.077,0.012,1.108,3,1100
203769694,-0.183,4.573,-0.366,-0.241,-0.032,0.942,3,1100
203770203,-0.061,3.476,-0.427,-0.241,-0.032,0.942,3,1100
203771694,-0.366,1.341,0.061,-0.002,0.081,0.940,3,1100
203772203,-0.610,-0.671,0.305,0.133,0.083,1.144,3,1100
203773694,-0.610,-1.829,0.610,0.175,0.034,0.904,3,1100
203774204,-1.280,-1.463,0.793,0.204,0.056,1.228,3,1100
203775694,-2.012,2.927,1.037,-0.075,-0.003,1.131,3,1100
203776204,-2.012,2.927,1.037,-0.075,-0.003,1.131,3,1100
203777694,-0.732,4.695,-0.427,-0.255,-0.051,0.963,3,1100
203778214,-0.671,3.598,-0.244,-0.145,0.053,1.013,3,1100
203779694,-0.427,1.402,0.427,0.011,0.090,0.937,3,1100
203780204,-0.488,-0.854,0.793,0.158,0.100,1.134,3,1100
203781694,-1.463,-1.098,0.732,0.163,0.045,1.229,3,1100
203782214,-1.463,-1.098,0.732,0.163,0.045,1.229,3,1100
203783694,-1.768,2.561,1.159,-0.058,0.000,1.160,3,1100
203784214,-0.976,4.024,0.488,-0.058,0.000,1.160,3,1100
203785695,-0.549,4.451,0.061,-0.221,-0.055,0.971,3,1100
203786213,-0.366,3.598,-0.244,-0.125,0.056,0.999,3,1100
203787694,-0.671,-0.488,0.427,-0.008,0.080,0.951,3,1100
203788204,-0.671,-0.488,0.427,0.113,0.092,1.160,3,1100
203789694,-1.280,-1.341,0.854,0.172,0.051,1.180,3,1100
203790204,-1.280,-1.341,0.854,0.172,0.051,1.180,3,1100
203791694,-1.768,2.805,1.037,-0.056,-0.006,1.192,3,1100
203792205,-1.037,4.329,0.549,-0.186,-0.033,0.991,3,1100
203793694,-0.671,4.512,-0.183,-0.233,-0.051,0.977,3,1100
203794208,-0.671,3.720,-0.061,-0.142,0.058,0.988,3,1100
203795694,-0.671,-0.976,0.549,0.140,0.088,1.131,3,1100
203796203,-0.671,-0.976,0.549,0.140,0.088,1.131,3,1100
203797694,-1.707,-1.524,0.854,0.146,0.047,1.176,3,1100
203798215,-1.768,0.732,1.280,0.136,0.058,0.958,3,1100
203799694,-1.646,2.500,1.220,-0.046,-0.011,1.205,3,1100
203800204,-0.915,4.207,0.610,-0.191,-0.027,0.977,3,1100
203801694,-0.305,3.659,0.366,-0.133,0.055,0.976,3,1100
203802208,-0.305,3.659,0.366,-0.133,0.055,0.976,3,1100
203803694,-0.854,-0.488,0.549,0.088,0.064,1.071,3,1100
203804214,-1.159,-1.524,0.549,0.088,0.064,1.071,3,1100
203805694,-1.524,-1.646,0.915,0.202,0.038,1.133,3,1100
203806208,-1.890,0.488,1.463,0.104,0.055,1.032,3,1100
203807694,-1.646,2.317,1.585,-0.042,-0.022,1.180,3,1100
203808214,-1.280,4.085,0.854,-0.188,-0.062,0.958,3,1100
203809701,-0.366,3.720,-0.122,-0.144,0.052,0.964,3,1100
203810232,-0.366,3.720,-0.122,-0.144,0.052,0.964,3,1100
203811697,-0.488,-0.732,0.549,0.122,0.066,1.064,3,1100
203812214,-0.854,-1.524,0.610,0.177,0.062,0.999,3,1100
203813694,-1.341,-1.159,0.976,0.168,0.040,1.107,3,1100
203814210,-1.768,0.488,1.037,0.110,0.084,1.081,3,1100
203815694,-1.402,4.085,0.610,-0.195,-0.040,0.962,3,1100
203816203,-1.402,4.085,0.610,-0.195,-0.040,0.962,3,1100
203817694,-0.366,3.659,0.183,-0.145,0.036,0.977,3,1100
203818209,-0.305,1.768,0.244,-0.145,0.036,0.977,3,1100
203819694,-0.671,-0.488,0.305,0.094,0.044,1.011,3,1100
203820214,-1.098,-1.402,0.610,0.184,0.050,1.069,3,1100
203821694,-1.951,0.183,1.341,0.212,0.045,1.047,3,1100
203822204,-1.951,0.183,1.341,0.097,0.063,1.073,3,1100
203823694,-1.341,4.573,0.793,-0.171,-0.061,0.990,3,1100
203824204,-1.341,4.573,0.793,-0.171,-0.061,0.990,3,1100
203825694,-0.732,3.720,0.000,-0.158,0.047,0.949,3,1100
203826204,-0.061,1.951,0.244,0.010,0.101,1.036,3,1100
203827694,-0.366,-0.427,0.061,0.095,0.065,0.997,3,1100
203828216,-1.037,-1.402,0.305,0.167,0.052,1.106,3,1100
203829694,-1.585,0.244,1.037,0.123,0.066,1.143,3,1100
203830208,-1.585,0.244,1.037,0.123,0.066,1.143,3,1100
203831694,-1.037,4.329,0.427,-0.175,-0.042,0.979,3,1100
203832214,-0.610,4.451,-0.122,-0.200,-0.038,1.023,3,1100
203833694,-0.549,4.024,-0.183,-0.152,0.041,0.963,3,1100
203834206,-0.366,2.073,0.000,-0.026,0.103,1.064,3,1100
203835694,-1.098,-1.280,0.549,0.179,0.066,1.140,3,1100
203836214,-1.098,-1.280,0.549,0.179,0.066,1.140,3,1100
203837694,-2.012,-0.122,1.098,0.122,0.063,1.167,3,1100
203838205,-2.012,-0.122,1.098,0.122,0.063,1.167,3,1100
203839694,-1.341,3.963,0.122,-0.167,-0.046,1.026,3,1100
203840204,-0.732,4.390,-0.549,-0.211,-0.044,1.054,3,1100
203841694,-0.671,3.902,-0.427,-0.182,0.020,0.949,3,1100
203842204,-0.122,1.890,0.244,-0.010,0.103,1.060,3,1100
203843694,-1.159,-1.646,0.061,0.162,0.053,1.180,3,1100
203844209,-1.159,-1.646,0.061,0.162,0.053,1.180,3,1100
203845694,-1.951,0.122,0.976,0.138,0.073,1.226,3,1100
203846209,-1.646,2.134,0.976,-0.017,-0.003,1.000,3,1100
203847694,-1.098,3.780,0.183,-0.181,-0.046,1.024,3,1100
203848204,-0.305,4.512,-0.488,-0.211,-0.034,1.029,3,1100
203849694,-0.244,2.012,-0.061,-0.029,0.104,1.073,3,1100
203850205,-0.244,2.012,-0.061,-0.029,0.104,1.073,3,1100
203851694,-1.402,-1.402,0.183,0.177,0.065,1.215,3,1100
203852214,-1.585,-1.402,0.488,0.177,0.065,1.215,3,1100
203853694,-2.134,-0.122,0.793,0.137,0.060,1.219,3,1100
203854215,-1.890,2.012,0.793,-0.016,-0.004,0.951,3,1100
203855694,-0.732,4.390,-0.366,-0.158,-0.052,1.087,3,1100
203856204,-0.732,4.390,-0.366,-0.224,-0.046,1.039,3,1100
203857694,-0.122,2.073,-0.122,-0.024,0.110,1.043,3,1100
203858204,-0.122,2.073,-0.122,-0.024,0.110,1.043,3,1100
203859694,-0.793,-1.707,-0.122,0.159,0.065,1.189,3,1100
203860204,-0.976,-1.646,0.305,0.193,0.038,0.907,3,1100
203861694,-1.646,0.000,0.915,0.149,0.069,1.254,3,1100
203862208,-1.707,2.073,0.732,-0.000,-0.006,0.968,3,1100
203863694,-0.305,4.634,-0.427,-0.190,-0.053,0.996,3,1100
203864214,-0.305,4.634,-0.427,-0.190,-0.053,0.996,3,1100
203865694,-0.305,2.256,-0.305,-0.030,0.093,1.049,3,1100
203866205,-0.488,-0.061,0.122,0.057,0.061,0.911,3,1100
203867694,-0.915,-1.463,0.061,0.167,0.066,1.186,3,1100
203868208,-0.976,-1.585,0.183,0.193,0.048,0.930,3,1100
203869694,-1.829,1.707,0.915,-0.021,0.004,0.949,3,1100
203870205,-1.829,1.707,0.915,-0.021,0.004,0.949,3,1100
203871694,-1.159,4.390,-0.366,-0.200,-0.059,1.023,3,1100
203872214,-0.854,4.329,-0.488,-0.200,-0.059,1.023,3,1100
203873694,-0.549,2.622,-0.427,-0.025,0.087,1.023,3,1100
203874214,-0.732,-0.183,-0.244,0.078,0.072,0.931,3,1100
203875694,-0.976,-1.829,0.061,0.168,0.062,1.173,3,1100
203876204,-1.402,-1.646,0.488,0.188,0.039,0.935,3,1100
203877694,-2.073,1.707,1.037,0.002,0.004,0.980,3,1100
203878214,-2.073,1.707,1.037,0.002,0.004,0.980,3,1100
203879694,-0.366,4.573,-0.366,-0.213,-0.043,1.006,3,1100
203880204,-0.061,4.512,-0.610,-0.200,0.006,0.994,3,1100
203881694,-0.061,2.561,-0.122,-0.054,0.088,1.001,3,1100
203882206,-0.549,0.244,0.244,0.062,0.075,0.944,3,1100
203883702,-1.463,-1.524,0.610,0.183,0.058,0.978,3,1100
203884228,-1.463,-1.524,0.610,0.183,0.058,0.978,3,1100
203885697,-2.073,1.524,0.915,0.004,0.001,0.984,3,1100
203886214,-1.280,3.841,0.610,0.004,0.001,0.984,3,1100
203887694,-0.793,4.756,-0.244,-0.216,-0.055,0.996,3,1100
203888210,-0.305,4.329,-0.671,-0.221,0.007,1.023,3,1100
203889694,-0.488,0.183,0.061,-0.053,0.083,0.983,3,1100
203890203,-0.488,0.183,0.061,0.069,0.073,0.979,3,1100
203891689,-1.159,-1.463,0.183,0.183,0.032,1.011,3,1100
203892203,-1.159,-1.463,0.183,0.183,0.032,1.011,3,1100
203893694,-1.829,1.768,0.671,0.013,0.009,1.033,3,1100
203894214,-1.341,3.598,0.671,-0.122,-0.026,1.118,3,1100
203895694,-0.793,4.817,0.061,-0.205,-0.042,0.990,3,1100
203896203,-0.305,4.512,-0.183,-0.220,0.003,1.016,3,1100
203897694,-0.549,0.610,0.244,0.054,0.082,1.015,3,1100
203898204,-0.549,0.610,0.244,0.054,0.082,1.015,3,1100
203899694,-1.098,-1.524,0.732,0.191,0.052,1.058,3,1100
203900204,-1.829,-0.610,1.159,0.153,0.048,1.093,3,1100
203901694,-2.134,1.585,0.793,0.017,0.027,1.070,3,1100
203902204,-1.341,3.720,0.549,-0.120,-0.013,1.102,3,1100
203903694,-0.427,4.512,-0.366,-0.232,-0.003,1.012,3,1100
203904204,-0.427,4.512,-0.366,-0.232,-0.003,1.012,3,1100
203905694,-0.671,0.427,0.000,0.068,0.100,1.043,3,1100
203906203,-0.671,0.427,0.000,0.068,0.100,1.043,3,1100
203907694,-1.463,-1.707,0.610,0.186,0.044,1.096,3,1100
203908212,-1.585,-0.793,1.098,0.145,0.047,1.028,3,1100
203909694,-1.646,1.463,1.098,0.026,0.035,1.120,3,1100
203910208,-1.341,3.598,0.732,-0.109,-0.022,1.105,3,1100
203911694,-0.427,4.390,-0.305,-0.212,0.004,1.012,3,1100
203912214,-0.427,4.390,-0.305,-0.212,0.004,1.012,3,1100
203913694,-0.915,0.671,0.366,0.045,0.099,1.062,3,1100
203914204,-1.098,-1.037,0.427,0.162,0.052,0.996,3,1100
203915694,-1.098,-1.402,0.610,0.205,0.060,1.131,3,1100
203916204,-1.524,-0.854,1.037,0.169,0.042,1.007,3,1100
203917694,-1.768,3.659,0.915,-0.109,-0.011,1.082,3,1100
203918209,-1.768,3.659,0.915,-0.109,-0.011,1.082,3,1100
203919694,-0.183,4.329,-0.244,-0.242,-0.006,1.033,3,1100
203920214,-0.305,2.622,0.000,-0.242,-0.006,1.033,3,1100
203921694,-0.732,0.549,0.427,0.063,0.104,1.079,3,1100
203922206,-0.549,-1.220,0.610,0.174,0.055,0.971,3,1100
203923694,-1.707,-0.610,0.976,0.179,0.043,1.170,3,1100
203924214,-1.707,-0.610,0.976,0.138,0.041,0.955,3,1100
203925694,-1.524,3.537,0.854,-0.106,-0.007,1.091,3,1100
203926208,-1.524,3.537,0.854,-0.106,-0.007,1.091,3,1100
203927694,-0.366,4.329,-0.305,-0.216,0.008,1.017,3,1100
203928214,-0.366,2.805,-0.122,-0.067,0.068,0.918,3,1100
203929694,-0.793,0.671,0.305,0.035,0.100,1.117,3,1100
203930204,-0.915,-0.976,0.366,0.134,0.055,0.918,3,1100
203931694,-1.585,-1.037,1.280,0.168,0.048,0.931,3,1100
203932204,-1.585,-1.037,1.280,0.168,0.048,0.931,3,1100
203933694,-1.463,3.232,1.037,-0.097,-0.003,1.025,3,1100
203934215,-0.732,4.756,0.183,-0.203,-0.065,1.018,3,1100
203935694,-0.610,4.512,-0.305,-0.252,-0.022,1.013,3,1100
203936202,-0.488,3.171,0.000,-0.099,0.065,0.902,3,1100
203937694,-0.732,-1.159,0.488,0.164,0.054,0.928,3,1100
203938204,-0.732,-1.159,0.488,0.164,0.054,0.928,3,1100
203939694,-1.524,-0.915,1.098,0.128,0.037,0.915,3,1100
203940204,-1.524,-0.915,1.098,0.128,0.037,0.915,3,1100
203941694,-1.829,3.171,1.220,-0.098,-0.009,1.032,3,1100
203942214,-0.732,4.512,0.366,-0.194,-0.043,1.012,3,1100
203943694,-0.427,4.451,0.000,-0.215,-0.016,1.000,3,1100
203944214,-0.122,3.171,0.183,-0.087,0.062,0.929,3,1100
203945702,-0.549,-0.671,0.549,0.127,0.059,0.889,3,1100
203946228,-0.549,-0.671,0.549,0.127,0.059,0.889,3,1100
203947691,-1.524,-1.037,1.159,0.168,0.046,0.941,3,1100
203948200,-2.134,0.976,1.341,0.060,0.022,1.225,3,1100
203949696,-1.463,3.232,1.098,-0.106,-0.005,0.978,3,1100
203950217,-0.854,4.817,0.427,-0.182,-0.058,1.039,3,1100
203951694,-0.610,3.354,0.061,-0.123,0.068,0.941,3,1100
203952209,-0.610,3.354,0.061,-0.123,0.068,0.941,3,1100
203953694,-0.488,-1.402,0.549,0.183,0.068,0.937,3,1100
203954208,-0.976,-2.134,0.610,0.183,0.068,0.937,3,1100
203955694,-1.280,-0.915,0.732,0.150,0.035,0.950,3,1100
203956203,-1.951,1.037,1.098,0.088,0.043,1.216,3,1100
203957694,-0.976,4.695,0.122,-0.089,-0.003,0.998,3,1100
203958204,-0.976,4.695,0.122,-0.171,-0.049,1.040,3,1100
203959694,-0.366,3.354,-0.183,-0.109,0.079,0.960,3,1100
203960204,-0.366,3.354,-0.183,-0.109,0.079,0.960,3,1100
203961694,-0.854,-0.854,0.488,0.126,0.081,0.911,3,1100
203962203,-0.976,-1.890,0.732,0.188,0.050,1.198,3,1100
203963701,-1.463,-1.098,0.976,0.187,0.039,1.014,3,1100
203964227,-1.951,0.610,1.098,0.064,0.031,1.175,3,1100
203965697,-1.037,4.573,0.549,-0.179,-0.047,1.054,3,1100
203966214,-1.037,4.573,0.549,-0.179,-0.047,1.054,3,1100
203967695,-0.549,3.354,0.061,-0.124,0.059,0.996,3,1100
203968210,-0.610,1.098,0.488,0.037,0.087,1.038,3,1100
203969694,-0.488,-1.037,0.610,0.145,0.086,1.010,3,1100
203970206,-0.732,-1.951,0.549,0.174,0.042,1.121,3,1100
203971694,-1.829,0.915,1.098,0.103,0.058,1.134,3,1100
203972205,-1.829,0.915,1.098,0.103,0.058,1.134,3,1100
203973694,-0.854,4.512,0.122,-0.174,-0.028,1.048,3,1100
203974205,-0.854,4.512,0.122,-0.174,-0.028,1.048,3,1100
203975694,-0.366,3.537,-0.305,-0.110,0.067,1.017,3,1100
203976214,-0.549,1.220,0.061,0.012,0.076,1.040,3,1100
203977694,-0.732,-0.610,0.122,0.114,0.069,1.024,3,1100
203978205,-1.159,-1.890,0.488,0.214,0.042,1.040,3,1100
203979694,-2.073,0.549,1.037,0.085,0.046,1.108,3,1100
203980214,-2.073,0.549,1.037,0.085,0.046,1.108,3,1100
203981694,-0.671,4.390,0.244,-0.186,-0.040,1.032,3,1100
203982204,-0.183,4.451,-0.244,-0.225,-0.036,0.942,3,1100
203983694,-0.305,3.415,-0.366,-0.119,0.075,1.027,3,1100
203984214,-0.061,0.854,0.183,0.037,0.088,0.993,3,1100
203985694,-0.976,-2.195,0.244,0.184,0.047,1.014,3,1100
203986204,-0.976,-2.195,0.244,0.184,0.047,1.014,3,1100
203987694,-1.768,0.793,1.098,0.112,0.052,1.042,3,1100
203988203,-1.707,2.622,0.976,0.112,0.052,1.042,3,1100
203989694,-1.037,4.146,0.366,-0.171,-0.042,1.035,3,1100
203990214,-0.366,4.329,-0.122,-0.208,-0.027,0.939,3,1100
203991694,-0.305,1.280,0.061,-0.117,0.069,1.046,3,1100
203992209,-0.305,1.280,0.061,0.004,0.080,0.977,3,1100
203993694,-0.915,-1.646,0.183,0.178,0.057,0.942,3,1100
203994214,-0.915,-1.646,0.183,0.178,0.057,0.942,3,1100
203995694,-2.073,0.610,0.732,0.086,0.046,1.010,3,1100
203996206,-2.012,2.744,0.671,-0.063,-0.028,1.134,3,1100
203997694,-1.098,4.268,0.183,-0.183,-0.047,1.028,3,1100
203998214,-0.732,4.329,-0.488,-0.225,-0.037,0.931,3,1100
203999694,-0.488,1.280,0.000,0.038,0.073,0.948,3,1100
204000204,-0.488,1.280,0.000,0.038,0.073,0.948,3,1100
204001694,-0.976,-1.707,0.244,0.184,0.037,0.898,3,1100
204002215,-1.402,-0.915,0.793,0.168,0.051,1.219,3,1100
204003694,-1.829,1.037,0.732,0.091,0.054,0.932,3,1100
204004208,-1.829,2.622,0.854,-0.061,-0.026,1.181,3,1100
204005694,-0.427,4.634,-0.183,-0.212,-0.032,0.968,3,1100
204006208,-0.427,4.634,-0.183,-0.212,-0.032,0.968,3,1100
204007694,-0.793,1.220,-0.183,-0.012,0.087,0.938,3,1100
204008204,-0.793,1.220,-0.183,-0.012,0.087,0.938,3,1100
204009694,-0.976,-1.585,0.366,0.180,0.059,0.881,3,1100
204010214,-1.463,-1.098,0.732,0.204,0.053,1.237,3,1100
204011694,-1.951,0.671,0.732,0.084,0.059,0.938,3,1100
204012203,-2.012,2.439,0.793,-0.038,-0.040,1.208,3,1100
204013694,-0.854,4.451,-0.549,-0.228,-0.048,0.985,3,1100
204014209,-0.854,4.451,-0.549,-0.228,-0.048,0.985,3,1100
204015694,-0.488,1.524,0.000,-0.003,0.102,0.944,3,1100
204016203,-0.915,-0.610,-0.183,0.135,0.047,1.135,3,1100
204017694,-1.280,-1.402,0.061,0.166,0.048,0.906,3,1100
204018214,-1.585,-1.098,0.244,0.175,0.051,1.214,3,1100
204019694,-1.646,2.561,0.976,-0.027,-0.011,1.231,3,1100
204020205,-1.646,2.561,0.976,-0.027,-0.011,1.231,3,1100
204021694,-0.488,4.390,-0.610,-0.223,-0.040,1.011,3,1100
204022204,-0.488,3.720,-0.549,-0.223,-0.040,1.011,3,1100
204023694,-0.183,1.829,0.000,-0.006,0.085,0.966,3,1100
204024204,-0.732,-0.366,0.244,0.097,0.057,1.111,3,1100
204025694,-1.341,-1.402,0.427,0.177,0.053,0.947,3,1100
204026209,-1.341,-1.402,0.427,0.197,0.061,1.167,3,1100
204027694,-1.951,2.378,0.732,-0.031,-0.011,1.190,3,1100
204028205,-1.951,2.378,0.732,-0.031,-0.011,1.190,3,1100
204029694,-0.915,4.390,-0.183,-0.216,-0.048,1.035,3,1100
204030204,-0.610,3.537,-0.305,-0.173,0.048,0.970,3,1100
204031694,-0.122,1.646,0.000,-0.015,0.099,0.997,3,1100
204032204,-0.549,-0.732,0.061,0.123,0.056,1.063,3,1100
204033694,-1.280,-1.463,0.305,0.195,0.028,1.109,3,1100
204034214,-1.280,-1.463,0.305,0.195,0.028,1.109,3,1100
204035694,-1.829,2.500,0.854,-0.022,-0.021,1.153,3,1100
204036208,-1.220,4.268,0.244,-0.167,-0.050,0.962,3,1100
204037694,-0.488,4.878,-0.488,-0.208,-0.032,1.053,3,1100
204038203,-0.488,3.963,-0.549,-0.166,0.035,0.950,3,1100
204039694,-0.549,-0.061,0.061,0.096,0.050,1.006,3,1100
204040204,-0.549,-0.061,0.061,0.096,0.050,1.006,3,1100
204041694,-1.280,-1.463,0.427,0.207,0.045,1.021,3,1100
204042214,-1.280,-1.463,0.427,0.207,0.045,1.021,3,1100
204043694,-1.829,2.256,0.610,-0.019,0.001,1.093,3,1100
204044214,-1.646,3.902,0.061,-0.151,-0.060,0.988,3,1100
204045701,-1.098,4.512,-0.671,-0.225,-0.049,1.066,3,1100
204046225,-0.549,4.085,-0.366,-0.178,0.027,0.933,3,1100
204047696,-0.366,-0.305,0.061,0.094,0.061,0.935,3,1100
204048212,-0.366,-0.305,0.061,0.094,0.061,0.935,3,1100
204049689,-1.341,-1.707,0.549,0.174,0.041,0.950,3,1100
204050204,-1.829,0.061,1.037,0.119,0.068,1.214,3,1100
204051694,-1.829,2.073,1.098,-0.019,0.009,1.008,3,1100
204052214,-1.341,3.902,0.427,-0.157,-0.045,1.032,3,1100
204053694,-0.549,4.085,-0.366,-0.188,0.024,0.948,3,1100
204054214,-0.549,4.085,-0.366,-0.188,0.024,0.948,3,1100
204055694,-0.427,-0.061,-0.061,0.079,0.058,0.912,3,1100
204056214,-0.915,-1.585,0.183,0.079,0.058,0.912,3,1100
204057694,-1.159,-1.463,0.793,0.184,0.040,0.935,3,1100
204058205,-1.768,0.061,0.854,0.130,0.066,1.210,3,1100
204059694,-1.524,4.024,0.427,-0.028,-0.013,0.979,3,1100
204060204,-1.524,4.024,0.427,-0.146,-0.029,1.048,3,1100
204061694,-0.671,3.902,-0.244,-0.194,0.011,0.948,3,1100
204062214,-0.671,3.902,-0.244,-0.194,0.011,0.948,3,1100
204063694,-0.915,-0.061,0.366,0.077,0.068,0.914,3,1100
204064203,-1.159,-1.585,0.366,0.167,0.063,1.188,3,1100
204065694,-1.341,-1.707,0.793,0.185,0.024,0.919,3,1100
204066214,-1.890,-0.122,1.159,0.129,0.064,1.224,3,1100
204067694,-1.402,3.780,0.488,-0.136,-0.033,1.081,3,1100
204068204,-1.402,3.780,0.488,-0.136,-0.033,1.081,3,1100
204069694,-0.061,4.268,-0.244,-0.186,-0.003,0.958,3,1100
204070214,-0.366,2.378,0.244,-0.039,0.101,1.072,3,1100
204071694,-0.610,0.000,0.427,0.082,0.076,0.912,3,1100
204072204,-1.280,-1.646,0.488,0.171,0.074,1.180,3,1100
204073694,-2.012,-0.366,1.220,0.135,0.056,1.217,3,1100
204074215,-2.012,-0.366,1.220,0.135,0.056,1.217,3,1100
204075694,-1.524,3.902,0.671,-0.131,-0.035,1.093,3,1100
204076203,-1.524,3.902,0.671,-0.131,-0.035,1.093,3,1100
204077694,-0.732,4.207,-0.427,-0.213,0.031,0.972,3,1100
204078206,-0.610,2.378,-0.061,-0.035,0.079,1.055,3,1100
204079694,-0.671,-0.061,0.488,0.071,0.077,0.917,3,1100
204080214,-0.915,-1.463,0.549,0.175,0.061,1.161,3,1100
204081694,-1.646,-0.183,0.854,0.138,0.058,1.204,3,1100
204082205,-1.646,-0.183,0.854,0.138,0.058,1.204,3,1100
204083694,-1.220,3.720,0.915,-0.129,-0.029,1.104,3,1100
204084205,-0.671,4.573,0.183,-0.200,-0.062,1.021,3,1100
204085694,-0.183,4.451,0.000,-0.206,0.012,0.980,3,1100
204086214,-0.244,2.256,0.305,-0.027,0.081,1.030,3,1100
204087694,-0.854,-1.463,0.671,0.183,0.070,1.152,3,1100
204088214,-0.854,-1.463,0.671,0.183,0.070,1.152,3,1100
204089694,-1.829,-0.366,0.915,0.129,0.049,1.178,3,1100
204090214,-1.768,2.134,1.098,0.129,0.049,1.178,3,1100
204091694,-1.280,3.720,0.549,-0.123,-0.017,1.112,3,1100
204092203,-0.854,4.573,0.061,-0.205,-0.059,1.005,3,1100
204093694,-0.488,2.378,-0.122,-0.213,0.002,0.995,3,1100
204094203,-0.488,2.378,-0.122,-0.035,0.085,1.003,3,1100
204095694,-0.976,-1.646,0.610,0.161,0.067,1.131,3,1100
204096214,-0.976,-1.646,0.610,0.161,0.067,1.131,3,1100
204097694,-1.829,-0.671,1.402,0.129,0.054,1.142,3,1100
204098204,-1.768,1.524,1.585,0.004,0.008,1.012,3,1100
204099694,-1.463,3.537,1.280,-0.114,-0.033,1.115,3,1100
204100203,-1.037,4.451,0.610,-0.216,-0.051,0.990,3,1100
204101694,-0.427,2.622,0.244,-0.048,0.085,0.979,3,1100
204102203,-0.427,2.622,0.244,-0.048,0.085,0.979,3,1100
204103694,-0.915,-1.402,0.732,0.154,0.066,1.092,3,1100
204104203,-1.220,-1.585,0.793,0.199,0.034,1.035,3,1100
204105694,-1.951,-0.671,1.098,0.134,0.046,1.093,3,1100
204106208,-2.073,1.524,0.976,0.000,0.013,1.049,3,1100
204107694,-0.854,4.451,0.183,-0.212,-0.058,0.987,3,1100
204108204,-0.854,4.451,0.183,-0.212,-0.058,0.987,3,1100
204109694,-0.366,2.561,-0.122,-0.052,0.072,0.940,3,1100
204110209,-0.366,2.561,-0.122,-0.052,0.072,0.940,3,1100
204111694,-0.976,-1.341,0.427,0.166,0.057,1.039,3,1100
204112214,-1.037,-1.707,0.610,0.198,0.039,1.101,3,1100
204113694,-1.768,-0.549,0.915,0.142,0.028,1.032,3,1100
204114204,-1.890,1.646,0.793,0.029,0.014,1.088,3,1100
204115694,-0.854,4.451,0.244,-0.203,-0.071,0.985,3,1100
204116214,-0.854,4.451,0.244,-0.203,-0.071,0.985,3,1100
204117694,-0.183,2.500,0.122,-0.062,0.074,0.925,3,1100
204118206,-0.549,0.488,0.427,0.068,0.099,1.080,3,1100
204119694,-0.610,-1.341,0.488,0.164,0.065,0.985,3,1100
204120205,-1.037,-1.646,0.671,0.199,0.044,1.155,3,1100
204121694,-2.134,1.768,1.037,0.022,0.021,1.124,3,1100
204122214,-2.134,1.768,1.037,0.022,0.021,1.124,3,1100
204123694,-1.098,4.817,0.061,-0.207,-0.058,0.994,3,1100
204124204,-0.427,4.268,-0.366,-0.207,-0.058,0.994,3,1100
204125694,-0.366,2.622,-0.122,-0.066,0.075,0.905,3,1100
204126204,-0.671,0.488,0.000,0.069,0.109,1.089,3,1100
204127694,-0.854,-1.707,0.549,0.160,0.046,0.952,3,1100
204128203,-0.854,-1.707,0.549,0.196,0.045,1.192,3,1100
204129694,-1.829,1.646,1.098,0.041,0.024,1.159,3,1100
204130203,-1.829,1.646,1.098,0.041,0.024,1.159,3,1100
204131694,-0.854,4.878,0.122,-0.199,-0.069,1.002,3,1100
204132204,-0.305,4.390,-0.488,-0.232,0.008,1.032,3,1100
204133694,-0.244,2.683,-0.427,-0.071,0.057,0.923,3,1100
204134204,-0.915,0.366,0.122,0.042,0.111,1.112,3,1100
204135694,-1.280,-1.707,0.427,0.195,0.047,1.203,3,1100
204136202,-1.280,-1.707,0.427,0.195,0.047,1.203,3,1100
204137694,-1.829,1.098,1.098,0.046,0.013,1.187,3,1100
204138215,-1.402,3.354,0.732,-0.126,-0.004,1.021,3,1100
204139694,-0.549,4.695,-0.122,-0.194,-0.066,1.026,3,1100
204140214,-0.305,4.329,-0.549,-0.244,-0.013,1.025,3,1100
204141694,-0.366,0.732,0.122,-0.089,0.069,0.914,3,1100
204142209,-0.366,0.732,0.122,0.058,0.102,1.104,3,1100
204143694,-1.098,-1.768,0.488,0.183,0.039,1.209,3,1100
204144214,-1.098,-1.768,0.488,0.183,0.039,1.209,3,1100
204145694,-1.585,1.280,1.037,0.060,0.024,1.211,3,1100
204146204,-1.524,3.232,0.793,-0.118,-0.006,1.005,3,1100
204147694,-0.793,4.573,-0.366,-0.185,-0.064,1.027,3,1100
204148204,-0.366,4.451,-0.671,-0.219,-0.017,1.018,3,1100
204149694,-0.305,0.732,0.122,0.016,0.087,1.096,3,1100
204150208,-0.305,0.732,0.122,0.016,0.087,1.096,3,1100
204151694,-0.793,-1.585,0.427,0.200,0.048,1.229,3,1100
204152204,-1.159,-0.549,0.671,0.164,0.059,0.982,3,1100
204153694,-1.829,1.280,0.915,0.047,0.025,1.178,3,1100
204154205,-1.768,3.659,0.549,-0.123,-0.012,0.983,3,1100
204155694,-0.915,4.207,-0.488,-0.228,-0.023,0.985,3,1100
204156203,-0.915,4.207,-0.488,-0.228,-0.023,0.985,3,1100
204157694,-0.366,0.671,-0.122,0.052,0.074,1.082,3,1100
204158208,-0.732,-1.341,-0.183,0.052,0.074,1.082,3,1100
204159694,-1.037,-2.012,0.244,0.175,0.032,1.185,3,1100
204160208,-1.341,-0.610,0.732,0.156,0.042,0.990,3,1100
204161694,-1.402,3.293,0.671,0.068,0.043,1.182,3,1100
204162214,-1.402,3.293,0.671,-0.119,-0.024,0.999,3,1100
204163694,-0.366,4.451,-0.732,-0.224,-0.021,0.969,3,1100
204164214,-0.366,4.451,-0.732,-0.224,-0.021,0.969,3,1100
204165694,-0.671,0.915,-0.244,0.004,0.082,1.052,3,1100
204166205,-1.159,-1.098,0.000,0.125,0.088,0.979,3,1100
204167694,-1.341,-1.707,0.244,0.214,0.036,1.103,3,1100
204168214,-1.768,-0.732,0.610,0.175,0.046,1.070,3,1100
204169694,-1.646,3.232,0.366,-0.114,-0.030,1.003,3,1100
204170204,-1.646,3.232,0.366,-0.114,-0.030,1.003,3,1100
204171694,-0.366,4.329,-0.976,-0.225,-0.034,0.959,3,1100
204172206,-0.244,3.110,-0.610,-0.112,0.087,0.990,3,1100
204173694,-0.244,0.793,0.000,0.028,0.099,1.027,3,1100
204174214,-0.854,-1.159,-0.122,0.148,0.071,1.021,3,1100
204175694,-1.280,-0.915,0.793,0.180,0.038,1.074,3,1100
204176214,-1.280,-0.915,0.793,0.132,0.051,1.058,3,1100
204177694,-1.707,2.988,0.671,-0.107,-0.032,1.057,3,1100
204178204,-1.707,2.988,0.671,-0.107,-0.032,1.057,3,1100
204179694,-0.915,4.817,-0.671,-0.224,-0.033,0.939,3,1100
204180204,-0.671,3.963,-0.366,-0.090,0.073,1.018,3,1100
204181694,-0.366,1.341,0.000,0.004,0.078,1.016,3,1100
204182204,-0.671,-0.549,0.122,0.110,0.065,1.055,3,1100
204183694,-1.402,-1.037,0.793,0.186,0.048,1.148,3,1100
204184209,-1.402,-1.037,0.793,0.186,0.048,1.148,3,1100
204185694,-1.829,2.988,0.854,-0.086,-0.023,1.071,3,1100
204186214,-1.159,4.390,0.061,-0.192,-0.044,1.055,3,1100
204187694,-0.854,4.695,-0.427,-0.241,-0.049,0.923,3,1100
204188214,-0.366,3.659,-0.305,-0.127,0.074,1.036,3,1100
204189694,-0.488,-0.854,0.183,0.132,0.071,1.108,3,1100
204190204,-0.488,-0.854,0.183,0.132,0.071,1.108,3,1100
204191694,-1.585,-0.793,0.976,0.163,0.055,1.197,3,1100
204192214,-1.707,0.793,0.793,0.163,0.055,1.197,3,1100
204193694,-1.829,2.805,0.793,-0.089,-0.021,1.128,3,1100
204194203,-1.098,4.451,0.183,-0.178,-0.042,1.042,3,1100
204195694,-0.244,3.720,-0.305,-0.212,-0.036,0.939,3,1100
204196214,-0.244,3.720,-0.305,-0.120,0.084,1.045,3,1100
204197694,-0.732,-0.976,0.122,0.102,0.062,1.127,3,1100
204198205,-0.732,-0.976,0.122,0.102,0.062,1.127,3,1100
204199694,-1.585,-1.524,0.671,0.213,0.044,1.240,3,1100
204200204,-1.829,0.427,1.037,0.073,0.052,0.968,3,1100
204201694,-1.463,2.927,1.098,-0.070,-0.033,1.174,3,1100
204202214,-0.915,4.390,0.183,-0.178,-0.032,1.006,3,1100
204203694,-0.305,3.841,-0.427,-0.152,0.066,1.039,3,1100
204204204,-0.305,3.841,-0.427,-0.152,0.066,1.039,3,1100
204205694,-0.976,-0.793,0.183,0.148,0.060,1.148,3,1100
204206208,-1.098,-1.890,0.427,0.166,0.066,0.908,3,1100
204207694,-1.159,-1.280,0.854,0.173,0.050,1.248,3,1100
204208204,-1.341,0.671,1.159,0.096,0.040,0.905,3,1100
204209694,-1.280,4.451,0.122,-0.053,-0.015,1.208,3,1100
204210209,-1.280,4.451,0.122,-0.173,-0.045,1.004,3,1100
204211694,-0.366,3.659,-0.305,-0.115,0.069,1.024,3,1100
204212204,-0.366,3.659,-0.305,-0.115,0.069,1.024,3,1100
204213694,-1.037,-0.610,0.122,0.096,0.064,1.147,3,1100
204214214,-1.098,-1.585,0.549,0.173,0.060,0.881,3,1100
204215694,-1.280,-1.341,0.854,0.211,0.057,1.235,3,1100
204216214,-1.768,0.183,1.098,0.091,0.041,0.960,3,1100
204217694,-1.098,4.085,0.549,-0.169,-0.049,0.984,3,1100
204218214,-1.098,4.085,0.549,-0.169,-0.049,0.984,3,1100
204219694,-0.610,3.537,0.000,-0.145,0.057,1.018,3,1100
204220206,-0.610,1.402,0.427,-0.001,0.078,0.933,3,1100
204221700,-0.854,-0.915,0.366,0.124,0.074,1.138,3,1100
204222225,-1.220,-1.768,0.183,0.175,0.046,0.918,3,1100
204223696,-1.890,0.427,0.976,0.116,0.041,0.936,3,1100
204224213,-1.890,0.427,0.976,0.116,0.041,0.936,3,1100
204225695,-1.341,4.085,0.488,-0.170,-0.039,0.975,3,1100
204226207,-0.671,4.512,-0.183,-0.170,-0.039,0.975,3,1100
204227694,-0.610,3.841,-0.366,-0.160,0.057,1.008,3,1100
204228202,-0.549,2.073,0.000,-0.019,0.078,0.958,3,1100
204229694,-1.037,-1.524,0.366,0.107,0.069,1.095,3,1100
204230212,-1.037,-1.524,0.366,0.171,0.057,0.960,3,1100
204231694,-1.951,0.366,1.280,0.104,0.058,0.986,3,1100
204232214,-1.951,0.366,1.280,0.104,0.058,0.986,3,1100
204233694,-1.341,4.146,0.488,-0.167,-0.043,0.969,3,1100
204234208,-0.671,4.756,-0.183,-0.227,-0.069,1.015,3,1100
204235694,-0.671,3.841,-0.122,-0.178,0.063,0.995,3,1100
204236203,-0.122,1.707,0.244,0.017,0.076,0.990,3,1100
204237694,-1.037,-1.524,0.183,0.172,0.062,1.001,3,1100
204238214,-1.037,-1.524,0.183,0.172,0.062,1.001,3,1100
204239704,-1.890,0.244,1.220,0.102,0.061,1.038,3,1100
204240225,-1.829,2.500,1.280,-0.011,-0.020,1.138,3,1100
204241697,-1.402,4.329,0.732,-0.176,-0.038,0.963,3,1100
204242214,-0.549,4.695,-0.305,-0.206,-0.050,1.046,3,1100
204243694,-0.183,2.256,0.122,-0.173,0.039,0.974,3,1100
204244214,-0.183,2.256,0.122,-0.021,0.090,1.005,3,1100
204245694,-1.159,-1.402,0.488,0.179,0.059,1.049,3,1100
204246214,-1.159,-1.402,0.488,0.179,0.059,1.049,3,1100
204247694,-1.341,0.244,1.220,0.109,0.062,1.094,3,1100
204248214,-1.341,2.378,1.220,-0.015,-0.008,1.100,3,1100
204249702,-0.976,4.146,0.732,-0.147,-0.044,0.980,3,1100
204250228,-0.488,4.451,0.000,-0.223,-0.050,1.045,3,1100
204251697,0.122,1.890,0.366,-0.015,0.082,1.022,3,1100
204252215,0.122,1.890,0.366,-0.015,0.082,1.022,3,1100
204253694,-1.098,-1.646,0.549,0.184,0.062,1.089,3,1100
204254203,-1.707,-1.768,1.037,0.196,0.028,1.025,3,1100
204255704,-2.012,0.244,1.098,0.111,0.068,1.157,3,1100
204256225,-1.341,2.439,0.976,-0.001,-0.005,1.055,3,1100
204257697,-0.366,4.817,-0.061,-0.215,-0.052,1.051,3,1100
204258215,-0.366,4.817,-0.061,-0.215,-0.052,1.051,3,1100
204259694,-0.610,2.073,0.061,-0.026,0.085,1.047,3,1100
204260204,-1.159,-0.366,0.427,-0.026,0.085,1.047,3,1100
204261694,-1.402,-1.585,0.549,0.191,0.062,1.138,3,1100
204262214,-1.220,-1.524,0.427,0.209,0.030,0.976,3,1100
204263694,-1.402,2.012,0.793,0.122,0.053,1.178,3,1100
204264204,-1.402,2.012,0.793,-0.010,0.000,1.018,3,1100
204265694,-0.671,4.756,0.122,-0.206,-0.070,1.062,3,1100
204266204,-0.671,4.756,0.122,-0.206,-0.070,1.062,3,1100
204267694,-0.427,2.683,-0.183,-0.032,0.083,1.049,3,1100
204268206,-0.366,-0.061,0.122,0.081,0.073,0.920,3,1100
204269694,-0.915,-1.585,0.183,0.185,0.082,1.177,3,1100
204270206,-0.915,-1.463,0.488,0.200,0.026,0.935,3,1100
204271694,-1.829,2.195,1.037,-0.002,0.011,0.988,3,1100
204272214,-1.829,2.195,1.037,-0.002,0.011,0.988,3,1100
204273694,-0.671,4.573,0.000,-0.211,-0.047,1.046,3,1100
204274204,-0.366,4.451,-0.427,-0.203,0.007,0.972,3,1100
204275694,-0.305,2.500,-0.305,-0.039,0.088,1.064,3,1100
204276216,-0.549,-0.122,0.061,0.073,0.075,0.907,3,1100
204277694,-1.220,-1.524,0.549,0.170,0.080,1.188,3,1100
204278205,-1.220,-1.524,0.549,0.194,0.037,0.914,3,1100
204279702,-1.951,1.890,0.915,-0.002,0.000,0.969,3,1100
204280232,-1.951,1.890,0.915,-0.002,0.000,0.969,3,1100
204281697,-0.976,4.634,0.122,-0.211,-0.056,1.052,3,1100
204282216,-0.610,4.390,-0.183,-0.215,0.005,0.965,3,1100
204283694,-0.610,2.439,0.061,-0.036,0.082,1.033,3,1100
204284214,-0.976,0.061,0.427,0.086,0.081,0.920,3,1100
204285694,-1.463,-1.585,0.549,0.186,0.019,0.924,3,1100
204286214,-1.463,-1.585,0.549,0.186,0.019,0.924,3,1100
204287694,-2.073,1.768,1.098,0.023,0.012,0.998,3,1100
204288204,-1.402,3.780,0.915,-0.123,-0.023,1.116,3,1100
204289694,-0.488,4.573,-0.061,-0.226,-0.040,1.021,3,1100
204290206,-0.122,4.268,-0.244,-0.201,0.011,0.974,3,1100
204291694,-0.671,0.183,0.305,0.047,0.070,0.958,3,1100
204292204,-0.671,0.183,0.305,0.047,0.070,0.958,3,1100
204293689,-1.220,-1.463,0.549,0.210,0.031,0.985,3,1100
204294199,-1.829,-0.610,0.671,0.210,0.031,0.985,3,1100
204295694,-1.524,1.768,0.793,0.014,0.014,1.010,3,1100
204296205,-1.220,3.537,0.671,-0.100,-0.030,1.113,3,1100
204297694,-0.366,4.024,-0.366,-0.213,-0.059,1.016,3,1100
204298204,-0.366,4.024,-0.366,-0.238,0.005,1.001,3,1100
204299694,-0.671,0.549,0.305,0.083,0.104,0.987,3,1100
204300205,-0.671,0.549,0.305,0.083,0.104,0.987,3,1100
204301689,-1.159,-1.524,0.732,0.174,0.024,1.023,3,1100
204302198,-1.768,-0.671,0.915,0.133,0.058,1.070,3,1100
204303694,-2.073,1.463,0.793,0.041,0.029,1.048,3,1100
204304204,-1.646,3.598,0.488,-0.103,-0.013,1.149,3,1100
204305694,-0.366,4.390,-0.610,-0.202,0.000,1.002,3,1100
204306208,-0.366,4.390,-0.610,-0.202,0.000,1.002,3,1100
204307694,-0.793,0.549,0.122,0.043,0.101,1.039,3,1100
204308214,-1.159,-1.098,0.366,0.149,0.046,1.038,3,1100
204309694,-1.159,-1.341,0.549,0.190,0.051,1.107,3,1100
204310215,-1.646,-0.732,0.976,0.152,0.048,1.030,3,1100
204311694,-1.768,3.415,0.427,0.022,0.027,1.091,3,1100
204312214,-1.768,3.415,0.427,-0.112,-0.008,1.094,3,1100
204313694,-0.732,4.573,-0.549,-0.238,-0.006,1.021,3,1100
204314214,-0.732,4.573,-0.549,-0.238,-0.006,1.021,3,1100
204315694,-0.366,0.427,-0.244,0.062,0.103,1.074,3,1100
204316214,-0.610,-1.402,0.000,0.184,0.051,0.982,3,1100
204317694,-0.976,-1.951,0.488,0.164,0.040,1.123,3,1100
204318214,-1.402,-0.732,0.732,0.159,0.048,0.987,3,1100
204319694,-1.524,3.293,0.854,-0.106,0.000,1.056,3,1100
204320204,-1.524,3.293,0.854,-0.106,0.000,1.056,3,1100
204321694,-0.366,4.268,-0.549,-0.207,-0.011,1.020,3,1100
204322214,-0.427,2.744,-0.366,-0.088,0.081,0.930,3,1100
204323694,-0.610,0.793,-0.061,0.022,0.080,1.108,3,1100
204324204,-0.976,-1.220,0.061,0.156,0.059,0.896,3,1100
204325694,-1.951,-0.854,0.854,0.158,0.043,0.961,3,1100
204326214,-1.951,-0.854,0.854,0.158,0.043,0.961,3,1100
204327694,-1.829,3.415,0.549,-0.112,-0.021,1.018,3,1100
204328214,-1.159,4.756,-0.183,-0.112,-0.021,1.018,3,1100
204329694,-0.610,4.268,-0.671,-0.226,-0.019,1.008,3,1100
204330205,-0.366,2.988,-0.305,-0.090,0.086,0.903,3,1100
204331694,-0.976,-1.280,0.122,0.054,0.088,1.087,3,1100
204332205,-0.976,-1.280,0.122,0.153,0.069,0.954,3,1100
204333694,-1.768,-0.732,0.732,0.125,0.058,0.914,3,1100
204334203,-1.768,-0.732,0.732,0.125,0.058,0.914,3,1100
204335694,-1.402,3.476,0.671,-0.107,-0.027,1.023,3,1100
204336203,-0.732,4.695,-0.061,-0.198,-0.037,0.991,3,1100
204337694,-0.305,4.390,-0.305,-0.193,-0.025,1.011,3,1100
204338214,-0.244,3.049,-0.122,-0.070,0.074,0.944,3,1100
204339694,-0.976,-0.915,0.122,0.122,0.057,0.889,3,1100
204340208,-0.976,-0.915,0.122,0.122,0.057,0.889,3,1100
204341689,-1.524,-0.671,0.854,0.149,0.048,0.982,3,1100
204342204,-1.585,1.098,0.854,0.149,0.048,0.982,3,1100
204343694,-1.585,3.354,0.976,-0.111,-0.019,1.003,3,1100
204344214,-0.976,4.512,0.061,-0.194,-0.049,1.034,3,1100
204345694,-0.305,2.927,-0.488,-0.223,-0.024,1.002,3,1100
204346209,-0.305,2.927,-0.488,-0.095,0.075,0.935,3,1100
204347694,-0.732,-1.280,0.244,0.126,0.052,0.915,3,1100
204348208,-0.732,-1.280,0.244,0.126,0.052,0.915,3,1100
204349694,-1.463,-0.366,1.037,0.136,0.040,0.942,3,1100
204350209,-1.707,1.098,1.098,0.084,0.065,1.243,3,1100
204351694,-1.524,3.049,0.671,-0.099,-0.038,0.979,3,1100
204352204,-0.793,4.268,-0.061,-0.199,-0.026,1.029,3,1100
204353694,-0.549,3.171,0.000,-0.100,0.077,0.977,3,1100
204354209,-0.549,3.171,0.000,-0.100,0.077,0.977,3,1100
204355694,-0.549,-0.976,0.183,0.124,0.036,0.945,3,1100
204356206,-0.915,-1.768,0.549,0.187,0.070,1.137,3,1100
204357694,-1.341,-0.732,0.915,0.179,0.038,1.037,3,1100
204358204,-1.707,0.854,0.854,0.054,0.049,1.165,3,1100
204359694,-1.159,4.451,-0.122,-0.181,-0.041,1.039,3,1100
204360214,-1.159,4.451,-0.122,-0.181,-0.041,1.039,3,1100
204361694,-0.122,3.476,-0.122,-0.101,0.074,0.984,3,1100
204362214,-0.061,0.854,0.183,-0.101,0.074,0.984,3,1100
204363694,-0.366,-0.854,0.183,0.133,0.040,0.991,3,1100
204364214,-1.220,-1.707,0.122,0.180,0.070,1.093,3,1100
204365694,-1.707,-0.488,0.610,0.156,0.044,1.050,3,1100
204366204,-2.073,1.159,0.854,0.091,0.049,1.126,3,1100
204367694,-1.220,4.451,0.244,-0.162,-0.042,1.058,3,1100
204368214,-1.220,4.451,0.244,-0.162,-0.042,1.058,3,1100
204369694,0.061,3.293,0.122,-0.098,0.074,1.026,3,1100
204370204,-0.244,0.671,0.244,0.010,0.086,1.003,3,1100
204371694,-0.671,-0.671,0.366,0.116,0.051,1.042,3,1100
204372209,-0.854,-1.768,0.610,0.189,0.073,1.014,3,1100
204373694,-1.951,0.793,1.037,0.063,0.053,1.071,3,1100
204374205,-1.951,0.793,1.037,0.063,0.053,1.071,3,1100
204375694,-0.976,4.146,0.244,-0.175,-0.044,1.046,3,1100
204376203,-0.549,4.207,-0.122,-0.175,-0.044,1.046,3,1100
204377694,-0.488,3.232,0.183,-0.108,0.078,1.044,3,1100
204378204,-0.305,0.854,0.244,0.038,0.089,0.952,3,1100
204379694,-0.915,-1.768,0.427,0.124,0.048,1.098,3,1100
204380209,-0.915,-1.768,0.427,0.178,0.042,0.964,3,1100
204381694,-1.707,1.098,0.732,0.091,0.045,0.997,3,1100
204382204,-1.707,1.098,0.732,0.091,0.045,0.997,3,1100
204383694,-1.098,4.390,0.366,-0.178,-0.040,1.039,3,1100
204384214,-0.793,4.451,-0.122,-0.220,-0.026,0.934,3,1100
204385694,-0.549,3.537,-0.244,-0.116,0.080,1.039,3,1100
204386208,-0.488,1.220,-0.061,0.009,0.069,0.939,3,1100
204387694,-0.915,-1.524,0.488,0.176,0.061,0.914,3,1100
204388205,-0.915,-1.524,0.488,0.176,0.061,0.914,3,1100
204389694,-1.829,0.549,0.976,0.072,0.047,0.987,3,1100
204390203,-1.707,2.866,0.915,-0.080,-0.032,1.155,3,1100
204391694,-1.037,4.268,0.366,-0.167,-0.050,1.024,3,1100
204392203,-0.610,4.512,-0.183,-0.229,-0.044,0.928,3,1100
204393694,-0.244,1.463,0.305,0.031,0.073,0.931,3,1100
204394214,-0.244,1.463,0.305,0.031,0.073,0.931,3,1100
204395694,-0.854,-1.463,0.610,0.177,0.052,0.907,3,1100
204396205,-1.341,-1.159,0.854,0.177,0.052,0.907,3,1100
204397694,-1.707,0.732,1.159,0.082,0.050,0.927,3,1100
204398203,-1.707,2.622,0.854,-0.069,-0.031,1.206,3,1100
204399694,-0.976,4.085,0.366,-0.171,-0.043,0.992,3,1100
204400204,-0.671,4.451,-0.061,-0.222,-0.039,0.957,3,1100
204401694,-0.244,1.280,0.122,0.014,0.073,0.923,3,1100
204402203,-0.244,1.280,0.122,0.014,0.073,0.923,3,1100
204403694,-1.037,-1.402,0.366,0.193,0.054,0.906,3,1100
204404203,-1.646,-1.220,0.915,0.197,0.055,1.234,3,1100
204405694,-2.012,0.549,1.341,0.084,0.055,0.954,3,1100
204406204,-1.890,2.561,0.915,-0.062,-0.027,1.194,3,1100
204407702,-0.671,4.451,-0.183,-0.231,-0.044,0.979,3,1100
204408228,-0.671,4.451,-0.183,-0.231,-0.044,0.979,3,1100
204409697,-0.610,1.280,0.000,0.015,0.070,0.952,3,1100
204410214,-0.976,-0.793,0.610,0.107,0.072,1.128,3,1100
204411694,-1.159,-1.402,0.488,0.174,0.056,0.932,3,1100
204412212,-1.402,-1.341,0.610,0.204,0.034,1.198,3,1100
204413694,-1.585,2.561,0.915,0.090,0.045,0.977,3,1100
204414204,-1.585,2.561,0.915,-0.038,-0.006,1.189,3,1100
204415694,-0.488,4.634,-0.244,-0.231,-0.040,1.005,3,1100
204416209,-0.488,4.634,-0.244,-0.231,-0.040,1.005,3,1100
204417694,-0.183,1.585,-0.061,-0.012,0.085,0.980,3,1100
204418208,-0.732,-0.488,0.427,0.096,0.081,1.080,3,1100
204419694,-1.159,-1.463,0.427,0.178,0.063,0.960,3,1100
204420214,-1.646,-1.463,0.793,0.218,0.030,1.148,3,1100
204421694,-1.646,2.195,0.915,-0.033,-0.013,1.171,3,1100
204422205,-1.646,2.195,0.915,-0.033,-0.013,1.171,3,1100
204423694,-0.976,4.817,-0.244,-0.228,-0.045,1.019,3,1100
204424205,-0.671,3.963,-0.122,-0.157,0.031,0.980,3,1100
204425694,-0.183,2.073,0.122,-0.000,0.086,1.006,3,1100
204426214,-0.610,-0.488,0.305,0.101,0.063,1.030,3,1100
204427694,-1.220,-1.341,0.793,0.212,0.027,1.091,3,1100
204428204,-1.220,-1.341,0.793,0.212,0.027,1.091,3,1100
204429694,-1.646,2.317,1.280,-0.022,-0.008,1.125,3,1100
204430204,-1.220,3.963,0.549,-0.022,-0.008,1.125,3,1100
204431694,-0.671,4.634,-0.244,-0.209,-0.039,1.046,3,1100
204432208,-0.366,4.024,-0.244,-0.167,0.020,0.957,3,1100
204433694,-0.488,1.890,-0.366,-0.020,0.081,1.045,3,1100
204434214,-0.854,-0.427,-0.061,0.095,0.074,0.971,3,1100
204435694,-1.585,-1.402,0.732,0.213,0.039,1.029,3,1100
204436214,-1.585,-1.402,0.732,0.213,0.039,1.029,3,1100
204437694,-1.951,2.317,0.854,-0.020,-0.009,1.087,3,1100
204438204,-1.159,4.268,0.305,-0.147,-0.026,0.977,3,1100
204439694,-0.793,4.634,-0.427,-0.233,-0.036,1.055,3,1100
204440214,-0.305,3.720,-0.305,-0.185,0.013,0.950,3,1100
204441694,-0.976,-0.305,0.366,0.092,0.059,0.924,3,1100
204442204,-0.976,-0.305,0.366,0.092,0.059,0.924,3,1100
204443689,-1.646,-1.646,0.366,0.203,0.046,0.973,3,1100
204444198,-1.951,-0.122,0.854,0.203,0.046,0.973,3,1100
204445694,-1.524,2.134,0.854,-0.027,0.000,1.020,3,1100
204446209,-1.159,3.780,0.366,-0.145,-0.042,1.025,3,1100
204447694,-0.610,4.024,-0.488,-0.214,-0.035,1.049,3,1100
204448204,-0.610,4.024,-0.488,-0.189,0.018,0.944,3,1100
204449694,-0.732,-0.183,0.061,0.072,0.071,0.896,3,1100
204450214,-0.732,-0.183,0.061,0.072,0.071,0.896,3,1100
204451689,-1.220,-1.524,0.488,0.207,0.051,0.937,3,1100
204452198,-1.890,-0.305,0.793,0.130,0.047,1.208,3,1100
204453694,-1.890,1.951,0.915,-0.018,-0.007,1.003,3,1100
204454204,-1.280,3.780,0.549,-0.138,-0.028,1.039,3,1100
204455694,-0.305,4.207,-0.488,-0.192,0.009,0.961,3,1100
204456205,-0.305,4.207,-0.488,-0.192,0.009,0.961,3,1100
204457694,-0.671,-0.061,0.122,0.088,0.078,0.892,3,1100
204458204,-0.976,-1.829,0.549,0.177,0.079,1.184,3,1100
204459694,-1.159,-1.707,0.732,0.200,0.039,0.929,3,1100
204460214,-1.890,-0.061,1.098,0.124,0.042,1.202,3,1100
204461694,-1.159,3.841,0.549,-0.127,-0.029,1.074,3,1100
204462204,-1.159,3.841,0.549,-0.127,-0.029,1.074,3,1100
204463694,-0.366,3.720,-0.671,-0.206,0.004,0.994,3,1100
204464214,-0.244,2.317,-0.366,-0.206,0.004,0.994,3,1100
204465694,-0.671,0.183,0.061,0.070,0.080,0.910,3,1100
204466204,-0.915,-1.524,0.122,0.183,0.059,1.161,3,1100
204467694,-1.159,-1.463,0.610,0.203,0.054,0.964,3,1100
204468204,-2.012,-0.549,1.037,0.140,0.041,1.151,3,1100
204469694,-1.341,3.659,0.427,-0.111,-0.041,1.100,3,1100
204470214,-1.341,3.659,0.427,-0.111,-0.041,1.100,3,1100
204471694,-0.122,4.451,-0.549,-0.218,0.000,1.009,3,1100
204472202,0.061,2.378,-0.366,-0.040,0.089,1.002,3,1100
204473694,-0.549,0.000,0.122,0.078,0.088,0.954,3,1100
204474204,-0.915,-1.707,0.122,0.171,0.062,1.117,3,1100
204475694,-1.707,-0.854,0.732,0.134,0.045,1.104,3,1100
204476202,-1.707,-0.854,0.732,0.134,0.045,1.104,3,1100
204477694,-1.524,3.659,0.366,-0.119,-0.025,1.114,3,1100
204478214,-0.976,4.451,-0.366,-0.119,-0.025,1.114,3,1100
204479694,-0.122,4.146,-0.488,-0.215,0.005,1.028,3,1100
204480206,-0.183,2.317,-0.305,-0.054,0.072,0.967,3,1100
204481694,-0.854,-1.463,0.610,0.056,0.099,1.008,3,1100
204482205,-0.854,-1.463,0.610,0.162,0.049,1.047,3,1100
204483694,-1.524,-0.671,0.793,0.138,0.044,1.050,3,1100
204484204,-1.524,-0.671,0.793,0.138,0.044,1.050,3,1100
204485694,-1.341,3.780,0.366,-0.116,-0.019,1.104,3,1100
204486205,-0.793,4.878,-0.366,-0.216,-0.064,1.010,3,1100
204487694,-0.488,4.329,-0.793,-0.252,0.005,1.041,3,1100
204488204,-0.366,2.561,-0.122,-0.060,0.078,0.914,3,1100
204489694,-0.732,-1.463,0.305,0.171,0.052,1.000,3,1100
204490203,-0.732,-1.463,0.305,0.171,0.052,1.000,3,1100
204491694,-1.280,-0.671,0.915,0.140,0.052,1.007,3,1100
204492208,-1.829,1.585,0.915,0.036,0.022,1.129,3,1100
204493694,-1.402,3.537,0.793,-0.112,-0.022,1.082,3,1100
204494208,-0.732,4.634,0.000,-0.214,-0.052,0.987,3,1100
204495694,-0.183,2.561,-0.061,-0.078,0.083,0.921,3,1100
204496214,-0.183,2.561,-0.061,-0.078,0.083,0.921,3,1100
204497694,-0.976,-1.098,0.366,0.139,0.064,0.945,3,1100
204498204,-1.280,-1.829,0.732,0.139,0.064,0.945,3,1100
204499694,-1.707,-1.341,1.220,0.162,0.043,0.974,3,1100
204500206,-2.134,1.341,1.220,0.027,0.030,1.146,3,1100
204501694,-1.524,3.476,0.732,-0.097,-0.021,1.060,3,1100
204502209,-0.915,4.573,0.000,-0.207,-0.056,1.006,3,1100
204503694,0.244,2.927,-0.122,-0.101,0.079,0.904,3,1100
204504203,0.244,2.927,-0.122,-0.101,0.079,0.904,3,1100
204505694,-0.488,-1.341,0.610,0.170,0.043,0.924,3,1100
204506214,-1.159,-1.829,0.671,0.176,0.068,1.222,3,1100
204507694,-1.585,-0.854,1.037,0.175,0.049,0.940,3,1100
204508204,-2.012,1.280,1.159,0.045,0.035,1.208,3,1100
204509694,-0.610,4.878,0.122,-0.199,-0.060,1.025,3,1100
204510214,-0.610,4.878,0.122,-0.199,-0.060,1.025,3,1100
204511694,-0.305,2.805,-0.061,-0.100,0.078,0.917,3,1100
204512204,-0.610,0.427,0.427,-0.100,0.078,0.917,3,1100
204513694,-1.159,-1.159,0.610,0.154,0.065,0.887,3,1100
204514214,-0.915,-1.646,0.732,0.196,0.054,1.257,3,1100
204515694,-1.646,1.159,0.915,0.167,0.052,0.952,3,1100
204516205,-1.646,1.159,0.915,0.058,0.034,1.207,3,1100
204517694,-1.037,4.878,0.061,-0.201,-0.041,1.041,3,1100
204518205,-1.037,4.878,0.061,-0.201,-0.041,1.041,3,1100
204519694,-0.305,3.354,0.244,-0.114,0.081,0.950,3,1100
204520214,-0.122,1.037,0.366,0.052,0.068,1.117,3,1100
204521694,-0.854,-0.915,0.549,0.153,0.068,0.922,3,1100
204522208,-0.976,-1.707,0.671,0.187,0.067,1.191,3,1100
204523694,-1.707,0.976,0.854,0.059,0.044,1.175,3,1100
204524203,-1.707,0.976,0.854,0.059,0.044,1.175,3,1100
204525694,-1.280,4.695,-0.061,-0.192,-0.043,1.044,3,1100
204526214,-0.671,4.390,-0.305,-0.207,-0.024,0.944,3,1100
204527694,-0.549,3.354,-0.061,-0.121,0.062,0.987,3,1100
204528204,0.000,0.793,0.061,0.034,0.078,1.074,3,1100
204529703,-0.793,-2.134,0.671,0.197,0.062,1.105,3,1100
204530229,-0.793,-2.134,0.671,0.197,0.062,1.105,3,1100
204531697,-1.646,0.732,1.280,0.073,0.049,1.134,3,1100
204532215,-1.463,2.927,0.854,0.073,0.049,1.134,3,1100
204533694,-0.671,4.634,0.000,-0.202,-0.040,1.044,3,1100
204534206,-0.427,4.390,-0.305,-0.227,-0.031,0.939,3,1100
204535694,-0.366,3.171,0.061,-0.108,0.070,0.996,3,1100
204536212,-0.305,0.854,0.488,0.024,0.083,1.045,3,1100
204537694,-0.854,-2.073,0.671,0.199,0.054,1.031,3,1100
204538204,-0.854,-2.073,0.671,0.199,0.054,1.031,3,1100
204539694,-1.646,0.732,1.037,0.080,0.042,1.101,3,1100
204540214,-1.707,3.110,1.037,-0.104,-0.041,1.070,3,1100
204541694,-0.976,4.329,0.427,-0.192,-0.046,1.041,3,1100
204542208,-0.549,4.390,-0.244,-0.224,-0.015,0.916,3,1100
204543694,-0.610,1.037,0.244,0.016,0.092,1.014,3,1100
204544204,-0.610,1.037,0.244,0.016,0.092,1.014,3,1100
204545694,-1.098,-1.890,0.488,0.191,0.070,0.986,3,1100
204546208,-1.890,-1.159,1.037,0.191,0.070,0.986,3,1100
204547694,-2.134,0.671,1.037,0.081,0.035,1.060,3,1100
204548203,-1.707,2.622,0.854,-0.098,-0.040,1.097,3,1100
204549694,-0.366,4.634,-0.122,-0.195,-0.054,1.013,3,1100
204550202,-0.366,4.634,-0.122,-0.220,-0.029,0.923,3,1100
204551694,-0.183,1.280,0.244,0.023,0.077,0.980,3,1100
204552214,-0.183,1.280,0.244,0.023,0.077,0.980,3,1100
204553694,-1.159,-1.707,0.427,0.184,0.062,0.958,3,1100
204554204,-1.402,-0.915,0.732,0.204,0.054,1.170,3,1100
204555694,-1.951,0.915,1.098,0.077,0.059,1.020,3,1100
204556214,-1.768,2.927,0.854,-0.070,-0.035,1.124,3,1100
204557694,-0.854,4.634,-0.122,-0.232,-0.026,0.919,3,1100
204558214,-0.854,4.634,-0.122,-0.232,-0.026,0.919,3,1100
204559694,-0.488,1.402,0.183,0.022,0.079,0.958,3,1100
204560208,-0.976,-0.732,0.244,0.112,0.054,1.141,3,1100
204561694,-1.037,-1.829,0.305,0.181,0.069,0.908,3,1100
204562214,-1.524,-1.280,0.854,0.205,0.057,1.220,3,1100
204563694,-1.585,2.744,0.854,-0.074,-0.032,1.145,3,1100
204564204,-1.585,2.744,0.854,-0.074,-0.032,1.145,3,1100
204565694,-0.549,4.817,-0.061,-0.224,-0.021,0.932,3,1100
204566204,-0.549,4.817,-0.061,-0.224,-0.021,0.932,3,1100
204567694,-0.244,1.341,0.122,0.004,0.081,0.942,3,1100
204568208,-0.671,-0.732,0.122,0.111,0.055,1.147,3,1100
204569694,-1.037,-1.829,0.549,0.186,0.048,0.913,3,1100
204570203,-1.098,-1.220,0.793,0.205,0.065,1.227,3,1100
204571694,-1.585,2.683,0.793,-0.064,-0.029,1.165,3,1100
204572202,-1.585,2.683,0.793,-0.064,-0.029,1.165,3,1100
204573694,-0.610,4.634,-0.488,-0.229,-0.022,0.945,3,1100
204574208,-0.305,3.720,-0.427,-0.150,0.060,1.061,3,1100
204575694,-0.183,1.159,0.000,0.002,0.090,0.925,3,1100
204576204,-0.549,-0.854,0.122,0.108,0.067,1.149,3,1100
204577694,-1.524,-1.220,0.854,0.212,0.058,1.235,3,1100
204578204,-1.524,-1.220,0.854,0.212,0.058,1.235,3,1100
204579694,-1.707,2.500,0.610,-0.049,-0.022,1.190,3,1100
204580214,-1.402,4.390,0.183,-0.049,-0.022,1.190,3,1100
204581694,-0.854,5.000,-0.427,-0.226,-0.046,0.966,3,1100
204582214,-0.488,3.841,-0.122,-0.149,0.056,1.040,3,1100
204583694,-0.671,-0.732,0.183,-0.006,0.091,0.929,3,1100
204584204,-0.671,-0.732,0.183,0.104,0.065,1.149,3,1100
204585694,-1.159,-1.585,0.732,0.212,0.045,1.221,3,1100
204586214,-1.159,-1.585,0.732,0.212,0.045,1.221,3,1100
204587694,-1.646,2.378,0.793,-0.045,-0.005,1.188,3,1100
204588214,-1.098,4.146,0.244,-0.181,-0.051,0.966,3,1100
204589694,-0.244,4.634,-0.488,-0.227,-0.035,0.990,3,1100
204590209,0.000,3.780,-0.366,-0.138,0.042,1.029,3,1100
204591694,-0.671,-0.671,0.183,0.101,0.064,1.123,3,1100
204592214,-0.671,-0.671,0.183,0.101,0.064,1.123,3,1100
204593694,-1.463,-1.524,0.427,0.202,0.047,1.187,3,1100
204594209,-1.951,0.305,0.915,0.099,0.062,0.984,3,1100
204595694,-2.012,2.317,0.915,-0.027,-0.011,1.181,3,1100
204596206,-1.646,4.268,0.305,-0.179,-0.047,0.976,3,1100
204597694,-0.793,4.085,-0.305,-0.162,0.035,1.005,3,1100
204598204,-0.793,4.085,-0.305,-0.162,0.035,1.005,3,1100
204599694,-0.732,-0.427,0.122,0.101,0.061,1.086,3,1100
204600209,-0.732,-0.427,0.122,0.101,0.061,1.086,3,1100
204601694,-1.098,-1.524,0.549,0.211,0.047,1.151,3,1100
204602204,-1.524,0.305,0.854,0.108,0.062,1.021,3,1100
204603702,-1.829,2.195,0.915,-0.022,0.005,1.165,3,1100
204604227,-1.463,4.024,0.244,-0.156,-0.054,0.962,3,1100
204605697,-0.122,3.841,-0.732,-0.162,0.021,0.984,3,1100
204606223,-0.122,3.841,-0.732,-0.162,0.021,0.984,3,1100
204607695,-0.488,-0.610,0.122,0.098,0.060,1.052,3,1100
204608207,-0.854,-1.524,0.366,0.158,0.072,1.017,3,1100
204609694,-1.159,-1.646,0.366,0.207,0.038,1.099,3,1100
204610214,-1.890,0.061,0.671,0.120,0.056,1.067,3,1100
204611694,-1.341,3.841,0.366,-0.164,-0.055,0.978,3,1100
204612203,-1.341,3.841,0.366,-0.164,-0.055,0.978,3,1100
204613694,-0.305,3.720,-0.183,-0.168,0.023,0.962,3,1100
204614214,-0.366,1.890,0.122,-0.168,0.023,0.962,3,1100
204615694,-0.671,-0.366,0.183,0.082,0.066,0.987,3,1100
204616208,-0.793,-1.524,0.244,0.174,0.050,1.087,3,1100
204617694,-1.646,-0.061,0.976,0.203,0.040,1.018,3,1100
204618205,-1.646,-0.061,0.976,0.130,0.060,1.159,3,1100
204619694,-1.524,3.841,0.488,-0.146,-0.040,0.998,3,1100
204620214,-1.524,3.841,0.488,-0.146,-0.040,0.998,3,1100
204621694,-0.610,4.024,-0.549,-0.194,0.008,0.937,3,1100
204622214,-0.732,2.195,-0.183,-0.038,0.093,1.069,3,1100
204623694,-0.854,-0.305,0.244,0.087,0.058,0.917,3,1100
204624203,-1.159,-1.646,0.244,0.162,0.070,1.154,3,1100
204625694,-1.829,-0.061,0.915,0.130,0.058,1.211,3,1100
204626205,-1.829,-0.061,0.915,0.130,0.058,1.211,3,1100
204627694,-1.098,4.024,0.488,-0.138,-0.042,1.024,3,1100
204628214,-0.732,4.512,-0.244,-0.212,-0.049,1.062,3,1100
204629694,-0.488,4.024,-0.366,-0.198,0.012,0.943,3,1100
204630209,-0.366,2.134,0.000,-0.033,0.113,1.071,3,1100
204631694,-0.915,-1.524,0.061,0.172,0.068,1.186,3,1100
204632212,-0.915,-1.524,0.061,0.172,0.068,1.186,3,1100
204633694,-2.012,-0.244,0.671,0.136,0.049,1.217,3,1100
204634204,-2.012,-0.244,0.671,0.136,0.049,1.217,3,1100
204635694,-1.341,3.841,0.732,-0.136,-0.042,1.073,3,1100
204636204,-0.793,4.756,-0.183,-0.204,-0.053,1.046,3,1100
204637694,-0.427,4.207,-0.488,-0.212,0.013,0.969,3,1100
204638203,-0.244,2.073,-0.305,-0.042,0.101,1.043,3,1100
204639694,-0.732,-1.768,0.488,0.167,0.064,1.192,3,1100
204640204,-0.732,-1.768,0.488,0.167,0.064,1.192,3,1100
204641694,-1.707,-0.427,1.159,0.144,0.057,1.210,3,1100
204642209,-1.829,1.829,1.159,0.004,0.014,0.966,3,1100
204643694,-1.402,3.537,0.671,-0.128,-0.024,1.093,3,1100
204644203,-0.610,4.390,-0.305,-0.204,-0.055,1.038,3,1100
204645694,-0.427,2.317,-0.183,-0.064,0.088,1.018,3,1100
204646202,-0.427,2.317,-0.183,-0.064,0.088,1.018,3,1100
204647694,-0.793,-1.646,0.427,0.176,0.059,1.155,3,1100
204648205,-0.976,-1.463,0.671,0.176,0.059,1.155,3,1100
204649694,-1.524,-0.366,0.854,0.145,0.047,1.165,3,1100
204650214,-1.707,2.012,1.037,0.014,0.022,1.011,3,1100
204651694,-0.610,4.573,0.183,-0.119,-0.029,1.111,3,1100
204652204,-0.610,4.573,0.183,-0.214,-0.062,1.008,3,1100
204653694,-0.488,2.439,0.000,-0.055,0.081,0.987,3,1100
204654203,-0.488,2.439,0.000,-0.055,0.081,0.987,3,1100
204655694,-0.610,-1.463,0.305,0.163,0.063,1.114,3,1100
204656209,-1.098,-1.707,0.427,0.185,0.047,1.016,3,1100
204657694,-1.585,-0.793,0.732,0.160,0.058,1.139,3,1100
204658208,-1.829,1.463,0.854,0.032,0.021,1.031,3,1100
204659694,-0.854,4.817,0.183,-0.211,-0.051,0.995,3,1100
204660205,-0.854,4.817,0.183,-0.211,-0.051,0.995,3,1100
204661694,-0.610,2.439,0.061,-0.074,0.092,0.960,3,1100
204662208,-0.732,0.427,0.366,0.069,0.078,1.011,3,1100
204663694,-0.976,-1.463,0.305,0.168,0.042,1.070,3,1100
204664205,-1.220,-1.829,0.610,0.187,0.068,1.056,3,1100
204665694,-1.341,1.646,1.220,0.010,0.021,1.083,3,1100
204666214,-1.341,1.646,1.220,0.010,0.021,1.083,3,1100
204667694,-0.671,4.512,0.305,-0.203,-0.053,0.991,3,1100
204668209,-0.671,4.512,0.305,-0.203,-0.053,0.991,3,1100
204669694,-0.244,2.439,0.000,-0.072,0.062,0.935,3,1100
204670204,-0.366,0.488,0.427,0.065,0.095,1.038,3,1100
204671694,-0.671,-1.280,0.366,0.148,0.043,1.030,3,1100
204672214,-1.098,-1.585,0.610,0.190,0.059,1.101,3,1100
204673694,-2.134,1.646,1.037,0.023,0.029,1.108,3,1100
204674214,-2.134,1.646,1.037,0.023,0.029,1.108,3,1100
204675694,-1.220,4.756,0.244,-0.192,-0.068,0.977,3,1100
204676214,-0.488,4.573,-0.305,-0.230,0.000,1.026,3,1100
204677694,-0.183,2.622,-0.122,-0.066,0.064,0.931,3,1100
204678208,-0.671,0.488,0.244,0.062,0.105,1.051,3,1100
204679694,-1.098,-1.585,0.549,0.198,0.054,1.163,3,1100
204680214,-1.098,-1.585,0.549,0.198,0.054,1.163,3,1100
204681694,-2.256,1.585,1.280,0.042,0.026,1.138,3,1100
204682214,-1.524,3.720,0.610,0.042,0.026,1.138,3,1100
204683694,-0.671,4.878,-0.122,-0.206,-0.050,0.984,3,1100
204684204,-0.427,4.512,-0.366,-0.208,0.001,1.025,3,1100
204685700,-0.854,0.610,0.244,-0.072,0.064,0.920,3,1100
204686221,-0.854,0.610,0.244,0.054,0.100,1.116,3,1100
204687696,-1.037,-1.707,0.427,0.175,0.074,1.179,3,1100
204688213,-1.037,-1.707,0.427,0.175,0.074,1.179,3,1100
204689695,-1.646,1.402,1.159,0.016,0.019,1.191,3,1100
204690207,-1.341,3.598,0.854,-0.120,-0.021,1.031,3,1100
204691694,-0.671,4.634,0.122,-0.188,-0.044,1.007,3,1100
204692203,-0.610,4.329,-0.122,-0.210,-0.005,1.013,3,1100
204693694,-0.305,0.549,0.122,0.032,0.095,1.106,3,1100
204694209,-0.305,0.549,0.122,0.032,0.095,1.106,3,1100
204695694,-1.098,-1.768,0.732,0.183,0.057,1.229,3,1100
204696209,-1.890,-0.793,1.098,0.187,0.045,0.958,3,1100
204697694,-2.073,0.976,1.098,0.057,0.030,1.200,3,1100
204698208,-1.768,3.293,0.732,-0.128,-0.019,0.993,3,1100
204699694,-0.793,4.207,-0.183,-0.218,-0.020,1.003,3,1100
204700214,-0.793,4.207,-0.183,-0.218,-0.020,1.003,3,1100
204701694,-0.732,0.854,0.366,0.042,0.079,1.111,3,1100
204702204,-0.732,0.854,0.366,0.042,0.079,1.111,3,1100
204703694,-0.976,-1.951,0.549,0.183,0.060,1.229,3,1100
204704214,-1.463,-0.671,0.732,0.187,0.040,0.969,3,1100
204705694,-1.707,1.159,0.671,0.045,0.044,1.188,3,1100
204706205,-1.159,3.598,0.671,-0.114,-0.044,0.987,3,1100
204707694,-0.305,4.329,-0.122,-0.206,-0.019,0.973,3,1100
204708214,-0.305,4.329,-0.122,-0.206,-0.019,0.973,3,1100
204709694,-0.427,0.854,-0.122,0.031,0.086,1.096,3,1100
204710206,-0.549,-1.280,0.000,0.142,0.071,0.962,3,1100
204711694,-1.037,-2.134,0.427,0.186,0.058,1.153,3,1100
204712212,-1.646,-0.793,0.854,0.175,0.058,0.974,3,1100
204713694,-1.646,3.110,0.671,-0.136,-0.039,1.022,3,1100
204714205,-1.646,3.110,0.671,-0.136,-0.039,1.022,3,1100
204715694,-0.610,4.146,-0.427,-0.215,-0.008,0.971,3,1100
204716204,-0.671,3.415,-0.183,-0.215,-0.008,0.971,3,1100
204717694,-0.427,0.915,0.244,0.023,0.082,1.079,3,1100
204718206,-0.793,-0.854,0.366,0.145,0.039,0.968,3,1100
204719689,-1.220,-0.793,1.037,0.201,0.076,1.117,3,1100
204720203,-1.220,-0.793,1.037,0.179,0.061,1.018,3,1100
204721694,-1.341,3.293,0.671,-0.123,-0.031,1.039,3,1100
204722203,-1.341,3.293,0.671,-0.123,-0.031,1.039,3,1100
204723694,-0.793,4.207,-0.549,-0.225,-0.006,0.945,3,1100
204724204,-0.488,3.049,-0.122,-0.081,0.059,0.995,3,1100
204725694,-0.366,0.610,0.122,0.037,0.093,1.073,3,1100
204726204,-0.732,-0.976,0.000,0.117,0.042,0.992,3,1100
204727689,-1.098,-0.549,0.610,0.195,0.045,1.052,3,1100
204728198,-1.098,-0.549,0.610,0.195,0.045,1.052,3,1100
204729694,-1.098,3.049,0.366,-0.105,-0.055,1.052,3,1100
204730214,-0.732,4.390,-0.061,-0.188,-0.038,1.035,3,1100
204731694,-0.488,4.329,-0.122,-0.205,-0.009,0.921,3,1100
204732204,-0.671,3.293,0.061,-0.104,0.061,1.017,3,1100
204733694,-0.854,-0.976,-0.183,0.130,0.030,1.027,3,1100
204734204,-0.854,-0.976,-0.183,0.130,0.030,1.027,3,1100
204735694,-1.585,-0.854,0.976,0.194,0.058,1.106,3,1100
204736204,-1.585,-0.854,0.976,0.194,0.058,1.106,3,1100
204737694,-1.829,2.927,0.549,-0.107,-0.043,1.081,3,1100
204738202,-1.159,4.268,0.061,-0.189,-0.043,1.041,3,1100
204739694,-0.854,4.207,-0.366,-0.224,0.003,0.919,3,1100
204740204,-0.610,3.476,-0.244,-0.104,0.057,1.030,3,1100
204741694,-0.854,-0.915,0.122,0.123,0.036,1.053,3,1100
204742209,-0.854,-0.915,0.122,0.123,0.036,1.053,3,1100
204743694,-1.646,-0.854,0.610,0.195,0.064,1.139,3,1100
204744214,-1.951,0.793,0.915,0.078,0.031,1.059,3,1100
204745694,-1.646,2.988,0.793,-0.103,-0.041,1.100,3,1100
204746214,-1.037,4.390,0.183,-0.190,-0.056,1.041,3,1100
204747694,-0.427,3.293,-0.122,-0.098,0.056,1.033,3,1100
204748204,-0.427,3.293,-0.122,-0.098,0.056,1.033,3,1100
204749694,-0.915,-1.098,0.000,0.126,0.041,1.098,3,1100
204750206,-1.037,-1.829,0.305,0.126,0.041,1.098,3,1100
204751694,-1.220,-0.854,0.854,0.190,0.064,1.151,3,1100
204752214,-1.646,0.915,0.793,0.080,0.039,1.023,3,1100
204753694,-0.854,4.207,0.122,-0.092,-0.039,1.116,3,1100
204754205,-0.854,4.207,0.122,-0.198,-0.040,1.029,3,1100
204755694,-0.427,3.354,0.122,-0.094,0.061,1.062,3,1100
204756204,-0.427,3.354,0.122,-0.094,0.061,1.062,3,1100
204757694,-0.671,-0.976,0.122,0.122,0.039,1.118,3,1100
204758206,-1.098,-1.829,0.427,0.158,0.068,0.920,3,1100
204759694,-1.585,-1.159,0.854,0.217,0.066,1.187,3,1100
204760208,-1.951,0.732,1.037,0.088,0.045,1.007,3,1100
204761694,-1.402,4.268,0.061,-0.181,-0.049,1.032,3,1100
204762208,-1.402,4.268,0.061,-0.181,-0.049,1.032,3,1100
204763694,-0.366,3.415,-0.488,-0.129,0.054,1.063,3,1100
204764205,-0.244,1.280,-0.183,-0.004,0.084,0.949,3,1100
204765694,-0.732,-0.671,0.000,0.125,0.061,1.152,3,1100
204766203,-1.220,-1.829,0.183,0.170,0.062,0.888,3,1100
204767702,-1.707,0.549,0.915,0.101,0.040,0.989,3,1100
204768228,-1.707,0.549,0.915,0.101,0.040,0.989,3,1100
204769697,-0.793,4.146,0.061,-0.164,-0.056,1.012,3,1100
204770211,-0.793,4.146,0.061,-0.164,-0.056,1.012,3,1100
204771695,-0.366,3.659,0.000,-0.124,0.054,1.061,3,1100
204772207,-0.305,1.524,0.061,0.004,0.082,0.939,3,1100
204773694,-0.610,-0.427,0.061,0.121,0.056,1.159,3,1100
204774212,-0.976,-1.524,0.183,0.164,0.057,0.883,3,1100
204775694,-2.012,0.488,1.037,0.096,0.047,0.979,3,1100
204776205,-2.012,0.488,1.037,0.096,0.047,0.979,3,1100
204777694,-1.402,4.207,0.061,-0.182,-0.052,0.986,3,1100
204778214,-0.915,4.390,-0.305,-0.219,-0.024,0.955,3,1100
204779694,-0.793,3.780,-0.183,-0.119,0.063,1.035,3,1100
204780214,-0.488,1.463,-0.061,-0.000,0.071,0.950,3,1100
204781694,-1.220,-1.463,0.427,0.178,0.046,0.899,3,1100
204782214,-1.220,-1.463,0.427,0.178,0.046,0.899,3,1100
204783694,-1.585,0.610,0.854,0.106,0.040,0.987,3,1100
204784214,-1.707,2.683,0.793,0.106,0.040,0.987,3,1100
204785694,-1.098,4.390,0.244,-0.178,-0.031,0.961,3,1100
204786204,-0.366,4.817,0.000,-0.211,-0.030,0.981,3,1100
204787694,-0.305,2.073,0.122,-0.147,0.060,1.016,3,1100
204788214,-0.305,2.073,0.122,-0.017,0.077,0.966,3,1100
204789694,-0.976,-1.524,0.305,0.167,0.062,0.951,3,1100
204790208,-0.976,-1.524,0.305,0.167,0.062,0.951,3,1100
204791694,-2.012,0.305,0.915,0.114,0.057,1.016,3,1100
204792214,-1.768,2.378,0.610,-0.035,-0.024,1.181,3,1100
204793694,-1.220,4.207,0.000,-0.171,-0.042,0.953,3,1100
204794214,-0.671,4.695,-0.305,-0.215,-0.046,1.033,3,1100
204795694,0.061,1.585,-0.061,-0.013,0.089,0.983,3,1100
204796205,0.061,1.585,-0.061,-0.013,0.089,0.983,3,1100
204797694,-1.280,-1.646,0.366,0.157,0.054,1.003,3,1100
204798214,-1.585,-1.585,0.854,0.214,0.057,1.108,3,1100
204799694,-1.890,0.305,1.098,0.116,0.061,1.051,3,1100
204800208,-1.707,2.317,0.793,-0.052,-0.020,1.165,3,1100
204801694,-0.610,4.756,-0.122,-0.206,-0.041,1.049,3,1100
204802214,-0.610,4.756,-0.122,-0.206,-0.041,1.049,3,1100
204803694,-0.244,1.707,0.122,-0.024,0.085,1.033,3,1100
204804214,-0.244,1.707,0.122,-0.024,0.085,1.033,3,1100
204805694,-1.037,-1.707,0.305,0.161,0.059,1.077,3,1100
204806204,-1.280,-1.463,0.793,0.209,0.063,1.043,3,1100
204807694,-1.829,0.244,1.037,0.140,0.054,1.106,3,1100
204808204,-1.829,2.317,0.854,-0.052,-0.007,1.101,3,1100
204809694,-0.610,4.634,0.122,-0.213,-0.036,1.063,3,1100
204810204,-0.610,4.634,0.122,-0.213,-0.036,1.063,3,1100
204811694,-0.305,2.195,0.061,-0.036,0.078,1.060,3,1100
204812214,-0.671,-0.427,0.427,0.088,0.060,0.960,3,1100
204813691,-0.976,-1.829,0.427,0.167,0.064,1.125,3,1100
204814207,-1.159,-1.829,0.610,0.215,0.053,0.994,3,1100
204815694,-1.890,2.073,0.915,-0.036,-0.006,1.071,3,1100
204816204,-1.890,2.073,0.915,-0.036,-0.006,1.071,3,1100
204817694,-0.793,4.573,-0.488,-0.217,-0.042,1.080,3,1100
204818214,-0.488,4.268,-0.366,-0.217,-0.042,1.080,3,1100
204819694,-0.122,2.134,0.061,-0.038,0.107,1.076,3,1100
204820206,-0.366,-0.549,0.366,0.090,0.041,0.930,3,1100
204821691,-1.098,-1.524,0.610,0.160,0.067,1.157,3,1100
204822207,-1.098,-1.524,0.610,0.198,0.049,0.954,3,1100
204823694,-1.646,2.012,1.098,-0.010,-0.005,1.032,3,1100
204824204,-1.646,2.012,1.098,-0.010,-0.005,1.032,3,1100
204825694,-0.915,4.817,-0.061,-0.210,-0.048,1.065,3,1100
204826214,-0.671,4.329,-0.183,-0.192,0.028,0.943,3,1100
204827694,-0.366,2.256,0.244,-0.042,0.089,1.062,3,1100
204828204,-0.427,-0.122,0.244,0.073,0.061,0.916,3,1100
204829691,-0.976,-1.707,0.427,0.204,0.052,0.934,3,1100
204830211,-0.976,-1.707,0.427,0.204,0.052,0.934,3,1100
204831694,-1.646,2.012,1.037,-0.017,0.004,1.008,3,1100
204832204,-1.646,3.841,0.610,-0.146,-0.044,1.024,3,1100
204833694,-1.098,4.512,0.000,-0.211,-0.040,1.072,3,1100
204834204,-0.549,3.780,-0.183,-0.205,0.021,0.962,3,1100
204835694,-0.305,-0.427,0.305,0.067,0.066,0.893,3,1100
204836208,-0.305,-0.427,0.305,0.067,0.066,0.893,3,1100
204837689,-1.159,-1.646,0.732,0.191,0.041,0.907,3,1100
204838198,-1.159,-1.646,0.732,0.191,0.041,0.907,3,1100
204839694,-1.829,2.012,1.098,0.001,0.008,0.978,3,1100
204840204,-1.524,4.085,0.488,-0.151,-0.036,1.059,3,1100
204841694,-0.793,4.695,-0.244,-0.220,-0.045,1.063,3,1100
204842204,-0.549,4.024,-0.305,-0.217,-0.003,0.948,3,1100
204843694,-0.732,-0.061,0.549,0.079,0.070,0.915,3,1100
204844214,-0.732,-0.061,0.549,0.079,0.070,0.915,3,1100
204845689,-1.098,-1.829,0.610,0.193,0.043,0.908,3,1100
204846204,-1.707,-0.244,0.976,0.160,0.080,1.226,3,1100
204847694,-2.134,1.951,1.098,0.016,0.001,0.986,3,1100
204848214,-1.707,3.841,0.549,-0.146,-0.041,1.078,3,1100
204849694,-0.366,4.451,-0.305,-0.208,-0.004,0.973,3,1100
204850204,-0.366,4.451,-0.305,-0.208,-0.004,0.973,3,1100
204851694,-0.549,0.122,0.305,0.077,0.057,0.918,3,1100
204852208,-1.159,-1.768,0.122,0.077,0.057,0.918,3,1100
204853694,-1.159,-1.707,0.366,0.185,0.044,0.928,3,1100
204854203,-1.768,-0.671,0.732,0.176,0.066,1.209,3,1100
204855694,-1.585,3.963,0.671,0.006,0.009,0.988,3,1100
204856214,-1.585,3.963,0.671,-0.155,-0.037,1.091,3,1100
204857694,-0.488,4.207,-0.244,-0.225,0.004,0.977,3,1100
204858214,-0.488,4.207,-0.244,-0.225,0.004,0.977,3,1100
204859694,-0.671,0.122,0.061,0.066,0.075,0.952,3,1100
204860209,-1.098,-1.585,0.244,0.181,0.046,1.140,3,1100
204861694,-1.159,-1.585,0.549,0.178,0.068,0.978,3,1100
204862208,-1.585,-0.549,0.854,0.189,0.058,1.149,3,1100
204863694,-1.585,3.720,0.854,-0.158,-0.035,1.113,3,1100
204864209,-1.585,3.720,0.854,-0.158,-0.035,1.113,3,1100
204865694,-0.610,4.512,-0.610,-0.229,0.007,0.992,3,1100
204866203,-0.305,2.439,-0.244,-0.059,0.093,0.964,3,1100
204867694,-0.305,0.000,0.061,0.083,0.074,1.013,3,1100
204868214,-1.098,-1.768,0.244,0.148,0.053,1.079,3,1100
204869694,-1.890,-0.854,0.732,0.204,0.042,1.050,3,1100
204870203,-1.890,-0.854,0.732,0.180,0.068,1.081,3,1100
204871694,-1.220,3.902,0.549,-0.147,-0.039,1.095,3,1100
204872214,-1.220,3.902,0.549,-0.147,-0.039,1.095,3,1100
204873694,-0.366,4.329,0.061,-0.220,0.007,1.005,3,1100
204874204,-0.183,2.500,0.000,-0.080,0.087,0.933,3,1100
204875694,-0.305,0.549,0.305,0.068,0.094,1.041,3,1100
204876204,-0.732,-1.463,-0.061,0.157,0.049,1.028,3,1100
204877694,-1.402,-0.732,1.220,0.192,0.072,1.008,3,1100
204878204,-1.402,-0.732,1.220,0.192,0.072,1.008,3,1100
204879694,-1.890,3.902,0.915,-0.130,-0.056,1.076,3,1100
204880204,-1.037,5.000,0.000,-0.205,-0.066,0.980,3,1100
204881694,-0.427,4.634,-0.183,-0.215,-0.003,1.017,3,1100
204882208,-0.488,2.805,-0.244,-0.096,0.076,0.919,3,1100
204883694,-0.610,-1.402,0.183,0.154,0.032,0.960,3,1100
204884204,-0.610,-1.402,0.183,0.154,0.032,0.960,3,1100
204885694,-1.646,-0.610,0.976,0.180,0.077,0.947,3,1100
204886204,-2.073,1.646,1.220,0.180,0.077,0.947,3,1100
204887694,-1.585,3.902,0.915,-0.137,-0.042,1.057,3,1100
204888215,-1.037,4.817,-0.061,-0.209,-0.081,0.993,3,1100
204889694,-0.549,2.927,0.061,-0.231,-0.006,0.998,3,1100
204890203,-0.549,2.927,0.061,-0.086,0.083,0.917,3,1100
204891694,-0.366,-1.159,0.000,0.158,0.031,0.915,3,1100
204892203,-0.366,-1.159,0.000,0.158,0.031,0.915,3,1100
204893694,-1.768,-0.671,0.854,0.206,0.072,0.930,3,1100
204894214,-2.195,1.220,1.098,0.082,0.029,1.218,3,1100
204895694,-1.829,3.354,0.915,-0.163,-0.037,1.026,3,1100
204896206,-1.098,4.756,-0.061,-0.207,-0.055,0.994,3,1100
204897694,-0.305,2.988,-0.122,-0.097,0.081,0.930,3,1100
204898214,-0.305,2.988,-0.122,-0.097,0.081,0.930,3,1100
204899694,-0.854,-1.159,0.122,0.158,0.030,0.895,3,1100
204900203,-1.402,-1.951,0.732,0.177,0.056,1.228,3,1100
204901694,-1.463,-0.671,1.159,0.203,0.071,0.957,3,1100
204902214,-1.768,1.341,1.463,0.062,0.042,1.215,3,1100
204903702,-0.732,4.695,0.061,-0.192,-0.062,1.011,3,1100
204904228,-0.732,4.695,0.061,-0.192,-0.062,1.011,3,1100
204905697,-0.488,3.110,-0.366,-0.116,0.070,0.942,3,1100
204906223,-0.488,3.110,-0.366,-0.116,0.070,0.942,3,1100
204907694,-0.610,-1.220,0.122,0.153,0.057,0.895,3,1100
204908207,-1.159,-2.012,0.610,0.175,0.059,1.200,3,1100
204909694,-1.463,-0.671,0.915,0.200,0.059,0.981,3,1100
204910214,-1.829,0.732,0.915,0.078,0.056,1.192,3,1100
204911694,-0.915,4.451,-0.366,-0.205,-0.056,1.022,3,1100
204912205,-0.915,4.451,-0.366,-0.205,-0.056,1.022,3,1100
204913694,-0.305,3.354,-0.305,-0.111,0.079,0.966,3,1100
204914208,0.061,1.037,-0.122,0.018,0.085,1.097,3,1100
204915694,-0.488,-0.976,0.122,0.133,0.069,0.976,3,1100
204916204,-0.854,-1.829,0.366,0.180,0.037,1.134,3,1100
204917694,-1.585,0.671,1.037,0.096,0.054,1.155,3,1100
204918214,-1.585,0.671,1.037,0.096,0.054,1.155,3,1100
204919694,-0.854,4.512,0.061,-0.206,-0.048,1.028,3,1100
204920214,-0.671,4.207,-0.183,-0.206,-0.048,1.028,3,1100
204921694,-0.793,3.415,0.000,-0.094,0.062,0.995,3,1100
204922206,-0.366,0.793,0.244,0.010,0.091,1.070,3,1100
204923694,-0.976,-1.768,0.244,0.125,0.040,0.998,3,1100
204924212,-0.976,-1.768,0.244,0.176,0.047,1.095,3,1100
204925694,-1.768,0.915,1.159,0.099,0.049,1.145,3,1100
204926205,-1.768,0.915,1.159,0.099,0.049,1.145,3,1100
204927694,-1.341,4.390,-0.061,-0.194,-0.041,1.024,3,1100
204928214,-1.098,4.329,-0.122,-0.214,-0.005,0.932,3,1100
204929694,-0.671,3.476,0.000,-0.097,0.058,1.021,3,1100
204930208,-0.244,1.037,0.122,0.017,0.079,1.042,3,1100
204931694,-0.915,-1.768,0.427,0.179,0.061,1.039,3,1100
204932208,-0.915,-1.768,0.427,0.179,0.061,1.039,3,1100
204933694,-1.890,0.671,1.098,0.091,0.047,1.127,3,1100
204934209,-1.707,2.866,0.732,-0.090,-0.055,1.083,3,1100
204935694,-1.098,4.329,-0.061,-0.201,-0.039,1.011,3,1100
204936204,-0.854,4.573,-0.366,-0.199,-0.022,0.937,3,1100
204937694,-0.061,1.037,0.427,-0.105,0.076,1.053,3,1100
204938209,-0.061,1.037,0.427,0.008,0.080,1.019,3,1100
204939694,-0.854,-1.768,0.427,0.171,0.080,0.993,3,1100
204940214,-0.854,-1.768,0.427,0.171,0.080,0.993,3,1100
204941694,-1.402,0.732,0.732,0.095,0.056,1.081,3,1100
204942204,-1.463,2.866,0.488,-0.090,-0.061,1.110,3,1100
204943694,-1.159,4.146,0.122,-0.208,-0.035,1.006,3,1100
204944204,-0.793,4.512,-0.183,-0.196,-0.023,0.930,3,1100
204945694,-0.183,1.280,0.427,0.007,0.079,1.014,3,1100
204946205,-0.183,1.280,0.427,0.007,0.079,1.014,3,1100
204947694,-0.854,-1.951,0.244,0.178,0.064,0.972,3,1100
204948204,-1.220,-0.732,1.037,0.182,0.065,1.149,3,1100
204949694,-1.707,0.854,1.159,0.100,0.041,1.048,3,1100
204950208,-1.646,3.049,0.915,-0.090,-0.043,1.114,3,1100
204951694,-0.427,4.085,-0.183,-0.192,-0.013,0.922,3,1100
204952204,-0.427,4.085,-0.183,-0.192,-0.013,0.922,3,1100
204953694,-0.244,1.341,0.305,0.004,0.080,0.988,3,1100
204954204,-0.671,-0.671,0.549,0.004,0.080,0.988,3,1100
204955691,-0.976,-1.707,0.854,0.175,0.042,0.933,3,1100
204956207,-1.524,-1.220,0.793,0.191,0.069,1.176,3,1100
204957694,-1.402,2.622,0.854,0.094,0.040,1.025,3,1100
204958214,-1.402,2.622,0.854,-0.083,-0.042,1.140,3,1100
204959694,-0.671,4.451,-0.183,-0.198,-0.029,0.932,3,1100
204960203,-0.671,4.451,-0.183,-0.198,-0.029,0.932,3,1100
204961694,-0.305,1.280,0.061,-0.002,0.093,0.967,3,1100
204962209,-1.037,-0.488,0.183,0.116,0.059,1.104,3,1100
204963694,-1.280,-1.280,0.488,0.144,0.064,0.900,3,1100
204964209,-1.585,-1.037,0.854,0.196,0.062,1.199,3,1100
204965694,-1.768,2.378,0.793,-0.062,-0.056,1.157,3,1100
204966204,-1.768,2.378,0.793,-0.062,-0.056,1.157,3,1100
204967703,-1.037,4.512,0.000,-0.201,-0.025,0.946,3,1100
204968229,-0.549,3.720,-0.061,-0.118,0.059,1.082,3,1100
204969697,-0.305,1.524,0.183,0.013,0.072,0.938,3,1100
204970215,-0.854,-0.488,0.305,0.098,0.048,1.139,3,1100
204971694,-1.707,-1.341,0.549,0.164,0.052,0.894,3,1100
204972214,-1.707,-1.341,0.549,0.190,0.075,1.214,3,1100
204973694,-2.012,2.439,0.793,-0.071,-0.040,1.176,3,1100
204974204,-2.012,2.439,0.793,-0.071,-0.040,1.176,3,1100
204975694,-0.976,4.878,-0.244,-0.201,-0.019,0.962,3,1100
204976204,-0.854,4.207,-0.061,-0.124,0.069,1.058,3,1100
204977694,-0.427,1.707,-0.061,-0.003,0.069,0.934,3,1100
204978204,-0.610,-0.549,0.244,0.110,0.059,1.141,3,1100
204979694,-1.463,-1.037,0.732,0.191,0.056,1.221,3,1100
204980214,-1.463,-1.037,0.732,0.191,0.056,1.221,3,1100
204981694,-1.890,2.622,0.549,-0.056,-0.028,1.187,3,1100
204982209,-1.220,4.024,-0.061,-0.177,-0.037,0.995,3,1100
204983694,-0.671,4.634,-0.366,-0.203,-0.022,0.976,3,1100
204984214,-0.427,3.780,-0.183,-0.131,0.061,1.045,3,1100
204985694,-0.549,-0.427,0.183,0.102,0.048,1.135,3,1100
204986202,-0.549,-0.427,0.183,0.102,0.048,1.135,3,1100
204987694,-1.524,-1.159,1.037,0.194,0.056,1.224,3,1100
204988214,-1.890,0.427,1.341,0.194,0.056,1.224,3,1100
204989694,-1.951,2.378,1.037,-0.051,-0.033,1.205,3,1100
204990206,-1.220,4.207,0.366,-0.173,-0.043,0.982,3,1100
204991694,-0.366,3.415,-0.305,-0.207,-0.035,0.995,3,1100
204992214,-0.366,3.415,-0.305,-0.147,0.074,1.026,3,1100
204993694,-0.671,-0.488,0.061,0.083,0.061,1.133,3,1100
204994204,-0.671,-0.488,0.061,0.083,0.061,1.133,3,1100
204995694,-1.220,-1.524,0.732,0.188,0.059,1.207,3,1100
204996208,-1.829,0.122,1.159,0.099,0.057,0.959,3,1100
204997694,-1.768,2.195,0.976,-0.055,-0.028,1.190,3,1100
204998206,-1.402,3.963,0.183,-0.165,-0.036,0.977,3,1100
204999694,-0.610,3.476,-0.122,-0.146,0.056,1.003,3,1100
205000214,-0.610,3.476,-0.122,-0.146,0.056,1.003,3,1100
205001694,-0.610,-0.305,0.061,0.104,0.063,1.110,3,1100
205002203,-0.915,-1.341,0.427,0.159,0.056,0.925,3,1100
205003694,-1.220,-1.341,0.793,0.175,0.063,1.181,3,1100
205004204,-1.463,0.305,1.159,0.112,0.058,0.979,3,1100
205005694,-0.976,4.085,0.427,-0.039,-0.014,1.169,3,1100
205006214,-0.976,4.085,0.427,-0.155,-0.046,0.974,3,1100
205007694,-0.305,3.841,0.000,-0.152,0.057,0.993,3,1100
205008209,-0.305,3.841,0.000,-0.152,0.057,0.993,3,1100
205009694,-0.549,-0.610,0.305,0.083,0.068,1.088,3,1100
205010204,-1.037,-1.341,0.305,0.151,0.057,0.950,3,1100
205011694,-1.098,-1.341,0.793,0.205,0.050,1.144,3,1100
205012214,-1.524,0.183,0.976,0.106,0.063,1.031,3,1100
205013694,-1.280,4.085,0.244,-0.173,-0.037,0.976,3,1100
205014204,-1.280,4.085,0.244,-0.173,-0.037,0.976,3,1100
205015694,-0.427,4.024,0.000,-0.154,0.059,0.973,3,1100
205016204,-0.244,1.951,0.122,-0.001,0.075,0.995,3,1100
205017700,-0.549,-0.244,0.000,0.098,0.045,1.056,3,1100
205018225,-1.037,-1.159,0.000,0.160,0.066,0.998,3,1100
205019696,-1.707,0.305,1.159,0.106,0.068,1.076,3,1100
205020223,-1.707,0.305,1.159,0.106,0.068,1.076,3,1100
205021695,-0.976,4.024,0.427,-0.160,-0.034,0.967,3,1100
205022207,-0.732,4.512,-0.244,-0.160,-0.034,0.967,3,1100
205023694,-0.549,3.841,-0.366,-0.162,0.038,0.956,3,1100
205024204,-0.183,2.073,-0.244,-0.011,0.083,1.042,3,1100
205025694,-1.098,-1.341,0.305,0.081,0.066,1.004,3,1100
205026203,-1.098,-1.341,0.305,0.162,0.075,1.072,3,1100
205027694,-1.768,0.122,0.854,0.111,0.063,1.137,3,1100
205028214,-1.768,0.122,0.854,0.111,0.063,1.137,3,1100
205029694,-0.976,4.024,0.366,-0.159,-0.052,0.982,3,1100
205030203,-0.549,4.634,-0.488,-0.202,-0.029,1.062,3,1100
205031694,-0.366,4.024,-0.244,-0.173,0.028,0.944,3,1100
205032214,-0.305,2.134,0.122,-0.012,0.098,1.070,3,1100
205033694,-1.098,-1.585,0.488,0.174,0.079,1.126,3,1100
205034214,-1.098,-1.585,0.488,0.174,0.079,1.126,3,1100
205035694,-2.012,0.183,0.854,0.112,0.059,1.208,3,1100
205036203,-1.829,2.256,0.610,0.112,0.059,1.208,3,1100
205037694,-1.402,3.963,0.244,-0.161,-0.045,1.018,3,1100
205038206,-0.732,4.512,-0.183,-0.192,-0.037,1.063,3,1100
205039694,-0.122,2.073,-0.122,-0.187,0.026,0.942,3,1100
205040204,-0.122,2.073,-0.122,-0.001,0.086,1.083,3,1100
205041694,-0.854,-1.402,0.305,0.160,0.077,1.168,3,1100
205042205,-0.854,-1.402,0.305,0.160,0.077,1.168,3,1100
205043694,-1.890,0.305,0.854,0.123,0.063,1.222,3,1100
205044204,-1.768,2.195,0.671,-0.022,-0.015,0.981,3,1100
205045694,-1.463,3.780,0.427,-0.157,-0.035,1.045,3,1100
205046204,-0.854,4.390,-0.061,-0.190,-0.033,1.041,3,1100
205047694,-0.305,2.073,-0.122,-0.036,0.078,1.083,3,1100
205048204,-0.305,2.073,-0.122,-0.036,0.078,1.083,3,1100
205049694,-0.915,-1.341,0.427,0.172,0.078,1.194,3,1100
205050214,-1.098,-1.220,0.915,0.200,0.041,0.932,3,1100
205051694,-2.012,-0.122,1.037,0.120,0.053,1.207,3,1100
205052209,-2.256,1.829,1.037,-0.004,-0.000,0.967,3,1100
205053694,-0.915,4.573,-0.244,-0.211,-0.046,1.024,3,1100
205054214,-0.915,4.573,-0.244,-0.211,-0.046,1.024,3,1100
205055694,-0.244,2.134,0.122,-0.032,0.091,1.050,3,1100
205056204,-0.610,-0.122,0.122,-0.032,0.091,1.050,3,1100
205057694,-0.976,-1.829,0.305,0.166,0.066,1.160,3,1100
205058214,-1.463,-1.585,0.610,0.196,0.052,0.948,3,1100
205059694,-2.012,1.829,0.976,0.146,0.051,1.181,3,1100
205060209,-2.012,1.829,0.976,-0.005,-0.008,0.979,3,1100
205061694,-0.427,4.634,-0.244,-0.195,-0.044,1.006,3,1100
205062204,-0.427,4.634,-0.244,-0.195,-0.044,1.006,3,1100
205063694,-0.305,2.134,-0.061,-0.036,0.088,1.023,3,1100
205064214,-1.098,-0.122,-0.122,0.064,0.069,0.965,3,1100
205065694,-1.463,-1.707,-0.061,0.159,0.085,1.127,3,1100
205066206,-1.159,-1.159,0.488,0.191,0.057,0.999,3,1100
205067694,-1.890,1.890,0.671,0.002,-0.007,1.011,3,1100
205068214,-1.890,1.890,0.671,0.002,-0.007,1.011,3,1100
205069694,-1.098,4.695,-0.061,-0.200,-0.042,1.002,3,1100
205070203,-0.610,4.085,-0.305,-0.200,-0.042,1.002,3,1100
205071694,-0.366,2.256,-0.183,-0.055,0.083,0.986,3,1100
205072208,-0.915,0.366,0.061,0.061,0.075,0.995,3,1100
205073694,-1.159,-1.037,0.549,0.178,0.062,1.083,3,1100
205074214,-1.159,-1.037,0.549,0.193,0.056,1.036,3,1100
205075694,-1.951,1.829,0.854,0.012,0.009,1.042,3,1100
205076214,-1.951,1.829,0.854,0.012,0.009,1.042,3,1100
205077694,-0.976,4.878,-0.244,-0.212,-0.052,0.993,3,1100
205078209,-0.793,4.634,-0.427,-0.211,0.006,1.029,3,1100
205079694,-0.488,2.622,-0.122,-0.059,0.093,0.949,3,1100
205080204,-0.427,0.427,0.122,0.076,0.066,1.036,3,1100
205081694,-1.524,-1.646,0.549,0.205,0.056,1.087,3,1100
205082203,-1.524,-1.646,0.549,0.205,0.056,1.087,3,1100
205083694,-1.951,1.524,0.488,0.022,0.030,1.105,3,1100
205084206,-1.341,3.476,0.427,-0.121,-0.030,1.080,3,1100
205085694,-0.793,4.756,0.000,-0.225,-0.043,0.979,3,1100
205086204,0.000,4.329,-0.305,-0.206,0.015,1.021,3,1100
205087694,-0.427,0.549,0.244,0.054,0.083,1.076,3,1100
205088208,-0.427,0.549,0.244,0.054,0.083,1.076,3,1100
205089694,-1.220,-1.585,0.671,0.186,0.058,1.153,3,1100
205090204,-1.890,-0.732,0.915,0.186,0.058,1.153,3,1100
205091694,-1.951,1.402,0.793,0.021,0.015,1.131,3,1100
205092206,-1.768,3.415,0.732,-0.107,-0.028,1.051,3,1100
205093694,-0.976,4.695,0.061,-0.192,-0.052,0.993,3,1100
205094203,-0.793,4.329,-0.122,-0.225,0.001,1.022,3,1100
205095694,-0.671,0.793,0.244,0.065,0.091,1.115,3,1100
205096204,-0.671,0.793,0.244,0.065,0.091,1.115,3,1100
205097694,-1.159,-1.768,0.793,0.190,0.050,1.196,3,1100
205098204,-1.402,-0.671,1.037,0.164,0.044,0.969,3,1100
205099694,-1.951,1.463,1.098,0.043,0.043,1.190,3,1100
205100204,-1.524,3.476,0.671,-0.102,-0.032,1.035,3,1100
205101694,-0.732,4.146,-0.244,-0.221,-0.020,1.009,3,1100
205102204,-0.732,4.146,-0.244,-0.221,-0.020,1.009,3,1100
205103694,-0.305,0.610,0.122,0.064,0.090,1.137,3,1100
205104214,-1.098,-1.098,0.366,0.142,0.034,0.896,3,1100
205105694,-1.524,-1.768,0.549,0.193,0.057,1.223,3,1100
205106208,-1.707,-0.793,0.854,0.155,0.038,0.950,3,1100
205107694,-1.280,3.476,0.854,0.041,0.050,1.216,3,1100
205108208,-1.280,3.476,0.854,-0.106,-0.046,1.010,3,1100
205109694,-0.732,4.390,-0.183,-0.211,-0.000,0.997,3,1100
205110214,-0.732,4.390,-0.183,-0.211,-0.000,0.997,3,1100
205111694,-0.488,0.915,-0.122,0.060,0.092,1.124,3,1100
205112214,-0.793,-1.159,0.305,0.136,0.060,0.891,3,1100
205113694,-1.037,-1.951,0.610,0.204,0.038,1.223,3,1100
205114204,-1.402,-0.915,1.098,0.159,0.053,0.951,3,1100
205115694,-1.585,3.415,0.854,-0.104,-0.043,1.002,3,1100
205116214,-1.585,3.415,0.854,-0.104,-0.043,1.002,3,1100
205117694,-0.427,4.085,0.183,-0.211,-0.003,0.982,3,1100
205118204,-0.183,2.988,0.305,-0.099,0.081,0.941,3,1100
205119694,-0.427,0.915,0.366,0.041,0.090,1.119,3,1100
205120204,-0.793,-0.976,0.732,0.151,0.045,0.905,3,1100
205121694,-1.707,-0.610,0.854,0.175,0.037,0.978,3,1100
205122209,-1.707,-0.610,0.854,0.175,0.037,0.978,3,1100
205123694,-1.646,3.354,0.793,-0.109,-0.029,1.007,3,1100
205124204,-0.915,4.634,-0.244,-0.109,-0.029,1.007,3,1100
205125694,-0.488,4.451,-0.488,-0.222,-0.010,0.949,3,1100
205126214,-0.061,3.354,-0.122,-0.114,0.078,0.971,3,1100
205127694,-0.244,0.976,0.061,0.049,0.091,1.071,3,1100
205128214,-0.732,-1.037,0.122,0.153,0.060,0.944,3,1100
205129694,-1.707,-1.037,0.732,0.181,0.044,1.046,3,1100
205130209,-1.707,-1.037,0.732,0.181,0.044,1.046,3,1100
205131694,-1.768,3.232,0.793,-0.123,-0.030,1.043,3,1100
205132206,-0.915,4.451,0.061,-0.191,-0.061,1.036,3,1100
205133694,-0.671,4.329,-0.244,-0.210,-0.021,0.940,3,1100
205134214,-0.549,3.476,0.061,-0.114,0.082,1.004,3,1100
205135694,-0.732,-0.915,0.183,0.137,0.069,0.976,3,1100
205136214,-0.732,-0.915,0.183,0.137,0.069,0.976,3,1100
205137689,-1.707,-0.854,0.793,0.185,0.050,1.099,3,1100
205138204,-1.646,0.732,0.976,0.185,0.050,1.099,3,1100
205139694,-1.646,2.866,1.037,-0.109,-0.040,1.051,3,1100
205140206,-0.854,4.085,0.366,-0.185,-0.044,1.020,3,1100
205141694,-0.488,3.476,0.000,-0.210,-0.014,0.936,3,1100
205142214,-0.488,3.476,0.000,-0.117,0.065,1.025,3,1100
205143694,-0.488,-0.915,0.244,0.157,0.072,1.054,3,1100
205144204,-0.488,-0.915,0.244,0.157,0.072,1.054,3,1100
205145694,-1.463,-0.610,0.610,0.164,0.054,1.131,3,1100
205146214,-1.829,0.854,0.671,0.085,0.055,1.029,3,1100
205147694,-1.890,2.988,0.732,-0.088,-0.047,1.121,3,1100
205148209,-1.098,4.390,0.305,-0.194,-0.047,1.021,3,1100
205149694,-0.732,3.171,0.000,-0.100,0.073,1.038,3,1100
205150204,-0.732,3.171,0.000,-0.100,0.073,1.038,3,1100
205151694,-0.793,-0.915,0.366,0.120,0.078,1.116,3,1100
205152208,-0.854,-1.463,0.305,0.186,0.040,0.947,3,1100
205153694,-1.220,-0.732,0.549,0.169,0.053,1.164,3,1100
205154209,-1.585,0.854,0.732,0.102,0.055,0.989,3,1100
205155694,-0.854,4.329,-0.061,-0.194,-0.038,1.000,3,1100
205156209,-0.854,4.329,-0.061,-0.194,-0.038,1.000,3,1100
205157694,-0.122,3.720,0.183,-0.133,0.079,1.053,3,1100
205158214,-0.183,1.341,0.000,-0.133,0.079,1.053,3,1100
205159694,-1.098,-0.793,0.000,0.135,0.064,1.133,3,1100
205160204,-1.280,-2.012,0.305,0.187,0.036,0.916,3,1100
205161694,-1.463,-1.220,0.793,0.175,0.061,1.210,3,1100
205162208,-1.707,0.793,1.037,0.115,0.052,0.960,3,1100
205163694,-0.976,4.390,0.244,-0.224,-0.027,0.988,3,1100
205164205,-0.976,4.390,0.244,-0.224,-0.027,0.988,3,1100
205165694,-0.427,3.415,-0.244,-0.116,0.068,1.052,3,1100
205166214,-0.244,1.463,0.122,-0.016,0.080,0.966,3,1100
205167694,-0.427,-0.671,0.122,0.109,0.056,1.139,3,1100
205168204,-1.098,-1.402,0.244,0.188,0.061,0.886,3,1100
205169694,-2.012,0.305,1.159,0.096,0.049,0.944,3,1100
205170214,-2.012,0.305,1.159,0.096,0.049,0.944,3,1100
205171694,-1.159,4.085,0.183,-0.204,-0.040,0.992,3,1100
205172203,-0.793,4.451,-0.305,-0.204,-0.040,0.992,3,1100
205173694,-0.549,3.537,-0.122,-0.135,0.062,1.037,3,1100
205174203,-0.305,1.463,-0.061,0.015,0.083,0.953,3,1100
205175694,-0.854,-1.890,0.427,0.122,0.062,1.149,3,1100
205176203,-0.854,-1.890,0.427,0.163,0.055,0.895,3,1100
205177694,-1.585,0.488,0.732,0.104,0.058,0.966,3,1100
205178209,-1.585,0.488,0.732,0.104,0.058,0.966,3,1100
205179694,-1.037,4.390,0.061,-0.223,-0.045,0.980,3,1100
205180214,-0.549,4.817,-0.366,-0.199,-0.033,1.004,3,1100
205181694,-0.427,3.659,-0.244,-0.142,0.061,1.017,3,1100
205182206,-0.427,1.463,0.000,-0.021,0.090,0.957,3,1100
205183694,-1.098,-1.890,0.183,0.175,0.062,0.935,3,1100
205184214,-1.098,-1.890,0.183,0.175,0.062,0.935,3,1100
205185229,-1.402,-1.585,0.671,0.202,0.050,1.154,3,1100
205186643,-1.585,2.500,0.915,-0.031,-0.035,1.171,3,1100
205187600,-1.098,4.207,0.427,-0.205,-0.033,0.991,3,1100
205188642,-0.549,4.634,-0.244,-0.191,-0.040,1.023,3,1100
205189594,-0.427,3.780,-0.427,-0.157,0.040,1.007,3,1100
205190642,-0.488,-0.976,0.000,0.107,0.058,1.096,3,1100
205191570,-1.159,-1.768,0.244,0.176,0.067,0.962,3,1100
205192642,-1.524,-1.463,0.549,0.198,0.057,1.139,3,1100
205193586,-1.951,0.244,1.220,0.117,0.054,0.999,3,1100
205194642,-1.768,2.317,0.854,-0.018,-0.013,1.144,3,1100
205195583,-1.220,4.329,0.244,-0.208,-0.041,0.997,3,1100
205196642,-0.488,4.085,0.000,-0.152,0.035,0.972,3,1100
205197567,-0.122,1.829,0.183,-0.008,0.091,0.990,3,1100
205198642,-0.488,-0.427,0.000,0.100,0.051,1.079,3,1100
205199571,-0.854,-1.159,-0.122,0.159,0.066,1.012,3,1100
205200642,-1.220,-1.341,0.366,0.190,0.058,1.097,3,1100
205201587,-1.707,0.183,1.159,0.111,0.068,1.046,3,1100
205202642,-1.585,2.134,0.793,-0.022,-0.027,1.108,3,1100
205203579,-0.427,4.695,-0.366,-0.200,-0.042,1.000,3,1100
205204642,-0.183,4.024,-0.122,-0.159,0.030,0.968,3,1100
205205582,-0.183,1.890,0.183,-0.015,0.103,1.018,3,1100
205206642,-0.488,-0.549,0.305,0.101,0.036,1.012,3,1100
205207571,-0.915,-1.463,0.427,0.161,0.066,1.071,3,1100
205208643,-1.220,-1.463,0.732,0.207,0.044,1.032,3,1100
205209575,-1.402,0.183,0.915,0.118,0.066,1.104,3,1100
205210643,-1.037,4.329,0.366,-0.193,-0.041,1.012,3,1100
205211571,-0.793,4.634,-0.427,-0.203,-0.028,1.082,3,1100
205212642,-0.610,4.085,-0.610,-0.195,0.033,0.936,3,1100
205213579,-0.183,1.890,-0.244,-0.027,0.104,1.043,3,1100
205214643,-0.488,-0.244,-0.061,0.091,0.040,0.972,3,1100
205215571,-0.976,-1.402,0.244,0.166,0.076,1.125,3,1100
205216642,-1.951,0.305,1.098,0.204,0.040,0.968,3,1100
205217587,-1.829,2.195,1.037,0.015,-0.024,1.014,3,1100
205218643,-1.280,3.841,0.488,-0.187,-0.042,1.032,3,1100
205219571,-0.488,4.634,-0.305,-0.205,-0.045,1.073,3,1100
205220643,-0.122,3.902,-0.122,-0.184,0.012,0.947,3,1100
205221578,0.000,2.195,0.244,-0.020,0.117,1.047,3,1100
205222643,-0.122,-0.305,0.366,0.091,0.029,0.945,3,1100
205223563,-0.732,-1.220,0.183,0.156,0.086,1.144,3,1100
205224643,-1.707,0.305,0.854,0.130,0.063,1.191,3,1100
205225575,-1.220,2.256,0.976,0.009,-0.017,0.997,3,1100
205226642,-1.037,3.902,0.366,-0.178,-0.047,1.054,3,1100
205227567,-0.732,4.634,-0.183,-0.201,-0.029,1.071,3,1100
205228642,-0.549,4.085,-0.122,-0.167,0.003,0.949,3,1100
205229575,-0.244,2.256,0.305,-0.038,0.121,1.053,3,1100
205230642,-0.915,-1.341,0.305,0.167,0.075,1.190,3,1100
205231571,-1.220,-1.585,0.793,0.193,0.049,0.917,3,1100
205232643,-1.951,0.122,1.098,0.140,0.056,1.229,3,1100
205233559,-1.646,2.073,0.915,-0.010,0.011,0.961,3,1100
205234643,-1.159,3.841,0.488,-0.166,-0.034,1.072,3,1100
205235582,-0.793,4.512,-0.244,-0.211,-0.028,1.042,3,1100
205236643,-0.427,4.146,-0.122,-0.183,0.007,0.955,3,1100
205237575,-0.610,0.061,0.122,-0.043,0.102,1.045,3,1100
205238643,-0.976,-1.341,0.305,0.161,0.075,1.193,3,1100
205239574,-1.402,-1.524,0.854,0.182,0.051,0.923,3,1100
205240642,-2.073,0.000,0.976,0.152,0.046,1.219,3,1100
205241574,-1.707,2.073,1.159,0.011,0.009,0.958,3,1100
205242642,-1.037,3.963,0.732,-0.145,-0.051,1.095,3,1100
205243582,-0.732,4.878,-0.061,-0.208,-0.047,1.018,3,1100
205244642,-0.244,2.500,-0.183,-0.033,0.108,1.033,3,1100
205245571,-0.427,0.061,0.305,0.066,0.064,0.939,3,1100
205246643,-0.976,-1.524,0.305,0.161,0.064,1.164,3,1100
205247571,-1.280,-1.524,0.610,0.187,0.052,0.943,3,1100
205248643,-1.829,-0.122,1.037,0.150,0.060,1.207,3,1100
205249570,-1.829,1.890,0.976,0.020,-0.005,0.986,3,1100
205250642,-0.671,4.512,-0.183,-0.149,-0.031,1.096,3,1100
205251585,-0.366,4.085,-0.244,-0.197,-0.057,0.987,3,1100
205252643,-0.183,2.317,0.000,-0.035,0.085,1.000,3,1100
205253566,-0.549,0.305,0.305,0.061,0.047,0.981,3,1100
205254642,-0.915,-1.463,0.183,0.150,0.068,1.132,3,1100
205255581,-1.037,-1.402,0.488,0.196,0.045,0.983,3,1100
205256643,-1.829,-0.427,0.976,0.145,0.057,1.167,3,1100
205257575,-1.646,1.707,1.159,0.033,-0.003,1.028,3,1100
205258643,-0.976,4.268,0.000,-0.209,-0.042,0.985,3,1100
205259570,-0.854,3.963,0.000,-0.208,0.004,1.017,3,1100
205260643,-0.549,2.317,-0.061,-0.046,0.081,0.973,3,1100
205261563,-0.793,0.244,0.183,0.060,0.073,0.997,3,1100
205262642,-1.037,-1.280,0.061,0.145,0.069,1.108,3,1100
205263572,-1.159,-1.768,0.488,0.194,0.045,1.011,3,1100
205264642,-1.829,1.768,1.098,0.029,0.021,1.045,3,1100
205265573,-1.280,3.841,0.732,-0.134,-0.024,1.077,3,1100
205266642,-0.732,4.634,-0.244,-0.201,-0.054,0.981,3,1100
205267584,-0.366,4.329,-0.366,-0.219,0.013,1.011,3,1100
205268643,-0.488,2.683,-0.122,-0.042,0.091,0.969,3,1100
205269575,-0.793,0.549,0.305,0.056,0.071,1.012,3,1100
205270642,-0.915,-1.220,0.305,0.149,0.067,1.080,3,1100
205271573,-1.159,-0.488,0.976,0.188,0.052,1.029,3,1100
205272643,-1.768,1.829,1.037,0.031,0.025,1.079,3,1100
205273619,-1.524,3.415,0.671,-0.121,-0.051,1.089,3,1100
205274163,-0.854,4.329,-0.183,-0.121,-0.051,1.089,3,1100
205275697,-0.488,4.512,-0.427,-0.206,0.020,1.010,3,1100
205276212,-0.305,2.744,-0.122,-0.046,0.077,0.950,3,1100
205277694,-0.732,-1.341,0.000,0.049,0.064,1.043,3,1100
205278206,-0.732,-1.341,0.000,0.144,0.068,1.049,3,1100
205279694,-1.585,-0.610,0.915,0.138,0.058,1.076,3,1100
205280210,-1.585,-0.610,0.915,0.138,0.058,1.076,3,1100
205281694,-1.585,3.110,0.671,-0.118,-0.031,1.088,3,1100
205282208,-0.854,4.329,-0.061,-0.197,-0.045,0.973,3,1100
205283694,-0.549,4.085,-0.244,-0.199,0.003,1.021,3,1100
205284216,-0.366,2.683,-0.061,-0.068,0.082,0.935,3,1100
205285694,-0.915,-1.341,0.366,0.130,0.065,0.990,3,1100
205286203,-0.915,-1.341,0.366,0.130,0.065,0.990,3,1100
205287694,-1.768,-0.488,0.915,0.137,0.043,1.032,3,1100
205288205,-1.890,1.463,0.671,0.033,0.038,1.134,3,1100
205289694,-1.341,3.476,0.549,-0.092,-0.043,1.099,3,1100
205290205,-0.854,4.573,0.122,-0.223,-0.034,0.964,3,1100
205291694,-0.305,2.927,-0.122,-0.061,0.075,0.930,3,1100
205292216,-0.305,2.927,-0.122,-0.061,0.075,0.930,3,1100
205293694,-0.976,-1.220,0.366,0.134,0.058,0.957,3,1100
205294205,-0.976,-1.220,0.366,0.134,0.058,0.957,3,1100
205295694,-1.646,-0.671,0.793,0.139,0.035,1.002,3,1100
205296208,-1.951,1.341,1.037,0.025,0.039,1.149,3,1100
205297694,-1.707,3.476,0.915,-0.098,-0.043,1.087,3,1100
205298205,-0.976,4.390,0.244,-0.208,-0.042,0.980,3,1100
205299694,-0.366,2.866,-0.061,-0.066,0.064,0.916,3,1100
205300208,-0.366,2.866,-0.061,-0.066,0.064,0.916,3,1100
205301694,-1.280,-1.280,0.427,0.135,0.057,0.937,3,1100
205302205,-1.524,-1.646,0.488,0.199,0.043,1.180,3,1100
205303694,-1.707,-0.671,0.732,0.147,0.044,0.962,3,1100
205304206,-1.768,1.220,0.854,0.032,0.034,1.170,3,1100
205305694,-0.976,4.390,0.122,-0.205,-0.038,0.981,3,1100
205306205,-0.976,4.390,0.122,-0.205,-0.038,0.981,3,1100
205307694,-0.427,2.927,-0.122,-0.078,0.069,0.908,3,1100
205308205,-0.549,0.732,0.061,-0.078,0.069,0.908,3,1100
205309694,-0.854,-1.098,0.000,0.137,0.053,0.904,3,1100
205310205,-1.220,-1.524,0.305,0.187,0.048,1.202,3,1100
205311694,-2.134,1.524,1.098,0.149,0.037,0.955,3,1100
205312214,-2.134,1.524,1.098,0.035,0.048,1.187,3,1100
205313694,-0.671,4.512,0.122,-0.212,-0.035,0.986,3,1100
205314216,-0.671,4.512,0.122,-0.212,-0.035,0.986,3,1100
205315694,-0.305,3.171,-0.183,-0.069,0.074,0.912,3,1100
205316205,-0.488,0.854,0.427,0.051,0.099,1.136,3,1100
205317694,-1.037,-1.037,0.549,0.142,0.052,0.897,3,1100
205318208,-1.037,-1.585,0.549,0.186,0.055,1.201,3,1100
205319694,-1.951,1.098,0.793,0.051,0.048,1.168,3,1100
205320205,-1.951,1.098,0.793,0.051,0.048,1.168,3,1100
205321694,-1.220,4.573,0.183,-0.214,-0.030,0.999,3,1100
205322205,-0.671,4.146,-0.366,-0.191,-0.007,0.973,3,1100
205323694,-0.549,3.171,-0.122,-0.079,0.058,0.925,3,1100
205324215,-0.488,0.915,0.244,0.047,0.098,1.136,3,1100
205325694,-1.159,-1.768,0.183,0.193,0.063,1.199,3,1100
205326208,-1.159,-1.768,0.183,0.193,0.063,1.199,3,1100
205327694,-1.890,1.159,0.671,0.033,0.051,1.176,3,1100
205328205,-1.890,1.159,0.671,0.033,0.051,1.176,3,1100
205329694,-0.732,4.573,0.000,-0.201,-0.027,1.013,3,1100
205330205,-0.427,3.902,-0.122,-0.199,-0.016,0.958,3,1100
205331694,-0.488,2.866,-0.122,-0.107,0.054,0.953,3,1100
205332205,-0.427,1.098,0.061,0.027,0.111,1.113,3,1100
205333694,-1.159,-2.012,0.366,0.177,0.058,1.174,3,1100
205334216,-1.159,-2.012,0.366,0.177,0.058,1.174,3,1100
205335694,-1.768,0.793,0.854,0.052,0.059,1.144,3,1100
205336215,-1.707,3.293,0.610,-0.072,-0.045,1.066,3,1100
205337694,-1.098,4.756,-0.061,-0.208,-0.033,1.024,3,1100
205338203,-0.366,4.329,-0.610,-0.208,-0.022,0.943,3,1100
205339694,-0.244,0.854,0.244,0.039,0.108,1.089,3,1100
205340205,-0.244,0.854,0.244,0.039,0.108,1.089,3,1100
205341694,-1.341,-1.951,0.488,0.192,0.051,1.153,3,1100
205342215,-1.402,-0.976,0.976,0.192,0.051,1.153,3,1100
205343694,-2.012,0.793,1.037,0.061,0.055,1.128,3,1100
205344205,-1.890,2.988,0.976,-0.083,-0.051,1.063,3,1100
205345694,-0.671,4.024,-0.305,-0.197,-0.038,1.016,3,1100
205346216,-0.671,4.024,-0.305,-0.200,-0.019,0.939,3,1100
205347694,-0.366,1.037,0.000,0.034,0.103,1.058,3,1100
205348203,-0.366,1.037,0.000,0.034,0.103,1.058,3,1100
205349694,-1.220,-1.524,0.122,0.199,0.054,1.121,3,1100
205350206,-1.768,-0.854,0.671,0.157,0.045,1.044,3,1100
205351694,-2.134,0.976,1.159,0.060,0.044,1.107,3,1100
205352215,-1.951,3.110,0.732,-0.078,-0.033,1.083,3,1100
205353694,-0.549,4.634,-0.061,-0.207,-0.022,0.925,3,1100
205354203,-0.549,4.634,-0.061,-0.207,-0.022,0.925,3,1100
205355694,-0.244,1.037,0.000,0.012,0.113,1.029,3,1100
205356205,-0.854,-0.732,0.183,0.150,0.038,1.017,3,1100
205357694,-1.341,-1.829,0.305,0.180,0.062,1.090,3,1100
205358208,-1.707,-1.098,0.671,0.172,0.037,1.087,3,1100
205359694,-1.707,3.232,0.976,-0.078,-0.018,1.080,3,1100
205360205,-1.707,3.232,0.976,-0.078,-0.018,1.080,3,1100
205361694,-0.305,4.512,-0.305,-0.226,-0.041,0.920,3,1100
205362215,-0.366,3.476,-0.488,-0.226,-0.041,0.920,3,1100
205363694,-0.366,1.037,0.366,0.024,0.111,1.015,3,1100
205364216,-0.671,-0.976,0.366,0.149,0.055,1.051,3,1100
205365694,-1.037,-1.951,0.549,0.179,0.054,1.058,3,1100
205366205,-1.768,-1.098,0.915,0.158,0.046,1.112,3,1100
205367694,-1.646,2.805,0.732,-0.080,-0.026,1.107,3,1100
205368205,-1.646,2.805,0.732,-0.080,-0.026,1.107,3,1100
205369694,-0.671,4.329,-0.244,-0.217,-0.026,0.912,3,1100
205370203,-0.671,3.415,-0.061,-0.117,0.066,1.050,3,1100
205371694,-0.610,1.159,0.122,0.015,0.099,1.000,3,1100
205372205,-0.915,-0.793,0.488,0.133,0.062,1.070,3,1100
205373694,-1.646,-0.854,0.732,0.182,0.045,1.138,3,1100
205374205,-1.646,-0.854,0.732,0.182,0.045,1.138,3,1100
205375694,-1.951,2.866,0.610,-0.086,-0.023,1.100,3,1100
205376215,-0.854,4.390,0.000,-0.086,-0.023,1.100,3,1100
205377694,-0.732,4.573,-0.488,-0.210,-0.036,0.922,3,1100
205378206,-0.915,3.476,-0.549,-0.133,0.046,1.065,3,1100
205379694,-0.793,-1.037,0.305,0.014,0.106,0.985,3,1100
205380216,-0.793,-1.037,0.305,0.146,0.077,1.088,3,1100
205381694,-1.341,-1.037,0.793,0.167,0.042,1.159,3,1100
205382205,-1.341,-1.037,0.793,0.167,0.042,1.159,3,1100
205383694,-1.707,2.866,0.854,-0.055,-0.022,1.124,3,1100
205384205,-1.037,4.329,0.366,-0.208,-0.040,1.031,3,1100
205385694,-0.549,4.390,-0.366,-0.215,-0.056,0.915,3,1100
205386215,-0.488,3.659,-0.366,-0.119,0.048,1.059,3,1100
205387694,-0.549,-0.671,0.427,0.141,0.070,1.114,3,1100
205388216,-0.549,-0.671,0.427,0.141,0.070,1.114,3,1100
205389694,-1.159,-1.098,0.976,0.181,0.046,1.190,3,1100
205390205,-1.646,0.732,1.037,0.077,0.041,0.990,3,1100
205391694,-1.829,2.866,0.915,-0.075,-0.019,1.130,3,1100
205392205,-1.037,4.451,0.183,-0.199,-0.040,1.018,3,1100
205393694,-0.366,3.537,-0.122,-0.146,0.056,1.059,3,1100
205394208,-0.366,3.537,-0.122,-0.146,0.056,1.059,3,1100
205395694,-0.549,-0.976,0.366,0.151,0.088,1.126,3,1100
205396203,-0.549,-0.976,0.366,0.151,0.088,1.126,3,1100
205397694,-1.159,-1.220,0.732,0.180,0.049,1.220,3,1100
205398205,-1.646,0.427,0.732,0.093,0.045,0.972,3,1100
205399694,-1.585,2.561,1.037,-0.069,-0.025,1.134,3,1100
205400203,-0.915,4.085,0.488,-0.202,-0.019,0.994,3,1100
205401694,-0.488,3.780,-0.183,-0.153,0.054,1.051,3,1100
205402208,-0.488,3.780,-0.183,-0.153,0.054,1.051,3,1100
205403694,-0.610,-0.854,0.427,0.144,0.090,1.132,3,1100
205404205,-1.098,-1.646,0.488,0.188,0.040,0.943,3,1100
205405694,-1.098,-1.280,0.915,0.167,0.053,1.216,3,1100
205406215,-1.829,0.366,1.098,0.097,0.059,0.958,3,1100
205407694,-1.280,4.451,0.305,-0.218,-0.020,0.984,3,1100
205408203,-1.280,4.451,0.305,-0.218,-0.020,0.984,3,1100
205409694,-0.610,3.415,-0.244,-0.147,0.051,1.017,3,1100
205410205,-0.183,1.280,0.183,-0.147,0.051,1.017,3,1100
205411694,-0.610,-0.854,0.305,0.138,0.083,1.127,3,1100
205412205,-1.159,-1.768,0.488,0.200,0.042,0.951,3,1100
205413694,-1.585,0.366,1.098,0.174,0.054,1.179,3,1100
205414205,-1.585,0.366,1.098,0.098,0.056,0.950,3,1100
205415694,-1.037,4.512,0.183,-0.211,-0.020,0.976,3,1100
205416205,-1.037,4.512,0.183,-0.211,-0.020,0.976,3,1100
205417694,-0.732,3.780,-0.122,-0.165,0.058,0.994,3,1100
205418202,-0.549,1.463,0.305,-0.012,0.084,0.979,3,1100
205419694,-0.732,-0.732,0.305,0.114,0.083,1.081,3,1100
205420216,-1.280,-1.585,0.366,0.190,0.046,0.993,3,1100
205421694,-1.768,0.549,1.098,0.112,0.046,0.996,3,1100
205422203,-1.768,0.549,1.098,0.112,0.046,0.996,3,1100
205423694,-1.220,4.451,0.427,-0.203,-0.030,0.966,3,1100
205424205,-0.610,4.756,0.061,-0.187,-0.038,1.065,3,1100
205425694,-0.549,3.780,0.000,-0.177,0.039,0.981,3,1100
205426215,-0.549,1.646,0.122,-0.021,0.092,1.011,3,1100
205427694,-1.159,-1.524,0.549,0.181,0.052,1.042,3,1100
205428205,-1.159,-1.524,0.549,0.181,0.052,1.042,3,1100
205429694,-1.463,0.549,1.098,0.122,0.045,1.066,3,1100
205430205,-1.463,0.549,1.098,0.122,0.045,1.066,3,1100
205431694,-1.341,4.268,0.488,-0.198,-0.027,0.975,3,1100
205432205,-0.549,4.634,-0.366,-0.187,-0.070,1.065,3,1100
205433694,-0.671,3.780,-0.427,-0.186,0.046,0.966,3,1100
205434216,-0.122,1.768,0.000,-0.010,0.091,1.029,3,1100
205435694,-1.098,-1.768,0.366,0.194,0.059,1.093,3,1100
205436203,-1.098,-1.768,0.366,0.194,0.059,1.093,3,1100
205437694,-1.951,0.061,1.037,0.122,0.050,1.114,3,1100
205438205,-1.951,1.951,1.037,-0.021,-0.027,1.061,3,1100
205439694,-1.341,4.146,0.549,-0.220,-0.015,1.012,3,1100
205440205,-0.793,4.573,-0.061,-0.204,-0.042,1.069,3,1100
205441694,-0.244,1.890,0.183,-0.019,0.098,1.032,3,1100
205442205,-0.244,1.890,0.183,-0.019,0.098,1.032,3,1100
205443694,-1.037,-1.646,0.610,0.194,0.066,1.130,3,1100
205444215,-1.402,-1.646,1.037,0.194,0.066,1.130,3,1100
205445694,-2.012,0.244,1.098,0.113,0.053,1.149,3,1100
205446203,-2.012,2.317,1.098,-0.000,-0.019,1.020,3,1100
205447694,-0.671,4.512,-0.305,-0.203,-0.034,1.017,3,1100
205448215,-0.671,4.512,-0.305,-0.197,-0.043,1.084,3,1100
205449694,-0.427,2.134,0.061,-0.049,0.102,1.041,3,1100
205450203,-0.427,2.134,0.061,-0.049,0.102,1.041,3,1100
205451694,-1.098,-1.585,0.366,0.177,0.084,1.164,3,1100
205452208,-1.463,-1.646,0.671,0.186,0.046,0.980,3,1100
205453694,-1.951,0.183,0.793,0.124,0.051,1.194,3,1100
205454208,-1.768,2.256,0.732,0.010,-0.007,0.983,3,1100
205455694,-0.976,4.329,-0.305,-0.200,-0.043,1.053,3,1100
205456205,-0.976,4.329,-0.305,-0.200,-0.043,1.053,3,1100
205457694,-0.244,1.707,0.061,-0.011,0.113,1.061,3,1100
205458205,-0.305,-0.183,0.183,0.083,0.049,0.922,3,1100
205459694,-1.037,-1.463,0.366,0.178,0.084,1.155,3,1100
205460215,-1.463,-1.463,0.610,0.198,0.033,0.955,3,1100
205461694,-1.829,2.073,0.854,-0.004,-0.015,0.986,3,1100
205462205,-1.829,2.073,0.854,-0.004,-0.015,0.986,3,1100
205463694,-0.915,4.329,-0.427,-0.194,-0.033,1.051,3,1100
205464205,-0.915,4.329,-0.427,-0.194,-0.033,1.051,3,1100
205465694,-0.488,2.073,0.000,-0.018,0.113,1.051,3,1100
205466208,-0.732,-0.244,0.000,0.095,0.048,0.919,3,1100
205467694,-1.402,-1.585,0.244,0.163,0.077,1.184,3,1100
205468205,-1.524,-1.524,0.610,0.192,0.038,0.934,3,1100
205469694,-1.646,2.073,0.915,0.003,0.006,0.977,3,1100
205470203,-1.646,2.073,0.915,0.003,0.006,0.977,3,1100
205471694,-0.610,4.817,-0.122,-0.206,-0.023,1.044,3,1100
205472205,-0.366,4.329,-0.183,-0.187,0.009,0.935,3,1100
205473694,-0.244,2.256,0.000,-0.033,0.098,1.047,3,1100
205474205,-0.671,0.061,0.305,0.081,0.055,0.915,3,1100
205475694,-1.220,-1.585,0.610,0.185,0.040,0.928,3,1100
205476208,-1.220,-1.585,0.610,0.185,0.040,0.928,3,1100
205477694,-1.829,2.073,1.037,0.016,-0.002,0.975,3,1100
205478205,-1.463,3.598,0.305,0.016,-0.002,0.975,3,1100
205479694,-0.732,4.634,-0.549,-0.196,-0.046,1.013,3,1100
205480208,-0.427,4.207,-0.305,-0.201,0.003,0.956,3,1100
205481694,-0.427,0.183,0.305,-0.039,0.118,1.044,3,1100
205482214,-0.427,0.183,0.305,0.087,0.062,0.932,3,1100
205483694,-1.524,-1.585,0.610,0.188,0.048,0.945,3,1100
205484215,-1.524,-1.585,0.610,0.188,0.048,0.945,3,1100
205485232,-1.463,1.829,1.098,0.012,0.008,0.987,3,1100
205486643,-1.159,3.659,0.610,-0.168,-0.045,1.100,3,1100
205487604,-0.671,4.451,0.000,-0.218,-0.038,1.012,3,1100
205488642,-0.610,2.256,0.244,-0.195,0.013,0.968,3,1100
205489579,-0.244,0.183,0.183,-0.038,0.108,1.007,3,1100
205490642,-0.610,-1.585,0.183,0.169,0.067,1.138,3,1100
205491571,-1.098,-1.341,0.427,0.189,0.052,0.963,3,1100
205492642,-1.585,-0.122,0.915,0.152,0.064,1.199,3,1100
205493585,-2.012,1.829,1.280,0.018,0.013,1.009,3,1100
205494643,-1.463,3.598,0.610,-0.168,-0.034,1.117,3,1100
205495573,-0.793,4.878,-0.305,-0.201,-0.054,0.958,3,1100
205496643,-0.305,2.500,-0.122,-0.045,0.092,0.962,3,1100
205497575,-0.427,0.305,0.122,0.067,0.068,1.016,3,1100
205498643,-0.793,-1.646,0.305,0.173,0.060,1.090,3,1100
205499570,-1.220,-1.341,0.671,0.189,0.058,1.004,3,1100
205500642,-1.646,-0.244,0.854,0.161,0.036,1.152,3,1100
205501579,-2.012,1.829,0.854,0.020,0.033,1.062,3,1100
205502643,-0.671,4.878,-0.366,-0.149,-0.050,1.116,3,1100
205503575,-0.427,4.329,-0.488,-0.225,0.015,1.010,3,1100
205504643,-0.183,2.805,-0.122,-0.045,0.088,0.952,3,1100
205505579,-0.549,0.427,0.244,0.061,0.083,1.047,3,1100
205506643,-0.854,-1.463,0.488,0.161,0.071,1.059,3,1100
205507574,-1.159,-1.524,0.732,0.194,0.054,1.044,3,1100
205508643,-1.707,-0.610,0.793,0.161,0.056,1.113,3,1100
205509579,-1.768,3.354,0.549,0.035,0.021,1.090,3,1100
205510642,-0.976,4.512,-0.061,-0.208,-0.064,0.914,3,1100
205511583,-0.549,4.329,0.000,-0.227,0.025,1.022,3,1100
205512642,-0.488,2.622,0.183,-0.049,0.076,0.926,3,1100
205513571,-0.732,0.183,0.244,0.065,0.080,1.072,3,1100
205514642,-1.402,-1.463,0.000,0.144,0.070,1.005,3,1100
205515571,-1.402,-1.585,0.427,0.203,0.041,1.084,3,1100
205516643,-2.195,1.402,0.854,0.033,0.029,1.146,3,1100
205517571,-1.524,3.476,0.610,-0.137,-0.044,1.081,3,1100
205518643,-0.793,4.695,0.000,-0.203,-0.049,0.924,3,1100
205519567,-0.488,4.329,-0.244,-0.208,-0.001,1.027,3,1100
205520642,-0.427,2.622,-0.244,-0.079,0.081,0.921,3,1100
205521583,-0.427,0.488,-0.122,0.046,0.080,1.101,3,1100
205522643,-1.220,-1.402,0.427,0.142,0.058,0.972,3,1100
205523571,-1.585,-0.488,1.037,0.212,0.053,1.117,3,1100
205524643,-2.134,1.280,0.793,0.046,0.046,1.176,3,1100
205525571,-1.585,3.293,0.671,-0.107,-0.039,1.073,3,1100
205526642,-0.854,4.390,-0.061,-0.221,-0.046,0.930,3,1100
205527574,-0.610,4.390,-0.305,-0.209,-0.018,1.016,3,1100
205528642,-0.366,2.927,0.122,-0.068,0.077,0.917,3,1100
205529571,-0.244,0.549,0.366,0.058,0.089,1.126,3,1100
205530643,-0.915,-1.951,0.305,0.192,0.046,1.149,3,1100
205531575,-1.585,-0.793,0.976,0.164,0.052,0.989,3,1100
205532642,-1.768,1.159,1.159,0.047,0.037,1.200,3,1100
205533579,-1.280,3.354,0.793,-0.121,-0.049,1.074,3,1100
205534642,-0.793,4.634,0.122,-0.207,-0.048,0.937,3,1100
205535586,-0.549,4.512,-0.122,-0.225,-0.000,1.013,3,1100
205536643,-0.366,1.098,0.305,-0.065,0.071,0.918,3,1100
205537575,-1.098,-1.159,0.305,0.149,0.043,0.912,3,1100
205538642,-1.402,-1.768,0.793,0.185,0.057,1.183,3,1100
205539579,-1.768,-0.854,1.280,0.166,0.049,0.977,3,1100
205540643,-2.012,1.402,1.037,0.057,0.044,1.206,3,1100
205541571,-1.524,3.415,0.854,-0.106,-0.049,1.049,3,1100
205542642,-0.610,4.573,0.366,-0.212,-0.042,0.950,3,1100
205543587,-0.366,2.927,-0.122,-0.213,-0.009,1.005,3,1100
205544642,-0.244,0.793,0.305,0.032,0.092,1.141,3,1100
205545582,-0.610,-1.463,0.427,0.149,0.037,0.902,3,1100
205546642,-1.402,-2.195,0.488,0.206,0.053,1.184,3,1100
205547587,-1.646,-0.976,0.854,0.148,0.042,0.953,3,1100
205548642,-1.646,1.159,1.098,0.070,0.051,1.237,3,1100
205549575,-1.037,3.354,0.793,-0.097,-0.037,1.042,3,1100
205550642,-0.427,4.512,-0.488,-0.217,-0.012,0.998,3,1100
205551577,-0.366,3.659,-0.183,-0.093,0.062,0.923,3,1100
205552643,-0.244,1.098,0.488,0.038,0.090,1.137,3,1100
205553571,-0.732,-0.976,0.488,0.131,0.049,0.895,3,1100
205554642,-1.037,-1.707,0.549,0.198,0.060,1.201,3,1100
205555575,-1.463,-0.671,1.037,0.147,0.054,0.950,3,1100
205556643,-2.073,3.232,0.732,0.074,0.047,1.225,3,1100
205557575,-1.463,4.573,-0.122,-0.104,-0.047,1.044,3,1100
205558642,-1.037,4.085,-0.671,-0.201,-0.009,0.982,3,1100
205559591,-0.976,3.171,-0.122,-0.100,0.064,0.947,3,1100
205560643,-0.671,0.976,0.000,0.034,0.083,1.119,3,1100
205561563,-1.098,-0.732,0.061,0.124,0.053,0.885,3,1100
205562643,-1.463,-1.646,0.244,0.197,0.058,1.207,3,1100
205563571,-1.707,-0.854,0.976,0.170,0.062,0.945,3,1100
205564643,-1.707,3.232,0.915,-0.091,-0.045,1.041,3,1100
205565575,-0.976,4.451,0.000,-0.202,-0.032,1.008,3,1100
205566642,-0.427,4.451,-0.427,-0.216,-0.019,0.964,3,1100
205567567,-0.488,3.354,-0.183,-0.104,0.046,0.968,3,1100
205568643,-0.183,0.793,0.427,0.030,0.100,1.103,3,1100
205569571,-0.854,-1.402,0.671,0.141,0.052,0.922,3,1100
205570642,-1.646,-1.280,0.854,0.213,0.057,1.169,3,1100
205571582,-1.951,0.793,0.854,0.074,0.059,1.177,3,1100
205572642,-1.585,2.927,0.793,-0.076,-0.045,1.041,3,1100
205573586,-0.671,4.390,0.061,-0.211,-0.032,1.020,3,1100
205574643,-0.488,4.573,-0.366,-0.221,-0.023,0.945,3,1100
205575575,-0.366,3.537,-0.244,-0.102,0.074,0.993,3,1100
205576642,-0.488,0.915,0.122,0.036,0.093,1.085,3,1100
205577579,-0.793,-0.854,0.366,0.113,0.057,0.955,3,1100
205578643,-1.341,-1.037,0.915,0.160,0.047,1.009,3,1100
205579571,-1.890,0.793,1.220,0.070,0.065,1.161,3,1100
205580642,-1.524,2.866,0.854,-0.071,-0.063,1.033,3,1100
205581574,-0.854,4.451,0.427,-0.219,-0.024,1.033,3,1100
205582642,-0.427,4.390,-0.183,-0.210,-0.026,0.921,3,1100
205583575,-0.366,3.354,0.000,-0.111,0.063,1.012,3,1100
205584642,-0.610,-1.037,0.183,0.121,0.042,0.993,3,1100
205585571,-1.220,-2.256,0.427,0.205,0.053,1.108,3,1100
205586643,-1.646,-1.037,0.976,0.155,0.052,1.035,3,1100
205587578,-1.890,0.793,1.159,0.069,0.049,1.120,3,1100
205588643,-1.524,2.988,0.976,-0.065,-0.034,1.050,3,1100
205589579,-0.732,4.268,0.366,-0.191,-0.031,1.035,3,1100
205590642,-0.061,3.659,-0.244,-0.220,-0.016,0.910,3,1100
205591583,-0.488,1.098,0.061,-0.112,0.046,1.030,3,1100
205592643,-0.793,-1.098,0.366,0.133,0.054,1.004,3,1100
205593575,-1.341,-2.256,0.549,0.194,0.053,1.070,3,1100
205594642,-1.646,-1.220,0.793,0.157,0.047,1.079,3,1100
205595583,-1.890,0.610,1.037,0.077,0.052,1.107,3,1100
205596642,-1.707,2.683,0.915,-0.065,-0.029,1.047,3,1100
205597578,-1.037,4.024,0.122,-0.209,-0.036,1.043,3,1100
205598642,-0.671,3.720,-0.488,-0.118,0.056,1.068,3,1100
205599583,-0.671,1.098,0.061,0.018,0.099,0.977,3,1100
205600643,-0.793,-1.098,0.244,0.122,0.057,1.075,3,1100
205601575,-1.220,-2.134,0.427,0.189,0.056,1.005,3,1100
205602643,-1.707,-1.159,0.610,0.162,0.054,1.131,3,1100
205603579,-1.646,0.549,1.098,0.089,0.049,1.042,3,1100
205604642,-0.854,4.268,0.183,-0.067,-0.031,1.086,3,1100
205605579,-0.305,4.512,-0.183,-0.215,-0.029,0.915,3,1100
205606642,-0.305,3.659,-0.183,-0.118,0.068,1.087,3,1100
205607579,-0.183,1.037,0.122,0.012,0.091,0.940,3,1100
205608642,-0.732,-1.037,0.183,0.133,0.069,1.127,3,1100
205609579,-1.098,-1.890,0.427,0.195,0.047,0.960,3,1100
205610642,-1.707,-0.915,0.732,0.166,0.038,1.177,3,1100
205611579,-1.646,0.793,1.220,0.086,0.044,1.011,3,1100
205612642,-0.976,4.268,0.366,-0.193,-0.030,1.031,3,1100
205613575,-0.244,4.390,-0.427,-0.207,-0.024,0.938,3,1100
205614643,-0.427,3.476,-0.549,-0.131,0.046,1.081,3,1100
205615575,-0.366,1.159,-0.305,-0.008,0.109,0.924,3,1100
205616642,-0.793,-0.732,0.000,0.140,0.050,1.144,3,1100
205617567,-0.976,-1.707,0.366,0.176,0.072,0.929,3,1100
205618643,-1.829,0.671,0.915,0.077,0.049,0.973,3,1100
205619577,-1.524,2.866,0.732,-0.044,-0.022,1.132,3,1100
205620643,-0.976,4.268,0.244,-0.184,-0.039,1.016,3,1100
205621575,-0.488,4.695,-0.305,-0.217,-0.032,0.954,3,1100
205622642,-0.061,3.476,-0.305,-0.146,0.055,1.064,3,1100
205623582,0.183,1.159,0.305,0.010,0.112,0.916,3,1100
205624642,-0.915,-1.646,0.244,0.138,0.067,1.162,3,1100
205625571,-1.402,-1.098,0.732,0.174,0.049,0.910,3,1100
205626643,-1.768,0.549,1.098,0.076,0.043,0.951,3,1100
205627574,-1.646,2.805,0.915,-0.044,-0.007,1.161,3,1100
205628643,-1.402,4.329,0.366,-0.189,-0.041,0.996,3,1100
205629575,-0.915,4.878,-0.366,-0.232,-0.031,0.973,3,1100
205630642,-0.549,3.841,-0.122,-0.127,0.042,1.034,3,1100
205631584,-0.488,1.585,0.305,-0.012,0.109,0.935,3,1100
205632642,-1.280,-1.585,0.305,0.171,0.044,0.927,3,1100
205633582,-1.402,-1.402,0.671,0.193,0.044,1.220,3,1100
205634643,-1.829,0.610,0.915,0.083,0.034,0.951,3,1100
205635578,-1.768,2.683,0.732,-0.051,-0.010,1.157,3,1100
205636642,-1.098,4.390,0.488,-0.170,-0.041,0.989,3,1100
205637575,-0.671,4.695,-0.122,-0.208,-0.034,1.014,3,1100
205638642,-0.061,1.280,-0.244,-0.146,0.038,1.012,3,1100
205639587,-0.671,-0.671,0.305,0.123,0.088,1.111,3,1100
205640643,-1.220,-1.524,0.488,0.196,0.049,0.964,3,1100
205641571,-1.463,-1.524,0.793,0.175,0.050,1.174,3,1100
205642643,-1.524,0.427,0.793,0.104,0.041,0.984,3,1100
205643579,-1.707,2.500,0.671,-0.035,-0.007,1.125,3,1100
205644642,-1.220,4.329,0.366,-0.180,-0.041,0.984,3,1100
205645571,-0.610,4.390,-0.244,-0.211,-0.056,1.041,3,1100
205646642,-0.366,1.707,0.305,-0.016,0.088,0.986,3,1100
205647579,-0.488,-0.610,0.488,0.114,0.093,1.086,3,1100
205648642,-0.793,-1.524,0.427,0.192,0.052,1.011,3,1100
205649571,-1.098,-1.463,0.488,0.154,0.038,1.108,3,1100
205650642,-1.707,0.366,0.854,0.114,0.052,1.020,3,1100
205651585,-1.890,2.195,0.915,-0.020,-0.021,1.124,3,1100
205652643,-0.854,4.512,-0.305,-0.192,-0.057,1.062,3,1100
205653619,-0.671,3.598,-0.244,-0.156,0.022,0.974,3,1100
205654644,-0.366,1.585,0.061,-0.011,0.093,1.012,3,1100
205655619,-1.037,-0.488,0.183,0.106,0.077,1.023,3,1100
205656151,-1.280,-1.341,0.427,0.196,0.057,1.057,3,1100
205657694,-1.341,-1.463,0.793,0.161,0.042,1.058,3,1100
205658221,-1.829,0.427,0.915,0.111,0.052,1.061,3,1100
205659694,-1.037,4.390,0.671,-0.202,-0.021,1.002,3,1100
205660203,-1.037,4.390,0.671,-0.202,-0.021,1.002,3,1100
205661694,-0.732,3.720,-0.366,-0.184,0.025,0.955,3,1100
205662206,-0.488,1.707,0.000,-0.018,0.089,1.021,3,1100
205663694,-0.732,-0.488,0.183,0.107,0.068,0.993,3,1100
205664216,-1.098,-1.463,0.305,0.190,0.069,1.081,3,1100
205665694,-1.463,0.427,1.037,0.173,0.037,1.036,3,1100
205666215,-1.463,0.427,1.037,0.124,0.049,1.121,3,1100
205667694,-1.280,3.963,0.549,-0.187,-0.031,0.985,3,1100
205668215,-1.280,3.963,0.549,-0.187,-0.031,0.985,3,1100
205669694,-0.549,3.780,-0.122,-0.182,0.023,0.947,3,1100
205670215,-0.305,1.890,0.183,-0.010,0.104,1.042,3,1100
205671694,-0.488,-0.366,0.122,0.094,0.062,0.967,3,1100
205672206,-1.037,-1.463,0.305,0.185,0.077,1.106,3,1100
205673704,-1.524,0.244,1.098,0.112,0.067,1.192,3,1100
205674225,-1.524,0.244,1.098,0.112,0.067,1.192,3,1100
205675697,-1.341,4.024,0.549,-0.191,-0.029,0.999,3,1100
205676218,-0.793,4.634,-0.244,-0.205,-0.033,1.073,3,1100
205677694,-0.610,3.902,-0.061,-0.163,0.015,0.945,3,1100
205678204,-0.488,1.951,0.122,-0.014,0.103,1.043,3,1100
205679694,-1.159,-1.341,0.366,0.188,0.088,1.154,3,1100
205680203,-1.159,-1.341,0.366,0.188,0.088,1.154,3,1100
205681702,-1.890,0.000,1.098,0.111,0.063,1.176,3,1100
205682232,-1.585,2.073,0.915,0.111,0.063,1.176,3,1100
205683697,-1.220,4.146,0.549,-0.186,-0.032,1.038,3,1100
205684221,-0.366,4.634,-0.122,-0.196,-0.030,1.062,3,1100
205685694,-0.427,1.951,0.183,-0.179,0.010,0.937,3,1100
205686214,-0.427,1.951,0.183,-0.017,0.104,1.048,3,1100
205687694,-1.280,-1.524,0.488,0.164,0.086,1.177,3,1100
205688208,-1.280,-1.524,0.488,0.164,0.086,1.177,3,1100
205689694,-1.951,0.183,1.098,0.129,0.065,1.240,3,1100
205690205,-1.707,2.134,1.159,0.000,-0.014,0.965,3,1100
205691694,-1.098,3.902,0.549,-0.184,-0.043,1.041,3,1100
205692208,-0.610,4.573,-0.183,-0.204,-0.029,1.028,3,1100
205693694,-0.244,2.073,0.061,-0.030,0.115,1.044,3,1100
205694204,-0.244,2.073,0.061,-0.030,0.115,1.044,3,1100
205695694,-0.915,-1.829,0.244,0.180,0.069,1.171,3,1100
205696214,-1.098,-1.646,0.671,0.190,0.044,0.930,3,1100
205697694,-1.646,-0.122,0.915,0.133,0.066,1.232,3,1100
205698204,-1.646,2.134,1.098,-0.007,-0.008,0.971,3,1100
205699694,-0.549,4.512,-0.183,-0.174,-0.053,1.066,3,1100
205700204,-0.549,4.512,-0.183,-0.202,-0.043,1.019,3,1100
205701694,-0.549,2.195,0.061,-0.011,0.105,1.033,3,1100
205702202,-0.549,2.195,0.061,-0.011,0.105,1.033,3,1100
205703694,-1.220,-1.829,-0.122,0.172,0.067,1.160,3,1100
205704214,-1.280,-1.402,0.305,0.194,0.046,0.944,3,1100
205705694,-1.890,-0.183,0.793,0.138,0.065,1.228,3,1100
205706214,-1.768,1.951,0.915,-0.007,-0.012,0.997,3,1100
205707694,-0.671,4.573,0.000,-0.197,-0.031,0.990,3,1100
205708208,-0.671,4.573,0.000,-0.197,-0.031,0.990,3,1100
205709694,-0.427,2.439,0.000,-0.030,0.102,1.002,3,1100
205710209,-0.610,0.122,0.183,0.072,0.050,0.973,3,1100
205711694,-1.159,-1.585,0.366,0.174,0.078,1.142,3,1100
205712204,-1.585,-1.341,0.671,0.199,0.050,0.985,3,1100
205713694,-2.073,1.707,0.854,0.010,0.000,1.021,3,1100
205714203,-2.073,1.707,0.854,0.010,0.000,1.021,3,1100
205715694,-0.915,4.695,-0.244,-0.206,-0.041,0.958,3,1100
205716204,-0.488,4.451,-0.061,-0.206,-0.041,0.958,3,1100
205717694,-0.305,2.439,0.000,-0.032,0.111,0.964,3,1100
205718214,-0.549,0.061,0.183,0.085,0.061,1.011,3,1100
205719694,-1.341,-1.524,0.488,0.158,0.067,1.077,3,1100
205720214,-1.341,-1.524,0.488,0.202,0.051,1.034,3,1100
205721694,-1.951,1.707,1.037,0.020,0.012,1.084,3,1100
205722204,-1.951,1.707,1.037,0.020,0.012,1.084,3,1100
205723694,-0.488,4.573,-0.122,-0.203,-0.048,0.946,3,1100
205724205,-0.183,4.329,-0.366,-0.218,0.014,1.027,3,1100
205725694,-0.061,2.378,-0.183,-0.037,0.088,0.952,3,1100
205726204,-0.183,0.000,0.000,0.068,0.069,1.050,3,1100
205727694,-1.159,-1.463,0.122,0.203,0.049,1.067,3,1100
205728214,-1.159,-1.463,0.122,0.203,0.049,1.067,3,1100
205729694,-1.463,1.768,1.037,0.014,0.014,1.130,3,1100
205730208,-1.220,3.537,0.610,-0.142,-0.048,1.059,3,1100
205731694,-0.854,4.512,-0.061,-0.196,-0.043,0.952,3,1100
205732203,-0.854,4.146,-0.122,-0.214,0.005,1.025,3,1100
205733694,-0.488,0.183,0.183,-0.056,0.077,0.937,3,1100
205734214,-0.488,0.183,0.183,0.062,0.084,1.081,3,1100
205735694,-1.280,-1.402,0.488,0.208,0.044,1.111,3,1100
205736209,-1.280,-1.402,0.488,0.208,0.044,1.111,3,1100
205737694,-1.890,1.646,1.220,0.045,0.010,1.154,3,1100
205738206,-1.646,3.415,0.854,-0.139,-0.042,1.058,3,1100
205739694,-1.037,4.390,-0.183,-0.214,-0.044,0.947,3,1100
205740204,-0.488,4.390,-0.183,-0.216,-0.022,1.028,3,1100
205741694,-0.427,0.366,0.488,0.067,0.081,1.109,3,1100
205742214,-0.427,0.366,0.488,0.067,0.081,1.109,3,1100
205743694,-1.159,-1.646,0.427,0.197,0.052,1.146,3,1100
205744204,-1.585,-0.610,0.671,0.153,0.045,1.007,3,1100
205745694,-1.890,1.402,1.037,0.046,0.023,1.185,3,1100
205746215,-1.463,3.232,0.976,-0.134,-0.038,1.050,3,1100
205747694,-0.549,4.146,-0.305,-0.219,-0.002,1.028,3,1100
205748214,-0.549,4.146,-0.305,-0.219,-0.002,1.028,3,1100
205749694,-0.549,0.549,0.305,0.048,0.089,1.122,3,1100
205750214,-0.915,-1.220,0.061,0.048,0.089,1.122,3,1100
205751694,-1.037,-1.585,0.366,0.196,0.062,1.177,3,1100
205752204,-1.646,-0.549,0.671,0.156,0.048,0.977,3,1100
205753694,-1.768,3.537,0.671,0.050,0.030,1.209,3,1100
205754209,-1.768,3.537,0.671,-0.114,-0.034,1.049,3,1100
205755694,-0.427,4.573,-0.427,-0.210,-0.003,1.010,3,1100
205756208,-0.427,4.573,-0.427,-0.210,-0.003,1.010,3,1100
205757694,-0.427,0.671,0.183,0.036,0.091,1.136,3,1100
205758209,-0.854,-1.463,0.061,0.156,0.037,0.898,3,1100
205759694,-1.098,-1.890,0.732,0.191,0.070,1.206,3,1100
205760203,-1.463,-0.793,1.037,0.154,0.041,0.971,3,1100
205761694,-1.159,3.476,0.732,-0.110,-0.026,1.047,3,1100
205762203,-1.159,3.476,0.732,-0.110,-0.026,1.047,3,1100
205763694,-0.244,4.390,-0.488,-0.218,-0.010,1.000,3,1100
205764203,0.061,2.988,-0.122,-0.218,-0.010,1.000,3,1100
205765694,-0.427,0.427,0.061,0.044,0.098,1.137,3,1100
205766214,-1.159,-1.280,0.122,0.141,0.043,0.902,3,1100
205767694,-1.951,-0.610,0.854,0.204,0.054,1.199,3,1100
205768205,-1.951,-0.610,0.854,0.155,0.042,0.958,3,1100
205769694,-1.524,3.415,0.854,-0.111,-0.042,1.051,3,1100
205770204,-1.524,3.415,0.854,-0.111,-0.042,1.051,3,1100
205771694,-0.183,4.695,-0.244,-0.222,-0.012,0.960,3,1100
205772214,-0.122,3.232,0.000,-0.103,0.076,0.945,3,1100
205773694,-0.549,0.793,0.122,0.040,0.093,1.123,3,1100
205774214,-1.037,-1.280,-0.122,0.138,0.051,0.896,3,1100
205775694,-1.463,-0.854,0.976,0.173,0.042,0.971,3,1100
205776204,-1.463,-0.854,0.976,0.173,0.042,0.971,3,1100
205777694,-1.463,3.415,0.854,-0.101,-0.038,1.047,3,1100
205778204,-0.976,4.573,-0.183,-0.204,-0.030,1.030,3,1100
205779694,-0.549,4.512,-0.305,-0.230,-0.013,0.957,3,1100
205780203,-0.488,3.537,-0.183,-0.102,0.062,0.970,3,1100
205781694,-0.671,-1.098,0.244,0.152,0.046,0.935,3,1100
205782204,-0.671,-1.098,0.244,0.152,0.046,0.935,3,1100
205783694,-1.524,-1.037,0.915,0.162,0.042,1.002,3,1100
205784203,-1.707,1.159,0.976,0.162,0.042,1.002,3,1100
205785694,-1.524,3.354,0.793,-0.091,-0.042,1.048,3,1100
205786214,-0.976,4.634,0.061,-0.212,-0.049,1.040,3,1100
205787694,-0.488,3.537,-0.366,-0.230,-0.029,0.921,3,1100
205788214,-0.488,3.537,-0.366,-0.110,0.069,1.011,3,1100
205789694,-0.976,-0.915,0.305,0.129,0.063,0.981,3,1100
205790208,-0.976,-0.915,0.305,0.129,0.063,0.981,3,1100
205791689,-1.707,-0.915,0.732,0.176,0.055,1.047,3,1100
205792204,-1.951,0.976,0.976,0.081,0.038,1.121,3,1100
205793694,-1.890,3.171,0.854,-0.085,-0.042,1.057,3,1100
205794214,-1.280,4.634,0.244,-0.218,-0.036,1.040,3,1100
205795694,-0.244,3.354,-0.244,-0.119,0.067,1.042,3,1100
205796205,-0.244,3.354,-0.244,-0.119,0.067,1.042,3,1100
205797694,-0.488,-0.915,0.305,0.135,0.065,1.032,3,1100
205798208,-0.854,-2.012,0.488,0.200,0.046,1.069,3,1100
205799694,-1.341,-1.159,0.732,0.178,0.049,1.100,3,1100
205800214,-1.646,0.915,0.976,0.079,0.037,1.058,3,1100
205801694,-0.915,4.512,0.122,-0.071,-0.032,1.081,3,1100
205802204,-0.915,4.512,0.122,-0.205,-0.042,1.053,3,1100
205803694,-0.732,3.659,-0.183,-0.139,0.057,1.070,3,1100
205804205,-0.732,3.659,-0.183,-0.139,0.057,1.070,3,1100
205805694,-0.427,-0.671,0.427,0.148,0.064,1.099,3,1100
205806209,-1.220,-1.890,0.549,0.189,0.054,0.978,3,1100
205807694,-1.646,-1.098,0.793,0.176,0.048,1.168,3,1100
205808204,-1.951,0.671,1.098,0.085,0.050,0.998,3,1100
205809694,-0.915,4.634,0.366,-0.201,-0.044,1.008,3,1100
205810204,-0.915,4.634,0.366,-0.201,-0.044,1.008,3,1100
205811694,0.000,3.841,-0.183,-0.128,0.067,1.067,3,1100
205812214,-0.366,1.159,0.122,0.007,0.098,0.922,3,1100
205813694,-0.610,-1.037,0.305,0.119,0.072,1.147,3,1100
205814206,-0.793,-1.951,0.610,0.198,0.039,0.930,3,1100
205815694,-1.524,0.732,1.037,0.096,0.051,0.974,3,1100
205816205,-1.524,0.732,1.037,0.096,0.051,0.974,3,1100
205817694,-1.037,4.390,0.122,-0.206,-0.040,1.012,3,1100
205818214,-0.305,4.878,-0.305,-0.206,-0.040,1.012,3,1100
205819694,-0.305,3.537,-0.366,-0.139,0.057,1.053,3,1100
205820205,-0.366,1.402,0.000,-0.009,0.110,0.920,3,1100
205821694,-1.098,-1.890,0.305,0.152,0.061,1.167,3,1100
205822205,-1.098,-1.890,0.305,0.191,0.040,0.909,3,1100
205823694,-1.951,0.488,1.098,0.099,0.056,0.952,3,1100
205824204,-1.951,0.488,1.098,0.099,0.056,0.952,3,1100
205825694,-1.341,4.451,0.427,-0.180,-0.051,0.989,3,1100
205826209,-0.305,4.878,-0.305,-0.233,-0.041,0.987,3,1100
205827694,-0.061,3.659,-0.183,-0.144,0.047,1.022,3,1100
205828202,-0.549,1.524,0.183,-0.019,0.097,0.947,3,1100
205829694,-1.037,-1.585,0.366,0.178,0.061,0.908,3,1100
205830214,-1.037,-1.585,0.366,0.178,0.061,0.908,3,1100
205831694,-1.524,0.732,1.280,0.106,0.040,0.979,3,1100
205832209,-1.890,2.988,0.732,0.106,0.040,0.979,3,1100
205833694,-1.220,4.573,0.183,-0.178,-0.053,0.987,3,1100
205834214,-0.610,4.756,-0.366,-0.237,-0.063,1.005,3,1100
205835694,-0.183,1.585,0.183,-0.174,0.042,1.002,3,1100
205836203,-0.183,1.585,0.183,-0.007,0.091,0.953,3,1100
205837694,-0.976,-1.890,0.366,0.175,0.053,0.958,3,1100
205838204,-0.976,-1.890,0.366,0.175,0.053,0.958,3,1100
205839694,-1.768,0.305,1.220,0.118,0.064,0.969,3,1100
205840214,-2.134,2.256,1.037,-0.024,-0.028,1.141,3,1100
205841694,-1.524,4.512,0.305,-0.206,-0.021,1.000,3,1100
205842204,-0.854,4.695,-0.183,-0.207,-0.054,1.026,3,1100
205843694,-0.244,1.707,0.366,-0.021,0.092,0.981,3,1100
205844205,-0.244,1.707,0.366,-0.021,0.092,0.981,3,1100
205845694,-1.220,-1.585,0.549,0.193,0.042,0.963,3,1100
205846214,-1.585,-1.646,0.915,0.184,0.060,1.137,3,1100
205847694,-1.829,0.244,1.159,0.128,0.056,1.021,3,1100
205848208,-1.951,2.561,0.915,-0.029,-0.022,1.148,3,1100
205849694,-0.427,4.817,-0.244,-0.205,-0.053,1.067,3,1100
205850204,-0.427,4.817,-0.244,-0.205,-0.053,1.067,3,1100
205851694,-0.183,1.524,0.061,-0.025,0.089,1.002,3,1100
205852208,-0.488,-0.793,0.305,-0.025,0.089,1.002,3,1100
205853694,-1.220,-1.829,0.305,0.186,0.056,1.046,3,1100
205854214,-1.585,-1.829,0.671,0.148,0.037,1.064,3,1100
205855694,-1.890,0.122,1.037,0.130,0.069,1.081,3,1100
205856204,-1.829,2.256,0.915,-0.006,-0.017,1.085,3,1100
205857694,-0.671,4.573,-0.427,-0.195,-0.060,1.057,3,1100
205858209,-0.671,4.573,-0.427,-0.195,-0.060,1.057,3,1100
205859694,-0.122,1.890,0.183,-0.039,0.111,1.028,3,1100
205860209,-0.671,-0.183,0.305,0.081,0.053,0.992,3,1100
205861694,-1.220,-1.585,0.366,0.179,0.076,1.062,3,1100
205862203,-1.463,-1.768,0.732,0.200,0.042,1.020,3,1100
205863694,-1.890,2.012,1.037,-0.016,-0.017,1.091,3,1100
205864214,-1.890,2.012,1.037,-0.016,-0.017,1.091,3,1100
205865694,-0.732,4.817,0.000,-0.212,-0.034,1.086,3,1100
205866206,-0.549,3.963,-0.366,-0.212,-0.034,1.086,3,1100
205867694,-0.488,1.768,0.061,-0.021,0.103,1.040,3,1100
205868204,-0.366,-0.427,0.244,0.100,0.051,0.977,3,1100
205869694,-1.280,-1.341,0.671,0.180,0.065,1.114,3,1100
205870214,-1.280,-1.341,0.671,0.172,0.032,1.005,3,1100
205871694,-1.646,2.073,0.915,-0.010,-0.018,1.022,3,1100
205872214,-1.646,2.073,0.915,-0.010,-0.018,1.022,3,1100
205873694,-0.610,4.329,-0.244,-0.202,-0.026,1.054,3,1100
205874214,-0.549,4.085,-0.183,-0.167,0.012,0.950,3,1100
205875694,-0.610,2.378,-0.122,-0.037,0.101,1.053,3,1100
205876209,-0.976,-0.122,0.000,0.053,0.042,0.962,3,1100
205877694,-1.402,-1.768,0.671,0.194,0.046,0.961,3,1100
205878208,-1.402,-1.768,0.671,0.194,0.046,0.961,3,1100
205879694,-1.951,2.012,0.976,-0.023,-0.002,1.056,3,1100
205880208,-1.768,3.902,0.610,-0.168,-0.051,1.021,3,1100
205881694,-1.037,4.512,-0.244,-0.206,-0.046,1.082,3,1100
205882214,-0.549,4.329,-0.183,-0.202,0.027,0.928,3,1100
205883694,-0.305,-0.122,0.366,0.078,0.053,0.943,3,1100
205884209,-0.305,-0.122,0.366,0.078,0.053,0.943,3,1100
205885689,-1.402,-1.159,0.610,0.190,0.036,0.935,3,1100
205886198,-2.012,0.366,0.915,0.190,0.036,0.935,3,1100
205887694,-1.829,2.317,0.793,0.006,-0.008,0.985,3,1100
205888204,-1.037,4.085,0.366,-0.184,-0.046,1.028,3,1100
205889694,-0.610,4.695,-0.061,-0.195,-0.032,1.048,3,1100
205890214,-0.488,4.146,-0.244,-0.188,0.013,0.948,3,1100
205891212,-0.305,2.378,-0.122,-0.040,0.104,1.053,3,1100
205892697,-0.976,-1.463,0.366,0.162,0.087,1.184,3,1100
205893201,-0.976,-1.768,0.610,0.162,0.087,1.184,3,1100
205894694,-1.951,-0.427,1.098,0.132,0.058,1.176,3,1100
205895205,-1.646,2.012,0.915,-0.012,0.002,1.011,3,1100
205896694,-0.854,4.512,-0.244,-0.150,-0.052,1.063,3,1100
205897207,-0.854,4.512,-0.244,-0.213,-0.015,1.067,3,1100
205898694,-0.549,2.256,-0.061,-0.010,0.082,1.044,3,1100
205899209,-0.549,2.256,-0.061,-0.010,0.082,1.044,3,1100
205900694,-1.159,-1.646,0.244,0.159,0.068,1.188,3,1100
205901203,-1.341,-1.402,0.549,0.196,0.039,0.925,3,1100
205902694,-1.951,0.122,0.915,0.138,0.061,1.252,3,1100
205903203,-1.524,2.012,0.915,-0.015,0.016,0.980,3,1100
205904694,-0.793,4.573,-0.061,-0.198,-0.023,1.021,3,1100
205905209,-0.793,4.573,-0.061,-0.198,-0.023,1.021,3,1100
205906694,-0.244,2.378,0.122,-0.026,0.103,1.043,3,1100
205907203,-0.610,0.183,0.244,0.062,0.047,0.926,3,1100
205908694,-1.098,-1.402,0.305,0.168,0.075,1.195,3,1100
205909209,-1.159,-1.707,0.244,0.188,0.051,0.935,3,1100
205910701,-1.768,1.829,0.793,-0.005,-0.006,0.986,3,1100
205911224,-1.768,1.829,0.793,-0.005,-0.006,0.986,3,1100
205912697,-0.549,4.512,-0.488,-0.206,-0.034,1.013,3,1100
205913211,-0.549,4.512,-0.488,-0.206,-0.034,1.013,3,1100
205914694,-0.061,2.195,-0.366,-0.017,0.099,1.033,3,1100
205915217,-0.488,0.061,0.183,0.059,0.055,0.944,3,1100
205916694,-0.854,-1.402,0.366,0.150,0.070,1.170,3,1100
205917203,-0.976,-1.341,0.488,0.192,0.047,0.930,3,1100
205918694,-1.829,1.829,0.732,-0.003,-0.011,0.995,3,1100
205919203,-1.829,1.829,0.732,-0.003,-0.011,0.995,3,1100
205920694,-0.854,4.329,-0.122,-0.185,-0.040,0.980,3,1100
205921209,-0.427,4.146,-0.244,-0.213,0.021,1.000,3,1100
205922694,-0.305,2.500,-0.244,-0.038,0.086,0.999,3,1100
205923209,-0.427,0.305,0.183,0.059,0.062,0.967,3,1100
205924701,-1.037,-1.220,0.610,0.192,0.052,0.951,3,1100
205925227,-1.037,-1.220,0.610,0.192,0.052,0.951,3,1100
205926697,-1.707,1.890,0.793,0.007,-0.006,1.007,3,1100
205927213,-1.463,3.841,0.549,0.007,-0.006,1.007,3,1100
205928694,-0.915,4.512,-0.122,-0.196,-0.049,0.970,3,1100
205929205,-0.671,4.268,-0.244,-0.214,0.005,1.000,3,1100
205930694,-0.976,0.183,0.366,-0.020,0.089,0.997,3,1100
205931209,-0.976,0.183,0.366,0.069,0.055,0.979,3,1100
205932689,-1.768,-1.585,0.488,0.201,0.041,0.980,3,1100
205933199,-1.768,-1.585,0.488,0.201,0.041,0.980,3,1100
205934694,-1.768,1.768,0.732,0.018,0.000,1.036,3,1100
205935203,-1.220,3.476,0.549,-0.145,-0.047,1.087,3,1100
205936694,-0.732,4.634,-0.061,-0.203,-0.030,0.965,3,1100
205937204,-0.183,4.329,-0.122,-0.200,0.006,1.020,3,1100
205938694,-0.427,0.183,0.244,0.046,0.067,1.008,3,1100
205939203,-0.427,0.183,0.244,0.046,0.067,1.008,3,1100
205940694,-0.915,-1.280,0.671,0.196,0.054,1.011,3,1100
205941207,-1.585,-0.244,1.220,0.147,0.046,1.123,3,1100
205942694,-1.768,1.890,1.098,0.005,0.004,1.057,3,1100
205943203,-1.341,3.354,0.610,-0.137,-0.024,1.091,3,1100
205944694,-0.305,4.329,-0.061,-0.191,-0.043,0.963,3,1100
205945203,-0.305,4.329,-0.061,-0.219,0.005,1.030,3,1100
205946694,-0.610,0.244,0.122,0.056,0.084,1.032,3,1100
205947207,-0.610,0.244,0.122,0.056,0.084,1.032,3,1100
205948694,-1.402,-1.220,0.488,0.201,0.053,1.060,3,1100
205949209,-1.951,-0.549,0.854,0.146,0.038,1.090,3,1100
205950694,-1.951,1.524,0.671,0.029,0.015,1.093,3,1100
205951204,-1.707,3.415,0.305,-0.131,-0.022,1.086,3,1100
205952694,-0.488,4.329,-0.244,-0.235,0.005,1.041,3,1100
205953209,-0.488,4.329,-0.244,-0.235,0.005,1.041,3,1100
205954694,-0.732,0.488,0.488,0.055,0.089,1.062,3,1100
205955207,-1.159,-1.341,0.549,0.162,0.062,1.009,3,1100
205956702,-1.402,-1.646,0.305,0.200,0.051,1.094,3,1100
205957230,-1.829,-0.549,0.671,0.147,0.045,1.046,3,1100
205958697,-1.341,3.354,0.793,-0.123,-0.041,1.086,3,1100
205959213,-1.341,3.354,0.793,-0.123,-0.041,1.086,3,1100
205960694,-0.366,4.268,-0.183,-0.205,-0.018,1.036,3,1100
205961209,-0.366,2.439,-0.183,-0.205,-0.018,1.036,3,1100
205962694,-0.488,0.366,0.122,0.051,0.086,1.107,3,1100
205963207,-0.854,-1.524,0.183,0.138,0.061,0.951,3,1100
205964694,-1.646,-0.854,0.976,0.210,0.046,1.155,3,1100
205965207,-1.646,-0.854,0.976,0.143,0.054,0.990,3,1100
205966694,-1.585,3.537,0.732,-0.110,-0.028,1.056,3,1100
205967207,-1.585,3.537,0.732,-0.110,-0.028,1.056,3,1100
205968694,-0.671,4.268,0.000,-0.213,-0.004,1.028,3,1100
205969209,-0.366,2.744,0.061,-0.065,0.063,0.896,3,1100
205970694,-0.183,0.793,0.244,0.054,0.100,1.126,3,1100
205971216,-0.732,-1.280,0.305,0.149,0.056,0.916,3,1100
205972694,-1.402,-0.671,1.341,0.151,0.034,0.960,3,1100
205973209,-1.402,-0.671,1.341,0.151,0.034,0.960,3,1100
205974694,-1.402,3.293,0.793,-0.109,-0.032,1.056,3,1100
205975209,-0.976,4.817,-0.061,-0.217,-0.043,0.990,3,1100
205976694,-0.366,4.329,-0.427,-0.216,-0.008,1.014,3,1100
205977209,-0.305,2.866,-0.305,-0.066,0.070,0.906,3,1100
205978694,-0.854,-1.220,0.244,0.046,0.101,1.141,3,1100
205979207,-0.854,-1.220,0.244,0.144,0.063,0.894,3,1100
205980694,-1.524,-0.854,0.732,0.147,0.037,0.946,3,1100
205981209,-1.524,-0.854,0.732,0.147,0.037,0.946,3,1100
205982694,-1.585,3.598,0.732,-0.091,-0.036,1.028,3,1100
205983203,-0.854,4.634,0.061,-0.218,-0.040,1.010,3,1100
205984694,-0.427,4.146,-0.366,-0.216,-0.012,0.982,3,1100
205985202,-0.244,3.232,0.000,-0.078,0.059,0.921,3,1100
205986694,-0.854,-1.220,0.427,0.142,0.059,0.895,3,1100
205987207,-0.854,-1.220,0.427,0.142,0.059,0.895,3,1100
205988694,-1.524,-0.976,0.854,0.170,0.038,0.966,3,1100
205989202,-1.524,1.280,1.098,0.054,0.026,1.186,3,1100
205990694,-1.280,3.537,0.854,-0.100,-0.035,1.031,3,1100
205991203,-0.854,4.634,0.305,-0.200,-0.036,1.020,3,1100
205992694,-0.366,3.354,-0.305,-0.097,0.062,0.940,3,1100
205993209,-0.366,3.354,-0.305,-0.097,0.062,0.940,3,1100
205994703,-0.610,-0.915,0.061,0.140,0.062,0.934,3,1100
205995229,-0.854,-1.646,0.427,0.140,0.062,0.934,3,1100
205996697,-1.524,-0.793,0.915,0.164,0.029,0.978,3,1100
205997212,-1.890,0.854,1.098,0.056,0.049,1.183,3,1100
205998694,-1.098,4.207,0.183,-0.079,-0.046,1.033,3,1100
205999209,-1.098,4.207,0.183,-0.226,-0.031,1.047,3,1100
206000694,-0.305,3.293,-0.427,-0.097,0.068,0.985,3,1100
206001212,-0.305,3.293,-0.427,-0.097,0.068,0.985,3,1100
206002694,-0.854,-1.159,0.427,0.140,0.063,0.948,3,1100
206003203,-1.098,-1.951,0.244,0.202,0.059,1.153,3,1100
206004694,-1.646,-0.976,0.488,0.168,0.038,1.025,3,1100
206005209,-1.890,0.732,0.915,0.061,0.044,1.129,3,1100
206006694,-1.037,4.573,0.122,-0.208,-0.031,1.049,3,1100
206007209,-1.037,4.573,0.122,-0.208,-0.031,1.049,3,1100
206008694,-0.122,3.171,-0.305,-0.107,0.068,1.014,3,1100
206009212,-0.305,0.732,0.061,0.041,0.093,1.018,3,1100
206010694,-0.976,-1.098,0.122,0.128,0.062,1.001,3,1100
206011204,-1.037,-2.073,0.244,0.209,0.060,1.096,3,1100
206012694,-1.951,1.220,0.915,0.170,0.036,1.068,3,1100
206013209,-1.951,1.220,0.915,0.071,0.038,1.101,3,1100
206014694,-0.915,4.512,-0.183,-0.188,-0.039,1.033,3,1100
206015203,-0.915,4.512,-0.183,-0.188,-0.039,1.033,3,1100
206016694,-0.610,3.537,-0.305,-0.113,0.058,1.034,3,1100
206017207,-0.366,1.098,0.122,0.021,0.094,1.005,3,1100
206018694,-0.793,-1.098,0.610,0.141,0.060,1.026,3,1100
206019209,-0.915,-2.256,0.549,0.201,0.059,1.062,3,1100
206020698,-1.951,0.732,0.854,0.065,0.056,1.079,3,1100
206021219,-1.951,0.732,0.854,0.065,0.056,1.079,3,1100
206022701,-1.159,4.634,0.061,-0.199,-0.050,1.050,3,1100
206023220,-0.854,4.634,-0.610,-0.243,-0.041,0.920,3,1100
206024695,-0.305,3.354,-0.488,-0.126,0.067,1.036,3,1100
206025209,-0.244,1.037,0.183,0.035,0.107,1.021,3,1100
206026694,-1.280,-1.890,0.244,0.168,0.046,1.037,3,1100
206027203,-1.280,-1.890,0.244,0.168,0.046,1.037,3,1100
206028694,-2.317,0.610,0.854,0.097,0.045,1.041,3,1100
206029209,-2.134,2.866,0.854,0.097,0.045,1.041,3,1100
206030694,-1.220,4.085,0.366,-0.175,-0.064,1.043,3,1100
206031204,-0.366,4.329,-0.244,-0.242,-0.017,0.927,3,1100
206032694,-0.549,1.220,0.366,-0.105,0.057,1.028,3,1100
206033209,-0.549,1.220,0.366,-0.006,0.079,0.993,3,1100
206034694,-1.098,-1.890,0.549,0.176,0.065,1.007,3,1100
206035209,-1.098,-1.890,0.549,0.176,0.065,1.007,3,1100
206036694,-1.707,0.366,1.280,0.076,0.041,1.071,3,1100
206037203,-2.012,2.683,1.037,-0.097,-0.031,1.062,3,1100
206038697,-1.220,4.512,0.183,-0.176,-0.039,1.038,3,1100
206039225,-0.671,4.451,-0.427,-0.213,-0.043,0.928,3,1100
206040701,-0.427,0.976,-0.183,0.019,0.064,0.954,3,1100
206041224,-0.427,0.976,-0.183,0.019,0.064,0.954,3,1100
206042690,-1.280,-2.195,0.549,0.168,0.034,1.004,3,1100
206043200,-1.890,-1.220,0.732,0.157,0.045,1.180,3,1100
206044694,-2.012,0.671,0.915,0.105,0.064,0.970,3,1100
206045209,-1.890,2.866,0.976,-0.077,-0.019,1.153,3,1100
206046694,-0.427,4.695,-0.305,-0.187,-0.036,1.030,3,1100
206047209,-0.427,4.695,-0.305,-0.210,-0.043,0.933,3,1100
206048694,-0.488,1.280,0.061,0.019,0.071,0.953,3,1100
206049203,-0.488,1.280,0.061,0.019,0.071,0.953,3,1100
206050694,-0.793,-1.707,0.366,0.200,0.026,0.924,3,1100
206051203,-0.976,-1.280,0.671,0.191,0.047,1.188,3,1100
206052698,-1.463,0.305,1.098,0.090,0.062,1.030,3,1100
206053230,-1.402,2.805,1.037,-0.083,-0.045,1.105,3,1100
206054701,-0.305,4.451,-0.183,-0.209,-0.044,0.945,3,1100
206055218,-0.305,4.451,-0.183,-0.209,-0.044,0.945,3,1100
206056694,-0.061,1.463,0.244,0.023,0.084,0.927,3,1100
206057217,-0.427,-0.976,0.061,0.116,0.085,1.142,3,1100
206058694,-1.098,-1.829,0.366,0.171,0.029,0.950,3,1100
206059207,-1.768,-0.976,0.915,0.158,0.063,1.182,3,1100
206060694,-1.890,2.683,0.854,-0.090,-0.034,1.167,3,1100
206061209,-1.890,2.683,0.854,-0.090,-0.034,1.167,3,1100
206062694,-0.549,4.634,-0.427,-0.200,-0.031,0.974,3,1100
206063207,-0.183,3.659,-0.305,-0.200,-0.031,0.974,3,1100
206064694,0.122,1.463,0.000,-0.013,0.074,0.937,3,1100
206065209,-0.427,-0.610,0.244,0.104,0.072,1.146,3,1100
206066694,-1.707,-1.463,0.976,0.189,0.059,0.901,3,1100
206067210,-1.707,-1.463,0.976,0.172,0.063,1.189,3,1100
206068694,-1.951,2.439,0.915,-0.062,-0.045,1.108,3,1100
206069207,-1.951,2.439,0.915,-0.062,-0.045,1.108,3,1100
206070694,-0.854,4.634,-0.244,-0.210,-0.054,0.957,3,1100
206071209,-0.305,3.780,0.000,-0.154,0.072,1.068,3,1100
206072694,-0.122,1.707,0.122,0.054,0.073,0.925,3,1100
206073203,-0.610,-0.671,0.488,0.124,0.071,1.164,3,1100
206074694,-1.220,-1.037,0.793,0.176,0.054,1.217,3,1100
206075203,-1.220,-1.037,0.793,0.176,0.054,1.217,3,1100
206076694,-1.951,2.683,0.732,-0.068,-0.033,1.145,3,1100
206077209,-1.159,4.451,0.366,-0.209,-0.031,1.033,3,1100
206078694,-0.488,4.878,-0.122,-0.206,-0.029,1.003,3,1100
206079209,-0.061,3.841,-0.122,-0.151,0.063,1.042,3,1100
206080694,-0.732,-0.549,0.244,0.013,0.067,0.909,3,1100
206081209,-0.732,-0.549,0.244,0.099,0.072,1.156,3,1100
206082694,-1.524,-1.585,0.671,0.191,0.054,1.186,3,1100
206083203,-1.524,-1.585,0.671,0.191,0.054,1.186,3,1100
206084694,-1.707,2.561,0.610,-0.046,-0.049,1.135,3,1100
206085207,-1.159,4.268,0.061,-0.203,-0.025,1.015,3,1100
206086694,-0.427,5.000,-0.671,-0.212,-0.046,0.990,3,1100
206087209,-0.488,3.780,-0.610,-0.153,0.059,1.036,3,1100
206088694,-0.671,-0.732,-0.061,0.120,0.055,1.149,3,1100
206089203,-0.671,-0.732,-0.061,0.120,0.055,1.149,3,1100
206090694,-1.463,-1.402,0.854,0.201,0.040,1.214,3,1100
206091207,-1.829,0.427,1.159,0.090,0.054,0.945,3,1100
206092694,-1.585,2.378,0.915,-0.027,-0.027,1.165,3,1100
206093209,-0.976,4.024,0.122,-0.193,-0.036,0.996,3,1100
206094694,0.122,3.659,-0.305,-0.156,0.038,0.999,3,1100
206095203,0.122,3.659,-0.305,-0.156,0.038,0.999,3,1100
206096694,-0.549,-0.854,0.122,0.117,0.055,1.137,3,1100
206097203,-0.976,-1.646,0.427,0.117,0.055,1.137,3,1100
206098694,-1.220,-1.280,0.915,0.212,0.049,1.172,3,1100
206099204,-1.707,0.549,1.037,0.111,0.054,0.998,3,1100
206100694,-1.098,4.268,0.122,-0.048,-0.034,1.149,3,1100
206101209,-1.098,4.268,0.122,-0.188,-0.042,0.987,3,1100
206102702,-0.366,3.841,-0.061,-0.156,0.056,0.996,3,1100
206103227,-0.366,3.841,-0.061,-0.156,0.056,0.996,3,1100
206104697,-0.427,-0.732,0.305,0.110,0.044,1.095,3,1100
206105212,-1.037,-1.768,0.183,0.165,0.062,0.938,3,1100
206106695,-1.280,-1.402,0.610,0.213,0.051,1.156,3,1100
206107206,-1.829,0.244,1.037,0.107,0.049,0.990,3,1100
206108694,-0.671,4.268,0.427,-0.179,-0.044,0.992,3,1100
206109209,-0.671,4.268,0.427,-0.179,-0.044,0.992,3,1100
206110694,-0.366,3.841,-0.183,-0.168,0.037,0.976,3,1100
206111207,-0.122,1.829,-0.183,-0.013,0.094,0.984,3,1100
206112694,-0.366,-0.610,0.000,0.110,0.058,1.078,3,1100
206113203,-0.732,-1.890,0.305,0.164,0.065,0.967,3,1100
206114694,-1.890,0.305,0.976,0.208,0.051,1.135,3,1100
206115215,-1.890,0.305,0.976,0.119,0.058,1.027,3,1100
206116694,-1.220,4.207,0.610,-0.180,-0.051,0.999,3,1100
206117209,-1.220,4.207,0.610,-0.180,-0.051,0.999,3,1100
206118694,-0.366,3.902,-0.183,-0.189,0.034,0.952,3,1100
206119203,-0.183,1.951,0.061,0.012,0.093,0.997,3,1100
206120694,-0.732,-0.488,0.488,0.101,0.065,1.050,3,1100
206121207,-1.341,-1.646,0.366,0.175,0.063,1.024,3,1100
206122694,-1.646,0.000,1.098,0.130,0.064,1.084,3,1100
206123209,-1.646,0.000,1.098,0.130,0.064,1.084,3,1100
206124694,-0.976,3.902,0.366,-0.184,-0.048,1.003,3,1100
206125207,-0.366,4.756,-0.427,-0.219,-0.026,1.074,3,1100
206126694,-0.366,4.207,-0.366,-0.195,0.026,0.944,3,1100
206127209,-0.183,2.134,0.000,-0.005,0.100,1.025,3,1100
206128694,-1.280,-1.585,0.427,0.174,0.058,1.060,3,1100
206129203,-1.280,-1.585,0.427,0.174,0.058,1.060,3,1100
206130694,-1.768,-0.061,0.976,0.130,0.059,1.116,3,1100
206131212,-1.585,1.951,1.037,0.130,0.059,1.116,3,1100
206132694,-1.280,3.780,0.793,-0.161,-0.051,1.000,3,1100
206133207,-0.793,4.573,0.122,-0.212,-0.034,1.083,3,1100
206134694,-0.732,2.012,0.000,-0.202,0.018,0.919,3,1100
206135207,-0.732,2.012,0.000,-0.017,0.099,1.048,3,1100
206136694,-0.854,-1.768,0.183,0.177,0.070,1.122,3,1100
206137203,-0.854,-1.768,0.183,0.177,0.070,1.122,3,1100
206138694,-1.463,0.000,0.915,0.129,0.065,1.194,3,1100
206139209,-1.524,2.012,1.037,-0.007,0.003,1.029,3,1100
206140694,-1.341,3.902,0.549,-0.159,-0.056,1.012,3,1100
206141209,-0.366,4.756,-0.244,-0.212,-0.049,1.070,3,1100
206142694,-0.488,2.134,-0.183,-0.032,0.118,1.066,3,1100
206143209,-0.488,2.134,-0.183,-0.032,0.118,1.066,3,1100
206144694,-0.610,-1.646,0.427,0.164,0.083,1.157,3,1100
206145203,-1.037,-1.768,0.488,0.164,0.083,1.157,3,1100
206146694,-1.707,-0.061,0.854,0.143,0.065,1.195,3,1100
206147209,-1.829,2.073,0.854,0.002,0.015,0.998,3,1100
206148694,-0.976,4.573,-0.305,-0.163,-0.058,1.037,3,1100
206149203,-0.976,4.573,-0.305,-0.224,-0.035,1.072,3,1100
206150694,-0.610,2.378,0.000,-0.024,0.095,1.059,3,1100
206151209,-0.610,2.378,0.000,-0.024,0.095,1.059,3,1100
206152694,-1.159,-1.585,0.183,0.173,0.063,1.197,3,1100
206153204,-1.524,-1.951,0.732,0.202,0.026,0.931,3,1100
206154694,-2.012,-0.549,1.402,0.152,0.050,1.216,3,1100
206155207,-1.890,1.768,1.098,0.008,0.003,0.985,3,1100
206156694,-0.305,4.695,-0.183,-0.222,-0.031,1.046,3,1100
206157212,-0.305,4.695,-0.183,-0.222,-0.031,1.046,3,1100
206158694,-0.183,2.012,0.122,-0.050,0.101,1.032,3,1100
206159203,-0.427,-0.305,0.244,0.082,0.071,0.918,3,1100
206160694,-1.098,-1.829,0.183,0.180,0.066,1.199,3,1100
206161203,-1.220,-1.768,0.488,0.194,0.045,0.928,3,1100
206162694,-1.585,1.524,0.793,0.020,0.023,0.974,3,1100
206163203,-1.585,1.524,0.793,0.020,0.023,0.974,3,1100
206164694,-0.854,4.634,-0.122,-0.214,-0.055,1.022,3,1100
206165203,-0.366,4.451,-0.427,-0.214,-0.055,1.022,3,1100
206166694,-0.366,2.439,-0.122,-0.038,0.101,1.017,3,1100
206167203,-0.366,0.244,0.427,0.061,0.078,0.940,3,1100
206168694,-1.463,-1.463,0.305,0.179,0.053,1.183,3,1100
206169203,-1.463,-1.463,0.305,0.191,0.044,0.937,3,1100
206170694,-1.951,1.829,0.915,0.028,0.016,0.984,3,1100
206171209,-1.951,1.829,0.915,0.028,0.016,0.984,3,1100
206172694,-0.976,4.695,0.000,-0.213,-0.064,1.013,3,1100
206173203,-0.427,4.268,-0.366,-0.219,0.009,0.964,3,1100
206174694,-0.427,2.439,-0.244,-0.039,0.100,0.985,3,1100
206175203,-0.366,0.305,0.183,0.069,0.074,0.954,3,1100
206176694,-1.341,-1.646,0.427,0.194,0.026,0.957,3,1100
206177209,-1.341,-1.646,0.427,0.194,0.026,0.957,3,1100
206178694,-1.829,1.646,0.976,0.026,0.027,1.009,3,1100
206179203,-1.463,3.537,0.793,0.026,0.027,1.009,3,1100
206180694,-0.610,4.634,-0.061,-0.200,-0.044,0.984,3,1100
206181203,-0.305,4.451,-0.488,-0.215,-0.002,1.007,3,1100
206182694,-0.732,0.183,0.061,-0.052,0.088,0.961,3,1100
206183209,-0.732,0.183,0.061,0.057,0.093,1.005,3,1100
206184694,-1.098,-1.585,0.671,0.209,0.031,1.015,3,1100
206185203,-1.098,-1.585,0.671,0.209,0.031,1.015,3,1100
206186694,-1.890,1.890,0.976,0.028,0.025,1.035,3,1100
206187212,-1.341,3.720,0.427,-0.119,-0.032,1.144,3,1100
206188694,-0.732,4.878,-0.183,-0.213,-0.064,0.968,3,1100
206189209,-0.549,4.634,-0.549,-0.231,-0.009,1.008,3,1100
206190694,-0.427,0.427,0.244,0.074,0.101,1.056,3,1100
206191203,-0.427,0.427,0.244,0.074,0.101,1.056,3,1100
206192694,-1.402,-1.768,0.671,0.179,0.031,1.064,3,1100
206193209,-1.707,-0.610,1.098,0.149,0.055,1.050,3,1100
206194694,-2.073,1.524,1.098,0.046,0.039,1.126,3,1100
206195207,-1.402,3.415,0.427,-0.118,-0.037,1.097,3,1100
206196694,-0.488,4.329,-0.549,-0.198,-0.007,1.021,3,1100
206197203,-0.488,4.329,-0.549,-0.198,-0.007,1.021,3,1100
206198694,-0.549,0.732,0.305,0.059,0.087,1.092,3,1100
206199209,-1.159,-1.159,0.610,0.059,0.087,1.092,3,1100
206200694,-0.976,-1.707,0.732,0.208,0.050,1.144,3,1100
206201209,-1.402,-0.793,0.732,0.158,0.046,1.005,3,1100
206202694,-1.585,1.463,0.732,0.026,0.031,1.115,3,1100
206203203,-1.341,3.415,0.610,-0.118,-0.030,1.100,3,1100
206204694,-0.488,4.329,-0.549,-0.230,-0.013,1.022,3,1100
206205207,-0.488,4.329,-0.549,-0.230,-0.013,1.022,3,1100
206206694,-0.244,0.610,0.244,0.063,0.097,1.096,3,1100
206207207,-0.488,-1.341,0.549,0.163,0.061,0.950,3,1100
206208694,-1.159,-1.646,0.854,0.159,0.038,1.143,3,1100
206209203,-1.768,-0.427,0.976,0.164,0.032,0.998,3,1100
206210694,-1.768,3.232,0.610,-0.131,-0.022,1.052,3,1100
206211203,-1.768,3.232,0.610,-0.131,-0.022,1.052,3,1100
206212694,0.000,4.146,-0.244,-0.176,-0.017,1.016,3,1100
206213203,-0.122,2.988,-0.183,-0.176,-0.017,1.016,3,1100
206214694,-0.488,0.854,0.000,0.026,0.063,1.126,3,1100
206215203,-1.098,-0.915,0.305,0.149,0.074,0.937,3,1100
206216694,-1.768,-1.159,0.671,0.209,0.049,1.219,3,1100
206217209,-1.768,-1.159,0.671,0.147,0.044,0.959,3,1100
206218694,-1.768,3.415,0.305,-0.121,-0.043,1.080,3,1100
206219209,-1.768,3.415,0.305,-0.121,-0.043,1.080,3,1100
206220694,-0.610,4.207,-0.427,-0.220,-0.008,1.010,3,1100
206221209,-0.427,2.805,-0.122,-0.077,0.074,0.915,3,1100
206222694,-0.061,0.610,0.244,0.062,0.087,1.123,3,1100
206223209,-0.488,-1.341,0.366,0.158,0.064,0.959,3,1100
206224704,-1.463,-0.854,0.915,0.145,0.047,0.962,3,1100
206225223,-1.463,-0.854,0.915,0.145,0.047,0.962,3,1100
206226697,-1.341,3.049,0.732,-0.128,-0.030,1.048,3,1100
206227218,-0.244,4.329,-0.183,-0.194,-0.024,0.964,3,1100
206228694,-0.305,4.207,-0.427,-0.183,-0.009,1.006,3,1100
206229207,-0.427,3.049,-0.244,-0.075,0.074,0.944,3,1100
206230694,-1.159,-1.098,0.549,0.128,0.056,0.887,3,1100
206231203,-1.159,-1.098,0.549,0.128,0.056,0.887,3,1100
206232694,-2.134,-0.793,0.793,0.160,0.045,0.951,3,1100
206233209,-2.073,0.976,0.854,0.160,0.045,0.951,3,1100
206234694,-1.768,2.866,0.427,-0.111,-0.042,1.044,3,1100
206235203,-1.280,4.390,0.122,-0.203,-0.044,0.984,3,1100
206236694,-0.976,4.268,-0.305,-0.208,-0.026,1.003,3,1100
206237203,-0.610,2.988,-0.244,-0.087,0.083,0.926,3,1100
206238694,-0.732,-1.341,0.122,0.132,0.068,0.895,3,1100
206239207,-0.732,-1.341,0.122,0.132,0.068,0.895,3,1100
206240694,-1.646,-0.732,0.793,0.136,0.038,0.930,3,1100
206241209,-1.829,1.341,1.098,0.079,0.045,1.247,3,1100
206242694,-1.280,3.110,0.793,-0.139,-0.032,1.046,3,1100
206243203,-0.427,4.390,-0.061,-0.190,-0.030,0.973,3,1100
206244694,-0.122,2.988,0.061,-0.081,0.083,0.966,3,1100
206245203,-0.122,2.988,0.061,-0.081,0.083,0.966,3,1100
206246694,-0.610,-1.220,0.305,0.123,0.040,0.893,3,1100
206247203,-1.159,-1.951,0.732,0.123,0.040,0.893,3,1100
206248694,-1.768,-0.915,0.854,0.172,0.032,0.970,3,1100
206249209,-1.951,0.732,0.671,0.048,0.044,1.211,3,1100
206250694,-1.037,4.329,0.061,-0.101,-0.057,1.015,3,1100
206251209,-1.037,4.329,0.061,-0.189,-0.037,0.989,3,1100
206252694,-0.549,3.110,-0.061,-0.093,0.066,0.968,3,1100
206253209,-0.549,3.110,-0.061,-0.093,0.066,0.968,3,1100
206254694,-1.037,-1.280,-0.122,0.122,0.045,0.908,3,1100
206255203,-1.585,-1.829,0.244,0.182,0.069,1.180,3,1100
206256694,-1.768,-0.610,0.915,0.150,0.038,0.965,3,1100
206257203,-1.890,1.037,1.037,0.068,0.049,1.202,3,1100
206258694,-1.098,4.390,0.000,-0.188,-0.052,1.010,3,1100
206259207,-1.098,4.390,0.000,-0.188,-0.052,1.010,3,1100
206260702,-0.488,3.293,-0.183,-0.094,0.067,0.981,3,1100
206261232,-0.305,1.098,0.000,0.028,0.086,1.098,3,1100
206262697,-0.915,-0.610,0.305,0.110,0.047,0.929,3,1100
206263212,-1.098,-1.585,0.366,0.206,0.078,1.144,3,1100
206264694,-1.768,0.976,0.854,0.045,0.054,1.177,3,1100
206265203,-1.768,0.976,0.854,0.045,0.054,1.177,3,1100
206266694,-1.220,4.634,-0.183,-0.194,-0.044,0.996,3,1100
206267203,-0.915,4.634,-0.244,-0.194,-0.044,0.996,3,1100
206268694,-0.427,3.354,0.000,-0.085,0.068,1.002,3,1100
206269209,-0.061,0.854,0.183,0.062,0.081,1.077,3,1100
206270694,-0.793,-1.098,0.122,0.123,0.034,0.947,3,1100
206271209,-1.280,-1.829,0.122,0.182,0.079,1.125,3,1100
206272694,-1.890,1.098,1.220,0.061,0.062,1.137,3,1100
206273209,-1.890,1.098,1.220,0.061,0.062,1.137,3,1100
206274694,-1.159,4.268,0.061,-0.180,-0.051,1.033,3,1100
206275209,-0.671,4.451,-0.244,-0.211,-0.000,0.946,3,1100
206276694,-0.366,3.232,-0.244,-0.107,0.068,1.032,3,1100
206277207,-0.610,0.732,0.122,0.018,0.080,1.042,3,1100
206278694,-1.341,-1.829,0.732,0.188,0.074,1.083,3,1100
206279207,-1.341,-1.829,0.732,0.188,0.074,1.083,3,1100
206280694,-1.890,0.915,0.976,0.068,0.054,1.141,3,1100
206281209,-1.524,3.049,0.610,0.068,0.054,1.141,3,1100
206282694,-0.793,4.512,-0.061,-0.179,-0.043,1.031,3,1100
206283209,-0.671,4.573,-0.366,-0.225,-0.024,0.928,3,1100
206284694,-0.183,1.098,0.305,-0.108,0.067,1.040,3,1100
206285203,-0.183,1.098,0.305,0.045,0.088,1.008,3,1100
206286694,-1.098,-1.829,0.488,0.193,0.056,1.054,3,1100
206287203,-1.098,-1.829,0.488,0.193,0.056,1.054,3,1100
206288694,-2.012,0.854,0.915,0.081,0.032,1.065,3,1100
206289209,-1.585,2.866,0.610,-0.111,-0.037,1.099,3,1100
206290694,-0.915,4.268,0.244,-0.186,-0.052,1.049,3,1100
206291203,-0.366,4.451,-0.305,-0.231,-0.012,0.922,3,1100
206292694,-0.122,0.793,0.122,0.021,0.079,0.979,3,1100
206293209,-0.122,0.793,0.122,0.021,0.079,0.979,3,1100
206294689,-1.159,-1.890,0.671,0.196,0.073,1.003,3,1100
206295198,-1.646,-1.037,1.037,0.188,0.053,1.116,3,1100
206296694,-2.256,0.793,1.098,0.074,0.040,1.037,3,1100
206297207,-2.012,2.622,0.610,-0.094,-0.036,1.120,3,1100
206298694,-0.976,4.695,-0.183,-0.222,-0.031,0.917,3,1100
206299203,-0.976,4.695,-0.183,-0.222,-0.031,0.917,3,1100
206300694,-0.488,1.098,0.183,0.019,0.068,0.965,3,1100
206301203,-1.098,-0.793,0.305,0.019,0.068,0.965,3,1100
206302694,-1.341,-1.585,0.366,0.196,0.063,0.953,3,1100
206303204,-1.585,-0.793,0.793,0.195,0.057,1.171,3,1100
206304694,-1.890,0.732,1.159,0.071,0.046,0.994,3,1100
206305203,-1.707,2.866,0.854,-0.087,-0.024,1.147,3,1100
206306694,-0.244,4.634,-0.244,-0.230,-0.021,0.923,3,1100
206307209,-0.244,4.634,-0.244,-0.230,-0.021,0.923,3,1100
206308694,0.000,1.220,0.061,0.027,0.069,0.934,3,1100
206309203,-0.366,-1.037,0.488,0.109,0.080,1.136,3,1100
206310694,-0.793,-1.829,0.488,0.194,0.059,0.931,3,1100
206311209,-1.280,-0.915,0.671,0.193,0.060,1.185,3,1100
206312694,-1.524,2.744,0.671,-0.075,-0.033,1.155,3,1100
206313203,-1.524,2.744,0.671,-0.075,-0.033,1.155,3,1100
206314694,-0.610,4.878,-0.183,-0.223,-0.038,0.939,3,1100
206315203,-0.488,3.537,-0.427,-0.223,-0.038,0.939,3,1100
206316694,-0.610,1.280,-0.183,0.020,0.071,0.928,3,1100
206317209,-1.037,-0.732,-0.061,0.109,0.064,1.128,3,1100
206318694,-1.463,-1.341,0.854,0.198,0.043,0.931,3,1100
206319203,-1.463,-1.341,0.854,0.204,0.051,1.197,3,1100
206320694,-1.585,2.805,0.671,-0.069,-0.030,1.151,3,1100
206321209,-1.585,2.805,0.671,-0.069,-0.030,1.151,3,1100
206322694,-0.366,4.756,-0.244,-0.219,-0.035,0.937,3,1100
206323203,-0.427,3.720,-0.610,-0.134,0.062,1.062,3,1100
206324698,-0.366,1.402,-0.183,-0.003,0.078,0.921,3,1100
206325220,-1.037,-0.732,0.366,0.121,0.064,1.137,3,1100
206326701,-1.646,-1.341,0.976,0.208,0.050,1.207,3,1100
206327215,-1.646,-1.341,0.976,0.208,0.050,1.207,3,1100
206328694,-1.829,2.378,1.159,-0.053,-0.026,1.138,3,1100
206329217,-1.524,4.146,0.366,-0.173,-0.031,1.018,3,1100
206330694,-1.220,4.695,-0.183,-0.232,-0.049,0.955,3,1100
206331203,-0.488,3.841,-0.244,-0.152,0.056,1.057,3,1100
206332694,-0.793,-0.732,0.549,0.122,0.062,1.152,3,1100
206333207,-0.793,-0.732,0.549,0.122,0.062,1.152,3,1100
206334694,-1.524,-1.341,0.488,0.191,0.044,1.213,3,1100
206335203,-1.585,0.488,0.793,0.191,0.044,1.213,3,1100
206336694,-1.280,2.500,0.793,-0.045,-0.021,1.154,3,1100
206337209,-0.793,4.268,0.366,-0.178,-0.036,0.986,3,1100
206338694,-0.366,4.756,-0.183,-0.212,-0.044,0.970,3,1100
206339204,-0.183,3.902,-0.366,-0.143,0.054,1.068,3,1100
206340694,-0.793,-0.610,-0.061,0.104,0.075,1.145,3,1100
206341209,-0.793,-0.610,-0.061,0.104,0.075,1.145,3,1100
206342694,-1.524,-1.585,0.671,0.197,0.058,1.214,3,1100
206343204,-2.134,0.061,0.793,0.097,0.042,0.981,3,1100
206344694,-1.829,2.317,0.732,-0.048,-0.022,1.150,3,1100
206345209,-1.159,4.146,0.305,-0.180,-0.022,0.994,3,1100
206346694,-0.427,3.841,-0.488,-0.166,0.042,1.038,3,1100
206347209,-0.427,3.841,-0.488,-0.166,0.042,1.038,3,1100
206348694,-0.793,-0.854,0.061,0.131,0.061,1.137,3,1100
206349209,-1.098,-1.890,0.244,0.131,0.061,1.137,3,1100
206350694,-1.463,-1.402,0.610,0.197,0.048,1.224,3,1100
206351204,-1.951,0.305,0.854,0.073,0.052,0.964,3,1100
206352694,-1.341,4.390,0.305,-0.029,-0.001,1.141,3,1100
206353207,-1.341,4.390,0.305,-0.174,-0.032,0.982,3,1100
206354701,-0.061,3.902,-0.427,-0.162,0.047,1.042,3,1100
206355224,-0.061,3.902,-0.427,-0.162,0.047,1.042,3,1100
206356696,-1.159,-0.488,0.793,0.107,0.073,1.130,3,1100
206357212,-1.159,-1.402,0.671,0.169,0.063,0.897,3,1100
206358694,-1.646,-1.402,0.793,0.204,0.051,1.228,3,1100
206359209,-2.134,0.122,0.915,0.098,0.043,0.990,3,1100
206360694,-1.402,4.146,0.244,-0.180,-0.034,0.968,3,1100
206361203,-1.402,4.146,0.244,-0.180,-0.034,0.968,3,1100
206362694,-0.671,3.963,-0.427,-0.180,0.051,1.013,3,1100
206363209,-0.366,1.768,0.000,-0.004,0.113,0.945,3,1100
206364694,-0.488,-0.671,0.122,0.143,0.053,1.106,3,1100
206365211,-0.854,-1.524,0.000,0.170,0.053,0.964,3,1100
206366694,-1.768,0.244,1.098,0.100,0.055,0.994,3,1100
206367203,-1.768,0.244,1.098,0.100,0.055,0.994,3,1100
206368694,-1.037,3.841,0.732,-0.173,-0.027,0.976,3,1100
206369209,-0.488,4.878,-0.183,-0.173,-0.027,0.976,3,1100
206370694,-0.366,4.024,-0.183,-0.152,0.035,0.985,3,1100
206371204,-0.427,1.951,0.061,-0.037,0.116,0.999,3,1100
206372694,-0.915,-0.488,0.610,0.107,0.048,1.071,3,1100
206373202,-1.098,-1.585,0.854,0.166,0.069,0.954,3,1100
206374694,-1.707,-0.122,1.098,0.098,0.039,1.028,3,1100
206375207,-1.707,-0.122,1.098,0.098,0.039,1.028,3,1100
206376694,-0.976,4.268,0.427,-0.174,-0.043,0.957,3,1100
206377203,-0.488,4.817,-0.244,-0.236,-0.055,1.087,3,1100
206378694,-0.549,3.902,-0.366,-0.215,0.019,0.954,3,1100
206379203,-0.244,1.768,0.305,-0.005,0.121,0.979,3,1100
206380694,-1.220,-1.951,0.549,0.162,0.050,1.005,3,1100
206381207,-1.220,-1.951,0.549,0.162,0.050,1.005,3,1100
206382694,-1.646,0.305,1.098,0.120,0.053,1.031,3,1100
206383209,-1.646,2.073,1.280,0.120,0.053,1.031,3,1100
206384694,-0.976,4.085,0.732,-0.179,-0.054,1.002,3,1100
206385203,-0.183,4.634,-0.122,-0.208,-0.045,1.043,3,1100
206386694,-0.183,1.951,0.061,-0.154,0.038,0.982,3,1100
206387212,-0.183,1.951,0.061,-0.028,0.085,0.999,3,1100
206388694,-0.976,-1.280,0.549,0.172,0.056,0.998,3,1100
206389209,-0.976,-1.280,0.549,0.172,0.056,0.998,3,1100
206390694,-1.524,-0.122,0.976,0.103,0.053,1.053,3,1100
206391209,-1.280,1.951,0.793,-0.036,0.001,1.122,3,1100
206392700,-0.915,4.146,0.793,-0.158,-0.039,0.972,3,1100
206393220,-0.549,4.756,-0.122,-0.204,-0.057,1.083,3,1100
206394696,-0.610,1.890,0.122,-0.002,0.090,0.981,3,1100
206395215,-0.610,1.890,0.122,-0.002,0.090,0.981,3,1100
206396695,-1.524,-1.707,0.793,0.191,0.036,1.033,3,1100
206397209,-1.280,-1.890,0.854,0.139,0.034,1.064,3,1100
206398694,-1.707,0.122,1.402,0.131,0.066,1.063,3,1100
206399203,-1.768,2.195,1.098,0.001,0.000,1.087,3,1100
206400698,-0.427,4.695,-0.305,-0.202,-0.042,1.075,3,1100
206401219,-0.427,4.695,-0.305,-0.202,-0.042,1.075,3,1100
206402696,-0.244,2.134,0.061,-0.025,0.106,1.008,3,1100
206403211,-0.732,-0.305,0.244,-0.025,0.106,1.008,3,1100
206404694,-1.159,-1.402,0.305,0.186,0.070,1.045,3,1100
206405214,-1.707,-1.768,0.793,0.199,0.027,1.023,3,1100
206406694,-2.073,0.122,0.976,0.131,0.055,1.142,3,1100
206407207,-1.646,2.073,0.915,-0.024,-0.005,1.099,3,1100
206408694,-0.793,4.878,-0.366,-0.196,-0.054,1.103,3,1100
206409209,-0.793,4.878,-0.366,-0.196,-0.054,1.103,3,1100
206410694,-0.305,2.256,-0.061,-0.011,0.108,1.027,3,1100
206411209,-0.427,-0.366,0.000,0.114,0.063,0.972,3,1100
206412694,-1.037,-1.646,0.183,0.180,0.070,1.100,3,1100
206413209,-1.098,-1.585,0.793,0.157,0.019,1.022,3,1100
206414694,-1.524,2.195,0.976,0.013,0.001,1.028,3,1100
206415207,-1.524,2.195,0.976,0.013,0.001,1.028,3,1100
206416701,-0.183,4.695,-0.244,-0.219,-0.031,1.066,3,1100
206417221,-0.305,4.024,-0.366,-0.219,-0.031,1.066,3,1100
206418696,-0.427,2.378,0.122,-0.034,0.111,1.042,3,1100
206419213,-0.549,0.000,0.305,0.066,0.042,0.938,3,1100
206420694,-1.037,-1.402,0.793,0.169,0.083,1.163,3,1100
206421211,-1.037,-1.402,0.793,0.218,0.023,0.960,3,1100
206422694,-1.768,1.829,0.793,-0.009,0.002,1.051,3,1100
206423203,-1.768,1.829,0.793,-0.009,0.002,1.051,3,1100
206424694,-1.037,4.878,-0.183,-0.211,-0.058,1.084,3,1100
206425207,-0.610,4.085,0.000,-0.213,0.010,0.918,3,1100
206426694,-0.427,2.073,0.244,-0.004,0.112,1.038,3,1100
206427209,-0.732,-0.305,0.183,0.112,0.055,0.932,3,1100
206428694,-1.768,-1.829,0.488,0.172,0.028,0.928,3,1100
206429203,-1.768,-1.829,0.488,0.172,0.028,0.928,3,1100
206430694,-1.768,2.256,0.854,0.016,0.004,0.979,3,1100
206431209,-1.280,3.902,0.366,-0.199,-0.050,1.047,3,1100
206432694,-0.793,4.634,-0.244,-0.206,-0.029,1.023,3,1100
206433209,-0.305,4.207,-0.427,-0.188,0.021,0.950,3,1100
206434694,-0.549,-0.366,-0.122,0.055,0.042,0.924,3,1100
206435207,-0.549,-0.366,-0.122,0.055,0.042,0.924,3,1100
206436689,-1.524,-1.768,0.549,0.219,0.042,0.907,3,1100
206437204,-1.524,-1.768,0.549,0.219,0.042,0.907,3,1100
206438694,-1.829,1.829,1.098,0.006,-0.004,0.992,3,1100
206439203,-1.402,4.146,0.549,-0.168,-0.048,1.091,3,1100
206440694,-0.793,4.817,-0.244,-0.206,-0.039,1.048,3,1100
206441203,-0.549,4.146,-0.305,-0.211,-0.001,0.924,3,1100
206442700,-0.366,-0.122,0.427,0.099,0.045,0.938,3,1100
206443220,-0.366,-0.122,0.427,0.099,0.045,0.938,3,1100
206444690,-1.341,-1.707,0.732,0.195,0.043,0.912,3,1100
206445199,-1.768,-0.244,0.976,0.155,0.065,1.248,3,1100
206446696,-1.524,1.707,0.976,0.012,0.005,0.975,3,1100
206447212,-0.915,3.476,0.671,-0.184,-0.043,1.083,3,1100
206448694,-0.305,4.756,-0.122,-0.213,0.006,0.973,3,1100
206449209,-0.305,4.756,-0.122,-0.213,0.006,0.973,3,1100
206450694,-0.549,0.061,0.305,0.060,0.051,0.933,3,1100
206451207,-1.220,-1.463,0.366,0.060,0.051,0.933,3,1100
206452694,-1.402,-1.402,0.732,0.210,0.044,0.926,3,1100
206453209,-1.829,-0.305,1.037,0.146,0.062,1.192,3,1100
206454694,-1.402,3.841,0.610,0.014,0.006,0.995,3,1100
206455207,-1.402,3.841,0.610,-0.154,-0.044,1.123,3,1100
206456694,-0.732,4.268,-0.061,-0.215,0.008,0.960,3,1100
206457207,-0.732,4.268,-0.061,-0.215,0.008,0.960,3,1100
206458694,-0.549,0.122,0.122,0.070,0.062,0.969,3,1100
206459209,-1.159,-1.646,0.244,0.157,0.059,1.158,3,1100
206460702,-1.159,-1.707,0.610,0.201,0.039,0.943,3,1100
206461230,-1.585,-0.488,0.915,0.155,0.057,1.216,3,1100
206462697,-1.220,3.780,0.610,-0.147,-0.035,1.101,3,1100
206463218,-1.220,3.780,0.610,-0.147,-0.035,1.101,3,1100
206464694,-0.488,4.451,-0.427,-0.204,0.000,1.003,3,1100
206465203,-0.305,2.439,-0.488,-0.050,0.114,0.992,3,1100
206466694,-0.671,0.122,0.000,0.059,0.058,0.991,3,1100
206467211,-1.159,-1.829,0.183,0.157,0.058,1.110,3,1100
206468694,-1.707,-0.793,0.854,0.156,0.060,1.168,3,1100
206469209,-1.707,-0.793,0.854,0.156,0.060,1.168,3,1100
206470694,-1.280,3.476,0.854,-0.116,-0.042,1.134,3,1100
206471203,-1.280,3.476,0.854,-0.116,-0.042,1.134,3,1100
206472694,-0.549,4.451,-0.183,-0.227,-0.002,1.005,3,1100
206473207,-0.244,2.744,-0.122,-0.051,0.092,0.964,3,1100
206474694,-0.488,0.488,0.366,0.060,0.073,1.040,3,1100
206475203,-0.976,-1.463,0.122,0.149,0.057,1.071,3,1100
206476694,-1.768,-0.610,0.915,0.168,0.053,1.119,3,1100
206477209,-1.768,-0.610,0.915,0.168,0.053,1.119,3,1100
206478694,-1.341,3.476,0.671,-0.137,-0.040,1.104,3,1100
206479207,-0.610,4.817,-0.366,-0.224,-0.049,0.930,3,1100
206480694,-0.488,4.390,-0.183,-0.213,-0.003,1.029,3,1100
206481203,-0.244,2.683,0.061,-0.070,0.087,0.931,3,1100
206482694,-1.159,-1.341,0.122,0.155,0.058,1.015,3,1100
206483209,-1.159,-1.341,0.122,0.155,0.058,1.015,3,1100
206484694,-1.890,-0.793,0.915,0.158,0.055,1.061,3,1100
206485207,-1.829,1.707,0.976,0.158,0.055,1.061,3,1100
206486694,-1.098,3.598,0.610,-0.117,-0.032,1.114,3,1100
206487209,-0.549,4.695,-0.122,-0.217,-0.044,0.933,3,1100
206488694,-0.427,2.805,0.000,-0.221,-0.011,1.037,3,1100
206489207,-0.427,2.805,0.000,-0.079,0.077,0.909,3,1100
206490694,-0.854,-1.402,0.244,0.152,0.050,0.967,3,1100
206491207,-0.854,-1.402,0.244,0.152,0.050,0.967,3,1100
206492694,-2.134,-0.671,1.159,0.160,0.043,1.009,3,1100
206493203,-2.500,1.524,1.341,0.045,0.048,1.169,3,1100
206494694,-2.012,3.293,0.854,-0.110,-0.029,1.107,3,1100
206495203,-1.037,4.329,0.122,-0.209,-0.047,0.940,3,1100
206496694,-0.305,2.927,0.122,-0.071,0.073,0.909,3,1100
206497209,-0.305,2.927,0.122,-0.071,0.073,0.909,3,1100
206498694,-0.976,-1.402,0.183,0.142,0.040,0.938,3,1100
206499207,-1.037,-1.951,0.549,0.203,0.053,1.161,3,1100
206500694,-1.463,-1.098,0.915,0.149,0.052,0.979,3,1100
206501203,-2.073,1.220,0.854,0.060,0.054,1.195,3,1100
206502694,-0.854,4.634,0.183,-0.217,-0.050,0.953,3,1100
206503203,-0.854,4.634,0.183,-0.217,-0.050,0.953,3,1100
206504694,-0.671,2.988,0.183,-0.102,0.079,0.911,3,1100
206505203,-0.671,2.988,0.183,-0.102,0.079,0.911,3,1100
206506694,-1.037,-1.402,0.244,0.130,0.039,0.910,3,1100
206507209,-1.220,-2.073,0.488,0.206,0.062,1.196,3,1100
206508694,-1.341,-1.402,0.793,0.173,0.031,0.959,3,1100
206509209,-1.646,1.098,0.915,0.058,0.050,1.207,3,1100
206510694,-0.793,4.512,0.061,-0.209,-0.037,0.979,3,1100
206511209,-0.793,4.512,0.061,-0.209,-0.037,0.979,3,1100
206512694,-0.061,3.232,-0.183,-0.106,0.071,0.916,3,1100
206513209,0.000,1.037,0.000,0.031,0.104,1.135,3,1100
206514694,-0.488,-1.280,0.061,0.133,0.045,0.896,3,1100
206515212,-0.793,-1.707,0.488,0.194,0.066,1.200,3,1100
206516694,-1.768,1.220,0.793,0.045,0.068,1.204,3,1100
206517209,-1.768,1.220,0.793,0.045,0.068,1.204,3,1100
206518694,-0.793,4.634,0.000,-0.219,-0.043,0.994,3,1100
206519203,-0.366,4.451,-0.366,-0.219,-0.043,0.994,3,1100
206520694,-0.427,3.171,-0.305,-0.092,0.051,0.925,3,1100
206521207,-0.183,1.098,0.122,0.045,0.123,1.127,3,1100
206522694,-1.098,-1.951,0.427,0.144,0.033,0.905,3,1100
206523209,-1.098,-1.951,0.427,0.198,0.052,1.205,3,1100
206524694,-1.768,1.037,0.854,0.051,0.070,1.215,3,1100
206525209,-1.768,1.037,0.854,0.051,0.070,1.215,3,1100
206526694,-0.793,4.634,0.122,-0.213,-0.037,1.020,3,1100
206527209,-0.244,4.390,-0.305,-0.210,-0.022,0.967,3,1100
206528694,-0.183,3.171,-0.244,-0.081,0.064,0.964,3,1100
206529203,-0.488,0.854,0.183,0.031,0.096,1.111,3,1100
206530694,-1.098,-1.890,0.366,0.208,0.065,1.176,3,1100
206531207,-1.098,-1.890,0.366,0.208,0.065,1.176,3,1100
206532694,-2.073,1.037,1.037,0.049,0.051,1.181,3,1100
206533209,-1.768,3.415,0.976,-0.087,-0.028,1.032,3,1100
206534694,-1.037,4.512,0.305,-0.191,-0.042,1.023,3,1100
206535203,-0.793,4.329,-0.183,-0.226,-0.023,0.954,3,1100
206536694,-0.610,1.037,0.244,0.024,0.116,1.067,3,1100
206537203,-0.610,1.037,0.244,0.024,0.116,1.067,3,1100
206538694,-1.220,-1.829,0.366,0.188,0.049,1.145,3,1100
206539203,-1.220,-1.829,0.366,0.188,0.049,1.145,3,1100
206540694,-1.768,0.732,1.220,0.083,0.048,1.158,3,1100
206541209,-1.463,2.988,0.976,-0.079,-0.026,1.047,3,1100
206542694,-0.793,4.207,0.183,-0.193,-0.047,1.051,3,1100
206543209,-0.427,4.207,-0.305,-0.217,-0.023,0.923,3,1100
206544694,-0.305,1.098,0.122,0.029,0.103,1.021,3,1100
206545203,-0.305,1.098,0.122,0.029,0.103,1.021,3,1100
206546694,-1.037,-1.768,0.610,0.203,0.053,1.091,3,1100
206547207,-1.585,-0.915,1.098,0.187,0.045,1.060,3,1100
206548694,-2.073,0.610,1.220,0.058,0.051,1.122,3,1100
206549204,-1.646,2.927,0.976,-0.080,-0.038,1.022,3,1100
206550694,-0.488,4.390,-0.305,-0.237,-0.039,0.924,3,1100
206551207,-0.488,4.390,-0.305,-0.237,-0.039,0.924,3,1100
206552694,0.122,1.037,0.122,0.050,0.098,0.973,3,1100
206553209,-0.549,-1.098,0.244,0.050,0.098,0.973,3,1100
206554694,-0.976,-1.951,0.305,0.186,0.034,1.048,3,1100
206555203,-1.341,-0.793,0.915,0.143,0.058,1.115,3,1100
206556694,-1.707,3.049,0.793,0.094,0.035,1.051,3,1100
206557209,-1.707,3.049,0.793,-0.084,-0.011,1.084,3,1100
206558694,-0.427,4.512,-0.427,-0.200,-0.031,0.929,3,1100
206559209,-0.427,4.512,-0.427,-0.200,-0.031,0.929,3,1100
206560694,-0.549,1.098,0.000,0.001,0.083,0.984,3,1100
206561203,-1.098,-0.854,0.488,0.104,0.070,1.065,3,1100
206562694,-1.220,-1.829,0.488,0.196,0.057,0.964,3,1100
206563203,-1.463,-1.280,0.671,0.197,0.039,1.225,3,1100
206564694,-1.585,2.866,0.793,-0.068,-0.028,1.078,3,1100
206565209,-1.585,2.866,0.793,-0.068,-0.028,1.078,3,1100
206566694,-0.244,4.695,-0.244,-0.228,-0.059,0.980,3,1100
206567209,-0.244,3.537,-0.244,-0.160,0.063,1.039,3,1100
206568694,-0.244,1.037,-0.061,0.022,0.088,0.919,3,1100
206569207,-0.793,-0.976,0.366,0.174,0.081,1.121,3,1100
206570694,-1.159,-0.854,0.488,0.132,0.034,1.192,3,1100
206571207,-1.159,-0.854,0.488,0.132,0.034,1.192,3,1100
206572694,-1.524,2.561,0.915,-0.060,-0.025,1.134,3,1100
206573203,-1.524,2.561,0.915,-0.060,-0.025,1.134,3,1100
206574694,-0.183,4.573,-0.549,-0.208,-0.024,0.946,3,1100
206575209,-0.244,3.720,-0.061,-0.109,0.060,1.050,3,1100
206576694,-0.549,1.402,0.122,-0.010,0.076,0.953,3,1100
206577203,-1.098,-0.549,0.122,0.089,0.081,1.145,3,1100
206578694,-1.220,-1.220,0.732,0.186,0.053,1.228,3,1100
206579207,-1.220,-1.220,0.732,0.186,0.053,1.228,3,1100
206580694,-1.402,2.805,0.732,-0.075,-0.031,1.130,3,1100
206581209,-1.159,4.451,0.427,-0.191,-0.029,0.998,3,1100
206582694,-0.610,4.695,-0.183,-0.212,-0.041,0.981,3,1100
206583209,-0.610,3.598,-0.183,-0.167,0.055,1.031,3,1100
206584694,-0.549,-1.037,0.183,0.146,0.078,1.150,3,1100
206585203,-0.549,-1.037,0.183,0.146,0.078,1.150,3,1100
206586694,-1.159,-1.098,0.793,0.130,0.047,1.178,3,1100
206587209,-1.585,0.732,0.915,0.130,0.047,1.178,3,1100
206588694,-1.463,2.622,0.976,-0.059,-0.028,1.189,3,1100
206589212,-0.854,4.207,0.305,-0.198,-0.043,1.000,3,1100
206590694,-0.610,3.598,-0.488,-0.210,-0.037,0.965,3,1100
206591209,-0.610,3.598,-0.488,-0.123,0.061,1.037,3,1100
206592694,-1.159,-0.793,0.305,0.069,0.069,1.138,3,1100
206593209,-1.159,-0.793,0.305,0.069,0.069,1.138,3,1100
206594694,-1.585,-1.524,0.671,0.207,0.038,1.237,3,1100
206595209,-1.890,0.244,0.915,0.082,0.064,1.009,3,1100
206596694,-1.768,2.622,0.732,-0.058,-0.046,1.144,3,1100
206597209,-1.220,4.146,0.122,-0.185,-0.023,0.993,3,1100
206598694,-0.366,3.659,-0.244,-0.181,0.053,1.013,3,1100
206599203,-0.366,3.659,-0.244,-0.181,0.053,1.013,3,1100
206600694,-0.488,-0.915,0.305,0.135,0.053,1.140,3,1100
206601203,-0.732,-1.829,0.305,0.163,0.073,0.953,3,1100
206602694,-1.098,-1.280,0.732,0.174,0.025,1.199,3,1100
206603207,-1.585,0.610,1.220,0.101,0.075,0.955,3,1100
206604694,-1.280,3.841,0.366,-0.200,-0.042,0.994,3,1100
206605207,-1.280,3.841,0.366,-0.200,-0.042,0.994,3,1100
206606694,-0.488,3.720,-0.244,-0.140,0.022,1.009,3,1100
206607209,-0.488,3.720,-0.244,-0.140,0.022,1.009,3,1100
206608694,-1.037,-0.671,0.183,0.088,0.059,1.110,3,1100
206609203,-1.646,-1.646,0.427,0.180,0.066,0.966,3,1100
206610694,-1.524,-1.951,0.671,0.220,0.047,1.150,3,1100
206611209,-1.646,0.366,0.854,0.094,0.059,1.007,3,1100
206612694,-0.976,4.146,0.183,-0.176,-0.041,0.996,3,1100
206613209,-0.976,4.146,0.183,-0.176,-0.041,0.996,3,1100
206614694,-0.488,3.720,-0.183,-0.195,0.040,0.981,3,1100
206615209,-0.305,1.707,-0.061,0.018,0.097,0.973,3,1100
206616694,-0.793,-0.488,0.122,0.122,0.055,1.096,3,1100
206617203,-1.280,-1.280,0.122,0.170,0.058,0.982,3,1100
206618694,-1.707,0.488,0.793,0.119,0.059,1.017,3,1100
206619207,-1.707,0.488,0.793,0.119,0.059,1.017,3,1100
206620694,-1.220,4.146,0.305,-0.193,-0.043,0.979,3,1100
206621207,-0.427,4.512,-0.488,-0.193,-0.043,0.979,3,1100
206622694,-0.366,3.720,-0.244,-0.141,0.027,0.975,3,1100
206623209,-0.244,1.890,-0.183,-0.021,0.097,1.004,3,1100
206624694,-1.037,-1.463,0.305,0.074,0.050,1.039,3,1100
206625207,-1.037,-1.463,0.305,0.175,0.085,1.041,3,1100
206626694,-1.829,0.122,0.915,0.103,0.064,1.033,3,1100
206627207,-1.829,0.122,0.915,0.103,0.064,1.033,3,1100
206628694,-1.280,3.963,0.244,-0.170,-0.050,0.976,3,1100
206629207,-0.854,4.573,-0.061,-0.217,-0.026,1.099,3,1100
206630694,-0.549,3.963,-0.244,-0.198,0.019,0.922,3,1100
206631209,-0.183,1.829,-0.122,0.000,0.095,1.020,3,1100
206632694,-1.159,-1.646,0.427,0.167,0.072,1.066,3,1100
206633209,-1.159,-1.646,0.427,0.167,0.072,1.066,3,1100
206634694,-1.890,0.244,1.098,0.114,0.063,1.131,3,1100
206635207,-1.707,2.134,1.037,-0.010,-0.010,1.062,3,1100
206636694,-1.524,4.085,0.427,-0.184,-0.042,0.994,3,1100
206637203,-0.793,4.634,-0.244,-0.215,-0.024,1.075,3,1100
206638694,-0.366,2.012,0.122,-0.031,0.120,1.038,3,1100
206639203,-0.366,2.012,0.122,-0.031,0.120,1.038,3,1100
206640694,-1.220,-1.829,0.427,0.178,0.069,1.109,3,1100
206641209,-1.220,-1.829,0.427,0.178,0.069,1.109,3,1100
206642694,-2.195,0.061,0.915,0.118,0.050,1.107,3,1100
206643203,-1.829,2.012,0.854,-0.016,-0.001,1.051,3,1100
206644700,-1.280,4.085,0.244,-0.167,-0.049,1.007,3,1100
206645224,-0.549,4.939,-0.305,-0.225,-0.042,1.100,3,1100
206646696,-0.061,2.195,0.122,-0.002,0.101,1.046,3,1100
206647210,-0.061,2.195,0.122,-0.002,0.101,1.046,3,1100
206648694,-1.037,-1.524,0.000,0.170,0.060,1.154,3,1100
206649205,-1.220,-1.585,0.610,0.202,0.040,0.974,3,1100
206650694,-1.646,0.000,0.915,0.133,0.056,1.203,3,1100
206651211,-1.585,2.195,0.854,-0.009,0.005,1.018,3,1100
206652694,-0.793,4.695,-0.244,-0.208,-0.032,1.067,3,1100
206653209,-0.793,4.695,-0.244,-0.208,-0.032,1.067,3,1100
206654694,-0.366,2.317,-0.061,-0.036,0.104,1.064,3,1100
206655203,-0.488,-0.122,0.427,-0.036,0.104,1.064,3,1100
206656694,-0.732,-1.463,0.549,0.186,0.068,1.162,3,1100
206657207,-1.159,-1.646,0.793,0.204,0.045,0.959,3,1100
206658694,-2.256,1.951,1.159,0.124,0.062,1.192,3,1100
206659207,-2.256,1.951,1.159,0.000,0.005,1.019,3,1100
206660694,-0.915,4.634,-0.183,-0.210,-0.043,1.062,3,1100
206661203,-0.915,4.634,-0.183,-0.210,-0.043,1.062,3,1100
206662694,-0.061,2.073,-0.122,-0.012,0.097,1.047,3,1100
206663209,-0.183,-0.427,0.366,0.083,0.055,0.929,3,1100
206664694,-0.793,-1.829,0.183,0.158,0.067,1.169,3,1100
206665207,-1.098,-1.707,0.732,0.195,0.032,0.948,3,1100
206666694,-1.646,2.073,1.220,0.002,0.015,0.981,3,1100
206667209,-1.646,2.073,1.220,0.002,0.015,0.981,3,1100
206668694,-0.427,4.695,-0.305,-0.212,-0.035,1.053,3,1100
206669207,-0.427,4.390,-0.366,-0.204,0.004,0.954,3,1100
206670694,-0.366,2.378,-0.122,-0.049,0.114,1.048,3,1100
206671204,-0.793,0.244,0.183,0.067,0.059,0.915,3,1100
206672694,-1.280,-1.829,0.610,0.180,0.056,1.182,3,1100
206673203,-1.280,-1.829,0.610,0.205,0.048,0.944,3,1100
206674694,-1.707,1.890,0.915,0.001,0.021,0.994,3,1100
206675203,-1.707,1.890,0.915,0.001,0.021,0.994,3,1100
206676694,-0.732,4.756,0.000,-0.213,-0.037,1.026,3,1100
206677203,-0.305,4.451,-0.183,-0.224,-0.005,0.941,3,1100
206678694,-0.488,2.622,-0.061,-0.030,0.091,1.044,3,1100
206679203,-0.488,0.244,0.427,0.077,0.072,0.927,3,1100
206680694,-1.402,-1.341,0.793,0.187,0.050,0.926,3,1100
206681203,-1.402,-1.341,0.793,0.187,0.050,0.926,3,1100
206682694,-1.768,1.951,1.159,0.016,0.018,0.974,3,1100
206683209,-1.402,3.598,0.671,-0.150,-0.020,1.112,3,1100
206684694,-0.610,4.573,-0.305,-0.193,-0.056,1.007,3,1100
206685203,-0.183,4.329,-0.122,-0.207,0.004,0.964,3,1100
206686694,-0.549,0.183,0.427,0.059,0.086,0.940,3,1100
206687209,-0.549,0.183,0.427,0.059,0.086,0.940,3,1100
206688689,-1.220,-1.707,0.427,0.202,0.044,0.929,3,1100
206689199,-1.829,-0.549,0.732,0.202,0.044,0.929,3,1100
206690694,-1.829,1.524,0.976,0.018,0.017,0.979,3,1100
206691207,-1.280,3.598,0.610,-0.140,-0.023,1.120,3,1100
206692694,-0.427,4.085,0.000,-0.192,-0.054,0.995,3,1100
206693203,-0.427,4.085,0.000,-0.232,0.004,0.965,3,1100
206694694,-0.488,0.000,0.427,0.085,0.072,0.947,3,1100
206695203,-0.488,0.000,0.427,0.085,0.072,0.947,3,1100
206696689,-1.159,-1.707,0.610,0.188,0.024,0.944,3,1100
206697199,-1.829,-0.427,1.037,0.137,0.053,1.176,3,1100
206698694,-2.134,1.646,1.280,0.034,0.022,0.994,3,1100
206699209,-1.402,3.476,0.854,-0.139,-0.026,1.151,3,1100
206700694,0.000,4.451,-0.122,-0.212,-0.008,0.986,3,1100
206701203,0.000,4.451,-0.122,-0.212,-0.008,0.986,3,1100
206702694,-0.793,0.488,0.366,0.060,0.079,0.985,3,1100
206703207,-1.220,-1.646,0.305,0.160,0.059,1.117,3,1100
206704694,-1.280,-1.707,0.549,0.192,0.040,0.958,3,1100
206705203,-1.585,-0.915,1.037,0.156,0.049,1.165,3,1100
206706694,-1.402,3.659,0.549,0.016,0.027,1.017,3,1100
206707203,-1.402,3.659,0.549,-0.121,-0.025,1.166,3,1100
206708694,-0.305,4.512,-0.488,-0.251,-0.015,1.009,3,1100
206709209,-0.305,4.512,-0.488,-0.251,-0.015,1.009,3,1100
206710694,-0.488,0.427,0.732,0.085,0.100,1.036,3,1100
206711203,-1.037,-1.585,0.549,0.163,0.057,1.073,3,1100
206712694,-1.402,-1.768,0.427,0.173,0.015,1.031,3,1100
206713203,-1.646,-0.488,0.854,0.152,0.034,1.081,3,1100
206714694,-1.280,3.659,0.793,-0.118,-0.034,1.128,3,1100
206715203,-1.280,3.659,0.793,-0.118,-0.034,1.128,3,1100
206716694,-0.183,4.573,-0.305,-0.211,0.002,1.025,3,1100
206717203,-0.244,2.744,-0.183,-0.059,0.079,0.939,3,1100
206718694,-0.610,0.488,0.000,0.042,0.088,1.066,3,1100
206719203,-1.159,-1.646,0.244,0.141,0.072,1.011,3,1100
206720694,-1.585,-0.854,0.976,0.154,0.041,1.010,3,1100
206721209,-1.585,-0.854,0.976,0.154,0.041,1.010,3,1100
206722694,-1.585,3.659,0.610,-0.113,-0.017,1.125,3,1100
206723209,-0.976,4.817,0.122,-0.113,-0.017,1.125,3,1100
206724694,-0.488,4.390,-0.122,-0.247,-0.013,1.018,3,1100
206725203,-0.610,2.866,-0.061,-0.092,0.087,0.896,3,1100
206726694,-0.854,-1.585,0.427,0.092,0.107,1.088,3,1100
206727209,-0.854,-1.585,0.427,0.173,0.054,0.989,3,1100
206728694,-1.646,-0.854,0.976,0.126,0.042,0.973,3,1100
206729203,-1.646,-0.854,0.976,0.126,0.042,0.973,3,1100
206730694,-1.646,3.476,0.976,-0.104,-0.017,1.112,3,1100
206731203,-0.488,4.512,-0.305,-0.219,-0.061,0.970,3,1100
206732694,0.061,4.268,-0.610,-0.200,-0.024,0.993,3,1100
206733209,0.183,2.988,-0.305,-0.055,0.074,0.942,3,1100
206734694,-0.732,-1.159,-0.061,0.121,0.056,0.940,3,1100
206735209,-0.732,-1.159,-0.061,0.121,0.056,0.940,3,1100
206736694,-1.646,-1.159,0.793,0.193,0.035,0.937,3,1100
206737209,-1.890,0.854,0.915,0.029,0.042,1.200,3,1100
206738694,-1.341,3.171,0.549,-0.107,-0.034,1.061,3,1100
206739207,-0.610,4.695,-0.183,-0.209,-0.055,0.989,3,1100
206740694,-0.366,3.049,0.061,-0.231,-0.021,1.012,3,1100
206741207,-0.366,3.049,0.061,-0.108,0.070,0.916,3,1100
206742694,-0.488,-1.463,0.244,0.181,0.050,0.917,3,1100
206743209,-0.488,-1.463,0.244,0.181,0.050,0.917,3,1100
206744694,-1.707,-0.671,0.854,0.153,0.036,0.969,3,1100
206745203,-1.890,1.280,1.037,0.065,0.051,1.228,3,1100
206746694,-1.646,3.354,0.976,-0.101,-0.011,1.052,3,1100
206747209,-0.793,4.634,-0.122,-0.229,-0.047,0.973,3,1100
206748694,-0.549,3.171,-0.244,-0.089,0.075,0.943,3,1100
206749209,-0.549,3.171,-0.244,-0.089,0.075,0.943,3,1100
206750694,-1.159,-0.915,0.366,0.127,0.064,0.915,3,1100
206751203,-1.402,-1.829,0.488,0.213,0.062,1.248,3,1100
206752702,-1.585,-0.915,1.037,0.165,0.032,0.911,3,1100
206753227,-1.890,0.854,0.854,0.055,0.052,1.196,3,1100
206754697,-0.671,4.817,0.305,-0.200,-0.054,1.009,3,1100
206755212,-0.671,4.817,0.305,-0.200,-0.054,1.009,3,1100
206756694,-0.610,2.988,-0.366,-0.110,0.075,0.928,3,1100
206757210,-0.305,0.671,0.305,-0.110,0.075,0.928,3,1100
206758694,-0.854,-1.280,0.366,0.149,0.053,0.938,3,1100
206759209,-1.220,-2.012,0.183,0.180,0.060,1.192,3,1100
206760694,-1.951,1.220,0.793,0.140,0.038,0.928,3,1100
206761209,-1.951,1.220,0.793,0.103,0.056,1.233,3,1100
206762694,-0.671,4.634,-0.244,-0.199,-0.043,0.978,3,1100
206763203,-0.671,4.634,-0.244,-0.199,-0.043,0.978,3,1100
206764694,-0.244,3.537,0.000,-0.072,0.073,0.979,3,1100
206765209,-0.427,0.976,0.061,0.001,0.078,1.110,3,1100
206766698,-0.915,-0.854,0.305,0.103,0.052,0.909,3,1100
206767219,-0.915,-1.707,0.549,0.210,0.076,1.179,3,1100
206768696,-1.463,0.854,1.220,0.055,0.067,1.215,3,1100
206769212,-1.463,0.854,1.220,0.055,0.067,1.215,3,1100
206770694,-0.732,4.878,0.122,-0.192,-0.036,1.018,3,1100
206771210,-0.610,4.268,-0.427,-0.218,-0.025,1.001,3,1100
206772694,-0.366,3.171,-0.183,-0.130,0.045,0.992,3,1100
206773207,0.000,0.915,0.305,0.058,0.104,1.080,3,1100
206774694,-1.159,-1.829,0.427,0.154,0.030,0.951,3,1100
206775209,-1.159,-1.829,0.427,0.203,0.062,1.149,3,1100
206776702,-1.829,1.037,1.159,0.106,0.056,1.183,3,1100
206777227,-1.829,1.037,1.159,0.106,0.056,1.183,3,1100
206778697,-1.159,4.634,0.183,-0.201,-0.046,1.021,3,1100
206779212,-0.488,4.756,-0.427,-0.220,-0.007,0.943,3,1100
206780695,-0.305,3.659,-0.305,-0.101,0.072,1.024,3,1100
206781206,-0.549,0.976,0.122,0.016,0.089,1.050,3,1100
206782694,-1.098,-1.951,0.366,0.211,0.066,1.098,3,1100
206783207,-1.098,-1.951,0.366,0.211,0.066,1.098,3,1100
206784694,-1.890,0.488,0.732,0.079,0.054,1.188,3,1100
206785209,-1.646,3.049,0.610,-0.105,-0.061,0.989,3,1100
206786694,-1.037,4.512,0.000,-0.188,-0.040,1.059,3,1100
206787203,-0.488,4.390,-0.427,-0.224,-0.030,0.950,3,1100
206788694,-0.366,1.098,0.061,0.050,0.092,0.991,3,1100
206789211,-0.366,1.098,0.061,0.050,0.092,0.991,3,1100
206790694,-1.341,-1.829,0.183,0.192,0.066,1.093,3,1100
206791207,-1.585,-0.671,0.549,0.192,0.066,1.093,3,1100
206792694,-2.012,1.037,1.037,0.108,0.053,1.114,3,1100
206793203,-1.707,3.232,0.671,-0.086,-0.050,1.050,3,1100
206794694,-0.427,4.573,-0.427,-0.196,-0.046,1.056,3,1100
206795209,-0.427,4.573,-0.427,-0.213,-0.010,0.946,3,1100
206796694,-0.244,1.098,0.122,0.008,0.085,1.002,3,1100
206797203,-0.244,1.098,0.122,0.008,0.085,1.002,3,1100
206798694,-1.159,-1.890,0.427,0.207,0.064,1.059,3,1100
206799203,-1.402,-1.159,0.854,0.177,0.055,1.064,3,1100
206800694,-1.829,0.610,1.098,0.076,0.052,1.133,3,1100
206801203,-1.768,2.988,0.793,-0.085,-0.032,1.022,3,1100
206802694,-0.976,4.573,-0.305,-0.228,-0.034,0.942,3,1100
206803209,-0.976,4.573,-0.305,-0.228,-0.034,0.942,3,1100
206804694,-0.183,1.037,0.427,0.038,0.091,0.975,3,1100
206805209,-0.610,-1.098,0.488,0.125,0.047,1.037,3,1100
206806694,-0.976,-2.012,0.488,0.182,0.051,1.054,3,1100
206807209,-1.463,-0.854,0.915,0.173,0.051,1.069,3,1100
206808694,-1.402,2.927,0.976,0.118,0.051,1.059,3,1100
206809203,-1.402,2.927,0.976,-0.098,-0.029,1.098,3,1100
206810694,-0.549,4.695,-0.061,-0.221,-0.008,0.933,3,1100
206811209,-0.549,4.695,-0.061,-0.221,-0.008,0.933,3,1100
206812694,-0.366,1.585,0.122,0.003,0.080,0.964,3,1100
206813204,-0.793,-0.732,0.244,0.092,0.057,1.075,3,1100
206814694,-1.159,-2.073,0.427,0.198,0.058,1.005,3,1100
206815209,-1.463,-1.098,0.915,0.191,0.045,1.089,3,1100
206816694,-1.341,2.805,0.610,-0.070,-0.037,1.066,3,1100
206817203,-1.341,2.805,0.610,-0.070,-0.037,1.066,3,1100
206818694,-0.732,4.512,-0.366,-0.217,-0.030,0.937,3,1100
206819209,-0.488,3.963,-0.244,-0.139,0.065,1.064,3,1100
206820694,-0.366,1.585,0.000,0.008,0.084,0.934,3,1100
206821203,-0.854,-0.732,0.305,0.111,0.061,1.108,3,1100
206822694,-1.951,-1.159,0.976,0.172,0.050,1.141,3,1100
206823209,-1.951,-1.159,0.976,0.172,0.050,1.141,3,1100
206824694,-2.073,2.622,0.793,-0.062,-0.021,1.140,3,1100
206825203,-1.220,4.390,0.366,-0.062,-0.021,1.140,3,1100
206826217,-0.671,4.878,-0.122,-0.223,-0.034,0.948,3,1100
206827694,-0.427,3.780,-0.061,-0.130,0.062,1.054,3,1100
206828198,-0.366,1.402,0.244,0.005,0.089,0.929,3,1100
206829694,-1.159,-1.768,0.366,0.176,0.057,0.937,3,1100
206830207,-1.159,-1.768,0.366,0.176,0.057,0.937,3,1100
206831694,-1.829,0.366,1.098,0.096,0.048,0.974,3,1100
206832209,-1.890,2.866,0.732,0.096,0.048,0.974,3,1100
206833694,-1.220,4.268,0.000,-0.167,-0.038,1.048,3,1100
206834203,-0.732,4.756,-0.427,-0.223,-0.047,0.968,3,1100
206835694,-0.488,1.280,0.366,-0.140,0.050,1.050,3,1100
206836211,-0.488,1.280,0.366,0.013,0.092,0.915,3,1100
206837694,-0.915,-1.463,0.732,0.184,0.051,0.922,3,1100
206838209,-0.915,-1.463,0.732,0.184,0.051,0.922,3,1100
206839694,-1.890,0.488,1.402,0.099,0.047,0.947,3,1100
206840209,-1.707,2.683,0.976,-0.059,-0.008,1.169,3,1100
206841694,-1.098,4.268,0.366,-0.167,-0.041,1.019,3,1100
206842209,-0.427,4.695,-0.305,-0.227,-0.030,0.987,3,1100
206843694,-0.183,1.463,-0.122,-0.002,0.076,0.917,3,1100
206844203,-0.183,1.463,-0.122,-0.002,0.076,0.917,3,1100
206845694,-1.463,-1.402,0.366,0.184,0.043,0.904,3,1100
206846209,-1.707,-1.280,0.854,0.188,0.048,1.201,3,1100
206847694,-1.707,0.366,1.159,0.104,0.039,0.958,3,1100
206848203,-1.402,2.378,0.854,-0.041,-0.017,1.170,3,1100
206849694,-0.793,4.695,-0.427,-0.229,-0.044,1.015,3,1100
206850203,-0.793,4.695,-0.427,-0.229,-0.044,1.015,3,1100
206851694,-0.427,1.463,0.000,0.004,0.096,0.930,3,1100
206852207,-0.427,1.463,0.000,0.004,0.096,0.930,3,1100
206853694,-1.463,-1.707,0.549,0.164,0.054,0.943,3,1100
206854209,-1.585,-1.768,0.915,0.196,0.040,1.191,3,1100
206855694,-2.134,0.061,1.159,0.103,0.052,0.984,3,1100
206856212,-2.012,2.683,0.854,-0.030,-0.005,1.151,3,1100
206857694,-0.549,4.573,-0.183,-0.210,-0.040,1.038,3,1100
206858209,-0.549,4.573,-0.183,-0.210,-0.040,1.038,3,1100
206859694,-0.366,1.829,-0.061,-0.002,0.092,0.985,3,1100
206860203,-0.854,-0.488,0.183,0.105,0.058,1.079,3,1100
206861694,-1.280,-1.402,0.427,0.166,0.075,0.954,3,1100
206862207,-1.463,-1.524,0.793,0.187,0.055,1.173,3,1100
206863694,-1.951,2.500,0.793,-0.030,-0.009,1.142,3,1100
206864209,-1.951,2.500,0.793,-0.030,-0.009,1.142,3,1100
206865694,-0.915,4.573,-0.061,-0.221,-0.030,1.060,3,1100
206866209,-0.915,3.476,-0.122,-0.221,-0.030,1.060,3,1100
206867694,-0.366,1.707,-0.061,-0.006,0.092,0.982,3,1100
206868209,-0.610,-0.671,0.488,0.111,0.072,1.061,3,1100
206869694,-1.341,-1.524,0.732,0.170,0.047,1.004,3,1100
206870209,-1.341,-1.524,0.732,0.188,0.042,1.116,3,1100
206871694,-2.134,2.256,0.915,-0.024,0.009,1.106,3,1100
206872203,-2.134,2.256,0.915,-0.024,0.009,1.106,3,1100
206873694,-0.671,4.756,-0.183,-0.215,-0.038,1.087,3,1100
206874207,-0.061,3.902,-0.305,-0.180,0.016,0.960,3,1100
206875694,-0.122,2.073,0.061,-0.018,0.105,1.027,3,1100
206876212,-0.366,-0.183,0.244,0.092,0.058,0.993,3,1100
206877689,-1.280,-1.646,0.549,0.207,0.042,1.079,3,1100
206878202,-1.280,-1.646,0.549,0.207,0.042,1.079,3,1100
206879694,-1.890,2.195,0.549,-0.022,-0.001,1.068,3,1100
206880203,-1.037,4.085,0.305,-0.164,-0.046,0.988,3,1100
206881694,-0.610,4.695,-0.183,-0.219,-0.042,1.092,3,1100
206882209,-0.183,4.024,-0.488,-0.197,0.009,0.911,3,1100
206883694,-0.671,-0.305,0.244,0.115,0.067,0.953,3,1100
206884203,-0.671,-0.305,0.244,0.115,0.067,0.953,3,1100
206885689,-1.220,-1.707,0.671,0.171,0.038,1.002,3,1100
206886198,-1.220,-1.707,0.671,0.171,0.038,1.002,3,1100
206887694,-1.890,2.134,0.915,-0.008,0.010,0.999,3,1100
206888203,-1.341,3.720,0.549,-0.146,-0.055,1.016,3,1100
206889694,-0.610,4.573,-0.366,-0.223,-0.033,1.069,3,1100
206890203,-0.366,4.085,-0.305,-0.183,0.004,0.941,3,1100
206891694,-0.793,0.122,0.305,0.058,0.075,0.912,3,1100
206892203,-0.793,0.122,0.305,0.058,0.075,0.912,3,1100
206893689,-1.341,-1.341,0.671,0.202,0.053,0.904,3,1100
206894198,-1.768,-0.061,0.793,0.128,0.049,1.246,3,1100
206895694,-1.524,2.134,0.671,-0.006,-0.002,0.958,3,1100
206896207,-1.220,4.024,0.183,-0.144,-0.034,1.059,3,1100
206897694,-0.488,4.207,-0.488,-0.243,0.010,0.951,3,1100
206898209,-0.488,4.207,-0.488,-0.243,0.010,0.951,3,1100
206899694,-0.488,-0.122,0.427,0.113,0.077,0.924,3,1100
206900203,-0.854,-1.768,0.305,0.113,0.077,0.924,3,1100
206901694,-1.220,-1.646,0.183,0.183,0.025,0.924,3,1100
206902209,-1.951,-0.122,0.488,0.129,0.064,1.214,3,1100
206903694,-1.402,3.902,0.793,0.011,0.008,0.976,3,1100
206904207,-1.402,3.902,0.793,-0.151,-0.028,1.089,3,1100
206905694,0.000,4.329,-0.610,-0.186,0.007,0.979,3,1100
206906203,0.000,4.329,-0.610,-0.186,0.007,0.979,3,1100
206907694,-0.915,0.122,0.183,0.047,0.075,0.924,3,1100
206908209,-1.280,-1.585,0.305,0.152,0.067,1.164,3,1100
206909694,-1.402,-1.585,0.427,0.222,0.030,0.912,3,1100
206910209,-2.012,-0.671,0.610,0.136,0.054,1.193,3,1100
206911694,-1.524,3.902,0.427,-0.120,-0.039,1.133,3,1100
206912203,-1.524,3.902,0.427,-0.120,-0.039,1.133,3,1100
206913694,-0.366,4.390,-0.671,-0.244,-0.007,0.976,3,1100
206914203,-0.366,2.439,-0.244,-0.052,0.098,0.965,3,1100
206915694,-0.366,-0.061,0.244,0.104,0.098,1.007,3,1100
206916203,-0.732,-1.707,0.061,0.190,0.047,1.137,3,1100
206917694,-1.890,-0.183,0.793,0.147,0.060,1.162,3,1100
206918212,-1.890,-0.183,0.793,0.147,0.060,1.162,3,1100
206919694,-1.646,3.537,0.793,-0.150,-0.008,1.111,3,1100
206920203,-1.646,3.537,0.793,-0.150,-0.008,1.111,3,1100
206921694,-0.488,4.573,-0.610,-0.191,0.003,1.007,3,1100
206922207,-0.244,2.622,-0.366,-0.040,0.090,0.999,3,1100
206923694,-0.549,0.305,0.000,0.024,0.076,0.999,3,1100
206924203,-0.915,-1.280,0.061,0.159,0.077,1.086,3,1100
206925694,-1.463,-0.793,0.732,0.170,0.051,1.096,3,1100
206926203,-1.463,-0.793,0.732,0.170,0.051,1.096,3,1100
206927694,-1.585,3.720,0.549,-0.142,-0.028,1.121,3,1100
206928209,-0.854,4.695,0.122,-0.207,-0.046,0.988,3,1100
206929694,-0.671,4.207,-0.427,-0.231,-0.016,0.998,3,1100
206930209,-0.488,2.439,-0.183,-0.073,0.086,0.921,3,1100
206931694,-1.098,-1.829,0.427,0.197,0.065,1.022,3,1100
206932207,-1.098,-1.829,0.427,0.197,0.065,1.022,3,1100
206933694,-1.341,-0.366,0.671,0.153,0.057,1.091,3,1100
206934209,-1.341,1.646,1.098,0.153,0.057,1.091,3,1100
206935694,-1.341,3.537,0.854,-0.140,-0.010,1.078,3,1100
206936204,-0.854,4.634,0.000,-0.217,-0.044,0.962,3,1100
206937694,-0.244,2.439,0.000,-0.188,0.004,1.015,3,1100
206938209,-0.244,2.439,0.000,-0.060,0.072,0.950,3,1100
206939703,-1.037,-1.159,0.427,0.164,0.063,0.971,3,1100
206940228,-1.037,-1.159,0.427,0.164,0.063,0.971,3,1100
206941697,-1.646,-0.976,0.854,0.159,0.034,1.017,3,1100
206942217,-1.768,1.098,1.037,0.015,0.017,1.106,3,1100
206943694,-1.402,3.537,0.610,-0.131,-0.021,1.088,3,1100
206944204,-0.427,4.695,-0.244,-0.189,-0.058,0.970,3,1100
206945694,-0.061,2.805,-0.122,-0.078,0.090,0.918,3,1100
206946209,-0.061,2.805,-0.122,-0.078,0.090,0.918,3,1100
206947694,-0.976,-1.707,0.366,0.158,0.063,0.967,3,1100
206948207,-1.280,-1.829,0.488,0.177,0.039,1.116,3,1100
206949694,-1.646,-0.549,0.854,0.160,0.044,0.989,3,1100
206950212,-1.951,1.402,1.098,0.072,0.028,1.205,3,1100
206951694,-1.037,4.451,0.183,-0.208,-0.051,0.959,3,1100
206952203,-1.037,4.451,0.183,-0.208,-0.051,0.959,3,1100
206953694,-0.427,3.110,-0.061,-0.063,0.079,0.954,3,1100
206954203,-0.427,3.110,-0.061,-0.063,0.079,0.954,3,1100
206955694,-1.098,-1.037,0.366,0.123,0.048,0.895,3,1100
206956209,-1.159,-1.524,0.610,0.217,0.079,1.220,3,1100
206957694,-1.463,-0.732,1.037,0.164,0.050,0.972,3,1100
206958209,-1.890,1.098,0.854,0.032,0.029,1.176,3,1100
206959694,-1.037,4.634,-0.061,-0.192,-0.053,0.972,3,1100
206960207,-1.037,4.634,-0.061,-0.192,-0.053,0.972,3,1100
206961694,-0.488,3.171,0.183,-0.077,0.062,0.915,3,1100
206962209,-0.061,0.732,0.183,0.068,0.095,1.128,3,1100
206963694,-0.671,-1.402,0.305,0.147,0.045,0.918,3,1100
206964203,-1.280,-1.646,0.671,0.182,0.048,1.165,3,1100
206965694,-1.768,1.585,1.037,0.081,0.045,1.241,3,1100
206966209,-1.768,1.585,1.037,0.081,0.045,1.241,3,1100
206967694,-0.610,4.634,0.061,-0.192,-0.049,0.974,3,1100
206968209,-0.244,4.512,-0.366,-0.192,-0.049,0.974,3,1100
206969694,-0.061,3.354,-0.122,-0.091,0.067,0.962,3,1100
206970209,-0.366,0.854,0.061,0.029,0.074,1.129,3,1100
206971694,-0.915,-1.524,0.366,0.109,0.057,0.880,3,1100
206972209,-0.915,-1.524,0.366,0.224,0.065,1.234,3,1100
206973694,-1.951,0.854,1.098,0.061,0.049,1.249,3,1100
206974203,-1.951,0.854,1.098,0.061,0.049,1.249,3,1100
206975694,-0.671,4.573,0.061,-0.189,-0.064,1.002,3,1100
206976207,0.000,4.268,-0.122,-0.224,-0.005,0.988,3,1100
206977694,-0.305,3.171,0.183,-0.107,0.072,0.956,3,1100
206978209,-0.549,0.610,0.244,0.051,0.098,1.093,3,1100
206979694,-1.402,-2.195,0.366,0.205,0.057,1.197,3,1100
206980203,-1.402,-2.195,0.366,0.205,0.057,1.197,3,1100
206981694,-1.829,1.220,1.220,0.083,0.059,1.214,3,1100
206982212,-1.341,3.110,1.098,-0.125,-0.026,1.039,3,1100
206983694,-0.854,4.451,0.000,-0.186,-0.044,1.006,3,1100
206984209,-0.427,4.390,-0.122,-0.219,-0.015,0.968,3,1100
206985694,-0.122,0.854,0.000,0.024,0.085,1.095,3,1100
206986212,-0.122,0.854,0.000,0.024,0.085,1.095,3,1100
206987694,-1.220,-1.829,0.488,0.210,0.079,1.184,3,1100
206988209,-1.220,-1.829,0.488,0.210,0.079,1.184,3,1100
206989694,-2.134,0.976,1.341,0.054,0.057,1.216,3,1100
206990204,-1.585,3.110,0.976,-0.112,-0.048,1.012,3,1100
206991694,-0.793,4.451,0.488,-0.182,-0.042,1.032,3,1100
206992207,-0.549,4.573,-0.122,-0.226,-0.033,0.948,3,1100
206993694,-0.549,1.159,0.427,0.047,0.106,1.053,3,1100
206994203,-0.549,1.159,0.427,0.047,0.106,1.053,3,1100
206995694,-1.220,-2.073,0.305,0.191,0.062,1.129,3,1100
206996204,-1.524,-0.793,0.854,0.176,0.042,0.986,3,1100
206997694,-1.585,0.915,1.220,0.073,0.055,1.128,3,1100
206998203,-1.341,3.171,1.037,-0.093,-0.056,1.029,3,1100
206999694,-0.305,4.451,-0.244,-0.209,-0.011,0.955,3,1100
207000203,-0.305,4.451,-0.244,-0.209,-0.011,0.955,3,1100
207001694,-0.122,0.915,0.000,0.016,0.092,1.009,3,1100
207002203,-0.549,-0.976,0.366,0.016,0.092,1.009,3,1100
207003694,-1.098,-1.890,0.305,0.211,0.054,1.067,3,1100
207004209,-1.768,-0.915,0.549,0.186,0.052,1.032,3,1100
207005694,-1.463,2.744,0.549,0.071,0.056,1.129,3,1100
207006209,-1.463,2.744,0.549,-0.082,-0.048,1.009,3,1100
207007694,-0.366,4.634,-0.427,-0.217,-0.030,0.949,3,1100
207008203,-0.366,4.634,-0.427,-0.217,-0.030,0.949,3,1100
207009694,-0.122,1.098,0.183,0.024,0.094,0.969,3,1100
207010209,-0.427,-1.159,0.366,0.133,0.057,1.072,3,1100
207011694,-0.976,-2.012,0.549,0.186,0.067,1.022,3,1100
207012209,-1.402,-0.854,0.671,0.173,0.043,1.108,3,1100
207013694,-1.159,2.866,0.671,-0.079,-0.028,1.082,3,1100
207014203,-1.159,2.866,0.671,-0.079,-0.028,1.082,3,1100
207015694,-0.732,4.512,-0.305,-0.229,-0.036,0.943,3,1100
207016203,-0.488,3.537,0.000,-0.128,0.048,1.064,3,1100
207017694,-0.488,1.098,0.244,0.006,0.095,0.924,3,1100
207018207,-0.427,-0.915,0.183,0.123,0.054,1.117,3,1100
207019694,-1.280,-1.159,0.610,0.202,0.044,1.160,3,1100
207020203,-1.280,-1.159,0.610,0.202,0.044,1.160,3,1100
207021694,-1.524,2.866,0.854,-0.069,-0.028,1.117,3,1100
207022203,-1.524,2.866,0.854,-0.069,-0.028,1.117,3,1100
207023694,-0.854,4.512,-0.305,-0.239,-0.031,0.952,3,1100
207024209,-0.610,3.598,0.061,-0.156,0.052,1.074,3,1100
207025694,-0.244,1.159,0.366,0.014,0.080,0.919,3,1100
207026207,-0.610,-1.037,0.305,0.118,0.072,1.156,3,1100
207027694,-1.646,-1.402,0.793,0.201,0.041,1.196,3,1100
207028207,-1.646,-1.402,0.793,0.201,0.041,1.196,3,1100
207029694,-1.646,2.500,0.976,-0.055,-0.012,1.146,3,1100
207030207,-1.220,4.146,0.366,-0.173,-0.043,1.020,3,1100
207031694,-0.549,4.695,-0.183,-0.231,-0.030,0.979,3,1100
207032212,-0.366,3.720,-0.366,-0.162,0.051,1.042,3,1100
207033694,-0.610,-0.610,0.305,0.125,0.077,1.155,3,1100
207034209,-0.610,-0.610,0.305,0.125,0.077,1.155,3,1100
207035694,-1.463,-1.402,0.976,0.190,0.051,1.196,3,1100
207036209,-2.073,0.366,1.098,0.190,0.051,1.196,3,1100
207037694,-2.317,2.622,0.854,-0.042,-0.013,1.163,3,1100
207038212,-1.463,4.390,0.305,-0.187,-0.042,0.987,3,1100
207039694,-0.549,3.902,-0.305,-0.233,-0.053,1.002,3,1100
207040203,-0.549,3.902,-0.305,-0.163,0.034,1.027,3,1100
207041694,-1.159,-0.854,0.427,0.103,0.072,1.138,3,1100
207042203,-1.159,-0.854,0.427,0.103,0.072,1.138,3,1100
207043694,-1.037,-1.585,0.671,0.195,0.047,1.193,3,1100
207044209,-1.829,0.183,1.037,0.114,0.033,0.979,3,1100
207045694,-1.707,2.622,1.098,-0.034,0.004,1.148,3,1100
207046209,-1.341,4.024,0.366,-0.188,-0.043,0.963,3,1100
207047694,-0.427,3.659,-0.366,-0.182,0.029,0.999,3,1100
207048203,-0.427,3.659,-0.366,-0.182,0.029,0.999,3,1100
207049694,-0.793,-0.366,0.061,0.113,0.070,1.086,3,1100
207050207,-1.037,-1.646,0.183,0.182,0.055,0.967,3,1100
207051694,-1.159,-1.707,0.549,0.204,0.047,1.160,3,1100
207052203,-1.829,0.244,0.915,0.115,0.040,1.033,3,1100
207053694,-1.220,4.207,0.488,-0.006,0.007,1.143,3,1100
207054212,-1.220,4.207,0.488,-0.172,-0.047,0.959,3,1100
207055694,-0.305,4.207,-0.244,-0.178,0.015,0.973,3,1100
207056209,-0.305,4.207,-0.244,-0.178,0.015,0.973,3,1100
207057694,-0.671,-0.488,0.183,0.104,0.075,1.054,3,1100
207058209,-0.915,-1.463,0.244,0.179,0.053,1.004,3,1100
207059694,-1.220,-1.829,0.366,0.195,0.054,1.125,3,1100
207060209,-1.951,0.305,1.037,0.121,0.036,1.073,3,1100
207061694,-1.280,3.963,0.427,-0.171,-0.043,0.953,3,1100
207062209,-1.280,3.963,0.427,-0.171,-0.043,0.953,3,1100
207063694,-0.488,3.902,-0.610,-0.203,0.018,0.944,3,1100
207064203,-0.488,1.768,0.000,-0.021,0.109,1.018,3,1100
207065694,-0.732,-0.366,0.244,0.110,0.061,0.999,3,1100
207066209,-1.037,-1.463,0.244,0.167,0.056,1.071,3,1100
207067694,-1.951,-0.061,0.915,0.121,0.046,1.123,3,1100
207068203,-1.951,-0.061,0.915,0.121,0.046,1.123,3,1100
207069694,-1.280,4.024,0.793,-0.174,-0.041,0.990,3,1100
207070207,-0.793,4.634,-0.061,-0.174,-0.041,0.990,3,1100
207071694,-0.305,4.085,-0.366,-0.210,0.005,0.922,3,1100
207072207,-0.183,2.317,-0.061,-0.029,0.113,1.047,3,1100
207073694,-1.098,-1.646,0.366,0.109,0.067,0.948,3,1100
207074203,-1.098,-1.646,0.366,0.178,0.054,1.131,3,1100
207075694,-1.951,-0.061,0.854,0.141,0.029,1.174,3,1100
207076209,-1.951,-0.061,0.854,0.141,0.029,1.174,3,1100
207077694,-0.976,4.024,0.305,-0.155,-0.044,1.025,3,1100
207078203,-0.305,4.634,-0.366,-0.210,-0.050,1.074,3,1100
207079694,-0.183,3.963,-0.183,-0.224,0.005,0.931,3,1100
207080209,-0.305,2.073,0.000,-0.037,0.099,1.044,3,1100
207081694,-0.488,-1.646,0.366,0.158,0.071,1.178,3,1100
207082209,-0.488,-1.646,0.366,0.158,0.071,1.178,3,1100
207083694,-1.890,-0.183,1.159,0.140,0.054,1.224,3,1100
207084204,-2.073,2.012,1.159,-0.003,0.015,0.985,3,1100
207085694,-1.585,3.841,0.793,-0.156,-0.042,1.082,3,1100
207086203,-0.793,4.573,-0.183,-0.211,-0.063,1.054,3,1100
207087694,-0.122,2.439,-0.061,-0.237,0.010,0.932,3,1100
207088207,-0.122,2.439,-0.061,-0.019,0.087,1.028,3,1100
207089694,-0.976,-1.768,0.427,0.164,0.061,1.184,3,1100
207090209,-0.976,-1.768,0.427,0.164,0.061,1.184,3,1100
207091694,-1.707,-0.183,0.854,0.155,0.057,1.226,3,1100
207092207,-1.707,2.012,1.037,0.004,0.014,0.973,3,1100
207093694,-1.159,4.024,0.610,-0.176,-0.022,1.103,3,1100
207094209,-0.488,4.634,-0.305,-0.198,-0.057,0.999,3,1100
207095694,-0.610,2.500,0.000,-0.030,0.103,1.015,3,1100
207096203,-0.610,2.500,0.000,-0.030,0.103,1.015,3,1100
207097694,-1.280,-1.463,0.488,0.176,0.074,1.146,3,1100
207098207,-1.220,-1.463,0.610,0.188,0.038,0.918,3,1100
207099694,-1.829,-0.366,0.793,0.167,0.052,1.230,3,1100
207100209,-2.012,1.646,0.671,-0.000,-0.001,0.978,3,1100
207101694,-0.915,4.817,0.183,-0.204,-0.049,0.998,3,1100
207102207,-0.915,4.817,0.183,-0.204,-0.049,0.998,3,1100
207103694,-0.183,2.134,-0.244,-0.050,0.097,0.971,3,1100
207104209,-0.305,-0.122,0.244,-0.050,0.097,0.971,3,1100
207105691,-0.793,-1.829,0.183,0.166,0.078,1.097,3,1100
207106206,-1.037,-1.768,0.366,0.182,0.039,0.978,3,1100
207107694,-1.646,1.646,0.671,0.135,0.062,1.185,3,1100
207108203,-1.646,1.646,0.671,0.040,0.012,1.015,3,1100
207109694,-0.549,4.817,-0.122,-0.214,-0.046,0.962,3,1100
207110209,-0.549,4.817,-0.122,-0.214,-0.046,0.962,3,1100
207111694,-0.549,2.622,0.122,-0.042,0.097,0.978,3,1100
207112203,-0.671,0.183,0.488,0.046,0.061,1.038,3,1100
207113694,-0.732,-1.585,0.610,0.143,0.079,1.051,3,1100
207114203,-1.037,-1.646,0.671,0.208,0.045,1.047,3,1100
207115694,-1.951,1.707,0.671,0.025,0.024,1.035,3,1100
207116203,-1.951,1.707,0.671,0.025,0.024,1.035,3,1100
207117694,-0.915,4.512,-0.061,-0.216,-0.047,0.956,3,1100
207118207,-0.610,4.512,-0.244,-0.221,0.011,1.001,3,1100
207119694,-0.427,2.622,-0.183,-0.052,0.086,0.945,3,1100
207120203,-0.366,0.305,0.122,0.078,0.066,1.069,3,1100
207121694,-1.037,-1.585,0.671,0.154,0.056,1.000,3,1100
207122207,-1.037,-1.585,0.671,0.186,0.046,1.069,3,1100
207123694,-1.646,1.829,0.915,0.050,0.018,1.112,3,1100
207124203,-1.646,1.829,0.915,0.050,0.018,1.112,3,1100
207125694,-0.793,4.939,-0.244,-0.212,-0.045,0.924,3,1100
207126209,-0.122,4.390,-0.244,-0.202,0.011,1.023,3,1100
207127694,0.122,2.622,0.061,-0.060,0.081,0.946,3,1100
207128209,-0.244,0.244,0.244,0.035,0.078,1.090,3,1100
207129694,-1.341,-1.768,0.549,0.215,0.050,1.132,3,1100
207130209,-1.341,-1.768,0.549,0.215,0.050,1.132,3,1100
207131694,-1.890,1.402,1.037,0.039,0.033,1.130,3,1100
207132203,-1.402,3.476,0.488,-0.122,-0.061,1.107,3,1100
207133694,-0.976,4.756,-0.122,-0.201,-0.051,0.944,3,1100
207134203,-0.366,4.756,-0.305,-0.223,-0.004,1.006,3,1100
207135694,-0.183,0.854,0.183,0.072,0.081,1.104,3,1100
207136209,-0.183,0.854,0.183,0.072,0.081,1.104,3,1100
207137694,-1.402,-1.280,0.610,0.191,0.044,1.123,3,1100
207138209,-1.768,-0.549,1.159,0.191,0.044,1.123,3,1100
207139694,-1.646,1.585,1.402,0.046,0.026,1.166,3,1100
207140207,-1.402,3.232,0.854,-0.121,-0.051,1.066,3,1100
207141694,-0.610,4.207,-0.244,-0.203,-0.047,0.926,3,1100
207142209,-0.610,4.207,-0.244,-0.200,0.015,1.030,3,1100
207143694,-0.427,0.732,0.000,0.044,0.077,1.133,3,1100
207144203,-0.427,0.732,0.000,0.044,0.077,1.133,3,1100
207145694,-1.280,-1.402,0.305,0.196,0.073,1.208,3,1100
207146203,-1.402,-0.427,0.854,0.159,0.054,0.977,3,1100
207147694,-1.707,1.524,0.976,0.037,0.036,1.177,3,1100
207148203,-1.220,3.354,0.671,-0.113,-0.040,1.058,3,1100
207149694,-0.366,4.146,-0.122,-0.217,-0.009,1.010,3,1100
207150203,-0.366,4.146,-0.122,-0.217,-0.009,1.010,3,1100
207151694,-0.183,0.610,0.061,0.059,0.083,1.128,3,1100
207152203,-0.793,-1.220,0.183,0.129,0.036,0.886,3,1100
207153694,-1.159,-1.646,0.610,0.200,0.065,1.209,3,1100
207154209,-1.524,-0.671,1.159,0.154,0.046,0.948,3,1100
207155694,-1.220,3.476,0.610,0.059,0.047,1.228,3,1100
207156203,-1.220,3.476,0.610,-0.118,-0.046,1.022,3,1100
207157694,-0.854,4.085,-0.183,-0.217,0.004,0.985,3,1100
207158209,-0.854,4.085,-0.183,-0.217,0.004,0.985,3,1100
207159694,-0.305,0.854,0.305,0.051,0.081,1.124,3,1100
207160203,-0.915,-0.915,0.427,0.120,0.048,0.889,3,1100
207161691,-1.463,-1.646,0.427,0.202,0.070,1.201,3,1100
207162206,-1.768,-0.732,0.610,0.174,0.043,0.951,3,1100
207163694,-1.341,3.293,0.671,-0.121,-0.053,1.011,3,1100
207164209,-1.341,3.293,0.671,-0.121,-0.053,1.011,3,1100
207165694,-0.488,4.268,-0.305,-0.225,-0.002,0.972,3,1100
207166203,0.061,3.293,-0.122,-0.091,0.075,0.971,3,1100
207167694,-0.061,0.854,0.183,0.052,0.072,1.089,3,1100
207168209,-0.793,-1.037,0.244,0.105,0.043,0.916,3,1100
207169694,-1.707,-0.671,0.427,0.168,0.054,0.951,3,1100
207170207,-1.707,-0.671,0.427,0.168,0.054,0.951,3,1100
207171694,-1.829,3.110,0.976,-0.112,-0.052,1.005,3,1100
207172209,-1.280,4.085,-0.183,-0.112,-0.052,1.005,3,1100
207173694,-0.976,4.207,-0.305,-0.208,-0.010,0.955,3,1100
207174209,-0.732,3.415,-0.366,-0.104,0.067,1.015,3,1100
207175694,-0.976,-0.793,0.061,0.042,0.083,1.057,3,1100
207176203,-0.976,-0.793,0.061,0.118,0.033,0.929,3,1100
207177691,-1.585,-0.793,0.793,0.170,0.049,0.968,3,1100
207178209,-1.585,-0.793,0.793,0.170,0.049,0.968,3,1100
207179694,-1.463,3.110,0.854,-0.107,-0.036,1.015,3,1100
207180203,-0.915,4.512,0.183,-0.180,-0.058,1.034,3,1100
207181694,-0.488,4.512,-0.183,-0.232,-0.021,0.943,3,1100
207182203,-0.244,3.232,-0.244,-0.119,0.083,1.035,3,1100
207183694,-0.610,-1.037,0.305,0.119,0.047,0.992,3,1100
207184209,-0.610,-1.037,0.305,0.119,0.047,0.992,3,1100
207185694,-1.707,-0.671,0.854,0.182,0.047,1.031,3,1100
207186207,-1.768,0.915,1.159,0.083,0.048,1.115,3,1100
207187694,-1.402,2.683,0.610,-0.104,-0.047,1.056,3,1100
207188203,-1.037,4.146,-0.061,-0.183,-0.052,1.049,3,1100
207189694,-0.610,3.293,-0.183,-0.236,-0.015,0.927,3,1100
207190203,-0.610,3.293,-0.183,-0.114,0.056,1.035,3,1100
207191694,-1.159,-0.854,0.305,0.124,0.048,1.072,3,1100
207192207,-1.159,-0.854,0.305,0.124,0.048,1.072,3,1100
207193694,-1.280,-1.220,1.037,0.188,0.052,1.082,3,1100
207194203,-2.012,0.732,1.037,0.083,0.044,1.048,3,1100
207195703,-1.951,2.927,0.854,-0.096,-0.029,1.098,3,1100
207196229,-1.098,4.207,0.244,-0.167,-0.053,1.054,3,1100
207197697,-0.061,3.537,-0.183,-0.125,0.054,1.068,3,1100
207198220,-0.061,3.537,-0.183,-0.125,0.054,1.068,3,1100
207199694,-0.976,-0.671,0.183,0.124,0.065,1.128,3,1100
207200203,-1.098,-1.890,0.305,0.193,0.052,0.960,3,1100
207201694,-1.646,-1.159,0.732,0.178,0.063,1.160,3,1100
207202207,-2.012,0.671,0.915,0.087,0.041,0.981,3,1100
207203694,-1.220,4.024,0.183,-0.173,-0.043,1.039,3,1100
207204203,-1.220,4.024,0.183,-0.173,-0.043,1.039,3,1100
207205694,-0.305,3.476,-0.244,-0.140,0.061,1.056,3,1100
207206209,-0.122,1.341,0.000,-0.140,0.061,1.056,3,1100
207207694,-0.732,-0.610,0.244,0.117,0.067,1.138,3,1100
207208211,-0.976,-1.585,0.122,0.192,0.049,0.936,3,1100
207209694,-1.341,0.549,1.280,0.208,0.052,1.182,3,1100
207210209,-1.341,0.549,1.280,0.078,0.061,0.977,3,1100
207211694,-0.732,4.207,0.427,-0.172,-0.049,1.020,3,1100
207212209,-0.732,4.207,0.427,-0.172,-0.049,1.020,3,1100
207213694,-0.244,3.598,-0.183,-0.151,0.065,1.040,3,1100
207214207,-0.305,1.341,0.061,-0.011,0.091,0.907,3,1100
207215694,-0.549,-0.671,0.183,0.118,0.068,1.149,3,1100
207216204,-0.976,-1.585,0.427,0.177,0.052,0.924,3,1100
207217694,-1.829,0.549,0.915,0.100,0.038,0.966,3,1100
207218207,-1.829,0.549,0.915,0.100,0.038,0.966,3,1100
207219694,-1.159,4.573,0.183,-0.170,-0.053,1.004,3,1100
207220203,-0.793,4.634,-0.122,-0.170,-0.053,1.004,3,1100
207221694,-0.488,3.415,-0.305,-0.145,0.033,1.041,3,1100
207222203,-0.244,1.585,0.244,0.004,0.090,0.929,3,1100
207223694,-0.793,-1.707,0.549,0.116,0.078,1.142,3,1100
207224203,-0.793,-1.707,0.549,0.176,0.050,0.927,3,1100
207225694,-1.646,0.549,1.159,0.093,0.046,0.980,3,1100
207226203,-1.646,0.549,1.159,0.093,0.046,0.980,3,1100
207227694,-0.976,4.512,0.427,-0.180,-0.031,0.993,3,1100
207228209,-0.793,4.939,-0.061,-0.230,-0.051,1.008,3,1100
207229694,-0.427,3.598,-0.244,-0.167,0.043,1.020,3,1100
207230203,-0.427,1.585,0.122,0.002,0.093,0.950,3,1100
207231694,-0.976,-1.585,0.427,0.167,0.043,0.950,3,1100
207232209,-0.976,-1.585,0.427,0.167,0.043,0.950,3,1100
207233694,-1.951,0.366,0.854,0.105,0.049,1.016,3,1100
207234203,-1.890,2.500,0.793,-0.035,-0.005,1.129,3,1100
207235694,-1.159,4.024,0.183,-0.180,-0.040,0.981,3,1100
207236207,-0.915,4.756,-0.183,-0.227,-0.039,1.030,3,1100
207237694,-0.183,1.951,-0.122,-0.021,0.092,0.969,3,1100
207238209,-0.183,1.951,-0.122,-0.021,0.092,0.969,3,1100
207239694,-0.671,-1.646,0.305,0.164,0.054,0.973,3,1100
207240207,-0.976,-1.890,0.610,0.164,0.054,0.973,3,1100
207241694,-1.951,0.366,0.854,0.118,0.044,1.040,3,1100
207242203,-2.012,2.622,0.732,-0.032,-0.005,1.116,3,1100
207243694,-0.671,4.634,-0.305,-0.163,-0.039,0.963,3,1100
207244207,-0.671,4.634,-0.305,-0.208,-0.042,1.062,3,1100
207245694,-0.244,1.829,-0.183,-0.018,0.095,0.988,3,1100
207246207,-0.244,1.829,-0.183,-0.018,0.095,0.988,3,1100
207247694,-1.098,-1.524,0.305,0.181,0.052,1.020,3,1100
207248209,-1.402,-1.707,0.488,0.195,0.050,1.107,3,1100
207249694,-1.829,0.061,0.976,0.115,0.035,1.081,3,1100
207250212,-1.768,2.378,0.976,-0.026,0.004,1.095,3,1100
207251694,-0.854,4.573,-0.305,-0.214,-0.060,1.085,3,1100
207252209,-0.854,4.573,-0.305,-0.214,-0.060,1.085,3,1100
207253694,-0.183,2.073,0.061,-0.010,0.104,1.022,3,1100
207254209,-0.366,-0.244,0.305,0.107,0.068,0.998,3,1100
207255691,-1.037,-1.646,0.183,0.167,0.069,1.062,3,1100
207256209,-1.280,-1.829,0.366,0.205,0.037,1.066,3,1100
207257702,-1.402,1.890,0.976,0.125,0.054,1.097,3,1100
207258232,-1.402,1.890,0.976,-0.016,0.013,1.071,3,1100
207259697,-0.122,4.512,-0.183,-0.202,-0.048,1.087,3,1100
207260220,-0.122,4.512,-0.183,-0.202,-0.048,1.087,3,1100
207261694,-0.122,1.890,0.061,-0.015,0.097,1.025,3,1100
207262207,-0.793,-0.549,0.488,0.091,0.072,0.962,3,1100
207263691,-1.280,-1.707,0.488,0.170,0.051,1.102,3,1100
207264209,-1.341,-1.768,0.549,0.191,0.047,1.026,3,1100
207265694,-1.646,2.378,1.098,-0.020,0.010,1.036,3,1100
207266207,-1.646,2.378,1.098,-0.020,0.010,1.036,3,1100
207267694,-0.793,4.695,-0.244,-0.195,-0.058,1.098,3,1100
207268209,-0.732,4.024,-0.427,-0.211,0.013,0.948,3,1100
207269694,-0.671,1.951,-0.122,-0.028,0.091,1.039,3,1100
207270209,-0.610,-0.427,0.366,0.088,0.077,0.937,3,1100
207271691,-1.402,-1.646,0.366,0.198,0.034,0.970,3,1100
207272206,-1.402,-1.646,0.366,0.198,0.034,0.970,3,1100
207273694,-1.707,2.256,1.280,-0.002,0.010,1.016,3,1100
207274207,-0.915,4.024,0.854,-0.002,0.010,1.016,3,1100
207275694,-0.732,4.634,-0.122,-0.195,-0.050,1.087,3,1100
207276204,-0.671,4.024,-0.244,-0.222,0.006,0.924,3,1100
207277694,-0.793,-0.061,0.488,-0.033,0.118,1.042,3,1100
207278209,-0.793,-0.061,0.488,0.095,0.088,0.975,3,1100
207279691,-1.220,-1.646,0.793,0.170,0.031,0.928,3,1100
207280205,-1.220,-1.646,0.793,0.170,0.031,0.928,3,1100
207281694,-1.829,2.134,1.220,-0.001,0.011,0.996,3,1100
207282209,-1.402,3.841,0.610,-0.174,-0.020,1.044,3,1100
207283701,-0.915,4.451,-0.305,-0.193,-0.052,1.065,3,1100
207284225,-0.549,4.390,-0.305,-0.192,0.008,0.946,3,1100
207285696,-0.671,0.183,0.122,0.075,0.054,0.934,3,1100
207286211,-0.671,0.183,0.122,0.075,0.054,0.934,3,1100
207287689,-1.037,-1.585,0.610,0.179,0.048,0.905,3,1100
207288199,-1.585,-0.061,0.915,0.179,0.048,0.905,3,1100
207289694,-1.707,2.012,1.037,-0.021,0.005,0.988,3,1100
207290209,-1.280,3.841,0.671,-0.155,-0.044,1.068,3,1100
207291694,-0.244,4.329,-0.183,-0.205,-0.034,1.047,3,1100
207292203,-0.244,4.329,-0.183,-0.208,0.005,0.959,3,1100
207293694,-0.183,0.122,0.671,0.088,0.063,0.961,3,1100
207294203,-0.183,0.122,0.671,0.088,0.063,0.961,3,1100
207295689,-1.159,-1.707,0.732,0.170,0.037,0.940,3,1100
207296198,-1.646,-0.549,1.037,0.160,0.062,1.248,3,1100
207297701,-1.890,1.951,1.098,0.010,0.006,0.983,3,1100
207298225,-1.646,4.024,0.671,-0.159,-0.029,1.092,3,1100
207299697,-0.366,4.268,-0.305,-0.200,-0.011,0.991,3,1100
207300213,-0.366,4.268,-0.305,-0.200,-0.011,0.991,3,1100
207301695,-0.244,0.244,0.366,0.067,0.056,0.988,3,1100
207302206,-0.610,-1.341,0.305,0.156,0.086,1.118,3,1100
207303694,-0.915,-1.524,0.488,0.191,0.037,0.977,3,1100
207304203,-1.768,-0.488,0.732,0.154,0.065,1.182,3,1100
207305694,-1.524,3.902,0.183,-0.152,-0.039,1.128,3,1100
207306203,-1.524,3.902,0.183,-0.152,-0.039,1.128,3,1100
207307694,-0.061,3.902,-0.183,-0.205,0.011,0.992,3,1100
207308209,0.000,2.256,0.000,-0.205,0.011,0.992,3,1100
207309694,-0.366,0.183,0.244,0.070,0.065,1.035,3,1100
207310209,-1.098,-1.585,0.244,0.158,0.068,1.056,3,1100
207311694,-1.524,-1.646,0.366,0.193,0.037,1.033,3,1100
207312209,-2.012,-0.427,0.976,0.155,0.065,1.152,3,1100
207313694,-1.402,3.598,0.549,-0.148,-0.046,1.113,3,1100
207314203,-1.402,3.598,0.549,-0.148,-0.046,1.113,3,1100
207315694,-0.366,4.390,-0.366,-0.218,0.012,1.028,3,1100
207316209,-0.061,2.744,-0.122,-0.046,0.079,0.937,3,1100
207317694,-0.732,0.244,0.000,0.047,0.070,1.079,3,1100
207318212,-1.159,-1.402,0.122,0.158,0.049,0.969,3,1100
207319694,-1.768,-0.732,0.976,0.162,0.054,1.066,3,1100
207320203,-1.768,-0.732,0.976,0.162,0.054,1.066,3,1100
207321694,-1.768,3.537,0.549,-0.144,-0.042,1.112,3,1100
207322203,-0.915,4.573,-0.183,-0.144,-0.042,1.112,3,1100
207323694,-0.427,4.268,-0.366,-0.207,0.002,1.006,3,1100
207324209,-0.244,2.622,0.000,-0.051,0.083,0.934,3,1100
207325694,-1.098,-1.524,0.366,0.071,0.079,1.111,3,1100
207326203,-1.098,-1.524,0.366,0.145,0.049,0.936,3,1100
207327694,-1.768,-0.549,0.732,0.164,0.066,1.045,3,1100
207328203,-1.768,-0.549,0.732,0.164,0.066,1.045,3,1100
207329694,-1.585,3.415,0.549,-0.127,-0.053,1.069,3,1100
207330209,-1.037,4.573,0.000,-0.217,-0.039,0.924,3,1100
207331694,-1.037,4.329,-0.183,-0.202,0.007,1.002,3,1100
207332203,-0.488,2.988,0.000,-0.069,0.082,0.932,3,1100
207333694,-0.976,-1.524,0.122,0.142,0.031,0.909,3,1100
207334209,-0.976,-1.524,0.122,0.142,0.031,0.909,3,1100
207335694,-1.707,-0.732,1.098,0.178,0.057,0.998,3,1100
207336207,-2.073,1.280,1.098,0.049,0.028,1.185,3,1100
207337694,-1.524,3.171,0.549,-0.118,-0.042,1.061,3,1100
207338203,-1.098,4.451,-0.183,-0.207,-0.057,0.932,3,1100
207339694,-0.183,3.293,-0.061,-0.080,0.062,0.928,3,1100
207340209,-0.183,3.293,-0.061,-0.080,0.062,0.928,3,1100
207341704,-0.915,-1.159,0.122,0.144,0.037,0.890,3,1100
207342223,-0.915,-1.707,0.366,0.144,0.037,0.890,3,1100
207343697,-1.463,-0.854,0.854,0.160,0.073,0.963,3,1100
207344217,-1.951,1.220,0.854,0.071,0.033,1.208,3,1100
207345694,-1.463,3.232,0.732,-0.130,-0.040,1.035,3,1100
207346203,-0.732,4.573,0.061,-0.205,-0.066,0.951,3,1100
207347694,-0.366,3.171,-0.183,-0.095,0.080,0.939,3,1100
207348203,-0.366,3.171,-0.183,-0.095,0.080,0.939,3,1100
207349694,-0.732,-0.976,0.305,0.116,0.038,0.886,3,1100
207350207,-1.280,-1.768,0.305,0.212,0.060,1.206,3,1100
207351694,-1.524,-0.976,0.671,0.169,0.056,0.953,3,1100
207352207,-1.768,1.220,1.037,0.064,0.038,1.220,3,1100
207353694,-0.793,4.634,0.000,-0.202,-0.058,0.979,3,1100
207354209,-0.793,4.634,0.000,-0.202,-0.058,0.979,3,1100
207355694,-0.305,3.354,-0.183,-0.103,0.071,0.972,3,1100
207356211,-0.427,0.793,-0.122,-0.103,0.071,0.972,3,1100
207357691,-0.915,-1.098,0.244,0.120,0.043,0.918,3,1100
207358206,-1.280,-1.829,0.427,0.207,0.071,1.186,3,1100
207359694,-1.707,1.098,1.037,0.179,0.061,0.950,3,1100
207360203,-1.707,1.098,1.037,0.075,0.035,1.208,3,1100
207361694,-0.793,4.573,-0.061,-0.181,-0.055,1.013,3,1100
207362203,-0.793,4.573,-0.061,-0.181,-0.055,1.013,3,1100
207363694,-0.427,3.537,-0.183,-0.112,0.078,0.998,3,1100
207364203,-0.305,0.732,0.061,0.040,0.097,1.078,3,1100
207365694,-0.854,-0.915,0.122,0.107,0.060,0.939,3,1100
207366203,-1.220,-1.585,0.061,0.208,0.063,1.169,3,1100
207367694,-2.134,0.915,1.037,0.086,0.049,1.177,3,1100
207368209,-2.134,0.915,1.037,0.086,0.049,1.177,3,1100
207369694,-1.098,4.390,0.000,-0.177,-0.052,1.035,3,1100
207370209,-0.549,4.268,-0.488,-0.228,-0.032,0.951,3,1100
207371694,-0.244,3.476,-0.305,-0.130,0.073,1.028,3,1100
207372204,0.061,0.793,0.183,0.033,0.088,1.041,3,1100
207373694,-1.098,-2.012,0.427,0.202,0.062,1.118,3,1100
207374209,-1.098,-2.012,0.427,0.202,0.062,1.118,3,1100
207375694,-1.768,0.610,1.098,0.088,0.056,1.146,3,1100
207376209,-1.524,2.744,1.037,0.088,0.056,1.146,3,1100
207377694,-1.098,4.268,0.122,-0.178,-0.056,1.053,3,1100
207378209,-0.488,4.512,-0.366,-0.233,-0.019,0.950,3,1100
207379694,-0.122,3.720,-0.305,-0.117,0.069,1.032,3,1100
207380203,-0.305,1.220,0.122,0.025,0.083,0.992,3,1100
207381694,-1.159,-1.951,0.000,0.206,0.055,1.096,3,1100
207382203,-1.159,-1.951,0.000,0.206,0.055,1.096,3,1100
207383694,-1.768,0.610,0.915,0.091,0.063,1.101,3,1100
207384207,-1.585,2.866,0.549,-0.078,-0.045,1.073,3,1100
207385694,-0.976,4.268,0.000,-0.183,-0.042,1.055,3,1100
207386203,-0.732,4.451,-0.244,-0.224,-0.034,0.961,3,1100
207387694,-0.488,1.037,0.061,0.001,0.092,0.976,3,1100
207388207,-0.488,1.037,0.061,0.001,0.092,0.976,3,1100
207389701,-0.854,-1.829,0.488,0.188,0.060,1.046,3,1100
207390223,-1.280,-0.793,0.793,0.174,0.050,1.086,3,1100
207391702,-1.585,0.610,0.854,0.090,0.055,1.023,3,1100
207392219,-1.402,2.683,0.549,-0.066,-0.034,1.116,3,1100
207393695,-0.427,4.573,-0.244,-0.177,-0.052,1.071,3,1100
207394210,-0.427,4.573,-0.244,-0.239,-0.033,0.937,3,1100
207395694,-0.305,1.220,0.061,0.010,0.101,0.941,3,1100
207396203,-0.305,1.220,0.061,0.010,0.101,0.941,3,1100
207397694,-0.915,-1.829,0.427,0.181,0.051,0.977,3,1100
207398203,-1.585,-1.220,0.976,0.188,0.045,1.134,3,1100
207399701,-2.012,0.366,1.402,0.103,0.057,0.989,3,1100
207400224,-1.951,2.622,1.037,-0.075,-0.011,1.129,3,1100
207401697,-0.610,4.634,0.061,-0.218,-0.035,0.951,3,1100
207402212,-0.610,4.634,0.061,-0.218,-0.035,0.951,3,1100
207403695,-0.183,1.585,0.122,0.012,0.089,0.897,3,1100
207404209,-0.793,-0.488,0.183,0.116,0.068,1.148,3,1100
207405694,-0.976,-1.585,0.427,0.178,0.049,0.932,3,1100
207406202,-1.098,-1.402,0.732,0.183,0.052,1.180,3,1100
207407694,-1.829,2.622,0.793,-0.044,-0.024,1.151,3,1100
207408209,-1.829,2.622,0.793,-0.044,-0.024,1.151,3,1100
207409694,-0.549,4.512,-0.061,-0.222,-0.045,0.962,3,1100
207410207,-0.366,3.598,-0.366,-0.222,-0.045,0.962,3,1100
207411694,-0.061,1.585,0.122,-0.004,0.088,0.905,3,1100
207412203,-0.793,-0.610,0.488,0.101,0.080,1.153,3,1100
207413694,-1.098,-1.585,0.610,0.177,0.048,0.911,3,1100
207414203,-1.280,-1.098,0.549,0.182,0.062,1.213,3,1100
207415701,-1.707,2.500,0.549,-0.027,-0.016,1.159,3,1100
207416231,-1.707,2.500,0.549,-0.027,-0.016,1.159,3,1100
207417213,-0.610,4.634,-0.244,-0.170,-0.048,0.994,3,1100
207418691,-0.244,3.659,-0.183,-0.165,0.031,1.027,3,1100
207419194,-0.122,1.524,0.427,-0.007,0.099,0.937,3,1100
207420694,-1.098,-1.524,0.549,0.113,0.065,1.121,3,1100
207421203,-1.098,-1.524,0.549,0.164,0.050,0.925,3,1100
207422694,-1.707,0.366,0.915,0.107,0.049,0.990,3,1100
207423207,-1.707,0.366,0.915,0.107,0.049,0.990,3,1100
207424694,-1.098,4.024,0.427,-0.179,-0.048,0.962,3,1100
207425209,-0.549,4.573,-0.366,-0.223,-0.036,1.045,3,1100
207426694,-0.488,4.024,-0.488,-0.165,0.028,0.979,3,1100
207427209,-0.183,2.012,0.000,-0.016,0.101,0.982,3,1100
207428694,-0.854,-1.524,0.244,0.172,0.043,0.977,3,1100
207429211,-0.854,-1.524,0.244,0.172,0.043,0.977,3,1100
207430694,-1.829,0.122,0.976,0.119,0.039,1.046,3,1100
207431207,-1.890,2.256,1.098,-0.028,0.002,1.119,3,1100
207432694,-1.220,3.963,0.549,-0.152,-0.050,0.946,3,1100
207433209,-0.610,4.512,-0.549,-0.228,-0.030,1.068,3,1100
207434694,-0.122,2.134,-0.061,-0.188,0.022,0.964,3,1100
207435209,-0.122,2.134,-0.061,-0.024,0.111,1.021,3,1100
207436694,-0.915,-1.463,0.549,0.174,0.057,1.044,3,1100
207437209,-0.915,-1.463,0.549,0.174,0.057,1.044,3,1100
207438694,-1.768,0.000,1.037,0.122,0.040,1.089,3,1100
207439203,-1.707,2.378,1.037,-0.018,0.021,1.083,3,1100
207440694,-0.976,4.085,0.427,-0.158,-0.054,0.980,3,1100
207441203,-0.427,4.634,-0.427,-0.217,-0.044,1.083,3,1100
207442694,-0.305,2.195,0.122,-0.014,0.115,1.042,3,1100
207443212,-0.305,2.195,0.122,-0.014,0.115,1.042,3,1100
207444694,-0.976,-1.463,0.488,0.164,0.057,1.095,3,1100
207445207,-1.037,-1.829,0.671,0.192,0.048,1.008,3,1100
207446694,-2.134,0.305,1.220,0.130,0.047,1.143,3,1100
207447209,-2.012,2.378,1.098,-0.023,0.026,1.050,3,1100
207448694,-0.732,4.695,-0.183,-0.220,-0.043,1.061,3,1100
207449203,-0.732,4.695,-0.183,-0.220,-0.043,1.061,3,1100
207450694,-0.122,2.134,0.061,-0.011,0.093,1.033,3,1100
207451203,-0.427,-0.244,0.305,-0.011,0.093,1.033,3,1100
207452694,-1.098,-1.341,0.122,0.166,0.057,1.138,3,1100
207453209,-1.402,-1.646,0.610,0.196,0.055,0.988,3,1100
207454694,-1.768,1.890,0.976,0.127,0.056,1.175,3,1100
207455203,-1.768,1.890,0.976,-0.019,0.010,1.010,3,1100
207456694,-0.793,4.573,0.122,-0.203,-0.052,1.073,3,1100
207457203,-0.793,4.573,0.122,-0.203,-0.052,1.073,3,1100
207458694,-0.488,2.256,0.061,-0.026,0.100,1.042,3,1100
207459203,-0.854,-0.244,0.183,0.090,0.075,0.947,3,1100
207460691,-1.280,-1.341,0.305,0.178,0.056,1.144,3,1100
207461205,-1.585,-1.524,0.732,0.150,0.048,0.941,3,1100
207462694,-1.890,1.707,0.854,-0.010,-0.002,0.999,3,1100
207463209,-1.890,1.707,0.854,-0.010,-0.002,0.999,3,1100
207464694,-0.671,4.756,-0.366,-0.200,-0.055,1.057,3,1100
207465203,-0.427,4.085,-0.549,-0.198,0.010,0.958,3,1100
207466694,-0.183,2.439,0.122,-0.016,0.104,1.057,3,1100
207467207,-0.488,0.122,0.305,0.071,0.053,0.943,3,1100
207468691,-1.159,-1.159,0.549,0.170,0.076,1.139,3,1100
207469209,-1.159,-1.159,0.549,0.174,0.034,0.934,3,1100
207470694,-1.707,2.073,0.915,-0.012,-0.006,0.979,3,1100
207471202,-1.707,2.073,0.915,-0.012,-0.006,0.979,3,1100
207472694,-0.854,4.756,-0.244,-0.193,-0.056,1.063,3,1100
207473209,-0.488,4.268,-0.549,-0.202,0.026,0.945,3,1100
207474694,-0.366,2.317,-0.366,-0.012,0.101,1.049,3,1100
207475203,-0.488,-0.244,-0.122,0.084,0.053,0.931,3,1100
207476691,-1.220,-1.585,0.366,0.175,0.023,0.932,3,1100
207477209,-1.220,-1.585,0.366,0.175,0.023,0.932,3,1100
207478694,-1.585,2.012,1.098,0.002,-0.015,0.967,3,1100
207479203,-1.402,3.537,0.549,-0.171,-0.029,1.067,3,1100
207480694,-0.671,4.573,-0.427,-0.204,-0.018,1.025,3,1100
207481209,-0.305,4.207,-0.610,-0.185,-0.006,0.979,3,1100
207482694,-0.610,-0.122,0.366,0.070,0.050,0.936,3,1100
207483209,-0.610,-0.122,0.366,0.070,0.050,0.936,3,1100
207484689,-1.524,-1.341,0.793,0.195,0.039,0.945,3,1100
207485202,-2.195,-0.122,0.915,0.195,0.039,0.945,3,1100
207486694,-1.768,1.707,0.915,-0.004,-0.008,0.973,3,1100
207487212,-1.524,3.780,0.488,-0.152,-0.053,1.103,3,1100
207488694,-0.427,4.207,-0.366,-0.194,-0.040,1.037,3,1100
207489203,-0.427,4.207,-0.366,-0.204,0.008,0.949,3,1100
207490694,-0.610,0.183,0.305,0.077,0.059,0.953,3,1100
207491209,-0.610,0.183,0.305,0.077,0.059,0.953,3,1100
207492689,-1.341,-1.220,0.305,0.184,0.044,0.932,3,1100
207493199,-1.829,0.061,0.976,0.157,0.060,1.241,3,1100
207494694,-1.707,2.012,0.976,0.001,-0.002,0.953,3,1100
207495207,-1.524,3.537,0.549,-0.167,-0.052,1.093,3,1100
207496701,-0.366,4.085,0.061,-0.189,0.005,1.000,3,1100
207497225,-0.366,4.085,0.061,-0.189,0.005,1.000,3,1100
207498696,-0.793,0.244,0.305,0.058,0.062,0.954,3,1100
207499212,-1.402,-1.524,0.244,0.152,0.070,1.155,3,1100
207500694,-1.341,-1.402,0.549,0.192,0.045,0.938,3,1100
207501207,-1.707,-0.366,0.915,0.150,0.061,1.195,3,1100
207502694,-1.646,3.537,0.549,0.000,-0.001,0.975,3,1100
207503203,-1.646,3.537,0.549,-0.154,-0.031,1.130,3,1100
207504694,-0.488,4.085,-0.305,-0.216,0.014,0.996,3,1100
207505216,-0.488,4.085,-0.305,-0.216,0.014,0.996,3,1100
207506694,0.061,0.122,0.244,0.096,0.062,0.998,3,1100
207507209,-0.671,-1.585,0.366,0.158,0.056,1.132,3,1100
207508704,-0.793,-0.976,0.732,0.179,0.049,0.963,3,1100
207509223,-1.463,-0.122,1.341,0.149,0.065,1.186,3,1100
207510697,-1.402,3.780,0.427,-0.155,-0.045,1.135,3,1100
207511217,-1.402,3.780,0.427,-0.155,-0.045,1.135,3,1100
207512694,-0.244,4.146,-0.183,-0.205,0.015,1.003,3,1100
207513204,-0.061,2.256,0.122,-0.025,0.100,0.970,3,1100
207514694,-0.427,0.000,0.244,0.060,0.064,1.021,3,1100
207515203,-0.976,-1.280,0.244,0.132,0.075,1.091,3,1100
207516694,-1.524,-0.183,0.793,0.160,0.072,1.161,3,1100
207517209,-1.524,-0.183,0.793,0.160,0.072,1.161,3,1100
207518694,-1.098,3.659,0.244,-0.145,-0.045,1.115,3,1100
207519203,-0.976,4.817,-0.122,-0.145,-0.045,1.115,3,1100
207520694,-1.037,4.268,-0.183,-0.212,0.013,1.019,3,1100
207521204,-0.610,2.561,0.061,-0.034,0.098,0.965,3,1100
207522694,-0.793,-1.159,0.488,0.066,0.060,1.048,3,1100
207523207,-0.793,-1.159,0.488,0.133,0.062,1.083,3,1100
207524702,-1.890,-0.427,1.159,0.156,0.074,1.146,3,1100
207525228,-1.890,-0.427,1.159,0.156,0.074,1.146,3,1100
207526697,-1.829,3.293,0.671,-0.151,-0.035,1.099,3,1100
207527212,-1.098,4.390,0.000,-0.195,-0.038,0.959,3,1100
207528695,-0.671,4.268,-0.183,-0.214,0.019,1.021,3,1100
207529217,-0.427,2.683,-0.366,-0.043,0.082,0.956,3,1100
207530694,-0.854,-1.707,0.061,0.140,0.059,1.044,3,1100
207531203,-0.854,-1.707,0.061,0.140,0.059,1.044,3,1100
207532694,-1.890,-0.854,1.159,0.160,0.078,1.135,3,1100
207533203,-1.890,1.402,0.976,0.022,0.018,1.056,3,1100
207534694,-1.220,3.354,0.549,-0.135,-0.033,1.106,3,1100
207535212,-0.549,4.695,-0.183,-0.197,-0.061,0.949,3,1100
207536694,-0.183,2.378,0.244,-0.215,0.005,1.034,3,1100
207537212,-0.183,2.378,0.244,-0.035,0.083,0.936,3,1100
207538694,-1.341,-1.159,0.061,0.134,0.062,1.001,3,1100
207539203,-1.341,-1.159,0.061,0.134,0.062,1.001,3,1100
207540694,-1.707,-0.366,1.037,0.177,0.060,1.096,3,1100
207541203,-1.890,1.646,0.732,0.024,0.003,1.120,3,1100
207542694,-1.341,3.293,0.366,-0.143,-0.039,1.075,3,1100
207543209,-0.732,4.451,-0.122,-0.181,-0.049,0.945,3,1100
207544694,-0.488,2.622,-0.122,-0.044,0.082,0.928,3,1100
207545207,-0.488,2.622,-0.122,-0.044,0.082,0.928,3,1100
207546694,-0.915,-1.463,0.427,0.147,0.045,0.974,3,1100
207547209,-0.976,-1.768,0.671,0.196,0.061,1.112,3,1100
207548694,-1.585,-0.854,1.037,0.164,0.053,1.049,3,1100
207549203,-1.890,1.280,1.098,0.025,0.013,1.164,3,1100
207550694,-0.976,4.512,-0.122,-0.184,-0.049,0.945,3,1100
207551209,-0.976,4.512,-0.122,-0.184,-0.049,0.945,3,1100
207552694,-0.488,2.988,-0.183,-0.067,0.072,0.917,3,1100
207553209,-0.488,0.610,0.244,-0.067,0.072,0.917,3,1100
207554691,-1.220,-1.220,0.366,0.132,0.047,0.929,3,1100
207555209,-1.341,-1.585,0.488,0.201,0.054,1.142,3,1100
207556694,-1.646,1.524,1.280,0.170,0.048,0.996,3,1100
207557203,-1.646,1.524,1.280,0.042,0.019,1.204,3,1100
207558694,-0.854,4.634,0.061,-0.197,-0.048,0.958,3,1100
207559209,-0.854,4.634,0.061,-0.197,-0.048,0.958,3,1100
207560694,-0.488,2.988,0.061,-0.079,0.090,0.903,3,1100
207561209,-0.427,0.732,0.305,0.062,0.077,1.138,3,1100
207562694,-1.220,-1.220,0.366,0.134,0.047,0.906,3,1100
207563207,-1.341,-1.585,0.671,0.185,0.075,1.169,3,1100
207564694,-2.195,1.280,0.915,0.032,0.038,1.227,3,1100
207565207,-2.195,1.280,0.915,0.032,0.038,1.227,3,1100
207566694,-1.159,4.451,-0.305,-0.187,-0.060,0.968,3,1100
207567207,-0.732,4.390,-0.244,-0.215,0.002,1.014,3,1100
207568694,-0.366,3.232,-0.122,-0.093,0.078,0.922,3,1100
207569203,-0.183,0.915,0.366,0.039,0.089,1.140,3,1100
207570694,-1.098,-1.768,0.793,0.145,0.027,0.894,3,1100
207571207,-1.098,-1.768,0.793,0.176,0.072,1.187,3,1100
207572694,-2.073,1.402,0.915,0.049,0.040,1.211,3,1100
207573203,-2.073,1.402,0.915,0.049,0.040,1.211,3,1100
207574694,-0.854,4.634,-0.183,-0.188,-0.058,0.972,3,1100
207575203,-0.610,4.207,-0.122,-0.225,0.012,1.002,3,1100
207576694,-0.183,3.049,-0.122,-0.095,0.057,0.948,3,1100
207577209,-0.244,0.793,0.244,0.038,0.089,1.119,3,1100
207578694,-1.280,-2.073,0.793,0.198,0.063,1.188,3,1100
207579203,-1.280,-2.073,0.793,0.198,0.063,1.188,3,1100
207580702,-1.829,1.159,1.463,0.067,0.042,1.221,3,1100
207581230,-1.585,3.232,1.280,-0.114,-0.031,1.035,3,1100
207582697,-0.854,4.634,0.183,-0.193,-0.061,1.006,3,1100
207583220,-0.610,4.512,-0.305,-0.222,-0.015,0.964,3,1100
207584694,-0.305,0.732,0.183,0.058,0.083,1.107,3,1100
207585207,-0.305,0.732,0.183,0.058,0.083,1.107,3,1100
207586694,-1.159,-2.012,0.305,0.202,0.047,1.185,3,1100
207587212,-1.585,-0.976,0.915,0.202,0.047,1.185,3,1100
207588694,-2.073,0.915,1.280,0.057,0.034,1.196,3,1100
207589203,-1.768,3.049,0.671,-0.109,-0.043,1.039,3,1100
207590694,-0.854,4.268,-0.366,-0.187,-0.042,1.017,3,1100
207591207,-0.854,4.268,-0.366,-0.223,0.002,0.957,3,1100
207592694,-0.427,0.976,0.061,0.021,0.095,1.099,3,1100
207593209,-0.427,0.976,0.061,0.021,0.095,1.099,3,1100
207594694,-1.341,-1.951,0.488,0.191,0.064,1.162,3,1100
207595203,-1.768,-0.671,0.793,0.184,0.045,0.959,3,1100
207596694,-1.890,0.976,0.854,0.065,0.046,1.188,3,1100
207597203,-1.524,3.049,0.549,-0.102,-0.037,1.034,3,1100
207598694,-0.488,4.390,-0.366,-0.231,-0.018,0.942,3,1100
207599203,-0.488,4.390,-0.366,-0.231,-0.018,0.942,3,1100
207600694,-0.488,0.915,0.000,0.041,0.096,1.042,3,1100
207601209,-0.915,-0.915,0.061,0.130,0.051,0.978,3,1100
207602691,-1.159,-1.951,0.366,0.193,0.051,1.133,3,1100
207603209,-1.768,-0.854,0.610,0.159,0.052,1.005,3,1100
207604694,-1.463,2.927,0.915,0.081,0.056,1.154,3,1100
207605209,-1.463,2.927,0.915,-0.093,-0.032,1.046,3,1100
207606694,-0.732,4.573,-0.366,-0.235,-0.026,0.915,3,1100
207607203,-0.732,4.573,-0.366,-0.235,-0.026,0.915,3,1100
207608694,-0.366,1.037,-0.183,0.045,0.078,0.997,3,1100
207609203,-0.732,-1.159,-0.183,0.118,0.055,1.048,3,1100
207610694,-1.159,-2.073,0.122,0.203,0.043,1.082,3,1100
207611207,-1.524,-1.037,0.610,0.184,0.051,1.063,3,1100
207612694,-1.707,2.927,0.610,-0.088,-0.043,1.057,3,1100
207613203,-1.707,2.927,0.610,-0.088,-0.043,1.057,3,1100
207614694,-0.549,5.000,-0.244,-0.227,-0.036,0.920,3,1100
207615203,-0.610,4.024,-0.244,-0.131,0.070,1.055,3,1100
207616694,-0.610,1.159,0.183,0.034,0.100,0.963,3,1100
207617204,-0.732,-1.098,0.122,0.127,0.066,1.090,3,1100
207618694,-1.463,-0.976,0.854,0.177,0.055,1.118,3,1100
207619203,-1.463,-0.976,0.854,0.177,0.055,1.118,3,1100
207620694,-1.707,2.927,1.037,-0.073,-0.030,1.087,3,1100
207621209,-0.976,4.573,0.244,-0.073,-0.030,1.087,3,1100
207622694,-0.427,4.817,-0.427,-0.213,-0.041,0.923,3,1100
207623209,-0.305,3.598,-0.488,-0.131,0.048,1.053,3,1100
207624694,-0.671,-0.793,0.549,0.018,0.099,0.956,3,1100
207625207,-0.671,-0.793,0.549,0.136,0.061,1.134,3,1100
207626694,-1.463,-1.220,0.671,0.192,0.050,1.169,3,1100
207627203,-1.463,-1.220,0.671,0.192,0.050,1.169,3,1100
207628694,-1.951,2.866,0.976,-0.066,-0.019,1.115,3,1100
207629212,-1.159,4.329,0.244,-0.188,-0.042,1.025,3,1100
207630694,-0.671,4.634,-0.305,-0.229,-0.060,0.933,3,1100
207631203,-0.305,3.720,-0.305,-0.157,0.058,1.057,3,1100
207632694,-0.732,-0.793,0.061,0.145,0.059,1.143,3,1100
207633203,-0.732,-0.793,0.061,0.145,0.059,1.143,3,1100
207634694,-1.402,-1.098,0.610,0.193,0.044,1.202,3,1100
207635209,-1.646,0.366,1.037,0.087,0.062,0.937,3,1100
207636694,-1.646,2.500,0.671,-0.066,-0.026,1.150,3,1100
207637204,-1.220,4.329,0.305,-0.192,-0.045,1.018,3,1100
207638694,-0.427,3.720,-0.244,-0.219,-0.031,0.963,3,1100
207639209,-0.427,3.720,-0.244,-0.132,0.044,1.026,3,1100
207640694,-0.610,-0.732,0.061,0.119,0.066,1.170,3,1100
207641207,-0.610,-0.732,0.061,0.119,0.066,1.170,3,1100
207642694,-0.976,-1.159,0.549,0.188,0.058,1.189,3,1100
207643209,-1.402,0.549,0.976,0.116,0.044,0.962,3,1100
207644694,-1.829,2.805,0.793,-0.067,-0.031,1.177,3,1100
207645209,-0.854,4.329,0.305,-0.199,-0.030,0.990,3,1100
207646694,-0.610,3.780,-0.305,-0.159,0.048,1.021,3,1100
207647212,-0.610,3.780,-0.305,-0.159,0.048,1.021,3,1100
207648694,-1.037,-0.854,0.122,0.131,0.074,1.146,3,1100
207649209,-1.220,-1.707,0.427,0.191,0.038,0.943,3,1100
207650694,-1.524,-1.159,0.915,0.167,0.055,1.191,3,1100
207651209,-1.829,0.610,1.280,0.138,0.041,0.919,3,1100
207652694,-1.280,4.329,0.244,-0.194,-0.038,1.001,3,1100
207653209,-1.280,4.329,0.244,-0.194,-0.038,1.001,3,1100
207654694,-0.366,3.841,-0.305,-0.161,0.050,1.010,3,1100
207655209,0.000,1.585,0.000,-0.161,0.050,1.010,3,1100
207656694,-0.671,-0.549,0.305,0.097,0.068,1.129,3,1100
207657209,-0.976,-1.402,0.244,0.185,0.051,0.918,3,1100
207658694,-1.341,-1.524,0.610,0.195,0.050,1.188,3,1100
207659207,-2.073,0.488,0.915,0.108,0.063,0.981,3,1100
207660702,-1.098,4.024,0.122,-0.199,-0.037,0.984,3,1100
207661227,-1.098,4.024,0.122,-0.199,-0.037,0.984,3,1100
207662697,-0.488,3.720,-0.305,-0.155,0.037,1.014,3,1100
207663213,-0.305,1.524,-0.183,0.000,0.109,0.937,3,1100
207664694,-0.549,-0.488,-0.061,0.119,0.046,1.135,3,1100
207665207,-1.098,-1.463,0.183,0.167,0.061,0.925,3,1100
207666694,-1.829,0.488,0.976,0.104,0.050,0.930,3,1100
207667209,-1.829,0.488,0.976,0.104,0.050,0.930,3,1100
207668694,-1.341,4.207,0.305,-0.169,-0.056,0.976,3,1100
207669209,-0.671,4.695,-0.183,-0.169,-0.056,0.976,3,1100
207670694,-0.244,3.841,0.000,-0.137,0.021,0.986,3,1100
207671203,-0.183,1.524,0.000,-0.027,0.096,0.971,3,1100
207672694,-1.463,-1.402,0.183,0.085,0.046,1.114,3,1100
207673209,-1.463,-1.402,0.183,0.164,0.057,0.945,3,1100
207674694,-1.951,0.305,1.159,0.111,0.048,0.984,3,1100
207675203,-1.951,0.305,1.159,0.111,0.048,0.984,3,1100
207676694,-1.402,4.085,0.549,-0.165,-0.051,0.985,3,1100
207677209,-0.976,4.573,-0.244,-0.221,-0.029,1.029,3,1100
207678694,-0.671,3.720,-0.183,-0.177,0.035,0.983,3,1100
207679203,-0.061,1.829,0.061,0.016,0.093,0.963,3,1100
207680694,-1.098,-1.585,0.366,0.161,0.050,0.952,3,1100
207681212,-1.098,-1.585,0.366,0.161,0.050,0.952,3,1100
207682694,-1.951,0.061,1.098,0.113,0.063,0.979,3,1100
207683209,-1.829,2.378,0.915,-0.028,-0.020,1.191,3,1100
207684694,-1.341,4.268,0.183,-0.177,-0.047,0.958,3,1100
207685203,-0.854,4.512,-0.244,-0.205,-0.027,1.062,3,1100
207686694,-0.183,1.951,-0.183,-0.015,0.109,0.995,3,1100
207687203,-0.183,1.951,-0.183,-0.015,0.109,0.995,3,1100
207688694,-1.037,-1.463,0.244,0.149,0.056,0.971,3,1100
207689207,-1.585,-1.524,0.610,0.149,0.056,0.971,3,1100
207690694,-1.768,0.000,1.098,0.115,0.056,1.000,3,1100
207691209,-1.646,2.256,1.098,-0.038,-0.011,1.166,3,1100
207692694,-1.463,4.024,0.793,-0.167,-0.049,0.985,3,1100
207693209,-0.732,4.817,0.000,-0.202,-0.033,1.065,3,1100
207694694,-0.061,1.768,0.000,-0.005,0.097,1.004,3,1100
207695207,-0.061,1.768,0.000,-0.005,0.097,1.004,3,1100
207696694,-1.280,-1.463,0.366,0.154,0.046,0.999,3,1100
207697207,-1.280,-1.524,0.793,0.190,0.072,1.117,3,1100
207698694,-1.951,0.366,1.341,0.137,0.064,1.018,3,1100
207699207,-1.707,2.317,1.220,-0.040,-0.005,1.160,3,1100
207700694,-0.793,4.512,-0.305,-0.210,-0.029,1.058,3,1100
207701203,-0.793,4.512,-0.305,-0.210,-0.029,1.058,3,1100
207702694,-0.183,2.073,0.122,0.005,0.094,1.023,3,1100
207703212,-0.488,-0.488,0.366,0.005,0.094,1.023,3,1100
207704694,-1.159,-1.402,0.305,0.157,0.049,1.010,3,1100
207705209,-1.402,-1.951,0.427,0.194,0.061,1.096,3,1100
207706694,-1.646,1.951,0.976,0.134,0.071,1.038,3,1100
207707203,-1.646,1.951,0.976,-0.036,-0.017,1.130,3,1100
207708694,-0.671,4.573,-0.183,-0.208,-0.038,1.086,3,1100
207709203,-0.671,4.573,-0.183,-0.208,-0.038,1.086,3,1100
207710694,-0.183,2.256,0.061,0.001,0.102,1.034,3,1100
207711207,-0.549,-0.244,0.183,0.073,0.048,1.006,3,1100
207712694,-0.915,-1.463,0.183,0.152,0.042,1.052,3,1100
207713203,-1.220,-1.646,0.610,0.202,0.055,1.080,3,1100
207714694,-1.768,2.012,0.732,-0.025,-0.016,1.104,3,1100
207715207,-1.768,2.012,0.732,-0.025,-0.016,1.104,3,1100
207716694,-0.244,4.329,-0.427,-0.204,-0.025,1.100,3,1100
207717204,0.000,3.902,-0.122,-0.171,0.010,0.917,3,1100
207718694,-0.122,2.195,0.000,-0.021,0.107,1.049,3,1100
207719203,-0.549,-0.183,0.366,0.091,0.043,0.971,3,1100
207720691,-1.524,-1.341,0.610,0.180,0.051,1.028,3,1100
207721209,-1.524,-1.341,0.610,0.180,0.051,1.028,3,1100
207722694,-1.768,1.890,1.159,-0.022,0.010,1.044,3,1100
207723203,-1.463,3.720,0.488,-0.022,0.010,1.044,3,1100
207724694,-0.732,4.268,-0.183,-0.217,-0.034,1.066,3,1100
207725209,-0.488,3.963,-0.305,-0.188,0.017,0.932,3,1100
207726694,-0.488,2.195,-0.061,-0.006,0.094,1.069,3,1100
207727209,-0.671,-0.244,0.305,0.073,0.055,0.933,3,1100
207728691,-1.402,-1.280,0.427,0.193,0.042,0.978,3,1100
207729206,-1.402,-1.280,0.427,0.193,0.042,0.978,3,1100
207730694,-1.585,1.707,1.159,-0.021,-0.001,0.998,3,1100
207731212,-1.280,3.780,0.610,-0.161,-0.041,1.043,3,1100
207732694,-0.488,4.390,0.061,-0.203,-0.041,1.049,3,1100
207733204,-0.610,4.207,0.244,-0.190,0.016,0.934,3,1100
207734694,-0.610,-0.122,0.488,0.069,0.059,0.932,3,1100
207735209,-0.610,-0.122,0.488,0.069,0.059,0.932,3,1100
207736689,-1.220,-1.585,0.610,0.191,0.045,0.956,3,1100
207737197,-1.524,-0.122,0.976,0.191,0.045,0.956,3,1100
207738694,-1.707,2.012,1.098,-0.012,-0.004,0.965,3,1100
207739209,-1.585,3.780,0.549,-0.159,-0.039,1.067,3,1100
207740694,-0.244,4.207,-0.122,-0.204,-0.041,1.045,3,1100
207741203,-0.244,4.207,-0.122,-0.211,0.009,0.938,3,1100
207742694,-1.098,0.061,0.305,0.070,0.056,0.923,3,1100
207743209,-1.098,0.061,0.305,0.070,0.056,0.923,3,1100
207744694,-1.220,-1.341,0.366,0.189,0.039,0.925,3,1100
207745209,-2.073,-0.122,0.976,0.140,0.068,1.234,3,1100
207746694,-1.768,2.073,1.098,0.007,-0.005,0.957,3,1100
207747209,-1.220,3.720,0.488,-0.136,-0.033,1.079,3,1100
207748694,-0.183,4.268,-0.427,-0.212,0.008,0.964,3,1100
207749203,-0.183,4.268,-0.427,-0.212,0.008,0.964,3,1100
207750694,-0.366,0.183,0.183,0.084,0.050,0.938,3,1100
207751207,-1.098,-1.402,0.244,0.152,0.077,1.160,3,1100
207752694,-1.585,-1.463,0.427,0.190,0.042,0.932,3,1100
207753203,-1.707,-0.366,1.037,0.133,0.058,1.233,3,1100
207754694,-1.341,3.415,0.793,-0.137,-0.040,1.096,3,1100
207755209,-1.341,3.415,0.793,-0.137,-0.040,1.096,3,1100
207756694,-0.427,4.207,-0.244,-0.189,0.004,0.983,3,1100
207757209,-0.183,2.134,0.122,-0.189,0.004,0.983,3,1100
207758694,-0.549,0.061,0.183,0.063,0.064,0.965,3,1100
207759204,-0.793,-1.524,0.122,0.162,0.064,1.146,3,1100
207760694,-0.854,-1.280,0.366,0.182,0.051,0.939,3,1100
207761209,-1.646,-0.122,1.037,0.165,0.053,1.222,3,1100
207762694,-1.524,3.537,0.366,-0.128,-0.034,1.114,3,1100
207763203,-1.524,3.537,0.366,-0.128,-0.034,1.114,3,1100
207764694,-0.305,4.207,-0.244,-0.220,0.008,1.005,3,1100
207765207,-0.244,2.256,-0.183,-0.042,0.082,0.981,3,1100
207766694,-0.671,0.183,0.488,0.065,0.078,0.992,3,1100
207767212,-0.854,-1.585,0.366,0.161,0.065,1.114,3,1100
207768694,-1.646,-0.488,0.610,0.158,0.061,1.175,3,1100
207769203,-1.646,-0.488,0.610,0.158,0.061,1.175,3,1100
207770694,-1.159,3.659,0.549,-0.127,-0.030,1.117,3,1100
207771207,-0.671,4.695,-0.183,-0.127,-0.030,1.117,3,1100
207772694,-0.183,4.390,-0.183,-0.221,-0.004,1.001,3,1100
207773204,-0.061,2.561,-0.305,-0.043,0.087,0.953,3,1100
207774694,-1.037,-1.341,0.427,0.067,0.078,1.026,3,1100
207775209,-1.037,-1.341,0.427,0.151,0.063,1.074,3,1100
207776694,-2.012,-0.549,1.098,0.147,0.051,1.143,3,1100
207777207,-2.012,-0.549,1.098,0.147,0.051,1.143,3,1100
207778694,-1.646,3.720,0.671,-0.114,-0.038,1.125,3,1100
207779207,-1.037,4.695,-0.122,-0.209,-0.058,0.969,3,1100
207780694,-0.549,4.329,-0.488,-0.206,0.006,1.016,3,1100
207781209,-0.488,2.683,-0.061,-0.052,0.082,0.939,3,1100
207782694,-1.341,-1.524,0.366,0.147,0.058,1.046,3,1100
207783209,-1.341,-1.524,0.366,0.147,0.058,1.046,3,1100
207784694,-1.829,-0.488,1.037,0.159,0.046,1.115,3,1100
207785203,-1.890,1.646,0.732,0.011,0.027,1.057,3,1100
207786694,-1.280,3.354,0.366,-0.124,-0.027,1.105,3,1100
207787212,-0.854,4.573,-0.244,-0.198,-0.047,0.962,3,1100
207788694,-0.427,2.744,-0.488,-0.056,0.063,0.919,3,1100
207789203,-0.427,2.744,-0.488,-0.056,0.063,0.919,3,1100
207790694,-0.671,-1.463,0.366,0.158,0.041,1.005,3,1100
207791203,-0.671,-1.463,0.244,0.158,0.041,1.005,3,1100
207792694,-1.220,-0.427,0.732,0.142,0.044,1.061,3,1100
207793203,-1.646,1.768,0.915,0.014,0.035,1.099,3,1100
207794694,-1.402,3.537,0.671,-0.111,-0.045,1.104,3,1100
207795209,-0.671,4.451,0.061,-0.212,-0.057,0.966,3,1100
207796694,0.061,2.683,-0.244,-0.055,0.071,0.920,3,1100
207797207,0.061,2.683,-0.244,-0.055,0.071,0.920,3,1100
207798694,-0.915,-1.159,0.366,0.132,0.041,0.983,3,1100
207799209,-1.098,-1.524,0.610,0.177,0.060,1.106,3,1100
207800694,-1.402,-0.671,0.793,0.166,0.043,1.049,3,1100
207801203,-1.829,1.524,1.098,0.013,0.027,1.107,3,1100
207802694,-0.854,4.573,-0.183,-0.205,-0.047,0.959,3,1100
207803203,-0.854,4.573,-0.183,-0.205,-0.047,0.959,3,1100
207804694,-0.305,2.500,0.183,-0.064,0.083,0.906,3,1100
207805203,-0.244,0.488,0.305,-0.064,0.083,0.906,3,1100
207806691,-0.793,-1.341,0.122,0.141,0.053,0.961,3,1100
207807206,-1.098,-1.707,0.244,0.187,0.050,1.140,3,1100
207808694,-1.707,1.159,0.915,0.161,0.040,1.016,3,1100
207809203,-1.707,1.159,0.915,0.026,0.030,1.149,3,1100
207810694,-0.610,4.512,-0.183,-0.198,-0.039,0.966,3,1100
207811207,-0.610,4.512,-0.183,-0.198,-0.039,0.966,3,1100
207812694,-0.366,2.866,-0.183,-0.070,0.061,0.916,3,1100
207813209,-0.549,0.671,0.305,0.052,0.103,1.103,3,1100
207814694,-0.732,-1.220,0.610,0.151,0.042,0.938,3,1100
207815209,-0.915,-1.585,0.732,0.183,0.058,1.164,3,1100
207816694,-1.829,1.098,1.098,0.023,0.033,1.167,3,1100
207817203,-1.829,1.098,1.098,0.023,0.033,1.167,3,1100
207818694,-0.976,4.695,-0.183,-0.191,-0.066,0.988,3,1100
207819203,-0.854,4.451,-0.183,-0.228,0.002,1.011,3,1100
207820694,-0.610,2.866,0.061,-0.062,0.067,0.915,3,1100
207821212,-0.549,0.671,0.366,0.073,0.090,1.109,3,1100
207822694,-1.341,-1.585,0.610,0.178,0.042,1.173,3,1100
207823203,-1.341,-1.585,0.610,0.178,0.042,1.173,3,1100
207824694,-1.951,1.585,0.976,0.043,0.030,1.205,3,1100
207825207,-1.707,3.232,0.427,0.043,0.030,1.205,3,1100
207826694,-0.976,4.573,-0.061,-0.209,-0.041,0.985,3,1100
207827207,-0.427,4.512,-0.122,-0.188,-0.004,1.005,3,1100
207828702,-0.122,2.988,-0.183,-0.073,0.074,0.937,3,1100
207829228,-0.366,0.610,0.000,0.034,0.060,1.129,3,1100
207830697,-1.341,-1.341,0.549,0.205,0.048,1.215,3,1100
207831218,-1.341,-1.341,0.549,0.205,0.048,1.215,3,1100
207832694,-1.707,1.159,1.098,0.038,0.028,1.180,3,1100
207833217,-1.220,3.110,0.610,-0.136,-0.018,1.027,3,1100
207834694,-0.610,4.634,-0.183,-0.188,-0.048,0.992,3,1100
207835209,-0.488,4.451,-0.183,-0.222,0.003,1.005,3,1100
207836703,-0.183,0.671,-0.061,0.062,0.080,1.117,3,1100
207837222,-0.183,0.671,-0.061,0.062,0.080,1.117,3,1100
207838226,-0.854,-1.159,0.183,0.133,0.068,0.917,3,1100
207839642,-1.585,-0.915,1.037,0.141,0.052,0.922,3,1100
207840578,-2.073,0.976,0.976,0.083,0.040,1.267,3,1100
207841644,-1.585,3.110,0.732,-0.125,-0.049,1.016,3,1100
207842579,-0.915,4.573,-0.183,-0.199,-0.041,0.987,3,1100
207843644,-0.488,3.049,-0.244,-0.066,0.076,0.954,3,1100
207844574,-0.549,0.793,0.122,0.039,0.073,1.138,3,1100
207845643,-0.915,-1.280,0.305,0.108,0.060,0.897,3,1100
207846578,-1.280,-1.646,0.549,0.208,0.072,1.200,3,1100
207847644,-1.524,-0.671,0.915,0.166,0.050,0.962,3,1100
207848574,-1.707,1.159,0.976,0.057,0.031,1.225,3,1100
207849643,-1.037,4.756,-0.061,-0.123,-0.056,1.021,3,1100
207850578,-0.793,4.268,-0.061,-0.222,0.000,0.984,3,1100
207851643,-0.732,3.110,0.122,-0.077,0.069,0.956,3,1100
207852578,-0.549,0.488,0.122,0.061,0.088,1.108,3,1100
207853644,-0.671,-1.341,0.305,0.120,0.041,0.924,3,1100
207854578,-1.159,-1.646,0.305,0.179,0.062,1.195,3,1100
207855643,-1.463,-0.549,0.793,0.163,0.060,0.929,3,1100
207856574,-1.829,1.220,1.159,0.083,0.043,1.228,3,1100
207857644,-0.610,4.207,0.366,-0.188,-0.034,1.018,3,1100
207858578,-0.427,4.207,0.000,-0.193,-0.009,0.975,3,1100
207859643,-0.122,3.293,0.000,-0.105,0.073,0.982,3,1100
207860558,-0.244,0.915,0.305,0.023,0.066,1.101,3,1100
207861643,-0.549,-0.671,0.366,0.117,0.042,0.909,3,1100
207862565,-1.098,-1.524,0.549,0.201,0.060,1.188,3,1100
207863643,-1.768,1.220,1.280,0.068,0.053,1.218,3,1100
207864566,-1.341,3.232,0.915,-0.112,-0.052,1.009,3,1100
207865644,-0.915,4.329,0.061,-0.190,-0.042,1.005,3,1100
207866574,-0.793,4.512,-0.366,-0.214,-0.020,0.957,3,1100
207867643,-0.366,3.415,-0.061,-0.098,0.084,1.005,3,1100
207868571,0.000,0.854,0.488,0.062,0.079,1.072,3,1100
207869644,-0.610,-0.915,0.488,0.109,0.036,0.958,3,1100
207870558,-1.159,-1.524,0.427,0.180,0.062,1.148,3,1100
207871643,-1.890,1.037,1.098,0.087,0.050,1.184,3,1100
207872644,-1.707,3.171,0.610,-0.126,-0.069,1.014,3,1100
207873178,-0.854,4.573,-0.061,-0.126,-0.069,1.014,3,1100
207874697,-0.671,4.634,-0.244,-0.207,-0.004,0.941,3,1100
207875212,-0.488,3.598,-0.122,-0.093,0.085,1.039,3,1100
207876694,-1.037,-0.915,0.122,0.028,0.074,1.031,3,1100
207877204,-1.037,-0.915,0.122,0.100,0.051,1.009,3,1100
207878694,-1.768,-0.915,0.488,0.191,0.062,1.026,3,1100
207879207,-1.768,-0.915,0.488,0.191,0.062,1.026,3,1100
207880694,-1.585,3.354,0.671,-0.115,-0.046,1.060,3,1100
207881214,-0.793,4.512,0.061,-0.169,-0.044,1.050,3,1100
207882694,-0.854,4.329,-0.183,-0.221,-0.012,0.917,3,1100
207883214,-0.610,3.415,-0.122,-0.118,0.078,1.065,3,1100
207884694,-0.854,-1.159,0.305,0.125,0.044,1.055,3,1100
207885204,-0.854,-1.159,0.305,0.125,0.044,1.055,3,1100
207886694,-1.463,-0.793,0.915,0.186,0.046,1.081,3,1100
207887204,-1.707,0.915,1.098,0.074,0.054,1.084,3,1100
207888694,-1.402,3.171,0.976,-0.102,-0.051,1.084,3,1100
207889204,-0.854,4.329,0.183,-0.185,-0.048,1.046,3,1100
207890694,-0.305,3.537,-0.122,-0.103,0.077,1.076,3,1100
207891204,-0.305,3.537,-0.122,-0.103,0.077,1.076,3,1100
207892694,-0.854,-0.976,0.244,0.092,0.046,1.103,3,1100
207893204,-0.854,-0.976,0.244,0.092,0.046,1.103,3,1100
207894694,-1.585,-0.915,0.915,0.197,0.066,1.131,3,1100
207895214,-1.951,0.793,1.341,0.082,0.062,1.012,3,1100
207896694,-1.646,2.622,0.854,-0.096,-0.060,1.142,3,1100
207897214,-0.915,4.146,0.183,-0.178,-0.040,1.047,3,1100
207898694,-0.366,3.537,0.183,-0.126,0.084,1.047,3,1100
207899215,-0.366,3.537,0.183,-0.126,0.084,1.047,3,1100
207900694,-0.793,-0.976,0.000,0.111,0.048,1.127,3,1100
207901204,-1.159,-1.829,0.183,0.165,0.049,0.950,3,1100
207902694,-1.463,-1.341,0.671,0.199,0.044,1.169,3,1100
207903210,-1.890,0.427,0.915,0.076,0.050,0.969,3,1100
207904694,-0.732,4.268,0.122,-0.177,-0.042,1.026,3,1100
207905202,-0.732,4.268,0.122,-0.177,-0.042,1.026,3,1100
207906694,-0.549,3.537,-0.183,-0.121,0.069,1.043,3,1100
207907207,-0.366,1.280,-0.366,-0.121,0.069,1.043,3,1100
207908694,-0.732,-0.854,0.000,0.119,0.059,1.149,3,1100
207909202,-1.220,-1.585,0.183,0.176,0.058,0.917,3,1100
207910694,-1.951,0.427,0.915,0.186,0.060,1.199,3,1100
207911202,-1.951,0.427,0.915,0.092,0.044,0.923,3,1100
207912694,-1.159,4.329,0.061,-0.167,-0.046,1.018,3,1100
207913204,-1.159,4.329,0.061,-0.167,-0.046,1.018,3,1100
207914694,-0.061,3.659,-0.122,-0.135,0.070,1.037,3,1100
207915215,-0.366,1.646,0.061,0.009,0.089,0.924,3,1100
207916694,-0.549,-0.549,0.122,0.116,0.058,1.156,3,1100
207917204,-0.915,-1.768,0.549,0.168,0.051,0.906,3,1100
207918694,-1.707,0.488,0.854,0.095,0.054,0.929,3,1100
207919204,-1.707,0.488,0.854,0.095,0.054,0.929,3,1100
207920694,-0.976,4.390,0.305,-0.177,-0.053,0.993,3,1100
207921204,-0.549,4.695,-0.366,-0.226,-0.036,0.964,3,1100
207922694,-0.061,3.659,-0.366,-0.134,0.059,1.016,3,1100
207923204,-0.244,1.768,-0.061,-0.009,0.101,0.957,3,1100
207924694,-1.037,-1.280,0.244,0.169,0.053,0.915,3,1100
207925213,-1.037,-1.280,0.244,0.169,0.053,0.915,3,1100
207926694,-1.829,0.427,0.976,0.105,0.049,0.954,3,1100
207927204,-1.829,0.427,0.976,0.105,0.049,0.954,3,1100
207928694,-1.220,4.207,0.061,-0.163,-0.050,0.978,3,1100
207929214,-0.793,4.512,-0.488,-0.220,-0.037,1.000,3,1100
207930694,-0.549,3.963,-0.244,-0.152,0.043,0.994,3,1100
207931204,-0.244,1.707,-0.183,-0.007,0.090,0.963,3,1100
207932694,-0.915,-1.646,0.305,0.166,0.050,0.945,3,1100
207933215,-0.915,-1.646,0.305,0.166,0.050,0.945,3,1100
207934694,-1.829,0.366,1.159,0.114,0.048,0.982,3,1100
207935204,-1.768,2.500,0.610,-0.042,0.004,1.185,3,1100
207936694,-0.976,4.146,0.000,-0.170,-0.054,0.957,3,1100
207937214,-0.549,4.512,-0.305,-0.221,-0.040,1.017,3,1100
207938694,-0.305,1.829,-0.305,0.006,0.081,0.985,3,1100
207939204,-0.305,1.829,-0.305,0.006,0.081,0.985,3,1100
207940694,-1.098,-1.402,0.000,0.171,0.053,0.970,3,1100
207941204,-1.341,-1.463,0.488,0.171,0.053,0.970,3,1100
207942694,-1.829,0.244,1.037,0.124,0.053,1.036,3,1100
207943215,-1.524,2.256,0.976,-0.040,-0.014,1.143,3,1100
207944694,-0.549,4.634,-0.488,-0.167,-0.044,0.953,3,1100
207945204,-0.549,4.634,-0.488,-0.210,-0.045,1.045,3,1100
207946694,-0.366,1.890,0.122,-0.010,0.096,1.022,3,1100
207947213,-0.366,1.890,0.122,-0.010,0.096,1.022,3,1100
207948694,-0.854,-1.707,0.244,0.170,0.057,1.017,3,1100
207949204,-1.098,-1.829,0.549,0.194,0.037,1.109,3,1100
207950694,-1.524,0.244,0.915,0.108,0.048,1.087,3,1100
207951207,-1.463,2.378,0.915,-0.034,0.000,1.096,3,1100
207952694,-0.793,4.329,-0.244,-0.214,-0.042,1.091,3,1100
207953204,-0.793,4.329,-0.244,-0.214,-0.042,1.091,3,1100
207954694,-0.122,2.012,0.183,-0.018,0.103,1.046,3,1100
207955204,-0.366,-0.366,0.427,0.101,0.052,0.968,3,1100
207956691,-1.037,-1.524,0.671,0.158,0.068,1.083,3,1100
207957209,-1.341,-1.646,0.671,0.197,0.044,1.055,3,1100
207958694,-1.524,2.012,0.671,-0.026,0.012,1.065,3,1100
207959202,-1.524,2.012,0.671,-0.026,0.012,1.065,3,1100
207960694,-0.610,4.756,-0.305,-0.223,-0.039,1.069,3,1100
207961204,-0.610,4.756,-0.305,-0.223,-0.039,1.069,3,1100
207962694,-0.061,2.012,0.000,-0.027,0.113,1.061,3,1100
207963204,-0.427,-0.427,0.305,0.099,0.055,0.955,3,1100
207964691,-0.732,-1.524,0.427,0.162,0.064,1.108,3,1100
207965210,-1.098,-1.402,0.671,0.198,0.042,1.017,3,1100
207966694,-2.195,2.195,0.915,-0.025,0.005,1.037,3,1100
207967204,-2.195,2.195,0.915,-0.025,0.005,1.037,3,1100
207968694,-0.854,4.634,-0.305,-0.216,-0.043,1.088,3,1100
207969214,-0.549,4.085,-0.183,-0.188,0.015,0.949,3,1100
207970702,-0.122,2.317,0.122,-0.029,0.106,1.043,3,1100
207971227,-0.427,-0.427,0.427,0.092,0.061,0.946,3,1100
207972695,-1.159,-1.829,0.305,0.190,0.053,0.997,3,1100
207973213,-1.159,-1.829,0.305,0.190,0.053,0.997,3,1100
207974694,-1.463,2.073,0.793,-0.009,0.006,1.033,3,1100
207975206,-0.976,4.085,0.366,-0.009,0.006,1.033,3,1100
207976694,-0.793,4.939,-0.305,-0.206,-0.038,1.079,3,1100
207977207,-0.549,4.329,-0.488,-0.197,0.004,0.949,3,1100
207978694,-0.427,-0.122,0.488,-0.044,0.115,1.040,3,1100
207979203,-0.427,-0.122,0.488,0.100,0.055,0.930,3,1100
207980691,-1.402,-1.585,0.488,0.186,0.040,0.973,3,1100
207981205,-1.402,-1.585,0.488,0.186,0.040,0.973,3,1100
207982694,-1.951,2.134,0.915,0.006,0.021,1.006,3,1100
207983204,-1.098,3.963,0.488,-0.148,-0.039,1.048,3,1100
207984694,-0.732,4.817,-0.305,-0.208,-0.053,1.063,3,1100
207985213,-0.488,4.451,-0.366,-0.189,0.005,0.954,3,1100
207986694,-0.183,0.000,0.610,0.078,0.069,0.918,3,1100
207987204,-0.183,0.000,0.610,0.078,0.069,0.918,3,1100
207988689,-1.220,-1.585,0.549,0.191,0.044,0.949,3,1100
207989198,-1.890,-0.061,1.220,0.131,0.055,1.206,3,1100
207990694,-2.012,1.951,1.098,-0.005,0.013,0.976,3,1100
207991203,-1.524,3.780,0.793,-0.161,-0.034,1.078,3,1100
207992694,-0.671,3.963,-0.183,-0.210,0.013,0.951,3,1100
207993203,-0.671,3.963,-0.183,-0.210,0.013,0.951,3,1100
207994694,-0.549,-0.244,0.305,0.103,0.072,0.954,3,1100
207995204,-0.549,-0.244,0.305,0.103,0.072,0.954,3,1100
207996689,-1.280,-1.646,0.671,0.170,0.037,0.906,3,1100
207997197,-1.829,-0.183,0.854,0.158,0.057,1.229,3,1100
207998694,-1.829,1.951,1.037,0.001,0.001,0.976,3,1100
207999202,-1.159,3.720,0.854,-0.158,-0.020,1.079,3,1100
208000701,-0.183,4.268,-0.305,-0.199,0.010,0.968,3,1100
208001224,-0.183,4.268,-0.305,-0.199,0.010,0.968,3,1100
208002696,-0.427,0.244,0.305,0.064,0.063,0.937,3,1100
208003210,-0.976,-1.463,0.427,0.167,0.069,1.151,3,1100
208004694,-1.037,-1.463,0.793,0.181,0.037,0.927,3,1100
208005204,-1.829,-0.366,0.976,0.170,0.047,1.225,3,1100
208006694,-1.098,3.780,0.732,-0.145,-0.048,1.099,3,1100
208007213,-1.098,3.780,0.732,-0.145,-0.048,1.099,3,1100
208008694,-0.305,3.841,-0.427,-0.221,0.007,0.968,3,1100
208009207,-0.061,2.073,0.000,-0.221,0.007,0.968,3,1100
208010694,-0.183,0.000,0.366,0.091,0.072,0.963,3,1100
208011211,-0.854,-1.524,0.488,0.155,0.088,1.182,3,1100
208012694,-1.646,-0.183,1.159,0.162,0.025,0.927,3,1100
208013208,-1.646,-0.183,1.159,0.144,0.079,1.218,3,1100
208014694,-1.524,3.415,0.549,-0.154,-0.044,1.123,3,1100
208015204,-1.524,3.415,0.549,-0.154,-0.044,1.123,3,1100
208016694,-0.854,4.512,-0.122,-0.176,-0.000,0.998,3,1100
208017213,-0.549,2.744,0.122,-0.028,0.099,1.013,3,1100
208018694,-0.854,0.122,0.183,0.040,0.048,0.981,3,1100
208019213,-1.280,-1.463,0.427,0.146,0.063,1.100,3,1100
208020694,-1.707,-0.610,0.976,0.141,0.063,1.156,3,1100
208021202,-1.707,-0.610,0.976,0.141,0.063,1.156,3,1100
208022694,-1.402,3.841,0.488,-0.142,-0.039,1.136,3,1100
208023213,-0.549,4.817,-0.305,-0.208,-0.038,1.001,3,1100
208024694,-0.244,4.329,-0.427,-0.213,0.002,0.997,3,1100
208025205,0.000,2.622,-0.183,-0.040,0.099,0.972,3,1100
208026694,-0.854,-1.220,0.488,0.158,0.055,1.094,3,1100
208027203,-0.854,-1.220,0.488,0.158,0.055,1.094,3,1100
208028694,-1.646,-0.183,0.976,0.153,0.069,1.153,3,1100
208029202,-1.646,-0.183,0.976,0.153,0.069,1.153,3,1100
208030694,-1.463,3.598,0.793,-0.155,-0.031,1.112,3,1100
208031204,-0.732,4.573,-0.183,-0.202,-0.040,0.937,3,1100
208032694,-0.366,4.451,-0.610,-0.200,0.010,1.017,3,1100
208033205,-0.183,2.744,-0.061,-0.040,0.097,0.972,3,1100
208034694,-1.037,-1.341,0.427,0.123,0.059,1.017,3,1100
208035213,-1.037,-1.341,0.427,0.123,0.059,1.017,3,1100
208036694,-1.646,-0.854,1.037,0.160,0.048,1.102,3,1100
208037213,-1.707,1.463,0.976,0.022,0.015,1.049,3,1100
208038694,-1.280,3.232,0.610,-0.128,-0.068,1.104,3,1100
208039202,-0.793,4.512,0.061,-0.191,-0.050,0.953,3,1100
208040694,-0.549,2.744,0.183,-0.053,0.086,0.938,3,1100
208041204,-0.549,2.744,0.183,-0.053,0.086,0.938,3,1100
208042694,-0.854,-1.341,0.183,0.132,0.045,1.014,3,1100
208043213,-1.341,-1.341,0.366,0.132,0.045,1.014,3,1100
208044694,-1.463,-0.549,1.037,0.147,0.057,1.047,3,1100
208045213,-1.829,1.585,1.098,0.050,0.025,1.133,3,1100
208046694,-0.793,3.902,-0.122,-0.140,-0.051,1.073,3,1100
208047203,-0.793,3.902,-0.122,-0.191,-0.042,0.937,3,1100
