timestamp_us,gyro_x,gyro_y,gyro_z,accel_x,accel_y,accel_z,motor_id,motor_command
210764199,-1.220,1.524,-0.427,-0.056,0.014,1.037,4,1100
210765640,-1.098,0.488,0.122,-0.008,0.016,1.055,4,1100
210766656,-0.976,0.671,0.244,0.032,0.021,1.068,4,1100
210767191,-0.976,1.037,-0.183,0.060,0.036,1.031,4,1100
210768694,-0.915,2.561,-0.549,0.016,0.051,1.015,4,1100
210769214,-0.915,2.561,-0.549,0.016,0.051,1.015,4,1100
210770695,-1.341,2.134,-0.671,-0.075,0.019,1.008,4,1100
210771212,-0.915,1.585,-0.488,-0.075,0.019,1.008,4,1100
210772694,-0.976,0.793,-0.183,-0.032,0.008,1.059,4,1100
210773210,-0.976,0.427,0.000,-0.005,0.032,1.043,4,1100
210774694,-0.793,0.488,-0.061,0.045,0.036,1.062,4,1100
210775211,-0.732,0.976,-0.366,0.072,0.035,1.034,4,1100
210776694,-1.037,2.073,-0.610,0.007,0.043,1.032,4,1100
210777209,-1.037,2.073,-0.610,0.007,0.043,1.032,4,1100
210778694,-1.280,1.829,-0.610,-0.058,0.024,1.023,4,1100
210779209,-1.402,1.402,-0.488,-0.066,-0.004,1.038,4,1100
210780694,-1.402,0.854,-0.610,-0.014,0.021,1.049,4,1100
210781210,-1.280,0.549,-0.183,0.006,0.017,1.056,4,1100
210782694,-1.098,1.098,-0.549,0.065,0.031,1.055,4,1100
210783209,-1.098,1.098,-0.549,0.065,0.031,1.055,4,1100
210784694,-0.854,2.439,-0.854,0.026,0.056,1.028,4,1100
210785210,-0.671,2.317,-0.793,0.026,0.056,1.028,4,1100
210786694,-0.976,2.073,-0.732,-0.066,0.024,1.031,4,1100
210787209,-1.098,1.524,-0.610,-0.050,-0.006,1.031,4,1100
210788694,-1.280,0.427,0.244,-0.037,0.034,1.041,4,1100
210789209,-1.280,0.427,0.244,0.028,0.023,1.076,4,1100
210790694,-0.915,1.646,-0.183,0.057,0.037,1.055,4,1100
210791213,-0.915,1.646,-0.183,0.057,0.037,1.055,4,1100
210792694,-0.915,2.439,-0.671,0.004,0.049,1.025,4,1100
210793209,-0.976,2.195,-0.793,-0.040,0.021,1.016,4,1100
210794694,-0.915,1.890,-0.610,-0.077,0.013,1.011,4,1100
210795209,-0.976,0.976,-0.549,-0.030,0.001,1.042,4,1100
210796694,-1.585,0.427,0.122,0.019,0.032,1.072,4,1100
210797210,-1.585,0.427,0.122,0.019,0.032,1.072,4,1100
210798694,-1.098,1.585,-0.305,0.044,0.042,1.021,4,1100
210799209,-0.854,2.073,-0.427,0.037,0.047,1.043,4,1100
210800694,-0.671,2.500,-0.427,-0.001,0.035,1.007,4,1100
210801210,-1.098,2.134,-0.488,-0.062,0.009,1.033,4,1100
210802703,-1.220,1.159,-0.305,-0.028,0.012,1.039,4,1100
210803224,-1.220,1.159,-0.305,-0.028,0.012,1.039,4,1100
210804695,-1.280,0.732,0.122,0.031,0.035,1.047,4,1100
210805217,-1.037,0.854,0.122,0.031,0.035,1.047,4,1100
210806694,-0.671,1.524,-0.122,0.056,0.043,1.034,4,1100
210807209,-0.854,2.256,-0.549,0.006,0.039,1.032,4,1100
210808694,-0.976,2.561,-0.366,-0.024,0.051,1.026,4,1100
210809210,-0.976,2.317,-0.366,-0.044,0.026,1.016,4,1100
210810694,-1.646,1.463,0.000,-0.028,0.013,1.049,4,1100
210811209,-1.646,1.463,0.000,-0.028,0.013,1.049,4,1100
210812694,-1.098,1.159,0.610,0.025,0.035,1.075,4,1100
210813212,-0.732,1.402,0.183,0.064,0.037,1.047,4,1100
210814694,-0.732,1.768,0.122,0.042,0.044,1.037,4,1100
210815214,-0.610,2.256,-0.122,0.009,0.046,1.018,4,1100
210816694,-1.220,2.012,0.000,-0.059,0.016,1.005,4,1100
210817209,-1.220,2.012,0.000,-0.059,0.016,1.005,4,1100
210818694,-1.341,0.610,0.244,-0.041,0.003,1.056,4,1100
210819209,-1.159,0.488,0.610,-0.041,0.003,1.056,4,1100
210820694,-0.976,0.610,0.671,0.046,0.037,1.073,4,1100
210821210,-0.854,1.280,0.244,0.053,0.035,1.045,4,1100
210822694,-0.854,2.195,-0.061,0.036,0.044,1.033,4,1100
210823212,-0.854,2.195,-0.061,0.014,0.043,1.018,4,1100
210824694,-1.159,2.134,0.061,-0.059,0.004,1.020,4,1100
210825209,-1.159,2.134,0.061,-0.059,0.004,1.020,4,1100
210826694,-1.159,0.854,0.671,-0.018,0.019,1.057,4,1100
210827209,-1.159,0.549,0.732,0.031,0.032,1.059,4,1100
210828694,-1.098,0.915,0.671,0.038,0.031,1.051,4,1100
210829209,-0.854,1.463,0.427,0.055,0.041,1.052,4,1100
210830694,-0.793,2.195,0.427,0.010,0.061,1.029,4,1100
210831209,-0.793,2.195,0.427,0.010,0.061,1.029,4,1100
210832694,-0.732,1.890,0.305,-0.073,0.021,1.026,4,1100
210833209,-1.098,1.280,0.488,-0.042,-0.005,1.057,4,1100
210834694,-1.098,0.793,0.732,-0.024,0.027,1.029,4,1100
210835209,-0.976,0.549,1.159,0.019,0.020,1.080,4,1100
210836694,-0.854,1.585,1.037,0.051,0.047,1.044,4,1100
210837209,-0.854,1.585,1.037,0.051,0.047,1.044,4,1100
210838694,-1.098,2.195,0.427,-0.008,0.057,1.013,4,1100
210839209,-1.098,2.195,0.427,-0.008,0.057,1.013,4,1100
210840694,-0.976,1.951,0.610,-0.078,0.002,1.013,4,1100
210841209,-1.037,1.280,0.732,-0.041,0.009,1.042,4,1100
210842694,-1.159,0.854,1.280,-0.010,0.020,1.051,4,1100
210843209,-1.098,0.732,1.585,0.018,0.030,1.057,4,1100
210844694,-0.732,1.402,0.976,0.062,0.048,1.017,4,1100
210845212,-0.732,1.402,0.976,0.062,0.048,1.017,4,1100
210846694,-0.732,2.561,0.671,-0.022,0.033,1.013,4,1100
210847209,-1.159,2.683,0.793,-0.058,0.030,1.033,4,1100
210848694,-1.341,2.073,0.732,-0.057,0.011,1.039,4,1100
210849209,-1.341,1.220,0.976,-0.049,0.003,1.028,4,1100
210850694,-1.159,0.366,1.280,0.046,0.040,1.044,4,1100
210851209,-1.159,0.366,1.280,0.046,0.040,1.044,4,1100
210852694,-0.732,1.646,0.793,0.044,0.039,1.026,4,1100
210853210,-0.732,2.134,0.610,0.044,0.039,1.026,4,1100
210854694,-0.915,2.256,0.732,-0.010,0.055,1.026,4,1100
210855210,-1.098,2.195,0.854,-0.070,0.018,1.020,4,1100
210856694,-1.159,0.976,0.854,-0.066,0.003,1.019,4,1100
210857209,-1.159,0.976,0.854,-0.030,0.003,1.028,4,1100
210858694,-0.976,0.793,1.524,0.037,0.031,1.071,4,1100
210859209,-0.976,0.793,1.524,0.037,0.031,1.071,4,1100
210860694,-0.854,1.768,1.402,0.052,0.046,1.053,4,1100
210861209,-0.793,2.439,1.098,0.023,0.054,1.014,4,1100
210862694,-1.159,2.439,0.732,-0.018,0.043,1.017,4,1100
210863212,-1.037,2.317,0.793,-0.068,0.002,1.021,4,1100
210864694,-1.341,1.220,1.098,-0.019,0.013,1.060,4,1100
210865209,-1.341,1.220,1.098,-0.019,0.013,1.060,4,1100
210866694,-1.037,0.488,1.402,0.040,0.023,1.064,4,1100
210867212,-0.732,1.098,1.159,0.059,0.035,1.037,4,1100
210868694,-0.915,1.707,0.976,0.045,0.056,1.038,4,1100
210869212,-1.159,2.439,0.732,0.014,0.057,1.038,4,1100
210870694,-1.159,2.134,0.915,-0.074,0.010,1.027,4,1100
210871209,-1.159,2.134,0.915,-0.074,0.010,1.027,4,1100
210872694,-1.159,1.037,1.280,-0.019,0.033,1.046,4,1100
210873209,-1.159,1.037,1.280,-0.019,0.033,1.046,4,1100
210874694,-0.793,0.732,1.220,0.043,0.037,1.041,4,1100
210875209,-0.976,1.341,1.037,0.062,0.033,1.057,4,1100
210876694,-0.854,2.134,0.671,0.039,0.058,1.033,4,1100
210877209,-0.976,2.622,0.671,0.003,0.043,1.032,4,1100
210878694,-1.159,1.890,0.732,-0.044,0.024,1.039,4,1100
210879212,-1.159,1.890,0.732,-0.044,0.024,1.039,4,1100
210880694,-1.341,0.732,0.915,-0.038,0.023,1.031,4,1100
210881209,-1.159,0.305,1.220,0.036,0.029,1.059,4,1100
210882694,-0.976,0.915,0.976,0.044,0.038,1.032,4,1100
210883213,-0.915,1.341,0.427,0.045,0.045,1.056,4,1100
210884694,-0.915,2.073,0.549,0.001,0.054,1.013,4,1100
210885209,-0.915,2.073,0.549,0.001,0.054,1.013,4,1100
210886694,-1.037,1.829,0.366,-0.074,0.003,1.013,4,1100
210887212,-1.280,1.280,0.488,-0.074,0.003,1.013,4,1100
210888694,-1.341,0.793,1.037,-0.022,0.029,1.046,4,1100
210889209,-1.098,0.732,0.915,0.023,0.036,1.041,4,1100
210890694,-0.488,1.646,0.366,0.061,0.029,1.071,4,1100
210891209,-0.488,1.646,0.366,0.039,0.047,1.020,4,1100
210892694,-1.159,2.378,0.244,-0.010,0.048,1.015,4,1100
210893214,-1.159,2.378,0.244,-0.010,0.048,1.015,4,1100
210894694,-1.098,1.829,0.183,-0.066,0.014,1.026,4,1100
210895210,-1.220,1.159,0.427,-0.020,0.016,1.034,4,1100
210896694,-1.280,0.427,0.427,-0.003,0.023,1.064,4,1100
210897212,-0.915,0.549,0.610,0.039,0.019,1.050,4,1100
210898694,-0.610,1.768,0.061,0.038,0.043,1.047,4,1100
210899209,-0.610,1.768,0.061,0.038,0.043,1.047,4,1100
210900694,-0.549,2.500,0.000,-0.017,0.034,1.031,4,1100
210901209,-0.854,2.256,0.000,-0.067,0.020,1.022,4,1100
210902694,-1.037,1.646,0.000,-0.057,0.006,1.029,4,1100
210903209,-1.220,1.037,0.122,-0.022,0.006,1.042,4,1100
210904694,-1.037,0.793,0.366,0.041,0.035,1.075,4,1100
210905209,-1.037,0.793,0.366,0.041,0.035,1.075,4,1100
210906694,-0.976,1.646,-0.061,0.035,0.044,1.040,4,1100
210907213,-0.976,1.646,-0.061,0.035,0.044,1.040,4,1100
210908694,-0.915,2.134,-0.427,-0.021,0.042,1.030,4,1100
210909212,-1.159,2.195,-0.366,-0.067,0.011,1.025,4,1100
210910694,-1.402,1.402,-0.244,-0.058,0.007,1.036,4,1100
210911212,-1.280,0.976,0.183,-0.029,0.003,1.047,4,1100
210912694,-1.220,0.671,0.122,0.054,0.044,1.070,4,1100
210913209,-1.220,0.671,0.122,0.054,0.044,1.070,4,1100
210914694,-0.976,1.890,-0.549,0.035,0.050,1.029,4,1100
210915210,-0.915,2.378,-0.549,0.009,0.036,1.035,4,1100
210916694,-0.915,2.317,-0.549,-0.039,0.038,1.001,4,1100
210917209,-1.098,1.951,-0.549,-0.074,0.002,1.035,4,1100
210918694,-0.976,0.610,0.183,-0.013,0.015,1.041,4,1100
210919212,-0.976,0.610,0.183,-0.013,0.015,1.041,4,1100
210920694,-1.098,0.488,-0.061,0.058,0.042,1.054,4,1100
210921210,-0.671,0.793,-0.366,0.058,0.042,1.054,4,1100
210922694,-0.488,1.707,-0.488,0.032,0.058,1.017,4,1100
210923210,-0.488,2.134,-0.671,0.016,0.039,1.040,4,1100
210924694,-1.220,1.951,-0.671,-0.042,0.051,1.018,4,1100
210925212,-1.220,1.951,-0.671,-0.068,0.000,1.019,4,1100
210926695,-1.402,0.610,-0.244,0.001,0.014,1.052,4,1100
210927209,-1.402,0.610,-0.244,0.001,0.014,1.052,4,1100
210928701,-0.976,0.854,0.000,0.048,0.047,1.065,4,1100
210929223,-0.732,1.280,-0.244,0.070,0.025,1.032,4,1100
210930696,-0.793,2.073,-0.549,0.019,0.062,1.025,4,1100
210931218,-0.976,2.317,-0.610,0.010,0.030,1.023,4,1100
210932694,-1.159,1.707,-0.305,-0.060,0.018,1.027,4,1100
210933209,-1.159,1.707,-0.305,-0.060,0.018,1.027,4,1100
210934694,-1.220,0.915,0.183,-0.021,0.021,1.055,4,1100
210935209,-1.280,0.671,0.305,0.049,0.035,1.041,4,1100
210936694,-1.341,0.976,0.122,0.043,0.035,1.047,4,1100
210937212,-1.159,1.463,-0.305,0.059,0.043,1.037,4,1100
210938694,-1.037,2.439,-0.488,-0.020,0.045,1.018,4,1100
210939214,-1.037,2.439,-0.488,-0.020,0.045,1.018,4,1100
210940694,-1.037,1.707,-0.366,-0.064,0.015,1.022,4,1100
210941212,-1.037,1.707,-0.366,-0.064,0.015,1.022,4,1100
210942694,-1.402,0.488,0.366,-0.015,0.032,1.053,4,1100
210943212,-1.280,0.305,0.244,0.046,0.018,1.049,4,1100
210944694,-1.159,0.854,0.000,0.052,0.036,1.044,4,1100
210945209,-1.159,1.829,0.061,0.056,0.049,1.041,4,1100
210946694,-0.976,2.439,-0.183,-0.027,0.047,1.028,4,1100
210947209,-0.976,2.439,-0.183,-0.027,0.047,1.028,4,1100
210948694,-1.220,1.585,-0.122,-0.058,0.019,1.033,4,1100
210949210,-1.280,0.976,0.244,-0.038,0.002,1.062,4,1100
210950694,-1.402,0.366,0.183,-0.003,0.024,1.040,4,1100
210951210,-1.098,0.488,0.061,0.051,0.025,1.065,4,1100
210952694,-0.671,1.829,-0.183,0.041,0.056,1.055,4,1100
210953209,-0.671,1.829,-0.183,0.041,0.056,1.055,4,1100
210954694,-0.793,2.439,-0.183,-0.044,0.043,1.019,4,1100
210955209,-1.037,2.012,-0.366,-0.044,0.043,1.019,4,1100
210956694,-1.280,1.646,-0.183,-0.065,0.005,1.037,4,1100
210957209,-1.402,1.098,0.183,-0.041,0.010,1.055,4,1100
210958694,-1.037,0.732,0.366,0.003,0.018,1.026,4,1100
210959209,-1.037,0.732,0.366,0.048,0.046,1.053,4,1100
210960694,-0.671,1.829,0.000,0.036,0.046,1.045,4,1100
210961209,-0.671,1.829,0.000,0.036,0.046,1.045,4,1100
210962694,-1.037,2.073,0.122,-0.035,0.034,0.994,4,1100
210963212,-1.098,1.890,0.061,-0.073,0.004,1.026,4,1100
210964694,-1.220,1.341,0.366,-0.059,-0.000,1.034,4,1100
210965213,-1.220,0.732,0.610,-0.023,0.017,1.035,4,1100
210966694,-1.037,0.732,0.793,0.059,0.029,1.053,4,1100
210967212,-1.037,0.732,0.793,0.059,0.029,1.053,4,1100
210968694,-0.976,1.951,0.305,0.035,0.053,1.035,4,1100
210969210,-1.220,2.195,0.122,-0.009,0.039,1.021,4,1100
210970694,-1.220,2.378,0.122,-0.042,0.041,1.023,4,1100
210971212,-1.280,1.768,0.183,-0.070,0.002,1.027,4,1100
210972694,-1.098,0.549,0.732,-0.004,0.024,1.042,4,1100
210973209,-1.098,0.549,0.732,-0.004,0.024,1.042,4,1100
210974694,-1.037,0.732,0.793,0.058,0.043,1.062,4,1100
210975209,-1.037,0.732,0.793,0.058,0.043,1.062,4,1100
210976702,-0.976,2.012,0.122,0.013,0.056,1.042,4,1100
210977234,-0.915,2.500,0.122,0.009,0.047,1.019,4,1100
210978697,-1.037,2.378,0.000,-0.059,0.027,1.014,4,1100
210979214,-1.159,1.890,0.122,-0.069,0.007,1.022,4,1100
210980694,-1.098,0.793,0.732,-0.013,0.037,1.062,4,1100
210981209,-1.098,0.793,0.732,-0.013,0.037,1.062,4,1100
210982694,-1.098,0.976,0.915,0.054,0.037,1.071,4,1100
210983208,-1.098,1.646,0.610,0.064,0.048,1.029,4,1100
210984694,-0.976,2.134,0.610,0.017,0.037,1.029,4,1100
210985212,-1.037,2.500,0.549,-0.023,0.043,1.019,4,1100
210986694,-1.037,1.646,0.732,-0.058,0.004,1.020,4,1100
210987209,-1.037,1.646,0.732,-0.058,0.004,1.020,4,1100
210988694,-1.402,0.549,1.098,0.021,0.025,1.065,4,1100
210989214,-1.280,0.671,1.341,0.021,0.025,1.065,4,1100
210990694,-1.220,1.037,1.220,0.061,0.041,1.049,4,1100
210991209,-0.976,1.707,0.976,0.055,0.034,1.035,4,1100
210992694,-1.463,2.561,0.732,0.004,0.048,1.009,4,1100
210993209,-1.463,2.561,0.732,-0.014,0.057,1.029,4,1100
210994694,-1.463,1.768,0.854,-0.076,0.004,1.030,4,1100
210995209,-1.463,1.768,0.854,-0.076,0.004,1.030,4,1100
210996694,-1.220,0.793,1.585,0.012,0.025,1.044,4,1100
210997209,-1.098,0.793,1.524,0.038,0.031,1.068,4,1100
210998694,-1.037,1.463,1.220,0.044,0.036,1.028,4,1100
210999208,-0.854,2.012,1.037,0.039,0.048,1.040,4,1100
211000694,-1.037,2.439,0.610,-0.037,0.032,1.022,4,1100
211001209,-1.037,2.439,0.610,-0.037,0.032,1.022,4,1100
211002694,-1.280,1.890,0.854,-0.052,0.016,1.048,4,1100
211003209,-0.976,0.854,0.976,-0.030,0.010,1.053,4,1100
211004694,-0.793,0.610,1.159,0.007,0.032,1.058,4,1100
211005209,-0.793,0.549,1.280,0.054,0.028,1.052,4,1100
211006694,-0.976,1.951,0.976,0.038,0.037,1.027,4,1100
211007209,-0.976,1.951,0.976,0.038,0.037,1.027,4,1100
211008694,-0.976,2.561,0.854,-0.039,0.040,1.003,4,1100
211009213,-0.976,2.561,0.854,-0.039,0.040,1.003,4,1100
211010694,-1.098,1.341,0.793,-0.062,0.012,1.037,4,1100
211011213,-1.341,0.793,1.341,-0.010,0.008,1.052,4,1100
211012694,-1.280,0.549,1.524,0.016,0.021,1.064,4,1100
211013209,-1.098,0.671,1.341,0.043,0.037,1.036,4,1100
211014694,-0.915,2.073,0.854,0.027,0.045,1.038,4,1100
211015213,-0.915,2.073,0.854,0.027,0.045,1.038,4,1100
211016694,-1.037,2.500,0.610,-0.052,0.033,1.001,4,1100
211017209,-1.341,1.768,0.793,-0.065,0.002,1.021,4,1100
211018694,-1.402,1.037,0.854,-0.053,-0.004,1.042,4,1100
211019214,-1.402,0.549,1.098,-0.029,0.014,1.054,4,1100
211020694,-1.037,0.976,1.220,0.063,0.048,1.056,4,1100
211021213,-1.037,0.976,1.220,0.063,0.048,1.056,4,1100
211022694,-0.976,2.073,0.549,0.032,0.042,1.044,4,1100
211023214,-1.159,2.561,0.732,0.032,0.042,1.044,4,1100
211024694,-1.159,2.256,0.366,-0.051,0.027,1.026,4,1100
211025209,-1.402,1.951,0.427,-0.076,-0.002,1.025,4,1100
211026694,-1.220,0.915,0.915,-0.040,0.006,1.039,4,1100
211027209,-1.220,0.915,0.915,0.004,0.014,1.051,4,1100
211028694,-0.976,0.976,1.037,0.084,0.042,1.066,4,1100
211029209,-0.976,0.976,1.037,0.084,0.042,1.066,4,1100
211030694,-0.854,2.012,0.549,0.014,0.049,1.048,4,1100
211031208,-0.854,2.439,0.305,-0.001,0.029,1.022,4,1100
211032700,-1.037,2.378,0.305,-0.047,0.044,1.016,4,1100
211033227,-1.341,1.951,0.183,-0.065,0.004,1.043,4,1100
211034696,-0.976,0.610,0.854,-0.001,0.012,1.068,4,1100
211035212,-0.976,0.610,0.854,-0.001,0.012,1.068,4,1100
211036695,-0.976,0.915,0.366,0.063,0.042,1.046,4,1100
211037211,-0.793,1.524,0.366,0.050,0.036,1.037,4,1100
211038694,-0.854,2.012,0.244,0.001,0.041,1.010,4,1100
211039209,-1.037,2.439,0.061,-0.006,0.051,1.042,4,1100
211040699,-1.524,1.890,0.244,-0.067,0.003,1.046,4,1100
211041219,-1.524,1.890,0.244,-0.067,0.003,1.046,4,1100
211042696,-1.220,0.610,0.427,0.012,0.034,1.045,4,1100
211043211,-1.220,0.610,0.427,0.012,0.034,1.045,4,1100
211044694,-0.732,1.220,0.061,0.065,0.026,1.038,4,1100
211045208,-0.915,2.012,-0.061,0.034,0.040,1.035,4,1100
211046694,-0.976,2.500,-0.183,0.019,0.053,1.024,4,1100
211047209,-1.037,2.378,-0.122,-0.038,0.033,1.017,4,1100
211048694,-1.220,1.524,-0.061,-0.059,0.004,1.024,4,1100
211049209,-1.220,1.524,-0.061,-0.059,0.004,1.024,4,1100
211050694,-1.159,0.488,0.549,0.014,0.032,1.061,4,1100
211051209,-0.976,0.610,0.549,0.044,0.023,1.055,4,1100
211052694,-0.976,1.159,0.122,0.062,0.035,1.045,4,1100
211053212,-0.793,1.890,0.061,0.036,0.048,1.020,4,1100
211054702,-1.037,2.256,-0.122,-0.008,0.033,1.026,4,1100
211055235,-1.037,2.256,-0.122,-0.008,0.033,1.026,4,1100
211056697,-1.098,1.585,0.061,-0.060,0.012,1.036,4,1100
211057219,-0.976,0.915,0.244,-0.060,0.012,1.036,4,1100
211058694,-0.976,0.671,0.366,-0.007,0.024,1.070,4,1100
211059209,-1.159,1.220,0.427,0.042,0.038,1.056,4,1100
211060694,-0.854,2.012,-0.183,0.060,0.032,1.046,4,1100
211061214,-0.854,2.012,-0.183,0.027,0.066,1.039,4,1100
211062694,-1.341,2.256,-0.305,-0.051,0.029,1.027,4,1100
211063209,-1.341,2.256,-0.305,-0.051,0.029,1.027,4,1100
211064694,-1.341,1.402,0.061,-0.038,0.005,1.029,4,1100
211065209,-1.341,0.732,0.183,-0.013,0.019,1.066,4,1100
211066694,-1.341,0.427,0.244,0.027,0.036,1.069,4,1100
211067209,-1.280,0.976,-0.061,0.045,0.024,1.062,4,1100
211068694,-1.280,2.439,-0.427,0.037,0.053,1.042,4,1100
211069209,-1.280,2.439,-0.427,0.037,0.053,1.042,4,1100
211070694,-0.854,2.134,-0.549,-0.066,0.015,1.028,4,1100
211071209,-1.159,1.768,-0.366,-0.061,0.013,1.017,4,1100
211072694,-1.402,0.976,0.122,-0.042,0.023,1.038,4,1100
211073212,-1.220,0.549,0.061,0.004,0.027,1.076,4,1100
211074694,-0.976,0.976,0.244,0.032,0.029,1.061,4,1100
211075209,-0.976,0.976,0.244,0.062,0.045,1.054,4,1100
211076694,-0.549,2.012,-0.122,0.014,0.048,1.024,4,1100
211077209,-0.549,2.012,-0.122,0.014,0.048,1.024,4,1100
211078694,-1.037,2.073,-0.427,-0.060,0.015,1.014,4,1100
211079212,-1.220,1.585,-0.671,-0.057,-0.002,1.040,4,1100
211080694,-1.341,0.854,-0.244,-0.029,0.013,1.054,4,1100
211081208,-1.280,0.549,0.183,-0.005,0.025,1.047,4,1100
211082694,-1.220,1.220,0.122,0.065,0.026,1.041,4,1100
211083209,-1.220,1.220,0.122,0.065,0.026,1.041,4,1100
211084694,-0.976,2.012,-0.549,0.023,0.053,1.021,4,1100
211085209,-0.732,2.012,-0.244,-0.025,0.031,1.023,4,1100
211086694,-0.976,2.012,-0.061,-0.068,0.018,1.007,4,1100
211087209,-1.220,1.524,-0.061,-0.055,-0.009,1.030,4,1100
211088694,-1.159,0.488,0.183,0.021,0.027,1.057,4,1100
211089208,-1.159,0.488,0.183,0.021,0.027,1.057,4,1100
211090694,-1.037,1.463,-0.244,0.059,0.039,1.054,4,1100
211091209,-0.854,1.707,-0.549,0.059,0.039,1.054,4,1100
211092694,-0.915,1.768,-0.671,-0.002,0.051,1.031,4,1100
211093209,-0.732,2.134,-0.549,-0.026,0.037,1.005,4,1100
211094694,-1.098,1.463,0.061,-0.076,0.016,1.025,4,1100
211095209,-1.098,1.463,0.061,-0.062,-0.008,1.055,4,1100
211096694,-0.976,0.488,0.366,0.020,0.042,1.055,4,1100
211097209,-0.976,0.488,0.366,0.020,0.042,1.055,4,1100
211098694,-0.915,1.341,0.061,0.047,0.032,1.050,4,1100
211099208,-0.976,2.073,0.061,0.028,0.044,1.021,4,1100
211100694,-0.976,2.378,-0.244,0.002,0.051,1.036,4,1100
211101214,-1.280,2.500,-0.305,-0.030,0.033,1.014,4,1100
211102694,-1.402,1.402,0.000,-0.055,-0.000,1.044,4,1100
211103209,-1.402,1.402,0.000,-0.055,-0.000,1.044,4,1100
211104694,-1.159,0.610,0.305,0.025,0.033,1.059,4,1100
211105209,-0.793,0.915,0.244,0.040,0.021,1.039,4,1100
211106694,-0.732,1.341,0.000,0.048,0.042,1.041,4,1100
211107204,-0.793,2.134,0.305,0.041,0.040,1.043,4,1100
211108694,-0.610,2.378,0.000,0.001,0.050,1.025,4,1100
211109209,-0.610,2.378,0.000,-0.049,0.025,1.031,4,1100
211110701,-1.037,1.280,0.122,-0.045,-0.003,1.037,4,1100
211111227,-1.037,1.280,0.122,-0.045,-0.003,1.037,4,1100
211112696,-1.037,0.488,0.610,0.030,0.036,1.052,4,1100
211113218,-1.098,0.915,0.427,0.052,0.032,1.056,4,1100
211114694,-0.915,1.768,0.183,0.052,0.046,1.022,4,1100
211115209,-0.793,2.256,0.244,0.041,0.046,1.042,4,1100
211116694,-1.098,2.134,0.183,-0.063,0.029,1.038,4,1100
211117209,-1.098,2.134,0.183,-0.063,0.029,1.038,4,1100
211118694,-1.280,1.341,0.854,-0.051,0.015,1.032,4,1100
211119209,-1.402,0.732,1.098,-0.004,0.016,1.074,4,1100
211120694,-1.220,0.549,0.793,0.027,0.037,1.047,4,1100
211121209,-1.159,0.732,0.549,0.060,0.036,1.066,4,1100
211122694,-0.793,2.317,0.366,0.030,0.057,1.021,4,1100
211123214,-0.793,2.317,0.366,0.030,0.057,1.021,4,1100
211124694,-1.159,2.500,0.183,-0.061,0.039,1.010,4,1100
211125209,-1.220,1.585,0.305,-0.061,0.039,1.010,4,1100
211126694,-1.159,1.098,0.732,-0.051,0.005,1.041,4,1100
211127209,-0.976,0.854,1.098,0.006,0.023,1.062,4,1100
211128694,-0.610,1.220,0.915,0.029,0.040,1.061,4,1100
211129209,-0.610,1.220,0.915,0.062,0.048,1.039,4,1100
211130694,-0.793,2.317,0.488,0.008,0.056,1.014,4,1100
211131209,-0.793,2.317,0.488,0.008,0.056,1.014,4,1100
211132694,-0.854,2.012,0.244,-0.060,0.011,1.000,4,1100
211133214,-0.976,1.524,0.610,-0.075,-0.005,1.030,4,1100
211134694,-1.037,0.732,0.854,-0.034,0.012,1.062,4,1100
211135209,-0.732,0.427,1.037,0.024,0.030,1.040,4,1100
211136694,-0.793,1.341,1.037,0.054,0.033,1.040,4,1100
211137209,-0.793,1.341,1.037,0.054,0.033,1.040,4,1100
211138694,-0.610,2.134,0.305,0.005,0.049,1.023,4,1100
211139209,-0.854,2.378,0.488,-0.036,0.038,1.011,4,1100
211140694,-1.159,2.256,0.671,-0.062,0.013,1.030,4,1100
211141209,-1.280,1.585,1.037,-0.068,-0.005,1.019,4,1100
211142702,-1.402,0.427,1.280,0.032,0.016,1.067,4,1100
211143235,-1.402,0.427,1.280,0.032,0.016,1.067,4,1100
211144697,-1.098,1.341,0.854,0.069,0.042,1.058,4,1100
211145213,-1.098,1.341,0.854,0.069,0.042,1.058,4,1100
211146694,-0.793,2.378,0.793,0.003,0.047,1.036,4,1100
211147209,-1.098,2.439,0.610,-0.029,0.025,0.994,4,1100
211148694,-0.976,2.012,0.366,-0.074,0.005,1.035,4,1100
211149209,-1.098,1.280,0.610,-0.046,0.016,1.058,4,1100
211150694,-1.159,0.610,1.220,0.026,0.034,1.070,4,1100
211151213,-1.159,0.610,1.220,0.026,0.034,1.070,4,1100
211152694,-0.671,1.280,0.854,0.052,0.043,1.041,4,1100
211153209,-0.671,1.890,0.915,0.039,0.046,1.042,4,1100
211154694,-0.854,2.073,0.854,0.003,0.054,1.009,4,1100
211155208,-1.220,2.134,0.549,-0.061,0.016,1.026,4,1100
211156694,-1.585,1.098,0.793,-0.041,0.005,1.052,4,1100
211157209,-1.585,1.098,0.793,-0.041,0.005,1.052,4,1100
211158694,-1.280,0.061,1.037,0.028,0.027,1.062,4,1100
211159209,-1.098,0.610,0.793,0.028,0.027,1.062,4,1100
211160702,-1.037,1.402,0.671,0.060,0.055,1.028,4,1100
211161227,-0.732,2.073,0.671,0.040,0.044,1.037,4,1100
211162697,-0.976,2.439,0.671,-0.021,0.041,1.012,4,1100
211163217,-0.976,2.439,0.671,-0.057,0.020,1.029,4,1100
211164694,-1.402,1.159,1.037,-0.053,0.000,1.031,4,1100
211165209,-1.402,1.159,1.037,-0.053,0.000,1.031,4,1100
211166694,-0.976,0.427,0.976,0.038,0.019,1.067,4,1100
211167211,-0.976,0.854,0.732,0.054,0.037,1.059,4,1100
211168694,-0.854,1.585,0.366,0.039,0.041,1.038,4,1100
211169209,-0.610,2.195,0.305,0.029,0.052,1.007,4,1100
211170694,-0.976,1.951,0.244,-0.063,0.015,1.016,4,1100
211171209,-0.976,1.951,0.244,-0.063,0.015,1.016,4,1100
211172694,-1.341,0.915,0.610,-0.026,0.019,1.036,4,1100
211173209,-1.280,0.549,0.854,-0.005,0.039,1.043,4,1100
211174694,-0.854,0.732,1.098,0.042,0.030,1.058,4,1100
211175212,-0.915,1.159,1.037,0.064,0.041,1.041,4,1100
211176694,-0.854,2.317,0.183,0.046,0.046,1.055,4,1100
211177209,-0.854,2.317,0.183,0.017,0.051,1.017,4,1100
211178694,-1.220,2.256,0.061,-0.070,0.016,1.018,4,1100
211179214,-1.220,2.256,0.061,-0.070,0.016,1.018,4,1100
211180694,-1.402,0.976,0.549,-0.033,0.006,1.046,4,1100
211181209,-1.280,0.488,0.915,0.014,0.031,1.041,4,1100
211182694,-0.976,0.549,0.732,0.045,0.032,1.067,4,1100
211183208,-1.159,1.220,0.244,0.056,0.037,1.056,4,1100
211184694,-0.610,2.561,-0.061,0.014,0.046,1.024,4,1100
211185208,-0.610,2.561,-0.061,0.014,0.046,1.024,4,1100
211186694,-0.976,2.012,-0.183,-0.082,0.011,1.023,4,1100
211187209,-0.732,1.463,0.244,-0.058,0.011,1.026,4,1100
211188694,-0.915,0.732,0.305,-0.021,0.019,1.047,4,1100
211189214,-0.915,0.610,0.610,0.001,0.040,1.064,4,1100
211190694,-0.854,1.159,0.366,0.054,0.038,1.044,4,1100
211191209,-0.854,1.159,0.366,0.054,0.038,1.044,4,1100
211192694,-0.915,2.195,0.061,0.013,0.043,1.037,4,1100
211193208,-1.159,2.195,0.000,0.013,0.043,1.037,4,1100
211194694,-1.220,1.707,-0.244,-0.069,0.007,1.025,4,1100
211195209,-1.341,1.098,0.061,-0.068,0.003,1.035,4,1100
211196694,-1.037,0.671,0.549,-0.007,0.019,1.047,4,1100
211197209,-1.037,0.671,0.549,0.017,0.037,1.067,4,1100
211198694,-0.915,1.463,0.183,0.057,0.047,1.050,4,1100
211199209,-0.915,1.463,0.183,0.057,0.047,1.050,4,1100
211200694,-0.793,2.317,-0.183,-0.016,0.046,1.027,4,1100
211201208,-1.220,2.256,-0.122,-0.038,0.026,1.030,4,1100
211202694,-1.402,2.073,0.000,-0.076,0.004,1.021,4,1100
211203204,-1.402,1.220,0.244,-0.049,0.002,1.050,4,1100
211204694,-1.159,0.427,0.549,0.043,0.026,1.061,4,1100
211205209,-1.159,0.427,0.549,0.043,0.026,1.061,4,1100
211206694,-0.854,1.159,-0.244,0.054,0.030,1.026,4,1100
211207214,-0.671,1.890,-0.244,0.036,0.051,1.040,4,1100
211208694,-0.915,2.134,-0.183,-0.030,0.046,1.015,4,1100
211209209,-1.159,1.890,-0.122,-0.037,0.031,1.027,4,1100
211210694,-1.402,1.220,-0.183,-0.060,0.004,1.014,4,1100
211211213,-1.402,1.220,-0.183,-0.055,0.006,1.041,4,1100
211212694,-1.220,0.671,0.305,0.039,0.038,1.043,4,1100
211213209,-1.220,0.671,0.305,0.039,0.038,1.043,4,1100
211214694,-1.098,1.341,-0.183,0.048,0.034,1.031,4,1100
211215209,-1.098,2.073,-0.183,0.012,0.045,1.028,4,1100
211216694,-0.793,2.317,-0.305,-0.004,0.040,1.023,4,1100
211217209,-0.854,2.134,-0.488,-0.063,0.019,1.012,4,1100
211218694,-1.159,1.098,-0.061,-0.041,0.004,1.039,4,1100
211219209,-1.159,1.098,-0.061,-0.041,0.004,1.039,4,1100
211220694,-1.341,0.854,0.122,0.053,0.033,1.060,4,1100
211221209,-1.220,0.915,0.122,0.040,0.030,1.044,4,1100
211222694,-1.037,1.646,0.122,0.048,0.056,1.052,4,1100
211223209,-0.732,2.134,-0.122,0.021,0.036,1.021,4,1100
211224694,-0.732,2.256,-0.305,-0.052,0.013,1.013,4,1100
211225209,-0.732,2.256,-0.305,-0.052,0.013,1.013,4,1100
211226694,-1.098,0.854,0.000,-0.028,0.002,1.055,4,1100
211227209,-1.220,0.488,0.183,-0.028,0.002,1.055,4,1100
211228694,-1.341,0.610,0.183,0.057,0.040,1.069,4,1100
211229208,-1.220,1.341,0.244,0.061,0.041,1.042,4,1100
211230694,-0.854,2.195,0.000,0.023,0.049,1.041,4,1100
211231209,-0.854,2.195,0.000,0.028,0.048,1.015,4,1100
211232694,-0.976,1.951,-0.122,-0.064,0.018,1.043,4,1100
211233213,-0.976,1.951,-0.122,-0.064,0.018,1.043,4,1100
211234694,-1.220,0.793,0.305,-0.024,0.029,1.055,4,1100
211235209,-1.159,0.671,0.488,-0.001,0.017,1.054,4,1100
211236694,-1.098,0.854,0.427,0.066,0.053,1.057,4,1100
211237209,-0.976,1.341,0.122,0.062,0.030,1.046,4,1100
211238694,-0.793,2.256,-0.305,0.014,0.046,1.032,4,1100
211239209,-0.793,2.256,-0.305,0.014,0.046,1.032,4,1100
211240694,-1.402,2.134,-0.244,-0.083,0.017,1.048,4,1100
211241209,-1.159,1.463,0.122,-0.035,-0.003,1.046,4,1100
211242694,-1.280,0.732,0.427,-0.016,0.017,1.023,4,1100
211243209,-1.463,0.610,0.671,0.014,0.023,1.072,4,1100
211244694,-0.915,1.220,0.244,0.046,0.044,1.062,4,1100
211245209,-0.915,1.220,0.244,0.056,0.039,1.047,4,1100
211246694,-0.915,2.439,-0.183,0.007,0.047,1.020,4,1100
211247209,-0.915,2.439,-0.183,0.007,0.047,1.020,4,1100
211248694,-1.037,1.829,-0.183,-0.075,0.014,1.024,4,1100
211249209,-1.159,1.220,0.122,-0.045,-0.008,1.040,4,1100
211250694,-1.037,0.854,0.427,-0.015,0.034,1.046,4,1100
211251209,-0.915,0.488,0.610,0.036,0.030,1.073,4,1100
211252694,-0.976,1.402,0.244,0.062,0.051,1.028,4,1100
211253209,-0.976,1.402,0.244,0.062,0.051,1.028,4,1100
211254703,-0.671,2.317,-0.122,0.008,0.053,1.013,4,1100
211255221,-1.098,2.195,-0.244,-0.049,0.014,1.035,4,1100
211256697,-1.402,1.951,0.183,-0.077,0.003,1.023,4,1100
211257219,-1.463,1.280,0.183,-0.036,0.006,1.038,4,1100
211258694,-1.159,0.732,0.549,0.024,0.031,1.051,4,1100
211259214,-1.159,0.732,0.549,0.024,0.031,1.051,4,1100
211260694,-0.610,1.646,0.183,0.054,0.060,1.019,4,1100
211261209,-0.610,2.195,0.183,0.054,0.060,1.019,4,1100
211262694,-0.671,2.195,0.122,-0.028,0.051,1.026,4,1100
211263209,-0.915,2.195,0.122,-0.060,0.008,1.009,4,1100
211264694,-1.341,1.098,0.549,-0.072,0.014,1.031,4,1100
211265214,-1.341,1.098,0.549,-0.036,0.008,1.049,4,1100
211266694,-0.854,0.793,0.976,0.043,0.034,1.065,4,1100
211267209,-0.854,0.793,0.976,0.043,0.034,1.065,4,1100
211268694,-0.732,1.890,0.610,0.036,0.043,1.042,4,1100
211269208,-0.915,2.439,0.488,0.021,0.051,1.007,4,1100
211270694,-0.671,2.683,0.427,-0.022,0.044,1.023,4,1100
211271209,-0.976,2.439,0.427,-0.070,0.013,1.013,4,1100
211272694,-1.159,0.915,0.671,-0.019,0.019,1.070,4,1100
211273209,-1.159,0.915,0.671,-0.019,0.019,1.070,4,1100
211274694,-1.159,0.793,1.037,0.037,0.028,1.062,4,1100
211275209,-1.037,1.098,1.220,0.062,0.036,1.027,4,1100
211276701,-0.854,1.524,0.732,0.025,0.050,1.049,4,1100
211277235,-1.159,2.073,0.549,0.030,0.046,1.025,4,1100
211278697,-0.976,2.195,0.427,-0.028,0.040,1.009,4,1100
211279212,-0.976,2.195,0.427,-0.077,0.010,1.023,4,1100
211280694,-1.159,1.098,0.854,-0.032,0.027,1.048,4,1100
211281211,-1.159,1.098,0.854,-0.032,0.027,1.048,4,1100
211282694,-0.854,0.854,1.280,0.042,0.038,1.049,4,1100
211283209,-0.854,1.280,0.854,0.058,0.040,1.042,4,1100
211284694,-0.915,1.829,0.549,0.057,0.051,1.033,4,1100
211285209,-0.976,2.439,0.732,0.007,0.052,1.039,4,1100
211286694,-1.220,2.195,0.549,-0.077,-0.003,1.038,4,1100
211287209,-1.220,2.195,0.549,-0.077,-0.003,1.038,4,1100
211288694,-1.280,0.915,1.220,-0.021,0.008,1.028,4,1100
211289213,-1.037,0.610,1.463,0.017,0.033,1.060,4,1100
211290694,-0.976,0.915,0.976,0.058,0.034,1.040,4,1100
211291209,-0.915,1.524,0.427,0.060,0.042,1.050,4,1100
211292694,-1.037,2.683,0.366,-0.005,0.042,1.030,4,1100
211293209,-1.037,2.683,0.366,-0.005,0.042,1.030,4,1100
211294694,-1.280,2.317,0.610,-0.057,0.025,1.026,4,1100
211295209,-1.037,1.341,1.159,-0.057,0.025,1.026,4,1100
211296694,-1.280,0.793,1.098,-0.024,0.029,1.037,4,1100
211297209,-1.220,0.427,1.159,0.034,0.026,1.051,4,1100
211298694,-0.793,0.793,1.098,0.052,0.044,1.055,4,1100
211299209,-0.610,1.341,0.793,0.042,0.048,1.044,4,1100
211300694,-0.915,2.622,0.610,-0.019,0.045,1.010,4,1100
211301209,-0.915,2.622,0.610,-0.019,0.045,1.010,4,1100
211302694,-1.280,1.951,0.488,-0.050,0.012,1.020,4,1100
211303214,-1.098,1.280,0.671,-0.060,-0.002,1.021,4,1100
211304694,-1.037,0.915,1.098,-0.026,0.023,1.070,4,1100
211305209,-0.915,0.854,0.915,0.039,0.033,1.051,4,1100
211306694,-0.915,1.585,0.671,0.044,0.035,1.026,4,1100
211307213,-0.915,1.585,0.671,0.044,0.035,1.026,4,1100
211308694,-0.854,2.378,0.366,0.001,0.050,1.023,4,1100
211309208,-0.915,2.378,0.244,0.001,0.050,1.023,4,1100
211310694,-0.976,1.524,0.244,-0.066,0.016,1.035,4,1100
211311209,-0.854,0.976,0.488,-0.055,-0.008,1.043,4,1100
211312694,-0.915,0.793,0.976,-0.016,0.045,1.062,4,1100
211313209,-0.915,0.793,0.976,0.062,0.039,1.066,4,1100
211314701,-0.671,1.585,0.488,0.047,0.051,1.051,4,1100
211315232,-0.671,1.585,0.488,0.047,0.051,1.051,4,1100
211316697,-0.732,2.195,0.427,-0.014,0.047,1.037,4,1100
211317218,-1.037,1.890,0.000,-0.057,0.009,1.026,4,1100
211318695,-1.280,1.646,0.305,-0.073,0.008,1.028,4,1100
211319212,-1.646,0.915,1.037,-0.010,0.021,1.053,4,1100
211320694,-1.159,0.793,1.037,0.041,0.042,1.062,4,1100
211321213,-1.159,0.793,1.037,0.041,0.042,1.062,4,1100
211322694,-0.793,1.768,0.366,0.033,0.064,1.040,4,1100
211323209,-0.793,2.378,0.305,0.026,0.048,1.039,4,1100
211324694,-0.915,2.683,0.305,-0.035,0.043,1.019,4,1100
211325209,-1.159,2.378,0.000,-0.062,0.007,1.006,4,1100
211326694,-1.341,1.037,0.488,-0.040,0.000,1.052,4,1100
211327209,-1.341,1.037,0.488,-0.040,0.000,1.052,4,1100
211328694,-1.098,0.488,0.610,0.056,0.037,1.048,4,1100
211329214,-0.976,1.098,0.427,0.056,0.037,1.048,4,1100
211330694,-0.671,1.890,0.244,0.042,0.053,1.029,4,1100
211331209,-0.610,2.378,0.244,0.016,0.041,1.043,4,1100
211332694,-0.793,2.561,0.122,-0.049,0.035,1.011,4,1100
211333209,-1.402,2.317,0.122,-0.060,0.018,1.039,4,1100
211334694,-1.463,0.610,0.488,-0.013,0.018,1.039,4,1100
211335209,-1.463,0.610,0.488,-0.013,0.018,1.039,4,1100
211336694,-1.159,0.793,0.488,0.048,0.036,1.033,4,1100
211337209,-0.854,1.280,0.244,0.050,0.026,1.048,4,1100
211338694,-0.793,2.256,0.183,0.021,0.047,1.031,4,1100
211339209,-1.037,2.439,0.061,0.007,0.047,1.042,4,1100
211340694,-1.159,1.585,-0.366,-0.073,0.008,1.012,4,1100
211341209,-1.159,1.585,-0.366,-0.073,0.008,1.012,4,1100
211342694,-1.220,0.671,0.427,-0.019,0.016,1.042,4,1100
211343209,-1.098,0.488,0.549,-0.019,0.016,1.042,4,1100
211344694,-1.159,0.915,0.549,0.036,0.028,1.045,4,1100
211345209,-0.732,1.220,0.244,0.051,0.046,1.037,4,1100
211346694,-1.159,1.951,-0.061,0.029,0.044,1.042,4,1100
211347209,-1.159,1.951,-0.061,-0.009,0.042,1.010,4,1100
211348694,-1.280,1.585,-0.366,-0.079,0.005,1.012,4,1100
211349209,-1.280,1.585,-0.366,-0.079,0.005,1.012,4,1100
211350694,-1.220,0.488,0.488,-0.003,0.017,1.061,4,1100
211351209,-0.915,0.427,0.488,0.027,0.034,1.036,4,1100
211352694,-0.976,1.037,0.427,0.058,0.036,1.064,4,1100
211353208,-1.037,1.524,0.244,0.042,0.042,1.028,4,1100
211354694,-0.915,2.317,-0.427,-0.001,0.051,1.015,4,1100
211355213,-0.915,2.317,-0.427,-0.001,0.051,1.015,4,1100
211356701,-1.159,1.951,-0.244,-0.062,0.007,1.042,4,1100
211357227,-1.280,1.341,0.000,-0.034,0.008,1.036,4,1100
211358696,-1.341,0.671,0.366,-0.001,0.033,1.055,4,1100
211359218,-1.037,0.671,0.488,0.035,0.019,1.056,4,1100
211360694,-0.671,1.707,-0.183,0.045,0.043,1.041,4,1100
211361209,-0.671,1.707,-0.183,0.045,0.043,1.041,4,1100
211362694,-1.098,2.439,-0.122,-0.030,0.038,1.024,4,1100
211363209,-1.098,2.378,-0.244,-0.030,0.038,1.024,4,1100
211364694,-1.098,1.524,0.000,-0.055,0.008,1.029,4,1100
211365209,-1.280,0.793,0.305,-0.026,-0.004,1.046,4,1100
211366694,-1.341,0.488,0.427,-0.004,0.027,1.044,4,1100
211367209,-1.220,0.793,0.488,0.040,0.019,1.077,4,1100
211368694,-0.854,1.890,0.000,0.044,0.049,1.048,4,1100
211369213,-0.854,1.890,0.000,0.044,0.049,1.048,4,1100
211370694,-1.037,2.317,-0.366,-0.023,0.042,1.030,4,1100
211371209,-1.037,1.890,-0.366,-0.072,0.004,1.013,4,1100
211372694,-1.402,1.341,-0.061,-0.065,0.012,1.042,4,1100
211373212,-1.402,0.549,-0.122,-0.010,0.013,1.051,4,1100
211374694,-1.280,0.427,0.366,0.051,0.039,1.071,4,1100
211375209,-1.280,0.427,0.366,0.051,0.039,1.071,4,1100
211376694,-0.976,1.951,0.061,0.043,0.054,1.014,4,1100
211377209,-0.915,2.500,-0.061,0.043,0.054,1.014,4,1100
211378694,-0.732,2.378,-0.427,-0.028,0.036,1.006,4,1100
211379209,-1.037,2.012,-0.366,-0.068,0.008,1.038,4,1100
211380694,-1.402,0.976,0.244,-0.071,-0.007,1.037,4,1100
211381214,-1.402,0.976,0.244,-0.012,0.014,1.031,4,1100
211382694,-0.732,0.854,0.671,0.047,0.041,1.055,4,1100
211383214,-0.732,0.854,0.671,0.047,0.041,1.055,4,1100
211384694,-0.854,1.829,-0.061,0.034,0.056,1.021,4,1100
211385209,-1.159,2.744,-0.244,0.004,0.044,1.018,4,1100
211386694,-1.585,2.256,-0.183,-0.051,0.029,1.022,4,1100
211387209,-1.402,2.073,-0.183,-0.062,0.006,1.022,4,1100
211388694,-1.159,0.915,0.305,-0.025,0.006,1.045,4,1100
211389209,-1.159,0.915,0.305,-0.025,0.006,1.045,4,1100
211390694,-1.220,0.793,0.549,0.065,0.035,1.055,4,1100
211391209,-1.098,1.220,0.122,0.053,0.044,1.028,4,1100
211392694,-0.915,2.073,-0.183,0.029,0.054,1.051,4,1100
211393209,-0.671,2.439,-0.244,-0.007,0.047,1.008,4,1100
211394694,-1.159,1.951,0.000,-0.063,0.004,1.015,4,1100
211395214,-1.159,1.951,0.000,-0.063,0.004,1.015,4,1100
211396694,-1.280,0.610,0.610,0.002,0.023,1.072,4,1100
211397209,-1.098,0.610,0.793,0.002,0.023,1.072,4,1100
211398694,-0.915,0.915,0.549,0.065,0.038,1.061,4,1100
211399209,-0.854,1.585,0.366,0.054,0.048,1.030,4,1100
211400694,-0.732,2.195,0.183,0.018,0.059,1.033,4,1100
211401209,-0.488,2.439,0.000,-0.014,0.037,1.008,4,1100
211402694,-0.915,1.585,0.244,-0.073,0.000,1.030,4,1100
211403213,-0.915,1.585,0.244,-0.073,0.000,1.030,4,1100
211404694,-1.159,0.427,0.549,0.002,0.024,1.068,4,1100
211405212,-1.159,0.549,0.488,0.034,0.029,1.057,4,1100
211406694,-0.976,1.098,0.366,0.060,0.038,1.037,4,1100
211407209,-0.732,1.707,0.122,0.041,0.040,1.032,4,1100
211408694,-0.732,2.378,0.061,-0.011,0.035,1.028,4,1100
211409209,-0.732,2.378,0.061,-0.011,0.035,1.028,4,1100
211410694,-1.280,1.463,0.244,-0.055,-0.007,1.039,4,1100
211411209,-1.220,1.159,0.366,-0.055,-0.007,1.039,4,1100
211412694,-1.280,0.732,0.854,0.022,0.036,1.039,4,1100
211413209,-1.220,0.610,0.915,0.043,0.022,1.069,4,1100
211414694,-0.976,1.768,0.305,0.032,0.046,1.037,4,1100
211415209,-0.976,1.768,0.305,0.044,0.043,1.058,4,1100
211416694,-1.280,2.317,0.244,-0.032,0.042,1.012,4,1100
211417209,-1.280,2.317,0.244,-0.032,0.042,1.012,4,1100
211418694,-1.280,1.646,0.427,-0.061,0.006,1.042,4,1100
211419208,-1.402,1.037,0.854,-0.029,0.008,1.052,4,1100
211420694,-1.220,0.610,0.854,0.022,0.039,1.050,4,1100
211421204,-0.732,0.976,0.732,0.048,0.027,1.057,4,1100
211422694,-0.671,2.073,0.671,0.037,0.044,1.030,4,1100
211423209,-0.671,2.073,0.671,0.037,0.044,1.030,4,1100
211424694,-0.854,2.439,0.122,-0.044,0.038,1.005,4,1100
211425213,-1.220,1.890,0.305,-0.059,0.002,1.039,4,1100
211426694,-1.280,1.341,0.671,-0.054,0.009,1.047,4,1100
211427209,-1.220,0.854,0.793,-0.017,0.014,1.047,4,1100
211428694,-0.793,0.793,1.280,0.049,0.039,1.049,4,1100
211429214,-0.793,0.793,1.280,0.049,0.039,1.049,4,1100
211430694,-0.366,2.012,0.671,0.031,0.042,1.021,4,1100
211431209,-0.732,2.439,0.549,0.031,0.042,1.021,4,1100
211432694,-0.793,2.378,0.305,-0.030,0.041,1.025,4,1100
211433209,-1.098,1.829,0.366,-0.077,-0.000,1.031,4,1100
211434694,-1.280,1.037,0.610,-0.063,-0.003,1.047,4,1100
211435214,-1.220,0.549,0.976,-0.007,0.022,1.044,4,1100
211436694,-1.098,0.854,1.159,0.047,0.041,1.066,4,1100
211437209,-1.098,0.854,1.159,0.047,0.041,1.066,4,1100
211438694,-1.280,1.951,0.854,0.029,0.048,1.032,4,1100
211439209,-1.341,2.378,0.549,-0.003,0.049,1.000,4,1100
211440694,-1.220,2.622,0.366,-0.048,0.032,1.041,4,1100
211441209,-1.341,2.073,0.671,-0.064,-0.006,1.036,4,1100
211442694,-1.280,0.793,1.098,-0.004,0.023,1.067,4,1100
211443209,-1.280,0.793,1.098,-0.004,0.023,1.067,4,1100
211444694,-0.976,1.098,0.915,0.051,0.035,1.054,4,1100
211445208,-0.915,1.707,0.793,0.051,0.035,1.054,4,1100
211446694,-0.915,2.378,0.427,0.031,0.060,1.028,4,1100
211447213,-1.159,2.622,0.427,-0.012,0.029,1.037,4,1100
211448694,-1.159,1.768,0.549,-0.073,0.022,1.031,4,1100
211449209,-1.159,1.768,0.549,-0.065,0.007,1.040,4,1100
211450694,-1.341,0.610,1.280,0.009,0.031,1.048,4,1100
211451209,-1.341,0.610,1.280,0.009,0.031,1.048,4,1100
211452694,-1.098,1.098,0.732,0.051,0.032,1.037,4,1100
211453209,-1.159,1.768,0.488,0.060,0.039,1.049,4,1100
211454694,-1.037,2.500,0.488,0.009,0.049,1.016,4,1100
211455209,-0.976,2.561,0.427,-0.026,0.040,1.033,4,1100
211456694,-0.854,1.524,0.183,-0.064,0.016,1.031,4,1100
211457209,-0.854,1.524,0.183,-0.064,0.016,1.031,4,1100
211458694,-0.915,0.244,1.159,-0.001,0.026,1.042,4,1100
211459209,-0.976,0.610,0.915,0.035,0.020,1.069,4,1100
211460701,-0.854,1.463,0.671,0.052,0.048,1.042,4,1100
211461227,-0.854,2.256,0.366,0.058,0.044,1.036,4,1100
211462696,-0.854,2.317,0.305,-0.042,0.031,1.016,4,1100
211463211,-0.854,2.317,0.305,-0.042,0.031,1.016,4,1100
211464694,-1.098,1.768,0.549,-0.068,0.010,1.033,4,1100
211465209,-1.098,0.915,0.549,-0.068,0.010,1.033,4,1100
211466694,-1.220,0.366,0.854,0.020,0.033,1.063,4,1100
211467209,-0.976,0.671,0.671,0.044,0.042,1.052,4,1100
211468694,-0.854,1.098,0.488,0.054,0.040,1.051,4,1100
211469209,-0.854,1.707,0.549,0.034,0.051,1.021,4,1100
211470694,-0.976,2.500,0.366,-0.033,0.031,0.997,4,1100
211471209,-0.976,2.500,0.366,-0.033,0.031,0.997,4,1100
211472694,-1.220,1.159,0.488,-0.054,0.013,1.052,4,1100
211473209,-1.280,0.732,0.854,-0.024,0.005,1.042,4,1100
211474694,-1.159,0.488,0.671,0.023,0.031,1.061,4,1100
211475208,-0.915,1.037,0.793,0.055,0.035,1.047,4,1100
211476694,-0.976,1.951,0.000,0.025,0.038,1.033,4,1100
211477209,-0.976,1.951,0.000,0.025,0.038,1.033,4,1100
211478694,-1.037,2.256,0.122,-0.035,0.036,1.030,4,1100
211479212,-1.280,1.646,0.183,-0.035,0.036,1.030,4,1100
211480694,-1.037,1.220,0.366,-0.063,0.015,1.048,4,1100
211481213,-0.976,0.610,0.610,0.005,0.007,1.058,4,1100
211482694,-0.915,0.915,0.366,0.019,0.040,1.036,4,1100
211483213,-0.915,0.915,0.366,0.056,0.035,1.068,4,1100
211484694,-0.732,2.195,-0.244,0.015,0.065,1.039,4,1100
211485214,-0.732,2.195,-0.244,0.015,0.065,1.039,4,1100
211486694,-0.732,2.195,-0.122,-0.055,0.028,1.011,4,1100
211487214,-0.854,1.768,-0.061,-0.066,0.008,1.039,4,1100
211488694,-0.915,1.220,0.183,-0.049,0.004,1.037,4,1100
211489209,-0.976,0.549,0.366,-0.010,0.023,1.056,4,1100
211490694,-0.854,1.037,0.183,0.054,0.041,1.064,4,1100
211491209,-0.854,1.037,0.183,0.054,0.041,1.064,4,1100
211492694,-0.915,2.073,-0.122,0.024,0.047,1.028,4,1100
211493209,-0.671,2.317,-0.305,-0.001,0.042,1.022,4,1100
211494700,-1.037,2.317,-0.305,-0.060,0.023,1.015,4,1100
211495225,-0.915,1.707,-0.183,-0.071,0.006,1.032,4,1100
211496696,-0.854,0.488,0.244,0.000,0.036,1.046,4,1100
211497211,-0.854,0.488,0.244,0.000,0.036,1.046,4,1100
211498694,-0.732,1.098,0.122,0.054,0.041,1.054,4,1100
211499218,-1.098,1.768,0.122,0.054,0.041,1.054,4,1100
211500694,-1.098,2.195,0.061,0.019,0.042,1.014,4,1100
211501214,-0.854,2.561,0.061,-0.029,0.039,1.022,4,1100
211502694,-0.732,2.134,-0.366,-0.054,0.023,1.020,4,1100
211503209,-1.098,1.341,-0.061,-0.066,-0.003,1.027,4,1100
211504694,-1.159,0.488,-0.061,0.023,0.012,1.042,4,1100
211505209,-1.159,0.488,-0.061,0.023,0.012,1.042,4,1100
211506694,-1.037,1.341,0.244,0.062,0.039,1.050,4,1100
211507212,-0.976,2.012,-0.061,0.027,0.049,1.015,4,1100
211508694,-0.671,2.378,-0.305,0.006,0.052,1.037,4,1100
211509209,-1.037,2.622,-0.183,-0.030,0.031,1.011,4,1100
211510694,-1.037,1.341,-0.305,-0.051,-0.001,1.028,4,1100
211511209,-1.037,1.341,-0.305,-0.051,-0.001,1.028,4,1100
211512694,-0.915,0.671,0.122,0.009,0.026,1.064,4,1100
211513213,-1.098,0.732,0.305,0.009,0.026,1.064,4,1100
211514694,-0.854,1.098,0.000,0.056,0.051,1.045,4,1100
211515212,-0.976,1.890,-0.061,0.040,0.045,1.022,4,1100
211516694,-1.159,2.256,-0.549,0.002,0.043,1.039,4,1100
211517209,-1.159,2.256,-0.549,-0.044,0.029,1.014,4,1100
211518694,-1.159,1.463,-0.122,-0.042,-0.014,1.042,4,1100
211519209,-1.159,1.463,-0.122,-0.042,-0.014,1.042,4,1100
211520694,-1.098,0.549,0.122,0.032,0.036,1.051,4,1100
211521209,-0.915,0.915,0.122,0.057,0.040,1.040,4,1100
211522694,-1.037,1.646,-0.122,0.041,0.047,1.039,4,1100
211523209,-0.732,2.195,-0.366,0.028,0.034,1.033,4,1100
211524694,-1.220,2.378,-0.244,-0.055,0.020,1.038,4,1100
211525209,-1.220,2.378,-0.244,-0.055,0.020,1.038,4,1100
211526694,-1.463,1.098,0.061,-0.041,0.003,1.033,4,1100
211527212,-1.341,0.427,0.488,-0.024,0.009,1.048,4,1100
211528694,-1.402,0.427,0.549,0.039,0.037,1.055,4,1100
211529212,-0.793,0.854,0.366,0.072,0.024,1.051,4,1100
211530694,-0.610,2.317,-0.122,0.034,0.048,1.053,4,1100
211531209,-0.610,2.317,-0.122,0.034,0.048,1.053,4,1100
211532694,-0.976,2.317,0.244,-0.060,0.028,1.028,4,1100
211533209,-0.976,1.646,0.061,-0.060,0.028,1.028,4,1100
211534694,-1.280,1.098,0.305,-0.045,0.019,1.035,4,1100
211535209,-1.402,0.610,0.549,0.002,0.021,1.066,4,1100
211536694,-0.976,0.671,0.793,0.022,0.037,1.038,4,1100
211537209,-0.976,0.854,0.427,0.059,0.036,1.045,4,1100
211538694,-0.732,2.195,-0.061,0.031,0.049,1.023,4,1100
211539209,-0.732,2.195,-0.061,0.031,0.049,1.023,4,1100
211540694,-0.976,2.439,0.000,-0.050,0.036,1.014,4,1100
211541209,-1.280,1.707,0.061,-0.069,-0.013,1.038,4,1100
211542694,-1.220,1.220,0.610,-0.042,0.022,1.058,4,1100
211543212,-1.341,0.976,0.854,0.006,0.021,1.049,4,1100
211544694,-0.976,1.280,0.061,0.055,0.045,1.039,4,1100
211545209,-0.976,1.280,0.061,0.055,0.045,1.039,4,1100
211546694,-0.854,2.378,0.305,0.008,0.042,1.017,4,1100
211547209,-1.098,2.561,0.122,0.008,0.042,1.017,4,1100
211548694,-1.220,2.317,0.183,-0.055,0.021,1.019,4,1100
211549209,-1.463,1.463,0.244,-0.050,0.011,1.026,4,1100
211550694,-1.159,0.610,0.732,-0.025,0.013,1.068,4,1100
211551213,-1.159,0.610,0.732,0.011,0.013,1.041,4,1100
211552694,-0.854,1.220,0.549,0.060,0.042,1.038,4,1100
211553209,-0.854,1.220,0.549,0.060,0.042,1.038,4,1100
211554694,-0.854,2.134,0.244,0.020,0.037,1.032,4,1100
211555209,-1.037,2.134,0.061,-0.044,0.034,1.007,4,1100
211556694,-1.220,1.829,0.000,-0.052,0.018,1.039,4,1100
211557209,-1.159,1.159,0.366,-0.056,0.002,1.042,4,1100
211558694,-1.402,0.732,0.976,0.030,0.032,1.046,4,1100
211559209,-1.402,0.732,0.976,0.030,0.032,1.046,4,1100
211560694,-0.976,1.402,0.610,0.053,0.056,1.054,4,1100
211561209,-0.732,1.768,0.366,0.040,0.045,1.024,4,1100
211562694,-0.915,2.256,0.183,0.009,0.056,1.027,4,1100
211563213,-0.854,2.378,-0.122,-0.048,0.025,1.009,4,1100
211564694,-1.220,1.646,0.427,-0.053,-0.002,1.049,4,1100
211565213,-1.220,1.646,0.427,-0.053,-0.002,1.049,4,1100
211566694,-0.915,0.915,0.915,0.035,0.038,1.071,4,1100
211567209,-0.915,0.915,0.915,0.035,0.038,1.071,4,1100
211568694,-0.488,1.341,0.610,0.051,0.045,1.040,4,1100
211569212,-0.793,2.012,0.610,0.041,0.051,1.009,4,1100
211570694,-0.976,2.256,0.244,-0.011,0.046,1.011,4,1100
211571209,-0.976,2.134,0.366,-0.053,0.029,1.042,4,1100
211572694,-1.159,0.976,0.854,-0.048,0.012,1.039,4,1100
211573209,-1.159,0.976,0.854,-0.048,0.012,1.039,4,1100
211574694,-1.220,0.488,0.915,0.024,0.027,1.061,4,1100
211575209,-1.159,0.915,0.793,0.064,0.035,1.068,4,1100
211576694,-0.915,1.524,0.793,0.059,0.042,1.012,4,1100
211577209,-0.732,2.073,0.671,0.024,0.048,1.041,4,1100
211578694,-1.098,2.256,0.610,-0.052,0.027,1.018,4,1100
211579209,-1.098,2.256,0.610,-0.052,0.027,1.018,4,1100
211580694,-1.037,1.341,0.427,-0.021,0.014,1.034,4,1100
211581209,-1.098,0.610,0.732,-0.021,0.014,1.034,4,1100
211582694,-0.976,0.488,0.915,0.019,0.038,1.063,4,1100
211583209,-0.854,0.915,0.732,0.057,0.028,1.050,4,1100
211584694,-0.854,2.012,0.549,0.058,0.051,1.030,4,1100
211585209,-0.854,2.012,0.549,0.022,0.044,1.032,4,1100
211586694,-1.220,2.195,0.488,-0.053,0.023,1.022,4,1100
211587209,-1.220,2.195,0.488,-0.053,0.023,1.022,4,1100
211588694,-1.037,0.671,0.671,-0.048,0.004,1.053,4,1100
211589209,-1.098,0.610,1.098,0.004,0.032,1.059,4,1100
211590694,-1.098,0.549,1.037,0.040,0.045,1.061,4,1100
211591208,-1.220,0.915,0.549,0.062,0.036,1.019,4,1100
211592702,-1.159,2.195,0.183,0.002,0.034,1.013,4,1100
211593227,-1.159,2.195,0.183,0.002,0.034,1.013,4,1100
211594697,-1.220,1.951,0.366,-0.046,0.020,1.011,4,1100
211595212,-1.280,1.646,0.549,-0.074,0.004,1.031,4,1100
211596694,-1.220,1.098,0.671,-0.031,0.017,1.065,4,1100
211597211,-1.341,0.366,1.159,0.013,0.019,1.050,4,1100
211598694,-0.976,1.159,0.488,0.059,0.041,1.037,4,1100
211599213,-0.976,1.159,0.488,0.059,0.041,1.037,4,1100
211600694,-1.159,2.256,0.183,0.002,0.054,1.019,4,1100
211601209,-1.159,2.256,0.183,0.002,0.054,1.019,4,1100
211602694,-1.280,2.012,0.122,-0.063,0.019,1.026,4,1100
211603209,-1.402,1.707,0.366,-0.067,-0.009,1.040,4,1100
211604694,-1.463,0.915,0.610,-0.026,0.020,1.053,4,1100
211605209,-1.341,0.366,0.976,0.038,0.033,1.069,4,1100
211606694,-0.915,1.280,0.610,0.042,0.036,1.057,4,1100
211607209,-0.915,1.280,0.610,0.042,0.036,1.057,4,1100
211608694,-0.793,2.561,0.122,0.011,0.067,1.044,4,1100
211609209,-0.915,2.439,0.244,-0.034,0.032,1.018,4,1100
211610694,-1.220,2.012,0.366,-0.071,0.008,1.031,4,1100
211611214,-1.280,1.280,0.488,-0.061,-0.007,1.034,4,1100
211612694,-1.159,0.488,0.793,0.029,0.016,1.067,4,1100
211613214,-1.159,0.488,0.793,0.029,0.016,1.067,4,1100
211614694,-0.732,1.463,0.549,0.054,0.039,1.046,4,1100
211615209,-0.671,2.134,-0.061,0.054,0.039,1.046,4,1100
211616694,-1.037,2.439,-0.122,-0.002,0.045,1.014,4,1100
211617214,-1.341,2.378,0.061,-0.051,0.026,1.029,4,1100
211618694,-1.463,1.220,0.488,-0.073,0.003,1.028,4,1100
211619209,-1.463,1.220,0.488,-0.053,0.000,1.041,4,1100
211620694,-1.159,0.549,0.671,0.046,0.046,1.043,4,1100
211621209,-1.159,0.549,0.671,0.046,0.046,1.043,4,1100
211622694,-1.098,1.707,0.305,0.041,0.041,1.038,4,1100
211623214,-0.976,2.317,0.183,0.024,0.042,1.043,4,1100
211624694,-0.915,2.500,0.244,-0.013,0.048,1.005,4,1100
211625209,-0.915,2.256,0.122,-0.070,0.021,1.030,4,1100
211626694,-1.037,0.854,0.183,-0.037,0.005,1.025,4,1100
211627209,-1.037,0.854,0.183,-0.037,0.005,1.025,4,1100
211628694,-1.159,0.732,0.732,0.022,0.039,1.054,4,1100
211629209,-0.976,0.976,0.610,0.052,0.030,1.047,4,1100
211630694,-0.976,1.646,0.305,0.027,0.044,1.036,4,1100
211631209,-1.037,2.317,-0.061,0.029,0.040,1.023,4,1100
211632694,-0.915,2.012,-0.305,-0.058,0.020,1.028,4,1100
211633209,-0.915,2.012,-0.305,-0.058,0.020,1.028,4,1100
211634694,-1.341,1.220,-0.061,-0.029,0.008,1.047,4,1100
211635209,-1.341,1.220,-0.061,-0.029,0.008,1.047,4,1100
211636694,-1.098,0.976,0.915,0.029,0.036,1.055,4,1100
211637209,-0.854,1.280,0.305,0.068,0.033,1.043,4,1100
211638694,-0.671,1.646,0.122,0.043,0.047,1.046,4,1100
211639214,-1.098,2.378,-0.305,0.006,0.040,1.025,4,1100
211640694,-1.280,2.561,-0.427,-0.062,0.023,1.025,4,1100
211641209,-1.280,2.561,-0.427,-0.062,0.023,1.025,4,1100
211642702,-1.341,0.976,0.305,-0.027,0.014,1.045,4,1100
211643232,-1.341,0.793,0.549,0.024,0.028,1.041,4,1100
211644697,-1.220,0.549,0.488,0.052,0.036,1.060,4,1100
211645218,-0.854,1.341,0.244,0.061,0.032,1.038,4,1100
211646694,-0.976,2.683,-0.183,0.001,0.052,1.025,4,1100
211647214,-0.976,2.683,-0.183,0.001,0.052,1.025,4,1100
211648694,-0.976,1.890,-0.122,-0.072,0.016,1.017,4,1100
211649212,-1.280,1.585,0.183,-0.072,0.016,1.017,4,1100
211650694,-1.159,1.098,0.427,-0.024,0.012,1.062,4,1100
211651209,-1.159,0.671,0.732,0.014,0.034,1.057,4,1100
211652694,-0.732,1.220,-0.061,0.049,0.040,1.056,4,1100
211653209,-0.732,1.220,-0.061,0.062,0.028,1.053,4,1100
211654694,-0.915,2.317,-0.305,0.014,0.047,1.025,4,1100
211655209,-0.915,2.317,-0.305,0.014,0.047,1.025,4,1100
211656694,-1.037,1.890,-0.366,-0.068,0.005,1.030,4,1100
211657209,-1.159,1.585,-0.244,-0.063,0.003,1.048,4,1100
211658694,-1.037,0.671,0.183,-0.020,0.010,1.044,4,1100
211659209,-1.280,0.671,0.244,0.021,0.024,1.075,4,1100
211660694,-1.037,1.341,0.183,0.048,0.043,1.031,4,1100
211661209,-1.037,1.341,0.183,0.048,0.043,1.031,4,1100
211662694,-0.915,2.317,-0.183,0.003,0.042,1.030,4,1100
211663209,-0.732,2.317,-0.427,-0.052,0.032,1.032,4,1100
211664694,-0.854,1.951,-0.305,-0.071,0.008,1.011,4,1100
211665209,-1.220,1.159,0.000,-0.045,0.007,1.032,4,1100
211666694,-1.220,0.549,0.366,0.022,0.035,1.058,4,1100
211667211,-1.220,0.549,0.366,0.022,0.035,1.058,4,1100
211668694,-0.854,1.585,0.366,0.054,0.052,1.020,4,1100
211669213,-0.854,1.585,0.366,0.054,0.052,1.020,4,1100
211670694,-0.915,2.561,0.244,-0.016,0.039,1.018,4,1100
211671209,-1.280,2.378,0.183,-0.058,0.020,1.013,4,1100
211672694,-1.220,2.256,0.183,-0.062,0.008,1.027,4,1100
211673209,-1.159,1.220,0.366,-0.025,0.010,1.041,4,1100
211674694,-0.854,0.854,0.610,0.034,0.036,1.052,4,1100
211675209,-0.854,0.854,0.610,0.034,0.036,1.052,4,1100
211676694,-0.732,1.585,0.122,0.033,0.042,1.028,4,1100
211677209,-0.915,2.012,0.000,0.023,0.051,1.032,4,1100
211678694,-0.976,2.256,-0.183,-0.009,0.036,1.021,4,1100
211679209,-1.220,2.256,-0.183,-0.071,0.018,1.015,4,1100
211680694,-1.341,0.976,0.244,-0.036,0.013,1.041,4,1100
211681209,-1.341,0.976,0.244,-0.036,0.013,1.041,4,1100
211682694,-0.793,0.671,0.915,0.039,0.027,1.052,4,1100
211683209,-0.671,1.159,0.305,0.039,0.027,1.052,4,1100
211684694,-0.732,2.012,0.061,0.043,0.051,1.046,4,1100
211685209,-0.793,2.317,0.000,0.028,0.046,1.006,4,1100
211686694,-1.098,2.317,-0.061,-0.012,0.049,1.045,4,1100
211687209,-1.098,2.317,-0.061,-0.069,0.011,1.017,4,1100
211688694,-1.037,1.159,0.183,-0.032,0.009,1.061,4,1100
211689209,-1.037,1.159,0.183,-0.032,0.009,1.061,4,1100
211690694,-1.524,0.732,0.610,0.050,0.031,1.073,4,1100
211691209,-1.280,1.159,0.671,0.063,0.027,1.031,4,1100
211692694,-1.098,1.768,0.366,0.021,0.054,1.029,4,1100
211693212,-0.854,2.317,0.305,0.026,0.042,1.028,4,1100
211694694,-1.402,2.012,0.122,-0.058,0.023,1.037,4,1100
211695209,-1.402,2.012,0.122,-0.058,0.023,1.037,4,1100
211696694,-1.159,0.610,0.732,-0.018,0.023,1.044,4,1100
211697209,-1.037,0.549,0.915,0.018,0.026,1.051,4,1100
211698694,-0.854,0.732,0.732,0.034,0.026,1.043,4,1100
211699209,-0.793,1.037,0.305,0.054,0.040,1.039,4,1100
211700694,-0.732,2.073,0.305,-0.004,0.053,1.035,4,1100
211701209,-0.732,2.073,0.305,-0.004,0.053,1.035,4,1100
211702694,-0.854,1.890,0.244,-0.075,0.012,1.031,4,1100
211703209,-0.854,1.890,0.244,-0.075,0.012,1.031,4,1100
211704694,-1.280,0.671,0.915,-0.025,0.026,1.028,4,1100
211705209,-1.341,0.610,1.037,0.020,0.035,1.078,4,1100
211706694,-1.098,0.976,0.915,0.061,0.040,1.050,4,1100
211707209,-0.915,1.402,0.427,0.058,0.033,1.040,4,1100
211708694,-0.793,2.439,0.305,-0.010,0.039,1.018,4,1100
211709213,-0.793,2.439,0.305,-0.010,0.039,1.018,4,1100
211710694,-1.159,2.195,0.122,-0.068,0.005,1.032,4,1100
211711209,-1.220,1.280,0.488,-0.051,0.000,1.038,4,1100
211712694,-1.159,0.610,0.732,0.000,0.018,1.045,4,1100
211713214,-1.098,0.366,0.732,0.031,0.027,1.053,4,1100
211714694,-0.793,1.280,0.549,0.059,0.035,1.016,4,1100
211715209,-0.793,1.280,0.549,0.059,0.035,1.016,4,1100
211716694,-0.854,2.195,0.061,-0.011,0.044,1.023,4,1100
211717212,-1.098,2.256,0.183,-0.011,0.044,1.023,4,1100
211718694,-1.524,2.134,0.244,-0.062,-0.008,1.025,4,1100
211719209,-1.463,1.098,0.610,-0.050,-0.008,1.035,4,1100
211720703,-1.159,0.366,0.976,0.002,0.020,1.070,4,1100
211721234,-1.159,0.366,0.976,0.033,0.042,1.052,4,1100
211722697,-1.220,1.585,0.427,0.042,0.042,1.023,4,1100
211723219,-1.220,1.585,0.427,0.042,0.042,1.023,4,1100
211724694,-1.402,2.378,0.061,-0.011,0.052,1.023,4,1100
211725209,-1.159,2.073,0.000,-0.057,0.017,1.018,4,1100
211726694,-1.098,1.585,0.244,-0.083,-0.004,1.041,4,1100
211727211,-1.220,1.098,0.488,-0.036,0.002,1.059,4,1100
211728694,-1.098,0.793,0.915,0.047,0.034,1.067,4,1100
211729213,-1.098,0.793,0.915,0.047,0.034,1.067,4,1100
211730694,-0.854,1.585,0.610,0.038,0.036,1.039,4,1100
211731212,-0.488,2.073,0.427,0.025,0.052,1.007,4,1100
211732694,-0.610,2.500,0.366,-0.022,0.049,1.044,4,1100
211733209,-0.793,2.195,0.366,-0.058,0.010,1.017,4,1100
211734694,-1.463,0.976,0.793,-0.021,0.017,1.059,4,1100
211735214,-1.463,0.976,0.793,-0.021,0.017,1.059,4,1100
211736694,-0.976,0.793,1.037,0.036,0.041,1.056,4,1100
211737209,-0.976,0.793,1.037,0.036,0.041,1.056,4,1100
211738694,-0.915,1.524,0.366,0.049,0.048,1.038,4,1100
211739209,-0.854,2.073,0.244,0.009,0.052,1.020,4,1100
211740694,-0.854,2.195,0.244,-0.029,0.033,0.998,4,1100
211741208,-1.280,1.951,0.061,-0.057,0.007,1.024,4,1100
211742694,-1.159,0.793,0.671,-0.031,0.016,1.053,4,1100
211743213,-1.159,0.793,0.671,-0.031,0.016,1.053,4,1100
211744694,-0.976,0.854,1.280,0.060,0.037,1.038,4,1100
211745209,-0.671,1.098,0.854,0.047,0.039,1.039,4,1100
211746694,-0.671,1.890,0.366,0.045,0.056,1.025,4,1100
211747214,-0.915,2.378,0.183,0.003,0.037,1.034,4,1100
211748694,-1.159,2.134,0.061,-0.051,0.012,1.026,4,1100
211749209,-1.159,2.134,0.061,-0.051,0.012,1.026,4,1100
211750694,-1.280,0.671,0.854,-0.022,0.007,1.054,4,1100
211751209,-1.463,0.427,0.671,-0.022,0.007,1.054,4,1100
211752694,-0.854,0.732,0.549,0.049,0.047,1.036,4,1100
211753209,-0.915,1.280,0.427,0.058,0.035,1.043,4,1100
211754694,-0.976,2.317,0.061,0.015,0.048,1.032,4,1100
211755209,-0.976,2.317,0.061,0.010,0.049,1.007,4,1100
211756694,-1.280,2.134,-0.061,-0.068,0.019,1.026,4,1100
211757209,-1.280,2.134,-0.061,-0.068,0.019,1.026,4,1100
211758694,-1.159,0.610,0.488,-0.024,0.015,1.049,4,1100
211759209,-1.098,0.610,0.732,0.039,0.033,1.058,4,1100
211760694,-0.732,0.732,0.488,0.056,0.038,1.057,4,1100
211761209,-0.854,1.280,0.183,0.030,0.047,1.021,4,1100
211762694,-0.671,2.195,0.122,-0.003,0.055,0.995,4,1100
211763213,-0.671,2.195,0.122,-0.003,0.055,0.995,4,1100
211764694,-0.915,1.768,0.000,-0.075,0.001,1.034,4,1100
211765209,-1.159,1.280,0.244,-0.048,0.001,1.034,4,1100
211766700,-1.098,0.610,0.671,-0.008,0.022,1.055,4,1100
211767224,-1.159,0.671,0.488,0.034,0.037,1.061,4,1100
211768696,-0.793,1.707,0.244,0.042,0.052,1.039,4,1100
211769215,-0.793,1.707,0.244,0.042,0.052,1.039,4,1100
211770695,-0.915,2.378,0.000,-0.018,0.036,1.026,4,1100
211771206,-0.915,2.378,0.000,-0.018,0.036,1.026,4,1100
211772694,-1.280,1.585,0.305,-0.058,0.008,1.037,4,1100
211773214,-1.463,1.037,0.427,-0.039,0.002,1.047,4,1100
211774694,-1.463,0.488,0.549,0.008,0.037,1.045,4,1100
211775212,-1.098,0.732,0.671,0.033,0.027,1.070,4,1100
211776694,-0.854,1.890,0.366,0.038,0.039,1.038,4,1100
211777209,-0.854,1.890,0.366,0.038,0.039,1.038,4,1100
211778694,-0.793,2.561,0.000,-0.009,0.033,1.039,4,1100
211779209,-1.159,1.890,-0.061,-0.071,0.018,1.007,4,1100
211780694,-1.220,1.463,-0.122,-0.068,0.005,1.035,4,1100
211781209,-0.915,0.915,0.183,-0.030,0.001,1.053,4,1100
211782694,-0.976,0.610,0.488,0.042,0.028,1.070,4,1100
211783209,-0.976,0.610,0.488,0.042,0.028,1.070,4,1100
211784694,-0.732,1.829,-0.183,0.060,0.051,1.015,4,1100
211785209,-0.610,2.378,-0.061,0.060,0.051,1.015,4,1100
211786694,-0.976,2.195,-0.122,-0.039,0.032,1.020,4,1100
211787204,-1.280,2.134,-0.122,-0.062,0.000,1.026,4,1100
211788694,-1.280,1.098,0.305,-0.068,0.018,1.035,4,1100
211789204,-1.280,1.098,0.305,-0.009,0.011,1.058,4,1100
211790694,-1.098,0.793,0.488,0.058,0.035,1.051,4,1100
211791214,-1.098,0.793,0.488,0.058,0.035,1.051,4,1100
211792694,-0.549,1.951,0.000,0.025,0.055,1.025,4,1100
211793209,-0.915,2.195,0.000,0.019,0.039,1.042,4,1100
211794694,-0.976,2.317,-0.061,-0.057,0.036,1.012,4,1100
211795208,-1.037,2.134,0.122,-0.059,-0.000,1.036,4,1100
211796694,-1.524,0.732,0.244,-0.022,0.021,1.037,4,1100
211797209,-1.524,0.732,0.244,-0.022,0.021,1.037,4,1100
211798694,-0.732,0.976,0.549,0.044,0.028,1.043,4,1100
211799209,-0.671,1.402,0.244,0.050,0.035,1.040,4,1100
211800694,-0.793,2.012,-0.122,0.024,0.053,1.047,4,1100
211801209,-0.732,2.317,-0.183,0.006,0.052,1.018,4,1100
211802694,-1.646,1.646,-0.305,-0.054,0.015,1.026,4,1100
211803209,-1.646,1.646,-0.305,-0.076,0.009,1.022,4,1100
211804694,-1.402,0.366,0.488,-0.017,0.035,1.057,4,1100
211805209,-1.402,0.366,0.488,-0.017,0.035,1.057,4,1100
211806694,-0.976,0.610,0.610,0.048,0.029,1.054,4,1100
211807209,-0.793,1.402,0.122,0.054,0.038,1.035,4,1100
211808694,-0.671,2.073,-0.061,0.030,0.054,1.033,4,1100
211809214,-0.671,2.256,0.122,-0.018,0.047,1.011,4,1100
211810694,-1.220,1.707,-0.061,-0.059,0.003,1.024,4,1100
211811209,-1.220,1.707,-0.061,-0.059,0.003,1.024,4,1100
211812694,-1.159,0.427,0.366,0.005,0.026,1.055,4,1100
211813208,-0.976,0.854,0.427,0.042,0.034,1.043,4,1100
211814694,-0.793,1.159,0.488,0.037,0.029,1.059,4,1100
211815208,-0.976,1.829,0.061,0.038,0.037,1.048,4,1100
211816694,-1.098,2.439,-0.183,-0.012,0.045,1.020,4,1100
211817209,-1.098,2.439,-0.183,-0.012,0.045,1.020,4,1100
211818694,-1.037,1.768,0.061,-0.056,0.006,1.042,4,1100
211819209,-1.037,1.159,0.366,-0.056,0.006,1.042,4,1100
211820694,-1.341,0.671,0.305,-0.006,0.019,1.034,4,1100
211821213,-1.280,0.610,0.305,0.031,0.027,1.064,4,1100
211822694,-0.610,1.707,0.061,0.053,0.035,1.039,4,1100
211823209,-0.610,1.707,0.061,0.045,0.052,1.057,4,1100
211824694,-0.793,2.317,-0.061,-0.034,0.038,1.020,4,1100
211825209,-0.793,2.317,-0.061,-0.034,0.038,1.020,4,1100
211826694,-1.341,1.524,0.244,-0.061,-0.011,1.040,4,1100
211827209,-1.402,1.037,0.305,-0.028,0.004,1.058,4,1100
211828694,-1.402,0.732,0.732,0.015,0.034,1.043,4,1100
211829213,-1.341,0.610,0.793,0.053,0.033,1.058,4,1100
211830694,-1.098,1.951,0.061,0.037,0.045,1.022,4,1100
211831209,-1.098,1.951,0.061,0.037,0.045,1.022,4,1100
211832694,-1.037,2.317,0.244,-0.040,0.042,1.014,4,1100
211833209,-1.220,2.073,0.305,-0.059,0.012,1.044,4,1100
211834694,-0.976,1.646,0.244,-0.047,0.012,1.043,4,1100
211835208,-1.220,0.793,0.488,-0.023,0.003,1.036,4,1100
211836694,-1.159,0.976,0.732,0.016,0.035,1.058,4,1100
211837209,-1.159,0.976,0.732,0.055,0.030,1.052,4,1100
211838694,-0.854,1.707,0.488,0.034,0.051,1.015,4,1100
211839209,-0.854,1.707,0.488,0.034,0.051,1.015,4,1100
211840694,-0.793,2.378,0.305,-0.047,0.041,1.012,4,1100
211841209,-1.037,1.890,0.366,-0.070,0.003,1.035,4,1100
211842694,-1.159,0.915,0.671,-0.048,-0.003,1.044,4,1100
211843209,-1.280,0.732,0.610,-0.028,0.022,1.050,4,1100
211844694,-1.098,0.854,0.549,0.059,0.033,1.035,4,1100
211845209,-1.098,0.854,0.549,0.059,0.033,1.035,4,1100
211846694,-0.854,2.256,0.122,0.026,0.043,1.029,4,1100
211847213,-0.976,2.561,0.183,-0.002,0.030,1.014,4,1100
211848694,-0.793,2.256,0.061,-0.046,0.041,1.034,4,1100
211849213,-0.976,1.707,0.305,-0.066,0.000,1.014,4,1100
211850694,-1.220,0.610,0.549,-0.006,0.022,1.067,4,1100
211851209,-1.220,0.610,0.549,-0.006,0.022,1.067,4,1100
211852694,-1.280,1.159,0.854,0.052,0.044,1.065,4,1100
211853209,-1.037,1.646,0.549,0.052,0.044,1.065,4,1100
211854694,-0.854,2.073,0.183,0.015,0.051,1.038,4,1100
211855209,-0.915,2.622,0.122,-0.013,0.037,1.021,4,1100
211856694,-1.098,2.012,0.427,-0.062,0.028,1.031,4,1100
211857209,-1.098,2.012,0.427,-0.068,0.013,1.026,4,1100
211858694,-1.098,0.854,0.671,0.012,0.026,1.057,4,1100
211859209,-1.098,0.854,0.671,0.012,0.026,1.057,4,1100
211860694,-0.854,1.159,0.915,0.041,0.045,1.045,4,1100
211861209,-0.915,1.585,0.488,0.051,0.040,1.039,4,1100
211862694,-0.915,2.073,0.122,0.021,0.045,1.026,4,1100
211863209,-0.915,2.378,0.000,-0.003,0.043,1.037,4,1100
211864694,-1.159,1.707,0.427,-0.078,0.005,1.022,4,1100
211865209,-1.159,1.707,0.427,-0.078,0.005,1.022,4,1100
211866694,-1.280,0.671,0.854,0.006,0.036,1.056,4,1100
211867209,-1.037,0.671,0.976,0.024,0.018,1.065,4,1100
211868694,-0.793,1.220,0.915,0.043,0.040,1.036,4,1100
211869209,-0.610,2.073,0.610,0.053,0.044,1.038,4,1100
211870694,-0.732,2.683,0.183,0.015,0.055,1.014,4,1100
211871209,-0.732,2.683,0.183,-0.021,0.037,1.033,4,1100
211872694,-1.037,1.890,0.244,-0.066,-0.002,1.054,4,1100
211873209,-1.037,1.890,0.244,-0.066,-0.002,1.054,4,1100
211874694,-1.098,0.854,0.793,0.018,0.034,1.042,4,1100
211875209,-1.280,0.793,0.793,0.046,0.031,1.042,4,1100
211876694,-1.220,1.280,0.549,0.042,0.038,1.035,4,1100
211877209,-1.037,2.012,0.122,0.053,0.043,1.041,4,1100
211878694,-0.732,2.439,0.244,-0.042,0.034,1.005,4,1100
211879209,-0.732,2.439,0.244,-0.042,0.034,1.005,4,1100
211880694,-1.220,1.341,0.488,-0.054,0.008,1.043,4,1100
211881209,-1.220,0.671,0.671,-0.018,0.022,1.043,4,1100
211882694,-1.220,0.549,0.915,0.015,0.025,1.065,4,1100
211883214,-1.098,0.915,0.793,0.041,0.028,1.034,4,1100
211884694,-0.854,2.134,0.427,0.036,0.045,1.021,4,1100
211885209,-0.854,2.134,0.427,0.036,0.045,1.021,4,1100
211886694,-0.854,2.561,0.549,-0.043,0.030,1.015,4,1100
211887209,-0.915,2.012,0.244,-0.043,0.030,1.015,4,1100
211888694,-1.037,1.524,0.244,-0.058,0.007,1.046,4,1100
211889209,-0.976,0.793,0.671,-0.030,0.026,1.028,4,1100
211890694,-0.976,1.159,0.671,0.029,0.034,1.062,4,1100
211891213,-0.976,1.159,0.671,0.045,0.039,1.052,4,1100
211892694,-0.976,1.890,0.183,0.049,0.044,1.032,4,1100
211893214,-0.976,1.890,0.183,0.049,0.044,1.032,4,1100
211894694,-0.915,2.317,0.122,-0.058,0.020,1.023,4,1100
211895209,-1.037,1.890,0.244,-0.056,0.009,1.021,4,1100
211896694,-0.854,1.037,0.366,-0.037,0.004,1.036,4,1100
211897209,-1.037,0.671,0.915,-0.019,0.016,1.051,4,1100
211898694,-1.098,1.037,0.854,0.052,0.030,1.057,4,1100
211899214,-1.098,1.037,0.854,0.052,0.030,1.057,4,1100
211900694,-0.854,2.012,0.244,0.036,0.040,1.041,4,1100
211901209,-0.854,2.439,0.244,-0.006,0.049,1.004,4,1100
211902694,-1.280,2.439,0.122,-0.053,0.029,1.028,4,1100
211903209,-1.829,2.012,0.000,-0.076,-0.002,1.032,4,1100
211904694,-1.280,0.610,0.610,-0.041,0.009,1.038,4,1100
211905209,-1.280,0.610,0.610,-0.002,0.026,1.055,4,1100
211906694,-1.159,1.220,0.488,0.061,0.031,1.063,4,1100
211907209,-1.159,1.220,0.488,0.061,0.031,1.063,4,1100
211908694,-0.793,2.256,0.000,0.030,0.060,1.031,4,1100
211909209,-1.037,2.439,-0.061,-0.027,0.027,1.030,4,1100
211910694,-1.098,2.134,-0.061,-0.061,0.042,1.029,4,1100
211911209,-1.098,1.768,0.061,-0.049,0.000,1.035,4,1100
211912694,-1.280,0.671,0.793,0.013,0.027,1.061,4,1100
211913208,-1.280,0.671,0.793,0.013,0.027,1.061,4,1100
211914694,-0.976,1.098,0.427,0.059,0.040,1.038,4,1100
211915209,-0.915,1.463,0.183,0.052,0.036,1.054,4,1100
211916694,-0.976,2.073,0.122,0.001,0.047,1.010,4,1100
211917209,-0.976,2.378,0.183,-0.012,0.041,1.028,4,1100
211918694,-1.220,1.768,0.183,-0.066,-0.000,1.026,4,1100
211919209,-1.220,1.768,0.183,-0.066,-0.000,1.026,4,1100
211920694,-0.976,0.610,0.610,0.012,0.034,1.042,4,1100
211921209,-0.915,0.732,0.366,0.012,0.034,1.042,4,1100
211922694,-0.549,1.280,0.183,0.044,0.037,1.035,4,1100
211923209,-0.427,1.890,0.000,0.042,0.041,1.034,4,1100
211924694,-0.793,2.561,-0.122,0.008,0.045,1.024,4,1100
211925214,-0.793,2.561,-0.122,-0.036,0.035,1.023,4,1100
211926694,-1.037,1.707,0.122,-0.066,0.003,1.022,4,1100
211927209,-1.037,1.707,0.122,-0.066,0.003,1.022,4,1100
211928694,-1.098,0.671,0.488,0.022,0.032,1.057,4,1100
211929209,-0.976,0.732,0.671,0.047,0.025,1.048,4,1100
211930694,-0.854,1.341,0.549,0.045,0.047,1.046,4,1100
211931208,-0.793,1.829,0.061,0.041,0.041,1.015,4,1100
211932694,-1.159,2.500,0.122,-0.043,0.032,1.008,4,1100
211933209,-1.159,2.500,0.122,-0.043,0.032,1.008,4,1100
211934694,-1.220,1.463,0.305,-0.064,-0.001,1.051,4,1100
211935213,-1.280,0.732,0.732,-0.027,0.012,1.046,4,1100
211936694,-1.341,0.549,0.671,0.032,0.047,1.068,4,1100
211937209,-1.402,0.793,0.488,0.051,0.025,1.026,4,1100
211938694,-1.402,2.073,0.122,0.039,0.037,1.052,4,1100
211939209,-1.402,2.073,0.122,0.052,0.051,1.032,4,1100
211940694,-1.220,2.317,-0.122,-0.058,0.032,1.018,4,1100
211941209,-1.220,2.317,-0.122,-0.058,0.032,1.018,4,1100
211942694,-1.463,1.037,0.122,-0.046,0.018,1.038,4,1100
211943209,-1.402,0.427,0.183,-0.012,0.005,1.064,4,1100
211944694,-1.159,0.610,0.305,0.028,0.034,1.061,4,1100
211945212,-0.915,0.976,0.305,0.042,0.031,1.055,4,1100
211946694,-0.671,1.829,0.061,0.034,0.045,1.051,4,1100
211947209,-0.671,1.829,0.061,0.034,0.045,1.051,4,1100
211948694,-0.854,2.134,-0.305,-0.057,0.040,1.025,4,1100
211949214,-1.220,1.646,-0.061,-0.048,-0.001,1.031,4,1100
211950694,-1.341,0.976,0.000,-0.050,0.011,1.044,4,1100
211951213,-1.524,0.610,0.183,-0.003,0.022,1.072,4,1100
211952694,-1.280,1.280,0.305,0.053,0.039,1.060,4,1100
211953214,-1.280,1.280,0.305,0.053,0.039,1.060,4,1100
211954694,-0.976,2.134,0.000,0.031,0.050,1.029,4,1100
211955209,-0.976,2.195,-0.305,0.031,0.050,1.029,4,1100
211956694,-0.915,1.890,-0.061,-0.073,0.021,1.016,4,1100
211957212,-0.976,1.402,0.183,-0.062,0.001,1.046,4,1100
211958694,-1.037,0.549,0.610,-0.037,0.013,1.042,4,1100
211959209,-1.037,0.549,0.610,0.001,0.028,1.066,4,1100
211960694,-1.159,1.280,0.122,0.068,0.059,1.039,4,1100
211961209,-1.159,1.280,0.122,0.068,0.059,1.039,4,1100
211962694,-0.854,2.195,0.061,0.014,0.059,1.008,4,1100
211963209,-0.915,2.256,-0.061,-0.018,0.014,1.024,4,1100
211964694,-0.976,2.317,0.061,-0.069,0.030,1.016,4,1100
211965214,-1.037,1.646,0.122,-0.057,-0.002,1.048,4,1100
211966694,-1.220,0.732,0.610,-0.001,0.038,1.040,4,1100
211967209,-1.220,0.732,0.610,-0.001,0.038,1.040,4,1100
211968694,-0.671,1.220,0.427,0.048,0.043,1.039,4,1100
211969209,-0.610,1.951,0.244,0.041,0.043,1.036,4,1100
211970694,-0.671,2.073,-0.061,0.019,0.060,1.019,4,1100
211971209,-0.793,2.134,0.000,-0.021,0.042,1.028,4,1100
211972694,-1.220,1.768,0.427,-0.073,0.006,1.039,4,1100
211973214,-1.220,1.768,0.427,-0.052,0.004,1.046,4,1100
211974694,-0.854,0.732,0.793,-0.005,0.030,1.046,4,1100
211975214,-0.854,0.732,0.793,-0.005,0.030,1.046,4,1100
211976694,-1.280,1.341,0.610,0.057,0.039,1.045,4,1100
211977209,-1.037,1.707,0.549,0.032,0.049,1.015,4,1100
211978694,-1.159,2.256,0.244,0.016,0.044,1.046,4,1100
211979208,-1.159,2.195,-0.122,-0.045,0.028,1.002,4,1100
211980694,-1.098,1.341,0.549,-0.045,0.005,1.044,4,1100
211981209,-1.098,1.341,0.549,-0.045,0.005,1.044,4,1100
211982694,-1.524,0.671,0.915,0.005,0.024,1.075,4,1100
211983209,-1.402,0.793,0.976,0.053,0.022,1.057,4,1100
211984694,-1.159,1.341,0.488,0.069,0.040,1.045,4,1100
211985209,-0.915,2.012,0.183,0.022,0.052,1.033,4,1100
211986694,-0.976,2.378,0.122,-0.021,0.025,1.025,4,1100
211987213,-0.976,2.378,0.122,-0.021,0.025,1.025,4,1100
211988694,-1.280,1.220,0.183,-0.061,0.013,1.047,4,1100
211989214,-1.280,0.549,0.488,-0.061,0.013,1.047,4,1100
211990694,-0.915,0.549,0.732,0.023,0.041,1.058,4,1100
211991209,-0.793,0.915,0.671,0.058,0.026,1.050,4,1100
211992694,-0.610,2.317,0.427,0.079,0.059,1.027,4,1100
211993213,-0.610,2.317,0.427,0.035,0.033,1.035,4,1100
211994694,-0.976,2.378,0.183,-0.041,0.020,1.035,4,1100
211995214,-0.976,2.378,0.183,-0.041,0.020,1.035,4,1100
211996694,-1.402,1.280,0.366,-0.055,0.016,1.044,4,1100
211997208,-1.159,0.671,0.793,0.004,0.013,1.061,4,1100
211998694,-0.793,0.488,1.037,0.032,0.044,1.053,4,1100
211999209,-0.610,1.098,0.732,0.052,0.028,1.058,4,1100
212000694,-0.427,2.256,0.183,0.035,0.049,1.044,4,1100
212001209,-0.427,2.256,0.183,0.035,0.049,1.044,4,1100
212002694,-1.402,2.195,0.061,-0.044,0.030,1.014,4,1100
212003209,-1.098,1.585,0.183,-0.062,-0.003,1.031,4,1100
212004694,-1.098,1.159,0.610,-0.047,0.012,1.036,4,1100
212005214,-1.037,0.793,1.037,0.004,0.020,1.061,4,1100
212006694,-0.549,0.915,0.854,0.031,0.030,1.055,4,1100
212007209,-0.549,0.915,0.854,0.045,0.033,1.042,4,1100
212008694,-0.549,2.012,0.488,0.019,0.049,1.019,4,1100
212009209,-0.549,2.012,0.488,0.019,0.049,1.019,4,1100
212010694,-1.037,2.195,0.244,-0.053,0.032,1.007,4,1100
212011209,-1.098,1.341,0.183,-0.062,-0.001,1.020,4,1100
212012694,-1.463,0.549,0.366,-0.041,0.010,1.059,4,1100
212013209,-1.402,0.244,0.854,0.016,0.030,1.038,4,1100
212014694,-0.671,0.976,0.732,0.049,0.032,1.045,4,1100
212015209,-0.671,0.976,0.732,0.049,0.032,1.045,4,1100
212016694,-0.610,2.256,0.244,0.019,0.056,1.021,4,1100
212017209,-1.098,2.378,-0.183,-0.028,0.037,1.006,4,1100
212018694,-1.098,1.707,-0.061,-0.074,0.010,1.017,4,1100
212019209,-1.341,1.585,0.366,-0.056,0.012,1.035,4,1100
212020694,-1.098,0.488,0.610,0.004,0.035,1.053,4,1100
212021214,-1.098,0.488,0.610,0.004,0.035,1.053,4,1100
212022694,-0.793,1.402,0.549,0.057,0.043,1.045,4,1100
212023214,-0.732,1.951,0.488,0.057,0.043,1.045,4,1100
212024694,-0.610,2.195,0.366,0.018,0.050,1.032,4,1100
212025209,-0.854,2.439,0.061,-0.041,0.024,1.000,4,1100
212026694,-1.037,1.951,0.122,-0.080,0.021,1.036,4,1100
212027209,-1.159,1.402,0.244,-0.043,0.004,1.048,4,1100
212028694,-1.098,0.183,0.915,0.015,0.033,1.071,4,1100
212029209,-1.098,0.183,0.915,0.015,0.033,1.071,4,1100
212030694,-0.793,1.098,0.488,0.053,0.045,1.057,4,1100
212031214,-0.671,1.951,0.427,0.032,0.046,1.030,4,1100
212032694,-0.793,2.378,0.244,-0.002,0.045,1.029,4,1100
212033212,-0.976,2.195,0.122,-0.024,0.039,1.020,4,1100
212034694,-1.341,1.280,0.549,-0.053,0.000,1.045,4,1100
212035209,-1.341,1.280,0.549,-0.053,0.000,1.045,4,1100
212036694,-1.280,0.610,0.915,0.023,0.036,1.064,4,1100
212037209,-0.976,0.976,0.854,0.023,0.036,1.064,4,1100
212038694,-0.915,1.585,0.610,0.053,0.049,1.043,4,1100
212039209,-0.793,2.317,0.183,0.036,0.042,1.041,4,1100
212040694,-1.098,2.317,0.122,-0.005,0.046,1.014,4,1100
212041209,-1.098,2.317,0.122,-0.058,0.026,1.041,4,1100
212042694,-1.037,1.280,0.305,-0.039,0.012,1.028,4,1100
212043209,-1.037,1.280,0.305,-0.039,0.012,1.028,4,1100
212044694,-0.732,0.732,0.671,0.036,0.043,1.054,4,1100
212045209,-0.976,1.098,0.549,0.052,0.021,1.062,4,1100
212046694,-0.793,1.707,0.305,0.042,0.042,1.019,4,1100
212047209,-0.854,2.256,0.366,0.021,0.054,1.036,4,1100
212048694,-1.341,2.256,-0.183,-0.064,0.036,1.021,4,1100
212049209,-1.341,2.256,-0.183,-0.064,0.036,1.021,4,1100
212050694,-1.341,0.915,0.427,-0.045,0.008,1.037,4,1100
212051209,-1.585,0.305,0.488,-0.001,0.027,1.062,4,1100
212052694,-1.098,0.610,0.671,0.038,0.033,1.056,4,1100
212053212,-0.915,0.793,0.793,0.055,0.025,1.039,4,1100
212054694,-0.732,2.195,0.183,0.024,0.041,1.020,4,1100
212055213,-0.732,2.195,0.183,0.024,0.041,1.020,4,1100
212056694,-0.976,2.195,-0.244,-0.050,0.021,1.021,4,1100
212057209,-0.976,1.646,-0.244,-0.050,0.021,1.021,4,1100
212058694,-1.220,0.976,0.183,-0.046,0.009,1.061,4,1100
212059213,-1.159,0.854,0.671,0.027,0.026,1.043,4,1100
212060694,-1.220,0.976,0.671,0.034,0.031,1.070,4,1100
212061209,-1.159,1.524,0.244,0.050,0.027,1.051,4,1100
212062694,-1.098,2.195,-0.061,0.006,0.045,1.027,4,1100
212063209,-1.098,2.195,-0.061,0.006,0.045,1.027,4,1100
212064694,-0.976,2.073,0.000,-0.063,0.015,1.008,4,1100
212065214,-1.220,1.646,0.000,-0.072,0.002,1.024,4,1100
212066694,-1.098,0.976,0.305,-0.022,0.014,1.059,4,1100
212067209,-1.280,0.488,0.610,0.032,0.027,1.054,4,1100
212068694,-1.037,1.280,0.183,0.053,0.042,1.060,4,1100
212069209,-1.037,1.280,0.183,0.053,0.042,1.060,4,1100
212070694,-0.854,2.317,0.061,-0.002,0.056,1.043,4,1100
212071209,-1.280,2.378,0.183,-0.002,0.056,1.043,4,1100
212072694,-1.341,2.012,0.000,-0.059,0.013,1.033,4,1100
212073209,-1.341,1.159,0.122,-0.055,0.004,1.051,4,1100
212074694,-1.402,0.427,0.610,-0.022,0.018,1.038,4,1100
212075214,-1.402,0.427,0.610,0.040,0.033,1.057,4,1100
212076694,-0.854,1.524,0.427,0.049,0.038,1.049,4,1100
212077209,-0.854,1.524,0.427,0.049,0.038,1.049,4,1100
212078694,-0.976,2.317,0.061,0.009,0.053,1.027,4,1100
212079214,-1.220,2.256,0.122,-0.040,0.036,1.014,4,1100
212080694,-1.159,2.012,-0.061,-0.060,0.011,1.019,4,1100
212081209,-1.402,1.098,-0.061,-0.052,0.000,1.041,4,1100
212082694,-1.037,0.610,0.427,0.015,0.029,1.068,4,1100
212083213,-1.037,0.610,0.427,0.015,0.029,1.068,4,1100
212084694,-0.732,1.463,0.183,0.062,0.041,1.028,4,1100
212085208,-0.793,2.012,-0.183,0.026,0.042,1.031,4,1100
212086703,-0.854,2.317,-0.366,-0.006,0.043,1.006,4,1100
212087226,-0.976,2.256,-0.183,-0.053,0.025,1.035,4,1100
212088697,-1.280,1.220,0.305,-0.043,0.015,1.050,4,1100
212089219,-1.280,1.220,0.305,-0.043,0.015,1.050,4,1100
212090694,-0.976,0.549,0.427,0.035,0.047,1.038,4,1100
212091209,-1.037,0.976,0.366,0.035,0.047,1.038,4,1100
212092694,-0.793,1.768,0.366,0.040,0.042,1.026,4,1100
212093209,-0.976,2.195,0.305,0.005,0.031,1.030,4,1100
212094694,-0.915,2.683,0.122,-0.022,0.047,1.018,4,1100
212095209,-1.159,2.500,0.000,-0.053,0.031,1.021,4,1100
212096694,-1.220,1.220,0.488,-0.030,0.006,1.039,4,1100
212097214,-1.220,1.220,0.488,-0.030,0.006,1.039,4,1100
212098694,-0.732,0.793,0.732,0.036,0.034,1.067,4,1100
212099209,-0.610,1.341,0.549,0.060,0.038,1.036,4,1100
212100694,-0.610,1.768,0.366,0.050,0.046,1.045,4,1100
212101209,-0.793,2.134,-0.122,0.016,0.045,1.012,4,1100
212102694,-1.037,2.378,-0.183,-0.062,0.022,1.014,4,1100
212103209,-1.037,2.378,-0.183,-0.062,0.022,1.014,4,1100
212104694,-1.341,1.220,0.610,-0.039,0.021,1.062,4,1100
212105209,-1.159,0.488,0.488,-0.039,0.021,1.062,4,1100
212106694,-1.220,0.549,0.366,0.028,0.032,1.075,4,1100
212107212,-0.976,1.098,0.061,0.074,0.039,1.038,4,1100
212108694,-0.793,2.195,-0.061,0.052,0.049,1.038,4,1100
212109213,-0.793,2.195,-0.061,0.014,0.045,1.032,4,1100
212110694,-0.976,2.195,-0.122,-0.044,0.020,1.021,4,1100
212111209,-0.976,2.195,-0.122,-0.044,0.020,1.021,4,1100
212112694,-1.280,0.671,0.549,-0.026,0.014,1.048,4,1100
212113209,-1.159,0.732,0.854,0.005,0.033,1.047,4,1100
212114694,-1.159,0.671,0.915,0.041,0.032,1.063,4,1100
212115209,-1.159,1.098,0.610,0.058,0.043,1.061,4,1100
212116694,-0.976,2.500,0.000,0.003,0.051,1.047,4,1100
212117209,-0.976,2.500,0.000,0.003,0.051,1.047,4,1100
212118694,-1.220,2.012,-0.061,-0.068,0.016,1.029,4,1100
212119209,-1.280,1.280,0.183,-0.065,-0.002,1.033,4,1100
212120694,-1.280,0.915,0.671,-0.021,0.012,1.028,4,1100
212121208,-1.098,0.732,0.854,0.022,0.028,1.074,4,1100
212122694,-1.159,1.220,0.366,0.053,0.025,1.044,4,1100
212123209,-1.159,1.220,0.366,0.053,0.025,1.044,4,1100
212124694,-0.854,2.134,0.183,0.007,0.050,1.034,4,1100
212125209,-0.976,2.317,0.061,0.007,0.050,1.034,4,1100
212126694,-0.854,2.073,0.183,-0.069,0.008,1.015,4,1100
212127209,-0.976,1.280,0.427,-0.056,0.012,1.040,4,1100
212128694,-1.280,0.854,0.488,-0.014,0.022,1.049,4,1100
212129209,-1.280,0.366,0.671,0.019,0.030,1.059,4,1100
212130694,-1.098,1.524,0.427,0.060,0.046,1.030,4,1100
212131214,-1.098,1.524,0.427,0.060,0.046,1.030,4,1100
212132694,-1.341,2.195,0.366,-0.008,0.046,1.011,4,1100
212133209,-1.098,2.256,0.366,-0.037,0.017,1.029,4,1100
212134694,-1.098,1.951,0.366,-0.078,0.005,1.016,4,1100
212135209,-1.159,1.280,0.549,-0.043,0.013,1.056,4,1100
212136694,-1.037,0.305,0.854,0.024,0.027,1.049,4,1100
212137209,-1.037,0.305,0.854,0.024,0.027,1.049,4,1100
212138694,-0.732,1.341,0.610,0.058,0.040,1.018,4,1100
212139209,-0.732,1.890,0.366,0.058,0.040,1.018,4,1100
212140694,-0.976,2.256,0.305,-0.015,0.033,1.025,4,1100
212141209,-1.098,2.134,0.366,-0.071,0.025,1.006,4,1100
212142694,-1.341,1.037,0.793,-0.055,0.013,1.037,4,1100
212143209,-1.341,1.037,0.793,-0.047,0.020,1.044,4,1100
212144694,-1.098,0.793,1.037,0.045,0.022,1.053,4,1100
212145209,-1.098,0.793,1.037,0.045,0.022,1.053,4,1100
212146694,-1.098,1.768,0.427,0.048,0.040,1.049,4,1100
212147209,-0.915,2.378,0.366,0.017,0.053,1.023,4,1100
212148694,-0.732,2.561,0.305,-0.019,0.031,1.027,4,1100
212149212,-0.976,2.195,0.183,-0.065,0.009,1.003,4,1100
212150694,-1.037,0.793,0.549,-0.030,0.010,1.052,4,1100
212151209,-1.037,0.793,0.549,-0.030,0.010,1.052,4,1100
212152694,-0.732,0.671,0.915,0.044,0.025,1.059,4,1100
212153214,-0.915,1.098,0.549,0.052,0.041,1.045,4,1100
212154694,-0.915,1.951,0.366,0.035,0.046,1.048,4,1100
212155209,-1.037,2.439,0.061,0.014,0.042,1.030,4,1100
212156694,-0.793,2.073,0.305,-0.057,0.019,1.029,4,1100
212157209,-0.793,2.073,0.305,-0.057,0.019,1.029,4,1100
212158694,-1.220,1.098,0.427,-0.024,0.014,1.044,4,1100
212159209,-1.280,0.305,0.610,-0.024,0.014,1.044,4,1100
212160694,-0.976,0.549,0.610,0.045,0.035,1.061,4,1100
212161209,-0.854,1.280,0.305,0.062,0.041,1.054,4,1100
212162702,-0.488,2.073,0.183,0.043,0.048,1.022,4,1100
212163232,-0.427,2.439,-0.061,0.007,0.036,1.037,4,1100
212164697,-0.915,2.134,0.305,-0.063,0.016,1.039,4,1100
212165218,-0.915,2.134,0.305,-0.063,0.016,1.039,4,1100
212166695,-1.402,1.098,0.488,-0.029,0.033,1.039,4,1100
212167216,-1.280,0.671,0.732,0.036,0.025,1.064,4,1100
212168694,-1.037,0.793,0.610,0.046,0.039,1.032,4,1100
212169209,-1.037,1.159,0.305,0.061,0.036,1.050,4,1100
212170694,-0.915,2.378,0.122,-0.002,0.042,1.040,4,1100
212171214,-0.915,2.378,0.122,-0.002,0.042,1.040,4,1100
212172694,-1.280,1.829,0.122,-0.066,0.021,1.029,4,1100
212173209,-1.402,0.976,0.671,-0.066,0.021,1.029,4,1100
212174694,-1.341,0.671,0.915,-0.025,0.037,1.046,4,1100
212175204,-1.159,0.427,0.793,0.044,0.018,1.066,4,1100
212176694,-0.793,1.463,0.366,0.035,0.032,1.055,4,1100
212177209,-0.793,1.463,0.366,0.057,0.048,1.020,4,1100
212178694,-0.610,2.561,0.366,-0.002,0.055,1.026,4,1100
212179209,-0.610,2.561,0.366,-0.002,0.055,1.026,4,1100
212180694,-1.037,1.951,0.183,-0.070,0.024,1.009,4,1100
212181209,-1.159,1.098,0.366,-0.039,-0.013,1.038,4,1100
212182694,-1.098,0.610,0.671,-0.017,0.030,1.061,4,1100
212183209,-1.037,0.427,0.793,0.036,0.022,1.051,4,1100
212184694,-0.793,1.646,0.427,0.045,0.049,1.037,4,1100
212185209,-0.793,1.646,0.427,0.045,0.049,1.037,4,1100
212186694,-0.854,2.378,0.305,-0.013,0.047,1.026,4,1100
212187209,-1.037,2.256,0.305,-0.046,0.016,1.027,4,1100
212188694,-1.220,1.707,0.244,-0.062,0.018,1.018,4,1100
212189209,-0.976,1.098,0.488,-0.043,0.007,1.040,4,1100
212190694,-0.915,0.671,0.488,0.034,0.042,1.054,4,1100
212191214,-0.915,0.671,0.488,0.034,0.042,1.054,4,1100
212192694,-1.098,1.585,0.244,0.047,0.055,1.048,4,1100
212193209,-0.976,1.890,0.244,0.047,0.055,1.048,4,1100
212194694,-1.098,2.134,0.183,-0.023,0.042,1.022,4,1100
212195209,-1.280,2.073,0.122,-0.070,0.010,1.011,4,1100
212196694,-1.220,1.707,0.183,-0.062,0.000,1.031,4,1100
212197209,-1.220,0.854,0.549,-0.020,0.019,1.060,4,1100
212198702,-1.402,0.427,0.793,0.030,0.037,1.062,4,1100
212199235,-1.402,0.427,0.793,0.030,0.037,1.062,4,1100
212200697,-0.976,1.768,0.305,0.039,0.041,1.038,4,1100
212201217,-0.854,2.256,-0.122,0.007,0.050,1.021,4,1100
212202694,-0.854,2.500,-0.183,-0.011,0.042,1.024,4,1100
212203209,-1.098,2.134,0.000,-0.070,0.006,1.021,4,1100
212204694,-0.854,0.854,0.488,-0.020,0.012,1.052,4,1100
212205219,-0.854,0.854,0.488,-0.020,0.012,1.052,4,1100
212206694,-1.159,0.854,0.610,0.036,0.042,1.051,4,1100
212207209,-1.220,1.098,0.183,0.036,0.042,1.051,4,1100
212208694,-1.098,1.890,0.122,0.042,0.057,1.029,4,1100
212209209,-0.915,2.378,0.122,0.020,0.048,1.039,4,1100
212210694,-1.220,1.951,-0.061,-0.050,0.022,0.997,4,1100
212211209,-1.220,1.951,-0.061,-0.062,0.016,1.047,4,1100
212212694,-0.732,0.793,0.488,-0.027,0.024,1.034,4,1100
212213209,-0.732,0.793,0.488,-0.027,0.024,1.034,4,1100
212214694,-0.610,1.037,0.488,0.042,0.030,1.022,4,1100
212215214,-0.427,1.402,0.183,0.054,0.045,1.062,4,1100
212216694,-0.732,2.073,0.061,0.029,0.057,1.040,4,1100
212217209,-0.915,2.561,0.000,0.013,0.052,1.026,4,1100
212218694,-1.280,1.890,0.122,-0.081,0.009,1.022,4,1100
212219214,-1.280,1.890,0.122,-0.081,0.009,1.022,4,1100
212220694,-1.280,0.854,0.366,-0.014,0.018,1.050,4,1100
212221209,-1.341,0.732,0.488,0.014,0.025,1.061,4,1100
212222694,-1.159,0.915,0.244,0.055,0.036,1.064,4,1100
212223209,-0.915,1.341,0.427,0.059,0.038,1.022,4,1100
212224694,-0.671,2.500,-0.061,-0.009,0.038,1.018,4,1100
212225209,-0.671,2.500,-0.061,-0.009,0.038,1.018,4,1100
212226694,-1.280,1.829,0.122,-0.054,0.018,1.035,4,1100
212227212,-1.402,1.037,0.305,-0.054,0.018,1.035,4,1100
212228694,-0.976,0.610,0.488,-0.009,0.035,1.059,4,1100
212229209,-1.037,0.671,0.793,0.044,0.032,1.042,4,1100
212230694,-1.098,0.915,0.488,0.048,0.034,1.073,4,1100
212231209,-0.671,1.707,0.305,0.037,0.039,1.031,4,1100
212232694,-1.037,2.256,0.061,-0.007,0.044,1.013,4,1100
212233209,-1.037,2.256,0.061,-0.007,0.044,1.013,4,1100
212234694,-1.585,1.402,0.000,-0.055,0.001,1.021,4,1100
212235209,-1.585,0.732,0.305,-0.033,0.006,1.031,4,1100
212236694,-1.220,0.549,0.488,-0.010,0.043,1.074,4,1100
212237209,-0.671,0.671,0.610,0.042,0.020,1.071,4,1100
212238694,-0.854,2.012,0.122,0.045,0.047,1.046,4,1100
212239209,-0.854,2.012,0.122,0.045,0.047,1.046,4,1100
212240694,-0.854,2.439,-0.061,-0.026,0.043,1.035,4,1100
212241208,-1.037,2.378,0.000,-0.026,0.043,1.035,4,1100
212242694,-1.280,1.768,0.122,-0.063,0.009,1.038,4,1100
212243208,-1.159,0.732,0.305,-0.024,0.002,1.056,4,1100
212244694,-1.159,0.915,0.671,0.004,0.033,1.047,4,1100
212245209,-1.159,0.915,0.671,0.052,0.024,1.069,4,1100
212246694,-0.793,2.012,0.549,0.050,0.061,1.028,4,1100
212247209,-0.793,2.012,0.549,0.050,0.061,1.028,4,1100
212248694,-1.098,2.500,0.061,-0.043,0.044,1.029,4,1100
212249209,-0.854,2.134,-0.061,-0.053,0.016,1.021,4,1100
212250694,-1.220,1.463,0.122,-0.066,0.008,1.019,4,1100
212251212,-1.280,0.793,0.305,-0.034,0.013,1.047,4,1100
212252694,-0.915,0.854,0.793,0.050,0.047,1.060,4,1100
212253214,-0.915,0.854,0.793,0.050,0.047,1.060,4,1100
212254694,-0.732,1.768,0.244,0.022,0.044,1.023,4,1100
212255209,-0.732,2.378,-0.061,0.011,0.044,1.032,4,1100
212256694,-1.098,2.134,0.122,-0.027,0.043,0.996,4,1100
212257209,-1.402,1.951,0.183,-0.061,0.009,1.033,4,1100
212258694,-1.341,0.793,0.305,-0.011,0.020,1.044,4,1100
212259209,-1.341,0.793,0.305,-0.011,0.020,1.044,4,1100
212260694,-1.402,0.915,0.732,0.060,0.040,1.046,4,1100
212261209,-1.037,1.402,0.671,0.060,0.040,1.046,4,1100
212262694,-0.854,2.195,0.305,0.031,0.050,1.033,4,1100
212263209,-0.732,2.439,0.122,-0.001,0.046,1.024,4,1100
212264700,-0.976,2.439,0.061,-0.052,0.044,1.020,4,1100
212265224,-0.915,1.951,0.122,-0.077,-0.001,1.019,4,1100
212266696,-1.159,0.793,0.549,0.000,0.026,1.062,4,1100
212267215,-1.159,0.793,0.549,0.000,0.026,1.062,4,1100
212268694,-1.098,0.976,0.427,0.062,0.044,1.051,4,1100
212269212,-0.671,1.341,0.183,0.055,0.025,1.024,4,1100
212270694,-0.732,1.951,0.061,0.021,0.047,1.038,4,1100
212271213,-1.037,2.500,0.305,-0.004,0.027,1.028,4,1100
212272694,-1.220,1.646,0.061,-0.065,0.011,1.035,4,1100
212273209,-1.220,1.646,0.061,-0.065,0.011,1.035,4,1100
212274694,-0.976,0.671,0.793,-0.002,0.033,1.062,4,1100
212275209,-0.976,0.732,1.098,-0.002,0.033,1.062,4,1100
212276702,-0.915,0.915,0.427,0.039,0.056,1.059,4,1100
212277226,-0.976,1.463,0.122,0.042,0.038,1.035,4,1100
212278697,-1.037,2.439,0.244,0.021,0.044,1.029,4,1100
212279214,-1.037,2.439,0.244,-0.017,0.036,1.031,4,1100
212280694,-1.280,1.341,0.366,-0.055,0.009,1.030,4,1100
212281209,-1.280,1.341,0.366,-0.055,0.009,1.030,4,1100
212282694,-1.402,0.427,0.854,0.005,0.018,1.063,4,1100
212283209,-1.037,0.549,0.854,0.048,0.029,1.060,4,1100
212284694,-0.793,1.037,0.671,0.042,0.050,1.034,4,1100
212285209,-0.915,1.402,0.427,0.047,0.038,1.044,4,1100
212286694,-0.915,2.500,0.366,-0.030,0.044,1.023,4,1100
212287209,-0.915,2.500,0.366,-0.030,0.044,1.023,4,1100
212288694,-1.159,1.646,0.244,-0.077,0.001,1.029,4,1100
212289209,-1.159,1.037,0.488,-0.033,0.007,1.071,4,1100
212290694,-1.220,0.671,0.793,0.013,0.030,1.043,4,1100
212291209,-0.976,0.671,0.854,0.041,0.034,1.060,4,1100
212292694,-1.159,1.768,0.244,0.042,0.038,1.042,4,1100
212293209,-1.159,1.768,0.244,0.042,0.038,1.042,4,1100
212294694,-0.976,2.439,0.122,-0.027,0.035,1.023,4,1100
212295209,-0.976,2.439,0.122,-0.027,0.035,1.023,4,1100
212296694,-1.463,1.463,0.549,-0.047,0.010,1.038,4,1100
212297213,-1.037,0.915,0.671,-0.021,0.008,1.041,4,1100
212298694,-0.976,0.732,0.732,0.008,0.020,1.055,4,1100
212299209,-0.976,0.732,0.854,0.053,0.042,1.056,4,1100
212300694,-0.732,1.890,0.183,0.030,0.045,1.016,4,1100
212301209,-0.732,1.890,0.183,0.030,0.045,1.016,4,1100
212302694,-0.915,2.561,0.061,-0.044,0.033,1.003,4,1100
212303212,-1.098,2.073,-0.061,-0.071,0.005,1.042,4,1100
212304694,-1.098,1.341,0.244,-0.049,0.005,1.047,4,1100
212305214,-1.098,0.671,0.610,-0.010,0.017,1.034,4,1100
212306694,-1.037,1.159,0.732,0.044,0.040,1.045,4,1100
212307209,-1.037,1.159,0.732,0.044,0.040,1.045,4,1100
212308694,-0.854,2.378,0.427,0.025,0.063,1.028,4,1100
212309214,-1.037,2.317,0.000,0.025,0.063,1.028,4,1100
212310694,-1.098,2.256,-0.061,-0.037,0.032,1.026,4,1100
212311209,-1.341,2.256,0.000,-0.075,0.008,1.021,4,1100
212312694,-1.159,0.732,0.549,-0.065,-0.002,1.036,4,1100
212313209,-1.159,0.732,0.549,-0.016,0.017,1.061,4,1100
212314694,-0.976,0.671,0.793,0.049,0.036,1.066,4,1100
212315209,-0.976,0.671,0.793,0.049,0.036,1.066,4,1100
212316694,-0.854,2.073,0.244,0.039,0.049,1.032,4,1100
212317208,-0.854,2.744,-0.061,-0.011,0.047,1.012,4,1100
212318694,-0.976,2.500,-0.061,-0.046,0.032,1.027,4,1100
212319209,-1.159,2.256,0.244,-0.086,-0.000,1.021,4,1100
212320694,-1.463,0.793,0.854,0.013,0.022,1.052,4,1100
212321209,-1.463,0.793,0.854,0.013,0.022,1.052,4,1100
212322694,-0.976,0.976,0.427,0.052,0.025,1.061,4,1100
212323212,-1.098,1.646,0.305,0.045,0.042,1.022,4,1100
212324694,-0.732,2.317,0.305,0.014,0.055,1.036,4,1100
212325209,-0.976,2.378,0.122,-0.010,0.030,1.031,4,1100
212326694,-1.098,1.646,0.183,-0.050,0.012,1.017,4,1100
212327214,-1.098,1.646,0.183,-0.050,0.012,1.017,4,1100
212328694,-1.280,0.671,0.671,-0.004,0.019,1.057,4,1100
212329209,-1.280,0.671,0.671,-0.004,0.019,1.057,4,1100
212330694,-0.976,1.159,0.488,0.055,0.039,1.039,4,1100
212331209,-0.671,1.768,0.122,0.045,0.037,1.057,4,1100
212332694,-0.671,2.561,0.122,0.017,0.060,1.004,4,1100
212333209,-1.037,2.195,0.000,-0.020,0.037,1.030,4,1100
212334694,-1.341,1.524,0.000,-0.067,0.012,1.042,4,1100
212335209,-1.341,1.524,0.000,-0.067,0.012,1.042,4,1100
212336694,-1.402,0.610,0.854,0.003,0.040,1.055,4,1100
212337209,-1.220,0.793,0.732,0.052,0.026,1.053,4,1100
212338694,-1.159,1.524,0.610,0.048,0.036,1.029,4,1100
212339209,-0.915,1.829,0.061,0.043,0.049,1.036,4,1100
212340694,-0.976,2.561,0.122,-0.028,0.025,1.011,4,1100
212341209,-0.976,2.561,0.122,-0.028,0.025,1.011,4,1100
212342694,-1.037,1.585,0.549,-0.058,0.008,1.038,4,1100
212343209,-1.220,0.976,0.610,-0.058,0.008,1.038,4,1100
212344694,-0.976,0.732,0.732,0.011,0.017,1.067,4,1100
212345213,-0.671,0.793,0.488,0.041,0.019,1.044,4,1100
212346694,-0.732,1.768,0.122,0.052,0.042,1.047,4,1100
212347209,-0.732,1.768,0.122,0.032,0.052,1.031,4,1100
212348694,-0.793,2.378,-0.061,-0.040,0.029,1.002,4,1100
212349209,-0.793,2.378,-0.061,-0.040,0.029,1.002,4,1100
212350694,-1.159,1.646,0.366,-0.042,0.003,1.059,4,1100
212351209,-1.159,0.854,0.610,-0.006,0.019,1.025,4,1100
212352694,-1.098,0.549,0.854,0.017,0.028,1.065,4,1100
212353209,-0.915,0.976,0.610,0.062,0.032,1.037,4,1100
212354694,-0.915,1.951,-0.061,0.033,0.056,1.033,4,1100
212355209,-0.915,1.951,-0.061,0.033,0.056,1.033,4,1100
212356694,-1.402,2.317,0.122,-0.047,0.032,1.014,4,1100
212357209,-1.280,1.768,0.000,-0.053,0.005,1.035,4,1100
212358694,-1.159,1.037,-0.061,-0.046,-0.011,1.043,4,1100
212359209,-1.037,0.610,0.305,-0.021,0.013,1.047,4,1100
212360694,-0.854,0.732,0.366,0.055,0.037,1.063,4,1100
212361209,-0.854,0.732,0.366,0.055,0.037,1.063,4,1100
212362694,-0.976,1.890,0.000,0.026,0.042,1.039,4,1100
212363209,-0.976,1.890,0.000,0.026,0.042,1.039,4,1100
212364694,-0.976,2.256,0.000,-0.053,0.040,1.026,4,1100
212365209,-1.098,1.768,-0.305,-0.073,-0.003,1.025,4,1100
212366694,-1.220,1.159,0.305,-0.032,0.008,1.047,4,1100
212367212,-1.159,0.671,0.854,0.001,0.027,1.062,4,1100
212368702,-0.976,0.915,0.122,0.067,0.027,1.064,4,1100
212369231,-0.976,0.915,0.122,0.067,0.027,1.064,4,1100
212370697,-1.037,2.134,0.000,0.024,0.043,1.027,4,1100
212371216,-0.671,2.256,-0.244,-0.018,0.029,1.025,4,1100
212372695,-0.793,2.195,-0.183,-0.072,0.034,1.023,4,1100
212373214,-0.854,1.890,-0.061,-0.052,-0.006,1.032,4,1100
212374694,-1.341,0.488,0.610,-0.002,0.023,1.055,4,1100
212375213,-1.341,0.488,0.610,-0.002,0.023,1.055,4,1100
212376694,-1.220,0.976,0.366,0.060,0.040,1.051,4,1100
212377214,-0.915,1.585,-0.122,0.060,0.040,1.051,4,1100
212378694,-0.976,2.378,-0.183,0.017,0.062,1.011,4,1100
212379209,-1.220,2.378,0.000,0.006,0.036,1.030,4,1100
212380704,-1.341,1.951,0.000,-0.080,0.009,1.009,4,1100
212381228,-1.341,1.951,0.000,-0.072,0.003,1.042,4,1100
212382697,-0.793,0.427,0.427,-0.009,0.033,1.050,4,1100
212383220,-0.793,0.427,0.427,-0.009,0.033,1.050,4,1100
212384694,-0.793,1.220,0.183,0.069,0.031,1.026,4,1100
212385209,-0.793,1.890,0.000,0.030,0.039,1.034,4,1100
212386694,-0.732,2.439,0.122,0.012,0.051,1.019,4,1100
212387209,-0.915,2.317,0.061,-0.027,0.039,1.016,4,1100
212388694,-1.280,1.524,0.000,-0.048,0.014,1.035,4,1100
212389209,-1.280,1.524,0.000,-0.048,0.014,1.035,4,1100
212390694,-1.341,0.427,0.427,-0.000,0.035,1.060,4,1100
212391214,-1.220,0.732,0.488,0.044,0.026,1.050,4,1100
212392694,-1.098,1.463,0.061,0.047,0.041,1.053,4,1100
212393209,-0.854,1.768,0.061,0.046,0.044,1.033,4,1100
212394694,-0.793,2.256,-0.122,-0.027,0.031,1.011,4,1100
212395209,-0.793,2.256,-0.122,-0.027,0.031,1.011,4,1100
212396694,-1.280,1.280,0.122,-0.059,0.012,1.031,4,1100
212397204,-1.280,1.280,0.122,-0.059,0.012,1.031,4,1100
212398694,-0.976,0.793,0.488,0.005,0.030,1.071,4,1100
212399209,-0.915,1.159,0.610,0.032,0.034,1.042,4,1100
212400694,-0.793,1.463,0.427,0.061,0.057,1.056,4,1100
212401209,-0.732,2.195,0.305,0.047,0.036,1.036,4,1100
212402694,-1.159,2.195,0.000,-0.049,0.023,1.025,4,1100
212403209,-1.159,2.195,0.000,-0.049,0.023,1.025,4,1100
212404694,-1.341,1.098,0.122,-0.051,0.018,1.040,4,1100
212405214,-1.280,0.793,0.488,-0.017,0.004,1.054,4,1100
212406694,-1.159,0.610,0.610,0.028,0.042,1.062,4,1100
212407209,-0.732,1.098,0.549,0.049,0.030,1.050,4,1100
212408694,-0.793,1.829,0.061,0.046,0.050,1.050,4,1100
212409209,-0.793,1.829,0.061,0.046,0.050,1.050,4,1100
212410694,-1.098,2.256,0.000,-0.049,0.019,1.034,4,1100
212411209,-1.463,2.012,0.244,-0.049,0.019,1.034,4,1100
212412694,-1.524,1.037,0.549,-0.052,0.016,1.034,4,1100
212413209,-1.159,0.427,0.610,-0.009,0.011,1.069,4,1100
212414694,-0.732,1.220,0.732,0.036,0.032,1.037,4,1100
212415209,-0.732,1.220,0.732,0.056,0.034,1.060,4,1100
212416694,-0.976,2.439,0.061,0.027,0.050,1.035,4,1100
212417213,-0.976,2.439,0.061,0.027,0.050,1.035,4,1100
212418694,-0.671,2.378,0.000,-0.071,0.027,1.031,4,1100
212419209,-0.854,1.890,0.244,-0.055,-0.006,1.045,4,1100
212420694,-0.976,1.159,0.427,-0.045,0.016,1.039,4,1100
212421209,-1.159,0.793,0.732,0.001,0.027,1.050,4,1100
212422700,-1.159,1.220,0.549,0.047,0.039,1.041,4,1100
212423219,-1.159,1.220,0.549,0.047,0.039,1.041,4,1100
212424696,-0.976,2.195,0.183,0.031,0.057,1.008,4,1100
212425216,-1.037,2.439,0.122,-0.027,0.033,1.034,4,1100
212426694,-1.280,2.317,0.000,-0.083,0.010,1.023,4,1100
212427211,-1.341,1.585,0.000,-0.061,0.008,1.042,4,1100
212428694,-1.280,0.671,0.610,0.003,0.034,1.042,4,1100
212429211,-1.280,0.671,0.610,0.003,0.034,1.042,4,1100
212430694,-0.732,1.220,0.549,0.064,0.038,1.049,4,1100
212431209,-0.732,1.220,0.549,0.064,0.038,1.049,4,1100
212432694,-1.037,2.317,0.000,0.007,0.052,1.030,4,1100
212433209,-1.159,2.683,-0.061,-0.029,0.040,1.020,4,1100
212434694,-1.402,2.195,0.122,-0.082,0.031,1.028,4,1100
212435209,-1.098,1.646,0.244,-0.042,-0.002,1.035,4,1100
212436694,-1.159,0.793,0.976,0.000,0.024,1.054,4,1100
212437209,-1.159,0.793,0.976,0.000,0.024,1.054,4,1100
212438694,-0.732,1.220,0.488,0.068,0.051,1.053,4,1100
212439209,-0.793,1.707,0.305,0.036,0.048,1.018,4,1100
212440694,-0.732,2.439,0.122,-0.004,0.043,1.032,4,1100
212441212,-1.341,2.317,0.244,-0.014,0.038,1.003,4,1100
212442694,-1.463,1.098,0.305,-0.067,-0.000,1.049,4,1100
212443209,-1.463,1.098,0.305,-0.067,-0.000,1.049,4,1100
212444694,-1.220,0.488,0.854,0.020,0.042,1.069,4,1100
212445214,-0.915,0.854,0.610,0.020,0.042,1.069,4,1100
212446694,-0.732,1.524,0.244,0.065,0.042,1.046,4,1100
212447209,-0.732,1.890,0.183,0.033,0.048,1.014,4,1100
212448694,-1.220,2.317,0.183,-0.004,0.042,1.029,4,1100
212449209,-1.220,2.317,0.183,-0.033,0.042,1.028,4,1100
212450694,-1.341,1.280,0.549,-0.064,0.009,1.041,4,1100
212451209,-1.341,1.280,0.549,-0.064,0.009,1.041,4,1100
212452694,-1.159,0.488,0.793,0.036,0.046,1.064,4,1100
212453209,-1.159,1.037,0.732,0.038,0.024,1.047,4,1100
212454694,-0.976,1.402,0.305,0.042,0.036,1.037,4,1100
212455209,-1.037,1.890,0.000,0.038,0.055,1.051,4,1100
212456694,-1.159,2.256,0.061,-0.049,0.019,1.036,4,1100
212457209,-1.159,2.256,0.061,-0.049,0.019,1.036,4,1100
212458694,-1.098,1.159,0.244,-0.045,0.006,1.046,4,1100
212459213,-1.220,0.793,0.366,0.001,0.017,1.066,4,1100
212460694,-1.220,0.671,0.732,0.036,0.039,1.043,4,1100
212461209,-1.037,0.793,0.549,0.053,0.031,1.048,4,1100
212462694,-0.915,2.073,0.183,0.021,0.042,1.043,4,1100
212463209,-0.915,2.073,0.183,0.021,0.042,1.043,4,1100
212464694,-1.037,2.256,0.122,-0.042,0.028,1.022,4,1100
212465214,-1.037,2.256,0.122,-0.042,0.028,1.022,4,1100
212466694,-1.402,0.976,0.549,-0.046,0.017,1.054,4,1100
212467208,-1.341,0.488,0.854,0.011,0.005,1.062,4,1100
212468698,-1.159,0.610,0.671,0.021,0.040,1.046,4,1100
212469230,-0.854,1.037,0.854,0.063,0.038,1.047,4,1100
212470701,-0.671,2.378,0.305,0.008,0.052,1.028,4,1100
212471219,-0.671,2.378,0.305,0.008,0.052,1.028,4,1100
212472694,-0.976,2.134,0.244,-0.051,0.023,0.995,4,1100
212473208,-1.159,1.829,0.305,-0.071,-0.001,1.037,4,1100
212474694,-1.463,1.037,0.305,-0.039,0.018,1.059,4,1100
212475214,-1.159,0.610,0.610,0.021,0.019,1.045,4,1100
212476694,-0.732,1.159,0.610,0.047,0.040,1.032,4,1100
212477209,-0.732,1.159,0.610,0.047,0.040,1.032,4,1100
212478694,-0.793,2.073,0.305,0.022,0.057,1.021,4,1100
212479209,-0.915,2.317,0.000,0.022,0.057,1.021,4,1100
212480694,-1.159,1.951,0.061,-0.068,0.015,1.018,4,1100
212481209,-1.098,1.524,0.427,-0.072,0.008,1.039,4,1100
212482694,-0.854,0.732,0.732,-0.039,0.008,1.058,4,1100
212483209,-0.854,0.732,0.732,0.010,0.033,1.050,4,1100
212484694,-0.732,1.341,0.305,0.058,0.042,1.058,4,1100
212485209,-0.732,1.341,0.305,0.058,0.042,1.058,4,1100
212486694,-0.854,2.317,0.244,0.005,0.052,1.036,4,1100
212487209,-1.280,2.317,0.061,-0.037,0.021,0.996,4,1100
212488694,-1.402,2.195,-0.061,-0.074,0.012,1.042,4,1100
212489212,-1.280,1.646,0.244,-0.058,0.001,1.042,4,1100
212490694,-1.037,0.549,0.732,0.017,0.032,1.066,4,1100
212491209,-1.037,0.549,0.732,0.017,0.032,1.066,4,1100
212492694,-0.915,1.463,0.366,0.050,0.046,1.051,4,1100
212493212,-0.732,2.134,0.183,0.034,0.055,1.008,4,1100
212494694,-0.793,2.683,0.000,0.005,0.042,1.035,4,1100
212495209,-0.976,2.378,0.061,-0.048,0.028,1.022,4,1100
212496694,-1.402,1.707,0.244,-0.041,0.001,1.045,4,1100
212497209,-1.402,1.707,0.244,-0.041,0.001,1.045,4,1100
212498694,-1.280,0.793,0.854,0.021,0.023,1.051,4,1100
212499209,-1.280,0.793,0.854,0.021,0.023,1.051,4,1100
212500694,-0.793,1.402,0.366,0.039,0.035,1.033,4,1100
212501209,-0.915,1.951,0.183,0.021,0.049,1.050,4,1100
212502694,-1.037,2.134,0.122,-0.001,0.051,1.016,4,1100
212503209,-1.280,1.890,-0.061,-0.049,0.031,1.030,4,1100
212504701,-1.220,1.159,0.549,-0.021,0.016,1.032,4,1100
212505221,-1.220,1.159,0.549,-0.021,0.016,1.032,4,1100
212506696,-0.976,0.671,0.732,0.024,0.025,1.054,4,1100
212507216,-1.098,1.037,0.366,0.065,0.045,1.055,4,1100
212508694,-1.159,1.463,0.244,0.056,0.053,1.016,4,1100
212509209,-0.854,2.195,-0.244,0.010,0.052,1.035,4,1100
212510694,-1.220,2.256,-0.061,-0.054,0.022,1.014,4,1100
212511209,-1.220,2.256,-0.061,-0.054,0.022,1.014,4,1100
212512694,-1.159,1.220,0.427,-0.032,0.000,1.026,4,1100
212513209,-1.159,0.610,0.427,-0.032,0.000,1.026,4,1100
212514694,-1.159,0.671,0.549,0.050,0.031,1.071,4,1100
212515212,-0.793,1.159,0.610,0.065,0.031,1.047,4,1100
212516694,-0.976,1.890,0.244,0.050,0.042,1.046,4,1100
212517209,-0.976,1.890,0.244,0.009,0.044,1.016,4,1100
212518694,-1.159,2.378,-0.305,-0.056,0.010,1.003,4,1100
212519204,-1.159,2.378,-0.305,-0.056,0.010,1.003,4,1100
212520694,-1.463,0.610,0.122,-0.032,0.017,1.051,4,1100
212521209,-1.402,0.549,0.488,0.011,0.026,1.048,4,1100
212522694,-0.976,0.671,0.671,0.028,0.040,1.081,4,1100
212523209,-0.854,1.098,0.427,0.055,0.043,1.035,4,1100
212524694,-0.854,2.073,0.183,0.021,0.050,1.029,4,1100
212525209,-0.854,2.073,0.183,0.021,0.050,1.029,4,1100
212526694,-1.098,1.890,0.061,-0.053,-0.001,1.021,4,1100
212527212,-1.220,1.646,0.244,-0.072,0.001,1.034,4,1100
212528694,-1.402,0.854,0.427,-0.018,0.011,1.045,4,1100
212529209,-1.341,0.366,0.488,0.008,0.029,1.047,4,1100
212530694,-0.793,1.280,0.244,0.044,0.038,1.050,4,1100
212531209,-0.793,1.280,0.244,0.063,0.023,1.052,4,1100
212532694,-1.220,2.317,-0.061,0.013,0.053,1.044,4,1100
212533214,-1.220,2.317,-0.061,0.013,0.053,1.044,4,1100
212534694,-1.159,2.012,0.244,-0.058,0.023,1.033,4,1100
212535209,-1.159,1.585,0.366,-0.058,0.000,1.036,4,1100
212536694,-1.524,0.793,0.488,-0.023,0.026,1.044,4,1100
212537204,-1.280,0.549,0.549,0.019,0.025,1.067,4,1100
212538694,-0.854,1.524,0.366,0.077,0.041,1.057,4,1100
212539209,-0.854,1.524,0.366,0.077,0.041,1.057,4,1100
212540694,-0.976,2.012,0.061,0.002,0.048,1.019,4,1100
212541209,-1.402,2.012,0.183,-0.047,0.022,1.019,4,1100
212542694,-1.585,1.951,0.244,-0.077,0.021,1.027,4,1100
212543209,-1.341,1.463,0.305,-0.032,0.005,1.043,4,1100
212544694,-1.220,0.488,0.488,0.023,0.031,1.061,4,1100
212545214,-1.220,0.488,0.488,0.023,0.031,1.061,4,1100
212546694,-0.854,1.524,0.183,0.045,0.045,1.039,4,1100
212547209,-0.854,2.012,0.183,0.045,0.045,1.039,4,1100
212548694,-0.854,2.256,-0.061,-0.009,0.047,1.006,4,1100
212549209,-1.159,2.256,-0.122,-0.041,0.025,1.038,4,1100
212550694,-1.159,1.037,0.244,-0.069,0.002,1.033,4,1100
212551209,-1.159,1.037,0.244,-0.054,0.001,1.037,4,1100
212552694,-1.341,0.732,0.671,0.030,0.035,1.048,4,1100
212553213,-1.341,0.732,0.671,0.030,0.035,1.048,4,1100
212554694,-1.159,1.646,0.244,0.053,0.041,1.026,4,1100
212555209,-0.915,2.195,0.366,0.026,0.038,1.021,4,1100
212556694,-0.915,2.500,0.366,-0.015,0.054,1.014,4,1100
212557209,-0.671,2.378,0.000,-0.043,0.026,1.027,4,1100
212558694,-1.098,1.037,0.366,-0.041,0.002,1.041,4,1100
212559211,-1.098,1.037,0.366,-0.041,0.002,1.041,4,1100
212560694,-1.220,0.854,0.671,0.030,0.031,1.057,4,1100
212561209,-1.098,1.037,0.549,0.048,0.032,1.055,4,1100
212562694,-0.976,1.463,0.244,0.038,0.049,1.051,4,1100
212563209,-0.732,1.951,0.122,0.028,0.059,1.014,4,1100
212564694,-1.037,2.012,-0.122,-0.015,0.047,1.032,4,1100
212565209,-1.037,2.012,-0.122,-0.057,0.020,1.007,4,1100
212566694,-1.220,1.159,0.610,-0.031,0.025,1.062,4,1100
212567213,-1.220,1.159,0.610,-0.031,0.025,1.062,4,1100
212568694,-1.098,0.854,0.793,0.028,0.029,1.068,4,1100
212569209,-0.671,1.159,0.305,0.063,0.045,1.048,4,1100
212570694,-0.671,1.646,0.366,0.053,0.041,1.034,4,1100
212571209,-0.488,2.195,0.366,-0.005,0.041,1.035,4,1100
212572694,-1.037,2.134,0.183,-0.068,0.017,1.025,4,1100
212573209,-1.037,2.134,0.183,-0.068,0.017,1.025,4,1100
212574694,-1.037,0.732,0.549,-0.006,0.018,1.044,4,1100
212575209,-1.098,0.671,0.732,-0.003,0.024,1.031,4,1100
212576694,-0.976,0.732,0.671,0.048,0.036,1.061,4,1100
212577208,-0.976,1.159,0.366,0.059,0.034,1.060,4,1100
212578694,-1.159,2.256,0.122,0.006,0.054,1.055,4,1100
212579209,-1.159,2.256,0.122,0.006,0.054,1.055,4,1100
212580694,-1.341,1.768,0.183,-0.056,0.007,1.021,4,1100
212581209,-1.159,1.037,0.549,-0.056,0.007,1.021,4,1100
212582694,-1.159,0.732,0.793,-0.027,0.018,1.044,4,1100
212583209,-1.159,0.610,0.976,0.023,0.037,1.071,4,1100
212584694,-0.793,1.220,0.671,0.044,0.049,1.037,4,1100
212585209,-0.793,1.220,0.671,0.060,0.037,1.050,4,1100
212586694,-0.793,2.073,-0.305,-0.007,0.046,1.020,4,1100
212587209,-0.793,2.073,-0.305,-0.007,0.046,1.020,4,1100
212588694,-1.098,1.829,0.122,-0.064,0.022,1.011,4,1100
212589212,-1.341,1.098,0.549,-0.050,-0.006,1.040,4,1100
212590694,-1.524,0.732,0.732,-0.018,0.007,1.057,4,1100
212591209,-1.341,0.366,0.915,0.021,0.027,1.067,4,1100
212592694,-0.854,1.402,0.488,0.053,0.045,1.030,4,1100
212593213,-0.854,1.402,0.488,0.053,0.045,1.030,4,1100
212594694,-0.854,2.317,0.366,-0.018,0.044,1.010,4,1100
212595209,-1.037,2.317,0.183,-0.042,0.031,1.030,4,1100
212596694,-1.402,1.890,0.305,-0.076,0.008,1.024,4,1100
212597209,-1.402,1.524,0.366,-0.046,0.010,1.044,4,1100
212598694,-1.220,0.854,0.793,-0.005,0.013,1.074,4,1100
212599209,-1.220,0.854,0.793,0.019,0.023,1.037,4,1100
212600694,-0.976,1.707,0.183,0.045,0.033,1.019,4,1100
212601209,-0.976,1.707,0.183,0.045,0.033,1.019,4,1100
212602694,-0.915,2.256,0.000,-0.018,0.031,1.024,4,1100
212603209,-1.037,2.500,0.366,-0.064,0.026,1.019,4,1100
212604694,-1.159,1.890,0.427,-0.055,-0.003,1.038,4,1100
212605209,-1.037,0.976,0.427,-0.040,0.017,1.041,4,1100
212606694,-0.915,0.793,1.037,0.039,0.037,1.039,4,1100
212607209,-0.915,0.793,1.037,0.039,0.037,1.039,4,1100
212608694,-0.610,1.585,0.488,0.041,0.043,1.057,4,1100
212609214,-0.427,2.134,0.366,0.008,0.052,1.033,4,1100
212610694,-0.549,2.378,0.183,-0.013,0.036,1.024,4,1100
212611208,-0.915,2.378,0.000,-0.057,0.013,0.994,4,1100
212612694,-0.976,0.793,0.671,-0.030,0.007,1.058,4,1100
212613209,-0.976,0.793,0.671,-0.030,0.007,1.058,4,1100
212614694,-1.341,0.549,0.671,0.045,0.038,1.086,4,1100
212615213,-1.159,1.098,0.427,0.045,0.038,1.086,4,1100
212616694,-1.037,1.890,0.366,0.051,0.050,1.032,4,1100
212617209,-0.976,2.378,0.061,0.010,0.033,1.015,4,1100
212618694,-0.854,2.256,0.061,-0.040,0.031,1.008,4,1100
212619213,-0.854,2.256,0.061,-0.062,0.013,1.028,4,1100
212620694,-1.341,1.037,0.854,-0.023,0.019,1.056,4,1100
212621209,-1.341,1.037,0.854,-0.023,0.019,1.056,4,1100
212622694,-1.402,0.732,0.610,0.049,0.039,1.062,4,1100
212623209,-1.098,1.280,0.549,0.058,0.037,1.045,4,1100
212624694,-1.159,2.134,0.427,0.030,0.047,1.022,4,1100
212625209,-1.037,2.317,0.122,0.021,0.041,1.040,4,1100
212626694,-1.159,1.890,0.183,-0.053,0.021,1.041,4,1100
212627209,-1.159,1.890,0.183,-0.053,0.021,1.041,4,1100
212628694,-1.341,0.976,0.549,-0.031,0.017,1.047,4,1100
212629209,-1.220,0.427,0.610,0.027,0.022,1.067,4,1100
212630694,-0.976,0.549,0.671,0.039,0.029,1.041,4,1100
212631208,-0.732,1.280,0.793,0.057,0.037,1.051,4,1100
212632694,-0.915,2.317,0.366,0.045,0.046,1.017,4,1100
212633209,-0.915,2.317,0.366,0.004,0.061,1.036,4,1100
212634694,-1.220,1.890,0.305,-0.064,0.019,1.033,4,1100
212635209,-1.220,1.890,0.305,-0.064,0.019,1.033,4,1100
212636694,-1.037,0.915,0.488,-0.019,0.034,1.029,4,1100
212637208,-1.159,0.732,0.793,0.031,0.034,1.059,4,1100
212638694,-0.976,1.037,0.671,0.048,0.045,1.046,4,1100
212639209,-0.793,1.463,0.244,0.049,0.037,1.036,4,1100
212640694,-0.854,2.439,-0.183,-0.010,0.054,1.018,4,1100
212641213,-0.854,2.439,-0.183,-0.010,0.054,1.018,4,1100
212642694,-1.463,1.890,0.061,-0.079,0.008,1.033,4,1100
212643209,-1.524,1.098,0.427,-0.036,0.018,1.035,4,1100
212644694,-1.341,0.427,0.671,-0.010,0.019,1.048,4,1100
212645209,-1.098,0.488,0.671,0.014,0.037,1.047,4,1100
212646694,-0.793,1.646,0.183,0.047,0.051,1.019,4,1100
212647213,-0.793,1.646,0.183,0.047,0.051,1.019,4,1100
212648694,-0.610,2.256,0.305,-0.003,0.044,1.020,4,1100
212649213,-0.915,2.378,0.183,-0.003,0.044,1.020,4,1100
212650694,-1.463,2.012,0.366,-0.082,-0.006,1.030,4,1100
212651209,-1.768,1.402,0.610,-0.051,0.011,1.051,4,1100
212652694,-1.220,0.610,0.732,0.001,0.022,1.073,4,1100
212653209,-1.220,0.610,0.732,0.031,0.040,1.062,4,1100
212654698,-0.427,1.585,0.122,0.048,0.054,1.029,4,1100
212655230,-0.427,1.585,0.122,0.048,0.054,1.029,4,1100
212656701,-0.976,2.500,-0.122,-0.024,0.049,1.030,4,1100
212657218,-1.159,2.195,0.000,-0.055,0.014,1.016,4,1100
212658695,-1.341,1.341,0.122,-0.062,0.009,1.038,4,1100
212659211,-1.159,1.098,0.305,-0.035,0.000,1.061,4,1100
212660694,-0.732,0.732,0.671,0.039,0.033,1.062,4,1100
212661209,-0.732,0.732,0.671,0.039,0.033,1.062,4,1100
212662694,-0.854,1.646,0.305,0.036,0.044,1.051,4,1100
212663204,-1.037,2.256,0.244,0.014,0.053,1.019,4,1100
212664694,-1.037,2.439,0.183,-0.025,0.041,1.017,4,1100
212665209,-1.037,2.012,0.122,-0.064,0.024,1.015,4,1100
212666694,-1.463,0.793,0.366,-0.063,-0.003,1.034,4,1100
212667213,-1.463,0.793,0.366,-0.026,0.022,1.065,4,1100
212668694,-1.098,0.915,0.610,0.047,0.038,1.059,4,1100
212669214,-1.098,0.915,0.610,0.047,0.038,1.059,4,1100
212670694,-1.037,2.073,0.000,0.040,0.040,1.023,4,1100
212671209,-0.976,2.256,-0.122,0.000,0.044,1.034,4,1100
212672694,-0.854,2.256,0.122,-0.040,0.037,1.010,4,1100
212673209,-0.976,2.012,0.183,-0.066,0.015,1.037,4,1100
212674694,-1.098,0.732,0.305,-0.010,0.022,1.051,4,1100
212675214,-1.098,0.732,0.305,-0.010,0.022,1.051,4,1100
212676694,-0.610,0.854,0.610,0.049,0.037,1.041,4,1100
212677209,-0.854,1.402,0.488,0.054,0.034,1.056,4,1100
212678694,-0.976,2.134,0.244,0.036,0.052,1.026,4,1100
212679209,-0.915,2.500,-0.122,0.009,0.040,1.014,4,1100
212680694,-1.220,1.890,0.183,-0.057,0.007,1.036,4,1100
212681214,-1.220,1.890,0.183,-0.057,0.007,1.036,4,1100
212682694,-1.341,0.854,0.549,-0.021,0.016,1.058,4,1100
212683209,-1.220,0.671,0.610,-0.021,0.016,1.058,4,1100
212684694,-0.610,0.793,0.549,0.054,0.036,1.046,4,1100
212685212,-0.671,1.524,0.305,0.055,0.049,1.042,4,1100
212686694,-1.037,2.378,0.183,0.027,0.039,1.052,4,1100
212687214,-1.037,2.378,0.183,-0.005,0.050,1.001,4,1100
212688694,-1.159,1.890,-0.061,-0.070,0.008,1.024,4,1100
212689213,-1.159,1.890,-0.061,-0.070,0.008,1.024,4,1100
212690694,-1.341,0.427,0.549,-0.015,0.023,1.054,4,1100
212691209,-1.220,0.549,0.854,0.026,0.035,1.050,4,1100
212692694,-0.976,0.976,0.549,0.065,0.045,1.075,4,1100
212693209,-0.671,1.707,0.305,0.037,0.042,1.028,4,1100
212694694,-0.732,2.439,0.061,-0.004,0.043,1.014,4,1100
212695209,-0.732,2.439,0.061,-0.004,0.043,1.014,4,1100
212696694,-1.159,1.524,0.061,-0.060,0.014,1.029,4,1100
212697209,-1.037,0.854,0.488,-0.043,-0.009,1.030,4,1100
212698694,-0.915,0.671,0.854,0.007,0.030,1.063,4,1100
212699214,-1.159,0.793,0.854,0.035,0.027,1.062,4,1100
212700694,-0.915,1.585,0.183,0.063,0.047,1.048,4,1100
212701209,-0.915,1.585,0.183,0.049,0.041,1.046,4,1100
212702694,-0.915,2.439,-0.061,-0.028,0.040,1.033,4,1100
212703209,-0.915,2.439,-0.061,-0.028,0.040,1.033,4,1100
212704694,-1.341,1.280,0.122,-0.063,0.007,1.037,4,1100
212705209,-1.159,0.793,0.366,-0.036,0.008,1.053,4,1100
212706694,-1.037,0.488,0.610,0.016,0.021,1.052,4,1100
212707209,-0.793,0.610,0.671,0.032,0.031,1.065,4,1100
212708694,-0.976,1.768,0.366,0.043,0.042,1.032,4,1100
212709209,-0.976,1.768,0.366,0.043,0.042,1.032,4,1100
212710694,-0.976,2.500,-0.061,-0.028,0.033,1.030,4,1100
212711214,-1.159,2.195,0.122,-0.067,0.008,1.018,4,1100
212712694,-1.098,1.707,0.488,-0.065,-0.004,1.038,4,1100
212713209,-0.915,0.854,0.610,-0.027,0.016,1.056,4,1100
212714694,-0.976,0.610,0.671,0.059,0.042,1.049,4,1100
212715214,-0.976,0.610,0.671,0.059,0.042,1.049,4,1100
212716694,-1.341,1.951,-0.061,0.037,0.059,1.030,4,1100
212717209,-1.463,2.256,0.061,0.037,0.059,1.030,4,1100
212718694,-1.159,2.378,0.122,-0.038,0.044,1.006,4,1100
212719209,-0.793,2.134,0.000,-0.071,0.002,1.034,4,1100
212720694,-1.402,0.793,0.793,-0.056,0.015,1.037,4,1100
212721209,-1.402,0.793,0.793,-0.009,0.009,1.035,4,1100
212722694,-1.098,0.976,0.610,0.046,0.029,1.048,4,1100
212723209,-1.098,0.976,0.610,0.046,0.029,1.048,4,1100
212724694,-0.732,1.829,0.122,0.040,0.063,1.025,4,1100
212725209,-0.671,2.317,0.366,0.008,0.041,1.033,4,1100
212726694,-0.854,2.378,0.427,-0.050,0.033,1.021,4,1100
212727209,-0.976,1.951,0.122,-0.041,0.004,1.023,4,1100
212728694,-1.159,0.854,0.976,-0.007,0.023,1.059,4,1100
212729209,-1.159,0.854,0.976,-0.007,0.023,1.059,4,1100
212730694,-1.220,0.976,0.793,0.049,0.050,1.049,4,1100
212731209,-0.854,1.402,0.427,0.064,0.032,1.025,4,1100
212732694,-0.793,1.768,0.183,0.024,0.053,1.041,4,1100
212733213,-0.976,2.256,-0.061,-0.011,0.035,1.023,4,1100
212734694,-1.280,1.951,0.366,-0.040,0.031,1.032,4,1100
212735213,-1.280,1.951,0.366,-0.070,-0.003,1.029,4,1100
212736694,-1.280,0.610,0.915,-0.002,0.022,1.069,4,1100
212737213,-1.280,0.610,0.915,-0.002,0.022,1.069,4,1100
212738694,-1.037,0.854,0.793,0.060,0.043,1.058,4,1100
212739209,-0.793,1.524,0.488,0.060,0.040,1.025,4,1100
212740694,-1.098,2.317,0.366,0.027,0.061,1.036,4,1100
212741209,-1.098,2.439,0.183,-0.027,0.032,1.018,4,1100
212742694,-1.524,1.829,0.305,-0.055,0.014,1.035,4,1100
212743209,-1.524,1.829,0.305,-0.055,0.014,1.035,4,1100
212744694,-1.463,0.732,0.854,-0.002,0.019,1.054,4,1100
212745209,-1.463,0.610,0.915,0.043,0.030,1.054,4,1100
212746694,-1.098,1.098,0.610,0.050,0.037,1.041,4,1100
212747209,-0.915,1.585,0.488,0.055,0.038,1.054,4,1100
212748694,-1.037,2.073,0.427,-0.021,0.037,1.017,4,1100
212749209,-1.037,2.073,0.427,-0.021,0.037,1.017,4,1100
212750694,-1.098,1.707,0.183,-0.058,0.002,1.031,4,1100
212751209,-1.037,0.915,0.671,-0.058,0.002,1.031,4,1100
212752694,-1.159,0.488,0.915,-0.004,0.032,1.048,4,1100
212753214,-0.976,0.610,0.793,0.045,0.023,1.078,4,1100
212754694,-0.976,1.585,0.244,0.048,0.042,1.045,4,1100
212755209,-0.976,1.585,0.244,0.050,0.036,1.041,4,1100
212756694,-0.732,2.317,0.183,-0.023,0.032,1.015,4,1100
212757209,-0.732,2.317,0.183,-0.023,0.032,1.015,4,1100
212758694,-1.341,1.341,0.305,-0.057,0.004,1.043,4,1100
212759214,-1.159,0.793,0.488,-0.016,0.010,1.042,4,1100
212760694,-1.037,0.610,0.793,-0.013,0.030,1.046,4,1100
212761209,-0.915,0.549,0.732,0.064,0.035,1.065,4,1100
212762694,-1.220,2.012,0.427,0.018,0.038,1.017,4,1100
212763209,-1.220,2.012,0.427,0.018,0.038,1.017,4,1100
212764694,-1.159,2.683,0.183,-0.026,0.038,0.997,4,1100
212765209,-1.098,2.195,0.305,-0.026,0.038,0.997,4,1100
212766694,-1.098,1.463,0.488,-0.062,0.006,1.042,4,1100
212767214,-1.280,0.854,0.671,-0.011,0.021,1.027,4,1100
212768694,-0.732,0.915,0.549,0.011,0.037,1.060,4,1100
212769209,-0.732,0.915,0.549,0.039,0.033,1.049,4,1100
212770694,-0.854,2.073,0.549,0.023,0.051,1.033,4,1100
212771209,-0.854,2.073,0.549,0.023,0.051,1.033,4,1100
212772694,-1.220,2.317,0.061,-0.042,0.037,1.026,4,1100
212773208,-1.463,1.890,0.122,-0.064,0.005,1.010,4,1100
212774694,-1.585,1.280,0.366,-0.051,0.003,1.038,4,1100
212775209,-1.463,0.671,0.610,-0.014,0.013,1.028,4,1100
212776694,-0.915,0.915,0.610,0.059,0.047,1.059,4,1100
212777209,-0.915,0.915,0.610,0.059,0.047,1.059,4,1100
212778694,-0.549,2.195,0.305,0.024,0.045,1.045,4,1100
212779209,-0.732,2.378,0.244,-0.013,0.036,1.022,4,1100
212780694,-1.098,2.134,0.122,-0.037,0.034,1.026,4,1100
212781212,-1.098,1.951,0.061,-0.068,0.010,1.028,4,1100
212782694,-0.976,0.427,0.610,-0.001,0.020,1.060,4,1100
212783209,-0.976,0.427,0.610,-0.001,0.020,1.060,4,1100
212784701,-0.793,0.976,0.610,0.054,0.026,1.073,4,1100
212785228,-0.671,1.402,0.061,0.054,0.026,1.073,4,1100
212786696,-0.793,1.951,-0.061,0.019,0.052,1.032,4,1100
212787216,-1.159,2.012,-0.122,-0.010,0.043,1.024,4,1100
212788694,-1.280,2.073,-0.183,-0.043,0.020,1.008,4,1100
212789209,-1.159,1.646,-0.122,-0.062,0.006,1.015,4,1100
212790694,-0.854,0.488,0.488,-0.000,0.025,1.063,4,1100
212791209,-0.854,0.488,0.488,-0.000,0.025,1.063,4,1100
212792694,-0.915,1.098,0.793,0.062,0.038,1.042,4,1100
212793209,-0.793,1.707,0.366,0.045,0.032,1.047,4,1100
212794694,-1.098,2.378,0.244,0.023,0.064,1.013,4,1100
212795214,-1.037,2.378,0.061,-0.026,0.034,1.032,4,1100
212796694,-0.793,1.951,0.244,-0.063,-0.003,1.042,4,1100
212797209,-0.793,1.951,0.244,-0.063,-0.003,1.042,4,1100
212798694,-1.037,0.915,0.854,0.020,0.038,1.045,4,1100
212799209,-0.793,0.732,1.159,0.020,0.038,1.045,4,1100
212800694,-0.854,1.159,0.671,0.057,0.047,1.030,4,1100
212801209,-1.098,1.829,0.305,0.056,0.050,1.045,4,1100
212802694,-0.915,2.378,-0.061,0.002,0.055,1.031,4,1100
212803209,-0.915,2.378,-0.061,-0.041,0.023,1.016,4,1100
212804694,-0.976,1.707,0.122,-0.054,0.012,1.023,4,1100
212805214,-0.976,1.707,0.122,-0.054,0.012,1.023,4,1100
212806694,-0.854,0.366,0.610,0.005,0.029,1.060,4,1100
212807209,-0.793,0.610,0.610,0.045,0.029,1.053,4,1100
212808694,-0.793,1.220,0.305,0.059,0.054,1.054,4,1100
212809208,-0.610,1.829,0.000,0.048,0.045,1.018,4,1100
212810694,-1.159,2.317,-0.061,-0.029,0.031,1.009,4,1100
212811211,-1.159,2.317,-0.061,-0.029,0.031,1.009,4,1100
212812694,-1.341,1.280,0.244,-0.046,0.015,1.048,4,1100
212813209,-1.220,0.610,0.488,-0.034,-0.000,1.037,4,1100
212814694,-0.854,0.549,0.732,0.010,0.031,1.057,4,1100
212815209,-0.793,0.976,0.427,0.060,0.034,1.048,4,1100
212816694,-0.732,1.951,0.000,0.025,0.037,1.041,4,1100
212817209,-0.732,1.951,0.000,0.025,0.037,1.041,4,1100
212818694,-0.976,2.439,-0.122,-0.041,0.040,1.034,4,1100
212819209,-1.341,1.829,0.061,-0.041,0.040,1.034,4,1100
212820694,-1.220,1.098,0.000,-0.046,0.002,1.046,4,1100
212821209,-1.220,0.793,0.427,-0.012,0.014,1.035,4,1100
212822694,-1.220,0.427,0.610,0.030,0.030,1.058,4,1100
212823209,-0.793,0.610,0.427,0.070,0.035,1.069,4,1100
212824694,-0.671,2.134,0.061,0.030,0.041,1.039,4,1100
212825209,-0.671,2.134,0.061,0.030,0.041,1.039,4,1100
212826694,-1.037,2.256,0.061,-0.060,0.022,1.035,4,1100
212827209,-0.915,1.585,0.122,-0.072,0.014,1.042,4,1100
212828694,-0.793,1.220,0.427,-0.025,0.016,1.037,4,1100
212829209,-0.671,0.793,0.793,-0.014,0.019,1.062,4,1100
212830694,-1.220,1.159,0.061,0.065,0.040,1.059,4,1100
212831209,-1.220,1.159,0.061,0.065,0.040,1.059,4,1100
212832694,-1.280,2.256,0.244,0.019,0.052,1.029,4,1100
212833212,-1.098,2.256,0.244,0.019,0.052,1.029,4,1100
212834694,-0.976,2.195,0.061,-0.070,0.023,1.006,4,1100
212835209,-1.098,1.463,0.244,-0.065,-0.006,1.039,4,1100
212836694,-0.976,0.366,0.793,-0.033,0.010,1.032,4,1100
212837213,-0.976,0.366,0.793,0.007,0.036,1.056,4,1100
212838694,-0.976,0.976,0.488,0.066,0.039,1.045,4,1100
212839209,-0.976,0.976,0.488,0.066,0.039,1.045,4,1100
212840694,-0.976,2.134,0.305,0.017,0.050,1.000,4,1100
212841209,-0.976,2.134,-0.122,-0.023,0.028,1.024,4,1100
212842694,-1.159,2.256,-0.305,-0.064,0.016,1.019,4,1100
212843208,-1.220,1.707,0.000,-0.060,0.004,1.020,4,1100
212844694,-1.037,0.488,0.915,0.001,0.024,1.040,4,1100
212845209,-1.037,0.488,0.915,0.001,0.024,1.040,4,1100
212846701,-1.037,1.341,0.488,0.056,0.034,1.046,4,1100
212847228,-0.793,1.768,0.427,0.044,0.047,1.038,4,1100
212848696,-0.793,2.256,0.122,0.018,0.047,1.032,4,1100
212849218,-1.037,2.500,0.000,-0.041,0.025,1.011,4,1100
212850694,-1.159,1.280,0.366,-0.054,0.001,1.042,4,1100
212851211,-1.159,1.280,0.366,-0.054,0.001,1.042,4,1100
212852694,-1.159,0.488,0.488,0.015,0.043,1.054,4,1100
212853209,-0.732,0.793,0.549,0.015,0.043,1.054,4,1100
212854694,-0.671,1.280,0.488,0.044,0.042,1.047,4,1100
212855209,-0.488,2.134,0.122,0.032,0.041,1.021,4,1100
212856694,-0.854,2.561,-0.061,0.015,0.052,1.049,4,1100
212857209,-0.732,2.378,0.122,-0.043,0.032,1.016,4,1100
212858694,-0.915,1.585,0.244,-0.054,0.002,1.032,4,1100
212859204,-0.915,1.585,0.244,-0.054,0.002,1.032,4,1100
212860694,-0.976,0.366,0.732,0.027,0.036,1.074,4,1100
212861209,-1.159,0.793,0.488,0.055,0.041,1.044,4,1100
212862694,-0.854,1.402,0.183,0.062,0.039,1.041,4,1100
212863209,-0.671,1.890,0.427,0.029,0.044,1.029,4,1100
212864694,-1.098,2.439,0.061,-0.039,0.030,1.034,4,1100
212865209,-1.098,2.439,0.061,-0.039,0.030,1.034,4,1100
212866694,-1.402,1.098,0.488,-0.045,0.001,1.042,4,1100
212867209,-1.280,0.488,0.671,-0.045,0.001,1.042,4,1100
212868701,-0.976,0.549,0.732,0.027,0.030,1.040,4,1100
212869221,-0.793,0.915,0.671,0.047,0.038,1.053,4,1100
212870696,-0.427,2.012,0.305,0.050,0.044,1.034,4,1100
212871218,-0.427,2.012,0.305,0.025,0.058,1.041,4,1100
212872694,-0.976,2.012,-0.061,-0.039,0.026,1.025,4,1100
212873209,-0.976,2.012,-0.061,-0.039,0.026,1.025,4,1100
212874694,-1.220,1.037,0.183,-0.039,0.011,1.038,4,1100
212875209,-1.220,0.488,0.671,-0.005,0.014,1.060,4,1100
212876694,-1.220,0.427,0.854,0.028,0.029,1.042,4,1100
212877208,-1.037,0.732,0.610,0.054,0.033,1.056,4,1100
212878694,-1.037,1.890,0.183,0.018,0.035,1.030,4,1100
212879209,-1.037,1.890,0.183,0.018,0.035,1.030,4,1100
212880694,-1.159,2.195,-0.122,-0.050,0.027,1.014,4,1100
212881212,-1.280,1.585,0.183,-0.067,0.010,1.028,4,1100
212882694,-1.524,0.976,0.793,-0.034,0.019,1.051,4,1100
212883212,-1.280,0.549,0.793,0.013,0.015,1.037,4,1100
212884694,-0.915,1.098,0.427,0.053,0.035,1.041,4,1100
212885209,-0.915,1.098,0.427,0.053,0.035,1.041,4,1100
212886694,-0.915,2.073,0.366,0.013,0.050,1.002,4,1100
212887214,-0.915,2.256,0.305,0.013,0.050,1.002,4,1100
212888694,-1.159,1.890,0.183,-0.066,0.021,1.015,4,1100
212889209,-1.220,1.220,0.122,-0.068,0.003,1.032,4,1100
212890694,-1.220,0.732,0.549,-0.023,0.015,1.046,4,1100
212891209,-1.098,0.671,0.732,0.016,0.028,1.040,4,1100
212892694,-1.159,1.402,0.915,0.068,0.049,1.042,4,1100
212893214,-1.159,1.402,0.915,0.068,0.049,1.042,4,1100
212894694,-1.098,2.317,0.122,-0.001,0.047,1.026,4,1100
212895209,-1.220,2.439,0.122,-0.015,0.042,1.007,4,1100
212896699,-1.402,1.951,0.122,-0.080,0.028,1.039,4,1100
212897224,-1.341,1.524,0.305,-0.052,-0.002,1.043,4,1100
212898696,-1.159,0.793,0.854,0.011,0.031,1.056,4,1100
212899211,-1.159,0.793,0.854,0.011,0.031,1.056,4,1100
212900694,-0.854,1.220,0.610,0.053,0.037,1.048,4,1100
212901208,-0.732,1.524,0.488,0.053,0.037,1.048,4,1100
212902694,-0.610,2.134,0.427,0.005,0.040,1.030,4,1100
212903212,-1.159,2.256,0.061,-0.042,0.032,1.008,4,1100
212904694,-1.463,1.463,0.061,-0.054,0.014,1.022,4,1100
212905214,-1.463,1.463,0.061,-0.055,-0.002,1.048,4,1100
212906694,-1.280,0.671,0.976,0.013,0.024,1.070,4,1100
212907214,-1.280,0.671,0.976,0.013,0.024,1.070,4,1100
212908694,-0.793,1.524,0.366,0.056,0.039,1.030,4,1100
212909209,-0.915,2.073,0.183,0.010,0.048,1.026,4,1100
212910694,-1.037,2.500,0.366,0.013,0.045,1.020,4,1100
212911209,-1.037,2.378,0.000,-0.030,0.030,1.030,4,1100
212912694,-1.037,1.341,0.183,-0.051,0.002,1.056,4,1100
212913211,-1.037,1.341,0.183,-0.051,0.002,1.056,4,1100
212914694,-0.976,0.793,0.915,0.025,0.042,1.062,4,1100
212915214,-0.976,1.037,0.549,0.059,0.022,1.072,4,1100
212916694,-1.037,1.463,0.244,0.056,0.044,1.014,4,1100
212917209,-1.220,2.012,0.122,0.043,0.053,1.042,4,1100
212918694,-1.159,2.378,-0.122,-0.059,0.019,1.034,4,1100
212919209,-1.159,2.378,-0.122,-0.059,0.019,1.034,4,1100
212920694,-1.280,1.220,0.244,-0.053,0.014,1.035,4,1100
212921209,-1.402,0.427,0.610,-0.053,0.014,1.035,4,1100
212922694,-1.280,0.671,0.610,0.030,0.031,1.048,4,1100
212923209,-0.976,1.037,0.488,0.057,0.034,1.059,4,1100
212924694,-0.854,1.768,0.366,0.051,0.043,1.032,4,1100
212925213,-1.220,2.256,0.305,0.022,0.055,1.032,4,1100
212926694,-1.037,2.317,0.122,-0.057,0.018,1.013,4,1100
212927209,-1.037,2.317,0.122,-0.057,0.018,1.013,4,1100
212928694,-1.402,1.037,0.610,-0.038,0.006,1.043,4,1100
212929213,-1.341,0.732,0.915,-0.003,0.037,1.055,4,1100
212930694,-1.098,0.854,0.732,0.033,0.029,1.050,4,1100
212931209,-0.915,1.220,0.305,0.052,0.040,1.026,4,1100
212932694,-0.732,2.195,0.183,-0.003,0.048,1.016,4,1100
212933209,-0.732,2.195,0.183,-0.003,0.048,1.016,4,1100
212934694,-1.159,1.890,-0.061,-0.046,0.018,1.017,4,1100
212935209,-1.402,1.341,0.061,-0.046,0.018,1.017,4,1100
212936694,-1.402,0.793,0.366,-0.021,0.014,1.047,4,1100
212937209,-1.402,0.427,0.671,0.029,0.028,1.039,4,1100
212938694,-0.793,1.341,0.610,0.031,0.026,1.061,4,1100
212939209,-0.793,1.341,0.610,0.053,0.032,1.037,4,1100
212940694,-0.976,2.500,0.061,0.012,0.051,1.049,4,1100
212941209,-0.976,2.500,0.061,0.012,0.051,1.049,4,1100
212942694,-1.159,1.707,0.183,-0.068,0.007,1.032,4,1100
212943209,-1.341,1.463,0.244,-0.042,0.004,1.038,4,1100
212944694,-1.037,0.915,0.427,-0.023,0.021,1.038,4,1100
212945209,-0.793,0.732,0.427,0.022,0.024,1.060,4,1100
212946694,-1.037,1.524,0.122,0.047,0.039,1.056,4,1100
212947209,-1.037,1.524,0.122,0.047,0.039,1.056,4,1100
212948694,-0.976,2.378,-0.122,0.001,0.038,1.031,4,1100
212949209,-1.159,2.317,0.061,-0.044,0.037,1.014,4,1100
212950701,-1.037,2.073,0.061,-0.067,-0.007,1.029,4,1100
212951221,-0.976,1.159,0.183,-0.053,0.011,1.048,4,1100
212952696,-1.280,0.549,0.610,0.016,0.035,1.055,4,1100
212953211,-1.280,0.549,0.610,0.016,0.035,1.055,4,1100
212954694,-1.159,1.585,0.183,0.051,0.050,1.028,4,1100
212955213,-0.854,2.012,0.000,0.051,0.050,1.028,4,1100
212956694,-0.915,2.256,-0.061,0.004,0.041,1.011,4,1100
212957212,-0.976,2.134,0.000,-0.060,0.024,1.021,4,1100
212958694,-1.220,2.012,0.183,-0.071,0.002,1.028,4,1100
212959209,-1.524,1.037,0.549,-0.044,0.008,1.036,4,1100
212960694,-1.159,0.671,0.488,0.033,0.033,1.056,4,1100
212961209,-1.159,0.671,0.488,0.033,0.033,1.056,4,1100
212962694,-0.793,1.646,0.244,0.039,0.040,1.016,4,1100
212963209,-0.610,2.073,0.305,0.027,0.045,1.036,4,1100
212964694,-1.037,2.256,0.122,-0.011,0.046,1.011,4,1100
212965209,-1.037,2.317,0.000,-0.044,0.025,1.023,4,1100
212966694,-1.220,0.976,0.305,-0.036,0.002,1.036,4,1100
212967209,-1.220,0.976,0.305,-0.036,0.002,1.036,4,1100
212968694,-1.280,0.671,0.671,0.035,0.039,1.059,4,1100
212969209,-0.976,0.976,0.549,0.035,0.039,1.059,4,1100
212970694,-0.793,1.524,0.183,0.035,0.037,1.017,4,1100
212971209,-0.854,2.195,-0.061,0.027,0.044,1.022,4,1100
212972694,-1.159,2.439,-0.183,-0.006,0.041,1.034,4,1100
212973209,-1.159,2.439,-0.183,-0.066,0.025,1.032,4,1100
212974694,-1.220,0.854,0.427,-0.039,0.012,1.043,4,1100
212975209,-1.220,0.854,0.427,-0.039,0.012,1.043,4,1100
212976694,-1.098,0.732,1.037,0.046,0.030,1.057,4,1100
212977209,-1.037,1.220,0.793,0.041,0.028,1.037,4,1100
212978694,-0.732,2.012,0.488,0.047,0.048,1.051,4,1100
212979209,-0.732,2.195,0.000,0.021,0.048,1.014,4,1100
212980694,-0.854,2.073,-0.122,-0.061,0.008,1.025,4,1100
212981209,-0.854,2.073,-0.122,-0.061,0.008,1.025,4,1100
212982694,-1.341,0.854,0.488,-0.033,0.005,1.056,4,1100
212983209,-1.341,0.610,0.732,0.007,0.032,1.050,4,1100
212984694,-1.280,0.732,0.549,0.056,0.040,1.065,4,1100
212985209,-0.793,1.280,0.610,0.051,0.042,1.038,4,1100
212986694,-1.037,2.256,0.183,0.019,0.046,1.032,4,1100
212987213,-1.037,2.256,0.183,0.019,0.046,1.032,4,1100
212988694,-1.037,1.829,0.183,-0.068,0.012,1.036,4,1100
212989214,-1.098,1.402,0.305,-0.068,0.012,1.036,4,1100
212990694,-1.098,0.732,0.427,-0.016,0.017,1.051,4,1100
212991209,-0.976,0.305,0.793,0.022,0.041,1.059,4,1100
212992694,-0.976,0.732,0.915,0.044,0.031,1.038,4,1100
212993212,-0.854,1.585,0.732,0.062,0.028,1.042,4,1100
212994694,-0.732,2.256,0.122,0.013,0.050,1.038,4,1100
212995209,-0.732,2.256,0.122,0.013,0.050,1.038,4,1100
212996694,-1.159,1.890,0.244,-0.080,0.006,1.018,4,1100
212997209,-1.159,1.280,0.488,-0.057,0.008,1.041,4,1100
212998694,-1.280,0.915,0.732,-0.004,0.032,1.039,4,1100
212999214,-1.280,0.610,0.671,0.008,0.015,1.074,4,1100
213000694,-0.610,1.280,0.305,0.061,0.036,1.041,4,1100
213001213,-0.610,1.280,0.305,0.061,0.036,1.041,4,1100
213002694,-0.488,2.256,0.366,-0.009,0.056,1.021,4,1100
213003213,-0.976,2.195,0.061,-0.009,0.056,1.021,4,1100
213004694,-1.280,2.134,-0.061,-0.065,0.014,1.028,4,1100
213005209,-1.159,1.159,0.122,-0.054,-0.004,1.048,4,1100
213006694,-1.159,0.488,0.915,-0.009,0.025,1.053,4,1100
213007209,-1.159,0.488,0.915,0.040,0.034,1.035,4,1100
213008694,-0.854,1.402,0.244,0.059,0.039,1.025,4,1100
213009214,-0.854,1.402,0.244,0.059,0.039,1.025,4,1100
213010694,-0.915,1.951,0.427,-0.011,0.041,1.017,4,1100
213011209,-1.037,1.951,0.549,-0.055,0.013,1.025,4,1100
213012694,-1.159,1.524,0.244,-0.062,0.013,1.034,4,1100
213013214,-0.976,0.854,0.427,-0.029,0.017,1.041,4,1100
213014694,-1.037,0.671,0.793,0.036,0.037,1.042,4,1100
213015209,-1.037,0.671,0.793,0.036,0.037,1.042,4,1100
213016694,-0.732,1.707,0.488,0.047,0.055,1.045,4,1100
213017213,-0.366,2.134,0.244,0.022,0.043,1.027,4,1100
213018694,-0.671,2.378,0.122,-0.027,0.047,1.024,4,1100
213019209,-0.976,2.073,0.122,-0.056,0.023,1.009,4,1100
213020694,-1.280,1.159,0.305,-0.038,0.004,1.048,4,1100
213021209,-1.280,1.159,0.305,-0.038,0.004,1.048,4,1100
213022694,-0.793,0.793,0.976,0.039,0.042,1.067,4,1100
213023209,-0.793,0.793,0.976,0.039,0.042,1.067,4,1100
213024694,-0.549,1.768,0.244,0.050,0.041,1.051,4,1100
213025209,-0.488,2.073,0.244,0.021,0.042,1.009,4,1100
213026694,-0.671,2.378,0.549,-0.042,0.038,1.025,4,1100
213027209,-0.915,2.378,0.305,-0.054,0.019,1.009,4,1100
213028694,-1.037,0.732,0.610,-0.021,0.019,1.061,4,1100
213029214,-1.037,0.732,0.610,-0.021,0.019,1.061,4,1100
213030694,-0.976,0.732,0.610,0.049,0.037,1.072,4,1100
213031209,-0.915,1.280,0.305,0.056,0.030,1.039,4,1100
213032694,-1.220,1.829,0.244,0.033,0.043,1.021,4,1100
213033209,-1.098,2.073,0.183,0.018,0.048,1.041,4,1100
213034694,-1.098,2.012,0.000,-0.064,0.023,1.031,4,1100
213035209,-1.098,2.012,0.000,-0.064,0.023,1.031,4,1100
213036694,-1.402,1.037,0.427,-0.017,0.015,1.044,4,1100
213037209,-1.220,0.793,0.793,-0.017,0.015,1.044,4,1100
213038694,-1.098,0.854,0.732,0.052,0.043,1.050,4,1100
213039209,-1.098,1.280,0.488,0.064,0.038,1.047,4,1100
213040694,-0.976,2.195,0.000,0.027,0.055,1.014,4,1100
213041209,-0.976,2.195,0.000,0.010,0.051,1.033,4,1100
213042694,-1.037,2.134,0.000,-0.078,0.012,1.021,4,1100
213043214,-1.037,2.134,0.000,-0.078,0.012,1.021,4,1100
213044694,-1.159,0.671,0.549,-0.001,0.018,1.041,4,1100
213045209,-1.098,0.427,0.671,0.026,0.033,1.070,4,1100
213046701,-0.854,0.549,0.366,0.042,0.018,1.047,4,1100
213047227,-0.854,1.341,0.366,0.065,0.047,1.033,4,1100
213048696,-1.037,2.378,0.183,-0.015,0.038,1.014,4,1100
213049219,-1.037,2.378,0.183,-0.015,0.038,1.014,4,1100
213050694,-1.159,1.890,0.305,-0.068,0.010,1.021,4,1100
213051209,-1.463,1.159,0.366,-0.054,0.002,1.048,4,1100
213052694,-1.220,0.610,0.732,-0.012,0.015,1.062,4,1100
213053209,-1.159,0.427,0.854,0.032,0.040,1.046,4,1100
213054694,-0.549,1.585,0.488,0.062,0.051,1.024,4,1100
213055204,-0.549,1.585,0.488,0.062,0.051,1.024,4,1100
213056694,-0.793,2.378,0.305,-0.022,0.046,1.016,4,1100
213057209,-0.793,2.378,0.305,-0.022,0.046,1.016,4,1100
213058694,-1.463,1.768,0.305,-0.064,0.004,1.022,4,1100
213059209,-1.524,1.220,0.488,-0.060,0.002,1.036,4,1100
213060694,-1.524,0.549,0.671,0.001,0.023,1.062,4,1100
213061209,-1.159,0.549,0.671,0.042,0.034,1.047,4,1100
213062702,-0.488,1.646,0.366,0.035,0.039,1.043,4,1100
213063235,-0.488,1.646,0.366,0.035,0.039,1.043,4,1100
213064697,-0.793,2.439,0.122,-0.016,0.039,1.030,4,1100
213065218,-1.037,2.256,0.000,-0.064,0.020,1.000,4,1100
213066694,-1.098,1.524,0.000,-0.054,-0.001,1.028,4,1100
213067209,-1.341,1.037,0.427,-0.041,0.013,1.048,4,1100
213068694,-1.159,0.671,0.793,0.045,0.025,1.063,4,1100
213069209,-1.159,0.671,0.793,0.045,0.025,1.063,4,1100
213070694,-0.793,1.585,0.122,0.053,0.041,1.048,4,1100
213071209,-0.793,2.134,0.122,0.053,0.041,1.048,4,1100
213072694,-0.976,2.378,0.122,-0.021,0.038,1.030,4,1100
213073209,-1.098,2.195,0.000,-0.064,0.021,1.009,4,1100
213074694,-1.280,0.854,0.488,-0.052,0.014,1.035,4,1100
213075209,-1.280,0.854,0.488,-0.025,0.002,1.058,4,1100
213076694,-1.220,0.610,0.793,0.062,0.034,1.062,4,1100
213077213,-1.220,0.610,0.793,0.062,0.034,1.062,4,1100
213078702,-0.854,1.890,0.183,0.028,0.050,1.036,4,1100
213079226,-0.915,2.134,-0.122,0.015,0.032,1.026,4,1100
213080697,-1.037,2.378,-0.061,-0.044,0.044,0.999,4,1100
213081213,-0.854,2.073,-0.061,-0.055,0.014,1.039,4,1100
213082694,-1.098,0.732,0.366,-0.029,0.016,1.053,4,1100
213083209,-1.098,0.732,0.366,-0.029,0.016,1.053,4,1100
213084694,-1.220,0.671,0.610,0.046,0.038,1.046,4,1100
213085214,-0.793,1.220,0.427,0.055,0.040,1.053,4,1100
213086694,-0.610,1.890,0.122,0.040,0.044,1.021,4,1100
213087209,-0.671,2.317,0.244,0.006,0.044,1.030,4,1100
213088694,-0.915,2.073,0.061,-0.060,0.014,1.034,4,1100
213089209,-0.915,2.073,0.061,-0.060,0.014,1.034,4,1100
213090694,-1.280,0.854,0.549,-0.037,0.011,1.036,4,1100
213091209,-1.280,0.854,0.549,-0.037,0.011,1.036,4,1100
213092694,-0.793,0.976,0.488,0.073,0.042,1.049,4,1100
213093209,-0.793,1.585,0.488,0.043,0.047,1.038,4,1100
213094694,-0.549,2.256,0.061,0.027,0.035,1.030,4,1100
213095212,-0.488,2.378,0.000,-0.001,0.040,1.007,4,1100
213096700,-1.098,2.012,-0.061,-0.068,0.004,1.035,4,1100
213097224,-1.098,2.012,-0.061,-0.068,0.004,1.035,4,1100
213098696,-1.220,0.549,0.366,-0.008,0.013,1.037,4,1100
213099212,-1.341,0.671,0.488,0.019,0.016,1.052,4,1100
213100694,-1.159,0.915,0.305,0.054,0.037,1.065,4,1100
213101212,-1.220,1.585,-0.183,0.054,0.038,1.032,4,1100
213102694,-0.854,2.256,-0.305,-0.006,0.035,1.008,4,1100
213103209,-0.854,2.256,-0.305,-0.006,0.035,1.008,4,1100
213104694,-1.220,1.463,0.183,-0.064,0.006,1.020,4,1100
213105209,-1.159,0.854,0.244,-0.064,0.006,1.020,4,1100
213106694,-0.976,0.427,0.732,0.005,0.028,1.078,4,1100
213107209,-0.976,0.427,0.793,0.034,0.028,1.047,4,1100
213108694,-0.915,1.524,-0.061,0.065,0.044,1.054,4,1100
213109209,-0.915,1.524,-0.061,0.038,0.023,1.042,4,1100
213110694,-0.854,2.317,-0.061,-0.011,0.038,1.039,4,1100
213111209,-0.854,2.317,-0.061,-0.011,0.038,1.039,4,1100
213112694,-1.585,1.646,0.122,-0.066,0.006,1.038,4,1100
213113208,-1.646,1.098,0.427,-0.036,0.009,1.027,4,1100
213114694,-1.280,0.610,0.427,0.000,0.031,1.050,4,1100
213115209,-1.220,0.610,0.488,0.029,0.030,1.072,4,1100
213116694,-0.854,1.890,0.366,0.046,0.041,1.047,4,1100
213117209,-0.854,1.890,0.366,0.046,0.041,1.047,4,1100
213118694,-1.220,2.195,-0.061,-0.010,0.043,1.044,4,1100
213119209,-1.402,1.829,0.305,-0.063,0.006,1.021,4,1100
213120694,-1.159,1.463,0.549,-0.070,0.003,1.029,4,1100
213121213,-1.341,0.732,0.610,-0.016,-0.000,1.061,4,1100
213122694,-0.854,0.671,0.915,0.054,0.035,1.060,4,1100
213123209,-0.854,0.671,0.915,0.054,0.035,1.060,4,1100
213124694,-0.488,1.890,0.305,0.039,0.052,1.033,4,1100
213125209,-0.488,1.890,0.305,0.039,0.052,1.033,4,1100
213126694,-1.098,2.500,0.122,-0.043,0.036,1.024,4,1100
213127209,-1.280,2.012,0.183,-0.051,0.011,1.031,4,1100
213128694,-1.159,1.463,0.244,-0.059,0.012,1.022,4,1100
213129209,-1.037,0.793,0.488,-0.012,0.007,1.057,4,1100
213130694,-0.915,0.793,0.305,0.056,0.038,1.042,4,1100
213131209,-0.915,0.793,0.305,0.056,0.038,1.042,4,1100
213132694,-0.671,1.829,0.244,0.037,0.058,1.022,4,1100
213133209,-1.037,2.317,0.000,-0.002,0.045,1.042,4,1100
213134694,-1.220,2.561,0.122,-0.042,0.042,1.010,4,1100
213135209,-1.341,2.012,0.366,-0.073,-0.001,1.034,4,1100
213136694,-1.341,0.549,0.549,-0.011,0.017,1.040,4,1100
213137213,-1.341,0.549,0.549,-0.011,0.017,1.040,4,1100
213138694,-0.854,0.732,0.671,0.057,0.026,1.040,4,1100
213139209,-0.915,1.280,0.244,0.057,0.026,1.040,4,1100
213140694,-1.159,1.951,-0.061,0.041,0.054,1.036,4,1100
213141209,-0.854,2.195,0.061,0.004,0.041,1.006,4,1100
213142694,-1.341,1.890,0.366,-0.057,0.028,1.038,4,1100
213143214,-1.341,1.890,0.366,-0.066,0.013,1.037,4,1100
213144694,-1.341,0.305,0.610,-0.007,0.021,1.066,4,1100
213145209,-1.341,0.305,0.610,-0.007,0.021,1.066,4,1100
213146694,-0.976,1.098,0.915,0.062,0.042,1.054,4,1100
213147209,-0.915,1.707,0.671,0.055,0.042,1.017,4,1100
213148694,-0.915,2.195,0.427,0.030,0.054,1.036,4,1100
213149212,-0.793,2.378,0.122,0.000,0.028,1.012,4,1100
213150694,-0.732,1.768,0.061,-0.047,0.004,1.044,4,1100
213151209,-0.732,1.768,0.061,-0.047,0.004,1.044,4,1100
213152694,-1.159,0.549,0.610,-0.003,0.024,1.072,4,1100
213153209,-1.159,0.427,0.732,0.030,0.026,1.043,4,1100
213154694,-1.037,0.915,0.793,0.057,0.042,1.046,4,1100
213155209,-1.037,1.463,0.488,0.056,0.034,1.024,4,1100
213156694,-1.037,2.134,0.061,-0.017,0.028,1.030,4,1100
213157209,-1.037,2.134,0.061,-0.017,0.028,1.030,4,1100
213158694,-1.037,1.768,0.305,-0.056,0.014,1.050,4,1100
213159209,-1.037,1.768,0.305,-0.056,0.014,1.050,4,1100
213160694,-1.341,0.854,0.793,0.002,0.029,1.044,4,1100
213161209,-1.341,1.159,0.671,0.053,0.026,1.051,4,1100
213162694,-1.341,1.280,0.610,0.051,0.035,1.040,4,1100
213163208,-1.037,1.524,0.061,0.043,0.038,1.043,4,1100
213164694,-0.915,2.195,0.000,-0.026,0.037,1.040,4,1100
213165213,-0.915,2.195,0.000,-0.026,0.037,1.040,4,1100
213166694,-1.280,1.402,0.244,-0.054,-0.004,1.042,4,1100
213167208,-1.402,0.854,0.305,-0.034,0.008,1.042,4,1100
213168694,-1.220,0.610,0.793,0.002,0.036,1.031,4,1100
213169209,-0.793,0.610,0.671,0.054,0.036,1.064,4,1100
213170694,-0.854,1.646,0.244,0.035,0.050,1.047,4,1100
213171214,-0.854,1.646,0.244,0.035,0.050,1.047,4,1100
213172694,-0.854,2.256,0.183,-0.022,0.036,1.012,4,1100
213173214,-0.976,2.012,0.061,-0.022,0.036,1.012,4,1100
213174694,-1.341,1.280,0.122,-0.059,-0.001,1.033,4,1100
213175209,-1.159,0.671,0.488,-0.031,0.008,1.053,4,1100
213176701,-0.732,0.610,0.793,0.020,0.037,1.052,4,1100
213177225,-0.732,0.610,0.793,0.046,0.029,1.064,4,1100
213178696,-0.610,1.768,0.366,0.036,0.044,1.012,4,1100
213179219,-0.610,1.768,0.366,0.036,0.044,1.012,4,1100
213180694,-0.976,2.439,-0.061,-0.038,0.034,1.018,4,1100
213181209,-1.159,1.951,0.000,-0.073,0.012,1.021,4,1100
213182694,-1.220,1.463,0.366,-0.065,-0.005,1.034,4,1100
213183211,-1.280,0.854,0.610,-0.021,0.023,1.034,4,1100
213184694,-1.280,0.915,0.671,0.036,0.024,1.042,4,1100
213185209,-1.280,0.915,0.671,0.036,0.024,1.042,4,1100
213186694,-0.915,2.134,0.427,0.044,0.040,1.035,4,1100
213187209,-0.854,2.561,0.183,-0.001,0.058,1.024,4,1100
213188700,-0.854,2.378,0.061,-0.038,0.037,1.029,4,1100
213189224,-1.098,1.829,0.244,-0.072,-0.003,1.007,4,1100
213190696,-1.341,0.854,0.488,-0.009,0.018,1.058,4,1100
213191215,-1.341,0.854,0.488,-0.009,0.018,1.058,4,1100
213192694,-1.037,0.732,0.732,0.068,0.032,1.053,4,1100
213193211,-1.037,0.732,0.732,0.068,0.032,1.053,4,1100
213194694,-1.159,2.256,0.305,0.020,0.038,1.054,4,1100
213195209,-0.793,2.378,0.000,-0.007,0.050,1.011,4,1100
213196694,-0.854,2.134,0.122,-0.046,0.029,1.030,4,1100
213197211,-1.098,1.707,0.122,-0.077,-0.001,1.028,4,1100
213198700,-0.976,0.671,0.976,-0.005,0.021,1.067,4,1100
213199225,-0.976,0.671,0.976,-0.005,0.021,1.067,4,1100
213200696,-0.671,1.098,0.549,0.052,0.042,1.066,4,1100
213201215,-0.793,1.585,0.183,0.049,0.039,1.028,4,1100
213202695,-0.976,2.073,0.122,0.028,0.061,1.025,4,1100
213203211,-1.037,2.378,0.061,-0.007,0.032,1.006,4,1100
213204694,-1.098,1.707,0.000,-0.064,0.001,1.042,4,1100
213205213,-1.098,1.707,0.000,-0.064,0.001,1.042,4,1100
213206694,-0.976,0.793,0.610,0.001,0.036,1.047,4,1100
213207209,-0.976,0.671,0.671,0.001,0.036,1.047,4,1100
213208701,-1.037,1.402,0.427,0.058,0.039,1.041,4,1100
213209221,-0.976,1.951,0.061,0.039,0.041,1.043,4,1100
213210696,-0.976,2.012,-0.061,0.004,0.040,1.016,4,1100
213211218,-0.976,2.012,-0.061,-0.022,0.042,1.022,4,1100
213212694,-1.463,1.402,0.305,-0.055,0.013,1.038,4,1100
213213209,-1.463,1.402,0.305,-0.055,0.013,1.038,4,1100
213214694,-1.037,0.610,0.549,-0.001,0.018,1.042,4,1100
213215209,-0.976,0.732,0.671,0.058,0.032,1.068,4,1100
213216694,-0.976,1.341,0.488,0.060,0.036,1.041,4,1100
213217209,-0.915,2.073,0.366,0.028,0.042,1.042,4,1100
213218694,-0.915,2.439,-0.061,-0.035,0.027,0.991,4,1100
213219209,-0.915,2.439,-0.061,-0.035,0.027,0.991,4,1100
213220694,-1.402,1.402,0.244,-0.050,-0.009,1.042,4,1100
213221208,-1.402,0.732,0.671,-0.008,0.014,1.032,4,1100
213222694,-1.220,0.671,0.732,-0.002,0.019,1.067,4,1100
213223209,-1.159,0.854,0.549,0.051,0.035,1.046,4,1100
213224694,-0.610,1.829,0.244,0.031,0.045,1.023,4,1100
213225213,-0.610,1.829,0.244,0.031,0.045,1.023,4,1100
213226694,-0.976,2.073,-0.061,-0.036,0.027,1.005,4,1100
213227209,-0.976,2.073,-0.061,-0.036,0.027,1.005,4,1100
213228694,-1.280,1.280,0.366,-0.038,0.001,1.045,4,1100
213229209,-1.037,0.732,0.732,-0.022,0.013,1.037,4,1100
213230694,-0.915,0.488,0.793,0.007,0.023,1.066,4,1100
213231209,-0.915,0.854,0.549,0.051,0.038,1.052,4,1100
213232694,-0.854,1.890,0.122,0.020,0.044,1.036,4,1100
213233209,-0.854,1.890,0.122,0.020,0.044,1.036,4,1100
213234694,-1.037,2.134,0.183,-0.040,0.029,1.026,4,1100
213235209,-1.037,2.012,0.305,-0.072,0.010,1.030,4,1100
213236694,-0.976,1.098,0.305,-0.033,0.008,1.037,4,1100
213237209,-1.098,0.610,0.488,-0.010,0.017,1.062,4,1100
213238694,-0.915,0.732,0.610,0.069,0.033,1.055,4,1100
213239214,-0.915,0.732,0.610,0.069,0.033,1.055,4,1100
213240694,-0.915,2.195,0.061,0.014,0.042,1.034,4,1100
213241213,-0.915,2.500,-0.061,0.014,0.042,1.034,4,1100
213242694,-1.402,2.378,0.000,-0.061,0.030,1.024,4,1100
213243209,-1.463,1.646,-0.122,-0.075,-0.007,1.032,4,1100
213244694,-1.280,0.549,0.488,-0.045,0.000,1.028,4,1100
213245211,-1.280,0.549,0.488,0.001,0.024,1.072,4,1100
213246700,-0.732,1.098,0.549,0.052,0.042,1.051,4,1100
213247224,-0.732,1.098,0.549,0.052,0.042,1.051,4,1100
213248696,-0.732,2.195,-0.061,0.024,0.054,1.006,4,1100
213249211,-1.037,2.439,-0.122,-0.018,0.031,1.028,4,1100
213250694,-1.524,2.134,0.000,-0.071,0.024,1.014,4,1100
213251211,-1.524,1.646,0.000,-0.069,-0.001,1.028,4,1100
213252694,-0.976,0.671,0.732,0.001,0.022,1.045,4,1100
213253211,-0.976,0.671,0.732,0.001,0.022,1.045,4,1100
213254694,-0.976,1.098,0.427,0.073,0.037,1.033,4,1100
213255209,-0.732,1.768,0.244,0.034,0.034,1.045,4,1100
213256694,-0.854,2.317,0.061,0.011,0.054,1.021,4,1100
213257209,-0.854,2.378,0.000,-0.014,0.032,1.016,4,1100
213258694,-1.220,1.585,-0.122,-0.066,0.013,1.020,4,1100
213259209,-1.220,1.585,-0.122,-0.067,0.004,1.030,4,1100
213260694,-1.159,0.549,0.854,0.014,0.028,1.049,4,1100
213261209,-1.159,0.549,0.854,0.014,0.028,1.049,4,1100
213262694,-0.854,1.220,0.244,0.045,0.035,1.041,4,1100
213263209,-0.732,2.012,-0.061,0.054,0.055,1.021,4,1100
213264694,-0.671,2.317,0.244,0.004,0.052,1.037,4,1100
213265204,-1.159,2.500,0.122,-0.042,0.032,1.018,4,1100
213266694,-1.220,1.463,0.305,-0.056,0.007,1.038,4,1100
213267209,-1.220,1.463,0.305,-0.056,0.007,1.038,4,1100
213268694,-1.402,0.366,0.549,0.012,0.038,1.065,4,1100
213269214,-1.159,0.854,0.488,0.050,0.021,1.042,4,1100
213270694,-0.976,1.585,0.366,0.043,0.038,1.049,4,1100
213271208,-0.915,2.073,0.183,0.031,0.041,1.035,4,1100
213272694,-0.732,2.378,0.000,-0.063,0.036,1.019,4,1100
213273209,-0.732,2.378,0.000,-0.063,0.036,1.019,4,1100
213274694,-1.220,1.220,0.305,-0.051,0.001,1.050,4,1100
213275209,-1.098,0.915,0.610,-0.051,0.001,1.050,4,1100
213276694,-1.037,0.427,0.488,0.042,0.033,1.058,4,1100
213277209,-0.793,0.732,0.488,0.045,0.027,1.052,4,1100
213278694,-0.976,2.012,0.244,0.046,0.048,1.027,4,1100
213279209,-0.976,2.012,0.244,0.042,0.053,1.038,4,1100
213280694,-1.098,2.561,0.000,-0.055,0.025,1.047,4,1100
213281209,-1.098,2.561,0.000,-0.055,0.025,1.047,4,1100
213282694,-0.915,1.341,0.244,-0.040,0.019,1.025,4,1100
213283209,-1.220,0.793,0.488,-0.017,0.008,1.063,4,1100
213284694,-0.976,0.854,0.488,0.030,0.026,1.034,4,1100
213285209,-0.976,0.976,0.854,0.063,0.041,1.059,4,1100
213286694,-1.098,2.378,0.122,0.019,0.043,1.026,4,1100
213287209,-1.098,2.378,0.122,0.019,0.043,1.026,4,1100
213288694,-1.280,2.256,-0.061,-0.061,0.032,1.024,4,1100
213289209,-1.341,1.768,0.305,-0.055,-0.002,1.036,4,1100
213290694,-1.098,0.976,0.488,-0.046,0.006,1.043,4,1100
213291212,-0.976,0.488,0.793,0.000,0.020,1.060,4,1100
213292694,-1.098,1.159,0.671,0.045,0.041,1.063,4,1100
213293209,-1.098,1.159,0.671,0.069,0.041,1.036,4,1100
213294694,-0.976,2.256,-0.061,0.017,0.046,1.002,4,1100
213295208,-0.976,2.256,-0.061,0.017,0.046,1.002,4,1100
213296694,-0.793,2.195,-0.122,-0.062,0.036,1.020,4,1100
213297209,-0.976,1.524,-0.122,-0.054,-0.007,1.028,4,1100
213298694,-1.098,0.854,0.305,-0.039,0.018,1.054,4,1100
213299209,-1.098,0.549,0.488,0.011,0.013,1.052,4,1100
213300694,-1.037,1.037,0.427,0.074,0.043,1.048,4,1100
213301209,-1.037,1.037,0.427,0.074,0.043,1.048,4,1100
213302694,-0.793,2.317,0.244,-0.005,0.045,1.020,4,1100
213303208,-0.732,2.683,0.061,-0.004,0.034,1.023,4,1100
213304694,-0.915,2.256,0.183,-0.071,0.022,1.019,4,1100
213305209,-1.220,1.524,0.305,-0.062,0.002,1.037,4,1100
213306694,-1.524,0.427,1.037,0.027,0.038,1.046,4,1100
213307209,-1.524,0.427,1.037,0.027,0.038,1.046,4,1100
213308694,-1.220,1.220,0.244,0.045,0.040,1.048,4,1100
213309209,-1.037,1.768,0.366,0.045,0.040,1.048,4,1100
213310694,-0.976,2.256,0.122,0.004,0.052,1.043,4,1100
213311209,-1.159,2.683,0.061,-0.037,0.033,1.017,4,1100
213312694,-0.976,1.280,0.305,-0.068,0.005,1.027,4,1100
213313209,-0.976,1.280,0.305,-0.063,0.006,1.045,4,1100
213314694,-1.037,0.610,0.671,0.022,0.042,1.061,4,1100
213315213,-1.037,0.610,0.671,0.022,0.042,1.061,4,1100
213316694,-0.793,1.402,0.366,0.047,0.041,1.045,4,1100
213317214,-0.854,2.134,0.366,0.041,0.052,1.028,4,1100
213318694,-0.976,2.378,0.366,0.003,0.052,1.032,4,1100
213319209,-0.976,2.378,0.122,-0.053,0.024,1.033,4,1100
213320694,-1.341,1.220,0.305,-0.047,0.006,1.047,4,1100
213321213,-1.341,1.220,0.305,-0.047,0.006,1.047,4,1100
213322694,-1.220,0.610,0.610,0.024,0.031,1.065,4,1100
213323209,-0.915,0.976,0.488,0.033,0.021,1.043,4,1100
213324694,-0.915,1.402,0.488,0.059,0.051,1.018,4,1100
213325208,-0.854,1.951,0.305,0.025,0.045,1.031,4,1100
213326694,-0.854,2.195,0.122,-0.011,0.051,1.012,4,1100
213327209,-0.854,2.195,0.122,-0.050,0.011,1.028,4,1100
213328694,-1.098,1.098,0.427,-0.035,0.008,1.045,4,1100
213329209,-1.098,1.098,0.427,-0.035,0.008,1.045,4,1100
213330694,-1.220,0.671,0.732,0.037,0.034,1.055,4,1100
213331209,-0.854,0.915,0.610,0.055,0.037,1.052,4,1100
213332694,-0.915,1.463,0.366,0.052,0.048,1.034,4,1100
213333214,-0.976,1.829,0.183,0.024,0.038,1.041,4,1100
213334694,-1.037,2.378,0.183,-0.058,0.015,1.004,4,1100
213335209,-1.037,2.378,0.183,-0.058,0.015,1.004,4,1100
213336694,-1.098,0.976,0.610,-0.052,0.003,1.040,4,1100
213337209,-1.037,0.549,0.854,0.001,0.020,1.046,4,1100
213338700,-1.037,0.549,0.793,0.047,0.034,1.067,4,1100
213339225,-0.854,1.098,0.732,0.060,0.037,1.043,4,1100
213340696,-0.854,2.256,0.122,0.022,0.044,1.012,4,1100
213341215,-0.854,2.256,0.122,0.022,0.044,1.012,4,1100
213342694,-1.159,2.317,0.244,-0.056,0.018,1.014,4,1100
213343209,-0.854,1.707,0.305,-0.056,0.018,1.014,4,1100
213344694,-1.037,0.915,0.488,-0.032,0.024,1.057,4,1100
213345214,-1.098,0.671,0.427,0.009,0.019,1.044,4,1100
213346694,-0.854,1.402,0.671,0.037,0.038,1.064,4,1100
213347213,-0.854,1.402,0.671,0.057,0.029,1.044,4,1100
213348694,-1.037,2.256,0.122,0.020,0.039,1.031,4,1100
213349213,-1.037,2.256,0.122,0.020,0.039,1.031,4,1100
213350694,-1.280,2.073,-0.183,-0.053,0.017,1.038,4,1100
213351209,-1.524,1.524,0.122,-0.057,0.006,1.048,4,1100
213352694,-1.341,0.976,0.244,-0.044,0.017,1.044,4,1100
213353209,-1.098,0.671,0.549,0.020,0.033,1.056,4,1100
213354694,-0.732,1.341,0.610,0.057,0.045,1.051,4,1100
213355209,-0.732,1.341,0.610,0.057,0.045,1.051,4,1100
213356694,-0.549,2.500,0.061,0.010,0.051,1.030,4,1100
213357213,-0.854,2.195,0.305,-0.041,0.024,1.002,4,1100
213358694,-1.220,1.707,-0.183,-0.082,0.013,1.032,4,1100
213359209,-1.220,1.220,-0.061,-0.039,-0.005,1.045,4,1100
213360694,-0.854,0.488,0.976,-0.019,0.021,1.037,4,1100
213361209,-0.854,0.488,0.976,0.012,0.032,1.083,4,1100
213362694,-0.671,0.915,0.183,0.063,0.043,1.040,4,1100
213363214,-0.671,0.915,0.183,0.063,0.043,1.040,4,1100
213364694,-0.976,2.378,0.061,0.002,0.048,1.019,4,1100
213365209,-1.098,2.439,0.061,-0.042,0.015,1.030,4,1100
213366694,-1.220,2.073,0.183,-0.076,0.020,1.033,4,1100
213367209,-1.159,1.159,0.488,-0.047,-0.002,1.039,4,1100
213368694,-1.341,0.610,0.732,0.043,0.036,1.060,4,1100
213369213,-1.341,0.610,0.732,0.043,0.036,1.060,4,1100
213370694,-0.732,1.585,0.061,0.047,0.043,1.021,4,1100
213371209,-0.976,2.012,0.000,0.028,0.038,1.041,4,1100
213372694,-0.976,2.195,-0.061,-0.006,0.042,1.003,4,1100
213373209,-1.037,2.134,-0.183,-0.051,0.013,1.028,4,1100
213374694,-1.463,1.098,0.183,-0.027,0.011,1.033,4,1100
213375209,-1.463,1.098,0.183,-0.027,0.011,1.033,4,1100
213376694,-0.976,0.671,0.793,0.032,0.036,1.063,4,1100
213377209,-0.671,0.915,0.427,0.032,0.036,1.063,4,1100
213378694,-0.549,1.646,0.183,0.035,0.051,1.028,4,1100
213379209,-0.732,2.378,0.122,0.029,0.046,1.030,4,1100
213380694,-1.280,2.256,-0.061,-0.009,0.039,1.033,4,1100
213381209,-1.280,2.256,-0.061,-0.069,0.031,1.009,4,1100
213382694,-1.159,0.976,0.549,-0.047,0.003,1.039,4,1100
213383214,-1.159,0.976,0.549,-0.047,0.003,1.039,4,1100
213384694,-0.854,0.610,0.793,0.042,0.031,1.058,4,1100
213385209,-0.915,1.037,0.366,0.042,0.030,1.038,4,1100
213386694,-0.732,1.707,0.427,0.063,0.046,1.053,4,1100
213387209,-0.732,2.012,0.305,0.006,0.049,1.017,4,1100
213388694,-1.098,2.134,0.244,-0.050,0.010,1.012,4,1100
213389214,-1.098,2.134,0.244,-0.050,0.010,1.012,4,1100
213390694,-1.220,0.793,0.549,-0.021,0.011,1.059,4,1100
213391209,-1.159,0.427,0.854,0.016,0.043,1.042,4,1100
213392694,-1.220,0.610,0.793,0.058,0.040,1.060,4,1100
213393209,-0.915,1.220,0.549,0.041,0.027,1.035,4,1100
213394694,-0.671,2.561,0.122,0.040,0.049,1.029,4,1100
213395213,-0.671,2.561,0.122,0.020,0.052,1.034,4,1100
213396694,-1.280,1.951,0.122,-0.064,0.000,1.027,4,1100
213397209,-1.280,1.951,0.122,-0.064,0.000,1.027,4,1100
213398694,-1.220,0.854,0.854,-0.022,0.021,1.053,4,1100
213399209,-1.159,0.427,0.854,0.026,0.038,1.055,4,1100
213400694,-0.732,0.549,0.549,0.065,0.031,1.044,4,1100
213401208,-0.671,1.280,0.488,0.052,0.027,1.058,4,1100
213402694,-1.159,2.195,0.183,0.020,0.039,1.031,4,1100
213403209,-1.159,2.195,0.183,0.020,0.039,1.031,4,1100
213404694,-1.341,1.707,-0.183,-0.067,0.000,1.036,4,1100
213405209,-1.341,1.280,-0.061,-0.044,0.007,1.034,4,1100
213406694,-1.220,0.793,0.549,-0.011,0.023,1.040,4,1100
213407209,-1.037,0.366,0.671,0.017,0.027,1.061,4,1100
213408694,-0.671,1.463,0.366,0.060,0.033,1.048,4,1100
213409209,-0.671,1.463,0.366,0.060,0.033,1.048,4,1100
213410694,-0.732,2.439,0.000,0.011,0.050,1.021,4,1100
213411212,-0.671,2.317,0.305,0.011,0.050,1.021,4,1100
213412694,-1.159,2.134,0.122,-0.065,0.014,1.026,4,1100
213413214,-1.037,1.159,0.183,-0.035,0.001,1.041,4,1100
213414694,-0.793,0.610,0.427,-0.015,0.028,1.048,4,1100
213415209,-0.793,0.610,0.427,0.010,0.023,1.055,4,1100
213416694,-0.549,1.524,0.244,0.062,0.054,1.033,4,1100
213417209,-0.549,1.524,0.244,0.062,0.054,1.033,4,1100
213418694,-0.671,2.378,0.122,0.003,0.047,1.005,4,1100
213419209,-1.098,2.134,0.183,-0.046,0.023,1.019,4,1100
213420694,-1.098,1.829,0.183,-0.095,-0.001,1.030,4,1100
213421209,-1.037,1.159,0.305,-0.041,0.006,1.038,4,1100
213422694,-0.915,0.671,0.793,0.027,0.034,1.042,4,1100
213423209,-0.915,0.671,0.793,0.027,0.034,1.042,4,1100
213424694,-0.976,1.768,0.549,0.059,0.053,1.042,4,1100
213425209,-0.915,2.256,0.427,0.013,0.035,1.028,4,1100
213426694,-1.220,2.439,0.427,-0.035,0.045,1.031,4,1100
213427209,-1.341,2.073,0.183,-0.042,0.026,1.014,4,1100
213428694,-1.280,0.915,0.427,-0.078,0.006,1.028,4,1100
213429209,-1.280,0.915,0.427,-0.027,0.005,1.062,4,1100
213430694,-1.220,0.488,0.488,0.032,0.033,1.056,4,1100
213431209,-1.220,0.488,0.488,0.032,0.033,1.056,4,1100
213432694,-0.366,1.829,0.305,0.054,0.054,1.049,4,1100
213433209,-0.488,2.256,0.244,0.020,0.055,1.007,4,1100
213434694,-0.915,2.378,0.122,-0.040,0.031,1.028,4,1100
213435204,-0.976,2.134,-0.061,-0.055,0.024,1.019,4,1100
213436694,-1.524,0.915,0.610,-0.049,0.021,1.060,4,1100
213437209,-1.524,0.915,0.610,-0.049,0.021,1.060,4,1100
213438694,-0.915,0.915,0.915,0.045,0.045,1.065,4,1100
213439212,-0.793,1.463,0.549,0.064,0.037,1.041,4,1100
213440694,-0.854,1.890,0.488,0.030,0.042,1.031,4,1100
213441209,-1.037,2.317,0.366,0.020,0.053,1.036,4,1100
213442694,-1.280,2.134,0.305,-0.065,0.020,1.025,4,1100
213443204,-1.280,2.134,0.305,-0.065,0.020,1.025,4,1100
213444694,-1.524,0.854,0.671,-0.024,0.022,1.035,4,1100
213445209,-1.098,0.488,0.793,-0.024,0.022,1.035,4,1100
213446694,-0.854,0.793,0.610,0.043,0.038,1.060,4,1100
213447214,-1.098,1.280,0.671,0.055,0.029,1.064,4,1100
213448694,-0.854,2.256,0.366,0.024,0.055,1.018,4,1100
213449209,-0.854,2.256,0.366,0.012,0.044,1.044,4,1100
213450694,-0.976,1.829,0.122,-0.074,0.011,1.025,4,1100
213451214,-0.976,1.829,0.122,-0.074,0.011,1.025,4,1100
213452694,-1.098,0.854,0.915,-0.005,0.013,1.034,4,1100
213453209,-1.159,0.427,1.037,0.018,0.024,1.070,4,1100
213454694,-1.037,0.732,0.915,0.044,0.041,1.046,4,1100
213455209,-0.976,1.280,0.488,0.068,0.039,1.043,4,1100
213456694,-0.915,2.378,0.244,0.007,0.057,1.020,4,1100
213457209,-0.915,2.378,0.244,0.007,0.057,1.020,4,1100
213458694,-1.098,1.951,0.183,-0.081,0.015,1.025,4,1100
213459209,-1.098,1.402,0.488,-0.043,0.006,1.049,4,1100
213460694,-0.976,0.976,0.610,-0.012,0.033,1.046,4,1100
213461209,-0.976,0.610,0.854,0.024,0.024,1.055,4,1100
213462694,-0.854,1.341,0.244,0.042,0.021,1.048,4,1100
213463213,-0.854,1.341,0.244,0.046,0.031,1.029,4,1100
213464694,-0.915,2.256,0.122,-0.002,0.053,1.010,4,1100
213465209,-0.915,2.256,0.122,-0.002,0.053,1.010,4,1100
213466694,-0.854,2.012,0.122,-0.076,0.010,1.017,4,1100
213467214,-1.159,1.159,0.305,-0.028,0.007,1.046,4,1100
213468694,-1.159,0.610,0.732,-0.011,0.025,1.075,4,1100
213469209,-1.280,0.671,0.854,0.017,0.036,1.050,4,1100
213470694,-1.098,1.707,0.427,0.044,0.044,1.033,4,1100
213471209,-1.098,1.707,0.427,0.044,0.044,1.033,4,1100
213472694,-0.976,2.378,-0.122,-0.011,0.041,1.024,4,1100
213473208,-1.037,2.073,0.061,-0.055,0.020,1.004,4,1100
213474694,-1.463,1.341,0.183,-0.066,0.007,1.038,4,1100
213475209,-1.341,0.610,0.366,-0.034,0.013,1.052,4,1100
213476694,-1.037,0.488,0.854,0.040,0.029,1.068,4,1100
213477209,-1.037,0.488,0.854,0.040,0.029,1.068,4,1100
213478694,-0.854,1.646,0.427,0.052,0.055,1.055,4,1100
213479209,-0.854,2.134,0.305,0.052,0.055,1.055,4,1100
213480694,-1.098,2.500,-0.061,-0.036,0.043,1.018,4,1100
213481213,-1.159,2.134,0.122,-0.050,0.012,1.005,4,1100
213482694,-1.037,1.098,0.427,-0.067,-0.007,1.025,4,1100
213483209,-1.037,1.098,0.427,-0.043,0.018,1.062,4,1100
213484697,-1.463,0.671,0.732,0.029,0.039,1.064,4,1100
213485225,-1.463,0.671,0.732,0.029,0.039,1.064,4,1100
213486701,-0.793,1.707,0.427,0.041,0.046,1.053,4,1100
213487223,-0.793,2.012,0.427,0.018,0.046,1.029,4,1100
213488695,-0.976,2.256,0.183,-0.047,0.032,1.020,4,1100
213489216,-1.341,2.317,0.244,-0.053,0.029,1.022,4,1100
213490694,-1.037,1.037,0.854,-0.037,0.020,1.037,4,1100
213491209,-1.037,1.037,0.854,-0.037,0.020,1.037,4,1100
213492694,-0.854,0.854,0.854,0.053,0.039,1.060,4,1100
213493209,-0.549,1.280,0.488,0.053,0.039,1.060,4,1100
213494694,-0.671,1.951,0.244,0.031,0.048,1.021,4,1100
213495209,-0.854,2.378,0.183,0.015,0.049,1.038,4,1100
213496694,-1.220,2.317,0.244,-0.027,0.032,0.988,4,1100
213497209,-1.220,2.317,0.244,-0.073,0.012,1.033,4,1100
213498694,-1.280,0.854,0.793,-0.018,0.014,1.032,4,1100
213499209,-1.280,0.854,0.793,-0.018,0.014,1.032,4,1100
213500694,-0.915,1.220,0.793,0.059,0.029,1.051,4,1100
213501209,-0.549,1.646,0.427,0.047,0.040,1.035,4,1100
213502694,-0.549,1.951,0.366,0.033,0.048,1.013,4,1100
213503209,-0.671,2.561,0.366,0.002,0.038,1.024,4,1100
213504694,-0.915,2.073,0.305,-0.081,-0.009,1.027,4,1100
213505209,-0.915,2.073,0.305,-0.081,-0.009,1.027,4,1100
213506694,-1.037,0.610,0.732,0.004,0.017,1.041,4,1100
213507209,-0.976,0.549,0.854,0.024,0.033,1.046,4,1100
213508694,-0.854,1.037,0.610,0.047,0.029,1.063,4,1100
213509213,-0.610,1.707,0.061,0.064,0.037,1.016,4,1100
213510694,-1.037,2.439,0.061,0.000,0.046,1.021,4,1100
213511209,-1.037,2.439,0.061,0.000,0.046,1.021,4,1100
213512694,-1.463,1.707,-0.061,-0.068,0.013,1.022,4,1100
213513214,-1.220,1.037,0.183,-0.068,0.013,1.022,4,1100
213514694,-1.037,0.732,0.610,-0.008,0.030,1.059,4,1100
213515209,-0.915,0.732,0.732,0.034,0.014,1.051,4,1100
213516694,-0.854,1.159,0.671,0.048,0.048,1.057,4,1100
213517209,-0.854,1.829,0.366,0.063,0.040,1.046,4,1100
213518694,-0.915,2.378,0.183,-0.016,0.042,1.028,4,1100
213519209,-0.915,2.378,0.183,-0.016,0.042,1.028,4,1100
213520694,-1.037,1.707,-0.183,-0.062,0.021,1.027,4,1100
213521209,-0.915,1.159,0.427,-0.042,-0.010,1.048,4,1100
213522694,-0.915,0.671,0.549,-0.007,0.031,1.062,4,1100
213523208,-0.915,0.793,0.610,0.042,0.037,1.066,4,1100
213524702,-0.976,1.646,0.305,0.048,0.034,1.051,4,1100
213525235,-0.976,1.646,0.305,0.048,0.034,1.051,4,1100
213526697,-1.037,2.317,-0.061,-0.026,0.034,1.035,4,1100
213527217,-1.159,2.073,-0.122,-0.074,0.019,1.004,4,1100
213528694,-1.220,1.585,0.305,-0.062,0.003,1.031,4,1100
213529209,-1.341,0.976,0.671,-0.031,0.023,1.064,4,1100
213530694,-1.159,0.610,0.549,0.017,0.027,1.044,4,1100
213531209,-1.159,0.610,0.549,0.050,0.023,1.067,4,1100
213532694,-0.732,1.951,0.122,0.050,0.055,1.061,4,1100
213533209,-0.732,1.951,0.122,0.050,0.055,1.061,4,1100
213534694,-0.976,2.500,-0.061,-0.035,0.035,1.012,4,1100
213535214,-1.220,1.951,-0.366,-0.061,0.007,1.020,4,1100
213536694,-1.341,1.585,0.000,-0.056,0.016,1.028,4,1100
213537209,-1.037,0.976,0.305,-0.017,0.008,1.049,4,1100
213538694,-1.037,0.366,0.732,0.042,0.038,1.056,4,1100
213539208,-1.037,0.366,0.732,0.042,0.038,1.056,4,1100
213540694,-0.732,1.768,0.000,0.039,0.050,1.033,4,1100
213541209,-0.671,2.195,-0.122,0.018,0.040,1.040,4,1100
213542694,-0.610,2.012,-0.061,-0.038,0.036,0.996,4,1100
213543209,-1.098,2.073,0.000,-0.055,0.005,1.037,4,1100
213544694,-1.280,1.159,0.427,-0.024,0.020,1.044,4,1100
213545209,-1.280,1.159,0.427,-0.024,0.020,1.044,4,1100
213546694,-0.976,0.915,0.854,0.059,0.041,1.038,4,1100
213547209,-0.976,1.341,0.366,0.059,0.041,1.038,4,1100
213548694,-0.976,2.073,0.000,0.027,0.048,1.031,4,1100
213549209,-0.976,2.378,-0.305,0.007,0.041,1.026,4,1100
213550694,-1.159,2.317,-0.122,-0.069,0.032,1.026,4,1100
213551209,-1.159,1.890,-0.061,-0.058,0.015,1.036,4,1100
213552694,-1.220,0.793,0.671,-0.017,0.022,1.047,4,1100
213553209,-1.220,0.793,0.671,-0.017,0.022,1.047,4,1100
213554694,-1.098,0.915,0.488,0.049,0.038,1.059,4,1100
213555209,-0.976,1.524,0.061,0.052,0.042,1.020,4,1100
213556694,-0.671,2.073,-0.122,0.023,0.042,1.041,4,1100
213557212,-0.793,2.317,-0.122,0.002,0.042,1.007,4,1100
213558694,-1.037,1.829,0.244,-0.071,0.007,1.030,4,1100
213559214,-1.037,1.829,0.244,-0.071,0.007,1.030,4,1100
213560694,-1.037,0.488,0.793,-0.021,0.027,1.065,4,1100
213561214,-1.037,0.488,0.793,-0.021,0.027,1.065,4,1100
213562694,-1.098,1.098,0.732,0.067,0.033,1.057,4,1100
213563209,-1.341,1.768,0.488,0.047,0.049,1.030,4,1100
213564694,-0.915,2.378,0.122,0.035,0.057,1.032,4,1100
213565214,-0.915,2.378,0.122,-0.003,0.040,1.023,4,1100
213566694,-1.037,1.646,0.244,-0.080,-0.006,1.033,4,1100
213567209,-1.037,1.646,0.244,-0.080,-0.006,1.033,4,1100
213568694,-1.341,0.305,0.488,0.023,0.035,1.074,4,1100
213569208,-1.280,0.549,0.671,0.037,0.022,1.062,4,1100
213570694,-0.915,1.037,0.549,0.059,0.036,1.045,4,1100
213571209,-0.549,1.524,0.183,0.041,0.032,1.043,4,1100
213572694,-0.732,2.439,0.061,-0.014,0.039,1.041,4,1100
213573209,-0.732,2.439,0.061,-0.014,0.039,1.041,4,1100
213574694,-1.159,1.524,0.427,-0.050,0.008,1.033,4,1100
213575209,-1.159,0.671,0.488,-0.024,0.006,1.039,4,1100
213576694,-1.098,0.549,0.854,0.007,0.036,1.051,4,1100
213577209,-1.037,0.732,0.915,0.037,0.018,1.071,4,1100
213578694,-0.549,1.890,0.305,0.043,0.038,1.052,4,1100
213579209,-0.549,1.890,0.305,0.043,0.038,1.052,4,1100
213580694,-0.854,2.256,-0.061,-0.012,0.030,1.021,4,1100
213581213,-0.915,1.890,0.000,-0.012,0.030,1.021,4,1100
213582694,-1.402,1.585,0.305,-0.065,-0.001,1.024,4,1100
213583209,-1.280,0.915,0.671,-0.013,0.011,1.043,4,1100
213584694,-0.915,0.549,0.854,-0.001,0.045,1.061,4,1100
213585209,-0.671,0.854,0.671,0.050,0.030,1.053,4,1100
213586701,-0.671,2.012,0.244,0.038,0.059,1.022,4,1100
213587229,-0.671,2.012,0.244,0.038,0.059,1.022,4,1100
213588696,-0.854,2.317,0.061,-0.047,0.021,1.002,4,1100
213589212,-1.037,1.951,0.122,-0.063,0.010,1.025,4,1100
213590694,-0.854,1.341,0.183,-0.055,0.002,1.047,4,1100
213591209,-0.976,0.793,0.671,-0.008,0.023,1.045,4,1100
213592694,-0.976,0.915,0.549,0.051,0.027,1.033,4,1100
213593209,-0.976,0.915,0.549,0.051,0.027,1.033,4,1100
213594694,-0.915,1.951,0.488,0.026,0.043,1.035,4,1100
213595209,-0.976,2.378,0.183,0.026,0.043,1.035,4,1100
213596694,-0.976,2.317,0.183,-0.037,0.033,1.012,4,1100
213597208,-1.220,1.890,0.000,-0.081,0.009,1.015,4,1100
213598694,-1.098,0.854,0.610,-0.039,0.014,1.053,4,1100
213599211,-1.098,0.854,0.610,-0.023,0.016,1.054,4,1100
213600694,-0.854,1.098,0.976,0.057,0.040,1.044,4,1100
213601209,-0.854,1.098,0.976,0.057,0.040,1.044,4,1100
213602694,-0.732,2.012,0.366,0.044,0.057,1.051,4,1100
213603209,-0.793,2.256,0.000,-0.004,0.030,1.002,4,1100
213604694,-1.037,2.256,0.122,-0.040,0.033,1.029,4,1100
213605213,-1.341,1.768,0.244,-0.061,-0.004,1.023,4,1100
213606694,-1.402,0.549,0.854,0.008,0.021,1.070,4,1100
213607209,-1.402,0.549,0.854,0.008,0.021,1.070,4,1100
213608694,-0.793,1.098,0.915,0.063,0.042,1.060,4,1100
213609213,-0.549,1.646,0.671,0.057,0.040,1.029,4,1100
213610694,-0.549,2.073,0.305,0.011,0.047,1.026,4,1100
213611209,-0.976,2.195,0.183,-0.011,0.040,1.028,4,1100
213612694,-1.280,1.646,0.183,-0.062,0.009,1.037,4,1100
213613213,-1.280,1.646,0.183,-0.062,0.009,1.037,4,1100
213614694,-1.280,0.610,0.732,0.004,0.029,1.050,4,1100
213615214,-1.037,0.549,0.793,0.004,0.029,1.050,4,1100
213616694,-1.220,1.220,0.610,0.063,0.042,1.036,4,1100
213617214,-0.915,1.585,0.244,0.044,0.037,1.057,4,1100
213618694,-0.793,2.134,0.061,0.009,0.031,1.019,4,1100
213619212,-0.976,2.561,0.122,-0.018,0.041,1.041,4,1100
213620694,-1.159,1.402,0.183,-0.060,0.006,1.038,4,1100
213621209,-1.159,1.402,0.183,-0.060,0.006,1.038,4,1100
213622694,-1.341,0.671,0.854,0.005,0.035,1.036,4,1100
213623209,-1.341,0.854,0.976,0.049,0.041,1.053,4,1100
213624694,-1.159,1.341,0.915,0.054,0.047,1.036,4,1100
213625209,-1.098,1.829,0.366,0.043,0.048,1.032,4,1100
213626694,-1.037,2.683,0.061,-0.036,0.034,1.011,4,1100
213627209,-1.037,2.683,0.061,-0.036,0.034,1.011,4,1100
213628694,-1.037,1.585,0.488,-0.059,0.002,1.049,4,1100
213629209,-1.220,0.732,0.610,-0.059,0.002,1.049,4,1100
213630694,-1.280,0.427,0.671,0.012,0.024,1.059,4,1100
213631208,-0.915,0.915,0.610,0.052,0.038,1.057,4,1100
213632694,-0.793,1.890,0.122,0.063,0.043,1.047,4,1100
213633214,-0.793,1.890,0.122,0.035,0.046,1.015,4,1100
213634694,-0.610,2.439,0.183,-0.031,0.046,0.993,4,1100
213635213,-0.610,2.439,0.183,-0.031,0.046,0.993,4,1100
213636694,-1.159,1.098,0.305,-0.069,0.005,1.048,4,1100
213637209,-1.098,0.427,0.793,-0.004,0.013,1.041,4,1100
213638694,-1.098,0.244,0.854,0.023,0.040,1.063,4,1100
213639209,-0.976,0.854,0.732,0.042,0.022,1.057,4,1100
213640694,-0.793,2.134,-0.061,0.033,0.056,1.021,4,1100
213641209,-0.793,2.134,-0.061,0.033,0.056,1.021,4,1100
213642694,-1.037,2.317,0.244,-0.053,0.031,1.034,4,1100
213643209,-1.098,2.073,0.305,-0.050,0.008,1.022,4,1100
213644694,-1.280,1.220,0.366,-0.058,-0.000,1.028,4,1100
213645209,-1.159,0.854,0.488,-0.021,0.022,1.050,4,1100
213646694,-0.976,0.793,0.854,0.042,0.034,1.066,4,1100
213647209,-0.976,0.793,0.854,0.042,0.034,1.066,4,1100
213648694,-1.159,2.012,0.183,0.047,0.058,1.036,4,1100
213649209,-0.976,2.378,0.061,0.047,0.058,1.036,4,1100
213650694,-1.159,2.378,0.305,-0.060,0.015,1.033,4,1100
213651209,-1.159,1.829,0.305,-0.067,-0.002,1.021,4,1100
213652694,-1.159,1.098,0.671,-0.040,0.020,1.038,4,1100
213653212,-1.220,0.427,0.671,-0.003,0.019,1.077,4,1100
213654694,-0.793,0.793,0.793,0.054,0.035,1.047,4,1100
213655209,-0.793,0.793,0.793,0.054,0.035,1.047,4,1100
213656694,-0.854,2.134,0.244,0.032,0.060,1.039,4,1100
213657208,-0.854,2.256,0.122,-0.014,0.032,1.031,4,1100
213658694,-0.976,2.134,0.244,-0.059,0.025,1.008,4,1100
213659209,-1.402,1.707,0.244,-0.053,0.012,1.035,4,1100
213660694,-1.646,0.671,0.854,0.001,0.034,1.058,4,1100
213661209,-1.646,0.671,0.854,0.001,0.034,1.058,4,1100
213662701,-0.976,1.159,0.427,0.044,0.047,1.033,4,1100
213663221,-0.671,1.829,0.061,0.044,0.047,1.033,4,1100
213664696,-0.732,2.317,0.000,0.026,0.066,1.021,4,1100
213665211,-0.976,2.500,-0.061,-0.021,0.027,1.031,4,1100
213666694,-1.341,1.524,0.244,-0.060,0.024,1.011,4,1100
213667211,-1.341,1.524,0.244,-0.062,-0.000,1.039,4,1100
213668694,-1.037,0.610,0.732,0.015,0.036,1.042,4,1100
213669209,-1.037,0.610,0.732,0.015,0.036,1.042,4,1100
213670694,-0.793,1.220,0.549,0.043,0.043,1.041,4,1100
213671209,-0.732,1.707,0.305,0.040,0.038,1.037,4,1100
213672694,-0.915,2.256,0.305,0.006,0.052,1.032,4,1100
213673214,-1.037,2.378,0.183,-0.029,0.031,1.016,4,1100
213674694,-1.098,1.463,0.244,-0.049,0.022,1.052,4,1100
213675209,-1.098,1.463,0.244,-0.049,0.022,1.052,4,1100
213676694,-0.915,0.671,0.732,0.000,0.044,1.054,4,1100
213677209,-0.976,0.671,0.732,0.049,0.024,1.049,4,1100
213678694,-0.793,1.341,0.305,0.042,0.038,1.044,4,1100
213679209,-0.915,2.073,-0.122,0.047,0.054,1.025,4,1100
213680694,-0.976,2.500,0.000,-0.051,0.035,1.016,4,1100
213681209,-0.976,2.500,0.000,-0.051,0.035,1.016,4,1100
213682694,-1.220,1.280,0.244,-0.062,0.001,1.045,4,1100
213683214,-1.402,0.915,0.488,-0.062,0.001,1.045,4,1100
213684223,-1.341,0.793,0.671,0.004,0.031,1.067,4,1100
213685697,-1.220,1.220,0.305,0.053,0.040,1.042,4,1100
213686201,-0.793,1.524,0.366,0.053,0.035,1.051,4,1100
213687694,-0.854,2.317,0.122,0.004,0.043,1.017,4,1100
213688208,-0.854,2.317,0.122,0.004,0.043,1.017,4,1100
213689691,-1.220,2.012,-0.183,-0.053,0.009,1.042,4,1100
213690210,-1.341,1.098,0.122,-0.053,0.009,1.042,4,1100
213691694,-1.463,0.671,0.671,-0.017,0.023,1.045,4,1100
213692207,-1.463,0.427,0.854,0.024,0.016,1.056,4,1100
213693692,-1.098,1.524,0.305,0.054,0.045,1.057,4,1100
213694205,-1.098,1.524,0.305,0.059,0.043,1.021,4,1100
213695694,-0.732,2.500,-0.122,-0.012,0.050,1.015,4,1100
213696211,-0.732,2.500,-0.122,-0.012,0.050,1.015,4,1100
213697691,-1.159,1.707,0.000,-0.068,0.010,1.021,4,1100
213698210,-1.159,1.220,0.305,-0.056,-0.010,1.038,4,1100
213699694,-1.098,0.793,0.793,-0.013,0.023,1.053,4,1100
213700213,-1.220,0.671,0.671,0.040,0.026,1.045,4,1100
213701692,-0.732,1.585,0.122,0.056,0.033,1.025,4,1100
213702205,-0.732,1.585,0.122,0.056,0.033,1.025,4,1100
213703694,-0.488,2.500,-0.061,-0.013,0.046,1.024,4,1100
213704207,-0.549,2.256,0.183,-0.065,0.021,1.014,4,1100
213705691,-0.488,1.829,0.061,-0.072,0.023,1.026,4,1100
213706210,-0.671,1.220,0.488,-0.039,0.001,1.024,4,1100
213707694,-0.915,0.976,0.671,-0.002,0.031,1.070,4,1100
213708207,-0.915,0.976,0.671,0.031,0.034,1.062,4,1100
213709692,-0.915,1.646,0.122,0.034,0.039,1.048,4,1100
213710205,-0.915,1.646,0.122,0.034,0.039,1.048,4,1100
213711694,-0.976,2.195,0.122,0.010,0.043,1.033,4,1100
213712207,-0.854,1.951,0.061,-0.054,0.011,1.011,4,1100
213713691,-1.098,1.463,0.244,-0.076,0.006,1.033,4,1100
213714211,-1.159,0.854,0.305,-0.043,0.004,1.042,4,1100
213715694,-1.341,0.610,0.671,0.040,0.036,1.074,4,1100
213716207,-1.341,0.610,0.671,0.040,0.036,1.074,4,1100
213717692,-0.671,1.585,0.061,0.047,0.046,1.046,4,1100
213718205,-0.610,2.073,-0.061,0.019,0.053,1.014,4,1100
213719694,-0.671,2.073,0.061,-0.020,0.031,1.021,4,1100
213720208,-1.098,1.951,0.244,-0.063,0.014,1.017,4,1100
213721691,-1.220,0.854,0.427,-0.030,0.012,1.065,4,1100
213722210,-1.220,0.854,0.427,-0.030,0.012,1.065,4,1100
213723694,-1.159,0.671,0.793,0.023,0.025,1.051,4,1100
213724208,-0.732,1.037,0.305,0.023,0.025,1.051,4,1100
213725691,-0.549,1.829,0.122,0.045,0.037,1.035,4,1100
213726211,-0.732,2.195,0.061,0.013,0.060,1.040,4,1100
213727694,-1.159,2.073,0.305,-0.032,0.021,1.005,4,1100
213728207,-1.159,2.073,0.305,-0.078,0.012,1.030,4,1100
213729692,-1.341,0.610,0.427,-0.016,0.017,1.043,4,1100
213730208,-1.341,0.610,0.427,-0.016,0.017,1.043,4,1100
213731694,-1.220,0.915,0.671,0.047,0.030,1.036,4,1100
213732208,-0.976,1.463,0.488,0.053,0.048,1.042,4,1100
213733691,-0.732,2.195,0.183,0.033,0.057,1.014,4,1100
213734210,-0.854,2.378,0.000,-0.005,0.032,1.040,4,1100
213735694,-1.037,1.646,0.061,-0.059,0.011,1.044,4,1100
213736213,-1.037,1.646,0.061,-0.059,0.011,1.044,4,1100
213737692,-1.341,0.915,0.732,-0.023,0.011,1.038,4,1100
213738208,-1.402,0.549,1.037,0.032,0.032,1.070,4,1100
213739694,-0.976,0.915,0.671,0.030,0.028,1.024,4,1100
213740212,-1.037,1.402,0.549,0.058,0.055,1.044,4,1100
213741691,-1.098,2.622,0.061,0.033,0.042,1.041,4,1100
213742211,-1.098,2.622,0.061,-0.006,0.048,1.001,4,1100
213743694,-1.341,2.134,0.183,-0.081,-0.000,1.018,4,1100
213744208,-1.341,2.134,0.183,-0.081,-0.000,1.018,4,1100
213745692,-1.098,0.671,0.610,-0.009,0.013,1.057,4,1100
213746208,-1.098,0.488,0.793,0.014,0.033,1.053,4,1100
213747694,-1.159,0.793,0.610,0.061,0.033,1.060,4,1100
213748212,-0.976,1.402,0.427,0.059,0.052,1.013,4,1100
213749691,-1.037,2.317,0.244,-0.015,0.046,1.000,4,1100
213750210,-1.037,2.317,0.244,-0.015,0.046,1.000,4,1100
213751694,-1.220,1.951,0.183,-0.068,0.008,1.040,4,1100
213752208,-1.159,1.159,0.366,-0.035,0.019,1.045,4,1100
213753692,-1.159,0.549,0.732,0.008,0.029,1.053,4,1100
213754205,-0.854,0.427,0.732,0.029,0.019,1.042,4,1100
213755694,-0.488,1.585,0.366,0.050,0.053,1.040,4,1100
213756212,-0.488,1.585,0.366,0.050,0.053,1.040,4,1100
213757692,-0.915,2.378,0.244,-0.022,0.046,1.030,4,1100
213758202,-0.915,2.439,0.427,-0.022,0.046,1.030,4,1100
213759694,-1.402,1.707,0.183,-0.062,0.005,1.028,4,1100
213760208,-1.402,1.159,0.305,-0.034,0.000,1.047,4,1100
213761692,-0.854,0.732,0.793,0.003,0.030,1.044,4,1100
213762205,-0.854,0.732,0.793,0.041,0.032,1.082,4,1100
213763694,-0.854,1.524,0.305,0.035,0.031,1.056,4,1100
213764208,-0.854,1.524,0.305,0.035,0.031,1.056,4,1100
213765692,-0.854,2.439,-0.061,-0.025,0.029,1.024,4,1100
213766208,-0.854,2.317,-0.061,-0.080,0.027,1.007,4,1100
213767694,-1.220,1.646,0.244,-0.056,0.003,1.033,4,1100
213768208,-1.463,1.037,0.549,-0.026,0.022,1.049,4,1100
213769692,-0.915,0.793,0.549,0.040,0.021,1.067,4,1100
213770205,-0.915,0.793,0.549,0.040,0.021,1.067,4,1100
213771694,-0.610,1.829,-0.061,0.045,0.048,1.038,4,1100
213772208,-0.793,2.256,-0.122,0.006,0.045,1.042,4,1100
213773692,-1.098,2.256,0.244,-0.037,0.037,1.022,4,1100
213774208,-1.220,2.073,0.427,-0.065,0.002,1.020,4,1100
213775694,-1.280,0.793,0.549,-0.051,0.004,1.037,4,1100
213776208,-1.280,0.793,0.549,-0.026,0.020,1.045,4,1100
213777692,-0.854,0.915,0.549,0.056,0.032,1.039,4,1100
213778205,-0.854,0.915,0.549,0.056,0.032,1.039,4,1100
213779694,-0.854,2.012,0.183,0.021,0.040,1.016,4,1100
213780211,-0.793,2.622,0.366,0.015,0.053,1.034,4,1100
213781692,-0.732,2.378,0.122,-0.046,0.018,1.017,4,1100
213782208,-1.159,2.073,0.427,-0.059,0.019,1.038,4,1100
213783694,-1.159,0.488,0.793,-0.028,0.025,1.039,4,1100
213784208,-1.159,0.488,0.793,-0.028,0.025,1.039,4,1100
213785692,-0.976,0.915,0.610,0.054,0.030,1.023,4,1100
213786205,-0.671,1.220,0.610,0.053,0.040,1.045,4,1100
213787694,-0.671,2.073,0.122,0.033,0.045,1.022,4,1100
213788208,-0.793,2.256,0.122,0.006,0.045,1.033,4,1100
213789691,-0.793,1.829,0.061,-0.070,0.013,1.017,4,1100
213790211,-0.793,1.829,0.061,-0.070,0.013,1.017,4,1100
213791694,-1.280,1.037,0.671,-0.025,0.021,1.049,4,1100
213792212,-1.220,0.793,1.037,-0.025,0.021,1.049,4,1100
213793692,-0.488,1.098,0.549,0.059,0.031,1.056,4,1100
213794205,-0.793,1.646,0.244,0.036,0.039,1.026,4,1100
213795694,-1.159,2.561,0.305,0.038,0.049,1.055,4,1100
213796212,-1.159,2.561,0.305,-0.004,0.052,1.009,4,1100
213797692,-1.341,1.768,0.122,-0.062,0.006,1.043,4,1100
213798205,-1.341,1.768,0.122,-0.062,0.006,1.043,4,1100
213799694,-1.159,0.488,0.610,-0.011,0.021,1.071,4,1100
213800208,-0.976,0.854,0.732,0.036,0.034,1.042,4,1100
213801691,-1.037,1.037,0.488,0.048,0.028,1.054,4,1100
213802210,-0.976,1.524,0.061,0.057,0.048,1.025,4,1100
213803694,-1.159,2.561,0.000,-0.011,0.049,1.027,4,1100
213804208,-1.159,2.561,0.000,-0.011,0.049,1.027,4,1100
213805691,-0.793,1.707,0.122,-0.062,0.017,1.026,4,1100
213806211,-1.098,1.037,0.366,-0.034,0.006,1.044,4,1100
213807694,-1.098,0.610,0.549,-0.006,0.017,1.046,4,1100
213808208,-1.098,0.854,0.549,0.032,0.043,1.060,4,1100
213809692,-0.732,1.585,0.366,0.064,0.030,1.034,4,1100
213810202,-0.732,1.585,0.366,0.031,0.053,1.044,4,1100
213811694,-1.037,2.134,0.061,-0.023,0.041,1.032,4,1100
213812208,-1.037,2.134,0.061,-0.023,0.041,1.032,4,1100
213813692,-1.159,1.646,0.061,-0.061,0.004,1.037,4,1100
213814205,-1.159,0.976,0.610,-0.036,0.009,1.063,4,1100
213815694,-1.341,0.549,0.549,0.004,0.022,1.033,4,1100
213816212,-1.159,0.793,0.671,0.048,0.032,1.073,4,1100
213817692,-0.732,1.890,0.122,0.026,0.047,1.042,4,1100
213818205,-0.732,1.890,0.122,0.026,0.047,1.042,4,1100
213819694,-1.280,2.561,0.183,-0.017,0.035,1.013,4,1100
213820208,-1.220,2.317,0.427,-0.063,0.029,1.031,4,1100
213821691,-1.341,1.463,0.366,-0.066,-0.005,1.031,4,1100
213822211,-1.280,0.732,0.427,-0.010,0.022,1.037,4,1100
213823694,-1.707,0.793,0.427,0.045,0.038,1.048,4,1100
213824208,-1.707,0.793,0.427,0.045,0.038,1.048,4,1100
213825692,-0.793,1.951,0.183,0.034,0.049,1.021,4,1100
213826208,-0.854,2.439,0.183,0.034,0.049,1.021,4,1100
213827694,-0.976,2.378,0.000,-0.025,0.038,1.015,4,1100
213828212,-0.915,1.951,0.000,-0.067,0.019,1.044,4,1100
213829692,-1.037,0.854,0.427,-0.052,-0.010,1.026,4,1100
213830200,-1.037,0.854,0.427,-0.015,0.020,1.025,4,1100
213831694,-1.098,0.732,0.732,0.046,0.033,1.054,4,1100
213832208,-1.098,0.732,0.732,0.046,0.033,1.054,4,1100
213833692,-0.976,1.951,0.000,0.041,0.048,1.032,4,1100
213834202,-1.037,2.317,-0.061,-0.011,0.043,1.025,4,1100
213835694,-1.280,2.500,0.305,-0.052,0.030,1.016,4,1100
213836208,-1.159,2.012,0.305,-0.050,0.022,1.019,4,1100
213837691,-1.037,0.488,0.488,-0.030,0.019,1.054,4,1100
213838210,-1.037,0.488,0.488,-0.030,0.019,1.054,4,1100
213839694,-0.854,0.915,0.671,0.053,0.035,1.063,4,1100
213840207,-0.793,1.585,0.427,0.053,0.035,1.063,4,1100
213841692,-1.098,2.134,0.305,0.031,0.042,1.040,4,1100
213842206,-1.220,2.805,0.122,-0.003,0.048,1.015,4,1100
213843694,-1.159,1.646,0.244,-0.054,0.024,1.025,4,1100
213844211,-1.159,1.646,0.244,-0.058,0.010,1.017,4,1100
213845691,-1.159,0.427,0.549,-0.012,0.026,1.069,4,1100
213846210,-1.159,0.427,0.549,-0.012,0.026,1.069,4,1100
213847694,-0.549,0.976,0.549,0.042,0.032,1.058,4,1100
213848208,-0.793,1.585,0.244,0.034,0.047,1.025,4,1100
213849692,-0.793,2.317,0.122,0.042,0.049,1.029,4,1100
213850202,-0.915,2.439,0.061,-0.021,0.052,1.022,4,1100
213851694,-1.037,1.707,0.122,-0.057,0.001,1.018,4,1100
213852212,-1.037,1.707,0.122,-0.057,0.001,1.018,4,1100
213853699,-1.037,0.671,0.427,0.007,0.024,1.066,4,1100
213854218,-0.915,0.732,0.488,0.022,0.020,1.065,4,1100
213855696,-0.854,1.098,0.488,0.053,0.029,1.038,4,1100
213856218,-0.854,1.707,0.305,0.043,0.063,1.042,4,1100
213857692,-1.159,2.256,-0.122,-0.036,0.040,1.033,4,1100
213858200,-1.159,2.256,-0.122,-0.036,0.040,1.033,4,1100
213859694,-1.037,1.524,0.366,-0.056,-0.004,1.029,4,1100
213860208,-1.341,0.915,0.549,-0.056,-0.004,1.029,4,1100
213861692,-1.402,0.671,0.610,0.017,0.030,1.047,4,1100
213862200,-1.280,0.854,0.488,0.050,0.039,1.051,4,1100
213863694,-0.793,1.463,0.549,0.048,0.040,1.034,4,1100
213864208,-0.793,2.073,0.305,0.038,0.044,1.047,4,1100
213865692,-0.854,2.500,-0.061,-0.020,0.038,1.027,4,1100
213866200,-0.854,2.500,-0.061,-0.020,0.038,1.027,4,1100
213867694,-1.159,1.463,0.305,-0.059,0.002,1.035,4,1100
213868208,-1.341,1.037,0.671,-0.018,0.023,1.051,4,1100
213869692,-1.037,0.854,0.793,0.011,0.030,1.038,4,1100
213870205,-0.915,0.610,0.610,0.039,0.032,1.047,4,1100
213871694,-0.854,1.829,0.427,0.042,0.057,1.032,4,1100
213872207,-0.854,1.829,0.427,0.042,0.057,1.032,4,1100
213873691,-1.037,2.378,0.061,-0.048,0.035,1.003,4,1100
213874210,-1.280,2.073,0.061,-0.058,0.016,1.040,4,1100
213875694,-1.280,1.463,0.244,-0.062,-0.006,1.042,4,1100
213876208,-1.402,0.854,0.671,-0.031,0.023,1.047,4,1100
213877692,-1.280,0.915,0.915,0.018,0.024,1.061,4,1100
213878205,-1.280,0.915,0.915,0.041,0.024,1.028,4,1100
213879694,-0.976,1.890,0.000,0.044,0.051,1.025,4,1100
213880207,-0.976,1.890,0.000,0.044,0.051,1.025,4,1100
213881692,-1.341,2.378,-0.122,-0.049,0.033,1.009,4,1100
213882217,-1.646,2.073,0.061,-0.060,0.003,1.032,4,1100
213883694,-1.341,1.463,0.366,-0.040,0.009,1.047,4,1100
213884212,-0.915,0.854,0.671,-0.009,0.013,1.026,4,1100
213885691,-0.854,0.793,0.854,0.058,0.035,1.046,4,1100
213886211,-0.854,0.793,0.854,0.058,0.035,1.046,4,1100
213887694,-0.732,2.012,0.244,0.023,0.050,1.042,4,1100
213888206,-0.610,2.256,0.183,0.016,0.044,1.020,4,1100
213889691,-0.915,2.317,0.183,-0.048,0.023,1.016,4,1100
213890210,-1.463,1.951,-0.122,-0.075,0.004,1.034,4,1100
213891694,-1.037,0.793,0.732,-0.022,0.025,1.041,4,1100
213892208,-1.037,0.793,0.732,-0.022,0.025,1.041,4,1100
213893691,-1.037,1.037,0.488,0.061,0.029,1.065,4,1100
213894210,-0.488,1.341,0.427,0.061,0.029,1.065,4,1100
213895694,-0.732,2.073,0.183,0.034,0.051,1.046,4,1100
213896211,-0.793,2.378,0.122,-0.003,0.046,1.016,4,1100
213897692,-1.341,2.195,0.000,-0.041,0.024,1.026,4,1100
213898205,-1.524,1.768,0.000,-0.077,0.003,1.032,4,1100
213899694,-1.098,0.793,0.793,-0.012,0.033,1.067,4,1100
213900208,-1.098,0.793,0.793,-0.012,0.033,1.067,4,1100
213901692,-1.037,1.159,0.427,0.053,0.039,1.059,4,1100
213902205,-0.915,1.524,0.244,0.038,0.031,1.030,4,1100
213903694,-0.976,2.134,0.488,0.023,0.062,1.014,4,1100
213904208,-1.098,2.256,0.183,-0.008,0.029,1.021,4,1100
213905704,-1.341,1.768,0.061,-0.048,0.003,1.042,4,1100
213906227,-1.341,1.768,0.061,-0.048,0.003,1.042,4,1100
213907697,-1.280,0.671,0.793,0.010,0.036,1.056,4,1100
213908212,-0.976,0.793,0.671,0.010,0.036,1.056,4,1100
213909694,-0.915,1.402,0.366,0.035,0.032,1.029,4,1100
213910208,-0.610,1.829,0.000,0.035,0.039,1.040,4,1100
213911694,-1.098,2.622,0.061,0.010,0.049,1.011,4,1100
213912208,-1.098,2.622,0.061,-0.028,0.053,1.031,4,1100
213913694,-1.341,1.707,0.366,-0.079,0.002,1.029,4,1100
213914208,-1.341,1.707,0.366,-0.079,0.002,1.029,4,1100
213915694,-1.220,0.915,0.854,0.000,0.035,1.050,4,1100
213916208,-1.037,0.915,0.854,0.047,0.030,1.066,4,1100
213917694,-0.488,1.220,0.610,0.070,0.031,1.037,4,1100
213918208,-0.610,1.524,0.549,0.039,0.044,1.037,4,1100
213919694,-1.098,2.378,0.000,-0.022,0.042,1.007,4,1100
213920208,-1.098,2.378,0.000,-0.022,0.042,1.007,4,1100
213921694,-1.159,1.585,0.122,-0.082,0.001,1.038,4,1100
213922208,-1.280,0.976,0.488,-0.018,0.016,1.048,4,1100
213923701,-1.220,0.488,0.793,0.021,0.029,1.058,4,1100
213924225,-1.098,0.732,0.488,0.048,0.043,1.041,4,1100
213925696,-0.732,1.890,0.366,0.040,0.056,1.016,4,1100
213926210,-0.732,1.890,0.366,0.040,0.056,1.016,4,1100
213927694,-1.280,2.317,-0.305,-0.049,0.023,1.019,4,1100
213928208,-1.280,1.890,-0.183,-0.049,0.023,1.019,4,1100
213929694,-1.280,1.463,0.122,-0.037,0.013,1.049,4,1100
213930208,-1.341,0.793,0.366,-0.027,0.014,1.049,4,1100
213931694,-1.524,0.488,0.671,0.021,0.016,1.069,4,1100
213932208,-1.037,0.793,0.610,0.030,0.041,1.031,4,1100
213933694,-0.854,2.012,0.427,0.033,0.052,1.045,4,1100
213934208,-0.854,2.012,0.427,0.033,0.052,1.045,4,1100
213935694,-0.976,2.317,0.061,-0.057,0.024,1.033,4,1100
213936208,-0.976,2.073,0.183,-0.058,0.020,1.019,4,1100
213937694,-1.220,1.341,0.366,-0.048,-0.005,1.037,4,1100
213938208,-1.220,0.854,0.732,-0.032,0.018,1.060,4,1100
213939694,-0.976,0.915,0.427,0.044,0.041,1.066,4,1100
213940211,-0.976,0.915,0.427,0.044,0.041,1.066,4,1100
213941694,-1.037,2.195,-0.122,0.030,0.030,1.046,4,1100
213942212,-0.915,2.500,-0.183,0.030,0.030,1.046,4,1100
213943694,-1.220,2.256,-0.122,-0.055,0.027,1.025,4,1100
213944208,-1.159,1.585,0.366,-0.065,0.026,1.027,4,1100
213945694,-1.220,0.549,0.671,-0.031,0.009,1.038,4,1100
213946211,-1.220,0.549,0.671,-0.005,0.028,1.063,4,1100
213947694,-1.280,0.915,0.732,0.046,0.035,1.054,4,1100
213948207,-1.280,0.915,0.732,0.046,0.035,1.054,4,1100
213949694,-0.854,2.134,0.244,0.014,0.028,1.023,4,1100
213950208,-1.098,2.378,0.061,-0.026,0.048,1.027,4,1100
213951694,-1.220,2.256,-0.061,-0.045,0.012,1.010,4,1100
213952208,-1.280,1.646,0.183,-0.046,0.008,1.035,4,1100
213953694,-1.159,0.305,0.488,0.012,0.021,1.042,4,1100
213954208,-1.159,0.305,0.488,0.012,0.021,1.042,4,1100
213955694,-1.037,1.280,0.671,0.052,0.037,1.040,4,1100
213956208,-0.732,1.890,0.244,0.046,0.050,1.043,4,1100
213957694,-0.976,2.195,0.183,0.021,0.049,1.003,4,1100
213958211,-0.732,2.134,0.183,-0.033,0.044,1.038,4,1100
213959694,-1.159,1.707,0.366,-0.058,0.005,1.045,4,1100
213960208,-1.159,1.707,0.366,-0.058,0.005,1.045,4,1100
213961694,-1.341,0.488,0.732,-0.001,0.027,1.037,4,1100
213962211,-1.037,0.488,0.549,-0.001,0.027,1.037,4,1100
213963694,-0.793,1.220,0.366,0.049,0.042,1.046,4,1100
213964208,-0.915,1.829,0.183,0.043,0.049,1.039,4,1100
213965694,-0.793,2.378,0.061,0.010,0.043,1.023,4,1100
213966211,-1.037,2.561,-0.122,-0.040,0.035,1.020,4,1100
213967694,-0.854,1.463,0.244,-0.065,0.008,1.035,4,1100
213968212,-0.854,1.463,0.244,-0.065,0.008,1.035,4,1100
213969694,-1.037,0.549,0.854,0.005,0.037,1.050,4,1100
213970208,-0.976,0.976,0.732,0.055,0.021,1.064,4,1100
213971694,-0.976,1.220,0.427,0.058,0.037,1.053,4,1100
213972208,-0.976,1.951,0.366,0.032,0.058,1.011,4,1100
213973694,-0.549,2.439,0.122,-0.030,0.040,1.010,4,1100
213974208,-0.549,2.439,0.122,-0.030,0.040,1.010,4,1100
213975694,-1.280,1.341,0.366,-0.052,0.001,1.037,4,1100
213976208,-1.341,0.976,0.488,-0.052,0.001,1.037,4,1100
213977694,-1.037,0.671,0.549,0.032,0.037,1.067,4,1100
213978208,-0.732,0.976,0.610,0.045,0.024,1.042,4,1100
213979694,-0.610,1.890,0.183,0.054,0.054,1.047,4,1100
213980208,-0.610,1.890,0.183,0.039,0.042,1.017,4,1100
213981694,-1.098,2.134,0.305,-0.039,0.031,1.034,4,1100
213982208,-1.098,2.134,0.305,-0.039,0.031,1.034,4,1100
213983694,-1.220,1.220,0.244,-0.061,0.007,1.055,4,1100
213984212,-1.280,0.793,0.671,0.005,0.023,1.059,4,1100
213985694,-1.341,0.427,0.488,0.025,0.039,1.062,4,1100
213986212,-0.732,1.098,0.549,0.044,0.027,1.062,4,1100
213987697,-0.549,2.195,0.305,0.043,0.056,1.044,4,1100
213988224,-0.549,2.195,0.305,0.043,0.056,1.044,4,1100
213989701,-0.793,2.195,-0.122,-0.052,0.019,1.028,4,1100
213990221,-0.915,1.646,-0.061,-0.080,-0.001,1.024,4,1100
213991695,-1.280,0.915,0.366,-0.043,0.011,1.041,4,1100
213992205,-1.280,0.488,0.427,-0.005,0.024,1.060,4,1100
213993694,-1.341,1.037,0.244,0.061,0.041,1.049,4,1100
213994208,-1.341,1.037,0.244,0.061,0.041,1.049,4,1100
213995694,-0.732,2.134,0.122,0.011,0.043,1.029,4,1100
213996208,-0.732,2.439,0.122,0.011,0.043,1.029,4,1100
213997694,-0.610,2.256,0.000,-0.057,0.014,1.008,4,1100
213998208,-1.098,1.646,0.244,-0.067,0.010,1.040,4,1100
213999694,-1.341,1.037,0.854,-0.024,0.008,1.047,4,1100
214000209,-1.341,0.732,0.854,0.006,0.027,1.057,4,1100
214001694,-0.976,1.341,0.366,0.061,0.038,1.042,4,1100
214002208,-0.976,1.341,0.366,0.061,0.038,1.042,4,1100
214003694,-0.732,2.195,0.366,0.008,0.048,1.014,4,1100
214004208,-0.976,2.378,0.061,-0.016,0.042,1.035,4,1100
214005694,-0.915,2.134,0.000,-0.049,0.018,1.000,4,1100
214006207,-1.159,1.646,0.305,-0.069,0.008,1.032,4,1100
214007694,-1.280,0.793,0.610,0.010,0.026,1.030,4,1100
214008208,-1.280,0.793,0.610,0.010,0.026,1.030,4,1100
214009694,-0.793,1.280,0.427,0.059,0.029,1.034,4,1100
214010208,-0.732,1.646,0.183,0.059,0.029,1.034,4,1100
214011694,-0.488,2.012,-0.183,0.030,0.049,1.028,4,1100
214012211,-0.793,2.256,-0.122,-0.030,0.034,1.021,4,1100
214013694,-1.585,1.585,0.183,-0.077,0.021,1.032,4,1100
214014208,-1.585,1.585,0.183,-0.058,-0.001,1.040,4,1100
214015694,-0.854,0.488,0.610,0.015,0.027,1.043,4,1100
214016208,-0.854,0.488,0.610,0.015,0.027,1.043,4,1100
214017694,-0.915,1.341,0.671,0.062,0.049,1.048,4,1100
214018208,-0.915,1.707,0.366,0.028,0.042,1.028,4,1100
214019694,-0.793,2.256,0.122,-0.002,0.050,1.041,4,1100
214020208,-1.159,2.439,0.122,-0.031,0.034,1.010,4,1100
214021694,-1.402,1.280,0.122,-0.048,-0.007,1.040,4,1100
214022208,-1.402,1.280,0.122,-0.048,-0.007,1.040,4,1100
214023694,-0.976,0.610,0.976,0.008,0.033,1.060,4,1100
214024208,-1.159,0.610,0.854,0.068,0.042,1.041,4,1100
214025694,-0.854,1.402,0.549,0.044,0.043,1.050,4,1100
214026212,-0.671,2.134,0.366,0.034,0.050,1.032,4,1100
214027694,-0.854,2.378,0.000,-0.044,0.053,1.024,4,1100
214028211,-0.854,2.378,0.000,-0.044,0.053,1.024,4,1100
214029694,-0.976,1.280,0.610,-0.062,-0.009,1.058,4,1100
214030208,-1.098,0.854,0.854,-0.062,-0.009,1.058,4,1100
214031694,-1.037,0.854,1.037,0.012,0.025,1.068,4,1100
214032206,-0.732,0.793,0.732,0.061,0.050,1.051,4,1100
214033694,-0.976,1.768,0.610,0.068,0.042,1.022,4,1100
214034208,-1.159,2.134,0.122,0.016,0.038,1.040,4,1100
214035694,-1.159,2.195,0.244,-0.049,0.028,1.029,4,1100
214036211,-1.159,2.195,0.244,-0.049,0.028,1.029,4,1100
214037694,-1.341,1.037,0.488,-0.044,-0.006,1.038,4,1100
214038207,-1.159,0.671,0.976,0.000,0.015,1.061,4,1100
214039694,-1.341,0.671,0.854,0.036,0.030,1.060,4,1100
214040208,-0.976,1.037,0.610,0.032,0.031,1.067,4,1100
214041694,-0.305,2.256,0.244,0.029,0.043,1.027,4,1100
214042208,-0.305,2.256,0.244,0.029,0.043,1.027,4,1100
214043694,-1.098,2.073,-0.061,-0.048,0.027,1.017,4,1100
214044208,-1.463,1.402,0.366,-0.048,0.027,1.017,4,1100
214045694,-1.463,0.976,0.671,-0.051,0.016,1.043,4,1100
214046207,-1.280,0.549,0.915,0.008,0.022,1.063,4,1100
214047694,-1.159,1.220,0.732,0.037,0.033,1.048,4,1100
214048208,-1.159,1.220,0.732,0.057,0.039,1.059,4,1100
214049694,-0.732,2.622,0.122,0.030,0.053,1.016,4,1100
214050208,-0.732,2.622,0.122,0.030,0.053,1.016,4,1100
214051694,-0.732,2.256,0.122,-0.061,0.013,0.998,4,1100
214052208,-0.732,1.463,0.122,-0.057,0.007,1.033,4,1100
214053694,-0.976,0.793,0.366,-0.029,0.017,1.058,4,1100
214054211,-0.610,0.427,0.793,0.002,0.029,1.044,4,1100
214055694,-0.732,1.280,0.549,0.059,0.038,1.032,4,1100
214056208,-0.732,1.280,0.549,0.059,0.038,1.032,4,1100
214057694,-0.854,2.317,0.122,0.009,0.042,1.031,4,1100
214058208,-1.159,2.744,-0.061,-0.034,0.033,1.028,4,1100
214059694,-1.341,2.317,0.000,-0.051,0.013,1.007,4,1100
214060207,-1.159,1.524,0.122,-0.070,0.016,1.017,4,1100
214061694,-1.646,0.732,0.610,0.011,0.019,1.056,4,1100
214062211,-1.646,0.732,0.610,0.011,0.019,1.056,4,1100
214063694,-1.037,1.159,0.549,0.067,0.041,1.055,4,1100
214064208,-0.915,1.463,0.122,0.067,0.041,1.055,4,1100
214065694,-0.854,2.317,-0.061,0.003,0.052,1.035,4,1100
214066208,-1.098,2.561,0.061,-0.024,0.038,0.998,4,1100
214067694,-1.159,2.134,0.061,-0.076,0.009,1.023,4,1100
214068208,-1.159,1.463,0.183,-0.050,0.006,1.037,4,1100
214069694,-1.159,0.610,0.305,0.009,0.031,1.062,4,1100
214070207,-1.159,0.610,0.305,0.009,0.031,1.062,4,1100
214071694,-1.159,1.159,0.427,0.048,0.040,1.059,4,1100
214072208,-0.854,1.768,0.305,0.048,0.062,1.037,4,1100
214073694,-0.915,2.439,0.244,0.006,0.038,1.021,4,1100
214074208,-1.037,2.439,-0.061,-0.061,0.029,1.002,4,1100
214075694,-1.159,1.280,0.305,-0.053,0.000,1.047,4,1100
214076208,-1.159,1.280,0.305,-0.053,0.000,1.047,4,1100
214077694,-1.280,0.671,0.671,0.037,0.035,1.068,4,1100
214078208,-0.915,1.159,0.549,0.037,0.035,1.068,4,1100
214079694,-0.976,1.585,0.305,0.058,0.035,1.037,4,1100
214080211,-0.793,2.012,0.305,0.046,0.055,1.033,4,1100
214081694,-1.098,1.890,0.061,0.007,0.045,1.023,4,1100
214082208,-1.098,1.890,0.061,-0.054,0.037,1.022,4,1100
214083694,-1.280,1.463,0.427,-0.033,0.005,1.041,4,1100
214084208,-1.280,1.463,0.427,-0.033,0.005,1.041,4,1100
214085694,-1.159,0.488,0.793,0.026,0.024,1.054,4,1100
214086208,-1.037,0.610,0.793,0.054,0.029,1.067,4,1100
214087694,-0.976,1.524,0.549,0.049,0.048,1.026,4,1100
214088208,-1.098,2.134,0.488,0.028,0.049,1.041,4,1100
214089694,-1.220,2.195,-0.061,-0.059,0.023,1.016,4,1100
214090208,-1.220,2.195,-0.061,-0.059,0.023,1.016,4,1100
214091694,-1.098,0.976,0.244,-0.034,0.003,1.034,4,1100
214092212,-1.037,0.610,0.488,-0.010,0.028,1.057,4,1100
214093694,-1.098,0.854,0.427,0.037,0.033,1.053,4,1100
214094211,-0.915,1.341,0.366,0.045,0.034,1.060,4,1100
214095694,-0.854,2.195,0.183,0.035,0.053,1.014,4,1100
214096208,-0.854,2.195,0.183,0.035,0.053,1.014,4,1100
214097694,-0.793,2.073,-0.122,-0.062,0.015,1.021,4,1100
214098208,-0.793,2.073,-0.122,-0.062,0.015,1.021,4,1100
214099703,-1.220,0.915,0.488,-0.042,0.011,1.039,4,1100
214100233,-0.915,0.610,0.915,0.000,0.033,1.049,4,1100
214101697,-0.732,0.854,1.037,0.047,0.035,1.074,4,1100
214102212,-0.671,1.159,0.671,0.067,0.045,1.041,4,1100
214103694,-0.732,1.951,0.061,0.008,0.035,1.010,4,1100
214104208,-0.732,1.951,0.061,0.008,0.035,1.010,4,1100
214105694,-1.098,2.134,-0.183,-0.048,0.018,1.016,4,1100
214106211,-1.037,1.768,0.000,-0.067,-0.006,1.034,4,1100
214107694,-1.037,1.220,0.549,-0.007,0.024,1.065,4,1100
214108210,-0.915,0.793,0.732,0.011,0.019,1.038,4,1100
214109694,-0.671,1.280,0.305,0.066,0.021,1.048,4,1100
214110212,-0.671,1.280,0.305,0.066,0.021,1.048,4,1100
214111694,-0.549,2.256,0.122,0.024,0.048,1.030,4,1100
214112208,-0.854,2.378,-0.183,0.024,0.048,1.030,4,1100
214113694,-1.159,2.073,-0.122,-0.057,0.016,1.030,4,1100
214114212,-1.220,1.402,0.122,-0.062,-0.007,1.032,4,1100
214115702,-0.976,0.366,0.854,-0.040,0.022,1.058,4,1100
214116230,-0.976,0.366,0.854,0.039,0.039,1.071,4,1100
214117697,-0.854,1.280,0.122,0.047,0.046,1.048,4,1100
214118216,-0.854,1.280,0.122,0.047,0.046,1.048,4,1100
214119694,-0.732,2.439,0.061,0.010,0.067,1.028,4,1100
214120210,-1.037,2.439,-0.122,-0.031,0.025,1.021,4,1100
214121694,-1.037,1.890,-0.183,-0.064,0.011,1.025,4,1100
214122208,-1.159,1.463,-0.061,-0.062,0.004,1.038,4,1100
214123694,-1.159,0.549,0.549,0.023,0.035,1.075,4,1100
214124208,-1.159,0.549,0.549,0.023,0.035,1.075,4,1100
214125694,-0.793,1.341,0.305,0.050,0.036,1.036,4,1100
214126211,-0.732,1.890,0.000,0.037,0.045,1.040,4,1100
214127694,-0.854,2.256,0.244,0.001,0.050,1.019,4,1100
214128210,-0.732,2.195,0.000,-0.061,0.023,1.029,4,1100
214129701,-1.037,1.280,0.610,-0.047,0.001,1.061,4,1100
214130222,-1.037,1.280,0.610,-0.047,0.001,1.061,4,1100
214131696,-1.037,0.610,0.854,0.049,0.042,1.051,4,1100
214132215,-1.037,0.793,0.793,0.049,0.042,1.051,4,1100
214133694,-0.793,1.585,0.488,0.047,0.048,1.029,4,1100
214134212,-0.915,2.134,0.305,0.028,0.043,1.045,4,1100
214135694,-1.280,2.378,0.427,-0.015,0.051,1.009,4,1100
214136208,-1.341,2.195,0.122,-0.051,0.033,1.021,4,1100
214137694,-1.159,0.976,0.183,-0.031,0.012,1.041,4,1100
214138208,-1.159,0.976,0.183,-0.031,0.012,1.041,4,1100
214139694,-1.220,0.793,0.793,0.027,0.043,1.053,4,1100
214140208,-1.037,1.220,0.671,0.056,0.030,1.059,4,1100
214141694,-1.037,1.707,0.244,0.040,0.064,1.033,4,1100
214142208,-0.915,2.195,0.061,0.028,0.051,1.030,4,1100
214143694,-0.976,2.378,0.122,-0.061,0.022,1.017,4,1100
214144208,-0.976,2.378,0.122,-0.061,0.022,1.017,4,1100
214145694,-1.159,1.037,0.671,-0.037,0.004,1.049,4,1100
214146208,-1.159,0.610,0.610,-0.037,0.004,1.049,4,1100
214147694,-0.915,0.610,0.671,0.041,0.034,1.062,4,1100
214148208,-0.915,1.098,0.427,0.067,0.041,1.036,4,1100
214149702,-0.854,2.317,0.061,0.033,0.043,1.056,4,1100
214150226,-0.854,2.317,0.061,0.020,0.035,1.015,4,1100
214151697,-0.976,2.012,-0.061,-0.061,0.024,1.023,4,1100
214152218,-0.976,2.012,-0.061,-0.061,0.024,1.023,4,1100
214153694,-1.341,0.671,0.610,-0.011,0.023,1.059,4,1100
214154208,-1.220,0.366,0.610,0.006,0.019,1.032,4,1100
214155694,-1.037,0.732,0.549,0.046,0.034,1.063,4,1100
214156212,-0.976,1.280,0.305,0.062,0.035,1.045,4,1100
214157694,-1.037,2.256,-0.061,0.008,0.045,1.024,4,1100
214158212,-1.037,2.256,-0.061,0.008,0.045,1.024,4,1100
214159694,-1.280,1.829,0.122,-0.070,0.022,1.023,4,1100
214160208,-1.280,1.098,0.183,-0.049,0.006,1.044,4,1100
214161694,-1.037,0.793,0.488,-0.032,0.018,1.049,4,1100
214162208,-0.854,0.732,0.915,0.012,0.035,1.063,4,1100
214163694,-0.305,1.280,0.183,0.056,0.047,1.047,4,1100
214164208,-0.305,1.280,0.183,0.056,0.047,1.047,4,1100
214165694,-0.671,2.256,-0.061,0.011,0.055,1.034,4,1100
214166212,-0.671,2.256,-0.061,0.011,0.055,1.034,4,1100
214167694,-1.220,1.890,0.305,-0.068,0.007,1.037,4,1100
214168212,-1.402,1.402,0.427,-0.044,0.009,1.049,4,1100
214169694,-1.402,0.671,0.610,-0.016,0.019,1.040,4,1100
214170211,-1.402,0.488,0.671,0.016,0.022,1.077,4,1100
214171694,-1.037,1.280,0.305,0.069,0.043,1.050,4,1100
214172208,-1.037,1.280,0.305,0.069,0.043,1.050,4,1100
214173694,-1.220,2.439,0.061,0.007,0.042,1.041,4,1100
214174208,-1.402,2.500,0.061,-0.048,0.027,1.026,4,1100
214175694,-1.280,2.317,0.244,-0.069,0.020,1.018,4,1100
214176211,-1.463,1.524,0.610,-0.032,0.017,1.052,4,1100
214177694,-0.976,0.549,0.732,0.021,0.032,1.059,4,1100
214178208,-0.976,0.549,0.732,0.021,0.032,1.059,4,1100
214179694,-0.854,1.463,0.366,0.050,0.046,1.022,4,1100
214180208,-0.915,2.134,0.305,0.050,0.046,1.022,4,1100
214181694,-0.915,2.256,0.183,-0.002,0.042,1.014,4,1100
214182208,-0.915,2.134,0.061,-0.045,0.024,1.039,4,1100
214183694,-1.220,1.098,0.549,-0.066,0.003,1.021,4,1100
214184203,-1.220,1.098,0.549,-0.051,0.013,1.026,4,1100
214185694,-1.280,0.610,0.976,0.040,0.037,1.058,4,1100
214186208,-1.280,0.610,0.976,0.040,0.037,1.058,4,1100
214187694,-0.854,1.585,0.488,0.057,0.048,1.030,4,1100
214188212,-1.037,2.195,0.305,0.022,0.056,1.033,4,1100
214189694,-1.159,2.500,0.183,-0.011,0.050,1.028,4,1100
214190208,-1.280,2.195,0.244,-0.055,0.026,1.021,4,1100
214191694,-1.402,1.220,0.671,-0.043,0.014,1.050,4,1100
214192208,-1.402,1.220,0.671,-0.043,0.014,1.050,4,1100
214193694,-1.220,0.793,0.854,0.042,0.029,1.058,4,1100
214194208,-1.159,0.854,0.671,0.057,0.037,1.056,4,1100
214195694,-0.732,1.524,0.427,0.038,0.043,1.046,4,1100
214196208,-0.732,2.134,0.244,0.015,0.057,1.023,4,1100
214197694,-0.976,2.256,0.000,-0.076,0.014,1.003,4,1100
214198208,-0.976,2.256,0.000,-0.076,0.014,1.003,4,1100
214199694,-1.159,0.793,0.488,-0.027,0.015,1.041,4,1100
214200208,-1.159,0.793,0.488,-0.027,0.015,1.041,4,1100
214201694,-0.976,0.915,0.671,0.041,0.025,1.062,4,1100
214202211,-0.976,1.280,0.488,0.054,0.043,1.029,4,1100
214203694,-0.671,1.951,0.488,0.055,0.052,1.053,4,1100
214204212,-0.732,2.317,0.305,0.010,0.047,1.011,4,1100
214205694,-1.037,2.134,-0.305,-0.057,0.004,1.018,4,1100
214206211,-1.037,2.134,-0.305,-0.057,0.004,1.018,4,1100
214207694,-1.159,0.854,0.244,-0.036,0.013,1.059,4,1100
214208208,-1.037,0.671,0.610,0.017,0.037,1.038,4,1100
214209694,-0.915,0.671,0.793,0.049,0.035,1.051,4,1100
214210208,-0.976,1.402,0.488,0.048,0.042,1.050,4,1100
214211694,-0.854,2.256,0.000,0.007,0.041,1.027,4,1100
214212208,-0.854,2.256,0.000,0.007,0.041,1.027,4,1100
214213694,-1.341,2.195,0.061,-0.056,0.016,1.027,4,1100
214214212,-1.280,1.585,0.305,-0.056,0.016,1.027,4,1100
214215694,-0.915,0.793,0.732,-0.029,0.013,1.048,4,1100
214216208,-0.976,0.488,0.610,0.034,0.039,1.064,4,1100
214217694,-0.976,1.280,0.549,0.056,0.024,1.047,4,1100
214218211,-0.976,1.280,0.549,0.035,0.032,1.065,4,1100
214219694,-0.976,2.073,0.183,0.044,0.053,1.020,4,1100
214220208,-0.976,2.073,0.183,0.044,0.053,1.020,4,1100
214221694,-1.220,2.012,0.244,-0.084,-0.006,1.035,4,1100
214222208,-1.341,1.341,0.244,-0.031,0.007,1.046,4,1100
214223694,-1.341,0.549,0.610,-0.027,0.024,1.035,4,1100
214224206,-1.220,0.549,0.915,0.016,0.040,1.069,4,1100
214225694,-0.732,1.463,0.671,0.045,0.045,1.039,4,1100
214226208,-0.732,1.463,0.671,0.045,0.045,1.039,4,1100
214227694,-0.854,2.622,0.000,-0.006,0.038,1.011,4,1100
214228207,-0.976,2.195,0.000,-0.042,0.042,1.021,4,1100
214229694,-0.732,1.829,-0.061,-0.062,0.006,1.031,4,1100
214230208,-0.915,1.220,0.122,-0.045,-0.002,1.035,4,1100
214231694,-0.976,0.793,0.488,0.040,0.049,1.051,4,1100
214232212,-0.976,0.793,0.488,0.040,0.049,1.051,4,1100
214233694,-0.610,1.829,0.122,0.047,0.051,1.024,4,1100
214234208,-0.610,1.829,0.122,0.047,0.051,1.024,4,1100
214235694,-0.793,2.317,0.183,-0.000,0.050,1.017,4,1100
214236208,-0.915,2.256,0.183,-0.052,0.036,1.031,4,1100
214237694,-0.854,1.768,0.183,-0.066,0.007,1.025,4,1100
214238208,-0.915,1.037,0.549,-0.046,0.009,1.030,4,1100
214239694,-0.976,0.732,0.793,0.035,0.042,1.067,4,1100
214240208,-0.976,0.732,0.793,0.035,0.042,1.067,4,1100
214241694,-0.854,1.463,0.000,0.055,0.046,1.029,4,1100
214242208,-0.793,1.951,0.061,0.016,0.042,1.022,4,1100
214243694,-1.098,2.073,0.305,-0.007,0.042,1.033,4,1100
214244208,-1.159,2.134,0.244,-0.066,0.019,1.013,4,1100
214245694,-1.341,1.220,0.366,-0.038,0.004,1.045,4,1100
214246211,-1.341,1.220,0.366,-0.038,0.004,1.045,4,1100
214247694,-1.159,0.732,0.671,0.031,0.034,1.074,4,1100
214248207,-0.732,1.098,0.549,0.031,0.034,1.074,4,1100
214249694,-0.854,1.646,0.427,0.029,0.041,1.055,4,1100
214250211,-0.793,2.195,0.183,0.021,0.054,1.018,4,1100
214251694,-1.280,2.012,-0.183,-0.013,0.045,1.032,4,1100
214252212,-1.280,2.012,-0.183,-0.059,0.019,1.004,4,1100
214253694,-1.159,1.037,0.366,-0.015,0.019,1.062,4,1100
214254208,-1.159,1.037,0.366,-0.015,0.019,1.062,4,1100
214255702,-0.976,0.915,0.549,0.043,0.029,1.060,4,1100
214256234,-0.915,1.402,0.488,0.055,0.028,1.035,4,1100
214257697,-0.793,1.768,0.366,0.039,0.050,1.035,4,1100
214258217,-0.854,2.012,0.000,0.012,0.045,1.029,4,1100
214259694,-1.341,1.951,-0.061,-0.059,0.018,1.033,4,1100
214260212,-1.341,1.951,-0.061,-0.059,0.018,1.033,4,1100
214261694,-0.671,0.793,0.732,-0.013,0.023,1.058,4,1100
214262208,-1.098,0.488,1.098,0.028,0.031,1.053,4,1100
214263694,-1.463,0.793,0.793,0.052,0.028,1.040,4,1100
214264208,-1.280,1.280,0.488,0.048,0.035,1.047,4,1100
214265694,-1.098,2.378,0.305,-0.005,0.041,1.038,4,1100
214266208,-1.098,2.378,0.305,-0.005,0.041,1.038,4,1100
214267694,-0.976,1.890,-0.183,-0.055,0.024,1.046,4,1100
214268208,-0.976,1.890,-0.183,-0.055,0.024,1.046,4,1100
214269694,-1.280,0.549,0.610,-0.036,0.021,1.040,4,1100
214270208,-1.341,0.366,0.610,0.036,0.028,1.068,4,1100
214271694,-1.037,0.915,0.732,0.034,0.036,1.031,4,1100
214272203,-0.976,1.463,0.427,0.046,0.045,1.049,4,1100
214273694,-0.915,2.256,0.000,0.003,0.051,1.013,4,1100
214274208,-0.915,2.256,0.000,0.003,0.051,1.013,4,1100
214275694,-1.098,2.134,0.061,-0.063,-0.000,1.022,4,1100
214276208,-0.854,1.463,0.305,-0.046,0.013,1.046,4,1100
214277694,-0.854,0.976,0.366,-0.021,0.009,1.047,4,1100
214278212,-0.854,0.732,0.427,0.029,0.035,1.038,4,1100
214279694,-0.793,1.463,0.366,0.044,0.053,1.033,4,1100
214280208,-0.793,1.463,0.366,0.044,0.053,1.033,4,1100
214281694,-0.793,2.317,-0.061,-0.012,0.048,1.010,4,1100
214282208,-1.098,2.256,-0.061,-0.012,0.048,1.010,4,1100
214283694,-1.463,1.707,0.000,-0.071,0.004,1.022,4,1100
214284208,-1.341,1.159,0.244,-0.029,0.019,1.041,4,1100
214285694,-1.220,0.549,0.610,0.002,0.018,1.060,4,1100
214286208,-1.220,0.549,0.610,0.005,0.025,1.044,4,1100
214287694,-0.793,1.463,0.427,0.054,0.046,1.027,4,1100
214288208,-0.793,1.463,0.427,0.054,0.046,1.027,4,1100
214289694,-0.976,2.317,-0.122,-0.017,0.037,1.027,4,1100
214290208,-1.280,2.256,-0.122,-0.063,0.032,1.018,4,1100
214291694,-1.402,1.890,0.061,-0.063,0.004,1.029,4,1100
214292208,-1.220,0.915,0.366,-0.026,0.015,1.040,4,1100
214293694,-0.732,0.793,0.793,0.025,0.037,1.078,4,1100
214294207,-0.732,0.793,0.793,0.025,0.037,1.078,4,1100
214295694,-0.854,1.524,0.366,0.044,0.045,1.041,4,1100
214296208,-0.793,2.134,0.305,0.008,0.061,1.012,4,1100
214297694,-0.854,2.439,-0.061,-0.007,0.031,1.042,4,1100
214298208,-0.732,2.256,-0.183,-0.061,0.021,1.010,4,1100
214299694,-0.976,0.854,0.366,-0.037,0.015,1.052,4,1100
214300212,-0.976,0.854,0.366,-0.037,0.015,1.052,4,1100
214301694,-0.976,0.549,0.793,0.029,0.034,1.070,4,1100
214302211,-0.976,0.549,0.793,0.029,0.034,1.070,4,1100
214303694,-0.793,1.402,0.244,0.051,0.047,1.028,4,1100
214304208,-0.976,2.256,0.000,0.003,0.060,1.012,4,1100
214305694,-0.854,2.317,0.000,-0.029,0.030,1.026,4,1100
214306208,-0.915,1.768,0.122,-0.074,0.006,1.026,4,1100
214307694,-1.220,0.915,0.793,-0.008,0.016,1.038,4,1100
214308208,-1.220,0.915,0.793,-0.008,0.016,1.038,4,1100
214309694,-0.854,0.732,0.854,0.042,0.032,1.060,4,1100
214310208,-0.793,1.220,0.305,0.058,0.027,1.049,4,1100
214311694,-0.671,1.890,0.244,0.040,0.053,1.025,4,1100
214312212,-0.732,2.561,0.183,0.002,0.041,1.039,4,1100
214313694,-0.854,2.012,0.366,-0.065,0.013,1.029,4,1100
214314212,-0.854,2.012,0.366,-0.065,0.013,1.029,4,1100
214315694,-1.037,0.915,0.854,-0.011,0.010,1.042,4,1100
214316208,-1.159,0.671,0.915,-0.011,0.010,1.042,4,1100
214317694,-0.976,1.220,0.793,0.043,0.036,1.040,4,1100
214318212,-0.671,1.524,0.427,0.052,0.028,1.044,4,1100
214319694,-0.915,2.317,0.427,0.033,0.050,1.029,4,1100
214320208,-0.915,2.317,0.427,0.010,0.048,1.036,4,1100
214321694,-0.793,1.768,0.183,-0.067,0.006,1.019,4,1100
214322208,-0.793,1.768,0.183,-0.067,0.006,1.019,4,1100
214323694,-1.220,0.793,0.854,-0.021,0.011,1.054,4,1100
214324212,-0.854,0.793,0.793,0.028,0.035,1.062,4,1100
214325698,-0.854,1.098,0.854,0.042,0.040,1.055,4,1100
214326225,-0.732,1.341,0.549,0.062,0.049,1.029,4,1100
214327701,-1.220,2.622,0.183,-0.011,0.058,1.015,4,1100
214328221,-1.220,2.622,0.183,-0.011,0.058,1.015,4,1100
214329695,-1.220,1.768,0.122,-0.077,0.008,1.026,4,1100
214330214,-1.220,0.915,0.183,-0.044,0.004,1.048,4,1100
214331694,-1.220,0.427,0.671,-0.004,0.028,1.057,4,1100
214332208,-0.976,0.671,0.915,0.039,0.030,1.042,4,1100
214333694,-0.671,1.768,0.183,0.060,0.042,1.054,4,1100
214334208,-0.671,1.768,0.183,0.042,0.035,1.022,4,1100
214335694,-0.732,2.561,-0.061,-0.019,0.039,1.016,4,1100
214336208,-0.732,2.561,-0.061,-0.019,0.039,1.016,4,1100
214337694,-1.098,1.646,0.305,-0.065,-0.000,1.032,4,1100
214338208,-1.341,1.098,0.488,-0.037,0.018,1.051,4,1100
214339694,-1.159,0.610,0.549,0.001,0.010,1.056,4,1100
214340208,-0.915,0.793,0.366,0.037,0.038,1.042,4,1100
214341694,-0.976,1.707,0.244,0.043,0.056,1.044,4,1100
214342208,-0.976,1.707,0.244,0.043,0.056,1.044,4,1100
214343694,-0.976,2.256,0.122,-0.021,0.038,1.031,4,1100
214344207,-1.159,2.073,0.305,-0.057,0.018,1.020,4,1100
214345694,-1.220,1.402,0.244,-0.058,-0.003,1.029,4,1100
214346208,-0.915,0.915,0.427,-0.033,0.008,1.052,4,1100
214347694,-0.671,0.549,0.793,0.052,0.037,1.059,4,1100
214348208,-0.671,0.549,0.793,0.052,0.037,1.059,4,1100
214349694,-0.610,1.768,0.244,0.038,0.052,1.053,4,1100
214350212,-0.793,2.378,0.000,0.038,0.052,1.053,4,1100
214351694,-0.915,2.317,0.183,-0.037,0.045,1.025,4,1100
214352208,-0.976,2.012,0.122,-0.053,0.018,1.032,4,1100
214353694,-1.280,0.976,0.366,-0.048,0.007,1.041,4,1100
214354207,-1.280,0.976,0.366,-0.018,0.010,1.042,4,1100
214355694,-0.610,0.915,0.732,0.036,0.042,1.067,4,1100
214356208,-0.610,0.915,0.732,0.036,0.042,1.067,4,1100
214357694,-0.976,1.707,0.305,0.032,0.042,1.021,4,1100
214358208,-1.037,2.195,0.061,-0.004,0.046,1.045,4,1100
214359694,-1.280,2.256,-0.122,-0.018,0.034,1.016,4,1100
214360207,-1.341,1.829,0.122,-0.061,0.014,1.034,4,1100
214361694,-1.402,0.793,0.488,-0.020,0.026,1.028,4,1100
214362208,-1.402,0.793,0.488,-0.020,0.026,1.028,4,1100
214363694,-1.524,0.793,0.671,0.049,0.041,1.056,4,1100
214364212,-0.976,1.159,0.305,0.066,0.049,1.046,4,1100
214365694,-0.976,1.829,0.183,0.023,0.052,1.020,4,1100
214366208,-1.341,2.195,0.183,0.007,0.050,1.040,4,1100
214367694,-1.463,2.012,0.061,-0.041,0.023,1.015,4,1100
214368211,-1.463,2.012,0.061,-0.072,0.008,1.028,4,1100
214369694,-1.341,0.610,0.793,-0.014,0.020,1.034,4,1100
214370208,-1.341,0.610,0.793,-0.014,0.020,1.034,4,1100
214371694,-0.854,0.915,0.854,0.060,0.035,1.058,4,1100
214372211,-0.915,1.524,0.488,0.064,0.043,1.024,4,1100
214373694,-1.037,2.012,0.366,0.021,0.047,1.033,4,1100
214374212,-0.732,2.500,0.244,-0.013,0.048,1.016,4,1100
214375694,-1.098,1.707,-0.122,-0.070,0.013,1.023,4,1100
214376208,-1.098,1.707,-0.122,-0.070,0.013,1.023,4,1100
214377694,-0.976,0.976,0.793,-0.008,0.016,1.060,4,1100
214378208,-0.854,0.854,0.854,0.022,0.025,1.050,4,1100
214379694,-0.671,0.915,0.366,0.058,0.040,1.066,4,1100
214380208,-0.366,1.524,0.122,0.058,0.043,1.015,4,1100
214381694,-1.159,2.561,0.244,-0.016,0.049,1.032,4,1100
214382208,-1.159,2.561,0.244,-0.016,0.049,1.032,4,1100
214383694,-1.280,1.829,0.122,-0.064,0.017,1.030,4,1100
214384208,-1.280,1.159,0.427,-0.064,0.017,1.030,4,1100
214385694,-1.220,0.549,0.610,-0.001,0.028,1.068,4,1100
214386208,-1.220,0.793,0.549,0.039,0.037,1.052,4,1100
214387694,-0.854,1.646,0.061,0.057,0.034,1.037,4,1100
214388208,-0.854,1.646,0.061,0.044,0.039,1.047,4,1100
214389694,-0.732,2.500,0.122,-0.015,0.043,1.031,4,1100
214390212,-0.732,2.500,0.122,-0.015,0.043,1.031,4,1100
214391694,-0.854,1.585,0.000,-0.061,0.016,1.033,4,1100
214392211,-0.976,0.976,0.305,-0.026,0.016,1.050,4,1100
214393694,-1.098,0.488,0.610,0.003,0.039,1.041,4,1100
214394208,-0.915,0.549,0.671,0.041,0.026,1.069,4,1100
214395694,-0.976,1.707,0.366,0.047,0.057,1.051,4,1100
214396208,-0.976,1.707,0.366,0.047,0.057,1.051,4,1100
214397694,-1.463,2.256,-0.061,-0.037,0.027,1.028,4,1100
214398212,-1.463,2.012,-0.244,-0.067,0.011,1.025,4,1100
214399694,-1.402,1.463,0.000,-0.052,0.006,1.031,4,1100
214400208,-1.280,1.037,0.610,-0.033,0.006,1.054,4,1100
214401694,-0.976,0.732,0.915,0.006,0.025,1.056,4,1100
214402208,-0.976,0.732,0.915,0.059,0.032,1.055,4,1100
214403694,-0.854,1.951,0.061,0.034,0.037,1.037,4,1100
214404208,-0.854,1.951,0.061,0.034,0.037,1.037,4,1100
214405694,-0.915,2.256,0.061,-0.030,0.040,1.009,4,1100
214406212,-1.098,1.890,0.244,-0.068,0.008,1.033,4,1100
214407694,-0.976,1.280,0.305,-0.066,-0.003,1.046,4,1100
214408208,-1.280,0.671,0.671,-0.009,0.021,1.036,4,1100
214409694,-0.732,0.915,0.854,0.051,0.031,1.044,4,1100
214410212,-0.732,0.915,0.854,0.051,0.031,1.044,4,1100
214411694,-0.915,1.768,0.183,0.037,0.050,1.029,4,1100
214412208,-0.854,2.256,0.488,0.000,0.046,1.022,4,1100
214413694,-1.098,2.134,0.427,-0.046,0.035,1.015,4,1100
214414208,-1.280,1.585,0.244,-0.057,0.016,1.049,4,1100
214415694,-1.341,0.671,0.610,-0.004,0.021,1.036,4,1100
214416208,-1.341,0.671,0.610,-0.004,0.021,1.036,4,1100
214417694,-1.220,0.793,0.854,0.048,0.029,1.059,4,1100
214418208,-0.915,1.646,0.366,0.048,0.029,1.059,4,1100
214419694,-0.732,2.256,0.000,0.038,0.053,1.046,4,1100
214420208,-0.854,2.378,-0.122,0.004,0.039,1.020,4,1100
214421694,-1.341,1.768,0.122,-0.050,0.026,1.030,4,1100
214422208,-1.341,1.768,0.122,-0.075,-0.005,1.016,4,1100
214423694,-1.098,0.549,0.854,-0.006,0.025,1.051,4,1100
214424211,-1.098,0.549,0.854,-0.006,0.025,1.051,4,1100
214425694,-0.915,0.915,0.427,0.068,0.042,1.072,4,1100
214426208,-0.793,1.768,0.305,0.044,0.030,1.013,4,1100
214427694,-0.854,2.317,0.305,0.021,0.048,1.038,4,1100
214428208,-0.915,2.439,0.061,-0.010,0.037,1.017,4,1100
214429694,-0.915,1.646,0.183,-0.077,-0.005,1.032,4,1100
214430212,-0.915,1.646,0.183,-0.077,-0.005,1.032,4,1100
214431694,-1.159,0.427,0.732,-0.004,0.021,1.067,4,1100
214432208,-0.732,0.549,0.793,0.047,0.041,1.065,4,1100
214433694,-0.732,1.098,0.549,0.068,0.033,1.055,4,1100
214434207,-0.915,1.768,0.305,0.041,0.040,1.028,4,1100
214435694,-0.732,2.134,0.244,0.019,0.051,1.013,4,1100
214436208,-0.732,2.134,0.244,-0.003,0.040,1.027,4,1100
214437694,-1.280,1.585,0.244,-0.057,0.007,1.028,4,1100
214438208,-1.280,1.585,0.244,-0.057,0.007,1.028,4,1100
214439694,-1.463,0.610,0.854,-0.012,0.026,1.046,4,1100
214440208,-1.037,0.854,0.915,0.029,0.036,1.068,4,1100
214441694,-0.976,1.341,0.793,0.072,0.045,1.030,4,1100
214442203,-0.793,1.768,0.122,0.042,0.049,1.045,4,1100
214443694,-0.854,2.439,0.061,-0.018,0.047,1.026,4,1100
214444208,-0.854,2.439,0.061,-0.018,0.047,1.026,4,1100
214445694,-1.280,1.463,0.000,-0.068,0.008,1.027,4,1100
214446211,-1.098,0.976,0.244,-0.024,0.007,1.063,4,1100
214447694,-1.280,0.793,0.671,0.002,0.026,1.047,4,1100
214448208,-1.098,0.793,0.671,0.036,0.037,1.061,4,1100
214449694,-0.915,1.829,0.183,0.043,0.059,1.039,4,1100
214450212,-0.915,1.829,0.183,0.043,0.059,1.039,4,1100
214451694,-1.098,2.256,-0.061,-0.038,0.029,1.012,4,1100
214452207,-1.098,1.890,0.305,-0.038,0.029,1.012,4,1100
214453694,-1.280,1.585,0.366,-0.048,0.012,1.040,4,1100
214454208,-1.402,0.793,0.671,-0.013,0.020,1.063,4,1100
214455694,-1.037,0.915,0.915,0.014,0.026,1.063,4,1100
214456211,-1.037,0.915,0.915,0.040,0.033,1.031,4,1100
214457694,-0.793,1.890,0.366,0.037,0.042,1.026,4,1100
214458208,-0.793,1.890,0.366,0.037,0.042,1.026,4,1100
214459694,-0.976,2.439,-0.061,-0.049,0.026,1.016,4,1100
214460208,-1.220,2.012,0.244,-0.058,0.019,1.035,4,1100
214461694,-1.463,1.280,0.427,-0.063,-0.009,1.045,4,1100
214462208,-1.463,0.793,0.610,-0.026,0.018,1.031,4,1100
214463694,-1.159,0.854,0.915,0.050,0.038,1.030,4,1100
214464212,-1.159,0.854,0.915,0.050,0.038,1.030,4,1100
214465694,-0.976,1.768,0.183,0.036,0.042,1.022,4,1100
214466211,-1.098,2.317,-0.122,-0.004,0.048,1.021,4,1100
214467694,-1.037,2.317,0.244,-0.055,0.024,1.021,4,1100
214468212,-1.220,1.890,0.488,-0.071,0.004,1.024,4,1100
214469694,-0.976,0.854,0.732,-0.043,0.000,1.060,4,1100
214470208,-0.976,0.854,0.732,-0.025,0.005,1.049,4,1100
214471694,-0.793,0.915,0.732,0.066,0.047,1.046,4,1100
214472208,-0.793,0.915,0.732,0.066,0.047,1.046,4,1100
214473694,-0.671,1.951,-0.061,0.035,0.050,1.043,4,1100
214474208,-1.037,2.439,-0.122,-0.007,0.045,1.011,4,1100
214475694,-1.159,1.951,0.000,-0.046,0.036,1.031,4,1100
214476212,-1.402,1.707,0.183,-0.071,-0.009,1.026,4,1100
214477694,-1.159,0.671,0.610,-0.012,0.010,1.064,4,1100
214478212,-1.159,0.671,0.610,-0.012,0.010,1.064,4,1100
214479694,-1.159,0.976,0.610,0.068,0.046,1.073,4,1100
214480207,-0.793,1.402,0.244,0.047,0.034,1.032,4,1100
214481694,-0.854,2.012,0.061,0.019,0.046,1.031,4,1100
214482208,-1.220,2.500,-0.061,-0.018,0.046,1.013,4,1100
214483694,-1.280,1.890,0.183,-0.065,0.007,1.051,4,1100
214484208,-1.280,1.890,0.183,-0.065,0.007,1.051,4,1100
214485694,-1.159,0.671,0.915,0.001,0.027,1.048,4,1100
214486212,-1.220,0.732,0.915,0.001,0.027,1.048,4,1100
214487701,-0.854,1.037,0.671,0.061,0.049,1.039,4,1100
214488222,-0.671,1.585,0.244,0.050,0.043,1.038,4,1100
214489696,-1.037,2.378,0.061,0.020,0.043,1.016,4,1100
214490218,-1.037,2.378,0.061,-0.023,0.037,1.045,4,1100
214491694,-1.098,1.463,0.061,-0.070,0.008,1.039,4,1100
214492207,-1.098,1.463,0.061,-0.070,0.008,1.039,4,1100
214493694,-1.159,0.671,0.854,0.003,0.028,1.040,4,1100
214494211,-1.098,0.793,0.732,0.037,0.025,1.072,4,1100
214495694,-0.793,1.159,0.427,0.059,0.044,1.039,4,1100
214496208,-0.671,1.646,0.183,0.044,0.048,1.025,4,1100
214497694,-0.854,2.378,0.000,-0.027,0.031,1.026,4,1100
214498208,-0.854,2.378,0.000,-0.027,0.031,1.026,4,1100
214499694,-1.098,1.585,0.427,-0.062,0.009,1.034,4,1100
214500213,-1.159,0.915,0.671,-0.011,0.020,1.057,4,1100
214501694,-1.341,0.488,0.915,0.003,0.027,1.051,4,1100
214502208,-0.976,0.732,0.915,0.037,0.044,1.061,4,1100
214503694,-0.915,2.073,0.488,0.068,0.040,1.034,4,1100
214504208,-0.915,2.073,0.488,0.034,0.049,1.009,4,1100
214505694,-1.098,2.378,0.244,-0.044,0.028,1.014,4,1100
214506208,-1.098,2.378,0.244,-0.044,0.028,1.014,4,1100
214507694,-1.402,0.976,0.366,-0.050,0.007,1.044,4,1100
214508208,-1.159,0.671,0.610,-0.012,0.015,1.039,4,1100
214509694,-1.037,0.549,0.976,0.025,0.021,1.073,4,1100
214510208,-0.915,0.854,0.976,0.046,0.035,1.052,4,1100
214511694,-1.159,2.134,0.427,0.028,0.056,1.021,4,1100
214512208,-1.159,2.134,0.427,0.028,0.056,1.021,4,1100
214513694,-0.915,2.622,-0.122,-0.041,0.041,1.026,4,1100
214514208,-1.037,1.768,-0.183,-0.072,0.011,1.027,4,1100
214515694,-1.280,1.098,0.000,-0.055,0.000,1.037,4,1100
214516207,-1.585,0.610,0.488,-0.008,0.024,1.035,4,1100
214517694,-1.098,0.793,0.671,0.040,0.032,1.048,4,1100
214518211,-1.098,0.793,0.671,0.040,0.032,1.048,4,1100
214519694,-0.854,1.829,0.122,0.045,0.056,1.049,4,1100
214520206,-0.854,2.439,-0.305,0.045,0.056,1.049,4,1100
214521694,-0.915,2.317,0.122,-0.046,0.027,1.024,4,1100
214522208,-1.098,1.951,0.305,-0.084,0.000,1.017,4,1100
214523694,-1.159,0.915,0.610,-0.051,0.010,1.039,4,1100
214524211,-1.159,0.915,0.610,-0.004,0.011,1.054,4,1100
214525694,-1.037,0.610,0.549,0.056,0.047,1.060,4,1100
214526208,-1.037,0.610,0.549,0.056,0.047,1.060,4,1100
214527694,-0.976,2.256,0.061,0.026,0.046,1.042,4,1100
214528208,-0.854,2.622,0.183,-0.011,0.048,1.021,4,1100
214529694,-1.159,2.378,0.000,-0.063,0.016,1.018,4,1100
214530207,-0.915,1.707,0.244,-0.072,0.011,1.028,4,1100
214531694,-0.976,0.427,0.854,0.009,0.032,1.069,4,1100
214532208,-0.976,0.427,0.854,0.009,0.032,1.069,4,1100
214533694,-0.671,0.976,0.549,0.055,0.044,1.047,4,1100
214534208,-0.427,1.829,0.549,0.050,0.045,1.046,4,1100
214535694,-0.793,2.317,0.183,0.018,0.051,1.015,4,1100
214536208,-0.671,2.622,0.061,-0.024,0.044,1.036,4,1100
214537694,-1.402,1.402,0.183,-0.056,0.020,1.009,4,1100
214538208,-1.402,1.402,0.183,-0.069,0.009,1.039,4,1100
214539694,-1.159,0.366,0.793,0.006,0.028,1.036,4,1100
214540208,-1.159,0.366,0.793,0.006,0.028,1.036,4,1100
214541694,-0.732,1.280,0.671,0.051,0.036,1.045,4,1100
214542208,-0.915,1.646,0.305,0.050,0.042,1.059,4,1100
214543694,-0.854,2.317,0.061,0.028,0.048,1.022,4,1100
214544208,-0.793,2.500,-0.061,-0.022,0.049,1.021,4,1100
214545694,-1.402,1.707,0.061,-0.066,0.002,1.041,4,1100
214546203,-1.402,1.707,0.061,-0.066,0.002,1.041,4,1100
214547694,-1.098,0.732,0.854,-0.002,0.022,1.046,4,1100
214548207,-0.793,0.793,0.549,0.046,0.041,1.065,4,1100
214549694,-0.915,1.159,0.122,0.061,0.037,1.049,4,1100
214550208,-0.915,1.890,0.061,0.041,0.049,1.025,4,1100
214551694,-0.854,2.317,0.183,-0.036,0.032,1.008,4,1100
214552211,-0.854,2.317,0.183,-0.036,0.032,1.008,4,1100
214553694,-1.402,1.585,0.549,-0.045,0.013,1.049,4,1100
214554208,-1.341,0.793,0.671,-0.045,0.013,1.049,4,1100
214555694,-1.098,0.549,0.915,0.018,0.020,1.057,4,1100
214556207,-1.220,0.793,0.671,0.052,0.027,1.050,4,1100
214557694,-0.549,1.890,0.122,0.057,0.044,1.049,4,1100
214558208,-0.549,1.890,0.122,0.027,0.046,1.021,4,1100
214559694,-0.915,2.439,0.183,-0.033,0.049,1.015,4,1100
214560208,-0.915,2.439,0.183,-0.033,0.049,1.015,4,1100
214561694,-1.098,1.402,0.610,-0.061,0.009,1.044,4,1100
214562208,-1.159,0.671,0.549,-0.028,0.018,1.039,4,1100
214563694,-1.280,0.549,0.793,0.029,0.032,1.063,4,1100
214564212,-0.976,0.732,0.793,0.057,0.037,1.053,4,1100
214565694,-1.098,1.829,-0.061,0.037,0.046,1.029,4,1100
214566208,-1.098,1.829,-0.061,0.037,0.046,1.029,4,1100
214567694,-0.854,2.073,0.122,-0.052,0.034,1.030,4,1100
214568207,-1.220,2.012,0.244,-0.052,0.034,1.030,4,1100
214569694,-1.341,1.098,0.427,-0.042,0.010,1.028,4,1100
214570208,-0.915,0.915,0.793,-0.020,0.020,1.048,4,1100
214571694,-1.098,1.037,0.366,0.030,0.027,1.045,4,1100
214572211,-1.098,1.037,0.366,0.044,0.029,1.064,4,1100
214573694,-0.732,2.134,0.183,0.029,0.046,1.040,4,1100
214574208,-0.732,2.134,0.183,0.029,0.046,1.040,4,1100
214575694,-1.280,2.195,-0.122,-0.051,0.027,1.026,4,1100
214576208,-1.402,1.890,0.122,-0.062,0.000,1.010,4,1100
214577694,-1.524,1.220,0.488,-0.049,0.009,1.044,4,1100
214578208,-1.463,0.793,0.854,0.012,0.022,1.077,4,1100
214579694,-1.098,1.098,0.854,0.051,0.035,1.062,4,1100
214580208,-1.098,1.098,0.854,0.051,0.035,1.062,4,1100
214581694,-1.220,2.378,0.000,0.028,0.060,1.016,4,1100
214582208,-1.402,2.378,0.000,-0.017,0.039,1.037,4,1100
214583694,-1.280,2.012,-0.061,-0.053,0.040,1.008,4,1100
214584208,-1.402,1.646,0.000,-0.054,0.004,1.024,4,1100
214585694,-1.220,0.671,0.793,0.000,0.022,1.060,4,1100
214586208,-1.220,0.671,0.793,0.000,0.022,1.060,4,1100
214587694,-0.732,1.402,0.244,0.051,0.029,1.031,4,1100
214588208,-0.915,1.951,0.244,0.051,0.029,1.031,4,1100
214589694,-1.098,2.439,0.305,0.017,0.050,1.009,4,1100
214590212,-1.098,2.561,0.122,-0.036,0.029,1.023,4,1100
214591694,-1.098,2.012,0.122,-0.065,0.017,1.020,4,1100
214592208,-1.098,1.524,0.244,-0.049,0.002,1.032,4,1100
214593694,-1.159,0.366,0.732,0.014,0.027,1.049,4,1100
214594208,-1.159,0.366,0.732,0.014,0.027,1.049,4,1100
214595694,-1.159,1.159,0.671,0.055,0.041,1.040,4,1100
214596208,-1.220,2.073,0.366,0.028,0.039,1.045,4,1100
214597694,-0.732,2.317,0.183,0.015,0.050,1.041,4,1100
214598208,-0.976,2.439,0.305,-0.033,0.030,0.996,4,1100
214599694,-1.220,1.463,0.183,-0.048,-0.001,1.032,4,1100
214600208,-1.220,1.463,0.183,-0.048,-0.001,1.032,4,1100
214601694,-1.280,0.488,0.610,0.017,0.026,1.064,4,1100
214602212,-1.220,0.854,0.732,0.054,0.030,1.043,4,1100
214603694,-0.793,1.159,0.488,0.055,0.042,1.053,4,1100
214604208,-0.671,1.707,0.427,0.038,0.047,1.038,4,1100
214605694,-0.671,2.134,0.183,0.004,0.042,1.033,4,1100
214606208,-0.671,2.134,0.183,-0.056,0.025,1.005,4,1100
214607694,-0.976,1.463,0.366,-0.053,-0.002,1.044,4,1100
214608208,-0.976,1.463,0.366,-0.053,-0.002,1.044,4,1100
214609694,-1.159,0.427,0.610,0.005,0.020,1.077,4,1100
214610208,-1.341,0.915,0.427,0.045,0.040,1.048,4,1100
214611694,-1.098,1.463,0.488,0.062,0.048,1.042,4,1100
214612203,-0.976,2.073,0.183,0.015,0.057,1.036,4,1100
214613703,-1.220,2.134,0.000,-0.047,0.020,1.030,4,1100
214614233,-1.220,2.134,0.000,-0.047,0.020,1.030,4,1100
214615697,-1.341,1.341,0.427,-0.034,0.000,1.044,4,1100
214616219,-0.976,0.915,0.671,-0.020,0.022,1.046,4,1100
214617694,-0.976,0.610,0.915,0.032,0.032,1.048,4,1100
214618208,-0.976,0.732,0.549,0.049,0.017,1.061,4,1100
214619694,-1.037,2.195,0.183,0.046,0.042,1.043,4,1100
214620211,-1.037,2.195,0.183,0.046,0.042,1.043,4,1100
214621694,-1.220,2.256,0.122,-0.055,0.020,1.020,4,1100
214622208,-1.341,1.890,0.183,-0.055,0.020,1.020,4,1100
214623694,-1.280,1.280,0.366,-0.040,-0.005,1.036,4,1100
214624208,-1.037,0.976,0.671,0.001,0.028,1.053,4,1100
214625700,-0.854,0.732,0.244,0.040,0.040,1.061,4,1100
214626223,-0.854,0.732,0.244,0.070,0.038,1.056,4,1100
214627696,-0.915,2.317,0.061,0.026,0.040,1.017,4,1100
214628210,-0.915,2.317,0.061,0.026,0.040,1.017,4,1100
214629694,-1.037,2.012,-0.061,-0.073,0.019,1.023,4,1100
214630207,-1.037,1.524,0.122,-0.070,-0.006,1.041,4,1100
214631694,-0.976,0.793,0.427,-0.036,0.016,1.046,4,1100
214632208,-0.976,0.366,0.976,0.011,0.035,1.050,4,1100
214633694,-0.732,0.915,0.549,0.053,0.029,1.036,4,1100
214634208,-0.732,0.915,0.549,0.053,0.029,1.036,4,1100
214635694,-1.159,2.195,0.244,0.022,0.048,1.003,4,1100
214636208,-1.037,2.195,0.305,0.022,0.048,1.003,4,1100
214637694,-1.098,2.195,0.183,-0.070,0.016,1.017,4,1100
214638211,-1.280,1.524,0.244,-0.052,-0.009,1.029,4,1100
214639694,-1.280,0.793,0.732,-0.037,0.008,1.064,4,1100
214640208,-1.280,0.793,0.732,0.013,0.036,1.046,4,1100
214641694,-1.098,1.524,0.610,0.057,0.039,1.045,4,1100
214642203,-1.098,1.524,0.610,0.057,0.039,1.045,4,1100
214643694,-0.671,2.317,0.122,0.027,0.053,1.027,4,1100
214644208,-0.732,2.256,-0.061,-0.016,0.031,1.002,4,1100
214645694,-0.915,2.012,-0.061,-0.080,0.008,1.028,4,1100
214646208,-0.976,1.829,0.366,-0.065,0.001,1.035,4,1100
214647694,-0.976,0.793,0.854,-0.001,0.028,1.064,4,1100
214648208,-0.976,0.793,0.854,-0.001,0.028,1.064,4,1100
214649694,-0.732,1.524,0.610,0.054,0.033,1.055,4,1100
214650208,-1.098,1.890,0.244,0.034,0.054,1.018,4,1100
214651694,-1.098,2.256,0.183,0.015,0.047,1.026,4,1100
214652211,-1.159,2.317,0.183,-0.029,0.028,1.007,4,1100
214653694,-1.402,1.280,0.305,-0.068,0.003,1.042,4,1100
214654212,-1.402,1.280,0.305,-0.068,0.003,1.042,4,1100
214655694,-1.220,0.549,0.488,0.031,0.021,1.070,4,1100
214656208,-0.976,0.854,0.549,0.031,0.021,1.070,4,1100
214657694,-0.976,1.341,0.366,0.057,0.026,1.050,4,1100
214658208,-0.610,2.073,0.061,0.030,0.064,1.023,4,1100
214659694,-0.732,2.439,0.061,0.012,0.056,1.033,4,1100
214660208,-1.159,2.195,0.122,-0.062,0.023,1.026,4,1100
214661694,-0.976,1.159,0.366,-0.028,0.009,1.038,4,1100
214662208,-0.976,1.159,0.366,-0.028,0.009,1.038,4,1100
214663694,-0.976,0.732,0.549,0.030,0.033,1.061,4,1100
214664208,-0.793,1.098,0.366,0.061,0.027,1.049,4,1100
214665694,-0.671,1.341,0.061,0.048,0.044,1.037,4,1100
214666208,-0.976,1.707,-0.061,0.044,0.040,1.050,4,1100
214667694,-1.341,2.256,0.122,-0.025,0.037,1.026,4,1100
214668208,-1.341,2.256,0.122,-0.025,0.037,1.026,4,1100
214669694,-1.220,1.098,0.549,-0.050,0.014,1.053,4,1100
214670207,-1.098,0.732,0.854,-0.050,0.014,1.053,4,1100
214671694,-0.976,0.854,0.854,0.014,0.040,1.033,4,1100
214672208,-0.915,1.280,0.366,0.048,0.035,1.056,4,1100
214673694,-0.915,1.951,0.122,0.041,0.053,1.031,4,1100
214674208,-0.915,1.951,0.122,0.047,0.051,1.034,4,1100
214675694,-1.341,2.439,-0.061,-0.073,0.028,1.014,4,1100
214676208,-1.341,2.439,-0.061,-0.073,0.028,1.014,4,1100
214677694,-1.220,1.098,0.366,-0.037,0.005,1.047,4,1100
214678208,-1.037,0.732,0.427,0.003,0.026,1.056,4,1100
214679694,-0.915,0.671,0.427,0.057,0.020,1.048,4,1100
214680208,-0.854,1.220,0.183,0.036,0.041,1.039,4,1100
214681694,-1.159,2.012,0.061,0.034,0.046,1.009,4,1100
214682208,-1.159,2.012,0.061,0.034,0.046,1.009,4,1100
214683694,-0.732,2.073,0.244,-0.062,0.019,1.025,4,1100
214684208,-0.854,1.585,0.122,-0.047,0.014,1.036,4,1100
214685702,-1.159,0.915,0.549,-0.018,0.014,1.047,4,1100
214686225,-1.159,0.671,0.915,-0.003,0.031,1.037,4,1100
214687697,-0.732,1.220,0.427,0.055,0.039,1.039,4,1100
214688218,-0.732,1.220,0.427,0.055,0.039,1.039,4,1100
214689694,-0.793,2.317,0.305,0.022,0.039,1.018,4,1100
214690211,-0.915,2.439,0.183,0.022,0.039,1.018,4,1100
214691694,-1.159,2.073,0.122,-0.070,0.015,1.031,4,1100
214692207,-1.341,1.463,0.244,-0.047,0.001,1.040,4,1100
214693698,-1.220,0.610,0.427,-0.024,0.017,1.050,4,1100
214694221,-1.159,0.549,0.549,-0.005,0.029,1.042,4,1100
214695696,-0.610,1.402,0.488,0.061,0.043,1.046,4,1100
214696214,-0.610,1.402,0.488,0.061,0.043,1.046,4,1100
214697694,-0.854,2.134,0.183,0.004,0.047,1.035,4,1100
214698210,-1.037,2.378,0.122,-0.033,0.041,1.008,4,1100
214699694,-1.159,2.256,0.183,-0.078,0.010,1.039,4,1100
214700208,-1.037,1.463,0.488,-0.062,0.006,1.050,4,1100
214701694,-1.037,0.610,0.793,0.029,0.034,1.059,4,1100
214702211,-1.037,0.610,0.793,0.029,0.034,1.059,4,1100
214703694,-0.854,1.463,0.427,0.060,0.035,1.048,4,1100
214704208,-0.793,2.012,0.549,0.060,0.035,1.048,4,1100
214705694,-0.854,2.256,0.244,0.008,0.063,1.029,4,1100
214706208,-0.976,2.256,0.244,-0.031,0.037,1.022,4,1100
214707694,-1.524,1.280,0.305,-0.078,-0.002,1.013,4,1100
214708208,-1.524,1.280,0.305,-0.044,0.010,1.031,4,1100
214709694,-1.524,0.671,0.793,-0.003,0.029,1.072,4,1100
214710208,-1.524,0.671,0.793,-0.003,0.029,1.072,4,1100
214711694,-0.732,1.402,0.244,0.071,0.041,1.025,4,1100
214712208,-0.610,2.012,0.122,0.021,0.048,1.039,4,1100
214713694,-0.671,2.195,0.000,-0.008,0.025,1.014,4,1100
214714208,-0.854,2.317,0.061,-0.058,0.025,1.035,4,1100
214715694,-0.854,1.159,0.488,-0.048,0.009,1.035,4,1100
214716218,-0.854,1.159,0.488,-0.048,0.009,1.035,4,1100
214717694,-1.098,0.671,0.976,0.036,0.038,1.051,4,1100
214718208,-0.610,1.037,0.793,0.050,0.036,1.058,4,1100
214719694,-0.793,1.463,0.427,0.047,0.045,1.021,4,1100
214720208,-0.915,1.951,-0.061,0.036,0.053,1.034,4,1100
214721694,-1.463,2.073,0.000,-0.058,0.016,1.019,4,1100
214722208,-1.463,2.073,0.000,-0.058,0.016,1.019,4,1100
214723694,-1.159,0.854,0.183,-0.035,0.013,1.056,4,1100
214724208,-0.976,0.366,0.671,-0.035,0.013,1.056,4,1100
214725694,-0.976,0.488,0.610,0.024,0.028,1.054,4,1100
214726212,-0.976,0.854,0.244,0.065,0.033,1.044,4,1100
214727694,-0.976,1.463,0.183,0.053,0.048,1.027,4,1100
214728212,-0.915,2.073,0.244,0.020,0.061,1.019,4,1100
214729694,-1.037,2.256,0.061,-0.066,0.021,0.999,4,1100
214730208,-1.037,2.256,0.061,-0.066,0.021,0.999,4,1100
214731694,-1.159,0.976,0.366,-0.032,0.010,1.058,4,1100
214732208,-1.341,0.549,0.610,0.004,0.014,1.057,4,1100
214733694,-1.098,0.366,0.793,0.041,0.046,1.062,4,1100
214734212,-0.793,1.098,0.671,0.051,0.029,1.035,4,1100
214735694,-0.793,2.256,0.305,0.031,0.053,1.031,4,1100
214736208,-0.793,2.256,0.305,0.031,0.053,1.031,4,1100
214737694,-0.732,2.317,0.061,-0.072,0.017,1.030,4,1100
214738203,-0.854,1.951,-0.061,-0.072,0.017,1.030,4,1100
214739694,-1.098,0.976,0.427,-0.028,0.024,1.051,4,1100
214740211,-0.976,0.244,0.732,0.013,0.028,1.055,4,1100
214741694,-0.915,1.402,0.305,0.042,0.034,1.062,4,1100
214742211,-0.915,1.402,0.305,0.055,0.030,1.036,4,1100
214743694,-0.732,2.134,0.122,0.008,0.049,1.030,4,1100
214744208,-0.732,2.134,0.122,0.008,0.049,1.030,4,1100
214745694,-0.976,2.195,-0.061,-0.078,0.023,1.040,4,1100
214746212,-1.037,1.585,0.305,-0.042,0.013,1.056,4,1100
214747694,-1.159,0.915,0.549,-0.029,0.012,1.047,4,1100
214748208,-0.915,0.610,0.793,-0.005,0.026,1.064,4,1100
214749694,-0.854,1.159,0.610,0.050,0.042,1.048,4,1100
214750208,-0.854,1.159,0.610,0.050,0.042,1.048,4,1100
214751694,-0.976,2.073,0.244,0.009,0.038,1.014,4,1100
214752208,-1.037,2.195,0.061,-0.034,0.032,1.010,4,1100
214753694,-1.280,1.890,0.122,-0.073,0.017,1.039,4,1100
214754212,-1.159,1.220,0.366,-0.052,0.002,1.042,4,1100
214755694,-1.098,0.610,0.732,0.031,0.039,1.068,4,1100
214756208,-1.098,0.610,0.732,0.031,0.039,1.068,4,1100
214757694,-0.793,1.402,0.427,0.050,0.038,1.036,4,1100
214758208,-0.671,2.073,0.122,0.050,0.038,1.036,4,1100
214759694,-0.732,2.439,-0.061,0.003,0.050,1.015,4,1100
214760211,-0.915,2.439,0.122,-0.050,0.022,1.037,4,1100
214761694,-1.341,2.073,0.183,-0.077,0.012,1.027,4,1100
214762207,-1.280,1.280,0.427,-0.026,-0.008,1.034,4,1100
214763694,-0.976,0.488,0.854,0.037,0.034,1.049,4,1100
214764211,-0.976,0.488,0.854,0.037,0.034,1.049,4,1100
214765694,-0.549,1.341,0.122,0.044,0.038,1.029,4,1100
214766207,-0.732,1.951,0.122,0.020,0.043,1.042,4,1100
214767694,-0.793,2.439,0.244,-0.011,0.041,1.017,4,1100
214768208,-1.037,2.439,0.061,-0.054,0.026,1.035,4,1100
214769694,-1.341,1.280,0.671,-0.033,0.008,1.031,4,1100
214770212,-1.341,1.280,0.671,-0.033,0.008,1.031,4,1100
214771694,-1.220,1.037,0.671,0.030,0.037,1.055,4,1100
214772208,-1.098,1.098,0.488,0.030,0.037,1.055,4,1100
214773694,-0.976,1.585,0.122,0.036,0.052,1.029,4,1100
214774208,-0.976,2.256,-0.244,0.034,0.047,1.019,4,1100
214775694,-1.341,2.012,-0.366,-0.016,0.041,1.024,4,1100
214776208,-1.341,2.012,-0.366,-0.063,0.024,1.021,4,1100
214777694,-1.463,1.341,0.366,-0.049,0.017,1.049,4,1100
214778208,-1.463,1.341,0.366,-0.049,0.017,1.049,4,1100
214779694,-0.976,0.732,0.549,0.030,0.022,1.061,4,1100
214780208,-0.793,1.037,0.427,0.063,0.042,1.031,4,1100
214781694,-0.915,1.646,0.000,0.054,0.043,1.044,4,1100
214782203,-0.732,2.378,0.000,-0.003,0.039,1.011,4,1100
214783694,-0.915,2.317,-0.122,-0.053,0.020,1.014,4,1100
214784208,-0.915,2.317,-0.122,-0.053,0.020,1.014,4,1100
214785694,-1.098,1.037,0.488,-0.032,0.017,1.057,4,1100
214786208,-1.341,0.549,0.549,-0.002,0.028,1.051,4,1100
214787694,-1.159,0.610,0.732,0.060,0.037,1.055,4,1100
214788203,-1.037,1.280,0.488,0.048,0.038,1.040,4,1100
214789694,-1.037,2.439,-0.122,0.010,0.040,1.037,4,1100
214790212,-1.037,2.439,-0.122,0.010,0.040,1.037,4,1100
214791694,-1.524,2.012,-0.061,-0.052,0.006,1.030,4,1100
214792207,-1.463,1.585,0.061,-0.052,0.006,1.030,4,1100
214793694,-1.402,0.915,0.671,-0.022,0.013,1.061,4,1100
214794208,-1.463,0.488,0.915,0.021,0.018,1.072,4,1100
214795694,-1.159,0.610,0.610,0.055,0.034,1.042,4,1100
214796208,-0.976,1.341,0.366,0.059,0.042,1.054,4,1100
214797694,-1.159,2.195,-0.183,0.001,0.042,1.025,4,1100
214798207,-1.159,2.195,-0.183,0.001,0.042,1.025,4,1100
214799701,-1.524,1.829,0.122,-0.064,-0.004,1.033,4,1100
214800222,-1.402,1.220,0.183,-0.047,0.021,1.049,4,1100
214801696,-1.098,0.610,0.427,-0.019,0.021,1.041,4,1100
214802210,-1.220,0.366,0.610,0.018,0.021,1.069,4,1100
214803694,-0.732,1.159,0.183,0.056,0.047,1.045,4,1100
214804208,-0.732,1.159,0.183,0.056,0.047,1.045,4,1100
214805694,-0.854,2.378,0.244,0.006,0.044,1.025,4,1100
214806212,-1.098,2.439,0.122,0.006,0.044,1.025,4,1100
214807694,-0.915,1.951,0.061,-0.059,0.000,1.031,4,1100
214808211,-0.915,1.341,0.305,-0.052,-0.003,1.043,4,1100
214809694,-1.037,0.549,0.671,-0.009,0.017,1.045,4,1100
214810208,-1.037,0.549,0.671,0.035,0.020,1.051,4,1100
214811694,-0.915,1.341,0.244,0.067,0.046,1.023,4,1100
214812208,-0.915,1.341,0.244,0.067,0.046,1.023,4,1100
214813694,-0.854,2.134,0.122,-0.021,0.042,1.014,4,1100
214814208,-0.793,2.378,0.122,-0.065,0.023,1.026,4,1100
214815694,-1.159,2.012,0.183,-0.063,0.003,1.021,4,1100
214816208,-1.646,1.402,0.488,-0.036,0.026,1.041,4,1100
214817694,-1.159,0.671,0.976,0.037,0.034,1.051,4,1100
214818208,-1.159,0.671,0.976,0.037,0.034,1.051,4,1100
214819694,-0.915,1.646,0.305,0.052,0.036,1.038,4,1100
214820208,-0.610,1.951,0.183,0.028,0.054,1.029,4,1100
214821694,-1.037,2.073,0.183,-0.016,0.044,1.034,4,1100
214822208,-1.220,2.012,0.244,-0.048,0.024,1.015,4,1100
214823694,-1.463,0.915,0.305,-0.030,0.012,1.051,4,1100
214824208,-1.463,0.915,0.305,-0.030,0.012,1.051,4,1100
214825694,-0.732,0.793,0.488,0.029,0.040,1.069,4,1100
214826208,-0.732,0.793,0.488,0.029,0.040,1.069,4,1100
214827694,-0.549,1.585,0.305,0.045,0.041,1.038,4,1100
214828208,-0.732,2.256,0.488,0.022,0.059,1.012,4,1100
214829694,-0.915,2.195,0.122,-0.024,0.033,1.035,4,1100
214830208,-0.854,1.951,0.122,-0.081,0.026,1.026,4,1100
214831694,-1.220,1.098,0.427,-0.028,0.022,1.045,4,1100
214832207,-1.220,1.098,0.427,-0.028,0.022,1.045,4,1100
214833694,-1.220,0.549,0.671,0.051,0.028,1.060,4,1100
214834211,-1.159,1.037,0.488,0.049,0.031,1.041,4,1100
214835694,-0.732,1.829,0.183,0.054,0.047,1.047,4,1100
214836208,-0.793,2.439,0.183,0.013,0.056,1.025,4,1100
214837694,-1.159,1.829,0.061,-0.062,0.017,1.025,4,1100
214838211,-1.159,1.829,0.061,-0.062,0.017,1.025,4,1100
214839694,-1.280,0.915,0.610,-0.021,0.010,1.046,4,1100
214840208,-1.341,0.427,0.671,-0.021,0.010,1.046,4,1100
214841694,-1.220,0.610,0.671,0.062,0.038,1.059,4,1100
214842208,-0.915,1.220,0.366,0.066,0.039,1.052,4,1100
214843694,-0.610,2.317,-0.061,0.034,0.038,1.018,4,1100
214844208,-0.610,2.317,-0.061,0.010,0.040,1.021,4,1100
214845694,-1.037,1.829,0.122,-0.063,0.005,1.039,4,1100
214846207,-1.037,1.829,0.122,-0.063,0.005,1.039,4,1100
214847694,-1.159,0.732,0.488,-0.012,0.016,1.044,4,1100
214848211,-1.280,0.427,0.488,0.037,0.030,1.077,4,1100
214849694,-0.915,1.037,0.305,0.044,0.035,1.045,4,1100
214850208,-1.098,1.341,0.305,0.049,0.033,1.034,4,1100
214851694,-0.732,2.439,0.061,0.001,0.052,1.019,4,1100
214852208,-0.732,2.439,0.061,0.001,0.052,1.019,4,1100
214853699,-1.098,1.951,0.183,-0.076,0.012,1.018,4,1100
214854218,-1.159,1.098,0.244,-0.045,0.011,1.043,4,1100
214855696,-0.854,0.671,0.549,-0.008,0.020,1.063,4,1100
214856210,-0.610,0.671,0.488,0.030,0.038,1.062,4,1100
214857698,-0.854,1.707,0.488,0.046,0.050,1.024,4,1100
214858230,-0.854,1.707,0.488,0.046,0.050,1.024,4,1100
214859701,-0.793,2.500,0.183,-0.013,0.038,1.016,4,1100
214860218,-0.610,2.134,0.000,-0.013,0.038,1.016,4,1100
214861695,-0.976,1.524,0.122,-0.061,0.007,1.022,4,1100
214862212,-1.159,1.037,0.061,-0.039,0.017,1.042,4,1100
214863694,-1.220,0.549,0.610,-0.004,0.018,1.065,4,1100
214864208,-1.220,0.610,0.671,0.037,0.040,1.037,4,1100
214865694,-0.793,1.768,0.305,0.046,0.048,1.030,4,1100
214866208,-0.793,1.768,0.305,0.046,0.048,1.030,4,1100
214867694,-1.159,2.500,0.244,-0.027,0.038,1.025,4,1100
214868208,-1.463,2.317,0.183,-0.056,0.022,1.019,4,1100
214869694,-1.220,1.768,0.366,-0.045,-0.004,1.036,4,1100
214870212,-1.037,1.098,0.549,-0.057,0.009,1.056,4,1100
214871694,-1.098,0.366,0.732,0.045,0.047,1.045,4,1100
214872208,-1.098,0.366,0.732,0.045,0.047,1.045,4,1100
214873694,-1.280,1.951,0.427,0.041,0.051,1.052,4,1100
214874208,-1.037,2.378,0.061,0.041,0.051,1.052,4,1100
214875694,-1.037,2.439,0.000,-0.023,0.042,1.029,4,1100
214876208,-0.976,2.317,0.122,-0.071,0.021,1.019,4,1100
214877694,-1.159,0.854,0.305,-0.050,-0.005,1.036,4,1100
214878207,-1.159,0.854,0.305,-0.031,0.016,1.052,4,1100
214879694,-0.915,0.488,0.671,0.046,0.031,1.072,4,1100
214880208,-0.915,0.488,0.671,0.046,0.031,1.072,4,1100
214881694,-0.915,1.890,0.305,0.035,0.054,1.032,4,1100
214882203,-0.427,2.134,0.061,0.011,0.047,1.026,4,1100
214883694,-0.488,2.317,-0.122,-0.040,0.029,1.007,4,1100
214884208,-1.159,1.890,0.000,-0.059,0.020,1.026,4,1100
214885694,-1.220,1.037,0.671,-0.024,0.021,1.049,4,1100
214886211,-1.220,1.037,0.671,-0.024,0.021,1.049,4,1100
214887694,-0.854,0.854,0.732,0.061,0.030,1.049,4,1100
214888208,-0.976,1.402,0.610,0.059,0.045,1.047,4,1100
214889694,-1.098,1.829,0.488,0.027,0.043,1.030,4,1100
214890212,-0.976,2.256,0.061,0.004,0.051,1.035,4,1100
214891694,-0.976,1.829,0.000,-0.071,0.018,1.038,4,1100
214892208,-0.976,1.829,0.000,-0.071,0.018,1.038,4,1100
214893694,-1.159,0.854,0.793,-0.014,0.036,1.023,4,1100
214894208,-1.159,0.854,0.793,-0.014,0.036,1.023,4,1100
214895694,-1.037,1.159,0.732,0.036,0.027,1.043,4,1100
214896208,-0.915,1.463,0.549,0.047,0.047,1.052,4,1100
214897694,-0.854,1.890,0.549,0.038,0.044,1.026,4,1100
214898208,-0.915,2.378,0.427,-0.000,0.050,1.029,4,1100
214899694,-1.402,2.256,0.244,-0.078,0.004,1.029,4,1100
214900208,-1.402,2.256,0.244,-0.078,0.004,1.029,4,1100
214901694,-1.585,0.610,0.915,-0.017,0.022,1.033,4,1100
214902208,-1.463,0.549,0.854,0.020,0.032,1.067,4,1100
214903694,-1.159,0.854,0.610,0.055,0.027,1.053,4,1100
214904208,-0.976,1.280,0.427,0.060,0.057,1.018,4,1100
214905694,-1.098,2.317,-0.366,-0.017,0.050,1.023,4,1100
214906211,-1.098,2.317,-0.366,-0.017,0.050,1.023,4,1100
214907694,-1.280,1.707,0.061,-0.050,0.014,1.029,4,1100
214908211,-1.220,1.098,0.488,-0.050,0.014,1.029,4,1100
214909694,-1.159,0.793,0.427,-0.007,0.009,1.051,4,1100
214910208,-1.159,0.732,0.732,0.052,0.034,1.049,4,1100
214911694,-0.915,1.341,0.244,0.052,0.029,1.061,4,1100
214912212,-0.915,1.341,0.244,0.044,0.056,1.029,4,1100
214913694,-0.976,2.256,0.183,-0.018,0.055,1.020,4,1100
214914212,-0.976,2.256,0.183,-0.018,0.055,1.020,4,1100
214915694,-0.976,1.402,0.305,-0.072,-0.000,1.023,4,1100
214916208,-1.159,1.037,0.671,-0.045,0.008,1.047,4,1100
214917694,-1.159,0.671,0.793,0.022,0.031,1.062,4,1100
214918208,-1.037,0.671,0.732,0.038,0.025,1.053,4,1100
214919694,-0.610,1.890,0.061,0.048,0.053,1.051,4,1100
214920208,-0.610,1.890,0.061,0.048,0.053,1.051,4,1100
214921694,-0.976,2.378,0.244,-0.038,0.040,1.037,4,1100
214922212,-1.159,2.256,0.061,-0.063,0.015,1.031,4,1100
214923694,-1.098,1.707,0.305,-0.055,0.009,1.016,4,1100
214924212,-1.220,1.037,0.488,-0.028,0.019,1.060,4,1100
214925694,-0.854,0.488,0.610,0.041,0.036,1.062,4,1100
214926208,-0.854,0.488,0.610,0.041,0.036,1.062,4,1100
214927702,-0.915,1.707,0.488,0.039,0.049,1.053,4,1100
214928234,-0.915,2.134,0.244,0.039,0.049,1.053,4,1100
214929697,-1.220,2.439,0.244,-0.038,0.038,1.011,4,1100
214930217,-1.037,2.317,0.000,-0.070,0.014,1.023,4,1100
214931694,-0.854,1.646,0.000,-0.064,0.001,1.040,4,1100
214932208,-1.220,0.915,0.610,-0.027,0.024,1.051,4,1100
214933694,-1.098,0.793,0.549,0.026,0.038,1.054,4,1100
214934211,-1.098,0.793,0.549,0.026,0.038,1.054,4,1100
214935694,-1.098,1.951,0.305,0.039,0.052,1.032,4,1100
214936211,-0.854,2.378,0.244,0.012,0.048,1.031,4,1100
214937694,-0.854,2.439,0.000,-0.045,0.023,0.997,4,1100
214938208,-0.915,2.195,-0.183,-0.067,0.020,1.047,4,1100
214939694,-1.220,0.793,0.732,-0.033,0.014,1.044,4,1100
214940208,-1.220,0.793,0.732,-0.033,0.014,1.044,4,1100
214941694,-0.915,0.732,0.610,0.069,0.041,1.038,4,1100
214942208,-0.976,1.341,0.488,0.069,0.041,1.038,4,1100
214943694,-0.854,1.768,0.427,0.029,0.047,1.023,4,1100
214944208,-0.793,2.195,0.305,0.009,0.050,1.026,4,1100
214945694,-0.854,2.012,0.061,-0.048,0.024,1.005,4,1100
214946208,-0.854,2.012,0.061,-0.075,0.013,1.040,4,1100
214947694,-1.159,0.488,0.549,-0.032,0.021,1.037,4,1100
214948208,-1.159,0.488,0.549,-0.032,0.021,1.037,4,1100
214949694,-1.220,0.793,0.732,0.045,0.029,1.059,4,1100
214950208,-0.976,1.341,0.488,0.050,0.045,1.033,4,1100
214951694,-0.793,1.829,0.305,0.044,0.042,1.044,4,1100
214952211,-0.732,2.134,0.305,-0.001,0.047,1.009,4,1100
214953694,-1.159,1.890,0.244,-0.069,0.005,0.998,4,1100
214954208,-1.159,1.890,0.244,-0.069,0.005,0.998,4,1100
214955694,-0.976,0.671,0.427,-0.021,0.019,1.066,4,1100
214956208,-1.037,0.793,0.610,0.024,0.039,1.053,4,1100
214957694,-0.915,0.915,0.610,0.061,0.041,1.066,4,1100
214958212,-0.854,1.585,0.305,0.035,0.053,1.032,4,1100
214959694,-0.915,2.439,0.061,-0.012,0.045,1.012,4,1100
214960211,-0.915,2.439,0.061,-0.012,0.045,1.012,4,1100
214961694,-1.341,1.768,0.061,-0.075,-0.002,1.022,4,1100
214962208,-1.341,1.768,0.061,-0.075,-0.002,1.022,4,1100
214963694,-1.280,0.366,0.549,0.008,0.022,1.061,4,1100
214964208,-1.037,0.488,0.427,0.046,0.038,1.053,4,1100
214965694,-1.037,0.915,0.427,0.063,0.032,1.053,4,1100
214966208,-0.976,1.585,0.610,0.045,0.040,1.045,4,1100
214967694,-0.976,2.256,0.244,-0.015,0.046,1.036,4,1100
214968208,-0.976,2.256,0.244,-0.015,0.046,1.036,4,1100
214969694,-1.098,1.220,0.244,-0.055,0.009,1.021,4,1100
214970208,-1.341,0.732,0.549,-0.045,0.003,1.039,4,1100
214971694,-0.915,0.671,0.854,0.004,0.021,1.048,4,1100
214972208,-0.915,0.610,0.793,0.038,0.030,1.072,4,1100
214973694,-0.793,1.524,0.305,0.060,0.048,1.041,4,1100
214974208,-0.793,1.524,0.305,0.060,0.048,1.041,4,1100
214975694,-1.220,2.439,-0.183,-0.024,0.039,1.028,4,1100
214976211,-1.098,1.951,0.061,-0.024,0.039,1.028,4,1100
214977694,-1.341,1.402,0.305,-0.079,0.003,1.041,4,1100
214978208,-1.159,0.854,0.610,-0.034,0.008,1.052,4,1100
214979694,-1.159,0.488,0.427,0.012,0.029,1.046,4,1100
214980208,-1.159,0.488,0.427,0.037,0.025,1.062,4,1100
214981697,-0.915,1.829,0.183,0.031,0.046,1.032,4,1100
214982224,-0.915,1.829,0.183,0.031,0.046,1.032,4,1100
214983701,-1.098,2.378,0.061,-0.030,0.033,1.019,4,1100
214984223,-0.976,2.073,-0.061,-0.066,0.012,1.031,4,1100
214985694,-1.098,1.402,0.183,-0.056,0.010,1.041,4,1100
214986210,-1.220,1.159,0.305,-0.019,0.017,1.034,4,1100
214987694,-1.280,0.915,0.915,0.053,0.030,1.033,4,1100
214988208,-1.280,0.915,0.915,0.053,0.030,1.033,4,1100
214989694,-0.915,1.707,0.183,0.040,0.041,1.029,4,1100
214990208,-0.976,2.134,0.061,0.001,0.049,1.031,4,1100
214991694,-0.671,2.195,0.061,-0.052,0.024,1.022,4,1100
214992208,-1.037,1.646,-0.061,-0.061,0.017,1.031,4,1100
214993694,-1.341,0.854,0.732,-0.009,0.021,1.044,4,1100
214994208,-1.341,0.854,0.732,-0.009,0.021,1.044,4,1100
214995694,-1.037,0.976,0.671,0.046,0.036,1.040,4,1100
214996208,-1.037,0.976,0.671,0.046,0.036,1.040,4,1100
214997694,-0.854,2.012,0.061,0.034,0.062,1.041,4,1100
214998208,-0.793,2.256,0.183,-0.010,0.040,1.006,4,1100
214999694,-1.341,2.134,0.122,-0.056,0.019,1.027,4,1100
215000208,-1.402,1.951,0.122,-0.066,0.009,1.009,4,1100
215001694,-1.098,0.793,0.793,-0.015,0.015,1.074,4,1100
215002208,-1.098,0.793,0.793,-0.015,0.015,1.074,4,1100
215003694,-1.037,0.793,0.488,0.059,0.041,1.060,4,1100
215004211,-0.976,1.280,0.244,0.046,0.046,1.022,4,1100
215005694,-0.793,2.073,0.061,0.026,0.041,1.033,4,1100
215006208,-0.671,2.439,-0.183,-0.004,0.042,1.017,4,1100
215007694,-1.098,1.707,0.183,-0.067,0.006,1.035,4,1100
215008208,-1.098,1.707,0.183,-0.067,0.006,1.035,4,1100
215009694,-1.524,0.732,0.793,0.002,0.029,1.066,4,1100
215010207,-1.037,0.671,0.854,0.002,0.029,1.066,4,1100
215011694,-0.854,0.976,0.610,0.042,0.029,1.045,4,1100
215012208,-0.915,1.585,0.366,0.042,0.038,1.045,4,1100
215013694,-0.671,2.134,0.000,0.033,0.049,1.015,4,1100
215014207,-0.671,2.134,0.000,-0.016,0.044,1.027,4,1100
215015694,-1.098,1.646,0.122,-0.072,-0.010,1.039,4,1100
215016208,-1.098,1.646,0.122,-0.072,-0.010,1.039,4,1100
215017694,-1.341,0.488,0.915,0.004,0.026,1.046,4,1100
215018208,-0.976,0.427,0.854,0.036,0.034,1.069,4,1100
215019694,-0.854,1.159,0.549,0.053,0.031,1.038,4,1100
215020208,-0.671,1.890,0.427,0.045,0.046,1.049,4,1100
215021694,-0.915,2.561,0.122,-0.032,0.030,1.027,4,1100
215022208,-0.915,2.561,0.122,-0.032,0.030,1.027,4,1100
215023694,-0.976,1.463,0.488,-0.049,0.000,1.031,4,1100
215024208,-0.854,0.915,0.610,-0.019,0.027,1.050,4,1100
215025694,-0.854,0.671,0.671,0.022,0.041,1.038,4,1100
215026211,-0.976,0.549,0.854,0.045,0.027,1.079,4,1100
215027694,-0.915,1.768,0.366,0.037,0.046,1.029,4,1100
215028208,-0.915,1.768,0.366,0.037,0.046,1.029,4,1100
215029694,-0.915,2.256,0.305,-0.019,0.039,1.014,4,1100
215030208,-0.915,2.256,0.305,-0.019,0.039,1.014,4,1100
215031694,-1.463,1.707,0.183,-0.049,-0.003,1.039,4,1100
215032208,-1.402,0.854,0.305,-0.024,0.025,1.042,4,1100
215033694,-1.037,0.366,0.671,0.010,0.035,1.059,4,1100
215034208,-0.915,0.610,0.671,0.047,0.036,1.052,4,1100
215035694,-0.915,1.707,0.366,0.045,0.047,1.022,4,1100
215036208,-0.915,1.707,0.366,0.045,0.047,1.022,4,1100
215037694,-0.915,2.561,0.122,-0.030,0.025,1.016,4,1100
215038208,-1.280,2.195,0.183,-0.071,0.004,1.025,4,1100
215039694,-1.159,1.402,0.427,-0.063,0.000,1.042,4,1100
215040208,-1.280,0.915,0.671,-0.019,0.024,1.036,4,1100
215041694,-0.915,0.610,0.610,0.062,0.036,1.038,4,1100
215042208,-0.915,0.610,0.610,0.062,0.036,1.038,4,1100
215043694,-0.976,2.073,0.244,0.024,0.055,1.032,4,1100
215044211,-0.793,2.561,0.122,0.024,0.055,1.032,4,1100
215045694,-1.037,2.378,0.000,-0.050,0.021,1.031,4,1100
215046207,-1.220,2.073,0.183,-0.078,0.011,1.022,4,1100
215047694,-1.220,0.854,0.610,-0.046,-0.006,1.051,4,1100
215048208,-1.220,0.854,0.610,-0.010,0.020,1.059,4,1100
215049694,-1.098,0.671,0.366,0.062,0.036,1.058,4,1100
215050208,-1.098,0.671,0.366,0.062,0.036,1.058,4,1100
215051703,-0.793,2.439,0.183,0.016,0.041,1.044,4,1100
215052232,-0.976,2.439,0.183,-0.024,0.058,1.016,4,1100
215053697,-0.976,2.256,0.000,-0.035,0.034,1.027,4,1100
215054212,-0.915,1.768,0.061,-0.078,0.001,1.021,4,1100
215055698,-1.159,0.854,0.854,0.007,0.023,1.068,4,1100
215056224,-1.159,0.854,0.854,0.007,0.023,1.068,4,1100
215057696,-0.732,0.915,0.671,0.051,0.031,1.057,4,1100
215058210,-0.732,1.524,0.122,0.045,0.042,1.030,4,1100
215059694,-0.610,2.073,-0.183,0.034,0.048,1.029,4,1100
215060210,-0.488,2.500,0.183,-0.017,0.039,1.018,4,1100
215061694,-1.098,1.707,0.000,-0.054,0.005,1.039,4,1100
215062208,-1.098,1.707,0.000,-0.054,0.005,1.039,4,1100
215063694,-1.037,0.244,0.671,0.013,0.038,1.067,4,1100
215064208,-1.037,0.244,0.671,0.013,0.038,1.067,4,1100
215065694,-1.037,0.854,0.305,0.064,0.040,1.038,4,1100
215066208,-0.732,1.585,0.000,0.057,0.045,1.054,4,1100
215067694,-0.793,2.256,0.122,0.021,0.044,1.019,4,1100
215068208,-1.037,2.378,0.183,-0.026,0.042,1.022,4,1100
215069694,-1.341,1.585,0.244,-0.066,0.002,1.036,4,1100
215070208,-1.341,1.585,0.244,-0.066,0.002,1.036,4,1100
215071694,-1.098,0.732,0.854,0.007,0.028,1.042,4,1100
215072208,-0.976,0.854,0.671,0.040,0.039,1.062,4,1100
215073694,-0.671,1.280,0.732,0.045,0.038,1.043,4,1100
215074207,-0.732,1.768,0.244,0.049,0.049,1.039,4,1100
215075694,-1.159,2.439,-0.061,-0.042,0.032,1.021,4,1100
215076208,-1.159,2.439,-0.061,-0.042,0.032,1.021,4,1100
215077694,-1.463,1.646,0.183,-0.052,0.005,1.045,4,1100
215078211,-1.463,0.915,0.549,-0.052,0.005,1.045,4,1100
215079694,-1.341,0.793,0.915,0.008,0.026,1.054,4,1100
215080211,-1.159,0.732,0.549,0.049,0.028,1.054,4,1100
215081694,-1.098,1.829,0.427,0.047,0.041,1.045,4,1100
215082208,-1.098,1.829,0.427,0.040,0.050,1.020,4,1100
215083694,-0.854,2.195,-0.122,-0.034,0.036,1.005,4,1100
215084208,-0.854,2.195,-0.122,-0.034,0.036,1.005,4,1100
215085694,-1.098,0.976,0.305,-0.032,0.002,1.052,4,1100
215086208,-1.402,0.305,0.488,-0.027,0.017,1.040,4,1100
215087694,-1.280,0.244,0.854,0.018,0.031,1.055,4,1100
215088208,-1.037,0.915,0.793,0.055,0.041,1.045,4,1100
215089694,-0.915,2.012,0.366,0.031,0.044,1.032,4,1100
215090208,-0.915,2.012,0.366,0.031,0.044,1.032,4,1100
215091694,-1.159,2.195,0.000,-0.047,0.034,1.027,4,1100
215092208,-1.280,1.951,-0.122,-0.075,0.015,1.038,4,1100
215093694,-1.280,1.220,0.549,-0.046,0.000,1.038,4,1100
215094208,-1.037,0.671,0.915,-0.011,0.027,1.038,4,1100
215095694,-0.976,0.976,0.488,0.023,0.040,1.062,4,1100
215096208,-0.976,0.976,0.488,0.062,0.037,1.059,4,1100
215097694,-0.915,1.890,-0.122,0.038,0.059,1.050,4,1100
215098208,-0.915,1.890,-0.122,0.038,0.059,1.050,4,1100
215099694,-0.976,2.256,0.061,-0.060,0.032,1.030,4,1100
215100208,-1.159,1.890,0.305,-0.053,0.007,1.026,4,1100
215101694,-1.402,1.280,0.488,-0.024,0.006,1.027,4,1100
215102208,-1.341,0.854,0.671,-0.017,0.014,1.062,4,1100
215103694,-1.098,1.159,0.610,0.058,0.039,1.052,4,1100
215104211,-1.098,1.159,0.610,0.058,0.039,1.052,4,1100
215105694,-0.732,2.134,0.183,0.015,0.051,1.034,4,1100
215106208,-1.037,2.256,0.122,-0.005,0.038,1.041,4,1100
215107694,-1.098,2.195,0.305,-0.058,0.012,1.025,4,1100
215108208,-1.098,1.829,0.488,-0.070,0.008,1.037,4,1100
215109694,-0.976,0.427,0.671,0.005,0.027,1.057,4,1100
215110208,-0.976,0.427,0.671,0.005,0.027,1.057,4,1100
215111694,-1.037,0.976,0.671,0.064,0.041,1.031,4,1100
215112208,-0.732,1.646,0.427,0.064,0.041,1.031,4,1100
215113694,-0.732,2.317,0.122,0.021,0.049,1.020,4,1100
215114208,-0.915,2.622,0.244,-0.032,0.040,1.039,4,1100
215115694,-1.098,1.646,0.000,-0.067,0.014,1.010,4,1100
215116208,-1.098,1.646,0.000,-0.065,0.018,1.047,4,1100
215117694,-1.159,0.549,0.671,0.006,0.031,1.050,4,1100
215118208,-1.159,0.549,0.671,0.006,0.031,1.050,4,1100
215119694,-0.915,1.220,0.549,0.062,0.038,1.029,4,1100
215120208,-0.732,1.890,0.305,0.048,0.049,1.045,4,1100
215121694,-0.610,2.439,0.183,0.004,0.043,1.018,4,1100
215122203,-0.671,2.500,0.000,-0.023,0.027,1.019,4,1100
215123694,-1.037,1.524,0.427,-0.059,0.002,1.037,4,1100
215124207,-1.037,1.524,0.427,-0.059,0.002,1.037,4,1100
215125694,-1.037,0.427,0.854,0.009,0.025,1.057,4,1100
215126211,-0.732,0.549,0.976,0.049,0.026,1.051,4,1100
215127694,-0.610,1.159,0.427,0.054,0.025,1.051,4,1100
215128208,-0.793,1.951,0.061,0.035,0.051,1.024,4,1100
215129694,-1.037,2.134,-0.061,0.009,0.049,1.034,4,1100
215130207,-1.037,2.134,-0.061,-0.024,0.030,1.000,4,1100
215131694,-1.098,1.280,0.122,-0.063,0.000,1.045,4,1100
215132208,-1.098,1.280,0.122,-0.063,0.000,1.045,4,1100
215133694,-1.037,0.732,0.976,0.017,0.029,1.079,4,1100
215134208,-1.037,0.793,0.732,0.046,0.044,1.037,4,1100
215135694,-0.854,1.280,0.488,0.060,0.036,1.046,4,1100
215136208,-0.732,1.829,0.244,0.042,0.059,1.027,4,1100
215137694,-0.732,2.500,-0.061,-0.065,0.030,1.022,4,1100
215138208,-0.732,2.500,-0.061,-0.065,0.030,1.022,4,1100
215139694,-1.098,1.159,0.366,-0.049,-0.003,1.050,4,1100
215140208,-1.037,0.671,0.793,-0.017,0.032,1.047,4,1100
215141694,-1.037,0.610,0.854,0.028,0.031,1.049,4,1100
215142208,-0.915,0.915,0.549,0.057,0.027,1.059,4,1100
215143694,-0.793,2.012,0.122,0.035,0.044,1.039,4,1100
215144208,-0.793,2.012,0.122,0.035,0.044,1.039,4,1100
215145694,-0.915,2.195,0.122,-0.054,0.016,1.022,4,1100
215146208,-0.976,1.768,0.244,-0.054,0.016,1.022,4,1100
215147694,-1.098,0.976,0.305,-0.041,0.005,1.034,4,1100
215148211,-0.915,0.610,0.366,-0.001,0.033,1.052,4,1100
215149694,-0.793,0.793,0.488,0.037,0.025,1.043,4,1100
215150208,-0.793,0.793,0.488,0.034,0.031,1.066,4,1100
215151694,-0.976,1.829,0.488,0.037,0.047,1.029,4,1100
215152211,-0.976,1.829,0.488,0.037,0.047,1.029,4,1100
215153694,-1.159,2.378,0.000,-0.054,0.015,1.016,4,1100
215154208,-1.341,1.707,0.061,-0.065,0.001,1.031,4,1100
215155694,-1.220,1.220,0.427,-0.031,0.004,1.036,4,1100
215156207,-0.976,0.793,0.671,-0.012,0.023,1.055,4,1100
215157694,-0.915,1.220,0.427,0.055,0.037,1.052,4,1100
215158208,-0.915,1.220,0.427,0.055,0.037,1.052,4,1100
215159694,-0.671,2.073,-0.061,0.018,0.033,1.017,4,1100
215160208,-0.793,2.256,0.000,-0.015,0.043,1.038,4,1100
215161694,-0.854,2.317,-0.122,-0.067,0.027,1.018,4,1100
215162208,-0.976,1.707,0.244,-0.062,-0.009,1.036,4,1100
215163694,-0.915,0.427,0.854,-0.031,0.016,1.051,4,1100
215164208,-0.915,0.427,0.854,0.021,0.032,1.039,4,1100
215165694,-0.671,1.159,0.427,0.054,0.038,1.040,4,1100
215166208,-0.671,1.159,0.427,0.054,0.038,1.040,4,1100
215167694,-0.549,2.500,0.000,0.004,0.047,1.011,4,1100
215168208,-0.793,2.439,0.061,-0.022,0.041,1.027,4,1100
215169694,-1.220,2.378,0.183,-0.073,0.011,1.021,4,1100
215170208,-1.220,1.585,0.305,-0.053,0.003,1.035,4,1100
215171694,-0.976,0.732,0.610,0.011,0.030,1.056,4,1100
215172208,-0.976,0.732,0.610,0.011,0.030,1.056,4,1100
215173694,-0.915,1.220,0.244,0.059,0.040,1.033,4,1100
215174211,-0.793,1.768,0.305,0.039,0.049,1.028,4,1100
215175694,-0.915,2.439,0.305,0.003,0.050,1.035,4,1100
215176208,-0.976,2.439,0.000,-0.016,0.046,1.013,4,1100
215177694,-1.098,1.524,0.305,-0.067,0.006,1.041,4,1100
215178211,-1.098,1.524,0.305,-0.067,0.006,1.041,4,1100
215179694,-0.854,0.488,0.793,0.019,0.039,1.065,4,1100
215180208,-0.732,1.037,0.610,0.019,0.039,1.065,4,1100
215181694,-0.671,1.341,0.488,0.056,0.045,1.050,4,1100
215182208,-0.671,1.829,0.244,0.054,0.042,1.024,4,1100
215183694,-0.915,2.256,0.122,0.003,0.061,1.029,4,1100
215184207,-0.915,2.256,0.122,-0.045,0.023,1.021,4,1100
215185694,-1.280,1.280,0.488,-0.047,0.010,1.051,4,1100
215186208,-1.280,1.280,0.488,-0.047,0.010,1.051,4,1100
215187694,-1.463,0.915,0.854,0.032,0.031,1.066,4,1100
215188208,-1.463,0.976,0.854,0.051,0.027,1.040,4,1100
215189694,-1.159,1.585,0.427,0.065,0.047,1.038,4,1100
215190208,-0.915,2.195,0.122,0.033,0.037,1.036,4,1100
215191694,-0.671,2.317,-0.061,-0.034,0.029,1.025,4,1100
215192208,-0.671,2.317,-0.061,-0.034,0.029,1.025,4,1100
215193694,-1.220,1.159,0.244,-0.043,0.021,1.059,4,1100
215194208,-1.220,0.610,0.488,-0.001,0.014,1.062,4,1100
215195697,-1.037,0.610,0.915,0.021,0.033,1.033,4,1100
215196218,-0.915,1.037,0.610,0.053,0.033,1.068,4,1100
215197701,-0.366,2.012,0.000,0.047,0.031,1.015,4,1100
215198217,-0.366,2.012,0.000,0.021,0.059,1.044,4,1100
215199694,-0.610,1.951,0.000,-0.063,0.032,1.020,4,1100
215200210,-0.610,1.951,0.000,-0.063,0.032,1.020,4,1100
215201694,-1.159,1.098,0.549,-0.057,0.010,1.042,4,1100
215202208,-1.341,0.671,0.671,0.007,0.025,1.070,4,1100
215203694,-0.976,0.732,0.610,0.032,0.026,1.046,4,1100
215204208,-0.671,0.915,0.427,0.037,0.055,1.061,4,1100
215205694,-0.732,2.073,0.122,0.015,0.062,1.014,4,1100
215206208,-0.732,2.073,0.122,0.015,0.062,1.014,4,1100
215207694,-1.159,2.134,0.122,-0.062,0.009,1.014,4,1100
215208207,-1.402,1.829,0.305,-0.074,0.015,1.043,4,1100
215209694,-1.280,1.220,0.854,-0.026,0.011,1.057,4,1100
215210208,-1.159,0.793,0.549,-0.000,0.033,1.042,4,1100
215211694,-0.976,1.220,0.732,0.051,0.043,1.038,4,1100
215212212,-0.976,1.220,0.732,0.051,0.043,1.038,4,1100
215213694,-0.793,1.768,0.061,0.021,0.041,1.020,4,1100
215214208,-1.037,2.073,0.244,0.021,0.041,1.020,4,1100
215215694,-1.159,2.195,0.183,-0.060,0.012,1.023,4,1100
215216208,-1.463,1.524,0.549,-0.056,0.007,1.026,4,1100
215217694,-0.976,0.549,0.610,-0.023,0.014,1.047,4,1100
215218208,-0.976,0.549,0.610,0.016,0.027,1.045,4,1100
215219694,-0.793,1.402,0.244,0.056,0.039,1.050,4,1100
215220208,-0.793,1.402,0.244,0.056,0.039,1.050,4,1100
215221694,-1.037,2.439,0.122,0.007,0.045,1.041,4,1100
215222211,-1.098,2.500,0.061,-0.032,0.041,1.005,4,1100
215223694,-1.220,2.012,0.122,-0.078,0.013,1.033,4,1100
215224208,-1.220,1.524,0.366,-0.058,0.000,1.044,4,1100
215225694,-1.524,0.427,0.915,0.020,0.027,1.075,4,1100
215226211,-1.524,0.427,0.915,0.020,0.027,1.075,4,1100
215227694,-0.976,1.159,0.549,0.071,0.042,1.048,4,1100
215228212,-0.976,1.707,0.122,0.039,0.046,1.020,4,1100
215229694,-1.037,2.256,0.183,0.012,0.050,1.029,4,1100
215230212,-1.037,2.317,0.000,-0.029,0.023,1.021,4,1100
215231694,-0.915,1.524,0.183,-0.086,0.004,1.030,4,1100
215232208,-0.915,1.524,0.183,-0.058,0.001,1.046,4,1100
215233700,-1.037,0.610,0.610,0.026,0.034,1.063,4,1100
215234224,-1.037,0.610,0.610,0.026,0.034,1.063,4,1100
215235696,-0.793,1.524,0.122,0.061,0.041,1.017,4,1100
215236214,-0.976,2.012,0.000,0.020,0.043,1.039,4,1100
215237694,-1.098,2.439,0.122,-0.008,0.038,1.021,4,1100
215238210,-1.037,2.195,0.000,-0.040,0.032,1.012,4,1100
215239694,-0.976,1.159,0.488,-0.035,0.004,1.042,4,1100
215240208,-0.976,1.159,0.488,-0.035,0.004,1.042,4,1100
215241694,-1.220,0.610,0.854,0.026,0.044,1.055,4,1100
215242208,-1.037,1.037,0.732,0.061,0.035,1.062,4,1100
215243697,-0.671,1.646,0.366,0.047,0.040,1.029,4,1100
215244217,-0.793,2.134,0.122,0.015,0.055,1.027,4,1100
215245701,-0.976,2.012,-0.061,-0.058,0.021,1.016,4,1100
215246223,-0.976,2.012,-0.061,-0.058,0.021,1.016,4,1100
215247694,-0.976,1.098,0.244,-0.048,-0.007,1.045,4,1100
215248208,-1.159,0.549,0.671,-0.048,-0.007,1.045,4,1100
215249694,-1.098,0.671,0.671,0.034,0.039,1.052,4,1100
215250208,-0.915,0.976,0.427,0.056,0.044,1.031,4,1100
215251694,-0.854,2.195,0.183,0.050,0.040,1.045,4,1100
215252211,-0.854,2.195,0.183,0.033,0.067,1.026,4,1100
215253694,-0.915,2.256,0.122,-0.063,0.021,1.004,4,1100
215254208,-0.915,2.256,0.122,-0.063,0.021,1.004,4,1100
215255694,-0.915,0.915,0.305,-0.036,0.007,1.059,4,1100
215256208,-1.098,0.427,0.732,0.013,0.042,1.056,4,1100
215257694,-1.159,0.427,0.732,0.052,0.036,1.063,4,1100
215258207,-1.159,1.159,0.427,0.046,0.044,1.052,4,1100
215259694,-0.854,2.256,0.427,0.003,0.059,1.025,4,1100
215260208,-0.854,2.256,0.427,0.003,0.059,1.025,4,1100
215261694,-1.098,1.951,0.183,-0.065,0.014,1.030,4,1100
215262208,-1.220,1.524,0.305,-0.062,0.004,1.047,4,1100
215263694,-1.524,0.915,0.488,-0.023,0.015,1.048,4,1100
215264208,-1.341,0.732,0.854,0.006,0.030,1.057,4,1100
215265694,-0.854,1.585,0.488,0.055,0.034,1.039,4,1100
215266208,-0.854,1.585,0.488,0.052,0.038,1.042,4,1100
215267694,-0.854,2.561,0.366,0.001,0.037,1.034,4,1100
215268208,-0.854,2.561,0.366,0.001,0.037,1.034,4,1100
215269701,-1.280,2.073,0.000,-0.070,0.012,1.040,4,1100
215270222,-1.098,1.402,0.061,-0.064,-0.002,1.047,4,1100
215271696,-1.037,0.976,0.244,-0.027,0.021,1.041,4,1100
215272217,-1.037,0.549,0.488,0.038,0.045,1.068,4,1100
215273694,-1.159,1.463,0.244,0.044,0.043,1.044,4,1100
215274212,-1.159,1.463,0.244,0.044,0.043,1.044,4,1100
215275694,-1.037,2.378,0.305,-0.006,0.050,1.007,4,1100
215276208,-1.098,2.134,0.122,-0.039,0.046,1.034,4,1100
215277694,-1.037,1.829,0.061,-0.056,-0.001,1.036,4,1100
215278208,-0.915,1.402,0.122,-0.066,0.004,1.054,4,1100
215279701,-1.098,0.549,0.915,0.025,0.034,1.042,4,1100
215280222,-1.098,0.549,0.915,0.025,0.034,1.042,4,1100
215281696,-0.793,1.463,0.061,0.041,0.035,1.024,4,1100
215282218,-0.976,2.195,0.000,0.041,0.035,1.024,4,1100
215283694,-0.976,2.317,0.000,-0.018,0.035,1.011,4,1100
215284210,-1.159,2.256,0.183,-0.062,0.035,1.033,4,1100
215285702,-1.098,1.098,0.549,-0.063,-0.000,1.034,4,1100
215286226,-1.098,1.098,0.549,-0.031,0.019,1.032,4,1100
215287697,-1.037,0.549,0.915,0.039,0.035,1.048,4,1100
215288217,-1.037,0.549,0.915,0.039,0.035,1.048,4,1100
215289695,-1.037,1.585,0.305,0.025,0.048,1.027,4,1100
215290214,-0.854,2.195,0.061,0.028,0.050,1.030,4,1100
215291694,-1.098,2.561,0.183,-0.012,0.026,1.020,4,1100
215292212,-0.976,2.378,0.122,-0.062,0.036,1.012,4,1100
215293701,-1.159,0.732,0.244,-0.038,0.007,1.037,4,1100
215294232,-1.159,0.732,0.244,-0.038,0.007,1.037,4,1100
215295697,-1.402,0.610,0.610,0.037,0.033,1.056,4,1100
215296216,-1.037,0.976,0.549,0.060,0.047,1.042,4,1100
215297695,-0.915,1.829,0.183,0.042,0.048,1.053,4,1100
215298209,-1.037,2.195,0.000,0.002,0.043,1.009,4,1100
215299694,-0.915,2.195,0.244,-0.005,0.052,1.052,4,1100
215300209,-0.915,2.195,0.244,-0.064,0.017,1.013,4,1100
215301694,-1.341,1.098,0.305,-0.026,0.012,1.053,4,1100
215302208,-1.341,1.098,0.305,-0.026,0.012,1.053,4,1100
215303694,-1.341,0.732,0.549,0.034,0.028,1.071,4,1100
215304208,-1.220,1.159,0.549,0.057,0.032,1.049,4,1100
215305694,-1.037,1.829,0.244,0.045,0.053,1.038,4,1100
215306208,-1.159,2.317,0.000,-0.003,0.052,1.026,4,1100
215307694,-1.159,1.890,-0.061,-0.057,0.010,1.017,4,1100
215308208,-1.159,1.890,-0.061,-0.057,0.010,1.017,4,1100
215309694,-1.159,0.671,0.488,-0.008,0.019,1.060,4,1100
215310208,-1.098,0.427,0.732,0.024,0.030,1.076,4,1100
215311694,-0.793,0.671,0.793,0.040,0.022,1.044,4,1100
215312208,-0.610,1.341,0.366,0.062,0.033,1.045,4,1100
215313694,-0.366,2.378,0.061,-0.001,0.051,1.035,4,1100
215314212,-0.366,2.378,0.061,-0.001,0.051,1.035,4,1100
215315694,-1.098,2.073,-0.122,-0.061,-0.002,1.028,4,1100
215316208,-1.098,1.524,0.244,-0.061,-0.002,1.028,4,1100
215317694,-1.098,1.159,0.549,-0.011,0.015,1.054,4,1100
215318208,-1.037,0.732,0.671,0.022,0.031,1.062,4,1100
215319694,-0.976,0.793,0.549,0.059,0.039,1.049,4,1100
215320208,-0.976,1.402,0.366,0.058,0.040,1.049,4,1100
215321694,-1.341,2.439,0.122,-0.014,0.035,1.020,4,1100
215322208,-1.341,2.439,0.122,-0.014,0.035,1.020,4,1100
215323694,-0.976,1.890,0.305,-0.062,0.006,1.025,4,1100
215324208,-0.854,0.976,0.366,-0.057,0.020,1.050,4,1100
215325694,-1.220,0.671,0.549,-0.003,0.006,1.049,4,1100
215326208,-1.220,0.732,0.732,0.018,0.031,1.056,4,1100
215327694,-0.915,1.463,0.427,0.052,0.047,1.035,4,1100
215328212,-0.915,1.463,0.427,0.052,0.047,1.035,4,1100
215329694,-0.854,2.317,0.122,-0.008,0.045,1.023,4,1100
215330208,-0.976,2.317,0.000,-0.008,0.045,1.023,4,1100
215331694,-1.098,1.951,0.122,-0.065,0.003,1.021,4,1100
215332208,-0.976,1.463,0.549,-0.054,0.006,1.028,4,1100
215333694,-1.037,0.976,0.732,-0.012,0.015,1.066,4,1100
215334208,-1.037,0.976,0.732,0.044,0.030,1.044,4,1100
215335694,-0.854,1.585,0.549,0.050,0.037,1.037,4,1100
215336208,-0.854,1.585,0.549,0.050,0.037,1.037,4,1100
215337694,-0.671,2.561,0.183,-0.024,0.052,1.016,4,1100
215338208,-1.098,2.561,0.122,-0.058,0.018,1.023,4,1100
215339694,-1.037,1.768,0.183,-0.058,-0.006,1.031,4,1100
215340211,-1.159,1.098,0.488,-0.036,0.023,1.055,4,1100
215341694,-1.098,0.793,0.793,0.027,0.043,1.057,4,1100
215342208,-1.098,0.793,0.793,0.027,0.043,1.057,4,1100
215343694,-0.671,1.707,0.671,0.042,0.053,1.039,4,1100
215344211,-0.976,2.134,0.305,0.036,0.042,1.024,4,1100
215345694,-1.098,2.195,0.183,-0.033,0.029,1.021,4,1100
215346208,-0.976,2.134,-0.122,-0.070,0.029,1.019,4,1100
215347694,-1.220,0.915,0.488,-0.032,0.015,1.054,4,1100
215348208,-1.220,0.915,0.488,-0.032,0.015,1.054,4,1100
215349694,-0.976,0.549,0.610,0.037,0.027,1.067,4,1100
215350208,-1.098,1.402,0.427,0.037,0.027,1.067,4,1100
215351694,-1.159,2.012,0.183,0.052,0.038,1.040,4,1100
215352208,-1.037,2.256,0.183,0.013,0.044,1.021,4,1100
215353694,-1.159,2.378,0.183,-0.026,0.036,1.024,4,1100
215354207,-1.280,2.012,0.305,-0.050,0.021,1.027,4,1100
215355694,-1.341,0.793,0.610,-0.033,0.008,1.047,4,1100
215356212,-1.341,0.793,0.610,-0.033,0.008,1.047,4,1100
215357694,-1.159,0.732,0.610,0.060,0.042,1.062,4,1100
215358207,-0.915,1.220,0.671,0.048,0.037,1.043,4,1100
215359702,-0.854,1.890,0.366,0.038,0.035,1.023,4,1100
215360234,-0.915,2.500,0.122,0.020,0.047,1.039,4,1100
215361697,-1.037,2.134,0.000,-0.077,0.008,1.036,4,1100
215362216,-1.037,2.134,0.000,-0.077,0.008,1.036,4,1100
215363694,-1.341,0.915,0.732,-0.015,0.025,1.039,4,1100
215364208,-1.220,0.549,0.732,-0.015,0.025,1.039,4,1100
215365694,-1.159,0.793,0.366,0.049,0.034,1.055,4,1100
215366208,-0.976,1.159,0.427,0.064,0.038,1.050,4,1100
215367694,-0.976,2.317,0.305,0.024,0.052,1.011,4,1100
215368208,-0.976,2.317,0.305,0.008,0.041,1.030,4,1100
215369694,-1.159,2.195,0.122,-0.060,0.010,1.033,4,1100
215370208,-1.159,2.195,0.122,-0.060,0.010,1.033,4,1100
215371694,-0.915,1.098,0.793,-0.013,0.026,1.048,4,1100
215372208,-1.037,0.671,0.915,0.039,0.038,1.066,4,1100
215373694,-0.976,1.037,0.915,0.041,0.031,1.038,4,1100
215374208,-1.037,1.768,0.610,0.037,0.037,1.035,4,1100
215375694,-0.854,2.317,0.000,-0.001,0.043,1.020,4,1100
215376208,-0.854,2.317,0.000,-0.001,0.043,1.020,4,1100
215377694,-1.037,1.829,0.061,-0.068,0.005,1.016,4,1100
215378208,-0.854,1.159,0.427,-0.046,0.002,1.036,4,1100
215379694,-1.098,0.732,0.732,-0.004,0.022,1.063,4,1100
215380208,-1.098,0.610,0.732,0.032,0.028,1.050,4,1100
215381694,-0.732,1.341,0.183,0.044,0.043,1.025,4,1100
215382208,-0.732,1.341,0.183,0.044,0.043,1.025,4,1100
215383694,-0.671,2.439,0.122,-0.020,0.039,1.018,4,1100
215384208,-0.915,2.378,0.183,-0.020,0.039,1.018,4,1100
215385694,-1.159,1.768,0.122,-0.053,0.017,1.022,4,1100
215386208,-1.402,0.976,0.549,-0.032,0.007,1.034,4,1100
215387694,-1.280,0.366,0.732,-0.026,0.019,1.063,4,1100
215388208,-1.159,0.549,0.610,0.050,0.040,1.049,4,1100
215389694,-0.976,1.890,0.244,0.031,0.047,1.048,4,1100
215390208,-0.976,1.890,0.244,0.031,0.047,1.048,4,1100
215391694,-1.159,2.378,0.061,-0.023,0.046,1.030,4,1100
215392208,-1.037,2.256,0.183,-0.056,0.019,1.020,4,1100
215393694,-0.854,1.646,0.122,-0.074,-0.000,1.030,4,1100
215394208,-1.159,0.976,0.488,-0.028,0.014,1.051,4,1100
215395694,-0.976,0.427,0.915,0.043,0.028,1.053,4,1100
215396206,-0.976,0.427,0.915,0.043,0.028,1.053,4,1100
215397694,-0.671,1.585,0.244,0.044,0.049,1.047,4,1100
215398208,-0.976,2.195,0.000,0.044,0.049,1.047,4,1100
215399694,-1.098,2.378,0.305,-0.020,0.045,1.025,4,1100
215400208,-0.976,2.073,0.305,-0.072,0.015,1.012,4,1100
215401694,-1.341,0.976,0.549,-0.069,0.006,1.044,4,1100
215402207,-1.341,0.976,0.549,-0.027,0.008,1.067,4,1100
215403694,-1.341,0.854,0.610,0.039,0.041,1.063,4,1100
215404208,-1.341,0.854,0.610,0.039,0.041,1.063,4,1100
215405694,-0.854,1.829,0.244,0.045,0.047,1.032,4,1100
215406208,-1.037,2.195,0.183,0.010,0.041,1.029,4,1100
215407694,-1.159,2.561,0.061,-0.035,0.036,0.999,4,1100
215408208,-1.280,2.012,0.122,-0.071,0.008,1.022,4,1100
215409694,-1.159,0.732,0.610,-0.022,0.019,1.041,4,1100
215410208,-1.159,0.732,0.610,-0.022,0.019,1.041,4,1100
215411694,-0.915,0.732,0.671,0.046,0.026,1.063,4,1100
215412208,-0.854,1.220,0.488,0.047,0.039,1.054,4,1100
215413694,-0.793,1.829,0.549,0.039,0.049,1.022,4,1100
215414212,-0.732,2.378,0.122,0.007,0.049,1.033,4,1100
215415694,-1.524,1.768,-0.061,-0.059,0.019,1.025,4,1100
215416208,-1.524,1.768,-0.061,-0.059,0.019,1.025,4,1100
215417694,-1.463,1.037,0.427,-0.021,0.030,1.033,4,1100
215418211,-0.732,0.549,0.732,-0.021,0.030,1.033,4,1100
215419694,-0.671,0.793,0.671,0.055,0.042,1.050,4,1100
215420208,-0.976,1.220,0.366,0.059,0.040,1.050,4,1100
215421694,-0.976,1.951,0.244,0.023,0.043,1.012,4,1100
215422208,-0.732,2.500,-0.183,0.004,0.042,1.024,4,1100
215423694,-0.854,1.890,0.061,-0.079,0.021,1.030,4,1100
215424208,-0.854,1.890,0.061,-0.079,0.021,1.030,4,1100
215425694,-0.854,0.732,0.549,-0.036,0.021,1.046,4,1100
215426212,-1.159,0.610,0.488,0.029,0.033,1.068,4,1100
215427694,-0.976,0.915,0.427,0.056,0.021,1.069,4,1100
215428211,-1.159,1.402,0.366,0.048,0.046,1.025,4,1100
215429694,-0.976,2.622,-0.061,-0.007,0.041,1.008,4,1100
215430208,-0.976,2.622,-0.061,-0.007,0.041,1.008,4,1100
215431694,-1.402,2.012,0.000,-0.066,0.008,1.031,4,1100
215432208,-1.463,1.159,0.122,-0.066,0.008,1.031,4,1100
215433694,-1.341,0.854,0.244,-0.006,0.017,1.064,4,1100
215434208,-1.341,0.793,0.610,0.020,0.036,1.056,4,1100
215435694,-0.793,1.646,0.488,0.056,0.032,1.060,4,1100
215436208,-0.793,1.646,0.488,0.043,0.062,1.034,4,1100
215437694,-0.976,2.378,0.244,-0.007,0.043,1.028,4,1100
215438208,-0.976,2.378,0.244,-0.007,0.043,1.028,4,1100
215439694,-1.098,1.585,0.366,-0.072,0.004,1.029,4,1100
215440212,-1.220,0.854,0.610,-0.029,0.020,1.047,4,1100
215441694,-1.402,0.549,0.915,-0.010,0.029,1.067,4,1100
215442208,-1.280,0.549,0.793,0.036,0.028,1.057,4,1100
215443694,-0.976,1.341,0.366,0.049,0.046,1.045,4,1100
215444211,-0.976,1.341,0.366,0.049,0.046,1.045,4,1100
215445694,-1.098,2.195,0.122,-0.016,0.039,1.031,4,1100
215446208,-1.280,2.012,0.000,-0.066,0.017,1.021,4,1100
215447694,-1.280,1.402,0.366,-0.067,0.014,1.027,4,1100
215448208,-1.220,0.732,0.549,-0.021,0.021,1.060,4,1100
215449694,-1.098,0.610,0.488,0.032,0.024,1.064,4,1100
215450208,-1.098,0.610,0.488,0.032,0.024,1.064,4,1100
215451694,-1.280,1.951,0.122,0.044,0.061,1.035,4,1100
215452208,-1.098,2.073,0.244,0.044,0.061,1.035,4,1100
215453694,-1.098,2.134,0.000,-0.039,0.024,1.024,4,1100
215454208,-1.098,1.951,-0.061,-0.068,0.008,1.023,4,1100
215455694,-0.915,1.463,0.366,-0.055,0.008,1.027,4,1100
215456208,-0.793,0.793,0.427,-0.022,0.014,1.059,4,1100
215457694,-0.915,0.915,0.488,0.042,0.041,1.034,4,1100
215458208,-0.915,0.915,0.488,0.042,0.041,1.034,4,1100
215459694,-0.976,1.829,0.427,0.031,0.056,1.034,4,1100
215460207,-1.037,2.073,0.122,0.006,0.050,1.031,4,1100
215461694,-0.976,2.256,-0.061,-0.050,0.028,1.004,4,1100
215462203,-1.159,1.890,-0.061,-0.060,0.013,1.031,4,1100
215463694,-1.037,1.037,0.488,-0.026,0.020,1.042,4,1100
215464212,-1.037,1.037,0.488,-0.026,0.020,1.042,4,1100
215465694,-0.854,1.037,0.671,0.044,0.036,1.036,4,1100
215466211,-0.915,1.341,0.305,0.044,0.036,1.036,4,1100
215467694,-0.854,1.951,0.122,0.038,0.043,1.032,4,1100
215468212,-0.793,2.256,0.305,0.007,0.051,1.018,4,1100
215469694,-1.159,1.890,0.244,-0.051,0.032,1.018,4,1100
215470208,-1.159,1.890,0.244,-0.069,0.004,1.030,4,1100
215471694,-1.341,0.732,0.671,-0.002,0.031,1.036,4,1100
215472208,-1.341,0.732,0.671,-0.002,0.031,1.036,4,1100
215473694,-1.220,0.854,0.793,0.051,0.033,1.049,4,1100
215474208,-1.220,1.402,0.366,0.053,0.038,1.036,4,1100
215475694,-1.037,2.073,0.122,0.023,0.045,1.050,4,1100
215476208,-1.220,2.561,0.061,-0.002,0.047,1.015,4,1100
215477694,-1.463,1.829,0.366,-0.074,0.011,1.034,4,1100
215478208,-1.463,1.829,0.366,-0.074,0.011,1.034,4,1100
215479694,-1.220,0.610,0.732,-0.016,0.026,1.049,4,1100
215480208,-1.159,0.488,0.610,0.031,0.025,1.041,4,1100
215481694,-0.976,0.976,0.305,0.055,0.025,1.056,4,1100
215482208,-0.854,1.585,0.244,0.045,0.044,1.027,4,1100
215483694,-0.915,2.378,0.183,-0.015,0.052,1.016,4,1100
215484208,-0.915,2.378,0.183,-0.015,0.052,1.016,4,1100
215485694,-1.159,1.402,0.305,-0.064,-0.000,1.039,4,1100
215486208,-1.098,0.732,0.427,-0.064,-0.000,1.039,4,1100
215487694,-1.098,0.610,0.793,0.001,0.029,1.056,4,1100
215488211,-0.976,0.732,0.732,0.036,0.033,1.051,4,1100
215489701,-1.098,1.280,0.366,0.042,0.029,1.054,4,1100
215490219,-0.793,1.646,0.305,0.044,0.042,1.043,4,1100
215491696,-1.098,2.439,0.061,-0.020,0.042,1.043,4,1100
215492210,-1.098,2.439,0.061,-0.020,0.042,1.043,4,1100
215493694,-1.280,1.829,0.183,-0.058,0.002,1.027,4,1100
215494208,-1.220,1.220,0.427,-0.033,0.008,1.044,4,1100
215495694,-1.159,0.854,0.671,0.014,0.029,1.047,4,1100
215496208,-1.159,0.793,0.793,0.039,0.028,1.056,4,1100
215497694,-0.671,1.768,0.122,0.042,0.040,1.042,4,1100
215498207,-0.671,1.768,0.122,0.042,0.040,1.042,4,1100
215499694,-0.976,2.317,0.183,-0.030,0.040,1.033,4,1100
215500212,-1.159,1.951,0.183,-0.030,0.040,1.033,4,1100
215501694,-1.341,1.402,0.366,-0.044,0.000,1.027,4,1100
215502211,-1.220,0.854,0.610,-0.037,0.008,1.062,4,1100
215503694,-1.098,0.854,0.793,0.012,0.035,1.049,4,1100
215504208,-1.098,0.854,0.793,0.053,0.027,1.056,4,1100
215505694,-0.732,1.890,0.183,0.041,0.039,1.029,4,1100
215506208,-0.732,1.890,0.183,0.041,0.039,1.029,4,1100
215507694,-0.732,2.622,0.122,-0.046,0.027,1.016,4,1100
215508208,-0.732,2.439,0.122,-0.075,0.011,1.031,4,1100
215509694,-1.037,1.646,0.427,-0.059,0.015,1.033,4,1100
215510208,-1.463,0.915,0.793,-0.023,0.012,1.037,4,1100
215511694,-0.915,0.915,0.549,0.048,0.023,1.032,4,1100
215512208,-0.915,0.915,0.549,0.048,0.023,1.032,4,1100
215513694,-0.793,2.012,0.122,0.043,0.042,1.030,4,1100
215514211,-0.915,2.317,-0.122,0.007,0.048,1.035,4,1100
215515694,-0.915,2.378,-0.061,-0.039,0.029,1.011,4,1100
215516208,-1.159,1.829,0.000,-0.066,0.002,1.026,4,1100
215517694,-1.159,0.976,0.854,-0.008,0.013,1.054,4,1100
215518210,-1.159,0.976,0.854,-0.008,0.013,1.054,4,1100
215519694,-0.976,0.854,0.793,0.040,0.032,1.052,4,1100
215520208,-1.037,1.341,0.427,0.040,0.032,1.052,4,1100
215521694,-0.915,2.256,0.732,0.039,0.056,1.035,4,1100
215522208,-0.976,2.561,0.427,-0.015,0.035,1.005,4,1100
215523694,-0.915,2.378,0.122,-0.047,0.042,1.021,4,1100
215524208,-0.915,2.012,0.000,-0.066,0.002,1.010,4,1100
215525694,-1.159,0.854,0.732,-0.002,0.020,1.065,4,1100
215526211,-1.159,0.854,0.732,-0.002,0.020,1.065,4,1100
215527694,-1.037,1.098,0.549,0.047,0.026,1.066,4,1100
215528208,-0.976,1.646,0.488,0.061,0.045,1.031,4,1100
215529694,-0.976,2.317,0.244,0.028,0.048,1.044,4,1100
215530208,-0.976,2.622,0.122,-0.029,0.045,1.018,4,1100
215531694,-1.280,1.829,0.244,-0.052,0.004,1.019,4,1100
215532208,-1.280,1.829,0.244,-0.052,0.004,1.019,4,1100
215533694,-0.732,0.732,0.732,-0.010,-0.001,1.063,4,1100
215534208,-1.098,0.732,0.793,-0.010,-0.001,1.063,4,1100
215535701,-1.220,0.976,0.549,0.056,0.029,1.051,4,1100
215536228,-1.159,1.585,0.366,0.048,0.060,1.047,4,1100
215537696,-0.732,2.195,0.061,0.027,0.035,1.024,4,1100
215538210,-0.732,2.195,0.061,-0.032,0.035,1.029,4,1100
215539694,-0.732,1.646,0.000,-0.055,0.000,1.026,4,1100
215540211,-0.732,1.646,0.000,-0.055,0.000,1.026,4,1100
215541694,-1.098,0.488,0.793,0.008,0.014,1.043,4,1100
215542210,-1.220,0.732,0.793,0.031,0.028,1.053,4,1100
215543694,-1.037,1.402,0.610,0.062,0.048,1.036,4,1100
215544207,-0.915,1.829,0.183,0.043,0.047,1.055,4,1100
215545694,-0.610,2.378,0.061,-0.028,0.029,1.032,4,1100
215546211,-0.610,2.378,0.061,-0.028,0.029,1.032,4,1100
215547694,-1.037,1.646,0.061,-0.060,0.002,1.030,4,1100
215548208,-1.159,0.793,0.366,-0.028,0.009,1.052,4,1100
215549694,-1.280,0.549,0.915,0.021,0.023,1.042,4,1100
215550208,-1.037,0.732,0.671,0.058,0.038,1.067,4,1100
215551694,-0.793,1.646,0.061,0.043,0.043,1.031,4,1100
215552208,-0.793,1.646,0.061,0.043,0.043,1.031,4,1100
215553694,-0.854,2.317,0.061,-0.032,0.041,1.017,4,1100
215554208,-0.854,2.317,0.061,-0.032,0.041,1.017,4,1100
215555694,-1.280,1.463,0.244,-0.061,0.008,1.042,4,1100
215556208,-0.976,0.793,0.427,-0.012,0.018,1.037,4,1100
215557694,-1.220,0.671,0.732,-0.003,0.038,1.059,4,1100
215558211,-1.402,0.671,0.549,0.062,0.044,1.062,4,1100
215559702,-0.976,1.768,0.366,0.019,0.042,1.008,4,1100
215560226,-0.976,1.768,0.366,0.019,0.042,1.008,4,1100
215561697,-1.098,2.439,0.122,-0.040,0.036,1.020,4,1100
215562216,-1.037,1.707,0.000,-0.078,0.005,1.037,4,1100
215563694,-1.159,1.341,0.244,-0.053,0.000,1.044,4,1100
215564215,-1.037,0.793,0.732,-0.003,0.019,1.023,4,1100
215565694,-0.854,0.915,0.793,0.044,0.031,1.043,4,1100
215566207,-0.854,0.915,0.793,0.044,0.031,1.043,4,1100
215567694,-0.915,1.890,0.244,0.026,0.058,1.035,4,1100
215568208,-0.915,2.256,0.244,0.026,0.058,1.035,4,1100
215569694,-1.341,2.134,-0.122,-0.051,0.026,1.030,4,1100
215570208,-1.524,1.768,-0.061,-0.062,0.009,1.034,4,1100
215571694,-1.402,0.488,0.732,-0.042,0.005,1.033,4,1100
215572208,-1.402,0.488,0.732,-0.018,0.016,1.059,4,1100
215573694,-0.915,0.793,0.366,0.063,0.046,1.066,4,1100
215574208,-0.915,0.793,0.366,0.063,0.046,1.066,4,1100
215575694,-0.976,1.951,-0.122,0.017,0.052,1.042,4,1100
215576208,-0.793,2.256,-0.122,0.006,0.036,1.015,4,1100
215577694,-0.976,2.256,-0.183,-0.062,0.032,1.027,4,1100
215578208,-1.098,1.585,0.122,-0.061,0.004,1.032,4,1100
215579223,-1.402,0.793,0.305,-0.043,0.008,1.051,4,1100
215580697,-0.976,0.793,0.915,0.034,0.033,1.044,4,1100
215581202,-0.976,0.793,0.915,0.034,0.033,1.044,4,1100
215582694,-0.854,1.585,0.366,0.045,0.023,1.023,4,1100
215583208,-1.098,2.073,-0.183,0.018,0.060,1.015,4,1100
215584694,-1.280,2.256,-0.122,-0.008,0.043,1.037,4,1100
215585208,-1.402,2.256,-0.122,-0.069,0.025,1.013,4,1100
215586694,-0.915,0.854,0.427,-0.023,0.010,1.056,4,1100
215587207,-0.915,0.854,0.427,-0.023,0.010,1.056,4,1100
215588694,-0.915,0.610,0.793,0.028,0.029,1.056,4,1100
215589208,-0.793,1.220,0.488,0.064,0.037,1.032,4,1100
215590694,-0.854,1.707,0.122,0.049,0.045,1.051,4,1100
215591208,-0.854,2.500,-0.061,0.004,0.046,1.017,4,1100
215592694,-0.976,2.317,-0.122,-0.054,0.011,1.021,4,1100
215593208,-0.976,2.317,-0.122,-0.054,0.011,1.021,4,1100
215594694,-1.402,0.671,0.610,-0.015,0.018,1.052,4,1100
215595208,-1.280,0.427,0.610,-0.015,0.018,1.052,4,1100
215596694,-1.280,0.610,0.854,0.029,0.035,1.054,4,1100
215597211,-1.098,1.341,0.793,0.060,0.039,1.039,4,1100
215598694,-1.037,2.378,0.061,0.035,0.053,1.039,4,1100
215599212,-1.037,2.378,0.061,0.011,0.051,1.038,4,1100
215600694,-1.098,1.951,0.122,-0.070,0.002,1.025,4,1100
215601211,-1.098,1.951,0.122,-0.070,0.002,1.025,4,1100
215602694,-1.280,1.220,0.549,-0.034,0.018,1.035,4,1100
215603208,-0.793,0.793,0.671,0.025,0.035,1.069,4,1100
215604694,-0.793,0.854,0.549,0.045,0.040,1.045,4,1100
215605207,-0.976,1.463,0.366,0.055,0.042,1.069,4,1100
215606694,-0.976,2.378,0.122,-0.001,0.060,1.036,4,1100
215607208,-0.976,2.378,0.122,-0.001,0.060,1.036,4,1100
215608694,-0.671,2.012,0.244,-0.067,0.020,1.016,4,1100
215609208,-0.976,1.524,0.366,-0.054,0.005,1.050,4,1100
215610694,-1.037,0.915,0.671,-0.011,0.022,1.036,4,1100
215611211,-1.280,0.732,0.549,0.021,0.017,1.065,4,1100
215612694,-0.976,1.463,0.244,0.048,0.035,1.044,4,1100
215613208,-0.976,1.463,0.244,0.061,0.048,1.049,4,1100
215614694,-1.159,2.561,-0.122,-0.015,0.044,1.016,4,1100
215615211,-1.159,2.561,-0.122,-0.015,0.044,1.016,4,1100
215616694,-0.915,1.768,-0.366,-0.057,0.009,1.025,4,1100
215617208,-1.159,1.220,0.000,-0.056,0.000,1.044,4,1100
215618694,-1.098,1.037,0.305,-0.012,0.016,1.044,4,1100
215619210,-1.037,0.793,0.610,0.039,0.034,1.062,4,1100
215620694,-0.915,1.341,0.183,0.051,0.041,1.021,4,1100
215621208,-0.915,1.341,0.183,0.051,0.041,1.021,4,1100
215622694,-0.854,2.500,0.122,-0.013,0.033,1.019,4,1100
215623211,-1.037,2.195,0.305,-0.062,0.019,1.023,4,1100
215624694,-1.341,1.646,0.366,-0.065,0.001,1.029,4,1100
215625208,-1.463,0.976,0.427,-0.042,0.008,1.020,4,1100
215626694,-1.159,0.671,0.732,0.043,0.029,1.054,4,1100
215627212,-1.159,0.671,0.732,0.043,0.029,1.054,4,1100
215628694,-0.732,1.463,0.305,0.044,0.037,1.039,4,1100
215629211,-0.854,1.951,0.000,0.044,0.037,1.039,4,1100
215630694,-0.671,2.134,0.305,-0.020,0.039,1.033,4,1100
215631208,-0.793,2.256,0.122,-0.065,0.015,1.013,4,1100
215632694,-0.671,0.915,0.427,-0.064,0.015,1.027,4,1100
215633208,-0.671,0.915,0.427,-0.035,0.001,1.043,4,1100
215634700,-1.159,0.793,0.915,0.033,0.033,1.073,4,1100
215635222,-1.159,0.793,0.915,0.033,0.033,1.073,4,1100
215636696,-0.488,1.524,0.549,0.040,0.055,1.047,4,1100
215637215,-0.732,2.256,0.366,0.023,0.043,1.012,4,1100
215638694,-1.037,2.561,0.244,-0.031,0.045,1.030,4,1100
215639210,-1.037,2.256,0.122,-0.059,0.006,1.013,4,1100
215640694,-1.037,0.976,0.488,-0.033,0.008,1.055,4,1100
215641208,-1.037,0.976,0.488,-0.033,0.008,1.055,4,1100
215642694,-1.159,0.671,0.732,0.042,0.032,1.062,4,1100
215643207,-0.976,1.098,0.549,0.051,0.034,1.044,4,1100
215644694,-0.915,1.646,0.366,0.051,0.063,1.049,4,1100
215645211,-0.732,2.195,0.244,0.012,0.038,1.026,4,1100
215646694,-1.037,2.073,0.244,-0.041,0.045,1.010,4,1100
215647208,-1.037,2.073,0.244,-0.052,0.012,1.038,4,1100
215648694,-1.159,0.915,0.427,-0.021,0.021,1.043,4,1100
215649211,-1.159,0.915,0.427,-0.021,0.021,1.043,4,1100
215650694,-1.037,0.976,0.549,0.044,0.043,1.042,4,1100
215651208,-0.671,1.341,0.427,0.061,0.037,1.055,4,1100
215652694,-0.732,2.012,0.488,0.041,0.044,1.026,4,1100
215653208,-0.610,2.378,0.427,0.006,0.043,1.041,4,1100
215654694,-1.037,2.195,0.061,-0.065,0.017,1.020,4,1100
215655208,-1.037,2.195,0.061,-0.065,0.017,1.020,4,1100
215656694,-0.976,0.854,0.427,-0.017,0.030,1.040,4,1100
215657208,-1.098,0.610,0.671,0.032,0.030,1.062,4,1100
215658697,-1.098,0.732,0.671,0.049,0.043,1.045,4,1100
215659218,-0.915,1.402,0.427,0.038,0.038,1.026,4,1100
215660701,-0.976,2.500,0.122,0.000,0.048,1.017,4,1100
215661217,-0.976,2.500,0.122,0.000,0.048,1.017,4,1100
215662695,-1.220,1.890,0.244,-0.069,0.009,1.021,4,1100
215663212,-1.159,1.220,0.305,-0.069,0.009,1.021,4,1100
215664694,-1.220,0.610,0.793,-0.010,0.020,1.059,4,1100
215665212,-1.463,0.549,0.854,0.039,0.020,1.038,4,1100
215666694,-0.976,1.768,0.427,0.052,0.036,1.051,4,1100
215667208,-0.976,1.768,0.427,0.058,0.046,1.026,4,1100
215668694,-0.732,2.500,-0.183,-0.005,0.042,1.015,4,1100
215669208,-0.732,2.500,-0.183,-0.005,0.042,1.015,4,1100
215670694,-1.098,2.012,0.122,-0.059,-0.001,1.035,4,1100
215671211,-1.220,1.220,0.427,-0.046,0.007,1.032,4,1100
215672701,-1.463,0.854,0.732,0.000,0.026,1.069,4,1100
215673224,-1.220,0.610,0.671,0.048,0.024,1.048,4,1100
215674696,-0.976,1.402,0.610,0.054,0.047,1.036,4,1100
215675216,-0.976,1.402,0.610,0.054,0.047,1.036,4,1100
215676694,-0.976,2.317,0.000,-0.025,0.049,1.043,4,1100
215677212,-0.976,2.256,-0.122,-0.054,0.013,1.014,4,1100
215678694,-0.915,1.707,0.183,-0.071,-0.007,1.039,4,1100
215679208,-1.098,1.098,0.427,-0.030,0.014,1.051,4,1100
215680694,-1.098,0.610,0.793,0.009,0.025,1.035,4,1100
215681208,-1.098,0.610,0.793,0.026,0.025,1.062,4,1100
215682694,-0.976,1.768,0.122,0.041,0.037,1.043,4,1100
215683208,-0.976,1.768,0.122,0.041,0.037,1.043,4,1100
215684694,-0.915,2.439,0.000,-0.022,0.039,1.030,4,1100
215685208,-0.915,2.134,-0.061,-0.054,0.015,1.014,4,1100
215686694,-1.037,1.585,0.061,-0.060,-0.007,1.044,4,1100
215687207,-0.793,0.915,0.061,-0.040,0.000,1.052,4,1100
215688694,-1.037,0.793,0.549,0.053,0.036,1.070,4,1100
215689208,-1.037,0.793,0.549,0.053,0.036,1.070,4,1100
215690694,-1.220,1.829,0.244,0.048,0.049,1.030,4,1100
215691208,-0.976,2.378,0.000,0.006,0.042,1.021,4,1100
215692694,-1.037,2.561,0.183,-0.033,0.047,1.004,4,1100
215693207,-1.280,1.646,0.000,-0.037,0.020,1.030,4,1100
215694694,-0.915,0.915,0.549,-0.037,0.028,1.040,4,1100
215695208,-0.915,0.915,0.549,-0.037,0.028,1.040,4,1100
215696694,-0.793,0.976,0.671,0.060,0.049,1.048,4,1100
215697211,-0.793,1.098,0.244,0.060,0.049,1.048,4,1100
215698694,-0.793,1.829,-0.427,0.034,0.054,1.009,4,1100
215699208,-0.732,2.256,0.061,0.008,0.039,1.029,4,1100
215700694,-1.037,2.317,0.122,-0.052,0.040,1.017,4,1100
215701208,-1.220,2.134,0.061,-0.060,0.003,1.029,4,1100
215702694,-1.220,0.915,0.793,-0.014,0.014,1.048,4,1100
215703208,-1.220,0.915,0.793,-0.014,0.014,1.048,4,1100
215704694,-1.037,0.915,0.610,0.059,0.041,1.053,4,1100
215705208,-1.280,1.341,0.061,0.053,0.038,1.025,4,1100
215706694,-0.976,2.134,-0.122,0.020,0.047,1.033,4,1100
215707212,-1.098,2.439,0.244,-0.007,0.042,1.012,4,1100
215708694,-1.159,1.890,0.488,-0.062,0.014,1.031,4,1100
215709208,-1.159,1.890,0.488,-0.062,0.014,1.031,4,1100
215710224,-1.341,1.159,0.732,-0.044,0.001,1.045,4,1100
215711642,-1.037,0.183,0.915,0.041,0.023,1.051,4,1100
215712621,-1.037,0.732,0.732,0.041,0.039,1.057,4,1100
215713644,-0.793,1.402,0.305,0.058,0.047,1.029,4,1100
215714578,-0.732,2.073,0.244,0.027,0.048,1.036,4,1100
215715643,-1.098,2.134,0.061,-0.051,0.007,1.025,4,1100
215716574,-1.098,1.646,0.122,-0.063,0.011,1.022,4,1100
215717643,-1.220,1.098,0.427,-0.044,0.005,1.041,4,1100
215718574,-0.976,0.671,0.793,0.009,0.030,1.067,4,1100
215719644,-0.610,0.732,0.671,0.030,0.022,1.047,4,1100
215720570,-0.488,1.220,0.732,0.061,0.051,1.046,4,1100
215721643,-1.037,2.378,0.183,0.056,0.044,1.039,4,1100
215722570,-1.220,2.378,0.061,-0.025,0.038,1.032,4,1100
215723643,-1.037,2.256,0.183,-0.069,0.026,1.009,4,1100
215724574,-1.220,1.585,0.122,-0.063,-0.002,1.037,4,1100
215725643,-1.220,0.732,0.427,-0.029,0.020,1.051,4,1100
215726582,-1.159,0.488,0.488,0.000,0.021,1.051,4,1100
215727644,-0.976,0.793,0.610,0.045,0.021,1.064,4,1100
215728574,-0.854,1.220,0.427,0.069,0.036,1.037,4,1100
215729643,-0.915,2.073,0.122,0.020,0.049,1.027,4,1100
215730578,-1.098,2.195,0.244,-0.011,0.042,1.034,4,1100
215731644,-1.098,2.195,0.244,-0.077,0.016,1.005,4,1100
215732578,-0.976,1.402,0.305,-0.050,0.017,1.037,4,1100
215733644,-1.159,0.610,0.488,-0.031,0.006,1.049,4,1100
215734570,-1.159,0.488,0.671,-0.009,0.023,1.041,4,1100
215735643,-0.671,1.280,0.244,0.063,0.041,1.037,4,1100
215736574,-0.610,2.073,0.122,0.042,0.061,1.046,4,1100
215737643,-0.793,2.561,-0.061,0.018,0.034,1.034,4,1100
215738570,-0.976,2.500,-0.061,-0.051,0.028,1.001,4,1100
215739643,-0.915,2.012,-0.305,-0.056,0.016,1.035,4,1100
215740574,-1.220,1.646,0.000,-0.070,-0.001,1.040,4,1100
215741643,-1.463,0.915,0.549,-0.014,0.021,1.042,4,1100
215742563,-1.098,0.610,0.488,0.023,0.010,1.059,4,1100
215743644,-1.159,1.098,0.427,0.065,0.030,1.062,4,1100
215744611,-0.854,1.890,0.366,0.033,0.047,1.020,4,1100
215745643,-0.732,2.195,0.061,0.015,0.045,1.033,4,1100
215746612,-0.671,2.378,0.061,-0.031,0.042,1.006,4,1100
215747642,-1.159,2.256,0.000,-0.063,0.003,1.027,4,1100
215748572,-1.402,1.098,0.122,-0.069,-0.003,1.044,4,1100
215749641,-1.159,0.793,0.488,0.029,0.028,1.068,4,1100
215750571,-0.915,0.915,0.610,0.042,0.027,1.050,4,1100
215751641,-0.793,1.463,0.305,0.046,0.037,1.035,4,1100
215752567,-0.793,2.073,0.061,0.038,0.045,1.047,4,1100
215753642,-1.098,2.561,0.061,-0.009,0.051,1.015,4,1100
215754570,-1.220,2.317,0.122,-0.055,0.028,1.026,4,1100
215755642,-1.341,1.037,0.427,-0.060,0.007,1.017,4,1100
215756567,-1.402,0.732,0.671,-0.048,0.006,1.031,4,1100
215757641,-1.341,0.549,0.610,0.042,0.027,1.048,4,1100
215758567,-1.159,0.732,0.366,0.040,0.030,1.067,4,1100
215759641,-0.915,1.402,0.244,0.046,0.038,1.029,4,1100
215760570,-0.793,1.890,0.305,0.029,0.054,1.033,4,1100
215761642,-0.854,2.195,0.061,0.000,0.050,1.011,4,1100
